video_file,track_id,vehicle_class,golongan_code,crossed_at_seconds,speed_kph
1_01_R_16082025070000.avi,2,car,2,1.409,33.0
1_01_R_16082025070000.avi,5,motorcycle,1,2.954,33.0
1_01_R_16082025070000.avi,9,car,2,4.045,30.5
1_01_R_16082025070000.avi,12,motorcycle,1,6.091,36.0
1_01_R_16082025070000.avi,14,motorcycle,1,7.909,30.5
1_01_R_16082025070000.avi,13,motorcycle,1,8.682,24.7
1_01_R_16082025070000.avi,18,motorcycle,1,10.182,24.7
1_01_R_16082025070000.avi,21,car,2,11.273,14.7
1_01_R_16082025070000.avi,19,motorcycle,1,12.046,30.5
1_01_R_16082025070000.avi,25,motorcycle,1,14.091,22.0
1_01_R_16082025070000.avi,26,motorcycle,1,14.818,4.7
1_01_R_16082025070000.avi,22,car,3,14.909,16.5
1_01_R_16082025070000.avi,33,motorcycle,1,16.727,4.7
1_01_R_16082025070000.avi,27,motorcycle,1,16.818,39.6
1_01_R_16082025070000.avi,37,car,2,18.773,30.5
1_01_R_16082025070000.avi,40,motorcycle,1,19.409,24.7
1_01_R_16082025070000.avi,39,motorcycle,1,20.727,30.5
1_01_R_16082025070000.avi,42,car,2,22.0,28.3
1_01_R_16082025070000.avi,44,motorcycle,1,22.727,24.7
1_01_R_16082025070000.avi,45,car,2,23.864,28.3
1_01_R_16082025070000.avi,43,motorcycle,1,24.454,28.3
1_01_R_16082025070000.avi,52,motorcycle,1,25.909,26.4
1_01_R_16082025070000.avi,47,motorcycle,1,26.818,4.7
1_01_R_16082025070000.avi,48,motorcycle,1,27.546,26.4
1_01_R_16082025070000.avi,54,motorcycle,1,28.046,4.7
1_01_R_16082025070000.avi,56,motorcycle,1,29.364,4.7
1_01_R_16082025070000.avi,59,motorcycle,1,30.227,4.7
1_01_R_16082025070000.avi,58,car,2,31.409,17.2
1_01_R_16082025070000.avi,63,motorcycle,1,31.909,4.7
1_01_R_16082025070000.avi,67,car,2,32.955,22.0
1_01_R_16082025070000.avi,68,motorcycle,1,33.0,4.7
1_01_R_16082025070000.avi,65,motorcycle,1,33.091,4.7
1_01_R_16082025070000.avi,73,motorcycle,1,33.909,4.7
1_01_R_16082025070000.avi,78,motorcycle,1,35.455,20.8
1_01_R_16082025070000.avi,76,car,3,36.045,18.9
1_01_R_16082025070000.avi,81,motorcycle,1,36.227,24.7
1_01_R_16082025070000.avi,77,car,2,36.409,24.7
1_01_R_16082025070000.avi,83,motorcycle,1,37.409,22.0
1_01_R_16082025070000.avi,80,motorcycle,1,38.136,4.7
1_01_R_16082025070000.avi,82,car,2,38.773,26.4
1_01_R_16082025070000.avi,84,car,2,41.0,22.0
1_01_R_16082025070000.avi,88,motorcycle,1,42.273,4.7
1_01_R_16082025070000.avi,87,car,2,42.955,19.8
1_01_R_16082025070000.avi,89,motorcycle,1,44.591,4.7
1_01_R_16082025070000.avi,90,car,2,44.591,24.7
1_01_R_16082025070000.avi,94,motorcycle,1,46.182,23.3
1_01_R_16082025070000.avi,91,car,2,46.773,19.8
1_01_R_16082025070000.avi,95,car,2,47.409,23.3
1_01_R_16082025070000.avi,97,truck,6,48.409,23.3
1_01_R_16082025070000.avi,99,motorcycle,1,50.545,23.3
1_01_R_16082025070000.avi,102,motorcycle,1,52.182,33.0
1_01_R_16082025070000.avi,101,car,3,53.045,19.8
1_01_R_16082025070000.avi,103,car,2,53.364,23.3
1_01_R_16082025070000.avi,109,motorcycle,1,55.0,24.7
1_01_R_16082025070000.avi,104,motorcycle,1,55.045,4.7
1_01_R_16082025070000.avi,105,motorcycle,1,56.045,4.7
1_01_R_16082025070000.avi,112,motorcycle,1,56.5,24.7
1_01_R_16082025070000.avi,110,motorcycle,1,56.818,4.7
1_01_R_16082025070000.avi,111,motorcycle,1,57.5,4.7
1_01_R_16082025070000.avi,113,motorcycle,1,59.091,4.7
1_01_R_16082025070000.avi,116,motorcycle,1,59.818,19.8
1_01_R_16082025070000.avi,114,motorcycle,1,60.0,4.7
1_01_R_16082025070000.avi,118,motorcycle,1,60.091,24.7
1_01_R_16082025070000.avi,119,car,2,61.591,24.7
1_01_R_16082025070000.avi,121,motorcycle,1,62.727,26.4
1_01_R_16082025070000.avi,122,motorcycle,1,64.273,4.7
1_01_R_16082025070000.avi,124,motorcycle,1,67.454,24.7
1_01_R_16082025070000.avi,126,car,2,68.273,30.5
1_01_R_16082025070000.avi,130,car,2,72.5,39.6
1_01_R_16082025070000.avi,128,car,2,72.636,24.8
1_01_R_16082025070000.avi,127,motorcycle,1,73.046,4.7
1_01_R_16082025070000.avi,134,motorcycle,1,73.318,36.0
1_01_R_16082025070000.avi,135,motorcycle,1,73.5,24.7
1_01_R_16082025070000.avi,131,motorcycle,1,74.182,4.7
1_01_R_16082025070000.avi,142,car,2,76.136,26.4
1_01_R_16082025070000.avi,136,motorcycle,1,76.454,4.7
1_01_R_16082025070000.avi,137,motorcycle,1,76.454,4.7
1_01_R_16082025070000.avi,139,motorcycle,1,76.636,4.7
1_01_R_16082025070000.avi,148,motorcycle,1,77.409,24.7
1_01_R_16082025070000.avi,141,motorcycle,1,77.682,4.7
1_01_R_16082025070000.avi,151,motorcycle,1,77.864,24.7
1_01_R_16082025070000.avi,152,motorcycle,1,81.136,30.5
1_01_R_16082025070000.avi,153,motorcycle,1,81.636,4.7
1_01_R_16082025070000.avi,154,motorcycle,1,82.5,33.0
1_01_R_16082025070000.avi,155,motorcycle,1,83.318,22.0
1_01_R_16082025070000.avi,158,motorcycle,1,85.227,20.8
1_01_R_16082025070000.avi,162,motorcycle,1,87.045,24.7
1_01_R_16082025070000.avi,159,car,2,87.727,28.3
1_01_R_16082025070000.avi,164,motorcycle,1,88.273,24.7
1_01_R_16082025070000.avi,168,motorcycle,1,90.636,28.3
1_01_R_16082025070000.avi,170,car,2,91.636,23.3
1_01_R_16082025070000.avi,174,car,3,93.409,23.3
1_01_R_16082025070000.avi,172,car,3,95.182,16.5
1_01_R_16082025070000.avi,181,truck,4,95.273,24.7
1_01_R_16082025070000.avi,183,car,2,96.364,23.3
1_01_R_16082025070000.avi,182,car,3,97.364,26.4
1_01_R_16082025070000.avi,189,motorcycle,1,97.909,30.5
1_01_R_16082025070000.avi,191,motorcycle,1,98.954,33.0
1_01_R_16082025070000.avi,190,car,2,99.182,23.3
1_01_R_16082025070000.avi,192,motorcycle,1,100.909,36.0
1_01_R_16082025070000.avi,195,motorcycle,1,102.773,28.3
1_01_R_16082025070000.avi,198,car,2,104.818,24.7
1_01_R_16082025070000.avi,199,car,2,106.454,24.7
1_01_R_16082025070000.avi,201,car,2,110.682,26.4
1_01_R_16082025070000.avi,202,motorcycle,1,111.682,22.0
1_01_R_16082025070000.avi,205,motorcycle,1,112.682,26.4
1_01_R_16082025070000.avi,206,car,2,114.818,33.0
1_01_R_16082025070000.avi,209,car,2,116.227,28.3
1_01_R_16082025070000.avi,210,motorcycle,1,117.818,28.3
1_01_R_16082025070000.avi,218,motorcycle,1,120.864,26.4
1_01_R_16082025070000.avi,219,car,2,122.091,28.3
1_01_R_16082025070000.avi,220,motorcycle,1,122.227,15.2
1_01_R_16082025070000.avi,227,motorcycle,1,123.091,24.7
1_01_R_16082025070000.avi,221,motorcycle,1,123.864,30.5
1_01_R_16082025070000.avi,229,motorcycle,1,124.5,30.5
1_01_R_16082025070000.avi,232,motorcycle,1,125.0,28.3
1_01_R_16082025070000.avi,236,motorcycle,1,127.0,24.7
1_01_R_16082025070000.avi,238,motorcycle,1,127.773,23.3
1_01_R_16082025070000.avi,241,car,2,132.182,28.3
1_01_R_16082025070000.avi,244,motorcycle,1,132.182,4.7
1_01_R_16082025070000.avi,249,car,2,132.818,24.7
1_01_R_16082025070000.avi,256,car,2,136.954,28.3
1_01_R_16082025070000.avi,258,motorcycle,1,138.136,24.7
1_01_R_16082025070000.avi,261,motorcycle,1,138.818,24.7
1_01_R_16082025070000.avi,262,motorcycle,1,139.636,24.7
1_01_R_16082025070000.avi,268,motorcycle,1,146.773,18.0
1_01_R_16082025070000.avi,277,motorcycle,1,148.318,24.7
1_01_R_16082025070000.avi,265,car,2,149.091,19.8
1_01_R_16082025070000.avi,270,motorcycle,1,149.318,4.7
1_01_R_16082025070000.avi,280,car,2,150.182,24.7
1_01_R_16082025070000.avi,278,motorcycle,1,150.818,4.7
1_01_R_16082025070000.avi,272,car,3,151.182,23.3
1_01_R_16082025070000.avi,287,motorcycle,1,152.909,24.7
1_01_R_16082025070000.avi,291,car,2,155.636,19.8
1_01_R_16082025070000.avi,292,motorcycle,1,156.0,24.7
1_01_R_16082025070000.avi,294,car,2,158.773,19.8
1_01_R_16082025070000.avi,295,motorcycle,1,158.864,24.7
1_01_R_16082025070000.avi,297,car,3,160.727,20.8
1_01_R_16082025070000.avi,299,car,2,162.318,20.8
1_01_R_16082025070000.avi,301,car,2,163.454,23.3
1_01_R_16082025070000.avi,302,car,2,164.636,22.0
1_01_R_16082025070000.avi,303,motorcycle,1,164.682,24.7
1_01_R_16082025070000.avi,304,motorcycle,1,165.136,33.0
1_01_R_16082025070000.avi,307,motorcycle,1,166.454,24.7
1_01_R_16082025070000.avi,306,car,2,166.682,23.3
1_01_R_16082025070000.avi,310,motorcycle,1,168.409,22.0
1_01_R_16082025070000.avi,308,motorcycle,1,168.454,12.4
1_01_R_16082025070000.avi,314,car,2,169.364,24.7
1_01_R_16082025070000.avi,313,motorcycle,1,169.636,4.7
1_01_R_16082025070000.avi,316,motorcycle,1,170.591,23.3
1_01_R_16082025070000.avi,321,motorcycle,1,172.0,22.0
1_01_R_16082025070000.avi,322,motorcycle,1,172.227,28.3
1_01_R_16082025070000.avi,317,motorcycle,1,173.182,4.7
1_01_R_16082025070000.avi,325,motorcycle,1,173.591,4.7
1_01_R_16082025070000.avi,327,car,2,173.773,24.7
1_01_R_16082025070000.avi,330,motorcycle,1,174.636,28.3
1_01_R_16082025070000.avi,329,motorcycle,1,175.773,4.7
1_01_R_16082025070000.avi,336,truck,6,176.227,26.4
1_01_R_16082025070000.avi,338,motorcycle,1,178.454,23.3
1_01_R_16082025070000.avi,323,car,2,179.5,4.7
1_01_R_16082025070000.avi,340,motorcycle,1,179.864,23.3
1_01_R_16082025070000.avi,339,motorcycle,1,180.409,28.3
1_01_R_16082025070000.avi,344,motorcycle,1,182.591,4.7
1_01_R_16082025070000.avi,345,car,3,182.818,30.5
1_01_R_16082025070000.avi,347,car,3,183.546,14.1
1_01_R_16082025070000.avi,349,motorcycle,1,185.5,4.7
1_01_R_16082025070000.avi,350,motorcycle,1,186.591,28.3
1_01_R_16082025070000.avi,356,motorcycle,1,190.0,18.9
1_01_R_16082025070000.avi,355,motorcycle,1,191.364,19.8
1_01_R_16082025070000.avi,361,truck,4,193.682,19.8
1_01_R_16082025070000.avi,363,car,3,194.409,20.8
1_01_R_16082025070000.avi,368,truck,6,198.182,22.0
1_01_R_16082025070000.avi,375,truck,6,201.273,24.7
1_01_R_16082025070000.avi,374,car,3,201.773,4.7
1_01_R_16082025070000.avi,384,motorcycle,1,203.682,24.7
1_01_R_16082025070000.avi,379,truck,6,203.909,24.7
1_01_R_16082025070000.avi,386,car,2,204.318,24.7
1_01_R_16082025070000.avi,383,truck,6,206.454,23.3
1_01_R_16082025070000.avi,390,car,2,209.636,4.7
1_01_R_16082025070000.avi,393,motorcycle,1,209.864,4.7
1_01_R_16082025070000.avi,399,motorcycle,1,210.182,9.4
1_01_R_16082025070000.avi,397,truck,6,211.591,22.0
1_01_R_16082025070000.avi,395,car,2,211.682,4.7
1_01_R_16082025070000.avi,415,car,2,213.682,24.7
1_01_R_16082025070000.avi,406,truck,6,214.5,22.0
1_01_R_16082025070000.avi,419,motorcycle,1,214.773,28.3
1_01_R_16082025070000.avi,408,truck,6,217.182,23.3
1_01_R_16082025070000.avi,423,bus,5,219.182,20.8
1_01_R_16082025070000.avi,444,car,2,219.364,24.7
1_01_R_16082025070000.avi,435,motorcycle,1,219.546,4.7
1_01_R_16082025070000.avi,440,bus,5,222.773,23.3
1_01_R_16082025070000.avi,455,bus,5,224.864,23.3
1_01_R_16082025070000.avi,479,motorcycle,1,226.318,24.7
1_01_R_16082025070000.avi,460,motorcycle,1,226.773,4.7
1_01_R_16082025070000.avi,459,car,3,227.182,23.3
1_01_R_16082025070000.avi,471,car,3,228.364,24.7
1_01_R_16082025070000.avi,485,motorcycle,1,229.454,4.7
1_01_R_16082025070000.avi,495,motorcycle,1,229.682,4.7
1_01_R_16082025070000.avi,502,motorcycle,1,229.954,4.7
1_01_R_16082025070000.avi,501,motorcycle,1,230.0,4.7
1_01_R_16082025070000.avi,512,motorcycle,1,230.273,24.7
1_01_R_16082025070000.avi,506,motorcycle,1,230.818,4.7
1_01_R_16082025070000.avi,514,motorcycle,1,231.773,22.0
1_01_R_16082025070000.avi,513,car,2,232.5,26.4
1_01_R_16082025070000.avi,519,car,2,234.727,4.7
1_01_R_16082025070000.avi,525,motorcycle,1,236.364,24.7
1_01_R_16082025070000.avi,523,motorcycle,1,236.682,4.7
1_01_R_16082025070000.avi,524,motorcycle,1,237.273,30.5
1_01_R_16082025070000.avi,527,motorcycle,1,237.591,15.2
1_01_R_16082025070000.avi,529,motorcycle,1,238.182,26.4
1_01_R_16082025070000.avi,526,motorcycle,1,238.364,4.7
1_01_R_16082025070000.avi,528,car,2,239.864,23.3
1_01_R_16082025070000.avi,535,motorcycle,1,241.227,24.7
1_01_R_16082025070000.avi,533,motorcycle,1,241.227,4.7
1_01_R_16082025070000.avi,530,motorcycle,1,241.409,4.7
1_01_R_16082025070000.avi,531,car,2,241.409,23.3
1_01_R_16082025070000.avi,536,car,2,243.227,26.4
1_01_R_16082025070000.avi,540,motorcycle,1,244.0,24.7
1_01_R_16082025070000.avi,539,car,2,244.454,24.7
1_01_R_16082025070000.avi,537,motorcycle,1,244.773,4.7
1_01_R_16082025070000.avi,541,motorcycle,1,245.5,16.5
1_01_R_16082025070000.avi,544,motorcycle,1,247.318,24.7
1_01_R_16082025070000.avi,547,car,2,250.409,24.7
1_01_R_16082025070000.avi,554,car,2,251.227,26.4
1_01_R_16082025070000.avi,553,motorcycle,1,252.273,4.7
1_01_R_16082025070000.avi,552,motorcycle,1,252.454,4.7
1_01_R_16082025070000.avi,555,motorcycle,1,254.318,4.7
1_01_R_16082025070000.avi,559,motorcycle,1,254.364,33.0
1_01_R_16082025070000.avi,561,motorcycle,1,255.364,33.0
1_01_R_16082025070000.avi,563,motorcycle,1,256.409,4.7
1_01_R_16082025070000.avi,566,motorcycle,1,257.182,33.0
1_01_R_16082025070000.avi,565,car,2,257.409,28.3
1_01_R_16082025070000.avi,558,motorcycle,1,257.454,33.0
1_01_R_16082025070000.avi,575,motorcycle,1,261.273,26.4
1_01_R_16082025070000.avi,576,car,2,265.091,28.3
1_01_R_16082025070000.avi,578,motorcycle,1,267.818,30.5
1_01_R_16082025070000.avi,584,motorcycle,1,272.318,20.8
1_01_R_16082025070000.avi,587,car,2,273.273,24.7
1_01_R_16082025070000.avi,588,motorcycle,1,274.773,28.3
1_01_R_16082025070000.avi,591,motorcycle,1,278.954,24.7
1_01_R_16082025070000.avi,594,motorcycle,1,280.636,30.5
1_01_R_16082025070000.avi,595,car,2,284.818,26.4
1_01_R_16082025070000.avi,596,motorcycle,1,285.636,30.5
1_01_R_16082025070000.avi,600,motorcycle,1,288.454,24.7
1_01_R_16082025070000.avi,601,motorcycle,1,289.454,30.5
1_01_R_16082025070000.avi,597,car,3,289.682,16.5
1_01_R_16082025070000.avi,604,motorcycle,1,290.273,23.3
1_01_R_16082025070000.avi,606,motorcycle,1,290.409,26.4
1_01_R_16082025070000.avi,609,motorcycle,1,295.091,18.9
1_01_R_16082025070000.avi,611,motorcycle,1,295.727,33.0
1_01_R_16082025070000.avi,612,car,2,297.727,28.3
1_01_R_16082025070000.avi,614,motorcycle,1,300.091,36.0
1_01_R_16082025070000.avi,616,motorcycle,1,305.273,22.0
1_01_R_16082025070000.avi,618,car,2,306.364,28.3
1_01_R_16082025070000.avi,620,truck,4,308.136,30.5
1_01_R_16082025070000.avi,623,car,2,311.136,26.4
1_01_R_16082025070000.avi,624,car,2,312.091,30.5
1_01_R_16082025070000.avi,632,motorcycle,1,313.273,28.3
1_01_R_16082025070000.avi,641,motorcycle,1,315.818,28.3
1_01_R_16082025070000.avi,639,car,3,316.636,14.1
1_01_R_16082025070000.avi,643,motorcycle,1,317.909,28.3
1_01_R_16082025070000.avi,646,motorcycle,1,318.0,22.0
1_01_R_16082025070000.avi,647,motorcycle,1,319.0,28.3
1_01_R_16082025070000.avi,644,car,2,319.182,23.3
1_01_R_16082025070000.avi,648,motorcycle,1,319.273,24.7
1_01_R_16082025070000.avi,650,car,2,320.591,23.3
1_01_R_16082025070000.avi,649,motorcycle,1,322.273,4.7
1_01_R_16082025070000.avi,655,motorcycle,1,326.864,24.7
1_01_R_16082025070000.avi,656,motorcycle,1,327.454,33.0
1_01_R_16082025070000.avi,652,truck,6,328.591,19.8
1_01_R_16082025070000.avi,653,car,2,328.818,19.8
1_01_R_16082025070000.avi,663,motorcycle,1,331.046,24.8
1_01_R_16082025070000.avi,662,truck,6,332.091,19.8
1_01_R_16082025070000.avi,670,motorcycle,1,333.5,19.8
1_01_R_16082025070000.avi,673,motorcycle,1,334.818,19.8
1_01_R_16082025070000.avi,674,motorcycle,1,335.818,22.0
1_01_R_16082025070000.avi,677,car,2,341.046,22.0
1_01_R_16082025070000.avi,679,motorcycle,1,342.318,15.8
1_01_R_16082025070000.avi,681,motorcycle,1,342.364,36.0
1_01_R_16082025070000.avi,682,motorcycle,1,342.636,36.0
1_01_R_16082025070000.avi,687,car,2,343.364,23.3
1_01_R_16082025070000.avi,688,car,2,344.318,23.3
1_01_R_16082025070000.avi,696,car,3,345.136,24.7
1_01_R_16082025070000.avi,695,motorcycle,1,345.409,23.3
1_01_R_16082025070000.avi,700,motorcycle,1,346.954,14.1
1_01_R_16082025070000.avi,703,car,2,347.5,22.0
1_01_R_16082025070000.avi,715,motorcycle,1,348.773,18.0
1_01_R_16082025070000.avi,710,motorcycle,1,348.909,33.0
1_01_R_16082025070000.avi,704,car,2,349.136,19.8
1_01_R_16082025070000.avi,714,car,2,350.546,23.3
1_01_R_16082025070000.avi,723,motorcycle,1,350.954,4.7
1_01_R_16082025070000.avi,728,truck,4,350.954,20.8
1_01_R_16082025070000.avi,727,motorcycle,1,352.409,28.3
1_01_R_16082025070000.avi,732,motorcycle,1,353.364,4.7
1_01_R_16082025070000.avi,733,motorcycle,1,353.909,4.7
1_01_R_16082025070000.avi,745,car,2,354.046,28.3
1_01_R_16082025070000.avi,738,motorcycle,1,354.5,4.7
1_01_R_16082025070000.avi,740,motorcycle,1,354.682,4.7
1_01_R_16082025070000.avi,753,motorcycle,1,355.136,26.4
1_01_R_16082025070000.avi,757,motorcycle,1,355.636,28.3
1_01_R_16082025070000.avi,750,motorcycle,1,356.136,26.4
1_01_R_16082025070000.avi,755,motorcycle,1,357.227,4.7
1_01_R_16082025070000.avi,766,motorcycle,1,357.545,24.7
1_01_R_16082025070000.avi,768,car,2,359.318,20.8
1_01_R_16082025070000.avi,773,car,2,361.046,18.9
1_01_R_16082025070000.avi,770,motorcycle,1,361.273,4.7
1_01_R_16082025070000.avi,774,motorcycle,1,362.591,4.7
1_01_R_16082025070000.avi,780,car,2,362.727,18.0
1_01_R_16082025070000.avi,791,motorcycle,1,364.046,19.8
1_01_R_16082025070000.avi,776,truck,6,364.182,22.0
1_01_R_16082025070000.avi,802,motorcycle,1,365.5,24.7
1_01_R_16082025070000.avi,805,motorcycle,1,366.454,36.0
1_01_R_16082025070000.avi,794,car,2,367.0,24.7
1_01_R_16082025070000.avi,796,motorcycle,1,367.727,4.7
1_01_R_16082025070000.avi,801,car,2,368.454,22.0
1_01_R_16082025070000.avi,819,motorcycle,1,369.545,24.7
1_01_R_16082025070000.avi,814,car,3,370.046,19.8
1_01_R_16082025070000.avi,820,car,3,371.954,20.8
1_01_R_16082025070000.avi,831,car,2,372.864,24.7
1_01_R_16082025070000.avi,828,car,3,373.818,23.3
1_01_R_16082025070000.avi,840,motorcycle,1,374.545,24.7
1_01_R_16082025070000.avi,808,motorcycle,1,374.773,4.7
1_01_R_16082025070000.avi,839,motorcycle,1,375.864,24.7
1_01_R_16082025070000.avi,832,car,2,375.909,19.8
1_01_R_16082025070000.avi,837,motorcycle,1,376.227,4.7
1_01_R_16082025070000.avi,843,car,2,376.864,19.8
1_01_R_16082025070000.avi,838,car,2,377.318,22.0
1_01_R_16082025070000.avi,850,motorcycle,1,377.909,24.7
1_01_R_16082025070000.avi,845,motorcycle,1,378.182,4.7
1_01_R_16082025070000.avi,844,motorcycle,1,378.273,4.7
1_01_R_16082025070000.avi,846,motorcycle,1,378.864,4.7
1_01_R_16082025070000.avi,848,motorcycle,1,378.864,30.5
1_01_R_16082025070000.avi,856,motorcycle,1,379.364,28.3
1_01_R_16082025070000.avi,865,motorcycle,1,380.591,24.7
1_01_R_16082025070000.avi,874,motorcycle,1,383.636,24.7
1_01_R_16082025070000.avi,870,car,2,383.727,18.9
1_01_R_16082025070000.avi,868,car,2,384.5,26.4
1_01_R_16082025070000.avi,875,car,2,385.5,20.8
1_01_R_16082025070000.avi,871,motorcycle,1,385.682,4.7
1_01_R_16082025070000.avi,869,car,3,386.227,14.7
1_01_R_16082025070000.avi,876,car,2,389.318,4.7
1_01_R_16082025070000.avi,879,bus,5,390.182,20.8
1_01_R_16082025070000.avi,910,car,2,392.409,24.7
1_01_R_16082025070000.avi,897,truck,6,392.773,4.7
1_01_R_16082025070000.avi,913,motorcycle,1,393.273,24.7
1_01_R_16082025070000.avi,915,car,2,394.546,18.9
1_01_R_16082025070000.avi,916,motorcycle,1,396.0,30.5
1_01_R_16082025070000.avi,918,car,2,396.909,12.8
1_01_R_16082025070000.avi,926,motorcycle,1,397.909,11.6
1_01_R_16082025070000.avi,920,truck,6,399.136,26.4
1_01_R_16082025070000.avi,935,motorcycle,1,400.5,23.3
1_01_R_16082025070000.avi,931,car,2,401.091,24.7
1_01_R_16082025070000.avi,929,car,2,401.182,4.7
1_01_R_16082025070000.avi,930,motorcycle,1,401.864,4.7
1_01_R_16082025070000.avi,937,car,2,401.954,22.0
1_01_R_16082025070000.avi,936,motorcycle,1,402.546,4.7
1_01_R_16082025070000.avi,940,car,2,402.954,22.0
1_01_R_16082025070000.avi,945,motorcycle,1,404.454,20.8
1_01_R_16082025070000.avi,949,motorcycle,1,405.227,24.8
1_01_R_16082025070000.avi,947,car,2,405.864,19.8
1_01_R_16082025070000.avi,955,truck,4,408.454,22.0
1_01_R_16082025070000.avi,963,motorcycle,1,410.091,24.7
1_01_R_16082025070000.avi,968,motorcycle,1,410.364,24.7
1_01_R_16082025070000.avi,961,car,2,410.954,19.8
1_01_R_16082025070000.avi,979,car,2,412.136,19.8
1_01_R_16082025070000.avi,981,truck,4,412.636,20.8
1_01_R_16082025070000.avi,992,motorcycle,1,414.227,22.0
1_01_R_16082025070000.avi,996,car,2,415.182,24.7
1_01_R_16082025070000.avi,995,motorcycle,1,416.591,19.8
1_01_R_16082025070000.avi,1003,motorcycle,1,417.818,4.7
1_01_R_16082025070000.avi,1005,car,3,418.636,10.4
1_01_R_16082025070000.avi,1007,car,2,418.909,36.0
1_01_R_16082025070000.avi,999,car,2,419.409,17.2
1_01_R_16082025070000.avi,1012,car,2,419.682,23.3
1_01_R_16082025070000.avi,1013,motorcycle,1,420.591,4.7
1_01_R_16082025070000.avi,1009,motorcycle,1,420.773,4.7
1_01_R_16082025070000.avi,1014,car,2,420.864,24.7
1_01_R_16082025070000.avi,1015,motorcycle,1,421.954,4.7
1_01_R_16082025070000.avi,1022,motorcycle,1,421.954,24.7
1_01_R_16082025070000.avi,1020,motorcycle,1,422.0,24.7
1_01_R_16082025070000.avi,1011,motorcycle,1,422.046,4.7
1_01_R_16082025070000.avi,1016,car,2,422.909,20.8
1_01_R_16082025070000.avi,1027,motorcycle,1,422.954,24.7
1_01_R_16082025070000.avi,1030,motorcycle,1,423.0,24.7
1_01_R_16082025070000.avi,1019,motorcycle,1,423.864,4.7
1_01_R_16082025070000.avi,1038,motorcycle,1,424.0,24.7
1_01_R_16082025070000.avi,1039,motorcycle,1,424.091,24.7
1_01_R_16082025070000.avi,1043,motorcycle,1,425.227,24.7
1_01_R_16082025070000.avi,1047,motorcycle,1,425.273,24.7
1_01_R_16082025070000.avi,1048,motorcycle,1,425.864,24.7
1_01_R_16082025070000.avi,1042,motorcycle,1,426.5,26.4
1_01_R_16082025070000.avi,1052,motorcycle,1,426.545,24.7
1_01_R_16082025070000.avi,1058,motorcycle,1,428.409,33.0
1_01_R_16082025070000.avi,1057,car,2,428.909,23.3
1_01_R_16082025070000.avi,1059,motorcycle,1,430.546,4.7
1_01_R_16082025070000.avi,1063,motorcycle,1,430.909,24.7
1_01_R_16082025070000.avi,1062,car,2,431.091,23.3
1_01_R_16082025070000.avi,1064,motorcycle,1,431.454,33.0
1_01_R_16082025070000.avi,1061,motorcycle,1,431.773,4.7
1_01_R_16082025070000.avi,1066,motorcycle,1,432.045,24.7
1_01_R_16082025070000.avi,1071,motorcycle,1,433.5,23.3
1_01_R_16082025070000.avi,1072,motorcycle,1,434.636,33.0
1_01_R_16082025070000.avi,1075,motorcycle,1,434.909,24.7
1_01_R_16082025070000.avi,1080,motorcycle,1,437.227,20.8
1_01_R_16082025070000.avi,1079,car,2,437.454,26.4
1_01_R_16082025070000.avi,1081,motorcycle,1,439.273,26.4
1_01_R_16082025070000.avi,1084,motorcycle,1,441.636,26.4
1_01_R_16082025070000.avi,1086,motorcycle,1,443.0,20.8
1_01_R_16082025070000.avi,1088,motorcycle,1,443.591,22.0
1_01_R_16082025070000.avi,1085,motorcycle,1,445.0,4.7
1_01_R_16082025070000.avi,1089,motorcycle,1,445.5,23.3
1_01_R_16082025070000.avi,1091,motorcycle,1,446.954,30.5
1_01_R_16082025070000.avi,1096,motorcycle,1,450.0,24.7
1_01_R_16082025070000.avi,1092,motorcycle,1,450.591,4.7
1_01_R_16082025070000.avi,1103,motorcycle,1,452.091,24.7
1_01_R_16082025070000.avi,1098,motorcycle,1,453.227,4.7
1_01_R_16082025070000.avi,1100,car,2,453.227,23.3
1_01_R_16082025070000.avi,1105,motorcycle,1,454.364,36.0
1_01_R_16082025070000.avi,1104,car,2,454.546,24.8
1_01_R_16082025070000.avi,1109,motorcycle,1,455.227,24.7
1_01_R_16082025070000.avi,1116,motorcycle,1,456.364,28.3
1_01_R_16082025070000.avi,1117,car,2,456.954,22.0
1_01_R_16082025070000.avi,1121,motorcycle,1,458.364,30.5
1_01_R_16082025070000.avi,1122,motorcycle,1,458.546,33.0
1_01_R_16082025070000.avi,1123,motorcycle,1,460.046,33.0
1_01_R_16082025070000.avi,1126,motorcycle,1,461.273,24.7
1_01_R_16082025070000.avi,1127,car,2,464.136,28.3
1_01_R_16082025070000.avi,1129,motorcycle,1,465.136,26.4
1_01_R_16082025070000.avi,1132,motorcycle,1,465.818,33.0
1_01_R_16082025070000.avi,1136,motorcycle,1,466.136,24.7
1_01_R_16082025070000.avi,1141,motorcycle,1,467.591,24.7
1_01_R_16082025070000.avi,1139,car,3,469.454,28.3
1_01_R_16082025070000.avi,1149,motorcycle,1,469.636,30.5
1_01_R_16082025070000.avi,1150,motorcycle,1,471.182,28.3
1_01_R_16082025070000.avi,1153,motorcycle,1,472.954,36.0
1_01_R_16082025070000.avi,1155,motorcycle,1,473.046,20.8
1_01_R_16082025070000.avi,1163,motorcycle,1,476.0,24.7
1_01_R_16082025070000.avi,1179,motorcycle,1,477.045,24.7
1_01_R_16082025070000.avi,1182,motorcycle,1,477.318,24.7
1_01_R_16082025070000.avi,1161,truck,4,477.727,19.8
1_01_R_16082025070000.avi,1191,motorcycle,1,479.409,28.3
1_01_R_16082025070000.avi,1193,motorcycle,1,480.546,24.8
1_01_R_16082025070000.avi,1195,motorcycle,1,482.091,24.7
1_01_R_16082025070000.avi,1196,motorcycle,1,482.136,28.3
1_01_R_16082025070000.avi,1194,motorcycle,1,483.182,30.5
1_01_R_16082025070000.avi,1208,motorcycle,1,485.954,4.7
1_01_R_16082025070000.avi,1207,motorcycle,1,486.046,4.7
1_01_R_16082025070000.avi,1206,car,3,486.454,33.0
1_01_R_16082025070000.avi,1200,motorcycle,1,487.364,4.7
1_01_R_16082025070000.avi,1211,motorcycle,1,488.0,24.7
1_01_R_16082025070000.avi,1214,car,2,493.5,28.3
1_01_R_16082025070000.avi,1217,motorcycle,1,494.364,28.3
1_01_R_16082025070000.avi,1230,motorcycle,1,494.818,24.7
1_01_R_16082025070000.avi,1216,car,2,494.864,28.3
1_01_R_16082025070000.avi,1234,motorcycle,1,495.818,30.5
1_01_R_16082025070000.avi,1237,motorcycle,1,496.409,24.7
1_01_R_16082025070000.avi,1242,motorcycle,1,497.864,33.0
1_01_R_16082025070000.avi,1245,motorcycle,1,499.318,30.5
1_01_R_16082025070000.avi,1249,motorcycle,1,500.136,8.6
1_01_R_16082025070000.avi,1247,car,2,500.818,39.6
1_01_R_16082025070000.avi,1243,car,2,501.091,26.4
1_01_R_16082025070000.avi,1250,car,2,501.864,26.4
1_01_R_16082025070000.avi,1254,motorcycle,1,502.954,24.7
1_01_R_16082025070000.avi,1256,motorcycle,1,503.909,23.3
1_01_R_16082025070000.avi,1263,motorcycle,1,504.773,22.0
1_01_R_16082025070000.avi,1258,car,2,505.5,22.0
1_01_R_16082025070000.avi,1262,motorcycle,1,505.546,4.7
1_01_R_16082025070000.avi,1260,car,3,507.091,12.8
1_01_R_16082025070000.avi,1275,motorcycle,1,507.273,22.0
1_01_R_16082025070000.avi,1269,car,2,508.091,20.8
1_01_R_16082025070000.avi,1276,car,3,509.864,18.9
1_01_R_16082025070000.avi,1278,motorcycle,1,510.5,33.0
1_01_R_16082025070000.avi,1279,motorcycle,1,511.318,36.0
1_01_R_16082025070000.avi,1284,motorcycle,1,513.773,4.7
1_01_R_16082025070000.avi,1287,car,2,514.0,15.8
1_01_R_16082025070000.avi,1288,motorcycle,1,514.227,4.7
1_01_R_16082025070000.avi,1295,motorcycle,1,514.682,24.7
1_01_R_16082025070000.avi,1293,motorcycle,1,515.0,24.7
1_01_R_16082025070000.avi,1298,motorcycle,1,515.0,24.7
1_01_R_16082025070000.avi,1289,motorcycle,1,515.136,4.7
1_01_R_16082025070000.avi,1285,motorcycle,1,515.227,4.7
1_01_R_16082025070000.avi,1302,motorcycle,1,515.909,24.7
1_01_R_16082025070000.avi,1292,motorcycle,1,516.091,4.7
1_01_R_16082025070000.avi,1296,car,2,516.136,18.0
1_01_R_16082025070000.avi,1294,motorcycle,1,516.5,28.3
1_01_R_16082025070000.avi,1313,car,2,518.045,19.8
1_01_R_16082025070000.avi,1304,motorcycle,1,518.091,4.7
1_01_R_16082025070000.avi,1307,motorcycle,1,518.364,4.7
1_01_R_16082025070000.avi,1315,motorcycle,1,519.273,22.0
1_01_R_16082025070000.avi,1318,motorcycle,1,520.045,22.0
1_01_R_16082025070000.avi,1316,car,2,520.091,18.0
1_01_R_16082025070000.avi,1327,motorcycle,1,523.136,26.4
1_01_R_16082025070000.avi,1339,motorcycle,1,523.364,24.7
1_01_R_16082025070000.avi,1330,motorcycle,1,523.682,4.7
1_01_R_16082025070000.avi,1336,motorcycle,1,524.227,4.7
1_01_R_16082025070000.avi,1343,motorcycle,1,524.364,24.7
1_01_R_16082025070000.avi,1355,motorcycle,1,524.955,24.7
1_01_R_16082025070000.avi,1340,car,2,525.818,22.0
1_01_R_16082025070000.avi,1342,motorcycle,1,526.182,4.7
1_01_R_16082025070000.avi,1357,motorcycle,1,527.409,19.8
1_01_R_16082025070000.avi,1354,motorcycle,1,527.5,4.7
1_01_R_16082025070000.avi,1358,car,2,527.818,24.7
1_01_R_16082025070000.avi,1356,motorcycle,1,528.682,22.0
1_01_R_16082025070000.avi,1359,motorcycle,1,529.409,4.7
1_01_R_16082025070000.avi,1361,car,2,530.091,28.3
1_01_R_16082025070000.avi,1360,motorcycle,1,530.955,19.8
1_01_R_16082025070000.avi,1366,motorcycle,1,532.318,33.0
1_01_R_16082025070000.avi,1364,car,2,532.818,24.7
1_01_R_16082025070000.avi,1367,motorcycle,1,533.682,4.7
1_01_R_16082025070000.avi,1369,motorcycle,1,534.091,30.5
1_01_R_16082025070000.avi,1368,car,2,534.591,23.3
1_01_R_16082025070000.avi,1375,motorcycle,1,535.091,24.7
1_01_R_16082025070000.avi,1370,car,2,536.455,24.7
1_01_R_16082025070000.avi,1384,car,2,537.273,26.4
1_01_R_16082025070000.avi,1376,car,2,537.455,23.3
1_01_R_16082025070000.avi,1385,motorcycle,1,538.182,26.4
1_01_R_16082025070000.avi,1386,motorcycle,1,539.227,30.5
1_01_R_16082025070000.avi,1387,motorcycle,1,539.636,30.5
1_01_R_16082025070000.avi,1391,motorcycle,1,542.455,30.5
1_01_R_16082025070000.avi,1392,car,2,543.545,19.8
1_01_R_16082025070000.avi,1397,car,3,545.5,17.2
1_01_R_16082025070000.avi,1404,car,2,546.136,18.9
1_01_R_16082025070000.avi,1409,motorcycle,1,546.682,26.4
1_01_R_16082025070000.avi,1405,car,2,547.273,23.3
1_01_R_16082025070000.avi,1425,motorcycle,1,547.545,24.8
1_01_R_16082025070000.avi,1437,car,3,552.727,4.7
1_01_R_16082025070000.avi,1441,motorcycle,1,553.5,14.1
1_01_R_16082025070000.avi,1442,motorcycle,1,554.455,24.7
1_01_R_16082025070000.avi,1438,car,2,554.773,26.4
1_01_R_16082025070000.avi,1445,motorcycle,1,556.591,24.7
1_01_R_16082025070000.avi,1444,motorcycle,1,558.364,4.7
1_01_R_16082025070000.avi,1449,car,2,559.045,24.8
1_01_R_16082025070000.avi,1452,motorcycle,1,561.364,24.7
1_01_R_16082025070000.avi,1453,motorcycle,1,561.455,24.7
1_01_R_16082025070000.avi,1457,motorcycle,1,562.182,28.3
1_01_R_16082025070000.avi,1459,motorcycle,1,562.682,30.5
1_01_R_16082025070000.avi,1456,car,3,562.773,17.2
1_01_R_16082025070000.avi,1463,motorcycle,1,563.636,24.7
1_01_R_16082025070000.avi,1466,motorcycle,1,564.864,23.3
1_01_R_16082025070000.avi,1464,car,2,565.5,24.7
1_01_R_16082025070000.avi,1470,motorcycle,1,566.273,24.7
1_01_R_16082025070000.avi,1472,motorcycle,1,568.136,26.4
1_01_R_16082025070000.avi,1471,car,2,568.364,22.0
1_01_R_16082025070000.avi,1477,motorcycle,1,568.455,24.7
1_01_R_16082025070000.avi,1473,car,2,569.545,22.0
1_01_R_16082025070000.avi,1479,motorcycle,1,570.773,28.3
1_01_R_16082025070000.avi,1478,motorcycle,1,571.409,39.6
1_01_R_16082025070000.avi,1481,car,2,571.545,23.3
1_01_R_16082025070000.avi,1491,motorcycle,1,572.773,24.7
1_01_R_16082025070000.avi,1493,motorcycle,1,573.182,23.3
1_01_R_16082025070000.avi,1486,motorcycle,1,574.364,4.7
1_01_R_16082025070000.avi,1497,motorcycle,1,574.455,24.7
1_01_R_16082025070000.avi,1502,motorcycle,1,575.227,24.7
1_01_R_16082025070000.avi,1506,motorcycle,1,576.227,24.7
1_01_R_16082025070000.avi,1505,car,2,577.455,24.7
1_01_R_16082025070000.avi,1512,motorcycle,1,577.591,24.7
1_01_R_16082025070000.avi,1516,motorcycle,1,579.136,24.7
1_01_R_16082025070000.avi,1509,car,2,579.273,33.0
1_01_R_16082025070000.avi,1508,car,2,579.545,26.4
1_01_R_16082025070000.avi,1518,motorcycle,1,580.0,24.7
1_01_R_16082025070000.avi,1515,motorcycle,1,581.273,24.7
1_01_R_16082025070000.avi,1521,car,2,581.455,20.8
1_01_R_16082025070000.avi,1529,car,2,583.455,24.7
1_01_R_16082025070000.avi,1528,motorcycle,1,583.591,24.7
1_01_R_16082025070000.avi,1523,truck,6,584.227,26.4
1_01_R_16082025070000.avi,1533,motorcycle,1,584.818,26.4
1_01_R_16082025070000.avi,1526,car,2,585.409,26.4
1_01_R_16082025070000.avi,1536,car,2,585.455,20.8
1_01_R_16082025070000.avi,1531,motorcycle,1,586.0,4.7
1_01_R_16082025070000.avi,1539,car,2,587.136,18.9
1_01_R_16082025070000.avi,1543,motorcycle,1,587.5,24.7
1_01_R_16082025070000.avi,1540,motorcycle,1,587.773,22.0
1_01_R_16082025070000.avi,1542,motorcycle,1,588.091,4.7
1_01_R_16082025070000.avi,1547,motorcycle,1,588.818,22.0
1_01_R_16082025070000.avi,1548,car,2,589.318,22.0
1_01_R_16082025070000.avi,1551,motorcycle,1,589.318,19.8
1_01_R_16082025070000.avi,1553,motorcycle,1,590.909,24.7
1_01_R_16082025070000.avi,1560,motorcycle,1,594.773,33.0
1_01_R_16082025070000.avi,1558,car,2,595.182,26.4
1_01_R_16082025070000.avi,1563,car,2,599.5,26.4
1_01_R_16082025070000.avi,1562,motorcycle,1,600.091,4.7
1_01_R_16082025070000.avi,1561,car,3,600.591,36.0
1_01_R_16082025070000.avi,1565,motorcycle,1,600.682,24.7
1_01_R_16082025070000.avi,1566,motorcycle,1,600.909,24.7
1_01_R_16082025070000.avi,1570,motorcycle,1,600.955,24.7
1_01_R_16082025070000.avi,1571,motorcycle,1,601.727,24.7
1_01_R_16082025070000.avi,1578,car,3,603.227,20.8
1_01_R_16082025070000.avi,1585,motorcycle,1,604.091,24.7
1_01_R_16082025070000.avi,1586,car,2,605.727,28.3
1_01_R_16082025070000.avi,1582,car,3,606.864,4.4
1_01_R_16082025070000.avi,1591,motorcycle,1,607.591,20.8
1_01_R_16082025070000.avi,1595,motorcycle,1,611.273,18.0
1_01_R_16082025070000.avi,1597,motorcycle,1,611.955,19.8
1_01_R_16082025070000.avi,1599,motorcycle,1,613.0,24.7
1_01_R_16082025070000.avi,1600,car,2,614.455,23.3
1_01_R_16082025070000.avi,1604,motorcycle,1,615.409,24.7
1_01_R_16082025070000.avi,1612,motorcycle,1,617.409,24.7
1_01_R_16082025070000.avi,1611,motorcycle,1,617.591,30.5
1_01_R_16082025070000.avi,1614,motorcycle,1,618.818,12.0
1_01_R_16082025070000.avi,1620,motorcycle,1,620.409,22.0
1_01_R_16082025070000.avi,1623,car,2,626.864,19.8
1_01_R_16082025070000.avi,1624,truck,4,628.091,28.3
1_01_R_16082025070000.avi,1645,car,2,628.5,23.3
1_01_R_16082025070000.avi,1650,car,3,631.864,13.2
1_01_R_16082025070000.avi,1657,truck,4,632.318,20.8
1_01_R_16082025070000.avi,1665,motorcycle,1,633.818,20.8
1_01_R_16082025070000.avi,1673,motorcycle,1,635.045,19.8
1_01_R_16082025070000.avi,1668,motorcycle,1,635.273,26.4
1_01_R_16082025070000.avi,1675,motorcycle,1,637.182,26.4
1_01_R_16082025070000.avi,1671,truck,4,637.364,18.9
1_01_R_16082025070000.avi,1679,car,3,637.545,22.0
1_01_R_16082025070000.avi,1687,motorcycle,1,638.636,24.7
1_01_R_16082025070000.avi,1686,motorcycle,1,638.682,24.7
1_01_R_16082025070000.avi,1689,motorcycle,1,639.773,26.4
1_01_R_16082025070000.avi,1691,motorcycle,1,640.318,22.0
1_01_R_16082025070000.avi,1694,motorcycle,1,642.318,30.5
1_01_R_16082025070000.avi,1697,car,2,643.182,23.3
1_01_R_16082025070000.avi,1699,motorcycle,1,645.091,23.3
1_01_R_16082025070000.avi,1698,car,2,646.318,20.8
1_01_R_16082025070000.avi,1701,motorcycle,1,646.409,24.7
1_01_R_16082025070000.avi,1702,car,2,649.364,24.7
1_01_R_16082025070000.avi,1705,motorcycle,1,650.455,20.8
1_01_R_16082025070000.avi,1706,motorcycle,1,650.5,24.7
1_01_R_16082025070000.avi,1710,motorcycle,1,650.727,24.7
1_01_R_16082025070000.avi,1714,motorcycle,1,653.955,26.4
1_01_R_16082025070000.avi,1713,motorcycle,1,654.136,4.7
1_01_R_16082025070000.avi,1715,motorcycle,1,654.727,20.8
1_01_R_16082025070000.avi,1716,car,2,656.0,20.8
1_01_R_16082025070000.avi,1718,motorcycle,1,657.5,20.8
1_01_R_16082025070000.avi,1719,car,2,658.045,24.7
1_01_R_16082025070000.avi,1727,motorcycle,1,659.0,22.0
1_01_R_16082025070000.avi,1728,car,2,659.227,20.8
1_01_R_16082025070000.avi,1735,motorcycle,1,659.455,24.7
1_01_R_16082025070000.avi,1739,motorcycle,1,660.864,26.4
1_01_R_16082025070000.avi,1738,car,2,661.409,19.8
1_01_R_16082025070000.avi,1748,motorcycle,1,661.864,24.7
1_01_R_16082025070000.avi,1750,motorcycle,1,663.182,20.8
1_01_R_16082025070000.avi,1755,motorcycle,1,663.773,22.0
1_01_R_16082025070000.avi,1743,car,2,664.227,22.0
1_01_R_16082025070000.avi,1758,motorcycle,1,664.591,20.8
1_01_R_16082025070000.avi,1762,motorcycle,1,665.273,24.7
1_01_R_16082025070000.avi,1760,motorcycle,1,665.318,23.3
1_01_R_16082025070000.avi,1768,motorcycle,1,666.364,24.7
1_01_R_16082025070000.avi,1780,motorcycle,1,667.773,24.7
1_01_R_16082025070000.avi,1778,car,2,669.045,22.0
1_01_R_16082025070000.avi,1776,car,2,669.682,24.7
1_01_R_16082025070000.avi,1786,motorcycle,1,670.545,23.3
1_01_R_16082025070000.avi,1790,motorcycle,1,670.818,28.3
1_01_R_16082025070000.avi,1787,car,2,672.364,28.3
1_01_R_16082025070000.avi,1791,car,2,672.591,19.8
1_01_R_16082025070000.avi,1792,motorcycle,1,672.591,24.7
1_01_R_16082025070000.avi,1794,motorcycle,1,674.0,26.4
1_01_R_16082025070000.avi,1793,car,2,674.5,36.0
1_01_R_16082025070000.avi,1797,motorcycle,1,674.818,28.3
1_01_R_16082025070000.avi,1798,motorcycle,1,676.318,30.5
1_01_R_16082025070000.avi,1799,car,2,676.545,23.3
1_01_R_16082025070000.avi,1800,motorcycle,1,677.409,4.7
1_01_R_16082025070000.avi,1803,motorcycle,1,678.091,19.8
1_01_R_16082025070000.avi,1808,car,2,679.0,18.0
1_01_R_16082025070000.avi,1806,motorcycle,1,679.727,4.7
1_01_R_16082025070000.avi,1807,motorcycle,1,679.864,4.7
1_01_R_16082025070000.avi,1809,motorcycle,1,680.273,4.7
1_01_R_16082025070000.avi,1822,motorcycle,1,680.318,24.7
1_01_R_16082025070000.avi,1805,car,3,680.5,28.3
1_01_R_16082025070000.avi,1810,motorcycle,1,680.864,4.7
1_01_R_16082025070000.avi,1812,motorcycle,1,681.182,4.7
1_01_R_16082025070000.avi,1820,motorcycle,1,681.182,24.7
1_01_R_16082025070000.avi,1823,car,2,681.364,15.8
1_01_R_16082025070000.avi,1824,motorcycle,1,681.727,24.7
1_01_R_16082025070000.avi,1818,motorcycle,1,682.227,4.7
1_01_R_16082025070000.avi,1819,motorcycle,1,682.409,4.7
1_01_R_16082025070000.avi,1829,car,2,682.409,16.5
1_01_R_16082025070000.avi,1830,motorcycle,1,683.227,4.7
1_01_R_16082025070000.avi,1828,motorcycle,1,683.727,4.7
1_01_R_16082025070000.avi,1839,motorcycle,1,684.091,19.8
1_01_R_16082025070000.avi,1834,motorcycle,1,684.591,4.7
1_01_R_16082025070000.avi,1838,car,2,684.864,16.5
1_01_R_16082025070000.avi,1833,motorcycle,1,684.955,4.7
1_01_R_16082025070000.avi,1844,car,2,686.182,17.2
1_01_R_16082025070000.avi,1841,motorcycle,1,687.182,4.7
1_01_R_16082025070000.avi,1845,motorcycle,1,687.182,4.7
1_01_R_16082025070000.avi,1859,motorcycle,1,688.136,24.7
1_01_R_16082025070000.avi,1848,motorcycle,1,688.409,4.7
1_01_R_16082025070000.avi,1850,motorcycle,1,688.636,4.7
1_01_R_16082025070000.avi,1868,motorcycle,1,689.273,24.7
1_01_R_16082025070000.avi,1872,motorcycle,1,689.5,24.7
1_01_R_16082025070000.avi,1867,car,2,689.591,24.7
1_01_R_16082025070000.avi,1858,motorcycle,1,689.909,4.7
1_01_R_16082025070000.avi,1862,motorcycle,1,690.591,4.7
1_01_R_16082025070000.avi,1875,car,2,691.0,13.2
1_01_R_16082025070000.avi,1871,car,2,692.045,24.8
1_01_R_16082025070000.avi,1873,motorcycle,1,692.545,4.7
1_01_R_16082025070000.avi,1876,motorcycle,1,692.727,4.7
1_01_R_16082025070000.avi,1893,motorcycle,1,693.136,24.7
1_01_R_16082025070000.avi,1879,truck,4,693.5,24.7
1_01_R_16082025070000.avi,1889,car,2,693.5,14.1
1_01_R_16082025070000.avi,1924,motorcycle,1,694.682,24.7
1_01_R_16082025070000.avi,1922,motorcycle,1,695.318,24.7
1_01_R_16082025070000.avi,1934,motorcycle,1,696.227,24.7
1_01_R_16082025070000.avi,1912,car,2,696.273,26.4
1_01_R_16082025070000.avi,1927,car,3,698.045,22.0
1_01_R_16082025070000.avi,1939,car,3,698.136,20.8
1_01_R_16082025070000.avi,1935,truck,6,698.955,20.8
1_01_R_16082025070000.avi,1944,motorcycle,1,699.591,4.7
1_01_R_16082025070000.avi,1954,motorcycle,1,699.591,18.0
1_01_R_16082025070000.avi,1960,motorcycle,1,700.455,24.7
1_01_R_16082025070000.avi,1961,car,2,700.773,20.8
1_01_R_16082025070000.avi,1955,car,2,701.455,23.3
1_01_R_16082025070000.avi,1953,car,2,701.591,24.7
1_01_R_16082025070000.avi,1969,car,2,702.409,18.0
1_01_R_16082025070000.avi,1967,car,2,704.318,22.0
1_01_R_16082025070000.avi,1976,motorcycle,1,704.364,17.2
1_01_R_16082025070000.avi,1972,car,2,704.409,23.3
1_01_R_16082025070000.avi,1977,motorcycle,1,706.091,9.0
1_01_R_16082025070000.avi,2002,car,2,708.273,24.7
1_01_R_16082025070000.avi,1986,truck,6,708.955,23.3
1_01_R_16082025070000.avi,2005,motorcycle,1,709.227,24.8
1_01_R_16082025070000.avi,2007,car,2,709.409,24.7
1_01_R_16082025070000.avi,2010,motorcycle,1,710.455,26.4
1_01_R_16082025070000.avi,1996,motorcycle,1,710.727,4.7
1_01_R_16082025070000.avi,2009,car,2,710.727,33.0
1_01_R_16082025070000.avi,1994,car,2,710.818,20.8
1_01_R_16082025070000.avi,2014,car,2,711.636,23.3
1_01_R_16082025070000.avi,2018,car,2,713.045,19.8
1_01_R_16082025070000.avi,2019,motorcycle,1,713.227,24.7
1_01_R_16082025070000.avi,2025,motorcycle,1,714.273,24.7
1_01_R_16082025070000.avi,2022,motorcycle,1,714.455,23.3
1_01_R_16082025070000.avi,2023,motorcycle,1,714.455,24.7
1_01_R_16082025070000.avi,2033,motorcycle,1,715.0,24.7
1_01_R_16082025070000.avi,2034,motorcycle,1,715.0,24.7
1_01_R_16082025070000.avi,2020,motorcycle,1,715.682,24.7
1_01_R_16082025070000.avi,2035,motorcycle,1,716.045,23.3
1_01_R_16082025070000.avi,2037,motorcycle,1,716.682,23.3
1_01_R_16082025070000.avi,2031,motorcycle,1,716.864,24.7
1_01_R_16082025070000.avi,2044,motorcycle,1,717.909,20.8
1_01_R_16082025070000.avi,2042,motorcycle,1,718.909,4.7
1_01_R_16082025070000.avi,2046,car,2,722.591,24.7
1_01_R_16082025070000.avi,2048,motorcycle,1,722.773,16.5
1_01_R_16082025070000.avi,2049,truck,6,723.864,24.7
1_01_R_16082025070000.avi,2054,motorcycle,1,725.773,23.3
1_01_R_16082025070000.avi,2060,car,2,731.318,24.7
1_01_R_16082025070000.avi,2065,car,2,733.5,18.9
1_01_R_16082025070000.avi,2071,motorcycle,1,733.727,24.7
1_01_R_16082025070000.avi,2061,car,2,734.636,24.8
1_01_R_16082025070000.avi,2073,car,2,735.227,22.0
1_01_R_16082025070000.avi,2072,motorcycle,1,736.136,4.7
1_01_R_16082025070000.avi,2078,motorcycle,1,736.5,24.7
1_01_R_16082025070000.avi,2077,car,2,736.727,19.8
1_01_R_16082025070000.avi,2083,car,2,738.045,22.0
1_01_R_16082025070000.avi,2085,car,2,739.409,16.5
1_01_R_16082025070000.avi,2089,truck,6,740.773,4.7
1_01_R_16082025070000.avi,2105,car,2,741.136,24.7
1_01_R_16082025070000.avi,2100,motorcycle,1,741.818,4.7
1_01_R_16082025070000.avi,2096,car,2,741.909,24.7
1_01_R_16082025070000.avi,2106,car,2,742.136,20.8
1_01_R_16082025070000.avi,2109,motorcycle,1,742.773,23.3
1_01_R_16082025070000.avi,2108,motorcycle,1,744.091,4.7
1_01_R_16082025070000.avi,2119,motorcycle,1,744.136,24.7
1_01_R_16082025070000.avi,2116,car,2,744.273,18.0
1_01_R_16082025070000.avi,2122,motorcycle,1,745.864,18.9
1_01_R_16082025070000.avi,2125,motorcycle,1,746.864,18.9
1_01_R_16082025070000.avi,2126,car,2,749.455,22.0
1_01_R_16082025070000.avi,2131,car,2,749.5,22.0
1_01_R_16082025070000.avi,2130,motorcycle,1,750.455,4.7
1_01_R_16082025070000.avi,2139,motorcycle,1,752.227,26.4
1_01_R_16082025070000.avi,2137,car,2,752.727,28.3
1_01_R_16082025070000.avi,2142,motorcycle,1,753.955,28.3
1_01_R_16082025070000.avi,2141,car,2,755.545,20.8
1_01_R_16082025070000.avi,2147,car,2,755.636,18.9
1_01_R_16082025070000.avi,2149,motorcycle,1,756.091,20.8
1_01_R_16082025070000.avi,2143,motorcycle,1,756.545,4.7
1_01_R_16082025070000.avi,2153,car,2,757.455,24.7
1_01_R_16082025070000.avi,2156,car,2,758.318,24.7
1_01_R_16082025070000.avi,2167,motorcycle,1,760.818,22.0
1_01_R_16082025070000.avi,2170,motorcycle,1,762.409,24.7
1_01_R_16082025070000.avi,2161,motorcycle,1,762.455,4.7
1_01_R_16082025070000.avi,2171,motorcycle,1,762.818,24.7
1_01_R_16082025070000.avi,2173,motorcycle,1,765.5,18.9
1_01_R_16082025070000.avi,2175,motorcycle,1,765.591,39.6
1_01_R_16082025070000.avi,2176,motorcycle,1,765.864,28.3
1_01_R_16082025070000.avi,2177,motorcycle,1,766.545,24.8
1_01_R_16082025070000.avi,2178,car,2,766.773,22.0
1_01_R_16082025070000.avi,2179,car,3,768.0,20.8
1_01_R_16082025070000.avi,2181,motorcycle,1,768.091,24.7
1_01_R_16082025070000.avi,2182,car,2,769.909,22.0
1_01_R_16082025070000.avi,2184,motorcycle,1,770.0,24.7
1_01_R_16082025070000.avi,2189,motorcycle,1,771.409,22.0
1_01_R_16082025070000.avi,2196,motorcycle,1,772.5,24.7
1_01_R_16082025070000.avi,2197,motorcycle,1,772.773,23.3
1_01_R_16082025070000.avi,2201,car,2,774.909,22.0
1_01_R_16082025070000.avi,2210,motorcycle,1,774.909,24.7
1_01_R_16082025070000.avi,2211,motorcycle,1,776.273,23.3
1_01_R_16082025070000.avi,2215,motorcycle,1,777.409,22.0
1_01_R_16082025070000.avi,2221,motorcycle,1,779.455,24.7
1_01_R_16082025070000.avi,2220,car,2,780.318,23.3
1_01_R_16082025070000.avi,2219,motorcycle,1,780.409,33.0
1_01_R_16082025070000.avi,2223,motorcycle,1,781.455,30.5
1_01_R_16082025070000.avi,2225,car,2,782.227,24.8
1_01_R_16082025070000.avi,2227,motorcycle,1,783.182,33.0
1_01_R_16082025070000.avi,2226,car,2,783.682,24.7
1_01_R_16082025070000.avi,2229,motorcycle,1,786.318,33.0
1_01_R_16082025070000.avi,2230,motorcycle,1,787.045,19.8
1_01_R_16082025070000.avi,2216,motorcycle,1,787.364,4.7
1_01_R_16082025070000.avi,2240,motorcycle,1,790.318,18.9
1_01_R_16082025070000.avi,2244,car,2,792.5,28.3
1_01_R_16082025070000.avi,2243,car,3,792.636,26.4
1_01_R_16082025070000.avi,2238,car,2,792.955,22.0
1_01_R_16082025070000.avi,2257,motorcycle,1,793.5,26.4
1_01_R_16082025070000.avi,2263,motorcycle,1,794.364,24.7
1_01_R_16082025070000.avi,2267,motorcycle,1,794.818,24.7
1_01_R_16082025070000.avi,2266,car,2,796.0,28.3
1_01_R_16082025070000.avi,2264,motorcycle,1,796.227,30.5
1_01_R_16082025070000.avi,2271,motorcycle,1,797.955,18.0
1_01_R_16082025070000.avi,2280,car,2,799.545,24.8
1_01_R_16082025070000.avi,2283,motorcycle,1,799.682,22.0
1_01_R_16082025070000.avi,2275,car,2,800.455,26.4
1_01_R_16082025070000.avi,2285,car,2,801.273,23.3
1_01_R_16082025070000.avi,2295,motorcycle,1,804.227,24.7
1_01_R_16082025070000.avi,2294,car,2,806.5,24.7
1_01_R_16082025070000.avi,2303,motorcycle,1,807.318,24.7
1_01_R_16082025070000.avi,2304,motorcycle,1,807.591,24.7
1_01_R_16082025070000.avi,2296,motorcycle,1,807.773,4.7
1_01_R_16082025070000.avi,2307,motorcycle,1,808.045,24.7
1_01_R_16082025070000.avi,2308,car,2,809.5,24.7
1_01_R_16082025070000.avi,2310,motorcycle,1,810.545,23.3
1_01_R_16082025070000.avi,2314,motorcycle,1,812.0,24.7
1_01_R_16082025070000.avi,2319,car,2,813.318,24.7
1_01_R_16082025070000.avi,2321,motorcycle,1,814.091,24.7
1_01_R_16082025070000.avi,2324,truck,4,816.091,24.7
1_01_R_16082025070000.avi,2334,car,2,818.591,28.3
1_01_R_16082025070000.avi,2322,car,3,819.0,10.7
1_01_R_16082025070000.avi,2335,car,2,820.545,28.3
1_01_R_16082025070000.avi,2342,motorcycle,1,822.318,28.3
1_01_R_16082025070000.avi,2343,car,2,824.409,28.3
1_01_R_16082025070000.avi,2350,motorcycle,1,826.364,23.3
1_01_R_16082025070000.avi,2352,motorcycle,1,826.955,23.3
1_01_R_16082025070000.avi,2355,motorcycle,1,828.455,26.4
1_01_R_16082025070000.avi,2357,motorcycle,1,830.182,23.3
1_01_R_16082025070000.avi,2359,motorcycle,1,831.545,24.7
1_01_R_16082025070000.avi,2360,motorcycle,1,832.0,24.7
1_01_R_16082025070000.avi,2361,motorcycle,1,832.773,24.7
1_01_R_16082025070000.avi,2364,motorcycle,1,834.455,17.2
1_01_R_16082025070000.avi,2371,car,2,835.818,24.7
1_01_R_16082025070000.avi,2378,car,2,836.864,56.6
1_01_R_16082025070000.avi,2383,car,2,837.273,28.3
1_01_R_16082025070000.avi,2389,motorcycle,1,839.409,22.0
1_01_R_16082025070000.avi,2392,motorcycle,1,839.955,24.7
1_01_R_16082025070000.avi,2391,car,2,840.455,23.3
1_01_R_16082025070000.avi,2393,car,2,841.227,23.3
1_01_R_16082025070000.avi,2394,motorcycle,1,842.227,4.7
1_01_R_16082025070000.avi,2402,motorcycle,1,843.0,24.7
1_01_R_16082025070000.avi,2398,car,2,843.045,23.3
1_01_R_16082025070000.avi,2397,motorcycle,1,843.955,4.7
1_01_R_16082025070000.avi,2399,motorcycle,1,844.182,4.7
1_01_R_16082025070000.avi,2413,motorcycle,1,844.773,36.0
1_01_R_16082025070000.avi,2405,motorcycle,1,845.045,4.7
1_01_R_16082025070000.avi,2416,car,2,845.182,26.4
1_01_R_16082025070000.avi,2412,motorcycle,1,846.5,4.7
1_01_R_16082025070000.avi,2442,motorcycle,1,846.636,28.3
1_01_R_16082025070000.avi,2418,motorcycle,1,846.773,4.7
1_01_R_16082025070000.avi,2446,motorcycle,1,847.727,24.7
1_01_R_16082025070000.avi,2437,motorcycle,1,848.182,4.7
1_01_R_16082025070000.avi,2453,motorcycle,1,849.091,24.7
1_01_R_16082025070000.avi,2457,car,2,849.409,18.9
1_01_R_16082025070000.avi,2462,motorcycle,1,849.5,24.7
1_01_R_16082025070000.avi,2451,motorcycle,1,850.364,4.7
1_01_R_16082025070000.avi,2469,motorcycle,1,850.591,24.7
1_01_R_16082025070000.avi,2454,motorcycle,1,850.773,4.7
1_01_R_16082025070000.avi,2473,motorcycle,1,851.045,24.7
1_01_R_16082025070000.avi,2456,motorcycle,1,851.091,4.7
1_01_R_16082025070000.avi,2476,motorcycle,1,851.591,24.7
1_01_R_16082025070000.avi,2477,motorcycle,1,852.136,24.7
1_01_R_16082025070000.avi,2479,motorcycle,1,852.136,24.7
1_01_R_16082025070000.avi,2464,motorcycle,1,852.136,4.7
1_01_R_16082025070000.avi,2468,motorcycle,1,852.727,4.7
1_01_R_16082025070000.avi,2484,motorcycle,1,854.773,4.7
1_01_R_16082025070000.avi,2481,motorcycle,1,855.0,4.7
1_01_R_16082025070000.avi,2494,car,2,855.773,17.2
1_01_R_16082025070000.avi,2490,motorcycle,1,856.545,4.7
1_01_R_16082025070000.avi,2496,car,2,857.455,24.7
1_01_R_16082025070000.avi,2513,motorcycle,1,857.818,24.7
1_01_R_16082025070000.avi,2502,truck,4,857.864,14.7
1_01_R_16082025070000.avi,2525,motorcycle,1,859.682,17.2
1_01_R_16082025070000.avi,2509,car,2,859.818,23.3
1_01_R_16082025070000.avi,2523,motorcycle,1,859.955,23.3
1_01_R_16082025070000.avi,2529,motorcycle,1,860.773,19.8
1_01_R_16082025070000.avi,2526,motorcycle,1,861.409,4.7
1_01_R_16082025070000.avi,2534,motorcycle,1,861.727,17.2
1_01_R_16082025070000.avi,2546,motorcycle,1,862.591,24.7
1_01_R_16082025070000.avi,2530,car,2,863.136,23.3
1_01_R_16082025070000.avi,2576,motorcycle,1,865.227,24.7
1_01_R_16082025070000.avi,2574,car,2,865.409,16.5
1_01_R_16082025070000.avi,2583,motorcycle,1,865.818,24.7
1_01_R_16082025070000.avi,2587,car,2,867.045,14.1
1_01_R_16082025070000.avi,2594,car,2,868.591,22.0
1_01_R_16082025070000.avi,2588,motorcycle,1,868.727,4.7
1_01_R_16082025070000.avi,2584,car,2,868.909,20.8
1_01_R_16082025070000.avi,2597,motorcycle,1,869.273,15.8
1_01_R_16082025070000.avi,2600,car,2,870.045,24.7
1_01_R_16082025070000.avi,2596,car,2,871.5,19.8
1_01_R_16082025070000.avi,2611,car,2,871.545,18.0
1_01_R_16082025070000.avi,2622,car,2,872.636,24.7
1_01_R_16082025070000.avi,2613,truck,6,873.273,18.0
1_01_R_16082025070000.avi,2623,motorcycle,1,873.591,4.7
1_01_R_16082025070000.avi,2635,motorcycle,1,874.182,24.7
1_01_R_16082025070000.avi,2625,car,2,874.864,18.9
1_01_R_16082025070000.avi,2655,motorcycle,1,879.455,24.7
1_01_R_16082025070000.avi,2650,truck,6,880.545,18.9
1_01_R_16082025070000.avi,2660,motorcycle,1,881.182,24.7
1_01_R_16082025070000.avi,2669,motorcycle,1,881.818,26.4
1_01_R_16082025070000.avi,2671,car,2,882.545,20.8
1_01_R_16082025070000.avi,2654,car,2,882.909,19.8
1_01_R_16082025070000.avi,2679,motorcycle,1,884.909,24.7
1_01_R_16082025070000.avi,2674,car,2,885.318,19.8
1_01_R_16082025070000.avi,2677,car,2,887.091,4.7
1_01_R_16082025070000.avi,2691,motorcycle,1,888.045,24.7
1_01_R_16082025070000.avi,2692,motorcycle,1,888.227,24.7
1_01_R_16082025070000.avi,2681,car,2,888.273,18.9
1_01_R_16082025070000.avi,2693,motorcycle,1,888.727,24.7
1_01_R_16082025070000.avi,2687,motorcycle,1,889.182,4.7
1_01_R_16082025070000.avi,2697,motorcycle,1,890.364,24.7
1_01_R_16082025070000.avi,2699,motorcycle,1,890.818,24.7
1_01_R_16082025070000.avi,2694,car,2,891.409,23.3
1_01_R_16082025070000.avi,2703,motorcycle,1,891.682,24.7
1_01_R_16082025070000.avi,2704,motorcycle,1,891.909,26.4
1_01_R_16082025070000.avi,2707,motorcycle,1,892.773,28.3
1_01_R_16082025070000.avi,2710,motorcycle,1,893.318,24.7
1_01_R_16082025070000.avi,2711,motorcycle,1,893.455,24.7
1_01_R_16082025070000.avi,2702,motorcycle,1,893.818,4.7
1_01_R_16082025070000.avi,2723,motorcycle,1,896.364,24.7
1_01_R_16082025070000.avi,2721,car,2,896.818,23.3
1_01_R_16082025070000.avi,2746,motorcycle,1,899.318,24.7
1_01_R_16082025070000.avi,2719,truck,6,900.136,15.8
1_01_R_16082025070000.avi,2756,motorcycle,1,900.182,24.7
1_01_R_16082025070000.avi,2728,car,3,900.318,4.7
1_01_R_16082025070000.avi,2754,motorcycle,1,902.455,4.7
1_01_R_16082025070000.avi,2769,car,2,902.864,23.3
1_01_R_16082025070000.avi,2771,motorcycle,1,902.909,10.2
1_01_R_16082025070000.avi,2762,motorcycle,1,903.364,4.7
1_01_R_16082025070000.avi,2764,motorcycle,1,903.364,4.7
1_01_R_16082025070000.avi,2768,motorcycle,1,903.818,4.7
1_01_R_16082025070000.avi,2777,motorcycle,1,904.591,14.7
1_01_R_16082025070000.avi,2772,car,2,906.682,15.8
1_01_R_16082025070000.avi,2776,car,3,907.091,4.7
1_01_R_16082025070000.avi,2790,motorcycle,1,908.545,24.7
1_01_R_16082025070000.avi,2780,car,2,908.727,13.7
1_01_R_16082025070000.avi,2786,motorcycle,1,909.318,4.7
1_01_R_16082025070000.avi,2789,car,2,909.682,22.0
1_01_R_16082025070000.avi,2802,motorcycle,1,911.955,19.8
1_01_R_16082025070000.avi,2791,motorcycle,1,912.227,4.7
1_01_R_16082025070000.avi,2799,car,2,912.273,23.3
1_01_R_16082025070000.avi,2793,car,2,912.5,18.0
1_01_R_16082025070000.avi,2794,motorcycle,1,912.636,4.7
1_01_R_16082025070000.avi,2795,motorcycle,1,912.773,4.7
1_01_R_16082025070000.avi,2801,motorcycle,1,913.591,4.7
1_01_R_16082025070000.avi,2805,motorcycle,1,913.591,23.3
1_01_R_16082025070000.avi,2803,motorcycle,1,913.818,4.7
1_01_R_16082025070000.avi,2807,motorcycle,1,914.045,22.0
1_01_R_16082025070000.avi,2804,motorcycle,1,914.636,4.7
1_01_R_16082025070000.avi,2806,motorcycle,1,915.545,4.7
1_01_R_16082025070000.avi,2810,motorcycle,1,916.5,4.7
1_01_R_16082025070000.avi,2814,motorcycle,1,916.545,20.8
1_01_R_16082025070000.avi,2816,motorcycle,1,918.0,24.7
1_01_R_16082025070000.avi,2822,motorcycle,1,919.364,24.7
1_01_R_16082025070000.avi,2823,motorcycle,1,919.682,33.0
1_01_R_16082025070000.avi,2826,car,3,921.227,11.6
1_01_R_16082025070000.avi,2828,car,2,922.409,18.9
1_01_R_16082025070000.avi,2833,motorcycle,1,923.727,4.7
1_01_R_16082025070000.avi,2830,car,3,923.818,23.3
1_01_R_16082025070000.avi,2835,car,2,924.182,17.2
1_01_R_16082025070000.avi,2839,motorcycle,1,924.682,24.7
1_01_R_16082025070000.avi,2836,motorcycle,1,924.909,4.7
1_01_R_16082025070000.avi,2834,car,2,925.045,20.8
1_01_R_16082025070000.avi,2837,car,2,926.0,22.0
1_01_R_16082025070000.avi,2840,car,2,926.091,20.8
1_01_R_16082025070000.avi,2857,motorcycle,1,927.773,20.8
1_01_R_16082025070000.avi,2862,motorcycle,1,928.636,30.5
1_01_R_16082025070000.avi,2865,motorcycle,1,928.864,24.7
1_01_R_16082025070000.avi,2851,car,2,929.273,20.8
1_01_R_16082025070000.avi,2869,motorcycle,1,930.818,24.7
1_01_R_16082025070000.avi,2871,motorcycle,1,931.636,24.7
1_01_R_16082025070000.avi,2874,motorcycle,1,931.773,24.7
1_01_R_16082025070000.avi,2875,car,3,932.864,9.2
1_01_R_16082025070000.avi,2881,motorcycle,1,933.545,24.7
1_01_R_16082025070000.avi,2877,car,2,933.909,22.0
1_01_R_16082025070000.avi,2898,motorcycle,1,935.364,20.8
1_01_R_16082025070000.avi,2900,motorcycle,1,935.682,19.8
1_01_R_16082025070000.avi,2908,motorcycle,1,936.591,20.8
1_01_R_16082025070000.avi,2899,motorcycle,1,937.136,4.7
1_01_R_16082025070000.avi,2910,car,2,938.227,22.0
1_01_R_16082025070000.avi,2917,car,2,939.409,28.3
1_01_R_16082025070000.avi,2918,car,2,939.545,22.0
1_01_R_16082025070000.avi,2936,motorcycle,1,940.455,28.3
1_01_R_16082025070000.avi,2941,motorcycle,1,941.682,24.7
1_01_R_16082025070000.avi,2943,motorcycle,1,941.864,28.3
1_01_R_16082025070000.avi,2946,motorcycle,1,943.045,24.7
1_01_R_16082025070000.avi,2948,motorcycle,1,944.682,24.7
1_01_R_16082025070000.avi,2950,motorcycle,1,945.545,22.0
1_01_R_16082025070000.avi,2953,motorcycle,1,946.909,23.3
1_01_R_16082025070000.avi,2955,car,2,949.318,24.7
1_01_R_16082025070000.avi,2956,car,2,951.455,26.4
1_01_R_16082025070000.avi,2963,motorcycle,1,953.455,26.4
1_01_R_16082025070000.avi,2962,motorcycle,1,953.727,22.0
1_01_R_16082025070000.avi,2959,motorcycle,1,954.682,28.3
1_01_R_16082025070000.avi,2964,car,2,955.591,23.3
1_01_R_16082025070000.avi,2966,motorcycle,1,956.773,26.4
1_01_R_16082025070000.avi,2965,motorcycle,1,957.409,4.7
1_01_R_16082025070000.avi,2967,motorcycle,1,957.955,24.7
1_01_R_16082025070000.avi,2972,motorcycle,1,958.773,24.7
1_01_R_16082025070000.avi,2974,motorcycle,1,959.818,20.8
1_01_R_16082025070000.avi,2977,motorcycle,1,960.136,22.0
1_01_R_16082025070000.avi,2979,car,2,960.864,23.3
1_01_R_16082025070000.avi,2984,motorcycle,1,962.727,30.5
1_01_R_16082025070000.avi,2992,car,3,962.955,18.0
1_01_R_16082025070000.avi,2994,car,2,963.909,28.3
1_01_R_16082025070000.avi,2987,car,3,964.636,22.0
1_01_R_16082025070000.avi,2998,motorcycle,1,965.273,20.8
1_01_R_16082025070000.avi,2995,car,2,965.409,24.7
1_01_R_16082025070000.avi,3002,motorcycle,1,966.909,17.2
1_01_R_16082025070000.avi,3003,motorcycle,1,967.0,24.7
1_01_R_16082025070000.avi,2996,motorcycle,1,967.318,4.7
1_01_R_16082025070000.avi,3007,motorcycle,1,968.818,26.4
1_01_R_16082025070000.avi,3010,motorcycle,1,969.318,24.7
1_01_R_16082025070000.avi,3014,motorcycle,1,970.045,24.7
1_01_R_16082025070000.avi,3008,motorcycle,1,970.636,4.7
1_01_R_16082025070000.avi,3023,motorcycle,1,971.045,28.3
1_01_R_16082025070000.avi,3035,motorcycle,1,972.545,24.7
1_01_R_16082025070000.avi,3040,motorcycle,1,973.455,24.7
1_01_R_16082025070000.avi,3036,motorcycle,1,973.5,24.7
1_01_R_16082025070000.avi,3031,motorcycle,1,974.955,4.7
1_01_R_16082025070000.avi,3045,motorcycle,1,975.364,28.3
1_01_R_16082025070000.avi,3051,motorcycle,1,976.318,28.3
1_01_R_16082025070000.avi,3046,car,2,977.227,30.5
1_01_R_16082025070000.avi,3048,motorcycle,1,977.545,4.7
1_01_R_16082025070000.avi,3053,motorcycle,1,977.682,24.7
1_01_R_16082025070000.avi,3054,motorcycle,1,978.409,24.7
1_01_R_16082025070000.avi,3052,motorcycle,1,978.909,4.7
1_01_R_16082025070000.avi,3055,motorcycle,1,979.0,24.7
1_01_R_16082025070000.avi,3056,motorcycle,1,980.136,23.3
1_01_R_16082025070000.avi,3059,motorcycle,1,981.818,24.7
1_01_R_16082025070000.avi,3060,motorcycle,1,982.591,39.6
1_01_R_16082025070000.avi,3065,motorcycle,1,983.091,26.4
1_01_R_16082025070000.avi,3080,motorcycle,1,987.136,26.4
1_01_R_16082025070000.avi,3076,motorcycle,1,988.182,23.3
1_01_R_16082025070000.avi,3085,motorcycle,1,988.545,24.7
1_01_R_16082025070000.avi,3086,motorcycle,1,988.727,24.7
1_01_R_16082025070000.avi,3081,car,2,989.591,26.4
1_01_R_16082025070000.avi,3090,motorcycle,1,990.455,30.5
1_01_R_16082025070000.avi,3093,motorcycle,1,991.045,66.0
1_01_R_16082025070000.avi,3087,car,2,991.227,26.4
1_01_R_16082025070000.avi,3095,motorcycle,1,992.727,28.3
1_01_R_16082025070000.avi,3096,motorcycle,1,994.545,26.4
1_01_R_16082025070000.avi,3097,car,3,997.273,22.0
1_01_R_16082025070000.avi,3098,motorcycle,1,997.318,39.6
1_01_R_16082025070000.avi,3101,car,2,998.045,33.0
1_01_R_16082025070000.avi,3102,car,2,999.727,33.0
1_01_R_16082025070000.avi,3104,car,3,1000.773,30.5
1_01_R_16082025070000.avi,3120,motorcycle,1,1000.955,30.5
1_01_R_16082025070000.avi,3127,motorcycle,1,1002.682,20.8
1_01_R_16082025070000.avi,3130,car,2,1002.909,22.0
1_01_R_16082025070000.avi,3133,motorcycle,1,1003.091,24.7
1_01_R_16082025070000.avi,3134,motorcycle,1,1003.545,24.7
1_01_R_16082025070000.avi,3136,motorcycle,1,1003.818,24.7
1_01_R_16082025070000.avi,3142,motorcycle,1,1005.227,12.0
1_01_R_16082025070000.avi,3139,motorcycle,1,1005.318,23.3
1_01_R_16082025070000.avi,3122,car,3,1005.773,14.1
1_01_R_16082025070000.avi,3148,motorcycle,1,1007.727,4.7
1_01_R_16082025070000.avi,3151,motorcycle,1,1008.682,4.7
1_01_R_16082025070000.avi,3155,motorcycle,1,1009.0,20.8
1_01_R_16082025070000.avi,3152,motorcycle,1,1009.364,4.7
1_01_R_16082025070000.avi,3153,motorcycle,1,1009.955,4.7
1_01_R_16082025070000.avi,3157,motorcycle,1,1010.773,4.7
1_01_R_16082025070000.avi,3159,motorcycle,1,1010.864,4.7
1_01_R_16082025070000.avi,3161,motorcycle,1,1010.955,4.7
1_01_R_16082025070000.avi,3162,motorcycle,1,1011.591,4.7
1_01_R_16082025070000.avi,3164,motorcycle,1,1011.591,4.7
1_01_R_16082025070000.avi,3166,car,2,1012.045,26.4
1_01_R_16082025070000.avi,3171,motorcycle,1,1013.227,22.0
1_01_R_16082025070000.avi,3172,motorcycle,1,1013.409,23.3
1_01_R_16082025070000.avi,3175,motorcycle,1,1013.864,24.7
1_01_R_16082025070000.avi,3167,motorcycle,1,1013.955,4.7
1_01_R_16082025070000.avi,3168,motorcycle,1,1014.045,4.7
1_01_R_16082025070000.avi,3170,motorcycle,1,1015.0,4.7
1_01_R_16082025070000.avi,3173,motorcycle,1,1015.364,4.7
1_01_R_16082025070000.avi,3174,motorcycle,1,1015.864,4.7
1_01_R_16082025070000.avi,3181,motorcycle,1,1016.773,4.7
1_01_R_16082025070000.avi,3186,car,2,1016.909,13.7
1_01_R_16082025070000.avi,3182,motorcycle,1,1017.091,4.7
1_01_R_16082025070000.avi,3193,motorcycle,1,1017.864,4.7
1_01_R_16082025070000.avi,3188,motorcycle,1,1017.955,4.7
1_01_R_16082025070000.avi,3190,motorcycle,1,1018.091,4.7
1_01_R_16082025070000.avi,3206,motorcycle,1,1018.455,18.0
1_01_R_16082025070000.avi,3194,motorcycle,1,1019.273,4.7
1_01_R_16082025070000.avi,3195,motorcycle,1,1019.318,4.7
1_01_R_16082025070000.avi,3196,motorcycle,1,1019.545,4.7
1_01_R_16082025070000.avi,3200,motorcycle,1,1019.545,4.7
1_01_R_16082025070000.avi,3216,car,2,1019.909,18.9
1_01_R_16082025070000.avi,3203,motorcycle,1,1020.227,4.7
1_01_R_16082025070000.avi,3222,car,2,1020.818,18.0
1_01_R_16082025070000.avi,3209,motorcycle,1,1021.636,4.7
1_01_R_16082025070000.avi,3221,motorcycle,1,1022.636,4.7
1_01_R_16082025070000.avi,3239,motorcycle,1,1023.591,17.2
1_01_R_16082025070000.avi,3229,car,2,1023.818,23.3
1_01_R_16082025070000.avi,3230,motorcycle,1,1023.909,4.7
1_01_R_16082025070000.avi,3232,motorcycle,1,1024.227,4.7
1_01_R_16082025070000.avi,3233,motorcycle,1,1024.591,4.7
1_01_R_16082025070000.avi,3251,motorcycle,1,1024.636,24.7
1_01_R_16082025070000.avi,3252,car,2,1025.773,17.2
1_01_R_16082025070000.avi,3254,car,2,1026.364,18.0
1_01_R_16082025070000.avi,3266,motorcycle,1,1028.318,24.7
1_01_R_16082025070000.avi,3264,car,2,1028.773,18.0
1_01_R_16082025070000.avi,3258,car,2,1030.318,20.8
1_01_R_16082025070000.avi,3273,motorcycle,1,1030.364,24.7
1_01_R_16082025070000.avi,3272,car,2,1030.409,19.8
1_01_R_16082025070000.avi,3268,car,2,1031.409,18.9
1_01_R_16082025070000.avi,3275,motorcycle,1,1031.682,23.3
1_01_R_16082025070000.avi,3276,motorcycle,1,1031.818,20.8
1_01_R_16082025070000.avi,3277,motorcycle,1,1032.455,22.0
1_01_R_16082025070000.avi,3274,car,2,1033.636,19.8
1_01_R_16082025070000.avi,3283,car,2,1034.364,19.8
1_01_R_16082025070000.avi,3287,motorcycle,1,1035.773,24.7
1_01_R_16082025070000.avi,3280,car,2,1036.045,19.8
1_01_R_16082025070000.avi,3293,motorcycle,1,1036.818,22.0
1_01_R_16082025070000.avi,3296,car,2,1037.818,23.3
1_01_R_16082025070000.avi,3300,motorcycle,1,1039.591,22.0
1_01_R_16082025070000.avi,3301,car,2,1039.909,23.3
1_01_R_16082025070000.avi,3306,car,2,1041.727,24.8
1_01_R_16082025070000.avi,3297,car,2,1041.818,15.2
1_01_R_16082025070000.avi,3309,motorcycle,1,1041.909,24.7
1_01_R_16082025070000.avi,3302,motorcycle,1,1042.227,13.2
1_01_R_16082025070000.avi,3328,motorcycle,1,1042.818,24.7
1_01_R_16082025070000.avi,3303,car,2,1043.273,15.2
1_01_R_16082025070000.avi,3332,motorcycle,1,1043.955,19.8
1_01_R_16082025070000.avi,3318,car,2,1045.0,28.3
1_01_R_16082025070000.avi,3327,motorcycle,1,1045.227,4.7
1_01_R_16082025070000.avi,3330,motorcycle,1,1045.545,4.7
1_01_R_16082025070000.avi,3339,motorcycle,1,1045.864,24.7
1_01_R_16082025070000.avi,3342,motorcycle,1,1046.0,24.7
1_01_R_16082025070000.avi,3334,motorcycle,1,1046.045,4.7
1_01_R_16082025070000.avi,3340,car,3,1046.045,18.9
1_01_R_16082025070000.avi,3350,truck,4,1048.091,17.2
1_01_R_16082025070000.avi,3365,motorcycle,1,1050.0,30.5
1_01_R_16082025070000.avi,3343,car,3,1050.273,17.2
1_01_R_16082025070000.avi,3367,car,2,1050.409,20.8
1_01_R_16082025070000.avi,3377,motorcycle,1,1051.727,24.7
1_01_R_16082025070000.avi,3371,motorcycle,1,1052.091,4.7
1_01_R_16082025070000.avi,3387,motorcycle,1,1052.182,24.7
1_01_R_16082025070000.avi,3369,car,2,1052.636,22.0
1_01_R_16082025070000.avi,3389,motorcycle,1,1052.909,24.7
1_01_R_16082025070000.avi,3372,motorcycle,1,1053.227,4.7
1_01_R_16082025070000.avi,3381,motorcycle,1,1053.591,4.7
1_01_R_16082025070000.avi,3398,motorcycle,1,1054.773,28.3
1_01_R_16082025070000.avi,3386,car,2,1054.818,20.8
1_01_R_16082025070000.avi,3400,motorcycle,1,1054.955,24.7
1_01_R_16082025070000.avi,3396,motorcycle,1,1055.5,4.7
1_01_R_16082025070000.avi,3395,car,2,1056.364,20.8
1_01_R_16082025070000.avi,3393,motorcycle,1,1057.091,4.7
1_01_R_16082025070000.avi,3405,car,2,1057.318,26.4
1_01_R_16082025070000.avi,3407,car,3,1059.045,26.4
1_01_R_16082025070000.avi,3406,car,2,1059.864,22.0
1_01_R_16082025070000.avi,3408,car,2,1060.591,28.3
1_01_R_16082025070000.avi,3415,motorcycle,1,1061.909,15.2
1_01_R_16082025070000.avi,3418,motorcycle,1,1063.545,33.0
1_01_R_16082025070000.avi,3414,car,3,1063.682,23.3
1_01_R_16082025070000.avi,3425,motorcycle,1,1064.864,24.7
1_01_R_16082025070000.avi,3419,car,2,1065.955,22.0
1_01_R_16082025070000.avi,3421,motorcycle,1,1066.091,4.7
1_01_R_16082025070000.avi,3428,motorcycle,1,1066.591,24.7
1_01_R_16082025070000.avi,3430,motorcycle,1,1067.136,24.7
1_01_R_16082025070000.avi,3431,car,2,1069.545,26.4
1_01_R_16082025070000.avi,3438,car,2,1072.409,26.4
1_01_R_16082025070000.avi,3439,motorcycle,1,1073.455,20.8
1_01_R_16082025070000.avi,3442,motorcycle,1,1074.045,24.7
1_01_R_16082025070000.avi,3444,car,2,1077.045,24.8
1_01_R_16082025070000.avi,3449,motorcycle,1,1077.909,24.7
1_01_R_16082025070000.avi,3445,car,3,1078.091,23.3
1_01_R_16082025070000.avi,3450,bus,5,1079.818,23.3
1_01_R_16082025070000.avi,3454,motorcycle,1,1080.409,22.0
1_01_R_16082025070000.avi,3457,motorcycle,1,1081.0,22.0
1_01_R_16082025070000.avi,3460,motorcycle,1,1081.0,23.3
1_01_R_16082025070000.avi,3464,motorcycle,1,1081.864,24.7
1_01_R_16082025070000.avi,3477,car,2,1085.182,18.9
1_01_R_16082025070000.avi,3473,motorcycle,1,1085.864,4.7
1_01_R_16082025070000.avi,3475,car,2,1086.682,30.5
1_01_R_16082025070000.avi,3486,motorcycle,1,1087.545,24.7
1_01_R_16082025070000.avi,3480,motorcycle,1,1087.591,4.7
1_01_R_16082025070000.avi,3481,motorcycle,1,1088.091,4.7
1_01_R_16082025070000.avi,3495,motorcycle,1,1089.364,24.7
1_01_R_16082025070000.avi,3484,motorcycle,1,1089.636,4.7
1_01_R_16082025070000.avi,3497,car,2,1089.864,24.7
1_01_R_16082025070000.avi,3503,car,2,1091.409,24.7
1_01_R_16082025070000.avi,3504,car,2,1093.0,26.4
1_01_R_16082025070000.avi,3506,motorcycle,1,1093.5,4.7
1_01_R_16082025070000.avi,3508,motorcycle,1,1093.955,24.7
1_01_R_16082025070000.avi,3511,motorcycle,1,1094.182,24.7
1_01_R_16082025070000.avi,3509,motorcycle,1,1094.227,24.7
1_01_R_16082025070000.avi,3507,motorcycle,1,1094.864,4.7
1_01_R_16082025070000.avi,3512,motorcycle,1,1094.909,24.7
1_01_R_16082025070000.avi,3513,motorcycle,1,1095.136,24.7
1_01_R_16082025070000.avi,3518,motorcycle,1,1096.364,24.7
1_01_R_16082025070000.avi,3514,car,2,1096.545,23.3
1_01_R_16082025070000.avi,3526,motorcycle,1,1098.318,24.7
1_01_R_16082025070000.avi,3536,car,2,1100.545,23.3
1_01_R_16082025070000.avi,3545,motorcycle,1,1100.591,24.7
1_01_R_16082025070000.avi,3531,motorcycle,1,1100.727,4.7
1_01_R_16082025070000.avi,3546,motorcycle,1,1101.591,24.7
1_01_R_16082025070000.avi,3541,motorcycle,1,1102.318,4.7
1_01_R_16082025070000.avi,3548,motorcycle,1,1102.636,24.7
1_01_R_16082025070000.avi,3547,car,2,1102.955,26.4
1_01_R_16082025070000.avi,3549,motorcycle,1,1105.045,4.7
1_01_R_16082025070000.avi,3555,car,2,1105.182,24.7
1_01_R_16082025070000.avi,3554,car,3,1106.318,15.2
1_01_R_16082025070000.avi,3558,car,2,1107.182,23.3
1_01_R_16082025070000.avi,3562,motorcycle,1,1108.091,36.0
1_01_R_16082025070000.avi,3561,car,2,1108.5,28.3
1_01_R_16082025070000.avi,3564,motorcycle,1,1109.955,23.3
1_01_R_16082025070000.avi,3566,motorcycle,1,1110.182,24.7
1_01_R_16082025070000.avi,3569,motorcycle,1,1111.818,24.7
1_01_R_16082025070000.avi,3574,motorcycle,1,1112.773,24.7
1_01_R_16082025070000.avi,3575,motorcycle,1,1113.773,24.7
1_01_R_16082025070000.avi,3577,motorcycle,1,1113.909,24.7
1_01_R_16082025070000.avi,3580,motorcycle,1,1114.091,24.7
1_01_R_16082025070000.avi,3578,motorcycle,1,1115.045,4.7
1_01_R_16082025070000.avi,3594,motorcycle,1,1116.818,20.8
1_01_R_16082025070000.avi,3599,motorcycle,1,1118.545,24.7
1_01_R_16082025070000.avi,3602,motorcycle,1,1118.955,24.7
1_01_R_16082025070000.avi,3600,motorcycle,1,1120.455,4.7
1_01_R_16082025070000.avi,3604,motorcycle,1,1123.0,4.7
1_01_R_16082025070000.avi,3606,motorcycle,1,1123.0,28.3
1_01_R_16082025070000.avi,3603,car,3,1123.273,18.0
1_01_R_16082025070000.avi,3607,motorcycle,1,1124.773,36.0
1_01_R_16082025070000.avi,3610,motorcycle,1,1125.318,22.0
1_01_R_16082025070000.avi,3616,motorcycle,1,1126.545,24.7
1_01_R_16082025070000.avi,3609,car,2,1127.455,23.3
1_01_R_16082025070000.avi,3613,car,2,1127.818,20.8
1_01_R_16082025070000.avi,3618,car,2,1129.091,19.8
1_01_R_16082025070000.avi,3622,motorcycle,1,1129.091,36.0
1_01_R_16082025070000.avi,3617,motorcycle,1,1129.818,24.7
1_01_R_16082025070000.avi,3624,motorcycle,1,1130.273,23.3
1_01_R_16082025070000.avi,3626,motorcycle,1,1130.636,22.0
1_01_R_16082025070000.avi,3637,motorcycle,1,1133.955,24.7
1_01_R_16082025070000.avi,3640,motorcycle,1,1135.091,22.0
1_01_R_16082025070000.avi,3638,truck,4,1135.682,18.9
1_01_R_16082025070000.avi,3644,car,2,1137.409,19.8
1_01_R_16082025070000.avi,3641,motorcycle,1,1137.5,4.7
1_01_R_16082025070000.avi,3648,motorcycle,1,1137.727,24.7
1_01_R_16082025070000.avi,3650,motorcycle,1,1138.545,24.7
1_01_R_16082025070000.avi,3649,car,3,1139.591,13.2
1_01_R_16082025070000.avi,3660,motorcycle,1,1139.955,30.5
1_01_R_16082025070000.avi,3662,motorcycle,1,1140.409,23.3
1_01_R_16082025070000.avi,3668,motorcycle,1,1140.409,24.7
1_01_R_16082025070000.avi,3676,motorcycle,1,1140.909,24.7
1_01_R_16082025070000.avi,3664,car,2,1141.227,18.9
1_01_R_16082025070000.avi,3656,car,2,1142.091,22.0
1_01_R_16082025070000.avi,3685,truck,4,1143.591,19.8
1_01_R_16082025070000.avi,3690,car,2,1145.455,18.9
1_01_R_16082025070000.avi,3699,motorcycle,1,1148.136,23.3
1_01_R_16082025070000.avi,3704,motorcycle,1,1149.409,22.0
1_01_R_16082025070000.avi,3700,truck,6,1149.955,19.8
1_01_R_16082025070000.avi,3705,motorcycle,1,1149.955,22.0
1_01_R_16082025070000.avi,3707,motorcycle,1,1151.591,23.3
1_01_R_16082025070000.avi,3706,car,2,1152.273,20.8
1_01_R_16082025070000.avi,3709,car,2,1153.636,19.8
1_01_R_16082025070000.avi,3711,motorcycle,1,1154.955,33.0
1_01_R_16082025070000.avi,3712,motorcycle,1,1155.727,20.8
1_01_R_16082025070000.avi,3713,motorcycle,1,1157.091,26.4
1_01_R_16082025070000.avi,3714,motorcycle,1,1158.136,24.8
1_01_R_16082025070000.avi,3715,car,2,1159.5,19.8
1_01_R_16082025070000.avi,3719,motorcycle,1,1160.864,26.4
1_01_R_16082025070000.avi,3716,car,2,1161.318,23.3
1_01_R_16082025070000.avi,3720,motorcycle,1,1161.455,44.0
1_01_R_16082025070000.avi,3721,motorcycle,1,1161.636,24.7
1_01_R_16082025070000.avi,3723,motorcycle,1,1162.818,24.7
1_01_R_16082025070000.avi,3727,motorcycle,1,1163.045,24.7
1_01_R_16082025070000.avi,3730,motorcycle,1,1164.5,24.7
1_01_R_16082025070000.avi,3729,car,2,1164.636,24.8
1_01_R_16082025070000.avi,3735,motorcycle,1,1166.455,24.7
1_01_R_16082025070000.avi,3731,motorcycle,1,1166.682,36.0
1_01_R_16082025070000.avi,3740,motorcycle,1,1167.5,24.7
1_01_R_16082025070000.avi,3739,car,2,1168.0,26.4
1_01_R_16082025070000.avi,3742,car,2,1168.909,30.5
1_01_R_16082025070000.avi,3744,motorcycle,1,1169.682,26.4
1_01_R_16082025070000.avi,3745,motorcycle,1,1170.409,20.8
1_01_R_16082025070000.avi,3746,motorcycle,1,1171.0,26.4
1_01_R_16082025070000.avi,3747,car,2,1172.318,26.4
1_01_R_16082025070000.avi,3748,motorcycle,1,1173.773,4.7
1_01_R_16082025070000.avi,3749,motorcycle,1,1174.636,4.7
1_01_R_16082025070000.avi,3752,car,2,1174.727,23.3
1_01_R_16082025070000.avi,3759,motorcycle,1,1174.773,24.7
1_01_R_16082025070000.avi,3754,motorcycle,1,1175.591,4.7
1_01_R_16082025070000.avi,3755,motorcycle,1,1175.591,4.7
1_01_R_16082025070000.avi,3753,motorcycle,1,1175.727,4.7
1_01_R_16082025070000.avi,3762,motorcycle,1,1176.091,24.7
1_01_R_16082025070000.avi,3756,motorcycle,1,1176.773,4.7
1_01_R_16082025070000.avi,3764,motorcycle,1,1176.818,24.7
1_01_R_16082025070000.avi,3763,motorcycle,1,1177.909,4.7
1_01_R_16082025070000.avi,3768,car,2,1178.318,24.7
1_01_R_16082025070000.avi,3765,motorcycle,1,1178.909,4.7
1_01_R_16082025070000.avi,3774,motorcycle,1,1179.091,24.7
1_01_R_16082025070000.avi,3766,motorcycle,1,1179.136,4.7
1_01_R_16082025070000.avi,3769,motorcycle,1,1179.773,4.7
1_01_R_16082025070000.avi,3778,car,3,1180.091,24.7
1_01_R_16082025070000.avi,3785,motorcycle,1,1180.591,24.7
1_01_R_16082025070000.avi,3773,motorcycle,1,1180.955,4.7
1_01_R_16082025070000.avi,3791,motorcycle,1,1181.045,24.7
1_01_R_16082025070000.avi,3779,motorcycle,1,1181.227,4.7
1_01_R_16082025070000.avi,3797,motorcycle,1,1181.273,24.7
1_01_R_16082025070000.avi,3776,motorcycle,1,1181.455,4.7
1_01_R_16082025070000.avi,3783,motorcycle,1,1182.364,4.7
1_01_R_16082025070000.avi,3786,motorcycle,1,1182.636,4.7
1_01_R_16082025070000.avi,3789,motorcycle,1,1182.955,4.7
1_01_R_16082025070000.avi,3814,motorcycle,1,1183.773,4.7
1_01_R_16082025070000.avi,3803,motorcycle,1,1184.045,4.7
1_01_R_16082025070000.avi,3792,motorcycle,1,1184.136,4.7
1_01_R_16082025070000.avi,3808,motorcycle,1,1184.773,4.7
1_01_R_16082025070000.avi,3804,motorcycle,1,1184.864,4.7
1_01_R_16082025070000.avi,3824,motorcycle,1,1185.091,4.7
1_01_R_16082025070000.avi,3826,motorcycle,1,1185.136,24.7
1_01_R_16082025070000.avi,3813,motorcycle,1,1185.727,4.7
1_01_R_16082025070000.avi,3818,motorcycle,1,1185.773,4.7
1_01_R_16082025070000.avi,3830,motorcycle,1,1186.227,24.7
1_01_R_16082025070000.avi,3829,car,2,1186.364,26.4
1_01_R_16082025070000.avi,3827,motorcycle,1,1187.409,4.7
1_01_R_16082025070000.avi,3837,motorcycle,1,1187.591,26.4
1_01_R_16082025070000.avi,3847,motorcycle,1,1189.909,24.7
1_01_R_16082025070000.avi,3848,motorcycle,1,1190.136,24.7
1_01_R_16082025070000.avi,3842,car,2,1190.818,23.3
1_01_R_16082025070000.avi,3858,motorcycle,1,1191.545,24.7
1_01_R_16082025070000.avi,3849,car,3,1191.682,13.2
1_01_R_16082025070000.avi,3846,car,2,1192.182,23.3
1_01_R_16082025070000.avi,3863,motorcycle,1,1193.091,49.5
1_01_R_16082025070000.avi,3852,car,2,1193.409,20.8
1_01_R_16082025070000.avi,3881,motorcycle,1,1194.818,24.7
1_01_R_16082025070000.avi,3880,motorcycle,1,1194.864,24.7
1_01_R_16082025070000.avi,3870,motorcycle,1,1195.045,4.7
1_01_R_16082025070000.avi,3867,car,3,1195.591,18.0
1_01_R_16082025070000.avi,3876,car,2,1197.182,18.0
1_01_R_16082025070000.avi,3888,motorcycle,1,1197.591,26.4
1_01_R_16082025070000.avi,3891,car,2,1198.182,18.0
1_01_R_16082025070000.avi,3895,motorcycle,1,1199.273,24.7
1_01_R_16082025070000.avi,3885,car,2,1199.773,17.2
1_01_R_16082025070000.avi,3897,truck,4,1200.5,20.8
1_01_R_16082025070000.avi,3893,car,2,1201.682,19.8
1_01_R_16082025070000.avi,3899,car,3,1201.909,20.8
1_01_R_16082025070000.avi,3903,motorcycle,1,1202.0,24.7
1_01_R_16082025070000.avi,3898,car,2,1202.955,22.0
1_01_R_16082025070000.avi,3914,motorcycle,1,1203.909,24.7
1_01_R_16082025070000.avi,3900,car,2,1204.045,18.9
1_01_R_16082025070000.avi,3902,car,2,1205.182,4.7
1_01_R_16082025070000.avi,3906,motorcycle,1,1205.273,4.7
1_01_R_16082025070000.avi,3925,car,2,1207.318,24.7
1_01_R_16082025070000.avi,3919,car,2,1207.773,20.8
1_01_R_16082025070000.avi,3930,motorcycle,1,1208.136,24.7
1_01_R_16082025070000.avi,3923,motorcycle,1,1208.682,4.7
1_01_R_16082025070000.avi,3931,car,2,1209.545,22.0
1_01_R_16082025070000.avi,3933,car,2,1210.773,23.3
1_01_R_16082025070000.avi,3932,car,2,1211.136,4.7
1_01_R_16082025070000.avi,3939,motorcycle,1,1211.591,23.3
1_01_R_16082025070000.avi,3934,motorcycle,1,1212.091,4.7
1_01_R_16082025070000.avi,3943,motorcycle,1,1212.273,24.7
1_01_R_16082025070000.avi,3936,motorcycle,1,1212.545,4.7
1_01_R_16082025070000.avi,3945,motorcycle,1,1212.818,24.7
1_01_R_16082025070000.avi,3938,motorcycle,1,1212.864,4.7
1_01_R_16082025070000.avi,3937,car,2,1213.045,23.3
1_01_R_16082025070000.avi,3947,motorcycle,1,1213.273,24.7
1_01_R_16082025070000.avi,3940,motorcycle,1,1213.636,4.7
1_01_R_16082025070000.avi,3941,motorcycle,1,1214.545,4.7
1_01_R_16082025070000.avi,3948,motorcycle,1,1214.545,26.4
1_01_R_16082025070000.avi,3951,truck,6,1217.455,4.7
1_01_R_16082025070000.avi,3959,car,3,1217.545,24.7
1_01_R_16082025070000.avi,3963,motorcycle,1,1218.091,24.7
1_01_R_16082025070000.avi,3956,motorcycle,1,1218.273,4.7
1_01_R_16082025070000.avi,3957,motorcycle,1,1218.455,4.7
1_01_R_16082025070000.avi,3960,motorcycle,1,1220.0,4.7
1_01_R_16082025070000.avi,3965,motorcycle,1,1220.273,4.7
1_01_R_16082025070000.avi,3966,truck,7,1222.455,17.2
1_01_R_16082025070000.avi,3967,motorcycle,1,1223.091,26.4
1_01_R_16082025070000.avi,3968,motorcycle,1,1223.455,28.3
1_01_R_16082025070000.avi,3983,car,2,1225.364,18.9
1_01_R_16082025070000.avi,3989,car,2,1227.182,18.9
1_01_R_16082025070000.avi,3991,motorcycle,1,1227.273,23.3
1_01_R_16082025070000.avi,3993,motorcycle,1,1227.273,24.7
1_01_R_16082025070000.avi,3994,car,2,1229.136,33.0
1_01_R_16082025070000.avi,4002,car,2,1229.909,19.8
1_01_R_16082025070000.avi,4006,motorcycle,1,1230.091,24.7
1_01_R_16082025070000.avi,4013,motorcycle,1,1232.136,18.9
1_01_R_16082025070000.avi,4014,motorcycle,1,1232.182,19.8
1_01_R_16082025070000.avi,4015,car,2,1233.455,19.8
1_01_R_16082025070000.avi,4012,car,3,1233.955,10.7
1_01_R_16082025070000.avi,4025,motorcycle,1,1235.091,19.8
1_01_R_16082025070000.avi,4023,car,2,1235.591,18.0
1_01_R_16082025070000.avi,4032,motorcycle,1,1235.818,24.7
1_01_R_16082025070000.avi,4029,car,2,1237.136,18.9
1_01_R_16082025070000.avi,4041,motorcycle,1,1237.364,4.7
1_01_R_16082025070000.avi,4050,truck,4,1239.091,17.2
1_01_R_16082025070000.avi,4055,car,3,1240.5,19.8
1_01_R_16082025070000.avi,4070,motorcycle,1,1240.773,24.7
1_01_R_16082025070000.avi,4069,motorcycle,1,1240.909,33.0
1_01_R_16082025070000.avi,4064,motorcycle,1,1242.227,4.7
1_01_R_16082025070000.avi,4079,car,2,1242.5,19.8
1_01_R_16082025070000.avi,4081,car,2,1243.591,19.8
1_01_R_16082025070000.avi,4082,car,3,1244.045,11.6
1_01_R_16082025070000.avi,4075,car,3,1244.455,15.8
1_01_R_16082025070000.avi,4089,motorcycle,1,1245.091,24.7
1_01_R_16082025070000.avi,4091,car,2,1245.273,19.8
1_01_R_16082025070000.avi,4102,motorcycle,1,1246.273,24.7
1_01_R_16082025070000.avi,4099,car,2,1247.182,28.3
1_01_R_16082025070000.avi,4103,car,2,1247.364,19.8
1_01_R_16082025070000.avi,4107,motorcycle,1,1248.591,20.8
1_01_R_16082025070000.avi,4111,motorcycle,1,1249.227,24.7
1_01_R_16082025070000.avi,4104,motorcycle,1,1249.273,15.2
1_01_R_16082025070000.avi,4119,car,2,1250.955,24.7
1_01_R_16082025070000.avi,4115,motorcycle,1,1251.5,4.7
1_01_R_16082025070000.avi,4133,truck,4,1253.136,23.3
1_01_R_16082025070000.avi,4139,motorcycle,1,1254.591,24.7
1_01_R_16082025070000.avi,4140,car,2,1257.409,23.3
1_01_R_16082025070000.avi,4142,motorcycle,1,1257.818,28.3
1_01_R_16082025070000.avi,4143,motorcycle,1,1262.591,4.7
1_01_R_16082025070000.avi,4146,car,2,1263.455,28.3
1_01_R_16082025070000.avi,4147,car,2,1264.955,28.3
1_01_R_16082025070000.avi,4148,motorcycle,1,1265.182,30.5
1_01_R_16082025070000.avi,4149,motorcycle,1,1266.0,30.5
1_01_R_16082025070000.avi,4150,car,2,1267.182,26.4
1_01_R_16082025070000.avi,4155,motorcycle,1,1268.545,23.3
1_01_R_16082025070000.avi,4156,car,2,1269.045,26.4
1_01_R_16082025070000.avi,4153,motorcycle,1,1269.727,24.7
1_01_R_16082025070000.avi,4161,car,2,1270.045,24.8
1_01_R_16082025070000.avi,4167,car,2,1271.455,26.4
1_01_R_16082025070000.avi,4168,car,2,1272.545,30.5
1_01_R_16082025070000.avi,4173,motorcycle,1,1272.591,24.7
1_01_R_16082025070000.avi,4174,motorcycle,1,1273.091,24.7
1_01_R_16082025070000.avi,4176,motorcycle,1,1274.773,22.0
1_01_R_16082025070000.avi,4180,motorcycle,1,1275.955,36.0
1_01_R_16082025070000.avi,4183,motorcycle,1,1276.045,24.7
1_01_R_16082025070000.avi,4186,car,2,1278.0,28.3
1_01_R_16082025070000.avi,4194,motorcycle,1,1279.545,24.7
1_01_R_16082025070000.avi,4193,motorcycle,1,1279.636,24.7
1_01_R_16082025070000.avi,4190,motorcycle,1,1280.091,4.7
1_01_R_16082025070000.avi,4200,motorcycle,1,1280.136,24.7
1_01_R_16082025070000.avi,4195,motorcycle,1,1280.227,24.7
1_01_R_16082025070000.avi,4198,motorcycle,1,1280.682,24.7
1_01_R_16082025070000.avi,4207,car,2,1282.636,24.7
1_01_R_16082025070000.avi,4212,motorcycle,1,1283.773,24.7
1_01_R_16082025070000.avi,4209,motorcycle,1,1283.909,4.7
1_01_R_16082025070000.avi,4211,car,2,1284.136,28.3
1_01_R_16082025070000.avi,4215,motorcycle,1,1285.409,24.7
1_01_R_16082025070000.avi,4203,motorcycle,1,1285.818,4.7
1_01_R_16082025070000.avi,4225,motorcycle,1,1286.909,24.7
1_01_R_16082025070000.avi,4222,motorcycle,1,1286.955,28.3
1_01_R_16082025070000.avi,4230,motorcycle,1,1287.864,18.0
1_01_R_16082025070000.avi,4235,car,2,1289.318,18.0
1_01_R_16082025070000.avi,4243,motorcycle,1,1290.318,24.7
1_01_R_16082025070000.avi,4240,car,2,1291.045,19.8
1_01_R_16082025070000.avi,4247,motorcycle,1,1292.318,24.7
1_01_R_16082025070000.avi,4244,car,2,1292.682,28.3
1_01_R_16082025070000.avi,4253,car,2,1293.636,26.4
1_01_R_16082025070000.avi,4256,motorcycle,1,1295.273,24.7
1_01_R_16082025070000.avi,4259,car,2,1296.227,30.5
1_01_R_16082025070000.avi,4266,motorcycle,1,1296.818,24.7
1_01_R_16082025070000.avi,4257,car,2,1296.955,22.0
1_01_R_16082025070000.avi,4267,motorcycle,1,1297.818,24.7
1_01_R_16082025070000.avi,4268,car,2,1297.955,28.3
1_01_R_16082025070000.avi,4272,motorcycle,1,1300.227,44.0
1_01_R_16082025070000.avi,4283,car,2,1302.727,24.8
1_01_R_16082025070000.avi,4290,motorcycle,1,1303.273,24.7
1_01_R_16082025070000.avi,4291,motorcycle,1,1305.227,24.7
1_01_R_16082025070000.avi,4292,motorcycle,1,1307.045,26.4
1_01_R_16082025070000.avi,4295,car,2,1307.591,30.5
1_01_R_16082025070000.avi,4296,car,2,1308.318,30.5
1_01_R_16082025070000.avi,4301,motorcycle,1,1309.409,20.8
1_01_R_16082025070000.avi,4304,motorcycle,1,1310.591,24.7
1_01_R_16082025070000.avi,4298,car,2,1311.045,20.8
1_01_R_16082025070000.avi,4305,motorcycle,1,1311.545,36.0
1_01_R_16082025070000.avi,4306,motorcycle,1,1312.227,24.8
1_01_R_16082025070000.avi,4308,motorcycle,1,1314.182,36.0
1_01_R_16082025070000.avi,4309,motorcycle,1,1314.409,23.3
1_01_R_16082025070000.avi,4310,motorcycle,1,1315.182,26.4
1_01_R_16082025070000.avi,4312,motorcycle,1,1317.5,36.0
1_01_R_16082025070000.avi,4313,motorcycle,1,1320.182,28.3
1_01_R_16082025070000.avi,4316,motorcycle,1,1320.682,30.5
1_01_R_16082025070000.avi,4318,car,2,1323.455,19.8
1_01_R_16082025070000.avi,4320,motorcycle,1,1324.318,39.6
1_01_R_16082025070000.avi,4321,motorcycle,1,1324.455,24.7
1_01_R_16082025070000.avi,4324,motorcycle,1,1327.045,33.0
1_01_R_16082025070000.avi,4325,motorcycle,1,1329.955,26.4
1_01_R_16082025070000.avi,4326,motorcycle,1,1329.955,33.0
1_01_R_16082025070000.avi,4329,motorcycle,1,1332.955,33.0
1_01_R_16082025070000.avi,4332,motorcycle,1,1334.409,30.5
1_01_R_16082025070000.avi,4335,motorcycle,1,1335.182,33.0
1_01_R_16082025070000.avi,4331,car,2,1336.364,24.7
1_01_R_16082025070000.avi,4336,motorcycle,1,1336.727,4.7
1_01_R_16082025070000.avi,4337,motorcycle,1,1337.455,4.7
1_01_R_16082025070000.avi,4339,car,2,1338.818,23.3
1_01_R_16082025070000.avi,4338,motorcycle,1,1338.864,4.7
1_01_R_16082025070000.avi,4349,motorcycle,1,1341.727,14.1
1_01_R_16082025070000.avi,4344,motorcycle,1,1342.773,4.7
1_01_R_16082025070000.avi,4342,motorcycle,1,1342.864,4.7
1_01_R_16082025070000.avi,4347,motorcycle,1,1342.955,4.7
1_01_R_16082025070000.avi,4352,motorcycle,1,1344.091,4.7
1_01_R_16082025070000.avi,4353,motorcycle,1,1344.136,4.7
1_01_R_16082025070000.avi,4358,motorcycle,1,1345.091,24.7
1_01_R_16082025070000.avi,4355,motorcycle,1,1345.727,4.7
1_01_R_16082025070000.avi,4356,motorcycle,1,1346.045,4.7
1_01_R_16082025070000.avi,4359,motorcycle,1,1346.773,4.7
1_01_R_16082025070000.avi,4360,motorcycle,1,1347.591,4.7
1_01_R_16082025070000.avi,4361,motorcycle,1,1347.636,4.7
1_01_R_16082025070000.avi,4364,motorcycle,1,1348.864,23.3
1_01_R_16082025070000.avi,4366,motorcycle,1,1348.864,4.7
1_01_R_16082025070000.avi,4363,car,3,1349.045,11.6
1_01_R_16082025070000.avi,4376,car,2,1352.136,22.0
1_01_R_16082025070000.avi,4374,car,3,1353.955,18.0
1_01_R_16082025070000.avi,4378,truck,6,1354.955,22.0
1_01_R_16082025070000.avi,4390,truck,6,1356.0,39.6
1_01_R_16082025070000.avi,4379,car,3,1356.273,12.8
1_01_R_16082025070000.avi,4389,truck,4,1356.273,19.8
1_01_R_16082025070000.avi,4401,motorcycle,1,1357.045,4.7
1_01_R_16082025070000.avi,4404,motorcycle,1,1357.545,4.7
1_01_R_16082025070000.avi,4405,motorcycle,1,1357.545,4.7
1_01_R_16082025070000.avi,4410,car,2,1357.682,30.5
1_01_R_16082025070000.avi,4415,motorcycle,1,1359.364,30.5
1_01_R_16082025070000.avi,4421,motorcycle,1,1361.091,30.5
1_01_R_16082025070000.avi,4414,car,2,1361.682,19.8
1_01_R_16082025070000.avi,4424,motorcycle,1,1362.273,30.5
1_01_R_16082025070000.avi,4419,motorcycle,1,1362.364,4.7
1_01_R_16082025070000.avi,4423,motorcycle,1,1362.955,39.6
1_01_R_16082025070000.avi,4422,motorcycle,1,1363.864,23.3
1_01_R_16082025070000.avi,4427,motorcycle,1,1365.545,4.7
1_01_R_16082025070000.avi,4429,motorcycle,1,1366.727,4.7
1_01_R_16082025070000.avi,4430,car,2,1367.455,18.0
1_01_R_16082025070000.avi,4432,motorcycle,1,1367.455,26.4
1_01_R_16082025070000.avi,4431,car,2,1369.545,23.3
1_01_R_16082025070000.avi,4435,motorcycle,1,1369.636,28.3
1_01_R_16082025070000.avi,4434,car,2,1369.727,23.3
1_01_R_16082025070000.avi,4433,motorcycle,1,1370.636,4.7
1_01_R_16082025070000.avi,4439,car,2,1372.318,23.3
1_01_R_16082025070000.avi,4450,motorcycle,1,1375.364,24.7
1_01_R_16082025070000.avi,4440,car,2,1375.591,19.8
1_01_R_16082025070000.avi,4442,motorcycle,1,1375.773,4.7
1_01_R_16082025070000.avi,4454,motorcycle,1,1376.364,24.7
1_01_R_16082025070000.avi,4444,car,2,1377.182,16.5
1_01_R_16082025070000.avi,4458,motorcycle,1,1377.227,24.8
1_01_R_16082025070000.avi,4449,motorcycle,1,1377.5,4.7
1_01_R_16082025070000.avi,4462,motorcycle,1,1378.136,15.2
1_01_R_16082025070000.avi,4465,motorcycle,1,1379.636,28.3
1_01_R_16082025070000.avi,4457,car,2,1379.818,15.8
1_01_R_16082025070000.avi,4463,motorcycle,1,1379.909,4.7
1_01_R_16082025070000.avi,4470,motorcycle,1,1382.455,4.7
1_01_R_16082025070000.avi,4467,car,2,1382.727,22.0
1_01_R_16082025070000.avi,4477,motorcycle,1,1382.773,24.7
1_01_R_16082025070000.avi,4474,motorcycle,1,1383.955,4.7
1_01_R_16082025070000.avi,4481,motorcycle,1,1384.273,24.7
1_01_R_16082025070000.avi,4480,motorcycle,1,1384.318,24.7
1_01_R_16082025070000.avi,4482,motorcycle,1,1385.091,24.7
1_01_R_16082025070000.avi,4475,car,3,1385.5,4.7
1_01_R_16082025070000.avi,4485,motorcycle,1,1385.545,24.7
1_01_R_16082025070000.avi,4479,car,2,1387.0,14.7
1_01_R_16082025070000.avi,4494,car,2,1387.364,19.8
1_01_R_16082025070000.avi,4497,motorcycle,1,1388.545,24.7
1_01_R_16082025070000.avi,4487,car,2,1388.818,9.2
1_01_R_16082025070000.avi,4491,car,2,1389.091,4.7
1_01_R_16082025070000.avi,4493,motorcycle,1,1389.636,4.7
1_01_R_16082025070000.avi,4499,car,2,1390.364,18.9
1_01_R_16082025070000.avi,4503,car,2,1391.955,20.8
1_01_R_16082025070000.avi,4500,car,2,1393.273,9.9
1_01_R_16082025070000.avi,4515,motorcycle,1,1393.5,18.9
1_01_R_16082025070000.avi,4512,motorcycle,1,1393.545,26.4
1_01_R_16082025070000.avi,4517,motorcycle,1,1394.545,26.4
1_01_R_16082025070000.avi,4508,car,2,1395.864,10.7
1_01_R_16082025070000.avi,4527,motorcycle,1,1395.864,24.7
1_01_R_16082025070000.avi,4518,motorcycle,1,1396.909,4.7
1_01_R_16082025070000.avi,4537,motorcycle,1,1397.227,24.7
1_01_R_16082025070000.avi,4534,motorcycle,1,1397.273,24.7
1_01_R_16082025070000.avi,4526,motorcycle,1,1398.091,4.7
1_01_R_16082025070000.avi,4528,motorcycle,1,1398.5,4.7
1_01_R_16082025070000.avi,4519,car,2,1398.545,10.4
1_01_R_16082025070000.avi,4543,motorcycle,1,1398.682,18.9
1_01_R_16082025070000.avi,4535,motorcycle,1,1399.136,4.7
1_01_R_16082025070000.avi,4555,car,2,1401.0,33.0
1_01_R_16082025070000.avi,4541,car,2,1401.409,4.7
1_01_R_16082025070000.avi,4546,motorcycle,1,1401.409,4.7
1_01_R_16082025070000.avi,4577,motorcycle,1,1401.773,24.7
1_01_R_16082025070000.avi,4587,car,2,1403.0,36.0
1_01_R_16082025070000.avi,4593,car,3,1404.455,10.2
1_01_R_16082025070000.avi,4608,motorcycle,1,1405.0,24.7
1_01_R_16082025070000.avi,4604,motorcycle,1,1405.273,15.8
1_01_R_16082025070000.avi,4582,car,2,1405.318,14.7
1_01_R_16082025070000.avi,4628,motorcycle,1,1406.227,24.7
1_01_R_16082025070000.avi,4596,car,2,1406.773,12.8
1_01_R_16082025070000.avi,4605,motorcycle,1,1406.909,4.7
1_01_R_16082025070000.avi,4630,motorcycle,1,1407.0,24.7
1_01_R_16082025070000.avi,4638,car,2,1409.045,17.2
1_01_R_16082025070000.avi,4652,motorcycle,1,1410.0,24.7
1_01_R_16082025070000.avi,4659,motorcycle,1,1410.955,24.7
1_01_R_16082025070000.avi,4634,car,3,1411.045,18.9
1_01_R_16082025070000.avi,4656,car,2,1411.636,18.0
1_01_R_16082025070000.avi,4650,car,2,1413.0,4.7
1_01_R_16082025070000.avi,4654,motorcycle,1,1413.409,4.7
1_01_R_16082025070000.avi,4665,motorcycle,1,1414.273,4.7
1_01_R_16082025070000.avi,4691,car,2,1415.045,19.8
1_01_R_16082025070000.avi,4672,car,3,1415.955,16.5
1_01_R_16082025070000.avi,4704,car,2,1416.136,19.8
1_01_R_16082025070000.avi,4706,motorcycle,1,1416.409,24.7
1_01_R_16082025070000.avi,4710,motorcycle,1,1417.545,24.7
1_01_R_16082025070000.avi,4697,car,3,1418.182,14.7
1_01_R_16082025070000.avi,4727,motorcycle,1,1418.545,24.7
1_01_R_16082025070000.avi,4718,motorcycle,1,1418.727,28.3
1_01_R_16082025070000.avi,4714,motorcycle,1,1418.773,33.0
1_01_R_16082025070000.avi,4726,motorcycle,1,1419.182,24.7
1_01_R_16082025070000.avi,4709,car,2,1420.409,15.8
1_01_R_16082025070000.avi,4732,car,2,1422.318,19.8
1_01_R_16082025070000.avi,4746,motorcycle,1,1423.091,79.2
1_01_R_16082025070000.avi,4739,truck,6,1423.682,17.2
1_01_R_16082025070000.avi,4752,motorcycle,1,1424.136,24.8
1_01_R_16082025070000.avi,4749,car,2,1425.636,18.9
1_01_R_16082025070000.avi,4756,car,2,1427.0,20.8
1_01_R_16082025070000.avi,4754,car,2,1427.773,18.9
1_01_R_16082025070000.avi,4758,car,2,1428.364,19.8
1_01_R_16082025070000.avi,4757,car,2,1430.0,18.9
1_01_R_16082025070000.avi,4764,car,2,1430.227,20.8
1_01_R_16082025070000.avi,4760,motorcycle,1,1430.318,4.7
1_01_R_16082025070000.avi,4767,car,2,1433.227,18.9
1_01_R_16082025070000.avi,4786,motorcycle,1,1433.364,30.5
1_01_R_16082025070000.avi,4784,car,2,1433.773,26.4
1_01_R_16082025070000.avi,4787,motorcycle,1,1434.773,33.0
1_01_R_16082025070000.avi,4788,motorcycle,1,1435.136,23.3
1_01_R_16082025070000.avi,4791,motorcycle,1,1436.682,33.0
1_01_R_16082025070000.avi,4789,motorcycle,1,1438.136,4.7
1_01_R_16082025070000.avi,4796,motorcycle,1,1440.273,33.0
1_01_R_16082025070000.avi,4799,car,2,1441.227,23.3
1_01_R_16082025070000.avi,4803,motorcycle,1,1442.455,28.3
1_01_R_16082025070000.avi,4802,car,3,1443.455,24.7
1_01_R_16082025070000.avi,4806,motorcycle,1,1444.591,24.7
1_01_R_16082025070000.avi,4807,motorcycle,1,1445.682,22.0
1_01_R_16082025070000.avi,4808,motorcycle,1,1446.273,23.3
1_01_R_16082025070000.avi,4810,motorcycle,1,1447.318,23.3
1_01_R_16082025070000.avi,4812,motorcycle,1,1447.364,17.2
1_01_R_16082025070000.avi,4813,motorcycle,1,1447.909,19.8
1_01_R_16082025070000.avi,4814,car,2,1448.727,18.0
1_01_R_16082025070000.avi,4822,motorcycle,1,1450.136,22.0
1_01_R_16082025070000.avi,4817,car,2,1450.591,23.3
1_01_R_16082025070000.avi,4826,motorcycle,1,1451.955,26.4
1_01_R_16082025070000.avi,4827,motorcycle,1,1452.5,18.9
1_01_R_16082025070000.avi,4823,car,2,1452.682,24.7
1_01_R_16082025070000.avi,4828,motorcycle,1,1452.864,23.3
1_01_R_16082025070000.avi,4838,motorcycle,1,1455.364,24.7
1_01_R_16082025070000.avi,4835,car,2,1455.682,23.3
1_01_R_16082025070000.avi,4840,car,2,1457.045,24.8
1_01_R_16082025070000.avi,4841,motorcycle,1,1459.045,26.4
1_01_R_16082025070000.avi,4846,motorcycle,1,1460.227,24.7
1_01_R_16082025070000.avi,4847,motorcycle,1,1460.273,24.7
1_01_R_16082025070000.avi,4849,motorcycle,1,1462.0,26.4
1_01_R_16082025070000.avi,4853,motorcycle,1,1463.045,24.8
1_01_R_16082025070000.avi,4855,car,2,1464.136,28.3
1_01_R_16082025070000.avi,4868,motorcycle,1,1467.227,24.7
1_01_R_16082025070000.avi,4856,truck,6,1467.273,23.3
1_01_R_16082025070000.avi,4870,motorcycle,1,1467.727,24.7
1_01_R_16082025070000.avi,4874,car,2,1469.864,33.0
1_01_R_16082025070000.avi,4869,car,2,1469.955,20.8
1_01_R_16082025070000.avi,4884,motorcycle,1,1470.955,26.4
1_01_R_16082025070000.avi,4877,motorcycle,1,1471.682,4.7
1_01_R_16082025070000.avi,4885,car,3,1471.682,14.1
1_01_R_16082025070000.avi,4892,motorcycle,1,1472.273,24.7
1_01_R_16082025070000.avi,4891,motorcycle,1,1472.318,24.7
1_01_R_16082025070000.avi,4894,motorcycle,1,1473.318,23.3
1_01_R_16082025070000.avi,4895,motorcycle,1,1473.773,23.3
1_01_R_16082025070000.avi,4900,motorcycle,1,1474.364,24.7
1_01_R_16082025070000.avi,4902,car,2,1476.091,56.6
1_01_R_16082025070000.avi,4897,car,2,1476.364,20.8
1_01_R_16082025070000.avi,4904,motorcycle,1,1477.045,23.3
1_01_R_16082025070000.avi,4908,motorcycle,1,1477.864,22.0
1_01_R_16082025070000.avi,4910,car,2,1479.545,33.0
1_01_R_16082025070000.avi,4913,motorcycle,1,1480.045,36.0
1_01_R_16082025070000.avi,4915,motorcycle,1,1481.364,26.4
1_01_R_16082025070000.avi,4916,motorcycle,1,1483.091,26.4
1_01_R_16082025070000.avi,4918,motorcycle,1,1483.545,24.7
1_01_R_16082025070000.avi,4917,car,2,1484.545,36.0
1_01_R_16082025070000.avi,4920,motorcycle,1,1486.182,36.0
1_01_R_16082025070000.avi,4922,motorcycle,1,1486.364,24.7
1_01_R_16082025070000.avi,4925,motorcycle,1,1487.5,24.7
1_01_R_16082025070000.avi,4928,motorcycle,1,1489.273,33.0
1_01_R_16082025070000.avi,4930,motorcycle,1,1489.955,33.0
1_01_R_16082025070000.avi,4926,motorcycle,1,1490.318,18.0
1_01_R_16082025070000.avi,4931,motorcycle,1,1490.682,30.5
1_01_R_16082025070000.avi,4932,motorcycle,1,1492.591,28.3
1_01_R_16082025070000.avi,4934,car,2,1495.227,26.4
1_01_R_16082025070000.avi,4937,motorcycle,1,1495.864,24.7
1_01_R_16082025070000.avi,4938,motorcycle,1,1497.818,39.6
1_01_R_16082025070000.avi,4940,motorcycle,1,1499.636,36.0
1_01_R_16082025070000.avi,4941,car,2,1499.636,23.3
1_01_R_16082025070000.avi,4947,motorcycle,1,1500.455,24.7
1_01_R_16082025070000.avi,4942,car,2,1500.864,24.7
1_01_R_16082025070000.avi,4948,motorcycle,1,1502.909,4.7
1_01_R_16082025070000.avi,4953,car,2,1503.045,26.4
1_01_R_16082025070000.avi,4956,motorcycle,1,1503.182,24.7
1_01_R_16082025070000.avi,4955,motorcycle,1,1504.409,4.7
1_01_R_16082025070000.avi,4959,motorcycle,1,1504.5,30.5
1_01_R_16082025070000.avi,4957,motorcycle,1,1505.273,4.7
1_01_R_16082025070000.avi,4966,motorcycle,1,1505.364,30.5
1_01_R_16082025070000.avi,4974,motorcycle,1,1505.636,24.7
1_01_R_16082025070000.avi,4975,motorcycle,1,1506.818,19.8
1_01_R_16082025070000.avi,4964,motorcycle,1,1506.909,4.7
1_01_R_16082025070000.avi,4984,motorcycle,1,1507.273,24.7
1_01_R_16082025070000.avi,4968,motorcycle,1,1507.318,4.7
1_01_R_16082025070000.avi,4970,motorcycle,1,1507.409,4.7
1_01_R_16082025070000.avi,4979,motorcycle,1,1507.773,24.7
1_01_R_16082025070000.avi,4988,car,2,1509.091,24.7
1_01_R_16082025070000.avi,4978,motorcycle,1,1509.136,4.7
1_01_R_16082025070000.avi,4983,motorcycle,1,1509.591,4.7
1_01_R_16082025070000.avi,4986,motorcycle,1,1510.091,4.7
1_01_R_16082025070000.avi,4985,motorcycle,1,1510.318,4.7
1_01_R_16082025070000.avi,4990,car,2,1510.455,24.7
1_01_R_16082025070000.avi,4993,motorcycle,1,1510.545,24.7
1_01_R_16082025070000.avi,4991,motorcycle,1,1512.273,26.4
1_01_R_16082025070000.avi,4996,motorcycle,1,1512.5,28.3
1_01_R_16082025070000.avi,4992,car,2,1512.545,30.5
1_01_R_16082025070000.avi,4997,motorcycle,1,1512.773,24.7
1_01_R_16082025070000.avi,4999,motorcycle,1,1515.545,4.7
1_01_R_16082025070000.avi,5003,car,2,1515.773,36.0
1_01_R_16082025070000.avi,5009,motorcycle,1,1516.545,24.7
1_01_R_16082025070000.avi,5004,motorcycle,1,1517.455,24.7
1_01_R_16082025070000.avi,5015,motorcycle,1,1517.5,24.7
1_01_R_16082025070000.avi,5016,motorcycle,1,1517.591,33.0
1_01_R_16082025070000.avi,5011,motorcycle,1,1518.818,33.0
1_01_R_16082025070000.avi,5010,motorcycle,1,1519.045,4.7
1_01_R_16082025070000.avi,5019,car,2,1520.364,19.8
1_01_R_16082025070000.avi,5037,motorcycle,1,1520.409,6.7
1_01_R_16082025070000.avi,5024,car,2,1520.636,30.5
1_01_R_16082025070000.avi,5038,motorcycle,1,1521.545,4.7
1_01_R_16082025070000.avi,5032,car,2,1521.955,4.7
1_01_R_16082025070000.avi,5040,motorcycle,1,1522.591,4.7
1_01_R_16082025070000.avi,5044,motorcycle,1,1523.545,24.7
1_01_R_16082025070000.avi,5041,car,3,1523.955,18.9
1_01_R_16082025070000.avi,5043,car,2,1525.636,18.9
1_01_R_16082025070000.avi,5046,car,2,1526.364,28.3
1_01_R_16082025070000.avi,5047,motorcycle,1,1527.591,24.7
1_01_R_16082025070000.avi,5045,car,2,1527.727,18.9
1_01_R_16082025070000.avi,5054,car,2,1528.591,24.7
1_01_R_16082025070000.avi,5048,truck,6,1529.0,18.9
1_01_R_16082025070000.avi,5049,car,2,1530.364,17.2
1_01_R_16082025070000.avi,5052,car,2,1530.818,4.7
1_01_R_16082025070000.avi,5055,truck,6,1532.818,15.8
1_01_R_16082025070000.avi,5071,motorcycle,1,1533.636,24.7
1_01_R_16082025070000.avi,5064,motorcycle,1,1534.318,4.7
1_01_R_16082025070000.avi,5070,car,3,1534.636,22.0
1_01_R_16082025070000.avi,5074,motorcycle,1,1534.727,23.3
1_01_R_16082025070000.avi,5069,motorcycle,1,1535.045,4.7
1_01_R_16082025070000.avi,5078,motorcycle,1,1537.091,24.7
1_01_R_16082025070000.avi,5075,motorcycle,1,1537.364,4.7
1_01_R_16082025070000.avi,5077,car,3,1538.091,19.8
1_01_R_16082025070000.avi,5088,car,2,1540.591,18.0
1_01_R_16082025070000.avi,5090,car,2,1541.545,18.0
1_01_R_16082025070000.avi,5086,car,3,1542.318,17.2
1_01_R_16082025070000.avi,5093,car,2,1542.909,15.2
1_01_R_16082025070000.avi,5102,car,2,1544.182,14.7
1_01_R_16082025070000.avi,5113,motorcycle,1,1544.955,24.7
1_01_R_16082025070000.avi,5121,car,2,1546.636,12.4
1_01_R_16082025070000.avi,5129,motorcycle,1,1547.727,24.7
1_01_R_16082025070000.avi,5122,car,2,1548.773,23.3
1_01_R_16082025070000.avi,5130,car,2,1548.818,15.8
1_01_R_16082025070000.avi,5136,motorcycle,1,1548.909,24.7
1_01_R_16082025070000.avi,5149,motorcycle,1,1551.864,24.7
1_01_R_16082025070000.avi,5151,motorcycle,1,1552.409,24.7
1_01_R_16082025070000.avi,5137,car,2,1552.455,18.0
1_01_R_16082025070000.avi,5157,motorcycle,1,1554.273,24.7
1_01_R_16082025070000.avi,5156,car,2,1554.5,30.5
1_01_R_16082025070000.avi,5153,motorcycle,1,1554.727,4.7
1_01_R_16082025070000.avi,5148,car,2,1554.864,15.2
1_01_R_16082025070000.avi,5160,motorcycle,1,1555.727,22.0
1_01_R_16082025070000.avi,5163,motorcycle,1,1556.409,23.3
1_01_R_16082025070000.avi,5174,motorcycle,1,1556.955,24.7
1_01_R_16082025070000.avi,5164,motorcycle,1,1557.045,19.8
1_01_R_16082025070000.avi,5179,motorcycle,1,1558.318,22.0
1_01_R_16082025070000.avi,5181,motorcycle,1,1558.364,26.4
1_01_R_16082025070000.avi,5166,car,2,1559.182,23.3
1_01_R_16082025070000.avi,5177,motorcycle,1,1559.273,4.7
1_01_R_16082025070000.avi,5191,car,2,1559.909,24.7
1_01_R_16082025070000.avi,5185,motorcycle,1,1560.318,4.7
1_01_R_16082025070000.avi,5183,motorcycle,1,1560.409,4.7
1_01_R_16082025070000.avi,5206,motorcycle,1,1561.318,22.0
1_01_R_16082025070000.avi,5199,car,2,1561.909,18.9
1_01_R_16082025070000.avi,5209,car,2,1562.682,22.0
1_01_R_16082025070000.avi,5215,car,2,1564.955,36.0
1_01_R_16082025070000.avi,5212,car,2,1565.5,20.8
1_01_R_16082025070000.avi,5219,car,2,1565.5,24.7
1_01_R_16082025070000.avi,5214,motorcycle,1,1566.273,4.7
1_01_R_16082025070000.avi,5216,car,2,1566.955,22.0
1_01_R_16082025070000.avi,5217,motorcycle,1,1567.273,4.7
1_01_R_16082025070000.avi,5223,motorcycle,1,1567.409,24.7
1_01_R_16082025070000.avi,5225,motorcycle,1,1568.045,24.7
1_01_R_16082025070000.avi,5220,car,2,1569.318,19.8
1_01_R_16082025070000.avi,5229,motorcycle,1,1569.636,24.7
1_01_R_16082025070000.avi,5232,motorcycle,1,1569.864,24.7
1_01_R_16082025070000.avi,5235,motorcycle,1,1571.318,24.7
1_01_R_16082025070000.avi,5230,car,2,1572.227,18.9
1_01_R_16082025070000.avi,5249,motorcycle,1,1573.591,24.7
1_01_R_16082025070000.avi,5251,motorcycle,1,1573.636,24.7
1_01_R_16082025070000.avi,5236,car,2,1573.727,19.8
1_01_R_16082025070000.avi,5254,motorcycle,1,1573.864,24.7
1_01_R_16082025070000.avi,5257,motorcycle,1,1574.682,24.7
1_01_R_16082025070000.avi,5243,car,2,1575.273,23.3
1_01_R_16082025070000.avi,5246,motorcycle,1,1575.364,4.7
1_01_R_16082025070000.avi,5252,car,2,1576.591,4.7
1_01_R_16082025070000.avi,5269,motorcycle,1,1577.136,24.7
1_01_R_16082025070000.avi,5270,motorcycle,1,1577.455,24.7
1_01_R_16082025070000.avi,5261,motorcycle,1,1577.591,4.7
1_01_R_16082025070000.avi,5258,car,2,1577.727,15.2
1_01_R_16082025070000.avi,5265,motorcycle,1,1578.227,4.7
1_01_R_16082025070000.avi,5274,car,2,1579.045,22.0
1_01_R_16082025070000.avi,5271,car,2,1580.364,4.7
1_01_R_16082025070000.avi,5276,motorcycle,1,1580.455,26.4
1_01_R_16082025070000.avi,5277,car,2,1581.091,22.0
1_01_R_16082025070000.avi,5275,motorcycle,1,1582.0,23.3
1_01_R_16082025070000.avi,5280,motorcycle,1,1582.318,28.3
1_01_R_16082025070000.avi,5286,car,2,1583.5,23.3
1_01_R_16082025070000.avi,5278,car,2,1584.591,19.8
1_01_R_16082025070000.avi,5290,motorcycle,1,1584.773,24.7
1_01_R_16082025070000.avi,5291,car,2,1585.045,22.0
1_01_R_16082025070000.avi,5294,motorcycle,1,1586.0,30.5
1_01_R_16082025070000.avi,5295,motorcycle,1,1586.136,23.3
1_01_R_16082025070000.avi,5293,motorcycle,1,1587.273,4.7
1_01_R_16082025070000.avi,5302,motorcycle,1,1587.364,20.8
1_01_R_16082025070000.avi,5300,motorcycle,1,1587.455,30.5
1_01_R_16082025070000.avi,5292,car,2,1587.909,18.9
1_01_R_16082025070000.avi,5299,motorcycle,1,1588.364,4.7
1_01_R_16082025070000.avi,5305,car,2,1588.5,23.3
1_01_R_16082025070000.avi,5309,motorcycle,1,1588.5,23.3
1_01_R_16082025070000.avi,5315,motorcycle,1,1589.591,20.8
1_01_R_16082025070000.avi,5317,motorcycle,1,1590.591,24.7
1_01_R_16082025070000.avi,5314,car,2,1591.682,20.8
1_01_R_16082025070000.avi,5321,motorcycle,1,1592.091,24.7
1_01_R_16082025070000.avi,5323,motorcycle,1,1592.545,24.7
1_01_R_16082025070000.avi,5324,motorcycle,1,1593.136,24.7
1_01_R_16082025070000.avi,5327,motorcycle,1,1593.773,24.7
1_01_R_16082025070000.avi,5322,motorcycle,1,1594.818,24.7
1_01_R_16082025070000.avi,5337,motorcycle,1,1594.818,24.7
1_01_R_16082025070000.avi,5334,car,2,1595.318,24.7
1_01_R_16082025070000.avi,5340,motorcycle,1,1595.773,28.3
1_01_R_16082025070000.avi,5343,motorcycle,1,1596.955,28.3
1_01_R_16082025070000.avi,5346,motorcycle,1,1597.591,30.5
1_01_R_16082025070000.avi,5344,car,3,1598.409,22.0
1_01_R_16082025070000.avi,5350,motorcycle,1,1599.545,24.7
1_01_R_16082025070000.avi,5354,motorcycle,1,1599.636,24.7
1_01_R_16082025070000.avi,5352,motorcycle,1,1599.909,24.7
1_01_R_16082025070000.avi,5356,motorcycle,1,1600.136,24.7
1_01_R_16082025070000.avi,5357,motorcycle,1,1601.364,17.2
1_01_R_16082025070000.avi,5364,motorcycle,1,1602.0,19.8
1_01_R_16082025070000.avi,5368,car,2,1603.136,26.4
1_01_R_16082025070000.avi,5370,motorcycle,1,1603.682,23.3
1_01_R_16082025070000.avi,5376,motorcycle,1,1604.045,24.7
1_01_R_16082025070000.avi,5348,car,3,1604.455,15.2
1_01_R_16082025070000.avi,5375,motorcycle,1,1604.545,24.7
1_01_R_16082025070000.avi,5378,motorcycle,1,1604.591,24.7
1_01_R_16082025070000.avi,5380,motorcycle,1,1605.727,26.4
1_01_R_16082025070000.avi,5385,motorcycle,1,1605.818,24.7
1_01_R_16082025070000.avi,5388,motorcycle,1,1606.364,24.7
1_01_R_16082025070000.avi,5394,motorcycle,1,1607.0,24.7
1_01_R_16082025070000.avi,5379,motorcycle,1,1607.227,28.3
1_01_R_16082025070000.avi,5386,car,2,1607.318,22.0
1_01_R_16082025070000.avi,5393,motorcycle,1,1607.545,24.7
1_01_R_16082025070000.avi,5395,motorcycle,1,1608.5,23.3
1_01_R_16082025070000.avi,5398,motorcycle,1,1608.955,24.7
1_01_R_16082025070000.avi,5396,car,2,1609.409,20.8
1_01_R_16082025070000.avi,5402,motorcycle,1,1611.455,24.7
1_01_R_16082025070000.avi,5403,motorcycle,1,1611.682,24.7
1_01_R_16082025070000.avi,5406,motorcycle,1,1612.955,28.3
1_01_R_16082025070000.avi,5407,motorcycle,1,1613.545,24.7
1_01_R_16082025070000.avi,5410,motorcycle,1,1615.773,19.8
1_01_R_16082025070000.avi,5411,car,2,1616.409,16.5
1_01_R_16082025070000.avi,5413,motorcycle,1,1616.773,24.7
1_01_R_16082025070000.avi,5414,motorcycle,1,1617.909,24.7
1_01_R_16082025070000.avi,5415,motorcycle,1,1618.409,24.7
1_01_R_16082025070000.avi,5417,motorcycle,1,1618.909,24.7
1_01_R_16082025070000.avi,5421,motorcycle,1,1619.5,24.7
1_01_R_16082025070000.avi,5424,motorcycle,1,1619.5,24.7
1_01_R_16082025070000.avi,5422,motorcycle,1,1619.545,24.7
1_01_R_16082025070000.avi,5432,motorcycle,1,1620.364,24.7
1_01_R_16082025070000.avi,5433,motorcycle,1,1621.045,24.7
1_01_R_16082025070000.avi,5430,motorcycle,1,1622.864,4.7
1_01_R_16082025070000.avi,5442,motorcycle,1,1622.864,18.9
1_01_R_16082025070000.avi,5445,motorcycle,1,1623.273,15.2
1_01_R_16082025070000.avi,5450,motorcycle,1,1623.864,24.7
1_01_R_16082025070000.avi,5453,motorcycle,1,1624.364,24.7
1_01_R_16082025070000.avi,5451,motorcycle,1,1624.455,24.7
1_01_R_16082025070000.avi,5455,motorcycle,1,1624.636,24.7
1_01_R_16082025070000.avi,5456,car,2,1626.0,19.8
1_01_R_16082025070000.avi,5466,motorcycle,1,1627.455,24.7
1_01_R_16082025070000.avi,5462,car,2,1627.636,18.0
1_01_R_16082025070000.avi,5463,car,2,1629.636,23.3
1_01_R_16082025070000.avi,5471,motorcycle,1,1629.909,24.7
1_01_R_16082025070000.avi,5472,motorcycle,1,1630.227,23.3
1_01_R_16082025070000.avi,5475,motorcycle,1,1630.364,24.7
1_01_R_16082025070000.avi,5485,motorcycle,1,1631.091,24.7
1_01_R_16082025070000.avi,5482,car,2,1632.273,23.3
1_01_R_16082025070000.avi,5481,motorcycle,1,1632.455,33.0
1_01_R_16082025070000.avi,5487,motorcycle,1,1633.5,26.4
1_01_R_16082025070000.avi,5488,motorcycle,1,1634.318,26.4
1_01_R_16082025070000.avi,5489,motorcycle,1,1634.455,22.0
1_01_R_16082025070000.avi,5496,motorcycle,1,1635.955,24.7
1_01_R_16082025070000.avi,5503,motorcycle,1,1637.318,24.7
1_01_R_16082025070000.avi,5510,motorcycle,1,1638.455,28.3
1_01_R_16082025070000.avi,5506,car,3,1638.773,17.2
1_01_R_16082025070000.avi,5515,motorcycle,1,1639.545,24.7
1_01_R_16082025070000.avi,5513,motorcycle,1,1639.909,24.7
1_01_R_16082025070000.avi,5524,car,2,1642.591,30.5
1_01_R_16082025070000.avi,5517,truck,4,1642.909,24.7
1_01_R_16082025070000.avi,5532,motorcycle,1,1643.227,24.7
1_01_R_16082025070000.avi,5528,motorcycle,1,1643.227,23.3
1_01_R_16082025070000.avi,5525,motorcycle,1,1644.227,24.8
1_01_R_16082025070000.avi,5529,car,2,1645.727,22.0
1_01_R_16082025070000.avi,5537,motorcycle,1,1647.227,24.7
1_01_R_16082025070000.avi,5541,motorcycle,1,1647.773,24.7
1_01_R_16082025070000.avi,5542,motorcycle,1,1648.727,26.4
1_01_R_16082025070000.avi,5539,car,2,1649.591,26.4
1_01_R_16082025070000.avi,5545,motorcycle,1,1650.591,24.7
1_01_R_16082025070000.avi,5547,motorcycle,1,1652.136,19.8
1_01_R_16082025070000.avi,5544,motorcycle,1,1652.227,22.0
1_01_R_16082025070000.avi,5548,motorcycle,1,1652.5,22.0
1_01_R_16082025070000.avi,5550,motorcycle,1,1655.364,36.0
1_01_R_16082025070000.avi,5551,motorcycle,1,1656.773,4.7
1_01_R_16082025070000.avi,5552,car,2,1658.455,20.8
1_01_R_16082025070000.avi,5553,motorcycle,1,1659.364,4.7
1_01_R_16082025070000.avi,5554,car,3,1659.909,18.0
1_01_R_16082025070000.avi,5563,motorcycle,1,1662.636,28.3
1_01_R_16082025070000.avi,5564,motorcycle,1,1663.0,4.7
1_01_R_16082025070000.avi,5569,motorcycle,1,1663.818,24.7
1_01_R_16082025070000.avi,5566,motorcycle,1,1664.955,36.0
1_01_R_16082025070000.avi,5570,motorcycle,1,1664.955,24.7
1_01_R_16082025070000.avi,5571,motorcycle,1,1665.045,24.8
1_01_R_16082025070000.avi,5578,car,2,1666.591,24.7
1_01_R_16082025070000.avi,5573,motorcycle,1,1667.0,4.7
1_01_R_16082025070000.avi,5585,car,2,1667.318,23.3
1_01_R_16082025070000.avi,5587,motorcycle,1,1668.5,4.7
1_01_R_16082025070000.avi,5592,motorcycle,1,1668.636,24.7
1_01_R_16082025070000.avi,5589,car,2,1668.727,24.8
1_01_R_16082025070000.avi,5582,car,3,1668.864,12.0
1_01_R_16082025070000.avi,5590,motorcycle,1,1670.136,4.7
1_01_R_16082025070000.avi,5599,motorcycle,1,1670.364,24.7
1_01_R_16082025070000.avi,5594,motorcycle,1,1671.364,20.8
1_01_R_16082025070000.avi,5610,motorcycle,1,1671.5,24.7
1_01_R_16082025070000.avi,5611,motorcycle,1,1671.591,23.3
1_01_R_16082025070000.avi,5602,motorcycle,1,1672.591,4.7
1_01_R_16082025070000.avi,5605,motorcycle,1,1672.636,4.7
1_01_R_16082025070000.avi,5608,motorcycle,1,1673.409,4.7
1_01_R_16082025070000.avi,5624,motorcycle,1,1673.455,30.5
1_01_R_16082025070000.avi,5614,motorcycle,1,1673.591,4.7
1_01_R_16082025070000.avi,5627,motorcycle,1,1673.727,22.0
1_01_R_16082025070000.avi,5618,motorcycle,1,1674.0,4.7
1_01_R_16082025070000.avi,5634,car,2,1675.5,22.0
1_01_R_16082025070000.avi,5631,motorcycle,1,1676.773,4.7
1_01_R_16082025070000.avi,5636,car,3,1676.909,24.7
1_01_R_16082025070000.avi,5639,car,2,1677.545,22.0
1_01_R_16082025070000.avi,5649,motorcycle,1,1678.636,24.7
1_01_R_16082025070000.avi,5644,car,2,1678.773,22.0
1_01_R_16082025070000.avi,5650,motorcycle,1,1679.273,24.7
1_01_R_16082025070000.avi,5653,motorcycle,1,1680.545,23.3
1_01_R_16082025070000.avi,5662,motorcycle,1,1680.591,24.7
1_01_R_16082025070000.avi,5655,car,2,1681.0,19.8
1_01_R_16082025070000.avi,5647,motorcycle,1,1681.364,4.7
1_01_R_16082025070000.avi,5651,motorcycle,1,1681.636,4.7
1_01_R_16082025070000.avi,5652,car,2,1681.955,28.3
1_01_R_16082025070000.avi,5670,truck,4,1682.136,24.7
1_01_R_16082025070000.avi,5663,motorcycle,1,1683.0,4.7
1_01_R_16082025070000.avi,5665,car,2,1683.136,22.0
1_01_R_16082025070000.avi,5659,car,2,1683.318,26.4
1_01_R_16082025070000.avi,5664,motorcycle,1,1683.318,4.7
1_01_R_16082025070000.avi,5682,car,2,1684.5,49.5
1_01_R_16082025070000.avi,5673,car,2,1684.545,4.7
1_01_R_16082025070000.avi,5672,motorcycle,1,1684.636,4.7
1_01_R_16082025070000.avi,5690,motorcycle,1,1686.045,16.5
1_01_R_16082025070000.avi,5694,motorcycle,1,1686.727,18.9
1_01_R_16082025070000.avi,5699,motorcycle,1,1687.136,22.0
1_01_R_16082025070000.avi,5704,car,2,1688.273,22.0
1_01_R_16082025070000.avi,5697,car,2,1689.136,22.0
1_01_R_16082025070000.avi,5716,motorcycle,1,1690.409,24.7
1_01_R_16082025070000.avi,5711,motorcycle,1,1691.5,4.7
1_01_R_16082025070000.avi,5713,car,2,1692.136,22.0
1_01_R_16082025070000.avi,5715,motorcycle,1,1692.136,4.7
1_01_R_16082025070000.avi,5726,motorcycle,1,1694.182,4.7
1_01_R_16082025070000.avi,5729,motorcycle,1,1694.409,24.7
1_01_R_16082025070000.avi,5725,car,2,1694.636,20.8
1_01_R_16082025070000.avi,5736,motorcycle,1,1694.955,26.4
1_01_R_16082025070000.avi,5741,motorcycle,1,1695.364,24.7
1_01_R_16082025070000.avi,5728,motorcycle,1,1695.682,4.7
1_01_R_16082025070000.avi,5739,car,2,1696.864,18.0
1_01_R_16082025070000.avi,5742,car,2,1698.727,20.8
1_01_R_16082025070000.avi,5749,car,3,1699.182,19.8
1_01_R_16082025070000.avi,5745,car,2,1699.955,22.0
1_01_R_16082025070000.avi,5752,car,2,1700.409,18.9
1_01_R_16082025070000.avi,5750,truck,6,1701.955,23.3
1_01_R_16082025070000.avi,5757,car,2,1701.955,20.8
1_01_R_16082025070000.avi,5758,car,2,1704.273,18.0
1_01_R_16082025070000.avi,5756,car,3,1704.636,15.8
1_01_R_16082025070000.avi,5760,motorcycle,1,1705.727,22.0
1_01_R_16082025070000.avi,5759,car,2,1706.227,19.8
1_01_R_16082025070000.avi,5766,car,2,1707.0,18.9
1_01_R_16082025070000.avi,5763,car,2,1707.545,4.7
1_01_R_16082025070000.avi,5764,motorcycle,1,1708.318,4.7
1_01_R_16082025070000.avi,5774,motorcycle,1,1708.409,24.7
1_01_R_16082025070000.avi,5765,car,3,1708.636,18.9
1_01_R_16082025070000.avi,5775,motorcycle,1,1709.273,4.7
1_01_R_16082025070000.avi,5771,motorcycle,1,1709.455,4.7
1_01_R_16082025070000.avi,5783,motorcycle,1,1709.864,24.7
1_01_R_16082025070000.avi,5772,car,2,1710.773,19.8
1_01_R_16082025070000.avi,5776,motorcycle,1,1710.818,4.7
1_01_R_16082025070000.avi,5794,motorcycle,1,1712.227,24.7
1_01_R_16082025070000.avi,5782,motorcycle,1,1712.273,4.7
1_01_R_16082025070000.avi,5778,car,2,1712.364,4.7
1_01_R_16082025070000.avi,5795,motorcycle,1,1714.364,4.7
1_01_R_16082025070000.avi,5788,car,3,1714.682,4.7
1_01_R_16082025070000.avi,5793,car,2,1714.955,18.9
1_01_R_16082025070000.avi,5803,motorcycle,1,1715.273,24.7
1_01_R_16082025070000.avi,5802,motorcycle,1,1715.364,24.7
1_01_R_16082025070000.avi,5805,car,2,1716.818,17.2
1_01_R_16082025070000.avi,5801,motorcycle,1,1717.364,4.7
1_01_R_16082025070000.avi,5813,car,2,1718.773,14.7
1_01_R_16082025070000.avi,5810,car,2,1719.864,30.5
1_01_R_16082025070000.avi,5821,motorcycle,1,1720.545,18.0
1_01_R_16082025070000.avi,5820,car,2,1721.364,13.7
1_01_R_16082025070000.avi,5842,car,2,1721.727,4.7
1_01_R_16082025070000.avi,5849,motorcycle,1,1722.727,24.7
1_01_R_16082025070000.avi,5823,car,2,1724.318,4.7
1_01_R_16082025070000.avi,5871,motorcycle,1,1725.5,24.7
1_01_R_16082025070000.avi,5846,truck,6,1725.682,14.1
1_01_R_16082025070000.avi,5872,car,2,1725.864,24.7
1_01_R_16082025070000.avi,5878,motorcycle,1,1726.364,24.7
1_01_R_16082025070000.avi,5884,motorcycle,1,1727.455,24.7
1_01_R_16082025070000.avi,5888,car,2,1728.545,22.0
1_01_R_16082025070000.avi,5891,motorcycle,1,1728.591,24.7
1_01_R_16082025070000.avi,5875,motorcycle,1,1729.136,4.7
1_01_R_16082025070000.avi,5880,motorcycle,1,1729.409,4.7
1_01_R_16082025070000.avi,5882,motorcycle,1,1729.591,4.7
1_01_R_16082025070000.avi,5885,car,2,1731.409,13.7
1_01_R_16082025070000.avi,5915,motorcycle,1,1733.227,24.7
1_01_R_16082025070000.avi,5892,car,3,1733.227,4.7
1_01_R_16082025070000.avi,5917,motorcycle,1,1734.091,24.7
1_01_R_16082025070000.avi,5920,car,2,1734.545,24.7
1_01_R_16082025070000.avi,5906,car,2,1734.682,13.2
1_01_R_16082025070000.avi,5933,motorcycle,1,1735.227,24.7
1_01_R_16082025070000.avi,5932,car,2,1736.182,19.8
1_01_R_16082025070000.avi,5941,motorcycle,1,1737.0,24.7
1_01_R_16082025070000.avi,5928,car,2,1737.955,4.7
1_01_R_16082025070000.avi,5952,motorcycle,1,1738.318,24.7
1_01_R_16082025070000.avi,5955,motorcycle,1,1738.636,24.7
1_01_R_16082025070000.avi,5926,car,2,1738.682,11.0
1_01_R_16082025070000.avi,5949,car,2,1738.818,26.4
1_01_R_16082025070000.avi,5939,motorcycle,1,1739.045,4.7
1_01_R_16082025070000.avi,5938,motorcycle,1,1739.136,4.7
1_01_R_16082025070000.avi,5945,motorcycle,1,1739.727,4.7
1_01_R_16082025070000.avi,5964,motorcycle,1,1739.909,24.7
1_01_R_16082025070000.avi,5966,motorcycle,1,1740.682,24.7
1_01_R_16082025070000.avi,5973,motorcycle,1,1741.182,24.7
1_01_R_16082025070000.avi,5970,motorcycle,1,1741.227,24.7
1_01_R_16082025070000.avi,5958,motorcycle,1,1741.591,4.7
1_01_R_16082025070000.avi,5947,car,2,1741.864,12.0
1_01_R_16082025070000.avi,5971,car,2,1742.455,22.0
1_01_R_16082025070000.avi,5968,car,2,1744.136,15.2
1_01_R_16082025070000.avi,5987,motorcycle,1,1745.409,24.7
1_01_R_16082025070000.avi,5975,car,2,1745.909,13.2
1_01_R_16082025070000.avi,5988,car,3,1746.864,13.2
1_01_R_16082025070000.avi,5994,truck,4,1747.455,23.3
1_01_R_16082025070000.avi,5985,car,2,1748.182,13.7
1_01_R_16082025070000.avi,6000,motorcycle,1,1748.682,24.7
1_01_R_16082025070000.avi,5992,motorcycle,1,1748.773,4.7
1_01_R_16082025070000.avi,6002,motorcycle,1,1748.909,24.7
1_01_R_16082025070000.avi,6005,motorcycle,1,1749.864,24.7
1_01_R_16082025070000.avi,6012,motorcycle,1,1749.955,24.7
1_01_R_16082025070000.avi,5998,car,2,1750.455,13.2
1_01_R_16082025070000.avi,6019,motorcycle,1,1750.682,24.7
1_01_R_16082025070000.avi,6018,motorcycle,1,1750.773,24.7
1_01_R_16082025070000.avi,6021,motorcycle,1,1751.273,24.7
1_01_R_16082025070000.avi,6026,car,2,1752.545,23.3
1_01_R_16082025070000.avi,6037,motorcycle,1,1752.591,24.7
1_01_R_16082025070000.avi,6007,car,2,1753.136,14.7
1_01_R_16082025070000.avi,6051,motorcycle,1,1754.045,20.8
1_01_R_16082025070000.avi,6023,motorcycle,1,1754.182,4.7
1_01_R_16082025070000.avi,6030,car,2,1755.636,13.7
1_01_R_16082025070000.avi,6058,motorcycle,1,1755.909,24.7
1_01_R_16082025070000.avi,6063,motorcycle,1,1756.545,24.7
1_01_R_16082025070000.avi,6066,motorcycle,1,1757.0,24.7
1_01_R_16082025070000.avi,6055,car,2,1758.318,19.8
1_01_R_16082025070000.avi,6076,motorcycle,1,1758.455,24.7
1_01_R_16082025070000.avi,6064,car,2,1759.727,14.1
1_01_R_16082025070000.avi,6088,motorcycle,1,1760.091,19.8
1_01_R_16082025070000.avi,6070,car,2,1760.273,4.7
1_01_R_16082025070000.avi,6091,car,2,1760.409,19.8
1_01_R_16082025070000.avi,6084,car,2,1762.091,15.2
1_01_R_16082025070000.avi,6092,truck,4,1762.864,23.3
1_01_R_16082025070000.avi,6095,motorcycle,1,1763.682,24.7
1_01_R_16082025070000.avi,6098,motorcycle,1,1764.455,24.7
1_01_R_16082025070000.avi,6105,motorcycle,1,1766.136,24.7
1_01_R_16082025070000.avi,6107,car,3,1767.045,14.1
1_01_R_16082025070000.avi,6109,motorcycle,1,1767.273,33.0
1_01_R_16082025070000.avi,6114,motorcycle,1,1767.591,24.7
1_01_R_16082025070000.avi,6117,motorcycle,1,1768.545,12.8
1_01_R_16082025070000.avi,6121,car,2,1770.318,24.7
1_01_R_16082025070000.avi,6125,car,2,1772.318,24.7
1_01_R_16082025070000.avi,6127,car,2,1772.636,18.9
1_01_R_16082025070000.avi,6128,motorcycle,1,1774.045,4.7
1_01_R_16082025070000.avi,6133,motorcycle,1,1774.273,26.4
1_01_R_16082025070000.avi,6124,motorcycle,1,1774.318,4.7
1_01_R_16082025070000.avi,6136,motorcycle,1,1774.545,24.7
1_01_R_16082025070000.avi,6143,motorcycle,1,1775.455,24.7
1_01_R_16082025070000.avi,6141,car,2,1775.636,20.8
1_01_R_16082025070000.avi,6152,motorcycle,1,1778.409,23.3
1_01_R_16082025070000.avi,6153,motorcycle,1,1778.409,24.7
1_01_R_16082025070000.avi,6145,motorcycle,1,1779.091,4.7
1_01_R_16082025070000.avi,6158,motorcycle,1,1779.545,24.7
1_01_R_16082025070000.avi,6151,motorcycle,1,1779.591,4.7
1_01_R_16082025070000.avi,6156,motorcycle,1,1779.773,24.7
1_01_R_16082025070000.avi,6155,motorcycle,1,1779.818,23.3
1_01_R_16082025070000.avi,6161,motorcycle,1,1781.636,24.7
1_01_R_16082025070000.avi,6159,car,2,1781.727,20.8
1_01_R_16082025070000.avi,6175,motorcycle,1,1784.545,24.7
1_01_R_16082025070000.avi,6172,motorcycle,1,1785.409,24.7
1_01_R_16082025070000.avi,6164,car,2,1785.682,18.9
1_01_R_16082025070000.avi,6179,motorcycle,1,1786.364,20.8
1_01_R_16082025070000.avi,6181,car,2,1787.409,56.6
1_01_R_16082025070000.avi,6176,car,2,1787.455,24.7
1_01_R_16082025070000.avi,6173,car,2,1787.545,18.9
1_01_R_16082025070000.avi,6187,motorcycle,1,1788.455,24.7
1_01_R_16082025070000.avi,6186,car,3,1789.318,14.7
1_01_R_16082025070000.avi,6191,motorcycle,1,1789.955,24.7
1_01_R_16082025070000.avi,6194,motorcycle,1,1790.864,24.7
1_01_R_16082025070000.avi,6197,car,2,1792.727,20.8
1_01_R_16082025070000.avi,6207,motorcycle,1,1793.955,24.7
1_01_R_16082025070000.avi,6202,car,2,1794.273,23.3
1_01_R_16082025070000.avi,6204,car,2,1795.273,24.7
1_01_R_16082025070000.avi,6216,motorcycle,1,1796.455,22.0
1_01_R_16082025070000.avi,6228,motorcycle,1,1797.591,24.7
1_01_R_16082025070000.avi,6231,motorcycle,1,1797.773,15.2
1_01_R_16082025070000.avi,6234,motorcycle,1,1798.091,24.7
1_01_R_16082025070000.avi,6235,car,2,1799.591,24.7
1_01_R_16082025070000.avi,6240,motorcycle,1,1800.636,24.7
1_01_R_16082025070000.avi,6245,motorcycle,1,1801.773,24.7
1_01_R_16082025070000.avi,6248,motorcycle,1,1805.773,4.7
1_01_R_16082025070000.avi,6252,motorcycle,1,1805.773,36.0
1_01_R_16082025070000.avi,6253,car,2,1807.318,20.8
1_01_R_16082025070000.avi,6254,car,2,1808.864,20.8
1_01_R_16082025070000.avi,6258,motorcycle,1,1810.318,23.3
1_01_R_16082025070000.avi,6260,motorcycle,1,1811.318,13.7
1_01_R_16082025070000.avi,6268,car,2,1815.136,22.0
1_01_R_16082025070000.avi,6269,car,2,1817.136,18.9
1_01_R_16082025070000.avi,6271,motorcycle,1,1818.455,28.3
1_01_R_16082025070000.avi,6272,motorcycle,1,1818.909,26.4
1_01_R_16082025070000.avi,6270,car,2,1819.0,28.3
1_01_R_16082025070000.avi,6273,car,2,1819.409,23.3
1_01_R_16082025070000.avi,6275,motorcycle,1,1821.591,28.3
1_01_R_16082025070000.avi,6280,motorcycle,1,1822.409,24.7
1_01_R_16082025070000.avi,6277,car,2,1823.0,26.4
1_01_R_16082025070000.avi,6278,motorcycle,1,1823.636,4.7
1_01_R_16082025070000.avi,6279,motorcycle,1,1824.182,4.7
1_01_R_16082025070000.avi,6286,motorcycle,1,1826.682,18.9
1_01_R_16082025070000.avi,6281,car,2,1827.455,4.7
1_01_R_16082025070000.avi,6290,motorcycle,1,1828.227,4.7
1_01_R_16082025070000.avi,6289,car,3,1828.409,11.0
1_01_R_16082025070000.avi,6297,car,2,1828.636,26.4
1_01_R_16082025070000.avi,6303,car,2,1830.045,24.7
1_01_R_16082025070000.avi,6313,motorcycle,1,1831.182,24.7
1_01_R_16082025070000.avi,6306,motorcycle,1,1831.682,4.7
1_01_R_16082025070000.avi,6310,motorcycle,1,1832.591,4.7
1_01_R_16082025070000.avi,6324,motorcycle,1,1833.773,24.7
1_01_R_16082025070000.avi,6330,car,2,1836.955,30.5
1_01_R_16082025070000.avi,6334,car,2,1837.318,23.3
1_01_R_16082025070000.avi,6328,motorcycle,1,1838.182,26.4
1_01_R_16082025070000.avi,6329,motorcycle,1,1838.273,4.7
1_01_R_16082025070000.avi,6332,motorcycle,1,1838.455,4.7
1_01_R_16082025070000.avi,6343,motorcycle,1,1838.636,26.4
1_01_R_16082025070000.avi,6340,motorcycle,1,1838.909,28.3
1_01_R_16082025070000.avi,6335,motorcycle,1,1839.045,4.7
1_01_R_16082025070000.avi,6336,motorcycle,1,1839.364,4.7
1_01_R_16082025070000.avi,6347,motorcycle,1,1839.818,23.3
1_01_R_16082025070000.avi,6339,motorcycle,1,1839.955,4.7
1_01_R_16082025070000.avi,6356,motorcycle,1,1841.727,24.7
1_01_R_16082025070000.avi,6349,motorcycle,1,1842.045,4.7
1_01_R_16082025070000.avi,6359,motorcycle,1,1842.136,24.7
1_01_R_16082025070000.avi,6352,motorcycle,1,1842.455,4.7
1_01_R_16082025070000.avi,6353,motorcycle,1,1843.045,4.7
1_01_R_16082025070000.avi,6355,motorcycle,1,1843.409,4.7
1_01_R_16082025070000.avi,6357,motorcycle,1,1843.5,4.7
1_01_R_16082025070000.avi,6365,motorcycle,1,1844.545,23.3
1_01_R_16082025070000.avi,6360,motorcycle,1,1844.727,28.3
1_01_R_16082025070000.avi,6368,car,2,1844.727,23.3
1_01_R_16082025070000.avi,6373,motorcycle,1,1845.773,24.7
1_01_R_16082025070000.avi,6362,motorcycle,1,1846.364,4.7
1_01_R_16082025070000.avi,6367,motorcycle,1,1846.545,4.7
1_01_R_16082025070000.avi,6370,motorcycle,1,1846.864,4.7
1_01_R_16082025070000.avi,6389,motorcycle,1,1847.545,23.3
1_01_R_16082025070000.avi,6396,motorcycle,1,1848.0,24.7
1_01_R_16082025070000.avi,6400,motorcycle,1,1848.682,24.7
1_01_R_16082025070000.avi,6379,car,3,1849.045,19.8
1_01_R_16082025070000.avi,6403,motorcycle,1,1849.364,24.7
1_01_R_16082025070000.avi,6401,motorcycle,1,1849.455,24.7
1_01_R_16082025070000.avi,6390,motorcycle,1,1849.818,4.7
1_01_R_16082025070000.avi,6398,motorcycle,1,1850.909,4.7
1_01_R_16082025070000.avi,6397,car,2,1851.0,23.3
1_01_R_16082025070000.avi,6408,motorcycle,1,1851.273,24.7
1_01_R_16082025070000.avi,6410,motorcycle,1,1851.682,24.7
1_01_R_16082025070000.avi,6412,motorcycle,1,1852.0,24.7
1_01_R_16082025070000.avi,6413,motorcycle,1,1852.136,24.7
1_01_R_16082025070000.avi,6404,car,2,1852.636,20.8
1_01_R_16082025070000.avi,6414,motorcycle,1,1852.818,24.7
1_01_R_16082025070000.avi,6407,motorcycle,1,1852.955,4.7
1_01_R_16082025070000.avi,6424,motorcycle,1,1854.091,23.3
1_01_R_16082025070000.avi,6422,car,2,1855.545,36.0
1_01_R_16082025070000.avi,6416,car,2,1855.682,22.0
1_01_R_16082025070000.avi,6417,car,2,1856.045,4.7
1_01_R_16082025070000.avi,6436,motorcycle,1,1856.727,18.9
1_01_R_16082025070000.avi,6433,car,2,1858.0,20.8
1_01_R_16082025070000.avi,6440,motorcycle,1,1858.545,18.0
1_01_R_16082025070000.avi,6450,motorcycle,1,1860.091,28.3
1_01_R_16082025070000.avi,6445,car,2,1860.364,26.4
1_01_R_16082025070000.avi,6439,car,2,1860.545,19.8
1_01_R_16082025070000.avi,6461,car,2,1861.5,24.7
1_01_R_16082025070000.avi,6449,motorcycle,1,1862.091,4.7
1_01_R_16082025070000.avi,6448,car,2,1862.409,4.7
1_01_R_16082025070000.avi,6469,car,3,1863.182,15.8
1_01_R_16082025070000.avi,6477,motorcycle,1,1863.545,24.7
1_01_R_16082025070000.avi,6481,motorcycle,1,1864.045,24.7
1_01_R_16082025070000.avi,6485,motorcycle,1,1864.909,24.7
1_01_R_16082025070000.avi,6473,motorcycle,1,1865.0,4.7
1_01_R_16082025070000.avi,6472,motorcycle,1,1865.136,4.7
1_01_R_16082025070000.avi,6492,motorcycle,1,1865.318,24.7
1_01_R_16082025070000.avi,6486,motorcycle,1,1865.5,24.7
1_01_R_16082025070000.avi,6478,motorcycle,1,1866.136,4.7
1_01_R_16082025070000.avi,6496,motorcycle,1,1866.227,24.7
1_01_R_16082025070000.avi,6476,car,2,1866.5,18.0
1_01_R_16082025070000.avi,6494,car,2,1868.273,4.7
1_01_R_16082025070000.avi,6511,motorcycle,1,1868.318,24.7
1_01_R_16082025070000.avi,6514,motorcycle,1,1869.182,24.7
1_01_R_16082025070000.avi,6498,car,3,1869.727,4.7
1_01_R_16082025070000.avi,6520,car,2,1870.545,24.8
1_01_R_16082025070000.avi,6516,car,2,1870.591,15.8
1_01_R_16082025070000.avi,6505,car,2,1870.773,17.2
1_01_R_16082025070000.avi,6527,car,2,1871.682,16.5
1_01_R_16082025070000.avi,6517,car,2,1872.682,4.7
1_01_R_16082025070000.avi,6526,motorcycle,1,1872.773,4.7
1_01_R_16082025070000.avi,6537,car,2,1873.182,15.2
1_01_R_16082025070000.avi,6528,motorcycle,1,1873.364,4.7
1_01_R_16082025070000.avi,6541,motorcycle,1,1873.5,24.7
1_01_R_16082025070000.avi,6536,motorcycle,1,1875.273,4.7
1_01_R_16082025070000.avi,6534,car,2,1875.318,17.2
1_01_R_16082025070000.avi,6553,motorcycle,1,1875.455,19.8
1_01_R_16082025070000.avi,6561,car,2,1876.591,19.8
1_01_R_16082025070000.avi,6546,car,2,1877.591,16.5
1_01_R_16082025070000.avi,6558,motorcycle,1,1877.727,4.7
1_01_R_16082025070000.avi,6566,truck,4,1879.636,16.5
1_01_R_16082025070000.avi,6583,motorcycle,1,1880.364,19.8
1_01_R_16082025070000.avi,6584,car,2,1880.864,33.0
1_01_R_16082025070000.avi,6573,car,2,1881.227,22.0
1_01_R_16082025070000.avi,6598,car,2,1882.545,24.7
1_01_R_16082025070000.avi,6604,motorcycle,1,1882.591,24.7
1_01_R_16082025070000.avi,6589,motorcycle,1,1883.318,4.7
1_01_R_16082025070000.avi,6588,truck,4,1883.636,4.7
1_01_R_16082025070000.avi,6594,motorcycle,1,1884.318,4.7
1_01_R_16082025070000.avi,6615,motorcycle,1,1884.636,22.0
1_01_R_16082025070000.avi,6619,motorcycle,1,1884.773,24.7
1_01_R_16082025070000.avi,6601,car,2,1885.864,16.5
1_01_R_16082025070000.avi,6626,car,2,1886.864,22.0
1_01_R_16082025070000.avi,6617,motorcycle,1,1887.045,4.7
1_01_R_16082025070000.avi,6627,motorcycle,1,1887.364,24.7
1_01_R_16082025070000.avi,6624,motorcycle,1,1887.727,4.7
1_01_R_16082025070000.avi,6625,motorcycle,1,1888.364,4.7
1_01_R_16082025070000.avi,6631,truck,4,1888.636,15.2
1_01_R_16082025070000.avi,6629,motorcycle,1,1890.091,4.7
1_01_R_16082025070000.avi,6628,car,2,1890.682,4.7
1_01_R_16082025070000.avi,6656,motorcycle,1,1891.318,24.7
1_01_R_16082025070000.avi,6650,car,3,1891.409,23.3
1_01_R_16082025070000.avi,6636,motorcycle,1,1891.5,4.7
1_01_R_16082025070000.avi,6663,motorcycle,1,1892.045,24.7
1_01_R_16082025070000.avi,6640,car,2,1892.818,4.7
1_01_R_16082025070000.avi,6651,motorcycle,1,1893.091,4.7
1_01_R_16082025070000.avi,6670,motorcycle,1,1893.409,24.7
1_01_R_16082025070000.avi,6657,motorcycle,1,1893.727,4.7
1_01_R_16082025070000.avi,6681,motorcycle,1,1893.955,24.7
1_01_R_16082025070000.avi,6687,motorcycle,1,1894.455,24.7
1_01_R_16082025070000.avi,6661,motorcycle,1,1894.5,4.7
1_01_R_16082025070000.avi,6686,motorcycle,1,1894.682,24.7
1_01_R_16082025070000.avi,6666,car,2,1895.045,13.7
1_01_R_16082025070000.avi,6685,motorcycle,1,1897.091,4.7
1_01_R_16082025070000.avi,6695,motorcycle,1,1897.364,19.8
1_01_R_16082025070000.avi,6698,motorcycle,1,1898.273,20.8
1_01_R_16082025070000.avi,6688,car,3,1898.773,20.8
1_01_R_16082025070000.avi,6690,motorcycle,1,1899.182,4.7
1_01_R_16082025070000.avi,6694,motorcycle,1,1899.409,4.7
1_01_R_16082025070000.avi,6692,motorcycle,1,1899.955,4.7
1_01_R_16082025070000.avi,6700,motorcycle,1,1900.818,18.9
1_01_R_16082025070000.avi,6708,motorcycle,1,1901.591,18.9
1_01_R_16082025070000.avi,6710,motorcycle,1,1902.227,36.0
1_01_R_16082025070000.avi,6702,motorcycle,1,1903.0,4.7
1_01_R_16082025070000.avi,6712,motorcycle,1,1903.0,24.7
1_01_R_16082025070000.avi,6709,motorcycle,1,1903.227,4.7
1_01_R_16082025070000.avi,6706,motorcycle,1,1903.273,4.7
1_01_R_16082025070000.avi,6713,motorcycle,1,1903.5,24.7
1_01_R_16082025070000.avi,6715,car,3,1905.0,22.0
1_01_R_16082025070000.avi,6725,motorcycle,1,1905.091,24.7
1_01_R_16082025070000.avi,6730,motorcycle,1,1905.591,24.7
1_01_R_16082025070000.avi,6741,car,2,1908.5,22.0
1_01_R_16082025070000.avi,6754,motorcycle,1,1908.636,24.7
1_01_R_16082025070000.avi,6755,motorcycle,1,1909.5,18.9
1_01_R_16082025070000.avi,6759,car,2,1910.318,30.5
1_01_R_16082025070000.avi,6743,car,3,1911.955,12.0
1_01_R_16082025070000.avi,6760,motorcycle,1,1912.591,4.7
1_01_R_16082025070000.avi,6765,motorcycle,1,1913.182,22.0
1_01_R_16082025070000.avi,6763,motorcycle,1,1914.636,4.7
1_01_R_16082025070000.avi,6768,car,2,1914.909,24.7
1_01_R_16082025070000.avi,6769,motorcycle,1,1915.091,24.7
1_01_R_16082025070000.avi,6772,motorcycle,1,1916.318,24.7
1_01_R_16082025070000.avi,6773,car,3,1918.409,15.8
1_01_R_16082025070000.avi,6781,motorcycle,1,1918.909,26.4
1_01_R_16082025070000.avi,6784,motorcycle,1,1919.636,9.2
1_01_R_16082025070000.avi,6790,motorcycle,1,1920.455,20.8
1_01_R_16082025070000.avi,6793,motorcycle,1,1921.318,24.7
1_01_R_16082025070000.avi,6794,motorcycle,1,1921.409,24.7
1_01_R_16082025070000.avi,6797,motorcycle,1,1922.455,24.7
1_01_R_16082025070000.avi,6799,motorcycle,1,1922.955,24.7
1_01_R_16082025070000.avi,6795,motorcycle,1,1924.091,4.7
1_01_R_16082025070000.avi,6796,car,2,1924.818,18.0
1_01_R_16082025070000.avi,6801,motorcycle,1,1925.364,24.7
1_01_R_16082025070000.avi,6802,truck,4,1926.591,14.1
1_01_R_16082025070000.avi,6807,motorcycle,1,1927.818,24.7
1_01_R_16082025070000.avi,6809,motorcycle,1,1928.955,24.7
1_01_R_16082025070000.avi,6810,motorcycle,1,1928.955,22.0
1_01_R_16082025070000.avi,6805,motorcycle,1,1929.636,4.7
1_01_R_16082025070000.avi,6813,motorcycle,1,1929.864,24.7
1_01_R_16082025070000.avi,6816,motorcycle,1,1930.909,23.3
1_01_R_16082025070000.avi,6821,motorcycle,1,1931.409,24.7
1_01_R_16082025070000.avi,6820,car,3,1933.136,13.7
1_01_R_16082025070000.avi,6830,motorcycle,1,1934.182,26.4
1_01_R_16082025070000.avi,6833,motorcycle,1,1936.727,24.8
1_01_R_16082025070000.avi,6834,car,2,1937.955,24.7
1_01_R_16082025070000.avi,6836,car,2,1939.227,24.8
1_01_R_16082025070000.avi,6841,motorcycle,1,1941.318,4.7
1_01_R_16082025070000.avi,6838,car,2,1941.5,23.3
1_01_R_16082025070000.avi,6847,motorcycle,1,1943.364,4.7
1_01_R_16082025070000.avi,6855,motorcycle,1,1943.545,24.7
1_01_R_16082025070000.avi,6851,car,3,1943.545,13.2
1_01_R_16082025070000.avi,6845,motorcycle,1,1943.727,4.7
1_01_R_16082025070000.avi,6850,motorcycle,1,1944.136,4.7
1_01_R_16082025070000.avi,6856,motorcycle,1,1944.182,24.7
1_01_R_16082025070000.avi,6858,motorcycle,1,1944.545,24.7
1_01_R_16082025070000.avi,6861,motorcycle,1,1945.136,24.7
1_01_R_16082025070000.avi,6865,motorcycle,1,1945.727,24.7
1_01_R_16082025070000.avi,6864,motorcycle,1,1946.0,22.0
1_01_R_16082025070000.avi,6867,motorcycle,1,1947.409,22.0
1_01_R_16082025070000.avi,6873,car,2,1950.091,28.3
1_01_R_16082025070000.avi,6872,car,2,1950.682,19.8
1_01_R_16082025070000.avi,6874,motorcycle,1,1951.682,30.5
1_01_R_16082025070000.avi,6875,car,2,1953.545,19.8
1_01_R_16082025070000.avi,6876,car,2,1954.955,20.8
1_01_R_16082025070000.avi,6879,car,2,1956.136,19.8
1_01_R_16082025070000.avi,6880,car,2,1956.955,28.3
1_01_R_16082025070000.avi,6882,car,2,1957.364,18.0
1_01_R_16082025070000.avi,6883,car,2,1959.091,18.9
1_01_R_16082025070000.avi,6888,motorcycle,1,1960.545,28.3
1_01_R_16082025070000.avi,6891,car,2,1963.545,22.0
1_01_R_16082025070000.avi,6900,motorcycle,1,1964.273,28.3
1_01_R_16082025070000.avi,6901,car,2,1964.727,23.3
1_01_R_16082025070000.avi,6897,motorcycle,1,1965.182,4.7
1_01_R_16082025070000.avi,6904,car,2,1967.455,24.7
1_01_R_16082025070000.avi,6909,motorcycle,1,1968.318,24.7
1_01_R_16082025070000.avi,6915,car,2,1970.409,23.3
1_01_R_16082025070000.avi,6926,motorcycle,1,1971.727,28.3
1_01_R_16082025070000.avi,6925,car,2,1971.773,30.5
1_01_R_16082025070000.avi,6916,car,2,1972.0,23.3
1_01_R_16082025070000.avi,6931,motorcycle,1,1972.364,24.7
1_01_R_16082025070000.avi,6920,car,2,1973.0,18.9
1_01_R_16082025070000.avi,6932,motorcycle,1,1973.318,24.7
1_01_R_16082025070000.avi,6927,motorcycle,1,1973.455,30.5
1_01_R_16082025070000.avi,6941,motorcycle,1,1974.318,26.4
1_01_R_16082025070000.avi,6943,motorcycle,1,1974.909,24.7
1_01_R_16082025070000.avi,6944,motorcycle,1,1975.318,24.7
1_01_R_16082025070000.avi,6929,motorcycle,1,1975.545,4.7
1_01_R_16082025070000.avi,6945,motorcycle,1,1976.045,24.7
1_01_R_16082025070000.avi,6942,motorcycle,1,1976.136,4.7
1_01_R_16082025070000.avi,6951,motorcycle,1,1977.318,24.7
1_01_R_16082025070000.avi,6947,motorcycle,1,1978.318,4.7
1_01_R_16082025070000.avi,6953,car,2,1978.5,24.7
1_01_R_16082025070000.avi,6955,car,2,1979.909,26.4
1_01_R_16082025070000.avi,6957,motorcycle,1,1980.182,33.0
1_01_R_16082025070000.avi,6960,motorcycle,1,1981.136,28.3
1_01_R_16082025070000.avi,6959,car,2,1981.636,28.3
1_01_R_16082025070000.avi,6975,motorcycle,1,1982.909,24.7
1_01_R_16082025070000.avi,6965,car,2,1983.636,30.5
1_01_R_16082025070000.avi,6974,truck,4,1983.955,33.0
1_01_R_16082025070000.avi,6980,motorcycle,1,1985.864,24.7
1_01_R_16082025070000.avi,6981,motorcycle,1,1987.045,30.5
1_01_R_16082025070000.avi,6985,motorcycle,1,1987.545,24.7
1_01_R_16082025070000.avi,6984,car,2,1987.727,30.5
1_01_R_16082025070000.avi,6986,motorcycle,1,1989.091,28.3
1_01_R_16082025070000.avi,6990,motorcycle,1,1990.227,28.3
1_01_R_16082025070000.avi,6991,motorcycle,1,1990.455,30.5
1_01_R_16082025070000.avi,6998,motorcycle,1,1991.545,24.7
1_01_R_16082025070000.avi,6993,motorcycle,1,1992.091,44.0
1_01_R_16082025070000.avi,6996,motorcycle,1,1992.318,13.2
1_01_R_16082025070000.avi,7001,motorcycle,1,1992.682,30.5
1_01_R_16082025070000.avi,6997,motorcycle,1,1993.227,4.7
1_01_R_16082025070000.avi,7006,motorcycle,1,1994.0,24.7
1_01_R_16082025070000.avi,7003,motorcycle,1,1994.045,4.7
1_01_R_16082025070000.avi,7008,motorcycle,1,1994.455,24.7
1_01_R_16082025070000.avi,7011,motorcycle,1,1996.409,24.7
1_01_R_16082025070000.avi,7013,motorcycle,1,1997.591,24.7
1_01_R_16082025070000.avi,7012,motorcycle,1,1998.636,33.0
1_01_R_16082025070000.avi,7015,motorcycle,1,1999.0,4.7
1_01_R_16082025070000.avi,7016,motorcycle,1,1999.409,4.7
1_01_R_16082025070000.avi,7018,motorcycle,1,2000.0,33.0
1_01_R_16082025070000.avi,7022,motorcycle,1,2000.091,24.7
1_01_R_16082025070000.avi,7019,motorcycle,1,2000.455,4.7
1_01_R_16082025070000.avi,7023,motorcycle,1,2002.0,4.7
1_01_R_16082025070000.avi,7025,motorcycle,1,2002.136,4.7
1_01_R_16082025070000.avi,7024,motorcycle,1,2002.682,4.7
1_01_R_16082025070000.avi,7029,motorcycle,1,2002.955,30.5
1_01_R_16082025070000.avi,7030,car,2,2003.409,22.0
1_01_R_16082025070000.avi,7027,motorcycle,1,2004.364,4.7
1_01_R_16082025070000.avi,7028,motorcycle,1,2004.545,4.7
1_01_R_16082025070000.avi,7036,motorcycle,1,2004.591,36.0
1_01_R_16082025070000.avi,7031,motorcycle,1,2004.955,4.7
1_01_R_16082025070000.avi,7047,motorcycle,1,2005.909,24.7
1_01_R_16082025070000.avi,7032,car,2,2006.091,4.7
1_01_R_16082025070000.avi,7035,motorcycle,1,2006.182,4.7
1_01_R_16082025070000.avi,7051,motorcycle,1,2006.545,24.7
1_01_R_16082025070000.avi,7040,motorcycle,1,2006.591,4.7
1_01_R_16082025070000.avi,7038,motorcycle,1,2006.818,4.7
1_01_R_16082025070000.avi,7041,motorcycle,1,2007.182,4.7
1_01_R_16082025070000.avi,7050,motorcycle,1,2008.773,4.7
1_01_R_16082025070000.avi,7064,car,2,2009.318,13.7
1_01_R_16082025070000.avi,7055,motorcycle,1,2009.364,4.7
1_01_R_16082025070000.avi,7059,motorcycle,1,2009.682,4.7
1_01_R_16082025070000.avi,7061,motorcycle,1,2010.591,4.7
1_01_R_16082025070000.avi,7063,motorcycle,1,2010.773,4.7
1_01_R_16082025070000.avi,7065,car,3,2011.409,22.0
1_01_R_16082025070000.avi,7082,car,2,2012.091,24.7
1_01_R_16082025070000.avi,7077,motorcycle,1,2012.727,4.7
1_01_R_16082025070000.avi,7084,motorcycle,1,2013.409,20.8
1_01_R_16082025070000.avi,7083,motorcycle,1,2014.091,4.7
1_01_R_16082025070000.avi,7087,motorcycle,1,2014.545,24.7
1_01_R_16082025070000.avi,7091,motorcycle,1,2015.091,24.7
1_01_R_16082025070000.avi,7093,motorcycle,1,2015.091,24.7
1_01_R_16082025070000.avi,7086,car,3,2015.773,19.8
1_01_R_16082025070000.avi,7098,motorcycle,1,2016.636,24.7
1_01_R_16082025070000.avi,7092,motorcycle,1,2017.455,4.7
1_01_R_16082025070000.avi,7095,motorcycle,1,2017.545,4.7
1_01_R_16082025070000.avi,7101,motorcycle,1,2018.045,20.8
1_01_R_16082025070000.avi,7096,motorcycle,1,2018.273,4.7
1_01_R_16082025070000.avi,7106,car,2,2019.364,22.0
1_01_R_16082025070000.avi,7105,car,2,2019.636,24.8
1_01_R_16082025070000.avi,7102,car,2,2020.273,22.0
1_01_R_16082025070000.avi,7103,motorcycle,1,2020.318,4.7
1_01_R_16082025070000.avi,7108,motorcycle,1,2021.227,4.7
1_01_R_16082025070000.avi,7107,motorcycle,1,2021.273,4.7
1_01_R_16082025070000.avi,7117,car,2,2021.591,26.4
1_01_R_16082025070000.avi,7126,motorcycle,1,2022.318,28.3
1_01_R_16082025070000.avi,7114,motorcycle,1,2022.364,4.7
1_01_R_16082025070000.avi,7113,car,2,2022.773,22.0
1_01_R_16082025070000.avi,7128,motorcycle,1,2022.955,24.7
1_01_R_16082025070000.avi,7130,motorcycle,1,2023.045,24.7
1_01_R_16082025070000.avi,7116,motorcycle,1,2023.136,4.7
1_01_R_16082025070000.avi,7132,motorcycle,1,2023.864,24.7
1_01_R_16082025070000.avi,7123,motorcycle,1,2024.273,4.7
1_01_R_16082025070000.avi,7131,car,2,2024.591,20.8
1_01_R_16082025070000.avi,7120,motorcycle,1,2024.682,4.7
1_01_R_16082025070000.avi,7127,car,2,2025.455,20.8
1_01_R_16082025070000.avi,7135,motorcycle,1,2025.727,24.8
1_01_R_16082025070000.avi,7149,car,2,2028.045,18.9
1_01_R_16082025070000.avi,7157,motorcycle,1,2029.409,24.7
1_01_R_16082025070000.avi,7160,motorcycle,1,2029.773,24.7
1_01_R_16082025070000.avi,7159,motorcycle,1,2029.909,24.7
1_01_R_16082025070000.avi,7162,motorcycle,1,2030.045,24.7
1_01_R_16082025070000.avi,7164,motorcycle,1,2030.091,24.7
1_01_R_16082025070000.avi,7161,motorcycle,1,2030.136,24.7
1_01_R_16082025070000.avi,7151,car,2,2030.364,20.8
1_01_R_16082025070000.avi,7154,motorcycle,1,2030.682,4.7
1_01_R_16082025070000.avi,7168,car,2,2031.955,18.9
1_01_R_16082025070000.avi,7156,car,2,2032.045,18.9
1_01_R_16082025070000.avi,7158,car,2,2032.818,28.3
1_01_R_16082025070000.avi,7186,motorcycle,1,2033.773,28.3
1_01_R_16082025070000.avi,7165,car,2,2033.955,4.7
1_01_R_16082025070000.avi,7171,motorcycle,1,2034.045,4.7
1_01_R_16082025070000.avi,7172,motorcycle,1,2034.045,4.7
1_01_R_16082025070000.avi,7188,car,2,2034.182,22.0
1_01_R_16082025070000.avi,7184,car,2,2035.591,18.9
1_01_R_16082025070000.avi,7194,car,2,2036.227,20.8
1_01_R_16082025070000.avi,7197,motorcycle,1,2037.5,24.7
1_01_R_16082025070000.avi,7195,motorcycle,1,2038.591,4.7
1_01_R_16082025070000.avi,7193,car,2,2038.727,4.7
1_01_R_16082025070000.avi,7196,motorcycle,1,2039.455,4.7
1_01_R_16082025070000.avi,7198,motorcycle,1,2039.864,4.7
1_01_R_16082025070000.avi,7213,motorcycle,1,2040.136,24.7
1_01_R_16082025070000.avi,7200,motorcycle,1,2040.364,4.7
1_01_R_16082025070000.avi,7201,motorcycle,1,2040.773,4.7
1_01_R_16082025070000.avi,7206,motorcycle,1,2040.909,24.7
1_01_R_16082025070000.avi,7215,car,2,2046.182,18.9
1_01_R_16082025070000.avi,7220,car,2,2046.273,4.7
1_01_R_16082025070000.avi,7216,car,2,2048.0,16.5
1_01_R_16082025070000.avi,7230,car,2,2051.091,23.3
1_01_R_16082025070000.avi,7235,motorcycle,1,2051.909,24.7
1_01_R_16082025070000.avi,7228,car,2,2052.046,16.5
1_01_R_16082025070000.avi,7238,motorcycle,1,2052.182,24.7
1_01_R_16082025070000.avi,7233,car,2,2055.5,15.2
1_01_R_16082025070000.avi,7237,truck,6,2057.227,15.2
1_01_R_16082025070000.avi,7268,motorcycle,1,2057.5,24.7
1_01_R_16082025070000.avi,7274,motorcycle,1,2058.227,24.7
1_01_R_16082025070000.avi,7251,car,2,2058.818,15.2
1_01_R_16082025070000.avi,7280,motorcycle,1,2058.864,24.7
1_01_R_16082025070000.avi,7258,motorcycle,1,2059.0,4.7
1_01_R_16082025070000.avi,7265,motorcycle,1,2059.091,4.7
1_01_R_16082025070000.avi,7286,motorcycle,1,2059.273,24.7
1_01_R_16082025070000.avi,7264,motorcycle,1,2059.364,4.7
1_01_R_16082025070000.avi,7259,car,2,2060.5,16.5
1_01_R_16082025070000.avi,7299,motorcycle,1,2063.318,4.7
1_01_R_16082025070000.avi,7322,motorcycle,1,2064.0,24.7
1_01_R_16082025070000.avi,7323,motorcycle,1,2064.318,24.7
1_01_R_16082025070000.avi,7328,motorcycle,1,2065.0,24.7
1_01_R_16082025070000.avi,7332,motorcycle,1,2065.182,24.7
1_01_R_16082025070000.avi,7302,car,2,2065.546,18.0
1_01_R_16082025070000.avi,7337,motorcycle,1,2065.727,24.7
1_01_R_16082025070000.avi,7343,motorcycle,1,2066.136,24.7
1_01_R_16082025070000.avi,7344,motorcycle,1,2066.773,24.7
1_01_R_16082025070000.avi,7314,car,2,2066.909,16.5
1_01_R_16082025070000.avi,7348,motorcycle,1,2067.273,24.7
1_01_R_16082025070000.avi,7355,motorcycle,1,2067.727,24.7
1_01_R_16082025070000.avi,7338,motorcycle,1,2067.818,4.7
1_01_R_16082025070000.avi,7347,car,3,2068.909,11.6
1_01_R_16082025070000.avi,7335,car,2,2069.136,13.7
1_01_R_16082025070000.avi,7365,car,2,2069.727,20.8
1_01_R_16082025070000.avi,7349,motorcycle,1,2070.0,4.7
1_01_R_16082025070000.avi,7358,motorcycle,1,2070.546,4.7
1_01_R_16082025070000.avi,7350,car,2,2071.182,28.3
1_01_R_16082025070000.avi,7368,motorcycle,1,2071.273,24.7
1_01_R_16082025070000.avi,7374,car,2,2072.909,17.2
1_01_R_16082025070000.avi,7386,motorcycle,1,2074.182,24.7
1_01_R_16082025070000.avi,7373,car,2,2075.136,15.8
1_01_R_16082025070000.avi,7391,motorcycle,1,2075.954,22.0
1_01_R_16082025070000.avi,7395,motorcycle,1,2076.636,24.7
1_01_R_16082025070000.avi,7398,motorcycle,1,2076.636,24.7
1_01_R_16082025070000.avi,7400,motorcycle,1,2077.182,24.7
1_01_R_16082025070000.avi,7403,motorcycle,1,2078.954,20.8
1_01_R_16082025070000.avi,7402,car,2,2080.727,18.0
1_01_R_16082025070000.avi,7409,car,2,2080.954,22.0
1_01_R_16082025070000.avi,7407,motorcycle,1,2081.091,4.7
1_01_R_16082025070000.avi,7412,motorcycle,1,2082.182,4.7
1_01_R_16082025070000.avi,7417,motorcycle,1,2082.227,22.0
1_01_R_16082025070000.avi,7416,motorcycle,1,2084.318,18.9
1_01_R_16082025070000.avi,7421,car,3,2086.5,14.1
1_01_R_16082025070000.avi,7418,motorcycle,1,2086.546,4.7
1_01_R_16082025070000.avi,7419,car,3,2087.046,12.8
1_01_R_16082025070000.avi,7420,car,2,2087.409,20.8
1_01_R_16082025070000.avi,7423,car,2,2088.591,10.7
1_01_R_16082025070000.avi,7422,car,2,2089.046,4.7
1_01_R_16082025070000.avi,7428,motorcycle,1,2090.273,4.7
1_01_R_16082025070000.avi,7430,car,2,2091.0,18.9
1_01_R_16082025070000.avi,7424,car,2,2091.454,4.7
1_01_R_16082025070000.avi,7436,car,2,2091.864,12.8
1_01_R_16082025070000.avi,7438,motorcycle,1,2092.545,24.7
1_01_R_16082025070000.avi,7446,motorcycle,1,2092.727,24.7
1_01_R_16082025070000.avi,7449,motorcycle,1,2093.182,24.7
1_01_R_16082025070000.avi,7454,motorcycle,1,2094.136,24.7
1_01_R_16082025070000.avi,7442,motorcycle,1,2094.182,4.7
1_01_R_16082025070000.avi,7451,car,2,2094.227,24.7
1_01_R_16082025070000.avi,7462,motorcycle,1,2095.545,24.7
1_01_R_16082025070000.avi,7464,car,2,2096.591,15.2
1_01_R_16082025070000.avi,7465,motorcycle,1,2096.818,24.7
1_01_R_16082025070000.avi,7455,motorcycle,1,2097.454,4.7
1_01_R_16082025070000.avi,7476,motorcycle,1,2098.818,18.9
1_01_R_16082025070000.avi,7471,motorcycle,1,2099.091,4.7
1_01_R_16082025070000.avi,7474,car,2,2099.091,15.8
1_01_R_16082025070000.avi,7478,motorcycle,1,2099.273,4.7
1_01_R_16082025070000.avi,7479,car,2,2100.273,17.2
1_01_R_16082025070000.avi,7482,motorcycle,1,2101.591,4.7
1_01_R_16082025070000.avi,7481,motorcycle,1,2102.136,4.7
1_01_R_16082025070000.avi,7485,motorcycle,1,2103.318,4.7
1_01_R_16082025070000.avi,7488,motorcycle,1,2103.364,22.0
1_01_R_16082025070000.avi,7491,car,2,2105.682,15.2
1_01_R_16082025070000.avi,7495,motorcycle,1,2107.954,4.7
1_01_R_16082025070000.avi,7496,motorcycle,1,2107.954,24.7
1_01_R_16082025070000.avi,7497,car,2,2109.773,18.0
1_01_R_16082025070000.avi,7501,car,2,2111.636,18.9
1_01_R_16082025070000.avi,7512,car,2,2112.682,26.4
1_01_R_16082025070000.avi,7523,car,2,2113.318,18.0
1_01_R_16082025070000.avi,7528,motorcycle,1,2114.546,18.0
1_01_R_16082025070000.avi,7535,car,2,2116.591,23.3
1_01_R_16082025070000.avi,7538,car,2,2117.636,22.0
1_01_R_16082025070000.avi,7550,motorcycle,1,2118.545,24.7
1_01_R_16082025070000.avi,7539,car,2,2118.773,28.3
1_01_R_16082025070000.avi,7548,car,2,2119.546,36.0
1_01_R_16082025070000.avi,7543,car,2,2119.682,26.4
1_01_R_16082025070000.avi,7545,motorcycle,1,2120.136,4.7
1_01_R_16082025070000.avi,7554,motorcycle,1,2120.318,24.7
1_01_R_16082025070000.avi,7559,motorcycle,1,2121.0,24.7
1_01_R_16082025070000.avi,7560,motorcycle,1,2121.182,24.7
1_01_R_16082025070000.avi,7562,motorcycle,1,2121.864,24.7
1_01_R_16082025070000.avi,7565,car,2,2122.182,19.8
1_01_R_16082025070000.avi,7579,motorcycle,1,2124.364,24.7
1_01_R_16082025070000.avi,7570,car,3,2125.364,18.9
1_01_R_16082025070000.avi,7587,motorcycle,1,2129.682,24.7
1_01_R_16082025070000.avi,7584,truck,4,2130.409,24.7
1_01_R_16082025070000.avi,7585,motorcycle,1,2130.864,4.7
1_01_R_16082025070000.avi,7588,motorcycle,1,2131.046,14.7
1_01_R_16082025070000.avi,7590,car,2,2132.727,24.7
1_01_R_16082025070000.avi,7592,motorcycle,1,2133.364,24.7
1_01_R_16082025070000.avi,7595,motorcycle,1,2133.682,24.7
1_01_R_16082025070000.avi,7598,motorcycle,1,2134.727,24.7
1_01_R_16082025070000.avi,7600,motorcycle,1,2135.227,24.7
1_01_R_16082025070000.avi,7599,motorcycle,1,2135.273,24.7
1_01_R_16082025070000.avi,7603,motorcycle,1,2136.0,24.7
1_01_R_16082025070000.avi,7597,car,2,2136.364,26.4
1_01_R_16082025070000.avi,7602,car,2,2136.591,30.5
1_01_R_16082025070000.avi,7606,motorcycle,1,2137.091,24.7
1_01_R_16082025070000.avi,7605,motorcycle,1,2137.318,30.5
1_01_R_16082025070000.avi,7607,motorcycle,1,2138.227,33.0
1_01_R_16082025070000.avi,7608,motorcycle,1,2138.454,24.7
1_01_R_16082025070000.avi,7610,motorcycle,1,2139.273,24.7
1_01_R_16082025070000.avi,7615,motorcycle,1,2140.454,24.7
1_01_R_16082025070000.avi,7614,motorcycle,1,2140.5,24.7
1_01_R_16082025070000.avi,7617,motorcycle,1,2141.909,26.4
1_01_R_16082025070000.avi,7619,motorcycle,1,2143.136,26.4
1_01_R_16082025070000.avi,7622,motorcycle,1,2145.364,30.5
1_01_R_16082025070000.avi,7623,motorcycle,1,2147.636,36.0
1_01_R_16082025070000.avi,7624,motorcycle,1,2149.909,28.3
1_01_R_16082025070000.avi,7629,car,2,2150.682,24.7
1_01_R_16082025070000.avi,7628,motorcycle,1,2150.727,24.7
1_01_R_16082025070000.avi,7625,truck,6,2150.954,23.3
1_01_R_16082025070000.avi,7626,car,2,2151.682,24.7
1_01_R_16082025070000.avi,7627,motorcycle,1,2152.636,4.7
1_01_R_16082025070000.avi,7630,car,2,2152.818,22.0
1_01_R_16082025070000.avi,7631,car,3,2155.318,12.4
1_01_R_16082025070000.avi,7633,car,3,2156.864,15.8
1_01_R_16082025070000.avi,7640,car,2,2157.864,26.4
1_01_R_16082025070000.avi,7645,motorcycle,1,2158.454,24.7
1_01_R_16082025070000.avi,7641,car,2,2159.773,24.7
1_01_R_16082025070000.avi,7644,car,2,2160.727,26.4
1_01_R_16082025070000.avi,7649,motorcycle,1,2160.727,4.7
1_01_R_16082025070000.avi,7654,motorcycle,1,2161.591,4.7
1_01_R_16082025070000.avi,7651,motorcycle,1,2161.773,4.7
1_01_R_16082025070000.avi,7652,car,2,2162.273,20.8
1_01_R_16082025070000.avi,7658,motorcycle,1,2162.773,4.7
1_01_R_16082025070000.avi,7664,motorcycle,1,2163.954,24.7
1_01_R_16082025070000.avi,7665,motorcycle,1,2164.364,24.7
1_01_R_16082025070000.avi,7661,motorcycle,1,2164.727,4.7
1_01_R_16082025070000.avi,7660,motorcycle,1,2164.818,4.7
1_01_R_16082025070000.avi,7668,motorcycle,1,2164.954,24.7
1_01_R_16082025070000.avi,7662,motorcycle,1,2165.182,4.7
1_01_R_16082025070000.avi,7670,motorcycle,1,2165.182,24.7
1_01_R_16082025070000.avi,7669,car,3,2166.318,17.2
1_01_R_16082025070000.avi,7671,car,2,2166.409,22.0
1_01_R_16082025070000.avi,7682,motorcycle,1,2167.545,24.7
1_01_R_16082025070000.avi,7672,motorcycle,1,2167.773,4.7
1_01_R_16082025070000.avi,7674,motorcycle,1,2167.954,4.7
1_01_R_16082025070000.avi,7686,motorcycle,1,2167.954,24.7
1_01_R_16082025070000.avi,7676,motorcycle,1,2168.364,4.7
1_01_R_16082025070000.avi,7677,motorcycle,1,2168.409,4.7
1_01_R_16082025070000.avi,7691,motorcycle,1,2169.182,24.7
1_01_R_16082025070000.avi,7681,motorcycle,1,2169.727,4.7
1_01_R_16082025070000.avi,7684,motorcycle,1,2169.727,4.7
1_01_R_16082025070000.avi,7685,motorcycle,1,2170.409,4.7
1_01_R_16082025070000.avi,7693,motorcycle,1,2170.727,18.9
1_01_R_16082025070000.avi,7697,motorcycle,1,2171.864,24.7
1_01_R_16082025070000.avi,7692,motorcycle,1,2172.364,4.7
1_01_R_16082025070000.avi,7695,motorcycle,1,2173.091,33.0
1_01_R_16082025070000.avi,7700,motorcycle,1,2173.727,19.8
1_01_R_16082025070000.avi,7702,motorcycle,1,2173.909,24.7
1_01_R_16082025070000.avi,7698,motorcycle,1,2174.409,4.7
1_01_R_16082025070000.avi,7706,motorcycle,1,2174.591,24.7
1_01_R_16082025070000.avi,7703,motorcycle,1,2174.636,24.7
1_01_R_16082025070000.avi,7709,motorcycle,1,2175.364,24.7
1_01_R_16082025070000.avi,7710,motorcycle,1,2175.773,24.7
1_01_R_16082025070000.avi,7712,motorcycle,1,2175.818,24.7
1_01_R_16082025070000.avi,7720,motorcycle,1,2176.864,24.7
1_01_R_16082025070000.avi,7722,motorcycle,1,2177.454,24.7
1_01_R_16082025070000.avi,7726,car,2,2178.591,20.8
1_01_R_16082025070000.avi,7719,motorcycle,1,2179.273,4.7
1_01_R_16082025070000.avi,7736,motorcycle,1,2179.546,4.7
1_01_R_16082025070000.avi,7747,car,2,2179.546,24.8
1_01_R_16082025070000.avi,7727,motorcycle,1,2179.773,4.7
1_01_R_16082025070000.avi,7773,motorcycle,1,2180.182,24.7
1_01_R_16082025070000.avi,7777,motorcycle,1,2181.318,24.7
1_01_R_16082025070000.avi,7774,motorcycle,1,2181.546,4.7
1_01_R_16082025070000.avi,7724,car,2,2181.682,22.0
1_01_R_16082025070000.avi,7786,motorcycle,1,2182.091,24.7
1_01_R_16082025070000.avi,7760,motorcycle,1,2182.273,4.7
1_01_R_16082025070000.avi,7772,motorcycle,1,2183.046,4.7
1_01_R_16082025070000.avi,7787,motorcycle,1,2183.136,24.7
1_01_R_16082025070000.avi,7755,car,2,2183.227,4.7
1_01_R_16082025070000.avi,7784,car,2,2183.364,23.3
1_01_R_16082025070000.avi,7782,car,2,2184.636,20.8
1_01_R_16082025070000.avi,7791,car,2,2187.409,20.8
1_01_R_16082025070000.avi,7793,motorcycle,1,2187.409,4.7
1_01_R_16082025070000.avi,7794,motorcycle,1,2187.591,4.7
1_01_R_16082025070000.avi,7803,motorcycle,1,2188.227,24.7
1_01_R_16082025070000.avi,7799,motorcycle,1,2188.818,4.7
1_01_R_16082025070000.avi,7806,motorcycle,1,2189.318,24.7
1_01_R_16082025070000.avi,7797,motorcycle,1,2189.364,4.7
1_01_R_16082025070000.avi,7800,car,2,2189.591,22.0
1_01_R_16082025070000.avi,7801,motorcycle,1,2189.682,4.7
1_01_R_16082025070000.avi,7802,car,2,2190.909,19.8
1_01_R_16082025070000.avi,7812,motorcycle,1,2193.136,4.7
1_01_R_16082025070000.avi,7819,motorcycle,1,2194.136,22.0
1_01_R_16082025070000.avi,7816,truck,4,2195.227,23.3
1_01_R_16082025070000.avi,7820,car,2,2195.227,49.5
1_01_R_16082025070000.avi,7815,car,2,2195.318,4.7
1_01_R_16082025070000.avi,7833,motorcycle,1,2195.727,24.7
1_01_R_16082025070000.avi,7823,motorcycle,1,2196.682,4.7
1_01_R_16082025070000.avi,7850,motorcycle,1,2198.864,24.7
1_01_R_16082025070000.avi,7824,car,2,2199.0,4.7
1_01_R_16082025070000.avi,7834,car,2,2199.182,23.3
1_01_R_16082025070000.avi,7853,motorcycle,1,2199.727,24.7
1_01_R_16082025070000.avi,7852,car,3,2200.954,15.2
1_01_R_16082025070000.avi,7857,car,2,2201.773,56.6
1_01_R_16082025070000.avi,7848,car,2,2202.0,19.8
1_01_R_16082025070000.avi,7858,motorcycle,1,2203.409,17.2
1_01_R_16082025070000.avi,7870,motorcycle,1,2204.318,23.3
1_01_R_16082025070000.avi,7868,motorcycle,1,2204.591,24.7
1_01_R_16082025070000.avi,7887,car,2,2206.227,24.7
1_01_R_16082025070000.avi,7869,truck,4,2207.182,16.5
1_01_R_16082025070000.avi,7885,motorcycle,1,2207.273,18.9
1_01_R_16082025070000.avi,7880,motorcycle,1,2207.682,4.7
1_01_R_16082025070000.avi,7882,car,2,2208.954,17.2
1_01_R_16082025070000.avi,7888,car,2,2210.409,22.0
1_01_R_16082025070000.avi,7890,car,3,2210.818,17.2
1_01_R_16082025070000.avi,7889,car,2,2211.727,4.7
1_01_R_16082025070000.avi,7911,motorcycle,1,2213.045,24.7
1_01_R_16082025070000.avi,7891,car,2,2213.046,4.7
1_01_R_16082025070000.avi,7904,motorcycle,1,2214.364,4.7
1_01_R_16082025070000.avi,7909,car,2,2215.591,4.7
1_01_R_16082025070000.avi,7916,motorcycle,1,2215.591,4.7
1_01_R_16082025070000.avi,7914,car,3,2216.046,14.7
1_01_R_16082025070000.avi,7927,motorcycle,1,2217.227,4.7
1_01_R_16082025070000.avi,7928,car,2,2217.227,24.8
1_01_R_16082025070000.avi,7919,car,2,2217.546,18.9
1_01_R_16082025070000.avi,7920,motorcycle,1,2219.046,4.7
1_01_R_16082025070000.avi,7930,motorcycle,1,2219.227,4.7
1_01_R_16082025070000.avi,7936,car,2,2219.454,15.8
1_01_R_16082025070000.avi,7932,car,2,2220.273,18.9
1_01_R_16082025070000.avi,7938,motorcycle,1,2221.318,4.7
1_01_R_16082025070000.avi,7960,motorcycle,1,2222.182,24.7
1_01_R_16082025070000.avi,7939,car,2,2222.227,4.7
1_01_R_16082025070000.avi,7968,motorcycle,1,2222.273,24.7
1_01_R_16082025070000.avi,7942,car,2,2222.682,4.7
1_01_R_16082025070000.avi,7979,motorcycle,1,2223.545,24.7
1_01_R_16082025070000.avi,7946,car,2,2223.591,16.5
1_01_R_16082025070000.avi,7948,motorcycle,1,2223.864,4.7
1_01_R_16082025070000.avi,7976,car,2,2224.046,24.8
1_01_R_16082025070000.avi,7954,car,2,2224.818,22.0
1_01_R_16082025070000.avi,7991,motorcycle,1,2225.545,24.7
1_01_R_16082025070000.avi,7974,car,2,2226.182,4.7
1_01_R_16082025070000.avi,7982,motorcycle,1,2226.682,4.7
1_01_R_16082025070000.avi,7998,motorcycle,1,2226.909,24.7
1_01_R_16082025070000.avi,7983,car,2,2227.954,15.8
1_01_R_16082025070000.avi,7995,motorcycle,1,2228.727,4.7
1_01_R_16082025070000.avi,8002,car,2,2229.5,18.9
1_01_R_16082025070000.avi,8001,motorcycle,1,2230.0,4.7
1_01_R_16082025070000.avi,7999,car,2,2230.864,16.5
1_01_R_16082025070000.avi,8006,car,2,2231.454,22.0
1_01_R_16082025070000.avi,8009,car,2,2232.773,20.8
1_01_R_16082025070000.avi,8005,car,2,2234.0,14.1
1_01_R_16082025070000.avi,8011,car,2,2234.682,17.2
1_01_R_16082025070000.avi,8016,motorcycle,1,2235.409,4.7
1_01_R_16082025070000.avi,8022,motorcycle,1,2235.682,24.7
1_01_R_16082025070000.avi,8017,motorcycle,1,2236.682,4.7
1_01_R_16082025070000.avi,8027,motorcycle,1,2237.091,24.7
1_01_R_16082025070000.avi,8018,car,2,2237.182,17.2
1_01_R_16082025070000.avi,8020,motorcycle,1,2237.273,4.7
1_01_R_16082025070000.avi,8029,motorcycle,1,2237.318,24.7
1_01_R_16082025070000.avi,8024,car,2,2238.818,18.0
1_01_R_16082025070000.avi,8026,motorcycle,1,2239.046,4.7
1_01_R_16082025070000.avi,8048,car,2,2239.546,28.3
1_01_R_16082025070000.avi,8053,motorcycle,1,2240.182,24.7
1_01_R_16082025070000.avi,8031,truck,4,2240.909,18.9
1_01_R_16082025070000.avi,8039,motorcycle,1,2240.954,4.7
1_01_R_16082025070000.avi,8050,car,2,2241.0,36.0
1_01_R_16082025070000.avi,8062,motorcycle,1,2241.5,24.7
1_01_R_16082025070000.avi,8071,motorcycle,1,2243.227,24.7
1_01_R_16082025070000.avi,8058,car,2,2243.454,17.2
1_01_R_16082025070000.avi,8051,car,3,2243.546,18.0
1_01_R_16082025070000.avi,8090,motorcycle,1,2245.046,23.3
1_01_R_16082025070000.avi,8064,car,2,2245.591,22.0
1_01_R_16082025070000.avi,8097,motorcycle,1,2245.773,18.0
1_01_R_16082025070000.avi,8100,car,2,2246.546,26.4
1_01_R_16082025070000.avi,8080,car,2,2247.046,17.2
1_01_R_16082025070000.avi,8087,car,2,2247.318,18.0
1_01_R_16082025070000.avi,8099,motorcycle,1,2248.136,4.7
1_01_R_16082025070000.avi,8105,motorcycle,1,2250.0,18.9
1_01_R_16082025070000.avi,8101,car,2,2250.773,17.2
1_01_R_16082025070000.avi,8103,motorcycle,1,2251.227,4.7
1_01_R_16082025070000.avi,8107,car,3,2251.909,22.0
1_01_R_16082025070000.avi,8106,car,2,2253.0,19.8
1_01_R_16082025070000.avi,8133,motorcycle,1,2253.864,24.7
1_01_R_16082025070000.avi,8110,car,2,2254.5,4.7
1_01_R_16082025070000.avi,8111,car,2,2254.591,4.7
1_01_R_16082025070000.avi,8135,car,2,2254.864,24.7
1_01_R_16082025070000.avi,8114,car,2,2255.546,4.7
1_01_R_16082025070000.avi,8146,motorcycle,1,2255.636,24.7
1_01_R_16082025070000.avi,8121,motorcycle,1,2255.818,4.7
1_01_R_16082025070000.avi,8159,motorcycle,1,2256.864,24.7
1_01_R_16082025070000.avi,8138,car,2,2258.546,4.7
1_01_R_16082025070000.avi,8169,car,2,2258.909,24.7
1_01_R_16082025070000.avi,8148,motorcycle,1,2259.136,4.7
1_01_R_16082025070000.avi,8176,motorcycle,1,2260.454,24.7
1_01_R_16082025070000.avi,8178,motorcycle,1,2260.773,24.7
1_01_R_16082025070000.avi,8162,car,2,2260.818,12.8
1_01_R_16082025070000.avi,8180,motorcycle,1,2261.364,24.7
1_01_R_16082025070000.avi,8167,car,2,2261.454,4.7
1_01_R_16082025070000.avi,8179,motorcycle,1,2261.5,24.7
1_01_R_16082025070000.avi,8177,car,3,2262.818,6.8
1_01_R_16082025070000.avi,8173,car,2,2263.227,13.7
1_01_R_16082025070000.avi,8193,car,2,2263.727,24.7
1_01_R_16082025070000.avi,8196,motorcycle,1,2265.0,24.7
1_01_R_16082025070000.avi,8185,car,2,2265.318,12.8
1_01_R_16082025070000.avi,8198,car,2,2265.727,24.7
1_01_R_16082025070000.avi,8205,motorcycle,1,2266.864,24.7
1_01_R_16082025070000.avi,8206,motorcycle,1,2267.818,24.7
1_01_R_16082025070000.avi,8207,motorcycle,1,2267.954,22.0
1_01_R_16082025070000.avi,8208,motorcycle,1,2270.227,4.7
1_01_R_16082025070000.avi,8210,motorcycle,1,2270.409,24.7
1_01_R_16082025070000.avi,8216,motorcycle,1,2275.0,39.6
1_01_R_16082025070000.avi,8233,motorcycle,1,2279.0,24.7
1_01_R_16082025070000.avi,8232,motorcycle,1,2279.318,24.7
1_01_R_16082025070000.avi,8245,motorcycle,1,2280.818,28.3
1_01_R_16082025070000.avi,8248,motorcycle,1,2281.182,24.7
1_01_R_16082025070000.avi,8254,motorcycle,1,2281.954,24.7
1_01_R_16082025070000.avi,8256,car,2,2283.727,20.8
1_01_R_16082025070000.avi,8260,motorcycle,1,2285.227,24.8
1_01_R_16082025070000.avi,8257,car,2,2285.909,24.7
1_01_R_16082025070000.avi,8265,car,2,2287.136,22.0
1_01_R_16082025070000.avi,8268,motorcycle,1,2287.364,24.7
1_01_R_16082025070000.avi,8266,car,2,2287.727,23.3
1_01_R_16082025070000.avi,8259,car,3,2288.182,13.7
1_01_R_16082025070000.avi,8269,car,2,2289.091,23.3
1_01_R_16082025070000.avi,8278,motorcycle,1,2290.546,20.8
1_01_R_16082025070000.avi,8281,motorcycle,1,2292.091,28.3
1_01_R_16082025070000.avi,8284,motorcycle,1,2292.091,24.7
1_01_R_16082025070000.avi,8287,motorcycle,1,2292.454,24.7
1_01_R_16082025070000.avi,8286,car,3,2293.546,23.3
1_01_R_16082025070000.avi,8288,motorcycle,1,2295.273,20.8
1_01_R_16082025070000.avi,8294,car,2,2295.727,22.0
1_01_R_16082025070000.avi,8297,motorcycle,1,2297.136,24.8
1_01_R_16082025070000.avi,8300,motorcycle,1,2298.409,26.4
1_01_R_16082025070000.avi,8299,car,2,2299.864,33.0
1_01_R_16082025070000.avi,8303,motorcycle,1,2301.227,24.7
1_01_R_16082025070000.avi,8301,car,2,2301.409,18.9
1_01_R_16082025070000.avi,8302,motorcycle,1,2302.046,26.4
1_01_R_16082025070000.avi,8306,motorcycle,1,2304.454,4.7
1_01_R_16082025070000.avi,8313,motorcycle,1,2304.591,24.7
1_01_R_16082025070000.avi,8311,car,2,2304.773,24.7
1_01_R_16082025070000.avi,8320,motorcycle,1,2305.636,24.7
1_01_R_16082025070000.avi,8318,car,2,2306.136,24.8
1_01_R_16082025070000.avi,8317,motorcycle,1,2307.182,28.3
1_01_R_16082025070000.avi,8324,motorcycle,1,2309.318,24.7
1_01_R_16082025070000.avi,8325,motorcycle,1,2310.273,26.4
1_01_R_16082025070000.avi,8327,motorcycle,1,2310.773,24.7
1_01_R_16082025070000.avi,8332,motorcycle,1,2311.591,39.6
1_01_R_16082025070000.avi,8328,motorcycle,1,2312.591,4.7
1_01_R_16082025070000.avi,8330,motorcycle,1,2313.954,4.7
1_01_R_16082025070000.avi,8336,motorcycle,1,2315.0,24.7
1_01_R_16082025070000.avi,8335,car,2,2315.136,30.5
1_01_R_16082025070000.avi,8338,motorcycle,1,2315.545,24.7
1_01_R_16082025070000.avi,8339,motorcycle,1,2316.227,24.7
1_01_R_16082025070000.avi,8340,motorcycle,1,2316.727,24.7
1_01_R_16082025070000.avi,8346,motorcycle,1,2316.864,24.7
1_01_R_16082025070000.avi,8348,motorcycle,1,2317.182,24.7
1_01_R_16082025070000.avi,8353,motorcycle,1,2317.227,24.7
1_01_R_16082025070000.avi,8355,motorcycle,1,2317.636,24.7
1_01_R_16082025070000.avi,8354,motorcycle,1,2317.773,24.7
1_01_R_16082025070000.avi,8349,motorcycle,1,2318.273,24.7
1_01_R_16082025070000.avi,8359,motorcycle,1,2318.5,24.7
1_01_R_16082025070000.avi,8368,motorcycle,1,2319.0,24.7
1_01_R_16082025070000.avi,8369,motorcycle,1,2319.5,23.3
1_01_R_16082025070000.avi,8371,motorcycle,1,2319.591,24.7
1_01_R_16082025070000.avi,8372,motorcycle,1,2321.046,28.3
1_01_R_16082025070000.avi,8378,motorcycle,1,2321.909,26.4
1_01_R_16082025070000.avi,8382,motorcycle,1,2323.182,24.7
1_01_R_16082025070000.avi,8383,motorcycle,1,2323.591,24.7
1_01_R_16082025070000.avi,8387,motorcycle,1,2324.136,24.7
1_01_R_16082025070000.avi,8388,motorcycle,1,2325.136,30.5
1_01_R_16082025070000.avi,8392,motorcycle,1,2325.5,24.7
1_01_R_16082025070000.avi,8391,car,2,2325.727,24.8
1_01_R_16082025070000.avi,8389,motorcycle,1,2325.864,4.7
1_01_R_16082025070000.avi,8396,motorcycle,1,2328.636,24.7
1_01_R_16082025070000.avi,8397,motorcycle,1,2328.636,24.7
1_01_R_16082025070000.avi,8394,motorcycle,1,2329.727,4.7
1_01_R_16082025070000.avi,8404,motorcycle,1,2330.091,24.7
1_01_R_16082025070000.avi,8405,motorcycle,1,2330.727,24.7
1_01_R_16082025070000.avi,8406,motorcycle,1,2330.773,24.7
1_01_R_16082025070000.avi,8408,motorcycle,1,2331.273,24.7
1_01_R_16082025070000.avi,8413,motorcycle,1,2331.864,24.7
1_01_R_16082025070000.avi,8411,motorcycle,1,2333.136,4.7
1_01_R_16082025070000.avi,8417,motorcycle,1,2333.182,22.0
1_01_R_16082025070000.avi,8412,motorcycle,1,2333.818,4.7
1_01_R_16082025070000.avi,8431,motorcycle,1,2334.273,24.7
1_01_R_16082025070000.avi,8426,motorcycle,1,2334.318,24.7
1_01_R_16082025070000.avi,8415,motorcycle,1,2334.682,23.3
1_01_R_16082025070000.avi,8436,motorcycle,1,2335.454,24.7
1_01_R_16082025070000.avi,8418,motorcycle,1,2335.864,4.7
1_01_R_16082025070000.avi,8416,car,2,2336.0,18.0
1_01_R_16082025070000.avi,8432,motorcycle,1,2336.864,4.7
1_01_R_16082025070000.avi,8434,motorcycle,1,2337.364,4.7
1_01_R_16082025070000.avi,8443,car,2,2337.909,22.0
1_01_R_16082025070000.avi,8445,motorcycle,1,2339.182,23.3
1_01_R_16082025070000.avi,8451,motorcycle,1,2339.682,23.3
1_01_R_16082025070000.avi,8446,motorcycle,1,2340.182,4.7
1_01_R_16082025070000.avi,8450,car,2,2340.409,18.0
1_01_R_16082025070000.avi,8447,motorcycle,1,2340.954,4.7
1_01_R_16082025070000.avi,8449,car,3,2341.682,22.0
1_01_R_16082025070000.avi,8473,motorcycle,1,2341.864,26.4
1_01_R_16082025070000.avi,8475,car,2,2342.909,22.0
1_01_R_16082025070000.avi,8463,car,2,2343.046,20.8
1_01_R_16082025070000.avi,8476,car,2,2343.954,18.9
1_01_R_16082025070000.avi,8479,motorcycle,1,2344.227,24.7
1_01_R_16082025070000.avi,8467,car,2,2344.409,4.7
1_01_R_16082025070000.avi,8481,motorcycle,1,2345.318,24.7
1_01_R_16082025070000.avi,8478,motorcycle,1,2345.773,4.7
1_01_R_16082025070000.avi,8488,motorcycle,1,2346.318,18.9
1_01_R_16082025070000.avi,8480,car,2,2346.682,20.8
1_01_R_16082025070000.avi,8502,motorcycle,1,2347.909,19.8
1_01_R_16082025070000.avi,8482,motorcycle,1,2348.0,4.7
1_01_R_16082025070000.avi,8486,motorcycle,1,2348.091,4.7
1_01_R_16082025070000.avi,8503,car,2,2348.409,22.0
1_01_R_16082025070000.avi,8510,motorcycle,1,2348.727,24.7
1_01_R_16082025070000.avi,8514,motorcycle,1,2349.318,24.7
1_01_R_16082025070000.avi,8513,motorcycle,1,2349.545,24.7
1_01_R_16082025070000.avi,8508,motorcycle,1,2350.409,4.7
1_01_R_16082025070000.avi,8522,car,2,2351.818,22.0
1_01_R_16082025070000.avi,8526,motorcycle,1,2351.864,4.7
1_01_R_16082025070000.avi,8516,motorcycle,1,2352.5,4.7
1_01_R_16082025070000.avi,8517,motorcycle,1,2352.864,24.7
1_01_R_16082025070000.avi,8528,motorcycle,1,2354.682,4.7
1_01_R_16082025070000.avi,8530,car,3,2355.046,19.8
1_01_R_16082025070000.avi,8543,car,2,2355.136,20.8
1_01_R_16082025070000.avi,8536,car,3,2355.273,9.9
1_01_R_16082025070000.avi,8542,motorcycle,1,2356.273,23.3
1_01_R_16082025070000.avi,8551,motorcycle,1,2357.136,13.7
1_01_R_16082025070000.avi,8563,motorcycle,1,2358.5,24.7
1_01_R_16082025070000.avi,8546,car,2,2358.864,18.9
1_01_R_16082025070000.avi,8556,car,2,2358.864,22.0
1_01_R_16082025070000.avi,8553,car,2,2360.273,18.0
1_01_R_16082025070000.avi,8575,car,2,2360.636,19.8
1_01_R_16082025070000.avi,8577,motorcycle,1,2360.682,24.7
1_01_R_16082025070000.avi,8558,motorcycle,1,2361.454,4.7
1_01_R_16082025070000.avi,8574,car,2,2362.546,19.8
1_01_R_16082025070000.avi,8593,car,2,2362.546,17.2
1_01_R_16082025070000.avi,8586,motorcycle,1,2363.546,4.7
1_01_R_16082025070000.avi,8607,motorcycle,1,2363.636,20.8
1_01_R_16082025070000.avi,8587,motorcycle,1,2363.818,4.7
1_01_R_16082025070000.avi,8596,motorcycle,1,2364.454,4.7
1_01_R_16082025070000.avi,8592,car,2,2364.591,19.8
1_01_R_16082025070000.avi,8626,motorcycle,1,2365.273,24.7
1_01_R_16082025070000.avi,8603,truck,6,2366.454,18.0
1_01_R_16082025070000.avi,8637,motorcycle,1,2366.773,28.3
1_01_R_16082025070000.avi,8641,motorcycle,1,2367.364,24.7
1_01_R_16082025070000.avi,8635,car,2,2369.136,19.8
1_01_R_16082025070000.avi,8645,motorcycle,1,2369.636,24.8
1_01_R_16082025070000.avi,8644,car,2,2370.682,19.8
1_01_R_16082025070000.avi,8642,car,2,2370.773,19.8
1_01_R_16082025070000.avi,8646,car,2,2372.364,20.8
1_01_R_16082025070000.avi,8647,motorcycle,1,2372.864,4.7
1_01_R_16082025070000.avi,8668,motorcycle,1,2373.318,24.7
1_01_R_16082025070000.avi,8648,car,2,2373.409,30.5
1_01_R_16082025070000.avi,8659,motorcycle,1,2373.545,24.7
1_01_R_16082025070000.avi,8651,car,2,2374.409,4.7
1_01_R_16082025070000.avi,8655,motorcycle,1,2374.454,4.7
1_01_R_16082025070000.avi,8679,motorcycle,1,2375.364,24.7
1_01_R_16082025070000.avi,8674,car,2,2377.0,18.9
1_01_R_16082025070000.avi,8693,motorcycle,1,2377.636,30.5
1_01_R_16082025070000.avi,8684,motorcycle,1,2378.409,4.7
1_01_R_16082025070000.avi,8686,bus,5,2378.636,26.4
1_01_R_16082025070000.avi,8681,car,2,2378.682,16.5
1_01_R_16082025070000.avi,8698,motorcycle,1,2379.545,24.7
1_01_R_16082025070000.avi,8691,motorcycle,1,2379.682,4.7
1_01_R_16082025070000.avi,8703,motorcycle,1,2380.682,24.7
1_01_R_16082025070000.avi,8696,motorcycle,1,2381.682,4.7
1_01_R_16082025070000.avi,8714,motorcycle,1,2382.227,24.7
1_01_R_16082025070000.avi,8697,car,2,2382.409,19.8
1_01_R_16082025070000.avi,8721,motorcycle,1,2383.0,24.7
1_01_R_16082025070000.avi,8710,car,2,2384.954,19.8
1_01_R_16082025070000.avi,8722,motorcycle,1,2385.318,4.7
1_01_R_16082025070000.avi,8723,motorcycle,1,2385.591,4.7
1_01_R_16082025070000.avi,8735,motorcycle,1,2386.364,24.7
1_01_R_16082025070000.avi,8724,car,2,2386.591,4.7
1_01_R_16082025070000.avi,8746,motorcycle,1,2387.273,24.7
1_01_R_16082025070000.avi,8729,car,3,2388.318,14.1
1_01_R_16082025070000.avi,8738,motorcycle,1,2388.318,4.7
1_01_R_16082025070000.avi,8752,motorcycle,1,2388.818,24.7
1_01_R_16082025070000.avi,8753,car,3,2388.954,24.7
1_01_R_16082025070000.avi,8743,motorcycle,1,2389.046,4.7
1_01_R_16082025070000.avi,8758,motorcycle,1,2390.273,24.7
1_01_R_16082025070000.avi,8763,motorcycle,1,2390.954,24.7
1_01_R_16082025070000.avi,8762,motorcycle,1,2391.0,24.7
1_01_R_16082025070000.avi,8750,car,2,2391.091,18.9
1_01_R_16082025070000.avi,8757,motorcycle,1,2391.864,4.7
1_01_R_16082025070000.avi,8765,car,2,2392.273,15.2
1_01_R_16082025070000.avi,8770,motorcycle,1,2392.773,24.7
1_01_R_16082025070000.avi,8764,motorcycle,1,2393.727,4.7
1_01_R_16082025070000.avi,8766,motorcycle,1,2394.182,4.7
1_01_R_16082025070000.avi,8782,car,2,2394.409,15.8
1_01_R_16082025070000.avi,8772,motorcycle,1,2395.273,4.7
1_01_R_16082025070000.avi,8773,motorcycle,1,2395.364,4.7
1_01_R_16082025070000.avi,8813,motorcycle,1,2396.182,24.7
1_01_R_16082025070000.avi,8771,car,2,2396.227,4.7
1_01_R_16082025070000.avi,8775,motorcycle,1,2396.546,4.7
1_01_R_16082025070000.avi,8819,motorcycle,1,2396.864,24.7
1_01_R_16082025070000.avi,8805,car,3,2397.227,17.2
1_01_R_16082025070000.avi,8827,motorcycle,1,2398.409,24.7
1_01_R_16082025070000.avi,8829,motorcycle,1,2398.773,24.7
1_01_R_16082025070000.avi,8832,car,2,2400.227,22.0
1_01_R_16082025070000.avi,8818,car,2,2400.454,12.8
1_01_R_16082025070000.avi,8846,car,2,2402.0,22.0
1_01_R_16082025070000.avi,8848,motorcycle,1,2402.045,24.7
1_01_R_16082025070000.avi,8833,car,2,2402.546,14.7
1_01_R_16082025070000.avi,8854,motorcycle,1,2403.136,24.7
1_01_R_16082025070000.avi,8862,motorcycle,1,2403.909,24.7
1_01_R_16082025070000.avi,8859,motorcycle,1,2403.954,24.7
1_01_R_16082025070000.avi,8850,motorcycle,1,2404.591,4.7
1_01_R_16082025070000.avi,8851,motorcycle,1,2404.682,4.7
1_01_R_16082025070000.avi,8865,car,2,2405.182,18.0
1_01_R_16082025070000.avi,8866,motorcycle,1,2407.046,4.7
1_01_R_16082025070000.avi,8871,motorcycle,1,2407.046,4.7
1_01_R_16082025070000.avi,8867,motorcycle,1,2407.091,4.7
1_01_R_16082025070000.avi,8877,car,2,2407.364,18.9
1_01_R_16082025070000.avi,8879,motorcycle,1,2407.954,24.7
1_01_R_16082025070000.avi,8881,truck,4,2408.727,24.7
1_01_R_16082025070000.avi,8882,motorcycle,1,2408.818,24.7
1_01_R_16082025070000.avi,8887,motorcycle,1,2409.227,24.7
1_01_R_16082025070000.avi,8888,motorcycle,1,2410.045,24.7
1_01_R_16082025070000.avi,8880,motorcycle,1,2410.091,20.8
1_01_R_16082025070000.avi,8889,motorcycle,1,2410.227,24.7
1_01_R_16082025070000.avi,8893,motorcycle,1,2411.454,24.7
1_01_R_16082025070000.avi,8894,motorcycle,1,2411.636,24.7
1_01_R_16082025070000.avi,8883,car,2,2411.636,18.0
1_01_R_16082025070000.avi,8892,car,2,2412.727,19.8
1_01_R_16082025070000.avi,8906,car,2,2415.182,28.3
1_01_R_16082025070000.avi,8898,car,3,2415.273,17.2
1_01_R_16082025070000.avi,8908,motorcycle,1,2416.5,4.7
1_01_R_16082025070000.avi,8910,car,2,2418.682,17.2
1_01_R_16082025070000.avi,8913,motorcycle,1,2418.727,4.7
1_01_R_16082025070000.avi,8918,motorcycle,1,2418.954,28.3
1_01_R_16082025070000.avi,8915,car,3,2421.046,4.7
1_01_R_16082025070000.avi,8921,motorcycle,1,2423.046,4.7
1_01_R_16082025070000.avi,8924,motorcycle,1,2423.636,24.7
1_01_R_16082025070000.avi,8925,car,3,2425.818,14.1
1_01_R_16082025070000.avi,8928,car,2,2427.182,23.3
1_01_R_16082025070000.avi,8929,motorcycle,1,2428.227,24.7
1_01_R_16082025070000.avi,8935,motorcycle,1,2428.636,24.7
1_01_R_16082025070000.avi,8939,motorcycle,1,2429.364,24.7
1_01_R_16082025070000.avi,8930,car,2,2429.591,18.9
1_01_R_16082025070000.avi,8946,car,2,2430.773,20.8
1_01_R_16082025070000.avi,8947,car,2,2431.682,18.9
1_01_R_16082025070000.avi,8949,motorcycle,1,2432.182,18.9
1_01_R_16082025070000.avi,8948,car,2,2433.182,20.8
1_01_R_16082025070000.avi,8951,car,2,2435.136,20.8
1_01_R_16082025070000.avi,8961,car,2,2436.954,18.9
1_01_R_16082025070000.avi,8972,motorcycle,1,2436.954,24.7
1_01_R_16082025070000.avi,8975,car,2,2438.318,18.9
1_01_R_16082025070000.avi,8979,car,2,2439.136,19.8
1_01_R_16082025070000.avi,8987,car,2,2440.682,20.8
1_01_R_16082025070000.avi,8983,motorcycle,1,2441.046,4.7
1_01_R_16082025070000.avi,9011,motorcycle,1,2441.545,24.7
1_01_R_16082025070000.avi,9008,motorcycle,1,2441.773,24.7
1_01_R_16082025070000.avi,9014,motorcycle,1,2442.591,24.7
1_01_R_16082025070000.avi,9015,motorcycle,1,2442.591,24.7
1_01_R_16082025070000.avi,9016,motorcycle,1,2443.045,24.7
1_01_R_16082025070000.avi,9018,motorcycle,1,2443.545,24.7
1_01_R_16082025070000.avi,9020,motorcycle,1,2443.818,24.7
1_01_R_16082025070000.avi,9017,motorcycle,1,2443.864,24.7
1_01_R_16082025070000.avi,9021,motorcycle,1,2444.318,24.7
1_01_R_16082025070000.avi,9028,motorcycle,1,2446.409,20.8
1_01_R_16082025070000.avi,9035,motorcycle,1,2447.636,24.7
1_01_R_16082025070000.avi,9031,car,2,2448.409,20.8
1_01_R_16082025070000.avi,9034,car,2,2448.591,22.0
1_01_R_16082025070000.avi,9044,motorcycle,1,2450.273,18.9
1_01_R_16082025070000.avi,9056,motorcycle,1,2454.409,24.7
1_01_R_16082025070000.avi,9048,car,2,2455.273,23.3
1_01_R_16082025070000.avi,9061,motorcycle,1,2455.636,24.7
1_01_R_16082025070000.avi,9049,car,2,2456.182,19.8
1_01_R_16082025070000.avi,9062,motorcycle,1,2456.227,24.7
1_01_R_16082025070000.avi,9064,motorcycle,1,2457.0,24.7
1_01_R_16082025070000.avi,9068,car,2,2458.727,17.2
1_01_R_16082025070000.avi,9067,car,2,2460.727,20.8
1_01_R_16082025070000.avi,9075,car,3,2460.773,20.8
1_01_R_16082025070000.avi,9089,motorcycle,1,2461.318,22.0
1_01_R_16082025070000.avi,9099,motorcycle,1,2462.409,24.7
1_01_R_16082025070000.avi,9081,car,2,2462.454,18.0
1_01_R_16082025070000.avi,9092,car,2,2463.909,26.4
1_01_R_16082025070000.avi,9101,car,3,2464.5,20.8
1_01_R_16082025070000.avi,9110,motorcycle,1,2465.364,24.7
1_01_R_16082025070000.avi,9114,motorcycle,1,2467.046,23.3
1_01_R_16082025070000.avi,9115,car,2,2467.818,23.3
1_01_R_16082025070000.avi,9121,motorcycle,1,2470.273,20.8
1_01_R_16082025070000.avi,9120,car,2,2470.909,23.3
1_01_R_16082025070000.avi,9125,motorcycle,1,2472.318,26.4
1_01_R_16082025070000.avi,9126,motorcycle,1,2473.091,30.5
1_01_R_16082025070000.avi,9129,motorcycle,1,2474.727,33.0
1_01_R_16082025070000.avi,9127,motorcycle,1,2475.409,4.7
1_01_R_16082025070000.avi,9132,motorcycle,1,2476.091,24.7
1_01_R_16082025070000.avi,9133,truck,4,2476.364,22.0
1_01_R_16082025070000.avi,9146,car,2,2478.818,23.3
1_01_R_16082025070000.avi,9156,motorcycle,1,2478.954,24.7
1_01_R_16082025070000.avi,9160,motorcycle,1,2479.636,24.7
1_01_R_16082025070000.avi,9158,car,2,2479.909,26.4
1_01_R_16082025070000.avi,9162,motorcycle,1,2480.5,24.7
1_01_R_16082025070000.avi,9165,motorcycle,1,2481.136,24.7
1_01_R_16082025070000.avi,9166,car,2,2482.273,24.7
1_01_R_16082025070000.avi,9167,motorcycle,1,2482.591,33.0
1_01_R_16082025070000.avi,9169,car,2,2484.091,26.4
1_01_R_16082025070000.avi,9176,motorcycle,1,2485.682,24.7
1_01_R_16082025070000.avi,9177,motorcycle,1,2485.727,24.7
1_01_R_16082025070000.avi,9180,motorcycle,1,2486.636,24.7
1_01_R_16082025070000.avi,9182,motorcycle,1,2487.0,24.7
1_01_R_16082025070000.avi,9181,motorcycle,1,2487.091,24.7
1_01_R_16082025070000.avi,9184,motorcycle,1,2487.682,24.7
1_01_R_16082025070000.avi,9199,motorcycle,1,2489.091,24.7
1_01_R_16082025070000.avi,9203,motorcycle,1,2490.227,24.7
1_01_R_16082025070000.avi,9186,car,2,2490.546,22.0
1_01_R_16082025070000.avi,9208,motorcycle,1,2491.273,24.7
1_01_R_16082025070000.avi,9212,motorcycle,1,2492.136,24.7
1_01_R_16082025070000.avi,9216,motorcycle,1,2492.5,24.7
1_01_R_16082025070000.avi,9220,motorcycle,1,2493.318,24.7
1_01_R_16082025070000.avi,9217,motorcycle,1,2493.454,24.7
1_01_R_16082025070000.avi,9211,motorcycle,1,2494.0,28.3
1_01_R_16082025070000.avi,9230,motorcycle,1,2494.091,24.7
1_01_R_16082025070000.avi,9227,motorcycle,1,2494.409,26.4
1_01_R_16082025070000.avi,9213,car,2,2495.454,20.8
1_01_R_16082025070000.avi,9219,motorcycle,1,2495.454,4.7
1_01_R_16082025070000.avi,9252,motorcycle,1,2496.273,18.0
1_01_R_16082025070000.avi,9247,car,2,2496.454,20.8
1_01_R_16082025070000.avi,9249,motorcycle,1,2497.136,4.7
1_01_R_16082025070000.avi,9251,motorcycle,1,2497.591,4.7
1_01_R_16082025070000.avi,9258,motorcycle,1,2498.0,26.4
1_01_R_16082025070000.avi,9254,motorcycle,1,2498.682,4.7
1_01_R_16082025070000.avi,9255,motorcycle,1,2499.364,4.7
1_01_R_16082025070000.avi,9256,motorcycle,1,2499.5,4.7
1_01_R_16082025070000.avi,9260,motorcycle,1,2500.182,4.7
1_01_R_16082025070000.avi,9277,motorcycle,1,2500.682,19.8
1_01_R_16082025070000.avi,9264,motorcycle,1,2500.773,4.7
1_01_R_16082025070000.avi,9280,car,3,2500.954,24.7
1_01_R_16082025070000.avi,9266,motorcycle,1,2501.773,4.7
1_01_R_16082025070000.avi,9268,motorcycle,1,2501.864,4.7
1_01_R_16082025070000.avi,9287,car,2,2501.954,23.3
1_01_R_16082025070000.avi,9276,motorcycle,1,2502.364,4.7
1_01_R_16082025070000.avi,9284,motorcycle,1,2503.091,4.7
1_01_R_16082025070000.avi,9267,motorcycle,1,2503.273,4.7
1_01_R_16082025070000.avi,9292,motorcycle,1,2503.773,4.7
1_01_R_16082025070000.avi,9303,motorcycle,1,2503.864,4.7
1_01_R_16082025070000.avi,9310,motorcycle,1,2504.546,4.7
1_01_R_16082025070000.avi,9309,motorcycle,1,2504.636,4.7
1_01_R_16082025070000.avi,9326,car,2,2505.136,24.7
1_01_R_16082025070000.avi,9328,motorcycle,1,2505.136,24.7
1_01_R_16082025070000.avi,9317,motorcycle,1,2505.318,4.7
1_01_R_16082025070000.avi,9314,motorcycle,1,2505.636,4.7
1_01_R_16082025070000.avi,9325,motorcycle,1,2506.273,4.7
1_01_R_16082025070000.avi,9333,motorcycle,1,2506.727,24.7
1_01_R_16082025070000.avi,9321,motorcycle,1,2506.727,4.7
1_01_R_16082025070000.avi,9338,motorcycle,1,2507.273,24.7
1_01_R_16082025070000.avi,9329,motorcycle,1,2507.546,4.7
1_01_R_16082025070000.avi,9332,motorcycle,1,2508.273,4.7
1_01_R_16082025070000.avi,9331,motorcycle,1,2508.409,4.7
1_01_R_16082025070000.avi,9349,motorcycle,1,2508.591,22.0
1_01_R_16082025070000.avi,9356,motorcycle,1,2509.545,24.7
1_01_R_16082025070000.avi,9359,motorcycle,1,2510.136,24.7
1_01_R_16082025070000.avi,9346,motorcycle,1,2510.136,4.7
1_01_R_16082025070000.avi,9345,motorcycle,1,2510.318,4.7
1_01_R_16082025070000.avi,9352,motorcycle,1,2510.954,4.7
1_01_R_16082025070000.avi,9355,car,2,2511.864,24.7
1_01_R_16082025070000.avi,9358,motorcycle,1,2512.546,4.7
1_01_R_16082025070000.avi,9360,motorcycle,1,2512.954,4.7
1_01_R_16082025070000.avi,9367,motorcycle,1,2513.046,4.7
1_01_R_16082025070000.avi,9384,motorcycle,1,2513.273,24.7
1_01_R_16082025070000.avi,9366,motorcycle,1,2513.364,4.7
1_01_R_16082025070000.avi,9369,car,2,2513.954,4.7
1_01_R_16082025070000.avi,9374,motorcycle,1,2514.091,4.7
1_01_R_16082025070000.avi,9390,motorcycle,1,2515.727,4.7
1_01_R_16082025070000.avi,9387,car,2,2516.136,4.7
1_01_R_16082025070000.avi,9395,motorcycle,1,2516.591,4.7
1_01_R_16082025070000.avi,9400,motorcycle,1,2517.227,4.7
1_01_R_16082025070000.avi,9410,motorcycle,1,2517.318,24.7
1_01_R_16082025070000.avi,9409,motorcycle,1,2518.0,4.7
1_01_R_16082025070000.avi,9406,car,2,2518.727,20.8
1_01_R_16082025070000.avi,9416,motorcycle,1,2519.5,26.4
1_01_R_16082025070000.avi,9430,car,2,2522.727,24.8
1_01_R_16082025070000.avi,9429,motorcycle,1,2523.182,4.7
1_01_R_16082025070000.avi,9420,car,2,2523.546,19.8
1_01_R_16082025070000.avi,9444,motorcycle,1,2524.227,24.7
1_01_R_16082025070000.avi,9434,motorcycle,1,2524.364,4.7
1_01_R_16082025070000.avi,9447,motorcycle,1,2524.591,24.7
1_01_R_16082025070000.avi,9461,motorcycle,1,2525.864,24.7
1_01_R_16082025070000.avi,9458,motorcycle,1,2525.909,24.7
1_01_R_16082025070000.avi,9463,motorcycle,1,2526.227,24.7
1_01_R_16082025070000.avi,9438,car,2,2526.409,24.7
1_01_R_16082025070000.avi,9472,motorcycle,1,2527.136,24.7
1_01_R_16082025070000.avi,9457,motorcycle,1,2527.864,4.7
1_01_R_16082025070000.avi,9481,motorcycle,1,2527.954,24.7
1_01_R_16082025070000.avi,9471,motorcycle,1,2528.091,24.7
1_01_R_16082025070000.avi,9462,car,2,2529.136,20.8
1_01_R_16082025070000.avi,9502,motorcycle,1,2529.227,24.7
1_01_R_16082025070000.avi,9501,motorcycle,1,2530.954,4.7
1_01_R_16082025070000.avi,9494,motorcycle,1,2531.227,4.7
1_01_R_16082025070000.avi,9505,motorcycle,1,2531.682,4.7
1_01_R_16082025070000.avi,9525,motorcycle,1,2532.636,24.7
1_01_R_16082025070000.avi,9492,truck,6,2532.773,15.8
1_01_R_16082025070000.avi,9534,car,2,2534.227,19.8
1_01_R_16082025070000.avi,9545,car,2,2535.454,18.0
1_01_R_16082025070000.avi,9546,motorcycle,1,2535.591,24.7
1_01_R_16082025070000.avi,9540,car,2,2537.182,19.8
1_01_R_16082025070000.avi,9551,car,2,2537.227,22.0
1_01_R_16082025070000.avi,9550,motorcycle,1,2537.909,4.7
1_01_R_16082025070000.avi,9552,car,2,2539.0,4.7
1_01_R_16082025070000.avi,9553,car,3,2540.0,16.5
1_01_R_16082025070000.avi,9569,motorcycle,1,2540.5,4.7
1_01_R_16082025070000.avi,9621,motorcycle,1,2541.273,24.7
1_01_R_16082025070000.avi,9566,car,2,2541.636,4.7
1_01_R_16082025070000.avi,9582,motorcycle,1,2541.954,4.7
1_01_R_16082025070000.avi,9594,motorcycle,1,2542.682,4.7
1_01_R_16082025070000.avi,9628,motorcycle,1,2542.864,24.7
1_01_R_16082025070000.avi,9620,motorcycle,1,2543.727,4.7
1_01_R_16082025070000.avi,9633,motorcycle,1,2543.864,4.7
1_01_R_16082025070000.avi,9584,truck,6,2544.727,4.7
1_01_R_16082025070000.avi,9646,car,2,2545.0,9.7
1_01_R_16082025070000.avi,9670,motorcycle,1,2546.045,24.7
1_01_R_16082025070000.avi,9676,motorcycle,1,2546.773,24.7
1_01_R_16082025070000.avi,9631,car,3,2547.591,4.7
1_01_R_16082025070000.avi,9663,motorcycle,1,2548.136,4.7
1_01_R_16082025070000.avi,9667,motorcycle,1,2548.182,4.7
1_01_R_16082025070000.avi,9657,motorcycle,1,2548.227,4.7
1_01_R_16082025070000.avi,9673,motorcycle,1,2548.818,4.7
1_01_R_16082025070000.avi,9695,motorcycle,1,2549.0,24.7
1_01_R_16082025070000.avi,9703,motorcycle,1,2549.954,24.7
1_01_R_16082025070000.avi,9679,motorcycle,1,2550.0,4.7
1_01_R_16082025070000.avi,9683,motorcycle,1,2550.046,4.7
1_01_R_16082025070000.avi,9704,motorcycle,1,2550.182,24.7
1_01_R_16082025070000.avi,9687,motorcycle,1,2550.5,4.7
1_01_R_16082025070000.avi,9706,motorcycle,1,2550.682,24.7
1_01_R_16082025070000.avi,9707,motorcycle,1,2551.909,24.7
1_01_R_16082025070000.avi,9705,car,2,2553.5,22.0
1_01_R_16082025070000.avi,9711,motorcycle,1,2555.227,24.7
1_01_R_16082025070000.avi,9709,car,2,2555.682,22.0
1_01_R_16082025070000.avi,9714,car,2,2557.818,17.2
1_01_R_16082025070000.avi,9716,car,3,2560.273,15.2
1_01_R_16082025070000.avi,9715,car,2,2560.636,20.8
1_01_R_16082025070000.avi,9720,motorcycle,1,2560.818,24.7
1_01_R_16082025070000.avi,9717,motorcycle,1,2561.136,4.7
1_01_R_16082025070000.avi,9719,motorcycle,1,2561.727,4.7
1_01_R_16082025070000.avi,9724,car,2,2562.454,16.5
1_01_R_16082025070000.avi,9728,motorcycle,1,2563.0,24.7
1_01_R_16082025070000.avi,9730,car,2,2564.954,18.9
1_01_R_16082025070000.avi,9750,motorcycle,1,2566.045,24.7
1_01_R_16082025070000.avi,9732,motorcycle,1,2566.046,4.7
1_01_R_16082025070000.avi,9729,motorcycle,1,2566.318,4.7
1_01_R_16082025070000.avi,9743,motorcycle,1,2566.318,4.7
1_01_R_16082025070000.avi,9752,motorcycle,1,2566.909,24.7
1_01_R_16082025070000.avi,9757,car,2,2567.954,18.0
1_01_R_16082025070000.avi,9733,car,2,2568.0,4.7
1_01_R_16082025070000.avi,9767,car,2,2570.0,23.3
1_01_R_16082025070000.avi,9782,motorcycle,1,2571.227,24.7
1_01_R_16082025070000.avi,9756,car,3,2571.227,14.7
1_01_R_16082025070000.avi,9791,motorcycle,1,2572.318,24.7
1_01_R_16082025070000.avi,9787,car,2,2574.0,18.9
1_01_R_16082025070000.avi,9797,motorcycle,1,2574.636,24.7
1_01_R_16082025070000.avi,9798,motorcycle,1,2574.636,24.7
1_01_R_16082025070000.avi,9793,motorcycle,1,2576.0,4.7
1_01_R_16082025070000.avi,9794,car,2,2576.273,19.8
1_01_R_16082025070000.avi,9801,motorcycle,1,2577.682,24.7
1_01_R_16082025070000.avi,9816,motorcycle,1,2580.545,24.7
1_01_R_16082025070000.avi,9820,car,2,2582.0,24.7
1_01_R_16082025070000.avi,9806,car,2,2582.273,19.8
1_01_R_16082025070000.avi,9828,car,2,2583.318,15.8
1_01_R_16082025070000.avi,9812,car,2,2583.546,4.7
1_01_R_16082025070000.avi,9847,motorcycle,1,2585.045,24.7
1_01_R_16082025070000.avi,9821,car,2,2585.273,4.7
1_01_R_16082025070000.avi,9851,motorcycle,1,2585.409,24.7
1_01_R_16082025070000.avi,9848,car,2,2586.727,22.0
1_01_R_16082025070000.avi,9846,car,2,2587.909,18.9
1_01_R_16082025070000.avi,9871,car,2,2588.318,24.7
1_01_R_16082025070000.avi,9853,motorcycle,1,2588.636,4.7
1_01_R_16082025070000.avi,9868,motorcycle,1,2591.682,4.7
1_01_R_16082025070000.avi,9894,motorcycle,1,2593.318,4.7
1_01_R_16082025070000.avi,9903,car,3,2594.091,22.0
1_01_R_16082025070000.avi,9897,motorcycle,1,2594.182,4.7
1_01_R_16082025070000.avi,9900,car,2,2595.091,19.8
1_01_R_16082025070000.avi,9907,car,2,2595.273,19.8
1_01_R_16082025070000.avi,9904,motorcycle,1,2596.682,4.7
1_01_R_16082025070000.avi,9912,car,2,2596.909,28.3
1_01_R_16082025070000.avi,9908,car,2,2597.0,24.7
1_01_R_16082025070000.avi,9916,car,2,2598.773,18.0
1_01_R_16082025070000.avi,9919,car,2,2599.636,20.8
1_01_R_16082025070000.avi,9924,motorcycle,1,2600.364,4.7
1_01_R_16082025070000.avi,9931,car,2,2600.636,17.2
1_01_R_16082025070000.avi,9926,car,2,2601.273,4.7
1_01_R_16082025070000.avi,9930,car,2,2602.636,18.0
1_01_R_16082025070000.avi,9934,car,2,2604.318,36.0
1_01_R_16082025070000.avi,9933,motorcycle,1,2605.227,4.7
1_01_R_16082025070000.avi,9936,car,2,2606.636,26.4
1_01_R_16082025070000.avi,9935,car,2,2607.773,18.0
1_01_R_16082025070000.avi,9938,car,2,2607.818,26.4
1_01_R_16082025070000.avi,9937,motorcycle,1,2608.227,4.7
1_01_R_16082025070000.avi,9945,car,2,2609.546,30.5
1_01_R_16082025070000.avi,9955,motorcycle,1,2612.454,24.7
1_01_R_16082025070000.avi,9946,car,2,2612.682,16.5
1_01_R_16082025070000.avi,9963,motorcycle,1,2615.318,24.7
1_01_R_16082025070000.avi,9958,motorcycle,1,2615.454,4.7
1_01_R_16082025070000.avi,9965,motorcycle,1,2617.864,24.7
1_01_R_16082025070000.avi,9969,motorcycle,1,2620.545,24.7
1_01_R_16082025070000.avi,9971,motorcycle,1,2621.227,24.7
1_01_R_16082025070000.avi,9970,motorcycle,1,2621.273,24.7
1_01_R_16082025070000.avi,9977,motorcycle,1,2623.0,24.7
1_01_R_16082025070000.avi,9991,motorcycle,1,2624.227,24.7
1_01_R_16082025070000.avi,9992,motorcycle,1,2624.909,24.7
1_01_R_16082025070000.avi,9979,motorcycle,1,2625.046,4.7
1_01_R_16082025070000.avi,9989,motorcycle,1,2625.727,4.7
1_01_R_16082025070000.avi,9993,car,2,2626.136,28.3
1_01_R_16082025070000.avi,10011,motorcycle,1,2628.182,24.7
1_01_R_16082025070000.avi,10012,motorcycle,1,2628.954,24.7
1_01_R_16082025070000.avi,10019,car,2,2631.227,24.7
1_01_R_16082025070000.avi,10014,car,2,2631.954,24.7
1_01_R_16082025070000.avi,10016,motorcycle,1,2632.409,4.7
1_01_R_16082025070000.avi,10021,motorcycle,1,2632.909,4.7
1_01_R_16082025070000.avi,10025,car,3,2633.545,24.7
1_01_R_16082025070000.avi,10027,motorcycle,1,2634.636,24.7
1_01_R_16082025070000.avi,10036,car,3,2634.773,11.3
1_01_R_16082025070000.avi,10038,motorcycle,1,2635.273,24.7
1_01_R_16082025070000.avi,10032,motorcycle,1,2636.409,4.7
1_01_R_16082025070000.avi,10043,motorcycle,1,2636.591,17.2
1_01_R_16082025070000.avi,10047,motorcycle,1,2637.773,24.7
1_01_R_16082025070000.avi,10050,motorcycle,1,2638.727,24.7
1_01_R_16082025070000.avi,10054,motorcycle,1,2639.318,24.7
1_01_R_16082025070000.avi,10053,car,2,2640.364,20.8
1_01_R_16082025070000.avi,10065,motorcycle,1,2642.454,24.7
1_01_R_16082025070000.avi,10068,motorcycle,1,2642.454,24.7
1_01_R_16082025070000.avi,10062,motorcycle,1,2642.5,39.6
1_01_R_16082025070000.avi,10072,motorcycle,1,2642.5,24.7
1_01_R_16082025070000.avi,10075,motorcycle,1,2643.591,24.7
1_01_R_16082025070000.avi,10077,motorcycle,1,2643.591,24.7
1_01_R_16082025070000.avi,10060,car,3,2643.682,14.7
1_01_R_16082025070000.avi,10076,motorcycle,1,2643.954,24.7
1_01_R_16082025070000.avi,10093,motorcycle,1,2644.773,24.7
1_01_R_16082025070000.avi,10095,motorcycle,1,2644.773,24.7
1_01_R_16082025070000.avi,10103,car,3,2646.182,15.8
1_01_R_16082025070000.avi,10071,car,2,2646.364,15.8
1_01_R_16082025070000.avi,10120,motorcycle,1,2646.591,24.7
1_01_R_16082025070000.avi,10130,motorcycle,1,2647.182,24.7
1_01_R_16082025070000.avi,10132,motorcycle,1,2647.682,24.7
1_01_R_16082025070000.avi,10134,car,2,2648.636,20.8
1_01_R_16082025070000.avi,10148,motorcycle,1,2649.045,24.7
1_01_R_16082025070000.avi,10147,car,2,2649.591,24.7
1_01_R_16082025070000.avi,10160,motorcycle,1,2650.636,24.7
1_01_R_16082025070000.avi,10167,car,2,2651.864,20.8
1_01_R_16082025070000.avi,10176,motorcycle,1,2652.0,24.7
1_01_R_16082025070000.avi,10184,car,2,2654.454,18.9
1_01_R_16082025070000.avi,10192,motorcycle,1,2655.727,30.5
1_01_R_16082025070000.avi,10203,motorcycle,1,2655.954,24.7
1_01_R_16082025070000.avi,10206,car,2,2656.273,18.0
1_01_R_16082025070000.avi,10213,motorcycle,1,2656.545,24.7
1_01_R_16082025070000.avi,10209,motorcycle,1,2657.591,39.6
1_01_R_16082025070000.avi,10211,car,2,2657.591,20.8
1_01_R_16082025070000.avi,10212,motorcycle,1,2658.727,4.7
1_01_R_16082025070000.avi,10221,motorcycle,1,2659.5,30.5
1_01_R_16082025070000.avi,10219,car,2,2659.818,23.3
1_01_R_16082025070000.avi,10233,motorcycle,1,2659.909,24.7
1_01_R_16082025070000.avi,10234,motorcycle,1,2660.682,24.7
1_01_R_16082025070000.avi,10236,motorcycle,1,2660.682,24.7
1_01_R_16082025070000.avi,10241,motorcycle,1,2661.818,24.7
1_01_R_16082025070000.avi,10239,motorcycle,1,2661.954,24.7
1_01_R_16082025070000.avi,10237,motorcycle,1,2662.909,4.7
1_01_R_16082025070000.avi,10249,motorcycle,1,2663.5,24.7
1_01_R_16082025070000.avi,10238,motorcycle,1,2663.546,4.7
1_01_R_16082025070000.avi,10254,motorcycle,1,2664.227,24.7
1_01_R_16082025070000.avi,10255,motorcycle,1,2664.227,24.7
1_01_R_16082025070000.avi,10259,motorcycle,1,2664.318,24.7
1_01_R_16082025070000.avi,10243,motorcycle,1,2664.364,28.3
1_01_R_16082025070000.avi,10262,motorcycle,1,2664.864,24.7
1_01_R_16082025070000.avi,10261,motorcycle,1,2664.909,24.7
1_01_R_16082025070000.avi,10263,motorcycle,1,2665.273,24.7
1_01_R_16082025070000.avi,10265,motorcycle,1,2666.318,24.7
1_01_R_16082025070000.avi,10256,motorcycle,1,2666.546,4.7
1_01_R_16082025070000.avi,10260,motorcycle,1,2667.0,4.7
1_01_R_16082025070000.avi,10287,motorcycle,1,2667.909,24.7
1_01_R_16082025070000.avi,10289,motorcycle,1,2668.909,24.7
1_01_R_16082025070000.avi,10283,motorcycle,1,2669.454,4.7
1_01_R_16082025070000.avi,10286,motorcycle,1,2669.5,4.7
1_01_R_16082025070000.avi,10294,motorcycle,1,2670.227,24.7
1_01_R_16082025070000.avi,10285,motorcycle,1,2670.273,24.7
1_01_R_16082025070000.avi,10300,motorcycle,1,2670.954,24.7
1_01_R_16082025070000.avi,10290,motorcycle,1,2671.364,4.7
1_01_R_16082025070000.avi,10291,motorcycle,1,2671.909,4.7
1_01_R_16082025070000.avi,10292,motorcycle,1,2672.046,4.7
1_01_R_16082025070000.avi,10296,motorcycle,1,2672.636,4.7
1_01_R_16082025070000.avi,10299,motorcycle,1,2673.591,4.7
1_01_R_16082025070000.avi,10309,motorcycle,1,2673.818,4.7
1_01_R_16082025070000.avi,10305,car,2,2674.546,22.0
1_01_R_16082025070000.avi,10312,motorcycle,1,2675.182,4.7
1_01_R_16082025070000.avi,10333,car,2,2675.318,18.0
1_01_R_16082025070000.avi,10321,motorcycle,1,2676.0,4.7
1_01_R_16082025070000.avi,10327,motorcycle,1,2676.091,4.7
1_01_R_16082025070000.avi,10329,motorcycle,1,2676.454,4.7
1_01_R_16082025070000.avi,10341,motorcycle,1,2677.864,4.7
1_01_R_16082025070000.avi,10340,motorcycle,1,2678.0,4.7
1_01_R_16082025070000.avi,10342,motorcycle,1,2678.318,4.7
1_01_R_16082025070000.avi,10351,motorcycle,1,2678.5,24.7
1_01_R_16082025070000.avi,10344,motorcycle,1,2678.682,4.7
1_01_R_16082025070000.avi,10352,motorcycle,1,2679.0,4.7
1_01_R_16082025070000.avi,10346,motorcycle,1,2679.182,4.7
1_01_R_16082025070000.avi,10347,motorcycle,1,2679.454,4.7
1_01_R_16082025070000.avi,10353,car,2,2681.273,24.7
1_01_R_16082025070000.avi,10358,car,2,2682.091,24.7
1_01_R_16082025070000.avi,10364,motorcycle,1,2682.682,24.7
1_01_R_16082025070000.avi,10365,motorcycle,1,2683.273,24.7
1_01_R_16082025070000.avi,10369,motorcycle,1,2683.727,24.7
1_01_R_16082025070000.avi,10355,car,2,2683.954,22.0
1_01_R_16082025070000.avi,10380,motorcycle,1,2684.182,24.7
1_01_R_16082025070000.avi,10383,motorcycle,1,2684.182,24.7
1_01_R_16082025070000.avi,10388,motorcycle,1,2684.636,24.7
1_01_R_16082025070000.avi,10359,car,2,2684.864,24.7
1_01_R_16082025070000.avi,10387,motorcycle,1,2685.0,24.7
1_01_R_16082025070000.avi,10404,motorcycle,1,2686.273,26.4
1_01_R_16082025070000.avi,10382,car,2,2687.0,20.8
1_01_R_16082025070000.avi,10409,car,2,2687.182,24.7
1_01_R_16082025070000.avi,10412,car,2,2689.0,30.5
1_01_R_16082025070000.avi,10413,motorcycle,1,2689.091,24.7
1_01_R_16082025070000.avi,10414,motorcycle,1,2689.136,24.7
1_01_R_16082025070000.avi,10411,car,2,2689.636,18.0
1_01_R_16082025070000.avi,10416,motorcycle,1,2689.864,24.7
1_01_R_16082025070000.avi,10421,car,2,2691.0,22.0
1_01_R_16082025070000.avi,10437,car,2,2691.909,24.7
1_01_R_16082025070000.avi,10415,motorcycle,1,2692.182,4.7
1_01_R_16082025070000.avi,10453,motorcycle,1,2692.773,20.8
1_01_R_16082025070000.avi,10419,car,2,2693.091,23.3
1_01_R_16082025070000.avi,10461,motorcycle,1,2693.454,24.7
1_01_R_16082025070000.avi,10432,motorcycle,1,2694.273,4.7
1_01_R_16082025070000.avi,10422,car,2,2694.409,4.7
1_01_R_16082025070000.avi,10468,motorcycle,1,2694.545,24.7
1_01_R_16082025070000.avi,10470,motorcycle,1,2695.182,24.7
1_01_R_16082025070000.avi,10474,motorcycle,1,2696.454,24.7
1_01_R_16082025070000.avi,10469,motorcycle,1,2697.5,18.9
1_01_R_16082025070000.avi,10472,motorcycle,1,2698.0,4.7
1_01_R_16082025070000.avi,10487,motorcycle,1,2698.046,18.0
1_01_R_16082025070000.avi,10473,car,3,2699.5,15.8
1_01_R_16082025070000.avi,10491,motorcycle,1,2700.0,4.7
1_01_R_16082025070000.avi,10477,car,2,2700.318,15.2
1_01_R_16082025070000.avi,10498,car,3,2702.909,4.7
1_01_R_16082025070000.avi,10521,motorcycle,1,2703.545,24.7
1_01_R_16082025070000.avi,10499,truck,6,2704.227,15.8
1_01_R_16082025070000.avi,10523,truck,6,2704.545,24.7
1_01_R_16082025070000.avi,10537,car,2,2706.318,19.8
1_01_R_16082025070000.avi,10545,motorcycle,1,2707.136,23.3
1_01_R_16082025070000.avi,10522,car,2,2707.364,4.7
1_01_R_16082025070000.avi,10546,car,2,2707.454,18.0
1_01_R_16082025070000.avi,10533,motorcycle,1,2707.773,4.7
1_01_R_16082025070000.avi,10532,car,2,2708.773,15.8
1_01_R_16082025070000.avi,10555,car,2,2708.909,23.3
1_01_R_16082025070000.avi,10539,car,2,2709.046,4.7
1_01_R_16082025070000.avi,10547,motorcycle,1,2709.954,4.7
1_01_R_16082025070000.avi,10561,motorcycle,1,2710.0,24.7
1_01_R_16082025070000.avi,10564,motorcycle,1,2710.136,24.7
1_01_R_16082025070000.avi,10567,motorcycle,1,2710.5,24.7
1_01_R_16082025070000.avi,10556,motorcycle,1,2710.773,4.7
1_01_R_16082025070000.avi,10559,car,2,2712.182,20.8
1_01_R_16082025070000.avi,10570,car,2,2712.227,18.9
1_01_R_16082025070000.avi,10563,motorcycle,1,2712.591,4.7
1_01_R_16082025070000.avi,10585,car,2,2713.591,18.9
1_01_R_16082025070000.avi,10568,motorcycle,1,2713.909,4.7
1_01_R_16082025070000.avi,10566,car,2,2714.136,4.7
1_01_R_16082025070000.avi,10569,car,2,2714.909,4.7
1_01_R_16082025070000.avi,10579,motorcycle,1,2715.727,4.7
1_01_R_16082025070000.avi,10603,car,2,2717.409,13.2
1_01_R_16082025070000.avi,10608,motorcycle,1,2717.727,24.7
1_01_R_16082025070000.avi,10618,motorcycle,1,2717.864,24.7
1_01_R_16082025070000.avi,10598,car,2,2718.954,4.7
1_01_R_16082025070000.avi,10610,motorcycle,1,2719.318,4.7
1_01_R_16082025070000.avi,10605,motorcycle,1,2719.727,4.7
1_01_R_16082025070000.avi,10614,motorcycle,1,2720.864,4.7
1_01_R_16082025070000.avi,10617,motorcycle,1,2720.909,4.7
1_01_R_16082025070000.avi,10633,motorcycle,1,2721.682,24.7
1_01_R_16082025070000.avi,10638,car,2,2722.682,9.7
1_01_R_16082025070000.avi,10641,motorcycle,1,2723.5,24.7
1_01_R_16082025070000.avi,10644,car,2,2725.409,12.0
1_01_R_16082025070000.avi,10631,car,2,2725.682,12.0
1_01_R_16082025070000.avi,10652,motorcycle,1,2727.773,4.7
1_01_R_16082025070000.avi,10640,car,2,2728.227,9.7
1_01_R_16082025070000.avi,10656,car,2,2730.136,4.7
1_01_R_16082025070000.avi,10690,car,2,2732.091,18.9
1_01_R_16082025070000.avi,10666,car,2,2732.136,4.7
1_01_R_16082025070000.avi,10694,motorcycle,1,2732.364,24.7
1_01_R_16082025070000.avi,10669,car,2,2733.773,4.6
1_01_R_16082025070000.avi,10704,motorcycle,1,2734.045,24.7
1_01_R_16082025070000.avi,10714,motorcycle,1,2735.409,22.0
1_01_R_16082025070000.avi,10725,motorcycle,1,2736.273,24.7
1_01_R_16082025070000.avi,10686,car,2,2736.318,4.7
1_01_R_16082025070000.avi,10680,car,2,2738.227,4.7
1_01_R_16082025070000.avi,10706,car,2,2739.0,4.7
1_01_R_16082025070000.avi,10699,car,2,2741.727,4.7
1_01_R_16082025070000.avi,10726,car,2,2741.727,4.7
1_01_R_16082025070000.avi,10785,car,3,2742.727,24.7
1_01_R_16082025070000.avi,10795,car,2,2743.864,4.7
1_01_R_16082025070000.avi,10718,truck,6,2744.454,4.7
1_01_R_16082025070000.avi,10801,car,3,2744.5,24.7
1_01_R_16082025070000.avi,10804,car,3,2745.273,24.7
1_01_R_16082025070000.avi,10825,car,2,2747.273,24.7
1_01_R_16082025070000.avi,10760,car,2,2747.318,4.7
1_01_R_16082025070000.avi,10839,car,2,2748.682,24.7
1_01_R_16082025070000.avi,10852,car,2,2749.864,12.4
1_01_R_16082025070000.avi,10790,car,2,2751.591,4.9
1_01_R_16082025070000.avi,10879,car,2,2751.954,24.7
1_01_R_16082025070000.avi,10888,car,2,2753.454,24.7
1_01_R_16082025070000.avi,10856,car,2,2754.727,4.7
1_01_R_16082025070000.avi,10929,car,2,2755.045,24.7
1_01_R_16082025070000.avi,10925,car,2,2755.409,24.7
1_01_R_16082025070000.avi,10828,car,2,2756.409,4.7
1_01_R_16082025070000.avi,10946,motorcycle,1,2756.682,24.7
1_01_R_16082025070000.avi,10938,motorcycle,1,2756.727,4.7
1_01_R_16082025070000.avi,10934,car,2,2757.091,24.7
1_01_R_16082025070000.avi,10954,car,2,2758.727,9.7
1_01_R_16082025070000.avi,10855,car,2,2760.046,4.7
1_01_R_16082025070000.avi,10977,motorcycle,1,2761.954,24.7
1_01_R_16082025070000.avi,10974,car,2,2762.091,18.9
1_01_R_16082025070000.avi,10990,motorcycle,1,2764.454,24.7
1_01_R_16082025070000.avi,10997,motorcycle,1,2764.591,24.7
1_01_R_16082025070000.avi,10986,car,2,2764.954,24.7
1_01_R_16082025070000.avi,11003,car,2,2766.273,15.8
1_01_R_16082025070000.avi,11006,motorcycle,1,2766.454,24.7
1_01_R_16082025070000.avi,10979,car,2,2766.591,4.7
1_01_R_16082025070000.avi,10998,motorcycle,1,2767.546,4.7
1_01_R_16082025070000.avi,10941,car,2,2768.364,4.7
1_01_R_16082025070000.avi,11014,motorcycle,1,2768.773,24.7
1_01_R_16082025070000.avi,11018,motorcycle,1,2768.864,24.7
1_01_R_16082025070000.avi,11009,motorcycle,1,2769.136,4.7
1_01_R_16082025070000.avi,11024,motorcycle,1,2769.636,24.7
1_01_R_16082025070000.avi,11028,motorcycle,1,2769.682,24.7
1_01_R_16082025070000.avi,11031,motorcycle,1,2770.454,24.7
1_01_R_16082025070000.avi,11029,motorcycle,1,2770.727,24.7
1_01_R_16082025070000.avi,10991,car,2,2771.182,4.7
1_01_R_16082025070000.avi,11046,car,2,2774.227,14.7
1_01_R_16082025070000.avi,11051,motorcycle,1,2775.045,24.7
1_01_R_16082025070000.avi,11052,motorcycle,1,2775.954,24.7
1_01_R_16082025070000.avi,11062,motorcycle,1,2776.454,24.7
1_01_R_16082025070000.avi,11069,motorcycle,1,2777.182,24.7
1_01_R_16082025070000.avi,11047,car,2,2777.227,15.8
1_01_R_16082025070000.avi,11074,motorcycle,1,2778.136,24.7
1_01_R_16082025070000.avi,11075,motorcycle,1,2778.636,24.7
1_01_R_16082025070000.avi,11081,motorcycle,1,2779.0,24.7
1_01_R_16082025070000.avi,11071,car,2,2780.909,13.7
1_01_R_16082025070000.avi,11089,car,2,2782.454,23.3
1_01_R_16082025070000.avi,11083,car,2,2782.591,12.0
1_01_R_16082025070000.avi,11091,motorcycle,1,2784.0,23.3
1_01_R_16082025070000.avi,11092,car,2,2785.682,26.4
1_01_R_16082025070000.avi,11093,motorcycle,1,2787.046,30.5
1_01_R_16082025070000.avi,11095,motorcycle,1,2787.318,23.3
1_01_R_16082025070000.avi,11100,motorcycle,1,2788.909,24.7
1_01_R_16082025070000.avi,11104,motorcycle,1,2790.727,20.8
1_01_R_16082025070000.avi,11098,car,2,2790.864,18.9
1_01_R_16082025070000.avi,11108,motorcycle,1,2793.091,4.7
1_01_R_16082025070000.avi,11112,motorcycle,1,2794.364,24.7
1_01_R_16082025070000.avi,11106,car,2,2794.454,18.0
1_01_R_16082025070000.avi,11114,motorcycle,1,2795.227,22.0
1_01_R_16082025070000.avi,11109,car,3,2795.364,15.8
1_01_R_16082025070000.avi,11117,motorcycle,1,2795.545,24.7
1_01_R_16082025070000.avi,11120,car,3,2796.727,18.0
1_01_R_16082025070000.avi,11123,car,2,2798.682,24.7
1_01_R_16082025070000.avi,11139,motorcycle,1,2799.591,24.7
1_01_R_16082025070000.avi,11141,motorcycle,1,2800.591,24.7
1_01_R_16082025070000.avi,11142,motorcycle,1,2800.682,24.7
1_01_R_16082025070000.avi,11149,motorcycle,1,2801.136,24.7
1_01_R_16082025070000.avi,11153,motorcycle,1,2802.545,24.7
1_01_R_16082025070000.avi,11156,car,2,2804.273,24.7
1_01_R_16082025070000.avi,11157,motorcycle,1,2805.182,23.3
1_01_R_16082025070000.avi,11160,motorcycle,1,2806.273,24.7
1_01_R_16082025070000.avi,11161,motorcycle,1,2807.182,24.7
1_01_R_16082025070000.avi,11158,car,2,2808.0,19.8
1_01_R_16082025070000.avi,11171,motorcycle,1,2808.636,24.7
1_01_R_16082025070000.avi,11173,motorcycle,1,2809.909,24.7
1_01_R_16082025070000.avi,11175,motorcycle,1,2812.454,24.7
1_01_R_16082025070000.avi,11177,motorcycle,1,2813.045,24.7
1_01_R_16082025070000.avi,11188,motorcycle,1,2814.818,24.7
1_01_R_16082025070000.avi,11195,motorcycle,1,2815.318,24.7
1_01_R_16082025070000.avi,11180,car,2,2816.318,26.4
1_01_R_16082025070000.avi,11178,truck,6,2816.454,24.7
1_01_R_16082025070000.avi,11199,motorcycle,1,2817.773,26.4
1_01_R_16082025070000.avi,11197,motorcycle,1,2818.5,4.7
1_01_R_16082025070000.avi,11204,motorcycle,1,2819.545,24.7
1_01_R_16082025070000.avi,11203,motorcycle,1,2820.636,39.6
1_01_R_16082025070000.avi,11202,motorcycle,1,2820.864,4.7
1_01_R_16082025070000.avi,11207,motorcycle,1,2822.727,24.7
1_01_R_16082025070000.avi,11211,motorcycle,1,2823.227,24.7
1_01_R_16082025070000.avi,11216,motorcycle,1,2823.227,24.7
1_01_R_16082025070000.avi,11206,motorcycle,1,2823.227,4.7
1_01_R_16082025070000.avi,11215,motorcycle,1,2823.318,24.7
1_01_R_16082025070000.avi,11214,motorcycle,1,2823.5,24.7
1_01_R_16082025070000.avi,11208,motorcycle,1,2825.0,4.7
1_01_R_16082025070000.avi,11222,car,2,2825.182,26.4
1_01_R_16082025070000.avi,11217,motorcycle,1,2825.318,4.7
1_01_R_16082025070000.avi,11230,motorcycle,1,2825.864,24.7
1_01_R_16082025070000.avi,11220,motorcycle,1,2826.273,4.7
1_01_R_16082025070000.avi,11225,motorcycle,1,2826.727,4.7
1_01_R_16082025070000.avi,11243,motorcycle,1,2827.045,24.7
1_01_R_16082025070000.avi,11251,motorcycle,1,2827.636,24.7
1_01_R_16082025070000.avi,11227,motorcycle,1,2827.773,4.7
1_01_R_16082025070000.avi,11253,motorcycle,1,2827.818,24.7
1_01_R_16082025070000.avi,11254,motorcycle,1,2828.409,24.7
1_01_R_16082025070000.avi,11239,motorcycle,1,2828.909,4.7
1_01_R_16082025070000.avi,11252,motorcycle,1,2829.818,4.7
1_01_R_16082025070000.avi,11255,motorcycle,1,2830.364,4.7
1_01_R_16082025070000.avi,11263,motorcycle,1,2830.454,24.7
1_01_R_16082025070000.avi,11257,motorcycle,1,2830.5,4.7
1_01_R_16082025070000.avi,11258,motorcycle,1,2831.227,4.7
1_01_R_16082025070000.avi,11259,motorcycle,1,2831.682,4.7
1_01_R_16082025070000.avi,11266,car,2,2831.864,19.8
1_01_R_16082025070000.avi,11262,motorcycle,1,2832.046,4.7
1_01_R_16082025070000.avi,11269,motorcycle,1,2832.954,23.3
1_01_R_16082025070000.avi,11265,motorcycle,1,2833.591,4.7
1_01_R_16082025070000.avi,11267,motorcycle,1,2833.727,4.7
1_01_R_16082025070000.avi,11277,car,2,2834.273,19.8
1_01_R_16082025070000.avi,11292,motorcycle,1,2834.545,24.7
1_01_R_16082025070000.avi,11273,motorcycle,1,2834.773,4.7
1_01_R_16082025070000.avi,11290,car,2,2835.318,23.3
1_01_R_16082025070000.avi,11299,motorcycle,1,2835.727,24.7
1_01_R_16082025070000.avi,11275,motorcycle,1,2835.818,4.7
1_01_R_16082025070000.avi,11287,motorcycle,1,2835.864,4.7
1_01_R_16082025070000.avi,11282,motorcycle,1,2836.136,4.7
1_01_R_16082025070000.avi,11295,motorcycle,1,2837.364,4.7
1_01_R_16082025070000.avi,11300,car,2,2837.454,23.3
1_01_R_16082025070000.avi,11296,motorcycle,1,2837.818,4.7
1_01_R_16082025070000.avi,11302,motorcycle,1,2838.182,4.7
1_01_R_16082025070000.avi,11301,motorcycle,1,2838.364,4.7
1_01_R_16082025070000.avi,11321,motorcycle,1,2838.545,24.7
1_01_R_16082025070000.avi,11325,motorcycle,1,2839.182,24.7
1_01_R_16082025070000.avi,11308,motorcycle,1,2839.364,4.7
1_01_R_16082025070000.avi,11337,motorcycle,1,2839.818,24.7
1_01_R_16082025070000.avi,11310,motorcycle,1,2839.954,4.7
1_01_R_16082025070000.avi,11317,car,2,2840.546,23.3
1_01_R_16082025070000.avi,11324,motorcycle,1,2841.091,4.7
1_01_R_16082025070000.avi,11349,motorcycle,1,2841.364,28.3
1_01_R_16082025070000.avi,11327,motorcycle,1,2841.773,4.7
1_01_R_16082025070000.avi,11334,car,2,2842.727,4.7
1_01_R_16082025070000.avi,11336,motorcycle,1,2842.773,4.7
1_01_R_16082025070000.avi,11344,motorcycle,1,2842.818,4.7
1_01_R_16082025070000.avi,11361,car,2,2843.727,22.0
1_01_R_16082025070000.avi,11359,car,2,2844.5,22.0
1_01_R_16082025070000.avi,11360,motorcycle,1,2845.454,4.7
1_01_R_16082025070000.avi,11366,motorcycle,1,2846.682,4.7
1_01_R_16082025070000.avi,11372,motorcycle,1,2846.682,24.7
1_01_R_16082025070000.avi,11373,motorcycle,1,2846.818,24.7
1_01_R_16082025070000.avi,11367,motorcycle,1,2847.591,4.7
1_01_R_16082025070000.avi,11380,motorcycle,1,2848.227,24.7
1_01_R_16082025070000.avi,11374,car,2,2849.182,4.7
1_01_R_16082025070000.avi,11384,car,3,2850.136,20.8
1_01_R_16082025070000.avi,11400,car,3,2850.773,24.7
1_01_R_16082025070000.avi,11395,motorcycle,1,2851.682,4.7
1_01_R_16082025070000.avi,11388,car,2,2851.864,4.7
1_01_R_16082025070000.avi,11398,motorcycle,1,2852.136,4.7
1_01_R_16082025070000.avi,11415,motorcycle,1,2852.5,24.7
1_01_R_16082025070000.avi,11427,motorcycle,1,2853.409,24.7
1_01_R_16082025070000.avi,11401,car,2,2853.909,4.7
1_01_R_16082025070000.avi,11406,motorcycle,1,2854.046,4.7
1_01_R_16082025070000.avi,11455,car,2,2855.636,24.7
1_01_R_16082025070000.avi,11418,car,2,2856.5,4.7
1_01_R_16082025070000.avi,11458,car,2,2856.909,24.7
1_01_R_16082025070000.avi,11454,car,2,2858.727,11.3
1_01_R_16082025070000.avi,11463,car,2,2860.864,4.7
1_01_R_16082025070000.avi,11422,car,2,2861.182,4.7
1_01_R_16082025070000.avi,11477,motorcycle,1,2862.136,4.7
1_01_R_16082025070000.avi,11478,car,2,2862.227,4.7
1_01_R_16082025070000.avi,11482,car,2,2863.727,4.7
1_01_R_16082025070000.avi,11510,motorcycle,1,2863.909,24.7
1_01_R_16082025070000.avi,11517,motorcycle,1,2864.591,24.7
1_01_R_16082025070000.avi,11526,motorcycle,1,2865.864,24.7
1_01_R_16082025070000.avi,11497,car,2,2866.227,4.7
1_01_R_16082025070000.avi,11514,motorcycle,1,2867.046,4.7
1_01_R_16082025070000.avi,11556,motorcycle,1,2868.0,24.7
1_01_R_16082025070000.avi,11551,car,3,2870.182,23.3
1_01_R_16082025070000.avi,11583,motorcycle,1,2872.364,24.7
1_01_R_16082025070000.avi,11595,motorcycle,1,2872.909,24.7
1_01_R_16082025070000.avi,11613,motorcycle,1,2875.045,24.7
1_01_R_16082025070000.avi,11618,motorcycle,1,2875.727,24.7
1_01_R_16082025070000.avi,11524,car,2,2875.954,4.7
1_01_R_16082025070000.avi,11638,car,2,2876.954,24.7
1_01_R_16082025070000.avi,11671,car,2,2878.636,24.7
1_01_R_16082025070000.avi,11691,motorcycle,1,2879.909,24.7
1_01_R_16082025070000.avi,11695,motorcycle,1,2880.273,24.7
1_01_R_16082025070000.avi,11717,truck,4,2882.0,24.7
1_01_R_16082025070000.avi,11563,car,2,2882.318,4.7
1_01_R_16082025070000.avi,11748,motorcycle,1,2883.364,24.7
1_01_R_16082025070000.avi,11763,car,2,2885.046,16.5
1_01_R_16082025070000.avi,11572,car,2,2885.136,4.7
1_01_R_16082025070000.avi,11799,car,2,2886.136,24.7
1_01_R_16082025070000.avi,11807,car,2,2889.227,24.7
1_01_R_16082025070000.avi,11821,car,2,2890.409,14.7
1_01_R_16082025070000.avi,11755,car,2,2891.636,4.7
1_01_R_16082025070000.avi,11818,car,2,2891.909,14.1
1_01_R_16082025070000.avi,11863,car,2,2894.773,24.7
1_01_R_16082025070000.avi,11894,motorcycle,1,2896.227,24.7
1_01_R_16082025070000.avi,11908,motorcycle,1,2898.0,24.7
1_01_R_16082025070000.avi,11909,motorcycle,1,2898.045,24.7
1_01_R_16082025070000.avi,11801,car,2,2899.5,7.9
1_01_R_16082025070000.avi,11921,motorcycle,1,2900.909,24.7
1_01_R_16082025070000.avi,11922,motorcycle,1,2901.454,24.7
1_01_R_16082025070000.avi,11815,car,3,2903.091,4.7
1_01_R_16082025070000.avi,11929,motorcycle,1,2903.773,15.2
1_01_R_16082025070000.avi,11934,motorcycle,1,2905.227,24.7
1_01_R_16082025070000.avi,11936,motorcycle,1,2906.591,4.7
1_01_R_16082025070000.avi,11945,motorcycle,1,2906.773,24.7
1_01_R_16082025070000.avi,11884,car,2,2908.682,8.3
1_01_R_16082025070000.avi,11958,car,3,2908.864,18.0
1_01_R_16082025070000.avi,11968,motorcycle,1,2910.273,24.7
1_01_R_16082025070000.avi,11966,motorcycle,1,2910.727,24.7
1_01_R_16082025070000.avi,11989,motorcycle,1,2912.364,24.7
1_01_R_16082025070000.avi,11935,car,2,2912.546,11.3
1_01_R_16082025070000.avi,12000,car,2,2912.682,26.4
1_01_R_16082025070000.avi,11948,car,3,2913.364,4.7
1_01_R_16082025070000.avi,12017,motorcycle,1,2914.454,4.7
1_01_R_16082025070000.avi,11953,car,2,2914.5,4.7
1_01_R_16082025070000.avi,12044,car,2,2915.136,18.9
1_01_R_16082025070000.avi,12059,motorcycle,1,2915.227,24.7
1_01_R_16082025070000.avi,12011,motorcycle,1,2916.046,4.7
1_01_R_16082025070000.avi,12067,motorcycle,1,2916.227,24.7
1_01_R_16082025070000.avi,12063,car,2,2916.273,18.0
1_01_R_16082025070000.avi,11982,car,2,2917.682,11.6
1_01_R_16082025070000.avi,12072,bus,5,2924.136,10.4
1_01_R_16082025070000.avi,12094,bus,5,2928.273,7.9
1_01_R_16082025070000.avi,12118,car,2,2928.409,24.7
1_01_R_16082025070000.avi,12105,car,2,2931.318,5.2
1_01_R_16082025070000.avi,12141,motorcycle,1,2932.045,24.7
1_01_R_16082025070000.avi,12154,motorcycle,1,2933.045,24.7
1_01_R_16082025070000.avi,12151,truck,6,2933.682,26.4
1_01_R_16082025070000.avi,12121,car,2,2935.409,7.8
1_01_R_16082025070000.avi,12137,car,2,2939.364,11.0
1_01_R_16082025070000.avi,12135,car,2,2940.409,4.7
1_01_R_16082025070000.avi,12210,motorcycle,1,2941.682,24.7
1_01_R_16082025070000.avi,12157,truck,4,2942.318,4.7
1_01_R_16082025070000.avi,12221,motorcycle,1,2942.5,24.7
1_01_R_16082025070000.avi,12226,car,2,2943.636,28.3
1_01_R_16082025070000.avi,12247,motorcycle,1,2944.045,24.7
1_01_R_16082025070000.avi,12164,car,2,2944.954,4.7
1_01_R_16082025070000.avi,12257,car,2,2945.5,19.8
1_01_R_16082025070000.avi,12171,car,3,2945.773,4.7
1_01_R_16082025070000.avi,12180,car,3,2947.273,4.7
1_01_R_16082025070000.avi,12289,car,2,2947.364,24.7
1_01_R_16082025070000.avi,12297,motorcycle,1,2948.318,24.7
1_01_R_16082025070000.avi,12315,car,2,2949.864,24.7
1_01_R_16082025070000.avi,12321,motorcycle,1,2949.909,24.7
1_01_R_16082025070000.avi,12309,motorcycle,1,2949.954,4.7
1_01_R_16082025070000.avi,12330,motorcycle,1,2951.091,24.7
1_01_R_16082025070000.avi,12350,motorcycle,1,2952.727,20.8
1_01_R_16082025070000.avi,12207,car,2,2952.909,4.7
1_01_R_16082025070000.avi,12360,motorcycle,1,2953.909,20.8
1_01_R_16082025070000.avi,12362,car,2,2954.046,19.8
1_01_R_16082025070000.avi,12367,car,2,2955.182,15.8
1_01_R_16082025070000.avi,12373,motorcycle,1,2956.545,24.7
1_01_R_16082025070000.avi,12372,motorcycle,1,2956.864,24.7
1_01_R_16082025070000.avi,12318,car,2,2957.954,4.7
1_01_R_16082025070000.avi,12384,motorcycle,1,2959.0,23.3
1_01_R_16082025070000.avi,12391,motorcycle,1,2959.864,24.7
1_01_R_16082025070000.avi,12399,motorcycle,1,2961.591,24.7
1_01_R_16082025070000.avi,12368,car,2,2962.182,4.7
1_01_R_16082025070000.avi,12402,motorcycle,1,2962.364,24.7
1_01_R_16082025070000.avi,12407,motorcycle,1,2964.864,24.7
1_01_R_16082025070000.avi,12412,car,2,2966.5,23.3
1_01_R_16082025070000.avi,12419,car,2,2968.182,23.3
1_01_R_16082025070000.avi,12329,car,2,2968.864,5.1
1_01_R_16082025070000.avi,12431,car,2,2970.818,30.5
1_01_R_16082025070000.avi,12447,car,2,2972.636,20.8
1_01_R_16082025070000.avi,12392,car,2,2973.0,4.7
1_01_R_16082025070000.avi,12436,motorcycle,1,2974.954,16.5
1_01_R_16082025070000.avi,12453,car,2,2975.0,18.9
1_01_R_16082025070000.avi,12443,car,2,2975.5,4.7
1_01_R_16082025070000.avi,12449,motorcycle,1,2976.182,4.7
1_01_R_16082025070000.avi,12459,motorcycle,1,2976.545,24.7
1_01_R_16082025070000.avi,12448,car,3,2978.227,4.7
1_01_R_16082025070000.avi,12475,car,2,2980.727,20.8
1_01_R_16082025070000.avi,12479,motorcycle,1,2982.091,24.7
1_01_R_16082025070000.avi,12482,motorcycle,1,2982.727,24.7
1_01_R_16082025070000.avi,12485,motorcycle,1,2982.818,24.7
1_01_R_16082025070000.avi,12486,motorcycle,1,2983.273,24.7
1_01_R_16082025070000.avi,12488,motorcycle,1,2983.5,24.7
1_01_R_16082025070000.avi,12489,motorcycle,1,2983.909,24.7
1_01_R_16082025070000.avi,12483,motorcycle,1,2985.454,4.7
1_01_R_16082025070000.avi,12493,motorcycle,1,2985.454,24.7
1_01_R_16082025070000.avi,12500,motorcycle,1,2985.954,24.7
1_01_R_16082025070000.avi,12501,motorcycle,1,2986.954,26.4
1_01_R_16082025070000.avi,12491,car,2,2987.182,22.0
1_01_R_16082025070000.avi,12503,motorcycle,1,2987.364,24.7
1_01_R_16082025070000.avi,12502,car,2,2987.454,20.8
1_01_R_16082025070000.avi,12507,car,2,2988.636,20.8
1_01_R_16082025070000.avi,12504,motorcycle,1,2989.409,4.7
1_01_R_16082025070000.avi,12509,car,2,2989.818,20.8
1_01_R_16082025070000.avi,12519,motorcycle,1,2989.864,24.7
1_01_R_16082025070000.avi,12508,motorcycle,1,2990.273,4.7
1_01_R_16082025070000.avi,12540,motorcycle,1,2991.045,24.7
1_01_R_16082025070000.avi,12542,motorcycle,1,2991.273,24.7
1_01_R_16082025070000.avi,12523,motorcycle,1,2991.864,4.7
1_01_R_16082025070000.avi,12528,motorcycle,1,2991.864,4.7
1_01_R_16082025070000.avi,12559,motorcycle,1,2992.682,24.7
1_01_R_16082025070000.avi,12564,motorcycle,1,2992.682,24.7
1_01_R_16082025070000.avi,12548,motorcycle,1,2992.773,18.9
1_01_R_16082025070000.avi,12529,motorcycle,1,2992.818,4.7
1_01_R_16082025070000.avi,12544,motorcycle,1,2993.909,4.7
1_01_R_16082025070000.avi,12550,motorcycle,1,2994.0,4.7
1_01_R_16082025070000.avi,12558,motorcycle,1,2994.227,4.7
1_01_R_16082025070000.avi,12567,motorcycle,1,2994.454,24.7
1_01_R_16082025070000.avi,12579,motorcycle,1,2995.045,24.7
1_01_R_16082025070000.avi,12580,motorcycle,1,2995.136,4.7
1_01_R_16082025070000.avi,12555,motorcycle,1,2995.318,4.7
1_01_R_16082025070000.avi,12588,truck,4,2996.091,20.8
1_01_R_16082025070000.avi,12568,motorcycle,1,2996.227,4.7
1_01_R_16082025070000.avi,12569,motorcycle,1,2996.318,4.7
1_01_R_16082025070000.avi,12583,motorcycle,1,2997.136,4.7
1_01_R_16082025070000.avi,12581,motorcycle,1,2997.273,4.7
1_01_R_16082025070000.avi,12586,motorcycle,1,2997.636,4.7
1_01_R_16082025070000.avi,12587,motorcycle,1,2997.636,4.7
1_01_R_16082025070000.avi,12606,car,2,2998.136,23.3
1_01_R_16082025070000.avi,12595,motorcycle,1,2998.727,4.7
1_01_R_16082025070000.avi,12612,motorcycle,1,2999.045,24.7
1_01_R_16082025070000.avi,12605,motorcycle,1,2999.546,4.7
1_01_R_16082025070000.avi,12624,motorcycle,1,3000.409,24.7
1_01_R_16082025070000.avi,12609,motorcycle,1,3000.636,4.7
1_01_R_16082025070000.avi,12615,motorcycle,1,3001.273,4.7
1_01_R_16082025070000.avi,12611,motorcycle,1,3001.5,4.7
1_01_R_16082025070000.avi,12632,motorcycle,1,3001.591,24.7
1_01_R_16082025070000.avi,12639,car,2,3002.727,17.2
1_01_R_16082025070000.avi,12655,motorcycle,1,3003.773,24.7
1_01_R_16082025070000.avi,12657,motorcycle,1,3004.364,24.7
1_01_R_16082025070000.avi,12641,motorcycle,1,3004.5,4.7
1_01_R_16082025070000.avi,12663,motorcycle,1,3004.818,24.7
1_01_R_16082025070000.avi,12662,motorcycle,1,3004.864,24.7
1_01_R_16082025070000.avi,12652,motorcycle,1,3005.818,4.7
1_01_R_16082025070000.avi,12679,motorcycle,1,3005.864,24.7
1_01_R_16082025070000.avi,12670,motorcycle,1,3006.818,4.7
1_01_R_16082025070000.avi,12685,motorcycle,1,3006.864,24.7
1_01_R_16082025070000.avi,12686,motorcycle,1,3006.954,24.7
1_01_R_16082025070000.avi,12661,motorcycle,1,3007.227,4.7
1_01_R_16082025070000.avi,12700,motorcycle,1,3007.318,24.7
1_01_R_16082025070000.avi,12703,motorcycle,1,3008.136,24.7
1_01_R_16082025070000.avi,12671,motorcycle,1,3008.273,4.7
1_01_R_16082025070000.avi,12680,motorcycle,1,3008.364,4.7
1_01_R_16082025070000.avi,12675,motorcycle,1,3008.454,4.7
1_01_R_16082025070000.avi,12698,car,2,3010.318,4.7
1_01_R_16082025070000.avi,12729,motorcycle,1,3010.682,24.7
1_01_R_16082025070000.avi,12738,motorcycle,1,3011.727,24.7
1_01_R_16082025070000.avi,12715,motorcycle,1,3011.909,4.7
1_01_R_16082025070000.avi,12750,motorcycle,1,3012.682,24.7
1_01_R_16082025070000.avi,12751,motorcycle,1,3012.864,24.7
1_01_R_16082025070000.avi,12719,car,2,3013.182,20.8
1_01_R_16082025070000.avi,12732,motorcycle,1,3013.591,4.7
1_01_R_16082025070000.avi,12759,motorcycle,1,3013.773,24.7
1_01_R_16082025070000.avi,12763,motorcycle,1,3013.818,24.7
1_01_R_16082025070000.avi,12772,motorcycle,1,3015.046,23.3
1_01_R_16082025070000.avi,12741,motorcycle,1,3015.136,4.7
1_01_R_16082025070000.avi,12776,motorcycle,1,3015.273,24.7
1_01_R_16082025070000.avi,12779,motorcycle,1,3016.364,24.7
1_01_R_16082025070000.avi,12760,car,2,3016.909,15.2
1_01_R_16082025070000.avi,12787,motorcycle,1,3017.591,18.9
1_01_R_16082025070000.avi,12775,motorcycle,1,3017.773,4.7
1_01_R_16082025070000.avi,12791,motorcycle,1,3017.954,24.7
1_01_R_16082025070000.avi,12782,car,2,3019.682,14.1
1_01_R_16082025070000.avi,12804,motorcycle,1,3021.136,24.7
1_01_R_16082025070000.avi,12792,car,2,3022.136,16.5
1_01_R_16082025070000.avi,12811,truck,6,3022.182,20.8
1_01_R_16082025070000.avi,12820,motorcycle,1,3023.5,24.7
1_01_R_16082025070000.avi,12821,motorcycle,1,3024.0,24.7
1_01_R_16082025070000.avi,12823,motorcycle,1,3024.545,24.7
1_01_R_16082025070000.avi,12802,car,2,3024.591,4.7
1_01_R_16082025070000.avi,12829,motorcycle,1,3025.045,24.7
1_01_R_16082025070000.avi,12827,motorcycle,1,3025.136,24.7
1_01_R_16082025070000.avi,12835,motorcycle,1,3025.591,24.7
1_01_R_16082025070000.avi,12818,motorcycle,1,3025.682,4.7
1_01_R_16082025070000.avi,12814,car,2,3026.046,4.7
1_01_R_16082025070000.avi,12838,car,2,3028.773,4.7
1_01_R_16082025070000.avi,12850,car,2,3030.318,4.7
1_01_R_16082025070000.avi,12885,motorcycle,1,3030.318,24.7
1_01_R_16082025070000.avi,12878,motorcycle,1,3031.0,4.7
1_01_R_16082025070000.avi,12890,motorcycle,1,3031.636,24.7
1_01_R_16082025070000.avi,12903,motorcycle,1,3033.091,24.7
1_01_R_16082025070000.avi,12889,motorcycle,1,3033.136,4.7
1_01_R_16082025070000.avi,12911,car,2,3033.864,24.7
1_01_R_16082025070000.avi,12891,car,2,3034.682,4.7
1_01_R_16082025070000.avi,12921,motorcycle,1,3035.182,24.7
1_01_R_16082025070000.avi,12898,motorcycle,1,3035.682,4.7
1_01_R_16082025070000.avi,12926,motorcycle,1,3036.227,24.7
1_01_R_16082025070000.avi,12939,car,2,3037.682,14.7
1_01_R_16082025070000.avi,12949,car,2,3039.182,20.8
1_01_R_16082025070000.avi,12958,car,2,3040.409,20.8
1_01_R_16082025070000.avi,12932,car,2,3041.227,4.7
1_01_R_16082025070000.avi,12976,car,2,3042.091,20.8
1_01_R_16082025070000.avi,12990,motorcycle,1,3042.773,4.7
1_01_R_16082025070000.avi,12999,truck,4,3043.454,33.0
1_01_R_16082025070000.avi,12962,car,3,3044.273,4.7
1_01_R_16082025070000.avi,13011,car,2,3045.682,24.7
1_01_R_16082025070000.avi,13000,car,2,3047.136,4.7
1_01_R_16082025070000.avi,13015,car,3,3047.682,12.0
1_01_R_16082025070000.avi,13010,car,2,3048.409,4.7
1_01_R_16082025070000.avi,13034,car,2,3049.318,24.7
1_01_R_16082025070000.avi,13014,car,2,3050.182,4.7
1_01_R_16082025070000.avi,13070,car,2,3052.273,11.0
1_01_R_16082025070000.avi,13108,car,3,3054.954,24.7
1_01_R_16082025070000.avi,13117,motorcycle,1,3055.773,24.7
1_01_R_16082025070000.avi,13134,car,2,3058.091,12.0
1_01_R_16082025070000.avi,13068,car,2,3059.273,4.7
1_01_R_16082025070000.avi,13140,car,2,3060.409,24.7
1_01_R_16082025070000.avi,13150,car,2,3061.682,12.4
1_01_R_16082025070000.avi,13093,car,2,3062.364,4.7
1_01_R_16082025070000.avi,13167,motorcycle,1,3063.409,24.7
1_01_R_16082025070000.avi,13173,motorcycle,1,3064.273,24.7
1_01_R_16082025070000.avi,13124,car,2,3065.864,4.7
1_01_R_16082025070000.avi,13166,car,2,3068.227,4.7
1_01_R_16082025070000.avi,13229,motorcycle,1,3068.773,24.7
1_01_R_16082025070000.avi,13233,car,2,3070.136,24.7
1_01_R_16082025070000.avi,13143,truck,6,3070.682,4.7
1_01_R_16082025070000.avi,13184,car,2,3071.818,4.7
1_01_R_16082025070000.avi,13243,car,2,3071.818,24.7
1_01_R_16082025070000.avi,13262,motorcycle,1,3073.818,24.7
1_01_R_16082025070000.avi,13276,motorcycle,1,3074.454,24.7
1_01_R_16082025070000.avi,13235,car,3,3075.318,4.7
1_01_R_16082025070000.avi,13301,motorcycle,1,3075.682,24.7
1_01_R_16082025070000.avi,13286,car,2,3075.818,23.3
1_01_R_16082025070000.avi,13241,car,2,3076.727,4.7
1_01_R_16082025070000.avi,13309,car,2,3077.364,24.7
1_01_R_16082025070000.avi,13324,motorcycle,1,3078.454,24.7
1_01_R_16082025070000.avi,13331,motorcycle,1,3079.682,24.7
1_01_R_16082025070000.avi,13338,motorcycle,1,3080.591,24.7
1_01_R_16082025070000.avi,13354,motorcycle,1,3082.273,24.7
1_01_R_16082025070000.avi,13310,car,2,3083.0,6.8
1_01_R_16082025070000.avi,13378,motorcycle,1,3084.773,24.7
1_01_R_16082025070000.avi,13379,motorcycle,1,3084.773,24.7
1_01_R_16082025070000.avi,13388,motorcycle,1,3086.045,24.7
1_01_R_16082025070000.avi,13336,car,2,3086.454,4.7
1_01_R_16082025070000.avi,13394,motorcycle,1,3087.045,24.7
1_01_R_16082025070000.avi,13366,car,3,3088.636,4.7
1_01_R_16082025070000.avi,13410,car,3,3089.5,12.4
1_01_R_16082025070000.avi,13420,car,2,3091.682,4.7
1_01_R_16082025070000.avi,13437,motorcycle,1,3092.954,24.7
1_01_R_16082025070000.avi,13445,motorcycle,1,3093.954,24.7
1_01_R_16082025070000.avi,13407,car,2,3094.727,4.7
1_01_R_16082025070000.avi,13425,car,2,3095.091,4.7
1_01_R_16082025070000.avi,13452,motorcycle,1,3095.227,24.7
1_01_R_16082025070000.avi,13457,motorcycle,1,3096.227,24.7
1_01_R_16082025070000.avi,13462,motorcycle,1,3097.409,24.7
1_01_R_16082025070000.avi,13471,motorcycle,1,3099.136,24.7
1_01_R_16082025070000.avi,13459,car,3,3101.909,4.7
1_01_R_16082025070000.avi,13486,car,2,3103.636,17.2
1_01_R_16082025070000.avi,13496,car,3,3103.909,24.7
1_01_R_16082025070000.avi,13521,motorcycle,1,3105.227,24.7
1_01_R_16082025070000.avi,13441,car,2,3106.636,4.7
1_01_R_16082025070000.avi,13527,car,2,3106.954,24.7
1_01_R_16082025070000.avi,13536,motorcycle,1,3109.045,24.7
1_01_R_16082025070000.avi,13463,car,2,3109.273,6.0
1_01_R_16082025070000.avi,13538,car,2,3109.864,24.7
1_01_R_16082025070000.avi,13559,motorcycle,1,3111.454,24.7
1_01_R_16082025070000.avi,13526,car,2,3112.0,4.7
1_01_R_16082025070000.avi,13583,motorcycle,1,3113.773,24.7
1_01_R_16082025070000.avi,13461,car,2,3114.318,4.7
1_01_R_16082025070000.avi,13591,motorcycle,1,3114.409,24.7
1_01_R_16082025070000.avi,13585,car,2,3114.636,18.9
1_01_R_16082025070000.avi,13595,car,2,3117.5,24.7
1_01_R_16082025070000.avi,13602,motorcycle,1,3118.5,24.7
1_01_R_16082025070000.avi,13605,motorcycle,1,3119.818,24.7
1_01_R_16082025070000.avi,13555,car,2,3123.273,4.7
1_01_R_16082025070000.avi,13539,car,2,3124.227,4.7
1_01_R_16082025070000.avi,13610,motorcycle,1,3125.227,24.7
1_01_R_16082025070000.avi,13611,car,2,3126.318,33.0
1_01_R_16082025070000.avi,13619,motorcycle,1,3127.409,24.7
1_01_R_16082025070000.avi,13618,car,2,3128.227,24.7
1_01_R_16082025070000.avi,13624,motorcycle,1,3128.954,24.7
1_01_R_16082025070000.avi,13634,motorcycle,1,3130.227,24.7
1_01_R_16082025070000.avi,13645,motorcycle,1,3131.364,24.7
1_01_R_16082025070000.avi,13650,motorcycle,1,3131.454,24.7
1_01_R_16082025070000.avi,13627,car,2,3133.0,12.8
1_01_R_16082025070000.avi,13657,motorcycle,1,3133.364,24.7
1_01_R_16082025070000.avi,13658,motorcycle,1,3134.318,24.7
1_01_R_16082025070000.avi,13668,motorcycle,1,3135.864,24.7
1_01_R_16082025070000.avi,13655,car,2,3136.182,4.7
1_01_R_16082025070000.avi,13678,motorcycle,1,3136.591,24.7
1_01_R_16082025070000.avi,13703,motorcycle,1,3141.227,24.7
1_01_R_16082025070000.avi,13697,motorcycle,1,3142.909,4.7
1_01_R_16082025070000.avi,13716,motorcycle,1,3144.0,24.7
1_01_R_16082025070000.avi,13661,car,2,3144.227,4.7
1_01_R_16082025070000.avi,13722,motorcycle,1,3145.909,24.7
1_01_R_16082025070000.avi,13718,car,2,3147.273,4.7
1_01_R_16082025070000.avi,13729,motorcycle,1,3147.636,24.7
1_01_R_16082025070000.avi,13736,motorcycle,1,3148.227,24.7
1_01_R_16082025070000.avi,13742,car,2,3150.409,22.0
1_01_R_16082025070000.avi,13753,motorcycle,1,3150.818,24.7
1_01_R_16082025070000.avi,13757,motorcycle,1,3151.864,24.7
1_01_R_16082025070000.avi,13750,motorcycle,1,3151.909,4.7
1_01_R_16082025070000.avi,13773,motorcycle,1,3152.864,24.7
1_01_R_16082025070000.avi,13756,motorcycle,1,3153.136,4.7
1_01_R_16082025070000.avi,13751,car,2,3153.954,4.7
1_01_R_16082025070000.avi,13771,motorcycle,1,3154.454,4.7
1_01_R_16082025070000.avi,13772,motorcycle,1,3154.454,4.7
1_01_R_16082025070000.avi,13775,car,3,3154.636,13.2
1_01_R_16082025070000.avi,13778,motorcycle,1,3155.545,24.7
1_01_R_16082025070000.avi,13780,motorcycle,1,3156.0,24.7
1_01_R_16082025070000.avi,13782,motorcycle,1,3156.545,24.7
1_01_R_16082025070000.avi,13764,car,2,3156.818,4.7
1_01_R_16082025070000.avi,13792,motorcycle,1,3157.5,24.7
1_01_R_16082025070000.avi,13791,motorcycle,1,3157.818,24.7
1_01_R_16082025070000.avi,13802,motorcycle,1,3158.182,24.7
1_01_R_16082025070000.avi,13806,motorcycle,1,3158.182,24.7
1_01_R_16082025070000.avi,13818,motorcycle,1,3159.182,24.7
1_01_R_16082025070000.avi,13823,car,2,3160.591,18.9
1_01_R_16082025070000.avi,13789,car,3,3161.954,4.7
1_01_R_16082025070000.avi,13885,car,2,3162.5,24.7
1_01_R_16082025070000.avi,13927,car,2,3164.318,24.7
1_01_R_16082025070000.avi,13901,motorcycle,1,3165.5,4.7
1_01_R_16082025070000.avi,13949,motorcycle,1,3165.682,24.7
1_01_R_16082025070000.avi,13951,motorcycle,1,3168.909,4.7
1_01_R_16082025070000.avi,13934,motorcycle,1,3169.773,4.7
1_01_R_16082025070000.avi,13986,motorcycle,1,3171.636,24.7
1_01_R_16082025070000.avi,13965,car,2,3172.136,4.7
1_01_R_16082025070000.avi,13975,car,2,3174.591,4.7
1_01_R_16082025070000.avi,14035,car,3,3178.318,15.8
1_01_R_16082025070000.avi,14007,truck,6,3178.546,4.7
1_01_R_16082025070000.avi,14061,truck,6,3179.864,15.8
1_01_R_16082025070000.avi,14047,car,2,3182.682,4.7
1_01_R_16082025070000.avi,14121,motorcycle,1,3183.591,24.7
1_01_R_16082025070000.avi,14079,car,2,3184.364,4.7
1_01_R_16082025070000.avi,14063,car,2,3184.818,4.7
1_01_R_16082025070000.avi,14080,car,2,3186.682,4.7
1_01_R_16082025070000.avi,14151,car,2,3188.682,24.7
1_01_R_16082025070000.avi,14168,car,2,3191.227,24.7
1_01_R_16082025070000.avi,14197,car,2,3194.591,17.2
1_01_R_16082025070000.avi,14145,car,2,3197.636,4.7
1_01_R_16082025070000.avi,14240,car,3,3199.636,15.2
1_01_R_16082025070000.avi,14257,car,2,3200.682,24.7
1_01_R_16082025070000.avi,14266,car,2,3202.227,24.7
1_01_R_16082025070000.avi,14282,car,2,3203.591,24.7
1_01_R_16082025070000.avi,14258,car,3,3203.727,33.0
1_01_R_16082025070000.avi,14299,car,2,3205.091,24.7
1_01_R_16082025070000.avi,14298,motorcycle,1,3205.273,24.7
1_01_R_16082025070000.avi,14323,motorcycle,1,3207.045,24.7
1_01_R_16082025070000.avi,14324,car,2,3207.454,24.7
1_01_R_16082025070000.avi,14348,car,2,3208.909,24.7
1_01_R_16082025070000.avi,14361,car,2,3210.5,24.7
1_01_R_16082025070000.avi,14369,motorcycle,1,3210.5,24.7
1_01_R_16082025070000.avi,14382,motorcycle,1,3212.045,24.7
1_01_R_16082025070000.avi,14388,motorcycle,1,3212.591,24.7
1_01_R_16082025070000.avi,14400,motorcycle,1,3214.0,24.7
1_01_R_16082025070000.avi,14401,motorcycle,1,3214.227,24.7
1_01_R_16082025070000.avi,14405,motorcycle,1,3215.273,24.7
1_01_R_16082025070000.avi,14412,motorcycle,1,3216.227,24.7
1_01_R_16082025070000.avi,14368,car,2,3217.546,4.7
1_01_R_16082025070000.avi,14423,car,3,3218.364,19.8
1_01_R_16082025070000.avi,14293,car,2,3219.409,4.7
1_01_R_16082025070000.avi,14437,car,2,3220.454,22.0
1_01_R_16082025070000.avi,14260,car,2,3222.818,7.9
1_01_R_16082025070000.avi,14458,car,2,3223.0,18.9
1_01_R_16082025070000.avi,14507,motorcycle,1,3226.0,24.7
1_01_R_16082025070000.avi,14510,car,2,3226.227,24.7
1_01_R_16082025070000.avi,14284,car,2,3227.091,6.1
1_01_R_16082025070000.avi,14545,car,2,3228.591,24.7
1_01_R_16082025070000.avi,14559,motorcycle,1,3229.636,24.7
1_01_R_16082025070000.avi,14571,car,2,3231.545,24.7
1_01_R_16082025070000.avi,14436,car,2,3232.046,4.7
1_01_R_16082025070000.avi,14578,car,2,3232.591,19.8
1_01_R_16082025070000.avi,14438,car,2,3235.727,4.7
1_01_R_16082025070000.avi,14611,motorcycle,1,3236.636,24.7
1_01_R_16082025070000.avi,14616,truck,6,3237.454,4.7
1_01_R_16082025070000.avi,14584,truck,4,3248.227,4.7
1_01_R_16082025070000.avi,14591,car,3,3248.364,4.7
1_01_R_16082025070000.avi,14776,car,2,3253.454,3.7
1_01_R_16082025070000.avi,14692,car,2,3255.136,4.7
1_01_R_16082025070000.avi,14739,car,2,3256.409,4.7
1_01_R_16082025070000.avi,14745,car,2,3259.0,4.7
1_01_R_16082025070000.avi,14870,truck,6,3260.136,13.7
1_01_R_16082025070000.avi,14795,car,2,3262.954,4.7
1_01_R_16082025070000.avi,14935,car,2,3266.136,24.7
1_01_R_16082025070000.avi,14961,motorcycle,1,3270.318,24.7
1_01_R_16082025070000.avi,14968,motorcycle,1,3271.5,24.7
1_01_R_16082025070000.avi,14882,car,2,3275.591,4.7
1_01_R_16082025070000.avi,15014,motorcycle,1,3280.727,24.7
1_01_R_16082025070000.avi,15016,motorcycle,1,3281.954,24.7
1_01_R_16082025070000.avi,15024,car,2,3283.0,22.0
1_01_R_16082025070000.avi,15009,car,2,3285.273,4.7
1_01_R_16082025070000.avi,15035,car,2,3286.227,26.4
1_01_R_16082025070000.avi,15006,car,2,3288.091,3.8
1_01_R_16082025070000.avi,15057,motorcycle,1,3289.0,24.7
1_01_R_16082025070000.avi,15060,motorcycle,1,3289.409,24.7
1_01_R_16082025070000.avi,14981,car,3,3289.954,4.7
1_01_R_16082025070000.avi,15078,motorcycle,1,3291.682,30.5
1_01_R_16082025070000.avi,15027,car,2,3293.682,4.7
1_01_R_16082025070000.avi,15113,motorcycle,1,3295.273,24.7
1_01_R_16082025070000.avi,15112,motorcycle,1,3297.0,198.0
1_01_R_16082025070000.avi,15124,motorcycle,1,3298.091,24.7
1_01_R_16082025070000.avi,15125,motorcycle,1,3298.318,24.7
1_01_R_16082025070000.avi,15128,motorcycle,1,3299.818,24.7
1_01_R_16082025070000.avi,15131,motorcycle,1,3301.182,24.7
1_01_R_16082025070000.avi,15132,motorcycle,1,3301.182,24.7
1_01_R_16082025070000.avi,15133,motorcycle,1,3301.545,24.7
1_01_R_16082025070000.avi,15134,motorcycle,1,3302.318,24.7
1_01_R_16082025070000.avi,15074,car,2,3303.0,4.7
1_01_R_16082025070000.avi,15136,car,2,3303.909,24.7
1_01_R_16082025070000.avi,15144,motorcycle,1,3306.591,24.7
1_01_R_16082025070000.avi,15141,car,2,3307.636,19.8
1_01_R_16082025070000.avi,15145,motorcycle,1,3308.364,24.7
1_01_R_16082025070000.avi,15147,motorcycle,1,3309.227,24.7
1_01_R_16082025070000.avi,15146,motorcycle,1,3309.545,24.7
1_01_R_16082025070000.avi,15121,car,2,3309.591,4.7
1_01_R_16082025070000.avi,15148,car,2,3310.5,22.0
1_01_R_16082025070000.avi,15151,motorcycle,1,3310.636,24.7
1_01_R_16082025070000.avi,15152,motorcycle,1,3311.818,23.3
1_01_R_16082025070000.avi,15154,car,2,3312.5,24.7
1_01_R_16082025070000.avi,15163,motorcycle,1,3312.591,24.7
1_01_R_16082025070000.avi,15170,motorcycle,1,3314.5,24.7
1_01_R_16082025070000.avi,15169,car,2,3314.682,19.8
1_01_R_16082025070000.avi,15174,car,2,3316.273,19.8
1_01_R_16082025070000.avi,15180,car,2,3317.318,20.8
1_01_R_16082025070000.avi,15191,car,2,3319.409,23.3
1_01_R_16082025070000.avi,15205,motorcycle,1,3320.818,23.3
1_01_R_16082025070000.avi,15185,motorcycle,1,3320.909,4.7
1_01_R_16082025070000.avi,15220,car,2,3324.182,16.5
1_01_R_16082025070000.avi,15223,motorcycle,1,3324.5,24.7
1_01_R_16082025070000.avi,15231,motorcycle,1,3324.818,24.7
1_01_R_16082025070000.avi,15214,motorcycle,1,3325.136,4.7
1_01_R_16082025070000.avi,15232,motorcycle,1,3325.182,24.7
1_01_R_16082025070000.avi,15218,motorcycle,1,3325.727,14.7
1_01_R_16082025070000.avi,15201,car,3,3325.954,4.7
1_01_R_16082025070000.avi,15233,motorcycle,1,3326.136,24.7
1_01_R_16082025070000.avi,15234,motorcycle,1,3326.591,24.7
1_01_R_16082025070000.avi,15247,motorcycle,1,3326.864,24.7
1_01_R_16082025070000.avi,15225,motorcycle,1,3327.909,4.7
1_01_R_16082025070000.avi,15245,motorcycle,1,3329.727,4.7
1_01_R_16082025070000.avi,15260,motorcycle,1,3330.273,24.7
1_01_R_16082025070000.avi,15261,car,2,3330.454,17.2
1_01_R_16082025070000.avi,15253,motorcycle,1,3330.909,4.7
1_01_R_16082025070000.avi,15265,motorcycle,1,3331.0,24.7
1_01_R_16082025070000.avi,15275,motorcycle,1,3331.909,24.7
1_01_R_16082025070000.avi,15256,motorcycle,1,3332.091,4.7
1_01_R_16082025070000.avi,15272,motorcycle,1,3332.091,24.7
1_01_R_16082025070000.avi,15279,motorcycle,1,3332.818,24.7
1_01_R_16082025070000.avi,15263,motorcycle,1,3333.454,4.7
1_01_R_16082025070000.avi,15283,car,2,3333.818,24.7
1_01_R_16082025070000.avi,15291,motorcycle,1,3333.818,24.7
1_01_R_16082025070000.avi,15271,motorcycle,1,3334.227,4.7
1_01_R_16082025070000.avi,15277,motorcycle,1,3334.273,4.7
1_01_R_16082025070000.avi,15301,motorcycle,1,3334.818,24.7
1_01_R_16082025070000.avi,15286,motorcycle,1,3335.546,4.7
1_01_R_16082025070000.avi,15305,car,2,3335.954,24.7
1_01_R_16082025070000.avi,15327,motorcycle,1,3337.091,24.7
1_01_R_16082025070000.avi,15299,motorcycle,1,3337.136,4.7
1_01_R_16082025070000.avi,15295,motorcycle,1,3337.182,4.7
1_01_R_16082025070000.avi,15300,motorcycle,1,3337.273,4.7
1_01_R_16082025070000.avi,15328,motorcycle,1,3337.864,24.7
1_01_R_16082025070000.avi,15303,motorcycle,1,3338.046,4.7
1_01_R_16082025070000.avi,15337,motorcycle,1,3338.091,24.7
1_01_R_16082025070000.avi,15338,motorcycle,1,3338.318,24.7
1_01_R_16082025070000.avi,15310,motorcycle,1,3338.773,4.7
1_01_R_16082025070000.avi,15349,motorcycle,1,3339.682,24.7
1_01_R_16082025070000.avi,15357,motorcycle,1,3340.318,24.7
1_01_R_16082025070000.avi,15361,motorcycle,1,3340.5,24.7
1_01_R_16082025070000.avi,15353,car,2,3342.818,17.2
1_01_R_16082025070000.avi,15364,motorcycle,1,3343.227,26.4
1_01_R_16082025070000.avi,15359,motorcycle,1,3343.273,4.7
1_01_R_16082025070000.avi,15374,motorcycle,1,3344.136,4.7
1_01_R_16082025070000.avi,15370,car,2,3344.682,16.5
1_01_R_16082025070000.avi,15387,motorcycle,1,3345.136,24.7
1_01_R_16082025070000.avi,15379,motorcycle,1,3345.227,4.7
1_01_R_16082025070000.avi,15381,motorcycle,1,3345.227,4.7
1_01_R_16082025070000.avi,15385,motorcycle,1,3346.909,4.7
1_01_R_16082025070000.avi,15383,car,2,3347.182,13.7
1_01_R_16082025070000.avi,15389,motorcycle,1,3347.864,4.7
1_01_R_16082025070000.avi,15394,motorcycle,1,3349.046,4.7
1_01_R_16082025070000.avi,15403,car,2,3349.954,17.2
1_01_R_16082025070000.avi,15397,motorcycle,1,3350.182,4.7
1_01_R_16082025070000.avi,15426,motorcycle,1,3351.5,19.8
1_01_R_16082025070000.avi,15405,motorcycle,1,3352.136,4.7
1_01_R_16082025070000.avi,15400,car,2,3352.273,13.2
1_01_R_16082025070000.avi,15425,car,3,3352.409,15.2
1_01_R_16082025070000.avi,15444,motorcycle,1,3353.273,24.7
1_01_R_16082025070000.avi,15446,motorcycle,1,3353.864,24.7
1_01_R_16082025070000.avi,15413,car,2,3354.318,14.1
1_01_R_16082025070000.avi,15451,motorcycle,1,3354.5,24.7
1_01_R_16082025070000.avi,15449,car,2,3355.591,24.7
1_01_R_16082025070000.avi,15443,motorcycle,1,3356.227,4.7
1_01_R_16082025070000.avi,15435,car,2,3356.273,4.7
1_01_R_16082025070000.avi,15454,motorcycle,1,3357.636,4.7
1_01_R_16082025070000.avi,15485,motorcycle,1,3358.273,24.7
1_01_R_16082025070000.avi,15442,car,2,3358.364,4.7
1_01_R_16082025070000.avi,15488,motorcycle,1,3358.818,24.7
1_01_R_16082025070000.avi,15482,car,3,3359.954,39.6
1_01_R_16082025070000.avi,15507,car,3,3360.364,8.8
1_01_R_16082025070000.avi,15513,car,2,3361.954,30.5
1_01_R_16082025070000.avi,15484,car,2,3362.954,9.2
1_01_R_16082025070000.avi,15521,car,2,3362.954,19.8
1_01_R_16082025070000.avi,15518,car,3,3363.318,9.9
1_01_R_16082025070000.avi,15530,car,2,3364.5,15.2
1_01_R_16082025070000.avi,15542,car,2,3366.954,6.9
1_01_R_16082025070000.avi,15553,motorcycle,1,3367.273,24.7
1_01_R_16082025070000.avi,15550,car,2,3367.682,24.7
1_01_R_16082025070000.avi,15560,car,2,3369.273,30.5
1_01_R_16082025070000.avi,15544,motorcycle,1,3369.682,4.7
1_01_R_16082025070000.avi,15531,car,2,3369.864,8.2
1_01_R_16082025070000.avi,15579,car,2,3371.364,14.7
1_01_R_16082025070000.avi,15584,car,2,3371.454,11.0
1_01_R_16082025070000.avi,15557,car,2,3373.318,4.7
1_01_R_16082025070000.avi,15600,car,2,3375.0,12.8
1_01_R_16082025070000.avi,15621,car,2,3376.591,14.7
1_01_R_16082025070000.avi,15643,motorcycle,1,3378.773,24.7
1_01_R_16082025070000.avi,15639,car,2,3379.046,14.7
1_01_R_16082025070000.avi,15586,car,2,3379.454,5.4
1_01_R_16082025070000.avi,15669,motorcycle,1,3380.636,24.7
1_01_R_16082025070000.avi,15666,car,2,3380.909,19.8
1_01_R_16082025070000.avi,15623,car,2,3382.591,4.7
1_01_R_16082025070000.avi,15684,car,2,3383.454,18.9
1_01_R_16082025070000.avi,15674,motorcycle,1,3385.227,4.7
1_01_R_16082025070000.avi,15714,car,2,3385.727,17.2
1_01_R_16082025070000.avi,15723,car,2,3387.682,20.8
1_01_R_16082025070000.avi,15663,car,3,3389.364,4.7
1_01_R_16082025070000.avi,15670,car,2,3389.5,4.7
1_01_R_16082025070000.avi,15734,motorcycle,1,3390.227,24.7
1_01_R_16082025070000.avi,15728,motorcycle,1,3391.364,4.7
1_01_R_16082025070000.avi,15736,car,2,3391.682,19.8
1_01_R_16082025070000.avi,15743,motorcycle,1,3391.682,24.7
1_01_R_16082025070000.avi,15693,car,2,3392.182,4.7
1_01_R_16082025070000.avi,15750,motorcycle,1,3392.636,24.7
1_01_R_16082025070000.avi,15756,motorcycle,1,3393.818,24.7
1_01_R_16082025070000.avi,15764,motorcycle,1,3394.318,24.7
1_01_R_16082025070000.avi,15754,motorcycle,1,3394.682,4.7
1_01_R_16082025070000.avi,15724,car,2,3395.318,4.7
1_01_R_16082025070000.avi,15799,motorcycle,1,3396.545,24.7
1_01_R_16082025070000.avi,15803,motorcycle,1,3397.273,24.7
1_01_R_16082025070000.avi,15809,motorcycle,1,3399.773,24.7
1_01_R_16082025070000.avi,15818,car,3,3401.636,12.8
1_01_R_16082025070000.avi,15839,motorcycle,1,3404.091,4.7
1_01_R_16082025070000.avi,15848,motorcycle,1,3404.454,24.7
1_01_R_16082025070000.avi,15894,motorcycle,1,3408.909,24.7
1_01_R_16082025070000.avi,15896,motorcycle,1,3409.5,24.7
1_01_R_16082025070000.avi,15916,motorcycle,1,3411.318,24.7
1_01_R_16082025070000.avi,15928,motorcycle,1,3412.454,24.7
1_01_R_16082025070000.avi,15938,motorcycle,1,3413.5,24.7
1_01_R_16082025070000.avi,15813,car,2,3413.546,4.7
1_01_R_16082025070000.avi,15949,motorcycle,1,3414.273,24.7
1_01_R_16082025070000.avi,15943,motorcycle,1,3414.636,24.7
1_01_R_16082025070000.avi,15733,car,2,3416.0,6.1
1_01_R_16082025070000.avi,15797,car,2,3416.727,4.7
1_01_R_16082025070000.avi,15985,car,2,3417.954,14.1
1_01_R_16082025070000.avi,16009,motorcycle,1,3418.636,24.7
1_01_R_16082025070000.avi,16020,motorcycle,1,3419.864,24.7
1_01_R_16082025070000.avi,15753,car,2,3420.136,6.9
1_01_R_16082025070000.avi,16021,motorcycle,1,3420.409,24.7
1_01_R_16082025070000.avi,15828,car,2,3420.773,4.7
1_01_R_16082025070000.avi,16028,motorcycle,1,3421.0,24.7
1_01_R_16082025070000.avi,16027,car,2,3421.409,24.7
1_01_R_16082025070000.avi,15782,car,2,3423.136,4.7
1_01_R_16082025070000.avi,16040,motorcycle,1,3423.227,24.7
1_01_R_16082025070000.avi,16033,car,2,3423.818,4.7
1_01_R_16082025070000.avi,16063,motorcycle,1,3426.364,24.7
1_01_R_16082025070000.avi,15812,car,3,3426.591,4.7
1_01_R_16082025070000.avi,16064,car,2,3426.591,24.7
1_01_R_16082025070000.avi,16010,car,2,3427.636,4.7
1_01_R_16082025070000.avi,16071,truck,6,3428.273,24.7
1_01_R_16082025070000.avi,16035,car,2,3429.591,4.7
1_01_R_16082025070000.avi,16016,car,2,3429.773,4.7
1_01_R_16082025070000.avi,16082,motorcycle,1,3429.954,24.7
1_01_R_16082025070000.avi,16088,car,3,3430.545,24.7
1_01_R_16082025070000.avi,16079,motorcycle,1,3430.591,24.7
1_01_R_16082025070000.avi,16089,car,2,3431.273,24.7
1_01_R_16082025070000.avi,16096,motorcycle,1,3432.318,24.7
1_01_R_16082025070000.avi,16054,car,2,3432.864,4.7
1_01_R_16082025070000.avi,16061,car,2,3433.0,4.7
1_01_R_16082025070000.avi,16101,motorcycle,1,3433.182,24.7
1_01_R_16082025070000.avi,16107,motorcycle,1,3434.045,24.7
1_01_R_16082025070000.avi,16103,car,2,3434.636,14.7
1_01_R_16082025070000.avi,16111,motorcycle,1,3434.909,24.7
1_01_R_16082025070000.avi,16112,motorcycle,1,3435.364,24.7
1_01_R_16082025070000.avi,16113,car,2,3436.546,15.8
1_01_R_16082025070000.avi,16066,car,2,3436.954,6.1
1_01_R_16082025070000.avi,16076,car,3,3437.909,5.3
1_01_R_16082025070000.avi,16123,car,2,3437.909,15.8
1_01_R_16082025070000.avi,16133,motorcycle,1,3438.364,24.7
1_01_R_16082025070000.avi,16128,motorcycle,1,3440.136,4.7
1_01_R_16082025070000.avi,16081,car,2,3440.773,4.7
1_01_R_16082025070000.avi,16152,car,2,3442.409,22.0
1_01_R_16082025070000.avi,16154,car,2,3443.773,15.8
1_01_R_16082025070000.avi,16097,car,2,3444.136,5.8
1_01_R_16082025070000.avi,16162,motorcycle,1,3446.682,23.3
1_01_R_16082025070000.avi,16168,motorcycle,1,3447.091,24.7
1_01_R_16082025070000.avi,16159,motorcycle,1,3447.682,4.7
1_01_R_16082025070000.avi,16172,motorcycle,1,3448.454,26.4
1_01_R_16082025070000.avi,16153,car,2,3448.5,4.7
1_01_R_16082025070000.avi,16165,car,2,3449.046,12.8
1_01_R_16082025070000.avi,16176,car,2,3449.273,24.7
1_01_R_16082025070000.avi,16182,car,2,3451.182,23.3
1_01_R_16082025070000.avi,16160,car,2,3451.636,4.7
1_01_R_16082025070000.avi,16199,car,2,3452.182,23.3
1_01_R_16082025070000.avi,16170,car,2,3453.818,7.9
1_01_R_16082025070000.avi,16239,motorcycle,1,3455.727,24.7
1_01_R_16082025070000.avi,16246,car,2,3456.364,24.7
1_01_R_16082025070000.avi,16213,motorcycle,1,3456.818,4.7
1_01_R_16082025070000.avi,16257,motorcycle,1,3457.545,24.7
1_01_R_16082025070000.avi,16260,motorcycle,1,3457.864,24.7
1_01_R_16082025070000.avi,16180,truck,4,3457.954,4.7
1_01_R_16082025070000.avi,16264,car,2,3459.182,20.8
1_01_R_16082025070000.avi,16271,motorcycle,1,3460.318,24.7
1_01_R_16082025070000.avi,16270,motorcycle,1,3460.364,24.7
1_01_R_16082025070000.avi,16272,motorcycle,1,3461.227,24.7
1_01_R_16082025070000.avi,16283,motorcycle,1,3462.545,24.7
1_01_R_16082025070000.avi,16281,motorcycle,1,3462.727,24.7
1_01_R_16082025070000.avi,16286,motorcycle,1,3463.682,24.7
1_01_R_16082025070000.avi,16292,motorcycle,1,3464.454,24.7
1_01_R_16082025070000.avi,16276,motorcycle,1,3464.636,4.7
1_01_R_16082025070000.avi,16293,motorcycle,1,3464.818,24.7
1_01_R_16082025070000.avi,16226,car,2,3465.364,4.7
1_01_R_16082025070000.avi,16296,motorcycle,1,3466.045,24.7
1_01_R_16082025070000.avi,16298,car,2,3466.546,17.2
1_01_R_16082025070000.avi,16305,motorcycle,1,3467.954,24.7
1_01_R_16082025070000.avi,16302,car,2,3468.182,24.7
1_01_R_16082025070000.avi,16307,motorcycle,1,3469.136,24.7
1_01_R_16082025070000.avi,16312,motorcycle,1,3470.227,24.7
1_01_R_16082025070000.avi,16310,car,2,3470.864,24.7
1_01_R_16082025070000.avi,16317,motorcycle,1,3470.864,24.7
1_01_R_16082025070000.avi,16327,motorcycle,1,3472.0,22.0
1_01_R_16082025070000.avi,16322,motorcycle,1,3472.636,24.7
1_01_R_16082025070000.avi,16269,car,2,3473.136,4.7
1_01_R_16082025070000.avi,16319,motorcycle,1,3473.364,4.7
1_01_R_16082025070000.avi,16341,motorcycle,1,3474.546,19.8
1_01_R_16082025070000.avi,16350,car,2,3475.864,23.3
1_01_R_16082025070000.avi,16359,motorcycle,1,3476.954,24.7
1_01_R_16082025070000.avi,16361,motorcycle,1,3477.0,24.7
1_01_R_16082025070000.avi,16348,motorcycle,1,3477.909,4.7
1_01_R_16082025070000.avi,16366,motorcycle,1,3478.136,23.3
1_01_R_16082025070000.avi,16365,truck,6,3478.409,19.8
1_01_R_16082025070000.avi,16354,car,3,3479.818,11.6
1_01_R_16082025070000.avi,16370,car,2,3479.818,22.0
1_01_R_16082025070000.avi,16385,motorcycle,1,3481.409,24.7
1_01_R_16082025070000.avi,16381,motorcycle,1,3481.682,24.7
1_01_R_16082025070000.avi,16386,car,2,3485.409,19.8
1_01_R_16082025070000.avi,16394,car,2,3485.454,28.3
1_01_R_16082025070000.avi,16389,motorcycle,1,3485.864,4.7
1_01_R_16082025070000.avi,16391,motorcycle,1,3486.546,4.7
1_01_R_16082025070000.avi,16402,car,2,3486.591,20.8
1_01_R_16082025070000.avi,16403,motorcycle,1,3487.273,22.0
1_01_R_16082025070000.avi,16398,motorcycle,1,3487.318,4.7
1_01_R_16082025070000.avi,16397,motorcycle,1,3488.0,4.7
1_01_R_16082025070000.avi,16411,motorcycle,1,3488.364,20.8
1_01_R_16082025070000.avi,16405,motorcycle,1,3488.773,4.7
1_01_R_16082025070000.avi,16407,motorcycle,1,3489.364,4.7
1_01_R_16082025070000.avi,16410,motorcycle,1,3489.591,4.7
1_01_R_16082025070000.avi,16418,motorcycle,1,3489.591,24.7
1_01_R_16082025070000.avi,16421,motorcycle,1,3490.409,4.7
1_01_R_16082025070000.avi,16415,motorcycle,1,3490.546,4.7
1_01_R_16082025070000.avi,16377,car,3,3490.591,7.6
1_01_R_16082025070000.avi,16416,motorcycle,1,3491.136,4.7
1_01_R_16082025070000.avi,16420,motorcycle,1,3491.954,4.7
1_01_R_16082025070000.avi,16426,car,2,3492.046,22.0
1_01_R_16082025070000.avi,16424,motorcycle,1,3492.909,4.7
1_01_R_16082025070000.avi,16425,motorcycle,1,3493.273,4.7
1_01_R_16082025070000.avi,16434,motorcycle,1,3493.318,24.7
1_01_R_16082025070000.avi,16444,motorcycle,1,3493.909,24.7
1_01_R_16082025070000.avi,16427,motorcycle,1,3494.318,4.7
1_01_R_16082025070000.avi,16448,motorcycle,1,3494.318,24.7
1_01_R_16082025070000.avi,16449,motorcycle,1,3494.364,24.7
1_01_R_16082025070000.avi,16455,motorcycle,1,3495.454,4.7
1_01_R_16082025070000.avi,16459,motorcycle,1,3495.773,18.9
1_01_R_16082025070000.avi,16436,motorcycle,1,3495.909,4.7
1_01_R_16082025070000.avi,16470,motorcycle,1,3496.045,24.7
1_01_R_16082025070000.avi,16446,motorcycle,1,3496.818,4.7
1_01_R_16082025070000.avi,16458,motorcycle,1,3497.773,4.7
1_01_R_16082025070000.avi,16465,motorcycle,1,3498.091,4.7
1_01_R_16082025070000.avi,16469,motorcycle,1,3498.364,4.7
1_01_R_16082025070000.avi,16478,motorcycle,1,3499.091,4.7
1_01_R_16082025070000.avi,16475,motorcycle,1,3499.182,4.7
1_01_R_16082025070000.avi,16482,motorcycle,1,3499.682,4.7
1_01_R_16082025070000.avi,16480,motorcycle,1,3499.773,4.7
1_01_R_16082025070000.avi,16481,motorcycle,1,3500.091,4.7
1_01_R_16082025070000.avi,16490,car,2,3500.227,22.0
1_01_R_16082025070000.avi,16485,motorcycle,1,3500.409,4.7
1_01_R_16082025070000.avi,16489,motorcycle,1,3501.454,4.7
1_01_R_16082025070000.avi,16493,car,3,3501.546,11.6
1_01_R_16082025070000.avi,16488,motorcycle,1,3501.773,4.7
1_01_R_16082025070000.avi,16495,motorcycle,1,3501.909,23.3
1_01_R_16082025070000.avi,16497,car,2,3502.864,19.8
1_01_R_16082025070000.avi,16494,motorcycle,1,3503.909,4.7
1_01_R_16082025070000.avi,16501,car,2,3504.682,19.8
1_01_R_16082025070000.avi,16498,motorcycle,1,3504.954,4.7
1_01_R_16082025070000.avi,16496,motorcycle,1,3505.0,4.7
1_01_R_16082025070000.avi,16499,motorcycle,1,3506.227,4.7
1_01_R_16082025070000.avi,16508,motorcycle,1,3506.409,24.7
1_01_R_16082025070000.avi,16502,motorcycle,1,3506.636,4.7
1_01_R_16082025070000.avi,16512,motorcycle,1,3507.227,24.7
1_01_R_16082025070000.avi,16511,car,2,3508.227,20.8
1_01_R_16082025070000.avi,16509,motorcycle,1,3508.454,4.7
1_01_R_16082025070000.avi,16515,motorcycle,1,3509.182,4.7
1_01_R_16082025070000.avi,16527,truck,6,3509.818,22.0
1_01_R_16082025070000.avi,16518,motorcycle,1,3510.773,4.7
1_01_R_16082025070000.avi,16542,motorcycle,1,3510.818,24.7
1_01_R_16082025070000.avi,16516,car,2,3511.046,20.8
1_01_R_16082025070000.avi,16545,motorcycle,1,3511.5,24.7
1_01_R_16082025070000.avi,16526,motorcycle,1,3512.591,4.7
1_01_R_16082025070000.avi,16538,motorcycle,1,3513.454,4.7
1_01_R_16082025070000.avi,16543,motorcycle,1,3513.5,4.7
1_01_R_16082025070000.avi,16539,motorcycle,1,3513.727,4.7
1_01_R_16082025070000.avi,16555,motorcycle,1,3514.5,24.7
1_01_R_16082025070000.avi,16553,car,2,3514.636,18.9
1_01_R_16082025070000.avi,16559,motorcycle,1,3516.818,22.0
1_01_R_16082025070000.avi,16554,car,2,3517.864,15.8
1_01_R_16082025070000.avi,16560,car,2,3520.182,18.0
1_01_R_16082025070000.avi,16558,car,3,3520.636,4.7
1_01_R_16082025070000.avi,16561,car,2,3521.636,4.7
1_01_R_16082025070000.avi,16562,motorcycle,1,3521.727,4.7
1_01_R_16082025070000.avi,16578,motorcycle,1,3522.136,24.7
1_01_R_16082025070000.avi,16576,motorcycle,1,3524.182,4.7
1_01_R_16082025070000.avi,16588,motorcycle,1,3525.227,24.7
1_01_R_16082025070000.avi,16579,car,2,3525.773,13.2
1_01_R_16082025070000.avi,16584,car,2,3526.454,16.5
1_01_R_16082025070000.avi,16597,motorcycle,1,3527.818,19.8
1_01_R_16082025070000.avi,16590,car,2,3528.364,17.2
1_01_R_16082025070000.avi,16601,motorcycle,1,3528.364,24.7
1_01_R_16082025070000.avi,16599,motorcycle,1,3530.318,4.7
1_01_R_16082025070000.avi,16613,car,2,3530.636,22.0
1_01_R_16082025070000.avi,16598,car,2,3530.773,4.7
1_01_R_16082025070000.avi,16617,motorcycle,1,3530.818,24.7
1_01_R_16082025070000.avi,16607,motorcycle,1,3531.591,4.7
1_01_R_16082025070000.avi,16610,motorcycle,1,3532.273,4.7
1_01_R_16082025070000.avi,16629,car,2,3532.364,24.7
1_01_R_16082025070000.avi,16627,motorcycle,1,3532.454,24.7
1_01_R_16082025070000.avi,16636,car,2,3534.273,19.8
1_01_R_16082025070000.avi,16616,truck,6,3534.318,4.7
1_01_R_16082025070000.avi,16648,motorcycle,1,3536.909,24.7
1_01_R_16082025070000.avi,16646,car,2,3536.954,17.2
1_01_R_16082025070000.avi,16647,motorcycle,1,3536.954,24.7
1_01_R_16082025070000.avi,16654,motorcycle,1,3538.409,24.7
1_01_R_16082025070000.avi,16642,car,2,3538.773,16.5
1_01_R_16082025070000.avi,16661,car,2,3538.909,24.7
1_01_R_16082025070000.avi,16677,motorcycle,1,3540.045,24.7
1_01_R_16082025070000.avi,16688,motorcycle,1,3540.773,24.7
1_01_R_16082025070000.avi,16650,car,2,3540.818,4.7
1_01_R_16082025070000.avi,16653,car,2,3541.546,4.7
1_01_R_16082025070000.avi,16686,motorcycle,1,3541.818,4.7
1_01_R_16082025070000.avi,16672,car,2,3542.773,4.7
1_01_R_16082025070000.avi,16708,motorcycle,1,3543.0,24.7
1_01_R_16082025070000.avi,16707,car,2,3543.091,26.4
1_01_R_16082025070000.avi,16679,car,2,3543.409,16.5
1_01_R_16082025070000.avi,16716,car,2,3544.682,23.3
1_01_R_16082025070000.avi,16697,car,2,3545.364,4.7
1_01_R_16082025070000.avi,16712,motorcycle,1,3545.773,4.7
1_01_R_16082025070000.avi,16735,car,2,3546.546,20.8
1_01_R_16082025070000.avi,16741,motorcycle,1,3546.591,24.7
1_01_R_16082025070000.avi,16750,motorcycle,1,3547.682,22.0
1_01_R_16082025070000.avi,16733,car,2,3549.454,12.0
1_01_R_16082025070000.avi,16767,motorcycle,1,3549.5,24.7
1_01_R_16082025070000.avi,16778,motorcycle,1,3551.0,24.7
1_01_R_16082025070000.avi,16782,motorcycle,1,3551.273,24.7
1_01_R_16082025070000.avi,16753,car,2,3551.364,12.0
1_01_R_16082025070000.avi,16762,car,2,3552.318,4.7
1_01_R_16082025070000.avi,16788,car,2,3552.454,20.8
1_01_R_16082025070000.avi,16775,motorcycle,1,3552.909,4.7
1_01_R_16082025070000.avi,16795,motorcycle,1,3553.227,24.7
1_01_R_16082025070000.avi,16794,motorcycle,1,3553.5,24.7
1_01_R_16082025070000.avi,16776,car,3,3553.864,4.7
1_01_R_16082025070000.avi,16802,motorcycle,1,3554.045,24.7
1_01_R_16082025070000.avi,16803,motorcycle,1,3554.045,24.7
1_01_R_16082025070000.avi,16787,car,2,3555.182,4.7
1_01_R_16082025070000.avi,16816,motorcycle,1,3555.954,24.7
1_01_R_16082025070000.avi,16821,motorcycle,1,3556.909,19.8
1_01_R_16082025070000.avi,16798,car,2,3557.636,4.7
1_01_R_16082025070000.avi,16833,truck,6,3558.046,23.3
1_01_R_16082025070000.avi,16810,motorcycle,1,3558.136,4.7
1_01_R_16082025070000.avi,16837,truck,6,3558.954,17.2
1_01_R_16082025070000.avi,16847,motorcycle,1,3559.0,24.7
1_01_R_16082025070000.avi,16858,car,2,3560.954,26.4
1_01_R_16082025070000.avi,16860,motorcycle,1,3562.227,4.7
1_01_R_16082025070000.avi,16878,motorcycle,1,3565.091,4.7
1_01_R_16082025070000.avi,16901,motorcycle,1,3565.727,24.7
1_01_R_16082025070000.avi,16893,motorcycle,1,3566.091,24.7
1_01_R_16082025070000.avi,16911,motorcycle,1,3566.864,24.7
1_01_R_16082025070000.avi,16924,motorcycle,1,3568.227,24.7
1_01_R_16082025070000.avi,16886,car,2,3569.0,6.4
1_01_R_16082025070000.avi,16941,motorcycle,1,3571.182,24.7
1_01_R_16082025070000.avi,16944,motorcycle,1,3573.454,24.7
1_01_R_16082025070000.avi,16920,truck,4,3573.818,4.7
1_01_R_16082025070000.avi,16946,car,2,3574.545,24.7
1_01_R_16082025070000.avi,16955,car,2,3577.364,22.0
1_01_R_16082025070000.avi,16939,car,2,3577.636,5.0
1_01_R_16082025070000.avi,16963,motorcycle,1,3580.364,23.3
1_01_R_16082025070000.avi,16969,motorcycle,1,3581.318,4.7
1_01_R_16082025070000.avi,16973,motorcycle,1,3581.591,24.7
1_01_R_16082025070000.avi,16989,motorcycle,1,3582.318,24.7
1_01_R_16082025070000.avi,16961,motorcycle,1,3582.682,4.7
1_01_R_16082025070000.avi,16998,motorcycle,1,3584.727,19.8
1_01_R_16082025070000.avi,16960,car,2,3584.773,4.7
1_01_R_16082025070000.avi,17004,motorcycle,1,3585.636,24.7
1_01_R_16082025070000.avi,17002,car,3,3586.591,14.7
1_01_R_16082025070000.avi,16982,car,2,3586.636,4.7
1_01_R_16082025070000.avi,17007,car,2,3588.0,19.8
1_01_R_16082025070000.avi,16997,car,2,3589.091,4.7
1_01_R_16082025070000.avi,17017,motorcycle,1,3590.773,22.0
1_01_R_16082025070000.avi,17019,motorcycle,1,3591.182,22.0
1_01_R_16082025070000.avi,17024,motorcycle,1,3592.318,22.0
1_01_R_16082025070000.avi,17028,motorcycle,1,3592.909,22.0
1_01_R_16082025070000.avi,17010,car,2,3593.273,9.2
1_01_R_16082025070000.avi,17027,car,2,3593.364,26.4
1_01_R_16082025070000.avi,17021,motorcycle,1,3594.409,4.7
1_01_R_16082025070000.avi,17036,motorcycle,1,3595.0,24.7
1_01_R_16082025070000.avi,17040,motorcycle,1,3596.409,24.7
1_01_R_16082025070000.avi,17035,motorcycle,1,3597.454,4.7
1_01_R_16082025070000.avi,17025,car,3,3597.636,4.7
