video_file,track_id,vehicle_class,golongan_code,crossed_at_seconds,speed_kph
ch01_00000000132000000.mp4,148,motorcycle,1,3.85,16.4
ch01_00000000132000000.mp4,156,car,2,4.45,16.4
ch01_00000000132000000.mp4,226,car,2,5.65,18.0
ch01_00000000132000000.mp4,337,car,2,7.849,18.9
ch01_00000000132000000.mp4,319,motorcycle,1,8.049,9.5
ch01_00000000132000000.mp4,371,motorcycle,1,8.349,20.0
ch01_00000000132000000.mp4,397,motorcycle,1,9.199,18.9
ch01_00000000132000000.mp4,372,car,2,9.699,4.1
ch01_00000000132000000.mp4,435,motorcycle,1,10.299,18.0
ch01_00000000132000000.mp4,455,car,2,11.299,16.4
ch01_00000000132000000.mp4,447,car,3,12.449,3.8
ch01_00000000132000000.mp4,496,car,2,12.749,15.7
ch01_00000000132000000.mp4,537,truck,6,14.249,16.4
ch01_00000000132000000.mp4,590,car,2,16.249,15.7
ch01_00000000132000000.mp4,555,motorcycle,1,17.199,10.9
ch01_00000000132000000.mp4,66,car,2,18.599,12.4
ch01_00000000132000000.mp4,124,motorcycle,1,18.949,12.0
ch01_00000000132000000.mp4,222,car,2,21.698,13.3
ch01_00000000132000000.mp4,306,car,3,23.998,11.3
ch01_00000000132000000.mp4,175,motorcycle,1,26.648,8.8
ch01_00000000132000000.mp4,220,motorcycle,1,27.448,11.3
ch01_00000000132000000.mp4,233,motorcycle,1,27.748,12.9
ch01_00000000132000000.mp4,300,truck,6,29.048,10.3
ch01_00000000132000000.mp4,393,motorcycle,1,30.498,9.2
ch01_00000000132000000.mp4,615,motorcycle,1,32.448,20.0
ch01_00000000132000000.mp4,585,car,3,32.898,12.0
ch01_00000000132000000.mp4,637,motorcycle,1,33.197,16.4
ch01_00000000132000000.mp4,670,motorcycle,1,34.047,8.2
ch01_00000000132000000.mp4,722,motorcycle,1,34.847,25.7
ch01_00000000132000000.mp4,748,motorcycle,1,35.697,24.0
ch01_00000000132000000.mp4,803,motorcycle,1,36.797,13.3
ch01_00000000132000000.mp4,794,motorcycle,1,36.947,21.2
ch01_00000000132000000.mp4,804,motorcycle,1,37.197,17.1
ch01_00000000132000000.mp4,840,motorcycle,1,37.897,14.4
ch01_00000000132000000.mp4,822,motorcycle,1,38.347,15.0
ch01_00000000132000000.mp4,851,motorcycle,1,38.447,18.0
ch01_00000000132000000.mp4,883,motorcycle,1,39.397,24.0
ch01_00000000132000000.mp4,911,motorcycle,1,39.697,15.7
ch01_00000000132000000.mp4,907,motorcycle,1,40.047,14.4
ch01_00000000132000000.mp4,850,car,3,40.097,6.1
ch01_00000000132000000.mp4,921,motorcycle,1,42.347,11.6
ch01_00000000132000000.mp4,1135,motorcycle,1,43.947,13.3
ch01_00000000132000000.mp4,1243,motorcycle,1,45.597,5.1
ch01_00000000132000000.mp4,1187,car,2,46.096,15.7
ch01_00000000132000000.mp4,1346,motorcycle,1,47.096,20.0
ch01_00000000132000000.mp4,1343,motorcycle,1,47.296,18.0
ch01_00000000132000000.mp4,1421,motorcycle,1,48.846,8.2
ch01_00000000132000000.mp4,1471,motorcycle,1,49.346,16.4
ch01_00000000132000000.mp4,1522,motorcycle,1,50.646,13.8
ch01_00000000132000000.mp4,1553,motorcycle,1,52.096,10.0
ch01_00000000132000000.mp4,1690,motorcycle,1,53.196,22.5
ch01_00000000132000000.mp4,1523,car,3,53.446,5.3
ch01_00000000132000000.mp4,1648,motorcycle,1,53.896,10.9
ch01_00000000132000000.mp4,1735,motorcycle,1,54.496,21.2
ch01_00000000132000000.mp4,1673,car,2,55.696,10.9
ch01_00000000132000000.mp4,1820,car,2,56.746,21.2
ch01_00000000132000000.mp4,1789,motorcycle,1,56.896,11.3
ch01_00000000132000000.mp4,1862,motorcycle,1,57.496,25.7
ch01_00000000132000000.mp4,1913,motorcycle,1,58.096,27.7
ch01_00000000132000000.mp4,1914,motorcycle,1,58.546,20.0
ch01_00000000132000000.mp4,1934,motorcycle,1,59.645,17.1
ch01_00000000132000000.mp4,2088,car,2,62.095,16.4
ch01_00000000132000000.mp4,2103,car,2,63.045,13.8
ch01_00000000132000000.mp4,2238,motorcycle,1,64.445,16.4
ch01_00000000132000000.mp4,2178,car,2,65.095,13.8
ch01_00000000132000000.mp4,2298,motorcycle,1,65.945,14.4
ch01_00000000132000000.mp4,2290,motorcycle,1,66.345,18.9
ch01_00000000132000000.mp4,2256,truck,6,67.045,13.8
ch01_00000000132000000.mp4,2283,car,2,68.995,18.9
ch01_00000000132000000.mp4,2495,motorcycle,1,69.495,13.8
ch01_00000000132000000.mp4,2433,motorcycle,1,73.245,11.6
ch01_00000000132000000.mp4,2572,motorcycle,1,73.445,5.3
ch01_00000000132000000.mp4,2662,motorcycle,1,74.744,10.0
ch01_00000000132000000.mp4,2715,car,3,75.744,16.4
ch01_00000000132000000.mp4,2738,car,3,76.494,15.7
ch01_00000000132000000.mp4,2798,motorcycle,1,77.044,20.0
ch01_00000000132000000.mp4,2564,motorcycle,1,77.244,9.5
ch01_00000000132000000.mp4,2727,motorcycle,1,78.844,9.5
ch01_00000000132000000.mp4,2808,car,2,80.844,8.6
ch01_00000000132000000.mp4,2898,motorcycle,1,80.944,7.3
ch01_00000000132000000.mp4,2936,motorcycle,1,81.294,5.3
ch01_00000000132000000.mp4,3037,motorcycle,1,84.644,11.3
ch01_00000000132000000.mp4,3303,motorcycle,1,89.143,7.1
ch01_00000000132000000.mp4,3278,motorcycle,1,89.943,10.0
ch01_00000000132000000.mp4,3155,car,2,91.343,6.5
ch01_00000000132000000.mp4,3340,motorcycle,1,91.393,9.5
ch01_00000000132000000.mp4,3447,car,2,94.543,8.4
ch01_00000000132000000.mp4,3846,motorcycle,1,96.943,15.7
ch01_00000000132000000.mp4,3713,car,2,97.643,9.7
ch01_00000000132000000.mp4,3812,car,2,98.843,12.9
ch01_00000000132000000.mp4,4031,motorcycle,1,99.892,13.3
ch01_00000000132000000.mp4,3921,car,2,100.942,8.4
ch01_00000000132000000.mp4,3966,car,3,103.392,10.9
ch01_00000000132000000.mp4,4149,car,2,105.442,10.0
ch01_00000000132000000.mp4,4263,motorcycle,1,105.492,17.1
ch01_00000000132000000.mp4,4320,motorcycle,1,106.592,15.0
ch01_00000000132000000.mp4,4223,car,2,107.642,11.6
ch01_00000000132000000.mp4,4351,motorcycle,1,107.642,25.7
ch01_00000000132000000.mp4,4684,motorcycle,1,112.841,18.9
ch01_00000000132000000.mp4,4636,motorcycle,1,113.492,10.9
ch01_00000000132000000.mp4,4732,motorcycle,1,113.692,21.2
ch01_00000000132000000.mp4,4645,motorcycle,1,115.241,10.0
ch01_00000000132000000.mp4,4625,car,2,116.641,2.0
ch01_00000000132000000.mp4,4863,truck,4,119.391,7.8
ch01_00000000132000000.mp4,5020,motorcycle,1,120.141,20.0
ch01_00000000132000000.mp4,5033,motorcycle,1,120.491,17.1
ch01_00000000132000000.mp4,5280,motorcycle,1,125.841,10.0
ch01_00000000132000000.mp4,5178,car,2,127.79,7.3
ch01_00000000132000000.mp4,5493,motorcycle,1,128.94,20.0
ch01_00000000132000000.mp4,5502,motorcycle,1,129.19,40.0
ch01_00000000132000000.mp4,5331,truck,6,129.74,8.0
ch01_00000000132000000.mp4,5472,car,2,132.14,9.5
ch01_00000000132000000.mp4,5672,motorcycle,1,134.19,10.6
ch01_00000000132000000.mp4,5827,motorcycle,1,136.04,30.0
ch01_00000000132000000.mp4,5921,motorcycle,1,137.99,30.0
ch01_00000000132000000.mp4,5782,motorcycle,1,138.24,10.9
ch01_00000000132000000.mp4,5905,motorcycle,1,139.239,15.0
ch01_00000000132000000.mp4,5949,motorcycle,1,140.339,11.6
ch01_00000000132000000.mp4,6034,motorcycle,1,140.689,18.9
ch01_00000000132000000.mp4,5982,motorcycle,1,141.189,11.3
ch01_00000000132000000.mp4,6157,car,2,144.239,7.3
ch01_00000000132000000.mp4,6219,motorcycle,1,145.139,7.8
ch01_00000000132000000.mp4,6280,motorcycle,1,145.289,10.3
ch01_00000000132000000.mp4,6384,motorcycle,1,147.039,15.7
ch01_00000000132000000.mp4,6423,motorcycle,1,147.789,15.0
ch01_00000000132000000.mp4,6330,car,2,148.239,7.8
ch01_00000000132000000.mp4,6442,motorcycle,1,148.889,12.9
ch01_00000000132000000.mp4,6543,motorcycle,1,150.389,13.3
ch01_00000000132000000.mp4,6635,truck,6,151.639,1.2
ch01_00000000132000000.mp4,6501,car,2,151.689,9.5
ch01_00000000132000000.mp4,6712,motorcycle,1,152.388,11.6
ch01_00000000132000000.mp4,6699,motorcycle,1,152.638,9.7
ch01_00000000132000000.mp4,6965,motorcycle,1,155.988,20.0
ch01_00000000132000000.mp4,7045,motorcycle,1,156.988,20.0
ch01_00000000132000000.mp4,6991,motorcycle,1,157.138,5.5
ch01_00000000132000000.mp4,7071,motorcycle,1,157.388,21.2
ch01_00000000132000000.mp4,7146,motorcycle,1,158.438,25.7
ch01_00000000132000000.mp4,7214,motorcycle,1,159.738,21.2
ch01_00000000132000000.mp4,7233,motorcycle,1,159.838,18.9
ch01_00000000132000000.mp4,7276,motorcycle,1,160.938,20.0
ch01_00000000132000000.mp4,7309,motorcycle,1,161.488,18.0
ch01_00000000132000000.mp4,7358,motorcycle,1,162.088,18.9
ch01_00000000132000000.mp4,7390,motorcycle,1,162.838,18.0
ch01_00000000132000000.mp4,7452,motorcycle,1,163.438,3.6
ch01_00000000132000000.mp4,7302,motorcycle,1,163.738,12.9
ch01_00000000132000000.mp4,7424,motorcycle,1,164.588,13.3
ch01_00000000132000000.mp4,7476,motorcycle,1,165.538,11.3
ch01_00000000132000000.mp4,7575,motorcycle,1,165.688,13.3
ch01_00000000132000000.mp4,7527,motorcycle,1,166.438,13.8
ch01_00000000132000000.mp4,7679,car,2,168.487,15.7
ch01_00000000132000000.mp4,7766,motorcycle,1,170.987,17.1
ch01_00000000132000000.mp4,7589,car,3,171.487,6.2
ch01_00000000132000000.mp4,7869,motorcycle,1,172.887,15.7
ch01_00000000132000000.mp4,7839,motorcycle,1,173.887,5.5
ch01_00000000132000000.mp4,7940,car,3,174.537,16.4
ch01_00000000132000000.mp4,7928,motorcycle,1,174.537,11.3
ch01_00000000132000000.mp4,7971,motorcycle,1,175.037,22.5
ch01_00000000132000000.mp4,7998,motorcycle,1,175.437,21.2
ch01_00000000132000000.mp4,7824,truck,4,176.037,4.9
ch01_00000000132000000.mp4,8044,motorcycle,1,176.587,12.4
ch01_00000000132000000.mp4,8120,motorcycle,1,177.837,3.6
ch01_00000000132000000.mp4,8153,motorcycle,1,178.437,24.0
ch01_00000000132000000.mp4,8197,car,2,179.637,18.9
ch01_00000000132000000.mp4,8228,motorcycle,1,179.936,21.2
ch01_00000000132000000.mp4,8275,motorcycle,1,180.786,24.0
ch01_00000000132000000.mp4,8254,car,2,180.936,18.0
ch01_00000000132000000.mp4,8323,motorcycle,1,181.436,24.0
ch01_00000000132000000.mp4,8209,motorcycle,1,182.236,8.6
ch01_00000000132000000.mp4,8340,car,2,182.236,16.4
ch01_00000000132000000.mp4,8490,motorcycle,1,183.986,21.2
ch01_00000000132000000.mp4,8460,car,2,184.136,13.3
ch01_00000000132000000.mp4,8570,motorcycle,1,186.836,14.4
ch01_00000000132000000.mp4,8709,motorcycle,1,187.936,20.0
ch01_00000000132000000.mp4,8831,car,3,191.436,10.6
ch01_00000000132000000.mp4,8802,car,2,191.436,10.3
ch01_00000000132000000.mp4,8907,motorcycle,1,192.335,9.5
ch01_00000000132000000.mp4,8969,motorcycle,1,193.136,12.0
ch01_00000000132000000.mp4,9004,motorcycle,1,193.486,13.8
ch01_00000000132000000.mp4,9075,car,2,195.135,11.3
ch01_00000000132000000.mp4,9081,car,3,195.935,12.4
ch01_00000000132000000.mp4,9177,car,3,196.935,12.0
ch01_00000000132000000.mp4,9291,motorcycle,1,198.035,12.9
ch01_00000000132000000.mp4,9328,motorcycle,1,198.685,15.7
ch01_00000000132000000.mp4,9296,car,3,198.835,11.3
ch01_00000000132000000.mp4,9360,motorcycle,1,199.735,12.9
ch01_00000000132000000.mp4,9308,car,3,199.935,9.5
ch01_00000000132000000.mp4,9443,motorcycle,1,200.885,13.8
ch01_00000000132000000.mp4,9456,motorcycle,1,202.035,13.3
ch01_00000000132000000.mp4,9504,motorcycle,1,202.385,15.0
ch01_00000000132000000.mp4,9552,motorcycle,1,203.435,12.0
ch01_00000000132000000.mp4,9668,motorcycle,1,204.935,11.6
ch01_00000000132000000.mp4,9691,motorcycle,1,205.535,10.9
ch01_00000000132000000.mp4,9764,car,2,207.034,10.0
ch01_00000000132000000.mp4,9972,motorcycle,1,210.134,13.8
ch01_00000000132000000.mp4,9985,car,3,210.484,16.4
ch01_00000000132000000.mp4,10084,motorcycle,1,212.484,15.0
ch01_00000000132000000.mp4,10100,car,2,213.334,16.4
ch01_00000000132000000.mp4,10167,car,2,214.334,15.0
ch01_00000000132000000.mp4,10342,motorcycle,1,216.984,18.9
ch01_00000000132000000.mp4,10317,car,2,217.084,15.0
ch01_00000000132000000.mp4,10359,motorcycle,1,217.584,22.5
ch01_00000000132000000.mp4,10350,truck,6,217.834,12.4
ch01_00000000132000000.mp4,10417,motorcycle,1,218.234,16.4
ch01_00000000132000000.mp4,10456,car,2,219.483,17.1
ch01_00000000132000000.mp4,10585,motorcycle,1,220.733,20.0
ch01_00000000132000000.mp4,10662,motorcycle,1,221.783,20.0
ch01_00000000132000000.mp4,10713,motorcycle,1,222.383,18.9
ch01_00000000132000000.mp4,10714,car,2,223.033,13.3
ch01_00000000132000000.mp4,10756,motorcycle,1,223.383,10.0
ch01_00000000132000000.mp4,10784,motorcycle,1,223.483,18.9
ch01_00000000132000000.mp4,10708,motorcycle,1,224.033,10.0
ch01_00000000132000000.mp4,10815,motorcycle,1,224.133,15.7
ch01_00000000132000000.mp4,10827,motorcycle,1,224.783,15.7
ch01_00000000132000000.mp4,10896,motorcycle,1,225.483,15.0
ch01_00000000132000000.mp4,10777,motorcycle,1,226.283,8.8
ch01_00000000132000000.mp4,10883,motorcycle,1,226.633,9.5
ch01_00000000132000000.mp4,10980,motorcycle,1,226.883,15.7
ch01_00000000132000000.mp4,11098,motorcycle,1,229.233,13.8
ch01_00000000132000000.mp4,11102,motorcycle,1,229.283,14.4
ch01_00000000132000000.mp4,11158,motorcycle,1,230.383,15.7
ch01_00000000132000000.mp4,10856,car,2,230.933,6.9
ch01_00000000132000000.mp4,11156,motorcycle,1,232.132,7.1
ch01_00000000132000000.mp4,11208,motorcycle,1,232.382,9.2
ch01_00000000132000000.mp4,11300,motorcycle,1,234.382,13.3
ch01_00000000132000000.mp4,11259,car,2,234.782,9.0
ch01_00000000132000000.mp4,11316,car,2,237.032,8.4
ch01_00000000132000000.mp4,11434,car,2,238.832,9.2
ch01_00000000132000000.mp4,11671,car,2,241.632,1.8
ch01_00000000132000000.mp4,11553,car,3,242.732,10.3
ch01_00000000132000000.mp4,11736,car,2,245.082,6.7
ch01_00000000132000000.mp4,11984,motorcycle,1,247.281,8.6
ch01_00000000132000000.mp4,11808,car,2,247.431,7.7
ch01_00000000132000000.mp4,12044,truck,4,248.831,8.4
ch01_00000000132000000.mp4,12154,truck,6,251.031,8.2
ch01_00000000132000000.mp4,12262,car,2,253.381,10.3
ch01_00000000132000000.mp4,12342,motorcycle,1,253.481,9.5
ch01_00000000132000000.mp4,12462,car,3,256.081,9.7
ch01_00000000132000000.mp4,12595,car,2,257.781,15.0
ch01_00000000132000000.mp4,12611,motorcycle,1,258.081,10.9
ch01_00000000132000000.mp4,12614,car,2,259.531,2.8
ch01_00000000132000000.mp4,12723,motorcycle,1,259.88,18.0
ch01_00000000132000000.mp4,12759,car,2,260.98,10.6
ch01_00000000132000000.mp4,12776,motorcycle,1,261.68,12.0
ch01_00000000132000000.mp4,12819,car,3,263.78,9.0
ch01_00000000132000000.mp4,12947,motorcycle,1,265.18,7.3
ch01_00000000132000000.mp4,12969,car,2,265.73,5.3
ch01_00000000132000000.mp4,12951,car,2,265.93,10.9
ch01_00000000132000000.mp4,12980,motorcycle,1,266.53,10.9
ch01_00000000132000000.mp4,12979,truck,4,268.18,6.2
ch01_00000000132000000.mp4,13084,car,2,269.18,16.4
ch01_00000000132000000.mp4,13117,car,2,269.98,10.9
ch01_00000000132000000.mp4,13199,motorcycle,1,271.23,12.4
ch01_00000000132000000.mp4,13007,car,2,271.58,7.1
ch01_00000000132000000.mp4,13239,car,2,272.529,14.4
ch01_00000000132000000.mp4,13276,motorcycle,1,272.729,15.7
ch01_00000000132000000.mp4,13329,motorcycle,1,273.829,18.0
ch01_00000000132000000.mp4,13245,truck,4,273.979,9.0
ch01_00000000132000000.mp4,13347,motorcycle,1,274.479,16.4
ch01_00000000132000000.mp4,13444,car,2,276.229,15.7
ch01_00000000132000000.mp4,13421,motorcycle,1,276.429,16.4
ch01_00000000132000000.mp4,13286,car,2,276.929,18.9
ch01_00000000132000000.mp4,13518,car,2,277.729,6.9
ch01_00000000132000000.mp4,13491,motorcycle,1,278.979,6.7
ch01_00000000132000000.mp4,13583,car,2,279.529,16.4
ch01_00000000132000000.mp4,13669,motorcycle,1,281.029,20.0
ch01_00000000132000000.mp4,13620,truck,6,281.829,10.9
ch01_00000000132000000.mp4,13838,motorcycle,1,285.329,25.7
ch01_00000000132000000.mp4,13799,car,2,286.978,13.8
ch01_00000000132000000.mp4,13906,truck,6,288.928,15.0
ch01_00000000132000000.mp4,14083,motorcycle,1,290.728,14.4
ch01_00000000132000000.mp4,14073,motorcycle,1,290.928,15.7
ch01_00000000132000000.mp4,14183,car,3,293.278,16.4
ch01_00000000132000000.mp4,14032,truck,6,293.428,16.4
ch01_00000000132000000.mp4,14180,car,2,295.028,15.7
ch01_00000000132000000.mp4,14319,car,2,297.828,10.3
ch01_00000000132000000.mp4,14348,car,2,299.627,10.6
ch01_00000000132000000.mp4,14377,motorcycle,1,300.027,11.3
ch01_00000000132000000.mp4,14482,motorcycle,1,301.877,20.0
ch01_00000000132000000.mp4,14497,motorcycle,1,302.977,14.4
ch01_00000000132000000.mp4,14553,motorcycle,1,303.827,16.4
ch01_00000000132000000.mp4,14571,motorcycle,1,305.227,15.0
ch01_00000000132000000.mp4,14657,motorcycle,1,306.427,30.0
ch01_00000000132000000.mp4,14698,motorcycle,1,307.427,27.7
ch01_00000000132000000.mp4,14682,motorcycle,1,311.027,7.2
ch01_00000000132000000.mp4,14833,motorcycle,1,311.077,12.9
ch01_00000000132000000.mp4,14860,motorcycle,1,312.226,14.4
ch01_00000000132000000.mp4,14713,car,2,314.426,6.1
ch01_00000000132000000.mp4,15068,motorcycle,1,317.676,13.8
ch01_00000000132000000.mp4,14941,car,2,318.126,7.5
ch01_00000000132000000.mp4,15094,motorcycle,1,318.876,12.4
ch01_00000000132000000.mp4,15117,motorcycle,1,319.676,10.3
ch01_00000000132000000.mp4,15140,motorcycle,1,320.326,10.6
ch01_00000000132000000.mp4,15248,motorcycle,1,320.626,15.7
ch01_00000000132000000.mp4,15283,motorcycle,1,322.126,16.4
ch01_00000000132000000.mp4,15247,car,2,323.026,5.3
ch01_00000000132000000.mp4,15419,motorcycle,1,325.076,27.7
ch01_00000000132000000.mp4,15507,motorcycle,1,327.525,15.0
ch01_00000000132000000.mp4,15548,motorcycle,1,329.025,14.4
ch01_00000000132000000.mp4,15624,motorcycle,1,329.425,36.0
ch01_00000000132000000.mp4,15653,motorcycle,1,329.925,30.0
ch01_00000000132000000.mp4,15616,motorcycle,1,330.275,18.0
ch01_00000000132000000.mp4,15759,motorcycle,1,332.125,22.5
ch01_00000000132000000.mp4,15779,motorcycle,1,332.875,24.0
ch01_00000000132000000.mp4,15758,car,3,333.425,12.9
ch01_00000000132000000.mp4,15888,motorcycle,1,334.425,7.7
ch01_00000000132000000.mp4,15889,car,2,334.625,22.5
ch01_00000000132000000.mp4,15985,car,2,336.025,25.7
ch01_00000000132000000.mp4,16088,motorcycle,1,337.775,24.0
ch01_00000000132000000.mp4,16144,motorcycle,1,338.774,6.9
ch01_00000000132000000.mp4,16238,car,2,340.274,22.5
ch01_00000000132000000.mp4,16286,motorcycle,1,341.574,6.9
ch01_00000000132000000.mp4,16367,motorcycle,1,341.924,36.0
ch01_00000000132000000.mp4,16413,motorcycle,1,342.574,36.0
ch01_00000000132000000.mp4,15510,motorcycle,1,343.024,8.6
ch01_00000000132000000.mp4,16471,motorcycle,1,345.824,10.9
ch01_00000000132000000.mp4,16320,car,2,345.924,7.8
ch01_00000000132000000.mp4,16530,motorcycle,1,346.574,10.3
ch01_00000000132000000.mp4,16626,motorcycle,1,347.324,20.0
ch01_00000000132000000.mp4,16656,motorcycle,1,347.824,24.0
ch01_00000000132000000.mp4,16718,motorcycle,1,348.924,18.9
ch01_00000000132000000.mp4,16748,motorcycle,1,349.374,16.4
ch01_00000000132000000.mp4,16774,motorcycle,1,349.574,22.5
ch01_00000000132000000.mp4,16775,motorcycle,1,350.074,18.9
ch01_00000000132000000.mp4,16858,motorcycle,1,351.074,36.0
ch01_00000000132000000.mp4,16802,car,2,352.024,7.1
ch01_00000000132000000.mp4,16937,motorcycle,1,352.623,25.7
ch01_00000000132000000.mp4,16727,car,2,352.824,9.7
ch01_00000000132000000.mp4,16962,motorcycle,1,353.273,24.0
ch01_00000000132000000.mp4,16966,motorcycle,1,354.423,14.4
ch01_00000000132000000.mp4,17091,motorcycle,1,355.073,27.7
ch01_00000000132000000.mp4,17038,car,2,355.723,12.4
ch01_00000000132000000.mp4,17138,motorcycle,1,355.973,30.0
ch01_00000000132000000.mp4,17132,motorcycle,1,356.273,25.7
ch01_00000000132000000.mp4,17195,motorcycle,1,356.823,27.7
ch01_00000000132000000.mp4,17168,motorcycle,1,357.073,13.8
ch01_00000000132000000.mp4,17248,motorcycle,1,357.823,30.0
ch01_00000000132000000.mp4,17216,car,2,358.223,14.4
ch01_00000000132000000.mp4,17275,motorcycle,1,358.273,27.7
ch01_00000000132000000.mp4,17317,motorcycle,1,358.773,15.0
ch01_00000000132000000.mp4,17352,motorcycle,1,359.473,30.0
ch01_00000000132000000.mp4,17386,motorcycle,1,359.973,10.9
ch01_00000000132000000.mp4,17431,motorcycle,1,360.723,27.7
ch01_00000000132000000.mp4,17546,motorcycle,1,362.323,27.7
ch01_00000000132000000.mp4,17470,car,2,363.973,7.1
ch01_00000000132000000.mp4,17675,motorcycle,1,365.673,13.3
ch01_00000000132000000.mp4,17706,motorcycle,1,365.723,7.5
ch01_00000000132000000.mp4,17758,motorcycle,1,366.722,13.8
ch01_00000000132000000.mp4,17835,motorcycle,1,367.122,22.5
ch01_00000000132000000.mp4,17768,motorcycle,1,367.172,9.7
ch01_00000000132000000.mp4,17895,motorcycle,1,368.222,21.2
ch01_00000000132000000.mp4,17730,car,2,368.822,11.6
ch01_00000000132000000.mp4,17884,motorcycle,1,369.072,24.0
ch01_00000000132000000.mp4,17996,motorcycle,1,369.422,22.5
ch01_00000000132000000.mp4,18034,motorcycle,1,369.972,10.9
ch01_00000000132000000.mp4,18035,motorcycle,1,370.322,22.5
ch01_00000000132000000.mp4,18036,motorcycle,1,370.422,22.5
ch01_00000000132000000.mp4,18049,motorcycle,1,370.522,24.0
ch01_00000000132000000.mp4,18158,motorcycle,1,372.422,20.0
ch01_00000000132000000.mp4,18175,motorcycle,1,372.722,24.0
ch01_00000000132000000.mp4,18118,car,2,373.122,5.3
ch01_00000000132000000.mp4,18205,motorcycle,1,373.172,25.7
ch01_00000000132000000.mp4,18225,motorcycle,1,373.222,27.7
ch01_00000000132000000.mp4,18252,motorcycle,1,373.772,22.5
ch01_00000000132000000.mp4,18305,motorcycle,1,374.722,25.7
ch01_00000000132000000.mp4,18312,motorcycle,1,374.922,20.0
ch01_00000000132000000.mp4,18398,motorcycle,1,376.472,20.0
ch01_00000000132000000.mp4,18409,motorcycle,1,376.522,24.0
ch01_00000000132000000.mp4,18350,car,2,376.822,14.4
ch01_00000000132000000.mp4,18449,motorcycle,1,377.122,24.0
ch01_00000000132000000.mp4,18624,motorcycle,1,379.871,22.5
ch01_00000000132000000.mp4,18534,car,2,379.871,6.1
ch01_00000000132000000.mp4,18630,motorcycle,1,380.321,20.0
ch01_00000000132000000.mp4,18679,motorcycle,1,381.021,22.5
ch01_00000000132000000.mp4,18754,motorcycle,1,382.421,18.9
ch01_00000000132000000.mp4,18808,motorcycle,1,383.321,18.9
ch01_00000000132000000.mp4,18833,motorcycle,1,383.821,21.2
ch01_00000000132000000.mp4,18874,motorcycle,1,384.621,17.1
ch01_00000000132000000.mp4,18924,motorcycle,1,385.571,25.7
ch01_00000000132000000.mp4,18744,car,3,385.671,8.2
ch01_00000000132000000.mp4,18943,motorcycle,1,385.871,25.7
ch01_00000000132000000.mp4,18916,car,3,387.571,14.4
ch01_00000000132000000.mp4,19045,car,2,387.921,16.4
ch01_00000000132000000.mp4,19104,motorcycle,1,388.771,20.0
ch01_00000000132000000.mp4,19142,car,2,390.021,20.0
ch01_00000000132000000.mp4,19178,motorcycle,1,390.421,22.5
ch01_00000000132000000.mp4,19196,motorcycle,1,390.871,24.0
ch01_00000000132000000.mp4,19210,motorcycle,1,391.421,24.0
ch01_00000000132000000.mp4,19250,motorcycle,1,392.271,24.0
ch01_00000000132000000.mp4,19175,truck,6,392.271,10.9
ch01_00000000132000000.mp4,19265,motorcycle,1,392.37,27.7
ch01_00000000132000000.mp4,19261,car,2,393.62,11.3
ch01_00000000132000000.mp4,19262,car,2,393.87,18.9
ch01_00000000132000000.mp4,19354,motorcycle,1,394.37,25.7
ch01_00000000132000000.mp4,19434,motorcycle,1,395.92,27.7
ch01_00000000132000000.mp4,19519,motorcycle,1,396.77,25.7
ch01_00000000132000000.mp4,19531,motorcycle,1,397.47,11.6
ch01_00000000132000000.mp4,19557,truck,4,398.27,4.8
ch01_00000000132000000.mp4,19590,car,2,398.42,18.9
ch01_00000000132000000.mp4,19715,motorcycle,1,399.87,4.8
ch01_00000000132000000.mp4,19832,motorcycle,1,402.02,20.0
ch01_00000000132000000.mp4,19831,car,2,402.22,22.5
ch01_00000000132000000.mp4,19869,motorcycle,1,402.97,22.5
ch01_00000000132000000.mp4,19905,motorcycle,1,403.47,18.9
ch01_00000000132000000.mp4,19967,motorcycle,1,404.17,5.4
ch01_00000000132000000.mp4,19965,motorcycle,1,404.42,20.0
ch01_00000000132000000.mp4,19978,motorcycle,1,404.72,22.5
ch01_00000000132000000.mp4,19870,car,2,405.57,8.6
ch01_00000000132000000.mp4,20066,motorcycle,1,407.269,11.3
ch01_00000000132000000.mp4,19874,car,2,407.369,5.6
ch01_00000000132000000.mp4,20190,motorcycle,1,408.519,15.7
ch01_00000000132000000.mp4,20268,motorcycle,1,410.119,18.9
ch01_00000000132000000.mp4,20285,car,2,411.869,3.6
ch01_00000000132000000.mp4,20408,car,2,412.719,11.6
ch01_00000000132000000.mp4,20427,motorcycle,1,413.669,14.4
ch01_00000000132000000.mp4,20458,motorcycle,1,414.069,17.1
ch01_00000000132000000.mp4,20390,motorcycle,1,414.669,5.2
ch01_00000000132000000.mp4,20623,car,2,417.019,12.9
ch01_00000000132000000.mp4,20428,car,2,418.119,4.0
ch01_00000000132000000.mp4,20783,car,2,419.318,12.9
ch01_00000000132000000.mp4,20936,motorcycle,1,421.918,3.7
ch01_00000000132000000.mp4,20864,car,3,421.968,5.7
ch01_00000000132000000.mp4,20958,car,2,422.818,16.4
ch01_00000000132000000.mp4,21034,motorcycle,1,423.668,15.7
ch01_00000000132000000.mp4,21061,motorcycle,1,423.968,18.9
ch01_00000000132000000.mp4,21097,motorcycle,1,424.368,5.1
ch01_00000000132000000.mp4,21145,car,2,425.218,15.0
ch01_00000000132000000.mp4,21208,motorcycle,1,425.918,15.0
ch01_00000000132000000.mp4,21221,motorcycle,1,426.418,18.0
ch01_00000000132000000.mp4,21277,motorcycle,1,427.368,16.4
ch01_00000000132000000.mp4,21324,motorcycle,1,428.118,16.4
ch01_00000000132000000.mp4,21430,motorcycle,1,430.518,9.5
ch01_00000000132000000.mp4,21367,car,2,430.818,9.5
ch01_00000000132000000.mp4,21379,car,2,430.918,5.1
ch01_00000000132000000.mp4,21506,motorcycle,1,431.518,10.9
ch01_00000000132000000.mp4,21621,motorcycle,1,433.217,13.8
ch01_00000000132000000.mp4,21659,motorcycle,1,434.267,12.0
ch01_00000000132000000.mp4,21788,motorcycle,1,436.017,16.4
ch01_00000000132000000.mp4,21755,car,2,436.467,12.9
ch01_00000000132000000.mp4,21811,car,2,437.217,13.3
ch01_00000000132000000.mp4,21836,motorcycle,1,437.267,16.4
ch01_00000000132000000.mp4,21895,car,2,438.817,16.4
ch01_00000000132000000.mp4,21957,motorcycle,1,439.367,16.4
ch01_00000000132000000.mp4,21990,car,3,440.567,13.8
ch01_00000000132000000.mp4,22043,motorcycle,1,441.017,15.0
ch01_00000000132000000.mp4,22095,car,2,442.017,13.3
ch01_00000000132000000.mp4,22286,motorcycle,1,444.067,18.9
ch01_00000000132000000.mp4,22301,truck,6,444.966,13.8
ch01_00000000132000000.mp4,22249,car,2,446.316,16.4
ch01_00000000132000000.mp4,22407,car,2,446.666,15.0
ch01_00000000132000000.mp4,22455,car,2,446.666,7.7
ch01_00000000132000000.mp4,22526,car,2,449.066,16.4
ch01_00000000132000000.mp4,22550,motorcycle,1,449.166,21.2
ch01_00000000132000000.mp4,22596,motorcycle,1,450.166,27.7
ch01_00000000132000000.mp4,22752,motorcycle,1,453.266,21.2
ch01_00000000132000000.mp4,22757,motorcycle,1,453.366,10.6
ch01_00000000132000000.mp4,22810,motorcycle,1,454.216,21.2
ch01_00000000132000000.mp4,22816,car,2,454.416,21.2
ch01_00000000132000000.mp4,22882,motorcycle,1,455.816,18.9
ch01_00000000132000000.mp4,22907,motorcycle,1,456.266,18.0
ch01_00000000132000000.mp4,22931,motorcycle,1,456.766,13.8
ch01_00000000132000000.mp4,22960,motorcycle,1,457.466,13.3
ch01_00000000132000000.mp4,22967,motorcycle,1,457.566,18.0
ch01_00000000132000000.mp4,22988,motorcycle,1,457.866,18.9
ch01_00000000132000000.mp4,22954,motorcycle,1,458.116,8.4
ch01_00000000132000000.mp4,22953,car,2,458.265,9.0
ch01_00000000132000000.mp4,23018,motorcycle,1,458.865,12.0
ch01_00000000132000000.mp4,23033,motorcycle,1,459.615,11.3
ch01_00000000132000000.mp4,23068,motorcycle,1,459.815,15.7
ch01_00000000132000000.mp4,23219,motorcycle,1,462.115,25.7
ch01_00000000132000000.mp4,23342,motorcycle,1,464.815,14.4
ch01_00000000132000000.mp4,23346,truck,4,465.265,21.2
ch01_00000000132000000.mp4,23390,motorcycle,1,465.365,20.0
ch01_00000000132000000.mp4,23468,motorcycle,1,467.065,21.2
ch01_00000000132000000.mp4,23623,car,2,470.615,25.7
ch01_00000000132000000.mp4,23606,motorcycle,1,472.115,9.5
ch01_00000000132000000.mp4,23679,motorcycle,1,472.264,25.7
ch01_00000000132000000.mp4,23664,motorcycle,1,472.615,12.4
ch01_00000000132000000.mp4,23727,motorcycle,1,474.214,21.2
ch01_00000000132000000.mp4,23764,motorcycle,1,474.964,21.2
ch01_00000000132000000.mp4,23802,car,2,477.114,12.9
ch01_00000000132000000.mp4,23846,car,2,478.364,12.4
ch01_00000000132000000.mp4,23810,truck,6,478.664,5.4
ch01_00000000132000000.mp4,23877,motorcycle,1,479.114,12.9
ch01_00000000132000000.mp4,23970,motorcycle,1,481.114,6.5
ch01_00000000132000000.mp4,23980,motorcycle,1,481.264,15.7
ch01_00000000132000000.mp4,23933,car,2,482.914,5.2
ch01_00000000132000000.mp4,24068,motorcycle,1,483.114,11.3
ch01_00000000132000000.mp4,24065,car,3,484.314,7.8
ch01_00000000132000000.mp4,24179,motorcycle,1,485.464,12.9
ch01_00000000132000000.mp4,23912,car,2,486.213,7.2
ch01_00000000132000000.mp4,24189,motorcycle,1,487.213,10.6
ch01_00000000132000000.mp4,24351,motorcycle,1,488.863,12.9
ch01_00000000132000000.mp4,24377,car,2,489.213,8.2
ch01_00000000132000000.mp4,24421,motorcycle,1,490.313,14.4
ch01_00000000132000000.mp4,24429,motorcycle,1,490.363,9.0
ch01_00000000132000000.mp4,24469,car,2,491.263,8.2
ch01_00000000132000000.mp4,24524,car,2,492.613,12.9
ch01_00000000132000000.mp4,24534,car,2,493.413,5.9
ch01_00000000132000000.mp4,24538,motorcycle,1,493.563,13.3
ch01_00000000132000000.mp4,24672,motorcycle,1,494.813,13.3
ch01_00000000132000000.mp4,24662,motorcycle,1,495.763,13.8
ch01_00000000132000000.mp4,24774,motorcycle,1,496.313,12.0
ch01_00000000132000000.mp4,24950,car,2,500.262,12.4
ch01_00000000132000000.mp4,24933,car,2,500.962,15.0
ch01_00000000132000000.mp4,25014,motorcycle,1,501.162,12.9
ch01_00000000132000000.mp4,25038,car,3,502.362,10.6
ch01_00000000132000000.mp4,25246,motorcycle,1,506.112,6.7
ch01_00000000132000000.mp4,25221,car,2,506.362,11.3
ch01_00000000132000000.mp4,25137,motorcycle,1,507.062,10.3
ch01_00000000132000000.mp4,25348,motorcycle,1,507.862,8.6
ch01_00000000132000000.mp4,25247,motorcycle,1,508.012,10.6
ch01_00000000132000000.mp4,25312,motorcycle,1,508.862,10.6
ch01_00000000132000000.mp4,25379,motorcycle,1,509.662,11.6
ch01_00000000132000000.mp4,25334,car,2,510.612,10.0
ch01_00000000132000000.mp4,25373,car,3,511.661,11.6
ch01_00000000132000000.mp4,25516,car,2,513.811,10.9
ch01_00000000132000000.mp4,25684,motorcycle,1,515.811,14.4
ch01_00000000132000000.mp4,25799,motorcycle,1,516.711,25.7
ch01_00000000132000000.mp4,25785,motorcycle,1,517.061,15.7
ch01_00000000132000000.mp4,25755,truck,6,518.261,16.4
ch01_00000000132000000.mp4,25920,motorcycle,1,519.661,27.7
ch01_00000000132000000.mp4,25936,motorcycle,1,520.011,15.0
ch01_00000000132000000.mp4,25981,motorcycle,1,521.911,6.4
ch01_00000000132000000.mp4,26069,motorcycle,1,522.611,12.4
ch01_00000000132000000.mp4,26070,car,2,525.811,6.5
ch01_00000000132000000.mp4,26214,motorcycle,1,526.01,21.2
ch01_00000000132000000.mp4,26231,motorcycle,1,527.16,14.4
ch01_00000000132000000.mp4,26253,motorcycle,1,527.71,7.2
ch01_00000000132000000.mp4,26254,motorcycle,1,527.86,15.7
ch01_00000000132000000.mp4,26307,motorcycle,1,528.71,18.0
ch01_00000000132000000.mp4,26377,motorcycle,1,529.36,4.9
ch01_00000000132000000.mp4,26390,motorcycle,1,529.51,27.7
ch01_00000000132000000.mp4,26557,motorcycle,1,532.36,20.0
ch01_00000000132000000.mp4,26401,motorcycle,1,532.56,10.6
ch01_00000000132000000.mp4,26489,motorcycle,1,532.86,8.0
ch01_00000000132000000.mp4,26475,motorcycle,1,533.26,12.9
ch01_00000000132000000.mp4,26569,motorcycle,1,533.91,13.3
ch01_00000000132000000.mp4,26639,motorcycle,1,535.06,11.3
ch01_00000000132000000.mp4,26711,motorcycle,1,535.26,12.0
ch01_00000000132000000.mp4,26838,car,2,537.51,24.0
ch01_00000000132000000.mp4,26913,car,3,538.36,15.7
ch01_00000000132000000.mp4,27004,motorcycle,1,539.159,15.7
ch01_00000000132000000.mp4,27026,motorcycle,1,539.709,15.7
ch01_00000000132000000.mp4,27032,motorcycle,1,540.759,18.0
ch01_00000000132000000.mp4,27066,car,2,541.859,18.9
ch01_00000000132000000.mp4,27155,car,2,544.209,21.2
ch01_00000000132000000.mp4,27384,car,2,548.109,22.5
ch01_00000000132000000.mp4,27451,motorcycle,1,548.259,25.7
ch01_00000000132000000.mp4,27530,motorcycle,1,550.909,7.7
ch01_00000000132000000.mp4,27452,motorcycle,1,551.609,10.9
ch01_00000000132000000.mp4,27607,motorcycle,1,552.058,12.0
ch01_00000000132000000.mp4,27541,motorcycle,1,552.409,10.0
ch01_00000000132000000.mp4,27650,motorcycle,1,553.308,10.6
ch01_00000000132000000.mp4,27730,motorcycle,1,553.758,17.1
ch01_00000000132000000.mp4,27831,motorcycle,1,555.158,21.2
ch01_00000000132000000.mp4,27970,motorcycle,1,558.808,32.7
ch01_00000000132000000.mp4,27982,motorcycle,1,559.058,17.1
ch01_00000000132000000.mp4,28108,motorcycle,1,561.308,30.0
ch01_00000000132000000.mp4,28132,motorcycle,1,561.608,32.7
ch01_00000000132000000.mp4,28146,motorcycle,1,561.658,30.0
ch01_00000000132000000.mp4,28168,motorcycle,1,562.008,40.0
ch01_00000000132000000.mp4,28040,car,2,562.008,6.4
ch01_00000000132000000.mp4,28222,motorcycle,1,562.958,36.0
ch01_00000000132000000.mp4,28264,motorcycle,1,563.408,40.0
ch01_00000000132000000.mp4,28236,car,2,564.208,21.2
ch01_00000000132000000.mp4,28297,motorcycle,1,564.458,25.7
ch01_00000000132000000.mp4,28334,motorcycle,1,565.107,32.7
ch01_00000000132000000.mp4,28318,car,2,565.558,21.2
ch01_00000000132000000.mp4,28393,motorcycle,1,566.257,20.0
ch01_00000000132000000.mp4,28392,motorcycle,1,566.457,30.0
ch01_00000000132000000.mp4,28425,motorcycle,1,567.307,30.0
ch01_00000000132000000.mp4,28434,motorcycle,1,567.557,21.2
ch01_00000000132000000.mp4,28480,motorcycle,1,568.407,30.0
ch01_00000000132000000.mp4,28532,motorcycle,1,569.507,30.0
ch01_00000000132000000.mp4,28517,motorcycle,1,570.607,6.1
ch01_00000000132000000.mp4,28582,motorcycle,1,570.657,17.1
ch01_00000000132000000.mp4,28581,motorcycle,1,570.757,25.7
ch01_00000000132000000.mp4,28633,motorcycle,1,571.857,21.2
ch01_00000000132000000.mp4,28673,motorcycle,1,571.957,36.0
ch01_00000000132000000.mp4,28681,motorcycle,1,572.407,30.0
ch01_00000000132000000.mp4,28684,motorcycle,1,573.807,21.2
ch01_00000000132000000.mp4,28687,car,2,573.807,18.9
ch01_00000000132000000.mp4,28768,motorcycle,1,574.257,17.1
ch01_00000000132000000.mp4,28779,motorcycle,1,574.757,21.2
ch01_00000000132000000.mp4,28750,motorcycle,1,575.557,20.0
ch01_00000000132000000.mp4,28856,motorcycle,1,575.757,17.1
ch01_00000000132000000.mp4,28871,motorcycle,1,576.357,18.9
ch01_00000000132000000.mp4,28859,car,3,577.807,13.3
ch01_00000000132000000.mp4,28964,motorcycle,1,578.057,17.1
ch01_00000000132000000.mp4,28920,motorcycle,1,578.207,18.9
ch01_00000000132000000.mp4,29030,motorcycle,1,579.256,18.0
ch01_00000000132000000.mp4,29122,motorcycle,1,580.806,8.6
ch01_00000000132000000.mp4,29199,motorcycle,1,581.706,18.9
ch01_00000000132000000.mp4,29213,car,2,582.056,21.2
ch01_00000000132000000.mp4,29238,motorcycle,1,582.256,17.1
ch01_00000000132000000.mp4,29297,motorcycle,1,583.256,27.7
ch01_00000000132000000.mp4,29208,car,3,583.506,9.0
ch01_00000000132000000.mp4,29365,motorcycle,1,584.706,27.7
ch01_00000000132000000.mp4,29366,motorcycle,1,584.856,21.2
ch01_00000000132000000.mp4,29406,motorcycle,1,585.606,22.5
ch01_00000000132000000.mp4,29434,motorcycle,1,586.156,22.5
ch01_00000000132000000.mp4,29467,motorcycle,1,586.806,30.0
ch01_00000000132000000.mp4,29492,motorcycle,1,587.306,27.7
ch01_00000000132000000.mp4,29488,truck,4,587.806,21.2
ch01_00000000132000000.mp4,29549,motorcycle,1,588.156,25.7
ch01_00000000132000000.mp4,29533,motorcycle,1,588.206,24.0
ch01_00000000132000000.mp4,29559,motorcycle,1,588.856,22.5
ch01_00000000132000000.mp4,29676,car,2,590.906,27.7
ch01_00000000132000000.mp4,29707,motorcycle,1,591.206,24.0
ch01_00000000132000000.mp4,29645,car,3,591.505,17.1
ch01_00000000132000000.mp4,29758,motorcycle,1,592.405,21.2
ch01_00000000132000000.mp4,29775,motorcycle,1,592.605,27.7
ch01_00000000132000000.mp4,29801,motorcycle,1,592.855,15.0
ch01_00000000132000000.mp4,29822,motorcycle,1,593.305,22.5
ch01_00000000132000000.mp4,29853,motorcycle,1,593.805,30.0
ch01_00000000132000000.mp4,29700,car,3,594.455,7.5
ch01_00000000132000000.mp4,29963,motorcycle,1,596.255,24.0
ch01_00000000132000000.mp4,30038,motorcycle,1,597.555,25.7
ch01_00000000132000000.mp4,30060,motorcycle,1,597.905,25.7
ch01_00000000132000000.mp4,30097,motorcycle,1,598.455,20.0
ch01_00000000132000000.mp4,29984,truck,6,598.655,13.3
ch01_00000000132000000.mp4,30122,car,2,598.905,25.7
ch01_00000000132000000.mp4,30088,motorcycle,1,599.155,21.2
ch01_00000000132000000.mp4,30210,motorcycle,1,600.005,14.4
ch01_00000000132000000.mp4,30203,motorcycle,1,600.255,22.5
ch01_00000000132000000.mp4,30276,motorcycle,1,601.455,22.5
ch01_00000000132000000.mp4,30293,motorcycle,1,601.555,17.1
ch01_00000000132000000.mp4,30230,truck,4,602.005,11.6
ch01_00000000132000000.mp4,30328,motorcycle,1,602.405,22.5
ch01_00000000132000000.mp4,30459,motorcycle,1,606.004,9.0
ch01_00000000132000000.mp4,30534,truck,4,606.104,22.5
ch01_00000000132000000.mp4,30594,motorcycle,1,607.204,9.5
ch01_00000000132000000.mp4,30661,motorcycle,1,607.354,9.2
ch01_00000000132000000.mp4,30644,motorcycle,1,607.454,32.7
ch01_00000000132000000.mp4,30700,motorcycle,1,608.654,12.4
ch01_00000000132000000.mp4,30675,car,2,611.104,7.7
ch01_00000000132000000.mp4,30836,motorcycle,1,611.404,8.4
ch01_00000000132000000.mp4,30887,motorcycle,1,612.154,8.8
ch01_00000000132000000.mp4,30960,motorcycle,1,613.154,10.0
ch01_00000000132000000.mp4,30862,car,2,615.554,8.6
ch01_00000000132000000.mp4,31091,motorcycle,1,615.704,6.4
ch01_00000000132000000.mp4,31109,motorcycle,1,616.304,20.0
ch01_00000000132000000.mp4,31044,motorcycle,1,617.004,10.9
ch01_00000000132000000.mp4,31111,motorcycle,1,617.404,7.5
ch01_00000000132000000.mp4,31176,car,2,619.603,9.7
ch01_00000000132000000.mp4,31320,motorcycle,1,620.103,18.0
ch01_00000000132000000.mp4,31334,motorcycle,1,621.703,9.5
ch01_00000000132000000.mp4,31397,motorcycle,1,621.753,12.0
ch01_00000000132000000.mp4,31388,motorcycle,1,622.753,9.5
ch01_00000000132000000.mp4,31474,motorcycle,1,622.903,14.4
ch01_00000000132000000.mp4,31442,motorcycle,1,624.153,7.8
ch01_00000000132000000.mp4,31579,motorcycle,1,624.253,13.3
ch01_00000000132000000.mp4,31610,motorcycle,1,624.653,18.9
ch01_00000000132000000.mp4,31651,motorcycle,1,625.603,12.0
ch01_00000000132000000.mp4,31535,car,2,626.053,8.8
ch01_00000000132000000.mp4,31632,motorcycle,1,626.453,8.4
ch01_00000000132000000.mp4,31720,motorcycle,1,627.053,17.1
ch01_00000000132000000.mp4,31735,motorcycle,1,627.553,16.4
ch01_00000000132000000.mp4,31854,car,3,629.953,13.3
ch01_00000000132000000.mp4,31908,truck,6,630.403,10.6
ch01_00000000132000000.mp4,31895,motorcycle,1,630.603,15.0
ch01_00000000132000000.mp4,31933,motorcycle,1,630.903,12.4
ch01_00000000132000000.mp4,31921,motorcycle,1,631.053,10.9
ch01_00000000132000000.mp4,31941,motorcycle,1,631.352,13.8
ch01_00000000132000000.mp4,32008,motorcycle,1,632.253,14.4
ch01_00000000132000000.mp4,32100,truck,6,633.352,13.8
ch01_00000000132000000.mp4,32116,car,2,634.252,4.5
ch01_00000000132000000.mp4,32159,motorcycle,1,634.602,16.4
ch01_00000000132000000.mp4,32215,car,2,634.752,11.3
ch01_00000000132000000.mp4,32282,car,2,635.802,10.0
ch01_00000000132000000.mp4,32228,car,2,635.952,16.4
ch01_00000000132000000.mp4,32328,motorcycle,1,636.802,12.4
ch01_00000000132000000.mp4,32423,motorcycle,1,637.502,14.4
ch01_00000000132000000.mp4,32570,motorcycle,1,638.802,16.4
ch01_00000000132000000.mp4,32643,motorcycle,1,639.952,17.1
ch01_00000000132000000.mp4,32653,motorcycle,1,640.452,18.0
ch01_00000000132000000.mp4,32723,motorcycle,1,641.602,13.3
ch01_00000000132000000.mp4,32747,car,2,642.352,13.3
ch01_00000000132000000.mp4,32636,car,3,643.002,12.0
ch01_00000000132000000.mp4,32837,motorcycle,1,643.052,16.4
ch01_00000000132000000.mp4,32862,motorcycle,1,643.152,22.5
ch01_00000000132000000.mp4,32930,motorcycle,1,644.202,18.9
ch01_00000000132000000.mp4,32926,car,2,644.751,15.0
ch01_00000000132000000.mp4,33013,motorcycle,1,645.552,18.0
ch01_00000000132000000.mp4,33028,motorcycle,1,645.851,17.1
ch01_00000000132000000.mp4,33052,motorcycle,1,648.251,9.2
ch01_00000000132000000.mp4,33145,car,3,648.251,18.0
ch01_00000000132000000.mp4,33191,motorcycle,1,649.051,20.0
ch01_00000000132000000.mp4,33293,motorcycle,1,650.851,18.9
ch01_00000000132000000.mp4,33266,car,2,651.651,6.5
ch01_00000000132000000.mp4,33381,motorcycle,1,652.351,17.1
ch01_00000000132000000.mp4,33454,motorcycle,1,653.651,16.4
ch01_00000000132000000.mp4,33572,car,2,656.201,12.0
ch01_00000000132000000.mp4,33608,motorcycle,1,656.251,15.0
ch01_00000000132000000.mp4,33658,motorcycle,1,657.301,6.2
ch01_00000000132000000.mp4,33728,motorcycle,1,657.401,14.4
ch01_00000000132000000.mp4,33692,motorcycle,1,657.551,13.8
ch01_00000000132000000.mp4,33736,motorcycle,1,657.751,14.4
ch01_00000000132000000.mp4,33773,motorcycle,1,658.4,13.8
ch01_00000000132000000.mp4,33701,motorcycle,1,659.55,21.2
ch01_00000000132000000.mp4,33919,motorcycle,1,660.15,21.2
ch01_00000000132000000.mp4,33890,motorcycle,1,660.6,9.0
ch01_00000000132000000.mp4,33913,motorcycle,1,661.55,10.6
ch01_00000000132000000.mp4,33984,motorcycle,1,662.15,10.3
ch01_00000000132000000.mp4,34060,car,2,664.7,9.2
ch01_00000000132000000.mp4,34263,car,2,666.6,8.2
ch01_00000000132000000.mp4,34280,car,2,667.6,9.7
ch01_00000000132000000.mp4,34374,motorcycle,1,667.95,10.9
ch01_00000000132000000.mp4,34372,car,2,668.05,15.7
ch01_00000000132000000.mp4,34462,car,2,669.8,14.4
ch01_00000000132000000.mp4,34515,motorcycle,1,670.15,15.0
ch01_00000000132000000.mp4,34422,car,2,670.65,12.0
ch01_00000000132000000.mp4,34539,motorcycle,1,670.75,14.4
ch01_00000000132000000.mp4,34592,motorcycle,1,671.85,17.1
ch01_00000000132000000.mp4,34560,car,2,672.699,12.4
ch01_00000000132000000.mp4,34609,car,2,674.849,12.4
ch01_00000000132000000.mp4,34786,car,3,676.099,13.8
ch01_00000000132000000.mp4,34861,motorcycle,1,676.999,27.7
ch01_00000000132000000.mp4,34766,car,2,676.999,12.9
ch01_00000000132000000.mp4,34886,car,2,679.199,13.8
ch01_00000000132000000.mp4,35012,motorcycle,1,680.199,20.0
ch01_00000000132000000.mp4,35024,motorcycle,1,680.249,13.3
ch01_00000000132000000.mp4,35104,motorcycle,1,681.749,5.9
ch01_00000000132000000.mp4,35094,motorcycle,1,682.049,15.0
ch01_00000000132000000.mp4,35109,motorcycle,1,682.199,21.2
ch01_00000000132000000.mp4,35103,motorcycle,1,682.699,6.1
ch01_00000000132000000.mp4,35146,motorcycle,1,683.149,15.7
ch01_00000000132000000.mp4,35141,motorcycle,1,684.049,7.7
ch01_00000000132000000.mp4,35143,motorcycle,1,684.499,10.9
ch01_00000000132000000.mp4,35335,motorcycle,1,686.548,18.0
ch01_00000000132000000.mp4,35270,motorcycle,1,686.698,10.6
ch01_00000000132000000.mp4,35416,motorcycle,1,687.998,6.8
ch01_00000000132000000.mp4,35435,car,2,688.948,18.0
ch01_00000000132000000.mp4,35502,motorcycle,1,690.348,20.0
ch01_00000000132000000.mp4,35539,car,2,691.448,16.4
ch01_00000000132000000.mp4,35527,motorcycle,1,692.098,13.8
ch01_00000000132000000.mp4,35744,motorcycle,1,694.598,15.0
ch01_00000000132000000.mp4,35731,motorcycle,1,695.348,14.4
ch01_00000000132000000.mp4,35823,motorcycle,1,696.398,14.4
ch01_00000000132000000.mp4,35752,car,2,696.598,12.4
ch01_00000000132000000.mp4,35857,motorcycle,1,696.898,22.5
ch01_00000000132000000.mp4,35945,car,2,699.597,13.8
ch01_00000000132000000.mp4,36071,motorcycle,1,700.797,21.2
ch01_00000000132000000.mp4,36101,motorcycle,1,701.797,18.0
ch01_00000000132000000.mp4,36052,car,2,702.697,9.5
ch01_00000000132000000.mp4,36166,car,2,704.347,9.7
ch01_00000000132000000.mp4,36153,motorcycle,1,704.397,8.2
ch01_00000000132000000.mp4,36168,truck,4,706.197,9.7
ch01_00000000132000000.mp4,36466,motorcycle,1,707.047,24.0
ch01_00000000132000000.mp4,36435,car,2,710.047,8.8
ch01_00000000132000000.mp4,36604,motorcycle,1,712.446,6.0
ch01_00000000132000000.mp4,36789,motorcycle,1,713.046,8.6
ch01_00000000132000000.mp4,36809,motorcycle,1,713.796,8.6
ch01_00000000132000000.mp4,36783,motorcycle,1,714.896,7.8
ch01_00000000132000000.mp4,36872,motorcycle,1,715.096,5.5
ch01_00000000132000000.mp4,36884,car,2,715.396,22.5
ch01_00000000132000000.mp4,36900,motorcycle,1,715.796,9.5
ch01_00000000132000000.mp4,36822,motorcycle,1,716.096,10.0
ch01_00000000132000000.mp4,36961,motorcycle,1,717.946,12.0
ch01_00000000132000000.mp4,37164,motorcycle,1,719.796,30.0
ch01_00000000132000000.mp4,37033,car,2,719.896,10.6
ch01_00000000132000000.mp4,37223,motorcycle,1,721.046,14.4
ch01_00000000132000000.mp4,37157,car,3,723.196,13.8
ch01_00000000132000000.mp4,37352,car,2,723.396,24.0
ch01_00000000132000000.mp4,37424,motorcycle,1,724.645,27.7
ch01_00000000132000000.mp4,37451,motorcycle,1,725.395,15.0
ch01_00000000132000000.mp4,37539,motorcycle,1,727.995,22.5
ch01_00000000132000000.mp4,37630,motorcycle,1,729.045,15.7
ch01_00000000132000000.mp4,37582,motorcycle,1,729.245,17.1
ch01_00000000132000000.mp4,37697,motorcycle,1,731.645,8.2
ch01_00000000132000000.mp4,37770,motorcycle,1,731.695,27.7
ch01_00000000132000000.mp4,37762,car,2,732.795,15.7
ch01_00000000132000000.mp4,37860,motorcycle,1,733.795,17.1
ch01_00000000132000000.mp4,37789,car,2,734.295,13.8
ch01_00000000132000000.mp4,37992,motorcycle,1,735.795,14.4
ch01_00000000132000000.mp4,38016,motorcycle,1,736.395,16.4
ch01_00000000132000000.mp4,38001,car,2,738.144,15.7
ch01_00000000132000000.mp4,38132,motorcycle,1,739.294,24.0
ch01_00000000132000000.mp4,38122,motorcycle,1,739.944,22.5
ch01_00000000132000000.mp4,38218,motorcycle,1,740.794,32.7
ch01_00000000132000000.mp4,38199,car,2,741.794,18.0
ch01_00000000132000000.mp4,38271,motorcycle,1,742.494,18.0
ch01_00000000132000000.mp4,38301,motorcycle,1,742.694,14.4
ch01_00000000132000000.mp4,38322,car,2,744.594,18.9
ch01_00000000132000000.mp4,38463,motorcycle,1,746.044,10.3
ch01_00000000132000000.mp4,38542,motorcycle,1,747.694,8.8
ch01_00000000132000000.mp4,38544,car,2,749.544,14.4
ch01_00000000132000000.mp4,38697,car,2,751.943,16.4
ch01_00000000132000000.mp4,38807,motorcycle,1,752.343,15.0
ch01_00000000132000000.mp4,39104,motorcycle,1,758.843,13.3
ch01_00000000132000000.mp4,39195,motorcycle,1,759.793,15.0
ch01_00000000132000000.mp4,39002,car,2,760.493,5.3
ch01_00000000132000000.mp4,39356,car,3,761.893,12.0
ch01_00000000132000000.mp4,39546,car,2,763.643,6.9
ch01_00000000132000000.mp4,39533,car,2,763.993,15.7
ch01_00000000132000000.mp4,39559,motorcycle,1,763.993,18.9
ch01_00000000132000000.mp4,39670,motorcycle,1,765.592,10.6
ch01_00000000132000000.mp4,39634,car,2,767.892,8.6
ch01_00000000132000000.mp4,39846,car,3,769.292,12.0
ch01_00000000132000000.mp4,39819,car,2,770.092,10.3
ch01_00000000132000000.mp4,39964,motorcycle,1,771.142,25.7
ch01_00000000132000000.mp4,40021,motorcycle,1,771.792,30.0
ch01_00000000132000000.mp4,40053,motorcycle,1,772.392,30.0
ch01_00000000132000000.mp4,40164,motorcycle,1,774.242,32.7
ch01_00000000132000000.mp4,40082,truck,6,775.342,16.4
ch01_00000000132000000.mp4,40223,motorcycle,1,775.742,36.0
ch01_00000000132000000.mp4,40213,motorcycle,1,776.392,30.0
ch01_00000000132000000.mp4,40209,car,2,777.192,15.7
ch01_00000000132000000.mp4,40357,motorcycle,1,777.792,36.0
ch01_00000000132000000.mp4,40360,motorcycle,1,778.891,14.4
ch01_00000000132000000.mp4,40446,motorcycle,1,779.741,30.0
ch01_00000000132000000.mp4,40482,motorcycle,1,780.091,27.7
ch01_00000000132000000.mp4,40481,motorcycle,1,780.141,32.7
ch01_00000000132000000.mp4,40515,motorcycle,1,780.891,36.0
ch01_00000000132000000.mp4,40569,motorcycle,1,781.891,25.7
ch01_00000000132000000.mp4,40530,motorcycle,1,783.391,12.0
ch01_00000000132000000.mp4,40670,motorcycle,1,784.141,8.4
ch01_00000000132000000.mp4,40622,motorcycle,1,784.991,9.0
ch01_00000000132000000.mp4,40785,motorcycle,1,785.641,9.0
ch01_00000000132000000.mp4,40865,motorcycle,1,787.141,16.4
ch01_00000000132000000.mp4,40712,car,2,788.191,6.5
ch01_00000000132000000.mp4,41036,motorcycle,1,789.991,16.4
ch01_00000000132000000.mp4,40838,truck,4,790.191,8.2
ch01_00000000132000000.mp4,41074,motorcycle,1,791.14,14.4
ch01_00000000132000000.mp4,41130,car,2,793.49,10.6
ch01_00000000132000000.mp4,41293,car,2,793.69,17.1
ch01_00000000132000000.mp4,41330,motorcycle,1,793.69,20.0
ch01_00000000132000000.mp4,41383,motorcycle,1,794.44,22.5
ch01_00000000132000000.mp4,41456,motorcycle,1,795.24,18.9
ch01_00000000132000000.mp4,41443,motorcycle,1,795.29,18.9
ch01_00000000132000000.mp4,41517,motorcycle,1,796.04,18.9
ch01_00000000132000000.mp4,41587,motorcycle,1,796.94,14.4
ch01_00000000132000000.mp4,41774,motorcycle,1,799.49,20.0
ch01_00000000132000000.mp4,41705,car,3,799.49,16.4
ch01_00000000132000000.mp4,41880,motorcycle,1,800.34,36.0
ch01_00000000132000000.mp4,42003,motorcycle,1,801.64,22.5
ch01_00000000132000000.mp4,41857,car,2,801.64,15.7
ch01_00000000132000000.mp4,42062,car,2,802.44,22.5
ch01_00000000132000000.mp4,42176,motorcycle,1,803.64,22.5
ch01_00000000132000000.mp4,42211,motorcycle,1,804.189,25.7
ch01_00000000132000000.mp4,42326,motorcycle,1,805.839,18.9
ch01_00000000132000000.mp4,42357,car,2,806.389,22.5
ch01_00000000132000000.mp4,42433,motorcycle,1,807.139,22.5
ch01_00000000132000000.mp4,42489,motorcycle,1,807.989,27.7
ch01_00000000132000000.mp4,42387,motorcycle,1,808.389,3.6
ch01_00000000132000000.mp4,42547,motorcycle,1,808.739,7.7
ch01_00000000132000000.mp4,42680,motorcycle,1,810.489,21.2
ch01_00000000132000000.mp4,42672,truck,4,810.739,18.9
ch01_00000000132000000.mp4,42557,motorcycle,1,811.039,10.3
ch01_00000000132000000.mp4,42787,motorcycle,1,812.089,12.9
ch01_00000000132000000.mp4,42807,truck,6,812.439,10.6
ch01_00000000132000000.mp4,42762,motorcycle,1,813.389,12.9
ch01_00000000132000000.mp4,42850,car,2,813.389,15.7
ch01_00000000132000000.mp4,42904,motorcycle,1,813.689,18.0
ch01_00000000132000000.mp4,42961,motorcycle,1,814.339,17.1
ch01_00000000132000000.mp4,42962,motorcycle,1,814.439,15.7
ch01_00000000132000000.mp4,43013,motorcycle,1,815.139,20.0
ch01_00000000132000000.mp4,42985,car,2,815.239,15.7
ch01_00000000132000000.mp4,43050,motorcycle,1,816.089,18.0
ch01_00000000132000000.mp4,43001,car,2,816.089,13.3
ch01_00000000132000000.mp4,43179,car,2,818.338,10.9
ch01_00000000132000000.mp4,43284,motorcycle,1,819.338,18.0
ch01_00000000132000000.mp4,43309,car,2,819.938,13.8
ch01_00000000132000000.mp4,43274,truck,4,820.788,12.9
ch01_00000000132000000.mp4,43481,car,3,822.588,15.0
ch01_00000000132000000.mp4,43500,truck,4,823.238,10.3
ch01_00000000132000000.mp4,43565,truck,4,823.488,15.7
ch01_00000000132000000.mp4,43596,motorcycle,1,823.688,16.4
ch01_00000000132000000.mp4,43705,motorcycle,1,825.438,16.4
ch01_00000000132000000.mp4,43709,motorcycle,1,825.688,5.0
ch01_00000000132000000.mp4,43765,truck,4,826.088,16.4
ch01_00000000132000000.mp4,43839,motorcycle,1,826.988,25.7
ch01_00000000132000000.mp4,43728,car,2,827.088,6.2
ch01_00000000132000000.mp4,43852,car,2,827.688,16.4
ch01_00000000132000000.mp4,43915,motorcycle,1,828.038,25.7
ch01_00000000132000000.mp4,43922,car,2,829.688,6.7
ch01_00000000132000000.mp4,44010,truck,4,830.138,16.4
ch01_00000000132000000.mp4,44147,motorcycle,1,831.638,18.0
ch01_00000000132000000.mp4,44155,motorcycle,1,831.638,8.6
ch01_00000000132000000.mp4,44181,car,2,832.587,20.0
ch01_00000000132000000.mp4,44200,motorcycle,1,832.737,7.5
ch01_00000000132000000.mp4,44281,car,2,834.237,13.8
ch01_00000000132000000.mp4,44352,car,2,835.087,16.4
ch01_00000000132000000.mp4,44429,motorcycle,1,835.887,17.1
ch01_00000000132000000.mp4,44291,car,2,836.037,9.2
ch01_00000000132000000.mp4,44537,motorcycle,1,837.287,5.4
ch01_00000000132000000.mp4,44556,car,2,837.737,18.0
ch01_00000000132000000.mp4,44693,car,2,841.037,17.1
ch01_00000000132000000.mp4,44629,motorcycle,1,841.287,4.5
ch01_00000000132000000.mp4,44754,motorcycle,1,841.937,18.0
ch01_00000000132000000.mp4,44668,truck,6,842.187,7.2
ch01_00000000132000000.mp4,44755,car,2,842.387,16.4
ch01_00000000132000000.mp4,44920,car,2,845.136,13.8
ch01_00000000132000000.mp4,44990,motorcycle,1,845.736,21.2
ch01_00000000132000000.mp4,45071,car,2,846.636,13.8
ch01_00000000132000000.mp4,45046,car,3,846.736,8.0
ch01_00000000132000000.mp4,45121,car,2,848.186,15.7
ch01_00000000132000000.mp4,45178,truck,6,848.186,22.5
ch01_00000000132000000.mp4,45249,car,2,849.836,15.7
ch01_00000000132000000.mp4,45292,motorcycle,1,850.086,14.4
ch01_00000000132000000.mp4,45310,motorcycle,1,850.686,14.4
ch01_00000000132000000.mp4,45332,motorcycle,1,850.786,18.0
ch01_00000000132000000.mp4,45405,motorcycle,1,851.786,15.0
ch01_00000000132000000.mp4,45331,car,2,852.136,12.4
ch01_00000000132000000.mp4,45495,truck,4,853.536,12.9
ch01_00000000132000000.mp4,45644,car,2,855.786,12.0
ch01_00000000132000000.mp4,45677,motorcycle,1,855.786,18.9
ch01_00000000132000000.mp4,45590,truck,6,856.086,12.9
ch01_00000000132000000.mp4,45855,motorcycle,1,857.936,17.1
ch01_00000000132000000.mp4,45820,motorcycle,1,858.035,18.9
ch01_00000000132000000.mp4,45828,motorcycle,1,858.236,17.1
ch01_00000000132000000.mp4,45682,motorcycle,1,858.935,7.1
ch01_00000000132000000.mp4,45912,car,2,859.735,14.4
ch01_00000000132000000.mp4,45988,motorcycle,1,860.785,18.0
ch01_00000000132000000.mp4,46044,motorcycle,1,861.735,21.2
ch01_00000000132000000.mp4,46103,motorcycle,1,863.085,13.8
ch01_00000000132000000.mp4,46142,motorcycle,1,863.435,18.9
ch01_00000000132000000.mp4,46170,motorcycle,1,863.835,16.4
ch01_00000000132000000.mp4,46218,motorcycle,1,864.785,21.2
ch01_00000000132000000.mp4,45899,motorcycle,1,865.185,9.5
ch01_00000000132000000.mp4,46403,motorcycle,1,868.135,14.4
ch01_00000000132000000.mp4,46422,motorcycle,1,870.635,9.5
ch01_00000000132000000.mp4,46633,motorcycle,1,871.585,12.9
ch01_00000000132000000.mp4,46116,car,2,873.684,6.5
ch01_00000000132000000.mp4,46724,motorcycle,1,874.484,7.1
ch01_00000000132000000.mp4,46838,motorcycle,1,876.034,10.0
ch01_00000000132000000.mp4,46673,car,2,877.384,6.4
ch01_00000000132000000.mp4,46948,motorcycle,1,878.084,8.6
ch01_00000000132000000.mp4,46868,motorcycle,1,878.634,6.9
ch01_00000000132000000.mp4,47037,motorcycle,1,880.034,10.6
ch01_00000000132000000.mp4,46789,car,2,880.984,7.7
ch01_00000000132000000.mp4,47074,car,2,881.384,4.7
ch01_00000000132000000.mp4,47199,motorcycle,1,883.034,13.3
ch01_00000000132000000.mp4,47286,motorcycle,1,883.933,6.2
ch01_00000000132000000.mp4,47296,motorcycle,1,884.284,15.7
ch01_00000000132000000.mp4,47241,car,2,884.384,11.3
ch01_00000000132000000.mp4,47151,car,2,885.633,3.5
ch01_00000000132000000.mp4,47340,car,2,886.583,12.9
ch01_00000000132000000.mp4,47522,motorcycle,1,888.783,15.0
ch01_00000000132000000.mp4,47545,car,2,888.883,12.0
ch01_00000000132000000.mp4,47266,car,2,889.983,6.4
ch01_00000000132000000.mp4,47642,car,2,890.783,12.4
ch01_00000000132000000.mp4,47701,motorcycle,1,891.433,14.4
ch01_00000000132000000.mp4,47629,truck,6,892.833,7.2
ch01_00000000132000000.mp4,47799,motorcycle,1,893.033,15.7
ch01_00000000132000000.mp4,47806,car,2,893.883,10.9
ch01_00000000132000000.mp4,47881,motorcycle,1,894.483,15.0
ch01_00000000132000000.mp4,47862,car,2,895.333,8.4
ch01_00000000132000000.mp4,47994,car,3,897.582,8.6
ch01_00000000132000000.mp4,48044,car,2,899.182,6.5
ch01_00000000132000000.mp4,48127,motorcycle,1,899.332,10.9
ch01_00000000132000000.mp4,48161,motorcycle,1,899.982,11.3
ch01_00000000132000000.mp4,48007,truck,7,900.732,18.9
ch01_00000000132000000.mp4,48281,motorcycle,1,901.582,15.0
ch01_00000000132000000.mp4,48284,motorcycle,1,901.732,17.1
ch01_00000000132000000.mp4,48345,motorcycle,1,902.632,14.4
ch01_00000000132000000.mp4,48373,car,2,902.932,8.8
ch01_00000000132000000.mp4,48382,motorcycle,1,903.032,14.4
ch01_00000000132000000.mp4,48512,motorcycle,1,904.782,8.8
ch01_00000000132000000.mp4,48486,car,2,904.782,9.5
ch01_00000000132000000.mp4,48551,car,2,906.432,10.0
ch01_00000000132000000.mp4,48653,motorcycle,1,906.832,12.9
ch01_00000000132000000.mp4,48753,car,3,909.332,5.4
ch01_00000000132000000.mp4,48799,motorcycle,1,909.482,9.5
ch01_00000000132000000.mp4,48715,truck,6,912.481,1.7
ch01_00000000132000000.mp4,49065,motorcycle,1,914.581,6.5
ch01_00000000132000000.mp4,49088,motorcycle,1,915.681,6.1
ch01_00000000132000000.mp4,48957,car,2,917.131,3.2
ch01_00000000132000000.mp4,49274,car,2,920.581,1.8
ch01_00000000132000000.mp4,49479,motorcycle,1,923.831,6.7
ch01_00000000132000000.mp4,49668,motorcycle,1,926.18,1.7
ch01_00000000132000000.mp4,49618,truck,7,927.53,8.8
ch01_00000000132000000.mp4,49752,motorcycle,1,927.58,2.4
ch01_00000000132000000.mp4,50077,motorcycle,1,932.38,11.3
ch01_00000000132000000.mp4,50140,car,2,935.08,3.6
ch01_00000000132000000.mp4,50282,car,2,936.13,3.5
ch01_00000000132000000.mp4,50419,motorcycle,1,938.479,6.5
ch01_00000000132000000.mp4,50470,motorcycle,1,939.279,7.2
ch01_00000000132000000.mp4,50402,motorcycle,1,940.029,10.6
ch01_00000000132000000.mp4,50503,motorcycle,1,940.579,8.0
ch01_00000000132000000.mp4,50527,motorcycle,1,941.079,8.4
ch01_00000000132000000.mp4,50493,motorcycle,1,941.279,9.2
ch01_00000000132000000.mp4,50568,motorcycle,1,942.729,8.6
ch01_00000000132000000.mp4,50582,motorcycle,1,943.729,8.6
ch01_00000000132000000.mp4,50702,motorcycle,1,944.879,10.6
ch01_00000000132000000.mp4,50744,motorcycle,1,945.079,15.7
ch01_00000000132000000.mp4,50760,motorcycle,1,945.379,18.9
ch01_00000000132000000.mp4,50793,motorcycle,1,946.029,16.4
ch01_00000000132000000.mp4,50883,car,2,948.529,16.4
ch01_00000000132000000.mp4,50992,motorcycle,1,949.379,20.0
ch01_00000000132000000.mp4,51180,motorcycle,1,952.378,32.7
ch01_00000000132000000.mp4,51128,motorcycle,1,952.378,14.4
ch01_00000000132000000.mp4,51148,car,2,953.328,15.0
ch01_00000000132000000.mp4,51361,motorcycle,1,955.178,16.4
ch01_00000000132000000.mp4,51418,car,2,956.328,32.7
ch01_00000000132000000.mp4,51456,motorcycle,1,956.778,21.2
ch01_00000000132000000.mp4,51468,car,2,958.878,5.5
ch01_00000000132000000.mp4,51442,motorcycle,1,959.478,10.6
ch01_00000000132000000.mp4,51640,motorcycle,1,959.578,17.1
ch01_00000000132000000.mp4,51763,motorcycle,1,961.578,13.8
ch01_00000000132000000.mp4,51760,motorcycle,1,961.628,17.1
ch01_00000000132000000.mp4,51757,car,2,961.678,3.4
ch01_00000000132000000.mp4,51724,truck,6,962.978,15.0
ch01_00000000132000000.mp4,51964,motorcycle,1,964.178,15.7
ch01_00000000132000000.mp4,52068,motorcycle,1,965.777,15.0
ch01_00000000132000000.mp4,52114,motorcycle,1,967.227,18.9
ch01_00000000132000000.mp4,52209,motorcycle,1,967.577,30.0
ch01_00000000132000000.mp4,52311,motorcycle,1,968.727,12.9
ch01_00000000132000000.mp4,52175,motorcycle,1,969.877,4.0
ch01_00000000132000000.mp4,52288,motorcycle,1,970.227,11.6
ch01_00000000132000000.mp4,52468,motorcycle,1,971.277,21.2
ch01_00000000132000000.mp4,52483,car,2,973.027,3.8
ch01_00000000132000000.mp4,52609,motorcycle,1,973.177,21.2
ch01_00000000132000000.mp4,52622,truck,6,973.527,21.2
ch01_00000000132000000.mp4,52684,motorcycle,1,974.827,21.2
ch01_00000000132000000.mp4,52691,motorcycle,1,975.127,21.2
ch01_00000000132000000.mp4,52627,motorcycle,1,975.977,12.0
ch01_00000000132000000.mp4,52858,motorcycle,1,977.876,21.2
ch01_00000000132000000.mp4,52919,motorcycle,1,978.576,24.0
ch01_00000000132000000.mp4,52931,truck,6,978.976,16.4
ch01_00000000132000000.mp4,53044,car,2,980.876,16.4
ch01_00000000132000000.mp4,53094,motorcycle,1,981.426,18.0
ch01_00000000132000000.mp4,53079,motorcycle,1,982.176,10.3
ch01_00000000132000000.mp4,53183,truck,4,983.276,21.2
ch01_00000000132000000.mp4,53340,motorcycle,1,986.176,4.4
ch01_00000000132000000.mp4,53280,car,2,986.926,3.0
ch01_00000000132000000.mp4,53068,motorcycle,1,987.526,7.3
ch01_00000000132000000.mp4,53436,motorcycle,1,987.676,25.7
ch01_00000000132000000.mp4,53501,motorcycle,1,988.676,32.7
ch01_00000000132000000.mp4,53326,car,2,990.875,7.2
ch01_00000000132000000.mp4,53556,motorcycle,1,991.076,13.8
ch01_00000000132000000.mp4,53651,motorcycle,1,991.825,18.0
ch01_00000000132000000.mp4,53596,motorcycle,1,992.175,9.2
ch01_00000000132000000.mp4,53754,motorcycle,1,993.475,22.5
ch01_00000000132000000.mp4,53675,car,2,994.075,11.3
ch01_00000000132000000.mp4,53893,motorcycle,1,995.925,24.0
ch01_00000000132000000.mp4,54000,motorcycle,1,997.775,22.5
ch01_00000000132000000.mp4,54032,motorcycle,1,998.275,18.9
ch01_00000000132000000.mp4,53783,bus,5,998.425,9.2
ch01_00000000132000000.mp4,54125,motorcycle,1,999.875,25.7
ch01_00000000132000000.mp4,54033,truck,6,1000.775,10.0
ch01_00000000132000000.mp4,54245,motorcycle,1,1002.275,22.5
ch01_00000000132000000.mp4,54258,motorcycle,1,1002.525,25.7
ch01_00000000132000000.mp4,54261,motorcycle,1,1002.925,12.0
ch01_00000000132000000.mp4,54346,motorcycle,1,1003.625,12.9
ch01_00000000132000000.mp4,54406,motorcycle,1,1004.174,13.3
ch01_00000000132000000.mp4,54432,car,2,1004.824,6.2
ch01_00000000132000000.mp4,54500,motorcycle,1,1005.374,22.5
ch01_00000000132000000.mp4,54602,motorcycle,1,1006.724,20.0
ch01_00000000132000000.mp4,54623,motorcycle,1,1006.774,25.7
ch01_00000000132000000.mp4,54621,motorcycle,1,1007.024,20.0
ch01_00000000132000000.mp4,54672,motorcycle,1,1007.824,22.5
ch01_00000000132000000.mp4,54728,motorcycle,1,1008.874,22.5
ch01_00000000132000000.mp4,54667,motorcycle,1,1009.924,24.0
ch01_00000000132000000.mp4,54807,motorcycle,1,1010.074,21.2
ch01_00000000132000000.mp4,54789,motorcycle,1,1010.824,18.9
ch01_00000000132000000.mp4,54857,motorcycle,1,1011.174,21.2
ch01_00000000132000000.mp4,54993,motorcycle,1,1013.424,17.1
ch01_00000000132000000.mp4,55101,motorcycle,1,1015.574,12.4
ch01_00000000132000000.mp4,55256,motorcycle,1,1016.424,24.0
ch01_00000000132000000.mp4,54767,car,2,1017.723,4.3
ch01_00000000132000000.mp4,55318,car,2,1018.373,10.9
ch01_00000000132000000.mp4,55379,motorcycle,1,1018.573,18.9
ch01_00000000132000000.mp4,55369,motorcycle,1,1019.123,10.6
ch01_00000000132000000.mp4,55539,motorcycle,1,1020.723,7.3
ch01_00000000132000000.mp4,54871,truck,6,1021.573,6.0
ch01_00000000132000000.mp4,55729,motorcycle,1,1023.923,10.0
ch01_00000000132000000.mp4,55779,motorcycle,1,1024.623,22.5
ch01_00000000132000000.mp4,55694,car,2,1026.273,8.4
ch01_00000000132000000.mp4,55963,car,2,1030.572,7.5
ch01_00000000132000000.mp4,56286,motorcycle,1,1032.772,9.0
ch01_00000000132000000.mp4,56354,car,2,1036.722,2.7
ch01_00000000132000000.mp4,56583,motorcycle,1,1038.272,10.9
ch01_00000000132000000.mp4,56543,motorcycle,1,1038.472,13.8
ch01_00000000132000000.mp4,56562,motorcycle,1,1038.572,13.8
ch01_00000000132000000.mp4,56609,motorcycle,1,1039.222,14.4
ch01_00000000132000000.mp4,56677,motorcycle,1,1039.672,12.0
ch01_00000000132000000.mp4,56666,motorcycle,1,1039.822,12.4
ch01_00000000132000000.mp4,56740,motorcycle,1,1041.072,12.9
ch01_00000000132000000.mp4,56780,motorcycle,1,1041.172,11.3
ch01_00000000132000000.mp4,56590,car,2,1041.822,9.5
ch01_00000000132000000.mp4,56852,car,2,1043.671,10.3
ch01_00000000132000000.mp4,56980,motorcycle,1,1044.421,13.8
ch01_00000000132000000.mp4,57081,motorcycle,1,1045.721,18.0
ch01_00000000132000000.mp4,57127,motorcycle,1,1046.421,15.7
ch01_00000000132000000.mp4,57184,motorcycle,1,1047.121,17.1
ch01_00000000132000000.mp4,57139,car,2,1047.371,10.9
ch01_00000000132000000.mp4,57252,motorcycle,1,1048.021,20.0
ch01_00000000132000000.mp4,57246,motorcycle,1,1048.271,11.6
ch01_00000000132000000.mp4,57317,motorcycle,1,1049.121,21.2
ch01_00000000132000000.mp4,57268,car,2,1049.371,12.9
ch01_00000000132000000.mp4,57387,motorcycle,1,1050.221,20.0
ch01_00000000132000000.mp4,57431,car,2,1051.671,12.9
ch01_00000000132000000.mp4,57503,car,2,1052.671,12.9
ch01_00000000132000000.mp4,57585,motorcycle,1,1054.571,6.0
ch01_00000000132000000.mp4,57662,car,3,1055.521,12.0
ch01_00000000132000000.mp4,57747,motorcycle,1,1056.271,12.9
ch01_00000000132000000.mp4,57826,motorcycle,1,1056.92,12.4
ch01_00000000132000000.mp4,57714,car,3,1057.771,4.1
ch01_00000000132000000.mp4,57903,motorcycle,1,1058.22,15.0
ch01_00000000132000000.mp4,57507,car,2,1059.27,7.8
ch01_00000000132000000.mp4,57748,motorcycle,1,1059.67,11.6
ch01_00000000132000000.mp4,58116,motorcycle,1,1061.42,14.4
ch01_00000000132000000.mp4,58090,truck,4,1062.37,10.9
ch01_00000000132000000.mp4,58153,motorcycle,1,1062.47,15.7
ch01_00000000132000000.mp4,58251,motorcycle,1,1063.92,18.9
ch01_00000000132000000.mp4,58319,car,2,1065.92,6.3
ch01_00000000132000000.mp4,58349,car,2,1066.47,11.6
ch01_00000000132000000.mp4,58445,truck,6,1069.52,15.0
ch01_00000000132000000.mp4,58529,car,3,1069.67,13.3
ch01_00000000132000000.mp4,58534,motorcycle,1,1070.02,18.0
ch01_00000000132000000.mp4,58582,car,2,1070.469,13.8
ch01_00000000132000000.mp4,58606,motorcycle,1,1070.669,15.0
ch01_00000000132000000.mp4,58581,car,2,1071.219,6.9
ch01_00000000132000000.mp4,58726,motorcycle,1,1072.519,20.0
ch01_00000000132000000.mp4,58796,car,2,1073.969,12.9
ch01_00000000132000000.mp4,59083,car,2,1078.619,9.7
ch01_00000000132000000.mp4,59037,motorcycle,1,1078.719,7.1
ch01_00000000132000000.mp4,59225,motorcycle,1,1080.769,6.5
ch01_00000000132000000.mp4,59222,car,2,1080.969,8.2
ch01_00000000132000000.mp4,59379,car,3,1083.419,9.0
ch01_00000000132000000.mp4,59562,motorcycle,1,1085.818,10.0
ch01_00000000132000000.mp4,59537,car,2,1086.318,7.5
ch01_00000000132000000.mp4,59615,motorcycle,1,1086.818,11.3
ch01_00000000132000000.mp4,59739,motorcycle,1,1088.418,14.4
ch01_00000000132000000.mp4,59794,motorcycle,1,1089.468,15.0
ch01_00000000132000000.mp4,59788,truck,4,1089.918,11.6
ch01_00000000132000000.mp4,59878,motorcycle,1,1091.168,21.2
ch01_00000000132000000.mp4,59901,car,2,1092.118,12.0
ch01_00000000132000000.mp4,59993,car,2,1094.268,8.0
ch01_00000000132000000.mp4,60052,motorcycle,1,1094.618,12.9
ch01_00000000132000000.mp4,60070,motorcycle,1,1095.068,10.6
ch01_00000000132000000.mp4,60012,motorcycle,1,1095.218,10.3
ch01_00000000132000000.mp4,60131,motorcycle,1,1096.468,15.7
ch01_00000000132000000.mp4,60231,motorcycle,1,1097.668,24.0
ch01_00000000132000000.mp4,60258,car,2,1098.967,22.5
ch01_00000000132000000.mp4,60278,car,2,1100.417,15.0
ch01_00000000132000000.mp4,60378,motorcycle,1,1100.617,27.7
ch01_00000000132000000.mp4,60604,motorcycle,1,1104.167,25.7
ch01_00000000132000000.mp4,60631,motorcycle,1,1104.667,17.1
ch01_00000000132000000.mp4,60673,motorcycle,1,1105.517,16.4
ch01_00000000132000000.mp4,60827,motorcycle,1,1107.967,18.0
ch01_00000000132000000.mp4,60681,motorcycle,1,1109.117,6.1
ch01_00000000132000000.mp4,60895,motorcycle,1,1109.517,18.9
ch01_00000000132000000.mp4,60821,motorcycle,1,1109.667,12.9
ch01_00000000132000000.mp4,60921,motorcycle,1,1109.667,10.6
ch01_00000000132000000.mp4,60885,motorcycle,1,1110.167,9.0
ch01_00000000132000000.mp4,60898,motorcycle,1,1110.766,14.4
ch01_00000000132000000.mp4,60931,motorcycle,1,1111.316,11.6
ch01_00000000132000000.mp4,61016,motorcycle,1,1111.916,17.1
ch01_00000000132000000.mp4,60988,motorcycle,1,1112.566,12.0
ch01_00000000132000000.mp4,60993,motorcycle,1,1112.666,12.4
ch01_00000000132000000.mp4,61266,motorcycle,1,1115.766,22.5
ch01_00000000132000000.mp4,61296,motorcycle,1,1116.166,30.0
ch01_00000000132000000.mp4,61416,motorcycle,1,1118.216,20.0
ch01_00000000132000000.mp4,61399,car,2,1119.466,5.1
ch01_00000000132000000.mp4,61482,motorcycle,1,1119.766,24.0
ch01_00000000132000000.mp4,61424,motorcycle,1,1120.416,27.7
ch01_00000000132000000.mp4,61492,motorcycle,1,1120.766,6.7
ch01_00000000132000000.mp4,61608,motorcycle,1,1122.216,17.1
ch01_00000000132000000.mp4,61668,motorcycle,1,1123.616,15.0
ch01_00000000132000000.mp4,61632,motorcycle,1,1124.265,10.9
ch01_00000000132000000.mp4,61738,motorcycle,1,1124.765,24.0
ch01_00000000132000000.mp4,61705,motorcycle,1,1125.315,21.2
ch01_00000000132000000.mp4,61813,motorcycle,1,1126.515,24.0
ch01_00000000132000000.mp4,61735,car,3,1126.565,15.0
ch01_00000000132000000.mp4,61854,motorcycle,1,1127.765,16.4
ch01_00000000132000000.mp4,61875,motorcycle,1,1128.265,18.9
ch01_00000000132000000.mp4,61935,motorcycle,1,1129.315,13.8
ch01_00000000132000000.mp4,61913,truck,4,1129.765,20.0
ch01_00000000132000000.mp4,62036,motorcycle,1,1130.465,18.9
ch01_00000000132000000.mp4,62056,motorcycle,1,1130.815,24.0
ch01_00000000132000000.mp4,62088,motorcycle,1,1131.965,6.4
ch01_00000000132000000.mp4,62127,motorcycle,1,1132.265,21.2
ch01_00000000132000000.mp4,62072,car,2,1132.715,3.5
ch01_00000000132000000.mp4,62208,motorcycle,1,1133.665,21.2
ch01_00000000132000000.mp4,62161,motorcycle,1,1133.865,6.8
ch01_00000000132000000.mp4,62156,motorcycle,1,1135.015,11.6
ch01_00000000132000000.mp4,62330,motorcycle,1,1135.965,4.2
ch01_00000000132000000.mp4,62275,motorcycle,1,1136.165,12.9
ch01_00000000132000000.mp4,62393,motorcycle,1,1136.965,20.0
ch01_00000000132000000.mp4,62338,motorcycle,1,1137.465,4.6
ch01_00000000132000000.mp4,62365,motorcycle,1,1138.514,10.9
ch01_00000000132000000.mp4,62527,motorcycle,1,1139.364,21.2
ch01_00000000132000000.mp4,62565,motorcycle,1,1140.014,20.0
ch01_00000000132000000.mp4,62425,car,2,1140.264,4.1
ch01_00000000132000000.mp4,62647,motorcycle,1,1141.214,10.9
ch01_00000000132000000.mp4,62618,motorcycle,1,1141.514,14.4
ch01_00000000132000000.mp4,62743,motorcycle,1,1142.064,8.6
ch01_00000000132000000.mp4,62731,motorcycle,1,1142.564,7.5
ch01_00000000132000000.mp4,62821,motorcycle,1,1143.514,12.0
ch01_00000000132000000.mp4,63045,motorcycle,1,1147.214,3.4
ch01_00000000132000000.mp4,62960,motorcycle,1,1150.063,15.7
ch01_00000000132000000.mp4,63079,car,3,1150.313,4.1
ch01_00000000132000000.mp4,63195,motorcycle,1,1151.014,11.3
ch01_00000000132000000.mp4,63299,motorcycle,1,1152.163,14.4
ch01_00000000132000000.mp4,63212,motorcycle,1,1152.613,8.0
ch01_00000000132000000.mp4,63435,motorcycle,1,1152.963,7.8
ch01_00000000132000000.mp4,63503,motorcycle,1,1154.563,11.6
ch01_00000000132000000.mp4,63555,motorcycle,1,1155.163,6.7
ch01_00000000132000000.mp4,63726,truck,6,1158.763,18.0
ch01_00000000132000000.mp4,63843,motorcycle,1,1160.363,14.4
ch01_00000000132000000.mp4,63875,motorcycle,1,1162.113,4.0
ch01_00000000132000000.mp4,63781,motorcycle,1,1163.763,10.3
ch01_00000000132000000.mp4,63972,motorcycle,1,1163.862,30.0
ch01_00000000132000000.mp4,63915,motorcycle,1,1164.412,11.6
ch01_00000000132000000.mp4,64075,motorcycle,1,1167.412,5.4
ch01_00000000132000000.mp4,64028,car,2,1168.112,10.3
ch01_00000000132000000.mp4,64041,motorcycle,1,1168.112,3.1
ch01_00000000132000000.mp4,64097,car,2,1169.562,4.6
ch01_00000000132000000.mp4,64232,car,2,1170.512,15.7
ch01_00000000132000000.mp4,64135,motorcycle,1,1171.362,9.7
ch01_00000000132000000.mp4,64292,truck,6,1172.362,9.0
ch01_00000000132000000.mp4,64477,motorcycle,1,1174.512,8.8
ch01_00000000132000000.mp4,64513,motorcycle,1,1174.812,17.1
ch01_00000000132000000.mp4,64530,motorcycle,1,1175.412,9.2
ch01_00000000132000000.mp4,64567,motorcycle,1,1176.312,8.0
ch01_00000000132000000.mp4,64638,motorcycle,1,1177.762,4.6
ch01_00000000132000000.mp4,64644,motorcycle,1,1178.611,3.1
ch01_00000000132000000.mp4,64327,motorcycle,1,1178.961,7.3
ch01_00000000132000000.mp4,64542,car,2,1179.461,1.6
ch01_00000000132000000.mp4,64771,car,2,1180.211,13.8
ch01_00000000132000000.mp4,64677,motorcycle,1,1181.011,9.7
ch01_00000000132000000.mp4,64920,motorcycle,1,1183.611,17.1
ch01_00000000132000000.mp4,64800,car,2,1184.511,8.0
ch01_00000000132000000.mp4,65060,motorcycle,1,1186.161,12.0
ch01_00000000132000000.mp4,65197,motorcycle,1,1187.161,13.3
ch01_00000000132000000.mp4,64882,truck,7,1189.611,4.3
ch01_00000000132000000.mp4,65563,car,3,1193.01,15.0
ch01_00000000132000000.mp4,65714,motorcycle,1,1194.26,30.0
ch01_00000000132000000.mp4,65737,motorcycle,1,1194.76,27.7
ch01_00000000132000000.mp4,65723,motorcycle,1,1195.31,10.9
ch01_00000000132000000.mp4,65821,motorcycle,1,1196.21,27.7
ch01_00000000132000000.mp4,65892,motorcycle,1,1197.21,18.0
ch01_00000000132000000.mp4,65926,motorcycle,1,1197.81,21.2
ch01_00000000132000000.mp4,65482,car,2,1198.46,1.6
ch01_00000000132000000.mp4,65969,motorcycle,1,1198.51,21.2
ch01_00000000132000000.mp4,66019,motorcycle,1,1199.31,21.2
ch01_00000000132000000.mp4,66100,motorcycle,1,1200.61,22.5
ch01_00000000132000000.mp4,66137,motorcycle,1,1201.21,21.2
ch01_00000000132000000.mp4,65947,car,2,1201.66,1.6
ch01_00000000132000000.mp4,66186,motorcycle,1,1201.81,22.5
ch01_00000000132000000.mp4,66267,motorcycle,1,1203.509,24.0
ch01_00000000132000000.mp4,66303,motorcycle,1,1204.009,24.0
ch01_00000000132000000.mp4,66422,motorcycle,1,1206.009,20.0
ch01_00000000132000000.mp4,66261,car,2,1206.809,8.8
ch01_00000000132000000.mp4,66527,motorcycle,1,1207.209,21.2
ch01_00000000132000000.mp4,66479,motorcycle,1,1207.759,9.2
ch01_00000000132000000.mp4,66561,motorcycle,1,1209.509,10.6
ch01_00000000132000000.mp4,66714,motorcycle,1,1210.359,15.0
ch01_00000000132000000.mp4,66741,motorcycle,1,1210.559,14.4
ch01_00000000132000000.mp4,66197,truck,6,1211.559,5.2
ch01_00000000132000000.mp4,66825,motorcycle,1,1211.609,17.1
ch01_00000000132000000.mp4,66811,motorcycle,1,1212.259,20.0
ch01_00000000132000000.mp4,66944,motorcycle,1,1213.259,20.0
ch01_00000000132000000.mp4,66998,motorcycle,1,1213.859,24.0
ch01_00000000132000000.mp4,66985,motorcycle,1,1213.909,20.0
ch01_00000000132000000.mp4,66927,motorcycle,1,1214.259,21.2
ch01_00000000132000000.mp4,67056,motorcycle,1,1215.209,24.0
ch01_00000000132000000.mp4,66983,truck,4,1215.359,6.7
ch01_00000000132000000.mp4,67099,motorcycle,1,1216.409,20.0
ch01_00000000132000000.mp4,67173,motorcycle,1,1217.409,21.2
ch01_00000000132000000.mp4,67198,motorcycle,1,1218.108,22.5
ch01_00000000132000000.mp4,67144,car,2,1218.108,9.2
ch01_00000000132000000.mp4,67279,motorcycle,1,1219.258,20.0
ch01_00000000132000000.mp4,67214,car,2,1220.958,8.2
ch01_00000000132000000.mp4,67447,motorcycle,1,1221.808,24.0
ch01_00000000132000000.mp4,67454,motorcycle,1,1221.858,20.0
ch01_00000000132000000.mp4,67521,motorcycle,1,1222.958,22.5
ch01_00000000132000000.mp4,67581,motorcycle,1,1223.908,20.0
ch01_00000000132000000.mp4,67604,car,2,1224.358,24.0
ch01_00000000132000000.mp4,67639,motorcycle,1,1224.658,25.7
ch01_00000000132000000.mp4,67582,motorcycle,1,1226.208,2.7
ch01_00000000132000000.mp4,67738,motorcycle,1,1226.458,22.5
ch01_00000000132000000.mp4,67665,motorcycle,1,1227.208,11.3
ch01_00000000132000000.mp4,67713,motorcycle,1,1227.508,20.0
ch01_00000000132000000.mp4,67732,motorcycle,1,1228.208,14.4
ch01_00000000132000000.mp4,67839,motorcycle,1,1228.758,11.3
ch01_00000000132000000.mp4,67956,motorcycle,1,1229.408,20.0
ch01_00000000132000000.mp4,68002,motorcycle,1,1230.658,20.0
ch01_00000000132000000.mp4,67856,car,2,1232.157,7.8
ch01_00000000132000000.mp4,68120,motorcycle,1,1232.507,25.7
ch01_00000000132000000.mp4,68056,motorcycle,1,1233.057,7.8
ch01_00000000132000000.mp4,68288,motorcycle,1,1235.007,21.2
ch01_00000000132000000.mp4,68407,truck,4,1237.207,17.1
ch01_00000000132000000.mp4,68023,truck,4,1237.557,6.4
ch01_00000000132000000.mp4,68484,motorcycle,1,1238.107,20.0
ch01_00000000132000000.mp4,68498,car,2,1238.807,18.9
ch01_00000000132000000.mp4,68570,motorcycle,1,1239.357,18.9
ch01_00000000132000000.mp4,68613,motorcycle,1,1240.157,18.9
ch01_00000000132000000.mp4,68651,motorcycle,1,1240.157,10.0
ch01_00000000132000000.mp4,68692,truck,6,1241.157,12.9
ch01_00000000132000000.mp4,68525,car,2,1241.457,10.6
ch01_00000000132000000.mp4,68945,motorcycle,1,1245.106,21.2
ch01_00000000132000000.mp4,69016,motorcycle,1,1245.906,12.9
ch01_00000000132000000.mp4,69040,motorcycle,1,1246.456,22.5
ch01_00000000132000000.mp4,69099,motorcycle,1,1247.606,13.8
ch01_00000000132000000.mp4,69171,motorcycle,1,1248.906,17.1
ch01_00000000132000000.mp4,69178,car,2,1249.306,20.0
ch01_00000000132000000.mp4,69177,motorcycle,1,1249.306,7.2
ch01_00000000132000000.mp4,69262,motorcycle,1,1250.756,24.0
ch01_00000000132000000.mp4,69112,car,3,1251.806,6.3
ch01_00000000132000000.mp4,69394,car,3,1253.356,17.1
ch01_00000000132000000.mp4,69448,motorcycle,1,1253.506,20.0
ch01_00000000132000000.mp4,69292,motorcycle,1,1253.806,8.4
ch01_00000000132000000.mp4,69723,motorcycle,1,1257.656,20.0
ch01_00000000132000000.mp4,69706,car,3,1257.805,15.0
ch01_00000000132000000.mp4,69772,motorcycle,1,1258.355,18.9
ch01_00000000132000000.mp4,69821,car,2,1259.505,13.8
ch01_00000000132000000.mp4,69885,motorcycle,1,1260.255,13.8
ch01_00000000132000000.mp4,69934,motorcycle,1,1261.055,17.1
ch01_00000000132000000.mp4,69991,motorcycle,1,1262.055,18.9
ch01_00000000132000000.mp4,69927,car,2,1262.305,9.5
ch01_00000000132000000.mp4,69980,car,2,1262.355,11.6
ch01_00000000132000000.mp4,69955,motorcycle,1,1262.405,18.9
ch01_00000000132000000.mp4,70084,car,2,1264.155,13.3
ch01_00000000132000000.mp4,70154,motorcycle,1,1265.155,21.2
ch01_00000000132000000.mp4,70153,car,2,1265.555,13.8
ch01_00000000132000000.mp4,70291,motorcycle,1,1266.605,21.2
ch01_00000000132000000.mp4,70306,motorcycle,1,1267.005,24.0
ch01_00000000132000000.mp4,70336,car,2,1267.105,10.6
ch01_00000000132000000.mp4,70346,motorcycle,1,1267.505,21.2
ch01_00000000132000000.mp4,70369,motorcycle,1,1267.955,21.2
ch01_00000000132000000.mp4,70397,motorcycle,1,1268.505,21.2
ch01_00000000132000000.mp4,70371,car,2,1268.655,13.8
ch01_00000000132000000.mp4,70445,motorcycle,1,1269.205,21.2
ch01_00000000132000000.mp4,70460,motorcycle,1,1269.705,21.2
ch01_00000000132000000.mp4,70443,car,2,1270.005,12.9
ch01_00000000132000000.mp4,70533,motorcycle,1,1270.505,18.9
ch01_00000000132000000.mp4,70587,motorcycle,1,1271.154,17.1
ch01_00000000132000000.mp4,70637,motorcycle,1,1271.904,20.0
ch01_00000000132000000.mp4,70655,motorcycle,1,1272.204,18.9
ch01_00000000132000000.mp4,70686,motorcycle,1,1272.454,25.7
ch01_00000000132000000.mp4,70735,motorcycle,1,1273.754,21.2
ch01_00000000132000000.mp4,70714,motorcycle,1,1273.954,11.6
ch01_00000000132000000.mp4,70804,motorcycle,1,1274.604,22.5
ch01_00000000132000000.mp4,70801,car,2,1275.204,13.8
ch01_00000000132000000.mp4,70929,motorcycle,1,1276.354,18.0
ch01_00000000132000000.mp4,71077,motorcycle,1,1277.854,27.7
ch01_00000000132000000.mp4,71215,car,2,1280.454,18.9
ch01_00000000132000000.mp4,71304,car,3,1281.604,8.6
ch01_00000000132000000.mp4,71309,car,2,1282.004,18.9
ch01_00000000132000000.mp4,71269,car,2,1282.604,30.0
ch01_00000000132000000.mp4,71378,motorcycle,1,1282.704,14.4
ch01_00000000132000000.mp4,71379,motorcycle,1,1282.854,21.2
ch01_00000000132000000.mp4,71444,motorcycle,1,1284.053,25.7
ch01_00000000132000000.mp4,71464,truck,4,1285.203,7.2
ch01_00000000132000000.mp4,71551,car,2,1285.653,18.9
ch01_00000000132000000.mp4,71630,motorcycle,1,1286.203,32.7
ch01_00000000132000000.mp4,71689,motorcycle,1,1287.003,10.3
ch01_00000000132000000.mp4,71719,motorcycle,1,1287.403,22.5
ch01_00000000132000000.mp4,71758,motorcycle,1,1288.403,14.4
ch01_00000000132000000.mp4,71867,car,2,1290.403,10.3
ch01_00000000132000000.mp4,71981,car,2,1291.353,18.9
ch01_00000000132000000.mp4,72101,motorcycle,1,1292.903,6.7
ch01_00000000132000000.mp4,72097,motorcycle,1,1293.353,10.3
ch01_00000000132000000.mp4,72110,motorcycle,1,1293.453,25.7
ch01_00000000132000000.mp4,72138,motorcycle,1,1293.753,30.0
ch01_00000000132000000.mp4,72184,motorcycle,1,1294.403,27.7
ch01_00000000132000000.mp4,72241,motorcycle,1,1295.653,30.0
ch01_00000000132000000.mp4,72100,car,2,1295.703,2.7
ch01_00000000132000000.mp4,72265,motorcycle,1,1296.003,30.0
ch01_00000000132000000.mp4,72290,motorcycle,1,1296.753,22.5
ch01_00000000132000000.mp4,72408,motorcycle,1,1298.952,22.5
ch01_00000000132000000.mp4,72464,motorcycle,1,1300.002,21.2
ch01_00000000132000000.mp4,72394,motorcycle,1,1301.152,12.9
ch01_00000000132000000.mp4,72218,car,2,1301.352,7.7
ch01_00000000132000000.mp4,72518,motorcycle,1,1302.302,8.4
ch01_00000000132000000.mp4,72537,motorcycle,1,1302.452,10.6
ch01_00000000132000000.mp4,72688,motorcycle,1,1303.802,14.4
ch01_00000000132000000.mp4,72810,motorcycle,1,1305.452,8.0
ch01_00000000132000000.mp4,72827,car,3,1306.652,17.1
ch01_00000000132000000.mp4,72585,car,2,1307.152,9.7
ch01_00000000132000000.mp4,72915,car,2,1307.952,17.1
ch01_00000000132000000.mp4,72831,car,2,1309.152,8.2
ch01_00000000132000000.mp4,73049,car,2,1309.601,18.0
ch01_00000000132000000.mp4,73039,motorcycle,1,1309.851,18.0
ch01_00000000132000000.mp4,73035,car,2,1311.451,9.5
ch01_00000000132000000.mp4,73215,car,2,1313.051,11.3
ch01_00000000132000000.mp4,73247,motorcycle,1,1313.551,30.0
ch01_00000000132000000.mp4,73167,car,2,1313.551,10.0
ch01_00000000132000000.mp4,73311,motorcycle,1,1315.001,12.4
ch01_00000000132000000.mp4,73254,truck,4,1316.351,10.9
ch01_00000000132000000.mp4,73380,car,3,1318.401,8.4
ch01_00000000132000000.mp4,73480,motorcycle,1,1320.151,12.4
ch01_00000000132000000.mp4,73528,truck,4,1321.451,15.0
ch01_00000000132000000.mp4,73604,motorcycle,1,1321.601,24.0
ch01_00000000132000000.mp4,73646,car,3,1322.351,9.2
ch01_00000000132000000.mp4,73619,motorcycle,1,1322.701,15.7
ch01_00000000132000000.mp4,73666,motorcycle,1,1323.501,13.8
ch01_00000000132000000.mp4,73714,motorcycle,1,1324.3,27.7
ch01_00000000132000000.mp4,73708,motorcycle,1,1324.45,13.3
ch01_00000000132000000.mp4,73705,motorcycle,1,1325.15,12.9
ch01_00000000132000000.mp4,73876,motorcycle,1,1327.0,7.2
ch01_00000000132000000.mp4,73981,motorcycle,1,1328.7,21.2
ch01_00000000132000000.mp4,73998,motorcycle,1,1328.9,40.0
ch01_00000000132000000.mp4,74001,motorcycle,1,1329.25,22.5
ch01_00000000132000000.mp4,74127,motorcycle,1,1331.2,27.7
ch01_00000000132000000.mp4,74190,motorcycle,1,1332.25,18.9
ch01_00000000132000000.mp4,74220,motorcycle,1,1332.7,24.0
ch01_00000000132000000.mp4,74421,motorcycle,1,1336.05,21.2
ch01_00000000132000000.mp4,74305,car,2,1337.999,10.0
ch01_00000000132000000.mp4,74485,motorcycle,1,1338.849,11.3
ch01_00000000132000000.mp4,74598,motorcycle,1,1340.349,15.0
ch01_00000000132000000.mp4,74506,car,3,1340.949,8.6
ch01_00000000132000000.mp4,74662,motorcycle,1,1342.749,10.9
ch01_00000000132000000.mp4,74718,motorcycle,1,1343.649,12.4
ch01_00000000132000000.mp4,74860,car,2,1345.349,12.4
ch01_00000000132000000.mp4,75045,motorcycle,1,1346.699,20.0
ch01_00000000132000000.mp4,74625,car,2,1347.299,6.1
ch01_00000000132000000.mp4,75136,motorcycle,1,1348.149,18.9
ch01_00000000132000000.mp4,75188,motorcycle,1,1348.899,24.0
ch01_00000000132000000.mp4,75278,motorcycle,1,1350.599,12.4
ch01_00000000132000000.mp4,75213,car,2,1351.198,10.0
ch01_00000000132000000.mp4,75374,motorcycle,1,1352.348,30.0
ch01_00000000132000000.mp4,75489,motorcycle,1,1355.248,9.5
ch01_00000000132000000.mp4,75533,car,3,1356.748,16.4
ch01_00000000132000000.mp4,75492,car,2,1357.548,5.0
ch01_00000000132000000.mp4,75670,motorcycle,1,1359.548,7.8
ch01_00000000132000000.mp4,75715,motorcycle,1,1361.598,11.6
ch01_00000000132000000.mp4,75837,motorcycle,1,1362.298,20.0
ch01_00000000132000000.mp4,75698,motorcycle,1,1362.648,5.5
ch01_00000000132000000.mp4,75798,car,2,1364.247,4.4
ch01_00000000132000000.mp4,75997,car,2,1365.847,20.0
ch01_00000000132000000.mp4,76096,car,2,1367.397,20.0
ch01_00000000132000000.mp4,76141,motorcycle,1,1368.197,22.5
ch01_00000000132000000.mp4,76183,motorcycle,1,1369.397,12.4
ch01_00000000132000000.mp4,76195,car,2,1370.047,18.9
ch01_00000000132000000.mp4,76256,motorcycle,1,1370.797,16.4
ch01_00000000132000000.mp4,76420,car,3,1376.746,3.3
ch01_00000000132000000.mp4,76323,truck,4,1377.846,7.3
ch01_00000000132000000.mp4,76664,motorcycle,1,1378.446,11.6
ch01_00000000132000000.mp4,76659,motorcycle,1,1379.096,9.7
ch01_00000000132000000.mp4,76796,motorcycle,1,1379.996,10.0
ch01_00000000132000000.mp4,76716,car,2,1381.996,7.7
ch01_00000000132000000.mp4,77005,car,3,1384.796,10.3
ch01_00000000132000000.mp4,77218,car,2,1388.096,11.3
ch01_00000000132000000.mp4,77330,motorcycle,1,1389.346,15.0
ch01_00000000132000000.mp4,77605,motorcycle,1,1393.645,6.8
ch01_00000000132000000.mp4,77577,motorcycle,1,1393.995,15.7
ch01_00000000132000000.mp4,77640,car,2,1394.345,21.2
ch01_00000000132000000.mp4,77669,motorcycle,1,1394.445,25.7
ch01_00000000132000000.mp4,77710,motorcycle,1,1395.045,24.0
ch01_00000000132000000.mp4,77758,motorcycle,1,1397.595,12.9
ch01_00000000132000000.mp4,77829,motorcycle,1,1398.945,10.6
ch01_00000000132000000.mp4,77908,motorcycle,1,1399.145,17.1
ch01_00000000132000000.mp4,77988,motorcycle,1,1399.745,14.4
ch01_00000000132000000.mp4,77951,motorcycle,1,1400.345,9.7
ch01_00000000132000000.mp4,78041,motorcycle,1,1400.495,18.0
ch01_00000000132000000.mp4,78152,motorcycle,1,1402.745,16.4
ch01_00000000132000000.mp4,78268,motorcycle,1,1404.744,24.0
ch01_00000000132000000.mp4,78362,motorcycle,1,1407.144,24.0
ch01_00000000132000000.mp4,78375,motorcycle,1,1407.194,10.3
ch01_00000000132000000.mp4,78387,motorcycle,1,1408.544,10.6
ch01_00000000132000000.mp4,78434,motorcycle,1,1408.744,22.5
ch01_00000000132000000.mp4,78500,motorcycle,1,1409.644,9.0
ch01_00000000132000000.mp4,78511,motorcycle,1,1410.244,18.9
ch01_00000000132000000.mp4,78561,motorcycle,1,1410.744,18.9
ch01_00000000132000000.mp4,78582,motorcycle,1,1410.794,36.0
ch01_00000000132000000.mp4,78718,car,2,1413.794,18.0
ch01_00000000132000000.mp4,78865,motorcycle,1,1415.194,27.7
ch01_00000000132000000.mp4,79006,motorcycle,1,1416.543,27.7
ch01_00000000132000000.mp4,79106,motorcycle,1,1417.993,27.7
ch01_00000000132000000.mp4,79133,motorcycle,1,1418.293,24.0
ch01_00000000132000000.mp4,79128,motorcycle,1,1418.343,25.7
ch01_00000000132000000.mp4,79223,motorcycle,1,1419.293,32.7
ch01_00000000132000000.mp4,79203,motorcycle,1,1419.393,25.7
ch01_00000000132000000.mp4,79284,motorcycle,1,1419.943,25.7
ch01_00000000132000000.mp4,79324,motorcycle,1,1420.393,30.0
ch01_00000000132000000.mp4,79346,motorcycle,1,1420.893,25.7
ch01_00000000132000000.mp4,79367,motorcycle,1,1421.143,30.0
ch01_00000000132000000.mp4,79428,motorcycle,1,1422.043,27.7
ch01_00000000132000000.mp4,79475,motorcycle,1,1422.593,24.0
ch01_00000000132000000.mp4,79480,motorcycle,1,1422.643,27.7
ch01_00000000132000000.mp4,79490,motorcycle,1,1422.993,27.7
ch01_00000000132000000.mp4,79361,motorcycle,1,1423.393,27.7
ch01_00000000132000000.mp4,79552,motorcycle,1,1423.993,25.7
ch01_00000000132000000.mp4,79610,motorcycle,1,1425.343,30.0
ch01_00000000132000000.mp4,79651,motorcycle,1,1425.943,25.7
ch01_00000000132000000.mp4,79692,motorcycle,1,1426.343,30.0
ch01_00000000132000000.mp4,79706,motorcycle,1,1426.793,21.2
ch01_00000000132000000.mp4,79725,motorcycle,1,1426.993,25.7
ch01_00000000132000000.mp4,79763,motorcycle,1,1427.343,20.0
ch01_00000000132000000.mp4,79749,motorcycle,1,1427.393,25.7
ch01_00000000132000000.mp4,79815,motorcycle,1,1427.993,27.7
ch01_00000000132000000.mp4,79892,motorcycle,1,1428.693,20.0
ch01_00000000132000000.mp4,79891,motorcycle,1,1428.993,27.7
ch01_00000000132000000.mp4,79928,motorcycle,1,1429.493,27.7
ch01_00000000132000000.mp4,80071,motorcycle,1,1431.742,27.7
ch01_00000000132000000.mp4,80028,truck,7,1432.342,12.4
ch01_00000000132000000.mp4,80269,motorcycle,1,1434.092,14.4
ch01_00000000132000000.mp4,80250,motorcycle,1,1434.142,25.7
ch01_00000000132000000.mp4,80295,motorcycle,1,1434.492,25.7
ch01_00000000132000000.mp4,80346,motorcycle,1,1435.092,27.7
ch01_00000000132000000.mp4,80270,motorcycle,1,1435.942,16.4
ch01_00000000132000000.mp4,80423,car,2,1437.492,10.0
ch01_00000000132000000.mp4,80658,motorcycle,1,1439.542,11.6
ch01_00000000132000000.mp4,80371,truck,6,1439.792,9.7
ch01_00000000132000000.mp4,80681,motorcycle,1,1439.942,25.7
ch01_00000000132000000.mp4,80827,motorcycle,1,1442.792,11.6
ch01_00000000132000000.mp4,80899,motorcycle,1,1444.241,18.9
ch01_00000000132000000.mp4,80952,motorcycle,1,1445.541,8.6
ch01_00000000132000000.mp4,81225,motorcycle,1,1448.791,21.2
ch01_00000000132000000.mp4,81230,truck,4,1449.591,12.9
ch01_00000000132000000.mp4,81288,motorcycle,1,1449.841,18.9
ch01_00000000132000000.mp4,81287,motorcycle,1,1450.941,10.3
ch01_00000000132000000.mp4,81358,motorcycle,1,1452.341,11.3
ch01_00000000132000000.mp4,81445,motorcycle,1,1452.391,13.3
ch01_00000000132000000.mp4,81480,motorcycle,1,1452.891,15.0
ch01_00000000132000000.mp4,81585,motorcycle,1,1454.591,20.0
ch01_00000000132000000.mp4,81598,motorcycle,1,1455.091,18.9
ch01_00000000132000000.mp4,82162,truck,6,1463.34,7.5
ch01_00000000132000000.mp4,82197,motorcycle,1,1464.14,9.7
ch01_00000000132000000.mp4,82156,car,2,1465.59,8.0
ch01_00000000132000000.mp4,82332,motorcycle,1,1466.19,13.8
ch01_00000000132000000.mp4,82434,motorcycle,1,1467.54,10.9
ch01_00000000132000000.mp4,82538,motorcycle,1,1468.79,10.3
ch01_00000000132000000.mp4,82476,car,2,1469.29,10.6
ch01_00000000132000000.mp4,82614,car,2,1470.389,4.8
ch01_00000000132000000.mp4,82628,car,2,1471.239,12.4
ch01_00000000132000000.mp4,82762,motorcycle,1,1471.239,7.8
ch01_00000000132000000.mp4,82839,motorcycle,1,1472.789,21.2
ch01_00000000132000000.mp4,82854,motorcycle,1,1472.989,12.9
ch01_00000000132000000.mp4,82893,motorcycle,1,1473.789,11.3
ch01_00000000132000000.mp4,82877,motorcycle,1,1474.039,20.0
ch01_00000000132000000.mp4,82920,motorcycle,1,1474.389,18.0
ch01_00000000132000000.mp4,82913,motorcycle,1,1474.539,14.4
ch01_00000000132000000.mp4,82932,motorcycle,1,1474.689,21.2
ch01_00000000132000000.mp4,82969,motorcycle,1,1475.439,20.0
ch01_00000000132000000.mp4,82995,motorcycle,1,1475.889,20.0
ch01_00000000132000000.mp4,83008,motorcycle,1,1475.989,24.0
ch01_00000000132000000.mp4,83173,motorcycle,1,1478.639,21.2
ch01_00000000132000000.mp4,83194,motorcycle,1,1479.039,24.0
ch01_00000000132000000.mp4,83221,motorcycle,1,1480.289,5.3
ch01_00000000132000000.mp4,83157,motorcycle,1,1480.389,9.2
ch01_00000000132000000.mp4,83203,car,2,1482.039,2.4
ch01_00000000132000000.mp4,83355,car,3,1482.439,13.8
ch01_00000000132000000.mp4,83453,car,2,1484.038,21.2
ch01_00000000132000000.mp4,83321,motorcycle,1,1484.288,5.9
ch01_00000000132000000.mp4,83505,motorcycle,1,1484.788,25.7
ch01_00000000132000000.mp4,83546,motorcycle,1,1485.638,21.2
ch01_00000000132000000.mp4,83450,car,2,1486.738,9.0
ch01_00000000132000000.mp4,83617,truck,4,1488.838,12.0
ch01_00000000132000000.mp4,83557,car,2,1490.088,6.2
ch01_00000000132000000.mp4,83859,motorcycle,1,1490.338,15.7
ch01_00000000132000000.mp4,83829,truck,4,1490.838,13.3
ch01_00000000132000000.mp4,83976,car,2,1492.938,14.4
ch01_00000000132000000.mp4,84032,motorcycle,1,1492.988,8.2
ch01_00000000132000000.mp4,84027,truck,6,1493.638,7.8
ch01_00000000132000000.mp4,84137,motorcycle,1,1494.488,20.0
ch01_00000000132000000.mp4,84189,motorcycle,1,1495.188,7.8
ch01_00000000132000000.mp4,84239,motorcycle,1,1496.487,9.0
ch01_00000000132000000.mp4,84247,car,2,1497.387,4.7
ch01_00000000132000000.mp4,84292,car,2,1499.087,5.1
ch01_00000000132000000.mp4,84352,motorcycle,1,1499.337,25.7
ch01_00000000132000000.mp4,84415,truck,6,1500.937,15.0
ch01_00000000132000000.mp4,84453,motorcycle,1,1501.137,12.0
ch01_00000000132000000.mp4,84545,car,3,1502.737,14.4
ch01_00000000132000000.mp4,84393,car,2,1503.337,6.4
ch01_00000000132000000.mp4,84761,motorcycle,1,1504.787,6.3
ch01_00000000132000000.mp4,84771,car,2,1505.737,16.4
ch01_00000000132000000.mp4,84853,motorcycle,1,1506.687,21.2
ch01_00000000132000000.mp4,84882,car,2,1507.537,16.4
ch01_00000000132000000.mp4,84944,motorcycle,1,1508.287,12.9
ch01_00000000132000000.mp4,84975,motorcycle,1,1508.937,17.1
ch01_00000000132000000.mp4,85065,motorcycle,1,1510.036,13.3
ch01_00000000132000000.mp4,85090,car,3,1510.436,20.0
ch01_00000000132000000.mp4,85101,motorcycle,1,1510.586,12.9
ch01_00000000132000000.mp4,84895,motorcycle,1,1511.036,18.9
ch01_00000000132000000.mp4,85172,motorcycle,1,1512.036,15.7
ch01_00000000132000000.mp4,85211,motorcycle,1,1512.586,15.7
ch01_00000000132000000.mp4,85220,motorcycle,1,1513.036,15.7
ch01_00000000132000000.mp4,85306,motorcycle,1,1514.236,13.8
ch01_00000000132000000.mp4,85263,car,2,1514.386,10.0
ch01_00000000132000000.mp4,85357,motorcycle,1,1515.236,12.0
ch01_00000000132000000.mp4,85416,motorcycle,1,1516.586,11.3
ch01_00000000132000000.mp4,85460,motorcycle,1,1516.736,12.9
ch01_00000000132000000.mp4,85501,motorcycle,1,1517.786,7.5
ch01_00000000132000000.mp4,85575,motorcycle,1,1517.886,10.9
ch01_00000000132000000.mp4,85590,motorcycle,1,1518.586,10.6
ch01_00000000132000000.mp4,85629,motorcycle,1,1518.936,10.6
ch01_00000000132000000.mp4,85656,motorcycle,1,1519.586,10.3
ch01_00000000132000000.mp4,85703,motorcycle,1,1520.336,11.6
ch01_00000000132000000.mp4,85767,motorcycle,1,1521.336,15.7
ch01_00000000132000000.mp4,85816,motorcycle,1,1522.186,13.3
ch01_00000000132000000.mp4,85437,truck,6,1523.885,6.7
ch01_00000000132000000.mp4,85920,car,2,1524.335,16.4
ch01_00000000132000000.mp4,85998,car,3,1526.335,9.7
ch01_00000000132000000.mp4,85850,car,2,1527.585,6.9
ch01_00000000132000000.mp4,86116,motorcycle,1,1527.785,13.3
ch01_00000000132000000.mp4,86179,motorcycle,1,1528.685,16.4
ch01_00000000132000000.mp4,86157,truck,6,1528.935,10.3
ch01_00000000132000000.mp4,86189,motorcycle,1,1529.135,14.4
ch01_00000000132000000.mp4,86325,car,2,1531.135,4.9
ch01_00000000132000000.mp4,86321,motorcycle,1,1531.735,13.8
ch01_00000000132000000.mp4,86324,motorcycle,1,1533.385,9.2
ch01_00000000132000000.mp4,86454,motorcycle,1,1534.135,14.4
ch01_00000000132000000.mp4,86380,car,2,1535.335,7.3
ch01_00000000132000000.mp4,86576,motorcycle,1,1535.985,20.0
ch01_00000000132000000.mp4,86651,car,2,1537.434,24.0
ch01_00000000132000000.mp4,86672,motorcycle,1,1537.734,25.7
ch01_00000000132000000.mp4,86632,truck,4,1539.234,6.2
ch01_00000000132000000.mp4,86513,car,2,1540.584,9.7
ch01_00000000132000000.mp4,86834,motorcycle,1,1540.884,25.7
ch01_00000000132000000.mp4,86793,car,2,1542.534,10.0
ch01_00000000132000000.mp4,87029,motorcycle,1,1544.384,20.0
ch01_00000000132000000.mp4,86931,car,2,1546.034,9.2
ch01_00000000132000000.mp4,87168,motorcycle,1,1546.484,30.0
ch01_00000000132000000.mp4,87092,car,2,1548.284,10.0
ch01_00000000132000000.mp4,87291,motorcycle,1,1548.834,16.4
ch01_00000000132000000.mp4,87328,motorcycle,1,1549.534,9.7
ch01_00000000132000000.mp4,87378,car,2,1550.184,20.0
ch01_00000000132000000.mp4,87418,motorcycle,1,1551.833,4.0
ch01_00000000132000000.mp4,87509,motorcycle,1,1552.633,5.8
ch01_00000000132000000.mp4,87556,motorcycle,1,1553.383,22.5
ch01_00000000132000000.mp4,87584,motorcycle,1,1553.733,22.5
ch01_00000000132000000.mp4,87586,motorcycle,1,1553.983,6.8
ch01_00000000132000000.mp4,87466,motorcycle,1,1554.083,3.4
ch01_00000000132000000.mp4,87492,motorcycle,1,1555.833,11.3
ch01_00000000132000000.mp4,87746,motorcycle,1,1556.983,13.8
ch01_00000000132000000.mp4,87790,motorcycle,1,1558.183,8.8
ch01_00000000132000000.mp4,87817,car,2,1559.583,13.3
ch01_00000000132000000.mp4,87916,car,3,1560.233,17.1
ch01_00000000132000000.mp4,88011,motorcycle,1,1561.233,20.0
ch01_00000000132000000.mp4,87980,motorcycle,1,1561.283,16.4
ch01_00000000132000000.mp4,88057,car,2,1562.983,18.0
ch01_00000000132000000.mp4,88145,motorcycle,1,1564.082,21.2
ch01_00000000132000000.mp4,88212,motorcycle,1,1566.182,9.2
ch01_00000000132000000.mp4,88262,motorcycle,1,1566.782,24.0
ch01_00000000132000000.mp4,88203,car,2,1567.132,17.1
ch01_00000000132000000.mp4,88404,motorcycle,1,1570.132,8.4
ch01_00000000132000000.mp4,88403,car,2,1571.582,15.7
ch01_00000000132000000.mp4,88623,car,3,1575.232,15.0
ch01_00000000132000000.mp4,88436,car,3,1577.331,8.6
ch01_00000000132000000.mp4,88748,truck,4,1577.431,16.4
ch01_00000000132000000.mp4,88869,motorcycle,1,1578.881,6.0
ch01_00000000132000000.mp4,88885,motorcycle,1,1579.231,15.7
ch01_00000000132000000.mp4,88908,motorcycle,1,1579.781,18.9
ch01_00000000132000000.mp4,88925,truck,4,1581.531,11.3
ch01_00000000132000000.mp4,88983,car,2,1581.781,18.0
ch01_00000000132000000.mp4,89170,motorcycle,1,1585.481,14.4
ch01_00000000132000000.mp4,89190,car,2,1586.881,13.3
ch01_00000000132000000.mp4,89299,motorcycle,1,1587.681,13.8
ch01_00000000132000000.mp4,89350,motorcycle,1,1588.331,12.0
ch01_00000000132000000.mp4,89465,motorcycle,1,1591.08,10.0
ch01_00000000132000000.mp4,89511,motorcycle,1,1591.78,22.5
ch01_00000000132000000.mp4,89506,car,2,1592.13,17.1
ch01_00000000132000000.mp4,89407,truck,4,1593.13,9.2
ch01_00000000132000000.mp4,89496,motorcycle,1,1594.48,10.9
ch01_00000000132000000.mp4,89691,motorcycle,1,1595.38,8.6
ch01_00000000132000000.mp4,89769,car,2,1600.73,3.1
ch01_00000000132000000.mp4,89993,motorcycle,1,1603.429,9.7
ch01_00000000132000000.mp4,89998,car,3,1605.429,3.9
ch01_00000000132000000.mp4,90211,motorcycle,1,1605.679,8.6
ch01_00000000132000000.mp4,90337,motorcycle,1,1608.029,11.3
ch01_00000000132000000.mp4,90201,car,2,1609.879,5.5
ch01_00000000132000000.mp4,90531,motorcycle,1,1611.679,24.0
ch01_00000000132000000.mp4,90767,car,2,1615.829,24.0
ch01_00000000132000000.mp4,90623,car,2,1619.828,1.5
ch01_00000000132000000.mp4,90847,car,2,1621.578,8.2
ch01_00000000132000000.mp4,91008,motorcycle,1,1622.028,11.6
ch01_00000000132000000.mp4,91162,motorcycle,1,1623.228,11.3
ch01_00000000132000000.mp4,91236,motorcycle,1,1623.728,18.9
ch01_00000000132000000.mp4,91334,motorcycle,1,1624.978,15.7
ch01_00000000132000000.mp4,91344,motorcycle,1,1625.078,20.0
ch01_00000000132000000.mp4,91376,motorcycle,1,1625.528,20.0
ch01_00000000132000000.mp4,91152,car,2,1627.728,6.7
ch01_00000000132000000.mp4,90919,car,2,1631.477,5.5
ch01_00000000132000000.mp4,91820,motorcycle,1,1632.327,16.4
ch01_00000000132000000.mp4,91855,motorcycle,1,1632.927,24.0
ch01_00000000132000000.mp4,91973,motorcycle,1,1634.927,25.7
ch01_00000000132000000.mp4,92039,motorcycle,1,1636.377,25.7
ch01_00000000132000000.mp4,92076,motorcycle,1,1636.777,25.7
ch01_00000000132000000.mp4,91875,motorcycle,1,1637.127,9.2
ch01_00000000132000000.mp4,92160,motorcycle,1,1638.227,24.0
ch01_00000000132000000.mp4,92104,car,2,1639.877,10.0
ch01_00000000132000000.mp4,92303,motorcycle,1,1640.477,24.0
ch01_00000000132000000.mp4,92332,motorcycle,1,1640.927,24.0
ch01_00000000132000000.mp4,92265,truck,4,1641.677,11.6
ch01_00000000132000000.mp4,92444,motorcycle,1,1642.427,21.2
ch01_00000000132000000.mp4,92452,motorcycle,1,1642.576,13.3
ch01_00000000132000000.mp4,92514,motorcycle,1,1643.476,27.7
ch01_00000000132000000.mp4,92546,motorcycle,1,1643.526,18.0
ch01_00000000132000000.mp4,92532,motorcycle,1,1643.626,12.4
ch01_00000000132000000.mp4,92548,motorcycle,1,1644.026,24.0
ch01_00000000132000000.mp4,92475,car,3,1645.026,10.9
ch01_00000000132000000.mp4,92648,motorcycle,1,1645.776,14.4
ch01_00000000132000000.mp4,92724,motorcycle,1,1646.326,24.0
ch01_00000000132000000.mp4,92741,motorcycle,1,1646.576,18.9
ch01_00000000132000000.mp4,92805,motorcycle,1,1647.176,22.5
ch01_00000000132000000.mp4,92871,motorcycle,1,1647.876,21.2
ch01_00000000132000000.mp4,92892,motorcycle,1,1648.276,6.8
ch01_00000000132000000.mp4,92925,motorcycle,1,1648.476,22.5
ch01_00000000132000000.mp4,93070,motorcycle,1,1649.976,27.7
ch01_00000000132000000.mp4,93086,motorcycle,1,1650.426,20.0
ch01_00000000132000000.mp4,92997,motorcycle,1,1651.026,6.1
ch01_00000000132000000.mp4,93055,car,2,1651.426,20.0
ch01_00000000132000000.mp4,92924,motorcycle,1,1652.476,6.2
ch01_00000000132000000.mp4,93247,motorcycle,1,1652.576,24.0
ch01_00000000132000000.mp4,93265,motorcycle,1,1653.276,25.7
ch01_00000000132000000.mp4,93151,motorcycle,1,1653.526,8.0
ch01_00000000132000000.mp4,93175,motorcycle,1,1653.826,7.2
ch01_00000000132000000.mp4,93317,motorcycle,1,1654.226,20.0
ch01_00000000132000000.mp4,93337,motorcycle,1,1654.576,20.0
ch01_00000000132000000.mp4,93154,car,2,1655.825,8.8
ch01_00000000132000000.mp4,93440,motorcycle,1,1656.126,18.9
ch01_00000000132000000.mp4,93510,motorcycle,1,1657.775,12.4
ch01_00000000132000000.mp4,93623,motorcycle,1,1659.125,18.9
ch01_00000000132000000.mp4,93558,car,2,1662.075,4.9
ch01_00000000132000000.mp4,93817,motorcycle,1,1662.225,21.2
ch01_00000000132000000.mp4,93898,motorcycle,1,1663.425,24.0
ch01_00000000132000000.mp4,93999,motorcycle,1,1665.275,18.9
ch01_00000000132000000.mp4,94025,motorcycle,1,1665.625,18.0
ch01_00000000132000000.mp4,93952,motorcycle,1,1666.275,10.9
ch01_00000000132000000.mp4,94227,motorcycle,1,1668.475,22.5
ch01_00000000132000000.mp4,94272,motorcycle,1,1669.074,21.2
ch01_00000000132000000.mp4,94273,truck,4,1669.374,14.4
ch01_00000000132000000.mp4,94119,car,2,1670.274,7.7
ch01_00000000132000000.mp4,94391,car,3,1671.124,18.9
ch01_00000000132000000.mp4,94498,motorcycle,1,1672.424,4.6
ch01_00000000132000000.mp4,94489,car,2,1672.774,21.2
ch01_00000000132000000.mp4,94521,motorcycle,1,1672.974,24.0
ch01_00000000132000000.mp4,94540,motorcycle,1,1673.324,22.5
ch01_00000000132000000.mp4,94514,motorcycle,1,1673.424,13.3
ch01_00000000132000000.mp4,94513,car,2,1674.624,9.7
ch01_00000000132000000.mp4,94650,motorcycle,1,1674.924,22.5
ch01_00000000132000000.mp4,94656,motorcycle,1,1675.174,24.0
ch01_00000000132000000.mp4,94663,car,2,1675.724,12.4
ch01_00000000132000000.mp4,94719,motorcycle,1,1676.124,21.2
ch01_00000000132000000.mp4,94734,motorcycle,1,1676.374,24.0
ch01_00000000132000000.mp4,94700,car,2,1677.574,10.9
ch01_00000000132000000.mp4,94804,motorcycle,1,1677.874,12.0
ch01_00000000132000000.mp4,95030,truck,4,1681.874,18.9
ch01_00000000132000000.mp4,95095,motorcycle,1,1682.623,14.4
ch01_00000000132000000.mp4,95094,motorcycle,1,1682.774,22.5
ch01_00000000132000000.mp4,95127,motorcycle,1,1683.573,18.0
ch01_00000000132000000.mp4,95238,bus,5,1685.823,20.0
ch01_00000000132000000.mp4,95395,car,2,1687.323,12.0
ch01_00000000132000000.mp4,95400,motorcycle,1,1687.573,18.9
ch01_00000000132000000.mp4,95439,motorcycle,1,1688.173,18.9
ch01_00000000132000000.mp4,95434,motorcycle,1,1688.273,18.0
ch01_00000000132000000.mp4,95515,motorcycle,1,1689.323,25.7
ch01_00000000132000000.mp4,95570,motorcycle,1,1690.523,22.5
ch01_00000000132000000.mp4,95630,motorcycle,1,1690.673,17.1
ch01_00000000132000000.mp4,95629,motorcycle,1,1691.023,18.9
ch01_00000000132000000.mp4,95775,car,2,1693.573,15.7
ch01_00000000132000000.mp4,95850,truck,6,1694.923,15.0
ch01_00000000132000000.mp4,95897,truck,6,1696.023,15.7
ch01_00000000132000000.mp4,95694,motorcycle,1,1696.372,8.4
ch01_00000000132000000.mp4,95931,motorcycle,1,1697.072,11.3
ch01_00000000132000000.mp4,95928,motorcycle,1,1697.872,11.6
ch01_00000000132000000.mp4,96012,motorcycle,1,1698.322,10.0
ch01_00000000132000000.mp4,96085,car,2,1700.072,10.9
ch01_00000000132000000.mp4,96267,motorcycle,1,1701.322,6.7
ch01_00000000132000000.mp4,96166,car,2,1701.522,12.0
ch01_00000000132000000.mp4,96450,car,3,1704.822,13.3
ch01_00000000132000000.mp4,96472,car,2,1705.572,13.8
ch01_00000000132000000.mp4,96541,motorcycle,1,1706.022,16.4
ch01_00000000132000000.mp4,96447,car,2,1706.622,9.0
ch01_00000000132000000.mp4,96614,motorcycle,1,1706.972,18.9
ch01_00000000132000000.mp4,96643,motorcycle,1,1707.672,20.0
ch01_00000000132000000.mp4,96650,truck,6,1708.422,11.6
ch01_00000000132000000.mp4,96719,motorcycle,1,1709.472,13.8
ch01_00000000132000000.mp4,96732,motorcycle,1,1709.722,20.0
ch01_00000000132000000.mp4,96717,motorcycle,1,1710.571,18.9
ch01_00000000132000000.mp4,96925,motorcycle,1,1713.071,18.0
ch01_00000000132000000.mp4,96957,motorcycle,1,1713.321,5.3
ch01_00000000132000000.mp4,97000,motorcycle,1,1713.921,21.2
ch01_00000000132000000.mp4,97031,motorcycle,1,1714.471,21.2
ch01_00000000132000000.mp4,97063,motorcycle,1,1714.971,18.9
ch01_00000000132000000.mp4,97030,car,3,1715.121,13.8
ch01_00000000132000000.mp4,97125,motorcycle,1,1715.971,18.0
ch01_00000000132000000.mp4,97108,car,2,1716.671,15.7
ch01_00000000132000000.mp4,97253,car,2,1718.521,18.0
ch01_00000000132000000.mp4,97320,motorcycle,1,1719.121,21.2
ch01_00000000132000000.mp4,97382,motorcycle,1,1720.121,21.2
ch01_00000000132000000.mp4,97401,motorcycle,1,1720.521,22.5
ch01_00000000132000000.mp4,97510,motorcycle,1,1722.47,22.5
ch01_00000000132000000.mp4,97225,motorcycle,1,1723.32,7.8
ch01_00000000132000000.mp4,97567,motorcycle,1,1723.77,21.2
ch01_00000000132000000.mp4,97592,motorcycle,1,1724.12,7.3
ch01_00000000132000000.mp4,97587,motorcycle,1,1724.17,22.5
ch01_00000000132000000.mp4,97562,motorcycle,1,1725.47,10.3
ch01_00000000132000000.mp4,97725,motorcycle,1,1726.72,16.4
ch01_00000000132000000.mp4,97731,motorcycle,1,1727.12,15.0
ch01_00000000132000000.mp4,97845,truck,4,1729.22,11.6
ch01_00000000132000000.mp4,97953,car,2,1730.92,13.3
ch01_00000000132000000.mp4,98055,car,3,1732.67,17.1
ch01_00000000132000000.mp4,98099,truck,4,1732.97,12.9
ch01_00000000132000000.mp4,98185,car,2,1735.07,13.3
ch01_00000000132000000.mp4,98291,motorcycle,1,1736.219,20.0
ch01_00000000132000000.mp4,98278,car,3,1736.569,17.1
ch01_00000000132000000.mp4,98336,motorcycle,1,1737.119,17.1
ch01_00000000132000000.mp4,98312,motorcycle,1,1737.469,10.9
ch01_00000000132000000.mp4,98360,motorcycle,1,1737.569,18.0
ch01_00000000132000000.mp4,98243,motorcycle,1,1737.669,4.4
ch01_00000000132000000.mp4,98418,motorcycle,1,1738.819,18.0
ch01_00000000132000000.mp4,98405,car,2,1739.119,12.4
ch01_00000000132000000.mp4,98505,motorcycle,1,1740.019,13.8
ch01_00000000132000000.mp4,98442,car,2,1740.119,11.6
ch01_00000000132000000.mp4,98590,truck,4,1741.719,12.4
ch01_00000000132000000.mp4,98622,motorcycle,1,1741.819,16.4
ch01_00000000132000000.mp4,98699,car,2,1743.969,13.3
ch01_00000000132000000.mp4,98725,car,2,1745.419,13.3
ch01_00000000132000000.mp4,98896,motorcycle,1,1746.219,27.7
ch01_00000000132000000.mp4,98837,car,2,1747.319,24.0
ch01_00000000132000000.mp4,99117,motorcycle,1,1749.518,14.4
ch01_00000000132000000.mp4,99165,motorcycle,1,1750.968,22.5
ch01_00000000132000000.mp4,99188,motorcycle,1,1751.168,15.7
ch01_00000000132000000.mp4,99257,motorcycle,1,1753.368,8.4
ch01_00000000132000000.mp4,99352,motorcycle,1,1755.868,16.4
ch01_00000000132000000.mp4,99329,motorcycle,1,1756.168,5.4
ch01_00000000132000000.mp4,99438,motorcycle,1,1758.718,10.9
ch01_00000000132000000.mp4,99493,motorcycle,1,1759.418,7.3
ch01_00000000132000000.mp4,99411,truck,4,1759.518,6.7
ch01_00000000132000000.mp4,99485,motorcycle,1,1759.568,10.6
ch01_00000000132000000.mp4,99592,motorcycle,1,1760.818,20.0
ch01_00000000132000000.mp4,99691,motorcycle,1,1762.717,18.0
ch01_00000000132000000.mp4,99695,motorcycle,1,1762.717,10.6
ch01_00000000132000000.mp4,99818,motorcycle,1,1764.817,18.0
ch01_00000000132000000.mp4,99906,motorcycle,1,1766.717,18.0
ch01_00000000132000000.mp4,99979,motorcycle,1,1768.267,24.0
ch01_00000000132000000.mp4,99901,car,2,1768.917,5.7
ch01_00000000132000000.mp4,100024,motorcycle,1,1769.017,30.0
ch01_00000000132000000.mp4,100017,motorcycle,1,1769.067,24.0
ch01_00000000132000000.mp4,99991,truck,6,1769.117,18.9
ch01_00000000132000000.mp4,100083,motorcycle,1,1769.867,18.9
ch01_00000000132000000.mp4,100070,car,2,1770.967,4.6
ch01_00000000132000000.mp4,100122,motorcycle,1,1771.467,14.4
ch01_00000000132000000.mp4,100234,motorcycle,1,1772.217,30.0
ch01_00000000132000000.mp4,100236,motorcycle,1,1772.317,20.0
ch01_00000000132000000.mp4,100320,car,2,1775.617,4.0
ch01_00000000132000000.mp4,100446,motorcycle,1,1776.466,24.0
ch01_00000000132000000.mp4,100449,motorcycle,1,1776.966,10.9
ch01_00000000132000000.mp4,100468,motorcycle,1,1777.316,4.8
ch01_00000000132000000.mp4,100416,motorcycle,1,1777.416,13.8
ch01_00000000132000000.mp4,100413,motorcycle,1,1777.666,12.0
ch01_00000000132000000.mp4,100555,motorcycle,1,1779.166,14.4
ch01_00000000132000000.mp4,100682,motorcycle,1,1779.316,12.0
ch01_00000000132000000.mp4,100424,car,2,1779.366,4.9
ch01_00000000132000000.mp4,100759,motorcycle,1,1781.216,15.0
ch01_00000000132000000.mp4,100854,motorcycle,1,1784.316,18.9
ch01_00000000132000000.mp4,100824,car,3,1785.516,8.8
ch01_00000000132000000.mp4,101008,motorcycle,1,1786.516,27.7
ch01_00000000132000000.mp4,101080,motorcycle,1,1788.016,27.7
ch01_00000000132000000.mp4,100967,car,2,1788.616,10.9
ch01_00000000132000000.mp4,101111,car,2,1789.265,18.9
ch01_00000000132000000.mp4,101012,car,3,1790.815,10.9
ch01_00000000132000000.mp4,101229,motorcycle,1,1790.965,30.0
ch01_00000000132000000.mp4,101260,car,2,1792.465,15.7
ch01_00000000132000000.mp4,101233,car,3,1793.415,10.6
ch01_00000000132000000.mp4,101347,motorcycle,1,1794.065,14.4
ch01_00000000132000000.mp4,101274,car,2,1794.515,11.3
ch01_00000000132000000.mp4,101365,car,2,1796.465,11.6
ch01_00000000132000000.mp4,101489,motorcycle,1,1797.715,15.0
ch01_00000000132000000.mp4,101590,motorcycle,1,1798.315,11.6
ch01_00000000132000000.mp4,101528,motorcycle,1,1798.815,18.9
ch01_00000000132000000.mp4,101672,motorcycle,1,1799.865,12.4
ch01_00000000132000000.mp4,101667,motorcycle,1,1800.665,8.4
ch01_00000000132000000.mp4,101579,car,2,1800.965,14.4
ch01_00000000132000000.mp4,101705,truck,6,1804.014,13.8
ch01_00000000132000000.mp4,101929,motorcycle,1,1804.764,32.7
ch01_00000000132000000.mp4,101938,motorcycle,1,1805.664,15.0
ch01_00000000132000000.mp4,102086,motorcycle,1,1807.714,25.7
ch01_00000000132000000.mp4,102168,motorcycle,1,1808.914,25.7
ch01_00000000132000000.mp4,102223,motorcycle,1,1809.514,10.0
ch01_00000000132000000.mp4,102329,motorcycle,1,1812.064,15.0
ch01_00000000132000000.mp4,102320,motorcycle,1,1812.864,12.9
ch01_00000000132000000.mp4,102342,car,2,1814.464,12.9
ch01_00000000132000000.mp4,102486,motorcycle,1,1817.363,13.8
ch01_00000000132000000.mp4,102667,motorcycle,1,1818.963,30.0
ch01_00000000132000000.mp4,102685,motorcycle,1,1820.663,8.0
ch01_00000000132000000.mp4,102822,motorcycle,1,1822.763,21.2
ch01_00000000132000000.mp4,102916,motorcycle,1,1824.213,25.7
ch01_00000000132000000.mp4,102976,motorcycle,1,1825.063,30.0
ch01_00000000132000000.mp4,103060,motorcycle,1,1826.813,24.0
ch01_00000000132000000.mp4,103128,motorcycle,1,1827.963,22.5
ch01_00000000132000000.mp4,103187,motorcycle,1,1829.312,27.7
ch01_00000000132000000.mp4,103208,motorcycle,1,1830.162,6.7
ch01_00000000132000000.mp4,103260,motorcycle,1,1830.562,30.0
ch01_00000000132000000.mp4,103303,motorcycle,1,1831.262,30.0
ch01_00000000132000000.mp4,103354,motorcycle,1,1832.512,25.7
ch01_00000000132000000.mp4,103379,motorcycle,1,1832.812,21.2
ch01_00000000132000000.mp4,103358,motorcycle,1,1833.262,25.7
ch01_00000000132000000.mp4,103480,motorcycle,1,1834.112,40.0
ch01_00000000132000000.mp4,103530,motorcycle,1,1835.112,22.5
ch01_00000000132000000.mp4,103577,motorcycle,1,1837.412,4.8
ch01_00000000132000000.mp4,103915,motorcycle,1,1840.962,11.6
ch01_00000000132000000.mp4,103739,car,2,1841.612,11.6
ch01_00000000132000000.mp4,104025,motorcycle,1,1842.611,11.6
ch01_00000000132000000.mp4,103939,motorcycle,1,1842.762,9.7
ch01_00000000132000000.mp4,104081,motorcycle,1,1844.111,18.9
ch01_00000000132000000.mp4,104123,motorcycle,1,1844.461,27.7
ch01_00000000132000000.mp4,104163,motorcycle,1,1845.461,8.0
ch01_00000000132000000.mp4,104218,motorcycle,1,1846.511,30.0
ch01_00000000132000000.mp4,104448,motorcycle,1,1850.411,20.0
ch01_00000000132000000.mp4,104490,motorcycle,1,1850.711,24.0
ch01_00000000132000000.mp4,104582,motorcycle,1,1852.311,25.7
ch01_00000000132000000.mp4,104602,motorcycle,1,1852.661,22.5
ch01_00000000132000000.mp4,104623,motorcycle,1,1852.811,25.7
ch01_00000000132000000.mp4,104639,motorcycle,1,1853.361,24.0
ch01_00000000132000000.mp4,104756,motorcycle,1,1854.511,25.7
ch01_00000000132000000.mp4,104696,motorcycle,1,1855.71,10.9
ch01_00000000132000000.mp4,104853,motorcycle,1,1856.011,27.7
ch01_00000000132000000.mp4,104794,motorcycle,1,1856.261,11.3
ch01_00000000132000000.mp4,104702,motorcycle,1,1856.51,4.7
ch01_00000000132000000.mp4,104871,motorcycle,1,1857.41,13.8
ch01_00000000132000000.mp4,104941,motorcycle,1,1857.86,12.9
ch01_00000000132000000.mp4,104892,motorcycle,1,1858.16,10.9
ch01_00000000132000000.mp4,104978,motorcycle,1,1859.06,20.0
ch01_00000000132000000.mp4,105027,motorcycle,1,1860.06,18.9
ch01_00000000132000000.mp4,105085,motorcycle,1,1861.16,22.5
ch01_00000000132000000.mp4,105128,motorcycle,1,1861.96,22.5
ch01_00000000132000000.mp4,105161,motorcycle,1,1862.51,24.0
ch01_00000000132000000.mp4,105100,car,2,1862.96,10.0
ch01_00000000132000000.mp4,105256,motorcycle,1,1864.26,15.0
ch01_00000000132000000.mp4,105251,motorcycle,1,1864.31,20.0
ch01_00000000132000000.mp4,105267,motorcycle,1,1864.41,20.0
ch01_00000000132000000.mp4,105282,motorcycle,1,1864.76,20.0
ch01_00000000132000000.mp4,105294,motorcycle,1,1865.16,20.0
ch01_00000000132000000.mp4,105304,motorcycle,1,1865.36,22.5
ch01_00000000132000000.mp4,105339,motorcycle,1,1865.81,21.2
ch01_00000000132000000.mp4,105367,motorcycle,1,1866.71,20.0
ch01_00000000132000000.mp4,105386,motorcycle,1,1866.71,18.9
ch01_00000000132000000.mp4,105412,motorcycle,1,1867.51,21.2
ch01_00000000132000000.mp4,105439,car,2,1868.16,15.7
ch01_00000000132000000.mp4,105472,motorcycle,1,1868.509,20.0
ch01_00000000132000000.mp4,105526,motorcycle,1,1869.36,18.9
ch01_00000000132000000.mp4,105543,motorcycle,1,1869.809,22.5
ch01_00000000132000000.mp4,105629,motorcycle,1,1871.309,18.9
ch01_00000000132000000.mp4,105632,car,2,1871.459,21.2
ch01_00000000132000000.mp4,105677,motorcycle,1,1872.009,16.4
ch01_00000000132000000.mp4,105682,motorcycle,1,1872.209,20.0
ch01_00000000132000000.mp4,105665,motorcycle,1,1872.259,15.7
ch01_00000000132000000.mp4,105724,motorcycle,1,1872.659,21.2
ch01_00000000132000000.mp4,105597,motorcycle,1,1873.509,22.5
ch01_00000000132000000.mp4,105785,motorcycle,1,1874.159,18.0
ch01_00000000132000000.mp4,105796,motorcycle,1,1874.309,21.2
ch01_00000000132000000.mp4,105864,motorcycle,1,1874.809,21.2
ch01_00000000132000000.mp4,105870,motorcycle,1,1874.959,22.5
ch01_00000000132000000.mp4,105781,truck,4,1874.959,14.4
ch01_00000000132000000.mp4,105923,motorcycle,1,1875.609,27.7
ch01_00000000132000000.mp4,106008,motorcycle,1,1876.759,20.0
ch01_00000000132000000.mp4,106018,car,2,1877.059,22.5
ch01_00000000132000000.mp4,106048,motorcycle,1,1877.559,21.2
ch01_00000000132000000.mp4,106106,motorcycle,1,1879.159,18.0
ch01_00000000132000000.mp4,106269,car,3,1882.359,18.0
ch01_00000000132000000.mp4,105928,car,2,1882.908,7.5
ch01_00000000132000000.mp4,106291,motorcycle,1,1883.158,10.3
ch01_00000000132000000.mp4,106379,motorcycle,1,1883.808,9.0
ch01_00000000132000000.mp4,106230,motorcycle,1,1884.008,7.8
ch01_00000000132000000.mp4,106418,motorcycle,1,1884.208,22.5
ch01_00000000132000000.mp4,106305,motorcycle,1,1885.008,10.0
ch01_00000000132000000.mp4,106434,motorcycle,1,1885.858,9.7
ch01_00000000132000000.mp4,106526,motorcycle,1,1886.358,13.8
ch01_00000000132000000.mp4,106499,car,3,1887.958,10.6
ch01_00000000132000000.mp4,106631,motorcycle,1,1888.108,15.7
ch01_00000000132000000.mp4,106737,motorcycle,1,1889.258,24.0
ch01_00000000132000000.mp4,106741,car,2,1890.758,11.3
ch01_00000000132000000.mp4,106826,motorcycle,1,1891.758,22.5
ch01_00000000132000000.mp4,106852,car,2,1892.708,7.5
ch01_00000000132000000.mp4,107019,motorcycle,1,1894.957,22.5
ch01_00000000132000000.mp4,106876,car,2,1895.507,6.3
ch01_00000000132000000.mp4,107054,car,2,1895.858,14.4
ch01_00000000132000000.mp4,107121,motorcycle,1,1896.557,25.7
ch01_00000000132000000.mp4,107123,motorcycle,1,1897.157,27.7
ch01_00000000132000000.mp4,107144,truck,4,1897.207,15.0
ch01_00000000132000000.mp4,107174,motorcycle,1,1897.857,18.9
ch01_00000000132000000.mp4,107250,truck,4,1898.557,11.6
ch01_00000000132000000.mp4,107230,motorcycle,1,1898.707,16.4
ch01_00000000132000000.mp4,107251,car,2,1899.307,16.4
ch01_00000000132000000.mp4,107325,car,2,1901.057,16.4
ch01_00000000132000000.mp4,107396,car,2,1902.307,15.0
ch01_00000000132000000.mp4,107518,motorcycle,1,1904.657,18.0
ch01_00000000132000000.mp4,107434,motorcycle,1,1904.757,12.0
ch01_00000000132000000.mp4,107305,truck,6,1908.657,3.9
ch01_00000000132000000.mp4,107749,car,3,1910.306,10.0
ch01_00000000132000000.mp4,107818,car,2,1911.656,12.0
ch01_00000000132000000.mp4,107976,motorcycle,1,1913.306,22.5
ch01_00000000132000000.mp4,107931,car,2,1913.506,11.3
ch01_00000000132000000.mp4,107993,motorcycle,1,1913.856,18.9
ch01_00000000132000000.mp4,108023,car,2,1915.306,10.0
ch01_00000000132000000.mp4,108036,car,2,1916.306,9.0
ch01_00000000132000000.mp4,108099,car,2,1917.106,10.3
ch01_00000000132000000.mp4,108140,motorcycle,1,1918.106,7.3
ch01_00000000132000000.mp4,108199,car,2,1918.956,13.3
ch01_00000000132000000.mp4,108244,motorcycle,1,1919.406,12.9
ch01_00000000132000000.mp4,108273,motorcycle,1,1919.906,24.0
ch01_00000000132000000.mp4,108283,motorcycle,1,1920.406,6.3
ch01_00000000132000000.mp4,108315,motorcycle,1,1920.556,15.0
ch01_00000000132000000.mp4,108503,motorcycle,1,1923.205,7.2
ch01_00000000132000000.mp4,108510,motorcycle,1,1923.855,24.0
ch01_00000000132000000.mp4,108537,motorcycle,1,1924.355,24.0
ch01_00000000132000000.mp4,108549,motorcycle,1,1924.855,16.4
ch01_00000000132000000.mp4,108420,car,2,1924.905,2.7
ch01_00000000132000000.mp4,108679,motorcycle,1,1927.655,30.0
ch01_00000000132000000.mp4,108754,motorcycle,1,1928.905,40.0
ch01_00000000132000000.mp4,108691,motorcycle,1,1930.255,11.3
ch01_00000000132000000.mp4,108767,motorcycle,1,1931.055,12.4
ch01_00000000132000000.mp4,108668,car,2,1931.555,4.6
ch01_00000000132000000.mp4,108935,motorcycle,1,1933.955,5.1
ch01_00000000132000000.mp4,109022,motorcycle,1,1935.054,25.7
ch01_00000000132000000.mp4,109049,motorcycle,1,1935.905,21.2
ch01_00000000132000000.mp4,109112,motorcycle,1,1936.604,25.7
ch01_00000000132000000.mp4,108914,car,2,1936.704,6.2
ch01_00000000132000000.mp4,109192,motorcycle,1,1938.104,6.7
ch01_00000000132000000.mp4,109247,motorcycle,1,1938.504,20.0
ch01_00000000132000000.mp4,109121,car,2,1939.504,8.0
ch01_00000000132000000.mp4,109419,motorcycle,1,1941.004,27.7
ch01_00000000132000000.mp4,109427,motorcycle,1,1941.054,25.7
ch01_00000000132000000.mp4,109240,car,2,1941.554,9.0
ch01_00000000132000000.mp4,109444,motorcycle,1,1941.604,21.2
ch01_00000000132000000.mp4,109438,truck,4,1943.904,9.5
ch01_00000000132000000.mp4,109566,motorcycle,1,1944.154,27.7
ch01_00000000132000000.mp4,109485,car,3,1945.404,10.0
ch01_00000000132000000.mp4,109742,motorcycle,1,1947.204,25.7
ch01_00000000132000000.mp4,109794,car,2,1949.553,15.7
ch01_00000000132000000.mp4,109930,truck,4,1950.603,4.6
ch01_00000000132000000.mp4,109939,motorcycle,1,1952.153,4.1
ch01_00000000132000000.mp4,110037,motorcycle,1,1952.503,32.7
ch01_00000000132000000.mp4,109880,motorcycle,1,1952.953,13.3
ch01_00000000132000000.mp4,110006,motorcycle,1,1953.653,9.5
ch01_00000000132000000.mp4,110091,motorcycle,1,1953.903,4.8
ch01_00000000132000000.mp4,110035,motorcycle,1,1954.353,10.3
ch01_00000000132000000.mp4,110178,motorcycle,1,1955.353,27.7
ch01_00000000132000000.mp4,110221,motorcycle,1,1955.953,30.0
ch01_00000000132000000.mp4,110171,car,2,1956.253,12.4
ch01_00000000132000000.mp4,110237,motorcycle,1,1956.253,10.9
ch01_00000000132000000.mp4,110412,car,2,1960.403,18.0
ch01_00000000132000000.mp4,110502,motorcycle,1,1961.402,13.8
ch01_00000000132000000.mp4,110709,motorcycle,1,1965.102,27.7
ch01_00000000132000000.mp4,110770,motorcycle,1,1966.352,24.0
ch01_00000000132000000.mp4,110769,motorcycle,1,1966.402,25.7
ch01_00000000132000000.mp4,110781,motorcycle,1,1966.502,8.2
ch01_00000000132000000.mp4,110816,motorcycle,1,1966.952,22.5
ch01_00000000132000000.mp4,110734,car,2,1967.452,22.5
ch01_00000000132000000.mp4,110957,motorcycle,1,1970.002,25.7
ch01_00000000132000000.mp4,111094,motorcycle,1,1972.252,27.7
ch01_00000000132000000.mp4,111195,motorcycle,1,1973.902,25.7
ch01_00000000132000000.mp4,111255,motorcycle,1,1974.652,36.0
ch01_00000000132000000.mp4,111208,motorcycle,1,1974.901,25.7
ch01_00000000132000000.mp4,111401,motorcycle,1,1976.901,32.7
ch01_00000000132000000.mp4,111542,motorcycle,1,1979.901,16.4
ch01_00000000132000000.mp4,111528,car,3,1980.101,12.0
ch01_00000000132000000.mp4,111621,motorcycle,1,1981.501,21.2
ch01_00000000132000000.mp4,111691,motorcycle,1,1981.751,22.5
ch01_00000000132000000.mp4,111770,motorcycle,1,1983.101,21.2
ch01_00000000132000000.mp4,111820,motorcycle,1,1984.001,20.0
ch01_00000000132000000.mp4,111861,car,2,1984.901,21.2
ch01_00000000132000000.mp4,111927,motorcycle,1,1985.651,18.0
ch01_00000000132000000.mp4,111925,motorcycle,1,1986.001,20.0
ch01_00000000132000000.mp4,111905,motorcycle,1,1986.151,22.5
ch01_00000000132000000.mp4,111976,motorcycle,1,1986.801,17.1
ch01_00000000132000000.mp4,111872,motorcycle,1,1987.301,18.0
ch01_00000000132000000.mp4,112002,motorcycle,1,1987.501,18.9
ch01_00000000132000000.mp4,112036,motorcycle,1,1988.251,4.6
ch01_00000000132000000.mp4,111939,motorcycle,1,1990.45,10.3
ch01_00000000132000000.mp4,112121,motorcycle,1,1991.05,4.7
ch01_00000000132000000.mp4,112197,motorcycle,1,1992.1,5.5
ch01_00000000132000000.mp4,112289,motorcycle,1,1993.05,21.2
ch01_00000000132000000.mp4,112269,car,2,1993.7,10.0
ch01_00000000132000000.mp4,112369,car,3,1997.2,7.5
ch01_00000000132000000.mp4,112394,motorcycle,1,1997.65,9.5
ch01_00000000132000000.mp4,112542,car,3,1999.8,10.0
ch01_00000000132000000.mp4,112627,motorcycle,1,2000.95,14.4
ch01_00000000132000000.mp4,112639,motorcycle,1,2000.95,11.3
ch01_00000000132000000.mp4,112563,car,2,2001.55,9.0
ch01_00000000132000000.mp4,112664,motorcycle,1,2002.699,11.6
ch01_00000000132000000.mp4,112757,car,3,2004.299,10.9
ch01_00000000132000000.mp4,112813,motorcycle,1,2005.199,9.7
ch01_00000000132000000.mp4,112799,motorcycle,1,2005.799,9.5
ch01_00000000132000000.mp4,112844,motorcycle,1,2005.949,10.0
ch01_00000000132000000.mp4,113142,car,2,2013.399,5.8
ch01_00000000132000000.mp4,113501,motorcycle,1,2015.698,32.7
ch01_00000000132000000.mp4,113495,motorcycle,1,2015.799,8.8
ch01_00000000132000000.mp4,113541,motorcycle,1,2016.548,11.3
ch01_00000000132000000.mp4,113436,car,2,2017.848,9.5
ch01_00000000132000000.mp4,113654,motorcycle,1,2018.698,15.7
ch01_00000000132000000.mp4,113669,motorcycle,1,2019.848,11.6
ch01_00000000132000000.mp4,113677,motorcycle,1,2020.548,17.1
ch01_00000000132000000.mp4,113692,car,3,2020.998,8.4
ch01_00000000132000000.mp4,113695,motorcycle,1,2021.798,15.0
ch01_00000000132000000.mp4,113792,motorcycle,1,2022.498,15.7
ch01_00000000132000000.mp4,113786,car,3,2025.048,10.6
ch01_00000000132000000.mp4,113841,car,2,2026.298,12.4
ch01_00000000132000000.mp4,113946,car,2,2028.547,12.9
ch01_00000000132000000.mp4,114190,motorcycle,1,2029.847,25.7
ch01_00000000132000000.mp4,114107,motorcycle,1,2030.297,12.0
ch01_00000000132000000.mp4,114125,truck,6,2031.947,10.9
ch01_00000000132000000.mp4,114360,motorcycle,1,2033.147,22.5
ch01_00000000132000000.mp4,114396,motorcycle,1,2033.197,9.2
ch01_00000000132000000.mp4,114417,motorcycle,1,2033.847,30.0
ch01_00000000132000000.mp4,114328,truck,4,2035.497,9.0
ch01_00000000132000000.mp4,114591,motorcycle,1,2037.997,17.1
ch01_00000000132000000.mp4,114622,motorcycle,1,2038.447,25.7
ch01_00000000132000000.mp4,114575,car,2,2039.447,2.0
ch01_00000000132000000.mp4,114892,motorcycle,1,2045.796,10.3
ch01_00000000132000000.mp4,114864,motorcycle,1,2045.896,8.6
ch01_00000000132000000.mp4,114973,motorcycle,1,2047.146,10.6
ch01_00000000132000000.mp4,114933,car,2,2047.446,7.3
ch01_00000000132000000.mp4,114674,truck,6,2049.546,5.6
ch01_00000000132000000.mp4,115165,truck,4,2050.196,13.3
ch01_00000000132000000.mp4,115303,motorcycle,1,2051.796,25.7
ch01_00000000132000000.mp4,115342,motorcycle,1,2052.696,15.0
ch01_00000000132000000.mp4,115407,motorcycle,1,2053.446,25.7
ch01_00000000132000000.mp4,115414,motorcycle,1,2053.946,14.4
ch01_00000000132000000.mp4,115438,motorcycle,1,2054.046,25.7
ch01_00000000132000000.mp4,115226,car,2,2055.396,8.0
ch01_00000000132000000.mp4,115497,car,2,2058.645,9.0
ch01_00000000132000000.mp4,115542,bus,5,2061.495,11.6
ch01_00000000132000000.mp4,115844,car,2,2064.495,13.8
ch01_00000000132000000.mp4,116016,motorcycle,1,2065.695,10.9
ch01_00000000132000000.mp4,116037,motorcycle,1,2066.345,40.0
ch01_00000000132000000.mp4,115891,bus,5,2066.495,12.0
ch01_00000000132000000.mp4,116046,motorcycle,1,2066.945,30.0
ch01_00000000132000000.mp4,116121,motorcycle,1,2067.945,32.7
ch01_00000000132000000.mp4,116122,motorcycle,1,2068.144,30.0
ch01_00000000132000000.mp4,116190,motorcycle,1,2069.244,13.8
ch01_00000000132000000.mp4,116176,motorcycle,1,2070.044,27.7
ch01_00000000132000000.mp4,116052,bus,5,2071.044,12.0
ch01_00000000132000000.mp4,116301,motorcycle,1,2071.294,25.7
ch01_00000000132000000.mp4,116345,motorcycle,1,2071.894,22.5
ch01_00000000132000000.mp4,116351,motorcycle,1,2072.094,24.0
ch01_00000000132000000.mp4,116382,motorcycle,1,2072.494,27.7
ch01_00000000132000000.mp4,116385,motorcycle,1,2072.744,25.7
ch01_00000000132000000.mp4,116422,motorcycle,1,2073.294,30.0
ch01_00000000132000000.mp4,116482,motorcycle,1,2074.344,25.7
ch01_00000000132000000.mp4,116500,motorcycle,1,2074.694,27.7
ch01_00000000132000000.mp4,116429,car,2,2074.994,6.1
ch01_00000000132000000.mp4,116672,motorcycle,1,2077.644,24.0
ch01_00000000132000000.mp4,116629,motorcycle,1,2078.944,10.0
ch01_00000000132000000.mp4,116649,motorcycle,1,2080.494,4.6
ch01_00000000132000000.mp4,116863,motorcycle,1,2081.693,24.0
ch01_00000000132000000.mp4,116838,truck,6,2082.643,9.7
ch01_00000000132000000.mp4,116946,motorcycle,1,2083.143,22.5
ch01_00000000132000000.mp4,117062,car,2,2085.543,18.0
ch01_00000000132000000.mp4,117102,motorcycle,1,2085.693,32.7
ch01_00000000132000000.mp4,117137,motorcycle,1,2086.343,32.7
ch01_00000000132000000.mp4,117160,motorcycle,1,2087.043,18.9
ch01_00000000132000000.mp4,117125,truck,4,2087.143,10.0
ch01_00000000132000000.mp4,117318,motorcycle,1,2089.093,24.0
ch01_00000000132000000.mp4,117373,motorcycle,1,2089.793,27.7
ch01_00000000132000000.mp4,117366,truck,4,2089.943,24.0
ch01_00000000132000000.mp4,117368,motorcycle,1,2090.893,15.0
ch01_00000000132000000.mp4,117465,motorcycle,1,2091.443,30.0
ch01_00000000132000000.mp4,117489,motorcycle,1,2092.293,18.0
ch01_00000000132000000.mp4,117541,motorcycle,1,2092.743,20.0
ch01_00000000132000000.mp4,117578,motorcycle,1,2093.293,20.0
ch01_00000000132000000.mp4,117623,motorcycle,1,2093.693,15.0
ch01_00000000132000000.mp4,117634,car,2,2094.543,18.9
ch01_00000000132000000.mp4,117743,motorcycle,1,2095.693,30.0
ch01_00000000132000000.mp4,117744,motorcycle,1,2095.742,25.7
ch01_00000000132000000.mp4,117710,truck,6,2097.142,13.3
ch01_00000000132000000.mp4,117831,motorcycle,1,2097.292,30.0
ch01_00000000132000000.mp4,117856,car,2,2098.492,17.1
ch01_00000000132000000.mp4,117850,truck,6,2099.292,18.0
ch01_00000000132000000.mp4,117945,car,2,2100.142,18.9
ch01_00000000132000000.mp4,117961,motorcycle,1,2100.342,20.0
ch01_00000000132000000.mp4,117979,motorcycle,1,2100.342,24.0
ch01_00000000132000000.mp4,118000,motorcycle,1,2100.692,25.7
ch01_00000000132000000.mp4,118017,motorcycle,1,2101.142,22.5
ch01_00000000132000000.mp4,118071,motorcycle,1,2101.842,25.7
ch01_00000000132000000.mp4,118165,motorcycle,1,2103.792,13.8
ch01_00000000132000000.mp4,117756,motorcycle,1,2105.042,10.0
ch01_00000000132000000.mp4,118256,motorcycle,1,2105.442,2.1
ch01_00000000132000000.mp4,118257,motorcycle,1,2105.992,13.8
ch01_00000000132000000.mp4,118279,motorcycle,1,2106.242,25.7
ch01_00000000132000000.mp4,118325,motorcycle,1,2107.292,22.5
ch01_00000000132000000.mp4,118158,car,2,2108.341,9.5
ch01_00000000132000000.mp4,118300,motorcycle,1,2108.392,12.9
ch01_00000000132000000.mp4,118347,motorcycle,1,2109.141,12.0
ch01_00000000132000000.mp4,118299,car,2,2109.991,3.2
ch01_00000000132000000.mp4,118476,motorcycle,1,2110.691,11.6
ch01_00000000132000000.mp4,118551,motorcycle,1,2111.441,27.7
ch01_00000000132000000.mp4,118404,car,2,2112.141,8.8
ch01_00000000132000000.mp4,118598,motorcycle,1,2112.291,21.2
ch01_00000000132000000.mp4,118552,motorcycle,1,2112.741,10.6
ch01_00000000132000000.mp4,118735,motorcycle,1,2114.591,15.7
ch01_00000000132000000.mp4,118619,truck,4,2114.891,9.7
ch01_00000000132000000.mp4,118770,motorcycle,1,2115.141,16.4
ch01_00000000132000000.mp4,118835,motorcycle,1,2115.991,17.1
ch01_00000000132000000.mp4,118439,car,2,2116.041,6.3
ch01_00000000132000000.mp4,118824,car,2,2116.791,11.6
ch01_00000000132000000.mp4,118921,motorcycle,1,2117.241,18.9
ch01_00000000132000000.mp4,118936,motorcycle,1,2117.741,20.0
ch01_00000000132000000.mp4,119067,motorcycle,1,2119.741,27.7
ch01_00000000132000000.mp4,119170,motorcycle,1,2122.54,25.7
ch01_00000000132000000.mp4,119211,car,2,2123.74,18.9
ch01_00000000132000000.mp4,119290,motorcycle,1,2124.84,22.5
ch01_00000000132000000.mp4,119285,motorcycle,1,2125.89,22.5
ch01_00000000132000000.mp4,119368,car,2,2126.69,21.2
ch01_00000000132000000.mp4,119445,car,3,2128.19,14.4
ch01_00000000132000000.mp4,119474,motorcycle,1,2128.29,18.9
ch01_00000000132000000.mp4,119460,motorcycle,1,2128.89,20.0
ch01_00000000132000000.mp4,119415,car,2,2129.14,2.4
ch01_00000000132000000.mp4,119568,motorcycle,1,2129.89,25.7
ch01_00000000132000000.mp4,119571,motorcycle,1,2129.94,18.9
ch01_00000000132000000.mp4,119450,motorcycle,1,2130.54,9.5
ch01_00000000132000000.mp4,119598,motorcycle,1,2130.74,15.0
ch01_00000000132000000.mp4,119533,motorcycle,1,2131.89,10.0
ch01_00000000132000000.mp4,119678,motorcycle,1,2133.49,12.9
ch01_00000000132000000.mp4,119776,motorcycle,1,2134.289,18.0
ch01_00000000132000000.mp4,119837,motorcycle,1,2135.59,18.0
ch01_00000000132000000.mp4,119882,motorcycle,1,2136.139,14.4
ch01_00000000132000000.mp4,119892,motorcycle,1,2136.389,9.7
ch01_00000000132000000.mp4,119924,motorcycle,1,2136.989,13.3
ch01_00000000132000000.mp4,120003,motorcycle,1,2138.289,13.8
ch01_00000000132000000.mp4,120024,motorcycle,1,2138.789,20.0
ch01_00000000132000000.mp4,120114,motorcycle,1,2140.239,18.0
ch01_00000000132000000.mp4,120128,motorcycle,1,2140.539,18.9
ch01_00000000132000000.mp4,120149,bus,5,2142.689,10.3
ch01_00000000132000000.mp4,120235,motorcycle,1,2143.089,12.9
ch01_00000000132000000.mp4,120310,motorcycle,1,2144.489,15.0
ch01_00000000132000000.mp4,120304,car,2,2145.089,10.9
ch01_00000000132000000.mp4,120399,motorcycle,1,2146.239,13.3
ch01_00000000132000000.mp4,120385,truck,6,2147.039,9.7
ch01_00000000132000000.mp4,120544,motorcycle,1,2149.038,25.7
ch01_00000000132000000.mp4,120602,car,2,2150.138,13.3
ch01_00000000132000000.mp4,120495,motorcycle,1,2150.488,12.4
ch01_00000000132000000.mp4,120648,motorcycle,1,2151.288,14.4
ch01_00000000132000000.mp4,120587,motorcycle,1,2151.438,11.3
ch01_00000000132000000.mp4,120723,motorcycle,1,2152.288,11.6
ch01_00000000132000000.mp4,120758,motorcycle,1,2152.638,14.4
ch01_00000000132000000.mp4,120812,car,2,2154.138,12.4
ch01_00000000132000000.mp4,120907,motorcycle,1,2155.038,16.4
ch01_00000000132000000.mp4,120950,car,2,2155.988,11.6
ch01_00000000132000000.mp4,120991,motorcycle,1,2155.988,14.4
ch01_00000000132000000.mp4,121014,motorcycle,1,2156.338,17.1
ch01_00000000132000000.mp4,121115,motorcycle,1,2157.588,20.0
ch01_00000000132000000.mp4,121108,car,2,2158.538,11.6
ch01_00000000132000000.mp4,121176,motorcycle,1,2158.538,22.5
ch01_00000000132000000.mp4,121124,car,2,2159.288,3.9
ch01_00000000132000000.mp4,121262,motorcycle,1,2159.838,22.5
ch01_00000000132000000.mp4,121246,car,2,2160.388,12.0
ch01_00000000132000000.mp4,121285,motorcycle,1,2160.438,13.8
ch01_00000000132000000.mp4,121235,motorcycle,1,2161.188,12.0
ch01_00000000132000000.mp4,121352,car,2,2162.237,10.9
ch01_00000000132000000.mp4,121496,car,2,2164.337,11.6
ch01_00000000132000000.mp4,121576,motorcycle,1,2164.487,21.2
ch01_00000000132000000.mp4,121597,car,2,2165.837,12.9
ch01_00000000132000000.mp4,121689,motorcycle,1,2166.687,21.2
ch01_00000000132000000.mp4,121622,car,2,2166.787,10.3
ch01_00000000132000000.mp4,121649,car,2,2166.937,12.9
ch01_00000000132000000.mp4,121745,motorcycle,1,2167.437,21.2
ch01_00000000132000000.mp4,121754,car,2,2168.237,12.9
ch01_00000000132000000.mp4,121729,car,2,2169.687,9.5
ch01_00000000132000000.mp4,121874,motorcycle,1,2169.737,20.0
ch01_00000000132000000.mp4,121880,car,2,2170.337,14.4
ch01_00000000132000000.mp4,121932,motorcycle,1,2171.387,15.7
ch01_00000000132000000.mp4,121986,truck,4,2172.637,14.4
ch01_00000000132000000.mp4,122036,motorcycle,1,2173.387,24.0
ch01_00000000132000000.mp4,121973,motorcycle,1,2173.387,10.0
ch01_00000000132000000.mp4,122083,motorcycle,1,2174.537,21.2
ch01_00000000132000000.mp4,122191,motorcycle,1,2177.236,3.2
ch01_00000000132000000.mp4,122315,motorcycle,1,2178.236,24.0
ch01_00000000132000000.mp4,122300,truck,6,2178.886,18.0
ch01_00000000132000000.mp4,122311,motorcycle,1,2179.636,7.8
ch01_00000000132000000.mp4,122383,motorcycle,1,2179.886,2.7
ch01_00000000132000000.mp4,122466,motorcycle,1,2180.836,10.0
ch01_00000000132000000.mp4,122565,car,2,2182.786,22.5
ch01_00000000132000000.mp4,122521,motorcycle,1,2183.286,7.1
ch01_00000000132000000.mp4,122520,motorcycle,1,2183.586,10.9
ch01_00000000132000000.mp4,122592,car,2,2183.986,13.3
ch01_00000000132000000.mp4,122594,truck,6,2186.686,8.8
ch01_00000000132000000.mp4,122883,motorcycle,1,2187.785,27.7
ch01_00000000132000000.mp4,123012,motorcycle,1,2190.135,30.0
ch01_00000000132000000.mp4,123029,motorcycle,1,2190.435,16.4
ch01_00000000132000000.mp4,122961,car,2,2191.535,11.3
ch01_00000000132000000.mp4,123083,motorcycle,1,2191.835,22.5
ch01_00000000132000000.mp4,123120,car,2,2192.635,10.9
ch01_00000000132000000.mp4,123117,motorcycle,1,2192.735,17.1
ch01_00000000132000000.mp4,123154,motorcycle,1,2193.585,14.4
ch01_00000000132000000.mp4,123182,motorcycle,1,2193.835,25.7
ch01_00000000132000000.mp4,123279,motorcycle,1,2195.385,24.0
ch01_00000000132000000.mp4,123402,motorcycle,1,2197.835,18.0
ch01_00000000132000000.mp4,123432,motorcycle,1,2197.985,22.5
ch01_00000000132000000.mp4,123503,motorcycle,1,2198.885,15.0
ch01_00000000132000000.mp4,123578,motorcycle,1,2200.735,10.9
ch01_00000000132000000.mp4,123653,motorcycle,1,2201.735,17.1
ch01_00000000132000000.mp4,123495,motorcycle,1,2202.035,11.3
ch01_00000000132000000.mp4,123655,motorcycle,1,2202.035,8.6
ch01_00000000132000000.mp4,123644,car,2,2203.534,13.3
ch01_00000000132000000.mp4,123862,car,2,2206.034,17.1
ch01_00000000132000000.mp4,123815,car,2,2206.484,6.9
ch01_00000000132000000.mp4,123927,motorcycle,1,2207.434,18.0
ch01_00000000132000000.mp4,123939,motorcycle,1,2207.584,18.9
ch01_00000000132000000.mp4,123972,motorcycle,1,2208.034,18.9
ch01_00000000132000000.mp4,124017,motorcycle,1,2209.184,15.7
ch01_00000000132000000.mp4,124027,car,2,2209.734,18.9
ch01_00000000132000000.mp4,124123,motorcycle,1,2210.884,30.0
ch01_00000000132000000.mp4,124164,car,2,2212.984,16.4
ch01_00000000132000000.mp4,124238,car,2,2213.234,21.2
ch01_00000000132000000.mp4,124270,motorcycle,1,2213.734,32.7
ch01_00000000132000000.mp4,124322,motorcycle,1,2215.833,27.7
ch01_00000000132000000.mp4,124358,car,3,2217.083,22.5
ch01_00000000132000000.mp4,124343,motorcycle,1,2217.883,9.0
ch01_00000000132000000.mp4,124423,motorcycle,1,2219.583,21.2
ch01_00000000132000000.mp4,124494,motorcycle,1,2220.983,21.2
ch01_00000000132000000.mp4,124510,car,3,2221.683,20.0
ch01_00000000132000000.mp4,124479,motorcycle,1,2222.083,9.2
ch01_00000000132000000.mp4,124562,motorcycle,1,2222.833,21.2
ch01_00000000132000000.mp4,124627,motorcycle,1,2224.083,22.5
ch01_00000000132000000.mp4,124647,car,3,2226.733,12.0
ch01_00000000132000000.mp4,124828,motorcycle,1,2229.382,25.7
ch01_00000000132000000.mp4,124814,motorcycle,1,2229.382,15.7
ch01_00000000132000000.mp4,124766,car,2,2229.932,12.9
ch01_00000000132000000.mp4,124914,motorcycle,1,2231.332,11.6
ch01_00000000132000000.mp4,124913,motorcycle,1,2231.482,25.7
ch01_00000000132000000.mp4,124922,motorcycle,1,2231.682,18.9
ch01_00000000132000000.mp4,124938,motorcycle,1,2232.032,17.1
ch01_00000000132000000.mp4,124904,car,2,2232.982,12.0
ch01_00000000132000000.mp4,125030,car,2,2235.082,21.2
ch01_00000000132000000.mp4,124988,car,2,2235.482,15.0
ch01_00000000132000000.mp4,125114,car,3,2236.332,10.6
ch01_00000000132000000.mp4,125049,car,2,2237.382,10.6
ch01_00000000132000000.mp4,125182,car,3,2239.032,17.1
ch01_00000000132000000.mp4,125149,car,2,2239.582,10.9
ch01_00000000132000000.mp4,125315,motorcycle,1,2242.281,12.0
ch01_00000000132000000.mp4,125324,car,2,2243.231,17.1
ch01_00000000132000000.mp4,125263,car,2,2243.881,2.3
ch01_00000000132000000.mp4,125174,motorcycle,1,2247.931,8.2
ch01_00000000132000000.mp4,125449,car,2,2249.631,1.9
ch01_00000000132000000.mp4,125561,motorcycle,1,2249.881,15.0
ch01_00000000132000000.mp4,125383,car,2,2250.231,8.4
ch01_00000000132000000.mp4,125594,motorcycle,1,2251.231,10.9
ch01_00000000132000000.mp4,125874,motorcycle,1,2254.581,22.5
ch01_00000000132000000.mp4,125923,car,2,2258.48,4.0
ch01_00000000132000000.mp4,126080,motorcycle,1,2259.23,4.9
ch01_00000000132000000.mp4,126117,truck,4,2261.68,8.4
ch01_00000000132000000.mp4,126212,motorcycle,1,2261.73,32.7
ch01_00000000132000000.mp4,126181,motorcycle,1,2262.48,11.3
ch01_00000000132000000.mp4,126067,car,2,2263.58,4.9
ch01_00000000132000000.mp4,126242,motorcycle,1,2264.28,10.3
ch01_00000000132000000.mp4,126460,motorcycle,1,2267.88,25.7
ch01_00000000132000000.mp4,126044,bus,5,2268.28,6.3
ch01_00000000132000000.mp4,126492,motorcycle,1,2269.279,18.9
ch01_00000000132000000.mp4,126519,motorcycle,1,2269.779,25.7
ch01_00000000132000000.mp4,126611,motorcycle,1,2272.379,30.0
ch01_00000000132000000.mp4,126624,motorcycle,1,2272.729,18.0
ch01_00000000132000000.mp4,126456,bus,5,2273.429,7.5
ch01_00000000132000000.mp4,126709,motorcycle,1,2274.679,30.0
ch01_00000000132000000.mp4,126722,motorcycle,1,2274.879,22.5
ch01_00000000132000000.mp4,126844,motorcycle,1,2277.879,25.7
ch01_00000000132000000.mp4,126804,car,2,2279.079,5.1
ch01_00000000132000000.mp4,126899,motorcycle,1,2279.629,24.0
ch01_00000000132000000.mp4,126941,motorcycle,1,2279.829,14.4
ch01_00000000132000000.mp4,126954,motorcycle,1,2280.429,22.5
ch01_00000000132000000.mp4,126982,motorcycle,1,2281.028,24.0
ch01_00000000132000000.mp4,127073,motorcycle,1,2282.878,20.0
ch01_00000000132000000.mp4,127143,motorcycle,1,2283.928,22.5
ch01_00000000132000000.mp4,127132,motorcycle,1,2284.078,25.7
ch01_00000000132000000.mp4,127144,motorcycle,1,2284.328,24.0
ch01_00000000132000000.mp4,127191,motorcycle,1,2285.078,25.7
ch01_00000000132000000.mp4,127196,motorcycle,1,2285.428,21.2
ch01_00000000132000000.mp4,127241,motorcycle,1,2286.578,12.9
ch01_00000000132000000.mp4,127239,motorcycle,1,2286.778,25.7
ch01_00000000132000000.mp4,127262,motorcycle,1,2287.178,25.7
ch01_00000000132000000.mp4,127292,motorcycle,1,2287.678,5.6
ch01_00000000132000000.mp4,127293,motorcycle,1,2288.928,5.0
ch01_00000000132000000.mp4,127405,motorcycle,1,2291.378,15.7
ch01_00000000132000000.mp4,127467,motorcycle,1,2291.678,5.0
ch01_00000000132000000.mp4,127444,motorcycle,1,2291.878,20.0
ch01_00000000132000000.mp4,127488,motorcycle,1,2292.578,18.9
ch01_00000000132000000.mp4,127544,motorcycle,1,2293.528,22.5
ch01_00000000132000000.mp4,127596,motorcycle,1,2294.128,25.7
ch01_00000000132000000.mp4,127623,motorcycle,1,2295.077,7.8
ch01_00000000132000000.mp4,127647,motorcycle,1,2295.277,20.0
ch01_00000000132000000.mp4,127449,car,2,2295.577,8.0
ch01_00000000132000000.mp4,127686,motorcycle,1,2295.877,18.0
ch01_00000000132000000.mp4,127625,motorcycle,1,2296.627,9.2
ch01_00000000132000000.mp4,127753,motorcycle,1,2296.977,16.4
ch01_00000000132000000.mp4,127763,motorcycle,1,2297.677,14.4
ch01_00000000132000000.mp4,127749,motorcycle,1,2298.577,8.8
ch01_00000000132000000.mp4,127880,motorcycle,1,2299.427,18.9
ch01_00000000132000000.mp4,127946,motorcycle,1,2300.527,18.0
ch01_00000000132000000.mp4,128025,motorcycle,1,2301.527,16.4
ch01_00000000132000000.mp4,128024,motorcycle,1,2301.727,16.4
ch01_00000000132000000.mp4,128054,car,2,2305.477,7.7
ch01_00000000132000000.mp4,128205,motorcycle,1,2305.877,11.3
ch01_00000000132000000.mp4,128304,motorcycle,1,2306.927,12.0
ch01_00000000132000000.mp4,128423,car,2,2309.576,9.0
ch01_00000000132000000.mp4,128554,truck,4,2310.226,7.8
ch01_00000000132000000.mp4,128561,motorcycle,1,2310.276,11.3
ch01_00000000132000000.mp4,128643,motorcycle,1,2312.226,9.5
ch01_00000000132000000.mp4,128801,car,2,2313.176,3.8
ch01_00000000132000000.mp4,128814,car,3,2314.876,9.0
ch01_00000000132000000.mp4,128887,motorcycle,1,2315.526,16.4
ch01_00000000132000000.mp4,128937,car,3,2317.626,9.7
ch01_00000000132000000.mp4,129030,car,2,2319.926,10.0
ch01_00000000132000000.mp4,129093,motorcycle,1,2320.226,16.4
ch01_00000000132000000.mp4,129127,car,2,2321.526,10.3
ch01_00000000132000000.mp4,129238,car,2,2323.125,9.2
ch01_00000000132000000.mp4,129280,motorcycle,1,2323.375,11.6
ch01_00000000132000000.mp4,129277,motorcycle,1,2323.675,9.7
ch01_00000000132000000.mp4,129347,car,2,2325.025,7.5
ch01_00000000132000000.mp4,129477,motorcycle,1,2326.625,15.0
ch01_00000000132000000.mp4,129550,motorcycle,1,2328.025,20.0
ch01_00000000132000000.mp4,129525,truck,6,2328.725,8.0
ch01_00000000132000000.mp4,129631,motorcycle,1,2329.675,15.7
ch01_00000000132000000.mp4,129721,car,2,2331.275,4.0
ch01_00000000132000000.mp4,129696,car,2,2331.525,8.0
ch01_00000000132000000.mp4,129747,motorcycle,1,2331.975,10.0
ch01_00000000132000000.mp4,129848,motorcycle,1,2333.375,13.8
ch01_00000000132000000.mp4,129838,motorcycle,1,2333.775,3.1
ch01_00000000132000000.mp4,129806,car,2,2333.925,8.0
ch01_00000000132000000.mp4,129839,truck,6,2335.024,3.4
ch01_00000000132000000.mp4,130015,motorcycle,1,2336.824,14.4
ch01_00000000132000000.mp4,130037,motorcycle,1,2337.474,12.9
ch01_00000000132000000.mp4,130178,motorcycle,1,2339.974,18.0
ch01_00000000132000000.mp4,130246,motorcycle,1,2341.324,18.9
ch01_00000000132000000.mp4,130335,motorcycle,1,2343.074,15.7
ch01_00000000132000000.mp4,130379,motorcycle,1,2343.974,15.7
ch01_00000000132000000.mp4,130395,motorcycle,1,2344.024,17.1
ch01_00000000132000000.mp4,130419,car,2,2344.224,10.0
ch01_00000000132000000.mp4,130461,motorcycle,1,2344.624,15.7
ch01_00000000132000000.mp4,130486,motorcycle,1,2345.524,18.0
ch01_00000000132000000.mp4,130537,motorcycle,1,2345.974,7.8
ch01_00000000132000000.mp4,130541,motorcycle,1,2346.474,17.1
ch01_00000000132000000.mp4,130542,motorcycle,1,2346.574,15.7
ch01_00000000132000000.mp4,130710,car,2,2349.573,17.1
ch01_00000000132000000.mp4,130783,car,2,2350.773,12.9
ch01_00000000132000000.mp4,130861,motorcycle,1,2350.923,20.0
ch01_00000000132000000.mp4,130930,motorcycle,1,2352.023,22.5
ch01_00000000132000000.mp4,131073,motorcycle,1,2353.973,25.7
ch01_00000000132000000.mp4,131087,motorcycle,1,2354.223,30.0
ch01_00000000132000000.mp4,131145,motorcycle,1,2355.323,12.0
ch01_00000000132000000.mp4,131114,car,2,2355.423,17.1
ch01_00000000132000000.mp4,131168,motorcycle,1,2355.973,24.0
ch01_00000000132000000.mp4,131327,truck,6,2358.823,15.7
ch01_00000000132000000.mp4,131331,car,3,2359.123,20.0
ch01_00000000132000000.mp4,131420,motorcycle,1,2360.523,18.9
ch01_00000000132000000.mp4,131435,motorcycle,1,2360.722,22.5
ch01_00000000132000000.mp4,131477,motorcycle,1,2361.222,21.2
ch01_00000000132000000.mp4,131817,motorcycle,1,2367.972,5.3
ch01_00000000132000000.mp4,131730,motorcycle,1,2368.222,8.4
ch01_00000000132000000.mp4,131712,motorcycle,1,2368.372,5.7
ch01_00000000132000000.mp4,131872,car,2,2371.372,7.8
ch01_00000000132000000.mp4,132062,motorcycle,1,2371.622,16.4
ch01_00000000132000000.mp4,132130,motorcycle,1,2372.872,20.0
ch01_00000000132000000.mp4,132106,truck,4,2373.572,11.3
ch01_00000000132000000.mp4,132346,motorcycle,1,2376.671,22.5
ch01_00000000132000000.mp4,132441,motorcycle,1,2378.471,17.1
ch01_00000000132000000.mp4,132432,car,2,2379.171,15.0
ch01_00000000132000000.mp4,132516,motorcycle,1,2380.221,18.9
ch01_00000000132000000.mp4,132653,motorcycle,1,2383.571,16.4
ch01_00000000132000000.mp4,132717,motorcycle,1,2385.171,15.0
ch01_00000000132000000.mp4,132726,motorcycle,1,2385.371,17.1
ch01_00000000132000000.mp4,132787,car,2,2386.521,17.1
ch01_00000000132000000.mp4,132812,motorcycle,1,2387.171,15.7
ch01_00000000132000000.mp4,132827,motorcycle,1,2387.22,18.0
ch01_00000000132000000.mp4,132869,motorcycle,1,2388.271,17.1
ch01_00000000132000000.mp4,132904,motorcycle,1,2388.97,17.1
ch01_00000000132000000.mp4,132891,truck,6,2389.27,14.4
ch01_00000000132000000.mp4,132951,motorcycle,1,2390.17,16.4
ch01_00000000132000000.mp4,133024,car,2,2390.77,10.6
ch01_00000000132000000.mp4,133033,motorcycle,1,2390.97,21.2
ch01_00000000132000000.mp4,133017,motorcycle,1,2391.07,18.0
ch01_00000000132000000.mp4,133052,motorcycle,1,2391.62,20.0
ch01_00000000132000000.mp4,133096,motorcycle,1,2392.37,22.5
ch01_00000000132000000.mp4,133088,car,2,2392.77,15.0
ch01_00000000132000000.mp4,133230,motorcycle,1,2394.67,12.9
ch01_00000000132000000.mp4,133217,motorcycle,1,2394.77,18.9
ch01_00000000132000000.mp4,133235,motorcycle,1,2395.07,21.2
ch01_00000000132000000.mp4,133292,motorcycle,1,2396.22,22.5
ch01_00000000132000000.mp4,133509,car,2,2401.07,15.0
ch01_00000000132000000.mp4,133636,motorcycle,1,2403.319,17.1
ch01_00000000132000000.mp4,133730,motorcycle,1,2404.969,20.0
ch01_00000000132000000.mp4,133687,motorcycle,1,2405.469,10.9
ch01_00000000132000000.mp4,133764,motorcycle,1,2406.369,10.9
ch01_00000000132000000.mp4,133878,truck,4,2408.169,15.0
ch01_00000000132000000.mp4,133911,car,2,2410.219,10.0
ch01_00000000132000000.mp4,133972,motorcycle,1,2410.619,12.9
ch01_00000000132000000.mp4,133871,car,3,2411.569,3.1
ch01_00000000132000000.mp4,134034,car,2,2413.069,11.6
ch01_00000000132000000.mp4,134109,motorcycle,1,2414.019,9.2
ch01_00000000132000000.mp4,134302,motorcycle,1,2415.868,14.4
ch01_00000000132000000.mp4,133956,motorcycle,1,2418.168,9.0
ch01_00000000132000000.mp4,134732,motorcycle,1,2424.168,18.9
ch01_00000000132000000.mp4,134644,car,2,2424.768,10.9
ch01_00000000132000000.mp4,134709,car,2,2426.718,11.3
ch01_00000000132000000.mp4,134887,car,2,2427.867,8.8
ch01_00000000132000000.mp4,134950,motorcycle,1,2428.267,22.5
ch01_00000000132000000.mp4,135003,motorcycle,1,2429.567,18.0
ch01_00000000132000000.mp4,135050,motorcycle,1,2431.017,14.4
ch01_00000000132000000.mp4,135179,motorcycle,1,2434.167,20.0
ch01_00000000132000000.mp4,135145,motorcycle,1,2434.217,14.4
ch01_00000000132000000.mp4,135215,motorcycle,1,2434.867,14.4
ch01_00000000132000000.mp4,135163,motorcycle,1,2435.217,12.4
ch01_00000000132000000.mp4,135291,motorcycle,1,2436.617,21.2
ch01_00000000132000000.mp4,135250,motorcycle,1,2437.167,11.6
ch01_00000000132000000.mp4,135352,car,2,2439.417,11.3
ch01_00000000132000000.mp4,135436,motorcycle,1,2440.517,17.1
ch01_00000000132000000.mp4,135502,motorcycle,1,2440.966,15.7
ch01_00000000132000000.mp4,135505,motorcycle,1,2441.416,25.7
ch01_00000000132000000.mp4,135521,motorcycle,1,2441.466,15.0
ch01_00000000132000000.mp4,135658,motorcycle,1,2443.966,15.7
ch01_00000000132000000.mp4,135609,motorcycle,1,2444.716,16.4
ch01_00000000132000000.mp4,135814,car,2,2448.516,15.7
ch01_00000000132000000.mp4,135883,car,2,2448.866,21.2
ch01_00000000132000000.mp4,135955,motorcycle,1,2452.016,8.2
ch01_00000000132000000.mp4,135928,motorcycle,1,2452.666,10.6
ch01_00000000132000000.mp4,136023,motorcycle,1,2453.666,12.4
ch01_00000000132000000.mp4,136126,motorcycle,1,2454.566,11.6
ch01_00000000132000000.mp4,136052,motorcycle,1,2454.666,11.3
ch01_00000000132000000.mp4,136032,truck,6,2455.065,10.9
ch01_00000000132000000.mp4,136117,motorcycle,1,2455.415,10.9
ch01_00000000132000000.mp4,136226,motorcycle,1,2457.165,20.0
ch01_00000000132000000.mp4,136240,motorcycle,1,2457.665,12.9
ch01_00000000132000000.mp4,136319,motorcycle,1,2459.315,5.8
ch01_00000000132000000.mp4,136354,motorcycle,1,2459.715,18.9
ch01_00000000132000000.mp4,136358,motorcycle,1,2459.915,25.7
ch01_00000000132000000.mp4,136414,motorcycle,1,2460.515,14.4
ch01_00000000132000000.mp4,136434,motorcycle,1,2461.065,24.0
ch01_00000000132000000.mp4,136492,motorcycle,1,2461.865,32.7
ch01_00000000132000000.mp4,136544,motorcycle,1,2462.665,18.9
ch01_00000000132000000.mp4,136556,motorcycle,1,2463.265,12.4
ch01_00000000132000000.mp4,136559,motorcycle,1,2463.465,7.1
ch01_00000000132000000.mp4,136511,car,2,2463.865,18.0
ch01_00000000132000000.mp4,136720,motorcycle,1,2466.665,4.9
ch01_00000000132000000.mp4,136496,motorcycle,1,2466.865,10.0
ch01_00000000132000000.mp4,136738,motorcycle,1,2468.115,10.3
ch01_00000000132000000.mp4,136736,car,2,2468.364,13.3
ch01_00000000132000000.mp4,136796,bus,5,2470.764,14.4
ch01_00000000132000000.mp4,137079,motorcycle,1,2473.714,20.0
ch01_00000000132000000.mp4,137100,truck,4,2474.314,24.0
ch01_00000000132000000.mp4,137209,car,3,2477.014,18.9
ch01_00000000132000000.mp4,137224,motorcycle,1,2477.564,7.2
ch01_00000000132000000.mp4,137302,motorcycle,1,2479.064,17.1
ch01_00000000132000000.mp4,137369,motorcycle,1,2480.164,30.0
ch01_00000000132000000.mp4,137425,motorcycle,1,2481.713,24.0
ch01_00000000132000000.mp4,137371,motorcycle,1,2481.713,5.1
ch01_00000000132000000.mp4,137363,car,2,2482.913,4.2
ch01_00000000132000000.mp4,137522,motorcycle,1,2483.813,24.0
ch01_00000000132000000.mp4,137386,car,2,2484.213,9.5
ch01_00000000132000000.mp4,137548,motorcycle,1,2484.463,24.0
ch01_00000000132000000.mp4,137594,motorcycle,1,2485.163,21.2
ch01_00000000132000000.mp4,137615,motorcycle,1,2486.013,10.6
ch01_00000000132000000.mp4,137530,motorcycle,1,2487.063,12.4
ch01_00000000132000000.mp4,137605,car,2,2488.363,8.4
ch01_00000000132000000.mp4,137751,motorcycle,1,2488.713,15.7
ch01_00000000132000000.mp4,137754,motorcycle,1,2488.863,13.8
ch01_00000000132000000.mp4,137703,bus,5,2492.263,10.6
ch01_00000000132000000.mp4,137846,motorcycle,1,2492.613,13.3
ch01_00000000132000000.mp4,137899,motorcycle,1,2492.713,8.6
ch01_00000000132000000.mp4,137891,motorcycle,1,2493.163,12.0
ch01_00000000132000000.mp4,137887,motorcycle,1,2493.912,11.3
ch01_00000000132000000.mp4,137929,motorcycle,1,2493.912,18.0
ch01_00000000132000000.mp4,137881,car,2,2495.112,11.6
ch01_00000000132000000.mp4,138008,motorcycle,1,2495.712,15.7
ch01_00000000132000000.mp4,138004,motorcycle,1,2495.762,16.4
ch01_00000000132000000.mp4,138019,motorcycle,1,2495.862,21.2
ch01_00000000132000000.mp4,138125,motorcycle,1,2497.912,17.1
ch01_00000000132000000.mp4,138074,truck,4,2498.062,13.3
ch01_00000000132000000.mp4,138221,motorcycle,1,2499.462,22.5
ch01_00000000132000000.mp4,138222,motorcycle,1,2499.462,25.7
ch01_00000000132000000.mp4,138283,motorcycle,1,2500.912,18.9
ch01_00000000132000000.mp4,138284,motorcycle,1,2501.062,18.9
ch01_00000000132000000.mp4,138328,motorcycle,1,2501.762,25.7
ch01_00000000132000000.mp4,138329,motorcycle,1,2501.762,22.5
ch01_00000000132000000.mp4,138349,motorcycle,1,2502.262,24.0
ch01_00000000132000000.mp4,138366,motorcycle,1,2502.462,22.5
ch01_00000000132000000.mp4,138370,motorcycle,1,2502.662,22.5
ch01_00000000132000000.mp4,138273,car,3,2503.212,12.4
ch01_00000000132000000.mp4,138396,motorcycle,1,2503.412,24.0
ch01_00000000132000000.mp4,138424,motorcycle,1,2503.862,24.0
ch01_00000000132000000.mp4,138475,motorcycle,1,2504.962,16.4
ch01_00000000132000000.mp4,138522,car,2,2506.512,13.8
ch01_00000000132000000.mp4,138555,motorcycle,1,2506.861,21.2
ch01_00000000132000000.mp4,138574,motorcycle,1,2507.361,18.9
ch01_00000000132000000.mp4,138540,truck,6,2507.762,14.4
ch01_00000000132000000.mp4,138619,motorcycle,1,2508.661,22.5
ch01_00000000132000000.mp4,138680,motorcycle,1,2510.261,22.5
ch01_00000000132000000.mp4,138670,car,2,2511.961,22.5
ch01_00000000132000000.mp4,138733,motorcycle,1,2512.361,27.7
ch01_00000000132000000.mp4,138760,motorcycle,1,2513.111,22.5
ch01_00000000132000000.mp4,138731,motorcycle,1,2513.261,7.2
ch01_00000000132000000.mp4,138808,motorcycle,1,2515.611,17.1
ch01_00000000132000000.mp4,138814,motorcycle,1,2515.861,20.0
ch01_00000000132000000.mp4,138786,car,2,2516.661,8.6
ch01_00000000132000000.mp4,138851,motorcycle,1,2516.711,25.7
ch01_00000000132000000.mp4,138812,motorcycle,1,2517.611,12.4
ch01_00000000132000000.mp4,138856,motorcycle,1,2517.711,8.0
ch01_00000000132000000.mp4,138879,motorcycle,1,2518.611,10.0
ch01_00000000132000000.mp4,138897,car,2,2519.861,10.9
ch01_00000000132000000.mp4,139009,motorcycle,1,2520.711,20.0
ch01_00000000132000000.mp4,139032,motorcycle,1,2521.46,21.2
ch01_00000000132000000.mp4,139079,car,3,2523.26,18.0
ch01_00000000132000000.mp4,139121,motorcycle,1,2524.11,18.0
ch01_00000000132000000.mp4,139162,motorcycle,1,2524.96,17.1
ch01_00000000132000000.mp4,139158,car,2,2525.06,18.0
ch01_00000000132000000.mp4,139208,car,3,2526.36,18.9
