video_file,track_id,vehicle_class,golongan_code,crossed_at_seconds,speed_kph
ch01_00000000024000000.mp4,3,car,2,0.3,40.0
ch01_00000000024000000.mp4,13,car,2,1.75,45.0
ch01_00000000024000000.mp4,18,motorcycle,1,1.9,45.0
ch01_00000000024000000.mp4,38,car,2,3.55,51.4
ch01_00000000024000000.mp4,44,motorcycle,1,3.7,45.0
ch01_00000000024000000.mp4,19,motorcycle,1,6.65,30.0
ch01_00000000024000000.mp4,33,car,2,7.2,45.0
ch01_00000000024000000.mp4,89,motorcycle,1,8.499,32.7
ch01_00000000024000000.mp4,95,motorcycle,1,8.999,36.0
ch01_00000000024000000.mp4,112,motorcycle,1,9.149,45.0
ch01_00000000024000000.mp4,138,motorcycle,1,10.499,32.7
ch01_00000000024000000.mp4,175,car,2,11.949,32.7
ch01_00000000024000000.mp4,194,motorcycle,1,12.399,60.0
ch01_00000000024000000.mp4,225,car,2,12.849,45.0
ch01_00000000024000000.mp4,212,car,2,13.649,32.7
ch01_00000000024000000.mp4,253,motorcycle,1,14.499,36.0
ch01_00000000024000000.mp4,271,motorcycle,1,15.049,40.0
ch01_00000000024000000.mp4,290,car,2,15.499,51.4
ch01_00000000024000000.mp4,329,car,2,16.999,51.4
ch01_00000000024000000.mp4,344,motorcycle,1,17.849,51.4
ch01_00000000024000000.mp4,382,car,2,18.199,60.0
ch01_00000000024000000.mp4,426,car,2,20.099,45.0
ch01_00000000024000000.mp4,439,motorcycle,1,20.499,45.0
ch01_00000000024000000.mp4,472,motorcycle,1,21.199,51.4
ch01_00000000024000000.mp4,479,motorcycle,1,21.299,51.4
ch01_00000000024000000.mp4,505,motorcycle,1,22.349,51.4
ch01_00000000024000000.mp4,514,motorcycle,1,22.699,45.0
ch01_00000000024000000.mp4,547,motorcycle,1,24.849,40.0
ch01_00000000024000000.mp4,570,motorcycle,1,25.599,60.0
ch01_00000000024000000.mp4,586,car,2,26.698,45.0
ch01_00000000024000000.mp4,619,motorcycle,1,27.248,51.4
ch01_00000000024000000.mp4,620,motorcycle,1,27.948,36.0
ch01_00000000024000000.mp4,654,car,2,28.748,45.0
ch01_00000000024000000.mp4,800013,motorcycle,1,31.648,30.0
ch01_00000000024000000.mp4,762,motorcycle,1,32.448,45.0
ch01_00000000024000000.mp4,830,motorcycle,1,34.798,60.0
ch01_00000000024000000.mp4,836,motorcycle,1,35.748,45.0
ch01_00000000024000000.mp4,890,motorcycle,1,40.298,32.7
ch01_00000000024000000.mp4,800018,motorcycle,1,41.098,30.0
ch01_00000000024000000.mp4,1016,car,2,44.248,60.0
ch01_00000000024000000.mp4,1078,car,2,46.497,36.0
ch01_00000000024000000.mp4,1083,car,2,47.347,27.7
ch01_00000000024000000.mp4,1129,motorcycle,1,48.447,32.7
ch01_00000000024000000.mp4,1250,motorcycle,1,51.697,36.0
ch01_00000000024000000.mp4,1364,motorcycle,1,56.697,51.4
ch01_00000000024000000.mp4,1394,car,2,58.247,45.0
ch01_00000000024000000.mp4,1449,car,2,60.697,45.0
ch01_00000000024000000.mp4,1575,motorcycle,1,64.646,27.7
ch01_00000000024000000.mp4,1581,motorcycle,1,64.796,36.0
ch01_00000000024000000.mp4,1625,car,2,66.196,40.0
ch01_00000000024000000.mp4,1702,motorcycle,1,68.646,60.0
ch01_00000000024000000.mp4,1705,car,2,69.246,45.0
ch01_00000000024000000.mp4,1766,car,3,72.796,30.0
ch01_00000000024000000.mp4,1820,car,3,75.046,36.0
ch01_00000000024000000.mp4,1851,car,2,76.096,40.0
ch01_00000000024000000.mp4,1859,car,3,76.946,36.0
ch01_00000000024000000.mp4,1923,car,2,78.546,51.4
ch01_00000000024000000.mp4,1973,car,2,80.945,51.4
ch01_00000000024000000.mp4,1994,car,2,82.645,51.4
ch01_00000000024000000.mp4,2080,motorcycle,1,85.045,40.0
ch01_00000000024000000.mp4,2098,car,3,86.945,60.0
ch01_00000000024000000.mp4,2115,motorcycle,1,87.695,51.4
ch01_00000000024000000.mp4,2154,motorcycle,1,90.345,30.0
ch01_00000000024000000.mp4,2184,car,2,91.445,51.4
ch01_00000000024000000.mp4,2212,car,2,92.695,51.4
ch01_00000000024000000.mp4,2200,car,2,92.845,25.7
ch01_00000000024000000.mp4,2238,motorcycle,1,93.795,21.2
ch01_00000000024000000.mp4,2275,motorcycle,1,94.295,45.0
ch01_00000000024000000.mp4,2273,car,2,94.895,45.0
ch01_00000000024000000.mp4,2345,motorcycle,1,96.295,51.4
ch01_00000000024000000.mp4,2384,car,3,99.394,20.0
ch01_00000000024000000.mp4,2429,motorcycle,1,100.294,22.5
ch01_00000000024000000.mp4,2473,motorcycle,1,100.694,40.0
ch01_00000000024000000.mp4,2492,motorcycle,1,102.044,40.0
ch01_00000000024000000.mp4,2499,car,3,102.794,40.0
ch01_00000000024000000.mp4,2516,car,2,103.544,30.0
ch01_00000000024000000.mp4,2579,motorcycle,1,105.094,51.4
ch01_00000000024000000.mp4,2646,car,2,108.644,40.0
ch01_00000000024000000.mp4,2655,car,3,109.194,45.0
ch01_00000000024000000.mp4,2695,motorcycle,1,109.794,45.0
ch01_00000000024000000.mp4,2717,car,2,111.394,60.0
ch01_00000000024000000.mp4,2756,motorcycle,1,111.744,51.4
ch01_00000000024000000.mp4,2766,car,3,112.844,36.0
ch01_00000000024000000.mp4,2806,car,2,114.194,45.0
ch01_00000000024000000.mp4,2858,car,3,115.194,45.0
ch01_00000000024000000.mp4,2871,car,2,115.394,32.7
ch01_00000000024000000.mp4,2895,car,2,116.544,32.7
ch01_00000000024000000.mp4,800052,motorcycle,1,116.544,60.0
ch01_00000000024000000.mp4,2959,motorcycle,1,117.493,45.0
ch01_00000000024000000.mp4,2946,car,2,118.094,32.7
ch01_00000000024000000.mp4,2954,motorcycle,1,118.843,45.0
ch01_00000000024000000.mp4,2994,car,2,119.293,36.0
ch01_00000000024000000.mp4,3005,motorcycle,1,119.843,40.0
ch01_00000000024000000.mp4,3038,car,2,120.593,40.0
ch01_00000000024000000.mp4,3054,car,3,121.593,36.0
ch01_00000000024000000.mp4,3127,motorcycle,1,122.443,51.4
ch01_00000000024000000.mp4,3126,car,2,123.393,36.0
ch01_00000000024000000.mp4,3157,motorcycle,1,123.493,45.0
ch01_00000000024000000.mp4,3160,truck,4,124.093,40.0
ch01_00000000024000000.mp4,3207,car,2,125.143,36.0
ch01_00000000024000000.mp4,3278,car,2,126.843,36.0
ch01_00000000024000000.mp4,3291,car,3,127.993,32.7
ch01_00000000024000000.mp4,3340,car,2,129.243,45.0
ch01_00000000024000000.mp4,3358,car,2,129.293,32.7
ch01_00000000024000000.mp4,3376,car,2,130.443,45.0
ch01_00000000024000000.mp4,3424,motorcycle,1,131.543,51.4
ch01_00000000024000000.mp4,3435,truck,6,132.143,40.0
ch01_00000000024000000.mp4,3475,car,2,132.693,45.0
ch01_00000000024000000.mp4,3485,car,2,133.493,36.0
ch01_00000000024000000.mp4,3539,motorcycle,1,133.993,45.0
ch01_00000000024000000.mp4,3573,motorcycle,1,135.593,45.0
ch01_00000000024000000.mp4,3646,motorcycle,1,137.192,60.0
ch01_00000000024000000.mp4,3644,car,2,138.092,40.0
ch01_00000000024000000.mp4,800067,motorcycle,1,138.142,24.0
ch01_00000000024000000.mp4,3695,motorcycle,1,138.842,45.0
ch01_00000000024000000.mp4,3715,motorcycle,1,139.492,45.0
ch01_00000000024000000.mp4,3822,car,2,144.192,51.4
ch01_00000000024000000.mp4,3850,car,2,145.142,45.0
ch01_00000000024000000.mp4,3900,car,2,147.342,32.7
ch01_00000000024000000.mp4,3941,motorcycle,1,147.642,45.0
ch01_00000000024000000.mp4,3985,motorcycle,1,148.892,45.0
ch01_00000000024000000.mp4,3989,motorcycle,1,149.042,45.0
ch01_00000000024000000.mp4,800072,motorcycle,1,149.542,30.0
ch01_00000000024000000.mp4,3986,car,2,150.192,25.7
ch01_00000000024000000.mp4,800070,motorcycle,1,150.892,40.0
ch01_00000000024000000.mp4,4080,motorcycle,1,151.492,36.0
ch01_00000000024000000.mp4,4102,motorcycle,1,151.742,51.4
ch01_00000000024000000.mp4,4132,car,2,153.242,40.0
ch01_00000000024000000.mp4,4179,motorcycle,1,154.742,30.0
ch01_00000000024000000.mp4,4209,motorcycle,1,154.891,40.0
ch01_00000000024000000.mp4,4243,motorcycle,1,155.691,51.4
ch01_00000000024000000.mp4,800075,motorcycle,1,156.141,15.0
ch01_00000000024000000.mp4,4251,motorcycle,1,156.491,40.0
ch01_00000000024000000.mp4,4309,car,2,158.191,45.0
ch01_00000000024000000.mp4,4313,motorcycle,1,158.391,40.0
ch01_00000000024000000.mp4,4359,motorcycle,1,159.141,40.0
ch01_00000000024000000.mp4,4373,motorcycle,1,159.591,45.0
ch01_00000000024000000.mp4,4387,car,2,160.741,40.0
ch01_00000000024000000.mp4,4410,motorcycle,1,161.191,40.0
ch01_00000000024000000.mp4,4475,motorcycle,1,162.441,45.0
ch01_00000000024000000.mp4,4463,car,2,162.691,36.0
ch01_00000000024000000.mp4,4489,truck,6,163.441,40.0
ch01_00000000024000000.mp4,4541,motorcycle,1,165.041,45.0
ch01_00000000024000000.mp4,4571,car,2,166.141,32.7
ch01_00000000024000000.mp4,4613,car,2,166.941,32.7
ch01_00000000024000000.mp4,800079,motorcycle,1,167.091,30.0
ch01_00000000024000000.mp4,4688,motorcycle,1,168.041,36.0
ch01_00000000024000000.mp4,4720,car,3,169.641,45.0
ch01_00000000024000000.mp4,4780,car,2,172.391,51.4
ch01_00000000024000000.mp4,4782,motorcycle,1,172.49,10.9
ch01_00000000024000000.mp4,4865,car,2,175.49,40.0
ch01_00000000024000000.mp4,4966,motorcycle,1,178.29,36.0
ch01_00000000024000000.mp4,5061,car,2,179.99,51.4
ch01_00000000024000000.mp4,5105,motorcycle,1,181.54,32.7
ch01_00000000024000000.mp4,5146,car,2,183.14,51.4
ch01_00000000024000000.mp4,5222,motorcycle,1,184.54,51.4
ch01_00000000024000000.mp4,5236,car,2,185.34,51.4
ch01_00000000024000000.mp4,5307,truck,6,187.79,27.7
ch01_00000000024000000.mp4,5367,car,2,188.64,60.0
ch01_00000000024000000.mp4,5387,truck,4,189.94,30.0
ch01_00000000024000000.mp4,5454,motorcycle,1,191.389,40.0
ch01_00000000024000000.mp4,5447,car,2,192.039,27.7
ch01_00000000024000000.mp4,5495,motorcycle,1,192.589,36.0
ch01_00000000024000000.mp4,800089,motorcycle,1,193.339,120.0
ch01_00000000024000000.mp4,5520,motorcycle,1,193.689,30.0
ch01_00000000024000000.mp4,5622,motorcycle,1,195.239,45.0
ch01_00000000024000000.mp4,5640,motorcycle,1,196.689,36.0
ch01_00000000024000000.mp4,5663,motorcycle,1,196.889,36.0
ch01_00000000024000000.mp4,5718,motorcycle,1,199.489,45.0
ch01_00000000024000000.mp4,5848,car,3,204.089,72.0
ch01_00000000024000000.mp4,5891,car,3,204.839,45.0
ch01_00000000024000000.mp4,5970,car,2,207.939,72.0
ch01_00000000024000000.mp4,800096,motorcycle,1,208.339,60.0
ch01_00000000024000000.mp4,6047,car,2,210.888,45.0
ch01_00000000024000000.mp4,6212,car,2,215.588,72.0
ch01_00000000024000000.mp4,6259,motorcycle,1,217.288,51.4
ch01_00000000024000000.mp4,6366,motorcycle,1,220.638,45.0
ch01_00000000024000000.mp4,6562,motorcycle,1,227.387,60.0
ch01_00000000024000000.mp4,800104,motorcycle,1,227.687,60.0
ch01_00000000024000000.mp4,6768,car,2,233.487,51.4
ch01_00000000024000000.mp4,6784,motorcycle,1,233.737,45.0
ch01_00000000024000000.mp4,6795,car,2,235.137,36.0
ch01_00000000024000000.mp4,6813,car,2,235.887,51.4
ch01_00000000024000000.mp4,6823,motorcycle,1,236.487,51.4
ch01_00000000024000000.mp4,6841,motorcycle,1,236.687,45.0
ch01_00000000024000000.mp4,6839,car,2,237.287,40.0
ch01_00000000024000000.mp4,6865,car,2,238.287,45.0
ch01_00000000024000000.mp4,6899,motorcycle,1,238.387,51.4
ch01_00000000024000000.mp4,6953,motorcycle,1,239.837,40.0
ch01_00000000024000000.mp4,6935,car,2,240.037,40.0
ch01_00000000024000000.mp4,6983,motorcycle,1,241.887,30.0
ch01_00000000024000000.mp4,7013,motorcycle,1,242.237,40.0
ch01_00000000024000000.mp4,7048,motorcycle,1,242.537,45.0
ch01_00000000024000000.mp4,7095,motorcycle,1,243.087,45.0
ch01_00000000024000000.mp4,7146,motorcycle,1,244.137,60.0
ch01_00000000024000000.mp4,7135,truck,6,244.686,45.0
ch01_00000000024000000.mp4,7158,motorcycle,1,245.486,36.0
ch01_00000000024000000.mp4,7216,motorcycle,1,246.386,32.7
ch01_00000000024000000.mp4,7231,car,2,247.436,51.4
ch01_00000000024000000.mp4,800111,motorcycle,1,249.286,40.0
ch01_00000000024000000.mp4,7322,motorcycle,1,249.486,51.4
ch01_00000000024000000.mp4,800114,motorcycle,1,249.886,10.9
ch01_00000000024000000.mp4,7345,motorcycle,1,250.086,51.4
ch01_00000000024000000.mp4,7393,car,2,251.986,51.4
ch01_00000000024000000.mp4,7402,motorcycle,1,252.436,51.4
ch01_00000000024000000.mp4,7422,motorcycle,1,253.286,51.4
ch01_00000000024000000.mp4,7476,motorcycle,1,255.136,45.0
ch01_00000000024000000.mp4,7507,car,2,256.586,51.4
ch01_00000000024000000.mp4,7557,motorcycle,1,257.286,60.0
ch01_00000000024000000.mp4,7564,car,2,258.086,45.0
ch01_00000000024000000.mp4,7593,motorcycle,1,258.436,51.4
ch01_00000000024000000.mp4,7607,car,2,259.286,51.4
ch01_00000000024000000.mp4,7687,car,2,262.586,60.0
ch01_00000000024000000.mp4,7715,car,2,262.685,45.0
ch01_00000000024000000.mp4,7742,motorcycle,1,263.185,51.4
ch01_00000000024000000.mp4,7783,car,2,265.535,45.0
ch01_00000000024000000.mp4,7853,motorcycle,1,267.035,51.4
ch01_00000000024000000.mp4,7843,car,3,267.185,45.0
ch01_00000000024000000.mp4,7885,motorcycle,1,267.785,60.0
ch01_00000000024000000.mp4,7908,motorcycle,1,268.735,51.4
ch01_00000000024000000.mp4,7944,car,2,269.935,60.0
ch01_00000000024000000.mp4,7977,motorcycle,1,271.635,60.0
ch01_00000000024000000.mp4,7998,car,2,272.235,51.4
ch01_00000000024000000.mp4,8051,motorcycle,1,273.635,60.0
ch01_00000000024000000.mp4,8064,car,2,274.685,45.0
ch01_00000000024000000.mp4,8115,motorcycle,1,275.735,40.0
ch01_00000000024000000.mp4,800128,motorcycle,1,276.135,15.0
ch01_00000000024000000.mp4,8146,motorcycle,1,277.335,45.0
ch01_00000000024000000.mp4,8223,motorcycle,1,279.185,45.0
ch01_00000000024000000.mp4,8265,motorcycle,1,279.835,40.0
ch01_00000000024000000.mp4,8253,car,2,280.034,40.0
ch01_00000000024000000.mp4,8295,car,2,281.784,40.0
ch01_00000000024000000.mp4,8317,car,2,282.534,45.0
ch01_00000000024000000.mp4,8333,motorcycle,1,282.534,45.0
ch01_00000000024000000.mp4,800137,motorcycle,1,284.084,120.0
ch01_00000000024000000.mp4,8340,car,3,284.184,30.0
ch01_00000000024000000.mp4,8366,motorcycle,1,284.734,32.7
ch01_00000000024000000.mp4,8368,motorcycle,1,284.934,30.0
ch01_00000000024000000.mp4,8377,motorcycle,1,284.984,30.0
ch01_00000000024000000.mp4,8376,car,2,285.484,32.7
ch01_00000000024000000.mp4,8385,car,2,286.134,30.0
ch01_00000000024000000.mp4,8420,motorcycle,1,286.284,40.0
ch01_00000000024000000.mp4,8426,motorcycle,1,286.634,36.0
ch01_00000000024000000.mp4,8409,car,2,287.484,36.0
ch01_00000000024000000.mp4,8484,motorcycle,1,287.684,30.0
ch01_00000000024000000.mp4,8491,car,2,288.884,40.0
ch01_00000000024000000.mp4,8550,car,2,290.884,32.7
ch01_00000000024000000.mp4,8581,car,2,292.034,40.0
ch01_00000000024000000.mp4,8629,motorcycle,1,293.084,51.4
ch01_00000000024000000.mp4,8623,car,2,293.384,40.0
ch01_00000000024000000.mp4,8665,motorcycle,1,294.934,45.0
ch01_00000000024000000.mp4,8674,car,2,295.084,45.0
ch01_00000000024000000.mp4,8742,car,2,296.484,45.0
ch01_00000000024000000.mp4,8770,motorcycle,1,297.534,45.0
ch01_00000000024000000.mp4,8775,car,2,297.784,45.0
ch01_00000000024000000.mp4,8804,car,2,298.584,51.4
ch01_00000000024000000.mp4,8862,motorcycle,1,299.933,45.0
ch01_00000000024000000.mp4,8860,car,2,300.033,45.0
ch01_00000000024000000.mp4,8928,car,2,301.683,45.0
ch01_00000000024000000.mp4,8957,motorcycle,1,302.683,45.0
ch01_00000000024000000.mp4,8950,motorcycle,1,302.833,40.0
ch01_00000000024000000.mp4,9057,motorcycle,1,305.483,72.0
ch01_00000000024000000.mp4,9094,car,2,307.683,40.0
ch01_00000000024000000.mp4,9119,motorcycle,1,308.233,60.0
ch01_00000000024000000.mp4,9136,motorcycle,1,308.583,51.4
ch01_00000000024000000.mp4,9286,car,2,313.083,45.0
ch01_00000000024000000.mp4,9351,car,2,314.283,51.4
ch01_00000000024000000.mp4,9386,car,3,315.333,51.4
ch01_00000000024000000.mp4,9409,car,2,316.483,32.7
ch01_00000000024000000.mp4,9488,motorcycle,1,316.983,60.0
ch01_00000000024000000.mp4,9477,motorcycle,1,317.332,60.0
ch01_00000000024000000.mp4,9569,car,3,319.132,45.0
ch01_00000000024000000.mp4,9577,motorcycle,1,319.182,51.4
ch01_00000000024000000.mp4,9617,motorcycle,1,319.732,72.0
ch01_00000000024000000.mp4,9629,motorcycle,1,320.182,60.0
ch01_00000000024000000.mp4,9640,car,2,320.782,45.0
ch01_00000000024000000.mp4,9757,motorcycle,1,322.782,51.4
ch01_00000000024000000.mp4,9758,truck,6,323.432,45.0
ch01_00000000024000000.mp4,9726,car,3,324.432,32.7
ch01_00000000024000000.mp4,9802,car,2,325.482,36.0
ch01_00000000024000000.mp4,9842,car,2,326.282,40.0
ch01_00000000024000000.mp4,9881,car,2,327.882,40.0
ch01_00000000024000000.mp4,800158,motorcycle,1,328.482,60.0
ch01_00000000024000000.mp4,9945,motorcycle,1,329.882,51.4
ch01_00000000024000000.mp4,800159,motorcycle,1,330.582,30.0
ch01_00000000024000000.mp4,9961,motorcycle,1,330.732,60.0
ch01_00000000024000000.mp4,9992,car,3,333.532,18.9
ch01_00000000024000000.mp4,10078,car,2,334.082,60.0
ch01_00000000024000000.mp4,10167,motorcycle,1,336.131,72.0
ch01_00000000024000000.mp4,10182,car,3,337.881,40.0
ch01_00000000024000000.mp4,10239,motorcycle,1,339.381,40.0
ch01_00000000024000000.mp4,800165,motorcycle,1,339.731,120.0
ch01_00000000024000000.mp4,10273,motorcycle,1,340.081,40.0
ch01_00000000024000000.mp4,10310,car,2,340.331,45.0
ch01_00000000024000000.mp4,10339,motorcycle,1,340.531,36.0
ch01_00000000024000000.mp4,10330,motorcycle,1,341.081,51.4
ch01_00000000024000000.mp4,10351,motorcycle,1,341.131,36.0
ch01_00000000024000000.mp4,10378,motorcycle,1,342.281,40.0
ch01_00000000024000000.mp4,10423,motorcycle,1,343.481,60.0
ch01_00000000024000000.mp4,10453,motorcycle,1,344.081,30.0
ch01_00000000024000000.mp4,10456,motorcycle,1,344.731,51.4
ch01_00000000024000000.mp4,10473,motorcycle,1,345.081,51.4
ch01_00000000024000000.mp4,10490,motorcycle,1,345.481,51.4
ch01_00000000024000000.mp4,10509,car,2,346.281,51.4
ch01_00000000024000000.mp4,10418,motorcycle,1,346.931,51.4
ch01_00000000024000000.mp4,10521,car,2,347.231,51.4
ch01_00000000024000000.mp4,10587,motorcycle,1,347.681,60.0
ch01_00000000024000000.mp4,10606,car,2,348.581,60.0
ch01_00000000024000000.mp4,10620,motorcycle,1,348.781,60.0
ch01_00000000024000000.mp4,10677,car,2,351.431,45.0
ch01_00000000024000000.mp4,10689,car,2,353.33,20.0
ch01_00000000024000000.mp4,10741,motorcycle,1,353.93,30.0
ch01_00000000024000000.mp4,10788,motorcycle,1,354.73,30.0
ch01_00000000024000000.mp4,10829,car,3,355.33,51.4
ch01_00000000024000000.mp4,10857,motorcycle,1,355.93,45.0
ch01_00000000024000000.mp4,10893,car,3,356.58,51.4
ch01_00000000024000000.mp4,10879,motorcycle,1,356.68,40.0
ch01_00000000024000000.mp4,10984,motorcycle,1,358.53,51.4
ch01_00000000024000000.mp4,10950,motorcycle,1,358.63,40.0
ch01_00000000024000000.mp4,10970,car,2,358.73,51.4
ch01_00000000024000000.mp4,11132,car,2,365.23,51.4
ch01_00000000024000000.mp4,11185,car,2,366.23,60.0
ch01_00000000024000000.mp4,11214,car,2,366.98,60.0
ch01_00000000024000000.mp4,11224,car,2,367.53,51.4
ch01_00000000024000000.mp4,11245,car,3,368.18,60.0
ch01_00000000024000000.mp4,11259,motorcycle,1,368.28,51.4
ch01_00000000024000000.mp4,11280,car,2,368.98,51.4
ch01_00000000024000000.mp4,11363,motorcycle,1,370.63,60.0
ch01_00000000024000000.mp4,11388,motorcycle,1,371.43,51.4
ch01_00000000024000000.mp4,11402,car,2,372.329,51.4
ch01_00000000024000000.mp4,11340,motorcycle,1,372.779,45.0
ch01_00000000024000000.mp4,11449,motorcycle,1,373.079,51.4
ch01_00000000024000000.mp4,11463,motorcycle,1,373.429,51.4
ch01_00000000024000000.mp4,11519,car,2,375.629,60.0
ch01_00000000024000000.mp4,11565,motorcycle,1,376.529,72.0
ch01_00000000024000000.mp4,11648,motorcycle,1,379.479,60.0
ch01_00000000024000000.mp4,11674,motorcycle,1,379.979,60.0
ch01_00000000024000000.mp4,11684,motorcycle,1,380.479,72.0
ch01_00000000024000000.mp4,11752,motorcycle,1,381.779,72.0
ch01_00000000024000000.mp4,11777,motorcycle,1,381.929,72.0
ch01_00000000024000000.mp4,11788,motorcycle,1,382.679,51.4
ch01_00000000024000000.mp4,11808,car,3,383.079,72.0
ch01_00000000024000000.mp4,11865,car,2,384.479,90.0
ch01_00000000024000000.mp4,11866,motorcycle,1,384.479,51.4
ch01_00000000024000000.mp4,11972,motorcycle,1,386.529,51.4
ch01_00000000024000000.mp4,12087,car,2,390.279,45.0
ch01_00000000024000000.mp4,12099,motorcycle,1,390.678,60.0
ch01_00000000024000000.mp4,12139,motorcycle,1,391.378,72.0
ch01_00000000024000000.mp4,12152,motorcycle,1,391.478,72.0
ch01_00000000024000000.mp4,12172,motorcycle,1,392.778,45.0
ch01_00000000024000000.mp4,12230,car,3,394.328,60.0
ch01_00000000024000000.mp4,12271,motorcycle,1,395.628,51.4
ch01_00000000024000000.mp4,12364,motorcycle,1,398.178,72.0
ch01_00000000024000000.mp4,12363,motorcycle,1,398.678,51.4
ch01_00000000024000000.mp4,12368,car,2,398.728,51.4
ch01_00000000024000000.mp4,12441,motorcycle,1,400.478,72.0
ch01_00000000024000000.mp4,12537,motorcycle,1,403.878,51.4
ch01_00000000024000000.mp4,12611,motorcycle,1,406.128,51.4
ch01_00000000024000000.mp4,12744,car,2,409.477,51.4
ch01_00000000024000000.mp4,12800,motorcycle,1,410.627,60.0
ch01_00000000024000000.mp4,12792,car,2,410.727,51.4
ch01_00000000024000000.mp4,12835,motorcycle,1,411.827,60.0
ch01_00000000024000000.mp4,12832,motorcycle,1,412.077,60.0
ch01_00000000024000000.mp4,12853,car,2,413.277,51.4
ch01_00000000024000000.mp4,12873,motorcycle,1,413.677,51.4
ch01_00000000024000000.mp4,12987,truck,6,417.877,36.0
ch01_00000000024000000.mp4,13065,car,2,420.727,40.0
ch01_00000000024000000.mp4,13101,motorcycle,1,421.027,51.4
ch01_00000000024000000.mp4,13123,car,2,422.427,40.0
ch01_00000000024000000.mp4,13179,motorcycle,1,423.027,45.0
ch01_00000000024000000.mp4,13186,car,2,423.427,51.4
ch01_00000000024000000.mp4,13203,motorcycle,1,424.577,51.4
ch01_00000000024000000.mp4,13212,car,2,424.926,45.0
ch01_00000000024000000.mp4,13231,motorcycle,1,425.877,45.0
ch01_00000000024000000.mp4,13248,motorcycle,1,426.127,45.0
ch01_00000000024000000.mp4,13264,car,2,426.776,51.4
ch01_00000000024000000.mp4,13329,motorcycle,1,428.076,51.4
ch01_00000000024000000.mp4,13306,motorcycle,1,428.476,40.0
ch01_00000000024000000.mp4,13336,motorcycle,1,429.076,45.0
ch01_00000000024000000.mp4,13428,motorcycle,1,431.726,51.4
ch01_00000000024000000.mp4,13501,motorcycle,1,433.326,60.0
ch01_00000000024000000.mp4,13510,motorcycle,1,434.026,60.0
ch01_00000000024000000.mp4,13528,motorcycle,1,434.326,45.0
ch01_00000000024000000.mp4,13569,car,2,436.326,40.0
ch01_00000000024000000.mp4,800216,motorcycle,1,436.776,60.0
ch01_00000000024000000.mp4,13634,motorcycle,1,437.776,51.4
ch01_00000000024000000.mp4,13622,car,3,439.076,45.0
ch01_00000000024000000.mp4,13709,motorcycle,1,439.826,45.0
ch01_00000000024000000.mp4,13787,car,3,442.676,30.0
ch01_00000000024000000.mp4,13820,truck,4,443.026,40.0
ch01_00000000024000000.mp4,13879,car,2,443.976,40.0
ch01_00000000024000000.mp4,13882,motorcycle,1,444.075,36.0
ch01_00000000024000000.mp4,800221,motorcycle,1,444.425,20.0
ch01_00000000024000000.mp4,13922,car,2,445.175,45.0
ch01_00000000024000000.mp4,13953,motorcycle,1,445.275,51.4
ch01_00000000024000000.mp4,13956,motorcycle,1,445.875,40.0
ch01_00000000024000000.mp4,13971,motorcycle,1,446.375,40.0
ch01_00000000024000000.mp4,13993,car,2,447.075,45.0
ch01_00000000024000000.mp4,14010,motorcycle,1,447.575,51.4
ch01_00000000024000000.mp4,14034,motorcycle,1,447.925,60.0
ch01_00000000024000000.mp4,14027,car,2,448.475,40.0
ch01_00000000024000000.mp4,14083,motorcycle,1,448.975,60.0
ch01_00000000024000000.mp4,800223,motorcycle,1,449.675,4.0
ch01_00000000024000000.mp4,14092,car,2,450.025,40.0
ch01_00000000024000000.mp4,14121,car,2,450.525,40.0
ch01_00000000024000000.mp4,14161,car,2,451.575,51.4
ch01_00000000024000000.mp4,14174,motorcycle,1,451.625,45.0
ch01_00000000024000000.mp4,14183,motorcycle,1,452.175,45.0
ch01_00000000024000000.mp4,14218,motorcycle,1,453.325,60.0
ch01_00000000024000000.mp4,14233,motorcycle,1,453.325,45.0
ch01_00000000024000000.mp4,14228,car,2,453.775,45.0
ch01_00000000024000000.mp4,14361,motorcycle,1,458.225,51.4
ch01_00000000024000000.mp4,14362,truck,6,458.375,45.0
ch01_00000000024000000.mp4,14389,motorcycle,1,458.875,51.4
ch01_00000000024000000.mp4,14465,car,3,461.625,36.0
ch01_00000000024000000.mp4,14537,motorcycle,1,463.424,36.0
ch01_00000000024000000.mp4,14563,motorcycle,1,463.474,51.4
ch01_00000000024000000.mp4,14575,car,2,463.874,51.4
ch01_00000000024000000.mp4,14618,car,2,465.024,45.0
ch01_00000000024000000.mp4,14653,motorcycle,1,466.574,51.4
ch01_00000000024000000.mp4,14689,motorcycle,1,467.874,45.0
ch01_00000000024000000.mp4,14696,motorcycle,1,468.324,51.4
ch01_00000000024000000.mp4,14722,bus,5,469.324,51.4
ch01_00000000024000000.mp4,800237,motorcycle,1,469.924,30.0
ch01_00000000024000000.mp4,14923,car,2,475.074,60.0
ch01_00000000024000000.mp4,14951,car,2,475.874,60.0
ch01_00000000024000000.mp4,14996,motorcycle,1,477.174,51.4
ch01_00000000024000000.mp4,15012,car,2,477.574,51.4
ch01_00000000024000000.mp4,15049,motorcycle,1,479.423,45.0
ch01_00000000024000000.mp4,15107,motorcycle,1,480.173,60.0
ch01_00000000024000000.mp4,15071,car,3,480.274,51.4
ch01_00000000024000000.mp4,15103,car,2,480.724,72.0
ch01_00000000024000000.mp4,15202,car,3,485.173,45.0
ch01_00000000024000000.mp4,15241,car,2,486.823,72.0
ch01_00000000024000000.mp4,15280,motorcycle,1,487.473,60.0
ch01_00000000024000000.mp4,15314,motorcycle,1,488.573,60.0
ch01_00000000024000000.mp4,15368,motorcycle,1,490.673,60.0
ch01_00000000024000000.mp4,15382,motorcycle,1,491.273,60.0
ch01_00000000024000000.mp4,15405,car,2,491.673,60.0
ch01_00000000024000000.mp4,15429,motorcycle,1,492.573,72.0
ch01_00000000024000000.mp4,15444,car,2,494.123,45.0
ch01_00000000024000000.mp4,15506,motorcycle,1,496.123,51.4
ch01_00000000024000000.mp4,15540,car,2,498.123,40.0
ch01_00000000024000000.mp4,15546,motorcycle,1,498.322,32.7
ch01_00000000024000000.mp4,15569,car,3,498.822,60.0
ch01_00000000024000000.mp4,15644,motorcycle,1,502.622,60.0
ch01_00000000024000000.mp4,15678,motorcycle,1,503.472,60.0
ch01_00000000024000000.mp4,15735,car,2,506.122,45.0
ch01_00000000024000000.mp4,15747,car,2,507.522,30.0
ch01_00000000024000000.mp4,15797,car,3,508.472,45.0
ch01_00000000024000000.mp4,15803,car,3,509.522,30.0
ch01_00000000024000000.mp4,15864,car,2,511.072,51.4
ch01_00000000024000000.mp4,800255,motorcycle,1,515.822,40.0
ch01_00000000024000000.mp4,15964,truck,6,516.271,30.0
ch01_00000000024000000.mp4,15977,motorcycle,1,516.572,32.7
ch01_00000000024000000.mp4,15975,motorcycle,1,517.221,51.4
ch01_00000000024000000.mp4,15987,car,3,517.571,36.0
ch01_00000000024000000.mp4,16005,truck,4,517.921,40.0
ch01_00000000024000000.mp4,16033,car,3,519.021,40.0
ch01_00000000024000000.mp4,16049,car,3,519.971,45.0
ch01_00000000024000000.mp4,16069,car,3,521.371,24.0
ch01_00000000024000000.mp4,16109,motorcycle,1,522.471,45.0
ch01_00000000024000000.mp4,16101,car,3,522.521,40.0
ch01_00000000024000000.mp4,16105,motorcycle,1,523.021,30.0
ch01_00000000024000000.mp4,16120,motorcycle,1,523.421,60.0
ch01_00000000024000000.mp4,16117,car,2,523.721,40.0
ch01_00000000024000000.mp4,16121,car,2,525.021,36.0
ch01_00000000024000000.mp4,16159,car,2,525.821,60.0
ch01_00000000024000000.mp4,16188,motorcycle,1,527.721,45.0
ch01_00000000024000000.mp4,16199,car,3,527.871,45.0
ch01_00000000024000000.mp4,16235,car,2,529.471,45.0
ch01_00000000024000000.mp4,16257,car,2,530.471,45.0
ch01_00000000024000000.mp4,16277,car,2,531.471,45.0
ch01_00000000024000000.mp4,16308,car,2,531.971,51.4
ch01_00000000024000000.mp4,16323,motorcycle,1,532.521,60.0
ch01_00000000024000000.mp4,16333,car,3,533.77,30.0
ch01_00000000024000000.mp4,16390,car,2,535.82,45.0
ch01_00000000024000000.mp4,16406,motorcycle,1,536.97,45.0
ch01_00000000024000000.mp4,16468,bus,5,540.17,45.0
ch01_00000000024000000.mp4,16514,car,3,542.37,45.0
ch01_00000000024000000.mp4,16560,car,2,544.62,51.4
ch01_00000000024000000.mp4,16573,motorcycle,1,544.82,60.0
ch01_00000000024000000.mp4,16585,car,2,545.87,51.4
ch01_00000000024000000.mp4,16595,car,2,546.12,51.4
ch01_00000000024000000.mp4,16624,motorcycle,1,547.17,36.0
ch01_00000000024000000.mp4,16648,car,2,548.07,45.0
ch01_00000000024000000.mp4,16680,car,3,548.87,40.0
ch01_00000000024000000.mp4,16705,car,2,549.57,45.0
ch01_00000000024000000.mp4,16719,car,2,550.47,36.0
ch01_00000000024000000.mp4,16738,car,2,551.12,45.0
ch01_00000000024000000.mp4,16752,motorcycle,1,551.22,45.0
ch01_00000000024000000.mp4,16777,car,2,552.269,40.0
ch01_00000000024000000.mp4,16749,motorcycle,1,552.319,51.4
ch01_00000000024000000.mp4,16831,car,2,554.119,40.0
ch01_00000000024000000.mp4,16887,car,2,555.169,45.0
ch01_00000000024000000.mp4,16880,motorcycle,1,555.269,45.0
ch01_00000000024000000.mp4,16903,motorcycle,1,556.019,51.4
ch01_00000000024000000.mp4,16924,motorcycle,1,556.719,51.4
ch01_00000000024000000.mp4,16951,motorcycle,1,558.419,51.4
ch01_00000000024000000.mp4,16983,motorcycle,1,559.519,51.4
ch01_00000000024000000.mp4,17009,motorcycle,1,560.369,51.4
ch01_00000000024000000.mp4,17024,motorcycle,1,560.469,60.0
ch01_00000000024000000.mp4,17078,car,2,562.419,60.0
ch01_00000000024000000.mp4,17135,car,2,565.119,40.0
ch01_00000000024000000.mp4,17163,motorcycle,1,566.219,40.0
ch01_00000000024000000.mp4,17178,truck,4,567.369,36.0
ch01_00000000024000000.mp4,17231,motorcycle,1,569.769,60.0
ch01_00000000024000000.mp4,17264,car,2,571.269,60.0
ch01_00000000024000000.mp4,17270,car,3,571.868,36.0
ch01_00000000024000000.mp4,17290,motorcycle,1,572.918,36.0
ch01_00000000024000000.mp4,17318,motorcycle,1,572.968,60.0
ch01_00000000024000000.mp4,17393,car,2,576.068,60.0
ch01_00000000024000000.mp4,17437,motorcycle,1,577.168,51.4
ch01_00000000024000000.mp4,17477,motorcycle,1,577.668,60.0
ch01_00000000024000000.mp4,17508,motorcycle,1,578.418,60.0
ch01_00000000024000000.mp4,17500,car,2,578.468,45.0
ch01_00000000024000000.mp4,17502,motorcycle,1,578.768,40.0
ch01_00000000024000000.mp4,17532,car,2,580.718,45.0
ch01_00000000024000000.mp4,17563,motorcycle,1,581.818,51.4
ch01_00000000024000000.mp4,17597,motorcycle,1,583.368,51.4
ch01_00000000024000000.mp4,17610,truck,6,583.618,45.0
ch01_00000000024000000.mp4,17631,motorcycle,1,585.418,72.0
ch01_00000000024000000.mp4,17640,car,2,586.168,51.4
ch01_00000000024000000.mp4,17683,motorcycle,1,586.918,72.0
ch01_00000000024000000.mp4,17636,car,3,587.318,51.4
ch01_00000000024000000.mp4,17724,motorcycle,1,589.418,60.0
ch01_00000000024000000.mp4,17719,motorcycle,1,589.667,45.0
ch01_00000000024000000.mp4,17725,truck,6,589.667,60.0
ch01_00000000024000000.mp4,17768,motorcycle,1,590.517,60.0
ch01_00000000024000000.mp4,17782,motorcycle,1,591.267,45.0
ch01_00000000024000000.mp4,17834,motorcycle,1,593.717,51.4
ch01_00000000024000000.mp4,17839,motorcycle,1,594.117,51.4
ch01_00000000024000000.mp4,17844,car,3,594.717,45.0
ch01_00000000024000000.mp4,17856,motorcycle,1,595.067,45.0
ch01_00000000024000000.mp4,17869,car,2,595.567,51.4
ch01_00000000024000000.mp4,17923,bus,5,598.317,51.4
ch01_00000000024000000.mp4,17958,motorcycle,1,598.817,72.0
ch01_00000000024000000.mp4,17963,motorcycle,1,599.667,51.4
ch01_00000000024000000.mp4,17981,motorcycle,1,599.867,51.4
ch01_00000000024000000.mp4,18005,car,2,601.317,51.4
ch01_00000000024000000.mp4,18026,motorcycle,1,602.417,51.4
ch01_00000000024000000.mp4,18048,motorcycle,1,603.517,51.4
ch01_00000000024000000.mp4,18066,motorcycle,1,604.067,51.4
ch01_00000000024000000.mp4,18091,motorcycle,1,604.517,60.0
ch01_00000000024000000.mp4,18111,car,2,605.767,45.0
ch01_00000000024000000.mp4,18145,car,2,607.167,60.0
ch01_00000000024000000.mp4,18160,bus,5,609.466,36.0
ch01_00000000024000000.mp4,18209,car,2,611.266,36.0
ch01_00000000024000000.mp4,18214,car,2,611.316,51.4
ch01_00000000024000000.mp4,18225,motorcycle,1,611.766,60.0
ch01_00000000024000000.mp4,18226,car,2,612.466,40.0
ch01_00000000024000000.mp4,18235,motorcycle,1,612.716,45.0
ch01_00000000024000000.mp4,18246,car,2,613.466,32.7
ch01_00000000024000000.mp4,18262,motorcycle,1,614.116,45.0
ch01_00000000024000000.mp4,18287,car,2,615.066,40.0
ch01_00000000024000000.mp4,18337,car,2,616.966,45.0
ch01_00000000024000000.mp4,18376,motorcycle,1,617.466,27.7
ch01_00000000024000000.mp4,18362,car,2,617.666,45.0
ch01_00000000024000000.mp4,18383,motorcycle,1,618.166,60.0
ch01_00000000024000000.mp4,18382,car,2,618.516,45.0
ch01_00000000024000000.mp4,18408,car,2,619.416,60.0
ch01_00000000024000000.mp4,18426,car,2,619.516,45.0
ch01_00000000024000000.mp4,18404,car,2,620.666,40.0
ch01_00000000024000000.mp4,18457,motorcycle,1,621.016,51.4
ch01_00000000024000000.mp4,18472,motorcycle,1,621.766,51.4
ch01_00000000024000000.mp4,18474,car,2,622.116,40.0
ch01_00000000024000000.mp4,18489,car,2,623.616,14.4
ch01_00000000024000000.mp4,18527,car,2,623.716,40.0
ch01_00000000024000000.mp4,18471,motorcycle,1,624.765,36.0
ch01_00000000024000000.mp4,18580,motorcycle,1,625.365,40.0
ch01_00000000024000000.mp4,18614,motorcycle,1,626.065,51.4
ch01_00000000024000000.mp4,18643,motorcycle,1,626.715,60.0
ch01_00000000024000000.mp4,800309,motorcycle,1,627.715,60.0
ch01_00000000024000000.mp4,18684,motorcycle,1,627.965,36.0
ch01_00000000024000000.mp4,18703,car,3,628.715,51.4
ch01_00000000024000000.mp4,18692,motorcycle,1,628.815,36.0
ch01_00000000024000000.mp4,18729,motorcycle,1,629.465,36.0
ch01_00000000024000000.mp4,18762,car,3,630.865,60.0
ch01_00000000024000000.mp4,18783,car,2,632.315,51.4
ch01_00000000024000000.mp4,18809,motorcycle,1,633.515,60.0
ch01_00000000024000000.mp4,18833,car,2,634.215,51.4
ch01_00000000024000000.mp4,18853,motorcycle,1,634.815,60.0
ch01_00000000024000000.mp4,18863,motorcycle,1,635.165,51.4
ch01_00000000024000000.mp4,18883,car,3,636.165,45.0
ch01_00000000024000000.mp4,18897,car,2,637.315,45.0
ch01_00000000024000000.mp4,800318,motorcycle,1,637.465,40.0
ch01_00000000024000000.mp4,18918,motorcycle,1,637.865,45.0
ch01_00000000024000000.mp4,18923,motorcycle,1,638.065,51.4
ch01_00000000024000000.mp4,18928,motorcycle,1,638.365,45.0
ch01_00000000024000000.mp4,18946,motorcycle,1,639.065,36.0
ch01_00000000024000000.mp4,18977,car,2,639.115,45.0
ch01_00000000024000000.mp4,19000,car,2,640.715,36.0
ch01_00000000024000000.mp4,19012,motorcycle,1,641.065,40.0
ch01_00000000024000000.mp4,19036,motorcycle,1,641.415,51.4
ch01_00000000024000000.mp4,19024,truck,4,641.565,40.0
ch01_00000000024000000.mp4,19045,motorcycle,1,641.865,45.0
ch01_00000000024000000.mp4,19050,motorcycle,1,642.165,45.0
ch01_00000000024000000.mp4,19078,car,3,643.314,40.0
ch01_00000000024000000.mp4,19084,motorcycle,1,643.465,36.0
ch01_00000000024000000.mp4,19095,car,2,643.865,32.7
ch01_00000000024000000.mp4,19131,car,3,645.514,36.0
ch01_00000000024000000.mp4,19159,motorcycle,1,645.764,51.4
ch01_00000000024000000.mp4,19178,motorcycle,1,646.264,51.4
ch01_00000000024000000.mp4,19200,motorcycle,1,646.714,51.4
ch01_00000000024000000.mp4,19186,motorcycle,1,646.964,36.0
ch01_00000000024000000.mp4,19205,motorcycle,1,647.714,45.0
ch01_00000000024000000.mp4,19215,car,2,648.114,30.0
ch01_00000000024000000.mp4,19306,car,2,651.014,45.0
ch01_00000000024000000.mp4,19338,motorcycle,1,651.664,60.0
ch01_00000000024000000.mp4,800327,motorcycle,1,652.164,60.0
ch01_00000000024000000.mp4,19342,car,2,653.064,22.5
ch01_00000000024000000.mp4,19388,car,2,654.614,20.0
ch01_00000000024000000.mp4,19405,motorcycle,1,655.264,40.0
ch01_00000000024000000.mp4,19436,truck,4,655.664,45.0
ch01_00000000024000000.mp4,19458,motorcycle,1,656.614,45.0
ch01_00000000024000000.mp4,19455,motorcycle,1,657.264,36.0
ch01_00000000024000000.mp4,19464,car,2,658.364,22.5
ch01_00000000024000000.mp4,19497,motorcycle,1,658.564,60.0
ch01_00000000024000000.mp4,19539,car,2,660.764,45.0
ch01_00000000024000000.mp4,19573,motorcycle,1,662.063,60.0
ch01_00000000024000000.mp4,19569,car,2,662.663,51.4
ch01_00000000024000000.mp4,19592,car,2,663.563,30.0
ch01_00000000024000000.mp4,19606,car,3,664.313,40.0
ch01_00000000024000000.mp4,19626,car,2,664.963,36.0
ch01_00000000024000000.mp4,19648,motorcycle,1,665.213,60.0
ch01_00000000024000000.mp4,19640,car,2,665.463,40.0
ch01_00000000024000000.mp4,19659,car,3,667.213,30.0
ch01_00000000024000000.mp4,19704,car,2,668.013,45.0
ch01_00000000024000000.mp4,19721,car,2,669.113,45.0
ch01_00000000024000000.mp4,19763,motorcycle,1,670.363,51.4
ch01_00000000024000000.mp4,19805,motorcycle,1,671.813,60.0
ch01_00000000024000000.mp4,19822,motorcycle,1,672.313,60.0
ch01_00000000024000000.mp4,19835,motorcycle,1,673.463,45.0
ch01_00000000024000000.mp4,19881,car,2,675.463,51.4
ch01_00000000024000000.mp4,19927,motorcycle,1,676.613,51.4
ch01_00000000024000000.mp4,19926,car,2,676.713,45.0
ch01_00000000024000000.mp4,19945,motorcycle,1,677.063,51.4
ch01_00000000024000000.mp4,19978,motorcycle,1,678.063,72.0
ch01_00000000024000000.mp4,19973,motorcycle,1,678.513,51.4
ch01_00000000024000000.mp4,20015,motorcycle,1,680.062,45.0
ch01_00000000024000000.mp4,20062,motorcycle,1,681.312,45.0
ch01_00000000024000000.mp4,20065,car,2,683.012,24.0
ch01_00000000024000000.mp4,800345,motorcycle,1,683.362,120.0
ch01_00000000024000000.mp4,20123,motorcycle,1,683.862,22.5
ch01_00000000024000000.mp4,20117,car,2,684.212,51.4
ch01_00000000024000000.mp4,20130,motorcycle,1,684.612,45.0
ch01_00000000024000000.mp4,20128,motorcycle,1,685.662,45.0
ch01_00000000024000000.mp4,20175,motorcycle,1,686.512,51.4
ch01_00000000024000000.mp4,20183,car,2,686.862,51.4
ch01_00000000024000000.mp4,20201,motorcycle,1,687.612,45.0
ch01_00000000024000000.mp4,20274,motorcycle,1,690.762,60.0
ch01_00000000024000000.mp4,20306,motorcycle,1,691.712,72.0
ch01_00000000024000000.mp4,20315,car,2,692.112,51.4
ch01_00000000024000000.mp4,20344,car,2,693.662,51.4
ch01_00000000024000000.mp4,20399,motorcycle,1,695.762,60.0
ch01_00000000024000000.mp4,20415,motorcycle,1,695.862,72.0
ch01_00000000024000000.mp4,20422,motorcycle,1,696.462,45.0
ch01_00000000024000000.mp4,20486,car,2,699.261,72.0
ch01_00000000024000000.mp4,20574,car,3,703.211,17.1
ch01_00000000024000000.mp4,20623,car,3,703.911,60.0
ch01_00000000024000000.mp4,20617,car,3,705.761,2.3
ch01_00000000024000000.mp4,20935,car,2,714.311,45.0
ch01_00000000024000000.mp4,20983,motorcycle,1,715.811,60.0
ch01_00000000024000000.mp4,20996,car,3,718.91,10.3
ch01_00000000024000000.mp4,21172,car,2,721.61,51.4
ch01_00000000024000000.mp4,21191,motorcycle,1,722.21,51.4
ch01_00000000024000000.mp4,21203,motorcycle,1,722.61,51.4
ch01_00000000024000000.mp4,21207,car,2,723.06,45.0
ch01_00000000024000000.mp4,21226,motorcycle,1,723.96,51.4
ch01_00000000024000000.mp4,21234,motorcycle,1,724.21,51.4
ch01_00000000024000000.mp4,21236,motorcycle,1,725.16,22.5
ch01_00000000024000000.mp4,21272,car,2,725.66,45.0
ch01_00000000024000000.mp4,21302,car,2,726.86,45.0
ch01_00000000024000000.mp4,21329,car,2,728.01,51.4
ch01_00000000024000000.mp4,21331,motorcycle,1,728.26,36.0
ch01_00000000024000000.mp4,21356,motorcycle,1,729.26,40.0
ch01_00000000024000000.mp4,21364,car,2,729.56,51.4
ch01_00000000024000000.mp4,21376,motorcycle,1,730.06,45.0
ch01_00000000024000000.mp4,21421,car,2,730.86,51.4
ch01_00000000024000000.mp4,21467,car,3,732.46,51.4
ch01_00000000024000000.mp4,21536,motorcycle,1,733.909,45.0
ch01_00000000024000000.mp4,21552,car,2,734.21,51.4
ch01_00000000024000000.mp4,21584,car,3,735.659,30.0
ch01_00000000024000000.mp4,21670,car,2,737.159,45.0
ch01_00000000024000000.mp4,21715,motorcycle,1,738.459,60.0
ch01_00000000024000000.mp4,21708,truck,6,740.309,45.0
ch01_00000000024000000.mp4,21816,motorcycle,1,742.359,36.0
ch01_00000000024000000.mp4,21869,car,3,743.759,45.0
ch01_00000000024000000.mp4,21868,motorcycle,1,743.859,40.0
ch01_00000000024000000.mp4,800377,motorcycle,1,744.259,120.0
ch01_00000000024000000.mp4,21924,car,2,745.209,45.0
ch01_00000000024000000.mp4,21963,car,2,746.509,45.0
ch01_00000000024000000.mp4,21976,motorcycle,1,747.209,36.0
ch01_00000000024000000.mp4,22051,car,2,748.109,45.0
ch01_00000000024000000.mp4,22094,car,2,749.509,40.0
ch01_00000000024000000.mp4,22098,car,3,751.259,10.0
ch01_00000000024000000.mp4,22172,motorcycle,1,751.859,45.0
ch01_00000000024000000.mp4,800382,motorcycle,1,752.359,13.3
ch01_00000000024000000.mp4,22210,motorcycle,1,752.609,60.0
ch01_00000000024000000.mp4,22213,car,2,752.708,45.0
ch01_00000000024000000.mp4,22227,motorcycle,1,753.058,51.4
ch01_00000000024000000.mp4,22246,motorcycle,1,753.608,51.4
ch01_00000000024000000.mp4,22291,car,2,755.558,36.0
ch01_00000000024000000.mp4,22302,car,3,755.558,40.0
ch01_00000000024000000.mp4,22315,motorcycle,1,756.158,51.4
ch01_00000000024000000.mp4,22335,motorcycle,1,756.308,51.4
ch01_00000000024000000.mp4,22345,motorcycle,1,756.658,45.0
ch01_00000000024000000.mp4,22369,motorcycle,1,756.658,45.0
ch01_00000000024000000.mp4,22342,motorcycle,1,757.408,60.0
ch01_00000000024000000.mp4,22330,car,2,757.608,40.0
ch01_00000000024000000.mp4,22461,car,2,760.258,51.4
ch01_00000000024000000.mp4,22485,motorcycle,1,760.258,51.4
ch01_00000000024000000.mp4,22503,motorcycle,1,761.108,51.4
ch01_00000000024000000.mp4,22538,car,2,762.258,45.0
ch01_00000000024000000.mp4,22553,motorcycle,1,762.808,45.0
ch01_00000000024000000.mp4,22589,motorcycle,1,763.658,60.0
ch01_00000000024000000.mp4,22579,car,2,763.708,36.0
ch01_00000000024000000.mp4,22633,motorcycle,1,764.658,45.0
ch01_00000000024000000.mp4,22779,motorcycle,1,769.258,51.4
ch01_00000000024000000.mp4,22793,motorcycle,1,770.107,45.0
ch01_00000000024000000.mp4,800393,motorcycle,1,770.508,120.0
ch01_00000000024000000.mp4,22826,motorcycle,1,771.307,40.0
ch01_00000000024000000.mp4,22857,motorcycle,1,771.757,51.4
ch01_00000000024000000.mp4,22897,car,2,773.307,60.0
ch01_00000000024000000.mp4,22958,car,2,774.857,45.0
ch01_00000000024000000.mp4,23047,car,2,777.107,51.4
ch01_00000000024000000.mp4,23090,car,3,778.207,51.4
ch01_00000000024000000.mp4,23125,motorcycle,1,779.457,45.0
ch01_00000000024000000.mp4,23134,car,2,779.707,51.4
ch01_00000000024000000.mp4,23166,car,2,780.757,90.0
ch01_00000000024000000.mp4,23154,motorcycle,1,781.357,16.4
ch01_00000000024000000.mp4,23291,motorcycle,1,783.957,60.0
ch01_00000000024000000.mp4,23326,motorcycle,1,784.907,45.0
ch01_00000000024000000.mp4,23364,car,3,786.357,51.4
ch01_00000000024000000.mp4,23373,motorcycle,1,786.757,60.0
ch01_00000000024000000.mp4,23405,motorcycle,1,787.807,60.0
ch01_00000000024000000.mp4,23429,motorcycle,1,788.856,72.0
ch01_00000000024000000.mp4,23460,motorcycle,1,789.456,60.0
ch01_00000000024000000.mp4,23443,car,2,789.506,51.4
ch01_00000000024000000.mp4,23495,car,2,790.956,60.0
ch01_00000000024000000.mp4,23534,car,2,792.206,60.0
ch01_00000000024000000.mp4,23540,motorcycle,1,792.356,60.0
ch01_00000000024000000.mp4,23577,motorcycle,1,793.506,51.4
ch01_00000000024000000.mp4,23573,car,3,794.856,40.0
ch01_00000000024000000.mp4,23622,car,2,795.556,51.4
ch01_00000000024000000.mp4,23636,motorcycle,1,795.656,40.0
ch01_00000000024000000.mp4,23680,motorcycle,1,796.306,45.0
ch01_00000000024000000.mp4,23700,motorcycle,1,796.856,51.4
ch01_00000000024000000.mp4,23753,motorcycle,1,799.056,45.0
ch01_00000000024000000.mp4,23772,motorcycle,1,799.706,45.0
ch01_00000000024000000.mp4,23806,car,3,801.206,40.0
ch01_00000000024000000.mp4,23842,motorcycle,1,801.856,45.0
ch01_00000000024000000.mp4,23867,motorcycle,1,802.906,45.0
ch01_00000000024000000.mp4,23889,motorcycle,1,803.156,51.4
ch01_00000000024000000.mp4,23895,motorcycle,1,803.856,45.0
ch01_00000000024000000.mp4,23917,motorcycle,1,804.806,45.0
ch01_00000000024000000.mp4,23974,car,3,807.255,40.0
ch01_00000000024000000.mp4,23958,motorcycle,1,807.355,45.0
ch01_00000000024000000.mp4,24014,motorcycle,1,808.055,40.0
ch01_00000000024000000.mp4,24010,car,3,808.205,36.0
ch01_00000000024000000.mp4,24047,motorcycle,1,808.955,51.4
ch01_00000000024000000.mp4,24065,car,2,810.155,45.0
ch01_00000000024000000.mp4,24100,motorcycle,1,811.005,45.0
ch01_00000000024000000.mp4,24099,car,2,811.055,40.0
ch01_00000000024000000.mp4,800410,motorcycle,1,811.605,7.1
ch01_00000000024000000.mp4,24132,motorcycle,1,811.905,40.0
ch01_00000000024000000.mp4,24152,car,2,812.755,40.0
ch01_00000000024000000.mp4,24186,motorcycle,1,813.655,51.4
ch01_00000000024000000.mp4,24204,motorcycle,1,813.905,51.4
ch01_00000000024000000.mp4,24244,motorcycle,1,814.705,40.0
ch01_00000000024000000.mp4,24236,motorcycle,1,814.955,36.0
ch01_00000000024000000.mp4,24255,motorcycle,1,815.155,40.0
ch01_00000000024000000.mp4,24333,motorcycle,1,817.405,45.0
ch01_00000000024000000.mp4,24352,motorcycle,1,818.605,40.0
ch01_00000000024000000.mp4,24374,car,2,819.255,45.0
ch01_00000000024000000.mp4,24395,motorcycle,1,820.055,45.0
ch01_00000000024000000.mp4,24407,motorcycle,1,820.505,45.0
ch01_00000000024000000.mp4,24454,motorcycle,1,821.755,45.0
ch01_00000000024000000.mp4,24469,motorcycle,1,822.105,45.0
ch01_00000000024000000.mp4,24501,motorcycle,1,822.305,51.4
ch01_00000000024000000.mp4,24485,motorcycle,1,822.755,36.0
ch01_00000000024000000.mp4,24587,car,2,826.104,45.0
ch01_00000000024000000.mp4,24678,truck,6,828.954,45.0
ch01_00000000024000000.mp4,24688,car,3,829.954,27.7
ch01_00000000024000000.mp4,24744,car,2,830.504,40.0
ch01_00000000024000000.mp4,24782,motorcycle,1,831.504,51.4
ch01_00000000024000000.mp4,24826,car,2,833.104,45.0
ch01_00000000024000000.mp4,24866,car,2,834.004,40.0
ch01_00000000024000000.mp4,24882,car,3,835.404,25.7
ch01_00000000024000000.mp4,24960,car,3,836.404,45.0
ch01_00000000024000000.mp4,24980,motorcycle,1,836.604,60.0
ch01_00000000024000000.mp4,24989,motorcycle,1,837.104,60.0
ch01_00000000024000000.mp4,25003,car,3,838.054,40.0
ch01_00000000024000000.mp4,25084,motorcycle,1,840.354,60.0
ch01_00000000024000000.mp4,25078,car,2,841.404,60.0
ch01_00000000024000000.mp4,25119,motorcycle,1,841.654,40.0
ch01_00000000024000000.mp4,25136,car,2,842.004,45.0
ch01_00000000024000000.mp4,25235,motorcycle,1,844.453,72.0
ch01_00000000024000000.mp4,25249,motorcycle,1,844.753,72.0
ch01_00000000024000000.mp4,25270,car,2,846.403,45.0
ch01_00000000024000000.mp4,25291,motorcycle,1,846.553,51.4
ch01_00000000024000000.mp4,25276,motorcycle,1,847.253,45.0
ch01_00000000024000000.mp4,25295,motorcycle,1,847.803,60.0
ch01_00000000024000000.mp4,25359,motorcycle,1,849.103,90.0
ch01_00000000024000000.mp4,25360,motorcycle,1,849.103,72.0
ch01_00000000024000000.mp4,25440,motorcycle,1,851.753,72.0
ch01_00000000024000000.mp4,25457,motorcycle,1,852.453,72.0
ch01_00000000024000000.mp4,25476,motorcycle,1,853.053,72.0
ch01_00000000024000000.mp4,25481,motorcycle,1,853.603,72.0
ch01_00000000024000000.mp4,25489,motorcycle,1,853.953,60.0
ch01_00000000024000000.mp4,25563,motorcycle,1,856.103,51.4
ch01_00000000024000000.mp4,25580,motorcycle,1,857.053,45.0
ch01_00000000024000000.mp4,25629,motorcycle,1,858.703,60.0
ch01_00000000024000000.mp4,25646,car,2,859.803,24.0
ch01_00000000024000000.mp4,25669,car,2,861.053,72.0
ch01_00000000024000000.mp4,25721,car,2,863.902,40.0
ch01_00000000024000000.mp4,25753,motorcycle,1,864.352,72.0
ch01_00000000024000000.mp4,25718,car,2,864.902,40.0
ch01_00000000024000000.mp4,25771,motorcycle,1,865.452,60.0
ch01_00000000024000000.mp4,25780,motorcycle,1,865.602,60.0
ch01_00000000024000000.mp4,25817,motorcycle,1,866.652,72.0
ch01_00000000024000000.mp4,25884,motorcycle,1,869.802,60.0
ch01_00000000024000000.mp4,25910,motorcycle,1,871.002,60.0
ch01_00000000024000000.mp4,25918,motorcycle,1,871.652,60.0
ch01_00000000024000000.mp4,25928,motorcycle,1,872.152,45.0
ch01_00000000024000000.mp4,25954,motorcycle,1,872.902,51.4
ch01_00000000024000000.mp4,26024,motorcycle,1,874.952,51.4
ch01_00000000024000000.mp4,26040,motorcycle,1,875.452,60.0
ch01_00000000024000000.mp4,26063,motorcycle,1,875.902,51.4
ch01_00000000024000000.mp4,26075,motorcycle,1,876.252,51.4
ch01_00000000024000000.mp4,26089,motorcycle,1,876.502,60.0
ch01_00000000024000000.mp4,800455,motorcycle,1,878.052,40.0
ch01_00000000024000000.mp4,26192,motorcycle,1,880.301,51.4
ch01_00000000024000000.mp4,26208,motorcycle,1,880.951,60.0
ch01_00000000024000000.mp4,26249,motorcycle,1,882.401,60.0
ch01_00000000024000000.mp4,26266,motorcycle,1,883.501,45.0
ch01_00000000024000000.mp4,26280,motorcycle,1,884.601,36.0
ch01_00000000024000000.mp4,26284,car,2,884.751,51.4
ch01_00000000024000000.mp4,26297,car,2,885.601,72.0
ch01_00000000024000000.mp4,26339,motorcycle,1,886.701,90.0
ch01_00000000024000000.mp4,26299,car,2,886.801,51.4
ch01_00000000024000000.mp4,26340,car,2,889.101,15.7
ch01_00000000024000000.mp4,26449,motorcycle,1,891.051,60.0
ch01_00000000024000000.mp4,26472,motorcycle,1,891.751,60.0
ch01_00000000024000000.mp4,26487,truck,6,893.251,51.4
ch01_00000000024000000.mp4,26499,motorcycle,1,893.601,51.4
ch01_00000000024000000.mp4,26508,car,3,894.251,45.0
ch01_00000000024000000.mp4,26519,motorcycle,1,894.451,51.4
ch01_00000000024000000.mp4,26534,car,2,895.351,45.0
ch01_00000000024000000.mp4,26552,motorcycle,1,896.4,60.0
ch01_00000000024000000.mp4,26557,car,2,896.851,51.4
ch01_00000000024000000.mp4,26567,motorcycle,1,897.301,51.4
ch01_00000000024000000.mp4,26587,motorcycle,1,898.0,60.0
ch01_00000000024000000.mp4,26606,motorcycle,1,898.3,51.4
ch01_00000000024000000.mp4,26582,car,2,899.5,45.0
ch01_00000000024000000.mp4,26679,motorcycle,1,901.75,60.0
ch01_00000000024000000.mp4,26712,motorcycle,1,902.75,51.4
ch01_00000000024000000.mp4,26672,motorcycle,1,903.45,45.0
ch01_00000000024000000.mp4,26738,car,2,903.75,45.0
ch01_00000000024000000.mp4,26761,motorcycle,1,904.5,51.4
ch01_00000000024000000.mp4,26667,motorcycle,1,905.0,27.7
ch01_00000000024000000.mp4,26782,motorcycle,1,905.35,45.0
ch01_00000000024000000.mp4,26799,motorcycle,1,906.4,45.0
ch01_00000000024000000.mp4,26808,car,2,906.65,40.0
ch01_00000000024000000.mp4,26823,motorcycle,1,907.0,45.0
ch01_00000000024000000.mp4,26828,motorcycle,1,907.05,45.0
ch01_00000000024000000.mp4,26860,car,2,908.4,40.0
ch01_00000000024000000.mp4,26868,motorcycle,1,908.55,51.4
ch01_00000000024000000.mp4,26885,car,2,909.5,45.0
ch01_00000000024000000.mp4,26894,car,2,909.9,45.0
ch01_00000000024000000.mp4,26906,motorcycle,1,910.25,51.4
ch01_00000000024000000.mp4,26934,motorcycle,1,911.45,51.4
ch01_00000000024000000.mp4,26935,car,2,911.7,40.0
ch01_00000000024000000.mp4,26943,motorcycle,1,911.8,60.0
ch01_00000000024000000.mp4,800474,motorcycle,1,912.1,12.0
ch01_00000000024000000.mp4,26953,motorcycle,1,912.2,60.0
ch01_00000000024000000.mp4,26951,car,2,912.4,45.0
ch01_00000000024000000.mp4,26992,motorcycle,1,912.95,51.4
ch01_00000000024000000.mp4,26987,car,2,913.25,45.0
ch01_00000000024000000.mp4,27048,motorcycle,1,915.699,45.0
ch01_00000000024000000.mp4,27066,car,2,916.249,45.0
ch01_00000000024000000.mp4,27096,car,2,917.549,45.0
ch01_00000000024000000.mp4,27115,car,2,918.349,36.0
ch01_00000000024000000.mp4,27137,motorcycle,1,918.949,32.7
ch01_00000000024000000.mp4,27145,car,2,919.299,32.7
ch01_00000000024000000.mp4,27227,motorcycle,1,920.649,45.0
ch01_00000000024000000.mp4,27253,motorcycle,1,921.149,40.0
ch01_00000000024000000.mp4,27267,motorcycle,1,921.549,51.4
ch01_00000000024000000.mp4,27301,motorcycle,1,922.799,45.0
ch01_00000000024000000.mp4,27323,motorcycle,1,923.499,40.0
ch01_00000000024000000.mp4,27330,motorcycle,1,924.149,36.0
ch01_00000000024000000.mp4,27350,motorcycle,1,924.849,51.4
ch01_00000000024000000.mp4,27411,car,3,926.849,51.4
ch01_00000000024000000.mp4,27423,motorcycle,1,927.099,60.0
ch01_00000000024000000.mp4,27460,motorcycle,1,928.299,45.0
ch01_00000000024000000.mp4,27496,car,2,929.899,45.0
ch01_00000000024000000.mp4,27498,motorcycle,1,930.049,45.0
ch01_00000000024000000.mp4,27511,motorcycle,1,930.549,51.4
ch01_00000000024000000.mp4,27520,car,3,931.499,32.7
ch01_00000000024000000.mp4,27560,motorcycle,1,932.348,30.0
ch01_00000000024000000.mp4,27567,car,2,932.448,51.4
ch01_00000000024000000.mp4,27616,car,3,934.948,12.4
ch01_00000000024000000.mp4,27645,bus,5,935.448,40.0
ch01_00000000024000000.mp4,27704,motorcycle,1,936.248,36.0
ch01_00000000024000000.mp4,27712,motorcycle,1,937.198,32.7
ch01_00000000024000000.mp4,27743,car,2,937.698,40.0
ch01_00000000024000000.mp4,27731,motorcycle,1,937.748,32.7
ch01_00000000024000000.mp4,27769,car,2,938.998,25.7
ch01_00000000024000000.mp4,27778,motorcycle,1,939.448,25.7
ch01_00000000024000000.mp4,27820,car,2,940.148,40.0
ch01_00000000024000000.mp4,27844,car,2,941.448,30.0
ch01_00000000024000000.mp4,27863,car,2,943.248,14.4
ch01_00000000024000000.mp4,27972,car,3,946.398,18.0
ch01_00000000024000000.mp4,28039,car,2,947.448,45.0
ch01_00000000024000000.mp4,28090,motorcycle,1,948.548,10.9
ch01_00000000024000000.mp4,28057,motorcycle,1,948.698,27.7
ch01_00000000024000000.mp4,28121,car,3,949.598,45.0
ch01_00000000024000000.mp4,28159,motorcycle,1,950.298,45.0
ch01_00000000024000000.mp4,28187,car,2,951.347,32.7
ch01_00000000024000000.mp4,800495,motorcycle,1,951.697,6.7
ch01_00000000024000000.mp4,28241,motorcycle,1,952.447,36.0
ch01_00000000024000000.mp4,17209,car,2,952.797,4.1
ch01_00000000024000000.mp4,28337,car,2,954.897,32.7
ch01_00000000024000000.mp4,28353,motorcycle,1,955.447,22.5
ch01_00000000024000000.mp4,28374,motorcycle,1,956.097,36.0
ch01_00000000024000000.mp4,28383,car,2,956.297,30.0
ch01_00000000024000000.mp4,28394,motorcycle,1,956.697,32.7
ch01_00000000024000000.mp4,28439,car,3,967.647,4.9
ch01_00000000024000000.mp4,28586,car,3,973.946,8.0
ch01_00000000024000000.mp4,28907,motorcycle,1,974.896,16.4
ch01_00000000024000000.mp4,28996,car,2,977.346,20.0
ch01_00000000024000000.mp4,29016,car,3,977.496,27.7
ch01_00000000024000000.mp4,29042,motorcycle,1,978.296,24.0
ch01_00000000024000000.mp4,29055,car,2,978.846,22.5
ch01_00000000024000000.mp4,29122,car,2,980.846,21.2
ch01_00000000024000000.mp4,29156,car,3,981.196,18.9
ch01_00000000024000000.mp4,29212,motorcycle,1,982.046,22.5
ch01_00000000024000000.mp4,29188,motorcycle,1,982.296,21.2
ch01_00000000024000000.mp4,29193,motorcycle,1,982.346,21.2
ch01_00000000024000000.mp4,29219,motorcycle,1,983.346,32.7
ch01_00000000024000000.mp4,29222,car,2,983.896,22.5
ch01_00000000024000000.mp4,29274,car,2,985.696,25.7
ch01_00000000024000000.mp4,29298,truck,6,986.246,25.7
ch01_00000000024000000.mp4,29320,car,2,987.096,25.7
ch01_00000000024000000.mp4,29377,motorcycle,1,988.195,32.7
ch01_00000000024000000.mp4,29353,truck,4,988.295,22.5
ch01_00000000024000000.mp4,29398,motorcycle,1,988.545,36.0
ch01_00000000024000000.mp4,29427,car,2,990.245,25.7
ch01_00000000024000000.mp4,29473,motorcycle,1,991.245,45.0
ch01_00000000024000000.mp4,29481,car,2,991.895,25.7
ch01_00000000024000000.mp4,29525,car,2,993.045,40.0
ch01_00000000024000000.mp4,29544,car,2,994.495,40.0
ch01_00000000024000000.mp4,800512,motorcycle,1,995.345,30.0
ch01_00000000024000000.mp4,29567,car,2,996.345,24.0
ch01_00000000024000000.mp4,29596,car,2,996.545,30.0
ch01_00000000024000000.mp4,29613,motorcycle,1,997.145,32.7
ch01_00000000024000000.mp4,29635,motorcycle,1,997.645,32.7
ch01_00000000024000000.mp4,29660,car,3,999.495,21.2
ch01_00000000024000000.mp4,29720,car,2,999.695,27.7
ch01_00000000024000000.mp4,29746,motorcycle,1,1000.845,24.0
ch01_00000000024000000.mp4,29776,motorcycle,1,1001.095,45.0
ch01_00000000024000000.mp4,29804,motorcycle,1,1002.145,36.0
ch01_00000000024000000.mp4,29819,motorcycle,1,1002.695,40.0
ch01_00000000024000000.mp4,29825,car,2,1002.995,25.7
ch01_00000000024000000.mp4,29855,motorcycle,1,1003.595,25.7
ch01_00000000024000000.mp4,29860,motorcycle,1,1003.595,36.0
ch01_00000000024000000.mp4,29906,car,2,1005.095,25.7
ch01_00000000024000000.mp4,29919,car,2,1005.644,30.0
ch01_00000000024000000.mp4,30016,car,3,1007.694,40.0
ch01_00000000024000000.mp4,30019,motorcycle,1,1007.794,40.0
ch01_00000000024000000.mp4,30033,motorcycle,1,1007.994,40.0
ch01_00000000024000000.mp4,30080,motorcycle,1,1009.294,51.4
ch01_00000000024000000.mp4,30095,car,3,1010.094,45.0
ch01_00000000024000000.mp4,30120,car,2,1011.044,40.0
ch01_00000000024000000.mp4,30165,motorcycle,1,1012.094,45.0
ch01_00000000024000000.mp4,30159,bus,5,1012.444,45.0
ch01_00000000024000000.mp4,30189,motorcycle,1,1012.494,60.0
ch01_00000000024000000.mp4,30216,motorcycle,1,1013.844,36.0
ch01_00000000024000000.mp4,30276,motorcycle,1,1014.494,51.4
ch01_00000000024000000.mp4,30304,car,3,1015.494,45.0
ch01_00000000024000000.mp4,30327,car,2,1016.694,32.7
ch01_00000000024000000.mp4,30322,motorcycle,1,1016.844,45.0
ch01_00000000024000000.mp4,30405,motorcycle,1,1017.494,51.4
ch01_00000000024000000.mp4,30532,motorcycle,1,1020.294,51.4
ch01_00000000024000000.mp4,30548,car,3,1021.744,32.7
ch01_00000000024000000.mp4,30590,car,3,1022.994,27.7
ch01_00000000024000000.mp4,30650,motorcycle,1,1023.644,36.0
ch01_00000000024000000.mp4,30687,motorcycle,1,1024.493,45.0
ch01_00000000024000000.mp4,30712,motorcycle,1,1025.393,36.0
ch01_00000000024000000.mp4,30794,car,2,1027.743,36.0
ch01_00000000024000000.mp4,30835,motorcycle,1,1028.243,36.0
ch01_00000000024000000.mp4,30786,motorcycle,1,1029.043,36.0
ch01_00000000024000000.mp4,30905,motorcycle,1,1029.643,40.0
ch01_00000000024000000.mp4,30917,motorcycle,1,1029.743,40.0
ch01_00000000024000000.mp4,30975,car,2,1031.093,60.0
ch01_00000000024000000.mp4,31002,motorcycle,1,1031.843,51.4
ch01_00000000024000000.mp4,31088,motorcycle,1,1033.893,51.4
ch01_00000000024000000.mp4,31093,car,2,1034.343,40.0
ch01_00000000024000000.mp4,31083,car,2,1035.993,30.0
ch01_00000000024000000.mp4,31128,motorcycle,1,1036.393,36.0
ch01_00000000024000000.mp4,31164,car,2,1037.043,45.0
ch01_00000000024000000.mp4,31155,car,2,1037.793,27.7
ch01_00000000024000000.mp4,31178,motorcycle,1,1037.893,45.0
ch01_00000000024000000.mp4,31237,motorcycle,1,1038.743,51.4
ch01_00000000024000000.mp4,31229,car,2,1039.193,27.7
ch01_00000000024000000.mp4,31263,motorcycle,1,1039.593,45.0
ch01_00000000024000000.mp4,31287,motorcycle,1,1040.493,45.0
ch01_00000000024000000.mp4,31269,car,2,1040.842,24.0
ch01_00000000024000000.mp4,31311,motorcycle,1,1041.293,45.0
ch01_00000000024000000.mp4,31365,car,3,1043.142,36.0
ch01_00000000024000000.mp4,31398,motorcycle,1,1043.342,36.0
ch01_00000000024000000.mp4,31403,motorcycle,1,1043.492,36.0
ch01_00000000024000000.mp4,31420,motorcycle,1,1044.042,40.0
ch01_00000000024000000.mp4,31425,motorcycle,1,1044.092,40.0
ch01_00000000024000000.mp4,31458,motorcycle,1,1045.092,40.0
ch01_00000000024000000.mp4,31486,car,2,1046.192,45.0
ch01_00000000024000000.mp4,31459,car,2,1047.442,11.3
ch01_00000000024000000.mp4,31550,car,2,1047.592,36.0
ch01_00000000024000000.mp4,31589,car,2,1048.692,40.0
ch01_00000000024000000.mp4,31556,motorcycle,1,1049.142,9.5
ch01_00000000024000000.mp4,31623,motorcycle,1,1049.342,40.0
ch01_00000000024000000.mp4,31668,motorcycle,1,1050.292,45.0
ch01_00000000024000000.mp4,31687,motorcycle,1,1050.492,51.4
ch01_00000000024000000.mp4,31694,motorcycle,1,1051.142,45.0
ch01_00000000024000000.mp4,31700,car,2,1051.442,40.0
ch01_00000000024000000.mp4,31757,motorcycle,1,1052.192,60.0
ch01_00000000024000000.mp4,31813,motorcycle,1,1053.792,51.4
ch01_00000000024000000.mp4,31872,car,2,1055.892,51.4
ch01_00000000024000000.mp4,31883,car,2,1056.192,40.0
ch01_00000000024000000.mp4,31921,motorcycle,1,1056.842,60.0
ch01_00000000024000000.mp4,31935,motorcycle,1,1057.292,45.0
ch01_00000000024000000.mp4,31916,motorcycle,1,1057.542,60.0
ch01_00000000024000000.mp4,31962,motorcycle,1,1058.042,45.0
ch01_00000000024000000.mp4,31954,motorcycle,1,1058.442,40.0
ch01_00000000024000000.mp4,31973,motorcycle,1,1058.592,45.0
ch01_00000000024000000.mp4,31986,motorcycle,1,1059.091,45.0
ch01_00000000024000000.mp4,32047,motorcycle,1,1059.641,51.4
ch01_00000000024000000.mp4,32066,motorcycle,1,1061.041,45.0
ch01_00000000024000000.mp4,32122,car,2,1062.341,45.0
ch01_00000000024000000.mp4,32137,car,2,1062.591,45.0
ch01_00000000024000000.mp4,32184,motorcycle,1,1062.991,51.4
ch01_00000000024000000.mp4,32148,motorcycle,1,1063.141,45.0
ch01_00000000024000000.mp4,32157,motorcycle,1,1063.391,51.4
ch01_00000000024000000.mp4,32173,motorcycle,1,1063.391,45.0
ch01_00000000024000000.mp4,32201,car,2,1064.041,51.4
ch01_00000000024000000.mp4,32216,motorcycle,1,1064.491,51.4
ch01_00000000024000000.mp4,32299,car,2,1067.041,60.0
ch01_00000000024000000.mp4,32338,motorcycle,1,1067.941,60.0
ch01_00000000024000000.mp4,32349,motorcycle,1,1068.241,72.0
ch01_00000000024000000.mp4,32383,motorcycle,1,1068.841,72.0
ch01_00000000024000000.mp4,32443,motorcycle,1,1070.941,60.0
ch01_00000000024000000.mp4,32467,car,2,1072.041,60.0
ch01_00000000024000000.mp4,32531,motorcycle,1,1074.491,51.4
ch01_00000000024000000.mp4,32574,motorcycle,1,1075.041,45.0
ch01_00000000024000000.mp4,32575,car,2,1075.141,45.0
ch01_00000000024000000.mp4,32603,motorcycle,1,1075.991,40.0
ch01_00000000024000000.mp4,32705,car,2,1079.64,72.0
ch01_00000000024000000.mp4,32712,truck,4,1079.94,51.4
ch01_00000000024000000.mp4,32733,motorcycle,1,1080.89,32.7
ch01_00000000024000000.mp4,32792,motorcycle,1,1083.24,51.4
ch01_00000000024000000.mp4,32871,motorcycle,1,1085.19,45.0
ch01_00000000024000000.mp4,32894,car,3,1086.04,36.0
ch01_00000000024000000.mp4,800563,motorcycle,1,1086.24,40.0
ch01_00000000024000000.mp4,32929,car,2,1086.39,60.0
ch01_00000000024000000.mp4,32926,motorcycle,1,1086.54,45.0
ch01_00000000024000000.mp4,32959,car,2,1087.29,45.0
ch01_00000000024000000.mp4,32971,motorcycle,1,1087.64,51.4
ch01_00000000024000000.mp4,32988,car,2,1088.19,60.0
ch01_00000000024000000.mp4,33025,car,2,1089.04,51.4
ch01_00000000024000000.mp4,33076,motorcycle,1,1090.09,51.4
ch01_00000000024000000.mp4,33083,motorcycle,1,1090.64,32.7
ch01_00000000024000000.mp4,33121,motorcycle,1,1091.89,40.0
ch01_00000000024000000.mp4,33131,car,2,1091.99,60.0
ch01_00000000024000000.mp4,33160,motorcycle,1,1093.39,40.0
ch01_00000000024000000.mp4,33190,motorcycle,1,1094.49,60.0
ch01_00000000024000000.mp4,33196,car,2,1095.09,60.0
ch01_00000000024000000.mp4,33194,motorcycle,1,1095.389,40.0
ch01_00000000024000000.mp4,33224,motorcycle,1,1095.439,72.0
ch01_00000000024000000.mp4,33256,car,2,1096.989,51.4
ch01_00000000024000000.mp4,800570,motorcycle,1,1097.339,8.6
ch01_00000000024000000.mp4,33300,car,2,1097.639,45.0
ch01_00000000024000000.mp4,33321,motorcycle,1,1098.039,60.0
ch01_00000000024000000.mp4,33330,car,2,1098.489,51.4
ch01_00000000024000000.mp4,33367,motorcycle,1,1098.789,60.0
ch01_00000000024000000.mp4,33384,motorcycle,1,1099.389,51.4
ch01_00000000024000000.mp4,33399,motorcycle,1,1099.989,60.0
ch01_00000000024000000.mp4,33409,motorcycle,1,1100.239,51.4
ch01_00000000024000000.mp4,33430,motorcycle,1,1100.639,60.0
ch01_00000000024000000.mp4,33532,motorcycle,1,1104.839,60.0
ch01_00000000024000000.mp4,33559,motorcycle,1,1105.739,60.0
ch01_00000000024000000.mp4,33568,motorcycle,1,1106.739,60.0
ch01_00000000024000000.mp4,33586,motorcycle,1,1107.389,72.0
ch01_00000000024000000.mp4,33627,motorcycle,1,1108.889,72.0
ch01_00000000024000000.mp4,33647,motorcycle,1,1109.739,51.4
ch01_00000000024000000.mp4,33699,car,3,1112.139,45.0
ch01_00000000024000000.mp4,33756,motorcycle,1,1113.889,60.0
ch01_00000000024000000.mp4,33747,motorcycle,1,1114.238,30.0
ch01_00000000024000000.mp4,33769,motorcycle,1,1114.289,60.0
ch01_00000000024000000.mp4,33784,motorcycle,1,1114.789,72.0
ch01_00000000024000000.mp4,33785,car,2,1115.088,45.0
ch01_00000000024000000.mp4,33782,motorcycle,1,1115.138,45.0
ch01_00000000024000000.mp4,33846,motorcycle,1,1115.838,60.0
ch01_00000000024000000.mp4,33820,motorcycle,1,1115.888,60.0
ch01_00000000024000000.mp4,33787,motorcycle,1,1116.488,60.0
ch01_00000000024000000.mp4,33862,motorcycle,1,1116.488,45.0
ch01_00000000024000000.mp4,33852,car,2,1117.238,45.0
ch01_00000000024000000.mp4,33893,car,2,1117.738,51.4
ch01_00000000024000000.mp4,33917,car,2,1118.688,51.4
ch01_00000000024000000.mp4,33963,car,2,1119.888,45.0
ch01_00000000024000000.mp4,33986,car,3,1120.738,51.4
ch01_00000000024000000.mp4,33993,car,2,1121.188,51.4
ch01_00000000024000000.mp4,34014,truck,6,1122.338,45.0
ch01_00000000024000000.mp4,34022,motorcycle,1,1122.638,51.4
ch01_00000000024000000.mp4,34044,car,2,1123.488,51.4
ch01_00000000024000000.mp4,34048,motorcycle,1,1123.638,45.0
ch01_00000000024000000.mp4,34092,motorcycle,1,1125.088,51.4
ch01_00000000024000000.mp4,34094,car,2,1125.388,40.0
ch01_00000000024000000.mp4,34151,car,2,1126.638,45.0
ch01_00000000024000000.mp4,34165,motorcycle,1,1127.038,51.4
ch01_00000000024000000.mp4,34172,motorcycle,1,1127.488,51.4
ch01_00000000024000000.mp4,34181,motorcycle,1,1127.638,45.0
ch01_00000000024000000.mp4,34201,motorcycle,1,1128.488,51.4
ch01_00000000024000000.mp4,34229,motorcycle,1,1129.288,45.0
ch01_00000000024000000.mp4,34241,car,2,1129.738,45.0
ch01_00000000024000000.mp4,34242,motorcycle,1,1129.988,36.0
ch01_00000000024000000.mp4,34290,car,2,1131.088,45.0
ch01_00000000024000000.mp4,34342,motorcycle,1,1131.737,60.0
ch01_00000000024000000.mp4,34339,car,2,1132.588,40.0
ch01_00000000024000000.mp4,34366,motorcycle,1,1133.037,60.0
ch01_00000000024000000.mp4,34327,car,2,1133.537,45.0
ch01_00000000024000000.mp4,34403,motorcycle,1,1133.987,60.0
ch01_00000000024000000.mp4,34383,motorcycle,1,1134.037,45.0
ch01_00000000024000000.mp4,34415,motorcycle,1,1134.187,51.4
ch01_00000000024000000.mp4,34402,motorcycle,1,1135.287,72.0
ch01_00000000024000000.mp4,34460,motorcycle,1,1135.637,60.0
ch01_00000000024000000.mp4,34485,car,2,1136.587,51.4
ch01_00000000024000000.mp4,34492,motorcycle,1,1136.887,51.4
ch01_00000000024000000.mp4,34494,car,2,1137.087,51.4
ch01_00000000024000000.mp4,34507,motorcycle,1,1137.337,51.4
ch01_00000000024000000.mp4,34531,motorcycle,1,1138.187,45.0
ch01_00000000024000000.mp4,34545,motorcycle,1,1138.687,36.0
ch01_00000000024000000.mp4,34579,motorcycle,1,1140.187,51.4
ch01_00000000024000000.mp4,34603,motorcycle,1,1140.287,60.0
ch01_00000000024000000.mp4,34573,motorcycle,1,1140.387,36.0
ch01_00000000024000000.mp4,34597,motorcycle,1,1140.587,60.0
ch01_00000000024000000.mp4,34622,car,3,1142.037,27.7
ch01_00000000024000000.mp4,34660,motorcycle,1,1142.637,51.4
ch01_00000000024000000.mp4,34703,motorcycle,1,1144.337,45.0
ch01_00000000024000000.mp4,34716,car,2,1144.837,45.0
ch01_00000000024000000.mp4,34740,car,2,1146.237,45.0
ch01_00000000024000000.mp4,34752,car,2,1146.887,72.0
ch01_00000000024000000.mp4,34797,car,2,1149.137,51.4
ch01_00000000024000000.mp4,34847,car,2,1151.236,45.0
ch01_00000000024000000.mp4,34888,motorcycle,1,1152.486,60.0
ch01_00000000024000000.mp4,34890,car,2,1152.686,51.4
ch01_00000000024000000.mp4,34901,motorcycle,1,1153.086,51.4
ch01_00000000024000000.mp4,34908,car,2,1154.036,45.0
ch01_00000000024000000.mp4,34927,car,2,1154.536,51.4
ch01_00000000024000000.mp4,800598,motorcycle,1,1155.836,24.0
ch01_00000000024000000.mp4,34974,motorcycle,1,1156.086,72.0
ch01_00000000024000000.mp4,34972,car,2,1156.436,51.4
ch01_00000000024000000.mp4,34987,motorcycle,1,1157.036,90.0
ch01_00000000024000000.mp4,34999,motorcycle,1,1157.186,60.0
ch01_00000000024000000.mp4,35026,motorcycle,1,1158.086,60.0
ch01_00000000024000000.mp4,35034,motorcycle,1,1158.836,60.0
ch01_00000000024000000.mp4,35044,motorcycle,1,1158.836,60.0
ch01_00000000024000000.mp4,35075,car,2,1160.986,45.0
ch01_00000000024000000.mp4,35105,motorcycle,1,1162.036,51.4
ch01_00000000024000000.mp4,35116,truck,4,1162.486,40.0
ch01_00000000024000000.mp4,35153,truck,4,1163.786,45.0
ch01_00000000024000000.mp4,35164,motorcycle,1,1163.836,51.4
ch01_00000000024000000.mp4,35198,car,2,1165.336,40.0
ch01_00000000024000000.mp4,35252,car,2,1168.085,45.0
ch01_00000000024000000.mp4,35286,motorcycle,1,1168.986,72.0
ch01_00000000024000000.mp4,35296,car,2,1169.035,51.4
ch01_00000000024000000.mp4,35320,motorcycle,1,1169.885,45.0
ch01_00000000024000000.mp4,35325,motorcycle,1,1169.985,45.0
ch01_00000000024000000.mp4,35348,car,2,1170.835,51.4
ch01_00000000024000000.mp4,35377,motorcycle,1,1171.335,60.0
ch01_00000000024000000.mp4,35401,motorcycle,1,1171.935,60.0
ch01_00000000024000000.mp4,35323,motorcycle,1,1172.535,51.4
ch01_00000000024000000.mp4,35428,motorcycle,1,1172.935,32.7
ch01_00000000024000000.mp4,35446,motorcycle,1,1173.235,60.0
ch01_00000000024000000.mp4,35463,motorcycle,1,1174.535,36.0
ch01_00000000024000000.mp4,35526,car,3,1175.885,40.0
ch01_00000000024000000.mp4,35558,car,3,1177.835,30.0
ch01_00000000024000000.mp4,35580,motorcycle,1,1178.335,40.0
ch01_00000000024000000.mp4,35618,motorcycle,1,1179.535,45.0
ch01_00000000024000000.mp4,35623,car,3,1180.385,27.7
ch01_00000000024000000.mp4,35659,motorcycle,1,1181.235,25.7
ch01_00000000024000000.mp4,35657,car,3,1181.335,25.7
ch01_00000000024000000.mp4,35699,motorcycle,1,1181.535,36.0
ch01_00000000024000000.mp4,35711,car,2,1182.485,22.5
ch01_00000000024000000.mp4,35727,motorcycle,1,1183.085,36.0
ch01_00000000024000000.mp4,35737,motorcycle,1,1183.585,36.0
ch01_00000000024000000.mp4,35736,motorcycle,1,1183.885,32.7
ch01_00000000024000000.mp4,35775,motorcycle,1,1184.385,45.0
ch01_00000000024000000.mp4,35787,motorcycle,1,1184.635,36.0
ch01_00000000024000000.mp4,35796,car,2,1185.285,32.7
ch01_00000000024000000.mp4,35831,motorcycle,1,1185.884,36.0
ch01_00000000024000000.mp4,35845,motorcycle,1,1186.284,45.0
ch01_00000000024000000.mp4,35892,motorcycle,1,1187.584,60.0
ch01_00000000024000000.mp4,35914,motorcycle,1,1188.584,72.0
ch01_00000000024000000.mp4,35915,car,2,1189.034,51.4
ch01_00000000024000000.mp4,35927,car,2,1189.434,51.4
ch01_00000000024000000.mp4,35933,motorcycle,1,1190.284,51.4
ch01_00000000024000000.mp4,35962,motorcycle,1,1191.334,60.0
ch01_00000000024000000.mp4,35955,motorcycle,1,1192.084,45.0
ch01_00000000024000000.mp4,36007,motorcycle,1,1192.934,51.4
ch01_00000000024000000.mp4,36023,motorcycle,1,1193.484,51.4
ch01_00000000024000000.mp4,36085,motorcycle,1,1196.684,51.4
ch01_00000000024000000.mp4,36082,car,2,1197.834,60.0
ch01_00000000024000000.mp4,36125,car,2,1198.034,45.0
ch01_00000000024000000.mp4,36158,motorcycle,1,1200.084,24.0
ch01_00000000024000000.mp4,36217,motorcycle,1,1201.884,18.9
ch01_00000000024000000.mp4,36260,car,2,1202.984,60.0
ch01_00000000024000000.mp4,36271,motorcycle,1,1203.284,51.4
ch01_00000000024000000.mp4,36287,motorcycle,1,1203.883,51.4
ch01_00000000024000000.mp4,36299,car,2,1204.333,40.0
ch01_00000000024000000.mp4,36298,car,2,1204.684,51.4
ch01_00000000024000000.mp4,36292,motorcycle,1,1204.833,21.2
ch01_00000000024000000.mp4,36330,motorcycle,1,1205.034,45.0
ch01_00000000024000000.mp4,36343,motorcycle,1,1206.433,25.7
ch01_00000000024000000.mp4,36362,car,2,1206.533,45.0
ch01_00000000024000000.mp4,36389,motorcycle,1,1207.433,27.7
ch01_00000000024000000.mp4,36438,motorcycle,1,1209.033,32.7
ch01_00000000024000000.mp4,36452,car,2,1209.033,45.0
ch01_00000000024000000.mp4,36464,car,2,1209.883,45.0
ch01_00000000024000000.mp4,36472,car,2,1210.433,36.0
ch01_00000000024000000.mp4,36498,motorcycle,1,1211.083,40.0
ch01_00000000024000000.mp4,36499,car,2,1211.233,40.0
ch01_00000000024000000.mp4,36522,motorcycle,1,1211.833,45.0
ch01_00000000024000000.mp4,36495,car,2,1211.983,51.4
ch01_00000000024000000.mp4,36536,motorcycle,1,1212.733,27.7
ch01_00000000024000000.mp4,36540,car,2,1212.883,40.0
ch01_00000000024000000.mp4,36562,motorcycle,1,1213.383,40.0
ch01_00000000024000000.mp4,36569,car,2,1213.683,45.0
ch01_00000000024000000.mp4,36580,motorcycle,1,1213.933,45.0
ch01_00000000024000000.mp4,36616,motorcycle,1,1214.683,45.0
ch01_00000000024000000.mp4,36628,car,3,1215.283,40.0
ch01_00000000024000000.mp4,36644,motorcycle,1,1215.433,51.4
ch01_00000000024000000.mp4,36655,car,2,1216.283,40.0
ch01_00000000024000000.mp4,36684,car,2,1217.583,51.4
ch01_00000000024000000.mp4,36699,motorcycle,1,1217.783,60.0
ch01_00000000024000000.mp4,36715,motorcycle,1,1218.483,45.0
ch01_00000000024000000.mp4,36739,car,2,1219.533,45.0
ch01_00000000024000000.mp4,36778,motorcycle,1,1221.083,45.0
ch01_00000000024000000.mp4,36813,truck,6,1222.483,51.4
ch01_00000000024000000.mp4,36829,motorcycle,1,1223.233,51.4
ch01_00000000024000000.mp4,36846,motorcycle,1,1224.482,40.0
ch01_00000000024000000.mp4,36856,motorcycle,1,1225.032,40.0
ch01_00000000024000000.mp4,36862,car,2,1225.032,51.4
ch01_00000000024000000.mp4,36890,car,2,1225.782,60.0
ch01_00000000024000000.mp4,36903,motorcycle,1,1226.032,60.0
ch01_00000000024000000.mp4,36910,motorcycle,1,1226.332,45.0
ch01_00000000024000000.mp4,36899,motorcycle,1,1226.482,25.7
ch01_00000000024000000.mp4,36925,motorcycle,1,1226.632,72.0
ch01_00000000024000000.mp4,36958,motorcycle,1,1227.782,60.0
ch01_00000000024000000.mp4,36961,motorcycle,1,1227.932,60.0
ch01_00000000024000000.mp4,36970,car,2,1228.932,51.4
ch01_00000000024000000.mp4,36995,car,2,1229.782,51.4
ch01_00000000024000000.mp4,37020,car,2,1231.282,45.0
ch01_00000000024000000.mp4,37041,motorcycle,1,1232.332,60.0
ch01_00000000024000000.mp4,37043,car,2,1232.382,51.4
ch01_00000000024000000.mp4,37057,motorcycle,1,1233.632,30.0
ch01_00000000024000000.mp4,37078,car,2,1233.882,51.4
ch01_00000000024000000.mp4,37137,motorcycle,1,1234.932,60.0
ch01_00000000024000000.mp4,37081,car,3,1235.782,40.0
ch01_00000000024000000.mp4,37157,car,2,1236.182,60.0
ch01_00000000024000000.mp4,37178,motorcycle,1,1236.432,51.4
ch01_00000000024000000.mp4,37215,motorcycle,1,1238.282,51.4
ch01_00000000024000000.mp4,37221,bus,5,1239.432,40.0
ch01_00000000024000000.mp4,37254,motorcycle,1,1239.982,51.4
ch01_00000000024000000.mp4,37267,car,3,1240.082,51.4
ch01_00000000024000000.mp4,37259,motorcycle,1,1240.532,40.0
ch01_00000000024000000.mp4,37289,motorcycle,1,1241.282,30.0
ch01_00000000024000000.mp4,37331,motorcycle,1,1242.131,51.4
ch01_00000000024000000.mp4,37353,car,2,1243.731,40.0
ch01_00000000024000000.mp4,37390,motorcycle,1,1244.781,60.0
ch01_00000000024000000.mp4,37414,motorcycle,1,1245.581,51.4
ch01_00000000024000000.mp4,37440,car,2,1247.531,40.0
ch01_00000000024000000.mp4,37461,motorcycle,1,1248.531,60.0
ch01_00000000024000000.mp4,37471,motorcycle,1,1249.431,45.0
ch01_00000000024000000.mp4,37510,motorcycle,1,1250.181,60.0
ch01_00000000024000000.mp4,37502,car,2,1250.331,45.0
ch01_00000000024000000.mp4,37531,motorcycle,1,1251.281,45.0
ch01_00000000024000000.mp4,37540,car,2,1251.531,40.0
ch01_00000000024000000.mp4,37558,motorcycle,1,1252.081,90.0
ch01_00000000024000000.mp4,37569,car,2,1253.181,40.0
ch01_00000000024000000.mp4,37597,motorcycle,1,1254.031,45.0
ch01_00000000024000000.mp4,37598,car,2,1254.381,40.0
ch01_00000000024000000.mp4,37644,motorcycle,1,1255.431,51.4
ch01_00000000024000000.mp4,37637,motorcycle,1,1255.681,40.0
ch01_00000000024000000.mp4,37661,motorcycle,1,1256.481,40.0
ch01_00000000024000000.mp4,37676,motorcycle,1,1257.481,51.4
ch01_00000000024000000.mp4,37694,car,2,1258.18,45.0
ch01_00000000024000000.mp4,37726,motorcycle,1,1259.63,60.0
ch01_00000000024000000.mp4,37713,car,2,1259.68,45.0
ch01_00000000024000000.mp4,37737,motorcycle,1,1260.23,72.0
ch01_00000000024000000.mp4,37736,car,2,1260.48,45.0
ch01_00000000024000000.mp4,37779,motorcycle,1,1262.13,51.4
ch01_00000000024000000.mp4,37798,motorcycle,1,1262.83,51.4
ch01_00000000024000000.mp4,37808,bus,5,1263.73,45.0
ch01_00000000024000000.mp4,37819,car,2,1263.93,45.0
ch01_00000000024000000.mp4,37829,motorcycle,1,1264.73,45.0
ch01_00000000024000000.mp4,37847,motorcycle,1,1265.08,45.0
ch01_00000000024000000.mp4,37854,car,2,1265.13,51.4
ch01_00000000024000000.mp4,37852,motorcycle,1,1265.63,40.0
ch01_00000000024000000.mp4,37861,car,2,1265.93,45.0
ch01_00000000024000000.mp4,37895,motorcycle,1,1267.48,36.0
ch01_00000000024000000.mp4,37923,motorcycle,1,1268.03,40.0
ch01_00000000024000000.mp4,37935,car,2,1268.48,45.0
ch01_00000000024000000.mp4,37972,motorcycle,1,1269.43,60.0
ch01_00000000024000000.mp4,38023,motorcycle,1,1270.98,60.0
ch01_00000000024000000.mp4,37986,motorcycle,1,1271.28,18.9
ch01_00000000024000000.mp4,38012,motorcycle,1,1271.98,30.0
ch01_00000000024000000.mp4,38043,motorcycle,1,1272.38,51.4
ch01_00000000024000000.mp4,38059,car,2,1273.93,30.0
ch01_00000000024000000.mp4,38085,motorcycle,1,1274.48,32.7
ch01_00000000024000000.mp4,38091,motorcycle,1,1274.73,32.7
ch01_00000000024000000.mp4,38154,motorcycle,1,1276.83,51.4
ch01_00000000024000000.mp4,38207,motorcycle,1,1279.029,40.0
ch01_00000000024000000.mp4,38241,motorcycle,1,1279.029,40.0
ch01_00000000024000000.mp4,38239,car,2,1279.729,45.0
ch01_00000000024000000.mp4,38281,motorcycle,1,1281.079,45.0
ch01_00000000024000000.mp4,38300,car,3,1281.329,40.0
ch01_00000000024000000.mp4,38308,motorcycle,1,1281.329,45.0
ch01_00000000024000000.mp4,38341,motorcycle,1,1282.529,45.0
ch01_00000000024000000.mp4,38333,car,2,1282.579,36.0
ch01_00000000024000000.mp4,38353,motorcycle,1,1282.879,51.4
ch01_00000000024000000.mp4,38375,motorcycle,1,1283.529,51.4
ch01_00000000024000000.mp4,38432,car,2,1284.929,45.0
ch01_00000000024000000.mp4,38460,motorcycle,1,1285.379,60.0
ch01_00000000024000000.mp4,38495,motorcycle,1,1286.379,72.0
ch01_00000000024000000.mp4,38510,motorcycle,1,1286.729,51.4
ch01_00000000024000000.mp4,38541,car,3,1287.329,45.0
ch01_00000000024000000.mp4,38551,car,2,1288.329,51.4
ch01_00000000024000000.mp4,38563,motorcycle,1,1288.679,51.4
ch01_00000000024000000.mp4,38622,car,2,1290.429,51.4
ch01_00000000024000000.mp4,800659,motorcycle,1,1292.029,120.0
ch01_00000000024000000.mp4,38610,car,2,1292.079,21.2
ch01_00000000024000000.mp4,38671,car,2,1292.729,45.0
ch01_00000000024000000.mp4,38762,car,2,1294.229,45.0
ch01_00000000024000000.mp4,38781,truck,4,1295.028,45.0
ch01_00000000024000000.mp4,38832,motorcycle,1,1295.928,45.0
ch01_00000000024000000.mp4,38817,motorcycle,1,1295.978,40.0
ch01_00000000024000000.mp4,38833,car,2,1296.428,45.0
ch01_00000000024000000.mp4,38882,motorcycle,1,1297.428,51.4
ch01_00000000024000000.mp4,38966,motorcycle,1,1299.378,72.0
ch01_00000000024000000.mp4,38990,motorcycle,1,1300.628,72.0
ch01_00000000024000000.mp4,39045,motorcycle,1,1302.178,60.0
ch01_00000000024000000.mp4,39052,motorcycle,1,1302.628,45.0
ch01_00000000024000000.mp4,39087,motorcycle,1,1302.878,51.4
ch01_00000000024000000.mp4,39133,motorcycle,1,1304.128,60.0
ch01_00000000024000000.mp4,39127,car,2,1304.578,51.4
ch01_00000000024000000.mp4,39158,motorcycle,1,1305.528,40.0
ch01_00000000024000000.mp4,39189,motorcycle,1,1306.578,51.4
ch01_00000000024000000.mp4,39314,car,3,1310.228,60.0
ch01_00000000024000000.mp4,39324,motorcycle,1,1310.228,60.0
ch01_00000000024000000.mp4,39375,motorcycle,1,1311.278,72.0
ch01_00000000024000000.mp4,39387,motorcycle,1,1311.628,60.0
ch01_00000000024000000.mp4,39391,car,2,1312.477,45.0
ch01_00000000024000000.mp4,39416,motorcycle,1,1313.078,40.0
ch01_00000000024000000.mp4,39424,car,2,1313.078,45.0
ch01_00000000024000000.mp4,39460,motorcycle,1,1314.078,51.4
ch01_00000000024000000.mp4,39481,car,2,1314.977,51.4
ch01_00000000024000000.mp4,39516,car,2,1315.927,51.4
ch01_00000000024000000.mp4,39523,motorcycle,1,1316.227,36.0
ch01_00000000024000000.mp4,39569,car,2,1316.877,51.4
ch01_00000000024000000.mp4,39599,car,2,1317.877,51.4
ch01_00000000024000000.mp4,39621,motorcycle,1,1318.777,51.4
ch01_00000000024000000.mp4,39630,motorcycle,1,1319.227,40.0
ch01_00000000024000000.mp4,39655,truck,6,1320.927,36.0
ch01_00000000024000000.mp4,39740,car,3,1321.827,51.4
ch01_00000000024000000.mp4,39786,motorcycle,1,1323.777,32.7
ch01_00000000024000000.mp4,39798,motorcycle,1,1324.577,27.7
ch01_00000000024000000.mp4,39824,motorcycle,1,1325.627,25.7
ch01_00000000024000000.mp4,39850,motorcycle,1,1325.727,45.0
ch01_00000000024000000.mp4,39856,car,2,1326.127,36.0
ch01_00000000024000000.mp4,39958,car,2,1328.577,51.4
ch01_00000000024000000.mp4,39991,motorcycle,1,1329.227,72.0
ch01_00000000024000000.mp4,39987,car,2,1329.577,45.0
ch01_00000000024000000.mp4,40000,motorcycle,1,1329.577,40.0
ch01_00000000024000000.mp4,40013,motorcycle,1,1329.977,60.0
ch01_00000000024000000.mp4,800687,motorcycle,1,1330.576,10.0
ch01_00000000024000000.mp4,40023,motorcycle,1,1330.627,120.0
ch01_00000000024000000.mp4,40036,car,2,1331.026,32.7
ch01_00000000024000000.mp4,40047,motorcycle,1,1331.826,27.7
ch01_00000000024000000.mp4,40136,motorcycle,1,1333.976,51.4
ch01_00000000024000000.mp4,40141,motorcycle,1,1334.176,60.0
ch01_00000000024000000.mp4,40132,motorcycle,1,1334.526,51.4
ch01_00000000024000000.mp4,40236,car,2,1338.426,51.4
ch01_00000000024000000.mp4,40277,motorcycle,1,1339.326,60.0
ch01_00000000024000000.mp4,40273,motorcycle,1,1340.576,51.4
ch01_00000000024000000.mp4,40309,car,2,1340.726,60.0
ch01_00000000024000000.mp4,40314,motorcycle,1,1340.976,51.4
ch01_00000000024000000.mp4,40344,car,2,1342.126,51.4
ch01_00000000024000000.mp4,40400,motorcycle,1,1343.326,60.0
ch01_00000000024000000.mp4,40417,motorcycle,1,1344.276,45.0
ch01_00000000024000000.mp4,40431,motorcycle,1,1344.276,51.4
ch01_00000000024000000.mp4,40439,car,2,1344.676,60.0
ch01_00000000024000000.mp4,40420,motorcycle,1,1344.826,60.0
ch01_00000000024000000.mp4,40501,motorcycle,1,1345.976,72.0
ch01_00000000024000000.mp4,40525,motorcycle,1,1346.426,51.4
ch01_00000000024000000.mp4,40536,motorcycle,1,1346.576,51.4
ch01_00000000024000000.mp4,40563,motorcycle,1,1347.076,51.4
ch01_00000000024000000.mp4,40577,car,2,1347.776,60.0
ch01_00000000024000000.mp4,40591,motorcycle,1,1348.226,45.0
ch01_00000000024000000.mp4,40624,motorcycle,1,1348.876,51.4
ch01_00000000024000000.mp4,40647,motorcycle,1,1350.176,40.0
ch01_00000000024000000.mp4,40680,car,2,1351.325,45.0
ch01_00000000024000000.mp4,40696,motorcycle,1,1351.575,51.4
ch01_00000000024000000.mp4,40734,motorcycle,1,1352.975,60.0
ch01_00000000024000000.mp4,40747,motorcycle,1,1353.525,51.4
ch01_00000000024000000.mp4,40756,motorcycle,1,1353.975,51.4
ch01_00000000024000000.mp4,40790,motorcycle,1,1354.475,60.0
ch01_00000000024000000.mp4,40830,motorcycle,1,1355.675,45.0
ch01_00000000024000000.mp4,40849,car,3,1356.325,51.4
ch01_00000000024000000.mp4,40906,car,2,1359.225,51.4
ch01_00000000024000000.mp4,40924,motorcycle,1,1359.825,60.0
ch01_00000000024000000.mp4,40926,motorcycle,1,1360.325,40.0
ch01_00000000024000000.mp4,40954,motorcycle,1,1360.525,60.0
ch01_00000000024000000.mp4,40991,motorcycle,1,1362.225,60.0
ch01_00000000024000000.mp4,40994,car,2,1362.325,51.4
ch01_00000000024000000.mp4,41008,motorcycle,1,1362.925,60.0
ch01_00000000024000000.mp4,41023,motorcycle,1,1363.575,60.0
ch01_00000000024000000.mp4,41040,motorcycle,1,1364.175,60.0
ch01_00000000024000000.mp4,41050,motorcycle,1,1364.475,51.4
ch01_00000000024000000.mp4,41064,motorcycle,1,1364.625,60.0
ch01_00000000024000000.mp4,41071,car,2,1365.525,51.4
ch01_00000000024000000.mp4,41072,motorcycle,1,1365.925,32.7
ch01_00000000024000000.mp4,41077,car,2,1366.075,45.0
ch01_00000000024000000.mp4,41102,motorcycle,1,1366.874,51.4
ch01_00000000024000000.mp4,41092,car,2,1366.925,40.0
ch01_00000000024000000.mp4,41100,motorcycle,1,1367.574,45.0
ch01_00000000024000000.mp4,41120,car,2,1367.925,40.0
ch01_00000000024000000.mp4,41133,motorcycle,1,1368.225,51.4
ch01_00000000024000000.mp4,41143,motorcycle,1,1368.225,51.4
ch01_00000000024000000.mp4,41169,motorcycle,1,1369.824,45.0
ch01_00000000024000000.mp4,41181,car,2,1370.324,51.4
ch01_00000000024000000.mp4,41225,motorcycle,1,1371.524,51.4
ch01_00000000024000000.mp4,41212,motorcycle,1,1371.674,45.0
ch01_00000000024000000.mp4,41248,motorcycle,1,1372.324,60.0
ch01_00000000024000000.mp4,41247,car,3,1373.524,27.7
ch01_00000000024000000.mp4,41282,motorcycle,1,1375.074,24.0
ch01_00000000024000000.mp4,41291,car,2,1375.874,22.5
ch01_00000000024000000.mp4,41367,motorcycle,1,1376.924,45.0
ch01_00000000024000000.mp4,41368,car,2,1377.724,36.0
ch01_00000000024000000.mp4,41374,motorcycle,1,1377.724,36.0
ch01_00000000024000000.mp4,41413,motorcycle,1,1378.924,40.0
ch01_00000000024000000.mp4,41425,motorcycle,1,1378.924,45.0
ch01_00000000024000000.mp4,41427,truck,6,1379.324,36.0
ch01_00000000024000000.mp4,41471,car,2,1380.424,40.0
ch01_00000000024000000.mp4,41522,motorcycle,1,1381.774,45.0
ch01_00000000024000000.mp4,41518,car,2,1381.824,40.0
ch01_00000000024000000.mp4,41544,car,2,1383.224,40.0
ch01_00000000024000000.mp4,41565,motorcycle,1,1384.174,40.0
ch01_00000000024000000.mp4,41578,motorcycle,1,1384.374,45.0
ch01_00000000024000000.mp4,41592,car,2,1385.174,40.0
ch01_00000000024000000.mp4,41587,motorcycle,1,1385.274,40.0
ch01_00000000024000000.mp4,41625,motorcycle,1,1386.123,51.4
ch01_00000000024000000.mp4,41648,car,2,1386.973,40.0
ch01_00000000024000000.mp4,41637,car,2,1387.023,40.0
ch01_00000000024000000.mp4,41652,car,2,1387.373,45.0
ch01_00000000024000000.mp4,41662,motorcycle,1,1387.923,51.4
ch01_00000000024000000.mp4,41674,motorcycle,1,1388.573,45.0
ch01_00000000024000000.mp4,41696,car,2,1389.323,40.0
ch01_00000000024000000.mp4,41710,motorcycle,1,1389.723,40.0
ch01_00000000024000000.mp4,41714,motorcycle,1,1389.973,40.0
ch01_00000000024000000.mp4,41732,motorcycle,1,1390.623,72.0
ch01_00000000024000000.mp4,41733,car,2,1390.923,36.0
ch01_00000000024000000.mp4,41740,motorcycle,1,1391.073,60.0
ch01_00000000024000000.mp4,41762,car,3,1392.373,40.0
ch01_00000000024000000.mp4,41752,car,3,1392.723,120.0
ch01_00000000024000000.mp4,41773,motorcycle,1,1392.873,40.0
ch01_00000000024000000.mp4,41779,motorcycle,1,1393.373,45.0
ch01_00000000024000000.mp4,800731,motorcycle,1,1394.173,12.0
ch01_00000000024000000.mp4,41843,car,2,1395.723,40.0
ch01_00000000024000000.mp4,41869,motorcycle,1,1396.423,51.4
ch01_00000000024000000.mp4,41870,car,2,1396.873,36.0
ch01_00000000024000000.mp4,41909,motorcycle,1,1398.023,51.4
ch01_00000000024000000.mp4,41922,car,2,1399.023,40.0
ch01_00000000024000000.mp4,41954,motorcycle,1,1399.723,51.4
ch01_00000000024000000.mp4,41976,car,2,1400.773,32.7
ch01_00000000024000000.mp4,42005,bus,5,1402.073,45.0
ch01_00000000024000000.mp4,41994,car,3,1402.173,32.7
ch01_00000000024000000.mp4,42009,motorcycle,1,1402.473,51.4
ch01_00000000024000000.mp4,42039,motorcycle,1,1403.922,51.4
ch01_00000000024000000.mp4,42042,car,2,1404.523,40.0
ch01_00000000024000000.mp4,42049,car,2,1404.672,36.0
ch01_00000000024000000.mp4,42058,motorcycle,1,1405.022,45.0
ch01_00000000024000000.mp4,42062,motorcycle,1,1405.922,32.7
ch01_00000000024000000.mp4,42072,car,2,1406.522,40.0
ch01_00000000024000000.mp4,42088,motorcycle,1,1407.372,40.0
ch01_00000000024000000.mp4,42094,car,2,1407.822,40.0
ch01_00000000024000000.mp4,42103,motorcycle,1,1408.122,45.0
ch01_00000000024000000.mp4,42127,car,2,1409.472,40.0
ch01_00000000024000000.mp4,42185,car,2,1411.622,30.0
ch01_00000000024000000.mp4,42211,motorcycle,1,1412.372,32.7
ch01_00000000024000000.mp4,42227,motorcycle,1,1412.722,36.0
ch01_00000000024000000.mp4,42243,motorcycle,1,1412.772,32.7
ch01_00000000024000000.mp4,800740,motorcycle,1,1412.772,30.0
ch01_00000000024000000.mp4,42204,car,2,1412.872,40.0
ch01_00000000024000000.mp4,42223,motorcycle,1,1413.272,51.4
ch01_00000000024000000.mp4,42224,car,2,1414.322,13.8
ch01_00000000024000000.mp4,800743,motorcycle,1,1414.572,120.0
ch01_00000000024000000.mp4,42279,truck,6,1414.872,32.7
ch01_00000000024000000.mp4,42280,car,3,1416.222,21.2
ch01_00000000024000000.mp4,42350,motorcycle,1,1417.822,36.0
ch01_00000000024000000.mp4,42332,car,2,1417.922,21.2
ch01_00000000024000000.mp4,42382,motorcycle,1,1419.622,21.2
ch01_00000000024000000.mp4,42375,car,2,1419.722,24.0
ch01_00000000024000000.mp4,42411,car,2,1421.072,22.5
ch01_00000000024000000.mp4,42440,motorcycle,1,1421.222,32.7
ch01_00000000024000000.mp4,42477,motorcycle,1,1422.772,45.0
ch01_00000000024000000.mp4,42470,car,2,1423.121,25.7
ch01_00000000024000000.mp4,42491,car,2,1423.821,32.7
ch01_00000000024000000.mp4,42492,motorcycle,1,1423.971,40.0
ch01_00000000024000000.mp4,42496,motorcycle,1,1424.771,40.0
ch01_00000000024000000.mp4,42497,car,2,1424.921,25.7
ch01_00000000024000000.mp4,42527,car,3,1426.771,22.5
ch01_00000000024000000.mp4,42566,motorcycle,1,1427.421,25.7
ch01_00000000024000000.mp4,42567,motorcycle,1,1427.571,32.7
ch01_00000000024000000.mp4,42597,car,2,1427.671,32.7
ch01_00000000024000000.mp4,42590,motorcycle,1,1428.271,30.0
ch01_00000000024000000.mp4,42576,car,3,1428.671,21.2
ch01_00000000024000000.mp4,42614,motorcycle,1,1429.171,30.0
ch01_00000000024000000.mp4,42632,car,2,1430.621,22.5
ch01_00000000024000000.mp4,42662,motorcycle,1,1430.671,45.0
ch01_00000000024000000.mp4,42678,car,2,1432.371,40.0
ch01_00000000024000000.mp4,42686,car,2,1433.621,24.0
ch01_00000000024000000.mp4,42705,car,2,1433.721,30.0
ch01_00000000024000000.mp4,42735,motorcycle,1,1435.221,32.7
ch01_00000000024000000.mp4,42736,car,2,1435.221,32.7
ch01_00000000024000000.mp4,42748,motorcycle,1,1435.821,30.0
ch01_00000000024000000.mp4,42800,motorcycle,1,1437.421,45.0
ch01_00000000024000000.mp4,42790,car,2,1438.421,27.7
ch01_00000000024000000.mp4,42825,car,2,1439.67,24.0
ch01_00000000024000000.mp4,42856,motorcycle,1,1440.37,51.4
ch01_00000000024000000.mp4,42874,motorcycle,1,1441.07,45.0
ch01_00000000024000000.mp4,42899,motorcycle,1,1441.77,45.0
ch01_00000000024000000.mp4,42891,motorcycle,1,1443.07,40.0
ch01_00000000024000000.mp4,42983,motorcycle,1,1445.87,45.0
ch01_00000000024000000.mp4,42991,motorcycle,1,1446.02,45.0
ch01_00000000024000000.mp4,42998,motorcycle,1,1446.57,45.0
ch01_00000000024000000.mp4,43001,motorcycle,1,1446.62,51.4
ch01_00000000024000000.mp4,43045,car,2,1450.22,45.0
ch01_00000000024000000.mp4,43076,car,2,1451.92,45.0
ch01_00000000024000000.mp4,43099,motorcycle,1,1453.22,51.4
ch01_00000000024000000.mp4,43127,motorcycle,1,1454.57,51.4
ch01_00000000024000000.mp4,43136,motorcycle,1,1455.27,51.4
ch01_00000000024000000.mp4,43153,motorcycle,1,1455.62,45.0
ch01_00000000024000000.mp4,43167,motorcycle,1,1456.22,51.4
ch01_00000000024000000.mp4,43176,car,2,1456.57,51.4
ch01_00000000024000000.mp4,43190,motorcycle,1,1456.77,60.0
ch01_00000000024000000.mp4,43206,car,2,1457.469,51.4
ch01_00000000024000000.mp4,43221,motorcycle,1,1457.82,60.0
ch01_00000000024000000.mp4,43253,motorcycle,1,1458.919,72.0
ch01_00000000024000000.mp4,43268,motorcycle,1,1460.269,45.0
ch01_00000000024000000.mp4,43293,motorcycle,1,1461.269,60.0
ch01_00000000024000000.mp4,43303,motorcycle,1,1462.219,32.7
ch01_00000000024000000.mp4,43307,car,2,1462.269,51.4
ch01_00000000024000000.mp4,43328,motorcycle,1,1462.719,60.0
ch01_00000000024000000.mp4,43373,motorcycle,1,1465.769,51.4
ch01_00000000024000000.mp4,43424,motorcycle,1,1468.169,40.0
ch01_00000000024000000.mp4,43464,car,3,1469.519,25.7
ch01_00000000024000000.mp4,43509,motorcycle,1,1470.519,30.0
ch01_00000000024000000.mp4,43511,motorcycle,1,1470.719,36.0
ch01_00000000024000000.mp4,43561,car,2,1472.219,27.7
ch01_00000000024000000.mp4,43583,car,2,1473.419,30.0
ch01_00000000024000000.mp4,43622,motorcycle,1,1473.719,45.0
ch01_00000000024000000.mp4,43618,motorcycle,1,1474.269,32.7
ch01_00000000024000000.mp4,43639,motorcycle,1,1474.319,45.0
ch01_00000000024000000.mp4,43629,motorcycle,1,1474.419,51.4
ch01_00000000024000000.mp4,43674,car,2,1474.519,30.0
ch01_00000000024000000.mp4,43643,motorcycle,1,1475.419,24.0
ch01_00000000024000000.mp4,43665,car,2,1475.668,27.7
ch01_00000000024000000.mp4,43688,motorcycle,1,1475.819,40.0
ch01_00000000024000000.mp4,43690,car,2,1476.218,60.0
ch01_00000000024000000.mp4,43735,motorcycle,1,1476.869,45.0
ch01_00000000024000000.mp4,43744,motorcycle,1,1477.768,40.0
ch01_00000000024000000.mp4,43741,motorcycle,1,1478.218,45.0
ch01_00000000024000000.mp4,43784,motorcycle,1,1479.218,40.0
ch01_00000000024000000.mp4,43803,car,3,1480.168,40.0
ch01_00000000024000000.mp4,43867,motorcycle,1,1481.568,45.0
ch01_00000000024000000.mp4,43884,motorcycle,1,1481.918,45.0
ch01_00000000024000000.mp4,43912,motorcycle,1,1482.468,45.0
ch01_00000000024000000.mp4,43930,motorcycle,1,1483.168,45.0
ch01_00000000024000000.mp4,43952,motorcycle,1,1484.368,51.4
ch01_00000000024000000.mp4,44003,motorcycle,1,1485.918,60.0
ch01_00000000024000000.mp4,44033,motorcycle,1,1486.618,72.0
ch01_00000000024000000.mp4,44050,car,3,1488.168,45.0
ch01_00000000024000000.mp4,43998,motorcycle,1,1488.418,45.0
ch01_00000000024000000.mp4,44093,car,2,1489.268,51.4
ch01_00000000024000000.mp4,44130,car,3,1491.168,36.0
ch01_00000000024000000.mp4,44285,motorcycle,1,1496.017,60.0
ch01_00000000024000000.mp4,44293,motorcycle,1,1496.217,60.0
ch01_00000000024000000.mp4,44315,motorcycle,1,1497.567,51.4
ch01_00000000024000000.mp4,44342,motorcycle,1,1498.517,36.0
ch01_00000000024000000.mp4,44346,motorcycle,1,1498.617,60.0
ch01_00000000024000000.mp4,44385,car,2,1500.117,72.0
ch01_00000000024000000.mp4,44396,motorcycle,1,1500.367,60.0
ch01_00000000024000000.mp4,44433,motorcycle,1,1501.917,72.0
ch01_00000000024000000.mp4,44519,motorcycle,1,1505.417,72.0
ch01_00000000024000000.mp4,44540,car,2,1506.517,51.4
ch01_00000000024000000.mp4,44590,motorcycle,1,1507.867,72.0
ch01_00000000024000000.mp4,44608,motorcycle,1,1508.767,60.0
ch01_00000000024000000.mp4,44651,car,2,1509.717,60.0
ch01_00000000024000000.mp4,44679,motorcycle,1,1509.917,60.0
ch01_00000000024000000.mp4,44682,motorcycle,1,1510.867,27.7
ch01_00000000024000000.mp4,44671,motorcycle,1,1511.267,51.4
ch01_00000000024000000.mp4,44729,motorcycle,1,1511.617,51.4
ch01_00000000024000000.mp4,44741,motorcycle,1,1511.917,60.0
ch01_00000000024000000.mp4,44755,motorcycle,1,1512.566,51.4
ch01_00000000024000000.mp4,44768,motorcycle,1,1512.917,60.0
ch01_00000000024000000.mp4,44820,motorcycle,1,1514.366,51.4
ch01_00000000024000000.mp4,44863,motorcycle,1,1515.966,51.4
ch01_00000000024000000.mp4,44882,motorcycle,1,1517.866,22.5
ch01_00000000024000000.mp4,44894,motorcycle,1,1518.416,16.4
ch01_00000000024000000.mp4,44938,motorcycle,1,1519.016,40.0
ch01_00000000024000000.mp4,44958,motorcycle,1,1519.366,51.4
ch01_00000000024000000.mp4,45063,motorcycle,1,1522.866,40.0
ch01_00000000024000000.mp4,45079,motorcycle,1,1523.366,45.0
ch01_00000000024000000.mp4,45085,motorcycle,1,1523.966,40.0
ch01_00000000024000000.mp4,45097,motorcycle,1,1524.216,36.0
ch01_00000000024000000.mp4,45102,car,2,1524.316,36.0
ch01_00000000024000000.mp4,45108,motorcycle,1,1524.316,25.7
ch01_00000000024000000.mp4,45112,car,2,1524.866,40.0
ch01_00000000024000000.mp4,45135,motorcycle,1,1525.616,45.0
ch01_00000000024000000.mp4,45175,motorcycle,1,1526.666,51.4
ch01_00000000024000000.mp4,45214,car,2,1527.316,45.0
ch01_00000000024000000.mp4,45209,car,2,1527.866,45.0
ch01_00000000024000000.mp4,45232,car,2,1529.016,45.0
ch01_00000000024000000.mp4,45294,car,3,1530.866,40.0
ch01_00000000024000000.mp4,45339,car,2,1531.815,30.0
ch01_00000000024000000.mp4,45353,motorcycle,1,1532.015,45.0
ch01_00000000024000000.mp4,45360,motorcycle,1,1532.315,36.0
ch01_00000000024000000.mp4,45389,car,2,1533.115,51.4
ch01_00000000024000000.mp4,45410,car,2,1533.265,40.0
ch01_00000000024000000.mp4,45419,motorcycle,1,1533.615,45.0
ch01_00000000024000000.mp4,45431,motorcycle,1,1533.915,45.0
ch01_00000000024000000.mp4,45442,car,2,1534.415,40.0
ch01_00000000024000000.mp4,45499,motorcycle,1,1534.915,51.4
ch01_00000000024000000.mp4,45535,motorcycle,1,1536.115,51.4
ch01_00000000024000000.mp4,45564,motorcycle,1,1536.565,60.0
ch01_00000000024000000.mp4,45548,motorcycle,1,1536.765,60.0
ch01_00000000024000000.mp4,45694,motorcycle,1,1541.215,45.0
ch01_00000000024000000.mp4,45740,motorcycle,1,1542.465,51.4
ch01_00000000024000000.mp4,45734,car,2,1542.515,36.0
ch01_00000000024000000.mp4,45826,motorcycle,1,1544.915,51.4
ch01_00000000024000000.mp4,45829,motorcycle,1,1545.265,51.4
ch01_00000000024000000.mp4,45837,motorcycle,1,1545.315,51.4
ch01_00000000024000000.mp4,45848,motorcycle,1,1546.315,30.0
ch01_00000000024000000.mp4,800807,motorcycle,1,1547.015,60.0
ch01_00000000024000000.mp4,45889,car,2,1547.265,60.0
ch01_00000000024000000.mp4,45893,motorcycle,1,1547.815,60.0
ch01_00000000024000000.mp4,45951,motorcycle,1,1550.114,45.0
ch01_00000000024000000.mp4,45977,motorcycle,1,1551.414,60.0
ch01_00000000024000000.mp4,45997,car,2,1552.664,40.0
ch01_00000000024000000.mp4,46001,motorcycle,1,1552.664,45.0
ch01_00000000024000000.mp4,45994,motorcycle,1,1553.264,51.4
ch01_00000000024000000.mp4,46048,motorcycle,1,1554.114,60.0
ch01_00000000024000000.mp4,46044,car,3,1554.414,40.0
ch01_00000000024000000.mp4,46041,car,2,1555.014,25.7
ch01_00000000024000000.mp4,46072,motorcycle,1,1555.014,51.4
ch01_00000000024000000.mp4,46075,car,2,1555.514,45.0
ch01_00000000024000000.mp4,46105,car,2,1556.564,72.0
ch01_00000000024000000.mp4,46126,car,2,1557.764,40.0
ch01_00000000024000000.mp4,46157,motorcycle,1,1558.464,60.0
ch01_00000000024000000.mp4,46178,car,2,1559.414,60.0
ch01_00000000024000000.mp4,46203,motorcycle,1,1560.764,40.0
ch01_00000000024000000.mp4,46222,motorcycle,1,1561.264,40.0
ch01_00000000024000000.mp4,46319,car,2,1565.714,32.7
ch01_00000000024000000.mp4,46361,car,2,1566.214,36.0
ch01_00000000024000000.mp4,46376,motorcycle,1,1566.514,40.0
ch01_00000000024000000.mp4,46398,motorcycle,1,1567.664,32.7
ch01_00000000024000000.mp4,46405,car,3,1567.963,40.0
ch01_00000000024000000.mp4,46457,car,2,1569.213,40.0
ch01_00000000024000000.mp4,46476,motorcycle,1,1569.613,45.0
ch01_00000000024000000.mp4,46486,car,3,1570.663,27.7
ch01_00000000024000000.mp4,46514,motorcycle,1,1570.913,51.4
ch01_00000000024000000.mp4,46507,car,2,1571.113,45.0
ch01_00000000024000000.mp4,46512,motorcycle,1,1572.063,40.0
ch01_00000000024000000.mp4,800826,motorcycle,1,1572.813,12.0
ch01_00000000024000000.mp4,46558,car,3,1573.613,25.7
ch01_00000000024000000.mp4,46584,motorcycle,1,1573.713,45.0
ch01_00000000024000000.mp4,46593,car,3,1575.713,20.0
ch01_00000000024000000.mp4,46730,motorcycle,1,1577.813,40.0
ch01_00000000024000000.mp4,46760,truck,6,1578.513,36.0
ch01_00000000024000000.mp4,46807,motorcycle,1,1579.763,40.0
ch01_00000000024000000.mp4,46856,bus,5,1581.363,45.0
ch01_00000000024000000.mp4,46887,motorcycle,1,1581.913,45.0
ch01_00000000024000000.mp4,46910,car,2,1582.863,45.0
ch01_00000000024000000.mp4,46916,motorcycle,1,1582.863,45.0
ch01_00000000024000000.mp4,46938,motorcycle,1,1583.463,45.0
ch01_00000000024000000.mp4,46947,truck,4,1584.213,45.0
ch01_00000000024000000.mp4,46989,motorcycle,1,1585.463,51.4
ch01_00000000024000000.mp4,47001,car,3,1586.112,40.0
ch01_00000000024000000.mp4,47022,car,3,1587.962,16.4
ch01_00000000024000000.mp4,47074,motorcycle,1,1588.412,17.1
ch01_00000000024000000.mp4,800831,motorcycle,1,1589.312,24.0
ch01_00000000024000000.mp4,47094,motorcycle,1,1589.512,20.0
ch01_00000000024000000.mp4,47150,motorcycle,1,1589.662,36.0
ch01_00000000024000000.mp4,47161,car,3,1589.862,40.0
ch01_00000000024000000.mp4,47175,motorcycle,1,1590.662,40.0
ch01_00000000024000000.mp4,47259,truck,6,1592.112,36.0
ch01_00000000024000000.mp4,47307,truck,6,1593.562,32.7
ch01_00000000024000000.mp4,47347,car,2,1594.212,36.0
ch01_00000000024000000.mp4,47378,motorcycle,1,1595.312,45.0
ch01_00000000024000000.mp4,47385,car,2,1595.662,36.0
ch01_00000000024000000.mp4,47447,motorcycle,1,1597.662,60.0
ch01_00000000024000000.mp4,47499,car,2,1600.812,27.7
ch01_00000000024000000.mp4,47525,motorcycle,1,1601.412,36.0
ch01_00000000024000000.mp4,47533,car,3,1601.562,32.7
ch01_00000000024000000.mp4,47548,motorcycle,1,1602.361,36.0
ch01_00000000024000000.mp4,47552,motorcycle,1,1602.512,40.0
ch01_00000000024000000.mp4,47570,bus,5,1603.062,27.7
ch01_00000000024000000.mp4,47581,truck,4,1603.911,32.7
ch01_00000000024000000.mp4,47601,motorcycle,1,1604.311,24.0
ch01_00000000024000000.mp4,47628,motorcycle,1,1604.661,32.7
ch01_00000000024000000.mp4,47629,motorcycle,1,1604.761,36.0
ch01_00000000024000000.mp4,47645,car,2,1605.711,32.7
ch01_00000000024000000.mp4,47656,motorcycle,1,1605.711,45.0
ch01_00000000024000000.mp4,47699,car,2,1607.261,32.7
ch01_00000000024000000.mp4,47730,car,2,1608.061,36.0
ch01_00000000024000000.mp4,47771,motorcycle,1,1608.461,36.0
ch01_00000000024000000.mp4,47790,motorcycle,1,1608.811,40.0
ch01_00000000024000000.mp4,47742,car,2,1610.111,16.4
ch01_00000000024000000.mp4,47803,car,3,1610.661,30.0
ch01_00000000024000000.mp4,47855,motorcycle,1,1610.861,32.7
ch01_00000000024000000.mp4,47838,motorcycle,1,1610.961,22.5
ch01_00000000024000000.mp4,47876,motorcycle,1,1611.411,36.0
ch01_00000000024000000.mp4,47858,motorcycle,1,1611.761,21.2
ch01_00000000024000000.mp4,47886,motorcycle,1,1611.811,36.0
ch01_00000000024000000.mp4,47891,motorcycle,1,1612.161,30.0
ch01_00000000024000000.mp4,47950,motorcycle,1,1612.811,32.7
ch01_00000000024000000.mp4,47924,car,2,1613.911,21.2
ch01_00000000024000000.mp4,47989,truck,4,1614.761,30.0
ch01_00000000024000000.mp4,48030,car,2,1615.911,30.0
ch01_00000000024000000.mp4,48039,car,2,1616.511,36.0
ch01_00000000024000000.mp4,48047,motorcycle,1,1616.561,40.0
ch01_00000000024000000.mp4,48075,car,2,1616.611,27.7
ch01_00000000024000000.mp4,48072,motorcycle,1,1617.061,40.0
ch01_00000000024000000.mp4,48066,motorcycle,1,1617.461,32.7
ch01_00000000024000000.mp4,48083,motorcycle,1,1617.511,45.0
ch01_00000000024000000.mp4,48156,motorcycle,1,1619.461,51.4
ch01_00000000024000000.mp4,48165,motorcycle,1,1619.861,60.0
ch01_00000000024000000.mp4,48181,motorcycle,1,1620.46,51.4
ch01_00000000024000000.mp4,48176,car,2,1620.561,36.0
ch01_00000000024000000.mp4,48186,motorcycle,1,1621.011,45.0
ch01_00000000024000000.mp4,48225,motorcycle,1,1621.71,51.4
ch01_00000000024000000.mp4,48252,motorcycle,1,1622.96,60.0
ch01_00000000024000000.mp4,48322,motorcycle,1,1625.56,72.0
ch01_00000000024000000.mp4,48328,car,2,1626.81,25.7
ch01_00000000024000000.mp4,48366,motorcycle,1,1626.81,72.0
ch01_00000000024000000.mp4,48416,motorcycle,1,1629.41,51.4
ch01_00000000024000000.mp4,48420,motorcycle,1,1629.86,45.0
ch01_00000000024000000.mp4,48430,motorcycle,1,1630.71,36.0
ch01_00000000024000000.mp4,800861,motorcycle,1,1632.51,60.0
ch01_00000000024000000.mp4,48481,car,2,1633.21,22.5
ch01_00000000024000000.mp4,48513,car,3,1633.66,40.0
ch01_00000000024000000.mp4,48568,motorcycle,1,1634.96,45.0
ch01_00000000024000000.mp4,48594,motorcycle,1,1635.76,51.4
ch01_00000000024000000.mp4,48613,motorcycle,1,1636.26,60.0
ch01_00000000024000000.mp4,48614,car,2,1636.51,45.0
ch01_00000000024000000.mp4,48637,motorcycle,1,1637.21,60.0
ch01_00000000024000000.mp4,48655,car,3,1638.31,51.4
ch01_00000000024000000.mp4,48718,motorcycle,1,1640.009,72.0
ch01_00000000024000000.mp4,48764,motorcycle,1,1642.209,51.4
ch01_00000000024000000.mp4,48789,motorcycle,1,1643.409,72.0
ch01_00000000024000000.mp4,48828,motorcycle,1,1645.459,51.4
ch01_00000000024000000.mp4,48867,motorcycle,1,1646.309,72.0
ch01_00000000024000000.mp4,48955,motorcycle,1,1648.959,60.0
ch01_00000000024000000.mp4,48991,motorcycle,1,1649.859,72.0
ch01_00000000024000000.mp4,49004,motorcycle,1,1650.759,51.4
ch01_00000000024000000.mp4,49023,motorcycle,1,1650.859,72.0
ch01_00000000024000000.mp4,49020,motorcycle,1,1651.209,45.0
ch01_00000000024000000.mp4,49034,motorcycle,1,1651.609,60.0
ch01_00000000024000000.mp4,49065,motorcycle,1,1653.759,60.0
ch01_00000000024000000.mp4,49068,motorcycle,1,1654.309,36.0
ch01_00000000024000000.mp4,49087,car,2,1654.609,45.0
ch01_00000000024000000.mp4,49100,motorcycle,1,1654.859,60.0
ch01_00000000024000000.mp4,49127,motorcycle,1,1656.109,51.4
ch01_00000000024000000.mp4,49099,motorcycle,1,1656.609,51.4
ch01_00000000024000000.mp4,49143,motorcycle,1,1656.859,51.4
ch01_00000000024000000.mp4,49158,car,2,1657.708,51.4
ch01_00000000024000000.mp4,49195,car,2,1658.508,51.4
ch01_00000000024000000.mp4,49208,car,3,1659.058,45.0
ch01_00000000024000000.mp4,49244,motorcycle,1,1659.758,51.4
ch01_00000000024000000.mp4,49297,motorcycle,1,1660.858,51.4
ch01_00000000024000000.mp4,49323,car,2,1662.158,51.4
ch01_00000000024000000.mp4,49352,motorcycle,1,1662.658,51.4
ch01_00000000024000000.mp4,49342,motorcycle,1,1663.008,40.0
ch01_00000000024000000.mp4,49365,motorcycle,1,1663.608,51.4
ch01_00000000024000000.mp4,49369,motorcycle,1,1664.058,40.0
ch01_00000000024000000.mp4,49378,motorcycle,1,1664.108,45.0
ch01_00000000024000000.mp4,49393,motorcycle,1,1664.858,51.4
ch01_00000000024000000.mp4,49404,motorcycle,1,1665.108,60.0
ch01_00000000024000000.mp4,49373,car,2,1665.658,45.0
ch01_00000000024000000.mp4,49406,car,2,1666.508,45.0
ch01_00000000024000000.mp4,49430,motorcycle,1,1666.858,51.4
ch01_00000000024000000.mp4,49442,motorcycle,1,1667.408,60.0
ch01_00000000024000000.mp4,49452,motorcycle,1,1667.558,51.4
ch01_00000000024000000.mp4,49455,motorcycle,1,1667.958,51.4
ch01_00000000024000000.mp4,49465,motorcycle,1,1668.008,60.0
ch01_00000000024000000.mp4,49458,car,2,1668.058,45.0
ch01_00000000024000000.mp4,49492,motorcycle,1,1668.808,51.4
ch01_00000000024000000.mp4,49483,car,2,1669.008,40.0
ch01_00000000024000000.mp4,49524,motorcycle,1,1670.158,45.0
ch01_00000000024000000.mp4,49526,motorcycle,1,1670.208,40.0
ch01_00000000024000000.mp4,49548,car,2,1671.008,40.0
ch01_00000000024000000.mp4,49541,motorcycle,1,1671.108,32.7
ch01_00000000024000000.mp4,49555,motorcycle,1,1671.258,51.4
ch01_00000000024000000.mp4,49580,car,2,1672.058,45.0
ch01_00000000024000000.mp4,49589,motorcycle,1,1672.058,51.4
ch01_00000000024000000.mp4,49595,truck,6,1672.808,45.0
ch01_00000000024000000.mp4,49609,car,2,1673.358,45.0
ch01_00000000024000000.mp4,49634,motorcycle,1,1674.158,51.4
ch01_00000000024000000.mp4,49661,car,2,1675.158,40.0
ch01_00000000024000000.mp4,49673,motorcycle,1,1675.507,32.7
ch01_00000000024000000.mp4,49702,car,2,1676.307,40.0
ch01_00000000024000000.mp4,49710,motorcycle,1,1676.507,45.0
ch01_00000000024000000.mp4,49759,motorcycle,1,1677.657,40.0
ch01_00000000024000000.mp4,49772,car,3,1677.807,40.0
ch01_00000000024000000.mp4,49820,motorcycle,1,1678.557,51.4
ch01_00000000024000000.mp4,49836,motorcycle,1,1678.607,51.4
ch01_00000000024000000.mp4,49863,car,2,1679.607,45.0
ch01_00000000024000000.mp4,49876,motorcycle,1,1680.207,40.0
ch01_00000000024000000.mp4,49887,car,2,1680.607,51.4
ch01_00000000024000000.mp4,49909,motorcycle,1,1681.157,51.4
ch01_00000000024000000.mp4,49941,car,2,1682.807,45.0
ch01_00000000024000000.mp4,49948,car,2,1683.257,51.4
ch01_00000000024000000.mp4,49964,truck,4,1684.007,45.0
ch01_00000000024000000.mp4,49984,motorcycle,1,1684.657,51.4
ch01_00000000024000000.mp4,50004,car,2,1686.107,60.0
ch01_00000000024000000.mp4,50025,motorcycle,1,1686.757,60.0
ch01_00000000024000000.mp4,50020,car,2,1687.007,40.0
ch01_00000000024000000.mp4,50061,motorcycle,1,1688.157,72.0
ch01_00000000024000000.mp4,50063,car,2,1688.907,51.4
ch01_00000000024000000.mp4,50069,car,2,1689.507,36.0
ch01_00000000024000000.mp4,50105,motorcycle,1,1690.257,51.4
ch01_00000000024000000.mp4,50125,motorcycle,1,1690.657,60.0
ch01_00000000024000000.mp4,50117,car,2,1690.807,30.0
ch01_00000000024000000.mp4,50132,car,2,1691.707,40.0
ch01_00000000024000000.mp4,50120,motorcycle,1,1692.257,51.4
ch01_00000000024000000.mp4,50235,motorcycle,1,1693.457,60.0
ch01_00000000024000000.mp4,50234,motorcycle,1,1693.607,51.4
ch01_00000000024000000.mp4,50305,motorcycle,1,1695.206,60.0
ch01_00000000024000000.mp4,50351,motorcycle,1,1696.706,51.4
ch01_00000000024000000.mp4,50299,motorcycle,1,1696.906,51.4
ch01_00000000024000000.mp4,50368,motorcycle,1,1697.506,60.0
ch01_00000000024000000.mp4,50412,car,2,1699.056,45.0
ch01_00000000024000000.mp4,50460,motorcycle,1,1700.306,40.0
ch01_00000000024000000.mp4,50473,car,2,1700.606,45.0
ch01_00000000024000000.mp4,50497,motorcycle,1,1701.106,51.4
ch01_00000000024000000.mp4,50508,motorcycle,1,1701.656,60.0
ch01_00000000024000000.mp4,50556,motorcycle,1,1702.606,60.0
ch01_00000000024000000.mp4,800900,motorcycle,1,1702.706,12.0
ch01_00000000024000000.mp4,50525,car,2,1703.556,13.8
ch01_00000000024000000.mp4,50578,car,2,1704.006,40.0
ch01_00000000024000000.mp4,50607,car,2,1704.606,51.4
ch01_00000000024000000.mp4,50614,motorcycle,1,1704.806,40.0
ch01_00000000024000000.mp4,50659,motorcycle,1,1705.656,45.0
ch01_00000000024000000.mp4,50639,motorcycle,1,1705.706,36.0
ch01_00000000024000000.mp4,50679,motorcycle,1,1706.456,40.0
ch01_00000000024000000.mp4,50720,car,2,1707.256,45.0
ch01_00000000024000000.mp4,50696,motorcycle,1,1707.306,40.0
ch01_00000000024000000.mp4,50783,motorcycle,1,1709.756,40.0
ch01_00000000024000000.mp4,50789,bus,5,1710.206,40.0
ch01_00000000024000000.mp4,50820,car,3,1711.505,36.0
ch01_00000000024000000.mp4,50856,car,2,1712.255,40.0
ch01_00000000024000000.mp4,50855,motorcycle,1,1712.305,25.7
ch01_00000000024000000.mp4,50879,motorcycle,1,1712.855,40.0
ch01_00000000024000000.mp4,800907,motorcycle,1,1715.305,60.0
ch01_00000000024000000.mp4,50949,car,2,1715.655,32.7
ch01_00000000024000000.mp4,51001,motorcycle,1,1715.705,51.4
ch01_00000000024000000.mp4,800909,motorcycle,1,1716.205,10.9
ch01_00000000024000000.mp4,50988,car,2,1716.405,40.0
ch01_00000000024000000.mp4,51002,motorcycle,1,1716.755,36.0
ch01_00000000024000000.mp4,51029,motorcycle,1,1717.205,32.7
ch01_00000000024000000.mp4,51050,car,2,1717.555,40.0
ch01_00000000024000000.mp4,51126,motorcycle,1,1718.155,60.0
ch01_00000000024000000.mp4,51112,motorcycle,1,1718.605,40.0
ch01_00000000024000000.mp4,51155,motorcycle,1,1719.405,51.4
ch01_00000000024000000.mp4,51181,car,2,1720.705,40.0
ch01_00000000024000000.mp4,51294,car,3,1723.255,36.0
ch01_00000000024000000.mp4,51347,car,2,1724.355,51.4
ch01_00000000024000000.mp4,51341,motorcycle,1,1724.405,40.0
ch01_00000000024000000.mp4,51397,truck,4,1726.105,40.0
ch01_00000000024000000.mp4,51411,motorcycle,1,1726.605,45.0
ch01_00000000024000000.mp4,51449,motorcycle,1,1728.005,40.0
ch01_00000000024000000.mp4,51476,car,2,1728.655,45.0
ch01_00000000024000000.mp4,51491,car,3,1729.405,40.0
ch01_00000000024000000.mp4,51532,motorcycle,1,1730.255,51.4
ch01_00000000024000000.mp4,51574,motorcycle,1,1731.304,51.4
ch01_00000000024000000.mp4,51571,car,2,1731.454,51.4
ch01_00000000024000000.mp4,51601,motorcycle,1,1732.604,40.0
ch01_00000000024000000.mp4,51639,motorcycle,1,1733.804,51.4
ch01_00000000024000000.mp4,51652,motorcycle,1,1734.104,60.0
ch01_00000000024000000.mp4,51705,motorcycle,1,1735.604,60.0
ch01_00000000024000000.mp4,51712,motorcycle,1,1735.754,72.0
ch01_00000000024000000.mp4,51721,motorcycle,1,1736.804,45.0
ch01_00000000024000000.mp4,51732,motorcycle,1,1737.104,45.0
ch01_00000000024000000.mp4,51773,motorcycle,1,1737.404,60.0
ch01_00000000024000000.mp4,51765,motorcycle,1,1737.904,45.0
ch01_00000000024000000.mp4,51846,car,2,1739.754,60.0
ch01_00000000024000000.mp4,51906,car,2,1741.254,60.0
ch01_00000000024000000.mp4,51919,motorcycle,1,1741.854,45.0
ch01_00000000024000000.mp4,51932,car,2,1741.854,90.0
ch01_00000000024000000.mp4,52002,car,2,1744.354,51.4
ch01_00000000024000000.mp4,51999,motorcycle,1,1744.404,51.4
ch01_00000000024000000.mp4,52068,car,2,1746.704,51.4
ch01_00000000024000000.mp4,800924,motorcycle,1,1747.553,40.0
ch01_00000000024000000.mp4,52115,car,3,1748.403,45.0
ch01_00000000024000000.mp4,52090,car,3,1748.454,25.7
ch01_00000000024000000.mp4,52147,car,2,1749.203,60.0
ch01_00000000024000000.mp4,52179,motorcycle,1,1750.253,60.0
ch01_00000000024000000.mp4,52230,car,2,1751.503,60.0
ch01_00000000024000000.mp4,52273,motorcycle,1,1752.853,60.0
ch01_00000000024000000.mp4,52305,motorcycle,1,1753.553,72.0
ch01_00000000024000000.mp4,52315,truck,4,1754.253,60.0
ch01_00000000024000000.mp4,52337,motorcycle,1,1755.353,51.4
ch01_00000000024000000.mp4,52347,motorcycle,1,1755.703,51.4
ch01_00000000024000000.mp4,52390,motorcycle,1,1757.203,72.0
ch01_00000000024000000.mp4,52434,car,2,1759.003,60.0
ch01_00000000024000000.mp4,52484,motorcycle,1,1760.403,60.0
ch01_00000000024000000.mp4,52499,motorcycle,1,1761.053,60.0
ch01_00000000024000000.mp4,52495,motorcycle,1,1761.253,40.0
ch01_00000000024000000.mp4,52508,motorcycle,1,1761.353,51.4
ch01_00000000024000000.mp4,52524,motorcycle,1,1761.753,72.0
ch01_00000000024000000.mp4,52580,motorcycle,1,1763.053,60.0
ch01_00000000024000000.mp4,52579,motorcycle,1,1763.103,60.0
ch01_00000000024000000.mp4,52600,motorcycle,1,1763.703,51.4
ch01_00000000024000000.mp4,52658,motorcycle,1,1765.003,60.0
ch01_00000000024000000.mp4,52651,motorcycle,1,1765.203,45.0
ch01_00000000024000000.mp4,52676,motorcycle,1,1766.053,51.4
ch01_00000000024000000.mp4,52727,motorcycle,1,1768.152,60.0
ch01_00000000024000000.mp4,52773,motorcycle,1,1769.952,51.4
ch01_00000000024000000.mp4,52755,motorcycle,1,1770.202,27.7
ch01_00000000024000000.mp4,52780,car,2,1770.802,45.0
ch01_00000000024000000.mp4,52808,truck,4,1771.452,45.0
ch01_00000000024000000.mp4,52819,motorcycle,1,1771.452,51.4
ch01_00000000024000000.mp4,52831,motorcycle,1,1771.852,51.4
ch01_00000000024000000.mp4,52814,motorcycle,1,1772.402,40.0
ch01_00000000024000000.mp4,52841,car,2,1773.252,30.0
ch01_00000000024000000.mp4,52854,motorcycle,1,1774.002,30.0
ch01_00000000024000000.mp4,52895,motorcycle,1,1775.402,30.0
ch01_00000000024000000.mp4,52952,car,3,1777.202,36.0
ch01_00000000024000000.mp4,52972,car,2,1778.152,45.0
ch01_00000000024000000.mp4,52990,motorcycle,1,1778.602,60.0
ch01_00000000024000000.mp4,53015,motorcycle,1,1780.002,45.0
ch01_00000000024000000.mp4,53023,motorcycle,1,1780.102,51.4
ch01_00000000024000000.mp4,53035,motorcycle,1,1781.102,45.0
ch01_00000000024000000.mp4,53065,motorcycle,1,1782.152,60.0
ch01_00000000024000000.mp4,53061,car,2,1782.252,45.0
ch01_00000000024000000.mp4,53079,car,2,1782.752,45.0
ch01_00000000024000000.mp4,53106,motorcycle,1,1783.651,45.0
ch01_00000000024000000.mp4,53117,motorcycle,1,1784.502,51.4
ch01_00000000024000000.mp4,53120,car,2,1784.701,45.0
ch01_00000000024000000.mp4,53162,motorcycle,1,1786.601,60.0
ch01_00000000024000000.mp4,53186,motorcycle,1,1787.701,51.4
ch01_00000000024000000.mp4,53223,motorcycle,1,1788.351,72.0
ch01_00000000024000000.mp4,53221,car,2,1789.101,51.4
ch01_00000000024000000.mp4,53229,truck,6,1789.551,40.0
ch01_00000000024000000.mp4,53263,motorcycle,1,1790.001,60.0
ch01_00000000024000000.mp4,53264,motorcycle,1,1790.651,45.0
ch01_00000000024000000.mp4,53261,truck,6,1791.301,45.0
ch01_00000000024000000.mp4,53353,motorcycle,1,1793.451,51.4
ch01_00000000024000000.mp4,53388,motorcycle,1,1794.851,60.0
ch01_00000000024000000.mp4,53397,motorcycle,1,1795.101,60.0
ch01_00000000024000000.mp4,53445,car,2,1797.251,60.0
ch01_00000000024000000.mp4,53461,car,2,1798.251,40.0
ch01_00000000024000000.mp4,53492,car,3,1800.101,32.7
ch01_00000000024000000.mp4,53518,car,2,1800.951,45.0
ch01_00000000024000000.mp4,53537,motorcycle,1,1801.7,36.0
ch01_00000000024000000.mp4,53549,car,2,1802.15,40.0
ch01_00000000024000000.mp4,53569,motorcycle,1,1803.251,36.0
ch01_00000000024000000.mp4,53620,motorcycle,1,1804.45,40.0
ch01_00000000024000000.mp4,53634,motorcycle,1,1804.7,36.0
ch01_00000000024000000.mp4,53644,car,2,1805.15,40.0
ch01_00000000024000000.mp4,53711,motorcycle,1,1807.3,60.0
ch01_00000000024000000.mp4,53723,car,2,1808.05,40.0
ch01_00000000024000000.mp4,53745,car,2,1809.25,27.7
ch01_00000000024000000.mp4,53769,car,2,1810.0,32.7
ch01_00000000024000000.mp4,53802,motorcycle,1,1810.2,45.0
ch01_00000000024000000.mp4,53834,car,2,1811.6,51.4
ch01_00000000024000000.mp4,53891,car,2,1813.2,45.0
ch01_00000000024000000.mp4,53886,motorcycle,1,1813.6,32.7
ch01_00000000024000000.mp4,53919,car,3,1815.15,30.0
ch01_00000000024000000.mp4,54022,truck,6,1817.1,36.0
ch01_00000000024000000.mp4,54068,car,2,1818.55,60.0
ch01_00000000024000000.mp4,54067,motorcycle,1,1818.6,40.0
ch01_00000000024000000.mp4,54078,motorcycle,1,1818.75,60.0
ch01_00000000024000000.mp4,54105,motorcycle,1,1820.05,51.4
ch01_00000000024000000.mp4,54118,motorcycle,1,1820.499,72.0
ch01_00000000024000000.mp4,54179,motorcycle,1,1822.649,72.0
ch01_00000000024000000.mp4,54177,motorcycle,1,1823.449,51.4
ch01_00000000024000000.mp4,54233,motorcycle,1,1824.599,60.0
ch01_00000000024000000.mp4,54273,car,2,1826.099,51.4
ch01_00000000024000000.mp4,54293,motorcycle,1,1826.599,60.0
ch01_00000000024000000.mp4,54294,motorcycle,1,1826.899,51.4
ch01_00000000024000000.mp4,54305,motorcycle,1,1827.249,51.4
ch01_00000000024000000.mp4,54323,motorcycle,1,1827.599,51.4
ch01_00000000024000000.mp4,54327,motorcycle,1,1827.949,60.0
ch01_00000000024000000.mp4,54370,car,2,1829.599,40.0
ch01_00000000024000000.mp4,54369,motorcycle,1,1830.149,40.0
ch01_00000000024000000.mp4,54383,motorcycle,1,1830.499,36.0
ch01_00000000024000000.mp4,54403,motorcycle,1,1831.499,40.0
ch01_00000000024000000.mp4,54419,motorcycle,1,1831.949,45.0
ch01_00000000024000000.mp4,54434,motorcycle,1,1832.599,45.0
ch01_00000000024000000.mp4,54443,car,2,1832.649,45.0
ch01_00000000024000000.mp4,54451,motorcycle,1,1833.249,51.4
ch01_00000000024000000.mp4,54465,motorcycle,1,1833.649,45.0
ch01_00000000024000000.mp4,54490,motorcycle,1,1834.799,45.0
ch01_00000000024000000.mp4,54506,motorcycle,1,1835.199,51.4
ch01_00000000024000000.mp4,54519,motorcycle,1,1835.599,45.0
ch01_00000000024000000.mp4,54547,car,2,1836.799,51.4
ch01_00000000024000000.mp4,54553,motorcycle,1,1836.899,51.4
ch01_00000000024000000.mp4,54563,motorcycle,1,1837.249,45.0
ch01_00000000024000000.mp4,54564,motorcycle,1,1837.249,60.0
ch01_00000000024000000.mp4,54592,motorcycle,1,1838.599,51.4
ch01_00000000024000000.mp4,54597,car,2,1839.448,45.0
ch01_00000000024000000.mp4,54607,car,2,1840.448,40.0
ch01_00000000024000000.mp4,800973,motorcycle,1,1841.298,17.1
ch01_00000000024000000.mp4,54623,car,2,1842.448,15.7
ch01_00000000024000000.mp4,54691,car,2,1842.448,40.0
ch01_00000000024000000.mp4,54714,motorcycle,1,1842.848,60.0
ch01_00000000024000000.mp4,54713,motorcycle,1,1843.298,45.0
ch01_00000000024000000.mp4,54725,car,2,1844.198,40.0
ch01_00000000024000000.mp4,54818,car,2,1846.598,51.4
ch01_00000000024000000.mp4,54806,motorcycle,1,1846.998,36.0
ch01_00000000024000000.mp4,54820,motorcycle,1,1847.348,40.0
ch01_00000000024000000.mp4,54808,motorcycle,1,1847.698,40.0
ch01_00000000024000000.mp4,54897,motorcycle,1,1850.098,45.0
ch01_00000000024000000.mp4,54903,motorcycle,1,1850.548,40.0
ch01_00000000024000000.mp4,54940,car,2,1851.598,45.0
ch01_00000000024000000.mp4,54926,motorcycle,1,1851.648,30.0
ch01_00000000024000000.mp4,54960,motorcycle,1,1852.798,40.0
ch01_00000000024000000.mp4,54970,motorcycle,1,1853.298,45.0
ch01_00000000024000000.mp4,54975,car,2,1853.998,40.0
ch01_00000000024000000.mp4,54989,motorcycle,1,1854.798,45.0
ch01_00000000024000000.mp4,55009,car,2,1856.047,36.0
ch01_00000000024000000.mp4,55065,motorcycle,1,1857.398,51.4
ch01_00000000024000000.mp4,55070,car,2,1857.598,45.0
ch01_00000000024000000.mp4,55097,motorcycle,1,1858.647,51.4
ch01_00000000024000000.mp4,55124,motorcycle,1,1859.397,72.0
ch01_00000000024000000.mp4,55117,motorcycle,1,1859.597,60.0
ch01_00000000024000000.mp4,55156,motorcycle,1,1860.697,60.0
ch01_00000000024000000.mp4,55169,motorcycle,1,1860.797,72.0
ch01_00000000024000000.mp4,55177,car,2,1861.597,51.4
ch01_00000000024000000.mp4,55225,motorcycle,1,1863.397,72.0
ch01_00000000024000000.mp4,55235,car,2,1863.597,60.0
ch01_00000000024000000.mp4,55254,car,2,1864.597,51.4
ch01_00000000024000000.mp4,55258,motorcycle,1,1864.997,60.0
ch01_00000000024000000.mp4,55338,motorcycle,1,1866.597,60.0
ch01_00000000024000000.mp4,55431,motorcycle,1,1869.097,60.0
ch01_00000000024000000.mp4,55433,car,2,1869.347,72.0
ch01_00000000024000000.mp4,55467,motorcycle,1,1869.847,51.4
ch01_00000000024000000.mp4,55464,motorcycle,1,1870.097,51.4
ch01_00000000024000000.mp4,55477,motorcycle,1,1870.597,45.0
ch01_00000000024000000.mp4,55510,motorcycle,1,1871.147,45.0
ch01_00000000024000000.mp4,55524,motorcycle,1,1871.597,45.0
ch01_00000000024000000.mp4,800989,motorcycle,1,1871.597,60.0
ch01_00000000024000000.mp4,55597,motorcycle,1,1873.347,60.0
ch01_00000000024000000.mp4,55644,truck,6,1875.296,40.0
ch01_00000000024000000.mp4,55667,motorcycle,1,1875.796,45.0
ch01_00000000024000000.mp4,55699,car,2,1876.696,51.4
ch01_00000000024000000.mp4,55736,motorcycle,1,1877.396,51.4
ch01_00000000024000000.mp4,55770,motorcycle,1,1878.546,36.0
ch01_00000000024000000.mp4,55769,motorcycle,1,1878.596,40.0
ch01_00000000024000000.mp4,55732,bus,5,1878.896,45.0
ch01_00000000024000000.mp4,55795,motorcycle,1,1879.196,45.0
ch01_00000000024000000.mp4,55822,motorcycle,1,1879.746,51.4
ch01_00000000024000000.mp4,55823,car,2,1879.996,40.0
ch01_00000000024000000.mp4,55854,motorcycle,1,1880.596,45.0
ch01_00000000024000000.mp4,55893,car,2,1881.946,51.4
ch01_00000000024000000.mp4,55919,car,3,1883.296,36.0
ch01_00000000024000000.mp4,55965,car,2,1884.096,40.0
ch01_00000000024000000.mp4,55972,car,2,1884.496,45.0
ch01_00000000024000000.mp4,55979,motorcycle,1,1884.996,40.0
ch01_00000000024000000.mp4,55991,motorcycle,1,1885.046,51.4
ch01_00000000024000000.mp4,56000,motorcycle,1,1885.146,51.4
ch01_00000000024000000.mp4,56019,car,3,1886.396,45.0
ch01_00000000024000000.mp4,56076,motorcycle,1,1887.246,51.4
ch01_00000000024000000.mp4,56058,motorcycle,1,1887.396,45.0
ch01_00000000024000000.mp4,56111,car,2,1888.846,32.7
ch01_00000000024000000.mp4,56151,motorcycle,1,1889.546,40.0
ch01_00000000024000000.mp4,56165,motorcycle,1,1889.946,40.0
ch01_00000000024000000.mp4,56225,motorcycle,1,1890.746,60.0
ch01_00000000024000000.mp4,56206,car,2,1890.846,40.0
ch01_00000000024000000.mp4,56253,motorcycle,1,1891.646,51.4
ch01_00000000024000000.mp4,56271,car,2,1892.946,32.7
ch01_00000000024000000.mp4,56307,motorcycle,1,1893.396,45.0
ch01_00000000024000000.mp4,56371,motorcycle,1,1895.595,51.4
ch01_00000000024000000.mp4,56406,motorcycle,1,1895.895,60.0
ch01_00000000024000000.mp4,56404,car,2,1896.645,36.0
ch01_00000000024000000.mp4,56429,motorcycle,1,1897.395,45.0
ch01_00000000024000000.mp4,56478,motorcycle,1,1898.045,60.0
ch01_00000000024000000.mp4,56464,motorcycle,1,1898.445,51.4
ch01_00000000024000000.mp4,801007,motorcycle,1,1898.445,9.2
ch01_00000000024000000.mp4,56526,motorcycle,1,1899.245,60.0
ch01_00000000024000000.mp4,56522,car,2,1899.595,40.0
ch01_00000000024000000.mp4,56529,motorcycle,1,1899.845,51.4
ch01_00000000024000000.mp4,56524,motorcycle,1,1901.095,20.0
ch01_00000000024000000.mp4,56586,motorcycle,1,1901.995,45.0
ch01_00000000024000000.mp4,56609,car,2,1903.045,36.0
ch01_00000000024000000.mp4,56640,car,2,1903.945,40.0
ch01_00000000024000000.mp4,56668,motorcycle,1,1904.195,51.4
ch01_00000000024000000.mp4,56676,motorcycle,1,1904.545,45.0
ch01_00000000024000000.mp4,56695,motorcycle,1,1905.045,45.0
ch01_00000000024000000.mp4,56720,motorcycle,1,1905.195,45.0
ch01_00000000024000000.mp4,56741,motorcycle,1,1905.795,51.4
ch01_00000000024000000.mp4,56709,car,2,1905.995,36.0
ch01_00000000024000000.mp4,56789,motorcycle,1,1906.845,60.0
ch01_00000000024000000.mp4,56738,car,2,1907.195,22.5
ch01_00000000024000000.mp4,56814,motorcycle,1,1907.295,51.4
ch01_00000000024000000.mp4,56807,car,2,1907.395,40.0
ch01_00000000024000000.mp4,56902,car,2,1908.945,45.0
ch01_00000000024000000.mp4,56923,car,2,1909.595,45.0
ch01_00000000024000000.mp4,56895,motorcycle,1,1909.645,51.4
ch01_00000000024000000.mp4,57004,motorcycle,1,1912.044,45.0
ch01_00000000024000000.mp4,57025,motorcycle,1,1912.744,51.4
ch01_00000000024000000.mp4,57069,car,2,1914.844,32.7
ch01_00000000024000000.mp4,57085,motorcycle,1,1915.144,60.0
ch01_00000000024000000.mp4,57106,motorcycle,1,1915.544,60.0
ch01_00000000024000000.mp4,57137,motorcycle,1,1916.994,45.0
ch01_00000000024000000.mp4,57146,motorcycle,1,1917.144,51.4
ch01_00000000024000000.mp4,57174,motorcycle,1,1918.944,36.0
ch01_00000000024000000.mp4,57197,car,2,1919.794,51.4
ch01_00000000024000000.mp4,57228,car,2,1920.644,40.0
ch01_00000000024000000.mp4,57249,motorcycle,1,1921.444,51.4
ch01_00000000024000000.mp4,57278,motorcycle,1,1922.144,51.4
ch01_00000000024000000.mp4,57301,motorcycle,1,1922.394,72.0
ch01_00000000024000000.mp4,57306,motorcycle,1,1922.794,45.0
ch01_00000000024000000.mp4,57303,car,2,1923.094,45.0
ch01_00000000024000000.mp4,57317,motorcycle,1,1923.194,60.0
ch01_00000000024000000.mp4,57370,car,2,1924.294,51.4
ch01_00000000024000000.mp4,57389,motorcycle,1,1924.944,51.4
ch01_00000000024000000.mp4,57401,motorcycle,1,1925.194,60.0
ch01_00000000024000000.mp4,57426,motorcycle,1,1925.744,51.4
ch01_00000000024000000.mp4,57450,motorcycle,1,1926.744,60.0
ch01_00000000024000000.mp4,57468,motorcycle,1,1928.044,45.0
ch01_00000000024000000.mp4,57500,motorcycle,1,1929.293,51.4
ch01_00000000024000000.mp4,57512,motorcycle,1,1929.393,60.0
ch01_00000000024000000.mp4,57551,motorcycle,1,1931.043,51.4
ch01_00000000024000000.mp4,57586,motorcycle,1,1931.693,60.0
ch01_00000000024000000.mp4,57636,motorcycle,1,1933.093,51.4
ch01_00000000024000000.mp4,57582,motorcycle,1,1933.693,60.0
ch01_00000000024000000.mp4,57671,car,2,1934.443,45.0
ch01_00000000024000000.mp4,57691,motorcycle,1,1934.643,72.0
ch01_00000000024000000.mp4,57709,motorcycle,1,1936.143,40.0
ch01_00000000024000000.mp4,57790,car,2,1938.793,45.0
ch01_00000000024000000.mp4,57786,motorcycle,1,1938.893,40.0
ch01_00000000024000000.mp4,57804,truck,4,1939.093,45.0
ch01_00000000024000000.mp4,57832,motorcycle,1,1939.693,60.0
ch01_00000000024000000.mp4,57932,car,2,1942.893,36.0
ch01_00000000024000000.mp4,57954,motorcycle,1,1943.943,40.0
ch01_00000000024000000.mp4,58002,motorcycle,1,1945.993,45.0
ch01_00000000024000000.mp4,58035,motorcycle,1,1946.842,51.4
ch01_00000000024000000.mp4,801034,motorcycle,1,1948.243,12.0
ch01_00000000024000000.mp4,58072,motorcycle,1,1948.892,51.4
ch01_00000000024000000.mp4,58100,motorcycle,1,1949.192,60.0
ch01_00000000024000000.mp4,58044,car,2,1949.292,20.0
ch01_00000000024000000.mp4,58134,motorcycle,1,1950.142,51.4
ch01_00000000024000000.mp4,58156,car,2,1951.092,40.0
ch01_00000000024000000.mp4,58182,car,2,1951.442,32.7
ch01_00000000024000000.mp4,58227,car,2,1952.342,51.4
ch01_00000000024000000.mp4,58268,motorcycle,1,1953.442,51.4
ch01_00000000024000000.mp4,58205,car,2,1954.592,7.7
ch01_00000000024000000.mp4,58319,car,2,1954.992,45.0
ch01_00000000024000000.mp4,801041,motorcycle,1,1955.442,3.2
ch01_00000000024000000.mp4,58357,motorcycle,1,1956.092,36.0
ch01_00000000024000000.mp4,58401,motorcycle,1,1956.992,51.4
ch01_00000000024000000.mp4,58406,truck,7,1957.992,40.0
ch01_00000000024000000.mp4,58428,motorcycle,1,1958.142,45.0
ch01_00000000024000000.mp4,58429,motorcycle,1,1958.792,40.0
ch01_00000000024000000.mp4,58447,motorcycle,1,1958.792,45.0
ch01_00000000024000000.mp4,58455,motorcycle,1,1959.542,40.0
ch01_00000000024000000.mp4,58484,car,2,1960.542,45.0
ch01_00000000024000000.mp4,58504,motorcycle,1,1961.392,51.4
ch01_00000000024000000.mp4,58516,car,2,1961.992,45.0
ch01_00000000024000000.mp4,58548,car,2,1963.592,51.4
ch01_00000000024000000.mp4,58558,motorcycle,1,1964.042,60.0
ch01_00000000024000000.mp4,58579,motorcycle,1,1964.891,51.4
ch01_00000000024000000.mp4,58597,motorcycle,1,1965.391,60.0
ch01_00000000024000000.mp4,58599,car,2,1965.891,51.4
ch01_00000000024000000.mp4,58598,motorcycle,1,1965.941,45.0
ch01_00000000024000000.mp4,58621,motorcycle,1,1966.341,51.4
ch01_00000000024000000.mp4,58682,motorcycle,1,1969.291,45.0
ch01_00000000024000000.mp4,58692,motorcycle,1,1969.641,45.0
ch01_00000000024000000.mp4,58703,car,3,1971.091,27.7
ch01_00000000024000000.mp4,58752,motorcycle,1,1971.791,45.0
ch01_00000000024000000.mp4,58743,motorcycle,1,1972.091,45.0
ch01_00000000024000000.mp4,58757,car,2,1972.641,45.0
ch01_00000000024000000.mp4,58790,car,3,1974.391,40.0
ch01_00000000024000000.mp4,58797,motorcycle,1,1974.491,40.0
ch01_00000000024000000.mp4,58810,car,2,1975.191,27.7
ch01_00000000024000000.mp4,58840,car,2,1975.541,36.0
ch01_00000000024000000.mp4,58796,motorcycle,1,1976.141,40.0
ch01_00000000024000000.mp4,58866,motorcycle,1,1976.841,45.0
ch01_00000000024000000.mp4,58884,car,3,1977.291,36.0
ch01_00000000024000000.mp4,58887,motorcycle,1,1977.291,45.0
ch01_00000000024000000.mp4,58886,motorcycle,1,1979.541,21.2
ch01_00000000024000000.mp4,58931,car,2,1979.591,40.0
ch01_00000000024000000.mp4,58939,motorcycle,1,1979.891,45.0
ch01_00000000024000000.mp4,58956,motorcycle,1,1980.241,60.0
ch01_00000000024000000.mp4,58980,motorcycle,1,1980.591,72.0
ch01_00000000024000000.mp4,58962,car,2,1980.741,40.0
ch01_00000000024000000.mp4,58986,car,3,1981.491,51.4
ch01_00000000024000000.mp4,59036,car,2,1982.641,51.4
ch01_00000000024000000.mp4,59068,truck,6,1984.241,45.0
ch01_00000000024000000.mp4,59124,car,2,1985.54,51.4
ch01_00000000024000000.mp4,801062,motorcycle,1,1985.74,10.9
ch01_00000000024000000.mp4,59174,motorcycle,1,1986.24,51.4
ch01_00000000024000000.mp4,59160,motorcycle,1,1986.44,40.0
ch01_00000000024000000.mp4,59136,car,2,1986.74,32.7
ch01_00000000024000000.mp4,59199,car,2,1987.84,32.7
ch01_00000000024000000.mp4,59234,car,2,1988.69,51.4
ch01_00000000024000000.mp4,59255,motorcycle,1,1989.24,51.4
ch01_00000000024000000.mp4,59292,car,2,1990.94,36.0
ch01_00000000024000000.mp4,59318,car,2,1991.79,40.0
ch01_00000000024000000.mp4,59303,motorcycle,1,1992.14,36.0
ch01_00000000024000000.mp4,59358,motorcycle,1,1992.54,60.0
ch01_00000000024000000.mp4,59344,car,2,1992.64,40.0
ch01_00000000024000000.mp4,59363,car,2,1993.34,51.4
ch01_00000000024000000.mp4,59378,motorcycle,1,1993.79,51.4
ch01_00000000024000000.mp4,59341,motorcycle,1,1994.29,45.0
ch01_00000000024000000.mp4,59398,motorcycle,1,1994.29,51.4
ch01_00000000024000000.mp4,59417,car,2,1995.39,40.0
ch01_00000000024000000.mp4,59483,motorcycle,1,1996.44,60.0
ch01_00000000024000000.mp4,59479,motorcycle,1,1996.79,51.4
ch01_00000000024000000.mp4,59444,truck,6,1999.24,15.7
ch01_00000000024000000.mp4,59558,motorcycle,1,1999.79,51.4
ch01_00000000024000000.mp4,59573,motorcycle,1,2000.19,51.4
ch01_00000000024000000.mp4,59600,motorcycle,1,2000.84,60.0
ch01_00000000024000000.mp4,59654,motorcycle,1,2001.989,51.4
ch01_00000000024000000.mp4,59688,car,2,2002.839,40.0
ch01_00000000024000000.mp4,59715,motorcycle,1,2003.439,60.0
ch01_00000000024000000.mp4,59726,truck,4,2004.189,40.0
ch01_00000000024000000.mp4,59804,car,2,2005.889,51.4
ch01_00000000024000000.mp4,59811,motorcycle,1,2006.239,45.0
ch01_00000000024000000.mp4,59839,motorcycle,1,2006.789,45.0
ch01_00000000024000000.mp4,59827,motorcycle,1,2006.839,45.0
ch01_00000000024000000.mp4,59925,car,2,2009.189,40.0
ch01_00000000024000000.mp4,59935,motorcycle,1,2009.689,51.4
ch01_00000000024000000.mp4,60045,motorcycle,1,2012.089,60.0
ch01_00000000024000000.mp4,60061,car,2,2013.139,45.0
ch01_00000000024000000.mp4,60080,motorcycle,1,2013.639,51.4
ch01_00000000024000000.mp4,60071,motorcycle,1,2013.689,36.0
ch01_00000000024000000.mp4,60120,motorcycle,1,2014.489,60.0
ch01_00000000024000000.mp4,60107,car,2,2014.589,45.0
ch01_00000000024000000.mp4,60131,motorcycle,1,2014.939,72.0
ch01_00000000024000000.mp4,60168,motorcycle,1,2015.839,60.0
ch01_00000000024000000.mp4,60169,car,2,2016.389,40.0
ch01_00000000024000000.mp4,60194,motorcycle,1,2016.489,60.0
ch01_00000000024000000.mp4,60221,motorcycle,1,2017.239,51.4
ch01_00000000024000000.mp4,60222,car,2,2017.789,36.0
ch01_00000000024000000.mp4,60249,car,2,2018.889,40.0
ch01_00000000024000000.mp4,60266,car,2,2019.688,36.0
ch01_00000000024000000.mp4,60281,motorcycle,1,2020.589,45.0
ch01_00000000024000000.mp4,60298,car,3,2021.288,36.0
ch01_00000000024000000.mp4,60289,motorcycle,1,2021.488,40.0
ch01_00000000024000000.mp4,60313,car,2,2021.988,45.0
ch01_00000000024000000.mp4,60341,motorcycle,1,2022.238,45.0
ch01_00000000024000000.mp4,60328,motorcycle,1,2022.288,45.0
ch01_00000000024000000.mp4,60331,car,2,2022.738,32.7
ch01_00000000024000000.mp4,60350,motorcycle,1,2022.888,51.4
ch01_00000000024000000.mp4,60376,car,2,2023.888,40.0
ch01_00000000024000000.mp4,60410,motorcycle,1,2024.488,45.0
ch01_00000000024000000.mp4,60434,motorcycle,1,2025.338,51.4
ch01_00000000024000000.mp4,60449,car,2,2025.638,40.0
ch01_00000000024000000.mp4,60473,car,2,2025.938,40.0
ch01_00000000024000000.mp4,60475,motorcycle,1,2025.988,45.0
ch01_00000000024000000.mp4,60512,motorcycle,1,2026.388,45.0
ch01_00000000024000000.mp4,60513,motorcycle,1,2026.688,45.0
ch01_00000000024000000.mp4,801089,motorcycle,1,2026.988,3.6
ch01_00000000024000000.mp4,60547,bus,5,2027.638,40.0
ch01_00000000024000000.mp4,60534,bus,5,2027.788,45.0
ch01_00000000024000000.mp4,60595,car,2,2028.788,45.0
ch01_00000000024000000.mp4,60596,motorcycle,1,2028.788,60.0
ch01_00000000024000000.mp4,60603,car,2,2029.288,40.0
ch01_00000000024000000.mp4,60625,car,2,2029.638,51.4
ch01_00000000024000000.mp4,60643,car,2,2030.638,45.0
ch01_00000000024000000.mp4,60674,motorcycle,1,2031.088,40.0
ch01_00000000024000000.mp4,60684,motorcycle,1,2031.388,60.0
ch01_00000000024000000.mp4,60700,car,2,2032.038,45.0
ch01_00000000024000000.mp4,60706,motorcycle,1,2032.538,45.0
ch01_00000000024000000.mp4,60713,car,2,2032.638,45.0
ch01_00000000024000000.mp4,60733,motorcycle,1,2033.288,45.0
ch01_00000000024000000.mp4,60745,motorcycle,1,2033.488,51.4
ch01_00000000024000000.mp4,60751,motorcycle,1,2033.838,45.0
ch01_00000000024000000.mp4,60802,truck,4,2034.388,51.4
ch01_00000000024000000.mp4,60791,motorcycle,1,2034.538,45.0
ch01_00000000024000000.mp4,60801,motorcycle,1,2034.688,45.0
ch01_00000000024000000.mp4,60812,motorcycle,1,2035.238,51.4
ch01_00000000024000000.mp4,60838,motorcycle,1,2035.438,51.4
ch01_00000000024000000.mp4,60823,motorcycle,1,2035.488,51.4
ch01_00000000024000000.mp4,60858,car,3,2037.588,27.7
ch01_00000000024000000.mp4,60890,motorcycle,1,2037.838,40.0
ch01_00000000024000000.mp4,60902,car,3,2039.537,40.0
ch01_00000000024000000.mp4,60959,motorcycle,1,2039.687,45.0
ch01_00000000024000000.mp4,801098,motorcycle,1,2040.487,17.1
ch01_00000000024000000.mp4,60995,motorcycle,1,2040.637,51.4
ch01_00000000024000000.mp4,60987,car,2,2040.987,36.0
ch01_00000000024000000.mp4,61024,car,2,2041.737,40.0
ch01_00000000024000000.mp4,61054,motorcycle,1,2042.537,51.4
ch01_00000000024000000.mp4,61084,motorcycle,1,2043.187,40.0
ch01_00000000024000000.mp4,61151,car,2,2045.037,32.7
ch01_00000000024000000.mp4,61178,truck,7,2045.737,36.0
ch01_00000000024000000.mp4,61227,motorcycle,1,2046.637,51.4
ch01_00000000024000000.mp4,61228,car,2,2047.187,40.0
ch01_00000000024000000.mp4,61263,car,2,2047.837,32.7
ch01_00000000024000000.mp4,61293,motorcycle,1,2048.787,36.0
ch01_00000000024000000.mp4,61300,car,2,2048.887,36.0
ch01_00000000024000000.mp4,61335,motorcycle,1,2049.887,36.0
ch01_00000000024000000.mp4,61329,motorcycle,1,2049.937,40.0
ch01_00000000024000000.mp4,61351,car,2,2050.487,32.7
ch01_00000000024000000.mp4,61388,motorcycle,1,2051.437,51.4
ch01_00000000024000000.mp4,61399,car,2,2052.287,30.0
ch01_00000000024000000.mp4,61418,car,2,2053.237,36.0
ch01_00000000024000000.mp4,61463,car,2,2054.387,32.7
ch01_00000000024000000.mp4,61482,motorcycle,1,2054.987,40.0
ch01_00000000024000000.mp4,61514,car,3,2055.486,30.0
ch01_00000000024000000.mp4,61546,motorcycle,1,2056.086,40.0
ch01_00000000024000000.mp4,61558,motorcycle,1,2056.436,40.0
ch01_00000000024000000.mp4,61557,motorcycle,1,2056.537,45.0
ch01_00000000024000000.mp4,61634,motorcycle,1,2058.336,51.4
ch01_00000000024000000.mp4,61635,car,2,2058.636,40.0
ch01_00000000024000000.mp4,61657,motorcycle,1,2059.036,51.4
ch01_00000000024000000.mp4,61683,car,3,2059.486,51.4
ch01_00000000024000000.mp4,61658,motorcycle,1,2059.586,30.0
ch01_00000000024000000.mp4,61652,motorcycle,1,2059.786,51.4
ch01_00000000024000000.mp4,61693,motorcycle,1,2059.786,51.4
ch01_00000000024000000.mp4,61705,car,3,2061.036,30.0
ch01_00000000024000000.mp4,61754,motorcycle,1,2061.836,51.4
ch01_00000000024000000.mp4,61776,motorcycle,1,2063.036,40.0
ch01_00000000024000000.mp4,61787,motorcycle,1,2063.036,45.0
ch01_00000000024000000.mp4,61814,motorcycle,1,2063.786,45.0
ch01_00000000024000000.mp4,61842,motorcycle,1,2064.786,45.0
ch01_00000000024000000.mp4,61861,car,2,2065.386,51.4
ch01_00000000024000000.mp4,61887,motorcycle,1,2066.186,51.4
ch01_00000000024000000.mp4,61901,car,2,2067.636,30.0
ch01_00000000024000000.mp4,61937,car,3,2068.136,51.4
ch01_00000000024000000.mp4,61980,motorcycle,1,2070.386,30.0
ch01_00000000024000000.mp4,62025,motorcycle,1,2070.936,60.0
ch01_00000000024000000.mp4,62024,motorcycle,1,2071.186,51.4
ch01_00000000024000000.mp4,62011,motorcycle,1,2071.636,27.7
ch01_00000000024000000.mp4,62030,motorcycle,1,2071.886,40.0
ch01_00000000024000000.mp4,62059,motorcycle,1,2072.086,51.4
ch01_00000000024000000.mp4,62067,motorcycle,1,2072.686,32.7
ch01_00000000024000000.mp4,62095,motorcycle,1,2072.986,51.4
ch01_00000000024000000.mp4,62114,motorcycle,1,2074.186,45.0
ch01_00000000024000000.mp4,62099,motorcycle,1,2074.485,14.4
ch01_00000000024000000.mp4,62123,motorcycle,1,2074.635,36.0
ch01_00000000024000000.mp4,801118,motorcycle,1,2074.686,8.6
ch01_00000000024000000.mp4,62136,car,2,2075.185,45.0
ch01_00000000024000000.mp4,62166,motorcycle,1,2075.835,51.4
ch01_00000000024000000.mp4,62160,motorcycle,1,2076.135,45.0
ch01_00000000024000000.mp4,62174,motorcycle,1,2076.185,45.0
ch01_00000000024000000.mp4,62173,motorcycle,1,2076.585,45.0
ch01_00000000024000000.mp4,62169,motorcycle,1,2077.035,45.0
ch01_00000000024000000.mp4,62189,car,2,2077.535,45.0
ch01_00000000024000000.mp4,62201,motorcycle,1,2078.385,40.0
ch01_00000000024000000.mp4,62208,motorcycle,1,2078.785,40.0
ch01_00000000024000000.mp4,62214,motorcycle,1,2079.435,40.0
ch01_00000000024000000.mp4,62241,motorcycle,1,2080.335,60.0
ch01_00000000024000000.mp4,62257,motorcycle,1,2081.385,45.0
ch01_00000000024000000.mp4,62261,motorcycle,1,2081.835,30.0
ch01_00000000024000000.mp4,62274,motorcycle,1,2081.985,45.0
ch01_00000000024000000.mp4,62294,motorcycle,1,2081.985,45.0
ch01_00000000024000000.mp4,62292,motorcycle,1,2082.485,32.7
ch01_00000000024000000.mp4,62307,motorcycle,1,2082.635,45.0
ch01_00000000024000000.mp4,62300,car,2,2083.335,51.4
ch01_00000000024000000.mp4,62331,car,2,2084.085,60.0
ch01_00000000024000000.mp4,62383,motorcycle,1,2086.535,60.0
ch01_00000000024000000.mp4,62396,motorcycle,1,2087.085,51.4
ch01_00000000024000000.mp4,62398,motorcycle,1,2087.235,51.4
ch01_00000000024000000.mp4,62411,car,2,2088.335,45.0
ch01_00000000024000000.mp4,62452,car,2,2088.885,51.4
ch01_00000000024000000.mp4,62519,motorcycle,1,2091.385,51.4
ch01_00000000024000000.mp4,62532,truck,6,2091.934,51.4
ch01_00000000024000000.mp4,62558,car,2,2093.384,60.0
ch01_00000000024000000.mp4,801130,motorcycle,1,2093.584,30.0
ch01_00000000024000000.mp4,62653,car,2,2097.084,45.0
ch01_00000000024000000.mp4,62715,car,2,2098.784,51.4
ch01_00000000024000000.mp4,62721,car,2,2099.384,40.0
ch01_00000000024000000.mp4,62764,motorcycle,1,2100.084,72.0
ch01_00000000024000000.mp4,62798,motorcycle,1,2101.284,60.0
ch01_00000000024000000.mp4,62804,motorcycle,1,2101.584,60.0
ch01_00000000024000000.mp4,62811,motorcycle,1,2101.584,60.0
ch01_00000000024000000.mp4,62815,car,2,2102.284,45.0
ch01_00000000024000000.mp4,62837,motorcycle,1,2102.284,60.0
ch01_00000000024000000.mp4,62841,car,2,2103.134,45.0
ch01_00000000024000000.mp4,62863,motorcycle,1,2104.534,60.0
ch01_00000000024000000.mp4,62872,car,2,2105.384,45.0
ch01_00000000024000000.mp4,62888,motorcycle,1,2105.884,45.0
ch01_00000000024000000.mp4,62904,motorcycle,1,2106.284,51.4
ch01_00000000024000000.mp4,62922,motorcycle,1,2107.284,51.4
ch01_00000000024000000.mp4,62936,motorcycle,1,2107.584,51.4
ch01_00000000024000000.mp4,801133,motorcycle,1,2108.284,120.0
ch01_00000000024000000.mp4,62950,truck,4,2108.684,32.7
ch01_00000000024000000.mp4,62994,car,2,2109.934,40.0
ch01_00000000024000000.mp4,63010,motorcycle,1,2110.633,45.0
ch01_00000000024000000.mp4,63018,car,2,2111.233,40.0
ch01_00000000024000000.mp4,63047,motorcycle,1,2111.883,60.0
ch01_00000000024000000.mp4,63068,motorcycle,1,2112.983,60.0
ch01_00000000024000000.mp4,63057,truck,6,2113.033,45.0
ch01_00000000024000000.mp4,63078,motorcycle,1,2113.433,60.0
ch01_00000000024000000.mp4,63088,motorcycle,1,2113.983,60.0
ch01_00000000024000000.mp4,63108,car,2,2114.883,45.0
ch01_00000000024000000.mp4,63158,motorcycle,1,2116.533,60.0
ch01_00000000024000000.mp4,63174,motorcycle,1,2117.783,32.7
ch01_00000000024000000.mp4,63185,car,2,2117.833,51.4
ch01_00000000024000000.mp4,63203,motorcycle,1,2118.183,60.0
ch01_00000000024000000.mp4,801149,motorcycle,1,2118.633,60.0
ch01_00000000024000000.mp4,63225,motorcycle,1,2119.433,72.0
ch01_00000000024000000.mp4,63240,car,2,2120.133,60.0
ch01_00000000024000000.mp4,63243,motorcycle,1,2120.583,51.4
ch01_00000000024000000.mp4,63272,motorcycle,1,2121.483,51.4
ch01_00000000024000000.mp4,63300,car,2,2122.483,45.0
ch01_00000000024000000.mp4,63315,motorcycle,1,2122.583,51.4
ch01_00000000024000000.mp4,63338,motorcycle,1,2123.483,45.0
ch01_00000000024000000.mp4,63370,motorcycle,1,2124.433,51.4
ch01_00000000024000000.mp4,63378,car,2,2124.933,45.0
ch01_00000000024000000.mp4,63394,motorcycle,1,2125.233,51.4
ch01_00000000024000000.mp4,63411,car,2,2125.883,51.4
ch01_00000000024000000.mp4,63408,car,2,2126.433,51.4
ch01_00000000024000000.mp4,63460,motorcycle,1,2127.832,45.0
ch01_00000000024000000.mp4,63483,motorcycle,1,2128.532,18.9
ch01_00000000024000000.mp4,63491,motorcycle,1,2128.633,60.0
ch01_00000000024000000.mp4,63492,car,2,2129.532,40.0
ch01_00000000024000000.mp4,63533,car,2,2131.032,36.0
ch01_00000000024000000.mp4,63540,motorcycle,1,2131.932,27.7
ch01_00000000024000000.mp4,63549,motorcycle,1,2132.332,40.0
ch01_00000000024000000.mp4,63598,car,2,2134.382,40.0
ch01_00000000024000000.mp4,63627,motorcycle,1,2134.732,40.0
ch01_00000000024000000.mp4,63655,car,2,2135.432,51.4
ch01_00000000024000000.mp4,63666,motorcycle,1,2135.632,45.0
ch01_00000000024000000.mp4,63714,motorcycle,1,2136.932,72.0
ch01_00000000024000000.mp4,63711,car,2,2137.082,45.0
ch01_00000000024000000.mp4,63770,motorcycle,1,2138.182,60.0
ch01_00000000024000000.mp4,63757,motorcycle,1,2138.432,51.4
ch01_00000000024000000.mp4,63777,motorcycle,1,2138.982,72.0
ch01_00000000024000000.mp4,63801,car,3,2139.582,45.0
ch01_00000000024000000.mp4,63794,car,2,2139.682,45.0
ch01_00000000024000000.mp4,63814,motorcycle,1,2140.182,45.0
ch01_00000000024000000.mp4,63839,motorcycle,1,2140.882,51.4
ch01_00000000024000000.mp4,63845,car,2,2141.182,45.0
ch01_00000000024000000.mp4,63859,motorcycle,1,2141.532,45.0
ch01_00000000024000000.mp4,63901,motorcycle,1,2142.832,40.0
ch01_00000000024000000.mp4,801165,motorcycle,1,2143.082,24.0
ch01_00000000024000000.mp4,63934,motorcycle,1,2143.532,40.0
ch01_00000000024000000.mp4,801169,motorcycle,1,2144.432,10.0
ch01_00000000024000000.mp4,65431,car,3,2190.379,51.4
ch01_00000000024000000.mp4,65886,truck,6,2203.928,40.0
ch01_00000000024000000.mp4,66466,bus,5,2221.727,60.0
ch01_00000000024000000.mp4,69166,car,2,2335.071,40.0
ch01_00000000024000000.mp4,63871,truck,6,2336.071,11.6
ch01_00000000024000000.mp4,69206,motorcycle,1,2336.671,60.0
ch01_00000000024000000.mp4,69244,motorcycle,1,2338.721,40.0
ch01_00000000024000000.mp4,69265,motorcycle,1,2339.871,36.0
ch01_00000000024000000.mp4,69274,motorcycle,1,2340.271,32.7
ch01_00000000024000000.mp4,69284,motorcycle,1,2340.671,36.0
ch01_00000000024000000.mp4,69316,motorcycle,1,2341.271,60.0
ch01_00000000024000000.mp4,69311,motorcycle,1,2341.671,36.0
ch01_00000000024000000.mp4,69313,motorcycle,1,2341.771,45.0
ch01_00000000024000000.mp4,69337,motorcycle,1,2342.571,40.0
ch01_00000000024000000.mp4,69356,motorcycle,1,2342.771,40.0
ch01_00000000024000000.mp4,69385,motorcycle,1,2343.621,45.0
ch01_00000000024000000.mp4,69419,motorcycle,1,2344.621,51.4
ch01_00000000024000000.mp4,69487,motorcycle,1,2346.97,72.0
ch01_00000000024000000.mp4,69494,motorcycle,1,2347.77,60.0
ch01_00000000024000000.mp4,69502,motorcycle,1,2348.37,60.0
ch01_00000000024000000.mp4,69529,motorcycle,1,2349.52,45.0
ch01_00000000024000000.mp4,69539,motorcycle,1,2349.52,60.0
ch01_00000000024000000.mp4,69541,car,2,2349.67,60.0
ch01_00000000024000000.mp4,69547,motorcycle,1,2349.72,51.4
ch01_00000000024000000.mp4,69563,motorcycle,1,2349.87,60.0
ch01_00000000024000000.mp4,69630,car,2,2352.97,51.4
ch01_00000000024000000.mp4,69662,motorcycle,1,2354.07,51.4
ch01_00000000024000000.mp4,69668,car,2,2354.27,45.0
