video_file,track_id,vehicle_class,golongan_code,crossed_at_seconds,speed_kph
ch01_00000000143000000.mp4,3,motorcycle,1,0.35,16.4
ch01_00000000143000000.mp4,1,car,2,1.2,8.0
ch01_00000000143000000.mp4,62,motorcycle,1,1.4,16.4
ch01_00000000143000000.mp4,65,motorcycle,1,2.3,20.0
ch01_00000000143000000.mp4,16,truck,4,2.35,5.8
ch01_00000000143000000.mp4,149,motorcycle,1,3.25,12.4
ch01_00000000143000000.mp4,21,car,2,3.35,8.6
ch01_00000000143000000.mp4,157,motorcycle,1,3.45,18.9
ch01_00000000143000000.mp4,217,motorcycle,1,3.95,16.4
ch01_00000000143000000.mp4,275,truck,6,5.6,9.5
ch01_00000000143000000.mp4,332,motorcycle,1,5.65,15.7
ch01_00000000143000000.mp4,369,motorcycle,1,6.0,15.0
ch01_00000000143000000.mp4,320,motorcycle,1,6.9,9.0
ch01_00000000143000000.mp4,501,motorcycle,1,6.95,18.0
ch01_00000000143000000.mp4,513,car,2,7.4,13.3
ch01_00000000143000000.mp4,551,motorcycle,1,8.05,16.4
ch01_00000000143000000.mp4,510,car,2,8.95,9.5
ch01_00000000143000000.mp4,684,motorcycle,1,9.55,12.9
ch01_00000000143000000.mp4,710,motorcycle,1,9.95,18.9
ch01_00000000143000000.mp4,703,motorcycle,1,10.999,10.0
ch01_00000000143000000.mp4,858,motorcycle,1,11.349,15.7
ch01_00000000143000000.mp4,922,motorcycle,1,12.499,15.7
ch01_00000000143000000.mp4,1021,motorcycle,1,13.449,16.4
ch01_00000000143000000.mp4,1091,motorcycle,1,14.049,12.4
ch01_00000000143000000.mp4,1133,motorcycle,1,14.149,12.9
ch01_00000000143000000.mp4,1061,motorcycle,1,14.249,17.1
ch01_00000000143000000.mp4,1126,motorcycle,1,14.849,12.0
ch01_00000000143000000.mp4,1122,car,2,15.399,10.9
ch01_00000000143000000.mp4,1183,motorcycle,1,15.399,13.8
ch01_00000000143000000.mp4,1288,motorcycle,1,16.049,15.0
ch01_00000000143000000.mp4,1350,car,2,17.249,13.8
ch01_00000000143000000.mp4,1429,car,2,17.899,13.8
ch01_00000000143000000.mp4,1503,motorcycle,1,18.349,10.3
ch01_00000000143000000.mp4,1594,motorcycle,1,19.149,15.0
ch01_00000000143000000.mp4,1676,motorcycle,1,20.199,18.0
ch01_00000000143000000.mp4,1689,motorcycle,1,20.949,5.3
ch01_00000000143000000.mp4,1773,motorcycle,1,20.999,18.0
ch01_00000000143000000.mp4,1765,motorcycle,1,21.099,17.1
ch01_00000000143000000.mp4,1853,motorcycle,1,21.849,17.1
ch01_00000000143000000.mp4,1774,motorcycle,1,21.949,10.6
ch01_00000000143000000.mp4,1602,motorcycle,1,21.999,10.0
ch01_00000000143000000.mp4,1829,motorcycle,1,22.249,6.0
ch01_00000000143000000.mp4,1883,motorcycle,1,22.349,17.1
ch01_00000000143000000.mp4,2084,motorcycle,1,24.399,10.6
ch01_00000000143000000.mp4,2083,motorcycle,1,24.799,12.4
ch01_00000000143000000.mp4,2177,motorcycle,1,25.799,13.3
ch01_00000000143000000.mp4,2162,motorcycle,1,25.949,12.0
ch01_00000000143000000.mp4,2212,motorcycle,1,26.099,15.7
ch01_00000000143000000.mp4,2261,motorcycle,1,26.699,15.7
ch01_00000000143000000.mp4,2274,truck,4,27.749,11.6
ch01_00000000143000000.mp4,2381,motorcycle,1,28.099,9.0
ch01_00000000143000000.mp4,2437,motorcycle,1,28.199,6.3
ch01_00000000143000000.mp4,2348,motorcycle,1,28.449,9.0
ch01_00000000143000000.mp4,2412,motorcycle,1,28.949,12.9
ch01_00000000143000000.mp4,2518,motorcycle,1,29.599,10.3
ch01_00000000143000000.mp4,2512,motorcycle,1,29.648,12.0
ch01_00000000143000000.mp4,2530,car,2,30.299,7.7
ch01_00000000143000000.mp4,2599,motorcycle,1,30.648,10.3
ch01_00000000143000000.mp4,2768,motorcycle,1,32.498,13.8
ch01_00000000143000000.mp4,2800,motorcycle,1,32.698,7.5
ch01_00000000143000000.mp4,2799,motorcycle,1,33.348,12.4
ch01_00000000143000000.mp4,2902,motorcycle,1,33.998,9.0
ch01_00000000143000000.mp4,2895,car,2,34.748,5.1
ch01_00000000143000000.mp4,3077,car,2,36.248,4.7
ch01_00000000143000000.mp4,3043,car,2,36.348,7.8
ch01_00000000143000000.mp4,3199,motorcycle,1,36.648,12.0
ch01_00000000143000000.mp4,3146,motorcycle,1,37.148,7.8
ch01_00000000143000000.mp4,3200,motorcycle,1,37.348,10.3
ch01_00000000143000000.mp4,3405,motorcycle,1,38.748,9.2
ch01_00000000143000000.mp4,3298,car,2,39.298,4.9
ch01_00000000143000000.mp4,3468,motorcycle,1,39.748,10.6
ch01_00000000143000000.mp4,3612,car,2,41.698,6.8
ch01_00000000143000000.mp4,3681,car,2,41.948,5.1
ch01_00000000143000000.mp4,3886,motorcycle,1,43.448,3.8
ch01_00000000143000000.mp4,3739,motorcycle,1,43.498,10.3
ch01_00000000143000000.mp4,3795,motorcycle,1,43.498,9.5
ch01_00000000143000000.mp4,3937,motorcycle,1,44.148,12.4
ch01_00000000143000000.mp4,3923,motorcycle,1,44.298,9.0
ch01_00000000143000000.mp4,3997,motorcycle,1,44.998,9.7
ch01_00000000143000000.mp4,4008,motorcycle,1,45.148,10.0
ch01_00000000143000000.mp4,4083,motorcycle,1,45.748,10.9
ch01_00000000143000000.mp4,3924,car,2,46.448,7.7
ch01_00000000143000000.mp4,4203,motorcycle,1,46.548,3.6
ch01_00000000143000000.mp4,4137,motorcycle,1,47.048,12.9
ch01_00000000143000000.mp4,4251,motorcycle,1,47.548,12.9
ch01_00000000143000000.mp4,4261,motorcycle,1,48.048,12.4
ch01_00000000143000000.mp4,4370,motorcycle,1,48.198,13.3
ch01_00000000143000000.mp4,4044,motorcycle,1,48.248,9.2
ch01_00000000143000000.mp4,4489,motorcycle,1,49.348,15.7
ch01_00000000143000000.mp4,4274,motorcycle,1,49.597,8.0
ch01_00000000143000000.mp4,4473,motorcycle,1,50.347,15.0
ch01_00000000143000000.mp4,4565,car,2,50.597,10.9
ch01_00000000143000000.mp4,4702,motorcycle,1,51.497,15.7
ch01_00000000143000000.mp4,4722,motorcycle,1,51.547,13.8
ch01_00000000143000000.mp4,4554,car,2,51.647,9.0
ch01_00000000143000000.mp4,4784,motorcycle,1,52.247,13.3
ch01_00000000143000000.mp4,4767,motorcycle,1,52.747,9.2
ch01_00000000143000000.mp4,4860,motorcycle,1,52.947,13.3
ch01_00000000143000000.mp4,4901,motorcycle,1,53.047,15.7
ch01_00000000143000000.mp4,4819,motorcycle,1,53.147,17.1
ch01_00000000143000000.mp4,4835,motorcycle,1,53.397,7.5
ch01_00000000143000000.mp4,4971,motorcycle,1,54.147,15.7
ch01_00000000143000000.mp4,4980,motorcycle,1,54.347,15.0
ch01_00000000143000000.mp4,5038,car,2,55.997,10.6
ch01_00000000143000000.mp4,5239,motorcycle,1,56.597,20.0
ch01_00000000143000000.mp4,5259,car,2,58.197,11.6
ch01_00000000143000000.mp4,5409,motorcycle,1,58.297,18.9
ch01_00000000143000000.mp4,5335,car,2,58.847,10.6
ch01_00000000143000000.mp4,5391,car,2,60.247,11.6
ch01_00000000143000000.mp4,5608,motorcycle,1,61.147,16.4
ch01_00000000143000000.mp4,5629,motorcycle,1,61.547,13.3
ch01_00000000143000000.mp4,5684,motorcycle,1,62.747,6.9
ch01_00000000143000000.mp4,5698,motorcycle,1,63.047,18.0
ch01_00000000143000000.mp4,5678,motorcycle,1,63.647,5.4
ch01_00000000143000000.mp4,5858,motorcycle,1,64.797,18.9
ch01_00000000143000000.mp4,5752,motorcycle,1,64.947,7.7
ch01_00000000143000000.mp4,6007,car,2,67.097,14.4
ch01_00000000143000000.mp4,6074,motorcycle,1,67.647,12.9
ch01_00000000143000000.mp4,5931,motorcycle,1,67.747,4.9
ch01_00000000143000000.mp4,6110,motorcycle,1,67.947,16.4
ch01_00000000143000000.mp4,6144,motorcycle,1,68.397,15.0
ch01_00000000143000000.mp4,6142,motorcycle,1,68.547,15.0
ch01_00000000143000000.mp4,6246,motorcycle,1,69.147,13.8
ch01_00000000143000000.mp4,6235,motorcycle,1,69.347,13.8
ch01_00000000143000000.mp4,5973,car,2,69.897,3.9
ch01_00000000143000000.mp4,6237,car,2,69.947,10.9
ch01_00000000143000000.mp4,6430,motorcycle,1,70.796,13.3
ch01_00000000143000000.mp4,6544,car,2,72.946,13.8
ch01_00000000143000000.mp4,6585,car,2,73.196,12.4
ch01_00000000143000000.mp4,6712,motorcycle,1,73.996,9.5
ch01_00000000143000000.mp4,6765,car,2,75.096,15.7
ch01_00000000143000000.mp4,6751,motorcycle,1,75.346,11.3
ch01_00000000143000000.mp4,6832,motorcycle,1,75.696,16.4
ch01_00000000143000000.mp4,6822,motorcycle,1,75.746,18.0
ch01_00000000143000000.mp4,6952,motorcycle,1,77.146,9.7
ch01_00000000143000000.mp4,6951,car,3,77.646,14.4
ch01_00000000143000000.mp4,6985,car,2,78.696,9.7
ch01_00000000143000000.mp4,7256,car,2,79.546,13.8
ch01_00000000143000000.mp4,7333,motorcycle,1,80.446,12.9
ch01_00000000143000000.mp4,7293,car,2,81.496,17.1
ch01_00000000143000000.mp4,7419,car,2,81.846,15.0
ch01_00000000143000000.mp4,7461,car,2,81.996,12.9
ch01_00000000143000000.mp4,7566,motorcycle,1,82.346,14.4
ch01_00000000143000000.mp4,7617,motorcycle,1,83.346,12.9
ch01_00000000143000000.mp4,7717,motorcycle,1,83.596,16.4
ch01_00000000143000000.mp4,7757,motorcycle,1,84.046,15.0
ch01_00000000143000000.mp4,7854,car,2,85.396,15.7
ch01_00000000143000000.mp4,7914,motorcycle,1,85.746,17.1
ch01_00000000143000000.mp4,8021,motorcycle,1,86.646,20.0
ch01_00000000143000000.mp4,8037,motorcycle,1,86.996,18.9
ch01_00000000143000000.mp4,7812,motorcycle,1,87.496,10.0
ch01_00000000143000000.mp4,8156,motorcycle,1,88.046,8.8
ch01_00000000143000000.mp4,8063,motorcycle,1,88.996,11.6
ch01_00000000143000000.mp4,8180,motorcycle,1,89.646,8.8
ch01_00000000143000000.mp4,8347,motorcycle,1,90.096,16.4
ch01_00000000143000000.mp4,8360,motorcycle,1,91.296,20.0
ch01_00000000143000000.mp4,8313,car,2,92.195,7.5
ch01_00000000143000000.mp4,8605,motorcycle,1,92.695,12.9
ch01_00000000143000000.mp4,8625,motorcycle,1,93.845,7.5
ch01_00000000143000000.mp4,8712,motorcycle,1,93.945,15.0
ch01_00000000143000000.mp4,8674,car,2,93.995,13.3
ch01_00000000143000000.mp4,8755,motorcycle,1,94.645,15.7
ch01_00000000143000000.mp4,8845,motorcycle,1,95.545,18.9
ch01_00000000143000000.mp4,8698,car,2,96.395,6.2
ch01_00000000143000000.mp4,8860,motorcycle,1,97.595,5.4
ch01_00000000143000000.mp4,9086,motorcycle,1,98.545,5.6
ch01_00000000143000000.mp4,9184,car,2,99.395,18.9
ch01_00000000143000000.mp4,9103,motorcycle,1,99.645,4.3
ch01_00000000143000000.mp4,9145,motorcycle,1,101.045,10.6
ch01_00000000143000000.mp4,9310,motorcycle,1,101.795,22.5
ch01_00000000143000000.mp4,9340,motorcycle,1,102.095,14.4
ch01_00000000143000000.mp4,9321,motorcycle,1,102.595,13.3
ch01_00000000143000000.mp4,9386,motorcycle,1,103.145,18.9
ch01_00000000143000000.mp4,9546,motorcycle,1,103.995,16.4
ch01_00000000143000000.mp4,9844,motorcycle,1,105.645,36.0
ch01_00000000143000000.mp4,9870,motorcycle,1,107.545,21.2
ch01_00000000143000000.mp4,10157,motorcycle,1,109.345,22.5
ch01_00000000143000000.mp4,10127,motorcycle,1,110.195,24.0
ch01_00000000143000000.mp4,10224,car,2,111.695,7.7
ch01_00000000143000000.mp4,10252,motorcycle,1,112.694,5.4
ch01_00000000143000000.mp4,10378,motorcycle,1,114.094,5.2
ch01_00000000143000000.mp4,10718,motorcycle,1,115.694,30.0
ch01_00000000143000000.mp4,10551,car,2,116.194,11.6
ch01_00000000143000000.mp4,10709,motorcycle,1,116.944,30.0
ch01_00000000143000000.mp4,10731,motorcycle,1,117.544,15.0
ch01_00000000143000000.mp4,10843,motorcycle,1,117.894,11.6
ch01_00000000143000000.mp4,10859,car,2,119.694,15.0
ch01_00000000143000000.mp4,11019,motorcycle,1,120.894,21.2
ch01_00000000143000000.mp4,11118,motorcycle,1,121.394,15.7
ch01_00000000143000000.mp4,11036,car,3,121.494,8.0
ch01_00000000143000000.mp4,11117,car,2,122.594,15.0
ch01_00000000143000000.mp4,11231,motorcycle,1,123.444,27.7
ch01_00000000143000000.mp4,11320,car,2,123.594,7.3
ch01_00000000143000000.mp4,11288,motorcycle,1,124.194,20.0
ch01_00000000143000000.mp4,11338,motorcycle,1,124.744,12.0
ch01_00000000143000000.mp4,11446,motorcycle,1,125.044,18.9
ch01_00000000143000000.mp4,11532,motorcycle,1,126.144,24.0
ch01_00000000143000000.mp4,11454,motorcycle,1,126.144,21.2
ch01_00000000143000000.mp4,11490,car,2,127.994,15.7
ch01_00000000143000000.mp4,11610,motorcycle,1,130.844,7.5
ch01_00000000143000000.mp4,11905,motorcycle,1,131.643,13.3
ch01_00000000143000000.mp4,11793,car,2,132.443,11.6
ch01_00000000143000000.mp4,12105,motorcycle,1,133.093,32.7
ch01_00000000143000000.mp4,11999,motorcycle,1,133.643,12.9
ch01_00000000143000000.mp4,12280,motorcycle,1,134.943,30.0
ch01_00000000143000000.mp4,12359,motorcycle,1,135.993,30.0
ch01_00000000143000000.mp4,12145,car,2,136.143,18.0
ch01_00000000143000000.mp4,12478,motorcycle,1,137.093,5.7
ch01_00000000143000000.mp4,12708,motorcycle,1,140.693,7.8
ch01_00000000143000000.mp4,12806,motorcycle,1,141.193,40.0
ch01_00000000143000000.mp4,12700,motorcycle,1,141.493,5.0
ch01_00000000143000000.mp4,12829,truck,4,141.743,27.7
ch01_00000000143000000.mp4,12861,motorcycle,1,142.193,32.7
ch01_00000000143000000.mp4,12978,motorcycle,1,143.343,21.2
ch01_00000000143000000.mp4,12867,motorcycle,1,144.643,1.8
ch01_00000000143000000.mp4,12913,car,2,145.243,9.0
ch01_00000000143000000.mp4,13072,motorcycle,1,146.243,11.6
ch01_00000000143000000.mp4,13320,motorcycle,1,147.743,32.7
ch01_00000000143000000.mp4,13127,car,2,148.343,10.9
ch01_00000000143000000.mp4,13434,motorcycle,1,149.443,18.9
ch01_00000000143000000.mp4,13435,motorcycle,1,149.693,21.2
ch01_00000000143000000.mp4,13269,motorcycle,1,150.143,8.4
ch01_00000000143000000.mp4,13502,motorcycle,1,150.292,18.9
ch01_00000000143000000.mp4,13534,motorcycle,1,150.493,21.2
ch01_00000000143000000.mp4,13580,motorcycle,1,150.843,22.5
ch01_00000000143000000.mp4,13628,motorcycle,1,151.593,22.5
ch01_00000000143000000.mp4,13737,motorcycle,1,152.592,25.7
ch01_00000000143000000.mp4,13790,motorcycle,1,153.042,25.7
ch01_00000000143000000.mp4,13655,car,2,153.742,10.0
ch01_00000000143000000.mp4,13840,motorcycle,1,153.792,25.7
ch01_00000000143000000.mp4,13902,motorcycle,1,154.292,24.0
ch01_00000000143000000.mp4,13944,motorcycle,1,154.942,20.0
ch01_00000000143000000.mp4,13763,motorcycle,1,155.142,10.0
ch01_00000000143000000.mp4,14008,motorcycle,1,155.742,21.2
ch01_00000000143000000.mp4,13847,motorcycle,1,155.992,17.1
ch01_00000000143000000.mp4,14072,motorcycle,1,156.342,11.2
ch01_00000000143000000.mp4,14083,motorcycle,1,156.642,20.0
ch01_00000000143000000.mp4,14127,motorcycle,1,157.192,21.2
ch01_00000000143000000.mp4,14039,motorcycle,1,157.492,20.0
ch01_00000000143000000.mp4,14205,motorcycle,1,157.992,12.9
ch01_00000000143000000.mp4,14196,motorcycle,1,158.042,18.9
ch01_00000000143000000.mp4,14233,motorcycle,1,158.592,18.9
ch01_00000000143000000.mp4,14263,motorcycle,1,159.142,22.5
ch01_00000000143000000.mp4,14342,motorcycle,1,159.742,22.5
ch01_00000000143000000.mp4,14381,motorcycle,1,160.942,21.2
ch01_00000000143000000.mp4,14458,motorcycle,1,161.142,18.0
ch01_00000000143000000.mp4,14507,motorcycle,1,162.392,20.0
ch01_00000000143000000.mp4,14534,motorcycle,1,162.592,24.0
ch01_00000000143000000.mp4,14597,motorcycle,1,163.792,24.0
ch01_00000000143000000.mp4,14624,motorcycle,1,164.592,24.0
ch01_00000000143000000.mp4,14742,motorcycle,1,165.192,15.7
ch01_00000000143000000.mp4,14749,motorcycle,1,165.742,12.4
ch01_00000000143000000.mp4,14775,motorcycle,1,166.042,21.2
ch01_00000000143000000.mp4,14792,motorcycle,1,166.192,30.0
ch01_00000000143000000.mp4,14802,motorcycle,1,166.642,7.8
ch01_00000000143000000.mp4,14837,motorcycle,1,166.742,27.7
ch01_00000000143000000.mp4,14896,truck,4,167.742,22.5
ch01_00000000143000000.mp4,14926,car,2,168.242,25.7
ch01_00000000143000000.mp4,14935,motorcycle,1,168.642,10.9
ch01_00000000143000000.mp4,14979,motorcycle,1,169.192,17.1
ch01_00000000143000000.mp4,15018,motorcycle,1,169.242,25.7
ch01_00000000143000000.mp4,15072,motorcycle,1,169.742,30.0
ch01_00000000143000000.mp4,15125,motorcycle,1,170.591,21.2
ch01_00000000143000000.mp4,15207,motorcycle,1,171.542,22.5
ch01_00000000143000000.mp4,15208,motorcycle,1,171.742,24.0
ch01_00000000143000000.mp4,15288,motorcycle,1,172.341,22.5
ch01_00000000143000000.mp4,15307,motorcycle,1,172.641,22.5
ch01_00000000143000000.mp4,15365,motorcycle,1,173.091,24.0
ch01_00000000143000000.mp4,15376,motorcycle,1,173.491,24.0
ch01_00000000143000000.mp4,15398,motorcycle,1,173.741,24.0
ch01_00000000143000000.mp4,15440,car,3,175.341,13.8
ch01_00000000143000000.mp4,15626,motorcycle,1,176.241,22.5
ch01_00000000143000000.mp4,15756,motorcycle,1,177.641,16.4
ch01_00000000143000000.mp4,15795,car,2,178.291,20.0
ch01_00000000143000000.mp4,15865,motorcycle,1,178.741,18.0
ch01_00000000143000000.mp4,15953,motorcycle,1,179.641,18.0
ch01_00000000143000000.mp4,15739,car,2,180.691,7.5
ch01_00000000143000000.mp4,16093,motorcycle,1,181.441,18.0
ch01_00000000143000000.mp4,15988,motorcycle,1,181.791,9.5
ch01_00000000143000000.mp4,16240,motorcycle,1,182.941,15.7
ch01_00000000143000000.mp4,16112,car,2,183.341,9.7
ch01_00000000143000000.mp4,16347,motorcycle,1,184.141,16.4
ch01_00000000143000000.mp4,16412,motorcycle,1,184.591,15.0
ch01_00000000143000000.mp4,16413,motorcycle,1,184.591,17.1
ch01_00000000143000000.mp4,16425,motorcycle,1,184.891,18.9
ch01_00000000143000000.mp4,16224,truck,4,186.241,9.7
ch01_00000000143000000.mp4,16603,motorcycle,1,187.041,15.7
ch01_00000000143000000.mp4,16489,motorcycle,1,187.341,10.3
ch01_00000000143000000.mp4,16670,motorcycle,1,187.441,16.4
ch01_00000000143000000.mp4,16836,motorcycle,1,188.741,14.4
ch01_00000000143000000.mp4,16634,motorcycle,1,189.291,15.7
ch01_00000000143000000.mp4,16968,motorcycle,1,189.841,15.0
ch01_00000000143000000.mp4,16893,car,2,189.891,11.6
ch01_00000000143000000.mp4,17007,motorcycle,1,189.991,15.0
ch01_00000000143000000.mp4,16873,motorcycle,1,190.541,7.7
ch01_00000000143000000.mp4,17017,motorcycle,1,190.641,15.0
ch01_00000000143000000.mp4,17120,motorcycle,1,191.141,12.4
ch01_00000000143000000.mp4,17110,motorcycle,1,191.24,13.8
ch01_00000000143000000.mp4,17270,motorcycle,1,192.74,15.0
ch01_00000000143000000.mp4,17323,motorcycle,1,193.19,9.5
ch01_00000000143000000.mp4,17259,car,2,193.79,8.4
ch01_00000000143000000.mp4,17271,motorcycle,1,193.89,13.3
ch01_00000000143000000.mp4,17389,motorcycle,1,193.94,11.3
ch01_00000000143000000.mp4,17439,motorcycle,1,194.69,12.0
ch01_00000000143000000.mp4,17563,motorcycle,1,195.99,12.4
ch01_00000000143000000.mp4,17663,motorcycle,1,197.19,15.7
ch01_00000000143000000.mp4,17385,car,2,197.19,8.6
ch01_00000000143000000.mp4,17710,motorcycle,1,197.84,15.0
ch01_00000000143000000.mp4,17783,motorcycle,1,198.34,13.8
ch01_00000000143000000.mp4,17743,car,2,198.74,11.6
ch01_00000000143000000.mp4,17947,motorcycle,1,200.49,17.1
ch01_00000000143000000.mp4,17986,motorcycle,1,200.89,17.1
ch01_00000000143000000.mp4,17987,motorcycle,1,201.04,12.0
ch01_00000000143000000.mp4,17957,car,2,201.49,13.8
ch01_00000000143000000.mp4,18051,motorcycle,1,201.94,18.0
ch01_00000000143000000.mp4,18032,motorcycle,1,202.24,10.0
ch01_00000000143000000.mp4,18122,motorcycle,1,202.84,16.4
ch01_00000000143000000.mp4,18135,motorcycle,1,203.14,16.4
ch01_00000000143000000.mp4,18136,car,2,203.49,13.3
ch01_00000000143000000.mp4,18134,motorcycle,1,203.59,4.1
ch01_00000000143000000.mp4,18235,motorcycle,1,204.44,16.4
ch01_00000000143000000.mp4,18302,motorcycle,1,205.09,18.9
ch01_00000000143000000.mp4,18236,car,2,205.14,13.8
ch01_00000000143000000.mp4,18336,motorcycle,1,205.74,21.2
ch01_00000000143000000.mp4,18388,motorcycle,1,206.79,13.3
ch01_00000000143000000.mp4,18408,motorcycle,1,206.84,18.9
ch01_00000000143000000.mp4,18419,motorcycle,1,207.04,18.0
ch01_00000000143000000.mp4,18306,motorcycle,1,207.59,9.7
ch01_00000000143000000.mp4,18490,motorcycle,1,208.04,16.4
ch01_00000000143000000.mp4,18470,motorcycle,1,208.59,15.7
ch01_00000000143000000.mp4,18510,car,2,209.59,15.0
ch01_00000000143000000.mp4,18599,motorcycle,1,209.74,16.4
ch01_00000000143000000.mp4,18606,motorcycle,1,209.74,18.0
ch01_00000000143000000.mp4,18611,motorcycle,1,210.889,18.9
ch01_00000000143000000.mp4,18831,motorcycle,1,212.239,9.5
ch01_00000000143000000.mp4,18807,car,2,212.389,13.8
ch01_00000000143000000.mp4,18854,motorcycle,1,212.739,18.0
ch01_00000000143000000.mp4,18869,motorcycle,1,213.039,21.2
ch01_00000000143000000.mp4,18840,motorcycle,1,213.339,12.9
ch01_00000000143000000.mp4,18913,car,2,213.739,16.4
ch01_00000000143000000.mp4,18907,motorcycle,1,214.739,8.0
ch01_00000000143000000.mp4,19122,motorcycle,1,215.339,24.0
ch01_00000000143000000.mp4,19153,motorcycle,1,215.989,10.6
ch01_00000000143000000.mp4,19192,motorcycle,1,216.139,24.0
ch01_00000000143000000.mp4,19199,car,2,216.739,18.0
ch01_00000000143000000.mp4,19281,motorcycle,1,217.339,18.9
ch01_00000000143000000.mp4,19296,motorcycle,1,217.339,18.9
ch01_00000000143000000.mp4,19372,motorcycle,1,218.089,18.0
ch01_00000000143000000.mp4,19414,motorcycle,1,218.639,20.0
ch01_00000000143000000.mp4,19386,car,2,218.889,16.4
ch01_00000000143000000.mp4,19453,motorcycle,1,219.339,20.0
ch01_00000000143000000.mp4,19459,motorcycle,1,219.689,17.1
ch01_00000000143000000.mp4,19530,motorcycle,1,219.839,6.8
ch01_00000000143000000.mp4,19508,motorcycle,1,220.189,18.0
ch01_00000000143000000.mp4,19546,motorcycle,1,220.539,20.0
ch01_00000000143000000.mp4,19565,motorcycle,1,220.639,6.7
ch01_00000000143000000.mp4,19494,motorcycle,1,221.389,3.4
ch01_00000000143000000.mp4,19484,motorcycle,1,221.589,3.9
ch01_00000000143000000.mp4,19425,car,2,221.739,7.5
ch01_00000000143000000.mp4,19767,motorcycle,1,222.689,21.2
ch01_00000000143000000.mp4,19749,car,2,223.089,14.4
ch01_00000000143000000.mp4,19858,motorcycle,1,223.589,30.0
ch01_00000000143000000.mp4,19864,motorcycle,1,223.689,17.1
ch01_00000000143000000.mp4,20007,motorcycle,1,225.139,22.5
ch01_00000000143000000.mp4,19996,motorcycle,1,225.339,17.1
ch01_00000000143000000.mp4,19865,car,2,226.739,9.7
ch01_00000000143000000.mp4,19845,car,3,226.939,2.1
ch01_00000000143000000.mp4,20179,motorcycle,1,227.989,22.5
ch01_00000000143000000.mp4,20204,car,2,228.989,14.4
ch01_00000000143000000.mp4,20167,car,2,231.488,8.8
ch01_00000000143000000.mp4,20471,motorcycle,1,231.788,4.9
ch01_00000000143000000.mp4,20393,car,2,232.938,7.7
ch01_00000000143000000.mp4,20561,motorcycle,1,233.388,15.7
ch01_00000000143000000.mp4,20590,motorcycle,1,234.938,9.0
ch01_00000000143000000.mp4,20951,motorcycle,1,237.888,13.3
ch01_00000000143000000.mp4,20737,car,2,238.788,7.7
ch01_00000000143000000.mp4,20452,car,2,238.938,4.7
ch01_00000000143000000.mp4,21048,motorcycle,1,239.038,13.3
ch01_00000000143000000.mp4,21195,motorcycle,1,240.638,12.4
ch01_00000000143000000.mp4,21253,motorcycle,1,241.138,18.0
ch01_00000000143000000.mp4,21216,car,2,241.738,8.8
ch01_00000000143000000.mp4,20887,car,2,242.538,6.4
ch01_00000000143000000.mp4,21393,motorcycle,1,242.988,16.4
ch01_00000000143000000.mp4,21375,motorcycle,1,243.188,10.9
ch01_00000000143000000.mp4,21428,car,2,244.938,8.8
ch01_00000000143000000.mp4,21526,motorcycle,1,245.088,16.4
ch01_00000000143000000.mp4,21254,car,2,245.738,8.4
ch01_00000000143000000.mp4,21553,motorcycle,1,245.788,12.9
ch01_00000000143000000.mp4,21630,motorcycle,1,246.788,12.9
ch01_00000000143000000.mp4,21664,motorcycle,1,246.988,13.3
ch01_00000000143000000.mp4,21677,motorcycle,1,247.438,15.7
ch01_00000000143000000.mp4,21802,motorcycle,1,248.688,20.0
ch01_00000000143000000.mp4,21756,car,2,248.938,11.3
ch01_00000000143000000.mp4,21869,motorcycle,1,249.438,16.4
ch01_00000000143000000.mp4,21870,motorcycle,1,249.538,18.0
ch01_00000000143000000.mp4,21932,motorcycle,1,249.988,17.1
ch01_00000000143000000.mp4,22067,car,2,251.537,12.4
ch01_00000000143000000.mp4,22116,motorcycle,1,251.537,8.2
ch01_00000000143000000.mp4,22183,motorcycle,1,252.438,5.3
ch01_00000000143000000.mp4,22152,car,2,252.738,14.4
ch01_00000000143000000.mp4,22371,motorcycle,1,254.037,14.4
ch01_00000000143000000.mp4,22373,motorcycle,1,254.087,15.7
ch01_00000000143000000.mp4,22434,motorcycle,1,254.537,10.9
ch01_00000000143000000.mp4,22418,motorcycle,1,254.737,16.4
ch01_00000000143000000.mp4,22474,motorcycle,1,255.137,11.3
ch01_00000000143000000.mp4,22465,motorcycle,1,255.237,13.8
ch01_00000000143000000.mp4,22508,motorcycle,1,255.687,9.7
ch01_00000000143000000.mp4,22517,motorcycle,1,255.937,15.0
ch01_00000000143000000.mp4,22588,motorcycle,1,256.737,8.0
ch01_00000000143000000.mp4,22635,motorcycle,1,256.937,18.0
ch01_00000000143000000.mp4,22650,motorcycle,1,257.137,13.8
ch01_00000000143000000.mp4,22674,car,3,257.337,11.2
ch01_00000000143000000.mp4,22575,motorcycle,1,257.337,9.7
ch01_00000000143000000.mp4,22683,car,2,258.437,13.3
ch01_00000000143000000.mp4,22781,motorcycle,1,258.737,12.4
ch01_00000000143000000.mp4,22868,motorcycle,1,259.587,13.3
ch01_00000000143000000.mp4,22869,motorcycle,1,259.837,13.8
ch01_00000000143000000.mp4,23041,motorcycle,1,260.837,16.4
ch01_00000000143000000.mp4,23020,car,2,261.487,12.0
ch01_00000000143000000.mp4,23111,motorcycle,1,261.537,3.9
ch01_00000000143000000.mp4,23119,motorcycle,1,261.987,13.8
ch01_00000000143000000.mp4,23184,motorcycle,1,262.637,13.3
ch01_00000000143000000.mp4,23249,motorcycle,1,263.387,13.3
ch01_00000000143000000.mp4,23255,motorcycle,1,263.537,8.2
ch01_00000000143000000.mp4,23294,motorcycle,1,263.937,15.0
ch01_00000000143000000.mp4,23304,motorcycle,1,263.937,12.9
ch01_00000000143000000.mp4,23110,motorcycle,1,264.287,5.7
ch01_00000000143000000.mp4,23380,motorcycle,1,264.837,12.0
ch01_00000000143000000.mp4,23651,motorcycle,1,267.387,9.5
ch01_00000000143000000.mp4,23670,motorcycle,1,268.087,11.3
ch01_00000000143000000.mp4,23773,motorcycle,1,269.737,13.8
ch01_00000000143000000.mp4,23375,car,2,270.087,7.8
ch01_00000000143000000.mp4,23736,motorcycle,1,271.337,9.2
ch01_00000000143000000.mp4,23940,motorcycle,1,271.337,13.8
ch01_00000000143000000.mp4,24046,motorcycle,1,272.437,9.2
ch01_00000000143000000.mp4,24328,motorcycle,1,274.836,3.8
ch01_00000000143000000.mp4,23924,car,2,274.886,9.0
ch01_00000000143000000.mp4,24462,car,2,276.586,10.3
ch01_00000000143000000.mp4,24469,car,2,276.736,9.2
ch01_00000000143000000.mp4,24556,motorcycle,1,278.336,9.2
ch01_00000000143000000.mp4,24827,car,2,279.886,9.2
ch01_00000000143000000.mp4,24848,car,2,284.186,8.2
ch01_00000000143000000.mp4,25154,motorcycle,1,285.786,9.0
ch01_00000000143000000.mp4,25273,motorcycle,1,286.586,7.5
ch01_00000000143000000.mp4,25389,truck,4,288.886,7.5
ch01_00000000143000000.mp4,24756,car,2,289.586,4.9
ch01_00000000143000000.mp4,25938,motorcycle,1,290.936,8.0
ch01_00000000143000000.mp4,25756,car,2,292.336,3.5
ch01_00000000143000000.mp4,26109,car,2,294.135,4.9
ch01_00000000143000000.mp4,26608,car,2,299.585,2.8
ch01_00000000143000000.mp4,26454,car,3,299.735,6.1
ch01_00000000143000000.mp4,26912,truck,4,300.335,3.6
ch01_00000000143000000.mp4,27227,motorcycle,1,303.285,13.3
ch01_00000000143000000.mp4,26840,car,2,304.135,4.9
ch01_00000000143000000.mp4,27322,motorcycle,1,304.735,12.4
ch01_00000000143000000.mp4,27128,motorcycle,1,304.835,9.2
ch01_00000000143000000.mp4,27287,motorcycle,1,305.685,8.4
ch01_00000000143000000.mp4,27441,motorcycle,1,305.885,10.9
ch01_00000000143000000.mp4,27283,motorcycle,1,307.085,11.3
ch01_00000000143000000.mp4,27593,motorcycle,1,307.435,11.3
ch01_00000000143000000.mp4,27503,car,2,308.335,7.5
ch01_00000000143000000.mp4,27784,car,3,309.535,8.8
ch01_00000000143000000.mp4,27844,motorcycle,1,310.535,9.5
ch01_00000000143000000.mp4,27957,motorcycle,1,312.685,13.8
ch01_00000000143000000.mp4,28131,motorcycle,1,313.334,10.3
ch01_00000000143000000.mp4,28159,motorcycle,1,314.584,6.7
ch01_00000000143000000.mp4,28095,motorcycle,1,315.534,6.7
ch01_00000000143000000.mp4,28269,motorcycle,1,316.384,8.4
ch01_00000000143000000.mp4,28406,motorcycle,1,318.184,7.8
ch01_00000000143000000.mp4,28549,car,2,318.734,17.1
ch01_00000000143000000.mp4,28516,motorcycle,1,319.234,11.6
ch01_00000000143000000.mp4,28628,motorcycle,1,320.034,13.3
ch01_00000000143000000.mp4,28822,car,2,321.534,15.0
ch01_00000000143000000.mp4,28845,car,2,323.934,12.9
ch01_00000000143000000.mp4,28994,car,2,326.084,13.8
ch01_00000000143000000.mp4,29149,car,2,328.084,10.6
ch01_00000000143000000.mp4,29300,car,2,328.234,20.0
ch01_00000000143000000.mp4,29482,motorcycle,1,329.484,21.2
ch01_00000000143000000.mp4,29326,motorcycle,1,329.934,20.0
ch01_00000000143000000.mp4,28957,motorcycle,1,330.534,3.2
ch01_00000000143000000.mp4,29563,motorcycle,1,331.634,20.0
ch01_00000000143000000.mp4,29655,motorcycle,1,333.134,18.9
ch01_00000000143000000.mp4,29806,motorcycle,1,334.333,27.7
ch01_00000000143000000.mp4,29928,motorcycle,1,334.983,27.7
ch01_00000000143000000.mp4,29988,motorcycle,1,335.533,27.7
ch01_00000000143000000.mp4,29880,truck,4,336.333,15.0
ch01_00000000143000000.mp4,30051,car,2,336.783,22.5
ch01_00000000143000000.mp4,30171,motorcycle,1,337.633,25.7
ch01_00000000143000000.mp4,29917,car,2,337.683,18.9
ch01_00000000143000000.mp4,30249,motorcycle,1,338.433,25.7
ch01_00000000143000000.mp4,30260,car,2,338.633,7.5
ch01_00000000143000000.mp4,30305,motorcycle,1,338.833,25.7
ch01_00000000143000000.mp4,30361,motorcycle,1,339.483,24.0
ch01_00000000143000000.mp4,30416,motorcycle,1,339.883,30.0
ch01_00000000143000000.mp4,30399,motorcycle,1,341.033,7.5
ch01_00000000143000000.mp4,30508,motorcycle,1,341.433,27.7
ch01_00000000143000000.mp4,30453,motorcycle,1,341.883,6.8
ch01_00000000143000000.mp4,30679,motorcycle,1,343.883,17.1
ch01_00000000143000000.mp4,30757,motorcycle,1,344.633,24.0
ch01_00000000143000000.mp4,30640,motorcycle,1,344.733,13.3
ch01_00000000143000000.mp4,30641,motorcycle,1,344.833,7.2
ch01_00000000143000000.mp4,30591,car,2,345.883,6.2
ch01_00000000143000000.mp4,30698,motorcycle,1,346.033,12.0
ch01_00000000143000000.mp4,30864,motorcycle,1,347.383,12.9
ch01_00000000143000000.mp4,30949,car,2,348.683,11.3
ch01_00000000143000000.mp4,31092,motorcycle,1,348.983,17.1
ch01_00000000143000000.mp4,31149,motorcycle,1,349.683,17.1
ch01_00000000143000000.mp4,31141,motorcycle,1,350.083,11.3
ch01_00000000143000000.mp4,31165,motorcycle,1,353.882,4.4
ch01_00000000143000000.mp4,31372,motorcycle,1,355.332,12.9
ch01_00000000143000000.mp4,31774,motorcycle,1,357.032,12.4
ch01_00000000143000000.mp4,31782,motorcycle,1,357.132,17.1
ch01_00000000143000000.mp4,31813,motorcycle,1,357.432,18.0
ch01_00000000143000000.mp4,31637,motorcycle,1,358.182,5.7
ch01_00000000143000000.mp4,31768,motorcycle,1,358.782,10.6
ch01_00000000143000000.mp4,31998,motorcycle,1,359.632,13.8
ch01_00000000143000000.mp4,31920,motorcycle,1,360.332,10.0
ch01_00000000143000000.mp4,31345,car,2,360.382,4.1
ch01_00000000143000000.mp4,32026,motorcycle,1,361.082,11.3
ch01_00000000143000000.mp4,32185,motorcycle,1,361.432,10.3
ch01_00000000143000000.mp4,32315,motorcycle,1,361.682,24.0
ch01_00000000143000000.mp4,32148,motorcycle,1,362.082,15.7
ch01_00000000143000000.mp4,32477,motorcycle,1,363.282,22.5
ch01_00000000143000000.mp4,32453,motorcycle,1,364.182,22.5
ch01_00000000143000000.mp4,32553,motorcycle,1,364.332,9.0
ch01_00000000143000000.mp4,32623,motorcycle,1,364.882,24.0
ch01_00000000143000000.mp4,32538,motorcycle,1,365.182,13.3
ch01_00000000143000000.mp4,32539,motorcycle,1,365.532,5.4
ch01_00000000143000000.mp4,32669,motorcycle,1,366.782,13.3
ch01_00000000143000000.mp4,32848,motorcycle,1,367.232,13.3
ch01_00000000143000000.mp4,32927,motorcycle,1,367.582,27.7
ch01_00000000143000000.mp4,32908,motorcycle,1,368.332,30.0
ch01_00000000143000000.mp4,33013,motorcycle,1,368.732,18.9
ch01_00000000143000000.mp4,33001,car,2,369.082,22.5
ch01_00000000143000000.mp4,33116,motorcycle,1,369.782,32.7
ch01_00000000143000000.mp4,33194,motorcycle,1,370.432,24.0
ch01_00000000143000000.mp4,33110,motorcycle,1,370.782,16.4
ch01_00000000143000000.mp4,33249,motorcycle,1,370.982,22.5
ch01_00000000143000000.mp4,33360,motorcycle,1,372.231,22.5
ch01_00000000143000000.mp4,33400,motorcycle,1,372.332,22.5
ch01_00000000143000000.mp4,33358,motorcycle,1,372.632,25.7
ch01_00000000143000000.mp4,33466,motorcycle,1,373.132,21.2
ch01_00000000143000000.mp4,33561,motorcycle,1,374.131,22.5
ch01_00000000143000000.mp4,33573,motorcycle,1,374.131,21.2
ch01_00000000143000000.mp4,33467,car,2,374.231,18.0
ch01_00000000143000000.mp4,33662,motorcycle,1,375.331,24.0
ch01_00000000143000000.mp4,33712,motorcycle,1,375.631,18.9
ch01_00000000143000000.mp4,33801,car,2,377.331,14.4
ch01_00000000143000000.mp4,33909,motorcycle,1,377.531,18.0
ch01_00000000143000000.mp4,33925,motorcycle,1,377.881,17.1
ch01_00000000143000000.mp4,33980,motorcycle,1,378.231,18.9
ch01_00000000143000000.mp4,33643,car,2,378.281,4.2
ch01_00000000143000000.mp4,33990,motorcycle,1,378.481,18.9
ch01_00000000143000000.mp4,34034,motorcycle,1,378.931,18.9
ch01_00000000143000000.mp4,34076,motorcycle,1,379.431,20.0
ch01_00000000143000000.mp4,34088,motorcycle,1,379.581,17.1
ch01_00000000143000000.mp4,34153,motorcycle,1,379.931,21.2
ch01_00000000143000000.mp4,34198,motorcycle,1,380.381,17.1
ch01_00000000143000000.mp4,34200,motorcycle,1,380.381,18.9
ch01_00000000143000000.mp4,34287,motorcycle,1,381.581,8.2
ch01_00000000143000000.mp4,34288,motorcycle,1,381.681,22.5
ch01_00000000143000000.mp4,34267,motorcycle,1,381.931,17.1
ch01_00000000143000000.mp4,34342,motorcycle,1,382.381,17.1
ch01_00000000143000000.mp4,34321,car,2,382.631,18.9
ch01_00000000143000000.mp4,34305,motorcycle,1,382.681,7.3
ch01_00000000143000000.mp4,34503,motorcycle,1,384.081,21.2
ch01_00000000143000000.mp4,34275,car,2,384.281,3.6
ch01_00000000143000000.mp4,34600,motorcycle,1,385.031,18.0
ch01_00000000143000000.mp4,34676,motorcycle,1,385.781,18.0
ch01_00000000143000000.mp4,34706,motorcycle,1,386.181,24.0
ch01_00000000143000000.mp4,34820,motorcycle,1,387.181,16.4
ch01_00000000143000000.mp4,34888,motorcycle,1,387.681,21.2
ch01_00000000143000000.mp4,34903,motorcycle,1,388.581,14.4
ch01_00000000143000000.mp4,34985,motorcycle,1,389.081,18.9
ch01_00000000143000000.mp4,34548,car,2,389.381,2.6
ch01_00000000143000000.mp4,35067,motorcycle,1,389.581,20.0
ch01_00000000143000000.mp4,35068,motorcycle,1,389.581,15.7
ch01_00000000143000000.mp4,35051,motorcycle,1,390.931,18.9
ch01_00000000143000000.mp4,35231,motorcycle,1,391.931,13.8
ch01_00000000143000000.mp4,35261,motorcycle,1,392.18,13.8
ch01_00000000143000000.mp4,35149,car,2,392.781,11.6
ch01_00000000143000000.mp4,35354,motorcycle,1,393.13,15.7
ch01_00000000143000000.mp4,35422,motorcycle,1,393.63,13.3
ch01_00000000143000000.mp4,34844,car,2,394.23,4.2
ch01_00000000143000000.mp4,35466,motorcycle,1,394.63,15.7
ch01_00000000143000000.mp4,35367,motorcycle,1,394.83,13.3
ch01_00000000143000000.mp4,35474,motorcycle,1,395.18,15.7
ch01_00000000143000000.mp4,35599,motorcycle,1,396.93,12.0
ch01_00000000143000000.mp4,35644,motorcycle,1,396.98,16.4
ch01_00000000143000000.mp4,35717,motorcycle,1,397.68,20.0
ch01_00000000143000000.mp4,35704,car,2,398.18,12.0
ch01_00000000143000000.mp4,35919,car,3,400.43,15.0
ch01_00000000143000000.mp4,35983,motorcycle,1,401.68,14.4
ch01_00000000143000000.mp4,36279,motorcycle,1,403.38,6.5
ch01_00000000143000000.mp4,36369,motorcycle,1,404.08,5.8
ch01_00000000143000000.mp4,36496,motorcycle,1,406.23,10.0
ch01_00000000143000000.mp4,36521,motorcycle,1,406.23,12.4
ch01_00000000143000000.mp4,36604,motorcycle,1,407.13,13.8
ch01_00000000143000000.mp4,36449,motorcycle,1,407.18,7.7
ch01_00000000143000000.mp4,36586,motorcycle,1,407.33,14.4
ch01_00000000143000000.mp4,36489,motorcycle,1,407.73,11.3
ch01_00000000143000000.mp4,36754,motorcycle,1,408.33,13.3
ch01_00000000143000000.mp4,36865,motorcycle,1,409.18,14.4
ch01_00000000143000000.mp4,36811,car,2,409.73,9.7
ch01_00000000143000000.mp4,36864,motorcycle,1,409.93,14.4
ch01_00000000143000000.mp4,36981,motorcycle,1,410.48,15.7
ch01_00000000143000000.mp4,36572,car,2,410.58,6.7
ch01_00000000143000000.mp4,37019,motorcycle,1,410.88,15.7
ch01_00000000143000000.mp4,36880,car,2,412.729,5.5
ch01_00000000143000000.mp4,37004,truck,4,413.479,20.0
ch01_00000000143000000.mp4,37313,motorcycle,1,413.979,18.9
ch01_00000000143000000.mp4,37368,motorcycle,1,414.13,12.0
ch01_00000000143000000.mp4,37513,car,2,416.879,12.4
ch01_00000000143000000.mp4,37590,car,2,417.379,15.7
ch01_00000000143000000.mp4,37614,motorcycle,1,417.479,13.3
ch01_00000000143000000.mp4,37769,motorcycle,1,419.029,17.1
ch01_00000000143000000.mp4,37734,car,2,419.579,13.3
ch01_00000000143000000.mp4,37826,motorcycle,1,419.579,16.4
ch01_00000000143000000.mp4,37446,truck,6,420.179,6.3
ch01_00000000143000000.mp4,37923,motorcycle,1,420.679,18.9
ch01_00000000143000000.mp4,37983,motorcycle,1,421.379,16.4
ch01_00000000143000000.mp4,37989,car,2,422.029,15.0
ch01_00000000143000000.mp4,38071,motorcycle,1,422.229,5.8
ch01_00000000143000000.mp4,38053,motorcycle,1,422.279,12.9
ch01_00000000143000000.mp4,38082,motorcycle,1,422.829,15.0
ch01_00000000143000000.mp4,38094,motorcycle,1,423.129,15.7
ch01_00000000143000000.mp4,38032,motorcycle,1,423.679,14.4
ch01_00000000143000000.mp4,38160,motorcycle,1,423.729,14.4
ch01_00000000143000000.mp4,38184,motorcycle,1,424.229,13.8
ch01_00000000143000000.mp4,38199,motorcycle,1,424.429,15.7
ch01_00000000143000000.mp4,38208,motorcycle,1,424.529,10.3
ch01_00000000143000000.mp4,38100,car,3,424.579,5.4
ch01_00000000143000000.mp4,38297,motorcycle,1,425.229,15.0
ch01_00000000143000000.mp4,38129,car,2,426.329,6.7
ch01_00000000143000000.mp4,38472,motorcycle,1,426.579,15.0
ch01_00000000143000000.mp4,38478,motorcycle,1,426.579,18.0
ch01_00000000143000000.mp4,38515,motorcycle,1,426.979,15.7
ch01_00000000143000000.mp4,38640,motorcycle,1,428.129,7.1
ch01_00000000143000000.mp4,38711,car,3,429.829,13.3
ch01_00000000143000000.mp4,38682,car,2,430.179,7.7
ch01_00000000143000000.mp4,38882,motorcycle,1,430.929,13.3
ch01_00000000143000000.mp4,38961,car,2,432.329,18.0
ch01_00000000143000000.mp4,38764,truck,4,432.579,6.7
ch01_00000000143000000.mp4,39073,car,2,433.079,17.1
ch01_00000000143000000.mp4,39208,motorcycle,1,434.128,16.4
ch01_00000000143000000.mp4,39268,motorcycle,1,434.478,18.0
ch01_00000000143000000.mp4,39373,car,2,436.228,18.0
ch01_00000000143000000.mp4,39473,motorcycle,1,437.228,18.0
ch01_00000000143000000.mp4,39483,motorcycle,1,437.428,20.0
ch01_00000000143000000.mp4,39661,motorcycle,1,439.178,7.5
ch01_00000000143000000.mp4,39639,car,2,439.778,16.4
ch01_00000000143000000.mp4,39712,motorcycle,1,439.778,6.8
ch01_00000000143000000.mp4,39717,motorcycle,1,439.928,21.2
ch01_00000000143000000.mp4,39832,motorcycle,1,441.328,18.0
ch01_00000000143000000.mp4,39894,motorcycle,1,441.778,21.2
ch01_00000000143000000.mp4,39880,motorcycle,1,442.328,21.2
ch01_00000000143000000.mp4,40014,motorcycle,1,442.928,20.0
ch01_00000000143000000.mp4,39919,motorcycle,1,443.128,9.5
ch01_00000000143000000.mp4,40105,motorcycle,1,443.628,20.0
ch01_00000000143000000.mp4,40015,truck,6,443.678,13.8
ch01_00000000143000000.mp4,40215,motorcycle,1,445.028,18.0
ch01_00000000143000000.mp4,40245,car,2,445.878,15.7
ch01_00000000143000000.mp4,40302,motorcycle,1,445.928,20.0
ch01_00000000143000000.mp4,40392,motorcycle,1,447.178,20.0
ch01_00000000143000000.mp4,40408,motorcycle,1,447.328,11.3
ch01_00000000143000000.mp4,40409,car,2,448.078,13.8
ch01_00000000143000000.mp4,40621,motorcycle,1,449.528,27.7
ch01_00000000143000000.mp4,40386,car,3,450.228,7.7
ch01_00000000143000000.mp4,40596,car,2,450.328,14.4
ch01_00000000143000000.mp4,40610,motorcycle,1,450.928,20.0
ch01_00000000143000000.mp4,40819,car,2,452.827,17.1
ch01_00000000143000000.mp4,40969,motorcycle,1,453.527,22.5
ch01_00000000143000000.mp4,41003,motorcycle,1,453.627,24.0
ch01_00000000143000000.mp4,41036,motorcycle,1,454.228,14.4
ch01_00000000143000000.mp4,41024,car,2,454.577,18.9
ch01_00000000143000000.mp4,41077,motorcycle,1,454.627,22.5
ch01_00000000143000000.mp4,41118,motorcycle,1,455.377,18.9
ch01_00000000143000000.mp4,40818,motorcycle,1,455.477,7.1
ch01_00000000143000000.mp4,41248,motorcycle,1,456.977,21.2
ch01_00000000143000000.mp4,41249,car,2,457.377,16.4
ch01_00000000143000000.mp4,41303,motorcycle,1,457.427,13.8
ch01_00000000143000000.mp4,41353,motorcycle,1,458.177,18.9
ch01_00000000143000000.mp4,41195,car,2,458.427,10.0
ch01_00000000143000000.mp4,41304,motorcycle,1,458.527,22.5
ch01_00000000143000000.mp4,41424,motorcycle,1,459.477,17.1
ch01_00000000143000000.mp4,41520,motorcycle,1,460.227,18.9
ch01_00000000143000000.mp4,41327,car,2,460.527,10.3
ch01_00000000143000000.mp4,41591,motorcycle,1,460.977,20.0
ch01_00000000143000000.mp4,41553,car,2,461.127,18.0
ch01_00000000143000000.mp4,41762,motorcycle,1,462.377,18.9
ch01_00000000143000000.mp4,41781,motorcycle,1,463.227,5.5
ch01_00000000143000000.mp4,41841,motorcycle,1,463.327,21.2
ch01_00000000143000000.mp4,41891,motorcycle,1,463.577,22.5
ch01_00000000143000000.mp4,41953,motorcycle,1,464.727,21.2
ch01_00000000143000000.mp4,41895,motorcycle,1,465.127,3.8
ch01_00000000143000000.mp4,42038,motorcycle,1,465.527,21.2
ch01_00000000143000000.mp4,41944,motorcycle,1,466.227,9.7
ch01_00000000143000000.mp4,42010,motorcycle,1,466.827,3.4
ch01_00000000143000000.mp4,41905,motorcycle,1,467.327,12.0
ch01_00000000143000000.mp4,41983,motorcycle,1,468.127,10.6
ch01_00000000143000000.mp4,42087,motorcycle,1,468.927,12.9
ch01_00000000143000000.mp4,42387,motorcycle,1,469.327,12.0
ch01_00000000143000000.mp4,42302,motorcycle,1,470.027,6.2
ch01_00000000143000000.mp4,42343,motorcycle,1,470.127,13.8
ch01_00000000143000000.mp4,42548,motorcycle,1,471.077,17.1
ch01_00000000143000000.mp4,42622,motorcycle,1,471.727,15.0
ch01_00000000143000000.mp4,42303,car,3,471.827,5.4
ch01_00000000143000000.mp4,42541,car,2,472.027,11.6
ch01_00000000143000000.mp4,42712,motorcycle,1,472.577,16.4
ch01_00000000143000000.mp4,42779,motorcycle,1,473.577,15.7
ch01_00000000143000000.mp4,42758,motorcycle,1,473.676,11.6
ch01_00000000143000000.mp4,42411,car,3,473.926,6.9
ch01_00000000143000000.mp4,42848,truck,4,474.826,12.4
ch01_00000000143000000.mp4,42914,motorcycle,1,475.226,14.4
ch01_00000000143000000.mp4,43044,motorcycle,1,476.776,16.4
ch01_00000000143000000.mp4,43052,car,2,477.076,6.7
ch01_00000000143000000.mp4,43088,motorcycle,1,477.326,21.2
ch01_00000000143000000.mp4,43110,car,2,478.126,15.0
ch01_00000000143000000.mp4,43171,motorcycle,1,478.176,16.4
ch01_00000000143000000.mp4,43193,motorcycle,1,478.826,14.4
ch01_00000000143000000.mp4,43226,motorcycle,1,479.026,17.1
ch01_00000000143000000.mp4,43204,motorcycle,1,479.126,16.4
ch01_00000000143000000.mp4,43140,motorcycle,1,479.126,10.0
ch01_00000000143000000.mp4,43276,motorcycle,1,479.576,15.7
ch01_00000000143000000.mp4,43159,car,2,479.876,14.4
ch01_00000000143000000.mp4,43319,motorcycle,1,480.026,20.0
ch01_00000000143000000.mp4,43419,motorcycle,1,481.276,18.9
ch01_00000000143000000.mp4,43288,car,2,482.476,9.0
ch01_00000000143000000.mp4,43599,motorcycle,1,482.826,18.9
ch01_00000000143000000.mp4,43680,motorcycle,1,484.126,11.6
ch01_00000000143000000.mp4,43785,car,2,484.726,13.3
ch01_00000000143000000.mp4,43816,truck,4,485.376,18.9
ch01_00000000143000000.mp4,43635,car,2,486.026,7.7
ch01_00000000143000000.mp4,43899,motorcycle,1,486.226,20.0
ch01_00000000143000000.mp4,44019,motorcycle,1,487.026,20.0
ch01_00000000143000000.mp4,44051,motorcycle,1,487.226,18.0
ch01_00000000143000000.mp4,44035,motorcycle,1,487.826,10.0
ch01_00000000143000000.mp4,44101,motorcycle,1,488.076,18.9
ch01_00000000143000000.mp4,44147,motorcycle,1,488.626,18.0
ch01_00000000143000000.mp4,44209,motorcycle,1,489.126,21.2
ch01_00000000143000000.mp4,43892,car,2,489.426,4.9
ch01_00000000143000000.mp4,44186,car,2,489.526,14.4
ch01_00000000143000000.mp4,44366,motorcycle,1,490.626,20.0
ch01_00000000143000000.mp4,44474,motorcycle,1,491.476,25.7
ch01_00000000143000000.mp4,44406,car,2,491.676,14.4
ch01_00000000143000000.mp4,44525,motorcycle,1,492.026,21.2
ch01_00000000143000000.mp4,44548,motorcycle,1,492.526,22.5
ch01_00000000143000000.mp4,44564,motorcycle,1,492.526,21.2
ch01_00000000143000000.mp4,44567,motorcycle,1,493.026,9.7
ch01_00000000143000000.mp4,44224,car,2,493.226,7.1
ch01_00000000143000000.mp4,44475,motorcycle,1,493.675,9.2
ch01_00000000143000000.mp4,44687,car,2,495.025,9.5
ch01_00000000143000000.mp4,44788,motorcycle,1,495.175,17.1
ch01_00000000143000000.mp4,44401,car,2,496.525,9.0
ch01_00000000143000000.mp4,44930,car,2,497.975,10.3
ch01_00000000143000000.mp4,45026,motorcycle,1,498.025,16.4
ch01_00000000143000000.mp4,45081,motorcycle,1,498.725,18.0
ch01_00000000143000000.mp4,45065,motorcycle,1,498.925,14.4
ch01_00000000143000000.mp4,45160,motorcycle,1,499.525,25.7
ch01_00000000143000000.mp4,44998,car,2,500.675,11.6
ch01_00000000143000000.mp4,45214,car,2,503.025,12.9
ch01_00000000143000000.mp4,45423,car,2,503.375,18.9
ch01_00000000143000000.mp4,45530,motorcycle,1,504.575,21.2
ch01_00000000143000000.mp4,45313,car,3,504.725,12.9
ch01_00000000143000000.mp4,45619,car,2,506.025,10.0
ch01_00000000143000000.mp4,45618,motorcycle,1,506.725,22.5
ch01_00000000143000000.mp4,45594,motorcycle,1,507.275,12.4
ch01_00000000143000000.mp4,45654,car,2,509.125,12.0
ch01_00000000143000000.mp4,46019,motorcycle,1,510.675,6.3
ch01_00000000143000000.mp4,46033,motorcycle,1,510.925,20.0
ch01_00000000143000000.mp4,45829,car,2,511.125,12.9
ch01_00000000143000000.mp4,46229,motorcycle,1,512.675,32.7
ch01_00000000143000000.mp4,46040,motorcycle,1,513.524,4.2
ch01_00000000143000000.mp4,46281,car,2,515.774,5.0
ch01_00000000143000000.mp4,46362,motorcycle,1,516.324,11.3
ch01_00000000143000000.mp4,46202,motorcycle,1,516.424,2.7
ch01_00000000143000000.mp4,46361,motorcycle,1,517.124,11.6
ch01_00000000143000000.mp4,46540,motorcycle,1,517.924,10.0
ch01_00000000143000000.mp4,46370,car,2,520.274,5.1
ch01_00000000143000000.mp4,46694,car,2,521.124,10.9
ch01_00000000143000000.mp4,46457,car,2,523.524,7.8
ch01_00000000143000000.mp4,47268,motorcycle,1,525.074,24.0
ch01_00000000143000000.mp4,47348,motorcycle,1,525.724,9.2
ch01_00000000143000000.mp4,47401,motorcycle,1,526.474,9.0
ch01_00000000143000000.mp4,47469,car,3,527.474,24.0
ch01_00000000143000000.mp4,47462,motorcycle,1,528.524,16.4
ch01_00000000143000000.mp4,47648,motorcycle,1,528.774,30.0
ch01_00000000143000000.mp4,47759,motorcycle,1,530.224,6.8
ch01_00000000143000000.mp4,47772,motorcycle,1,531.274,5.3
ch01_00000000143000000.mp4,47949,motorcycle,1,532.274,27.7
ch01_00000000143000000.mp4,47860,motorcycle,1,532.874,11.3
ch01_00000000143000000.mp4,47846,motorcycle,1,532.874,3.2
ch01_00000000143000000.mp4,48075,motorcycle,1,533.673,25.7
ch01_00000000143000000.mp4,47888,motorcycle,1,534.073,3.6
ch01_00000000143000000.mp4,48062,motorcycle,1,534.923,9.7
ch01_00000000143000000.mp4,48022,car,2,536.323,8.6
ch01_00000000143000000.mp4,48264,car,2,538.723,10.3
ch01_00000000143000000.mp4,48425,motorcycle,1,539.973,7.5
ch01_00000000143000000.mp4,48511,truck,4,541.023,13.3
ch01_00000000143000000.mp4,48629,motorcycle,1,541.173,22.5
ch01_00000000143000000.mp4,48672,motorcycle,1,541.573,18.9
ch01_00000000143000000.mp4,48618,motorcycle,1,541.623,15.0
ch01_00000000143000000.mp4,48786,motorcycle,1,542.473,13.3
ch01_00000000143000000.mp4,48634,motorcycle,1,542.623,13.8
ch01_00000000143000000.mp4,48502,car,2,542.973,9.7
ch01_00000000143000000.mp4,48825,motorcycle,1,543.423,18.9
ch01_00000000143000000.mp4,48910,motorcycle,1,544.623,27.7
ch01_00000000143000000.mp4,48602,car,2,544.923,10.6
ch01_00000000143000000.mp4,48858,motorcycle,1,545.323,17.1
ch01_00000000143000000.mp4,48909,car,2,548.173,10.6
ch01_00000000143000000.mp4,49170,motorcycle,1,549.673,12.0
ch01_00000000143000000.mp4,49419,car,2,550.573,5.2
ch01_00000000143000000.mp4,49363,motorcycle,1,550.873,17.1
ch01_00000000143000000.mp4,49608,motorcycle,1,551.973,30.0
ch01_00000000143000000.mp4,49539,motorcycle,1,552.373,4.7
ch01_00000000143000000.mp4,49751,motorcycle,1,554.322,7.1
ch01_00000000143000000.mp4,49741,motorcycle,1,555.122,12.9
ch01_00000000143000000.mp4,49816,motorcycle,1,555.922,5.5
ch01_00000000143000000.mp4,49857,motorcycle,1,555.972,14.4
ch01_00000000143000000.mp4,49767,motorcycle,1,556.072,5.7
ch01_00000000143000000.mp4,49866,motorcycle,1,557.072,5.4
ch01_00000000143000000.mp4,50060,motorcycle,1,558.522,5.4
ch01_00000000143000000.mp4,49998,car,2,559.222,11.3
ch01_00000000143000000.mp4,50014,car,2,561.222,5.1
ch01_00000000143000000.mp4,50375,truck,6,562.972,15.7
ch01_00000000143000000.mp4,50499,car,3,564.722,16.4
ch01_00000000143000000.mp4,50161,car,2,565.022,8.6
ch01_00000000143000000.mp4,50712,motorcycle,1,567.122,4.9
ch01_00000000143000000.mp4,50768,motorcycle,1,567.722,25.7
ch01_00000000143000000.mp4,50799,motorcycle,1,568.222,25.7
ch01_00000000143000000.mp4,50592,car,2,568.372,3.0
ch01_00000000143000000.mp4,50943,motorcycle,1,569.872,25.7
ch01_00000000143000000.mp4,51114,motorcycle,1,571.722,30.0
ch01_00000000143000000.mp4,51063,motorcycle,1,572.722,2.5
ch01_00000000143000000.mp4,51177,motorcycle,1,573.122,27.7
ch01_00000000143000000.mp4,51087,motorcycle,1,573.172,9.7
ch01_00000000143000000.mp4,51301,motorcycle,1,573.422,27.7
ch01_00000000143000000.mp4,51372,motorcycle,1,574.471,24.0
ch01_00000000143000000.mp4,51252,motorcycle,1,574.871,9.7
ch01_00000000143000000.mp4,51440,motorcycle,1,575.121,27.7
ch01_00000000143000000.mp4,51515,motorcycle,1,576.121,22.5
ch01_00000000143000000.mp4,51409,car,2,577.421,9.5
ch01_00000000143000000.mp4,51518,motorcycle,1,577.471,14.4
ch01_00000000143000000.mp4,51670,motorcycle,1,578.171,17.1
ch01_00000000143000000.mp4,51712,motorcycle,1,579.121,15.0
ch01_00000000143000000.mp4,51757,motorcycle,1,579.121,17.1
ch01_00000000143000000.mp4,51788,motorcycle,1,579.821,16.4
ch01_00000000143000000.mp4,51678,car,2,581.521,9.2
ch01_00000000143000000.mp4,51951,motorcycle,1,581.571,16.4
ch01_00000000143000000.mp4,51975,motorcycle,1,581.621,14.4
ch01_00000000143000000.mp4,51567,car,3,581.671,6.7
ch01_00000000143000000.mp4,51897,motorcycle,1,582.371,11.3
ch01_00000000143000000.mp4,52030,motorcycle,1,583.371,11.3
ch01_00000000143000000.mp4,52116,motorcycle,1,583.421,20.0
ch01_00000000143000000.mp4,52194,motorcycle,1,584.371,6.7
ch01_00000000143000000.mp4,52215,motorcycle,1,584.671,18.0
ch01_00000000143000000.mp4,52258,motorcycle,1,584.771,18.9
ch01_00000000143000000.mp4,52324,motorcycle,1,585.721,20.0
ch01_00000000143000000.mp4,51860,car,2,585.721,9.5
ch01_00000000143000000.mp4,52398,motorcycle,1,585.971,18.9
ch01_00000000143000000.mp4,52466,motorcycle,1,586.621,18.0
ch01_00000000143000000.mp4,52445,motorcycle,1,586.671,20.0
ch01_00000000143000000.mp4,52487,motorcycle,1,586.971,20.0
ch01_00000000143000000.mp4,52534,motorcycle,1,587.521,20.0
ch01_00000000143000000.mp4,52577,motorcycle,1,587.921,18.9
ch01_00000000143000000.mp4,52602,motorcycle,1,587.971,13.3
ch01_00000000143000000.mp4,52650,motorcycle,1,588.571,18.9
ch01_00000000143000000.mp4,52686,motorcycle,1,589.021,20.0
ch01_00000000143000000.mp4,52323,car,2,589.171,8.6
ch01_00000000143000000.mp4,52754,motorcycle,1,589.671,18.9
ch01_00000000143000000.mp4,52811,motorcycle,1,589.921,24.0
ch01_00000000143000000.mp4,52830,car,2,590.571,6.7
ch01_00000000143000000.mp4,52848,motorcycle,1,590.621,20.0
ch01_00000000143000000.mp4,52932,motorcycle,1,591.321,22.5
ch01_00000000143000000.mp4,52991,car,2,592.171,18.9
ch01_00000000143000000.mp4,53106,motorcycle,1,592.721,11.3
ch01_00000000143000000.mp4,53129,motorcycle,1,592.821,22.5
ch01_00000000143000000.mp4,53185,motorcycle,1,593.471,24.0
ch01_00000000143000000.mp4,53228,motorcycle,1,594.12,18.0
ch01_00000000143000000.mp4,53282,motorcycle,1,594.12,21.2
ch01_00000000143000000.mp4,53246,car,2,594.62,5.5
ch01_00000000143000000.mp4,53255,motorcycle,1,594.721,22.5
ch01_00000000143000000.mp4,53311,motorcycle,1,596.07,18.9
ch01_00000000143000000.mp4,53552,motorcycle,1,596.82,18.0
ch01_00000000143000000.mp4,53600,motorcycle,1,597.17,6.1
ch01_00000000143000000.mp4,53599,motorcycle,1,597.27,18.9
ch01_00000000143000000.mp4,53624,car,2,597.87,17.1
ch01_00000000143000000.mp4,53709,motorcycle,1,598.02,21.2
ch01_00000000143000000.mp4,53742,motorcycle,1,598.62,22.5
ch01_00000000143000000.mp4,53756,motorcycle,1,598.92,24.0
ch01_00000000143000000.mp4,53816,motorcycle,1,599.32,18.9
ch01_00000000143000000.mp4,53858,motorcycle,1,599.72,22.5
ch01_00000000143000000.mp4,53869,motorcycle,1,599.72,20.0
ch01_00000000143000000.mp4,53989,motorcycle,1,600.72,21.2
ch01_00000000143000000.mp4,54000,motorcycle,1,601.12,21.2
ch01_00000000143000000.mp4,53767,motorcycle,1,601.77,8.0
ch01_00000000143000000.mp4,54135,motorcycle,1,602.22,22.5
ch01_00000000143000000.mp4,54178,motorcycle,1,602.82,24.0
ch01_00000000143000000.mp4,54202,motorcycle,1,603.17,17.1
ch01_00000000143000000.mp4,54240,motorcycle,1,603.32,22.5
ch01_00000000143000000.mp4,54031,car,2,604.57,7.8
ch01_00000000143000000.mp4,54415,motorcycle,1,605.07,21.2
ch01_00000000143000000.mp4,54312,motorcycle,1,605.82,9.7
ch01_00000000143000000.mp4,54568,truck,4,608.12,10.9
ch01_00000000143000000.mp4,54788,motorcycle,1,609.52,12.9
ch01_00000000143000000.mp4,54982,motorcycle,1,611.22,12.9
ch01_00000000143000000.mp4,55012,motorcycle,1,611.22,14.4
ch01_00000000143000000.mp4,54973,motorcycle,1,611.72,14.4
ch01_00000000143000000.mp4,55049,motorcycle,1,612.22,16.4
ch01_00000000143000000.mp4,55001,truck,6,612.92,10.9
ch01_00000000143000000.mp4,55154,motorcycle,1,613.22,12.0
ch01_00000000143000000.mp4,55207,motorcycle,1,613.62,14.4
ch01_00000000143000000.mp4,55268,motorcycle,1,614.419,13.3
ch01_00000000143000000.mp4,55243,car,2,614.47,4.9
ch01_00000000143000000.mp4,55384,motorcycle,1,615.419,15.7
ch01_00000000143000000.mp4,55432,motorcycle,1,615.919,13.3
ch01_00000000143000000.mp4,55416,car,2,616.119,13.3
ch01_00000000143000000.mp4,55556,motorcycle,1,616.919,16.4
ch01_00000000143000000.mp4,55574,car,2,617.869,12.4
ch01_00000000143000000.mp4,55692,motorcycle,1,618.019,13.8
ch01_00000000143000000.mp4,55722,motorcycle,1,618.319,15.7
ch01_00000000143000000.mp4,55813,motorcycle,1,619.319,17.1
ch01_00000000143000000.mp4,55958,car,2,620.619,15.0
ch01_00000000143000000.mp4,55991,motorcycle,1,620.719,16.4
ch01_00000000143000000.mp4,56114,motorcycle,1,622.019,16.4
ch01_00000000143000000.mp4,56100,motorcycle,1,622.519,16.4
ch01_00000000143000000.mp4,56253,car,2,624.019,13.8
ch01_00000000143000000.mp4,56452,motorcycle,1,625.869,16.4
ch01_00000000143000000.mp4,56064,car,2,625.969,7.5
ch01_00000000143000000.mp4,56561,motorcycle,1,627.019,18.9
ch01_00000000143000000.mp4,56526,car,2,627.569,14.4
ch01_00000000143000000.mp4,56604,motorcycle,1,627.619,8.2
ch01_00000000143000000.mp4,56650,motorcycle,1,628.169,13.8
ch01_00000000143000000.mp4,56389,motorcycle,1,628.619,6.9
ch01_00000000143000000.mp4,56828,motorcycle,1,629.819,16.4
ch01_00000000143000000.mp4,56969,motorcycle,1,631.069,14.4
ch01_00000000143000000.mp4,56918,motorcycle,1,631.119,17.1
ch01_00000000143000000.mp4,57008,motorcycle,1,631.719,16.4
ch01_00000000143000000.mp4,57028,motorcycle,1,632.069,18.0
ch01_00000000143000000.mp4,57061,motorcycle,1,632.369,21.2
ch01_00000000143000000.mp4,57126,motorcycle,1,632.819,15.7
ch01_00000000143000000.mp4,57096,truck,6,633.419,15.0
ch01_00000000143000000.mp4,57205,motorcycle,1,633.569,18.9
ch01_00000000143000000.mp4,57316,motorcycle,1,634.619,17.1
ch01_00000000143000000.mp4,57326,motorcycle,1,634.968,17.1
ch01_00000000143000000.mp4,57441,car,3,636.118,13.8
ch01_00000000143000000.mp4,57538,motorcycle,1,636.618,15.0
ch01_00000000143000000.mp4,57614,motorcycle,1,637.068,14.4
ch01_00000000143000000.mp4,57741,motorcycle,1,638.168,15.7
ch01_00000000143000000.mp4,57780,motorcycle,1,638.218,13.8
ch01_00000000143000000.mp4,57822,motorcycle,1,638.918,13.8
ch01_00000000143000000.mp4,57936,motorcycle,1,639.318,12.0
ch01_00000000143000000.mp4,57957,motorcycle,1,639.868,12.9
ch01_00000000143000000.mp4,57600,motorcycle,1,640.368,12.4
ch01_00000000143000000.mp4,58012,motorcycle,1,640.568,8.2
ch01_00000000143000000.mp4,57742,motorcycle,1,640.668,9.7
ch01_00000000143000000.mp4,58045,motorcycle,1,641.268,8.6
ch01_00000000143000000.mp4,58173,motorcycle,1,642.468,15.7
ch01_00000000143000000.mp4,58030,car,2,643.668,7.3
ch01_00000000143000000.mp4,58261,motorcycle,1,643.718,13.3
ch01_00000000143000000.mp4,58287,motorcycle,1,644.418,10.3
ch01_00000000143000000.mp4,58353,motorcycle,1,645.418,12.9
ch01_00000000143000000.mp4,58349,motorcycle,1,645.668,10.9
ch01_00000000143000000.mp4,58346,motorcycle,1,646.418,11.3
ch01_00000000143000000.mp4,58473,motorcycle,1,647.018,12.4
ch01_00000000143000000.mp4,58214,car,3,647.368,7.3
ch01_00000000143000000.mp4,58552,motorcycle,1,647.868,12.4
ch01_00000000143000000.mp4,58638,motorcycle,1,649.018,12.4
ch01_00000000143000000.mp4,58708,motorcycle,1,650.118,8.2
ch01_00000000143000000.mp4,58738,motorcycle,1,650.818,11.6
ch01_00000000143000000.mp4,58737,car,2,651.168,8.6
ch01_00000000143000000.mp4,58798,motorcycle,1,651.218,9.0
ch01_00000000143000000.mp4,58822,motorcycle,1,651.918,8.4
ch01_00000000143000000.mp4,59003,motorcycle,1,653.418,12.4
ch01_00000000143000000.mp4,58974,car,2,653.568,9.2
ch01_00000000143000000.mp4,59170,motorcycle,1,654.768,12.4
ch01_00000000143000000.mp4,59227,motorcycle,1,655.567,12.0
ch01_00000000143000000.mp4,59210,car,2,656.167,10.9
ch01_00000000143000000.mp4,59362,motorcycle,1,657.167,12.9
ch01_00000000143000000.mp4,59369,motorcycle,1,657.367,10.0
ch01_00000000143000000.mp4,59406,motorcycle,1,657.417,12.4
ch01_00000000143000000.mp4,59578,car,2,659.167,12.9
ch01_00000000143000000.mp4,59547,car,2,659.917,10.3
ch01_00000000143000000.mp4,59653,motorcycle,1,660.417,15.0
ch01_00000000143000000.mp4,59735,motorcycle,1,661.417,12.4
ch01_00000000143000000.mp4,59739,motorcycle,1,661.567,16.4
ch01_00000000143000000.mp4,59821,motorcycle,1,662.717,16.4
ch01_00000000143000000.mp4,59791,truck,6,663.417,11.3
ch01_00000000143000000.mp4,59874,motorcycle,1,663.617,13.3
ch01_00000000143000000.mp4,59880,motorcycle,1,664.017,11.3
ch01_00000000143000000.mp4,59938,motorcycle,1,664.317,14.4
ch01_00000000143000000.mp4,59966,motorcycle,1,664.717,15.7
ch01_00000000143000000.mp4,60057,motorcycle,1,665.767,13.3
ch01_00000000143000000.mp4,59992,motorcycle,1,666.617,8.4
ch01_00000000143000000.mp4,60252,motorcycle,1,667.617,13.3
ch01_00000000143000000.mp4,60375,motorcycle,1,668.567,13.8
ch01_00000000143000000.mp4,60326,motorcycle,1,668.667,15.0
ch01_00000000143000000.mp4,60264,motorcycle,1,669.167,11.6
ch01_00000000143000000.mp4,60406,motorcycle,1,669.317,15.7
ch01_00000000143000000.mp4,60439,motorcycle,1,669.317,9.0
ch01_00000000143000000.mp4,60465,motorcycle,1,670.167,13.3
ch01_00000000143000000.mp4,60575,motorcycle,1,671.317,13.3
ch01_00000000143000000.mp4,60657,motorcycle,1,671.967,15.7
ch01_00000000143000000.mp4,60653,motorcycle,1,672.217,13.3
ch01_00000000143000000.mp4,60419,truck,6,672.817,9.0
ch01_00000000143000000.mp4,60731,motorcycle,1,673.117,14.4
ch01_00000000143000000.mp4,60818,car,2,674.966,10.6
ch01_00000000143000000.mp4,60970,motorcycle,1,675.417,15.0
ch01_00000000143000000.mp4,61020,motorcycle,1,676.316,12.9
ch01_00000000143000000.mp4,61104,motorcycle,1,677.016,15.0
ch01_00000000143000000.mp4,61062,car,2,677.616,11.6
ch01_00000000143000000.mp4,61190,motorcycle,1,677.816,15.0
ch01_00000000143000000.mp4,60603,motorcycle,1,678.466,9.0
ch01_00000000143000000.mp4,61097,car,2,678.516,8.0
ch01_00000000143000000.mp4,61277,motorcycle,1,678.716,14.4
ch01_00000000143000000.mp4,61349,car,2,679.766,15.7
ch01_00000000143000000.mp4,61315,motorcycle,1,679.916,5.3
ch01_00000000143000000.mp4,61451,motorcycle,1,680.066,14.4
ch01_00000000143000000.mp4,61384,car,2,680.116,11.6
ch01_00000000143000000.mp4,61473,motorcycle,1,680.766,14.4
ch01_00000000143000000.mp4,61520,motorcycle,1,681.866,17.1
ch01_00000000143000000.mp4,61603,motorcycle,1,682.466,16.4
ch01_00000000143000000.mp4,61681,motorcycle,1,682.716,6.8
ch01_00000000143000000.mp4,61677,motorcycle,1,682.766,15.0
ch01_00000000143000000.mp4,61706,car,2,683.816,12.9
ch01_00000000143000000.mp4,61835,motorcycle,1,684.166,15.7
ch01_00000000143000000.mp4,61919,motorcycle,1,684.916,15.0
ch01_00000000143000000.mp4,61947,car,2,685.616,15.0
ch01_00000000143000000.mp4,62117,car,2,686.666,17.1
ch01_00000000143000000.mp4,62199,motorcycle,1,687.216,18.9
ch01_00000000143000000.mp4,61894,motorcycle,1,687.266,12.0
ch01_00000000143000000.mp4,62167,motorcycle,1,687.366,18.9
ch01_00000000143000000.mp4,62241,motorcycle,1,688.016,18.9
ch01_00000000143000000.mp4,61994,car,2,688.416,4.6
ch01_00000000143000000.mp4,62230,car,2,688.766,10.3
ch01_00000000143000000.mp4,62423,motorcycle,1,690.266,17.1
ch01_00000000143000000.mp4,62446,car,2,691.366,11.6
ch01_00000000143000000.mp4,62534,motorcycle,1,691.466,18.9
ch01_00000000143000000.mp4,62538,motorcycle,1,691.716,18.0
ch01_00000000143000000.mp4,62560,motorcycle,1,692.216,5.9
ch01_00000000143000000.mp4,62590,motorcycle,1,692.666,17.1
ch01_00000000143000000.mp4,62595,car,2,693.616,12.4
ch01_00000000143000000.mp4,62705,motorcycle,1,694.166,18.0
ch01_00000000143000000.mp4,62874,motorcycle,1,695.966,21.2
ch01_00000000143000000.mp4,62794,motorcycle,1,696.465,18.0
ch01_00000000143000000.mp4,62985,motorcycle,1,697.065,22.5
ch01_00000000143000000.mp4,62945,motorcycle,1,697.065,18.0
ch01_00000000143000000.mp4,63063,motorcycle,1,698.015,15.0
ch01_00000000143000000.mp4,63268,motorcycle,1,700.065,9.7
ch01_00000000143000000.mp4,63382,motorcycle,1,701.665,16.4
ch01_00000000143000000.mp4,63305,car,2,701.715,10.6
ch01_00000000143000000.mp4,63349,motorcycle,1,701.965,12.9
ch01_00000000143000000.mp4,63414,motorcycle,1,702.515,17.1
ch01_00000000143000000.mp4,63360,car,3,703.415,13.3
ch01_00000000143000000.mp4,63603,motorcycle,1,704.265,18.0
ch01_00000000143000000.mp4,63643,motorcycle,1,705.015,14.4
ch01_00000000143000000.mp4,63657,car,2,706.615,12.9
ch01_00000000143000000.mp4,63920,motorcycle,1,707.815,13.8
ch01_00000000143000000.mp4,63858,motorcycle,1,708.565,11.6
ch01_00000000143000000.mp4,64080,car,2,709.915,17.1
ch01_00000000143000000.mp4,64149,motorcycle,1,710.015,22.5
ch01_00000000143000000.mp4,63966,car,2,710.665,12.9
ch01_00000000143000000.mp4,64200,motorcycle,1,711.365,24.0
ch01_00000000143000000.mp4,64210,motorcycle,1,711.365,18.9
ch01_00000000143000000.mp4,64258,motorcycle,1,713.415,6.3
ch01_00000000143000000.mp4,64440,motorcycle,1,715.465,17.1
ch01_00000000143000000.mp4,64567,motorcycle,1,716.115,20.0
ch01_00000000143000000.mp4,64576,motorcycle,1,716.864,21.2
ch01_00000000143000000.mp4,64586,motorcycle,1,716.914,13.8
ch01_00000000143000000.mp4,64566,motorcycle,1,717.114,17.1
ch01_00000000143000000.mp4,64727,motorcycle,1,718.114,15.7
ch01_00000000143000000.mp4,64759,motorcycle,1,718.364,18.0
ch01_00000000143000000.mp4,64789,motorcycle,1,719.064,3.9
ch01_00000000143000000.mp4,64788,motorcycle,1,719.964,7.2
ch01_00000000143000000.mp4,64891,motorcycle,1,720.164,20.0
ch01_00000000143000000.mp4,65055,motorcycle,1,721.914,22.5
ch01_00000000143000000.mp4,64886,motorcycle,1,721.914,7.2
ch01_00000000143000000.mp4,64960,car,2,724.164,8.0
ch01_00000000143000000.mp4,65121,car,2,725.864,8.0
ch01_00000000143000000.mp4,65373,car,2,726.364,5.1
ch01_00000000143000000.mp4,65450,motorcycle,1,726.464,11.3
ch01_00000000143000000.mp4,65480,motorcycle,1,727.514,10.9
ch01_00000000143000000.mp4,65582,motorcycle,1,727.814,24.0
ch01_00000000143000000.mp4,65755,motorcycle,1,730.314,15.0
ch01_00000000143000000.mp4,65827,car,2,731.114,12.4
ch01_00000000143000000.mp4,65950,motorcycle,1,732.614,10.3
ch01_00000000143000000.mp4,65961,car,2,732.814,17.1
ch01_00000000143000000.mp4,66032,motorcycle,1,732.914,9.5
ch01_00000000143000000.mp4,66063,motorcycle,1,734.064,8.8
ch01_00000000143000000.mp4,66113,car,2,734.564,16.4
ch01_00000000143000000.mp4,66266,motorcycle,1,736.114,8.0
ch01_00000000143000000.mp4,66200,motorcycle,1,737.063,7.3
ch01_00000000143000000.mp4,66338,motorcycle,1,737.413,7.3
ch01_00000000143000000.mp4,66461,motorcycle,1,739.113,10.0
ch01_00000000143000000.mp4,66348,car,3,739.713,5.1
ch01_00000000143000000.mp4,66401,motorcycle,1,739.713,7.5
ch01_00000000143000000.mp4,66510,motorcycle,1,741.113,5.9
ch01_00000000143000000.mp4,66631,motorcycle,1,741.963,10.3
ch01_00000000143000000.mp4,66779,motorcycle,1,743.213,10.9
ch01_00000000143000000.mp4,66934,motorcycle,1,744.413,9.7
ch01_00000000143000000.mp4,66958,motorcycle,1,744.863,10.0
ch01_00000000143000000.mp4,66899,motorcycle,1,745.563,12.0
ch01_00000000143000000.mp4,66841,motorcycle,1,745.813,7.2
ch01_00000000143000000.mp4,67058,car,2,747.913,10.3
ch01_00000000143000000.mp4,67206,motorcycle,1,748.113,10.3
ch01_00000000143000000.mp4,67117,motorcycle,1,749.613,6.8
ch01_00000000143000000.mp4,67505,motorcycle,1,751.063,5.2
ch01_00000000143000000.mp4,67587,motorcycle,1,751.813,9.0
ch01_00000000143000000.mp4,67564,car,3,752.563,14.4
ch01_00000000143000000.mp4,67627,car,2,753.113,18.9
ch01_00000000143000000.mp4,67799,motorcycle,1,754.763,21.2
ch01_00000000143000000.mp4,67924,motorcycle,1,756.962,16.4
ch01_00000000143000000.mp4,68056,motorcycle,1,757.712,20.0
ch01_00000000143000000.mp4,68119,motorcycle,1,758.062,20.0
ch01_00000000143000000.mp4,68088,motorcycle,1,758.712,9.2
ch01_00000000143000000.mp4,68223,motorcycle,1,760.062,6.4
ch01_00000000143000000.mp4,68222,motorcycle,1,760.512,16.4
ch01_00000000143000000.mp4,68291,motorcycle,1,761.212,7.5
ch01_00000000143000000.mp4,68533,motorcycle,1,763.562,9.2
ch01_00000000143000000.mp4,68594,motorcycle,1,765.212,11.6
ch01_00000000143000000.mp4,68714,motorcycle,1,765.262,13.3
ch01_00000000143000000.mp4,68750,motorcycle,1,766.162,12.9
ch01_00000000143000000.mp4,68727,motorcycle,1,766.562,13.3
ch01_00000000143000000.mp4,69023,motorcycle,1,767.912,7.8
ch01_00000000143000000.mp4,69015,motorcycle,1,767.962,21.2
ch01_00000000143000000.mp4,69082,motorcycle,1,768.712,22.5
ch01_00000000143000000.mp4,69077,motorcycle,1,769.612,10.0
ch01_00000000143000000.mp4,69166,car,2,770.412,10.6
ch01_00000000143000000.mp4,69354,motorcycle,1,772.262,20.0
ch01_00000000143000000.mp4,69363,car,2,773.012,15.7
ch01_00000000143000000.mp4,69615,car,2,775.212,10.6
ch01_00000000143000000.mp4,69657,motorcycle,1,775.812,15.7
ch01_00000000143000000.mp4,69750,motorcycle,1,776.911,18.0
ch01_00000000143000000.mp4,69790,motorcycle,1,777.311,12.9
ch01_00000000143000000.mp4,69682,car,2,777.411,15.7
ch01_00000000143000000.mp4,69890,motorcycle,1,778.711,12.9
ch01_00000000143000000.mp4,69777,car,2,778.811,17.1
ch01_00000000143000000.mp4,70041,motorcycle,1,780.861,20.0
ch01_00000000143000000.mp4,70090,motorcycle,1,781.711,7.8
ch01_00000000143000000.mp4,70112,motorcycle,1,781.911,22.5
ch01_00000000143000000.mp4,70080,car,2,782.061,15.7
ch01_00000000143000000.mp4,70142,car,2,783.361,18.0
ch01_00000000143000000.mp4,70302,car,2,784.911,16.4
ch01_00000000143000000.mp4,70478,motorcycle,1,785.911,16.4
ch01_00000000143000000.mp4,70552,car,2,788.211,12.9
ch01_00000000143000000.mp4,70708,motorcycle,1,789.211,13.8
ch01_00000000143000000.mp4,70797,motorcycle,1,789.711,17.1
ch01_00000000143000000.mp4,70729,car,2,789.811,15.0
ch01_00000000143000000.mp4,70767,motorcycle,1,789.861,13.8
ch01_00000000143000000.mp4,70749,car,2,790.961,15.7
ch01_00000000143000000.mp4,70848,car,2,791.361,6.0
ch01_00000000143000000.mp4,71062,motorcycle,1,793.011,13.3
ch01_00000000143000000.mp4,71003,car,2,793.461,6.8
ch01_00000000143000000.mp4,71168,car,2,795.66,3.7
ch01_00000000143000000.mp4,71370,motorcycle,1,796.361,13.3
ch01_00000000143000000.mp4,71465,motorcycle,1,797.36,13.3
ch01_00000000143000000.mp4,71662,motorcycle,1,800.31,10.0
ch01_00000000143000000.mp4,71747,motorcycle,1,801.41,6.9
ch01_00000000143000000.mp4,71965,motorcycle,1,802.96,7.3
ch01_00000000143000000.mp4,71890,motorcycle,1,803.16,10.6
ch01_00000000143000000.mp4,72030,motorcycle,1,803.96,10.9
ch01_00000000143000000.mp4,71695,car,2,805.36,10.3
ch01_00000000143000000.mp4,72517,motorcycle,1,808.96,12.0
ch01_00000000143000000.mp4,72128,car,2,809.21,6.7
ch01_00000000143000000.mp4,72691,motorcycle,1,811.21,12.0
ch01_00000000143000000.mp4,72820,motorcycle,1,812.16,13.3
ch01_00000000143000000.mp4,72875,motorcycle,1,812.26,10.6
ch01_00000000143000000.mp4,72625,car,2,812.91,7.8
ch01_00000000143000000.mp4,72908,motorcycle,1,813.31,7.8
ch01_00000000143000000.mp4,72941,motorcycle,1,813.71,11.3
ch01_00000000143000000.mp4,72985,motorcycle,1,814.51,9.7
ch01_00000000143000000.mp4,73055,motorcycle,1,814.66,11.6
ch01_00000000143000000.mp4,73147,motorcycle,1,815.61,12.4
ch01_00000000143000000.mp4,73099,car,2,816.01,9.5
ch01_00000000143000000.mp4,73176,motorcycle,1,816.01,14.4
ch01_00000000143000000.mp4,73207,motorcycle,1,816.909,12.4
ch01_00000000143000000.mp4,73266,motorcycle,1,817.459,15.0
ch01_00000000143000000.mp4,73348,motorcycle,1,817.759,8.6
ch01_00000000143000000.mp4,73369,motorcycle,1,817.959,13.3
ch01_00000000143000000.mp4,73462,motorcycle,1,818.909,15.0
ch01_00000000143000000.mp4,73445,motorcycle,1,819.059,16.4
ch01_00000000143000000.mp4,73478,car,2,820.159,13.8
ch01_00000000143000000.mp4,73586,motorcycle,1,820.509,18.0
ch01_00000000143000000.mp4,73569,motorcycle,1,820.659,13.8
ch01_00000000143000000.mp4,73638,motorcycle,1,821.909,18.0
ch01_00000000143000000.mp4,73661,car,2,822.409,13.3
ch01_00000000143000000.mp4,73742,motorcycle,1,823.159,15.0
ch01_00000000143000000.mp4,73860,car,2,824.459,11.3
ch01_00000000143000000.mp4,73939,motorcycle,1,824.509,13.3
ch01_00000000143000000.mp4,73994,motorcycle,1,824.509,14.4
ch01_00000000143000000.mp4,74117,motorcycle,1,825.859,15.7
ch01_00000000143000000.mp4,74238,motorcycle,1,826.959,16.4
ch01_00000000143000000.mp4,74220,motorcycle,1,827.559,13.3
ch01_00000000143000000.mp4,74495,motorcycle,1,829.509,12.9
ch01_00000000143000000.mp4,74522,motorcycle,1,830.259,13.8
ch01_00000000143000000.mp4,74585,motorcycle,1,830.909,16.4
ch01_00000000143000000.mp4,74325,motorcycle,1,830.959,6.4
ch01_00000000143000000.mp4,74642,car,2,831.909,13.8
ch01_00000000143000000.mp4,74729,motorcycle,1,832.059,12.9
ch01_00000000143000000.mp4,74498,car,3,832.359,3.2
ch01_00000000143000000.mp4,74859,car,2,834.059,12.4
ch01_00000000143000000.mp4,74971,motorcycle,1,834.109,13.8
ch01_00000000143000000.mp4,74571,car,2,834.109,4.1
ch01_00000000143000000.mp4,75002,motorcycle,1,834.809,13.8
ch01_00000000143000000.mp4,75049,motorcycle,1,835.509,11.6
ch01_00000000143000000.mp4,75140,motorcycle,1,836.609,16.4
ch01_00000000143000000.mp4,75146,motorcycle,1,837.259,12.4
ch01_00000000143000000.mp4,74794,car,2,837.858,5.6
ch01_00000000143000000.mp4,74933,car,2,840.858,7.1
ch01_00000000143000000.mp4,75341,car,2,840.958,12.9
ch01_00000000143000000.mp4,75475,motorcycle,1,841.358,12.9
ch01_00000000143000000.mp4,75659,motorcycle,1,842.758,13.3
ch01_00000000143000000.mp4,75637,car,2,843.058,12.4
ch01_00000000143000000.mp4,75394,car,2,844.358,7.1
ch01_00000000143000000.mp4,75868,motorcycle,1,845.058,13.3
ch01_00000000143000000.mp4,75925,motorcycle,1,845.608,16.4
ch01_00000000143000000.mp4,75915,car,2,846.108,11.3
ch01_00000000143000000.mp4,76033,motorcycle,1,846.358,18.0
ch01_00000000143000000.mp4,75582,car,2,847.358,6.9
ch01_00000000143000000.mp4,76090,car,2,847.758,11.2
ch01_00000000143000000.mp4,76233,car,2,849.308,18.0
ch01_00000000143000000.mp4,76262,car,2,849.508,12.9
ch01_00000000143000000.mp4,76323,motorcycle,1,850.158,14.4
ch01_00000000143000000.mp4,76464,motorcycle,1,851.158,18.0
ch01_00000000143000000.mp4,76165,car,2,851.308,14.4
ch01_00000000143000000.mp4,76439,car,2,852.508,8.6
ch01_00000000143000000.mp4,76683,motorcycle,1,852.808,18.0
ch01_00000000143000000.mp4,76670,car,2,853.208,14.4
ch01_00000000143000000.mp4,77215,car,2,859.857,14.4
ch01_00000000143000000.mp4,77307,motorcycle,1,860.607,15.0
ch01_00000000143000000.mp4,77542,car,2,864.057,11.6
ch01_00000000143000000.mp4,77516,motorcycle,1,866.757,4.3
ch01_00000000143000000.mp4,77984,motorcycle,1,869.257,8.0
ch01_00000000143000000.mp4,77985,motorcycle,1,870.107,8.6
ch01_00000000143000000.mp4,78134,motorcycle,1,870.707,8.8
ch01_00000000143000000.mp4,78034,car,2,870.907,9.0
ch01_00000000143000000.mp4,78259,motorcycle,1,872.007,8.6
ch01_00000000143000000.mp4,78019,car,2,872.507,12.0
ch01_00000000143000000.mp4,78290,motorcycle,1,872.707,12.0
ch01_00000000143000000.mp4,78348,motorcycle,1,873.307,9.2
ch01_00000000143000000.mp4,78488,motorcycle,1,874.107,11.6
ch01_00000000143000000.mp4,78545,motorcycle,1,874.657,12.4
ch01_00000000143000000.mp4,78426,car,2,874.957,11.6
ch01_00000000143000000.mp4,78600,motorcycle,1,875.207,13.3
ch01_00000000143000000.mp4,78571,motorcycle,1,875.257,13.3
ch01_00000000143000000.mp4,78568,motorcycle,1,875.557,11.3
ch01_00000000143000000.mp4,78630,motorcycle,1,875.756,11.6
ch01_00000000143000000.mp4,78562,motorcycle,1,875.907,13.3
ch01_00000000143000000.mp4,78693,car,2,876.957,12.0
ch01_00000000143000000.mp4,78624,car,2,876.957,5.6
ch01_00000000143000000.mp4,78792,motorcycle,1,877.006,12.0
ch01_00000000143000000.mp4,78784,motorcycle,1,877.557,12.9
ch01_00000000143000000.mp4,78935,motorcycle,1,878.206,5.5
ch01_00000000143000000.mp4,78948,car,3,879.306,12.9
ch01_00000000143000000.mp4,78998,car,2,879.506,13.3
ch01_00000000143000000.mp4,79041,motorcycle,1,879.706,16.4
ch01_00000000143000000.mp4,79017,motorcycle,1,879.806,14.4
ch01_00000000143000000.mp4,79053,motorcycle,1,880.406,14.4
ch01_00000000143000000.mp4,78960,car,2,880.506,12.4
ch01_00000000143000000.mp4,79117,motorcycle,1,880.656,14.4
ch01_00000000143000000.mp4,79012,motorcycle,1,880.856,10.0
ch01_00000000143000000.mp4,79113,motorcycle,1,880.906,15.0
ch01_00000000143000000.mp4,79153,motorcycle,1,881.706,16.4
ch01_00000000143000000.mp4,79205,motorcycle,1,882.356,9.5
ch01_00000000143000000.mp4,79245,motorcycle,1,883.156,8.6
ch01_00000000143000000.mp4,79345,motorcycle,1,883.606,8.0
ch01_00000000143000000.mp4,79353,motorcycle,1,883.656,12.9
ch01_00000000143000000.mp4,79360,motorcycle,1,883.706,15.7
ch01_00000000143000000.mp4,79419,car,2,884.706,14.4
ch01_00000000143000000.mp4,79478,motorcycle,1,884.956,15.7
ch01_00000000143000000.mp4,79287,car,2,885.756,7.1
ch01_00000000143000000.mp4,79534,motorcycle,1,885.806,15.0
ch01_00000000143000000.mp4,79530,motorcycle,1,886.006,18.0
ch01_00000000143000000.mp4,79604,motorcycle,1,886.606,17.1
ch01_00000000143000000.mp4,79631,motorcycle,1,886.906,12.4
ch01_00000000143000000.mp4,79660,motorcycle,1,887.306,17.1
ch01_00000000143000000.mp4,79668,motorcycle,1,887.456,18.0
ch01_00000000143000000.mp4,79702,motorcycle,1,887.856,5.0
ch01_00000000143000000.mp4,79694,car,2,888.406,14.4
ch01_00000000143000000.mp4,79766,motorcycle,1,888.506,18.0
ch01_00000000143000000.mp4,79794,motorcycle,1,889.206,15.7
ch01_00000000143000000.mp4,79860,motorcycle,1,889.706,18.9
ch01_00000000143000000.mp4,79851,motorcycle,1,889.756,15.0
ch01_00000000143000000.mp4,79480,car,2,889.856,2.5
ch01_00000000143000000.mp4,79882,motorcycle,1,890.206,20.0
ch01_00000000143000000.mp4,79923,motorcycle,1,890.806,15.0
ch01_00000000143000000.mp4,79939,motorcycle,1,891.156,14.4
ch01_00000000143000000.mp4,79677,car,2,891.356,17.1
ch01_00000000143000000.mp4,80129,motorcycle,1,892.906,18.0
ch01_00000000143000000.mp4,80107,car,2,893.406,13.8
ch01_00000000143000000.mp4,80279,car,2,895.356,20.0
ch01_00000000143000000.mp4,80311,car,2,895.506,13.8
ch01_00000000143000000.mp4,80357,motorcycle,1,896.056,18.9
ch01_00000000143000000.mp4,80416,motorcycle,1,896.856,18.0
ch01_00000000143000000.mp4,80453,motorcycle,1,897.405,18.9
ch01_00000000143000000.mp4,80484,motorcycle,1,897.706,20.0
ch01_00000000143000000.mp4,80519,car,2,899.105,11.3
ch01_00000000143000000.mp4,80437,motorcycle,1,899.555,9.2
ch01_00000000143000000.mp4,80623,motorcycle,1,899.705,22.5
ch01_00000000143000000.mp4,80731,motorcycle,1,900.805,17.1
ch01_00000000143000000.mp4,80445,car,2,902.205,6.9
ch01_00000000143000000.mp4,80769,motorcycle,1,903.205,9.7
ch01_00000000143000000.mp4,81067,car,2,905.155,10.0
ch01_00000000143000000.mp4,81153,car,2,906.055,6.1
ch01_00000000143000000.mp4,81292,motorcycle,1,907.405,9.7
ch01_00000000143000000.mp4,81304,motorcycle,1,908.705,10.3
ch01_00000000143000000.mp4,81421,car,2,909.205,4.4
ch01_00000000143000000.mp4,81572,motorcycle,1,910.005,7.7
ch01_00000000143000000.mp4,81753,car,2,911.655,3.5
ch01_00000000143000000.mp4,81789,motorcycle,1,911.855,7.1
ch01_00000000143000000.mp4,82004,motorcycle,1,914.305,7.3
ch01_00000000143000000.mp4,82000,car,2,914.305,7.5
ch01_00000000143000000.mp4,81853,car,2,916.105,5.3
ch01_00000000143000000.mp4,82102,motorcycle,1,916.304,7.8
ch01_00000000143000000.mp4,81957,car,3,916.855,4.7
ch01_00000000143000000.mp4,82274,motorcycle,1,917.904,7.5
ch01_00000000143000000.mp4,82380,motorcycle,1,919.104,8.4
ch01_00000000143000000.mp4,82505,truck,6,921.054,9.5
ch01_00000000143000000.mp4,82743,motorcycle,1,922.254,8.8
ch01_00000000143000000.mp4,82747,car,2,923.354,11.3
ch01_00000000143000000.mp4,82857,motorcycle,1,923.454,15.0
ch01_00000000143000000.mp4,82567,car,2,924.354,9.0
ch01_00000000143000000.mp4,82935,motorcycle,1,924.854,12.4
ch01_00000000143000000.mp4,83071,motorcycle,1,926.254,13.8
ch01_00000000143000000.mp4,82949,car,2,927.104,9.2
ch01_00000000143000000.mp4,78631,motorcycle,1,927.154,10.0
ch01_00000000143000000.mp4,82906,car,2,927.704,7.3
ch01_00000000143000000.mp4,83195,motorcycle,1,928.004,12.4
ch01_00000000143000000.mp4,83227,motorcycle,1,928.504,12.4
ch01_00000000143000000.mp4,83254,motorcycle,1,929.054,14.4
ch01_00000000143000000.mp4,83286,car,2,929.754,11.6
ch01_00000000143000000.mp4,83265,car,2,930.904,10.6
ch01_00000000143000000.mp4,83469,motorcycle,1,930.954,15.7
ch01_00000000143000000.mp4,83517,motorcycle,1,931.254,17.1
ch01_00000000143000000.mp4,83533,motorcycle,1,931.904,15.0
ch01_00000000143000000.mp4,83595,motorcycle,1,932.504,10.0
ch01_00000000143000000.mp4,83387,car,2,932.754,10.3
ch01_00000000143000000.mp4,83639,motorcycle,1,933.354,13.8
ch01_00000000143000000.mp4,83732,motorcycle,1,934.104,10.9
ch01_00000000143000000.mp4,83745,motorcycle,1,934.254,13.8
ch01_00000000143000000.mp4,83674,car,2,934.304,18.9
ch01_00000000143000000.mp4,83772,motorcycle,1,934.504,15.0
ch01_00000000143000000.mp4,83775,motorcycle,1,935.004,13.8
ch01_00000000143000000.mp4,83779,motorcycle,1,935.104,14.4
ch01_00000000143000000.mp4,83705,motorcycle,1,935.304,11.6
ch01_00000000143000000.mp4,83840,car,2,936.654,12.9
ch01_00000000143000000.mp4,84024,motorcycle,1,937.453,21.2
ch01_00000000143000000.mp4,84127,motorcycle,1,938.453,22.5
ch01_00000000143000000.mp4,84179,motorcycle,1,939.953,8.8
ch01_00000000143000000.mp4,84198,motorcycle,1,940.103,18.0
ch01_00000000143000000.mp4,84139,car,2,941.053,11.3
ch01_00000000143000000.mp4,84352,motorcycle,1,942.703,8.0
ch01_00000000143000000.mp4,84394,car,2,943.853,11.6
ch01_00000000143000000.mp4,84552,motorcycle,1,944.153,13.3
ch01_00000000143000000.mp4,84521,motorcycle,1,945.103,11.3
ch01_00000000143000000.mp4,84636,motorcycle,1,945.853,12.9
ch01_00000000143000000.mp4,84712,motorcycle,1,946.703,16.4
ch01_00000000143000000.mp4,84660,car,2,947.303,11.6
ch01_00000000143000000.mp4,84695,motorcycle,1,947.953,13.8
ch01_00000000143000000.mp4,84769,motorcycle,1,948.703,16.4
ch01_00000000143000000.mp4,84716,truck,6,949.303,11.3
ch01_00000000143000000.mp4,84859,truck,6,951.803,10.6
ch01_00000000143000000.mp4,85088,car,2,954.353,7.3
ch01_00000000143000000.mp4,85324,motorcycle,1,955.053,10.0
ch01_00000000143000000.mp4,85315,motorcycle,1,955.603,7.7
ch01_00000000143000000.mp4,85433,motorcycle,1,956.503,21.2
ch01_00000000143000000.mp4,85384,motorcycle,1,958.003,11.6
ch01_00000000143000000.mp4,85003,car,2,958.102,4.9
ch01_00000000143000000.mp4,85663,motorcycle,1,960.502,15.0
ch01_00000000143000000.mp4,85597,motorcycle,1,960.652,6.1
ch01_00000000143000000.mp4,85772,motorcycle,1,961.502,13.8
ch01_00000000143000000.mp4,85796,motorcycle,1,961.952,13.8
ch01_00000000143000000.mp4,85698,car,2,962.402,5.2
ch01_00000000143000000.mp4,85806,car,2,963.552,11.3
ch01_00000000143000000.mp4,86008,car,2,965.152,12.4
ch01_00000000143000000.mp4,86083,motorcycle,1,966.902,6.2
ch01_00000000143000000.mp4,86277,truck,6,968.302,30.0
ch01_00000000143000000.mp4,86447,motorcycle,1,969.652,27.7
ch01_00000000143000000.mp4,86468,motorcycle,1,971.002,7.8
ch01_00000000143000000.mp4,86918,car,3,976.252,12.0
ch01_00000000143000000.mp4,87071,motorcycle,1,977.402,12.0
ch01_00000000143000000.mp4,86762,car,2,979.151,2.3
ch01_00000000143000000.mp4,87350,motorcycle,1,980.451,3.2
ch01_00000000143000000.mp4,87276,car,3,981.701,9.0
ch01_00000000143000000.mp4,87528,motorcycle,1,982.601,8.4
ch01_00000000143000000.mp4,87470,motorcycle,1,983.501,10.3
ch01_00000000143000000.mp4,87805,motorcycle,1,986.351,9.2
ch01_00000000143000000.mp4,87799,motorcycle,1,986.501,16.4
ch01_00000000143000000.mp4,87907,motorcycle,1,987.301,14.4
ch01_00000000143000000.mp4,87862,motorcycle,1,987.401,10.3
ch01_00000000143000000.mp4,87947,motorcycle,1,987.701,17.1
ch01_00000000143000000.mp4,87954,motorcycle,1,988.151,12.0
ch01_00000000143000000.mp4,88094,motorcycle,1,989.301,15.0
ch01_00000000143000000.mp4,88190,motorcycle,1,990.451,27.7
ch01_00000000143000000.mp4,88232,motorcycle,1,990.951,30.0
ch01_00000000143000000.mp4,88176,motorcycle,1,991.301,5.5
ch01_00000000143000000.mp4,88478,motorcycle,1,994.251,30.0
ch01_00000000143000000.mp4,88374,motorcycle,1,994.551,10.3
ch01_00000000143000000.mp4,88447,car,2,994.551,18.0
ch01_00000000143000000.mp4,88497,motorcycle,1,995.701,10.6
ch01_00000000143000000.mp4,88614,motorcycle,1,996.551,24.0
ch01_00000000143000000.mp4,88667,motorcycle,1,997.051,24.0
ch01_00000000143000000.mp4,88780,motorcycle,1,998.5,27.7
ch01_00000000143000000.mp4,88825,motorcycle,1,999.5,15.7
ch01_00000000143000000.mp4,88528,car,2,1000.5,5.9
ch01_00000000143000000.mp4,88943,motorcycle,1,1000.75,20.0
ch01_00000000143000000.mp4,88861,motorcycle,1,1002.05,7.3
ch01_00000000143000000.mp4,89093,motorcycle,1,1002.25,21.2
ch01_00000000143000000.mp4,89258,motorcycle,1,1004.1,20.0
ch01_00000000143000000.mp4,89170,motorcycle,1,1004.6,10.9
ch01_00000000143000000.mp4,88795,car,2,1004.75,6.4
ch01_00000000143000000.mp4,89444,motorcycle,1,1006.7,9.0
ch01_00000000143000000.mp4,89476,motorcycle,1,1007.15,10.6
ch01_00000000143000000.mp4,89533,motorcycle,1,1007.6,10.9
ch01_00000000143000000.mp4,89616,motorcycle,1,1008.4,12.0
ch01_00000000143000000.mp4,89592,motorcycle,1,1008.45,12.0
ch01_00000000143000000.mp4,89712,motorcycle,1,1008.7,9.7
ch01_00000000143000000.mp4,89704,motorcycle,1,1009.1,12.0
ch01_00000000143000000.mp4,89593,motorcycle,1,1010.25,8.8
ch01_00000000143000000.mp4,89858,motorcycle,1,1010.5,14.4
ch01_00000000143000000.mp4,89797,motorcycle,1,1010.8,11.2
ch01_00000000143000000.mp4,89870,motorcycle,1,1011.5,12.4
ch01_00000000143000000.mp4,89995,motorcycle,1,1011.55,12.4
ch01_00000000143000000.mp4,89985,motorcycle,1,1012.15,10.9
ch01_00000000143000000.mp4,90014,motorcycle,1,1012.65,16.4
ch01_00000000143000000.mp4,90176,motorcycle,1,1013.75,22.5
ch01_00000000143000000.mp4,90171,motorcycle,1,1015.15,18.9
ch01_00000000143000000.mp4,90292,motorcycle,1,1015.15,20.0
ch01_00000000143000000.mp4,90329,motorcycle,1,1015.3,18.9
ch01_00000000143000000.mp4,90192,motorcycle,1,1015.55,12.9
ch01_00000000143000000.mp4,90339,motorcycle,1,1015.55,8.4
ch01_00000000143000000.mp4,90293,motorcycle,1,1016.5,12.9
ch01_00000000143000000.mp4,90388,motorcycle,1,1016.55,9.0
ch01_00000000143000000.mp4,90454,motorcycle,1,1017.5,18.0
ch01_00000000143000000.mp4,90378,motorcycle,1,1017.699,12.9
ch01_00000000143000000.mp4,90552,motorcycle,1,1018.399,20.0
ch01_00000000143000000.mp4,90746,motorcycle,1,1019.849,21.2
ch01_00000000143000000.mp4,90745,motorcycle,1,1020.199,18.9
ch01_00000000143000000.mp4,90795,motorcycle,1,1020.549,20.0
ch01_00000000143000000.mp4,90717,car,3,1021.749,11.3
ch01_00000000143000000.mp4,90964,motorcycle,1,1021.899,25.7
ch01_00000000143000000.mp4,90983,motorcycle,1,1022.699,14.4
ch01_00000000143000000.mp4,90932,motorcycle,1,1023.299,13.8
ch01_00000000143000000.mp4,91067,car,2,1024.399,10.3
ch01_00000000143000000.mp4,91177,motorcycle,1,1024.599,27.7
ch01_00000000143000000.mp4,91264,car,2,1026.199,21.2
ch01_00000000143000000.mp4,91291,car,2,1027.499,12.0
ch01_00000000143000000.mp4,91327,truck,4,1029.449,7.8
ch01_00000000143000000.mp4,91812,car,2,1032.199,18.9
ch01_00000000143000000.mp4,92034,motorcycle,1,1034.799,24.0
ch01_00000000143000000.mp4,91987,motorcycle,1,1034.799,9.2
ch01_00000000143000000.mp4,92042,motorcycle,1,1035.049,25.7
ch01_00000000143000000.mp4,92264,car,2,1036.998,20.0
ch01_00000000143000000.mp4,92227,motorcycle,1,1037.248,9.7
ch01_00000000143000000.mp4,92363,motorcycle,1,1037.748,8.8
ch01_00000000143000000.mp4,92355,motorcycle,1,1037.948,20.0
ch01_00000000143000000.mp4,92001,motorcycle,1,1038.498,11.3
ch01_00000000143000000.mp4,92309,motorcycle,1,1039.248,11.2
ch01_00000000143000000.mp4,92521,motorcycle,1,1039.348,24.0
ch01_00000000143000000.mp4,92589,motorcycle,1,1039.998,20.0
ch01_00000000143000000.mp4,92679,motorcycle,1,1040.348,18.9
ch01_00000000143000000.mp4,92666,truck,4,1040.398,7.8
ch01_00000000143000000.mp4,92746,motorcycle,1,1040.748,18.9
ch01_00000000143000000.mp4,92809,motorcycle,1,1041.448,21.2
ch01_00000000143000000.mp4,92855,motorcycle,1,1042.048,21.2
ch01_00000000143000000.mp4,92897,motorcycle,1,1042.298,21.2
ch01_00000000143000000.mp4,92821,motorcycle,1,1042.398,15.7
ch01_00000000143000000.mp4,92949,motorcycle,1,1042.898,21.2
ch01_00000000143000000.mp4,92898,car,3,1044.048,9.5
ch01_00000000143000000.mp4,93083,motorcycle,1,1044.148,24.0
ch01_00000000143000000.mp4,93074,car,2,1044.498,18.0
ch01_00000000143000000.mp4,93163,motorcycle,1,1045.348,18.9
ch01_00000000143000000.mp4,93195,motorcycle,1,1045.698,20.0
ch01_00000000143000000.mp4,93277,motorcycle,1,1046.148,16.4
ch01_00000000143000000.mp4,93318,motorcycle,1,1046.848,9.5
ch01_00000000143000000.mp4,93317,motorcycle,1,1046.898,21.2
ch01_00000000143000000.mp4,93243,motorcycle,1,1047.498,9.5
ch01_00000000143000000.mp4,93369,motorcycle,1,1047.698,18.9
ch01_00000000143000000.mp4,93449,car,2,1048.598,18.0
ch01_00000000143000000.mp4,93474,motorcycle,1,1048.898,20.0
ch01_00000000143000000.mp4,93468,motorcycle,1,1049.198,24.0
ch01_00000000143000000.mp4,93542,motorcycle,1,1049.698,21.2
ch01_00000000143000000.mp4,93611,motorcycle,1,1049.948,21.2
ch01_00000000143000000.mp4,93658,motorcycle,1,1050.648,18.9
ch01_00000000143000000.mp4,93814,motorcycle,1,1051.898,27.7
ch01_00000000143000000.mp4,93870,motorcycle,1,1052.598,20.0
ch01_00000000143000000.mp4,93847,motorcycle,1,1052.698,18.0
ch01_00000000143000000.mp4,93936,motorcycle,1,1053.448,20.0
ch01_00000000143000000.mp4,93948,motorcycle,1,1053.748,18.0
ch01_00000000143000000.mp4,94004,motorcycle,1,1054.298,18.0
ch01_00000000143000000.mp4,94027,motorcycle,1,1054.448,24.0
ch01_00000000143000000.mp4,94076,motorcycle,1,1055.098,11.6
ch01_00000000143000000.mp4,94113,motorcycle,1,1055.948,8.0
ch01_00000000143000000.mp4,94103,motorcycle,1,1056.098,16.4
ch01_00000000143000000.mp4,94159,motorcycle,1,1056.948,5.9
ch01_00000000143000000.mp4,94236,car,2,1057.648,21.2
ch01_00000000143000000.mp4,94139,motorcycle,1,1057.947,7.8
ch01_00000000143000000.mp4,94247,car,3,1058.247,14.4
ch01_00000000143000000.mp4,94375,car,2,1059.897,18.0
ch01_00000000143000000.mp4,94428,motorcycle,1,1060.197,20.0
ch01_00000000143000000.mp4,94443,motorcycle,1,1060.297,18.0
ch01_00000000143000000.mp4,94446,motorcycle,1,1060.347,4.9
ch01_00000000143000000.mp4,94556,motorcycle,1,1061.547,18.9
ch01_00000000143000000.mp4,94313,car,2,1061.697,2.1
ch01_00000000143000000.mp4,94681,car,2,1062.697,18.0
ch01_00000000143000000.mp4,94750,motorcycle,1,1063.397,18.9
ch01_00000000143000000.mp4,94822,motorcycle,1,1064.147,17.1
ch01_00000000143000000.mp4,94828,motorcycle,1,1064.297,18.0
ch01_00000000143000000.mp4,94915,motorcycle,1,1065.447,4.1
ch01_00000000143000000.mp4,94922,car,2,1065.697,17.1
ch01_00000000143000000.mp4,94999,motorcycle,1,1065.947,27.7
ch01_00000000143000000.mp4,94983,motorcycle,1,1067.447,10.6
ch01_00000000143000000.mp4,95022,motorcycle,1,1067.497,21.2
ch01_00000000143000000.mp4,95249,car,2,1070.497,10.6
ch01_00000000143000000.mp4,95434,truck,6,1071.747,2.6
ch01_00000000143000000.mp4,95474,car,2,1072.897,9.7
ch01_00000000143000000.mp4,95833,motorcycle,1,1075.697,13.8
ch01_00000000143000000.mp4,95903,motorcycle,1,1076.347,14.4
ch01_00000000143000000.mp4,95984,motorcycle,1,1077.197,13.8
ch01_00000000143000000.mp4,96044,motorcycle,1,1078.046,14.4
ch01_00000000143000000.mp4,96201,motorcycle,1,1079.147,17.1
ch01_00000000143000000.mp4,96194,car,2,1079.946,4.7
ch01_00000000143000000.mp4,96293,motorcycle,1,1080.196,17.1
ch01_00000000143000000.mp4,96350,motorcycle,1,1082.296,8.8
ch01_00000000143000000.mp4,96712,motorcycle,1,1084.346,15.0
ch01_00000000143000000.mp4,96748,motorcycle,1,1085.096,8.2
ch01_00000000143000000.mp4,96625,motorcycle,1,1085.496,10.9
ch01_00000000143000000.mp4,96838,motorcycle,1,1086.096,15.7
ch01_00000000143000000.mp4,96800,motorcycle,1,1086.296,9.2
ch01_00000000143000000.mp4,97035,motorcycle,1,1087.946,16.4
ch01_00000000143000000.mp4,96973,car,2,1088.296,11.3
ch01_00000000143000000.mp4,97109,motorcycle,1,1088.946,18.9
ch01_00000000143000000.mp4,96755,car,2,1089.896,7.1
ch01_00000000143000000.mp4,97112,motorcycle,1,1089.946,11.3
ch01_00000000143000000.mp4,97351,car,2,1092.196,10.3
ch01_00000000143000000.mp4,97243,bus,5,1095.096,12.0
ch01_00000000143000000.mp4,97600,motorcycle,1,1095.146,10.6
ch01_00000000143000000.mp4,97645,motorcycle,1,1096.096,10.9
ch01_00000000143000000.mp4,97569,car,2,1096.596,7.5
ch01_00000000143000000.mp4,97664,motorcycle,1,1097.246,10.0
ch01_00000000143000000.mp4,97777,motorcycle,1,1097.545,15.0
ch01_00000000143000000.mp4,97847,motorcycle,1,1098.146,15.0
ch01_00000000143000000.mp4,97923,car,2,1099.695,12.4
ch01_00000000143000000.mp4,98075,motorcycle,1,1100.895,12.4
ch01_00000000143000000.mp4,98102,car,2,1101.945,10.3
ch01_00000000143000000.mp4,98244,motorcycle,1,1102.395,10.0
ch01_00000000143000000.mp4,98249,car,2,1103.345,12.4
ch01_00000000143000000.mp4,98239,car,2,1104.445,4.0
ch01_00000000143000000.mp4,98314,car,2,1104.495,11.6
ch01_00000000143000000.mp4,98505,motorcycle,1,1105.645,14.4
ch01_00000000143000000.mp4,98616,motorcycle,1,1106.895,15.0
ch01_00000000143000000.mp4,98572,car,2,1107.095,14.4
ch01_00000000143000000.mp4,98632,car,2,1108.245,13.8
ch01_00000000143000000.mp4,98781,motorcycle,1,1108.995,18.0
ch01_00000000143000000.mp4,98569,car,2,1109.645,8.0
ch01_00000000143000000.mp4,98829,car,2,1110.095,16.4
ch01_00000000143000000.mp4,98729,car,2,1110.645,8.0
ch01_00000000143000000.mp4,98877,motorcycle,1,1111.645,22.5
ch01_00000000143000000.mp4,99054,motorcycle,1,1112.195,15.0
ch01_00000000143000000.mp4,99027,car,2,1112.395,5.6
ch01_00000000143000000.mp4,99177,motorcycle,1,1113.345,17.1
ch01_00000000143000000.mp4,99173,car,2,1113.695,14.4
ch01_00000000143000000.mp4,99297,car,2,1115.845,15.0
ch01_00000000143000000.mp4,99386,motorcycle,1,1116.845,3.8
ch01_00000000143000000.mp4,99569,motorcycle,1,1117.395,12.9
ch01_00000000143000000.mp4,99540,car,2,1118.044,14.4
ch01_00000000143000000.mp4,99647,motorcycle,1,1118.195,12.9
ch01_00000000143000000.mp4,99741,motorcycle,1,1120.344,6.0
ch01_00000000143000000.mp4,99724,car,2,1120.694,11.6
ch01_00000000143000000.mp4,99803,motorcycle,1,1121.094,6.0
ch01_00000000143000000.mp4,99610,motorcycle,1,1121.344,9.5
ch01_00000000143000000.mp4,99828,motorcycle,1,1121.344,14.4
ch01_00000000143000000.mp4,99702,motorcycle,1,1122.244,10.6
ch01_00000000143000000.mp4,99925,motorcycle,1,1123.144,10.6
ch01_00000000143000000.mp4,100133,car,3,1125.894,13.8
ch01_00000000143000000.mp4,100203,motorcycle,1,1126.194,16.4
ch01_00000000143000000.mp4,100285,motorcycle,1,1126.744,18.9
ch01_00000000143000000.mp4,100303,motorcycle,1,1127.294,14.4
ch01_00000000143000000.mp4,100355,motorcycle,1,1127.644,20.0
ch01_00000000143000000.mp4,100440,motorcycle,1,1128.594,11.3
ch01_00000000143000000.mp4,100416,motorcycle,1,1129.594,8.4
ch01_00000000143000000.mp4,100511,motorcycle,1,1130.894,11.3
ch01_00000000143000000.mp4,100642,motorcycle,1,1131.744,21.2
ch01_00000000143000000.mp4,100656,motorcycle,1,1131.944,7.5
ch01_00000000143000000.mp4,100646,motorcycle,1,1132.794,20.0
ch01_00000000143000000.mp4,100808,motorcycle,1,1133.794,22.5
ch01_00000000143000000.mp4,100861,motorcycle,1,1134.594,25.7
ch01_00000000143000000.mp4,100972,motorcycle,1,1136.644,10.9
ch01_00000000143000000.mp4,100902,motorcycle,1,1136.744,10.9
ch01_00000000143000000.mp4,101109,motorcycle,1,1137.744,11.6
ch01_00000000143000000.mp4,101105,motorcycle,1,1139.043,15.0
ch01_00000000143000000.mp4,101422,motorcycle,1,1141.043,18.0
ch01_00000000143000000.mp4,101490,motorcycle,1,1141.993,8.4
ch01_00000000143000000.mp4,101620,car,2,1144.793,12.9
ch01_00000000143000000.mp4,101687,motorcycle,1,1144.893,17.1
ch01_00000000143000000.mp4,101831,car,2,1146.993,6.3
ch01_00000000143000000.mp4,101888,motorcycle,1,1147.343,20.0
ch01_00000000143000000.mp4,101972,motorcycle,1,1148.593,22.5
ch01_00000000143000000.mp4,102025,motorcycle,1,1150.693,15.0
ch01_00000000143000000.mp4,102106,motorcycle,1,1151.643,7.7
ch01_00000000143000000.mp4,102251,motorcycle,1,1153.493,10.0
ch01_00000000143000000.mp4,102349,motorcycle,1,1154.593,30.0
ch01_00000000143000000.mp4,102358,motorcycle,1,1154.743,12.4
ch01_00000000143000000.mp4,102395,motorcycle,1,1155.393,25.7
ch01_00000000143000000.mp4,102389,motorcycle,1,1155.443,17.1
ch01_00000000143000000.mp4,102381,car,2,1156.393,15.7
ch01_00000000143000000.mp4,102483,car,3,1157.543,8.6
ch01_00000000143000000.mp4,102636,motorcycle,1,1159.592,20.0
ch01_00000000143000000.mp4,102964,car,2,1162.492,24.0
ch01_00000000143000000.mp4,103041,car,3,1163.692,16.4
ch01_00000000143000000.mp4,103368,motorcycle,1,1167.742,24.0
ch01_00000000143000000.mp4,103496,motorcycle,1,1169.842,18.9
ch01_00000000143000000.mp4,103555,motorcycle,1,1170.742,12.4
ch01_00000000143000000.mp4,103678,motorcycle,1,1171.942,30.0
ch01_00000000143000000.mp4,103697,motorcycle,1,1172.792,8.8
ch01_00000000143000000.mp4,103801,car,2,1174.092,21.2
ch01_00000000143000000.mp4,103893,car,2,1176.292,5.6
ch01_00000000143000000.mp4,104262,motorcycle,1,1178.691,12.0
ch01_00000000143000000.mp4,104423,motorcycle,1,1179.542,11.6
ch01_00000000143000000.mp4,104475,car,2,1181.841,10.6
ch01_00000000143000000.mp4,104658,motorcycle,1,1182.291,17.1
ch01_00000000143000000.mp4,104719,motorcycle,1,1182.841,17.1
ch01_00000000143000000.mp4,104779,motorcycle,1,1183.841,4.9
ch01_00000000143000000.mp4,104742,motorcycle,1,1184.641,3.8
ch01_00000000143000000.mp4,104584,car,2,1185.591,8.4
ch01_00000000143000000.mp4,104934,car,2,1187.291,8.8
ch01_00000000143000000.mp4,104884,car,2,1189.091,10.0
ch01_00000000143000000.mp4,105278,motorcycle,1,1190.691,9.7
ch01_00000000143000000.mp4,105403,motorcycle,1,1191.941,8.8
ch01_00000000143000000.mp4,105492,motorcycle,1,1192.991,12.9
ch01_00000000143000000.mp4,105340,car,2,1193.191,9.0
ch01_00000000143000000.mp4,105537,motorcycle,1,1194.191,9.0
ch01_00000000143000000.mp4,105696,motorcycle,1,1194.741,6.9
ch01_00000000143000000.mp4,105681,motorcycle,1,1194.841,15.0
ch01_00000000143000000.mp4,106029,motorcycle,1,1199.89,6.4
ch01_00000000143000000.mp4,106121,motorcycle,1,1200.19,32.7
ch01_00000000143000000.mp4,106080,car,2,1201.59,2.8
ch01_00000000143000000.mp4,106237,motorcycle,1,1202.19,13.8
ch01_00000000143000000.mp4,106355,car,2,1204.74,9.7
ch01_00000000143000000.mp4,106517,car,3,1205.49,10.9
ch01_00000000143000000.mp4,106786,motorcycle,1,1207.59,20.0
ch01_00000000143000000.mp4,106655,car,2,1207.69,10.3
ch01_00000000143000000.mp4,106857,motorcycle,1,1208.59,15.7
ch01_00000000143000000.mp4,106898,motorcycle,1,1209.14,18.9
ch01_00000000143000000.mp4,106958,motorcycle,1,1209.54,18.9
ch01_00000000143000000.mp4,107011,motorcycle,1,1210.29,15.7
ch01_00000000143000000.mp4,107091,motorcycle,1,1210.89,22.5
ch01_00000000143000000.mp4,107142,motorcycle,1,1211.39,22.5
ch01_00000000143000000.mp4,106976,car,2,1212.24,8.4
ch01_00000000143000000.mp4,107243,motorcycle,1,1213.74,8.8
ch01_00000000143000000.mp4,107457,motorcycle,1,1214.59,20.0
ch01_00000000143000000.mp4,107658,motorcycle,1,1216.89,18.9
ch01_00000000143000000.mp4,107732,motorcycle,1,1217.54,21.2
ch01_00000000143000000.mp4,107827,motorcycle,1,1218.19,21.2
ch01_00000000143000000.mp4,107872,motorcycle,1,1218.939,22.5
ch01_00000000143000000.mp4,107894,motorcycle,1,1219.29,21.2
ch01_00000000143000000.mp4,107957,motorcycle,1,1219.439,25.7
ch01_00000000143000000.mp4,107916,motorcycle,1,1220.289,30.0
ch01_00000000143000000.mp4,108030,motorcycle,1,1220.289,18.0
ch01_00000000143000000.mp4,108136,motorcycle,1,1222.289,12.9
ch01_00000000143000000.mp4,108251,motorcycle,1,1222.489,25.7
ch01_00000000143000000.mp4,108212,car,2,1222.689,24.0
ch01_00000000143000000.mp4,108295,motorcycle,1,1223.239,25.7
ch01_00000000143000000.mp4,108335,motorcycle,1,1223.639,27.7
ch01_00000000143000000.mp4,108247,motorcycle,1,1223.639,14.4
ch01_00000000143000000.mp4,108393,motorcycle,1,1224.189,25.7
ch01_00000000143000000.mp4,108496,motorcycle,1,1225.439,25.7
ch01_00000000143000000.mp4,108529,motorcycle,1,1225.889,22.5
ch01_00000000143000000.mp4,108562,motorcycle,1,1226.339,24.0
ch01_00000000143000000.mp4,108568,motorcycle,1,1227.239,15.7
ch01_00000000143000000.mp4,108684,motorcycle,1,1228.189,20.0
ch01_00000000143000000.mp4,108696,motorcycle,1,1228.189,25.7
ch01_00000000143000000.mp4,108741,motorcycle,1,1228.589,21.2
ch01_00000000143000000.mp4,108754,motorcycle,1,1228.789,21.2
ch01_00000000143000000.mp4,108804,motorcycle,1,1229.189,22.5
ch01_00000000143000000.mp4,108872,motorcycle,1,1229.889,24.0
ch01_00000000143000000.mp4,108919,motorcycle,1,1230.339,22.5
ch01_00000000143000000.mp4,108981,motorcycle,1,1230.789,24.0
ch01_00000000143000000.mp4,109031,motorcycle,1,1231.089,8.4
ch01_00000000143000000.mp4,108748,motorcycle,1,1231.139,17.1
ch01_00000000143000000.mp4,109084,motorcycle,1,1231.939,15.7
ch01_00000000143000000.mp4,109067,motorcycle,1,1232.089,17.1
ch01_00000000143000000.mp4,109193,motorcycle,1,1232.889,12.9
ch01_00000000143000000.mp4,109172,motorcycle,1,1232.939,15.7
ch01_00000000143000000.mp4,109317,motorcycle,1,1234.339,18.9
ch01_00000000143000000.mp4,109382,motorcycle,1,1235.139,18.9
ch01_00000000143000000.mp4,109311,car,2,1235.339,12.4
ch01_00000000143000000.mp4,109481,motorcycle,1,1236.139,18.9
ch01_00000000143000000.mp4,109501,motorcycle,1,1236.239,24.0
ch01_00000000143000000.mp4,109535,motorcycle,1,1236.589,22.5
ch01_00000000143000000.mp4,109595,motorcycle,1,1237.039,13.3
ch01_00000000143000000.mp4,109627,motorcycle,1,1237.589,18.0
ch01_00000000143000000.mp4,109555,car,2,1238.039,11.3
ch01_00000000143000000.mp4,109746,motorcycle,1,1238.639,18.0
ch01_00000000143000000.mp4,109737,car,2,1239.139,15.7
ch01_00000000143000000.mp4,109693,car,2,1239.938,13.8
ch01_00000000143000000.mp4,109907,motorcycle,1,1240.089,22.5
ch01_00000000143000000.mp4,109933,motorcycle,1,1240.139,15.7
ch01_00000000143000000.mp4,110031,motorcycle,1,1241.338,16.4
ch01_00000000143000000.mp4,110009,motorcycle,1,1241.688,17.1
ch01_00000000143000000.mp4,110167,motorcycle,1,1242.088,20.0
ch01_00000000143000000.mp4,110110,car,2,1242.088,6.1
ch01_00000000143000000.mp4,110200,motorcycle,1,1242.188,16.4
ch01_00000000143000000.mp4,110254,car,2,1243.088,5.8
ch01_00000000143000000.mp4,110383,motorcycle,1,1244.088,18.0
ch01_00000000143000000.mp4,110359,car,2,1245.488,3.4
ch01_00000000143000000.mp4,110563,motorcycle,1,1245.788,25.7
ch01_00000000143000000.mp4,110586,car,2,1246.338,15.7
ch01_00000000143000000.mp4,110636,motorcycle,1,1246.338,24.0
ch01_00000000143000000.mp4,110738,car,3,1247.788,18.9
ch01_00000000143000000.mp4,110780,motorcycle,1,1247.988,21.2
ch01_00000000143000000.mp4,110702,motorcycle,1,1248.488,21.2
ch01_00000000143000000.mp4,110861,motorcycle,1,1249.088,20.0
ch01_00000000143000000.mp4,110994,motorcycle,1,1250.038,17.1
ch01_00000000143000000.mp4,111078,motorcycle,1,1250.838,18.0
ch01_00000000143000000.mp4,111120,motorcycle,1,1251.338,17.1
ch01_00000000143000000.mp4,111512,motorcycle,1,1254.838,14.4
ch01_00000000143000000.mp4,111257,car,2,1254.838,10.0
ch01_00000000143000000.mp4,111343,motorcycle,1,1255.338,7.1
ch01_00000000143000000.mp4,111667,motorcycle,1,1255.888,15.0
ch01_00000000143000000.mp4,111718,motorcycle,1,1256.888,12.9
ch01_00000000143000000.mp4,111743,car,2,1257.188,10.9
ch01_00000000143000000.mp4,111856,motorcycle,1,1258.288,9.2
ch01_00000000143000000.mp4,111889,motorcycle,1,1258.638,11.6
ch01_00000000143000000.mp4,111972,car,2,1258.888,15.7
ch01_00000000143000000.mp4,111911,motorcycle,1,1259.338,11.3
ch01_00000000143000000.mp4,111847,truck,6,1259.787,15.0
ch01_00000000143000000.mp4,112129,motorcycle,1,1260.338,14.4
ch01_00000000143000000.mp4,112144,motorcycle,1,1260.637,15.7
ch01_00000000143000000.mp4,112157,motorcycle,1,1260.937,12.4
ch01_00000000143000000.mp4,112152,motorcycle,1,1261.387,13.3
ch01_00000000143000000.mp4,112268,motorcycle,1,1261.887,12.9
ch01_00000000143000000.mp4,112250,car,2,1261.937,11.6
ch01_00000000143000000.mp4,112200,motorcycle,1,1262.287,13.8
ch01_00000000143000000.mp4,112390,car,2,1263.437,12.9
ch01_00000000143000000.mp4,112493,motorcycle,1,1263.887,16.4
ch01_00000000143000000.mp4,112431,truck,6,1264.637,12.0
ch01_00000000143000000.mp4,112643,motorcycle,1,1265.337,17.1
ch01_00000000143000000.mp4,112770,motorcycle,1,1266.587,16.4
ch01_00000000143000000.mp4,112796,car,2,1267.037,14.4
ch01_00000000143000000.mp4,112614,car,2,1267.387,12.9
ch01_00000000143000000.mp4,112899,motorcycle,1,1267.737,20.0
ch01_00000000143000000.mp4,112974,motorcycle,1,1268.537,21.2
ch01_00000000143000000.mp4,112999,motorcycle,1,1269.187,21.2
ch01_00000000143000000.mp4,113062,motorcycle,1,1270.237,12.4
ch01_00000000143000000.mp4,113069,car,2,1270.437,20.0
ch01_00000000143000000.mp4,113217,motorcycle,1,1271.437,18.0
ch01_00000000143000000.mp4,113260,car,2,1272.837,16.4
ch01_00000000143000000.mp4,113334,car,2,1273.737,14.4
ch01_00000000143000000.mp4,113343,motorcycle,1,1274.537,9.7
ch01_00000000143000000.mp4,113206,car,2,1274.687,5.3
ch01_00000000143000000.mp4,113479,car,2,1276.187,12.0
ch01_00000000143000000.mp4,113768,motorcycle,1,1277.787,13.8
ch01_00000000143000000.mp4,113859,motorcycle,1,1278.786,8.4
ch01_00000000143000000.mp4,113832,motorcycle,1,1278.836,10.3
ch01_00000000143000000.mp4,113839,motorcycle,1,1278.937,16.4
ch01_00000000143000000.mp4,114186,motorcycle,1,1282.736,17.1
ch01_00000000143000000.mp4,114388,motorcycle,1,1284.836,12.0
ch01_00000000143000000.mp4,114332,car,2,1285.486,5.5
ch01_00000000143000000.mp4,114489,motorcycle,1,1286.236,11.6
ch01_00000000143000000.mp4,114633,motorcycle,1,1288.486,12.9
ch01_00000000143000000.mp4,114707,car,2,1290.436,8.0
ch01_00000000143000000.mp4,114841,car,2,1291.236,7.7
ch01_00000000143000000.mp4,114993,car,2,1293.586,9.0
ch01_00000000143000000.mp4,115080,motorcycle,1,1294.186,10.0
ch01_00000000143000000.mp4,115162,car,2,1295.736,9.0
ch01_00000000143000000.mp4,115229,motorcycle,1,1296.136,7.7
ch01_00000000143000000.mp4,115253,motorcycle,1,1296.136,12.0
ch01_00000000143000000.mp4,115301,motorcycle,1,1296.486,8.0
ch01_00000000143000000.mp4,115275,motorcycle,1,1296.936,11.3
ch01_00000000143000000.mp4,115305,car,3,1297.886,8.0
ch01_00000000143000000.mp4,115575,motorcycle,1,1299.186,13.3
ch01_00000000143000000.mp4,115582,car,2,1299.436,7.8
ch01_00000000143000000.mp4,115752,motorcycle,1,1300.835,9.2
ch01_00000000143000000.mp4,115879,car,2,1302.635,10.0
ch01_00000000143000000.mp4,115904,car,2,1302.935,8.4
ch01_00000000143000000.mp4,115890,motorcycle,1,1303.485,8.4
ch01_00000000143000000.mp4,115669,motorcycle,1,1303.735,5.1
ch01_00000000143000000.mp4,116050,car,2,1304.335,4.4
ch01_00000000143000000.mp4,116067,motorcycle,1,1304.735,9.2
ch01_00000000143000000.mp4,116120,motorcycle,1,1305.485,10.6
ch01_00000000143000000.mp4,115760,car,2,1305.685,8.6
ch01_00000000143000000.mp4,115974,motorcycle,1,1306.285,8.0
ch01_00000000143000000.mp4,116367,motorcycle,1,1308.485,11.6
ch01_00000000143000000.mp4,116300,car,2,1308.835,9.5
ch01_00000000143000000.mp4,116438,motorcycle,1,1309.485,12.0
ch01_00000000143000000.mp4,116423,car,2,1310.535,9.5
ch01_00000000143000000.mp4,116571,motorcycle,1,1310.785,10.6
ch01_00000000143000000.mp4,116541,car,2,1311.285,10.6
ch01_00000000143000000.mp4,116638,motorcycle,1,1311.485,12.0
ch01_00000000143000000.mp4,116712,motorcycle,1,1312.735,12.4
ch01_00000000143000000.mp4,116932,motorcycle,1,1314.535,10.0
ch01_00000000143000000.mp4,116845,motorcycle,1,1314.885,12.4
ch01_00000000143000000.mp4,116934,motorcycle,1,1315.135,12.4
ch01_00000000143000000.mp4,117003,motorcycle,1,1315.785,10.3
ch01_00000000143000000.mp4,117037,motorcycle,1,1316.685,12.4
ch01_00000000143000000.mp4,117053,motorcycle,1,1316.735,12.4
ch01_00000000143000000.mp4,117132,motorcycle,1,1317.535,12.0
ch01_00000000143000000.mp4,117069,motorcycle,1,1317.835,11.6
ch01_00000000143000000.mp4,117179,motorcycle,1,1318.385,12.4
ch01_00000000143000000.mp4,117163,car,2,1319.384,8.8
ch01_00000000143000000.mp4,117363,motorcycle,1,1320.034,14.4
ch01_00000000143000000.mp4,117305,motorcycle,1,1320.134,14.4
ch01_00000000143000000.mp4,117460,motorcycle,1,1321.334,15.7
ch01_00000000143000000.mp4,117472,motorcycle,1,1321.584,13.3
ch01_00000000143000000.mp4,117313,car,2,1321.634,10.0
ch01_00000000143000000.mp4,117587,motorcycle,1,1322.784,17.1
ch01_00000000143000000.mp4,117453,car,2,1323.334,10.3
ch01_00000000143000000.mp4,117624,car,2,1324.684,11.3
ch01_00000000143000000.mp4,117828,motorcycle,1,1325.584,25.7
ch01_00000000143000000.mp4,117863,motorcycle,1,1325.784,13.8
ch01_00000000143000000.mp4,117963,car,2,1327.134,15.7
ch01_00000000143000000.mp4,117964,car,2,1327.334,13.3
ch01_00000000143000000.mp4,118089,motorcycle,1,1328.334,17.1
ch01_00000000143000000.mp4,118120,car,2,1328.984,15.7
ch01_00000000143000000.mp4,118203,motorcycle,1,1329.934,6.1
ch01_00000000143000000.mp4,118201,motorcycle,1,1330.484,6.3
ch01_00000000143000000.mp4,118232,car,2,1331.334,11.6
ch01_00000000143000000.mp4,118194,motorcycle,1,1331.384,4.0
ch01_00000000143000000.mp4,118296,car,2,1331.634,18.0
ch01_00000000143000000.mp4,118115,car,2,1332.084,3.6
ch01_00000000143000000.mp4,118312,motorcycle,1,1332.434,10.3
ch01_00000000143000000.mp4,118461,motorcycle,1,1333.634,20.0
ch01_00000000143000000.mp4,118536,motorcycle,1,1334.734,18.9
ch01_00000000143000000.mp4,118649,car,2,1336.834,21.2
ch01_00000000143000000.mp4,118718,motorcycle,1,1337.284,21.2
ch01_00000000143000000.mp4,118741,motorcycle,1,1337.384,21.2
ch01_00000000143000000.mp4,118782,motorcycle,1,1338.034,21.2
ch01_00000000143000000.mp4,118856,motorcycle,1,1338.834,20.0
ch01_00000000143000000.mp4,119095,motorcycle,1,1340.883,20.0
ch01_00000000143000000.mp4,119020,car,2,1341.433,17.1
ch01_00000000143000000.mp4,118454,car,2,1341.733,3.2
ch01_00000000143000000.mp4,119183,motorcycle,1,1342.333,17.1
ch01_00000000143000000.mp4,119209,motorcycle,1,1342.733,17.1
ch01_00000000143000000.mp4,119240,motorcycle,1,1343.233,17.1
ch01_00000000143000000.mp4,119298,car,2,1344.333,18.0
ch01_00000000143000000.mp4,119334,motorcycle,1,1344.333,22.5
ch01_00000000143000000.mp4,119348,motorcycle,1,1344.883,15.7
ch01_00000000143000000.mp4,119388,motorcycle,1,1345.083,20.0
ch01_00000000143000000.mp4,119446,motorcycle,1,1345.533,18.9
ch01_00000000143000000.mp4,119403,car,2,1346.533,4.1
ch01_00000000143000000.mp4,119527,car,3,1347.733,14.4
ch01_00000000143000000.mp4,119688,motorcycle,1,1349.933,18.0
ch01_00000000143000000.mp4,119693,motorcycle,1,1350.083,24.0
ch01_00000000143000000.mp4,119658,motorcycle,1,1350.233,12.4
ch01_00000000143000000.mp4,119789,motorcycle,1,1351.383,7.2
ch01_00000000143000000.mp4,119815,motorcycle,1,1351.683,20.0
ch01_00000000143000000.mp4,119850,motorcycle,1,1352.183,24.0
ch01_00000000143000000.mp4,119865,motorcycle,1,1352.733,20.0
ch01_00000000143000000.mp4,119904,motorcycle,1,1352.883,18.0
ch01_00000000143000000.mp4,119913,motorcycle,1,1352.983,18.0
ch01_00000000143000000.mp4,119933,motorcycle,1,1353.283,24.0
ch01_00000000143000000.mp4,119968,motorcycle,1,1354.083,24.0
ch01_00000000143000000.mp4,119885,car,2,1354.633,5.5
ch01_00000000143000000.mp4,120074,motorcycle,1,1355.983,18.9
ch01_00000000143000000.mp4,120082,motorcycle,1,1357.033,4.9
ch01_00000000143000000.mp4,120167,car,2,1357.933,17.1
ch01_00000000143000000.mp4,120231,motorcycle,1,1358.333,18.9
ch01_00000000143000000.mp4,120284,car,2,1359.283,17.1
ch01_00000000143000000.mp4,120385,motorcycle,1,1360.783,5.4
ch01_00000000143000000.mp4,120467,car,2,1361.582,18.0
ch01_00000000143000000.mp4,120757,car,3,1365.682,21.2
ch01_00000000143000000.mp4,120774,car,2,1369.382,9.5
ch01_00000000143000000.mp4,121219,motorcycle,1,1370.532,11.6
ch01_00000000143000000.mp4,121114,car,2,1373.082,9.2
ch01_00000000143000000.mp4,121574,motorcycle,1,1374.982,18.0
ch01_00000000143000000.mp4,121606,car,3,1376.482,11.6
ch01_00000000143000000.mp4,121775,motorcycle,1,1378.182,12.4
ch01_00000000143000000.mp4,121876,motorcycle,1,1380.482,5.3
ch01_00000000143000000.mp4,121780,car,2,1380.931,10.3
ch01_00000000143000000.mp4,122163,motorcycle,1,1382.781,15.7
ch01_00000000143000000.mp4,122220,motorcycle,1,1384.331,14.4
ch01_00000000143000000.mp4,122277,motorcycle,1,1385.081,13.8
ch01_00000000143000000.mp4,122345,motorcycle,1,1385.281,21.2
ch01_00000000143000000.mp4,122334,motorcycle,1,1385.681,18.0
ch01_00000000143000000.mp4,122556,motorcycle,1,1387.231,32.7
ch01_00000000143000000.mp4,122623,motorcycle,1,1387.931,11.6
ch01_00000000143000000.mp4,122641,motorcycle,1,1388.081,32.7
ch01_00000000143000000.mp4,122718,motorcycle,1,1389.481,30.0
ch01_00000000143000000.mp4,122813,motorcycle,1,1390.831,16.4
ch01_00000000143000000.mp4,122499,motorcycle,1,1391.981,8.8
ch01_00000000143000000.mp4,123015,motorcycle,1,1393.181,32.7
ch01_00000000143000000.mp4,122882,motorcycle,1,1393.681,10.0
ch01_00000000143000000.mp4,123217,motorcycle,1,1395.381,12.9
ch01_00000000143000000.mp4,123218,motorcycle,1,1395.581,18.9
ch01_00000000143000000.mp4,123278,motorcycle,1,1396.181,24.0
ch01_00000000143000000.mp4,123323,motorcycle,1,1396.481,22.5
ch01_00000000143000000.mp4,123612,motorcycle,1,1400.081,21.2
ch01_00000000143000000.mp4,123608,motorcycle,1,1400.48,21.2
ch01_00000000143000000.mp4,123800,motorcycle,1,1403.93,13.8
ch01_00000000143000000.mp4,123961,motorcycle,1,1404.68,24.0
ch01_00000000143000000.mp4,124020,car,2,1405.63,6.1
ch01_00000000143000000.mp4,124049,car,2,1406.23,16.4
ch01_00000000143000000.mp4,124211,motorcycle,1,1408.13,6.8
ch01_00000000143000000.mp4,124352,motorcycle,1,1409.63,18.9
ch01_00000000143000000.mp4,124331,car,2,1410.18,7.8
ch01_00000000143000000.mp4,124396,motorcycle,1,1410.53,18.9
ch01_00000000143000000.mp4,124820,motorcycle,1,1413.43,24.0
ch01_00000000143000000.mp4,124903,motorcycle,1,1414.58,16.4
ch01_00000000143000000.mp4,125057,motorcycle,1,1416.33,25.7
ch01_00000000143000000.mp4,125138,motorcycle,1,1417.28,9.0
ch01_00000000143000000.mp4,125183,motorcycle,1,1417.48,40.0
ch01_00000000143000000.mp4,125304,motorcycle,1,1419.13,12.4
ch01_00000000143000000.mp4,125316,motorcycle,1,1419.78,8.8
ch01_00000000143000000.mp4,125438,motorcycle,1,1420.479,17.1
ch01_00000000143000000.mp4,125383,motorcycle,1,1420.78,15.0
ch01_00000000143000000.mp4,125588,motorcycle,1,1421.979,21.2
ch01_00000000143000000.mp4,125639,motorcycle,1,1422.579,36.0
ch01_00000000143000000.mp4,125450,car,2,1422.779,17.1
ch01_00000000143000000.mp4,125692,motorcycle,1,1423.079,32.7
ch01_00000000143000000.mp4,125723,motorcycle,1,1423.629,27.7
ch01_00000000143000000.mp4,125815,motorcycle,1,1424.579,27.7
ch01_00000000143000000.mp4,125904,motorcycle,1,1425.879,27.7
ch01_00000000143000000.mp4,125981,motorcycle,1,1426.479,32.7
ch01_00000000143000000.mp4,126039,motorcycle,1,1427.429,12.0
ch01_00000000143000000.mp4,125998,motorcycle,1,1428.079,27.7
ch01_00000000143000000.mp4,126014,motorcycle,1,1428.379,15.0
ch01_00000000143000000.mp4,126167,motorcycle,1,1428.879,30.0
ch01_00000000143000000.mp4,126174,motorcycle,1,1429.129,25.7
ch01_00000000143000000.mp4,126314,motorcycle,1,1430.579,30.0
ch01_00000000143000000.mp4,126374,motorcycle,1,1431.029,25.7
ch01_00000000143000000.mp4,126357,motorcycle,1,1431.129,25.7
ch01_00000000143000000.mp4,126696,motorcycle,1,1434.529,25.7
ch01_00000000143000000.mp4,126678,motorcycle,1,1434.829,5.9
ch01_00000000143000000.mp4,126729,motorcycle,1,1434.979,24.0
ch01_00000000143000000.mp4,126762,motorcycle,1,1435.429,27.7
ch01_00000000143000000.mp4,126812,motorcycle,1,1435.779,24.0
ch01_00000000143000000.mp4,126607,car,2,1436.729,10.0
ch01_00000000143000000.mp4,126952,motorcycle,1,1437.729,10.3
ch01_00000000143000000.mp4,126869,motorcycle,1,1437.779,11.3
ch01_00000000143000000.mp4,127035,motorcycle,1,1438.679,22.5
ch01_00000000143000000.mp4,127119,motorcycle,1,1439.329,21.2
ch01_00000000143000000.mp4,127158,motorcycle,1,1439.729,22.5
ch01_00000000143000000.mp4,127179,motorcycle,1,1439.929,21.2
ch01_00000000143000000.mp4,127248,motorcycle,1,1440.728,20.0
ch01_00000000143000000.mp4,126961,car,2,1441.079,10.3
ch01_00000000143000000.mp4,127243,motorcycle,1,1441.228,11.6
ch01_00000000143000000.mp4,127377,motorcycle,1,1442.028,21.2
ch01_00000000143000000.mp4,127267,motorcycle,1,1442.478,12.0
ch01_00000000143000000.mp4,127417,motorcycle,1,1442.778,20.0
ch01_00000000143000000.mp4,127317,motorcycle,1,1443.078,18.0
ch01_00000000143000000.mp4,127485,motorcycle,1,1443.078,15.0
ch01_00000000143000000.mp4,127466,motorcycle,1,1443.528,15.7
ch01_00000000143000000.mp4,127570,motorcycle,1,1444.678,21.2
ch01_00000000143000000.mp4,127591,motorcycle,1,1444.928,22.5
ch01_00000000143000000.mp4,127718,motorcycle,1,1446.378,21.2
ch01_00000000143000000.mp4,127649,car,2,1446.578,15.0
ch01_00000000143000000.mp4,127750,motorcycle,1,1447.078,18.0
ch01_00000000143000000.mp4,127679,motorcycle,1,1447.128,11.6
ch01_00000000143000000.mp4,127799,motorcycle,1,1447.728,18.9
ch01_00000000143000000.mp4,127743,motorcycle,1,1447.878,18.0
ch01_00000000143000000.mp4,127832,motorcycle,1,1448.578,15.7
ch01_00000000143000000.mp4,127817,motorcycle,1,1448.678,18.0
ch01_00000000143000000.mp4,127849,motorcycle,1,1449.528,18.0
ch01_00000000143000000.mp4,127911,motorcycle,1,1449.678,20.0
ch01_00000000143000000.mp4,127954,motorcycle,1,1450.178,18.0
ch01_00000000143000000.mp4,127981,motorcycle,1,1450.378,20.0
ch01_00000000143000000.mp4,127991,motorcycle,1,1450.478,10.3
ch01_00000000143000000.mp4,128056,motorcycle,1,1451.428,18.9
ch01_00000000143000000.mp4,128073,motorcycle,1,1451.528,24.0
ch01_00000000143000000.mp4,128161,motorcycle,1,1452.428,20.0
ch01_00000000143000000.mp4,128141,motorcycle,1,1452.628,12.4
ch01_00000000143000000.mp4,128163,motorcycle,1,1452.928,18.9
ch01_00000000143000000.mp4,128235,motorcycle,1,1453.628,18.9
ch01_00000000143000000.mp4,128176,car,2,1453.878,11.6
ch01_00000000143000000.mp4,128396,motorcycle,1,1455.978,13.8
ch01_00000000143000000.mp4,128314,truck,6,1456.028,12.0
ch01_00000000143000000.mp4,128433,motorcycle,1,1456.478,17.1
ch01_00000000143000000.mp4,128545,car,2,1457.278,13.8
ch01_00000000143000000.mp4,128578,motorcycle,1,1458.378,18.0
ch01_00000000143000000.mp4,128752,motorcycle,1,1459.828,24.0
ch01_00000000143000000.mp4,128763,motorcycle,1,1459.928,22.5
ch01_00000000143000000.mp4,128745,car,3,1460.428,16.4
ch01_00000000143000000.mp4,128969,motorcycle,1,1462.277,17.1
ch01_00000000143000000.mp4,128975,motorcycle,1,1462.477,21.2
ch01_00000000143000000.mp4,129058,motorcycle,1,1463.127,21.2
ch01_00000000143000000.mp4,129071,motorcycle,1,1463.277,20.0
ch01_00000000143000000.mp4,129125,motorcycle,1,1463.727,15.7
ch01_00000000143000000.mp4,129168,motorcycle,1,1464.677,22.5
ch01_00000000143000000.mp4,129218,motorcycle,1,1464.977,24.0
ch01_00000000143000000.mp4,129239,motorcycle,1,1465.127,24.0
ch01_00000000143000000.mp4,129227,motorcycle,1,1465.177,18.9
ch01_00000000143000000.mp4,129226,motorcycle,1,1465.477,10.9
ch01_00000000143000000.mp4,129280,motorcycle,1,1465.877,22.5
ch01_00000000143000000.mp4,129345,motorcycle,1,1466.777,24.0
ch01_00000000143000000.mp4,129450,motorcycle,1,1467.977,24.0
ch01_00000000143000000.mp4,129414,car,2,1468.077,20.0
ch01_00000000143000000.mp4,129519,motorcycle,1,1468.827,21.2
ch01_00000000143000000.mp4,129518,motorcycle,1,1468.877,20.0
ch01_00000000143000000.mp4,129559,motorcycle,1,1469.377,18.9
ch01_00000000143000000.mp4,129592,motorcycle,1,1469.577,25.7
ch01_00000000143000000.mp4,129611,motorcycle,1,1469.977,20.0
ch01_00000000143000000.mp4,129635,car,3,1470.377,16.4
ch01_00000000143000000.mp4,129690,motorcycle,1,1470.927,21.2
ch01_00000000143000000.mp4,129753,motorcycle,1,1471.677,22.5
ch01_00000000143000000.mp4,129820,truck,4,1472.427,18.0
ch01_00000000143000000.mp4,129858,truck,4,1472.877,15.7
ch01_00000000143000000.mp4,129993,motorcycle,1,1474.027,18.9
ch01_00000000143000000.mp4,130083,motorcycle,1,1474.877,21.2
ch01_00000000143000000.mp4,130116,motorcycle,1,1475.227,11.3
ch01_00000000143000000.mp4,130098,motorcycle,1,1475.277,20.0
ch01_00000000143000000.mp4,130107,car,2,1476.477,10.3
ch01_00000000143000000.mp4,130303,motorcycle,1,1477.377,25.7
ch01_00000000143000000.mp4,130363,motorcycle,1,1478.127,24.0
ch01_00000000143000000.mp4,130354,car,2,1478.377,18.9
ch01_00000000143000000.mp4,130495,motorcycle,1,1479.877,6.4
ch01_00000000143000000.mp4,130529,motorcycle,1,1479.977,25.7
ch01_00000000143000000.mp4,130582,motorcycle,1,1480.576,25.7
ch01_00000000143000000.mp4,130567,car,2,1481.627,18.0
ch01_00000000143000000.mp4,130735,motorcycle,1,1482.326,15.0
ch01_00000000143000000.mp4,130516,motorcycle,1,1482.726,8.2
ch01_00000000143000000.mp4,130652,car,2,1483.026,5.1
ch01_00000000143000000.mp4,130773,motorcycle,1,1483.126,21.2
ch01_00000000143000000.mp4,130906,motorcycle,1,1483.926,18.9
ch01_00000000143000000.mp4,131008,motorcycle,1,1484.876,12.4
ch01_00000000143000000.mp4,130854,motorcycle,1,1485.376,9.5
ch01_00000000143000000.mp4,131160,motorcycle,1,1486.826,15.7
ch01_00000000143000000.mp4,131191,motorcycle,1,1486.876,10.6
ch01_00000000143000000.mp4,131167,motorcycle,1,1486.926,18.9
ch01_00000000143000000.mp4,131256,truck,4,1488.626,10.3
ch01_00000000143000000.mp4,131408,motorcycle,1,1489.526,24.0
ch01_00000000143000000.mp4,131402,motorcycle,1,1489.776,18.9
ch01_00000000143000000.mp4,131486,car,2,1490.376,4.9
ch01_00000000143000000.mp4,131421,car,2,1490.876,12.4
ch01_00000000143000000.mp4,131555,motorcycle,1,1491.576,21.2
ch01_00000000143000000.mp4,131745,motorcycle,1,1493.126,21.2
ch01_00000000143000000.mp4,131779,motorcycle,1,1493.526,18.9
ch01_00000000143000000.mp4,131752,car,2,1493.776,15.7
ch01_00000000143000000.mp4,131841,car,2,1495.426,14.4
ch01_00000000143000000.mp4,131893,car,2,1495.726,18.0
ch01_00000000143000000.mp4,132068,car,2,1496.926,14.4
ch01_00000000143000000.mp4,132203,car,2,1498.776,18.9
ch01_00000000143000000.mp4,132292,motorcycle,1,1499.626,18.9
ch01_00000000143000000.mp4,132347,motorcycle,1,1499.826,24.0
ch01_00000000143000000.mp4,132369,motorcycle,1,1500.226,20.0
ch01_00000000143000000.mp4,132366,motorcycle,1,1500.525,7.7
ch01_00000000143000000.mp4,132370,car,2,1500.825,17.1
ch01_00000000143000000.mp4,132512,motorcycle,1,1502.025,16.4
ch01_00000000143000000.mp4,132470,car,2,1502.625,12.0
ch01_00000000143000000.mp4,132892,motorcycle,1,1506.375,12.0
ch01_00000000143000000.mp4,132977,motorcycle,1,1508.175,11.6
ch01_00000000143000000.mp4,133021,car,2,1508.475,10.0
ch01_00000000143000000.mp4,133039,motorcycle,1,1509.425,11.6
ch01_00000000143000000.mp4,133105,motorcycle,1,1509.675,11.3
ch01_00000000143000000.mp4,133335,motorcycle,1,1511.725,12.9
ch01_00000000143000000.mp4,133264,truck,4,1511.975,10.6
ch01_00000000143000000.mp4,133455,motorcycle,1,1513.325,15.7
ch01_00000000143000000.mp4,133514,motorcycle,1,1513.925,15.7
ch01_00000000143000000.mp4,133511,motorcycle,1,1514.275,18.0
ch01_00000000143000000.mp4,133492,car,2,1514.325,10.3
ch01_00000000143000000.mp4,133637,motorcycle,1,1515.475,18.9
ch01_00000000143000000.mp4,133626,motorcycle,1,1515.625,18.9
ch01_00000000143000000.mp4,133512,truck,4,1515.875,8.8
ch01_00000000143000000.mp4,133874,motorcycle,1,1518.325,11.3
ch01_00000000143000000.mp4,133706,car,2,1518.525,16.4
ch01_00000000143000000.mp4,133855,car,2,1519.275,8.4
ch01_00000000143000000.mp4,133982,motorcycle,1,1519.625,17.1
ch01_00000000143000000.mp4,134021,motorcycle,1,1520.325,16.4
ch01_00000000143000000.mp4,134023,car,2,1520.975,21.2
ch01_00000000143000000.mp4,134170,motorcycle,1,1522.324,17.1
ch01_00000000143000000.mp4,134220,motorcycle,1,1522.974,18.9
ch01_00000000143000000.mp4,134234,motorcycle,1,1523.274,20.0
ch01_00000000143000000.mp4,134116,car,2,1523.724,6.4
ch01_00000000143000000.mp4,134306,motorcycle,1,1523.874,18.9
ch01_00000000143000000.mp4,134315,car,2,1525.374,10.9
ch01_00000000143000000.mp4,134467,motorcycle,1,1525.724,18.0
ch01_00000000143000000.mp4,134533,motorcycle,1,1526.524,18.0
ch01_00000000143000000.mp4,134534,car,2,1526.824,13.8
ch01_00000000143000000.mp4,134583,motorcycle,1,1527.174,16.4
ch01_00000000143000000.mp4,134579,car,3,1527.324,6.8
ch01_00000000143000000.mp4,134660,motorcycle,1,1528.124,18.0
ch01_00000000143000000.mp4,134605,car,2,1528.224,12.9
ch01_00000000143000000.mp4,135148,motorcycle,1,1532.474,18.0
ch01_00000000143000000.mp4,135132,motorcycle,1,1533.024,15.7
ch01_00000000143000000.mp4,135307,motorcycle,1,1534.324,15.7
ch01_00000000143000000.mp4,135261,truck,6,1534.874,17.1
ch01_00000000143000000.mp4,135389,motorcycle,1,1535.124,17.1
ch01_00000000143000000.mp4,135421,motorcycle,1,1535.674,18.0
ch01_00000000143000000.mp4,135549,motorcycle,1,1536.524,20.0
ch01_00000000143000000.mp4,135572,car,2,1537.274,15.7
ch01_00000000143000000.mp4,135601,motorcycle,1,1537.324,15.7
ch01_00000000143000000.mp4,135681,motorcycle,1,1537.974,16.4
ch01_00000000143000000.mp4,135790,motorcycle,1,1539.124,17.1
ch01_00000000143000000.mp4,135805,motorcycle,1,1540.124,13.8
ch01_00000000143000000.mp4,136017,car,2,1542.474,13.8
ch01_00000000143000000.mp4,136129,motorcycle,1,1542.674,18.0
ch01_00000000143000000.mp4,136119,motorcycle,1,1543.073,15.7
ch01_00000000143000000.mp4,136178,motorcycle,1,1543.273,17.1
ch01_00000000143000000.mp4,136210,motorcycle,1,1543.773,18.9
ch01_00000000143000000.mp4,136229,motorcycle,1,1543.973,20.0
ch01_00000000143000000.mp4,136327,motorcycle,1,1544.773,6.4
ch01_00000000143000000.mp4,136307,car,3,1545.923,10.9
ch01_00000000143000000.mp4,136618,car,2,1547.923,13.3
ch01_00000000143000000.mp4,136716,motorcycle,1,1548.873,10.6
ch01_00000000143000000.mp4,136755,motorcycle,1,1549.373,17.1
ch01_00000000143000000.mp4,136773,car,2,1550.123,12.9
ch01_00000000143000000.mp4,136796,motorcycle,1,1550.173,16.4
ch01_00000000143000000.mp4,136832,motorcycle,1,1550.823,16.4
ch01_00000000143000000.mp4,136844,motorcycle,1,1550.873,13.8
ch01_00000000143000000.mp4,136923,motorcycle,1,1551.873,14.4
ch01_00000000143000000.mp4,136910,car,2,1552.873,13.8
ch01_00000000143000000.mp4,137022,car,3,1553.473,14.4
ch01_00000000143000000.mp4,137085,motorcycle,1,1553.673,18.9
ch01_00000000143000000.mp4,137110,motorcycle,1,1553.773,8.0
ch01_00000000143000000.mp4,137138,motorcycle,1,1554.373,16.4
ch01_00000000143000000.mp4,137192,motorcycle,1,1554.873,15.0
ch01_00000000143000000.mp4,137191,motorcycle,1,1554.873,10.0
ch01_00000000143000000.mp4,137268,motorcycle,1,1555.573,15.7
ch01_00000000143000000.mp4,137352,motorcycle,1,1556.173,15.0
ch01_00000000143000000.mp4,137398,motorcycle,1,1556.873,15.0
ch01_00000000143000000.mp4,137475,motorcycle,1,1557.723,18.0
ch01_00000000143000000.mp4,137536,motorcycle,1,1558.273,17.1
ch01_00000000143000000.mp4,137486,motorcycle,1,1558.323,4.5
ch01_00000000143000000.mp4,137574,car,2,1559.323,14.4
ch01_00000000143000000.mp4,137623,motorcycle,1,1559.423,18.9
ch01_00000000143000000.mp4,137729,car,2,1561.172,15.0
ch01_00000000143000000.mp4,137831,motorcycle,1,1561.172,22.5
ch01_00000000143000000.mp4,137956,motorcycle,1,1562.872,20.0
ch01_00000000143000000.mp4,138046,car,2,1564.222,13.3
ch01_00000000143000000.mp4,137890,car,2,1568.022,8.2
ch01_00000000143000000.mp4,138299,car,2,1569.272,9.0
ch01_00000000143000000.mp4,138503,motorcycle,1,1570.322,10.3
ch01_00000000143000000.mp4,138599,motorcycle,1,1570.572,10.3
ch01_00000000143000000.mp4,138387,car,2,1571.372,7.1
ch01_00000000143000000.mp4,138817,motorcycle,1,1572.922,15.7
ch01_00000000143000000.mp4,138818,car,2,1574.522,12.4
ch01_00000000143000000.mp4,138945,motorcycle,1,1575.772,12.4
ch01_00000000143000000.mp4,138927,motorcycle,1,1576.722,10.9
ch01_00000000143000000.mp4,139094,motorcycle,1,1577.722,8.4
ch01_00000000143000000.mp4,139271,motorcycle,1,1578.272,14.4
ch01_00000000143000000.mp4,138968,car,2,1579.572,7.5
ch01_00000000143000000.mp4,139391,car,2,1579.922,9.7
ch01_00000000143000000.mp4,139288,motorcycle,1,1580.672,15.0
ch01_00000000143000000.mp4,139488,motorcycle,1,1581.322,12.9
ch01_00000000143000000.mp4,139532,motorcycle,1,1581.522,17.1
ch01_00000000143000000.mp4,139476,car,2,1582.921,10.3
ch01_00000000143000000.mp4,139793,motorcycle,1,1585.221,12.4
ch01_00000000143000000.mp4,139858,motorcycle,1,1586.071,13.8
ch01_00000000143000000.mp4,139871,car,2,1586.521,15.7
ch01_00000000143000000.mp4,139963,motorcycle,1,1587.871,9.7
ch01_00000000143000000.mp4,140034,car,3,1588.721,15.7
ch01_00000000143000000.mp4,140242,motorcycle,1,1591.271,11.2
ch01_00000000143000000.mp4,140268,motorcycle,1,1591.471,18.0
ch01_00000000143000000.mp4,140356,motorcycle,1,1593.071,6.2
ch01_00000000143000000.mp4,140476,motorcycle,1,1594.271,22.5
ch01_00000000143000000.mp4,140399,motorcycle,1,1594.371,6.4
ch01_00000000143000000.mp4,140520,motorcycle,1,1595.521,4.4
ch01_00000000143000000.mp4,140646,motorcycle,1,1598.521,5.2
ch01_00000000143000000.mp4,140740,motorcycle,1,1598.771,16.4
ch01_00000000143000000.mp4,140908,truck,4,1600.321,8.8
ch01_00000000143000000.mp4,140878,motorcycle,1,1601.22,8.8
ch01_00000000143000000.mp4,140968,motorcycle,1,1601.87,8.8
ch01_00000000143000000.mp4,141101,motorcycle,1,1602.521,18.0
ch01_00000000143000000.mp4,141245,motorcycle,1,1604.42,8.0
ch01_00000000143000000.mp4,141405,car,2,1606.02,11.6
ch01_00000000143000000.mp4,141508,motorcycle,1,1607.22,12.0
ch01_00000000143000000.mp4,141451,car,2,1608.62,5.7
ch01_00000000143000000.mp4,141695,car,2,1610.67,13.3
ch01_00000000143000000.mp4,141922,car,2,1612.02,12.4
ch01_00000000143000000.mp4,142249,motorcycle,1,1613.92,7.3
ch01_00000000143000000.mp4,142370,motorcycle,1,1614.92,32.7
ch01_00000000143000000.mp4,142199,car,2,1615.12,12.9
ch01_00000000143000000.mp4,142599,motorcycle,1,1616.82,13.8
ch01_00000000143000000.mp4,142648,car,3,1618.07,4.9
ch01_00000000143000000.mp4,142807,car,2,1619.47,25.7
ch01_00000000143000000.mp4,142731,car,2,1620.12,5.3
ch01_00000000143000000.mp4,142988,motorcycle,1,1622.82,11.6
ch01_00000000143000000.mp4,142856,motorcycle,1,1623.569,11.6
ch01_00000000143000000.mp4,143156,motorcycle,1,1623.719,6.4
ch01_00000000143000000.mp4,143089,motorcycle,1,1624.419,10.3
ch01_00000000143000000.mp4,143329,car,2,1625.019,5.9
ch01_00000000143000000.mp4,143339,motorcycle,1,1625.519,11.2
ch01_00000000143000000.mp4,143202,car,2,1627.469,6.2
ch01_00000000143000000.mp4,143565,motorcycle,1,1629.169,7.7
ch01_00000000143000000.mp4,143628,motorcycle,1,1629.919,9.2
ch01_00000000143000000.mp4,143716,motorcycle,1,1630.119,17.1
ch01_00000000143000000.mp4,143825,motorcycle,1,1631.219,12.4
ch01_00000000143000000.mp4,143862,motorcycle,1,1632.119,13.3
ch01_00000000143000000.mp4,144033,motorcycle,1,1634.319,12.4
ch01_00000000143000000.mp4,144179,motorcycle,1,1635.119,22.5
ch01_00000000143000000.mp4,144159,motorcycle,1,1635.319,13.3
ch01_00000000143000000.mp4,144166,motorcycle,1,1635.819,15.0
ch01_00000000143000000.mp4,144579,motorcycle,1,1639.519,27.7
ch01_00000000143000000.mp4,144587,motorcycle,1,1639.719,30.0
ch01_00000000143000000.mp4,144622,motorcycle,1,1640.169,22.5
ch01_00000000143000000.mp4,144645,motorcycle,1,1640.469,25.7
ch01_00000000143000000.mp4,144656,motorcycle,1,1640.719,30.0
ch01_00000000143000000.mp4,144707,motorcycle,1,1641.319,30.0
ch01_00000000143000000.mp4,144708,motorcycle,1,1641.369,25.7
ch01_00000000143000000.mp4,144488,car,2,1641.718,4.9
ch01_00000000143000000.mp4,144779,motorcycle,1,1642.319,25.7
ch01_00000000143000000.mp4,144831,motorcycle,1,1642.668,30.0
ch01_00000000143000000.mp4,144855,motorcycle,1,1643.319,25.7
ch01_00000000143000000.mp4,144902,motorcycle,1,1643.618,30.0
ch01_00000000143000000.mp4,144930,motorcycle,1,1644.068,27.7
ch01_00000000143000000.mp4,144956,car,2,1646.318,6.7
ch01_00000000143000000.mp4,145214,motorcycle,1,1647.068,21.2
ch01_00000000143000000.mp4,145217,motorcycle,1,1647.068,27.7
ch01_00000000143000000.mp4,145218,motorcycle,1,1647.418,24.0
ch01_00000000143000000.mp4,145348,motorcycle,1,1648.568,22.5
ch01_00000000143000000.mp4,145071,truck,4,1649.318,6.2
ch01_00000000143000000.mp4,145518,motorcycle,1,1650.118,27.7
ch01_00000000143000000.mp4,145550,motorcycle,1,1651.268,27.7
ch01_00000000143000000.mp4,145494,truck,4,1651.818,2.6
ch01_00000000143000000.mp4,145709,motorcycle,1,1652.018,24.0
ch01_00000000143000000.mp4,145707,motorcycle,1,1652.468,25.7
ch01_00000000143000000.mp4,145898,motorcycle,1,1653.968,22.5
ch01_00000000143000000.mp4,145881,motorcycle,1,1654.468,25.7
ch01_00000000143000000.mp4,146082,motorcycle,1,1655.568,24.0
ch01_00000000143000000.mp4,146063,motorcycle,1,1655.668,24.0
ch01_00000000143000000.mp4,146038,motorcycle,1,1656.068,21.2
ch01_00000000143000000.mp4,146231,motorcycle,1,1657.668,24.0
ch01_00000000143000000.mp4,146432,motorcycle,1,1659.618,21.2
ch01_00000000143000000.mp4,146414,motorcycle,1,1660.318,21.2
ch01_00000000143000000.mp4,146351,motorcycle,1,1660.668,11.3
ch01_00000000143000000.mp4,145516,car,2,1661.118,4.9
ch01_00000000143000000.mp4,146587,motorcycle,1,1661.668,12.4
ch01_00000000143000000.mp4,146647,motorcycle,1,1662.368,12.9
ch01_00000000143000000.mp4,146829,motorcycle,1,1663.568,16.4
ch01_00000000143000000.mp4,146850,motorcycle,1,1663.867,18.9
ch01_00000000143000000.mp4,146894,motorcycle,1,1664.517,15.7
ch01_00000000143000000.mp4,146064,car,2,1664.767,5.5
ch01_00000000143000000.mp4,146943,motorcycle,1,1665.217,20.0
ch01_00000000143000000.mp4,147010,motorcycle,1,1666.117,17.1
ch01_00000000143000000.mp4,147011,car,2,1666.417,18.9
ch01_00000000143000000.mp4,147120,motorcycle,1,1667.217,17.1
ch01_00000000143000000.mp4,147300,motorcycle,1,1668.867,18.9
ch01_00000000143000000.mp4,147324,motorcycle,1,1669.467,11.6
ch01_00000000143000000.mp4,147498,car,2,1671.267,20.0
ch01_00000000143000000.mp4,147540,motorcycle,1,1671.367,18.9
ch01_00000000143000000.mp4,147640,motorcycle,1,1672.167,18.9
ch01_00000000143000000.mp4,147581,motorcycle,1,1672.567,17.1
ch01_00000000143000000.mp4,147665,car,2,1672.767,25.7
ch01_00000000143000000.mp4,147708,motorcycle,1,1673.117,18.0
ch01_00000000143000000.mp4,147464,car,2,1673.217,4.1
ch01_00000000143000000.mp4,147639,motorcycle,1,1673.367,6.4
ch01_00000000143000000.mp4,147783,motorcycle,1,1674.867,8.4
ch01_00000000143000000.mp4,147926,car,2,1675.517,10.6
ch01_00000000143000000.mp4,147817,motorcycle,1,1675.717,7.7
ch01_00000000143000000.mp4,148017,motorcycle,1,1677.317,10.9
ch01_00000000143000000.mp4,147943,car,3,1678.167,6.2
ch01_00000000143000000.mp4,148150,motorcycle,1,1678.467,16.4
ch01_00000000143000000.mp4,148212,motorcycle,1,1678.917,12.0
ch01_00000000143000000.mp4,148293,car,2,1679.967,11.2
ch01_00000000143000000.mp4,148272,motorcycle,1,1680.067,11.6
ch01_00000000143000000.mp4,148404,motorcycle,1,1681.067,12.9
ch01_00000000143000000.mp4,148433,motorcycle,1,1681.367,12.9
ch01_00000000143000000.mp4,148590,motorcycle,1,1683.117,13.3
ch01_00000000143000000.mp4,148664,motorcycle,1,1683.916,14.4
ch01_00000000143000000.mp4,148713,motorcycle,1,1684.316,13.3
ch01_00000000143000000.mp4,148707,motorcycle,1,1684.466,13.3
ch01_00000000143000000.mp4,148790,motorcycle,1,1685.216,9.2
ch01_00000000143000000.mp4,148967,motorcycle,1,1687.066,18.9
ch01_00000000143000000.mp4,148937,car,2,1687.366,15.7
ch01_00000000143000000.mp4,149032,motorcycle,1,1687.516,18.0
ch01_00000000143000000.mp4,148756,motorcycle,1,1688.316,11.6
ch01_00000000143000000.mp4,149180,motorcycle,1,1689.366,17.1
ch01_00000000143000000.mp4,149291,motorcycle,1,1690.366,18.9
ch01_00000000143000000.mp4,149372,motorcycle,1,1690.716,20.0
ch01_00000000143000000.mp4,149408,motorcycle,1,1691.516,18.9
ch01_00000000143000000.mp4,149420,motorcycle,1,1692.116,10.9
ch01_00000000143000000.mp4,149465,car,2,1692.166,16.4
ch01_00000000143000000.mp4,149508,motorcycle,1,1692.366,17.1
ch01_00000000143000000.mp4,149534,motorcycle,1,1692.866,18.0
ch01_00000000143000000.mp4,149590,motorcycle,1,1693.516,15.7
ch01_00000000143000000.mp4,149640,motorcycle,1,1693.716,17.1
ch01_00000000143000000.mp4,149718,motorcycle,1,1694.266,16.4
ch01_00000000143000000.mp4,149773,motorcycle,1,1694.616,18.0
ch01_00000000143000000.mp4,149814,motorcycle,1,1695.216,16.4
ch01_00000000143000000.mp4,149820,motorcycle,1,1695.316,16.4
ch01_00000000143000000.mp4,149874,motorcycle,1,1695.866,18.9
ch01_00000000143000000.mp4,149924,motorcycle,1,1696.466,18.0
ch01_00000000143000000.mp4,150005,motorcycle,1,1697.166,15.7
ch01_00000000143000000.mp4,150159,motorcycle,1,1699.466,25.7
ch01_00000000143000000.mp4,150158,car,2,1699.966,16.4
ch01_00000000143000000.mp4,150278,motorcycle,1,1701.116,15.7
ch01_00000000143000000.mp4,150355,car,2,1702.366,15.7
ch01_00000000143000000.mp4,150391,motorcycle,1,1702.366,16.4
ch01_00000000143000000.mp4,150607,motorcycle,1,1704.015,20.0
ch01_00000000143000000.mp4,150551,car,2,1704.165,20.0
ch01_00000000143000000.mp4,150608,motorcycle,1,1704.415,17.1
ch01_00000000143000000.mp4,150726,motorcycle,1,1705.315,21.2
ch01_00000000143000000.mp4,150761,motorcycle,1,1705.815,15.7
ch01_00000000143000000.mp4,150949,motorcycle,1,1709.315,12.0
ch01_00000000143000000.mp4,151077,motorcycle,1,1709.715,20.0
ch01_00000000143000000.mp4,151013,motorcycle,1,1710.215,15.7
ch01_00000000143000000.mp4,151145,car,2,1711.515,10.9
ch01_00000000143000000.mp4,151253,motorcycle,1,1712.015,14.4
ch01_00000000143000000.mp4,151339,motorcycle,1,1713.065,12.9
ch01_00000000143000000.mp4,151581,car,2,1715.515,14.4
ch01_00000000143000000.mp4,151690,motorcycle,1,1716.415,17.1
ch01_00000000143000000.mp4,151851,car,2,1718.265,14.4
ch01_00000000143000000.mp4,152121,car,3,1721.415,14.4
ch01_00000000143000000.mp4,152298,motorcycle,1,1722.715,24.0
ch01_00000000143000000.mp4,152326,car,2,1723.465,14.4
ch01_00000000143000000.mp4,152495,motorcycle,1,1724.214,12.4
ch01_00000000143000000.mp4,152584,motorcycle,1,1725.314,17.1
ch01_00000000143000000.mp4,152636,car,2,1726.614,14.4
ch01_00000000143000000.mp4,152745,motorcycle,1,1727.364,20.0
ch01_00000000143000000.mp4,152905,motorcycle,1,1729.164,24.0
ch01_00000000143000000.mp4,152931,motorcycle,1,1729.614,9.0
ch01_00000000143000000.mp4,152983,motorcycle,1,1729.864,20.0
ch01_00000000143000000.mp4,153073,motorcycle,1,1731.064,22.5
ch01_00000000143000000.mp4,152764,motorcycle,1,1731.314,10.0
ch01_00000000143000000.mp4,153057,car,2,1732.114,9.5
ch01_00000000143000000.mp4,153283,motorcycle,1,1732.814,15.7
ch01_00000000143000000.mp4,153322,car,3,1734.564,8.2
ch01_00000000143000000.mp4,153441,motorcycle,1,1735.164,11.3
ch01_00000000143000000.mp4,153590,car,3,1737.314,8.2
ch01_00000000143000000.mp4,153774,motorcycle,1,1737.964,12.9
ch01_00000000143000000.mp4,153887,car,2,1739.914,4.4
ch01_00000000143000000.mp4,154024,motorcycle,1,1740.464,8.6
ch01_00000000143000000.mp4,153937,car,2,1740.464,11.6
ch01_00000000143000000.mp4,154148,car,2,1743.914,5.4
ch01_00000000143000000.mp4,154410,motorcycle,1,1744.713,8.8
ch01_00000000143000000.mp4,154571,motorcycle,1,1746.063,8.4
ch01_00000000143000000.mp4,154594,motorcycle,1,1746.413,10.0
ch01_00000000143000000.mp4,154411,car,2,1747.413,4.9
ch01_00000000143000000.mp4,154711,motorcycle,1,1747.813,9.0
ch01_00000000143000000.mp4,154770,car,2,1751.463,4.6
ch01_00000000143000000.mp4,155114,motorcycle,1,1752.363,12.4
ch01_00000000143000000.mp4,155216,motorcycle,1,1753.763,11.6
ch01_00000000143000000.mp4,155333,car,2,1754.413,5.8
ch01_00000000143000000.mp4,155334,motorcycle,1,1754.863,12.0
ch01_00000000143000000.mp4,155113,car,2,1755.513,5.6
ch01_00000000143000000.mp4,155691,car,3,1759.963,6.7
ch01_00000000143000000.mp4,155875,motorcycle,1,1761.063,10.0
ch01_00000000143000000.mp4,155978,motorcycle,1,1761.763,12.4
ch01_00000000143000000.mp4,155962,truck,6,1761.863,12.9
ch01_00000000143000000.mp4,155933,car,2,1762.713,6.5
ch01_00000000143000000.mp4,156160,motorcycle,1,1763.612,10.0
ch01_00000000143000000.mp4,156273,motorcycle,1,1764.612,10.0
ch01_00000000143000000.mp4,156341,motorcycle,1,1765.462,10.9
ch01_00000000143000000.mp4,156507,motorcycle,1,1767.062,8.4
ch01_00000000143000000.mp4,156647,motorcycle,1,1768.412,12.4
ch01_00000000143000000.mp4,156638,motorcycle,1,1768.562,9.5
ch01_00000000143000000.mp4,156547,truck,6,1768.762,5.8
ch01_00000000143000000.mp4,156760,motorcycle,1,1770.012,9.2
ch01_00000000143000000.mp4,156773,motorcycle,1,1771.562,11.3
ch01_00000000143000000.mp4,156821,car,3,1772.312,5.7
ch01_00000000143000000.mp4,157009,car,2,1775.812,7.5
ch01_00000000143000000.mp4,157293,car,2,1778.212,10.9
ch01_00000000143000000.mp4,157576,car,3,1780.012,10.3
ch01_00000000143000000.mp4,157561,motorcycle,1,1781.012,10.0
ch01_00000000143000000.mp4,157749,motorcycle,1,1781.212,9.5
ch01_00000000143000000.mp4,157758,motorcycle,1,1781.462,9.5
ch01_00000000143000000.mp4,157762,motorcycle,1,1782.262,9.7
ch01_00000000143000000.mp4,157825,motorcycle,1,1782.611,10.3
ch01_00000000143000000.mp4,157739,motorcycle,1,1782.861,10.0
ch01_00000000143000000.mp4,157911,car,2,1784.262,12.0
ch01_00000000143000000.mp4,157919,car,2,1784.911,15.0
ch01_00000000143000000.mp4,158133,motorcycle,1,1785.611,14.4
ch01_00000000143000000.mp4,158130,motorcycle,1,1786.111,15.7
ch01_00000000143000000.mp4,158185,motorcycle,1,1786.461,8.8
ch01_00000000143000000.mp4,158245,motorcycle,1,1787.261,10.3
ch01_00000000143000000.mp4,158309,car,2,1789.211,12.0
ch01_00000000143000000.mp4,158617,motorcycle,1,1792.061,6.9
ch01_00000000143000000.mp4,158675,motorcycle,1,1792.911,22.5
ch01_00000000143000000.mp4,158653,motorcycle,1,1794.661,10.0
ch01_00000000143000000.mp4,158839,motorcycle,1,1795.611,13.8
ch01_00000000143000000.mp4,158813,motorcycle,1,1796.261,16.4
ch01_00000000143000000.mp4,158887,car,2,1797.611,10.9
ch01_00000000143000000.mp4,159013,car,2,1799.261,12.4
ch01_00000000143000000.mp4,159102,car,2,1799.711,13.3
ch01_00000000143000000.mp4,159244,car,2,1801.661,14.4
ch01_00000000143000000.mp4,159366,car,2,1802.861,12.9
ch01_00000000143000000.mp4,159488,car,2,1804.311,13.3
ch01_00000000143000000.mp4,159535,car,3,1805.71,8.2
ch01_00000000143000000.mp4,159750,motorcycle,1,1806.81,8.6
ch01_00000000143000000.mp4,159727,motorcycle,1,1806.86,18.0
ch01_00000000143000000.mp4,159654,motorcycle,1,1807.01,8.4
ch01_00000000143000000.mp4,159834,motorcycle,1,1808.01,15.0
ch01_00000000143000000.mp4,159829,car,2,1808.31,12.9
ch01_00000000143000000.mp4,159963,car,2,1810.01,12.4
ch01_00000000143000000.mp4,160284,motorcycle,1,1813.01,21.2
ch01_00000000143000000.mp4,160241,car,2,1813.31,10.0
ch01_00000000143000000.mp4,160328,car,2,1815.46,10.6
ch01_00000000143000000.mp4,160518,motorcycle,1,1816.16,7.8
ch01_00000000143000000.mp4,160536,car,2,1817.86,12.4
ch01_00000000143000000.mp4,160750,motorcycle,1,1818.71,9.2
ch01_00000000143000000.mp4,160841,motorcycle,1,1820.36,15.7
ch01_00000000143000000.mp4,161086,motorcycle,1,1823.61,6.1
ch01_00000000143000000.mp4,161057,motorcycle,1,1823.959,5.2
ch01_00000000143000000.mp4,160913,car,2,1825.259,4.2
ch01_00000000143000000.mp4,161291,motorcycle,1,1827.759,14.4
ch01_00000000143000000.mp4,161261,motorcycle,1,1828.509,7.8
ch01_00000000143000000.mp4,161151,car,3,1829.059,5.5
ch01_00000000143000000.mp4,161430,motorcycle,1,1829.159,11.6
ch01_00000000143000000.mp4,161530,car,2,1831.659,4.3
ch01_00000000143000000.mp4,161830,motorcycle,1,1834.059,30.0
ch01_00000000143000000.mp4,161978,motorcycle,1,1836.459,8.4
ch01_00000000143000000.mp4,162011,car,2,1837.509,5.9
ch01_00000000143000000.mp4,161832,motorcycle,1,1837.759,13.3
ch01_00000000143000000.mp4,162266,car,2,1841.209,5.8
ch01_00000000143000000.mp4,162362,motorcycle,1,1842.059,32.7
ch01_00000000143000000.mp4,162276,car,2,1842.209,17.1
ch01_00000000143000000.mp4,162412,motorcycle,1,1842.709,32.7
ch01_00000000143000000.mp4,162640,motorcycle,1,1845.658,12.4
ch01_00000000143000000.mp4,162875,motorcycle,1,1848.608,27.7
ch01_00000000143000000.mp4,162925,motorcycle,1,1849.108,27.7
ch01_00000000143000000.mp4,162930,motorcycle,1,1849.408,30.0
ch01_00000000143000000.mp4,162963,motorcycle,1,1849.808,6.4
ch01_00000000143000000.mp4,162953,car,3,1851.108,3.5
ch01_00000000143000000.mp4,163242,motorcycle,1,1852.908,21.2
ch01_00000000143000000.mp4,163289,motorcycle,1,1853.408,21.2
ch01_00000000143000000.mp4,163290,car,2,1853.708,6.8
ch01_00000000143000000.mp4,163350,car,2,1855.308,9.0
ch01_00000000143000000.mp4,163499,motorcycle,1,1856.358,8.4
ch01_00000000143000000.mp4,163492,motorcycle,1,1857.258,10.6
ch01_00000000143000000.mp4,163547,motorcycle,1,1857.908,8.2
ch01_00000000143000000.mp4,163743,car,2,1859.058,15.0
ch01_00000000143000000.mp4,163778,motorcycle,1,1860.058,12.9
ch01_00000000143000000.mp4,163787,motorcycle,1,1860.208,16.4
ch01_00000000143000000.mp4,163901,motorcycle,1,1861.058,15.0
ch01_00000000143000000.mp4,163990,motorcycle,1,1862.108,16.4
ch01_00000000143000000.mp4,164071,motorcycle,1,1862.658,15.7
ch01_00000000143000000.mp4,164173,motorcycle,1,1863.608,17.1
ch01_00000000143000000.mp4,164181,motorcycle,1,1863.807,17.1
ch01_00000000143000000.mp4,164234,motorcycle,1,1864.307,18.0
ch01_00000000143000000.mp4,164284,motorcycle,1,1864.908,18.0
ch01_00000000143000000.mp4,164346,motorcycle,1,1865.457,18.9
ch01_00000000143000000.mp4,164477,motorcycle,1,1866.757,20.0
ch01_00000000143000000.mp4,164506,motorcycle,1,1867.157,7.1
ch01_00000000143000000.mp4,164552,motorcycle,1,1867.457,21.2
ch01_00000000143000000.mp4,164601,motorcycle,1,1868.157,18.9
ch01_00000000143000000.mp4,164637,motorcycle,1,1868.457,18.9
ch01_00000000143000000.mp4,164674,motorcycle,1,1868.957,21.2
ch01_00000000143000000.mp4,164782,motorcycle,1,1869.907,24.0
ch01_00000000143000000.mp4,164785,motorcycle,1,1869.957,30.0
ch01_00000000143000000.mp4,164135,motorcycle,1,1870.207,9.2
ch01_00000000143000000.mp4,164803,motorcycle,1,1870.407,22.5
ch01_00000000143000000.mp4,164909,motorcycle,1,1871.507,18.9
ch01_00000000143000000.mp4,164935,motorcycle,1,1872.007,8.6
ch01_00000000143000000.mp4,164984,motorcycle,1,1873.357,11.6
ch01_00000000143000000.mp4,165062,motorcycle,1,1873.857,15.0
ch01_00000000143000000.mp4,165197,motorcycle,1,1874.307,18.0
ch01_00000000143000000.mp4,165248,motorcycle,1,1874.907,15.0
ch01_00000000143000000.mp4,165233,car,2,1875.357,13.3
ch01_00000000143000000.mp4,165412,motorcycle,1,1876.157,18.9
ch01_00000000143000000.mp4,165508,motorcycle,1,1877.157,24.0
ch01_00000000143000000.mp4,165510,motorcycle,1,1877.557,14.4
ch01_00000000143000000.mp4,165663,motorcycle,1,1879.557,20.0
ch01_00000000143000000.mp4,165701,motorcycle,1,1880.057,20.0
ch01_00000000143000000.mp4,165822,motorcycle,1,1881.057,22.5
ch01_00000000143000000.mp4,166044,car,2,1883.607,10.0
ch01_00000000143000000.mp4,166239,motorcycle,1,1886.256,20.0
ch01_00000000143000000.mp4,165922,car,3,1886.306,5.7
ch01_00000000143000000.mp4,166373,motorcycle,1,1887.056,10.0
ch01_00000000143000000.mp4,166400,motorcycle,1,1887.756,11.6
ch01_00000000143000000.mp4,166519,motorcycle,1,1889.406,20.0
ch01_00000000143000000.mp4,166504,motorcycle,1,1889.706,9.0
ch01_00000000143000000.mp4,166609,motorcycle,1,1890.556,17.1
ch01_00000000143000000.mp4,166817,motorcycle,1,1892.806,25.7
ch01_00000000143000000.mp4,166861,motorcycle,1,1893.206,24.0
ch01_00000000143000000.mp4,166891,car,2,1893.906,15.0
ch01_00000000143000000.mp4,166921,motorcycle,1,1894.006,18.0
ch01_00000000143000000.mp4,167008,motorcycle,1,1895.106,12.9
ch01_00000000143000000.mp4,167096,motorcycle,1,1895.956,27.7
ch01_00000000143000000.mp4,167167,motorcycle,1,1897.106,25.7
ch01_00000000143000000.mp4,167297,motorcycle,1,1898.256,21.2
ch01_00000000143000000.mp4,167237,car,2,1898.306,24.0
ch01_00000000143000000.mp4,167345,motorcycle,1,1899.056,22.5
ch01_00000000143000000.mp4,167426,motorcycle,1,1899.406,24.0
ch01_00000000143000000.mp4,167523,motorcycle,1,1900.956,18.9
ch01_00000000143000000.mp4,167551,motorcycle,1,1901.206,30.0
ch01_00000000143000000.mp4,167585,motorcycle,1,1901.656,14.4
ch01_00000000143000000.mp4,167582,car,2,1901.956,20.0
ch01_00000000143000000.mp4,167686,motorcycle,1,1902.606,25.7
ch01_00000000143000000.mp4,167755,motorcycle,1,1903.406,24.0
ch01_00000000143000000.mp4,167667,car,3,1903.406,20.0
ch01_00000000143000000.mp4,167740,car,2,1903.855,15.7
ch01_00000000143000000.mp4,167956,motorcycle,1,1905.955,22.5
ch01_00000000143000000.mp4,167943,car,2,1906.105,20.0
ch01_00000000143000000.mp4,168001,motorcycle,1,1906.305,22.5
ch01_00000000143000000.mp4,168093,motorcycle,1,1907.455,22.5
ch01_00000000143000000.mp4,168155,motorcycle,1,1907.905,24.0
ch01_00000000143000000.mp4,168143,car,2,1908.055,20.0
ch01_00000000143000000.mp4,168340,motorcycle,1,1910.605,9.0
ch01_00000000143000000.mp4,168341,car,3,1911.055,21.2
ch01_00000000143000000.mp4,168449,motorcycle,1,1912.105,22.5
ch01_00000000143000000.mp4,168534,motorcycle,1,1914.155,13.8
ch01_00000000143000000.mp4,168558,motorcycle,1,1914.705,12.4
ch01_00000000143000000.mp4,168744,motorcycle,1,1915.755,25.7
ch01_00000000143000000.mp4,168786,motorcycle,1,1916.205,25.7
ch01_00000000143000000.mp4,168717,car,2,1916.855,9.7
ch01_00000000143000000.mp4,168801,motorcycle,1,1917.005,24.0
ch01_00000000143000000.mp4,168871,car,2,1917.705,21.2
ch01_00000000143000000.mp4,169060,car,2,1919.355,20.0
ch01_00000000143000000.mp4,169090,motorcycle,1,1920.255,5.5
ch01_00000000143000000.mp4,169199,motorcycle,1,1921.005,20.0
ch01_00000000143000000.mp4,169256,motorcycle,1,1921.555,21.2
ch01_00000000143000000.mp4,169403,motorcycle,1,1922.955,18.9
ch01_00000000143000000.mp4,169357,car,2,1923.155,18.9
ch01_00000000143000000.mp4,169647,motorcycle,1,1925.405,18.0
ch01_00000000143000000.mp4,169709,motorcycle,1,1925.954,18.9
ch01_00000000143000000.mp4,169791,motorcycle,1,1927.204,11.3
ch01_00000000143000000.mp4,169873,motorcycle,1,1928.154,11.6
ch01_00000000143000000.mp4,169984,motorcycle,1,1929.604,12.4
ch01_00000000143000000.mp4,170189,motorcycle,1,1931.704,13.3
ch01_00000000143000000.mp4,170277,motorcycle,1,1932.154,12.9
ch01_00000000143000000.mp4,170302,motorcycle,1,1932.654,12.4
ch01_00000000143000000.mp4,170138,motorcycle,1,1933.054,10.9
ch01_00000000143000000.mp4,170398,motorcycle,1,1933.504,13.8
ch01_00000000143000000.mp4,170624,motorcycle,1,1935.304,13.3
ch01_00000000143000000.mp4,170495,car,2,1935.504,9.5
ch01_00000000143000000.mp4,170669,motorcycle,1,1936.004,15.7
ch01_00000000143000000.mp4,170776,car,3,1937.454,17.1
ch01_00000000143000000.mp4,170739,car,2,1938.554,12.0
ch01_00000000143000000.mp4,171033,motorcycle,1,1940.104,12.4
ch01_00000000143000000.mp4,170607,truck,7,1940.204,7.5
ch01_00000000143000000.mp4,171171,motorcycle,1,1941.304,17.1
ch01_00000000143000000.mp4,171180,motorcycle,1,1941.504,10.6
ch01_00000000143000000.mp4,171142,car,2,1941.654,12.9
ch01_00000000143000000.mp4,171236,motorcycle,1,1941.854,16.4
ch01_00000000143000000.mp4,171187,motorcycle,1,1942.554,12.0
ch01_00000000143000000.mp4,171382,motorcycle,1,1943.554,17.1
ch01_00000000143000000.mp4,171280,car,2,1944.403,8.2
ch01_00000000143000000.mp4,171447,car,2,1944.803,10.9
ch01_00000000143000000.mp4,171512,motorcycle,1,1945.454,18.9
ch01_00000000143000000.mp4,171532,motorcycle,1,1945.603,15.0
ch01_00000000143000000.mp4,171612,motorcycle,1,1946.803,12.9
ch01_00000000143000000.mp4,171514,car,2,1946.853,6.2
ch01_00000000143000000.mp4,171669,car,2,1947.453,11.6
ch01_00000000143000000.mp4,171808,motorcycle,1,1948.853,12.9
ch01_00000000143000000.mp4,171755,car,2,1949.303,12.4
ch01_00000000143000000.mp4,171856,motorcycle,1,1950.253,13.3
ch01_00000000143000000.mp4,171975,motorcycle,1,1951.103,13.8
ch01_00000000143000000.mp4,172115,car,2,1952.803,13.3
ch01_00000000143000000.mp4,172095,car,2,1952.953,9.2
ch01_00000000143000000.mp4,172149,motorcycle,1,1953.303,15.0
ch01_00000000143000000.mp4,172237,motorcycle,1,1954.103,13.8
ch01_00000000143000000.mp4,172273,motorcycle,1,1954.353,15.0
ch01_00000000143000000.mp4,172324,motorcycle,1,1954.803,8.0
ch01_00000000143000000.mp4,172317,motorcycle,1,1954.953,15.7
ch01_00000000143000000.mp4,172407,motorcycle,1,1956.703,5.7
ch01_00000000143000000.mp4,172490,car,2,1957.353,16.4
ch01_00000000143000000.mp4,172605,motorcycle,1,1958.153,18.0
ch01_00000000143000000.mp4,172645,motorcycle,1,1958.703,17.1
ch01_00000000143000000.mp4,172582,motorcycle,1,1959.053,10.0
ch01_00000000143000000.mp4,172696,motorcycle,1,1959.303,18.0
ch01_00000000143000000.mp4,172552,car,2,1959.853,7.1
ch01_00000000143000000.mp4,172796,motorcycle,1,1960.453,18.0
ch01_00000000143000000.mp4,172866,motorcycle,1,1961.103,16.4
ch01_00000000143000000.mp4,173018,motorcycle,1,1962.453,18.0
ch01_00000000143000000.mp4,173032,motorcycle,1,1962.453,17.1
ch01_00000000143000000.mp4,173126,motorcycle,1,1963.903,18.9
ch01_00000000143000000.mp4,173210,truck,4,1964.902,9.0
ch01_00000000143000000.mp4,173362,car,2,1967.152,15.0
ch01_00000000143000000.mp4,173425,motorcycle,1,1967.452,20.0
ch01_00000000143000000.mp4,173525,motorcycle,1,1968.502,20.0
ch01_00000000143000000.mp4,173526,car,2,1969.052,15.7
ch01_00000000143000000.mp4,173579,motorcycle,1,1969.102,18.9
ch01_00000000143000000.mp4,173596,motorcycle,1,1969.552,18.9
ch01_00000000143000000.mp4,173699,motorcycle,1,1970.402,18.9
ch01_00000000143000000.mp4,173756,motorcycle,1,1971.252,18.9
ch01_00000000143000000.mp4,173912,car,2,1973.302,14.4
ch01_00000000143000000.mp4,173850,car,2,1973.402,5.1
ch01_00000000143000000.mp4,174105,car,2,1975.302,13.8
ch01_00000000143000000.mp4,174147,motorcycle,1,1976.002,17.1
ch01_00000000143000000.mp4,174020,car,2,1976.352,4.7
ch01_00000000143000000.mp4,174199,motorcycle,1,1976.852,18.9
ch01_00000000143000000.mp4,174299,motorcycle,1,1977.852,14.4
ch01_00000000143000000.mp4,174398,motorcycle,1,1978.452,18.0
ch01_00000000143000000.mp4,174499,motorcycle,1,1979.752,15.7
ch01_00000000143000000.mp4,174500,motorcycle,1,1979.852,16.4
ch01_00000000143000000.mp4,174505,truck,6,1980.652,3.6
ch01_00000000143000000.mp4,174770,motorcycle,1,1982.852,17.1
ch01_00000000143000000.mp4,174738,car,2,1983.052,12.9
ch01_00000000143000000.mp4,174648,car,2,1984.802,3.7
ch01_00000000143000000.mp4,174897,car,2,1985.151,16.4
ch01_00000000143000000.mp4,174979,motorcycle,1,1986.251,15.7
ch01_00000000143000000.mp4,175101,motorcycle,1,1988.201,18.0
ch01_00000000143000000.mp4,175185,motorcycle,1,1989.251,14.4
ch01_00000000143000000.mp4,175440,motorcycle,1,1991.001,16.4
ch01_00000000143000000.mp4,175539,bus,5,1994.401,12.4
ch01_00000000143000000.mp4,175829,motorcycle,1,1995.801,13.8
ch01_00000000143000000.mp4,176135,car,2,2001.351,10.3
ch01_00000000143000000.mp4,176242,motorcycle,1,2002.201,15.0
ch01_00000000143000000.mp4,176365,motorcycle,1,2002.451,11.2
ch01_00000000143000000.mp4,176314,motorcycle,1,2003.351,10.6
ch01_00000000143000000.mp4,176477,motorcycle,1,2003.451,17.1
ch01_00000000143000000.mp4,176513,car,2,2006.2,9.7
ch01_00000000143000000.mp4,176746,car,2,2007.8,7.7
ch01_00000000143000000.mp4,176784,car,2,2008.05,10.3
ch01_00000000143000000.mp4,177044,motorcycle,1,2010.3,6.8
ch01_00000000143000000.mp4,177038,car,3,2010.55,10.6
ch01_00000000143000000.mp4,177302,car,2,2013.0,14.4
ch01_00000000143000000.mp4,177499,motorcycle,1,2014.45,11.6
ch01_00000000143000000.mp4,177430,car,2,2014.5,8.2
ch01_00000000143000000.mp4,177531,motorcycle,1,2014.8,10.6
ch01_00000000143000000.mp4,177625,car,2,2017.2,12.0
ch01_00000000143000000.mp4,177877,car,2,2019.8,15.7
ch01_00000000143000000.mp4,178001,car,2,2021.8,16.4
ch01_00000000143000000.mp4,178273,motorcycle,1,2024.999,27.7
ch01_00000000143000000.mp4,178368,motorcycle,1,2026.35,24.0
ch01_00000000143000000.mp4,178384,motorcycle,1,2028.549,9.7
ch01_00000000143000000.mp4,178616,motorcycle,1,2029.799,25.7
ch01_00000000143000000.mp4,178817,car,2,2032.249,27.7
ch01_00000000143000000.mp4,178885,car,3,2034.649,8.0
ch01_00000000143000000.mp4,179192,motorcycle,1,2037.449,17.1
ch01_00000000143000000.mp4,179297,motorcycle,1,2039.049,8.6
ch01_00000000143000000.mp4,179735,motorcycle,1,2046.149,10.6
ch01_00000000143000000.mp4,179811,motorcycle,1,2047.248,11.3
ch01_00000000143000000.mp4,179985,motorcycle,1,2047.898,24.0
ch01_00000000143000000.mp4,179962,car,2,2050.798,5.5
ch01_00000000143000000.mp4,180325,car,2,2055.298,4.3
ch01_00000000143000000.mp4,180458,car,2,2058.598,4.0
ch01_00000000143000000.mp4,180760,motorcycle,1,2058.848,32.7
ch01_00000000143000000.mp4,180802,motorcycle,1,2059.648,25.7
ch01_00000000143000000.mp4,181015,motorcycle,1,2062.148,16.4
ch01_00000000143000000.mp4,181249,motorcycle,1,2064.298,25.7
ch01_00000000143000000.mp4,181110,car,2,2064.948,10.0
ch01_00000000143000000.mp4,181373,motorcycle,1,2066.048,27.7
ch01_00000000143000000.mp4,181486,motorcycle,1,2066.997,16.4
ch01_00000000143000000.mp4,181495,car,2,2068.347,9.5
ch01_00000000143000000.mp4,181652,car,2,2070.297,11.6
ch01_00000000143000000.mp4,181784,motorcycle,1,2070.847,8.0
ch01_00000000143000000.mp4,181860,motorcycle,1,2071.947,10.6
ch01_00000000143000000.mp4,181898,motorcycle,1,2072.447,10.3
ch01_00000000143000000.mp4,181980,motorcycle,1,2073.297,10.3
ch01_00000000143000000.mp4,181962,car,2,2074.347,10.3
ch01_00000000143000000.mp4,182156,motorcycle,1,2075.897,5.1
ch01_00000000143000000.mp4,182323,motorcycle,1,2077.297,15.7
ch01_00000000143000000.mp4,182358,car,2,2079.697,1.7
ch01_00000000143000000.mp4,182753,car,2,2084.647,1.9
ch01_00000000143000000.mp4,183040,motorcycle,1,2086.247,8.4
ch01_00000000143000000.mp4,183176,motorcycle,1,2087.796,12.9
ch01_00000000143000000.mp4,183428,motorcycle,1,2090.096,10.6
ch01_00000000143000000.mp4,183501,motorcycle,1,2090.846,13.3
ch01_00000000143000000.mp4,183596,motorcycle,1,2091.896,11.6
ch01_00000000143000000.mp4,182950,car,2,2092.546,7.7
ch01_00000000143000000.mp4,183690,motorcycle,1,2092.996,14.4
ch01_00000000143000000.mp4,183833,motorcycle,1,2095.646,10.0
ch01_00000000143000000.mp4,183877,car,2,2097.146,12.0
ch01_00000000143000000.mp4,184063,motorcycle,1,2097.596,10.6
ch01_00000000143000000.mp4,184199,truck,4,2099.146,11.6
ch01_00000000143000000.mp4,184255,car,2,2099.246,9.0
ch01_00000000143000000.mp4,184538,motorcycle,1,2102.896,13.3
ch01_00000000143000000.mp4,184728,bus,5,2105.396,10.0
ch01_00000000143000000.mp4,184849,motorcycle,1,2106.046,11.3
ch01_00000000143000000.mp4,184979,motorcycle,1,2108.045,16.4
ch01_00000000143000000.mp4,185050,motorcycle,1,2109.245,16.4
ch01_00000000143000000.mp4,185198,car,2,2111.095,11.6
ch01_00000000143000000.mp4,185272,motorcycle,1,2111.445,14.4
ch01_00000000143000000.mp4,185470,motorcycle,1,2113.345,14.4
ch01_00000000143000000.mp4,185516,motorcycle,1,2113.545,11.6
ch01_00000000143000000.mp4,185403,motorcycle,1,2115.745,10.6
ch01_00000000143000000.mp4,185845,motorcycle,1,2117.545,11.3
ch01_00000000143000000.mp4,185969,motorcycle,1,2118.595,13.3
ch01_00000000143000000.mp4,185710,car,3,2119.445,8.6
ch01_00000000143000000.mp4,186143,motorcycle,1,2120.095,15.0
ch01_00000000143000000.mp4,186227,motorcycle,1,2120.945,16.4
ch01_00000000143000000.mp4,186103,car,2,2121.195,11.6
ch01_00000000143000000.mp4,186336,car,2,2122.145,6.4
ch01_00000000143000000.mp4,186349,motorcycle,1,2122.345,12.4
ch01_00000000143000000.mp4,186387,motorcycle,1,2123.145,15.7
ch01_00000000143000000.mp4,186476,motorcycle,1,2124.045,13.8
ch01_00000000143000000.mp4,186518,motorcycle,1,2124.895,12.4
ch01_00000000143000000.mp4,186559,car,2,2125.095,9.2
ch01_00000000143000000.mp4,186637,motorcycle,1,2125.595,15.0
ch01_00000000143000000.mp4,186734,motorcycle,1,2126.445,14.4
ch01_00000000143000000.mp4,186700,car,2,2126.794,9.7
ch01_00000000143000000.mp4,186799,motorcycle,1,2126.845,12.9
ch01_00000000143000000.mp4,186645,motorcycle,1,2127.694,13.8
ch01_00000000143000000.mp4,186848,motorcycle,1,2128.144,14.4
ch01_00000000143000000.mp4,187026,car,2,2130.244,14.4
ch01_00000000143000000.mp4,187126,motorcycle,1,2131.044,15.0
ch01_00000000143000000.mp4,187121,car,2,2131.644,12.9
ch01_00000000143000000.mp4,187348,motorcycle,1,2133.194,13.3
ch01_00000000143000000.mp4,187376,motorcycle,1,2133.644,12.9
ch01_00000000143000000.mp4,187418,car,2,2133.794,3.7
ch01_00000000143000000.mp4,187508,motorcycle,1,2134.644,15.0
ch01_00000000143000000.mp4,187476,car,2,2135.294,13.8
ch01_00000000143000000.mp4,187626,car,2,2136.594,12.4
ch01_00000000143000000.mp4,187727,motorcycle,1,2137.094,13.8
ch01_00000000143000000.mp4,187461,motorcycle,1,2137.144,8.4
ch01_00000000143000000.mp4,187773,motorcycle,1,2137.694,15.0
ch01_00000000143000000.mp4,187844,motorcycle,1,2138.344,12.9
ch01_00000000143000000.mp4,188030,motorcycle,1,2140.094,13.3
ch01_00000000143000000.mp4,188016,motorcycle,1,2140.194,12.0
ch01_00000000143000000.mp4,188134,motorcycle,1,2141.194,11.3
ch01_00000000143000000.mp4,188076,motorcycle,1,2141.294,11.3
ch01_00000000143000000.mp4,188177,motorcycle,1,2141.894,11.6
ch01_00000000143000000.mp4,188112,truck,4,2142.644,7.7
ch01_00000000143000000.mp4,188230,motorcycle,1,2142.794,11.6
ch01_00000000143000000.mp4,188337,motorcycle,1,2143.544,16.4
ch01_00000000143000000.mp4,188419,motorcycle,1,2144.094,11.3
ch01_00000000143000000.mp4,188505,motorcycle,1,2144.844,10.6
ch01_00000000143000000.mp4,188452,car,2,2144.944,12.0
ch01_00000000143000000.mp4,188467,motorcycle,1,2145.443,13.8
ch01_00000000143000000.mp4,188624,motorcycle,1,2145.843,12.9
ch01_00000000143000000.mp4,188711,car,2,2146.894,11.6
ch01_00000000143000000.mp4,188902,motorcycle,1,2148.743,12.0
ch01_00000000143000000.mp4,188894,motorcycle,1,2149.193,11.3
ch01_00000000143000000.mp4,188942,motorcycle,1,2149.193,15.0
ch01_00000000143000000.mp4,189070,motorcycle,1,2150.443,15.7
ch01_00000000143000000.mp4,188997,motorcycle,1,2150.543,9.7
ch01_00000000143000000.mp4,189199,motorcycle,1,2151.843,10.9
ch01_00000000143000000.mp4,189222,car,2,2152.893,3.5
ch01_00000000143000000.mp4,189383,car,2,2153.793,8.2
ch01_00000000143000000.mp4,189573,motorcycle,1,2155.343,9.5
ch01_00000000143000000.mp4,189598,motorcycle,1,2156.443,4.9
ch01_00000000143000000.mp4,189692,motorcycle,1,2156.643,9.2
ch01_00000000143000000.mp4,189754,motorcycle,1,2157.893,5.6
ch01_00000000143000000.mp4,189830,motorcycle,1,2158.293,9.5
ch01_00000000143000000.mp4,189829,motorcycle,1,2159.143,7.5
ch01_00000000143000000.mp4,190002,truck,6,2161.843,8.2
ch01_00000000143000000.mp4,190511,motorcycle,1,2165.243,8.2
ch01_00000000143000000.mp4,191170,motorcycle,1,2171.342,8.0
ch01_00000000143000000.mp4,191126,motorcycle,1,2172.142,7.7
ch01_00000000143000000.mp4,191342,motorcycle,1,2174.092,10.3
ch01_00000000143000000.mp4,191412,car,2,2174.792,5.1
ch01_00000000143000000.mp4,191620,car,2,2177.892,5.5
ch01_00000000143000000.mp4,191216,car,2,2179.142,7.1
ch01_00000000143000000.mp4,192501,car,2,2185.492,6.7
ch01_00000000143000000.mp4,193042,motorcycle,1,2189.791,6.5
ch01_00000000143000000.mp4,193064,car,2,2192.641,5.4
ch01_00000000143000000.mp4,193490,car,2,2195.441,5.7
ch01_00000000143000000.mp4,193618,motorcycle,1,2195.891,8.8
ch01_00000000143000000.mp4,193489,car,2,2196.241,5.2
ch01_00000000143000000.mp4,193771,motorcycle,1,2197.891,8.0
ch01_00000000143000000.mp4,193659,car,2,2198.291,5.6
ch01_00000000143000000.mp4,193973,motorcycle,1,2199.191,7.8
ch01_00000000143000000.mp4,193956,car,2,2199.591,6.1
ch01_00000000143000000.mp4,194025,motorcycle,1,2200.291,7.3
ch01_00000000143000000.mp4,194042,motorcycle,1,2200.891,7.1
ch01_00000000143000000.mp4,194013,truck,4,2201.691,5.7
ch01_00000000143000000.mp4,194445,motorcycle,1,2204.591,10.6
ch01_00000000143000000.mp4,194373,car,2,2204.791,6.7
ch01_00000000143000000.mp4,194463,motorcycle,1,2205.541,5.9
ch01_00000000143000000.mp4,194644,car,2,2207.99,6.2
ch01_00000000143000000.mp4,194991,motorcycle,1,2210.69,8.6
ch01_00000000143000000.mp4,194869,car,2,2211.14,6.8
ch01_00000000143000000.mp4,195120,motorcycle,1,2212.49,10.3
ch01_00000000143000000.mp4,195190,car,3,2213.64,15.0
ch01_00000000143000000.mp4,195293,motorcycle,1,2214.59,11.6
ch01_00000000143000000.mp4,195475,car,2,2216.54,14.4
ch01_00000000143000000.mp4,195486,car,2,2218.54,13.3
ch01_00000000143000000.mp4,195911,car,2,2222.84,3.0
ch01_00000000143000000.mp4,196186,motorcycle,1,2224.94,10.3
ch01_00000000143000000.mp4,196279,motorcycle,1,2226.039,11.2
ch01_00000000143000000.mp4,196837,car,2,2233.689,4.6
ch01_00000000143000000.mp4,197025,car,3,2235.039,22.5
ch01_00000000143000000.mp4,197151,motorcycle,1,2236.739,7.7
ch01_00000000143000000.mp4,197371,motorcycle,1,2239.289,7.1
ch01_00000000143000000.mp4,197510,car,2,2240.039,30.0
ch01_00000000143000000.mp4,197770,motorcycle,1,2242.689,13.3
ch01_00000000143000000.mp4,197771,motorcycle,1,2243.089,12.4
ch01_00000000143000000.mp4,197896,motorcycle,1,2244.189,6.8
ch01_00000000143000000.mp4,198011,motorcycle,1,2245.439,9.7
ch01_00000000143000000.mp4,198427,motorcycle,1,2251.638,10.6
ch01_00000000143000000.mp4,198451,motorcycle,1,2251.788,18.0
ch01_00000000143000000.mp4,198371,car,2,2252.538,13.3
ch01_00000000143000000.mp4,198566,motorcycle,1,2253.338,17.1
ch01_00000000143000000.mp4,198928,car,2,2258.488,14.4
ch01_00000000143000000.mp4,198946,car,2,2259.988,17.1
ch01_00000000143000000.mp4,199095,motorcycle,1,2261.388,21.2
ch01_00000000143000000.mp4,199073,car,2,2262.088,15.7
ch01_00000000143000000.mp4,199261,motorcycle,1,2263.588,32.7
ch01_00000000143000000.mp4,199229,car,2,2264.338,15.0
ch01_00000000143000000.mp4,199274,truck,4,2265.538,15.0
ch01_00000000143000000.mp4,199488,car,2,2268.137,18.0
ch01_00000000143000000.mp4,199653,motorcycle,1,2269.037,21.2
ch01_00000000143000000.mp4,199620,motorcycle,1,2269.237,32.7
ch01_00000000143000000.mp4,199836,motorcycle,1,2271.937,15.0
ch01_00000000143000000.mp4,200123,motorcycle,1,2275.337,27.7
ch01_00000000143000000.mp4,200219,motorcycle,1,2276.487,24.0
ch01_00000000143000000.mp4,200253,motorcycle,1,2276.837,8.2
ch01_00000000143000000.mp4,200379,motorcycle,1,2278.837,20.0
ch01_00000000143000000.mp4,200832,motorcycle,1,2284.837,21.2
ch01_00000000143000000.mp4,200699,motorcycle,1,2287.137,5.8
ch01_00000000143000000.mp4,201197,motorcycle,1,2290.186,10.6
ch01_00000000143000000.mp4,201300,motorcycle,1,2291.436,9.5
ch01_00000000143000000.mp4,201325,motorcycle,1,2292.286,9.7
ch01_00000000143000000.mp4,201222,motorcycle,1,2293.686,12.9
ch01_00000000143000000.mp4,201538,motorcycle,1,2293.836,13.3
ch01_00000000143000000.mp4,201248,truck,4,2293.986,6.8
ch01_00000000143000000.mp4,201393,motorcycle,1,2294.686,13.8
ch01_00000000143000000.mp4,201524,motorcycle,1,2294.986,13.8
ch01_00000000143000000.mp4,201709,motorcycle,1,2295.536,11.6
ch01_00000000143000000.mp4,201718,motorcycle,1,2297.036,12.4
ch01_00000000143000000.mp4,201773,motorcycle,1,2297.036,11.3
ch01_00000000143000000.mp4,201747,motorcycle,1,2297.436,12.4
ch01_00000000143000000.mp4,201866,motorcycle,1,2297.536,13.3
ch01_00000000143000000.mp4,201901,motorcycle,1,2298.636,13.8
ch01_00000000143000000.mp4,202015,motorcycle,1,2299.486,13.8
ch01_00000000143000000.mp4,201681,car,2,2301.036,6.5
ch01_00000000143000000.mp4,202226,motorcycle,1,2301.836,14.4
ch01_00000000143000000.mp4,202223,motorcycle,1,2302.386,15.0
ch01_00000000143000000.mp4,202318,motorcycle,1,2302.986,15.7
ch01_00000000143000000.mp4,202397,motorcycle,1,2303.886,16.4
ch01_00000000143000000.mp4,202482,motorcycle,1,2304.986,20.0
ch01_00000000143000000.mp4,202554,motorcycle,1,2305.936,15.7
ch01_00000000143000000.mp4,202268,car,2,2306.336,9.5
ch01_00000000143000000.mp4,202635,motorcycle,1,2306.336,15.7
ch01_00000000143000000.mp4,202722,motorcycle,1,2307.235,18.0
ch01_00000000143000000.mp4,202673,truck,4,2308.935,8.8
ch01_00000000143000000.mp4,202754,car,2,2310.035,5.5
ch01_00000000143000000.mp4,202834,car,2,2310.785,10.6
ch01_00000000143000000.mp4,203062,motorcycle,1,2310.935,17.1
ch01_00000000143000000.mp4,203053,motorcycle,1,2311.935,10.3
ch01_00000000143000000.mp4,203260,motorcycle,1,2313.185,18.0
ch01_00000000143000000.mp4,203346,car,2,2314.835,13.8
ch01_00000000143000000.mp4,203408,motorcycle,1,2315.285,12.4
ch01_00000000143000000.mp4,203640,motorcycle,1,2317.785,21.2
ch01_00000000143000000.mp4,203649,motorcycle,1,2318.085,21.2
ch01_00000000143000000.mp4,203669,car,2,2318.535,12.9
ch01_00000000143000000.mp4,203834,car,3,2320.335,17.1
ch01_00000000143000000.mp4,203984,motorcycle,1,2322.235,21.2
ch01_00000000143000000.mp4,203824,motorcycle,1,2323.035,5.1
ch01_00000000143000000.mp4,204185,motorcycle,1,2325.635,7.7
ch01_00000000143000000.mp4,204140,motorcycle,1,2326.235,7.7
ch01_00000000143000000.mp4,204254,motorcycle,1,2326.385,8.2
ch01_00000000143000000.mp4,204295,motorcycle,1,2326.735,13.3
ch01_00000000143000000.mp4,204393,car,2,2329.434,9.0
ch01_00000000143000000.mp4,204564,truck,6,2330.534,30.0
ch01_00000000143000000.mp4,204618,car,2,2331.034,9.5
ch01_00000000143000000.mp4,204689,motorcycle,1,2331.284,9.7
ch01_00000000143000000.mp4,204814,motorcycle,1,2332.634,21.2
ch01_00000000143000000.mp4,204832,car,2,2333.384,12.9
ch01_00000000143000000.mp4,204833,car,2,2333.834,11.3
ch01_00000000143000000.mp4,204878,motorcycle,1,2335.034,20.0
ch01_00000000143000000.mp4,204933,truck,6,2335.984,13.3
ch01_00000000143000000.mp4,205038,motorcycle,1,2335.984,17.1
ch01_00000000143000000.mp4,205082,motorcycle,1,2336.734,18.9
ch01_00000000143000000.mp4,205188,car,2,2338.384,14.4
ch01_00000000143000000.mp4,205227,car,2,2338.484,18.0
ch01_00000000143000000.mp4,205276,motorcycle,1,2339.084,18.0
ch01_00000000143000000.mp4,205313,motorcycle,1,2339.534,18.0
ch01_00000000143000000.mp4,205383,motorcycle,1,2340.634,18.0
ch01_00000000143000000.mp4,205515,car,2,2342.334,18.9
ch01_00000000143000000.mp4,205630,motorcycle,1,2343.134,20.0
ch01_00000000143000000.mp4,205694,motorcycle,1,2343.634,22.5
ch01_00000000143000000.mp4,205733,motorcycle,1,2344.084,21.2
ch01_00000000143000000.mp4,205700,car,2,2344.134,16.4
ch01_00000000143000000.mp4,205965,motorcycle,1,2347.184,22.5
ch01_00000000143000000.mp4,205966,truck,4,2347.434,3.5
ch01_00000000143000000.mp4,206236,motorcycle,1,2350.533,18.9
ch01_00000000143000000.mp4,205939,car,2,2350.983,12.0
ch01_00000000143000000.mp4,206358,motorcycle,1,2352.183,13.8
ch01_00000000143000000.mp4,206558,motorcycle,1,2353.783,18.0
ch01_00000000143000000.mp4,206535,car,2,2354.383,10.0
ch01_00000000143000000.mp4,206636,motorcycle,1,2354.433,18.9
ch01_00000000143000000.mp4,206680,motorcycle,1,2355.133,18.9
ch01_00000000143000000.mp4,206812,motorcycle,1,2356.283,20.0
ch01_00000000143000000.mp4,206916,motorcycle,1,2358.033,18.0
ch01_00000000143000000.mp4,207019,car,3,2359.933,13.8
ch01_00000000143000000.mp4,207111,motorcycle,1,2360.433,18.0
ch01_00000000143000000.mp4,207206,car,2,2361.483,13.8
ch01_00000000143000000.mp4,207412,motorcycle,1,2363.233,15.0
ch01_00000000143000000.mp4,207354,car,2,2363.483,16.4
ch01_00000000143000000.mp4,207498,motorcycle,1,2364.283,13.8
ch01_00000000143000000.mp4,207443,car,2,2364.383,16.4
ch01_00000000143000000.mp4,207602,motorcycle,1,2365.433,15.0
ch01_00000000143000000.mp4,207631,car,2,2366.133,13.8
ch01_00000000143000000.mp4,207704,motorcycle,1,2366.383,17.1
ch01_00000000143000000.mp4,207818,motorcycle,1,2367.432,20.0
ch01_00000000143000000.mp4,207845,motorcycle,1,2367.733,15.0
ch01_00000000143000000.mp4,207862,car,3,2368.282,12.0
ch01_00000000143000000.mp4,207893,motorcycle,1,2368.332,16.4
ch01_00000000143000000.mp4,208045,motorcycle,1,2369.732,15.7
ch01_00000000143000000.mp4,208042,truck,6,2370.582,11.3
ch01_00000000143000000.mp4,208174,car,2,2371.232,16.4
ch01_00000000143000000.mp4,208215,motorcycle,1,2371.682,15.0
ch01_00000000143000000.mp4,208564,car,2,2374.932,15.7
ch01_00000000143000000.mp4,208520,car,2,2375.032,12.9
ch01_00000000143000000.mp4,208570,motorcycle,1,2375.682,16.4
ch01_00000000143000000.mp4,208672,car,2,2377.232,12.4
ch01_00000000143000000.mp4,208740,car,2,2377.482,15.7
ch01_00000000143000000.mp4,208771,motorcycle,1,2377.532,16.4
ch01_00000000143000000.mp4,208758,motorcycle,1,2378.682,17.1
ch01_00000000143000000.mp4,208847,motorcycle,1,2378.982,14.4
ch01_00000000143000000.mp4,208870,motorcycle,1,2379.382,15.7
ch01_00000000143000000.mp4,208926,motorcycle,1,2380.182,15.0
ch01_00000000143000000.mp4,209128,motorcycle,1,2382.282,12.9
ch01_00000000143000000.mp4,209052,car,2,2382.582,12.4
ch01_00000000143000000.mp4,209207,motorcycle,1,2383.132,18.0
ch01_00000000143000000.mp4,209273,car,2,2384.682,13.3
ch01_00000000143000000.mp4,209406,car,2,2385.932,15.7
ch01_00000000143000000.mp4,209444,car,2,2386.132,13.3
ch01_00000000143000000.mp4,209654,car,3,2388.282,15.7
ch01_00000000143000000.mp4,209861,car,2,2391.281,16.4
ch01_00000000143000000.mp4,209902,car,2,2391.281,18.9
ch01_00000000143000000.mp4,209961,motorcycle,1,2391.681,18.0
ch01_00000000143000000.mp4,209950,motorcycle,1,2391.981,17.1
ch01_00000000143000000.mp4,210063,motorcycle,1,2392.731,14.4
ch01_00000000143000000.mp4,210085,motorcycle,1,2393.231,15.0
ch01_00000000143000000.mp4,210247,car,2,2394.331,12.0
ch01_00000000143000000.mp4,210325,motorcycle,1,2395.131,17.1
ch01_00000000143000000.mp4,210352,car,2,2396.031,13.8
ch01_00000000143000000.mp4,210450,motorcycle,1,2396.431,20.0
ch01_00000000143000000.mp4,210465,motorcycle,1,2396.931,12.4
ch01_00000000143000000.mp4,210573,motorcycle,1,2397.581,21.2
ch01_00000000143000000.mp4,210594,motorcycle,1,2397.881,24.0
ch01_00000000143000000.mp4,210682,car,2,2399.281,15.7
ch01_00000000143000000.mp4,210797,motorcycle,1,2400.731,13.3
ch01_00000000143000000.mp4,210888,motorcycle,1,2401.281,17.1
ch01_00000000143000000.mp4,210869,motorcycle,1,2401.331,18.0
ch01_00000000143000000.mp4,210921,motorcycle,1,2401.581,17.1
ch01_00000000143000000.mp4,210984,motorcycle,1,2402.381,17.1
ch01_00000000143000000.mp4,211026,motorcycle,1,2402.981,18.0
ch01_00000000143000000.mp4,211106,motorcycle,1,2404.031,10.0
ch01_00000000143000000.mp4,211170,motorcycle,1,2404.781,17.1
ch01_00000000143000000.mp4,211275,motorcycle,1,2405.631,17.1
ch01_00000000143000000.mp4,211298,motorcycle,1,2405.681,18.9
ch01_00000000143000000.mp4,211229,motorcycle,1,2405.681,8.2
ch01_00000000143000000.mp4,211372,car,2,2406.631,20.0
ch01_00000000143000000.mp4,211429,motorcycle,1,2407.331,20.0
ch01_00000000143000000.mp4,211490,motorcycle,1,2408.03,16.4
ch01_00000000143000000.mp4,211476,car,2,2409.231,12.4
ch01_00000000143000000.mp4,211623,motorcycle,1,2409.43,15.7
ch01_00000000143000000.mp4,211724,motorcycle,1,2410.43,16.4
ch01_00000000143000000.mp4,211757,motorcycle,1,2410.73,18.0
ch01_00000000143000000.mp4,211827,motorcycle,1,2411.38,17.1
ch01_00000000143000000.mp4,211758,car,2,2411.63,13.3
ch01_00000000143000000.mp4,211933,motorcycle,1,2412.58,17.1
ch01_00000000143000000.mp4,211952,truck,4,2413.28,12.9
ch01_00000000143000000.mp4,212116,motorcycle,1,2414.08,14.4
ch01_00000000143000000.mp4,212216,motorcycle,1,2415.13,15.0
ch01_00000000143000000.mp4,212441,motorcycle,1,2417.38,20.0
ch01_00000000143000000.mp4,212435,car,2,2417.68,16.4
ch01_00000000143000000.mp4,212623,car,2,2419.98,17.1
ch01_00000000143000000.mp4,212529,car,2,2420.73,10.9
ch01_00000000143000000.mp4,212705,car,3,2421.33,11.6
ch01_00000000143000000.mp4,213062,motorcycle,1,2423.23,21.2
ch01_00000000143000000.mp4,213124,motorcycle,1,2424.03,15.7
ch01_00000000143000000.mp4,213425,motorcycle,1,2426.98,15.7
ch01_00000000143000000.mp4,213550,motorcycle,1,2427.88,22.5
ch01_00000000143000000.mp4,213843,motorcycle,1,2431.429,27.7
ch01_00000000143000000.mp4,213734,motorcycle,1,2431.579,17.1
ch01_00000000143000000.mp4,213741,car,2,2431.629,7.5
ch01_00000000143000000.mp4,213857,motorcycle,1,2432.079,11.6
ch01_00000000143000000.mp4,213985,motorcycle,1,2433.129,9.5
ch01_00000000143000000.mp4,214095,motorcycle,1,2433.879,12.9
ch01_00000000143000000.mp4,214343,motorcycle,1,2436.379,30.0
ch01_00000000143000000.mp4,214425,motorcycle,1,2437.179,18.9
ch01_00000000143000000.mp4,214517,motorcycle,1,2438.079,20.0
ch01_00000000143000000.mp4,214426,motorcycle,1,2439.229,10.6
ch01_00000000143000000.mp4,214658,motorcycle,1,2439.729,15.0
ch01_00000000143000000.mp4,215189,car,2,2446.679,7.1
ch01_00000000143000000.mp4,214914,car,2,2447.579,8.2
ch01_00000000143000000.mp4,215432,motorcycle,1,2450.078,15.7
ch01_00000000143000000.mp4,215536,car,2,2451.428,16.4
ch01_00000000143000000.mp4,215576,motorcycle,1,2451.728,14.4
ch01_00000000143000000.mp4,215705,motorcycle,1,2452.878,10.3
ch01_00000000143000000.mp4,215730,truck,4,2454.228,12.9
ch01_00000000143000000.mp4,215873,motorcycle,1,2455.528,15.7
ch01_00000000143000000.mp4,216020,motorcycle,1,2456.578,18.0
ch01_00000000143000000.mp4,215920,car,2,2456.928,12.9
ch01_00000000143000000.mp4,216072,motorcycle,1,2457.728,12.9
ch01_00000000143000000.mp4,216085,motorcycle,1,2458.028,8.8
ch01_00000000143000000.mp4,216138,motorcycle,1,2458.478,8.6
ch01_00000000143000000.mp4,216174,motorcycle,1,2459.078,5.4
ch01_00000000143000000.mp4,216228,motorcycle,1,2459.378,21.2
ch01_00000000143000000.mp4,216308,motorcycle,1,2460.678,7.7
ch01_00000000143000000.mp4,216460,motorcycle,1,2462.478,11.3
ch01_00000000143000000.mp4,216564,motorcycle,1,2464.128,12.0
ch01_00000000143000000.mp4,216655,motorcycle,1,2465.878,5.5
ch01_00000000143000000.mp4,216627,car,2,2467.378,4.9
ch01_00000000143000000.mp4,216882,car,2,2471.027,5.2
ch01_00000000143000000.mp4,217245,car,2,2474.977,9.0
ch01_00000000143000000.mp4,217565,motorcycle,1,2476.327,9.7
ch01_00000000143000000.mp4,217966,motorcycle,1,2480.127,24.0
ch01_00000000143000000.mp4,217876,car,2,2480.577,10.9
ch01_00000000143000000.mp4,218136,motorcycle,1,2482.277,12.0
ch01_00000000143000000.mp4,218280,car,2,2485.127,12.4
ch01_00000000143000000.mp4,218491,car,2,2487.077,12.0
ch01_00000000143000000.mp4,218610,motorcycle,1,2488.276,22.5
ch01_00000000143000000.mp4,218757,motorcycle,1,2488.626,25.7
ch01_00000000143000000.mp4,218807,motorcycle,1,2489.177,30.0
ch01_00000000143000000.mp4,218818,motorcycle,1,2490.426,5.0
ch01_00000000143000000.mp4,218913,motorcycle,1,2490.676,25.7
ch01_00000000143000000.mp4,218958,motorcycle,1,2491.076,9.5
ch01_00000000143000000.mp4,218893,motorcycle,1,2491.326,4.5
ch01_00000000143000000.mp4,219022,motorcycle,1,2491.726,27.7
ch01_00000000143000000.mp4,218994,motorcycle,1,2492.776,4.7
ch01_00000000143000000.mp4,219130,motorcycle,1,2493.276,22.5
ch01_00000000143000000.mp4,219060,motorcycle,1,2493.676,11.3
ch01_00000000143000000.mp4,219152,car,3,2495.726,2.2
ch01_00000000143000000.mp4,219397,motorcycle,1,2496.476,25.7
ch01_00000000143000000.mp4,219521,motorcycle,1,2498.726,22.5
ch01_00000000143000000.mp4,219265,car,2,2499.326,7.8
ch01_00000000143000000.mp4,219640,motorcycle,1,2499.426,22.5
ch01_00000000143000000.mp4,219962,car,2,2504.076,4.2
ch01_00000000143000000.mp4,219766,car,2,2504.576,8.6
ch01_00000000143000000.mp4,220049,motorcycle,1,2505.476,11.6
ch01_00000000143000000.mp4,220249,motorcycle,1,2506.876,12.4
ch01_00000000143000000.mp4,220074,car,2,2507.726,6.8
ch01_00000000143000000.mp4,220638,motorcycle,1,2510.625,13.8
ch01_00000000143000000.mp4,220637,car,2,2510.625,4.0
ch01_00000000143000000.mp4,220858,car,2,2514.625,2.4
ch01_00000000143000000.mp4,221007,car,2,2515.225,9.0
ch01_00000000143000000.mp4,221375,motorcycle,1,2517.825,8.8
ch01_00000000143000000.mp4,221489,motorcycle,1,2521.525,7.8
ch01_00000000143000000.mp4,221608,motorcycle,1,2521.625,7.8
ch01_00000000143000000.mp4,221712,motorcycle,1,2523.275,8.2
ch01_00000000143000000.mp4,221709,motorcycle,1,2523.375,11.3
ch01_00000000143000000.mp4,221852,motorcycle,1,2524.825,9.2
ch01_00000000143000000.mp4,221927,motorcycle,1,2525.375,13.3
ch01_00000000143000000.mp4,221970,motorcycle,1,2526.275,12.4
ch01_00000000143000000.mp4,221971,car,2,2526.825,10.0
ch01_00000000143000000.mp4,222131,motorcycle,1,2527.475,12.4
ch01_00000000143000000.mp4,222162,motorcycle,1,2528.025,15.0
ch01_00000000143000000.mp4,222218,motorcycle,1,2528.575,13.8
ch01_00000000143000000.mp4,222244,car,3,2529.675,10.6
ch01_00000000143000000.mp4,222475,motorcycle,1,2531.774,12.4
ch01_00000000143000000.mp4,222564,motorcycle,1,2532.524,13.8
ch01_00000000143000000.mp4,222374,car,2,2532.674,11.3
ch01_00000000143000000.mp4,222581,car,2,2533.074,13.3
ch01_00000000143000000.mp4,222630,motorcycle,1,2533.274,15.7
ch01_00000000143000000.mp4,222699,motorcycle,1,2534.074,15.0
ch01_00000000143000000.mp4,222777,motorcycle,1,2534.824,17.1
ch01_00000000143000000.mp4,222807,motorcycle,1,2535.574,16.4
ch01_00000000143000000.mp4,222843,motorcycle,1,2535.824,14.4
ch01_00000000143000000.mp4,222923,car,2,2536.974,14.4
ch01_00000000143000000.mp4,223091,motorcycle,1,2538.774,16.4
ch01_00000000143000000.mp4,223068,car,2,2538.824,14.4
ch01_00000000143000000.mp4,223048,motorcycle,1,2539.374,18.0
ch01_00000000143000000.mp4,223166,motorcycle,1,2539.924,16.4
ch01_00000000143000000.mp4,223234,motorcycle,1,2540.624,17.1
ch01_00000000143000000.mp4,223295,car,2,2541.874,15.0
ch01_00000000143000000.mp4,223367,motorcycle,1,2542.624,16.4
ch01_00000000143000000.mp4,223494,motorcycle,1,2544.274,20.0
ch01_00000000143000000.mp4,223587,motorcycle,1,2545.374,25.7
ch01_00000000143000000.mp4,223541,motorcycle,1,2545.424,13.3
ch01_00000000143000000.mp4,223703,motorcycle,1,2546.824,24.0
ch01_00000000143000000.mp4,223700,motorcycle,1,2547.424,9.7
ch01_00000000143000000.mp4,223528,motorcycle,1,2547.774,5.1
ch01_00000000143000000.mp4,223757,motorcycle,1,2548.423,12.4
ch01_00000000143000000.mp4,223719,car,2,2548.474,12.4
ch01_00000000143000000.mp4,223884,motorcycle,1,2549.974,21.2
ch01_00000000143000000.mp4,223931,car,2,2551.323,12.0
ch01_00000000143000000.mp4,223998,motorcycle,1,2552.423,9.7
ch01_00000000143000000.mp4,224037,motorcycle,1,2552.423,15.0
ch01_00000000143000000.mp4,224080,motorcycle,1,2552.773,15.7
ch01_00000000143000000.mp4,224172,motorcycle,1,2553.673,15.0
ch01_00000000143000000.mp4,224116,car,2,2554.073,10.9
ch01_00000000143000000.mp4,224294,truck,4,2556.023,13.3
ch01_00000000143000000.mp4,224412,motorcycle,1,2557.273,15.0
ch01_00000000143000000.mp4,224394,motorcycle,1,2557.323,13.8
ch01_00000000143000000.mp4,224376,car,2,2557.573,12.9
ch01_00000000143000000.mp4,224458,motorcycle,1,2558.273,15.0
ch01_00000000143000000.mp4,224502,motorcycle,1,2558.873,13.8
ch01_00000000143000000.mp4,224569,motorcycle,1,2559.623,22.5
ch01_00000000143000000.mp4,224526,car,2,2559.973,12.4
ch01_00000000143000000.mp4,224650,car,2,2562.023,13.8
ch01_00000000143000000.mp4,224686,motorcycle,1,2562.073,15.0
ch01_00000000143000000.mp4,224740,motorcycle,1,2562.923,15.7
ch01_00000000143000000.mp4,224924,motorcycle,1,2565.223,21.2
ch01_00000000143000000.mp4,224981,motorcycle,1,2565.773,24.0
ch01_00000000143000000.mp4,224925,car,2,2566.073,16.4
ch01_00000000143000000.mp4,225019,motorcycle,1,2566.423,22.5
ch01_00000000143000000.mp4,225067,motorcycle,1,2567.173,25.7
ch01_00000000143000000.mp4,225075,motorcycle,1,2567.523,22.5
ch01_00000000143000000.mp4,225126,motorcycle,1,2568.173,22.5
ch01_00000000143000000.mp4,225165,motorcycle,1,2568.523,24.0
ch01_00000000143000000.mp4,225107,motorcycle,1,2569.773,10.3
ch01_00000000143000000.mp4,225237,motorcycle,1,2570.122,13.3
ch01_00000000143000000.mp4,225361,motorcycle,1,2571.722,14.4
ch01_00000000143000000.mp4,225360,motorcycle,1,2572.122,18.9
ch01_00000000143000000.mp4,225507,car,2,2574.172,16.4
ch01_00000000143000000.mp4,225565,motorcycle,1,2574.872,18.0
ch01_00000000143000000.mp4,225668,motorcycle,1,2575.872,14.4
ch01_00000000143000000.mp4,225721,car,3,2577.472,12.9
ch01_00000000143000000.mp4,225767,motorcycle,1,2577.922,9.2
ch01_00000000143000000.mp4,225843,car,2,2579.672,15.0
ch01_00000000143000000.mp4,225872,motorcycle,1,2580.272,16.4
ch01_00000000143000000.mp4,225919,motorcycle,1,2580.672,17.1
ch01_00000000143000000.mp4,225918,car,2,2581.172,13.8
ch01_00000000143000000.mp4,226039,motorcycle,1,2582.122,15.0
ch01_00000000143000000.mp4,226086,car,2,2583.122,12.4
ch01_00000000143000000.mp4,226258,motorcycle,1,2584.872,16.4
ch01_00000000143000000.mp4,226256,car,3,2585.822,13.8
ch01_00000000143000000.mp4,226359,motorcycle,1,2586.572,18.0
ch01_00000000143000000.mp4,226399,car,2,2587.972,13.8
ch01_00000000143000000.mp4,226456,truck,4,2589.072,15.7
ch01_00000000143000000.mp4,226588,car,2,2591.421,14.4
ch01_00000000143000000.mp4,226711,motorcycle,1,2592.421,14.4
ch01_00000000143000000.mp4,226778,car,3,2593.121,10.3
ch01_00000000143000000.mp4,226587,motorcycle,1,2593.421,10.9
ch01_00000000143000000.mp4,226842,motorcycle,1,2593.971,20.0
ch01_00000000143000000.mp4,226793,truck,4,2595.271,10.6
ch01_00000000143000000.mp4,227010,motorcycle,1,2596.571,24.0
ch01_00000000143000000.mp4,227091,motorcycle,1,2597.521,25.7
ch01_00000000143000000.mp4,227131,car,2,2597.871,14.4
ch01_00000000143000000.mp4,227044,car,2,2598.021,14.4
ch01_00000000143000000.mp4,227215,motorcycle,1,2599.121,22.5
ch01_00000000143000000.mp4,227235,car,2,2600.671,6.5
ch01_00000000143000000.mp4,227302,car,2,2600.721,12.4
ch01_00000000143000000.mp4,227338,car,2,2600.721,16.4
ch01_00000000143000000.mp4,227336,motorcycle,1,2601.421,16.4
ch01_00000000143000000.mp4,227381,motorcycle,1,2602.071,16.4
ch01_00000000143000000.mp4,227463,motorcycle,1,2602.571,16.4
ch01_00000000143000000.mp4,227454,car,2,2603.021,12.4
ch01_00000000143000000.mp4,227529,motorcycle,1,2603.471,13.3
ch01_00000000143000000.mp4,227600,motorcycle,1,2604.221,17.1
ch01_00000000143000000.mp4,227688,motorcycle,1,2605.621,16.4
ch01_00000000143000000.mp4,227657,truck,6,2605.771,17.1
ch01_00000000143000000.mp4,227745,motorcycle,1,2606.421,15.7
ch01_00000000143000000.mp4,227741,motorcycle,1,2606.621,16.4
ch01_00000000143000000.mp4,227779,motorcycle,1,2606.871,16.4
ch01_00000000143000000.mp4,227834,motorcycle,1,2607.621,18.0
ch01_00000000143000000.mp4,227931,motorcycle,1,2608.97,17.1
ch01_00000000143000000.mp4,228056,motorcycle,1,2611.02,12.0
ch01_00000000143000000.mp4,228157,motorcycle,1,2612.22,10.9
ch01_00000000143000000.mp4,228226,car,3,2614.17,13.8
ch01_00000000143000000.mp4,228341,motorcycle,1,2614.77,10.6
ch01_00000000143000000.mp4,228372,motorcycle,1,2615.02,15.0
ch01_00000000143000000.mp4,228306,motorcycle,1,2615.07,14.4
ch01_00000000143000000.mp4,228520,motorcycle,1,2616.32,12.9
