video_file,track_id,vehicle_class,golongan_code,crossed_at_seconds,speed_kph
ch01_00000000140000000.mp4,6,motorcycle,1,1.15,7.2
ch01_00000000140000000.mp4,42,motorcycle,1,1.25,18.0
ch01_00000000140000000.mp4,28,motorcycle,1,1.85,12.9
ch01_00000000140000000.mp4,7,car,3,3.95,8.8
ch01_00000000140000000.mp4,59,car,2,5.9,9.5
ch01_00000000140000000.mp4,308,motorcycle,1,6.899,20.0
ch01_00000000140000000.mp4,399,motorcycle,1,7.899,5.8
ch01_00000000140000000.mp4,179,car,2,8.299,10.0
ch01_00000000140000000.mp4,451,motorcycle,1,8.549,22.5
ch01_00000000140000000.mp4,314,car,2,9.949,9.5
ch01_00000000140000000.mp4,738,motorcycle,1,12.849,15.7
ch01_00000000140000000.mp4,788,motorcycle,1,13.399,15.7
ch01_00000000140000000.mp4,610,car,2,13.649,5.0
ch01_00000000140000000.mp4,1193,car,2,18.499,9.0
ch01_00000000140000000.mp4,1148,motorcycle,1,18.749,12.4
ch01_00000000140000000.mp4,1331,motorcycle,1,21.698,14.4
ch01_00000000140000000.mp4,1714,motorcycle,1,22.948,15.7
ch01_00000000140000000.mp4,940,car,2,23.498,7.2
ch01_00000000140000000.mp4,1653,motorcycle,1,24.298,10.0
ch01_00000000140000000.mp4,1797,motorcycle,1,24.748,9.5
ch01_00000000140000000.mp4,1888,car,2,27.598,7.3
ch01_00000000140000000.mp4,2161,motorcycle,1,28.548,14.4
ch01_00000000140000000.mp4,1649,car,2,29.048,6.7
ch01_00000000140000000.mp4,2336,motorcycle,1,30.198,22.5
ch01_00000000140000000.mp4,2330,motorcycle,1,30.498,12.9
ch01_00000000140000000.mp4,2339,car,2,32.048,12.0
ch01_00000000140000000.mp4,2778,motorcycle,1,35.397,25.7
ch01_00000000140000000.mp4,2797,motorcycle,1,35.447,30.0
ch01_00000000140000000.mp4,2458,car,3,35.597,7.7
ch01_00000000140000000.mp4,2690,car,2,35.897,13.8
ch01_00000000140000000.mp4,2858,motorcycle,1,36.147,32.7
ch01_00000000140000000.mp4,2859,car,2,36.597,22.5
ch01_00000000140000000.mp4,2860,car,2,38.697,14.4
ch01_00000000140000000.mp4,3228,motorcycle,1,39.947,30.0
ch01_00000000140000000.mp4,3212,motorcycle,1,40.247,25.7
ch01_00000000140000000.mp4,3071,car,2,40.497,14.4
ch01_00000000140000000.mp4,3315,motorcycle,1,41.247,24.0
ch01_00000000140000000.mp4,3434,motorcycle,1,41.947,17.1
ch01_00000000140000000.mp4,3564,motorcycle,1,43.047,24.0
ch01_00000000140000000.mp4,3582,motorcycle,1,43.047,27.7
ch01_00000000140000000.mp4,3653,motorcycle,1,44.247,27.7
ch01_00000000140000000.mp4,3622,motorcycle,1,44.297,4.5
ch01_00000000140000000.mp4,3712,motorcycle,1,45.397,6.2
ch01_00000000140000000.mp4,3747,motorcycle,1,46.746,21.2
ch01_00000000140000000.mp4,3814,motorcycle,1,46.746,3.6
ch01_00000000140000000.mp4,3933,motorcycle,1,47.296,20.0
ch01_00000000140000000.mp4,3974,motorcycle,1,47.546,32.7
ch01_00000000140000000.mp4,4017,motorcycle,1,48.096,25.7
ch01_00000000140000000.mp4,4051,motorcycle,1,49.096,6.0
ch01_00000000140000000.mp4,4189,motorcycle,1,50.046,27.7
ch01_00000000140000000.mp4,3980,motorcycle,1,50.446,8.6
ch01_00000000140000000.mp4,4308,motorcycle,1,51.196,8.8
ch01_00000000140000000.mp4,4352,motorcycle,1,51.246,25.7
ch01_00000000140000000.mp4,4299,motorcycle,1,51.446,18.0
ch01_00000000140000000.mp4,4300,motorcycle,1,51.896,10.0
ch01_00000000140000000.mp4,4171,car,2,52.246,9.0
ch01_00000000140000000.mp4,4476,motorcycle,1,52.596,21.2
ch01_00000000140000000.mp4,4345,motorcycle,1,52.896,11.3
ch01_00000000140000000.mp4,4429,motorcycle,1,53.146,10.6
ch01_00000000140000000.mp4,4709,motorcycle,1,54.896,22.5
ch01_00000000140000000.mp4,4765,motorcycle,1,55.096,12.0
ch01_00000000140000000.mp4,4674,car,2,56.146,11.3
ch01_00000000140000000.mp4,4906,car,2,57.896,13.3
ch01_00000000140000000.mp4,5017,car,2,58.396,18.0
ch01_00000000140000000.mp4,5034,car,2,58.946,15.7
ch01_00000000140000000.mp4,5135,motorcycle,1,59.145,18.0
ch01_00000000140000000.mp4,5079,car,2,60.295,13.8
ch01_00000000140000000.mp4,5225,car,2,60.495,21.2
ch01_00000000140000000.mp4,5329,motorcycle,1,61.245,20.0
ch01_00000000140000000.mp4,5341,motorcycle,1,61.295,21.2
ch01_00000000140000000.mp4,5406,motorcycle,1,62.145,24.0
ch01_00000000140000000.mp4,5412,truck,4,62.545,18.9
ch01_00000000140000000.mp4,5444,motorcycle,1,62.595,21.2
ch01_00000000140000000.mp4,5342,car,2,63.245,18.0
ch01_00000000140000000.mp4,5601,car,2,65.245,18.0
ch01_00000000140000000.mp4,5626,motorcycle,1,65.295,21.2
ch01_00000000140000000.mp4,5651,car,2,66.195,15.7
ch01_00000000140000000.mp4,5723,motorcycle,1,66.995,25.7
ch01_00000000140000000.mp4,5749,car,2,67.345,17.1
ch01_00000000140000000.mp4,5856,motorcycle,1,68.895,18.9
ch01_00000000140000000.mp4,5857,motorcycle,1,68.945,7.2
ch01_00000000140000000.mp4,5904,motorcycle,1,69.595,21.2
ch01_00000000140000000.mp4,5949,motorcycle,1,69.945,20.0
ch01_00000000140000000.mp4,5997,motorcycle,1,70.745,20.0
ch01_00000000140000000.mp4,6003,motorcycle,1,70.845,22.5
ch01_00000000140000000.mp4,6012,motorcycle,1,71.245,8.6
ch01_00000000140000000.mp4,6092,motorcycle,1,71.545,20.0
ch01_00000000140000000.mp4,5984,motorcycle,1,71.595,12.0
ch01_00000000140000000.mp4,6161,motorcycle,1,71.845,20.0
ch01_00000000140000000.mp4,6167,motorcycle,1,72.445,15.7
ch01_00000000140000000.mp4,6093,motorcycle,1,73.144,10.9
ch01_00000000140000000.mp4,6418,motorcycle,1,73.994,27.7
ch01_00000000140000000.mp4,6443,motorcycle,1,74.644,21.2
ch01_00000000140000000.mp4,6478,motorcycle,1,74.694,18.0
ch01_00000000140000000.mp4,6423,car,2,74.794,15.0
ch01_00000000140000000.mp4,6486,motorcycle,1,74.994,17.1
ch01_00000000140000000.mp4,6550,motorcycle,1,75.894,17.1
ch01_00000000140000000.mp4,6540,car,2,76.244,15.0
ch01_00000000140000000.mp4,6614,motorcycle,1,76.544,18.0
ch01_00000000140000000.mp4,6671,motorcycle,1,77.794,8.6
ch01_00000000140000000.mp4,6739,truck,6,78.294,20.0
ch01_00000000140000000.mp4,6769,motorcycle,1,78.544,16.4
ch01_00000000140000000.mp4,6819,car,3,79.444,18.0
ch01_00000000140000000.mp4,6853,motorcycle,1,79.694,17.1
ch01_00000000140000000.mp4,6862,motorcycle,1,79.994,21.2
ch01_00000000140000000.mp4,6924,motorcycle,1,80.494,18.0
ch01_00000000140000000.mp4,6981,motorcycle,1,81.344,18.9
ch01_00000000140000000.mp4,7009,truck,6,81.344,16.4
ch01_00000000140000000.mp4,7088,motorcycle,1,82.244,20.0
ch01_00000000140000000.mp4,7159,motorcycle,1,82.694,22.5
ch01_00000000140000000.mp4,7089,car,3,82.844,12.9
ch01_00000000140000000.mp4,7146,motorcycle,1,83.344,8.4
ch01_00000000140000000.mp4,7154,car,2,83.744,18.0
ch01_00000000140000000.mp4,7343,motorcycle,1,84.144,22.5
ch01_00000000140000000.mp4,7304,car,2,84.294,16.4
ch01_00000000140000000.mp4,7429,motorcycle,1,84.994,20.0
ch01_00000000140000000.mp4,7619,motorcycle,1,86.293,21.2
ch01_00000000140000000.mp4,7625,motorcycle,1,86.444,21.2
ch01_00000000140000000.mp4,7810,motorcycle,1,88.043,24.0
ch01_00000000140000000.mp4,7724,car,2,88.093,18.0
ch01_00000000140000000.mp4,7850,motorcycle,1,88.143,30.0
ch01_00000000140000000.mp4,7899,motorcycle,1,88.693,22.5
ch01_00000000140000000.mp4,7919,car,2,89.143,6.2
ch01_00000000140000000.mp4,7950,motorcycle,1,89.243,24.0
ch01_00000000140000000.mp4,7987,motorcycle,1,89.293,18.9
ch01_00000000140000000.mp4,8011,motorcycle,1,89.893,20.0
ch01_00000000140000000.mp4,8012,motorcycle,1,90.043,24.0
ch01_00000000140000000.mp4,8069,motorcycle,1,90.243,13.8
ch01_00000000140000000.mp4,8053,motorcycle,1,90.493,15.0
ch01_00000000140000000.mp4,8111,motorcycle,1,90.943,15.0
ch01_00000000140000000.mp4,8128,motorcycle,1,91.093,18.9
ch01_00000000140000000.mp4,8264,car,2,92.643,22.5
ch01_00000000140000000.mp4,8304,motorcycle,1,92.843,18.9
ch01_00000000140000000.mp4,8450,motorcycle,1,93.843,30.0
ch01_00000000140000000.mp4,8404,truck,4,94.843,12.0
ch01_00000000140000000.mp4,8528,motorcycle,1,95.043,21.2
ch01_00000000140000000.mp4,8487,motorcycle,1,95.243,12.4
ch01_00000000140000000.mp4,8547,car,2,95.593,21.2
ch01_00000000140000000.mp4,8624,motorcycle,1,95.943,21.2
ch01_00000000140000000.mp4,8562,motorcycle,1,96.093,18.0
ch01_00000000140000000.mp4,8651,motorcycle,1,96.243,24.0
ch01_00000000140000000.mp4,8699,motorcycle,1,96.943,10.0
ch01_00000000140000000.mp4,8728,motorcycle,1,97.343,21.2
ch01_00000000140000000.mp4,8754,motorcycle,1,97.943,12.0
ch01_00000000140000000.mp4,8807,car,2,98.643,20.0
ch01_00000000140000000.mp4,8781,car,2,99.243,14.4
ch01_00000000140000000.mp4,8900,motorcycle,1,99.543,20.0
ch01_00000000140000000.mp4,8985,motorcycle,1,99.993,18.9
ch01_00000000140000000.mp4,8954,motorcycle,1,100.092,20.0
ch01_00000000140000000.mp4,8975,motorcycle,1,100.292,20.0
ch01_00000000140000000.mp4,8916,car,2,101.242,12.4
ch01_00000000140000000.mp4,9042,car,3,101.642,12.4
ch01_00000000140000000.mp4,9114,motorcycle,1,101.892,18.0
ch01_00000000140000000.mp4,9119,car,2,102.842,10.3
ch01_00000000140000000.mp4,9279,motorcycle,1,103.892,13.8
ch01_00000000140000000.mp4,9385,motorcycle,1,104.842,18.0
ch01_00000000140000000.mp4,9367,motorcycle,1,105.092,5.5
ch01_00000000140000000.mp4,9364,car,2,105.142,16.4
ch01_00000000140000000.mp4,9449,motorcycle,1,105.692,17.1
ch01_00000000140000000.mp4,9514,motorcycle,1,106.392,17.1
ch01_00000000140000000.mp4,9575,motorcycle,1,107.242,15.7
ch01_00000000140000000.mp4,9515,motorcycle,1,107.392,12.4
ch01_00000000140000000.mp4,9670,motorcycle,1,107.742,16.4
ch01_00000000140000000.mp4,9771,motorcycle,1,108.592,12.4
ch01_00000000140000000.mp4,9656,motorcycle,1,108.992,12.0
ch01_00000000140000000.mp4,9876,motorcycle,1,109.092,9.5
ch01_00000000140000000.mp4,9915,motorcycle,1,109.642,10.9
ch01_00000000140000000.mp4,9920,motorcycle,1,110.142,13.3
ch01_00000000140000000.mp4,9927,car,2,110.892,11.3
ch01_00000000140000000.mp4,9972,motorcycle,1,110.942,9.5
ch01_00000000140000000.mp4,10055,motorcycle,1,111.642,17.1
ch01_00000000140000000.mp4,10014,motorcycle,1,111.892,9.5
ch01_00000000140000000.mp4,10294,motorcycle,1,114.241,12.4
ch01_00000000140000000.mp4,10414,motorcycle,1,115.541,7.2
ch01_00000000140000000.mp4,10410,motorcycle,1,115.891,7.2
ch01_00000000140000000.mp4,10586,car,2,116.991,12.4
ch01_00000000140000000.mp4,10645,car,2,118.641,12.0
ch01_00000000140000000.mp4,10723,motorcycle,1,119.241,12.9
ch01_00000000140000000.mp4,10738,motorcycle,1,119.291,12.0
ch01_00000000140000000.mp4,10757,motorcycle,1,119.741,12.9
ch01_00000000140000000.mp4,10814,motorcycle,1,120.191,11.6
ch01_00000000140000000.mp4,10832,motorcycle,1,121.741,10.6
ch01_00000000140000000.mp4,10938,car,2,122.041,8.6
ch01_00000000140000000.mp4,10707,motorcycle,1,123.191,9.2
ch01_00000000140000000.mp4,11106,motorcycle,1,123.791,9.5
ch01_00000000140000000.mp4,10989,car,2,124.591,1.8
ch01_00000000140000000.mp4,11178,motorcycle,1,125.391,13.3
ch01_00000000140000000.mp4,11082,car,2,125.391,5.5
ch01_00000000140000000.mp4,11299,motorcycle,1,126.89,6.3
ch01_00000000140000000.mp4,11517,motorcycle,1,128.79,6.8
ch01_00000000140000000.mp4,11197,car,2,128.84,1.6
ch01_00000000140000000.mp4,11456,car,2,130.49,4.0
ch01_00000000140000000.mp4,11733,motorcycle,1,131.04,10.0
ch01_00000000140000000.mp4,11860,motorcycle,1,132.49,12.0
ch01_00000000140000000.mp4,11914,motorcycle,1,133.19,13.8
ch01_00000000140000000.mp4,12192,car,2,136.24,9.0
ch01_00000000140000000.mp4,12233,motorcycle,1,137.39,10.3
ch01_00000000140000000.mp4,12335,motorcycle,1,137.89,11.6
ch01_00000000140000000.mp4,12238,car,2,138.34,6.4
ch01_00000000140000000.mp4,12415,motorcycle,1,138.839,9.5
ch01_00000000140000000.mp4,12468,motorcycle,1,139.54,12.4
ch01_00000000140000000.mp4,12560,motorcycle,1,140.589,10.9
ch01_00000000140000000.mp4,11493,car,2,140.639,6.9
ch01_00000000140000000.mp4,12654,motorcycle,1,141.539,12.0
ch01_00000000140000000.mp4,12726,car,2,143.039,11.6
ch01_00000000140000000.mp4,12790,motorcycle,1,143.639,10.0
ch01_00000000140000000.mp4,12729,car,2,143.639,4.9
ch01_00000000140000000.mp4,12910,car,2,144.889,11.6
ch01_00000000140000000.mp4,12961,motorcycle,1,145.689,12.9
ch01_00000000140000000.mp4,13008,truck,6,145.789,8.4
ch01_00000000140000000.mp4,13098,car,2,147.439,10.0
ch01_00000000140000000.mp4,13128,motorcycle,1,147.989,12.0
ch01_00000000140000000.mp4,13212,car,2,148.689,10.0
ch01_00000000140000000.mp4,13191,motorcycle,1,148.839,12.4
ch01_00000000140000000.mp4,13202,truck,4,149.989,7.8
ch01_00000000140000000.mp4,13369,motorcycle,1,151.489,7.7
ch01_00000000140000000.mp4,13397,car,2,151.788,8.8
ch01_00000000140000000.mp4,13442,motorcycle,1,151.888,12.0
ch01_00000000140000000.mp4,13459,motorcycle,1,152.288,12.4
ch01_00000000140000000.mp4,13624,motorcycle,1,153.738,9.5
ch01_00000000140000000.mp4,13625,motorcycle,1,153.888,12.4
ch01_00000000140000000.mp4,13722,motorcycle,1,154.838,12.0
ch01_00000000140000000.mp4,13799,motorcycle,1,155.938,5.8
ch01_00000000140000000.mp4,13792,truck,4,156.438,9.5
ch01_00000000140000000.mp4,13962,motorcycle,1,157.538,10.3
ch01_00000000140000000.mp4,13946,car,2,158.138,9.2
ch01_00000000140000000.mp4,13965,car,3,159.188,18.9
ch01_00000000140000000.mp4,14125,car,2,159.388,9.5
ch01_00000000140000000.mp4,14119,motorcycle,1,159.638,9.7
ch01_00000000140000000.mp4,14131,truck,4,160.538,8.0
ch01_00000000140000000.mp4,14306,motorcycle,1,161.738,12.9
ch01_00000000140000000.mp4,14269,car,2,162.238,7.3
ch01_00000000140000000.mp4,14357,motorcycle,1,162.538,12.4
ch01_00000000140000000.mp4,14449,car,3,164.938,6.0
ch01_00000000140000000.mp4,14708,car,3,168.337,10.3
ch01_00000000140000000.mp4,15090,motorcycle,1,172.887,13.8
ch01_00000000140000000.mp4,15094,car,2,174.487,6.1
ch01_00000000140000000.mp4,15360,motorcycle,1,177.287,11.6
ch01_00000000140000000.mp4,15096,truck,4,178.286,5.2
ch01_00000000140000000.mp4,15658,motorcycle,1,179.436,12.9
ch01_00000000140000000.mp4,15605,car,2,181.036,7.5
ch01_00000000140000000.mp4,15856,motorcycle,1,182.436,12.0
ch01_00000000140000000.mp4,15972,motorcycle,1,182.786,8.4
ch01_00000000140000000.mp4,15545,car,2,183.536,6.3
ch01_00000000140000000.mp4,15974,car,2,185.886,6.9
ch01_00000000140000000.mp4,16293,car,2,187.736,7.2
ch01_00000000140000000.mp4,16395,car,2,188.286,8.8
ch01_00000000140000000.mp4,16661,motorcycle,1,188.686,12.4
ch01_00000000140000000.mp4,16699,motorcycle,1,189.686,14.4
ch01_00000000140000000.mp4,16884,motorcycle,1,190.436,14.4
ch01_00000000140000000.mp4,16963,motorcycle,1,191.685,4.6
ch01_00000000140000000.mp4,17125,motorcycle,1,193.235,5.7
ch01_00000000140000000.mp4,17252,motorcycle,1,194.235,5.8
ch01_00000000140000000.mp4,16795,car,3,194.385,6.5
ch01_00000000140000000.mp4,17227,motorcycle,1,195.435,11.3
ch01_00000000140000000.mp4,16898,car,2,195.635,3.2
ch01_00000000140000000.mp4,17344,motorcycle,1,195.935,9.5
ch01_00000000140000000.mp4,17388,motorcycle,1,196.535,10.0
ch01_00000000140000000.mp4,17458,motorcycle,1,196.685,12.9
ch01_00000000140000000.mp4,17414,motorcycle,1,197.185,9.2
ch01_00000000140000000.mp4,17566,car,2,199.785,10.3
ch01_00000000140000000.mp4,17853,car,2,202.135,11.6
ch01_00000000140000000.mp4,17929,motorcycle,1,202.235,12.9
ch01_00000000140000000.mp4,17842,car,2,203.785,7.5
ch01_00000000140000000.mp4,18063,car,2,204.834,12.0
ch01_00000000140000000.mp4,18027,car,2,206.334,9.5
ch01_00000000140000000.mp4,18295,car,2,207.684,13.3
ch01_00000000140000000.mp4,18481,truck,6,210.484,18.9
ch01_00000000140000000.mp4,18627,motorcycle,1,211.584,17.1
ch01_00000000140000000.mp4,18545,motorcycle,1,212.184,16.4
ch01_00000000140000000.mp4,18710,motorcycle,1,212.884,6.3
ch01_00000000140000000.mp4,18719,motorcycle,1,212.934,30.0
ch01_00000000140000000.mp4,18754,motorcycle,1,214.934,9.0
ch01_00000000140000000.mp4,18730,car,2,215.434,8.2
ch01_00000000140000000.mp4,18955,motorcycle,1,216.834,12.0
ch01_00000000140000000.mp4,19070,motorcycle,1,217.434,8.2
ch01_00000000140000000.mp4,18789,motorcycle,1,217.484,6.9
ch01_00000000140000000.mp4,19019,motorcycle,1,217.534,14.4
ch01_00000000140000000.mp4,19061,motorcycle,1,217.634,10.9
ch01_00000000140000000.mp4,18964,motorcycle,1,218.133,10.9
ch01_00000000140000000.mp4,19290,motorcycle,1,219.483,7.1
ch01_00000000140000000.mp4,19376,motorcycle,1,220.383,7.3
ch01_00000000140000000.mp4,19355,motorcycle,1,220.933,8.4
ch01_00000000140000000.mp4,19401,motorcycle,1,221.133,17.1
ch01_00000000140000000.mp4,19471,motorcycle,1,221.933,9.2
ch01_00000000140000000.mp4,19448,motorcycle,1,222.433,18.9
ch01_00000000140000000.mp4,19402,car,2,222.483,11.6
ch01_00000000140000000.mp4,19644,motorcycle,1,223.633,13.3
ch01_00000000140000000.mp4,19564,motorcycle,1,224.033,18.0
ch01_00000000140000000.mp4,19779,motorcycle,1,225.483,12.0
ch01_00000000140000000.mp4,19807,truck,4,227.333,15.0
ch01_00000000140000000.mp4,20004,motorcycle,1,227.983,30.0
ch01_00000000140000000.mp4,20024,car,2,228.233,7.2
ch01_00000000140000000.mp4,20130,motorcycle,1,231.282,10.3
ch01_00000000140000000.mp4,20221,car,2,233.032,14.4
ch01_00000000140000000.mp4,20241,motorcycle,1,233.132,10.0
ch01_00000000140000000.mp4,20316,motorcycle,1,234.082,10.3
ch01_00000000140000000.mp4,20435,motorcycle,1,234.782,8.2
ch01_00000000140000000.mp4,20478,motorcycle,1,235.232,18.0
ch01_00000000140000000.mp4,20441,car,2,236.282,18.0
ch01_00000000140000000.mp4,20853,motorcycle,1,239.732,9.0
ch01_00000000140000000.mp4,20854,motorcycle,1,240.132,10.0
ch01_00000000140000000.mp4,20817,motorcycle,1,240.432,10.0
ch01_00000000140000000.mp4,20955,motorcycle,1,241.082,12.4
ch01_00000000140000000.mp4,20884,motorcycle,1,241.132,11.6
ch01_00000000140000000.mp4,20993,motorcycle,1,241.232,9.5
ch01_00000000140000000.mp4,21049,motorcycle,1,242.482,6.0
ch01_00000000140000000.mp4,21181,motorcycle,1,243.332,17.1
ch01_00000000140000000.mp4,21173,motorcycle,1,243.432,20.0
ch01_00000000140000000.mp4,21186,motorcycle,1,243.582,25.7
ch01_00000000140000000.mp4,21043,car,2,243.832,15.7
ch01_00000000140000000.mp4,21295,motorcycle,1,244.432,16.4
ch01_00000000140000000.mp4,21278,motorcycle,1,244.531,24.0
ch01_00000000140000000.mp4,21341,motorcycle,1,245.181,17.1
ch01_00000000140000000.mp4,21350,motorcycle,1,245.482,27.7
ch01_00000000140000000.mp4,21359,motorcycle,1,245.881,18.0
ch01_00000000140000000.mp4,21236,car,2,246.431,13.3
ch01_00000000140000000.mp4,21435,truck,6,248.631,14.4
ch01_00000000140000000.mp4,21764,motorcycle,1,251.481,15.7
ch01_00000000140000000.mp4,21792,motorcycle,1,251.681,30.0
ch01_00000000140000000.mp4,21879,motorcycle,1,252.631,30.0
ch01_00000000140000000.mp4,21939,motorcycle,1,253.181,36.0
ch01_00000000140000000.mp4,22043,motorcycle,1,254.131,36.0
ch01_00000000140000000.mp4,21949,motorcycle,1,254.231,18.0
ch01_00000000140000000.mp4,22117,motorcycle,1,254.781,27.7
ch01_00000000140000000.mp4,22044,motorcycle,1,254.931,1.6
ch01_00000000140000000.mp4,22138,motorcycle,1,255.081,22.5
ch01_00000000140000000.mp4,21867,motorcycle,1,255.681,24.0
ch01_00000000140000000.mp4,22229,motorcycle,1,256.181,25.7
ch01_00000000140000000.mp4,21945,motorcycle,1,256.231,9.7
ch01_00000000140000000.mp4,22282,motorcycle,1,256.681,25.7
ch01_00000000140000000.mp4,22380,motorcycle,1,257.531,24.0
ch01_00000000140000000.mp4,22267,truck,7,257.781,16.4
ch01_00000000140000000.mp4,22441,motorcycle,1,258.031,22.5
ch01_00000000140000000.mp4,22431,motorcycle,1,258.18,22.5
ch01_00000000140000000.mp4,22499,motorcycle,1,258.83,21.2
ch01_00000000140000000.mp4,22469,truck,6,259.03,17.1
ch01_00000000140000000.mp4,22543,motorcycle,1,259.33,20.0
ch01_00000000140000000.mp4,22567,motorcycle,1,259.63,22.5
ch01_00000000140000000.mp4,22627,motorcycle,1,260.18,24.0
ch01_00000000140000000.mp4,22606,motorcycle,1,260.23,15.0
ch01_00000000140000000.mp4,22668,motorcycle,1,260.48,24.0
ch01_00000000140000000.mp4,22657,motorcycle,1,260.63,15.0
ch01_00000000140000000.mp4,22675,motorcycle,1,260.93,18.0
ch01_00000000140000000.mp4,22744,motorcycle,1,261.23,21.2
ch01_00000000140000000.mp4,22749,motorcycle,1,261.48,25.7
ch01_00000000140000000.mp4,22772,motorcycle,1,262.33,21.2
ch01_00000000140000000.mp4,22738,car,3,262.58,17.1
ch01_00000000140000000.mp4,22923,motorcycle,1,263.48,15.7
ch01_00000000140000000.mp4,23050,motorcycle,1,264.08,27.7
ch01_00000000140000000.mp4,23040,truck,4,264.38,25.7
ch01_00000000140000000.mp4,23113,motorcycle,1,264.73,30.0
ch01_00000000140000000.mp4,23096,motorcycle,1,265.53,30.0
ch01_00000000140000000.mp4,23317,truck,6,266.98,24.0
ch01_00000000140000000.mp4,23384,motorcycle,1,267.38,27.7
ch01_00000000140000000.mp4,23115,car,2,267.53,27.7
ch01_00000000140000000.mp4,23456,motorcycle,1,267.83,14.4
ch01_00000000140000000.mp4,23506,motorcycle,1,268.48,10.3
ch01_00000000140000000.mp4,23490,motorcycle,1,268.68,24.0
ch01_00000000140000000.mp4,23587,car,2,269.93,24.0
ch01_00000000140000000.mp4,23541,car,2,270.53,20.0
ch01_00000000140000000.mp4,23705,motorcycle,1,271.079,6.3
ch01_00000000140000000.mp4,23715,motorcycle,1,272.079,9.5
ch01_00000000140000000.mp4,23738,motorcycle,1,272.679,10.0
ch01_00000000140000000.mp4,23725,car,3,273.079,6.2
ch01_00000000140000000.mp4,23803,motorcycle,1,273.579,13.8
ch01_00000000140000000.mp4,23928,motorcycle,1,274.079,18.9
ch01_00000000140000000.mp4,23896,motorcycle,1,274.529,13.8
ch01_00000000140000000.mp4,23997,motorcycle,1,275.079,21.2
ch01_00000000140000000.mp4,23998,motorcycle,1,275.729,7.3
ch01_00000000140000000.mp4,24119,motorcycle,1,275.779,22.5
ch01_00000000140000000.mp4,24138,motorcycle,1,276.079,22.5
ch01_00000000140000000.mp4,24193,motorcycle,1,276.479,6.8
ch01_00000000140000000.mp4,24174,car,2,276.879,17.1
ch01_00000000140000000.mp4,24238,motorcycle,1,276.879,18.0
ch01_00000000140000000.mp4,24044,motorcycle,1,277.279,13.3
ch01_00000000140000000.mp4,24093,car,2,277.779,10.6
ch01_00000000140000000.mp4,24337,motorcycle,1,277.829,18.9
ch01_00000000140000000.mp4,24370,motorcycle,1,278.329,18.0
ch01_00000000140000000.mp4,24409,motorcycle,1,278.829,20.0
ch01_00000000140000000.mp4,24518,motorcycle,1,279.479,18.9
ch01_00000000140000000.mp4,24503,motorcycle,1,279.629,14.4
ch01_00000000140000000.mp4,24547,motorcycle,1,279.929,21.2
ch01_00000000140000000.mp4,24477,car,2,280.329,12.0
ch01_00000000140000000.mp4,24618,motorcycle,1,280.529,17.1
ch01_00000000140000000.mp4,24687,motorcycle,1,280.979,13.8
ch01_00000000140000000.mp4,24697,motorcycle,1,281.029,17.1
ch01_00000000140000000.mp4,24774,motorcycle,1,281.829,16.4
ch01_00000000140000000.mp4,24571,car,2,281.829,5.9
ch01_00000000140000000.mp4,24741,car,2,281.929,15.7
ch01_00000000140000000.mp4,24592,car,2,282.079,11.3
ch01_00000000140000000.mp4,24867,motorcycle,1,282.779,18.0
ch01_00000000140000000.mp4,24937,motorcycle,1,283.379,9.0
ch01_00000000140000000.mp4,24930,motorcycle,1,283.479,18.9
ch01_00000000140000000.mp4,24825,motorcycle,1,283.729,8.2
ch01_00000000140000000.mp4,24998,motorcycle,1,284.279,21.2
ch01_00000000140000000.mp4,24987,car,2,284.728,16.4
ch01_00000000140000000.mp4,25031,motorcycle,1,284.779,21.2
ch01_00000000140000000.mp4,25058,motorcycle,1,285.279,18.9
ch01_00000000140000000.mp4,25069,motorcycle,1,285.329,18.0
ch01_00000000140000000.mp4,24931,car,2,285.828,10.6
ch01_00000000140000000.mp4,25149,motorcycle,1,286.178,18.0
ch01_00000000140000000.mp4,25184,motorcycle,1,286.628,18.9
ch01_00000000140000000.mp4,25315,motorcycle,1,287.728,21.2
ch01_00000000140000000.mp4,25333,motorcycle,1,288.178,12.9
ch01_00000000140000000.mp4,25405,car,2,288.928,20.0
ch01_00000000140000000.mp4,25475,motorcycle,1,289.328,20.0
ch01_00000000140000000.mp4,25400,motorcycle,1,289.328,17.1
ch01_00000000140000000.mp4,25519,motorcycle,1,289.528,20.0
ch01_00000000140000000.mp4,25586,motorcycle,1,290.428,17.1
ch01_00000000140000000.mp4,25599,motorcycle,1,290.628,6.9
ch01_00000000140000000.mp4,25622,car,2,291.078,15.0
ch01_00000000140000000.mp4,25758,motorcycle,1,291.528,13.8
ch01_00000000140000000.mp4,25743,motorcycle,1,291.628,15.0
ch01_00000000140000000.mp4,25728,car,2,291.928,12.9
ch01_00000000140000000.mp4,25773,motorcycle,1,292.028,15.0
ch01_00000000140000000.mp4,25845,motorcycle,1,292.428,15.0
ch01_00000000140000000.mp4,25727,motorcycle,1,292.528,14.4
ch01_00000000140000000.mp4,26012,motorcycle,1,294.128,13.8
ch01_00000000140000000.mp4,26151,motorcycle,1,295.128,15.0
ch01_00000000140000000.mp4,26090,car,2,295.128,13.3
ch01_00000000140000000.mp4,26201,motorcycle,1,295.678,14.4
ch01_00000000140000000.mp4,26320,motorcycle,1,296.778,14.4
ch01_00000000140000000.mp4,26407,motorcycle,1,297.228,7.8
ch01_00000000140000000.mp4,26378,motorcycle,1,297.478,13.3
ch01_00000000140000000.mp4,26448,motorcycle,1,298.228,12.9
ch01_00000000140000000.mp4,26540,motorcycle,1,299.227,8.8
ch01_00000000140000000.mp4,26563,motorcycle,1,299.827,12.4
ch01_00000000140000000.mp4,26431,motorcycle,1,300.027,12.0
ch01_00000000140000000.mp4,26645,motorcycle,1,300.077,15.0
ch01_00000000140000000.mp4,26694,motorcycle,1,300.527,12.4
ch01_00000000140000000.mp4,26698,motorcycle,1,300.727,10.6
ch01_00000000140000000.mp4,26734,motorcycle,1,301.377,12.4
ch01_00000000140000000.mp4,26845,motorcycle,1,301.977,11.6
ch01_00000000140000000.mp4,26864,motorcycle,1,302.077,16.4
ch01_00000000140000000.mp4,26913,motorcycle,1,302.427,13.3
ch01_00000000140000000.mp4,26883,motorcycle,1,302.477,15.7
ch01_00000000140000000.mp4,26946,motorcycle,1,302.877,15.0
ch01_00000000140000000.mp4,26980,motorcycle,1,303.177,8.6
ch01_00000000140000000.mp4,26834,motorcycle,1,303.427,9.7
ch01_00000000140000000.mp4,27001,motorcycle,1,303.877,4.9
ch01_00000000140000000.mp4,27036,motorcycle,1,304.077,21.2
ch01_00000000140000000.mp4,27126,motorcycle,1,304.977,24.0
ch01_00000000140000000.mp4,27197,motorcycle,1,305.677,20.0
ch01_00000000140000000.mp4,27309,motorcycle,1,307.277,17.1
ch01_00000000140000000.mp4,27329,motorcycle,1,307.477,12.0
ch01_00000000140000000.mp4,26953,car,3,307.827,6.3
ch01_00000000140000000.mp4,27523,motorcycle,1,309.227,30.0
ch01_00000000140000000.mp4,27408,car,2,309.277,18.0
ch01_00000000140000000.mp4,27550,motorcycle,1,309.627,27.7
ch01_00000000140000000.mp4,27475,motorcycle,1,310.077,12.4
ch01_00000000140000000.mp4,27654,motorcycle,1,310.976,5.1
ch01_00000000140000000.mp4,27668,motorcycle,1,311.676,4.9
ch01_00000000140000000.mp4,27792,motorcycle,1,312.526,30.0
ch01_00000000140000000.mp4,27801,motorcycle,1,312.676,24.0
ch01_00000000140000000.mp4,27882,truck,4,313.676,18.9
ch01_00000000140000000.mp4,27956,motorcycle,1,313.926,27.7
ch01_00000000140000000.mp4,27796,motorcycle,1,314.076,7.2
ch01_00000000140000000.mp4,28036,motorcycle,1,315.126,21.2
ch01_00000000140000000.mp4,28133,motorcycle,1,316.076,20.0
ch01_00000000140000000.mp4,27620,car,3,316.126,5.2
ch01_00000000140000000.mp4,28160,motorcycle,1,316.626,8.6
ch01_00000000140000000.mp4,28193,motorcycle,1,316.826,21.2
ch01_00000000140000000.mp4,28209,motorcycle,1,316.926,22.5
ch01_00000000140000000.mp4,28241,motorcycle,1,317.526,22.5
ch01_00000000140000000.mp4,28302,motorcycle,1,318.226,21.2
ch01_00000000140000000.mp4,28139,car,2,319.076,10.0
ch01_00000000140000000.mp4,28428,motorcycle,1,319.226,22.5
ch01_00000000140000000.mp4,28504,motorcycle,1,320.076,13.8
ch01_00000000140000000.mp4,28517,motorcycle,1,320.476,8.0
ch01_00000000140000000.mp4,28623,motorcycle,1,321.376,22.5
ch01_00000000140000000.mp4,28459,car,2,321.526,11.3
ch01_00000000140000000.mp4,28582,motorcycle,1,321.876,10.3
ch01_00000000140000000.mp4,28722,motorcycle,1,322.776,20.0
ch01_00000000140000000.mp4,28712,motorcycle,1,323.026,15.7
ch01_00000000140000000.mp4,28749,motorcycle,1,323.076,16.4
ch01_00000000140000000.mp4,28829,motorcycle,1,323.876,16.4
ch01_00000000140000000.mp4,28823,motorcycle,1,324.026,13.8
ch01_00000000140000000.mp4,28836,car,2,324.776,14.4
ch01_00000000140000000.mp4,28988,car,2,327.425,10.9
ch01_00000000140000000.mp4,29103,car,2,327.725,17.1
ch01_00000000140000000.mp4,29213,motorcycle,1,328.425,20.0
ch01_00000000140000000.mp4,29187,motorcycle,1,328.575,11.3
ch01_00000000140000000.mp4,29221,motorcycle,1,328.875,18.9
ch01_00000000140000000.mp4,29256,motorcycle,1,329.625,5.5
ch01_00000000140000000.mp4,29195,motorcycle,1,329.725,9.2
ch01_00000000140000000.mp4,29338,motorcycle,1,330.575,4.9
ch01_00000000140000000.mp4,29316,motorcycle,1,330.825,3.4
ch01_00000000140000000.mp4,29366,car,2,331.275,17.1
ch01_00000000140000000.mp4,29230,car,2,331.825,1.8
ch01_00000000140000000.mp4,29505,car,2,332.075,15.7
ch01_00000000140000000.mp4,29552,car,2,332.875,15.0
ch01_00000000140000000.mp4,29710,car,2,334.625,17.1
ch01_00000000140000000.mp4,29787,motorcycle,1,335.275,21.2
ch01_00000000140000000.mp4,29910,motorcycle,1,336.525,20.0
ch01_00000000140000000.mp4,29745,motorcycle,1,336.625,9.7
ch01_00000000140000000.mp4,29869,car,2,336.625,16.4
ch01_00000000140000000.mp4,29512,car,2,337.625,2.0
ch01_00000000140000000.mp4,29864,motorcycle,1,338.724,10.6
ch01_00000000140000000.mp4,30133,motorcycle,1,339.324,17.1
ch01_00000000140000000.mp4,30149,motorcycle,1,339.624,13.3
ch01_00000000140000000.mp4,30256,motorcycle,1,340.474,16.4
ch01_00000000140000000.mp4,30001,motorcycle,1,340.724,11.6
ch01_00000000140000000.mp4,30304,motorcycle,1,341.224,16.4
ch01_00000000140000000.mp4,30183,motorcycle,1,341.624,10.0
ch01_00000000140000000.mp4,30315,car,2,343.624,10.9
ch01_00000000140000000.mp4,30514,motorcycle,1,343.624,16.4
ch01_00000000140000000.mp4,30568,motorcycle,1,344.324,18.9
ch01_00000000140000000.mp4,29868,car,2,344.624,4.9
ch01_00000000140000000.mp4,30646,motorcycle,1,345.324,18.0
ch01_00000000140000000.mp4,30687,motorcycle,1,346.024,17.1
ch01_00000000140000000.mp4,30716,motorcycle,1,346.324,17.1
ch01_00000000140000000.mp4,30681,car,2,346.724,12.4
ch01_00000000140000000.mp4,30836,motorcycle,1,347.674,18.0
ch01_00000000140000000.mp4,30889,motorcycle,1,348.524,17.1
ch01_00000000140000000.mp4,30549,car,2,348.624,5.1
ch01_00000000140000000.mp4,30996,motorcycle,1,349.274,18.0
ch01_00000000140000000.mp4,30945,motorcycle,1,349.374,18.0
ch01_00000000140000000.mp4,31037,motorcycle,1,349.724,18.0
ch01_00000000140000000.mp4,31013,motorcycle,1,349.874,17.1
ch01_00000000140000000.mp4,30955,motorcycle,1,350.374,4.9
ch01_00000000140000000.mp4,31136,motorcycle,1,351.224,17.1
ch01_00000000140000000.mp4,31198,motorcycle,1,352.073,16.4
ch01_00000000140000000.mp4,31263,motorcycle,1,352.873,14.4
ch01_00000000140000000.mp4,31213,truck,4,353.473,10.0
ch01_00000000140000000.mp4,31325,motorcycle,1,353.623,15.0
ch01_00000000140000000.mp4,31406,motorcycle,1,354.573,13.8
ch01_00000000140000000.mp4,31368,motorcycle,1,354.773,15.7
ch01_00000000140000000.mp4,31373,car,2,355.173,10.6
ch01_00000000140000000.mp4,31575,motorcycle,1,356.573,15.7
ch01_00000000140000000.mp4,31552,car,2,356.723,12.0
ch01_00000000140000000.mp4,31647,motorcycle,1,357.273,15.7
ch01_00000000140000000.mp4,31629,motorcycle,1,357.673,13.8
ch01_00000000140000000.mp4,31661,truck,4,358.023,9.7
ch01_00000000140000000.mp4,31729,motorcycle,1,358.373,14.4
ch01_00000000140000000.mp4,31711,motorcycle,1,358.723,15.0
ch01_00000000140000000.mp4,31794,motorcycle,1,358.873,13.8
ch01_00000000140000000.mp4,31928,motorcycle,1,360.223,15.7
ch01_00000000140000000.mp4,31929,motorcycle,1,360.273,12.4
ch01_00000000140000000.mp4,31789,truck,6,360.323,11.3
ch01_00000000140000000.mp4,31964,motorcycle,1,360.773,17.1
ch01_00000000140000000.mp4,31991,motorcycle,1,361.273,12.4
ch01_00000000140000000.mp4,32156,car,3,362.923,11.6
ch01_00000000140000000.mp4,31944,motorcycle,1,363.023,8.6
ch01_00000000140000000.mp4,32287,motorcycle,1,363.223,16.4
ch01_00000000140000000.mp4,32362,motorcycle,1,364.072,14.4
ch01_00000000140000000.mp4,32360,car,2,364.772,10.3
ch01_00000000140000000.mp4,32328,motorcycle,1,365.172,12.9
ch01_00000000140000000.mp4,32537,motorcycle,1,365.522,13.8
ch01_00000000140000000.mp4,32566,motorcycle,1,365.872,15.0
ch01_00000000140000000.mp4,32614,truck,4,366.822,12.4
ch01_00000000140000000.mp4,32677,motorcycle,1,366.822,15.0
ch01_00000000140000000.mp4,32686,motorcycle,1,367.072,12.0
ch01_00000000140000000.mp4,32699,motorcycle,1,367.122,14.4
ch01_00000000140000000.mp4,32534,truck,6,367.372,6.5
ch01_00000000140000000.mp4,32730,motorcycle,1,367.572,13.8
ch01_00000000140000000.mp4,32720,motorcycle,1,367.672,15.7
ch01_00000000140000000.mp4,32820,motorcycle,1,368.572,14.4
ch01_00000000140000000.mp4,32911,motorcycle,1,369.072,15.0
ch01_00000000140000000.mp4,32915,motorcycle,1,369.172,13.3
ch01_00000000140000000.mp4,32821,car,2,369.222,10.6
ch01_00000000140000000.mp4,32910,motorcycle,1,369.372,15.7
ch01_00000000140000000.mp4,33050,car,2,371.422,13.3
ch01_00000000140000000.mp4,33268,car,2,372.622,17.1
ch01_00000000140000000.mp4,33271,motorcycle,1,372.772,15.0
ch01_00000000140000000.mp4,33381,truck,4,374.222,17.1
ch01_00000000140000000.mp4,33522,motorcycle,1,375.072,22.5
ch01_00000000140000000.mp4,33518,car,2,375.622,15.7
ch01_00000000140000000.mp4,33582,motorcycle,1,375.922,15.7
ch01_00000000140000000.mp4,33637,motorcycle,1,376.372,22.5
ch01_00000000140000000.mp4,33706,motorcycle,1,377.471,9.7
ch01_00000000140000000.mp4,33782,car,2,378.221,20.0
ch01_00000000140000000.mp4,33838,car,2,378.271,15.0
ch01_00000000140000000.mp4,33696,motorcycle,1,378.671,3.5
ch01_00000000140000000.mp4,33839,motorcycle,1,378.871,6.9
ch01_00000000140000000.mp4,33772,motorcycle,1,379.171,6.5
ch01_00000000140000000.mp4,33822,motorcycle,1,380.021,9.5
ch01_00000000140000000.mp4,33997,motorcycle,1,380.521,9.0
ch01_00000000140000000.mp4,33903,motorcycle,1,381.121,10.3
ch01_00000000140000000.mp4,34085,motorcycle,1,382.071,9.0
ch01_00000000140000000.mp4,34188,motorcycle,1,382.321,1.1
ch01_00000000140000000.mp4,34279,car,3,383.721,13.3
ch01_00000000140000000.mp4,34133,motorcycle,1,384.171,36.0
ch01_00000000140000000.mp4,34307,car,2,384.671,9.2
ch01_00000000140000000.mp4,34109,car,3,385.321,17.1
ch01_00000000140000000.mp4,34644,car,2,387.721,9.5
ch01_00000000140000000.mp4,34786,car,2,388.771,14.4
ch01_00000000140000000.mp4,34836,car,2,389.821,8.0
ch01_00000000140000000.mp4,34938,motorcycle,1,390.021,15.7
ch01_00000000140000000.mp4,35117,motorcycle,1,392.02,18.0
ch01_00000000140000000.mp4,35187,motorcycle,1,393.02,12.9
ch01_00000000140000000.mp4,35233,car,3,393.87,18.9
ch01_00000000140000000.mp4,35244,motorcycle,1,393.97,15.0
ch01_00000000140000000.mp4,35325,motorcycle,1,394.52,6.4
ch01_00000000140000000.mp4,35387,motorcycle,1,395.77,20.0
ch01_00000000140000000.mp4,35456,motorcycle,1,396.77,13.3
ch01_00000000140000000.mp4,35515,motorcycle,1,397.32,16.4
ch01_00000000140000000.mp4,35623,car,3,398.77,21.2
ch01_00000000140000000.mp4,35501,car,2,398.97,18.0
ch01_00000000140000000.mp4,35716,motorcycle,1,400.02,22.5
ch01_00000000140000000.mp4,35702,motorcycle,1,400.12,8.4
ch01_00000000140000000.mp4,35774,car,2,400.92,22.5
ch01_00000000140000000.mp4,35679,motorcycle,1,401.27,12.9
ch01_00000000140000000.mp4,35865,motorcycle,1,401.67,18.9
ch01_00000000140000000.mp4,35784,car,2,402.22,12.9
ch01_00000000140000000.mp4,35960,motorcycle,1,403.02,16.4
ch01_00000000140000000.mp4,36159,car,2,404.67,22.5
ch01_00000000140000000.mp4,36108,motorcycle,1,404.869,11.6
ch01_00000000140000000.mp4,36338,truck,6,406.319,22.5
ch01_00000000140000000.mp4,36301,motorcycle,1,406.719,13.8
ch01_00000000140000000.mp4,36379,motorcycle,1,407.669,13.3
ch01_00000000140000000.mp4,36466,truck,4,408.019,17.1
ch01_00000000140000000.mp4,36488,truck,4,408.219,6.7
ch01_00000000140000000.mp4,36588,motorcycle,1,409.069,20.0
ch01_00000000140000000.mp4,36594,motorcycle,1,409.769,21.2
ch01_00000000140000000.mp4,36630,motorcycle,1,410.219,15.0
ch01_00000000140000000.mp4,36741,motorcycle,1,410.669,12.9
ch01_00000000140000000.mp4,36800,motorcycle,1,411.869,20.0
ch01_00000000140000000.mp4,36849,motorcycle,1,412.019,22.5
ch01_00000000140000000.mp4,36853,motorcycle,1,412.319,6.8
ch01_00000000140000000.mp4,36827,motorcycle,1,412.469,27.7
ch01_00000000140000000.mp4,36897,motorcycle,1,412.869,6.2
ch01_00000000140000000.mp4,36919,motorcycle,1,412.919,21.2
ch01_00000000140000000.mp4,36877,truck,4,413.969,17.1
ch01_00000000140000000.mp4,37044,car,2,415.969,17.1
ch01_00000000140000000.mp4,37403,motorcycle,1,417.918,8.6
ch01_00000000140000000.mp4,37321,car,2,419.118,18.0
ch01_00000000140000000.mp4,37739,motorcycle,1,421.818,15.0
ch01_00000000140000000.mp4,37798,motorcycle,1,422.568,18.9
ch01_00000000140000000.mp4,37583,motorcycle,1,423.068,9.0
ch01_00000000140000000.mp4,37875,motorcycle,1,423.618,16.4
ch01_00000000140000000.mp4,37776,motorcycle,1,424.418,10.0
ch01_00000000140000000.mp4,37944,motorcycle,1,425.368,10.6
ch01_00000000140000000.mp4,37999,motorcycle,1,426.468,9.0
ch01_00000000140000000.mp4,37916,car,2,428.368,8.4
ch01_00000000140000000.mp4,38540,motorcycle,1,430.317,15.7
ch01_00000000140000000.mp4,38563,car,2,431.467,9.7
ch01_00000000140000000.mp4,38605,car,2,434.067,7.2
ch01_00000000140000000.mp4,39162,car,3,436.717,7.7
ch01_00000000140000000.mp4,39183,car,2,437.467,7.1
ch01_00000000140000000.mp4,39001,truck,6,440.467,9.0
ch01_00000000140000000.mp4,39594,motorcycle,1,442.417,12.4
ch01_00000000140000000.mp4,39722,motorcycle,1,443.716,6.8
ch01_00000000140000000.mp4,39414,car,2,444.017,11.3
ch01_00000000140000000.mp4,39904,motorcycle,1,445.316,27.7
ch01_00000000140000000.mp4,39888,motorcycle,1,445.366,10.9
ch01_00000000140000000.mp4,39803,motorcycle,1,445.516,21.2
ch01_00000000140000000.mp4,39905,motorcycle,1,445.966,12.4
ch01_00000000140000000.mp4,40061,motorcycle,1,446.916,9.2
ch01_00000000140000000.mp4,40087,motorcycle,1,447.066,24.0
ch01_00000000140000000.mp4,40260,motorcycle,1,449.516,27.7
ch01_00000000140000000.mp4,40634,motorcycle,1,453.466,40.0
ch01_00000000140000000.mp4,40422,truck,4,456.016,7.3
ch01_00000000140000000.mp4,40773,motorcycle,1,456.565,10.3
ch01_00000000140000000.mp4,41065,motorcycle,1,458.515,20.0
ch01_00000000140000000.mp4,41134,motorcycle,1,459.265,22.5
ch01_00000000140000000.mp4,40965,car,2,461.215,8.4
ch01_00000000140000000.mp4,41176,motorcycle,1,461.615,9.7
ch01_00000000140000000.mp4,41335,motorcycle,1,461.765,9.0
ch01_00000000140000000.mp4,41386,motorcycle,1,462.765,11.6
ch01_00000000140000000.mp4,41631,motorcycle,1,464.965,15.7
ch01_00000000140000000.mp4,41654,motorcycle,1,465.165,18.9
ch01_00000000140000000.mp4,41747,motorcycle,1,466.015,20.0
ch01_00000000140000000.mp4,41412,car,3,466.115,7.8
ch01_00000000140000000.mp4,41719,motorcycle,1,466.715,12.4
ch01_00000000140000000.mp4,41777,motorcycle,1,467.215,9.7
ch01_00000000140000000.mp4,41934,motorcycle,1,468.515,11.6
ch01_00000000140000000.mp4,41859,motorcycle,1,469.565,10.3
ch01_00000000140000000.mp4,42047,motorcycle,1,469.615,14.4
ch01_00000000140000000.mp4,42093,motorcycle,1,469.914,16.4
ch01_00000000140000000.mp4,42209,motorcycle,1,470.815,15.0
ch01_00000000140000000.mp4,41989,bus,5,470.865,4.2
ch01_00000000140000000.mp4,42132,motorcycle,1,471.114,13.8
ch01_00000000140000000.mp4,42212,motorcycle,1,471.364,17.1
ch01_00000000140000000.mp4,42261,motorcycle,1,471.814,18.0
ch01_00000000140000000.mp4,42311,motorcycle,1,472.564,20.0
ch01_00000000140000000.mp4,42383,motorcycle,1,473.464,20.0
ch01_00000000140000000.mp4,42470,motorcycle,1,474.214,20.0
ch01_00000000140000000.mp4,42453,motorcycle,1,474.214,13.3
ch01_00000000140000000.mp4,42497,motorcycle,1,474.614,22.5
ch01_00000000140000000.mp4,42551,motorcycle,1,475.214,21.2
ch01_00000000140000000.mp4,42627,motorcycle,1,475.664,21.2
ch01_00000000140000000.mp4,42612,motorcycle,1,475.914,25.7
ch01_00000000140000000.mp4,42704,motorcycle,1,476.264,8.4
ch01_00000000140000000.mp4,42080,car,2,476.864,7.2
ch01_00000000140000000.mp4,42623,motorcycle,1,476.914,13.8
ch01_00000000140000000.mp4,42766,motorcycle,1,477.064,12.4
ch01_00000000140000000.mp4,42784,motorcycle,1,477.114,18.0
ch01_00000000140000000.mp4,42920,motorcycle,1,478.264,8.8
ch01_00000000140000000.mp4,42935,motorcycle,1,478.614,21.2
ch01_00000000140000000.mp4,42967,motorcycle,1,479.664,11.6
ch01_00000000140000000.mp4,43001,motorcycle,1,479.814,18.9
ch01_00000000140000000.mp4,43091,motorcycle,1,480.814,18.0
ch01_00000000140000000.mp4,43114,motorcycle,1,481.414,18.9
ch01_00000000140000000.mp4,43144,motorcycle,1,481.564,9.7
ch01_00000000140000000.mp4,43205,motorcycle,1,482.364,20.0
ch01_00000000140000000.mp4,43173,car,2,482.614,14.4
ch01_00000000140000000.mp4,43253,motorcycle,1,483.014,14.4
ch01_00000000140000000.mp4,43323,motorcycle,1,483.563,18.0
ch01_00000000140000000.mp4,43353,motorcycle,1,484.413,6.8
ch01_00000000140000000.mp4,43427,motorcycle,1,484.963,25.7
ch01_00000000140000000.mp4,43384,car,3,485.013,17.1
ch01_00000000140000000.mp4,43442,motorcycle,1,485.263,24.0
ch01_00000000140000000.mp4,43468,motorcycle,1,485.313,16.4
ch01_00000000140000000.mp4,43514,motorcycle,1,485.813,20.0
ch01_00000000140000000.mp4,43547,motorcycle,1,485.863,20.0
ch01_00000000140000000.mp4,43462,motorcycle,1,486.163,6.8
ch01_00000000140000000.mp4,43613,motorcycle,1,486.463,18.0
ch01_00000000140000000.mp4,43612,motorcycle,1,486.513,18.0
ch01_00000000140000000.mp4,43629,motorcycle,1,487.063,6.8
ch01_00000000140000000.mp4,43604,motorcycle,1,487.213,20.0
ch01_00000000140000000.mp4,43701,motorcycle,1,487.563,20.0
ch01_00000000140000000.mp4,43742,motorcycle,1,488.513,5.6
ch01_00000000140000000.mp4,43984,motorcycle,1,490.363,18.9
ch01_00000000140000000.mp4,43961,motorcycle,1,490.713,6.7
ch01_00000000140000000.mp4,44087,motorcycle,1,491.263,21.2
ch01_00000000140000000.mp4,44108,motorcycle,1,491.613,24.0
ch01_00000000140000000.mp4,44155,motorcycle,1,491.963,20.0
ch01_00000000140000000.mp4,44165,motorcycle,1,492.213,22.5
ch01_00000000140000000.mp4,43832,bus,5,492.263,3.4
ch01_00000000140000000.mp4,44206,motorcycle,1,492.713,20.0
ch01_00000000140000000.mp4,44216,motorcycle,1,492.713,24.0
ch01_00000000140000000.mp4,44287,motorcycle,1,493.463,20.0
ch01_00000000140000000.mp4,44342,motorcycle,1,493.813,20.0
ch01_00000000140000000.mp4,44334,motorcycle,1,493.863,18.9
ch01_00000000140000000.mp4,44384,motorcycle,1,494.263,20.0
ch01_00000000140000000.mp4,44409,motorcycle,1,494.613,21.2
ch01_00000000140000000.mp4,44506,motorcycle,1,495.513,22.5
ch01_00000000140000000.mp4,44397,car,3,496.512,9.7
ch01_00000000140000000.mp4,44645,motorcycle,1,496.962,27.7
ch01_00000000140000000.mp4,44705,motorcycle,1,497.712,17.1
ch01_00000000140000000.mp4,44833,motorcycle,1,499.412,20.0
ch01_00000000140000000.mp4,44848,motorcycle,1,499.762,22.5
ch01_00000000140000000.mp4,44931,motorcycle,1,500.662,25.7
ch01_00000000140000000.mp4,44988,motorcycle,1,501.462,24.0
ch01_00000000140000000.mp4,44507,bus,5,502.012,9.5
ch01_00000000140000000.mp4,45071,motorcycle,1,502.062,22.5
ch01_00000000140000000.mp4,45118,motorcycle,1,502.512,22.5
ch01_00000000140000000.mp4,45132,motorcycle,1,502.862,22.5
ch01_00000000140000000.mp4,45174,motorcycle,1,503.462,20.0
ch01_00000000140000000.mp4,45191,car,2,504.112,21.2
ch01_00000000140000000.mp4,45234,motorcycle,1,504.112,13.3
ch01_00000000140000000.mp4,45255,motorcycle,1,504.462,21.2
ch01_00000000140000000.mp4,45304,motorcycle,1,505.012,30.0
ch01_00000000140000000.mp4,45302,truck,4,505.262,20.0
ch01_00000000140000000.mp4,45347,motorcycle,1,505.512,22.5
ch01_00000000140000000.mp4,45362,motorcycle,1,505.662,21.2
ch01_00000000140000000.mp4,45422,motorcycle,1,506.462,22.5
ch01_00000000140000000.mp4,45445,car,2,507.012,21.2
ch01_00000000140000000.mp4,45504,motorcycle,1,507.462,21.2
ch01_00000000140000000.mp4,45472,motorcycle,1,507.762,5.8
ch01_00000000140000000.mp4,45538,motorcycle,1,508.062,4.4
ch01_00000000140000000.mp4,45568,motorcycle,1,508.662,18.9
ch01_00000000140000000.mp4,45607,motorcycle,1,509.262,25.7
ch01_00000000140000000.mp4,45564,motorcycle,1,509.412,5.5
ch01_00000000140000000.mp4,45605,motorcycle,1,510.262,3.9
ch01_00000000140000000.mp4,45696,motorcycle,1,510.312,25.7
ch01_00000000140000000.mp4,45672,car,2,510.462,18.0
ch01_00000000140000000.mp4,45712,motorcycle,1,511.411,9.5
ch01_00000000140000000.mp4,45782,motorcycle,1,511.411,25.7
ch01_00000000140000000.mp4,45691,motorcycle,1,512.161,10.9
ch01_00000000140000000.mp4,45852,motorcycle,1,512.411,18.0
ch01_00000000140000000.mp4,45921,motorcycle,1,513.211,18.9
ch01_00000000140000000.mp4,45919,motorcycle,1,513.311,17.1
ch01_00000000140000000.mp4,46059,motorcycle,1,514.411,18.0
ch01_00000000140000000.mp4,46084,motorcycle,1,514.861,20.0
ch01_00000000140000000.mp4,46102,motorcycle,1,514.861,16.4
ch01_00000000140000000.mp4,46162,motorcycle,1,515.261,21.2
ch01_00000000140000000.mp4,46170,motorcycle,1,515.761,17.1
ch01_00000000140000000.mp4,45731,car,3,515.811,6.9
ch01_00000000140000000.mp4,46266,motorcycle,1,516.811,18.0
ch01_00000000140000000.mp4,45922,car,2,517.611,9.2
ch01_00000000140000000.mp4,46277,motorcycle,1,517.811,12.9
ch01_00000000140000000.mp4,46313,motorcycle,1,518.561,10.9
ch01_00000000140000000.mp4,46510,motorcycle,1,519.411,15.7
ch01_00000000140000000.mp4,46512,car,2,520.061,12.9
ch01_00000000140000000.mp4,46594,motorcycle,1,520.411,17.1
ch01_00000000140000000.mp4,46651,motorcycle,1,520.961,18.0
ch01_00000000140000000.mp4,46429,car,2,521.211,12.4
ch01_00000000140000000.mp4,46666,motorcycle,1,521.361,17.1
ch01_00000000140000000.mp4,46791,motorcycle,1,522.711,17.1
ch01_00000000140000000.mp4,46867,motorcycle,1,523.211,18.9
ch01_00000000140000000.mp4,46824,motorcycle,1,523.561,14.4
ch01_00000000140000000.mp4,46940,motorcycle,1,524.11,10.3
ch01_00000000140000000.mp4,46982,motorcycle,1,524.61,22.5
ch01_00000000140000000.mp4,47039,car,2,525.76,18.9
ch01_00000000140000000.mp4,47120,motorcycle,1,526.46,17.1
ch01_00000000140000000.mp4,47137,truck,4,526.81,18.0
ch01_00000000140000000.mp4,47250,motorcycle,1,527.81,21.2
ch01_00000000140000000.mp4,47173,motorcycle,1,528.16,8.8
ch01_00000000140000000.mp4,47308,motorcycle,1,528.41,18.9
ch01_00000000140000000.mp4,47198,motorcycle,1,529.16,8.8
ch01_00000000140000000.mp4,47474,motorcycle,1,530.46,14.4
ch01_00000000140000000.mp4,47360,motorcycle,1,530.56,10.6
ch01_00000000140000000.mp4,47478,motorcycle,1,531.31,10.0
ch01_00000000140000000.mp4,47646,motorcycle,1,531.91,16.4
ch01_00000000140000000.mp4,47656,motorcycle,1,532.31,15.7
ch01_00000000140000000.mp4,47597,truck,4,532.76,8.8
ch01_00000000140000000.mp4,47725,motorcycle,1,532.81,14.4
ch01_00000000140000000.mp4,47784,motorcycle,1,533.91,12.9
ch01_00000000140000000.mp4,47812,motorcycle,1,534.56,9.5
ch01_00000000140000000.mp4,48064,motorcycle,1,537.01,13.8
ch01_00000000140000000.mp4,48028,car,2,537.309,9.2
ch01_00000000140000000.mp4,48154,motorcycle,1,538.009,14.4
ch01_00000000140000000.mp4,48288,motorcycle,1,539.509,6.2
ch01_00000000140000000.mp4,48304,motorcycle,1,539.609,17.1
ch01_00000000140000000.mp4,48240,car,3,539.709,10.3
ch01_00000000140000000.mp4,48282,motorcycle,1,540.159,10.6
ch01_00000000140000000.mp4,48331,motorcycle,1,540.209,5.9
ch01_00000000140000000.mp4,48400,motorcycle,1,541.259,7.1
ch01_00000000140000000.mp4,48354,car,2,541.909,10.0
ch01_00000000140000000.mp4,48432,motorcycle,1,541.959,6.3
ch01_00000000140000000.mp4,48450,motorcycle,1,543.009,13.3
ch01_00000000140000000.mp4,48440,motorcycle,1,543.159,10.3
ch01_00000000140000000.mp4,48523,motorcycle,1,543.559,9.0
ch01_00000000140000000.mp4,48704,motorcycle,1,545.059,15.0
ch01_00000000140000000.mp4,48773,motorcycle,1,546.009,10.9
ch01_00000000140000000.mp4,48878,motorcycle,1,547.259,18.0
ch01_00000000140000000.mp4,48869,car,3,547.809,13.8
ch01_00000000140000000.mp4,48953,motorcycle,1,548.059,18.9
ch01_00000000140000000.mp4,48978,car,2,548.559,14.4
ch01_00000000140000000.mp4,49039,motorcycle,1,549.409,12.4
ch01_00000000140000000.mp4,49045,motorcycle,1,549.909,13.8
ch01_00000000140000000.mp4,49103,motorcycle,1,550.308,15.7
ch01_00000000140000000.mp4,49213,motorcycle,1,551.008,15.0
ch01_00000000140000000.mp4,49224,car,2,551.908,15.0
ch01_00000000140000000.mp4,49321,motorcycle,1,552.008,15.0
ch01_00000000140000000.mp4,49330,motorcycle,1,552.058,6.9
ch01_00000000140000000.mp4,49374,motorcycle,1,552.858,15.7
ch01_00000000140000000.mp4,49437,motorcycle,1,553.208,15.0
ch01_00000000140000000.mp4,49505,motorcycle,1,553.808,8.2
ch01_00000000140000000.mp4,49536,motorcycle,1,554.708,6.9
ch01_00000000140000000.mp4,49653,motorcycle,1,556.308,7.2
ch01_00000000140000000.mp4,49709,motorcycle,1,556.358,17.1
ch01_00000000140000000.mp4,49636,car,2,556.408,12.0
ch01_00000000140000000.mp4,49639,car,2,556.958,14.4
ch01_00000000140000000.mp4,49743,motorcycle,1,557.108,16.4
ch01_00000000140000000.mp4,49881,motorcycle,1,558.008,17.1
ch01_00000000140000000.mp4,49769,motorcycle,1,558.258,13.8
ch01_00000000140000000.mp4,49876,car,2,558.408,13.8
ch01_00000000140000000.mp4,49911,motorcycle,1,558.808,11.3
ch01_00000000140000000.mp4,49939,car,2,559.708,14.4
ch01_00000000140000000.mp4,50098,car,2,561.408,13.3
ch01_00000000140000000.mp4,50143,motorcycle,1,561.708,18.9
ch01_00000000140000000.mp4,50078,car,2,562.008,14.4
ch01_00000000140000000.mp4,50190,motorcycle,1,562.058,14.4
ch01_00000000140000000.mp4,50234,motorcycle,1,562.857,14.4
ch01_00000000140000000.mp4,50229,car,2,563.508,12.4
ch01_00000000140000000.mp4,50283,motorcycle,1,563.607,16.4
ch01_00000000140000000.mp4,50268,car,2,564.507,9.7
ch01_00000000140000000.mp4,50403,motorcycle,1,564.857,24.0
ch01_00000000140000000.mp4,50382,car,3,565.607,12.4
ch01_00000000140000000.mp4,50599,motorcycle,1,567.857,12.9
ch01_00000000140000000.mp4,50613,motorcycle,1,567.957,16.4
ch01_00000000140000000.mp4,50600,car,2,568.457,14.4
ch01_00000000140000000.mp4,50681,motorcycle,1,569.007,18.9
ch01_00000000140000000.mp4,50760,motorcycle,1,570.007,20.0
ch01_00000000140000000.mp4,50738,truck,4,570.457,15.0
ch01_00000000140000000.mp4,50850,motorcycle,1,571.207,18.0
ch01_00000000140000000.mp4,50739,car,2,571.907,7.1
ch01_00000000140000000.mp4,50846,motorcycle,1,572.507,9.2
ch01_00000000140000000.mp4,50924,car,2,572.507,13.8
ch01_00000000140000000.mp4,51076,motorcycle,1,574.407,7.1
ch01_00000000140000000.mp4,51243,motorcycle,1,575.457,22.5
ch01_00000000140000000.mp4,51384,car,3,577.356,13.8
ch01_00000000140000000.mp4,51439,motorcycle,1,577.806,17.1
ch01_00000000140000000.mp4,51483,motorcycle,1,578.356,16.4
ch01_00000000140000000.mp4,51544,motorcycle,1,579.056,18.0
ch01_00000000140000000.mp4,51647,motorcycle,1,579.856,14.4
ch01_00000000140000000.mp4,51645,car,2,580.706,9.0
ch01_00000000140000000.mp4,51855,motorcycle,1,584.406,9.2
ch01_00000000140000000.mp4,52060,bus,5,587.856,11.3
ch01_00000000140000000.mp4,52420,motorcycle,1,588.656,20.0
ch01_00000000140000000.mp4,52376,motorcycle,1,589.155,9.5
ch01_00000000140000000.mp4,52468,motorcycle,1,589.206,20.0
ch01_00000000140000000.mp4,52546,motorcycle,1,589.956,20.0
ch01_00000000140000000.mp4,52556,car,2,591.805,9.5
ch01_00000000140000000.mp4,52891,car,2,594.255,13.8
ch01_00000000140000000.mp4,52966,truck,4,594.955,7.7
ch01_00000000140000000.mp4,53225,motorcycle,1,596.655,17.1
ch01_00000000140000000.mp4,53208,truck,4,596.955,13.3
ch01_00000000140000000.mp4,53297,motorcycle,1,597.205,10.0
ch01_00000000140000000.mp4,53131,car,2,597.605,9.5
ch01_00000000140000000.mp4,53400,car,2,599.005,13.3
ch01_00000000140000000.mp4,53649,car,2,601.055,12.0
ch01_00000000140000000.mp4,53701,motorcycle,1,601.305,5.1
ch01_00000000140000000.mp4,53853,motorcycle,1,602.455,7.7
ch01_00000000140000000.mp4,53810,car,2,602.904,13.8
ch01_00000000140000000.mp4,53902,motorcycle,1,603.054,18.0
ch01_00000000140000000.mp4,53770,motorcycle,1,603.604,8.2
ch01_00000000140000000.mp4,54017,car,2,605.054,13.3
ch01_00000000140000000.mp4,54127,motorcycle,1,605.754,7.1
ch01_00000000140000000.mp4,54300,motorcycle,1,606.654,7.5
ch01_00000000140000000.mp4,54314,motorcycle,1,606.754,10.6
ch01_00000000140000000.mp4,54223,car,2,606.954,13.8
ch01_00000000140000000.mp4,54380,motorcycle,1,607.704,13.3
ch01_00000000140000000.mp4,54247,motorcycle,1,608.254,10.6
ch01_00000000140000000.mp4,54461,car,2,609.304,9.5
ch01_00000000140000000.mp4,54425,motorcycle,1,609.404,13.8
ch01_00000000140000000.mp4,54193,car,3,609.454,2.7
ch01_00000000140000000.mp4,54529,motorcycle,1,610.404,20.0
ch01_00000000140000000.mp4,54664,car,3,611.254,15.7
ch01_00000000140000000.mp4,54722,motorcycle,1,611.604,18.9
ch01_00000000140000000.mp4,54898,motorcycle,1,613.654,22.5
ch01_00000000140000000.mp4,55008,motorcycle,1,614.404,16.4
ch01_00000000140000000.mp4,55193,motorcycle,1,615.953,22.5
ch01_00000000140000000.mp4,55206,motorcycle,1,617.153,18.0
ch01_00000000140000000.mp4,55473,car,3,619.153,21.2
ch01_00000000140000000.mp4,55485,motorcycle,1,619.303,21.2
ch01_00000000140000000.mp4,55446,car,2,619.353,15.7
ch01_00000000140000000.mp4,55628,truck,4,620.953,18.0
ch01_00000000140000000.mp4,55885,car,2,622.553,18.0
ch01_00000000140000000.mp4,55906,motorcycle,1,622.903,21.2
ch01_00000000140000000.mp4,55935,car,2,624.103,12.4
ch01_00000000140000000.mp4,56060,motorcycle,1,624.953,9.2
ch01_00000000140000000.mp4,56126,motorcycle,1,626.203,17.1
ch01_00000000140000000.mp4,56158,motorcycle,1,626.853,17.1
ch01_00000000140000000.mp4,56417,truck,4,629.352,15.0
ch01_00000000140000000.mp4,56462,motorcycle,1,629.602,13.3
ch01_00000000140000000.mp4,56334,car,2,630.152,8.8
ch01_00000000140000000.mp4,56479,motorcycle,1,631.852,10.9
ch01_00000000140000000.mp4,56649,car,3,631.952,15.0
ch01_00000000140000000.mp4,56800,motorcycle,1,633.102,16.4
ch01_00000000140000000.mp4,56865,motorcycle,1,633.452,6.5
ch01_00000000140000000.mp4,56963,motorcycle,1,634.852,21.2
ch01_00000000140000000.mp4,56909,motorcycle,1,634.902,6.1
ch01_00000000140000000.mp4,57020,motorcycle,1,635.702,21.2
ch01_00000000140000000.mp4,57143,motorcycle,1,636.352,7.1
ch01_00000000140000000.mp4,56757,motorcycle,1,636.602,8.6
ch01_00000000140000000.mp4,57105,motorcycle,1,637.052,15.0
ch01_00000000140000000.mp4,57342,motorcycle,1,638.202,8.6
ch01_00000000140000000.mp4,57448,motorcycle,1,639.602,25.7
ch01_00000000140000000.mp4,57518,motorcycle,1,640.452,22.5
ch01_00000000140000000.mp4,57611,motorcycle,1,641.302,22.5
ch01_00000000140000000.mp4,58011,car,3,644.801,10.9
ch01_00000000140000000.mp4,57687,car,3,645.601,4.7
ch01_00000000140000000.mp4,57938,truck,4,646.051,8.2
ch01_00000000140000000.mp4,58168,motorcycle,1,647.351,11.6
ch01_00000000140000000.mp4,58388,car,2,650.401,15.7
ch01_00000000140000000.mp4,58471,motorcycle,1,651.101,20.0
ch01_00000000140000000.mp4,58580,motorcycle,1,652.101,18.9
ch01_00000000140000000.mp4,58741,motorcycle,1,654.451,20.0
ch01_00000000140000000.mp4,58926,car,2,657.05,13.8
ch01_00000000140000000.mp4,58867,motorcycle,1,657.4,8.2
ch01_00000000140000000.mp4,59109,car,2,660.4,15.0
ch01_00000000140000000.mp4,59244,motorcycle,1,660.6,13.8
ch01_00000000140000000.mp4,59286,car,2,661.9,15.0
ch01_00000000140000000.mp4,59393,motorcycle,1,663.0,18.9
ch01_00000000140000000.mp4,59268,bus,5,664.45,13.8
ch01_00000000140000000.mp4,59792,motorcycle,1,667.9,9.7
ch01_00000000140000000.mp4,59860,motorcycle,1,668.4,15.0
ch01_00000000140000000.mp4,59751,car,2,668.649,9.5
ch01_00000000140000000.mp4,60035,motorcycle,1,670.299,30.0
ch01_00000000140000000.mp4,59959,car,2,670.499,4.7
ch01_00000000140000000.mp4,59936,motorcycle,1,670.699,11.3
ch01_00000000140000000.mp4,60178,motorcycle,1,671.899,32.7
ch01_00000000140000000.mp4,59831,motorcycle,1,672.099,7.7
ch01_00000000140000000.mp4,60320,motorcycle,1,673.499,32.7
ch01_00000000140000000.mp4,60293,motorcycle,1,674.199,8.0
ch01_00000000140000000.mp4,60384,motorcycle,1,674.449,6.0
ch01_00000000140000000.mp4,60433,motorcycle,1,674.999,22.5
ch01_00000000140000000.mp4,60408,motorcycle,1,675.949,7.3
ch01_00000000140000000.mp4,60559,motorcycle,1,676.699,18.9
ch01_00000000140000000.mp4,60620,motorcycle,1,677.349,24.0
ch01_00000000140000000.mp4,60682,motorcycle,1,678.099,24.0
ch01_00000000140000000.mp4,60340,car,2,678.199,6.8
ch01_00000000140000000.mp4,60711,motorcycle,1,678.399,21.2
ch01_00000000140000000.mp4,60722,motorcycle,1,679.949,9.7
ch01_00000000140000000.mp4,60953,motorcycle,1,681.099,13.8
ch01_00000000140000000.mp4,60967,motorcycle,1,681.449,17.1
ch01_00000000140000000.mp4,61108,motorcycle,1,682.848,20.0
ch01_00000000140000000.mp4,61157,motorcycle,1,682.899,21.2
ch01_00000000140000000.mp4,61166,motorcycle,1,683.398,21.2
ch01_00000000140000000.mp4,61238,motorcycle,1,683.598,22.5
ch01_00000000140000000.mp4,61192,motorcycle,1,683.798,10.0
ch01_00000000140000000.mp4,61142,motorcycle,1,684.348,27.7
ch01_00000000140000000.mp4,61282,motorcycle,1,684.398,21.2
ch01_00000000140000000.mp4,61328,motorcycle,1,684.998,25.7
ch01_00000000140000000.mp4,61382,motorcycle,1,685.448,24.0
ch01_00000000140000000.mp4,61381,motorcycle,1,685.498,22.5
ch01_00000000140000000.mp4,61368,motorcycle,1,685.498,7.2
ch01_00000000140000000.mp4,61462,motorcycle,1,685.998,14.4
ch01_00000000140000000.mp4,61442,motorcycle,1,686.048,22.5
ch01_00000000140000000.mp4,61542,motorcycle,1,687.248,25.7
ch01_00000000140000000.mp4,61634,motorcycle,1,688.048,21.2
ch01_00000000140000000.mp4,61651,motorcycle,1,689.548,12.4
ch01_00000000140000000.mp4,61957,motorcycle,1,690.648,11.6
ch01_00000000140000000.mp4,61860,motorcycle,1,690.748,18.9
ch01_00000000140000000.mp4,61982,motorcycle,1,690.848,18.0
ch01_00000000140000000.mp4,61974,motorcycle,1,690.948,24.0
ch01_00000000140000000.mp4,62128,motorcycle,1,692.598,24.0
ch01_00000000140000000.mp4,62111,car,2,692.848,18.9
ch01_00000000140000000.mp4,62190,motorcycle,1,693.198,21.2
ch01_00000000140000000.mp4,62171,motorcycle,1,693.398,24.0
ch01_00000000140000000.mp4,62265,motorcycle,1,694.048,24.0
ch01_00000000140000000.mp4,62291,truck,4,694.648,20.0
ch01_00000000140000000.mp4,62321,motorcycle,1,694.798,20.0
ch01_00000000140000000.mp4,62341,motorcycle,1,695.097,24.0
ch01_00000000140000000.mp4,62287,motorcycle,1,695.447,11.3
ch01_00000000140000000.mp4,62367,motorcycle,1,695.697,21.2
ch01_00000000140000000.mp4,62514,motorcycle,1,696.947,22.5
ch01_00000000140000000.mp4,62509,motorcycle,1,697.147,7.2
ch01_00000000140000000.mp4,62546,motorcycle,1,697.697,21.2
ch01_00000000140000000.mp4,62576,motorcycle,1,698.047,24.0
ch01_00000000140000000.mp4,62593,motorcycle,1,698.197,30.0
ch01_00000000140000000.mp4,62643,motorcycle,1,699.097,14.4
ch01_00000000140000000.mp4,62676,motorcycle,1,699.397,8.0
ch01_00000000140000000.mp4,62668,motorcycle,1,699.547,24.0
ch01_00000000140000000.mp4,62700,motorcycle,1,699.997,10.6
ch01_00000000140000000.mp4,62759,motorcycle,1,700.897,12.4
ch01_00000000140000000.mp4,62814,motorcycle,1,701.347,14.4
ch01_00000000140000000.mp4,62845,motorcycle,1,701.397,25.7
ch01_00000000140000000.mp4,62804,motorcycle,1,701.697,15.7
ch01_00000000140000000.mp4,62739,motorcycle,1,701.947,12.0
ch01_00000000140000000.mp4,63011,motorcycle,1,702.897,21.2
ch01_00000000140000000.mp4,63123,motorcycle,1,704.247,11.6
ch01_00000000140000000.mp4,63283,motorcycle,1,706.047,7.7
ch01_00000000140000000.mp4,63260,car,2,706.147,22.5
ch01_00000000140000000.mp4,63296,motorcycle,1,706.497,24.0
ch01_00000000140000000.mp4,63321,motorcycle,1,706.847,24.0
ch01_00000000140000000.mp4,63377,motorcycle,1,707.347,24.0
ch01_00000000140000000.mp4,63395,motorcycle,1,707.347,24.0
ch01_00000000140000000.mp4,63437,motorcycle,1,707.797,10.9
ch01_00000000140000000.mp4,63419,motorcycle,1,707.997,15.7
ch01_00000000140000000.mp4,63492,motorcycle,1,708.797,16.4
ch01_00000000140000000.mp4,63548,car,3,709.396,17.1
ch01_00000000140000000.mp4,63527,motorcycle,1,709.447,18.0
ch01_00000000140000000.mp4,63683,motorcycle,1,710.646,17.1
ch01_00000000140000000.mp4,63697,motorcycle,1,710.846,22.5
ch01_00000000140000000.mp4,63774,motorcycle,1,711.396,21.2
ch01_00000000140000000.mp4,63776,car,3,711.896,16.4
ch01_00000000140000000.mp4,63892,motorcycle,1,712.846,22.5
ch01_00000000140000000.mp4,63941,motorcycle,1,713.496,22.5
ch01_00000000140000000.mp4,64020,motorcycle,1,714.196,18.9
ch01_00000000140000000.mp4,64038,motorcycle,1,714.446,22.5
ch01_00000000140000000.mp4,64071,motorcycle,1,714.796,24.0
ch01_00000000140000000.mp4,64055,motorcycle,1,714.896,20.0
ch01_00000000140000000.mp4,64084,motorcycle,1,714.896,22.5
ch01_00000000140000000.mp4,64164,motorcycle,1,715.946,22.5
ch01_00000000140000000.mp4,64156,motorcycle,1,716.096,18.9
ch01_00000000140000000.mp4,64175,motorcycle,1,716.196,22.5
ch01_00000000140000000.mp4,64162,motorcycle,1,716.646,24.0
ch01_00000000140000000.mp4,64183,motorcycle,1,716.746,24.0
ch01_00000000140000000.mp4,64255,motorcycle,1,717.346,21.2
ch01_00000000140000000.mp4,64237,motorcycle,1,717.446,22.5
ch01_00000000140000000.mp4,64269,car,2,717.796,7.3
ch01_00000000140000000.mp4,64316,car,2,718.846,18.9
ch01_00000000140000000.mp4,64375,motorcycle,1,719.046,24.0
ch01_00000000140000000.mp4,64397,motorcycle,1,719.546,20.0
ch01_00000000140000000.mp4,64431,motorcycle,1,719.846,22.5
ch01_00000000140000000.mp4,64437,truck,4,720.046,18.9
ch01_00000000140000000.mp4,64463,motorcycle,1,720.646,18.9
ch01_00000000140000000.mp4,64555,motorcycle,1,721.046,14.4
ch01_00000000140000000.mp4,64562,motorcycle,1,721.596,21.2
ch01_00000000140000000.mp4,64673,motorcycle,1,722.845,18.9
ch01_00000000140000000.mp4,64661,motorcycle,1,722.895,24.0
ch01_00000000140000000.mp4,64698,motorcycle,1,723.395,17.1
ch01_00000000140000000.mp4,64703,motorcycle,1,723.495,25.7
ch01_00000000140000000.mp4,64747,motorcycle,1,723.995,24.0
ch01_00000000140000000.mp4,64863,car,2,725.745,18.0
ch01_00000000140000000.mp4,64974,motorcycle,1,726.545,21.2
ch01_00000000140000000.mp4,65008,motorcycle,1,726.645,11.6
ch01_00000000140000000.mp4,64985,motorcycle,1,726.695,25.7
ch01_00000000140000000.mp4,65074,motorcycle,1,727.845,22.5
ch01_00000000140000000.mp4,65084,motorcycle,1,727.945,18.9
ch01_00000000140000000.mp4,65133,motorcycle,1,728.295,12.9
ch01_00000000140000000.mp4,65127,motorcycle,1,728.545,21.2
ch01_00000000140000000.mp4,65150,motorcycle,1,728.795,30.0
ch01_00000000140000000.mp4,65213,motorcycle,1,729.195,9.2
ch01_00000000140000000.mp4,65239,motorcycle,1,729.895,21.2
ch01_00000000140000000.mp4,65283,motorcycle,1,730.245,7.8
ch01_00000000140000000.mp4,65250,car,2,730.445,20.0
ch01_00000000140000000.mp4,65279,motorcycle,1,730.995,15.7
ch01_00000000140000000.mp4,65332,motorcycle,1,731.295,18.0
ch01_00000000140000000.mp4,65284,motorcycle,1,731.295,13.8
ch01_00000000140000000.mp4,65363,motorcycle,1,731.545,21.2
ch01_00000000140000000.mp4,65412,motorcycle,1,731.795,12.9
ch01_00000000140000000.mp4,65420,motorcycle,1,731.945,21.2
ch01_00000000140000000.mp4,65475,motorcycle,1,732.395,22.5
ch01_00000000140000000.mp4,65489,motorcycle,1,732.595,8.2
ch01_00000000140000000.mp4,65466,car,2,732.745,18.0
ch01_00000000140000000.mp4,65545,motorcycle,1,733.245,21.2
ch01_00000000140000000.mp4,65538,motorcycle,1,733.345,12.9
ch01_00000000140000000.mp4,65636,motorcycle,1,733.895,6.1
ch01_00000000140000000.mp4,65635,motorcycle,1,734.045,18.9
ch01_00000000140000000.mp4,65628,car,2,734.295,18.0
ch01_00000000140000000.mp4,65677,motorcycle,1,734.645,18.0
ch01_00000000140000000.mp4,65662,motorcycle,1,734.944,6.7
ch01_00000000140000000.mp4,65742,motorcycle,1,735.194,18.9
ch01_00000000140000000.mp4,65808,motorcycle,1,735.394,6.0
ch01_00000000140000000.mp4,65761,motorcycle,1,735.794,6.4
ch01_00000000140000000.mp4,65830,motorcycle,1,736.044,18.0
ch01_00000000140000000.mp4,65925,motorcycle,1,737.644,20.0
ch01_00000000140000000.mp4,65969,motorcycle,1,738.144,20.0
ch01_00000000140000000.mp4,65763,motorcycle,1,738.494,9.2
ch01_00000000140000000.mp4,65887,motorcycle,1,738.994,12.4
ch01_00000000140000000.mp4,66086,motorcycle,1,739.294,21.2
ch01_00000000140000000.mp4,65999,motorcycle,1,739.544,12.4
ch01_00000000140000000.mp4,66213,motorcycle,1,740.994,18.0
ch01_00000000140000000.mp4,66203,car,2,741.594,10.9
ch01_00000000140000000.mp4,66253,motorcycle,1,741.594,18.9
ch01_00000000140000000.mp4,66353,motorcycle,1,742.644,17.1
ch01_00000000140000000.mp4,66346,motorcycle,1,742.744,16.4
ch01_00000000140000000.mp4,66302,car,2,742.944,10.6
ch01_00000000140000000.mp4,66412,motorcycle,1,743.544,17.1
ch01_00000000140000000.mp4,66415,car,2,744.294,10.6
ch01_00000000140000000.mp4,66552,motorcycle,1,745.144,21.2
ch01_00000000140000000.mp4,66308,car,2,745.444,8.0
ch01_00000000140000000.mp4,66588,motorcycle,1,745.544,18.0
ch01_00000000140000000.mp4,66593,motorcycle,1,746.694,11.3
ch01_00000000140000000.mp4,66748,truck,4,748.093,13.8
ch01_00000000140000000.mp4,66790,motorcycle,1,748.093,22.5
ch01_00000000140000000.mp4,66961,motorcycle,1,749.643,18.9
ch01_00000000140000000.mp4,66933,car,2,750.093,13.8
ch01_00000000140000000.mp4,67003,motorcycle,1,750.743,9.5
ch01_00000000140000000.mp4,67222,motorcycle,1,752.493,22.5
ch01_00000000140000000.mp4,67033,truck,4,752.593,4.9
ch01_00000000140000000.mp4,67224,motorcycle,1,752.743,21.2
ch01_00000000140000000.mp4,67156,car,3,752.793,16.4
ch01_00000000140000000.mp4,67298,motorcycle,1,753.943,16.4
ch01_00000000140000000.mp4,67322,motorcycle,1,753.993,20.0
ch01_00000000140000000.mp4,67205,motorcycle,1,754.143,6.8
ch01_00000000140000000.mp4,67279,car,2,755.793,6.3
ch01_00000000140000000.mp4,67668,motorcycle,1,758.393,21.2
ch01_00000000140000000.mp4,67782,car,2,759.993,21.2
ch01_00000000140000000.mp4,67856,motorcycle,1,760.043,9.2
ch01_00000000140000000.mp4,67626,car,2,760.193,9.7
ch01_00000000140000000.mp4,67862,car,3,760.843,13.8
ch01_00000000140000000.mp4,67777,car,2,761.643,9.5
ch01_00000000140000000.mp4,67981,motorcycle,1,761.692,18.0
ch01_00000000140000000.mp4,68005,motorcycle,1,761.793,17.1
ch01_00000000140000000.mp4,68062,motorcycle,1,762.492,8.6
ch01_00000000140000000.mp4,68116,motorcycle,1,762.792,18.9
ch01_00000000140000000.mp4,68140,car,2,763.042,5.0
ch01_00000000140000000.mp4,68179,motorcycle,1,763.342,18.9
ch01_00000000140000000.mp4,68139,truck,4,763.492,15.7
ch01_00000000140000000.mp4,68309,motorcycle,1,764.642,4.7
ch01_00000000140000000.mp4,68279,car,2,765.142,15.7
ch01_00000000140000000.mp4,68328,motorcycle,1,765.342,24.0
ch01_00000000140000000.mp4,68363,motorcycle,1,765.492,21.2
ch01_00000000140000000.mp4,68397,motorcycle,1,766.042,22.5
ch01_00000000140000000.mp4,68421,truck,4,766.642,15.7
ch01_00000000140000000.mp4,68482,motorcycle,1,766.942,27.7
ch01_00000000140000000.mp4,68469,motorcycle,1,767.542,24.0
ch01_00000000140000000.mp4,68409,motorcycle,1,767.542,4.9
ch01_00000000140000000.mp4,68575,car,2,768.592,18.0
ch01_00000000140000000.mp4,68617,car,2,769.242,12.9
ch01_00000000140000000.mp4,68866,motorcycle,1,771.342,15.0
ch01_00000000140000000.mp4,68905,motorcycle,1,771.942,14.4
ch01_00000000140000000.mp4,68875,car,2,772.192,13.8
ch01_00000000140000000.mp4,69005,motorcycle,1,772.842,14.4
ch01_00000000140000000.mp4,69048,motorcycle,1,773.242,17.1
ch01_00000000140000000.mp4,69035,car,2,773.592,15.0
ch01_00000000140000000.mp4,69180,car,2,774.891,14.4
ch01_00000000140000000.mp4,69202,motorcycle,1,775.341,18.9
ch01_00000000140000000.mp4,69293,motorcycle,1,776.341,17.1
ch01_00000000140000000.mp4,68940,car,2,777.041,7.8
ch01_00000000140000000.mp4,69386,motorcycle,1,777.141,18.0
ch01_00000000140000000.mp4,69420,motorcycle,1,778.491,17.1
ch01_00000000140000000.mp4,69504,motorcycle,1,778.491,9.0
ch01_00000000140000000.mp4,69557,motorcycle,1,779.041,10.9
ch01_00000000140000000.mp4,69374,motorcycle,1,779.191,10.6
ch01_00000000140000000.mp4,69575,motorcycle,1,779.391,15.0
ch01_00000000140000000.mp4,69662,motorcycle,1,780.191,13.8
ch01_00000000140000000.mp4,69546,car,2,780.841,7.7
ch01_00000000140000000.mp4,69765,motorcycle,1,781.441,13.8
ch01_00000000140000000.mp4,69771,truck,6,783.341,8.2
ch01_00000000140000000.mp4,69964,motorcycle,1,784.541,13.3
ch01_00000000140000000.mp4,69910,motorcycle,1,784.691,9.2
ch01_00000000140000000.mp4,70082,car,3,787.641,10.0
ch01_00000000140000000.mp4,70121,truck,4,788.341,4.7
ch01_00000000140000000.mp4,70252,motorcycle,1,788.99,10.9
ch01_00000000140000000.mp4,70333,car,2,790.14,10.0
ch01_00000000140000000.mp4,70419,motorcycle,1,790.59,9.7
ch01_00000000140000000.mp4,70482,bus,5,791.89,6.2
ch01_00000000140000000.mp4,70610,car,2,793.29,6.0
ch01_00000000140000000.mp4,70746,motorcycle,1,795.19,6.9
ch01_00000000140000000.mp4,70937,motorcycle,1,796.29,8.2
ch01_00000000140000000.mp4,70947,car,2,797.29,2.5
ch01_00000000140000000.mp4,70785,car,2,797.74,8.2
ch01_00000000140000000.mp4,71189,motorcycle,1,798.79,7.1
ch01_00000000140000000.mp4,71211,car,2,800.34,7.5
ch01_00000000140000000.mp4,71413,motorcycle,1,801.24,5.1
ch01_00000000140000000.mp4,71181,car,2,802.389,3.2
ch01_00000000140000000.mp4,71575,car,2,804.389,8.0
ch01_00000000140000000.mp4,71929,motorcycle,1,807.139,18.0
ch01_00000000140000000.mp4,71975,motorcycle,1,807.539,18.9
ch01_00000000140000000.mp4,71923,motorcycle,1,807.889,10.3
ch01_00000000140000000.mp4,71870,motorcycle,1,807.939,5.0
ch01_00000000140000000.mp4,71543,car,2,808.139,6.0
ch01_00000000140000000.mp4,72127,motorcycle,1,808.989,13.3
ch01_00000000140000000.mp4,72134,motorcycle,1,809.939,9.0
ch01_00000000140000000.mp4,72162,motorcycle,1,809.989,8.4
ch01_00000000140000000.mp4,72028,car,2,810.789,6.7
ch01_00000000140000000.mp4,72321,motorcycle,1,811.489,10.6
ch01_00000000140000000.mp4,72606,motorcycle,1,813.789,6.2
ch01_00000000140000000.mp4,72478,car,2,814.438,7.3
ch01_00000000140000000.mp4,72707,motorcycle,1,814.788,18.9
ch01_00000000140000000.mp4,72702,motorcycle,1,815.688,7.5
ch01_00000000140000000.mp4,72761,motorcycle,1,816.288,12.0
ch01_00000000140000000.mp4,72880,motorcycle,1,817.488,13.3
ch01_00000000140000000.mp4,72940,motorcycle,1,817.588,20.0
ch01_00000000140000000.mp4,72926,motorcycle,1,818.238,10.6
ch01_00000000140000000.mp4,73210,motorcycle,1,820.638,15.0
ch01_00000000140000000.mp4,73116,truck,4,820.688,9.5
ch01_00000000140000000.mp4,73185,motorcycle,1,821.288,8.4
ch01_00000000140000000.mp4,72878,motorcycle,1,821.888,6.7
ch01_00000000140000000.mp4,73378,car,2,823.538,10.0
ch01_00000000140000000.mp4,73257,car,2,824.088,10.0
ch01_00000000140000000.mp4,73503,car,2,824.738,12.0
ch01_00000000140000000.mp4,73596,motorcycle,1,825.688,12.9
ch01_00000000140000000.mp4,73627,motorcycle,1,826.638,15.0
ch01_00000000140000000.mp4,73755,motorcycle,1,826.938,12.9
ch01_00000000140000000.mp4,73756,motorcycle,1,827.038,17.1
ch01_00000000140000000.mp4,73848,motorcycle,1,827.587,12.9
ch01_00000000140000000.mp4,73878,truck,6,828.188,10.9
ch01_00000000140000000.mp4,73921,motorcycle,1,828.288,18.0
ch01_00000000140000000.mp4,74092,truck,4,830.137,16.4
ch01_00000000140000000.mp4,74452,motorcycle,1,833.237,7.3
ch01_00000000140000000.mp4,74446,car,2,834.037,16.4
ch01_00000000140000000.mp4,74537,motorcycle,1,835.087,17.1
ch01_00000000140000000.mp4,74472,car,3,835.837,11.3
ch01_00000000140000000.mp4,74587,motorcycle,1,835.887,18.9
ch01_00000000140000000.mp4,74819,motorcycle,1,837.437,10.9
ch01_00000000140000000.mp4,74777,car,2,838.187,18.0
ch01_00000000140000000.mp4,75036,motorcycle,1,839.687,15.7
ch01_00000000140000000.mp4,74958,motorcycle,1,839.837,17.1
ch01_00000000140000000.mp4,75154,motorcycle,1,841.636,10.9
ch01_00000000140000000.mp4,75039,motorcycle,1,842.136,13.8
ch01_00000000140000000.mp4,75223,motorcycle,1,843.436,18.0
ch01_00000000140000000.mp4,75195,car,2,844.236,15.7
ch01_00000000140000000.mp4,75393,motorcycle,1,845.286,15.0
ch01_00000000140000000.mp4,75406,car,2,846.386,18.9
ch01_00000000140000000.mp4,75496,motorcycle,1,847.436,18.9
ch01_00000000140000000.mp4,75605,motorcycle,1,847.936,17.1
ch01_00000000140000000.mp4,75656,motorcycle,1,848.336,16.4
ch01_00000000140000000.mp4,75661,truck,6,849.386,20.0
ch01_00000000140000000.mp4,75579,car,3,850.136,10.9
ch01_00000000140000000.mp4,75847,motorcycle,1,850.236,18.9
ch01_00000000140000000.mp4,75956,motorcycle,1,851.086,30.0
ch01_00000000140000000.mp4,75965,motorcycle,1,851.386,18.9
ch01_00000000140000000.mp4,76007,motorcycle,1,851.786,18.0
ch01_00000000140000000.mp4,76049,motorcycle,1,852.236,18.0
ch01_00000000140000000.mp4,75921,motorcycle,1,852.886,18.9
ch01_00000000140000000.mp4,76103,truck,4,852.936,5.8
ch01_00000000140000000.mp4,76138,motorcycle,1,853.486,15.7
ch01_00000000140000000.mp4,76182,motorcycle,1,853.936,14.4
ch01_00000000140000000.mp4,76028,car,2,853.986,13.8
ch01_00000000140000000.mp4,76281,motorcycle,1,854.836,27.7
ch01_00000000140000000.mp4,76305,motorcycle,1,854.936,13.3
ch01_00000000140000000.mp4,76317,motorcycle,1,855.285,16.4
ch01_00000000140000000.mp4,76349,motorcycle,1,855.385,14.4
ch01_00000000140000000.mp4,76379,motorcycle,1,856.235,13.8
ch01_00000000140000000.mp4,76513,motorcycle,1,857.335,10.9
ch01_00000000140000000.mp4,76557,motorcycle,1,857.485,12.9
ch01_00000000140000000.mp4,76603,motorcycle,1,858.485,16.4
ch01_00000000140000000.mp4,76719,motorcycle,1,859.035,7.1
ch01_00000000140000000.mp4,76495,car,3,861.885,3.5
ch01_00000000140000000.mp4,77082,motorcycle,1,863.035,6.7
ch01_00000000140000000.mp4,77049,motorcycle,1,864.185,9.2
ch01_00000000140000000.mp4,77075,motorcycle,1,864.885,9.7
ch01_00000000140000000.mp4,77350,motorcycle,1,865.985,18.0
ch01_00000000140000000.mp4,77341,truck,4,867.385,9.7
ch01_00000000140000000.mp4,77636,motorcycle,1,869.284,8.0
ch01_00000000140000000.mp4,77777,motorcycle,1,871.584,12.0
ch01_00000000140000000.mp4,77960,car,2,874.984,18.0
ch01_00000000140000000.mp4,78078,motorcycle,1,875.184,25.7
ch01_00000000140000000.mp4,78030,car,2,876.384,20.0
ch01_00000000140000000.mp4,78227,motorcycle,1,877.234,30.0
ch01_00000000140000000.mp4,78228,motorcycle,1,877.384,7.8
ch01_00000000140000000.mp4,78172,car,3,879.334,6.7
ch01_00000000140000000.mp4,78461,motorcycle,1,880.234,25.7
ch01_00000000140000000.mp4,78473,motorcycle,1,880.784,20.0
ch01_00000000140000000.mp4,78664,motorcycle,1,881.534,36.0
ch01_00000000140000000.mp4,78730,motorcycle,1,882.233,30.0
ch01_00000000140000000.mp4,78709,motorcycle,1,882.583,10.3
ch01_00000000140000000.mp4,78850,motorcycle,1,883.483,36.0
ch01_00000000140000000.mp4,78845,motorcycle,1,883.533,9.0
ch01_00000000140000000.mp4,78838,motorcycle,1,884.183,20.0
ch01_00000000140000000.mp4,79040,motorcycle,1,885.483,32.7
ch01_00000000140000000.mp4,79102,motorcycle,1,887.033,15.0
ch01_00000000140000000.mp4,79133,motorcycle,1,887.183,30.0
ch01_00000000140000000.mp4,79058,motorcycle,1,887.733,7.7
ch01_00000000140000000.mp4,79180,motorcycle,1,887.733,36.0
ch01_00000000140000000.mp4,79232,truck,4,888.683,22.5
ch01_00000000140000000.mp4,78921,car,3,889.133,10.6
ch01_00000000140000000.mp4,79155,motorcycle,1,889.183,10.0
ch01_00000000140000000.mp4,79334,motorcycle,1,889.233,32.7
ch01_00000000140000000.mp4,79340,motorcycle,1,889.483,27.7
ch01_00000000140000000.mp4,79382,motorcycle,1,889.833,21.2
ch01_00000000140000000.mp4,79432,motorcycle,1,890.483,21.2
ch01_00000000140000000.mp4,79462,motorcycle,1,891.233,21.2
ch01_00000000140000000.mp4,79504,motorcycle,1,891.483,22.5
ch01_00000000140000000.mp4,79585,motorcycle,1,892.433,24.0
ch01_00000000140000000.mp4,79611,motorcycle,1,892.983,14.4
ch01_00000000140000000.mp4,79688,motorcycle,1,893.533,27.7
ch01_00000000140000000.mp4,79697,motorcycle,1,893.683,32.7
ch01_00000000140000000.mp4,79777,motorcycle,1,894.982,25.7
ch01_00000000140000000.mp4,79793,motorcycle,1,895.282,25.7
ch01_00000000140000000.mp4,79905,motorcycle,1,896.682,32.7
ch01_00000000140000000.mp4,79887,motorcycle,1,896.782,30.0
ch01_00000000140000000.mp4,79917,motorcycle,1,896.932,22.5
ch01_00000000140000000.mp4,79890,car,2,897.632,20.0
ch01_00000000140000000.mp4,79966,motorcycle,1,897.732,27.7
ch01_00000000140000000.mp4,79998,motorcycle,1,898.132,24.0
ch01_00000000140000000.mp4,80022,motorcycle,1,898.332,30.0
ch01_00000000140000000.mp4,80010,motorcycle,1,899.032,32.7
ch01_00000000140000000.mp4,80149,motorcycle,1,899.632,18.9
ch01_00000000140000000.mp4,80162,motorcycle,1,899.932,24.0
ch01_00000000140000000.mp4,80153,car,2,900.482,22.5
ch01_00000000140000000.mp4,80278,motorcycle,1,901.532,24.0
ch01_00000000140000000.mp4,80324,motorcycle,1,902.332,25.7
ch01_00000000140000000.mp4,80348,motorcycle,1,902.332,27.7
ch01_00000000140000000.mp4,80341,motorcycle,1,902.382,14.4
ch01_00000000140000000.mp4,80349,motorcycle,1,902.432,22.5
ch01_00000000140000000.mp4,80394,motorcycle,1,902.982,27.7
ch01_00000000140000000.mp4,80407,motorcycle,1,903.282,21.2
ch01_00000000140000000.mp4,80417,motorcycle,1,903.282,24.0
ch01_00000000140000000.mp4,80386,motorcycle,1,903.532,27.7
ch01_00000000140000000.mp4,80367,car,2,904.132,16.4
ch01_00000000140000000.mp4,80492,motorcycle,1,904.432,27.7
ch01_00000000140000000.mp4,80524,motorcycle,1,904.982,25.7
ch01_00000000140000000.mp4,80540,motorcycle,1,905.132,7.5
ch01_00000000140000000.mp4,80601,motorcycle,1,906.282,21.2
ch01_00000000140000000.mp4,80605,motorcycle,1,906.282,24.0
ch01_00000000140000000.mp4,80680,car,2,907.231,24.0
ch01_00000000140000000.mp4,80725,motorcycle,1,907.731,24.0
ch01_00000000140000000.mp4,80797,motorcycle,1,908.331,27.7
ch01_00000000140000000.mp4,80814,motorcycle,1,908.631,24.0
ch01_00000000140000000.mp4,80888,motorcycle,1,909.931,24.0
ch01_00000000140000000.mp4,81013,motorcycle,1,910.781,20.0
ch01_00000000140000000.mp4,81059,motorcycle,1,911.231,27.7
ch01_00000000140000000.mp4,81035,car,2,911.281,22.5
ch01_00000000140000000.mp4,81080,motorcycle,1,911.531,24.0
ch01_00000000140000000.mp4,81086,motorcycle,1,911.531,21.2
ch01_00000000140000000.mp4,81121,motorcycle,1,912.031,24.0
ch01_00000000140000000.mp4,81177,motorcycle,1,912.431,22.5
ch01_00000000140000000.mp4,81213,motorcycle,1,912.981,22.5
ch01_00000000140000000.mp4,80882,car,3,913.181,7.8
ch01_00000000140000000.mp4,81283,motorcycle,1,913.881,22.5
ch01_00000000140000000.mp4,81396,motorcycle,1,914.881,24.0
ch01_00000000140000000.mp4,81384,motorcycle,1,915.531,27.7
ch01_00000000140000000.mp4,81409,car,2,915.631,12.4
ch01_00000000140000000.mp4,81527,motorcycle,1,915.681,13.8
ch01_00000000140000000.mp4,81473,motorcycle,1,915.981,27.7
ch01_00000000140000000.mp4,81610,motorcycle,1,916.681,20.0
ch01_00000000140000000.mp4,81608,motorcycle,1,916.881,20.0
ch01_00000000140000000.mp4,81736,motorcycle,1,917.581,22.5
ch01_00000000140000000.mp4,81666,car,2,917.831,13.8
ch01_00000000140000000.mp4,81795,motorcycle,1,918.131,20.0
ch01_00000000140000000.mp4,81812,motorcycle,1,918.781,20.0
ch01_00000000140000000.mp4,81806,car,2,919.031,7.2
ch01_00000000140000000.mp4,81906,motorcycle,1,919.481,22.5
ch01_00000000140000000.mp4,81947,motorcycle,1,920.031,9.2
ch01_00000000140000000.mp4,81938,motorcycle,1,920.63,15.0
ch01_00000000140000000.mp4,82029,motorcycle,1,920.731,24.0
ch01_00000000140000000.mp4,82106,motorcycle,1,921.88,22.5
ch01_00000000140000000.mp4,82199,car,2,923.18,18.0
ch01_00000000140000000.mp4,82228,motorcycle,1,923.38,22.5
ch01_00000000140000000.mp4,82270,motorcycle,1,924.03,21.2
ch01_00000000140000000.mp4,82320,motorcycle,1,924.28,11.6
ch01_00000000140000000.mp4,82302,motorcycle,1,924.53,18.9
ch01_00000000140000000.mp4,82407,car,2,925.88,18.0
ch01_00000000140000000.mp4,82520,motorcycle,1,926.78,18.9
ch01_00000000140000000.mp4,82489,truck,4,926.78,22.5
ch01_00000000140000000.mp4,82539,motorcycle,1,926.93,20.0
ch01_00000000140000000.mp4,82558,motorcycle,1,927.28,18.0
ch01_00000000140000000.mp4,82635,motorcycle,1,928.03,17.1
ch01_00000000140000000.mp4,82661,motorcycle,1,928.38,18.9
ch01_00000000140000000.mp4,82998,car,2,932.78,12.9
ch01_00000000140000000.mp4,83180,motorcycle,1,934.429,13.3
ch01_00000000140000000.mp4,83133,motorcycle,1,934.679,18.9
ch01_00000000140000000.mp4,83148,car,2,935.879,5.8
ch01_00000000140000000.mp4,83304,motorcycle,1,935.979,12.9
ch01_00000000140000000.mp4,83139,motorcycle,1,936.479,11.3
ch01_00000000140000000.mp4,83448,motorcycle,1,937.479,12.0
ch01_00000000140000000.mp4,83379,motorcycle,1,937.679,11.3
ch01_00000000140000000.mp4,83455,motorcycle,1,937.779,14.4
ch01_00000000140000000.mp4,83396,motorcycle,1,937.879,10.6
ch01_00000000140000000.mp4,83653,motorcycle,1,939.729,12.9
ch01_00000000140000000.mp4,83548,car,2,939.979,10.3
ch01_00000000140000000.mp4,83661,truck,4,940.579,16.4
ch01_00000000140000000.mp4,83718,motorcycle,1,941.129,17.1
ch01_00000000140000000.mp4,83870,motorcycle,1,942.429,18.9
ch01_00000000140000000.mp4,83874,motorcycle,1,942.429,17.1
ch01_00000000140000000.mp4,83983,motorcycle,1,943.729,18.9
ch01_00000000140000000.mp4,83955,car,2,944.229,11.3
ch01_00000000140000000.mp4,84067,motorcycle,1,944.679,21.2
ch01_00000000140000000.mp4,84055,motorcycle,1,945.429,3.5
ch01_00000000140000000.mp4,84184,motorcycle,1,945.929,18.9
ch01_00000000140000000.mp4,84049,motorcycle,1,946.129,9.2
ch01_00000000140000000.mp4,84346,car,2,948.028,17.1
ch01_00000000140000000.mp4,84396,motorcycle,1,948.928,9.5
ch01_00000000140000000.mp4,84405,motorcycle,1,949.078,17.1
ch01_00000000140000000.mp4,84488,motorcycle,1,949.978,17.1
ch01_00000000140000000.mp4,84515,motorcycle,1,950.378,7.5
ch01_00000000140000000.mp4,84533,motorcycle,1,950.578,20.0
ch01_00000000140000000.mp4,84524,motorcycle,1,951.478,10.9
ch01_00000000140000000.mp4,84762,motorcycle,1,953.678,20.0
ch01_00000000140000000.mp4,84899,truck,6,956.378,16.4
ch01_00000000140000000.mp4,84994,motorcycle,1,957.528,21.2
ch01_00000000140000000.mp4,85120,motorcycle,1,958.228,12.9
ch01_00000000140000000.mp4,85059,car,2,958.628,17.1
ch01_00000000140000000.mp4,85142,bus,5,959.278,18.9
ch01_00000000140000000.mp4,85181,motorcycle,1,959.678,13.8
ch01_00000000140000000.mp4,85302,motorcycle,1,960.827,17.1
ch01_00000000140000000.mp4,85330,motorcycle,1,961.427,15.7
ch01_00000000140000000.mp4,85396,motorcycle,1,962.077,16.4
ch01_00000000140000000.mp4,85351,bus,5,962.627,17.1
ch01_00000000140000000.mp4,85509,bus,5,966.077,17.1
ch01_00000000140000000.mp4,85568,motorcycle,1,966.977,10.3
ch01_00000000140000000.mp4,85684,motorcycle,1,968.577,12.0
ch01_00000000140000000.mp4,85922,motorcycle,1,969.777,6.1
ch01_00000000140000000.mp4,85847,motorcycle,1,970.277,9.0
ch01_00000000140000000.mp4,85939,motorcycle,1,971.427,5.5
ch01_00000000140000000.mp4,86160,motorcycle,1,972.827,13.3
ch01_00000000140000000.mp4,86080,motorcycle,1,973.726,9.7
ch01_00000000140000000.mp4,86338,motorcycle,1,974.926,11.3
ch01_00000000140000000.mp4,85994,car,2,975.626,8.4
ch01_00000000140000000.mp4,86395,motorcycle,1,975.626,14.4
ch01_00000000140000000.mp4,86466,motorcycle,1,976.426,15.7
ch01_00000000140000000.mp4,86570,motorcycle,1,977.876,14.4
ch01_00000000140000000.mp4,86465,car,3,978.026,9.0
ch01_00000000140000000.mp4,86464,car,2,978.276,10.0
ch01_00000000140000000.mp4,86536,car,2,978.376,10.9
ch01_00000000140000000.mp4,86705,motorcycle,1,979.426,11.6
ch01_00000000140000000.mp4,86685,motorcycle,1,979.476,10.9
ch01_00000000140000000.mp4,86775,motorcycle,1,980.276,12.0
ch01_00000000140000000.mp4,86795,car,2,981.276,10.3
ch01_00000000140000000.mp4,86925,motorcycle,1,982.026,12.9
ch01_00000000140000000.mp4,86984,car,3,983.026,10.3
ch01_00000000140000000.mp4,87078,car,2,983.976,12.9
ch01_00000000140000000.mp4,87134,car,2,984.676,9.7
ch01_00000000140000000.mp4,87190,motorcycle,1,984.976,13.3
ch01_00000000140000000.mp4,87207,motorcycle,1,985.376,12.0
ch01_00000000140000000.mp4,87305,motorcycle,1,986.326,12.4
ch01_00000000140000000.mp4,87332,motorcycle,1,986.676,12.4
ch01_00000000140000000.mp4,87314,car,2,986.976,10.6
ch01_00000000140000000.mp4,87396,car,2,987.925,5.5
ch01_00000000140000000.mp4,87513,car,3,989.375,11.6
ch01_00000000140000000.mp4,87542,car,2,989.975,12.4
ch01_00000000140000000.mp4,87594,motorcycle,1,990.025,11.6
ch01_00000000140000000.mp4,87619,truck,7,990.625,18.0
ch01_00000000140000000.mp4,87668,motorcycle,1,991.025,13.8
ch01_00000000140000000.mp4,87682,motorcycle,1,991.125,14.4
ch01_00000000140000000.mp4,87800,motorcycle,1,992.525,10.9
ch01_00000000140000000.mp4,87813,truck,4,993.225,13.8
ch01_00000000140000000.mp4,87910,car,2,993.425,10.6
ch01_00000000140000000.mp4,88059,motorcycle,1,995.275,17.1
ch01_00000000140000000.mp4,88006,car,3,995.375,12.4
ch01_00000000140000000.mp4,88110,car,2,996.275,13.3
ch01_00000000140000000.mp4,88263,motorcycle,1,997.575,11.3
ch01_00000000140000000.mp4,88248,car,2,997.925,13.3
ch01_00000000140000000.mp4,88323,truck,7,999.225,13.3
ch01_00000000140000000.mp4,88352,car,2,999.425,13.3
ch01_00000000140000000.mp4,88436,motorcycle,1,1000.324,17.1
ch01_00000000140000000.mp4,88488,motorcycle,1,1000.524,13.3
ch01_00000000140000000.mp4,88403,car,2,1001.324,12.9
ch01_00000000140000000.mp4,88532,motorcycle,1,1001.524,13.8
ch01_00000000140000000.mp4,88540,car,2,1002.024,12.9
ch01_00000000140000000.mp4,88590,motorcycle,1,1002.274,13.8
ch01_00000000140000000.mp4,88536,car,2,1003.024,13.3
ch01_00000000140000000.mp4,88628,car,2,1004.724,13.3
ch01_00000000140000000.mp4,88816,car,2,1005.824,10.6
ch01_00000000140000000.mp4,89006,motorcycle,1,1007.274,8.2
ch01_00000000140000000.mp4,89206,motorcycle,1,1009.224,5.6
ch01_00000000140000000.mp4,89168,car,2,1009.974,12.0
ch01_00000000140000000.mp4,89322,car,2,1011.674,11.6
ch01_00000000140000000.mp4,89318,motorcycle,1,1011.874,8.8
ch01_00000000140000000.mp4,89539,motorcycle,1,1013.423,14.4
ch01_00000000140000000.mp4,89007,motorcycle,1,1013.473,8.6
ch01_00000000140000000.mp4,89599,motorcycle,1,1013.923,16.4
ch01_00000000140000000.mp4,89483,motorcycle,1,1014.273,9.2
ch01_00000000140000000.mp4,89699,motorcycle,1,1014.523,8.8
ch01_00000000140000000.mp4,89600,car,2,1014.923,8.8
ch01_00000000140000000.mp4,89714,motorcycle,1,1015.173,8.2
ch01_00000000140000000.mp4,89771,motorcycle,1,1016.423,8.4
ch01_00000000140000000.mp4,89938,motorcycle,1,1017.173,16.4
ch01_00000000140000000.mp4,89898,car,2,1017.773,10.3
ch01_00000000140000000.mp4,90321,motorcycle,1,1022.523,13.8
ch01_00000000140000000.mp4,90396,motorcycle,1,1023.473,12.9
ch01_00000000140000000.mp4,90418,car,2,1024.273,8.2
ch01_00000000140000000.mp4,90550,motorcycle,1,1024.823,9.5
ch01_00000000140000000.mp4,90621,motorcycle,1,1025.323,15.7
ch01_00000000140000000.mp4,90754,motorcycle,1,1026.172,16.4
ch01_00000000140000000.mp4,90761,car,2,1027.473,9.0
ch01_00000000140000000.mp4,90650,car,2,1028.222,6.0
ch01_00000000140000000.mp4,90946,car,2,1029.522,8.6
ch01_00000000140000000.mp4,90826,car,2,1030.522,10.3
ch01_00000000140000000.mp4,91243,motorcycle,1,1032.272,10.6
ch01_00000000140000000.mp4,91338,car,2,1033.272,15.0
ch01_00000000140000000.mp4,91509,motorcycle,1,1034.172,22.5
ch01_00000000140000000.mp4,91440,car,3,1036.172,12.0
ch01_00000000140000000.mp4,91648,motorcycle,1,1036.272,7.8
ch01_00000000140000000.mp4,91729,motorcycle,1,1037.672,6.9
ch01_00000000140000000.mp4,91731,car,2,1037.722,17.1
ch01_00000000140000000.mp4,91865,motorcycle,1,1039.421,10.3
ch01_00000000140000000.mp4,91969,motorcycle,1,1040.671,7.7
ch01_00000000140000000.mp4,92070,motorcycle,1,1042.421,15.7
ch01_00000000140000000.mp4,91960,motorcycle,1,1042.471,10.0
ch01_00000000140000000.mp4,92055,motorcycle,1,1042.771,13.8
ch01_00000000140000000.mp4,92223,motorcycle,1,1043.271,8.8
ch01_00000000140000000.mp4,92454,truck,6,1045.471,18.0
ch01_00000000140000000.mp4,92617,motorcycle,1,1046.221,7.3
ch01_00000000140000000.mp4,92696,motorcycle,1,1047.771,6.0
ch01_00000000140000000.mp4,92835,motorcycle,1,1048.171,21.2
ch01_00000000140000000.mp4,92802,motorcycle,1,1048.371,17.1
ch01_00000000140000000.mp4,92948,motorcycle,1,1049.771,9.2
ch01_00000000140000000.mp4,93095,car,2,1050.971,25.7
ch01_00000000140000000.mp4,93045,truck,4,1051.771,17.1
ch01_00000000140000000.mp4,93147,car,2,1053.62,16.4
ch01_00000000140000000.mp4,93384,car,2,1055.22,3.0
ch01_00000000140000000.mp4,93376,truck,4,1055.62,15.7
ch01_00000000140000000.mp4,93547,car,2,1058.07,3.3
ch01_00000000140000000.mp4,93806,motorcycle,1,1058.57,13.3
ch01_00000000140000000.mp4,93763,motorcycle,1,1059.57,9.5
ch01_00000000140000000.mp4,94029,motorcycle,1,1062.72,7.1
ch01_00000000140000000.mp4,94138,motorcycle,1,1062.97,21.2
ch01_00000000140000000.mp4,93807,car,2,1063.12,8.2
ch01_00000000140000000.mp4,94171,motorcycle,1,1063.62,18.9
ch01_00000000140000000.mp4,94511,motorcycle,1,1067.469,24.0
ch01_00000000140000000.mp4,94304,car,2,1068.269,4.3
ch01_00000000140000000.mp4,94510,motorcycle,1,1068.319,9.7
ch01_00000000140000000.mp4,94660,motorcycle,1,1068.919,21.2
ch01_00000000140000000.mp4,94709,car,2,1070.319,14.4
ch01_00000000140000000.mp4,94918,motorcycle,1,1071.919,5.4
ch01_00000000140000000.mp4,94911,car,2,1072.019,15.0
ch01_00000000140000000.mp4,94582,car,3,1072.769,6.5
ch01_00000000140000000.mp4,95117,motorcycle,1,1075.319,10.0
ch01_00000000140000000.mp4,95206,car,2,1075.669,21.2
ch01_00000000140000000.mp4,95271,motorcycle,1,1076.219,22.5
ch01_00000000140000000.mp4,95316,motorcycle,1,1076.819,22.5
ch01_00000000140000000.mp4,95574,motorcycle,1,1079.369,5.5
ch01_00000000140000000.mp4,95672,motorcycle,1,1080.668,18.9
ch01_00000000140000000.mp4,95845,car,3,1083.068,10.0
ch01_00000000140000000.mp4,95792,motorcycle,1,1083.168,9.5
ch01_00000000140000000.mp4,95927,motorcycle,1,1084.218,10.3
ch01_00000000140000000.mp4,96248,motorcycle,1,1086.368,16.4
ch01_00000000140000000.mp4,96378,motorcycle,1,1088.418,14.4
ch01_00000000140000000.mp4,96564,motorcycle,1,1089.518,15.7
ch01_00000000140000000.mp4,96268,car,2,1090.418,6.9
ch01_00000000140000000.mp4,96547,motorcycle,1,1090.618,4.9
ch01_00000000140000000.mp4,96869,motorcycle,1,1092.618,7.7
ch01_00000000140000000.mp4,96985,motorcycle,1,1095.117,9.7
ch01_00000000140000000.mp4,96978,motorcycle,1,1095.617,10.3
ch01_00000000140000000.mp4,97049,motorcycle,1,1097.167,17.1
ch01_00000000140000000.mp4,97083,truck,6,1097.667,10.6
ch01_00000000140000000.mp4,97312,motorcycle,1,1098.167,20.0
ch01_00000000140000000.mp4,97448,motorcycle,1,1099.867,30.0
ch01_00000000140000000.mp4,97353,motorcycle,1,1099.967,12.0
ch01_00000000140000000.mp4,97518,car,2,1101.017,14.4
ch01_00000000140000000.mp4,97449,car,2,1101.817,10.6
ch01_00000000140000000.mp4,97612,motorcycle,1,1102.167,30.0
ch01_00000000140000000.mp4,97659,motorcycle,1,1102.717,30.0
ch01_00000000140000000.mp4,97686,motorcycle,1,1102.967,36.0
ch01_00000000140000000.mp4,97532,car,3,1103.167,10.0
ch01_00000000140000000.mp4,97749,motorcycle,1,1103.817,27.7
ch01_00000000140000000.mp4,97774,motorcycle,1,1104.067,32.7
ch01_00000000140000000.mp4,97845,motorcycle,1,1104.767,27.7
ch01_00000000140000000.mp4,97839,motorcycle,1,1105.167,11.3
ch01_00000000140000000.mp4,97900,motorcycle,1,1105.267,27.7
ch01_00000000140000000.mp4,97975,motorcycle,1,1105.966,27.7
ch01_00000000140000000.mp4,97929,motorcycle,1,1106.216,5.5
ch01_00000000140000000.mp4,97999,car,2,1106.816,15.0
ch01_00000000140000000.mp4,98034,motorcycle,1,1107.166,21.2
ch01_00000000140000000.mp4,98064,motorcycle,1,1107.466,22.5
ch01_00000000140000000.mp4,98108,motorcycle,1,1107.966,22.5
ch01_00000000140000000.mp4,98100,motorcycle,1,1108.816,21.2
ch01_00000000140000000.mp4,98028,truck,7,1108.866,9.7
ch01_00000000140000000.mp4,98250,motorcycle,1,1109.666,20.0
ch01_00000000140000000.mp4,98316,motorcycle,1,1110.416,22.5
ch01_00000000140000000.mp4,98343,motorcycle,1,1110.866,20.0
ch01_00000000140000000.mp4,98385,motorcycle,1,1111.216,25.7
ch01_00000000140000000.mp4,98442,motorcycle,1,1112.066,18.0
ch01_00000000140000000.mp4,98331,truck,4,1112.166,8.8
ch01_00000000140000000.mp4,98446,motorcycle,1,1112.216,21.2
ch01_00000000140000000.mp4,98473,motorcycle,1,1112.516,21.2
ch01_00000000140000000.mp4,98546,motorcycle,1,1113.316,22.5
ch01_00000000140000000.mp4,98597,motorcycle,1,1113.966,27.7
ch01_00000000140000000.mp4,98532,car,2,1114.866,10.3
ch01_00000000140000000.mp4,98685,motorcycle,1,1114.966,6.3
ch01_00000000140000000.mp4,98695,motorcycle,1,1115.216,22.5
ch01_00000000140000000.mp4,98707,motorcycle,1,1115.566,25.7
ch01_00000000140000000.mp4,98765,motorcycle,1,1116.216,22.5
ch01_00000000140000000.mp4,98771,motorcycle,1,1116.366,22.5
ch01_00000000140000000.mp4,98813,motorcycle,1,1116.966,24.0
ch01_00000000140000000.mp4,98851,motorcycle,1,1117.416,22.5
ch01_00000000140000000.mp4,98858,motorcycle,1,1117.516,22.5
ch01_00000000140000000.mp4,98993,motorcycle,1,1119.216,21.2
ch01_00000000140000000.mp4,99014,motorcycle,1,1119.515,25.7
ch01_00000000140000000.mp4,99034,motorcycle,1,1119.916,27.7
ch01_00000000140000000.mp4,99041,motorcycle,1,1119.966,20.0
ch01_00000000140000000.mp4,99048,motorcycle,1,1120.166,22.5
ch01_00000000140000000.mp4,99134,motorcycle,1,1120.815,24.0
ch01_00000000140000000.mp4,99188,motorcycle,1,1121.415,22.5
ch01_00000000140000000.mp4,99208,motorcycle,1,1121.765,20.0
ch01_00000000140000000.mp4,98748,motorcycle,1,1122.115,10.6
ch01_00000000140000000.mp4,99293,motorcycle,1,1122.565,21.2
ch01_00000000140000000.mp4,99226,motorcycle,1,1122.865,7.3
ch01_00000000140000000.mp4,99343,car,2,1123.715,13.8
ch01_00000000140000000.mp4,99360,motorcycle,1,1124.415,10.0
ch01_00000000140000000.mp4,99341,car,2,1124.465,4.9
ch01_00000000140000000.mp4,99582,motorcycle,1,1125.415,21.2
ch01_00000000140000000.mp4,99592,car,2,1126.215,14.4
ch01_00000000140000000.mp4,99429,car,3,1126.665,3.8
ch01_00000000140000000.mp4,99711,motorcycle,1,1127.215,25.7
ch01_00000000140000000.mp4,99503,car,2,1127.315,10.3
ch01_00000000140000000.mp4,99766,motorcycle,1,1127.965,22.5
ch01_00000000140000000.mp4,99822,motorcycle,1,1128.865,22.5
ch01_00000000140000000.mp4,99788,motorcycle,1,1129.015,10.9
ch01_00000000140000000.mp4,99892,motorcycle,1,1129.665,22.5
ch01_00000000140000000.mp4,99890,motorcycle,1,1129.765,9.5
ch01_00000000140000000.mp4,99864,car,2,1130.965,10.3
ch01_00000000140000000.mp4,100062,car,2,1132.015,24.0
ch01_00000000140000000.mp4,100008,motorcycle,1,1132.465,17.1
ch01_00000000140000000.mp4,100128,motorcycle,1,1132.665,25.7
ch01_00000000140000000.mp4,100191,motorcycle,1,1133.364,8.2
ch01_00000000140000000.mp4,100255,motorcycle,1,1134.114,30.0
ch01_00000000140000000.mp4,100308,car,2,1134.964,22.5
ch01_00000000140000000.mp4,100365,motorcycle,1,1135.464,25.7
ch01_00000000140000000.mp4,100166,car,2,1135.514,17.1
ch01_00000000140000000.mp4,100504,motorcycle,1,1136.964,27.7
ch01_00000000140000000.mp4,100384,car,2,1137.514,12.4
ch01_00000000140000000.mp4,100555,car,2,1138.064,22.5
ch01_00000000140000000.mp4,100601,motorcycle,1,1138.314,30.0
ch01_00000000140000000.mp4,100634,motorcycle,1,1138.814,30.0
ch01_00000000140000000.mp4,100663,motorcycle,1,1139.264,21.2
ch01_00000000140000000.mp4,100679,motorcycle,1,1139.564,25.7
ch01_00000000140000000.mp4,100542,car,2,1139.564,13.3
ch01_00000000140000000.mp4,100709,motorcycle,1,1139.764,20.0
ch01_00000000140000000.mp4,100784,motorcycle,1,1141.164,17.1
ch01_00000000140000000.mp4,100813,motorcycle,1,1141.464,24.0
ch01_00000000140000000.mp4,100739,car,2,1141.764,12.4
ch01_00000000140000000.mp4,100882,motorcycle,1,1142.164,21.2
ch01_00000000140000000.mp4,100883,car,2,1142.464,21.2
ch01_00000000140000000.mp4,100959,motorcycle,1,1142.964,24.0
ch01_00000000140000000.mp4,100935,motorcycle,1,1143.164,20.0
ch01_00000000140000000.mp4,101037,motorcycle,1,1143.914,24.0
ch01_00000000140000000.mp4,101007,motorcycle,1,1144.364,10.6
ch01_00000000140000000.mp4,101093,motorcycle,1,1144.464,18.9
ch01_00000000140000000.mp4,101120,motorcycle,1,1144.864,20.0
ch01_00000000140000000.mp4,100984,car,2,1145.464,10.9
ch01_00000000140000000.mp4,101261,motorcycle,1,1146.563,21.2
ch01_00000000140000000.mp4,101321,motorcycle,1,1147.263,24.0
ch01_00000000140000000.mp4,101203,truck,6,1147.263,9.2
ch01_00000000140000000.mp4,101410,motorcycle,1,1148.613,11.3
ch01_00000000140000000.mp4,101432,car,2,1148.763,22.5
ch01_00000000140000000.mp4,101454,motorcycle,1,1148.813,24.0
ch01_00000000140000000.mp4,101481,motorcycle,1,1149.263,22.5
ch01_00000000140000000.mp4,101474,motorcycle,1,1150.163,12.4
ch01_00000000140000000.mp4,101552,motorcycle,1,1150.213,21.2
ch01_00000000140000000.mp4,101329,car,3,1150.513,6.3
ch01_00000000140000000.mp4,101614,motorcycle,1,1150.813,25.7
ch01_00000000140000000.mp4,101641,motorcycle,1,1151.213,14.4
ch01_00000000140000000.mp4,101678,motorcycle,1,1151.613,15.0
ch01_00000000140000000.mp4,101746,motorcycle,1,1152.213,12.9
ch01_00000000140000000.mp4,101773,motorcycle,1,1152.613,21.2
ch01_00000000140000000.mp4,101632,car,2,1152.663,12.0
ch01_00000000140000000.mp4,101847,motorcycle,1,1153.463,21.2
ch01_00000000140000000.mp4,101745,truck,6,1154.363,13.3
ch01_00000000140000000.mp4,102017,motorcycle,1,1156.263,25.7
ch01_00000000140000000.mp4,102018,motorcycle,1,1156.263,24.0
ch01_00000000140000000.mp4,102083,motorcycle,1,1157.013,30.0
ch01_00000000140000000.mp4,102128,motorcycle,1,1157.663,7.5
ch01_00000000140000000.mp4,102073,car,2,1157.963,2.1
ch01_00000000140000000.mp4,102299,car,3,1161.062,15.7
ch01_00000000140000000.mp4,102360,car,2,1161.262,20.0
ch01_00000000140000000.mp4,102422,motorcycle,1,1162.562,17.1
ch01_00000000140000000.mp4,102471,motorcycle,1,1163.412,18.0
ch01_00000000140000000.mp4,102493,motorcycle,1,1163.562,16.4
ch01_00000000140000000.mp4,102524,motorcycle,1,1163.962,18.0
ch01_00000000140000000.mp4,102516,car,2,1164.512,13.8
ch01_00000000140000000.mp4,102587,motorcycle,1,1164.812,18.0
ch01_00000000140000000.mp4,102723,motorcycle,1,1166.212,18.0
ch01_00000000140000000.mp4,102571,motorcycle,1,1166.362,10.0
ch01_00000000140000000.mp4,102652,motorcycle,1,1167.312,12.9
ch01_00000000140000000.mp4,102778,motorcycle,1,1167.962,12.9
ch01_00000000140000000.mp4,102724,motorcycle,1,1168.562,9.0
ch01_00000000140000000.mp4,102984,motorcycle,1,1169.012,13.3
ch01_00000000140000000.mp4,102764,motorcycle,1,1169.662,11.6
ch01_00000000140000000.mp4,102979,car,2,1170.762,7.7
ch01_00000000140000000.mp4,103153,motorcycle,1,1171.462,12.9
ch01_00000000140000000.mp4,103154,motorcycle,1,1172.611,10.9
ch01_00000000140000000.mp4,103343,motorcycle,1,1174.161,8.8
ch01_00000000140000000.mp4,103379,motorcycle,1,1174.311,14.4
ch01_00000000140000000.mp4,103164,truck,6,1174.961,12.0
ch01_00000000140000000.mp4,103546,motorcycle,1,1176.411,21.2
ch01_00000000140000000.mp4,103595,motorcycle,1,1176.811,24.0
ch01_00000000140000000.mp4,103657,motorcycle,1,1177.711,22.5
ch01_00000000140000000.mp4,103572,car,2,1177.761,13.8
ch01_00000000140000000.mp4,103664,motorcycle,1,1177.761,21.2
ch01_00000000140000000.mp4,103703,motorcycle,1,1178.411,22.5
ch01_00000000140000000.mp4,103732,motorcycle,1,1178.861,21.2
ch01_00000000140000000.mp4,103652,car,2,1179.511,6.2
ch01_00000000140000000.mp4,103830,motorcycle,1,1179.661,22.5
ch01_00000000140000000.mp4,103861,motorcycle,1,1179.961,20.0
ch01_00000000140000000.mp4,103888,motorcycle,1,1180.361,20.0
ch01_00000000140000000.mp4,103883,car,2,1180.611,15.7
ch01_00000000140000000.mp4,103973,motorcycle,1,1181.011,20.0
ch01_00000000140000000.mp4,103991,motorcycle,1,1182.061,9.2
ch01_00000000140000000.mp4,104152,motorcycle,1,1182.661,9.0
ch01_00000000140000000.mp4,103775,car,2,1183.311,6.8
ch01_00000000140000000.mp4,104275,car,2,1184.061,16.4
ch01_00000000140000000.mp4,104385,motorcycle,1,1185.061,18.9
ch01_00000000140000000.mp4,104397,motorcycle,1,1185.261,21.2
ch01_00000000140000000.mp4,104336,motorcycle,1,1185.361,11.6
ch01_00000000140000000.mp4,104473,motorcycle,1,1185.761,18.0
ch01_00000000140000000.mp4,104448,car,2,1186.261,12.9
ch01_00000000140000000.mp4,104517,motorcycle,1,1186.51,10.6
ch01_00000000140000000.mp4,104548,motorcycle,1,1186.76,18.0
ch01_00000000140000000.mp4,104404,motorcycle,1,1187.61,10.9
ch01_00000000140000000.mp4,104653,motorcycle,1,1187.96,20.0
ch01_00000000140000000.mp4,104704,car,2,1189.06,14.4
ch01_00000000140000000.mp4,104797,motorcycle,1,1189.81,20.0
ch01_00000000140000000.mp4,104597,car,2,1189.91,12.9
ch01_00000000140000000.mp4,104800,car,2,1190.31,13.3
ch01_00000000140000000.mp4,104921,motorcycle,1,1191.36,15.7
ch01_00000000140000000.mp4,105055,motorcycle,1,1192.71,15.7
ch01_00000000140000000.mp4,105063,motorcycle,1,1192.71,15.0
ch01_00000000140000000.mp4,105062,truck,4,1193.01,13.8
ch01_00000000140000000.mp4,105124,motorcycle,1,1193.66,17.1
ch01_00000000140000000.mp4,105000,car,2,1193.96,3.5
ch01_00000000140000000.mp4,105161,motorcycle,1,1194.21,17.1
ch01_00000000140000000.mp4,105183,motorcycle,1,1194.36,17.1
ch01_00000000140000000.mp4,105196,motorcycle,1,1197.36,10.0
ch01_00000000140000000.mp4,105420,car,2,1199.36,10.0
ch01_00000000140000000.mp4,105482,motorcycle,1,1200.909,13.3
ch01_00000000140000000.mp4,105593,car,2,1201.059,10.9
ch01_00000000140000000.mp4,105761,motorcycle,1,1202.359,12.4
ch01_00000000140000000.mp4,105788,motorcycle,1,1202.759,12.9
ch01_00000000140000000.mp4,105886,motorcycle,1,1203.609,12.4
ch01_00000000140000000.mp4,105932,motorcycle,1,1204.109,14.4
ch01_00000000140000000.mp4,105639,car,2,1204.859,7.5
ch01_00000000140000000.mp4,106115,motorcycle,1,1206.409,13.8
ch01_00000000140000000.mp4,106218,motorcycle,1,1207.459,15.7
ch01_00000000140000000.mp4,106031,car,2,1207.609,8.8
ch01_00000000140000000.mp4,106126,car,2,1208.059,5.5
ch01_00000000140000000.mp4,106447,motorcycle,1,1209.359,7.7
ch01_00000000140000000.mp4,106441,motorcycle,1,1209.659,16.4
ch01_00000000140000000.mp4,106359,car,2,1209.959,9.2
ch01_00000000140000000.mp4,106573,motorcycle,1,1210.909,18.9
ch01_00000000140000000.mp4,106605,motorcycle,1,1211.609,15.7
ch01_00000000140000000.mp4,106714,truck,6,1214.108,10.0
ch01_00000000140000000.mp4,106924,motorcycle,1,1214.558,22.5
ch01_00000000140000000.mp4,107014,motorcycle,1,1215.708,20.0
ch01_00000000140000000.mp4,107001,car,2,1215.858,10.6
ch01_00000000140000000.mp4,106926,motorcycle,1,1216.708,8.8
ch01_00000000140000000.mp4,107156,motorcycle,1,1217.258,20.0
ch01_00000000140000000.mp4,107287,motorcycle,1,1218.758,18.9
ch01_00000000140000000.mp4,107242,car,2,1219.108,11.3
ch01_00000000140000000.mp4,107342,motorcycle,1,1219.758,8.2
ch01_00000000140000000.mp4,107520,motorcycle,1,1220.708,18.0
ch01_00000000140000000.mp4,107514,car,2,1221.158,11.3
ch01_00000000140000000.mp4,107567,motorcycle,1,1221.258,18.0
ch01_00000000140000000.mp4,107694,motorcycle,1,1223.008,7.5
ch01_00000000140000000.mp4,107910,car,2,1225.707,17.1
ch01_00000000140000000.mp4,108055,motorcycle,1,1226.257,27.7
ch01_00000000140000000.mp4,108240,motorcycle,1,1228.457,15.7
ch01_00000000140000000.mp4,108297,motorcycle,1,1229.007,13.8
ch01_00000000140000000.mp4,108230,car,2,1229.807,18.9
ch01_00000000140000000.mp4,108426,motorcycle,1,1230.857,13.8
ch01_00000000140000000.mp4,108452,motorcycle,1,1231.057,11.6
ch01_00000000140000000.mp4,108550,motorcycle,1,1232.507,30.0
ch01_00000000140000000.mp4,108663,motorcycle,1,1233.707,25.7
ch01_00000000140000000.mp4,108852,motorcycle,1,1235.757,24.0
ch01_00000000140000000.mp4,108921,car,3,1237.857,1.6
ch01_00000000140000000.mp4,109149,motorcycle,1,1238.357,24.0
ch01_00000000140000000.mp4,109112,motorcycle,1,1238.756,18.9
ch01_00000000140000000.mp4,109582,motorcycle,1,1242.956,27.7
ch01_00000000140000000.mp4,109454,car,2,1243.256,22.5
ch01_00000000140000000.mp4,109882,motorcycle,1,1246.556,24.0
ch01_00000000140000000.mp4,109710,motorcycle,1,1246.806,2.9
ch01_00000000140000000.mp4,110041,car,2,1247.906,22.5
ch01_00000000140000000.mp4,109995,motorcycle,1,1248.356,20.0
ch01_00000000140000000.mp4,110198,motorcycle,1,1249.456,10.3
ch01_00000000140000000.mp4,110325,car,2,1249.706,21.2
ch01_00000000140000000.mp4,110347,motorcycle,1,1250.356,13.8
ch01_00000000140000000.mp4,110448,motorcycle,1,1251.156,18.0
ch01_00000000140000000.mp4,110426,motorcycle,1,1251.406,18.9
ch01_00000000140000000.mp4,110700,motorcycle,1,1253.255,9.2
ch01_00000000140000000.mp4,110723,motorcycle,1,1253.805,7.3
ch01_00000000140000000.mp4,110744,car,2,1254.205,20.0
ch01_00000000140000000.mp4,110701,car,2,1254.905,20.0
ch01_00000000140000000.mp4,110952,motorcycle,1,1255.655,18.9
ch01_00000000140000000.mp4,111172,motorcycle,1,1258.455,8.4
ch01_00000000140000000.mp4,111255,motorcycle,1,1258.755,24.0
ch01_00000000140000000.mp4,111268,motorcycle,1,1259.105,6.3
ch01_00000000140000000.mp4,111438,car,2,1260.305,18.0
ch01_00000000140000000.mp4,111436,motorcycle,1,1260.405,11.6
ch01_00000000140000000.mp4,111597,car,2,1261.455,18.9
ch01_00000000140000000.mp4,111958,motorcycle,1,1265.804,15.0
ch01_00000000140000000.mp4,111506,car,2,1267.054,9.0
ch01_00000000140000000.mp4,111723,motorcycle,1,1267.054,4.6
ch01_00000000140000000.mp4,111920,car,2,1267.504,2.6
ch01_00000000140000000.mp4,112164,motorcycle,1,1268.154,15.0
ch01_00000000140000000.mp4,112290,car,3,1271.154,8.4
ch01_00000000140000000.mp4,112559,motorcycle,1,1271.804,11.3
ch01_00000000140000000.mp4,112598,motorcycle,1,1271.904,12.0
ch01_00000000140000000.mp4,112804,car,2,1273.654,7.3
ch01_00000000140000000.mp4,112705,car,2,1274.904,8.6
ch01_00000000140000000.mp4,113105,motorcycle,1,1276.354,11.6
ch01_00000000140000000.mp4,112943,car,2,1276.604,8.8
ch01_00000000140000000.mp4,113210,motorcycle,1,1278.454,14.4
ch01_00000000140000000.mp4,113148,motorcycle,1,1278.653,12.4
ch01_00000000140000000.mp4,113364,motorcycle,1,1280.253,12.4
ch01_00000000140000000.mp4,113400,motorcycle,1,1280.803,14.4
ch01_00000000140000000.mp4,113395,motorcycle,1,1281.053,17.1
ch01_00000000140000000.mp4,113459,car,2,1281.203,20.0
ch01_00000000140000000.mp4,113608,motorcycle,1,1283.203,11.6
ch01_00000000140000000.mp4,113751,car,2,1284.203,17.1
ch01_00000000140000000.mp4,113598,car,2,1284.903,7.1
ch01_00000000140000000.mp4,113849,car,2,1287.353,14.4
ch01_00000000140000000.mp4,114058,motorcycle,1,1288.453,15.7
ch01_00000000140000000.mp4,114173,motorcycle,1,1289.353,10.6
ch01_00000000140000000.mp4,114160,car,2,1290.703,17.1
ch01_00000000140000000.mp4,114562,motorcycle,1,1293.452,27.7
ch01_00000000140000000.mp4,114638,motorcycle,1,1294.802,17.1
ch01_00000000140000000.mp4,114577,motorcycle,1,1295.152,11.6
ch01_00000000140000000.mp4,114721,motorcycle,1,1295.952,21.2
ch01_00000000140000000.mp4,114732,motorcycle,1,1296.402,12.0
ch01_00000000140000000.mp4,114954,motorcycle,1,1298.202,9.5
ch01_00000000140000000.mp4,115010,motorcycle,1,1299.202,8.2
ch01_00000000140000000.mp4,115186,motorcycle,1,1301.502,21.2
ch01_00000000140000000.mp4,115192,motorcycle,1,1301.552,9.5
ch01_00000000140000000.mp4,115321,motorcycle,1,1303.052,20.0
ch01_00000000140000000.mp4,115306,car,2,1303.602,24.0
ch01_00000000140000000.mp4,115361,truck,4,1303.802,24.0
ch01_00000000140000000.mp4,115460,motorcycle,1,1304.401,25.7
ch01_00000000140000000.mp4,115650,motorcycle,1,1306.201,8.2
ch01_00000000140000000.mp4,115634,motorcycle,1,1306.251,25.7
ch01_00000000140000000.mp4,115628,motorcycle,1,1306.751,22.5
ch01_00000000140000000.mp4,115720,motorcycle,1,1307.051,24.0
ch01_00000000140000000.mp4,115757,motorcycle,1,1307.251,18.9
ch01_00000000140000000.mp4,115681,motorcycle,1,1307.451,20.0
ch01_00000000140000000.mp4,115832,motorcycle,1,1308.101,25.7
ch01_00000000140000000.mp4,115962,motorcycle,1,1309.701,24.0
ch01_00000000140000000.mp4,115991,motorcycle,1,1310.301,27.7
ch01_00000000140000000.mp4,116012,motorcycle,1,1310.751,21.2
ch01_00000000140000000.mp4,116076,motorcycle,1,1310.951,16.4
ch01_00000000140000000.mp4,116178,motorcycle,1,1312.151,36.0
ch01_00000000140000000.mp4,116253,motorcycle,1,1313.401,32.7
ch01_00000000140000000.mp4,116166,car,2,1313.551,10.3
ch01_00000000140000000.mp4,116306,motorcycle,1,1314.751,18.0
ch01_00000000140000000.mp4,116409,motorcycle,1,1315.051,17.1
ch01_00000000140000000.mp4,116437,motorcycle,1,1316.201,20.0
ch01_00000000140000000.mp4,116507,motorcycle,1,1316.251,32.7
ch01_00000000140000000.mp4,116520,motorcycle,1,1316.501,16.4
ch01_00000000140000000.mp4,116563,motorcycle,1,1317.751,18.9
ch01_00000000140000000.mp4,116617,motorcycle,1,1317.801,27.7
ch01_00000000140000000.mp4,116645,motorcycle,1,1318.551,18.0
ch01_00000000140000000.mp4,116713,motorcycle,1,1318.95,27.7
ch01_00000000140000000.mp4,116740,motorcycle,1,1319.3,32.7
ch01_00000000140000000.mp4,116769,motorcycle,1,1319.6,25.7
ch01_00000000140000000.mp4,116883,motorcycle,1,1320.45,32.7
ch01_00000000140000000.mp4,116679,car,3,1320.7,6.8
ch01_00000000140000000.mp4,116786,motorcycle,1,1320.95,4.1
ch01_00000000140000000.mp4,116732,motorcycle,1,1321.25,27.7
ch01_00000000140000000.mp4,116936,motorcycle,1,1321.75,27.7
ch01_00000000140000000.mp4,117007,motorcycle,1,1322.3,25.7
ch01_00000000140000000.mp4,116908,motorcycle,1,1322.5,9.7
ch01_00000000140000000.mp4,117052,motorcycle,1,1322.75,30.0
ch01_00000000140000000.mp4,117096,motorcycle,1,1323.5,32.7
ch01_00000000140000000.mp4,117129,motorcycle,1,1323.85,27.7
ch01_00000000140000000.mp4,117149,motorcycle,1,1324.05,30.0
ch01_00000000140000000.mp4,117097,truck,4,1324.25,9.7
ch01_00000000140000000.mp4,117090,motorcycle,1,1324.35,25.7
ch01_00000000140000000.mp4,117200,motorcycle,1,1324.4,32.7
ch01_00000000140000000.mp4,117292,motorcycle,1,1325.35,10.0
ch01_00000000140000000.mp4,117301,motorcycle,1,1325.6,24.0
ch01_00000000140000000.mp4,117112,car,2,1325.65,9.0
ch01_00000000140000000.mp4,117383,motorcycle,1,1326.55,22.5
ch01_00000000140000000.mp4,117392,motorcycle,1,1326.85,24.0
ch01_00000000140000000.mp4,117430,motorcycle,1,1327.0,22.5
ch01_00000000140000000.mp4,117248,car,2,1327.2,9.0
ch01_00000000140000000.mp4,117479,motorcycle,1,1327.65,27.7
ch01_00000000140000000.mp4,117527,motorcycle,1,1328.2,24.0
ch01_00000000140000000.mp4,117513,motorcycle,1,1328.25,21.2
ch01_00000000140000000.mp4,117562,motorcycle,1,1329.15,15.7
ch01_00000000140000000.mp4,117631,motorcycle,1,1329.95,21.2
ch01_00000000140000000.mp4,117613,motorcycle,1,1329.95,15.0
ch01_00000000140000000.mp4,117684,motorcycle,1,1330.949,18.0
ch01_00000000140000000.mp4,117748,motorcycle,1,1331.3,22.5
ch01_00000000140000000.mp4,117789,motorcycle,1,1331.699,22.5
ch01_00000000140000000.mp4,117884,motorcycle,1,1332.249,22.5
ch01_00000000140000000.mp4,117850,motorcycle,1,1332.449,18.9
ch01_00000000140000000.mp4,117885,motorcycle,1,1332.549,21.2
ch01_00000000140000000.mp4,117940,motorcycle,1,1332.949,21.2
ch01_00000000140000000.mp4,117986,motorcycle,1,1333.549,22.5
ch01_00000000140000000.mp4,118065,motorcycle,1,1334.349,25.7
ch01_00000000140000000.mp4,118066,motorcycle,1,1334.449,18.9
ch01_00000000140000000.mp4,118072,motorcycle,1,1334.599,27.7
ch01_00000000140000000.mp4,118036,motorcycle,1,1334.599,20.0
ch01_00000000140000000.mp4,118144,motorcycle,1,1335.049,32.7
ch01_00000000140000000.mp4,118145,motorcycle,1,1335.199,25.7
ch01_00000000140000000.mp4,118132,motorcycle,1,1335.599,27.7
ch01_00000000140000000.mp4,118293,motorcycle,1,1337.199,20.0
ch01_00000000140000000.mp4,118289,car,2,1337.399,24.0
ch01_00000000140000000.mp4,118319,motorcycle,1,1337.749,27.7
ch01_00000000140000000.mp4,118348,motorcycle,1,1337.999,24.0
ch01_00000000140000000.mp4,118310,motorcycle,1,1338.549,10.0
ch01_00000000140000000.mp4,118378,motorcycle,1,1338.599,30.0
ch01_00000000140000000.mp4,118392,motorcycle,1,1338.799,14.4
ch01_00000000140000000.mp4,118417,motorcycle,1,1338.899,30.0
ch01_00000000140000000.mp4,118481,motorcycle,1,1339.749,30.0
ch01_00000000140000000.mp4,118579,motorcycle,1,1340.999,21.2
ch01_00000000140000000.mp4,118600,motorcycle,1,1341.449,16.4
ch01_00000000140000000.mp4,118663,motorcycle,1,1342.449,25.7
ch01_00000000140000000.mp4,118706,motorcycle,1,1342.949,22.5
ch01_00000000140000000.mp4,118685,motorcycle,1,1343.299,16.4
ch01_00000000140000000.mp4,118731,motorcycle,1,1343.349,22.5
ch01_00000000140000000.mp4,118777,motorcycle,1,1343.999,20.0
ch01_00000000140000000.mp4,118804,motorcycle,1,1344.498,27.7
ch01_00000000140000000.mp4,118919,motorcycle,1,1345.548,20.0
ch01_00000000140000000.mp4,119014,motorcycle,1,1346.398,18.9
ch01_00000000140000000.mp4,119087,motorcycle,1,1347.098,18.0
ch01_00000000140000000.mp4,119091,motorcycle,1,1347.198,24.0
ch01_00000000140000000.mp4,119159,car,2,1348.148,20.0
ch01_00000000140000000.mp4,119223,motorcycle,1,1348.748,17.1
ch01_00000000140000000.mp4,119229,motorcycle,1,1348.848,21.2
ch01_00000000140000000.mp4,119256,motorcycle,1,1349.348,16.4
ch01_00000000140000000.mp4,119250,car,2,1349.598,18.9
ch01_00000000140000000.mp4,119307,motorcycle,1,1350.098,17.1
ch01_00000000140000000.mp4,119304,motorcycle,1,1350.148,18.9
ch01_00000000140000000.mp4,119376,motorcycle,1,1350.698,21.2
ch01_00000000140000000.mp4,119361,motorcycle,1,1350.798,17.1
ch01_00000000140000000.mp4,119128,car,3,1350.848,9.2
ch01_00000000140000000.mp4,119413,motorcycle,1,1351.448,21.2
ch01_00000000140000000.mp4,119456,motorcycle,1,1351.948,18.9
ch01_00000000140000000.mp4,119478,car,2,1352.298,18.9
ch01_00000000140000000.mp4,119506,motorcycle,1,1352.748,20.0
ch01_00000000140000000.mp4,119514,motorcycle,1,1352.998,20.0
ch01_00000000140000000.mp4,119538,motorcycle,1,1353.348,20.0
ch01_00000000140000000.mp4,119627,motorcycle,1,1354.548,22.5
ch01_00000000140000000.mp4,119606,motorcycle,1,1354.598,18.9
ch01_00000000140000000.mp4,119685,truck,4,1355.948,22.5
ch01_00000000140000000.mp4,119722,motorcycle,1,1356.148,18.9
ch01_00000000140000000.mp4,119707,motorcycle,1,1356.548,5.1
ch01_00000000140000000.mp4,119773,motorcycle,1,1357.048,22.5
ch01_00000000140000000.mp4,119844,motorcycle,1,1357.648,30.0
ch01_00000000140000000.mp4,119914,motorcycle,1,1358.797,22.5
ch01_00000000140000000.mp4,119915,motorcycle,1,1359.097,6.3
ch01_00000000140000000.mp4,119926,motorcycle,1,1359.147,24.0
ch01_00000000140000000.mp4,119764,motorcycle,1,1359.547,11.3
ch01_00000000140000000.mp4,120096,motorcycle,1,1361.797,27.7
ch01_00000000140000000.mp4,119916,motorcycle,1,1362.047,7.7
ch01_00000000140000000.mp4,120126,motorcycle,1,1362.297,20.0
ch01_00000000140000000.mp4,120168,motorcycle,1,1362.847,21.2
ch01_00000000140000000.mp4,120189,motorcycle,1,1363.297,18.9
ch01_00000000140000000.mp4,120210,motorcycle,1,1363.747,20.0
ch01_00000000140000000.mp4,120037,car,2,1364.147,8.0
ch01_00000000140000000.mp4,120219,motorcycle,1,1364.147,18.9
ch01_00000000140000000.mp4,120248,motorcycle,1,1364.547,20.0
ch01_00000000140000000.mp4,120311,motorcycle,1,1365.297,18.9
ch01_00000000140000000.mp4,120331,motorcycle,1,1365.547,18.9
ch01_00000000140000000.mp4,120397,motorcycle,1,1366.397,15.0
ch01_00000000140000000.mp4,120403,car,2,1367.047,9.5
ch01_00000000140000000.mp4,120604,motorcycle,1,1368.797,7.1
ch01_00000000140000000.mp4,120557,car,2,1369.397,10.9
ch01_00000000140000000.mp4,120654,motorcycle,1,1369.997,15.0
ch01_00000000140000000.mp4,120676,truck,4,1370.847,12.0
ch01_00000000140000000.mp4,120838,motorcycle,1,1372.296,16.4
ch01_00000000140000000.mp4,121084,car,2,1377.296,10.3
ch01_00000000140000000.mp4,121128,motorcycle,1,1377.796,8.2
ch01_00000000140000000.mp4,121351,motorcycle,1,1379.146,11.3
ch01_00000000140000000.mp4,121380,car,2,1379.496,5.0
ch01_00000000140000000.mp4,121403,motorcycle,1,1379.796,12.4
ch01_00000000140000000.mp4,121464,motorcycle,1,1380.396,10.0
ch01_00000000140000000.mp4,121562,motorcycle,1,1381.096,7.7
ch01_00000000140000000.mp4,121547,truck,4,1381.746,8.2
ch01_00000000140000000.mp4,121622,car,2,1384.045,8.6
ch01_00000000140000000.mp4,121895,motorcycle,1,1385.545,8.2
ch01_00000000140000000.mp4,121838,car,2,1386.395,2.1
ch01_00000000140000000.mp4,121993,car,2,1388.545,3.7
ch01_00000000140000000.mp4,122576,car,2,1395.795,6.4
ch01_00000000140000000.mp4,123073,motorcycle,1,1398.844,10.6
ch01_00000000140000000.mp4,122911,car,2,1399.044,7.5
ch01_00000000140000000.mp4,123192,motorcycle,1,1400.394,9.7
ch01_00000000140000000.mp4,122848,car,2,1401.094,5.7
ch01_00000000140000000.mp4,123301,motorcycle,1,1401.794,8.2
ch01_00000000140000000.mp4,123326,motorcycle,1,1402.244,12.0
ch01_00000000140000000.mp4,123393,motorcycle,1,1402.544,12.4
ch01_00000000140000000.mp4,123422,motorcycle,1,1402.944,11.3
ch01_00000000140000000.mp4,122942,car,3,1403.294,6.1
ch01_00000000140000000.mp4,123581,motorcycle,1,1404.594,17.1
ch01_00000000140000000.mp4,123285,car,3,1406.244,9.0
ch01_00000000140000000.mp4,123631,car,2,1406.944,6.9
ch01_00000000140000000.mp4,123795,motorcycle,1,1407.094,15.7
ch01_00000000140000000.mp4,123979,motorcycle,1,1408.844,12.9
ch01_00000000140000000.mp4,123935,motorcycle,1,1409.344,13.3
ch01_00000000140000000.mp4,124016,truck,6,1409.694,8.6
ch01_00000000140000000.mp4,124022,motorcycle,1,1409.894,11.3
ch01_00000000140000000.mp4,124300,car,2,1411.943,10.6
ch01_00000000140000000.mp4,124340,motorcycle,1,1412.843,10.6
ch01_00000000140000000.mp4,124364,motorcycle,1,1413.343,12.4
ch01_00000000140000000.mp4,124223,car,2,1413.893,8.4
ch01_00000000140000000.mp4,124456,motorcycle,1,1414.093,10.6
ch01_00000000140000000.mp4,124428,motorcycle,1,1414.643,9.2
ch01_00000000140000000.mp4,124561,motorcycle,1,1415.443,9.7
ch01_00000000140000000.mp4,124733,motorcycle,1,1416.893,5.5
ch01_00000000140000000.mp4,124742,car,2,1417.643,11.6
ch01_00000000140000000.mp4,124826,motorcycle,1,1418.643,12.9
ch01_00000000140000000.mp4,124876,motorcycle,1,1418.943,10.0
ch01_00000000140000000.mp4,124699,car,2,1420.593,6.7
ch01_00000000140000000.mp4,125160,motorcycle,1,1421.493,13.3
ch01_00000000140000000.mp4,125001,motorcycle,1,1421.593,7.7
ch01_00000000140000000.mp4,125258,motorcycle,1,1422.543,15.7
ch01_00000000140000000.mp4,125329,motorcycle,1,1423.193,6.0
ch01_00000000140000000.mp4,125374,motorcycle,1,1423.693,17.1
ch01_00000000140000000.mp4,125169,car,2,1423.842,7.7
ch01_00000000140000000.mp4,125448,motorcycle,1,1424.392,15.7
ch01_00000000140000000.mp4,125536,motorcycle,1,1425.142,16.4
ch01_00000000140000000.mp4,125409,car,2,1425.892,8.0
ch01_00000000140000000.mp4,125643,motorcycle,1,1426.242,18.9
ch01_00000000140000000.mp4,125709,motorcycle,1,1427.242,6.7
ch01_00000000140000000.mp4,125652,car,2,1427.842,9.5
ch01_00000000140000000.mp4,125702,motorcycle,1,1428.692,5.1
ch01_00000000140000000.mp4,125773,motorcycle,1,1428.842,8.8
ch01_00000000140000000.mp4,125828,car,2,1429.842,9.5
ch01_00000000140000000.mp4,125935,motorcycle,1,1429.992,18.0
ch01_00000000140000000.mp4,125883,motorcycle,1,1431.292,9.5
ch01_00000000140000000.mp4,126123,motorcycle,1,1431.692,20.0
ch01_00000000140000000.mp4,125866,car,2,1431.742,9.7
ch01_00000000140000000.mp4,126272,car,2,1434.642,13.3
ch01_00000000140000000.mp4,126388,motorcycle,1,1434.892,24.0
ch01_00000000140000000.mp4,126331,truck,6,1436.142,12.9
ch01_00000000140000000.mp4,126512,car,2,1437.141,13.8
ch01_00000000140000000.mp4,126533,car,2,1438.591,8.6
ch01_00000000140000000.mp4,126825,motorcycle,1,1439.741,20.0
ch01_00000000140000000.mp4,126811,motorcycle,1,1439.941,9.2
ch01_00000000140000000.mp4,126940,motorcycle,1,1441.041,18.9
ch01_00000000140000000.mp4,126889,motorcycle,1,1441.341,12.9
ch01_00000000140000000.mp4,126968,motorcycle,1,1441.941,17.1
ch01_00000000140000000.mp4,127033,motorcycle,1,1442.891,7.3
ch01_00000000140000000.mp4,127185,motorcycle,1,1443.491,22.5
ch01_00000000140000000.mp4,127190,car,2,1444.541,11.3
ch01_00000000140000000.mp4,126947,motorcycle,1,1444.991,9.0
ch01_00000000140000000.mp4,127201,car,2,1444.991,4.4
ch01_00000000140000000.mp4,127369,motorcycle,1,1445.591,15.0
ch01_00000000140000000.mp4,127261,motorcycle,1,1445.691,5.5
ch01_00000000140000000.mp4,127266,motorcycle,1,1446.441,9.0
ch01_00000000140000000.mp4,127438,motorcycle,1,1446.441,20.0
ch01_00000000140000000.mp4,127357,car,2,1446.591,9.7
ch01_00000000140000000.mp4,127515,motorcycle,1,1447.441,22.5
ch01_00000000140000000.mp4,127448,motorcycle,1,1447.791,12.4
ch01_00000000140000000.mp4,127373,motorcycle,1,1448.291,8.0
ch01_00000000140000000.mp4,127627,motorcycle,1,1449.091,17.1
ch01_00000000140000000.mp4,127495,car,2,1449.241,5.5
ch01_00000000140000000.mp4,127651,motorcycle,1,1449.541,15.7
ch01_00000000140000000.mp4,127543,car,2,1450.19,6.8
ch01_00000000140000000.mp4,127816,motorcycle,1,1451.84,24.0
ch01_00000000140000000.mp4,127734,car,2,1452.24,11.3
ch01_00000000140000000.mp4,127913,motorcycle,1,1453.94,8.4
ch01_00000000140000000.mp4,127957,motorcycle,1,1454.04,17.1
ch01_00000000140000000.mp4,128074,motorcycle,1,1455.79,12.9
ch01_00000000140000000.mp4,128042,car,2,1456.74,12.0
ch01_00000000140000000.mp4,128331,motorcycle,1,1458.34,18.0
ch01_00000000140000000.mp4,128230,car,3,1458.54,6.0
ch01_00000000140000000.mp4,128140,car,3,1458.74,12.9
ch01_00000000140000000.mp4,128417,motorcycle,1,1459.74,21.2
ch01_00000000140000000.mp4,128391,car,3,1461.29,6.2
ch01_00000000140000000.mp4,128544,car,2,1461.54,15.7
ch01_00000000140000000.mp4,128290,car,2,1461.94,12.4
ch01_00000000140000000.mp4,128648,motorcycle,1,1462.84,12.4
ch01_00000000140000000.mp4,128711,motorcycle,1,1463.389,21.2
ch01_00000000140000000.mp4,128809,car,2,1464.489,25.7
ch01_00000000140000000.mp4,128859,motorcycle,1,1464.839,21.2
ch01_00000000140000000.mp4,128936,motorcycle,1,1465.539,30.0
ch01_00000000140000000.mp4,128616,car,2,1465.789,5.5
ch01_00000000140000000.mp4,128817,car,2,1466.039,13.8
ch01_00000000140000000.mp4,129034,motorcycle,1,1466.789,15.0
ch01_00000000140000000.mp4,129080,motorcycle,1,1467.289,4.7
ch01_00000000140000000.mp4,129011,motorcycle,1,1467.639,12.4
ch01_00000000140000000.mp4,129142,motorcycle,1,1467.989,11.6
ch01_00000000140000000.mp4,129174,motorcycle,1,1468.939,5.6
ch01_00000000140000000.mp4,129254,motorcycle,1,1469.489,24.0
ch01_00000000140000000.mp4,129214,motorcycle,1,1469.989,10.9
ch01_00000000140000000.mp4,129556,motorcycle,1,1473.039,36.0
ch01_00000000140000000.mp4,129571,motorcycle,1,1474.639,10.0
ch01_00000000140000000.mp4,129567,motorcycle,1,1474.689,9.7
ch01_00000000140000000.mp4,129775,motorcycle,1,1475.739,45.0
ch01_00000000140000000.mp4,129694,motorcycle,1,1476.339,11.3
ch01_00000000140000000.mp4,129832,motorcycle,1,1476.839,8.0
ch01_00000000140000000.mp4,129872,motorcycle,1,1477.339,21.2
ch01_00000000140000000.mp4,129778,motorcycle,1,1477.839,8.4
ch01_00000000140000000.mp4,130124,car,2,1481.388,1.0
ch01_00000000140000000.mp4,130097,car,2,1481.388,7.7
ch01_00000000140000000.mp4,130201,motorcycle,1,1481.688,13.8
ch01_00000000140000000.mp4,130255,motorcycle,1,1482.438,12.9
ch01_00000000140000000.mp4,130138,car,2,1482.938,7.1
ch01_00000000140000000.mp4,130338,truck,6,1485.238,8.6
ch01_00000000140000000.mp4,131091,motorcycle,1,1490.537,18.9
ch01_00000000140000000.mp4,130999,motorcycle,1,1491.088,17.1
ch01_00000000140000000.mp4,131224,motorcycle,1,1492.787,10.0
ch01_00000000140000000.mp4,131404,motorcycle,1,1494.387,13.8
ch01_00000000140000000.mp4,131211,truck,4,1494.937,6.7
ch01_00000000140000000.mp4,131610,car,3,1497.637,9.5
ch01_00000000140000000.mp4,131748,motorcycle,1,1498.137,13.3
ch01_00000000140000000.mp4,131929,motorcycle,1,1499.687,16.4
ch01_00000000140000000.mp4,131941,motorcycle,1,1500.037,17.1
ch01_00000000140000000.mp4,132092,car,3,1502.987,7.7
ch01_00000000140000000.mp4,132228,motorcycle,1,1504.036,6.5
ch01_00000000140000000.mp4,132501,car,2,1505.536,13.3
ch01_00000000140000000.mp4,132559,motorcycle,1,1506.386,12.0
ch01_00000000140000000.mp4,132569,car,2,1506.936,14.4
ch01_00000000140000000.mp4,132866,motorcycle,1,1509.786,12.4
ch01_00000000140000000.mp4,132932,car,2,1510.186,18.9
ch01_00000000140000000.mp4,132918,motorcycle,1,1510.586,15.7
ch01_00000000140000000.mp4,133057,motorcycle,1,1511.686,8.2
ch01_00000000140000000.mp4,133049,car,2,1511.886,18.9
ch01_00000000140000000.mp4,133081,motorcycle,1,1512.336,20.0
ch01_00000000140000000.mp4,132993,motorcycle,1,1513.236,13.8
ch01_00000000140000000.mp4,133178,motorcycle,1,1514.186,13.3
ch01_00000000140000000.mp4,133435,truck,4,1517.186,13.3
ch01_00000000140000000.mp4,133632,motorcycle,1,1519.235,36.0
ch01_00000000140000000.mp4,133601,motorcycle,1,1519.385,3.9
ch01_00000000140000000.mp4,133370,motorcycle,1,1520.785,9.7
ch01_00000000140000000.mp4,133229,motorcycle,1,1521.435,10.0
ch01_00000000140000000.mp4,133821,motorcycle,1,1521.435,32.7
ch01_00000000140000000.mp4,133633,car,2,1521.585,2.4
ch01_00000000140000000.mp4,133515,motorcycle,1,1522.485,8.0
ch01_00000000140000000.mp4,133955,motorcycle,1,1522.935,24.0
ch01_00000000140000000.mp4,133964,motorcycle,1,1523.335,14.4
ch01_00000000140000000.mp4,133892,motorcycle,1,1524.135,10.3
ch01_00000000140000000.mp4,133980,motorcycle,1,1525.085,11.3
ch01_00000000140000000.mp4,134051,motorcycle,1,1525.735,11.3
ch01_00000000140000000.mp4,134244,motorcycle,1,1526.835,18.9
ch01_00000000140000000.mp4,134166,car,2,1527.435,10.0
ch01_00000000140000000.mp4,133721,car,2,1527.435,4.0
ch01_00000000140000000.mp4,134294,motorcycle,1,1527.585,18.0
ch01_00000000140000000.mp4,134374,motorcycle,1,1528.435,16.4
ch01_00000000140000000.mp4,134380,motorcycle,1,1528.635,18.9
ch01_00000000140000000.mp4,134429,motorcycle,1,1529.135,16.4
ch01_00000000140000000.mp4,134491,motorcycle,1,1529.784,17.1
ch01_00000000140000000.mp4,134490,motorcycle,1,1529.985,16.4
ch01_00000000140000000.mp4,134542,motorcycle,1,1530.185,16.4
ch01_00000000140000000.mp4,134535,motorcycle,1,1530.334,20.0
ch01_00000000140000000.mp4,134563,motorcycle,1,1530.685,20.0
ch01_00000000140000000.mp4,133963,car,2,1531.484,7.3
ch01_00000000140000000.mp4,134639,motorcycle,1,1531.684,22.5
ch01_00000000140000000.mp4,134690,motorcycle,1,1531.684,22.5
ch01_00000000140000000.mp4,134745,motorcycle,1,1532.584,21.2
ch01_00000000140000000.mp4,134340,car,3,1533.834,9.2
ch01_00000000140000000.mp4,134895,motorcycle,1,1533.884,21.2
ch01_00000000140000000.mp4,134937,motorcycle,1,1534.284,24.0
ch01_00000000140000000.mp4,135044,motorcycle,1,1534.834,30.0
ch01_00000000140000000.mp4,135045,motorcycle,1,1535.234,24.0
ch01_00000000140000000.mp4,134882,car,2,1536.284,10.0
ch01_00000000140000000.mp4,135210,motorcycle,1,1536.484,22.5
ch01_00000000140000000.mp4,135297,motorcycle,1,1537.484,24.0
ch01_00000000140000000.mp4,135308,motorcycle,1,1537.634,14.4
ch01_00000000140000000.mp4,135374,motorcycle,1,1538.334,25.7
ch01_00000000140000000.mp4,135414,motorcycle,1,1538.784,22.5
ch01_00000000140000000.mp4,135432,motorcycle,1,1538.834,25.7
ch01_00000000140000000.mp4,135025,car,2,1538.834,11.3
ch01_00000000140000000.mp4,135364,motorcycle,1,1539.134,27.7
ch01_00000000140000000.mp4,135523,motorcycle,1,1539.684,27.7
ch01_00000000140000000.mp4,135522,motorcycle,1,1539.834,18.0
ch01_00000000140000000.mp4,135480,motorcycle,1,1540.634,15.7
ch01_00000000140000000.mp4,135646,motorcycle,1,1540.834,25.7
ch01_00000000140000000.mp4,135669,motorcycle,1,1540.934,27.7
ch01_00000000140000000.mp4,135724,motorcycle,1,1541.484,24.0
ch01_00000000140000000.mp4,135700,motorcycle,1,1541.534,17.1
ch01_00000000140000000.mp4,135647,car,2,1542.234,12.4
ch01_00000000140000000.mp4,135842,motorcycle,1,1542.984,27.7
ch01_00000000140000000.mp4,135920,motorcycle,1,1543.984,18.9
ch01_00000000140000000.mp4,135735,car,2,1543.984,11.6
ch01_00000000140000000.mp4,135959,motorcycle,1,1545.183,9.2
ch01_00000000140000000.mp4,136035,car,3,1545.483,16.4
ch01_00000000140000000.mp4,136102,motorcycle,1,1545.783,25.7
ch01_00000000140000000.mp4,136181,motorcycle,1,1546.633,25.7
ch01_00000000140000000.mp4,136207,motorcycle,1,1547.133,17.1
ch01_00000000140000000.mp4,136231,motorcycle,1,1547.183,27.7
ch01_00000000140000000.mp4,136317,motorcycle,1,1548.233,18.0
ch01_00000000140000000.mp4,136194,car,2,1548.533,4.3
ch01_00000000140000000.mp4,136303,motorcycle,1,1548.833,13.8
ch01_00000000140000000.mp4,136444,motorcycle,1,1549.383,24.0
ch01_00000000140000000.mp4,136389,truck,4,1550.183,10.6
ch01_00000000140000000.mp4,136353,motorcycle,1,1550.533,25.7
ch01_00000000140000000.mp4,136620,motorcycle,1,1550.683,32.7
ch01_00000000140000000.mp4,136690,motorcycle,1,1551.483,30.0
ch01_00000000140000000.mp4,136655,motorcycle,1,1551.933,32.7
ch01_00000000140000000.mp4,136713,motorcycle,1,1552.133,17.1
ch01_00000000140000000.mp4,136608,motorcycle,1,1552.533,24.0
ch01_00000000140000000.mp4,136581,car,3,1552.583,2.4
ch01_00000000140000000.mp4,136671,motorcycle,1,1552.783,25.7
ch01_00000000140000000.mp4,136896,motorcycle,1,1554.383,24.0
ch01_00000000140000000.mp4,136925,motorcycle,1,1554.783,20.0
ch01_00000000140000000.mp4,136929,motorcycle,1,1554.883,24.0
ch01_00000000140000000.mp4,136969,motorcycle,1,1554.983,30.0
ch01_00000000140000000.mp4,136528,motorcycle,1,1555.733,9.5
ch01_00000000140000000.mp4,136728,car,3,1556.233,2.3
ch01_00000000140000000.mp4,137030,motorcycle,1,1557.432,11.6
ch01_00000000140000000.mp4,137158,motorcycle,1,1557.532,16.4
ch01_00000000140000000.mp4,137130,motorcycle,1,1557.732,10.3
ch01_00000000140000000.mp4,137283,motorcycle,1,1558.382,17.1
ch01_00000000140000000.mp4,137345,motorcycle,1,1558.932,15.7
ch01_00000000140000000.mp4,137448,motorcycle,1,1559.882,20.0
ch01_00000000140000000.mp4,137174,car,2,1560.332,9.7
ch01_00000000140000000.mp4,137542,motorcycle,1,1561.082,20.0
ch01_00000000140000000.mp4,137513,motorcycle,1,1561.732,12.0
ch01_00000000140000000.mp4,137613,motorcycle,1,1562.382,15.7
ch01_00000000140000000.mp4,137270,car,2,1562.432,5.3
ch01_00000000140000000.mp4,137527,motorcycle,1,1562.632,10.3
ch01_00000000140000000.mp4,137596,motorcycle,1,1563.582,8.4
ch01_00000000140000000.mp4,137737,motorcycle,1,1563.682,17.1
ch01_00000000140000000.mp4,137835,motorcycle,1,1564.382,18.9
ch01_00000000140000000.mp4,137836,motorcycle,1,1564.682,17.1
ch01_00000000140000000.mp4,137905,motorcycle,1,1565.182,18.0
ch01_00000000140000000.mp4,137953,motorcycle,1,1565.632,18.0
ch01_00000000140000000.mp4,138022,motorcycle,1,1566.382,18.0
ch01_00000000140000000.mp4,138048,motorcycle,1,1566.382,16.4
ch01_00000000140000000.mp4,138072,motorcycle,1,1566.832,10.9
ch01_00000000140000000.mp4,138130,motorcycle,1,1567.482,20.0
ch01_00000000140000000.mp4,138236,motorcycle,1,1568.832,15.7
ch01_00000000140000000.mp4,138252,truck,6,1569.381,20.0
ch01_00000000140000000.mp4,138325,motorcycle,1,1569.982,20.0
ch01_00000000140000000.mp4,138354,motorcycle,1,1570.332,18.0
ch01_00000000140000000.mp4,138392,motorcycle,1,1570.681,18.0
ch01_00000000140000000.mp4,138429,motorcycle,1,1571.381,5.3
ch01_00000000140000000.mp4,138338,motorcycle,1,1571.431,22.5
ch01_00000000140000000.mp4,138520,motorcycle,1,1572.131,24.0
ch01_00000000140000000.mp4,138561,motorcycle,1,1572.631,25.7
ch01_00000000140000000.mp4,138627,motorcycle,1,1573.481,22.5
ch01_00000000140000000.mp4,138689,motorcycle,1,1573.881,25.7
ch01_00000000140000000.mp4,138796,motorcycle,1,1575.231,22.5
ch01_00000000140000000.mp4,138816,motorcycle,1,1575.431,24.0
ch01_00000000140000000.mp4,138885,car,2,1576.731,21.2
ch01_00000000140000000.mp4,138920,motorcycle,1,1576.781,24.0
ch01_00000000140000000.mp4,139068,motorcycle,1,1578.381,13.8
ch01_00000000140000000.mp4,139185,motorcycle,1,1579.581,10.6
ch01_00000000140000000.mp4,139285,motorcycle,1,1580.381,12.4
ch01_00000000140000000.mp4,139274,motorcycle,1,1581.181,22.5
ch01_00000000140000000.mp4,139424,motorcycle,1,1582.73,15.7
ch01_00000000140000000.mp4,139536,motorcycle,1,1583.781,25.7
ch01_00000000140000000.mp4,139600,motorcycle,1,1584.58,25.7
ch01_00000000140000000.mp4,139630,motorcycle,1,1585.13,8.2
ch01_00000000140000000.mp4,139637,motorcycle,1,1585.33,22.5
ch01_00000000140000000.mp4,139560,motorcycle,1,1585.73,6.8
ch01_00000000140000000.mp4,139779,car,2,1587.38,18.0
ch01_00000000140000000.mp4,139856,motorcycle,1,1588.33,21.2
ch01_00000000140000000.mp4,139984,motorcycle,1,1590.78,6.1
ch01_00000000140000000.mp4,140043,truck,6,1591.43,16.4
ch01_00000000140000000.mp4,140115,motorcycle,1,1591.78,18.9
ch01_00000000140000000.mp4,140207,motorcycle,1,1592.93,15.7
ch01_00000000140000000.mp4,140203,car,2,1593.33,17.1
ch01_00000000140000000.mp4,140277,motorcycle,1,1594.78,2.6
ch01_00000000140000000.mp4,140353,car,2,1594.88,18.0
ch01_00000000140000000.mp4,139951,car,2,1596.53,7.5
ch01_00000000140000000.mp4,140415,motorcycle,1,1597.729,10.6
ch01_00000000140000000.mp4,140721,motorcycle,1,1599.929,13.8
ch01_00000000140000000.mp4,140670,car,2,1600.229,8.4
ch01_00000000140000000.mp4,140726,motorcycle,1,1600.279,13.8
ch01_00000000140000000.mp4,140697,motorcycle,1,1600.829,12.0
ch01_00000000140000000.mp4,140790,motorcycle,1,1600.979,11.3
ch01_00000000140000000.mp4,140832,motorcycle,1,1601.629,12.9
ch01_00000000140000000.mp4,140906,motorcycle,1,1602.379,13.8
ch01_00000000140000000.mp4,140962,motorcycle,1,1602.779,13.8
ch01_00000000140000000.mp4,140963,motorcycle,1,1604.129,14.4
ch01_00000000140000000.mp4,141129,motorcycle,1,1604.579,14.4
ch01_00000000140000000.mp4,141204,motorcycle,1,1605.229,14.4
ch01_00000000140000000.mp4,140861,car,2,1605.479,8.6
ch01_00000000140000000.mp4,141406,motorcycle,1,1607.229,18.9
ch01_00000000140000000.mp4,141436,motorcycle,1,1607.579,20.0
ch01_00000000140000000.mp4,141478,motorcycle,1,1607.629,4.6
ch01_00000000140000000.mp4,141321,car,2,1607.829,9.7
ch01_00000000140000000.mp4,141543,car,2,1610.079,12.0
ch01_00000000140000000.mp4,141685,motorcycle,1,1610.478,5.6
ch01_00000000140000000.mp4,141786,car,2,1611.228,10.9
ch01_00000000140000000.mp4,141911,motorcycle,1,1612.778,9.0
ch01_00000000140000000.mp4,141953,truck,6,1613.378,10.3
ch01_00000000140000000.mp4,142172,car,2,1614.978,17.1
ch01_00000000140000000.mp4,142136,motorcycle,1,1615.328,5.1
ch01_00000000140000000.mp4,142233,motorcycle,1,1615.378,13.3
ch01_00000000140000000.mp4,142346,motorcycle,1,1616.178,10.9
ch01_00000000140000000.mp4,142382,motorcycle,1,1617.328,10.3
ch01_00000000140000000.mp4,142344,car,2,1617.678,10.3
ch01_00000000140000000.mp4,142612,car,2,1619.328,12.0
ch01_00000000140000000.mp4,142806,car,2,1620.578,12.9
ch01_00000000140000000.mp4,142647,motorcycle,1,1621.278,7.2
ch01_00000000140000000.mp4,142876,motorcycle,1,1621.428,14.4
ch01_00000000140000000.mp4,142995,motorcycle,1,1622.878,14.4
ch01_00000000140000000.mp4,142942,car,2,1623.128,9.7
ch01_00000000140000000.mp4,142886,truck,7,1624.027,15.7
ch01_00000000140000000.mp4,143351,motorcycle,1,1626.927,17.1
ch01_00000000140000000.mp4,143375,truck,4,1627.877,12.0
ch01_00000000140000000.mp4,143483,motorcycle,1,1628.377,15.7
ch01_00000000140000000.mp4,143481,motorcycle,1,1629.127,18.0
ch01_00000000140000000.mp4,143398,motorcycle,1,1629.177,5.1
ch01_00000000140000000.mp4,143568,motorcycle,1,1629.277,15.7
ch01_00000000140000000.mp4,143567,motorcycle,1,1629.377,15.7
ch01_00000000140000000.mp4,143607,motorcycle,1,1629.727,6.9
ch01_00000000140000000.mp4,143530,motorcycle,1,1629.977,18.9
ch01_00000000140000000.mp4,143752,car,3,1631.927,12.9
ch01_00000000140000000.mp4,143823,car,2,1632.577,16.4
ch01_00000000140000000.mp4,143889,motorcycle,1,1632.977,17.1
ch01_00000000140000000.mp4,143983,car,3,1634.327,15.0
ch01_00000000140000000.mp4,144037,motorcycle,1,1634.577,12.9
ch01_00000000140000000.mp4,144090,motorcycle,1,1635.127,14.4
ch01_00000000140000000.mp4,144102,motorcycle,1,1635.377,17.1
ch01_00000000140000000.mp4,144229,motorcycle,1,1636.377,18.0
ch01_00000000140000000.mp4,143874,motorcycle,1,1636.776,9.2
ch01_00000000140000000.mp4,144312,motorcycle,1,1637.226,18.0
ch01_00000000140000000.mp4,143954,motorcycle,1,1637.976,11.6
ch01_00000000140000000.mp4,144375,motorcycle,1,1638.726,11.6
ch01_00000000140000000.mp4,144448,motorcycle,1,1639.226,10.3
ch01_00000000140000000.mp4,144610,truck,4,1641.626,12.9
ch01_00000000140000000.mp4,144790,motorcycle,1,1642.776,15.7
ch01_00000000140000000.mp4,144763,truck,4,1643.626,10.6
ch01_00000000140000000.mp4,144904,car,3,1644.226,13.8
ch01_00000000140000000.mp4,144926,motorcycle,1,1645.126,12.9
ch01_00000000140000000.mp4,145001,motorcycle,1,1645.626,12.9
ch01_00000000140000000.mp4,144762,motorcycle,1,1645.676,4.0
ch01_00000000140000000.mp4,145196,motorcycle,1,1646.976,15.0
ch01_00000000140000000.mp4,145140,motorcycle,1,1647.326,15.0
ch01_00000000140000000.mp4,145195,car,2,1647.926,12.4
ch01_00000000140000000.mp4,145577,car,2,1651.075,13.3
ch01_00000000140000000.mp4,145641,motorcycle,1,1652.075,13.3
ch01_00000000140000000.mp4,145610,truck,7,1652.325,14.4
ch01_00000000140000000.mp4,145728,motorcycle,1,1653.125,15.0
ch01_00000000140000000.mp4,145798,motorcycle,1,1653.325,15.0
ch01_00000000140000000.mp4,145793,motorcycle,1,1653.725,13.8
ch01_00000000140000000.mp4,145914,motorcycle,1,1654.425,15.0
ch01_00000000140000000.mp4,145933,motorcycle,1,1654.675,13.8
ch01_00000000140000000.mp4,145891,car,2,1655.025,12.9
ch01_00000000140000000.mp4,145955,car,2,1655.175,10.0
ch01_00000000140000000.mp4,145996,motorcycle,1,1655.425,12.0
ch01_00000000140000000.mp4,146080,motorcycle,1,1656.225,12.9
ch01_00000000140000000.mp4,146094,motorcycle,1,1656.425,15.0
ch01_00000000140000000.mp4,146109,motorcycle,1,1656.675,15.7
ch01_00000000140000000.mp4,146133,car,2,1657.325,15.0
ch01_00000000140000000.mp4,146189,motorcycle,1,1657.475,16.4
ch01_00000000140000000.mp4,146237,motorcycle,1,1658.075,15.0
ch01_00000000140000000.mp4,146305,motorcycle,1,1658.725,18.0
ch01_00000000140000000.mp4,146256,truck,6,1659.625,13.8
ch01_00000000140000000.mp4,146605,motorcycle,1,1661.075,13.8
ch01_00000000140000000.mp4,146552,car,2,1661.225,13.8
ch01_00000000140000000.mp4,146579,car,2,1662.175,11.6
ch01_00000000140000000.mp4,146758,motorcycle,1,1662.975,14.4
ch01_00000000140000000.mp4,146835,motorcycle,1,1664.974,12.0
ch01_00000000140000000.mp4,146917,car,2,1666.324,6.4
ch01_00000000140000000.mp4,147106,motorcycle,1,1667.224,10.6
ch01_00000000140000000.mp4,147088,motorcycle,1,1667.524,7.7
ch01_00000000140000000.mp4,147104,car,2,1669.124,6.2
ch01_00000000140000000.mp4,147347,motorcycle,1,1669.524,16.4
ch01_00000000140000000.mp4,147474,motorcycle,1,1670.474,10.0
ch01_00000000140000000.mp4,147348,car,2,1671.374,6.4
ch01_00000000140000000.mp4,147833,car,2,1675.074,16.4
ch01_00000000140000000.mp4,148016,motorcycle,1,1676.024,17.1
ch01_00000000140000000.mp4,147867,car,2,1676.323,17.1
ch01_00000000140000000.mp4,148131,motorcycle,1,1678.073,18.0
ch01_00000000140000000.mp4,148176,motorcycle,1,1678.773,16.4
ch01_00000000140000000.mp4,148296,motorcycle,1,1679.823,8.0
ch01_00000000140000000.mp4,148275,motorcycle,1,1680.123,17.1
ch01_00000000140000000.mp4,148432,motorcycle,1,1682.323,3.3
ch01_00000000140000000.mp4,148616,motorcycle,1,1683.523,15.7
ch01_00000000140000000.mp4,148508,motorcycle,1,1683.973,4.3
ch01_00000000140000000.mp4,148683,car,2,1684.523,21.2
ch01_00000000140000000.mp4,148846,motorcycle,1,1686.173,17.1
ch01_00000000140000000.mp4,148708,car,2,1688.223,8.8
ch01_00000000140000000.mp4,148995,motorcycle,1,1689.273,11.3
ch01_00000000140000000.mp4,149269,motorcycle,1,1690.222,17.1
ch01_00000000140000000.mp4,149310,motorcycle,1,1691.522,15.7
ch01_00000000140000000.mp4,149360,motorcycle,1,1691.822,15.0
ch01_00000000140000000.mp4,149496,motorcycle,1,1692.822,24.0
ch01_00000000140000000.mp4,149477,motorcycle,1,1693.172,24.0
ch01_00000000140000000.mp4,149471,motorcycle,1,1693.522,6.4
ch01_00000000140000000.mp4,149677,motorcycle,1,1695.222,20.0
ch01_00000000140000000.mp4,149787,motorcycle,1,1695.422,24.0
ch01_00000000140000000.mp4,150095,motorcycle,1,1700.022,27.7
ch01_00000000140000000.mp4,150327,motorcycle,1,1702.121,18.0
ch01_00000000140000000.mp4,150188,car,2,1702.371,21.2
ch01_00000000140000000.mp4,150381,car,2,1703.721,7.1
ch01_00000000140000000.mp4,150397,motorcycle,1,1704.071,21.2
ch01_00000000140000000.mp4,150553,motorcycle,1,1704.971,18.9
ch01_00000000140000000.mp4,150783,motorcycle,1,1707.371,7.7
ch01_00000000140000000.mp4,150899,motorcycle,1,1707.821,24.0
ch01_00000000140000000.mp4,150796,motorcycle,1,1709.121,11.3
ch01_00000000140000000.mp4,150963,motorcycle,1,1710.021,9.2
ch01_00000000140000000.mp4,150845,motorcycle,1,1710.071,10.6
ch01_00000000140000000.mp4,151009,motorcycle,1,1710.921,8.4
ch01_00000000140000000.mp4,151058,car,2,1712.871,12.9
ch01_00000000140000000.mp4,151177,car,2,1714.321,13.8
ch01_00000000140000000.mp4,151608,motorcycle,1,1716.271,27.7
ch01_00000000140000000.mp4,151383,truck,4,1716.321,17.1
ch01_00000000140000000.mp4,151609,car,2,1716.77,20.0
ch01_00000000140000000.mp4,151649,motorcycle,1,1717.42,15.7
ch01_00000000140000000.mp4,151801,motorcycle,1,1718.02,16.4
ch01_00000000140000000.mp4,151877,motorcycle,1,1721.52,10.9
ch01_00000000140000000.mp4,151711,car,3,1721.82,9.0
ch01_00000000140000000.mp4,152035,motorcycle,1,1722.62,12.4
ch01_00000000140000000.mp4,152177,motorcycle,1,1722.77,6.8
ch01_00000000140000000.mp4,152182,motorcycle,1,1722.92,10.9
ch01_00000000140000000.mp4,152369,motorcycle,1,1723.97,13.3
ch01_00000000140000000.mp4,152483,motorcycle,1,1725.22,14.4
ch01_00000000140000000.mp4,152487,motorcycle,1,1725.52,12.0
ch01_00000000140000000.mp4,152627,motorcycle,1,1726.57,13.8
ch01_00000000140000000.mp4,152733,motorcycle,1,1729.12,12.9
ch01_00000000140000000.mp4,152805,motorcycle,1,1729.37,6.9
ch01_00000000140000000.mp4,152949,motorcycle,1,1730.769,21.2
ch01_00000000140000000.mp4,152950,motorcycle,1,1731.219,20.0
ch01_00000000140000000.mp4,153096,motorcycle,1,1731.869,12.9
ch01_00000000140000000.mp4,153216,motorcycle,1,1733.969,18.9
ch01_00000000140000000.mp4,153187,motorcycle,1,1735.169,11.3
ch01_00000000140000000.mp4,153473,motorcycle,1,1735.769,12.0
ch01_00000000140000000.mp4,153600,motorcycle,1,1736.569,22.5
ch01_00000000140000000.mp4,153629,motorcycle,1,1736.919,21.2
ch01_00000000140000000.mp4,153583,motorcycle,1,1737.569,10.9
ch01_00000000140000000.mp4,153900,motorcycle,1,1739.569,21.2
ch01_00000000140000000.mp4,153918,motorcycle,1,1739.769,20.0
ch01_00000000140000000.mp4,153674,car,2,1739.869,6.3
ch01_00000000140000000.mp4,154008,motorcycle,1,1740.569,20.0
ch01_00000000140000000.mp4,154071,motorcycle,1,1741.319,9.0
ch01_00000000140000000.mp4,154107,motorcycle,1,1741.668,27.7
ch01_00000000140000000.mp4,154132,motorcycle,1,1741.918,20.0
ch01_00000000140000000.mp4,154084,motorcycle,1,1741.968,8.0
ch01_00000000140000000.mp4,154137,motorcycle,1,1742.119,24.0
ch01_00000000140000000.mp4,154207,motorcycle,1,1742.619,13.3
ch01_00000000140000000.mp4,154277,motorcycle,1,1743.768,7.3
ch01_00000000140000000.mp4,154142,car,2,1745.218,5.9
ch01_00000000140000000.mp4,154475,motorcycle,1,1745.318,30.0
ch01_00000000140000000.mp4,154418,motorcycle,1,1746.218,12.0
ch01_00000000140000000.mp4,154615,motorcycle,1,1746.968,24.0
ch01_00000000140000000.mp4,154647,motorcycle,1,1747.168,27.7
ch01_00000000140000000.mp4,154665,motorcycle,1,1747.218,30.0
ch01_00000000140000000.mp4,154717,motorcycle,1,1747.918,22.5
ch01_00000000140000000.mp4,154718,motorcycle,1,1748.068,25.7
ch01_00000000140000000.mp4,154822,motorcycle,1,1749.168,24.0
ch01_00000000140000000.mp4,154841,motorcycle,1,1749.318,30.0
ch01_00000000140000000.mp4,154868,motorcycle,1,1749.768,32.7
ch01_00000000140000000.mp4,154892,motorcycle,1,1749.968,25.7
ch01_00000000140000000.mp4,154967,motorcycle,1,1750.668,30.0
ch01_00000000140000000.mp4,154946,motorcycle,1,1750.818,20.0
ch01_00000000140000000.mp4,154983,motorcycle,1,1750.968,21.2
ch01_00000000140000000.mp4,154788,car,3,1751.468,12.0
ch01_00000000140000000.mp4,155042,motorcycle,1,1751.668,24.0
ch01_00000000140000000.mp4,155059,motorcycle,1,1751.668,21.2
ch01_00000000140000000.mp4,155086,motorcycle,1,1752.168,24.0
ch01_00000000140000000.mp4,155153,motorcycle,1,1752.868,24.0
ch01_00000000140000000.mp4,155152,motorcycle,1,1752.968,22.5
ch01_00000000140000000.mp4,155117,motorcycle,1,1753.418,9.2
ch01_00000000140000000.mp4,155225,motorcycle,1,1753.718,30.0
ch01_00000000140000000.mp4,155231,motorcycle,1,1753.818,21.2
ch01_00000000140000000.mp4,155272,motorcycle,1,1754.118,25.7
ch01_00000000140000000.mp4,155232,motorcycle,1,1754.168,5.7
ch01_00000000140000000.mp4,155405,motorcycle,1,1755.368,27.7
ch01_00000000140000000.mp4,155406,motorcycle,1,1755.568,21.2
ch01_00000000140000000.mp4,155446,motorcycle,1,1756.168,25.7
ch01_00000000140000000.mp4,155496,motorcycle,1,1756.617,25.7
ch01_00000000140000000.mp4,155528,motorcycle,1,1757.017,27.7
ch01_00000000140000000.mp4,155595,motorcycle,1,1757.567,25.7
ch01_00000000140000000.mp4,155607,motorcycle,1,1757.717,30.0
ch01_00000000140000000.mp4,155645,motorcycle,1,1758.367,25.7
ch01_00000000140000000.mp4,155666,motorcycle,1,1758.617,22.5
ch01_00000000140000000.mp4,155661,motorcycle,1,1758.717,10.9
ch01_00000000140000000.mp4,155719,motorcycle,1,1758.917,27.7
ch01_00000000140000000.mp4,155690,motorcycle,1,1759.067,9.2
ch01_00000000140000000.mp4,155695,car,2,1759.267,27.7
ch01_00000000140000000.mp4,155781,motorcycle,1,1759.617,24.0
ch01_00000000140000000.mp4,155822,motorcycle,1,1759.967,22.5
ch01_00000000140000000.mp4,155857,motorcycle,1,1760.417,18.9
ch01_00000000140000000.mp4,155823,motorcycle,1,1760.517,8.2
ch01_00000000140000000.mp4,155890,motorcycle,1,1760.767,22.5
ch01_00000000140000000.mp4,155910,motorcycle,1,1761.217,6.7
ch01_00000000140000000.mp4,155979,motorcycle,1,1761.667,24.0
ch01_00000000140000000.mp4,156051,motorcycle,1,1762.417,21.2
ch01_00000000140000000.mp4,156096,motorcycle,1,1762.867,22.5
ch01_00000000140000000.mp4,156217,motorcycle,1,1763.917,24.0
ch01_00000000140000000.mp4,156307,motorcycle,1,1764.717,27.7
ch01_00000000140000000.mp4,156323,motorcycle,1,1764.717,21.2
ch01_00000000140000000.mp4,156354,motorcycle,1,1765.367,22.5
ch01_00000000140000000.mp4,156476,motorcycle,1,1766.517,22.5
ch01_00000000140000000.mp4,156527,motorcycle,1,1766.967,10.9
ch01_00000000140000000.mp4,156581,motorcycle,1,1767.717,22.5
ch01_00000000140000000.mp4,156598,motorcycle,1,1767.867,6.5
ch01_00000000140000000.mp4,156587,motorcycle,1,1768.716,17.1
ch01_00000000140000000.mp4,156746,motorcycle,1,1769.716,17.1
ch01_00000000140000000.mp4,156678,car,2,1770.416,13.3
ch01_00000000140000000.mp4,156892,motorcycle,1,1772.316,4.6
ch01_00000000140000000.mp4,157067,motorcycle,1,1773.566,5.1
ch01_00000000140000000.mp4,157085,motorcycle,1,1774.166,3.7
ch01_00000000140000000.mp4,157091,motorcycle,1,1775.716,12.4
ch01_00000000140000000.mp4,157365,motorcycle,1,1776.666,30.0
ch01_00000000140000000.mp4,157111,car,3,1776.716,4.1
ch01_00000000140000000.mp4,157211,motorcycle,1,1777.116,3.8
ch01_00000000140000000.mp4,157550,motorcycle,1,1778.466,21.2
ch01_00000000140000000.mp4,157516,motorcycle,1,1778.766,25.7
ch01_00000000140000000.mp4,157603,motorcycle,1,1779.366,15.7
ch01_00000000140000000.mp4,157627,motorcycle,1,1779.716,17.1
ch01_00000000140000000.mp4,157713,truck,4,1781.166,14.4
ch01_00000000140000000.mp4,157816,motorcycle,1,1781.966,14.4
ch01_00000000140000000.mp4,157894,motorcycle,1,1783.065,15.0
ch01_00000000140000000.mp4,157760,car,2,1784.315,8.2
ch01_00000000140000000.mp4,158020,motorcycle,1,1784.365,17.1
ch01_00000000140000000.mp4,158059,motorcycle,1,1785.015,15.0
ch01_00000000140000000.mp4,157941,motorcycle,1,1785.215,10.0
ch01_00000000140000000.mp4,158089,motorcycle,1,1785.465,15.7
ch01_00000000140000000.mp4,158117,motorcycle,1,1786.165,10.9
ch01_00000000140000000.mp4,158215,motorcycle,1,1787.115,14.4
ch01_00000000140000000.mp4,158221,motorcycle,1,1787.215,13.8
ch01_00000000140000000.mp4,158273,motorcycle,1,1787.865,11.6
ch01_00000000140000000.mp4,158161,car,2,1787.915,9.2
ch01_00000000140000000.mp4,158266,motorcycle,1,1787.915,15.7
ch01_00000000140000000.mp4,158318,motorcycle,1,1788.565,11.6
ch01_00000000140000000.mp4,158500,motorcycle,1,1790.165,13.3
ch01_00000000140000000.mp4,158511,motorcycle,1,1790.565,17.1
ch01_00000000140000000.mp4,158544,truck,6,1792.115,12.0
ch01_00000000140000000.mp4,158674,motorcycle,1,1792.515,15.7
ch01_00000000140000000.mp4,158713,car,2,1793.815,12.0
ch01_00000000140000000.mp4,158768,motorcycle,1,1793.965,18.9
ch01_00000000140000000.mp4,158783,car,2,1795.364,2.7
ch01_00000000140000000.mp4,158861,motorcycle,1,1795.465,20.0
ch01_00000000140000000.mp4,158942,motorcycle,1,1796.564,18.9
ch01_00000000140000000.mp4,158941,car,2,1797.064,15.0
ch01_00000000140000000.mp4,158827,motorcycle,1,1797.514,4.3
ch01_00000000140000000.mp4,159034,motorcycle,1,1797.864,18.9
ch01_00000000140000000.mp4,159077,motorcycle,1,1798.364,17.1
ch01_00000000140000000.mp4,159153,motorcycle,1,1799.414,18.0
ch01_00000000140000000.mp4,159160,motorcycle,1,1799.564,11.6
ch01_00000000140000000.mp4,159384,car,2,1801.864,6.1
ch01_00000000140000000.mp4,159375,motorcycle,1,1802.014,18.0
ch01_00000000140000000.mp4,159443,motorcycle,1,1802.914,18.0
ch01_00000000140000000.mp4,159396,car,2,1803.314,13.3
ch01_00000000140000000.mp4,159460,motorcycle,1,1803.914,7.3
ch01_00000000140000000.mp4,159511,car,2,1804.314,15.0
ch01_00000000140000000.mp4,159651,truck,4,1806.164,12.0
ch01_00000000140000000.mp4,159719,motorcycle,1,1806.214,15.7
ch01_00000000140000000.mp4,159600,car,2,1807.114,22.5
ch01_00000000140000000.mp4,159799,motorcycle,1,1807.164,15.7
ch01_00000000140000000.mp4,159830,motorcycle,1,1807.564,13.8
ch01_00000000140000000.mp4,159901,motorcycle,1,1808.313,12.4
ch01_00000000140000000.mp4,159972,motorcycle,1,1809.063,25.7
ch01_00000000140000000.mp4,159939,truck,6,1809.164,9.7
ch01_00000000140000000.mp4,159961,car,2,1809.213,11.6
ch01_00000000140000000.mp4,160046,motorcycle,1,1809.563,20.0
ch01_00000000140000000.mp4,160114,motorcycle,1,1810.013,17.1
ch01_00000000140000000.mp4,160082,motorcycle,1,1810.113,20.0
ch01_00000000140000000.mp4,160167,car,2,1811.163,13.8
ch01_00000000140000000.mp4,160183,motorcycle,1,1811.263,15.7
ch01_00000000140000000.mp4,160182,motorcycle,1,1811.363,17.1
ch01_00000000140000000.mp4,160273,motorcycle,1,1812.163,17.1
ch01_00000000140000000.mp4,160286,motorcycle,1,1812.363,18.0
ch01_00000000140000000.mp4,160296,car,2,1812.813,15.7
ch01_00000000140000000.mp4,160354,motorcycle,1,1813.313,17.1
ch01_00000000140000000.mp4,160365,motorcycle,1,1813.363,13.3
ch01_00000000140000000.mp4,160412,motorcycle,1,1813.913,16.4
ch01_00000000140000000.mp4,160461,motorcycle,1,1814.613,18.9
ch01_00000000140000000.mp4,160479,motorcycle,1,1814.763,18.0
ch01_00000000140000000.mp4,160582,motorcycle,1,1816.163,21.2
ch01_00000000140000000.mp4,160626,car,2,1817.063,13.8
ch01_00000000140000000.mp4,160534,motorcycle,1,1817.613,10.6
ch01_00000000140000000.mp4,160828,motorcycle,1,1819.113,18.0
ch01_00000000140000000.mp4,160830,motorcycle,1,1819.113,8.2
ch01_00000000140000000.mp4,160661,motorcycle,1,1819.163,8.8
ch01_00000000140000000.mp4,160886,motorcycle,1,1819.813,15.7
ch01_00000000140000000.mp4,160948,motorcycle,1,1820.713,15.0
ch01_00000000140000000.mp4,161008,truck,4,1822.312,12.9
ch01_00000000140000000.mp4,161081,motorcycle,1,1822.912,14.4
ch01_00000000140000000.mp4,160964,car,3,1823.562,4.1
ch01_00000000140000000.mp4,161227,motorcycle,1,1824.762,18.9
ch01_00000000140000000.mp4,161330,motorcycle,1,1825.762,18.9
ch01_00000000140000000.mp4,161153,truck,4,1825.862,6.7
ch01_00000000140000000.mp4,161312,motorcycle,1,1826.612,9.7
ch01_00000000140000000.mp4,161416,motorcycle,1,1827.062,12.0
ch01_00000000140000000.mp4,161438,motorcycle,1,1827.462,13.8
ch01_00000000140000000.mp4,161506,motorcycle,1,1828.462,12.9
ch01_00000000140000000.mp4,161499,car,2,1829.312,9.5
ch01_00000000140000000.mp4,161665,car,2,1830.562,7.2
ch01_00000000140000000.mp4,161714,motorcycle,1,1831.362,20.0
ch01_00000000140000000.mp4,161740,motorcycle,1,1831.712,14.4
ch01_00000000140000000.mp4,161750,motorcycle,1,1831.812,18.0
ch01_00000000140000000.mp4,161747,motorcycle,1,1831.912,16.4
ch01_00000000140000000.mp4,161824,motorcycle,1,1832.812,17.1
ch01_00000000140000000.mp4,161883,motorcycle,1,1833.612,10.9
ch01_00000000140000000.mp4,161905,motorcycle,1,1834.062,16.4
ch01_00000000140000000.mp4,161957,motorcycle,1,1834.911,18.0
ch01_00000000140000000.mp4,162030,motorcycle,1,1835.562,12.0
ch01_00000000140000000.mp4,161952,car,2,1836.561,12.4
ch01_00000000140000000.mp4,162129,car,2,1837.761,17.1
ch01_00000000140000000.mp4,162171,motorcycle,1,1838.211,18.0
ch01_00000000140000000.mp4,162207,motorcycle,1,1838.761,17.1
ch01_00000000140000000.mp4,162223,motorcycle,1,1838.911,18.0
ch01_00000000140000000.mp4,162249,motorcycle,1,1839.261,18.0
ch01_00000000140000000.mp4,162288,motorcycle,1,1839.311,17.1
ch01_00000000140000000.mp4,162315,car,3,1840.711,9.0
ch01_00000000140000000.mp4,162399,motorcycle,1,1841.361,15.0
ch01_00000000140000000.mp4,162507,motorcycle,1,1842.611,15.0
ch01_00000000140000000.mp4,162462,truck,7,1843.161,14.4
ch01_00000000140000000.mp4,162620,motorcycle,1,1843.561,11.6
ch01_00000000140000000.mp4,162651,motorcycle,1,1844.061,13.3
ch01_00000000140000000.mp4,162619,car,2,1844.111,11.6
ch01_00000000140000000.mp4,162676,motorcycle,1,1844.611,12.9
ch01_00000000140000000.mp4,162763,motorcycle,1,1845.411,13.8
ch01_00000000140000000.mp4,162791,truck,4,1846.161,12.0
ch01_00000000140000000.mp4,162901,car,2,1847.561,12.4
ch01_00000000140000000.mp4,162967,car,2,1848.261,13.3
ch01_00000000140000000.mp4,163015,motorcycle,1,1848.511,12.9
ch01_00000000140000000.mp4,163159,car,2,1850.11,11.6
ch01_00000000140000000.mp4,163188,car,2,1850.11,5.4
ch01_00000000140000000.mp4,163197,car,3,1851.81,12.0
ch01_00000000140000000.mp4,163333,motorcycle,1,1852.21,9.5
ch01_00000000140000000.mp4,163442,motorcycle,1,1853.06,17.1
ch01_00000000140000000.mp4,163415,motorcycle,1,1853.21,11.6
ch01_00000000140000000.mp4,163831,car,2,1858.36,12.0
ch01_00000000140000000.mp4,163974,motorcycle,1,1859.76,4.3
ch01_00000000140000000.mp4,164022,car,2,1860.01,10.9
ch01_00000000140000000.mp4,164060,motorcycle,1,1861.209,9.0
ch01_00000000140000000.mp4,164116,motorcycle,1,1861.959,10.0
ch01_00000000140000000.mp4,164335,motorcycle,1,1862.709,25.7
ch01_00000000140000000.mp4,164241,car,2,1863.959,9.7
ch01_00000000140000000.mp4,164591,truck,4,1865.959,11.6
ch01_00000000140000000.mp4,164472,car,2,1867.159,7.3
ch01_00000000140000000.mp4,164894,motorcycle,1,1868.859,18.0
ch01_00000000140000000.mp4,164668,car,2,1869.009,5.6
ch01_00000000140000000.mp4,165028,car,3,1871.009,15.0
ch01_00000000140000000.mp4,165118,motorcycle,1,1871.159,17.1
ch01_00000000140000000.mp4,165174,motorcycle,1,1871.909,15.0
ch01_00000000140000000.mp4,165033,motorcycle,1,1872.109,16.4
ch01_00000000140000000.mp4,165312,motorcycle,1,1873.459,8.2
ch01_00000000140000000.mp4,165311,car,3,1873.559,12.0
ch01_00000000140000000.mp4,165479,motorcycle,1,1874.559,12.0
ch01_00000000140000000.mp4,165466,motorcycle,1,1874.609,16.4
ch01_00000000140000000.mp4,165506,motorcycle,1,1875.109,5.6
ch01_00000000140000000.mp4,165635,car,2,1878.158,7.5
ch01_00000000140000000.mp4,165691,car,2,1878.458,8.0
ch01_00000000140000000.mp4,165861,motorcycle,1,1879.108,18.0
ch01_00000000140000000.mp4,165842,motorcycle,1,1879.858,13.3
ch01_00000000140000000.mp4,165968,car,2,1882.408,11.6
ch01_00000000140000000.mp4,166259,car,2,1884.158,16.4
ch01_00000000140000000.mp4,166339,motorcycle,1,1884.558,21.2
ch01_00000000140000000.mp4,166402,motorcycle,1,1885.458,20.0
ch01_00000000140000000.mp4,166580,motorcycle,1,1887.757,30.0
ch01_00000000140000000.mp4,166628,car,2,1888.608,22.5
ch01_00000000140000000.mp4,166755,motorcycle,1,1889.557,32.7
ch01_00000000140000000.mp4,166668,car,2,1889.607,25.7
ch01_00000000140000000.mp4,166840,motorcycle,1,1890.857,20.0
ch01_00000000140000000.mp4,166928,motorcycle,1,1891.757,24.0
ch01_00000000140000000.mp4,166936,motorcycle,1,1892.107,27.7
ch01_00000000140000000.mp4,167003,motorcycle,1,1892.857,30.0
ch01_00000000140000000.mp4,167023,truck,4,1893.607,24.0
ch01_00000000140000000.mp4,167117,motorcycle,1,1894.407,24.0
ch01_00000000140000000.mp4,167216,motorcycle,1,1895.707,16.4
ch01_00000000140000000.mp4,167253,motorcycle,1,1896.007,18.9
ch01_00000000140000000.mp4,167260,motorcycle,1,1896.007,16.4
ch01_00000000140000000.mp4,167313,motorcycle,1,1896.607,20.0
ch01_00000000140000000.mp4,167437,motorcycle,1,1897.907,8.4
ch01_00000000140000000.mp4,167380,motorcycle,1,1899.157,10.9
ch01_00000000140000000.mp4,167515,motorcycle,1,1899.857,11.6
ch01_00000000140000000.mp4,167781,motorcycle,1,1901.707,24.0
ch01_00000000140000000.mp4,167761,car,2,1901.956,20.0
ch01_00000000140000000.mp4,167863,motorcycle,1,1903.056,21.2
ch01_00000000140000000.mp4,167959,motorcycle,1,1905.306,15.7
ch01_00000000140000000.mp4,168201,motorcycle,1,1906.956,13.8
ch01_00000000140000000.mp4,168253,car,2,1907.506,27.7
ch01_00000000140000000.mp4,168276,motorcycle,1,1907.906,8.8
ch01_00000000140000000.mp4,168325,motorcycle,1,1908.506,27.7
ch01_00000000140000000.mp4,168379,car,3,1910.156,15.0
ch01_00000000140000000.mp4,168485,motorcycle,1,1910.656,10.3
ch01_00000000140000000.mp4,168519,motorcycle,1,1911.356,30.0
ch01_00000000140000000.mp4,168616,motorcycle,1,1912.806,18.0
ch01_00000000140000000.mp4,168775,motorcycle,1,1914.505,27.7
ch01_00000000140000000.mp4,168756,motorcycle,1,1914.805,27.7
ch01_00000000140000000.mp4,168845,motorcycle,1,1915.655,22.5
ch01_00000000140000000.mp4,168875,motorcycle,1,1916.155,8.4
ch01_00000000140000000.mp4,168942,motorcycle,1,1917.005,13.8
ch01_00000000140000000.mp4,169119,motorcycle,1,1918.605,24.0
ch01_00000000140000000.mp4,169428,motorcycle,1,1921.955,9.0
ch01_00000000140000000.mp4,169354,motorcycle,1,1922.255,13.3
ch01_00000000140000000.mp4,169532,motorcycle,1,1924.005,9.5
ch01_00000000140000000.mp4,169642,motorcycle,1,1924.205,13.8
ch01_00000000140000000.mp4,169623,motorcycle,1,1924.405,5.5
ch01_00000000140000000.mp4,169589,motorcycle,1,1924.755,18.0
ch01_00000000140000000.mp4,169662,motorcycle,1,1925.405,10.9
ch01_00000000140000000.mp4,169694,car,3,1928.804,10.0
ch01_00000000140000000.mp4,170028,motorcycle,1,1929.004,18.9
ch01_00000000140000000.mp4,170083,motorcycle,1,1929.154,25.7
ch01_00000000140000000.mp4,170096,car,2,1930.704,5.3
ch01_00000000140000000.mp4,170439,motorcycle,1,1932.554,15.0
ch01_00000000140000000.mp4,170311,motorcycle,1,1932.754,5.2
ch01_00000000140000000.mp4,170415,motorcycle,1,1935.404,7.2
ch01_00000000140000000.mp4,170414,motorcycle,1,1936.704,8.6
ch01_00000000140000000.mp4,170959,motorcycle,1,1938.804,5.5
ch01_00000000140000000.mp4,171044,car,2,1941.103,9.7
ch01_00000000140000000.mp4,171054,car,2,1942.353,10.3
ch01_00000000140000000.mp4,171370,motorcycle,1,1942.503,24.0
ch01_00000000140000000.mp4,171294,truck,4,1944.253,12.0
ch01_00000000140000000.mp4,171545,motorcycle,1,1945.203,22.5
ch01_00000000140000000.mp4,171633,motorcycle,1,1946.653,22.5
ch01_00000000140000000.mp4,171460,car,2,1947.903,3.5
ch01_00000000140000000.mp4,171782,motorcycle,1,1948.053,24.0
ch01_00000000140000000.mp4,171745,motorcycle,1,1948.403,6.1
ch01_00000000140000000.mp4,171933,motorcycle,1,1949.003,45.0
ch01_00000000140000000.mp4,171849,motorcycle,1,1949.503,5.9
ch01_00000000140000000.mp4,172087,motorcycle,1,1951.103,32.7
ch01_00000000140000000.mp4,172011,motorcycle,1,1952.253,10.0
ch01_00000000140000000.mp4,172251,motorcycle,1,1952.903,30.0
ch01_00000000140000000.mp4,172294,motorcycle,1,1953.403,36.0
ch01_00000000140000000.mp4,172269,motorcycle,1,1953.703,16.4
ch01_00000000140000000.mp4,172152,motorcycle,1,1953.753,9.0
ch01_00000000140000000.mp4,172125,car,2,1954.352,12.9
ch01_00000000140000000.mp4,172468,motorcycle,1,1955.352,40.0
ch01_00000000140000000.mp4,172446,motorcycle,1,1955.452,17.1
ch01_00000000140000000.mp4,172632,car,2,1957.802,17.1
ch01_00000000140000000.mp4,172720,motorcycle,1,1958.252,22.5
ch01_00000000140000000.mp4,172727,motorcycle,1,1958.502,22.5
ch01_00000000140000000.mp4,172664,motorcycle,1,1959.152,21.2
ch01_00000000140000000.mp4,172827,motorcycle,1,1959.452,24.0
ch01_00000000140000000.mp4,172877,motorcycle,1,1959.802,21.2
ch01_00000000140000000.mp4,172871,motorcycle,1,1959.902,22.5
ch01_00000000140000000.mp4,172850,motorcycle,1,1960.002,20.0
ch01_00000000140000000.mp4,172996,motorcycle,1,1961.102,24.0
ch01_00000000140000000.mp4,172987,motorcycle,1,1961.152,10.3
ch01_00000000140000000.mp4,173023,motorcycle,1,1961.552,25.7
ch01_00000000140000000.mp4,173054,motorcycle,1,1961.802,24.0
ch01_00000000140000000.mp4,173031,car,2,1962.502,21.2
ch01_00000000140000000.mp4,173136,motorcycle,1,1962.652,25.7
ch01_00000000140000000.mp4,173175,motorcycle,1,1963.302,27.7
ch01_00000000140000000.mp4,173242,motorcycle,1,1963.702,30.0
ch01_00000000140000000.mp4,173217,motorcycle,1,1963.752,25.7
ch01_00000000140000000.mp4,173279,motorcycle,1,1964.252,10.3
ch01_00000000140000000.mp4,173083,motorcycle,1,1964.602,9.5
ch01_00000000140000000.mp4,173321,motorcycle,1,1964.802,24.0
ch01_00000000140000000.mp4,173353,motorcycle,1,1965.152,24.0
ch01_00000000140000000.mp4,173306,motorcycle,1,1965.302,13.8
ch01_00000000140000000.mp4,173399,motorcycle,1,1965.652,25.7
ch01_00000000140000000.mp4,173461,motorcycle,1,1966.652,27.7
ch01_00000000140000000.mp4,173495,motorcycle,1,1966.802,9.2
ch01_00000000140000000.mp4,173536,motorcycle,1,1967.451,25.7
ch01_00000000140000000.mp4,173557,motorcycle,1,1967.601,25.7
ch01_00000000140000000.mp4,173601,motorcycle,1,1968.251,18.9
ch01_00000000140000000.mp4,173658,motorcycle,1,1968.751,20.0
ch01_00000000140000000.mp4,173694,motorcycle,1,1969.051,20.0
ch01_00000000140000000.mp4,173742,motorcycle,1,1969.601,21.2
ch01_00000000140000000.mp4,173772,motorcycle,1,1969.951,22.5
ch01_00000000140000000.mp4,173843,motorcycle,1,1970.551,21.2
ch01_00000000140000000.mp4,173889,motorcycle,1,1970.851,24.0
ch01_00000000140000000.mp4,173921,motorcycle,1,1971.501,20.0
ch01_00000000140000000.mp4,173892,motorcycle,1,1971.601,8.4
ch01_00000000140000000.mp4,173956,motorcycle,1,1972.001,22.5
ch01_00000000140000000.mp4,174008,motorcycle,1,1972.651,24.0
ch01_00000000140000000.mp4,173986,motorcycle,1,1972.851,11.3
ch01_00000000140000000.mp4,174091,motorcycle,1,1973.551,22.5
ch01_00000000140000000.mp4,174112,motorcycle,1,1973.901,22.5
ch01_00000000140000000.mp4,174149,motorcycle,1,1974.251,27.7
ch01_00000000140000000.mp4,174174,motorcycle,1,1974.751,27.7
ch01_00000000140000000.mp4,174259,motorcycle,1,1975.201,10.6
ch01_00000000140000000.mp4,174287,motorcycle,1,1975.451,25.7
ch01_00000000140000000.mp4,174289,motorcycle,1,1975.701,24.0
ch01_00000000140000000.mp4,174180,motorcycle,1,1975.851,25.7
ch01_00000000140000000.mp4,174351,motorcycle,1,1976.451,30.0
ch01_00000000140000000.mp4,174349,motorcycle,1,1976.501,22.5
ch01_00000000140000000.mp4,174407,motorcycle,1,1977.101,25.7
ch01_00000000140000000.mp4,174473,motorcycle,1,1977.651,27.7
ch01_00000000140000000.mp4,174444,motorcycle,1,1977.751,12.9
ch01_00000000140000000.mp4,174452,motorcycle,1,1977.851,20.0
ch01_00000000140000000.mp4,174521,motorcycle,1,1978.201,27.7
ch01_00000000140000000.mp4,174554,motorcycle,1,1978.851,27.7
ch01_00000000140000000.mp4,174570,motorcycle,1,1979.101,15.0
ch01_00000000140000000.mp4,174589,motorcycle,1,1979.301,22.5
ch01_00000000140000000.mp4,174636,motorcycle,1,1979.751,10.9
ch01_00000000140000000.mp4,174596,motorcycle,1,1979.951,24.0
ch01_00000000140000000.mp4,174662,motorcycle,1,1980.001,25.7
ch01_00000000140000000.mp4,174679,motorcycle,1,1980.501,25.7
ch01_00000000140000000.mp4,174703,motorcycle,1,1980.9,21.2
ch01_00000000140000000.mp4,174732,motorcycle,1,1981.051,18.9
ch01_00000000140000000.mp4,174799,motorcycle,1,1981.85,21.2
ch01_00000000140000000.mp4,174826,motorcycle,1,1982.15,25.7
ch01_00000000140000000.mp4,174904,motorcycle,1,1983.2,30.0
ch01_00000000140000000.mp4,174832,car,2,1983.65,22.5
ch01_00000000140000000.mp4,174937,car,2,1985.25,22.5
ch01_00000000140000000.mp4,175073,car,2,1985.65,24.0
ch01_00000000140000000.mp4,175100,motorcycle,1,1985.9,24.0
ch01_00000000140000000.mp4,175113,motorcycle,1,1985.9,21.2
ch01_00000000140000000.mp4,175194,motorcycle,1,1986.75,21.2
ch01_00000000140000000.mp4,175251,motorcycle,1,1987.3,25.7
ch01_00000000140000000.mp4,175293,motorcycle,1,1988.0,18.0
ch01_00000000140000000.mp4,175381,motorcycle,1,1988.4,11.6
ch01_00000000140000000.mp4,175396,motorcycle,1,1989.55,32.7
ch01_00000000140000000.mp4,175469,car,2,1989.9,24.0
ch01_00000000140000000.mp4,175507,motorcycle,1,1989.95,32.7
ch01_00000000140000000.mp4,175512,motorcycle,1,1990.15,24.0
ch01_00000000140000000.mp4,175482,motorcycle,1,1990.5,6.3
ch01_00000000140000000.mp4,175411,car,2,1990.8,18.9
ch01_00000000140000000.mp4,175497,motorcycle,1,1991.35,25.7
ch01_00000000140000000.mp4,175722,motorcycle,1,1992.15,27.7
ch01_00000000140000000.mp4,175564,car,2,1992.3,16.4
ch01_00000000140000000.mp4,175699,car,2,1992.4,24.0
ch01_00000000140000000.mp4,175779,motorcycle,1,1992.95,30.0
ch01_00000000140000000.mp4,175711,motorcycle,1,1993.749,25.7
ch01_00000000140000000.mp4,175860,motorcycle,1,1993.999,25.7
ch01_00000000140000000.mp4,175920,motorcycle,1,1994.449,27.7
ch01_00000000140000000.mp4,175780,car,2,1995.199,6.1
ch01_00000000140000000.mp4,175911,motorcycle,1,1995.249,27.7
ch01_00000000140000000.mp4,175890,motorcycle,1,1995.499,7.3
ch01_00000000140000000.mp4,175895,motorcycle,1,1995.999,20.0
ch01_00000000140000000.mp4,176024,motorcycle,1,1996.349,20.0
ch01_00000000140000000.mp4,175937,motorcycle,1,1996.449,7.7
ch01_00000000140000000.mp4,175752,motorcycle,1,1996.499,9.5
ch01_00000000140000000.mp4,176103,motorcycle,1,1997.999,8.8
ch01_00000000140000000.mp4,176093,motorcycle,1,1998.399,12.4
ch01_00000000140000000.mp4,176016,car,2,1998.499,10.0
ch01_00000000140000000.mp4,176247,motorcycle,1,1998.999,14.4
ch01_00000000140000000.mp4,176169,motorcycle,1,1999.299,11.3
ch01_00000000140000000.mp4,176284,motorcycle,1,1999.499,15.0
ch01_00000000140000000.mp4,176354,motorcycle,1,2000.049,16.4
ch01_00000000140000000.mp4,176498,motorcycle,1,2001.399,16.4
ch01_00000000140000000.mp4,176299,car,2,2001.549,12.4
ch01_00000000140000000.mp4,176504,motorcycle,1,2001.599,16.4
ch01_00000000140000000.mp4,176452,car,2,2001.799,9.5
ch01_00000000140000000.mp4,176525,motorcycle,1,2002.199,15.7
ch01_00000000140000000.mp4,176639,motorcycle,1,2002.549,15.0
ch01_00000000140000000.mp4,176652,motorcycle,1,2002.599,15.0
ch01_00000000140000000.mp4,176608,motorcycle,1,2002.699,15.7
ch01_00000000140000000.mp4,176672,motorcycle,1,2003.299,13.8
ch01_00000000140000000.mp4,176512,car,2,2003.399,13.3
ch01_00000000140000000.mp4,176779,motorcycle,1,2004.149,17.1
ch01_00000000140000000.mp4,176817,motorcycle,1,2004.549,17.1
ch01_00000000140000000.mp4,176845,motorcycle,1,2004.699,16.4
ch01_00000000140000000.mp4,176767,car,2,2004.949,11.6
ch01_00000000140000000.mp4,176782,motorcycle,1,2005.349,8.0
ch01_00000000140000000.mp4,176889,motorcycle,1,2005.499,15.7
ch01_00000000140000000.mp4,176928,motorcycle,1,2006.099,16.4
ch01_00000000140000000.mp4,176929,motorcycle,1,2006.099,8.2
ch01_00000000140000000.mp4,177006,motorcycle,1,2006.948,20.0
ch01_00000000140000000.mp4,176936,car,2,2006.998,11.3
ch01_00000000140000000.mp4,177037,motorcycle,1,2007.399,16.4
ch01_00000000140000000.mp4,177094,motorcycle,1,2008.148,15.7
ch01_00000000140000000.mp4,177068,motorcycle,1,2008.348,10.3
ch01_00000000140000000.mp4,177162,motorcycle,1,2008.898,17.1
ch01_00000000140000000.mp4,177196,motorcycle,1,2008.898,10.3
ch01_00000000140000000.mp4,177246,motorcycle,1,2009.698,15.7
ch01_00000000140000000.mp4,177147,motorcycle,1,2009.898,12.4
ch01_00000000140000000.mp4,177291,motorcycle,1,2010.098,18.9
ch01_00000000140000000.mp4,177287,motorcycle,1,2010.448,16.4
ch01_00000000140000000.mp4,177380,motorcycle,1,2011.298,11.3
ch01_00000000140000000.mp4,177336,car,2,2011.898,12.9
ch01_00000000140000000.mp4,177603,motorcycle,1,2013.298,17.1
ch01_00000000140000000.mp4,177632,motorcycle,1,2013.948,22.5
ch01_00000000140000000.mp4,177701,motorcycle,1,2014.348,18.0
ch01_00000000140000000.mp4,177515,car,2,2014.598,13.3
ch01_00000000140000000.mp4,177751,car,2,2015.548,18.0
ch01_00000000140000000.mp4,177791,motorcycle,1,2016.098,17.1
ch01_00000000140000000.mp4,177844,motorcycle,1,2016.298,25.7
ch01_00000000140000000.mp4,177838,car,2,2016.648,18.9
ch01_00000000140000000.mp4,177681,car,2,2016.698,15.7
ch01_00000000140000000.mp4,177932,motorcycle,1,2017.198,25.7
ch01_00000000140000000.mp4,178026,car,2,2019.198,18.9
ch01_00000000140000000.mp4,178033,car,2,2019.548,7.8
ch01_00000000140000000.mp4,178085,motorcycle,1,2020.598,9.5
ch01_00000000140000000.mp4,178218,car,2,2021.897,20.0
ch01_00000000140000000.mp4,178137,car,2,2022.347,7.5
ch01_00000000140000000.mp4,178282,motorcycle,1,2022.397,22.5
ch01_00000000140000000.mp4,178259,motorcycle,1,2022.697,12.9
ch01_00000000140000000.mp4,178235,motorcycle,1,2022.797,25.7
ch01_00000000140000000.mp4,178372,motorcycle,1,2023.547,24.0
ch01_00000000140000000.mp4,178263,motorcycle,1,2023.547,18.0
ch01_00000000140000000.mp4,178435,motorcycle,1,2024.347,15.7
ch01_00000000140000000.mp4,178526,motorcycle,1,2025.347,22.5
ch01_00000000140000000.mp4,178527,car,2,2025.947,18.9
ch01_00000000140000000.mp4,178619,motorcycle,1,2026.547,22.5
ch01_00000000140000000.mp4,178623,motorcycle,1,2026.547,18.9
ch01_00000000140000000.mp4,178521,motorcycle,1,2026.747,6.3
ch01_00000000140000000.mp4,178762,motorcycle,1,2028.347,30.0
ch01_00000000140000000.mp4,178794,motorcycle,1,2028.747,16.4
ch01_00000000140000000.mp4,178742,truck,6,2028.797,17.1
ch01_00000000140000000.mp4,178849,motorcycle,1,2029.447,21.2
ch01_00000000140000000.mp4,178577,car,2,2029.447,32.7
ch01_00000000140000000.mp4,178887,motorcycle,1,2030.047,21.2
ch01_00000000140000000.mp4,178914,car,2,2030.047,6.3
ch01_00000000140000000.mp4,178901,car,2,2030.647,16.4
ch01_00000000140000000.mp4,178967,motorcycle,1,2030.697,24.0
ch01_00000000140000000.mp4,178961,car,2,2031.297,10.6
ch01_00000000140000000.mp4,179064,motorcycle,1,2031.847,24.0
ch01_00000000140000000.mp4,179020,car,2,2031.947,15.7
ch01_00000000140000000.mp4,179100,motorcycle,1,2032.347,17.1
ch01_00000000140000000.mp4,179106,motorcycle,1,2032.497,21.2
ch01_00000000140000000.mp4,179085,motorcycle,1,2032.597,6.7
ch01_00000000140000000.mp4,179023,motorcycle,1,2033.197,9.7
ch01_00000000140000000.mp4,179194,motorcycle,1,2033.697,20.0
ch01_00000000140000000.mp4,179199,car,2,2034.246,15.7
ch01_00000000140000000.mp4,179155,truck,4,2034.296,11.6
ch01_00000000140000000.mp4,179379,motorcycle,1,2035.696,15.0
ch01_00000000140000000.mp4,179418,motorcycle,1,2036.546,16.4
ch01_00000000140000000.mp4,179475,car,2,2037.296,6.7
ch01_00000000140000000.mp4,179487,car,2,2037.646,17.1
ch01_00000000140000000.mp4,179550,motorcycle,1,2037.996,24.0
ch01_00000000140000000.mp4,179529,motorcycle,1,2038.296,16.4
ch01_00000000140000000.mp4,179585,motorcycle,1,2038.896,21.2
ch01_00000000140000000.mp4,179620,motorcycle,1,2038.996,18.9
ch01_00000000140000000.mp4,179645,motorcycle,1,2039.296,17.1
ch01_00000000140000000.mp4,179681,motorcycle,1,2039.646,18.0
ch01_00000000140000000.mp4,179702,motorcycle,1,2040.096,20.0
ch01_00000000140000000.mp4,179744,motorcycle,1,2040.796,14.4
ch01_00000000140000000.mp4,179769,motorcycle,1,2040.996,18.9
ch01_00000000140000000.mp4,179773,motorcycle,1,2041.346,14.4
ch01_00000000140000000.mp4,179888,motorcycle,1,2042.546,20.0
ch01_00000000140000000.mp4,179925,motorcycle,1,2043.296,13.3
ch01_00000000140000000.mp4,179970,motorcycle,1,2043.696,20.0
ch01_00000000140000000.mp4,179928,motorcycle,1,2044.546,4.0
ch01_00000000140000000.mp4,179946,motorcycle,1,2045.196,9.2
ch01_00000000140000000.mp4,180198,car,3,2047.745,12.9
ch01_00000000140000000.mp4,180300,truck,4,2048.895,12.4
ch01_00000000140000000.mp4,180322,motorcycle,1,2049.595,12.9
ch01_00000000140000000.mp4,180354,car,2,2050.045,10.0
ch01_00000000140000000.mp4,180418,car,3,2051.295,12.4
ch01_00000000140000000.mp4,180511,motorcycle,1,2052.095,12.9
ch01_00000000140000000.mp4,180601,motorcycle,1,2052.995,12.0
ch01_00000000140000000.mp4,180681,motorcycle,1,2053.945,17.1
ch01_00000000140000000.mp4,180548,car,2,2053.995,9.7
ch01_00000000140000000.mp4,180773,motorcycle,1,2055.695,12.9
ch01_00000000140000000.mp4,180747,motorcycle,1,2056.345,11.3
ch01_00000000140000000.mp4,180934,motorcycle,1,2057.045,10.6
ch01_00000000140000000.mp4,181065,motorcycle,1,2058.145,11.3
ch01_00000000140000000.mp4,180880,car,2,2058.445,8.4
ch01_00000000140000000.mp4,181131,motorcycle,1,2058.495,11.3
ch01_00000000140000000.mp4,180993,motorcycle,1,2058.895,9.5
ch01_00000000140000000.mp4,181203,motorcycle,1,2059.545,12.4
ch01_00000000140000000.mp4,181058,motorcycle,1,2059.644,10.9
ch01_00000000140000000.mp4,181088,motorcycle,1,2059.695,11.3
ch01_00000000140000000.mp4,181084,car,2,2061.194,4.8
ch01_00000000140000000.mp4,181388,motorcycle,1,2061.294,12.9
ch01_00000000140000000.mp4,181383,car,2,2062.244,15.0
ch01_00000000140000000.mp4,181519,motorcycle,1,2062.794,12.9
ch01_00000000140000000.mp4,181483,car,2,2062.844,9.0
ch01_00000000140000000.mp4,181567,motorcycle,1,2063.344,15.7
ch01_00000000140000000.mp4,181609,motorcycle,1,2063.944,12.9
ch01_00000000140000000.mp4,181568,motorcycle,1,2064.394,9.2
ch01_00000000140000000.mp4,181578,truck,4,2065.544,6.9
ch01_00000000140000000.mp4,181746,car,2,2066.194,10.9
ch01_00000000140000000.mp4,181831,motorcycle,1,2066.594,13.8
ch01_00000000140000000.mp4,181888,motorcycle,1,2067.244,13.8
ch01_00000000140000000.mp4,181889,car,2,2068.244,10.9
ch01_00000000140000000.mp4,181981,motorcycle,1,2068.394,16.4
ch01_00000000140000000.mp4,182057,car,2,2070.044,12.4
ch01_00000000140000000.mp4,182317,motorcycle,1,2071.894,15.0
ch01_00000000140000000.mp4,182287,car,3,2072.244,15.0
ch01_00000000140000000.mp4,182372,car,2,2073.044,13.8
ch01_00000000140000000.mp4,182426,motorcycle,1,2073.294,16.4
ch01_00000000140000000.mp4,182561,car,2,2075.243,13.3
ch01_00000000140000000.mp4,182491,motorcycle,1,2075.893,10.9
ch01_00000000140000000.mp4,182662,motorcycle,1,2077.143,8.6
ch01_00000000140000000.mp4,182714,car,2,2078.043,8.2
ch01_00000000140000000.mp4,183019,motorcycle,1,2080.243,9.0
ch01_00000000140000000.mp4,183052,motorcycle,1,2081.393,12.0
ch01_00000000140000000.mp4,183132,motorcycle,1,2082.093,13.8
ch01_00000000140000000.mp4,183316,motorcycle,1,2083.343,7.5
ch01_00000000140000000.mp4,183218,motorcycle,1,2083.543,11.6
ch01_00000000140000000.mp4,183373,motorcycle,1,2083.893,11.3
ch01_00000000140000000.mp4,183452,motorcycle,1,2084.443,10.0
ch01_00000000140000000.mp4,183427,motorcycle,1,2084.543,15.7
ch01_00000000140000000.mp4,183673,motorcycle,1,2087.492,16.4
ch01_00000000140000000.mp4,183743,motorcycle,1,2088.092,11.3
ch01_00000000140000000.mp4,183782,motorcycle,1,2089.042,6.4
ch01_00000000140000000.mp4,183809,motorcycle,1,2090.542,6.4
ch01_00000000140000000.mp4,183934,motorcycle,1,2091.492,9.7
ch01_00000000140000000.mp4,183966,motorcycle,1,2092.592,10.6
ch01_00000000140000000.mp4,184132,motorcycle,1,2093.342,10.3
ch01_00000000140000000.mp4,184121,motorcycle,1,2093.542,7.8
ch01_00000000140000000.mp4,184266,motorcycle,1,2094.542,6.9
ch01_00000000140000000.mp4,184490,motorcycle,1,2096.842,13.3
ch01_00000000140000000.mp4,184159,car,2,2097.642,6.5
ch01_00000000140000000.mp4,184514,car,3,2097.742,13.3
ch01_00000000140000000.mp4,184479,motorcycle,1,2098.192,12.0
ch01_00000000140000000.mp4,184846,motorcycle,1,2100.341,18.0
ch01_00000000140000000.mp4,184547,car,3,2100.841,9.5
ch01_00000000140000000.mp4,184847,motorcycle,1,2101.041,21.2
ch01_00000000140000000.mp4,184932,motorcycle,1,2102.241,7.5
ch01_00000000140000000.mp4,184998,motorcycle,1,2103.091,6.1
ch01_00000000140000000.mp4,185046,motorcycle,1,2104.641,6.7
ch01_00000000140000000.mp4,185304,motorcycle,1,2107.041,15.0
ch01_00000000140000000.mp4,185278,motorcycle,1,2107.691,11.6
ch01_00000000140000000.mp4,184900,motorcycle,1,2107.791,11.6
ch01_00000000140000000.mp4,185335,motorcycle,1,2108.691,11.3
ch01_00000000140000000.mp4,185462,motorcycle,1,2109.241,12.0
ch01_00000000140000000.mp4,185523,motorcycle,1,2110.191,9.2
ch01_00000000140000000.mp4,185502,motorcycle,1,2110.491,15.0
ch01_00000000140000000.mp4,185656,motorcycle,1,2110.691,18.0
ch01_00000000140000000.mp4,185731,motorcycle,1,2111.241,16.4
ch01_00000000140000000.mp4,185815,motorcycle,1,2111.941,5.6
ch01_00000000140000000.mp4,185987,car,2,2114.04,18.9
ch01_00000000140000000.mp4,186125,motorcycle,1,2115.09,27.7
ch01_00000000140000000.mp4,186111,motorcycle,1,2115.39,13.8
ch01_00000000140000000.mp4,186225,motorcycle,1,2116.29,8.2
ch01_00000000140000000.mp4,186404,car,2,2118.34,22.5
ch01_00000000140000000.mp4,186369,car,2,2119.09,16.4
ch01_00000000140000000.mp4,186513,car,2,2119.74,22.5
ch01_00000000140000000.mp4,186737,car,2,2124.39,10.6
ch01_00000000140000000.mp4,186905,car,2,2125.64,13.8
ch01_00000000140000000.mp4,187139,motorcycle,1,2126.689,12.0
ch01_00000000140000000.mp4,186998,car,2,2127.289,11.3
ch01_00000000140000000.mp4,187265,motorcycle,1,2128.389,14.4
ch01_00000000140000000.mp4,187793,motorcycle,1,2133.389,30.0
ch01_00000000140000000.mp4,187710,motorcycle,1,2133.889,8.4
ch01_00000000140000000.mp4,187877,motorcycle,1,2135.889,6.3
ch01_00000000140000000.mp4,188248,car,2,2138.289,25.7
ch01_00000000140000000.mp4,188281,motorcycle,1,2138.439,10.3
ch01_00000000140000000.mp4,187919,car,2,2139.439,7.5
ch01_00000000140000000.mp4,188137,car,2,2140.039,4.0
ch01_00000000140000000.mp4,188682,motorcycle,1,2142.488,11.6
ch01_00000000140000000.mp4,188724,motorcycle,1,2142.938,15.0
ch01_00000000140000000.mp4,188438,motorcycle,1,2143.438,9.5
ch01_00000000140000000.mp4,188798,motorcycle,1,2144.188,8.6
ch01_00000000140000000.mp4,188836,motorcycle,1,2144.288,2.4
ch01_00000000140000000.mp4,188988,car,2,2145.938,18.0
ch01_00000000140000000.mp4,189038,motorcycle,1,2147.688,4.0
ch01_00000000140000000.mp4,189318,car,2,2151.538,7.7
ch01_00000000140000000.mp4,189719,motorcycle,1,2152.488,18.9
ch01_00000000140000000.mp4,189427,motorcycle,1,2153.037,10.6
ch01_00000000140000000.mp4,189699,motorcycle,1,2153.188,10.3
ch01_00000000140000000.mp4,189798,motorcycle,1,2153.238,18.9
ch01_00000000140000000.mp4,189938,motorcycle,1,2154.387,15.7
ch01_00000000140000000.mp4,189755,car,2,2154.987,10.6
ch01_00000000140000000.mp4,190036,motorcycle,1,2155.587,15.7
ch01_00000000140000000.mp4,190122,motorcycle,1,2156.337,18.9
ch01_00000000140000000.mp4,190099,motorcycle,1,2156.437,15.7
ch01_00000000140000000.mp4,190022,car,3,2156.987,6.1
ch01_00000000140000000.mp4,190175,motorcycle,1,2157.437,15.7
ch01_00000000140000000.mp4,190243,motorcycle,1,2158.137,14.4
ch01_00000000140000000.mp4,190253,motorcycle,1,2158.687,15.0
ch01_00000000140000000.mp4,190422,motorcycle,1,2159.137,12.9
ch01_00000000140000000.mp4,190429,motorcycle,1,2159.587,12.9
ch01_00000000140000000.mp4,190641,car,2,2160.937,13.3
ch01_00000000140000000.mp4,190734,motorcycle,1,2162.087,20.0
ch01_00000000140000000.mp4,190480,car,2,2162.087,5.5
ch01_00000000140000000.mp4,190743,car,2,2162.237,12.0
ch01_00000000140000000.mp4,190777,motorcycle,1,2163.337,3.6
ch01_00000000140000000.mp4,190915,car,3,2164.287,13.3
ch01_00000000140000000.mp4,190982,motorcycle,1,2164.637,15.7
ch01_00000000140000000.mp4,190987,car,2,2164.837,13.3
ch01_00000000140000000.mp4,190901,truck,4,2165.936,4.1
ch01_00000000140000000.mp4,191177,car,2,2166.986,15.0
ch01_00000000140000000.mp4,190983,motorcycle,1,2167.486,6.9
ch01_00000000140000000.mp4,191323,motorcycle,1,2167.836,15.7
ch01_00000000140000000.mp4,191382,motorcycle,1,2168.286,21.2
ch01_00000000140000000.mp4,191273,motorcycle,1,2168.786,12.9
ch01_00000000140000000.mp4,191095,motorcycle,1,2169.386,7.1
ch01_00000000140000000.mp4,191234,motorcycle,1,2169.586,4.1
ch01_00000000140000000.mp4,191510,motorcycle,1,2169.736,16.4
ch01_00000000140000000.mp4,191427,motorcycle,1,2170.286,11.6
ch01_00000000140000000.mp4,191515,motorcycle,1,2170.486,12.0
ch01_00000000140000000.mp4,191639,motorcycle,1,2171.286,12.0
ch01_00000000140000000.mp4,191737,motorcycle,1,2172.086,20.0
ch01_00000000140000000.mp4,191518,car,3,2172.136,7.8
ch01_00000000140000000.mp4,191707,motorcycle,1,2172.336,18.9
ch01_00000000140000000.mp4,191843,motorcycle,1,2172.736,22.5
ch01_00000000140000000.mp4,191865,motorcycle,1,2173.736,17.1
ch01_00000000140000000.mp4,191990,motorcycle,1,2174.086,22.5
ch01_00000000140000000.mp4,192040,motorcycle,1,2174.436,24.0
ch01_00000000140000000.mp4,191828,car,2,2174.686,5.1
ch01_00000000140000000.mp4,191960,motorcycle,1,2174.886,9.7
ch01_00000000140000000.mp4,192091,motorcycle,1,2175.036,17.1
ch01_00000000140000000.mp4,192120,motorcycle,1,2175.286,22.5
ch01_00000000140000000.mp4,192123,motorcycle,1,2175.286,24.0
ch01_00000000140000000.mp4,192148,motorcycle,1,2175.686,22.5
ch01_00000000140000000.mp4,192215,motorcycle,1,2176.086,25.7
ch01_00000000140000000.mp4,192329,motorcycle,1,2177.086,24.0
ch01_00000000140000000.mp4,192332,motorcycle,1,2177.236,24.0
ch01_00000000140000000.mp4,192239,car,2,2178.136,5.5
ch01_00000000140000000.mp4,192282,car,2,2178.885,12.0
ch01_00000000140000000.mp4,192570,motorcycle,1,2179.985,12.0
ch01_00000000140000000.mp4,192486,car,2,2180.685,11.6
ch01_00000000140000000.mp4,192689,motorcycle,1,2181.285,30.0
ch01_00000000140000000.mp4,192632,car,2,2183.685,12.0
ch01_00000000140000000.mp4,193024,motorcycle,1,2184.485,27.7
ch01_00000000140000000.mp4,193035,motorcycle,1,2184.885,14.4
ch01_00000000140000000.mp4,193044,car,2,2185.285,20.0
ch01_00000000140000000.mp4,193124,motorcycle,1,2185.635,20.0
ch01_00000000140000000.mp4,193112,motorcycle,1,2185.685,18.0
ch01_00000000140000000.mp4,193201,motorcycle,1,2186.435,21.2
ch01_00000000140000000.mp4,193179,motorcycle,1,2186.485,22.5
ch01_00000000140000000.mp4,193241,motorcycle,1,2186.735,22.5
ch01_00000000140000000.mp4,193326,motorcycle,1,2187.535,18.9
ch01_00000000140000000.mp4,193339,motorcycle,1,2187.635,24.0
ch01_00000000140000000.mp4,193347,motorcycle,1,2187.985,22.5
ch01_00000000140000000.mp4,193372,motorcycle,1,2188.085,11.6
ch01_00000000140000000.mp4,193385,motorcycle,1,2188.385,13.8
ch01_00000000140000000.mp4,193474,motorcycle,1,2189.135,22.5
ch01_00000000140000000.mp4,193467,motorcycle,1,2189.185,21.2
ch01_00000000140000000.mp4,193597,motorcycle,1,2190.385,20.0
ch01_00000000140000000.mp4,193593,motorcycle,1,2190.585,20.0
ch01_00000000140000000.mp4,193642,motorcycle,1,2191.135,20.0
ch01_00000000140000000.mp4,193691,motorcycle,1,2191.435,7.8
ch01_00000000140000000.mp4,193662,motorcycle,1,2191.485,20.0
ch01_00000000140000000.mp4,193747,motorcycle,1,2192.385,20.0
ch01_00000000140000000.mp4,193730,motorcycle,1,2192.885,21.2
ch01_00000000140000000.mp4,193904,motorcycle,1,2194.034,6.3
ch01_00000000140000000.mp4,193909,motorcycle,1,2194.034,13.3
ch01_00000000140000000.mp4,193928,car,2,2194.184,21.2
ch01_00000000140000000.mp4,194039,motorcycle,1,2195.234,18.0
ch01_00000000140000000.mp4,194059,motorcycle,1,2195.484,21.2
ch01_00000000140000000.mp4,194085,motorcycle,1,2196.084,7.7
ch01_00000000140000000.mp4,194119,motorcycle,1,2196.184,18.9
ch01_00000000140000000.mp4,194093,motorcycle,1,2196.284,17.1
ch01_00000000140000000.mp4,194206,motorcycle,1,2197.184,13.8
ch01_00000000140000000.mp4,194383,motorcycle,1,2199.084,17.1
ch01_00000000140000000.mp4,194394,car,2,2199.584,16.4
ch01_00000000140000000.mp4,194447,motorcycle,1,2199.634,20.0
ch01_00000000140000000.mp4,194218,motorcycle,1,2199.834,9.7
ch01_00000000140000000.mp4,194754,truck,6,2203.784,18.9
ch01_00000000140000000.mp4,194708,truck,6,2204.534,4.9
ch01_00000000140000000.mp4,194816,motorcycle,1,2206.133,11.3
ch01_00000000140000000.mp4,194938,motorcycle,1,2206.933,10.0
ch01_00000000140000000.mp4,195396,bus,5,2212.533,13.3
ch01_00000000140000000.mp4,195375,motorcycle,1,2213.283,4.4
ch01_00000000140000000.mp4,195634,car,2,2214.833,13.8
ch01_00000000140000000.mp4,195502,motorcycle,1,2215.033,10.6
ch01_00000000140000000.mp4,195815,motorcycle,1,2215.933,11.3
ch01_00000000140000000.mp4,195740,car,2,2216.083,4.4
ch01_00000000140000000.mp4,195814,car,2,2217.083,12.4
ch01_00000000140000000.mp4,196056,car,2,2219.982,13.8
ch01_00000000140000000.mp4,196439,truck,4,2223.732,14.4
ch01_00000000140000000.mp4,196626,motorcycle,1,2225.782,15.0
ch01_00000000140000000.mp4,196663,motorcycle,1,2226.282,14.4
ch01_00000000140000000.mp4,196725,motorcycle,1,2227.032,13.8
ch01_00000000140000000.mp4,196809,motorcycle,1,2227.832,15.0
ch01_00000000140000000.mp4,196812,car,2,2227.932,8.2
ch01_00000000140000000.mp4,196832,motorcycle,1,2228.382,18.0
ch01_00000000140000000.mp4,196810,motorcycle,1,2228.982,11.6
ch01_00000000140000000.mp4,196981,car,3,2229.582,7.3
ch01_00000000140000000.mp4,197261,motorcycle,1,2231.582,10.9
ch01_00000000140000000.mp4,197287,motorcycle,1,2232.182,7.1
ch01_00000000140000000.mp4,197221,car,3,2232.432,4.0
ch01_00000000140000000.mp4,197300,motorcycle,1,2232.581,10.6
ch01_00000000140000000.mp4,197272,car,2,2233.181,12.4
ch01_00000000140000000.mp4,197340,motorcycle,1,2233.881,8.6
ch01_00000000140000000.mp4,197476,motorcycle,1,2234.681,17.1
ch01_00000000140000000.mp4,197582,motorcycle,1,2235.681,14.4
ch01_00000000140000000.mp4,197641,motorcycle,1,2236.331,3.6
ch01_00000000140000000.mp4,197741,motorcycle,1,2236.581,17.1
ch01_00000000140000000.mp4,197709,motorcycle,1,2236.631,15.7
ch01_00000000140000000.mp4,197690,car,2,2236.681,15.0
ch01_00000000140000000.mp4,197785,motorcycle,1,2237.381,17.1
ch01_00000000140000000.mp4,197693,motorcycle,1,2237.531,5.2
ch01_00000000140000000.mp4,197678,motorcycle,1,2238.031,18.9
ch01_00000000140000000.mp4,197993,motorcycle,1,2240.681,9.2
ch01_00000000140000000.mp4,198116,motorcycle,1,2240.981,30.0
ch01_00000000140000000.mp4,197795,motorcycle,1,2241.081,10.9
ch01_00000000140000000.mp4,198132,motorcycle,1,2242.781,12.9
ch01_00000000140000000.mp4,198234,motorcycle,1,2243.381,12.4
ch01_00000000140000000.mp4,198314,motorcycle,1,2243.831,15.7
ch01_00000000140000000.mp4,198380,motorcycle,1,2245.031,14.4
ch01_00000000140000000.mp4,198233,car,2,2245.581,7.8
ch01_00000000140000000.mp4,198497,car,2,2246.88,15.7
ch01_00000000140000000.mp4,198537,motorcycle,1,2247.03,27.7
ch01_00000000140000000.mp4,198591,car,2,2248.18,15.7
ch01_00000000140000000.mp4,198687,motorcycle,1,2249.18,24.0
ch01_00000000140000000.mp4,198746,truck,6,2250.53,17.1
ch01_00000000140000000.mp4,198543,car,2,2251.43,6.0
ch01_00000000140000000.mp4,198856,motorcycle,1,2251.68,18.9
ch01_00000000140000000.mp4,198788,car,2,2253.28,9.5
ch01_00000000140000000.mp4,198966,car,3,2253.58,15.7
ch01_00000000140000000.mp4,199052,motorcycle,1,2254.63,18.9
ch01_00000000140000000.mp4,199088,motorcycle,1,2255.28,21.2
ch01_00000000140000000.mp4,199154,motorcycle,1,2256.13,24.0
ch01_00000000140000000.mp4,199139,bus,5,2257.18,17.1
ch01_00000000140000000.mp4,199222,motorcycle,1,2257.28,21.2
ch01_00000000140000000.mp4,199264,motorcycle,1,2258.03,20.0
ch01_00000000140000000.mp4,199352,car,2,2259.079,10.9
ch01_00000000140000000.mp4,199341,car,2,2259.53,17.1
ch01_00000000140000000.mp4,199403,motorcycle,1,2259.729,17.1
ch01_00000000140000000.mp4,199424,motorcycle,1,2260.229,17.1
ch01_00000000140000000.mp4,199506,motorcycle,1,2260.929,18.0
ch01_00000000140000000.mp4,199402,truck,4,2261.729,4.9
ch01_00000000140000000.mp4,199478,truck,4,2262.329,11.6
ch01_00000000140000000.mp4,199640,car,2,2264.479,2.4
ch01_00000000140000000.mp4,199809,motorcycle,1,2264.579,22.5
ch01_00000000140000000.mp4,200033,motorcycle,1,2267.329,18.9
ch01_00000000140000000.mp4,200027,car,2,2267.529,18.9
ch01_00000000140000000.mp4,199731,car,2,2268.079,2.8
ch01_00000000140000000.mp4,200081,motorcycle,1,2268.129,18.9
ch01_00000000140000000.mp4,200113,car,2,2268.879,17.1
ch01_00000000140000000.mp4,200192,motorcycle,1,2270.729,8.8
ch01_00000000140000000.mp4,200330,car,2,2272.329,10.3
ch01_00000000140000000.mp4,200409,motorcycle,1,2272.329,21.2
ch01_00000000140000000.mp4,200449,car,2,2273.928,9.7
ch01_00000000140000000.mp4,200525,motorcycle,1,2274.328,13.8
ch01_00000000140000000.mp4,200626,motorcycle,1,2275.528,14.4
ch01_00000000140000000.mp4,200679,motorcycle,1,2276.328,13.8
ch01_00000000140000000.mp4,200703,motorcycle,1,2276.878,15.0
ch01_00000000140000000.mp4,200765,motorcycle,1,2277.528,14.4
ch01_00000000140000000.mp4,200779,motorcycle,1,2277.778,22.5
ch01_00000000140000000.mp4,200738,motorcycle,1,2277.828,5.8
ch01_00000000140000000.mp4,200814,motorcycle,1,2278.378,15.0
ch01_00000000140000000.mp4,200848,car,2,2279.478,10.0
ch01_00000000140000000.mp4,200801,car,2,2280.428,5.0
ch01_00000000140000000.mp4,200994,car,2,2281.328,10.3
ch01_00000000140000000.mp4,201038,motorcycle,1,2281.628,9.5
ch01_00000000140000000.mp4,201126,motorcycle,1,2282.328,10.6
ch01_00000000140000000.mp4,201101,car,2,2283.328,8.4
ch01_00000000140000000.mp4,201242,motorcycle,1,2283.928,13.3
ch01_00000000140000000.mp4,201289,motorcycle,1,2284.428,10.6
ch01_00000000140000000.mp4,201356,motorcycle,1,2285.378,10.3
ch01_00000000140000000.mp4,201383,motorcycle,1,2285.677,14.4
ch01_00000000140000000.mp4,201437,motorcycle,1,2286.277,11.3
ch01_00000000140000000.mp4,201518,car,2,2287.677,10.3
ch01_00000000140000000.mp4,201659,car,2,2289.377,10.3
ch01_00000000140000000.mp4,201749,motorcycle,1,2290.477,11.6
ch01_00000000140000000.mp4,201570,car,2,2291.677,7.8
ch01_00000000140000000.mp4,202068,motorcycle,1,2293.627,12.4
ch01_00000000140000000.mp4,202022,car,2,2293.927,9.2
ch01_00000000140000000.mp4,202194,motorcycle,1,2295.227,10.3
ch01_00000000140000000.mp4,202233,motorcycle,1,2295.627,12.0
ch01_00000000140000000.mp4,202029,car,2,2296.577,6.5
ch01_00000000140000000.mp4,202312,motorcycle,1,2296.577,9.7
ch01_00000000140000000.mp4,202432,car,2,2299.526,7.5
ch01_00000000140000000.mp4,202652,motorcycle,1,2299.826,12.9
ch01_00000000140000000.mp4,202551,motorcycle,1,2300.276,9.0
ch01_00000000140000000.mp4,202752,motorcycle,1,2301.176,9.7
ch01_00000000140000000.mp4,202775,motorcycle,1,2301.276,12.4
ch01_00000000140000000.mp4,202925,motorcycle,1,2302.476,15.0
ch01_00000000140000000.mp4,202902,motorcycle,1,2302.526,13.3
ch01_00000000140000000.mp4,202866,motorcycle,1,2302.926,16.4
ch01_00000000140000000.mp4,202980,motorcycle,1,2303.176,13.8
ch01_00000000140000000.mp4,203069,motorcycle,1,2304.326,9.0
ch01_00000000140000000.mp4,202981,car,2,2304.526,7.8
ch01_00000000140000000.mp4,203117,motorcycle,1,2304.976,12.0
ch01_00000000140000000.mp4,203164,motorcycle,1,2305.276,9.2
ch01_00000000140000000.mp4,203265,motorcycle,1,2306.276,10.6
ch01_00000000140000000.mp4,203317,motorcycle,1,2306.776,9.2
ch01_00000000140000000.mp4,203190,car,2,2307.026,7.3
ch01_00000000140000000.mp4,203399,car,2,2309.476,7.2
ch01_00000000140000000.mp4,203804,car,2,2312.425,8.8
ch01_00000000140000000.mp4,203960,motorcycle,1,2314.325,7.8
ch01_00000000140000000.mp4,203907,car,2,2314.475,7.8
ch01_00000000140000000.mp4,203972,motorcycle,1,2315.175,7.8
ch01_00000000140000000.mp4,204026,motorcycle,1,2316.025,7.8
ch01_00000000140000000.mp4,204195,motorcycle,1,2317.525,9.2
ch01_00000000140000000.mp4,204200,motorcycle,1,2317.625,9.7
ch01_00000000140000000.mp4,204326,car,2,2320.275,7.7
ch01_00000000140000000.mp4,204453,car,2,2321.975,6.1
ch01_00000000140000000.mp4,204235,car,2,2322.625,22.5
ch01_00000000140000000.mp4,204508,car,2,2323.675,3.5
ch01_00000000140000000.mp4,204707,car,2,2324.925,5.9
ch01_00000000140000000.mp4,204834,motorcycle,1,2325.724,18.9
ch01_00000000140000000.mp4,204823,motorcycle,1,2326.074,7.2
ch01_00000000140000000.mp4,204902,motorcycle,1,2326.674,18.0
ch01_00000000140000000.mp4,204910,motorcycle,1,2327.224,3.0
ch01_00000000140000000.mp4,204928,car,2,2328.474,7.2
ch01_00000000140000000.mp4,204893,car,2,2329.824,15.7
ch01_00000000140000000.mp4,205062,car,2,2331.224,13.8
ch01_00000000140000000.mp4,205335,car,2,2332.674,3.2
ch01_00000000140000000.mp4,205446,motorcycle,1,2334.074,13.3
ch01_00000000140000000.mp4,205477,car,2,2335.224,21.2
ch01_00000000140000000.mp4,205348,car,2,2335.774,30.0
ch01_00000000140000000.mp4,205655,motorcycle,1,2336.174,13.8
ch01_00000000140000000.mp4,205789,motorcycle,1,2337.923,22.5
ch01_00000000140000000.mp4,205729,car,2,2338.423,15.0
ch01_00000000140000000.mp4,205845,car,2,2339.823,13.3
ch01_00000000140000000.mp4,206087,motorcycle,1,2340.673,12.4
ch01_00000000140000000.mp4,206029,motorcycle,1,2341.173,12.0
ch01_00000000140000000.mp4,206152,motorcycle,1,2341.873,12.4
ch01_00000000140000000.mp4,206280,motorcycle,1,2343.573,15.7
ch01_00000000140000000.mp4,205004,car,3,2343.823,6.8
ch01_00000000140000000.mp4,206472,motorcycle,1,2345.773,7.8
ch01_00000000140000000.mp4,206657,motorcycle,1,2346.573,18.9
ch01_00000000140000000.mp4,206484,motorcycle,1,2346.723,2.5
ch01_00000000140000000.mp4,206710,motorcycle,1,2347.673,17.1
ch01_00000000140000000.mp4,206649,motorcycle,1,2350.023,10.6
ch01_00000000140000000.mp4,206765,car,2,2353.672,6.4
ch01_00000000140000000.mp4,207362,truck,4,2356.222,8.8
ch01_00000000140000000.mp4,207444,motorcycle,1,2356.922,10.0
ch01_00000000140000000.mp4,207524,motorcycle,1,2357.272,4.9
ch01_00000000140000000.mp4,207496,motorcycle,1,2357.622,10.0
ch01_00000000140000000.mp4,207590,motorcycle,1,2358.622,11.3
ch01_00000000140000000.mp4,207809,motorcycle,1,2359.422,12.0
ch01_00000000140000000.mp4,208055,motorcycle,1,2362.322,9.7
ch01_00000000140000000.mp4,208248,motorcycle,1,2363.672,6.3
ch01_00000000140000000.mp4,208331,car,2,2365.021,15.0
ch01_00000000140000000.mp4,208410,motorcycle,1,2365.271,20.0
ch01_00000000140000000.mp4,208530,motorcycle,1,2366.121,7.5
ch01_00000000140000000.mp4,208225,car,2,2366.371,7.2
ch01_00000000140000000.mp4,208776,motorcycle,1,2368.721,3.9
ch01_00000000140000000.mp4,208642,motorcycle,1,2368.771,12.9
ch01_00000000140000000.mp4,208796,motorcycle,1,2369.221,18.9
ch01_00000000140000000.mp4,208888,motorcycle,1,2370.471,22.5
ch01_00000000140000000.mp4,208836,motorcycle,1,2370.871,15.0
ch01_00000000140000000.mp4,208837,motorcycle,1,2370.971,4.0
ch01_00000000140000000.mp4,208991,motorcycle,1,2372.071,18.9
ch01_00000000140000000.mp4,209087,car,2,2373.471,17.1
ch01_00000000140000000.mp4,209166,motorcycle,1,2374.121,18.9
ch01_00000000140000000.mp4,209285,motorcycle,1,2375.471,25.7
ch01_00000000140000000.mp4,209334,motorcycle,1,2377.271,15.0
ch01_00000000140000000.mp4,209034,car,2,2378.271,6.3
ch01_00000000140000000.mp4,209468,motorcycle,1,2379.37,7.7
ch01_00000000140000000.mp4,209687,motorcycle,1,2380.02,10.3
ch01_00000000140000000.mp4,209616,motorcycle,1,2380.47,9.5
ch01_00000000140000000.mp4,209815,motorcycle,1,2381.17,9.7
ch01_00000000140000000.mp4,209216,car,2,2381.37,3.6
ch01_00000000140000000.mp4,209743,car,2,2381.77,7.3
ch01_00000000140000000.mp4,209896,motorcycle,1,2381.97,11.6
ch01_00000000140000000.mp4,209775,motorcycle,1,2382.92,9.0
ch01_00000000140000000.mp4,210088,motorcycle,1,2383.82,13.3
ch01_00000000140000000.mp4,209698,motorcycle,1,2384.07,7.5
ch01_00000000140000000.mp4,210190,motorcycle,1,2385.07,12.0
ch01_00000000140000000.mp4,210302,motorcycle,1,2385.87,14.4
ch01_00000000140000000.mp4,209701,car,2,2386.52,5.6
ch01_00000000140000000.mp4,210432,motorcycle,1,2386.92,16.4
ch01_00000000140000000.mp4,210507,motorcycle,1,2387.87,18.0
ch01_00000000140000000.mp4,210571,motorcycle,1,2388.22,18.0
ch01_00000000140000000.mp4,210505,car,2,2388.72,11.3
ch01_00000000140000000.mp4,210640,motorcycle,1,2389.22,14.4
ch01_00000000140000000.mp4,210641,motorcycle,1,2389.57,10.9
ch01_00000000140000000.mp4,210713,motorcycle,1,2389.92,13.3
ch01_00000000140000000.mp4,210160,car,2,2390.07,10.3
ch01_00000000140000000.mp4,210758,motorcycle,1,2390.57,13.3
ch01_00000000140000000.mp4,210853,motorcycle,1,2391.72,13.3
ch01_00000000140000000.mp4,210859,motorcycle,1,2391.72,15.7
ch01_00000000140000000.mp4,210940,motorcycle,1,2392.519,9.2
ch01_00000000140000000.mp4,210985,motorcycle,1,2392.819,17.1
ch01_00000000140000000.mp4,210957,motorcycle,1,2392.869,17.1
ch01_00000000140000000.mp4,210988,motorcycle,1,2393.169,15.0
ch01_00000000140000000.mp4,210690,car,2,2393.219,10.6
ch01_00000000140000000.mp4,211039,motorcycle,1,2393.719,18.0
ch01_00000000140000000.mp4,211084,motorcycle,1,2394.269,16.4
ch01_00000000140000000.mp4,211114,motorcycle,1,2394.669,17.1
ch01_00000000140000000.mp4,211214,motorcycle,1,2395.569,18.0
ch01_00000000140000000.mp4,211231,car,2,2395.569,10.0
ch01_00000000140000000.mp4,211244,motorcycle,1,2395.819,20.0
ch01_00000000140000000.mp4,211307,motorcycle,1,2396.819,11.3
ch01_00000000140000000.mp4,211393,motorcycle,1,2397.169,18.9
ch01_00000000140000000.mp4,211291,car,3,2397.169,7.7
ch01_00000000140000000.mp4,211504,motorcycle,1,2398.169,21.2
ch01_00000000140000000.mp4,211337,car,2,2398.219,8.2
ch01_00000000140000000.mp4,211505,motorcycle,1,2398.319,21.2
ch01_00000000140000000.mp4,211586,motorcycle,1,2398.919,22.5
ch01_00000000140000000.mp4,211606,motorcycle,1,2399.119,18.9
ch01_00000000140000000.mp4,211643,motorcycle,1,2399.619,21.2
ch01_00000000140000000.mp4,211687,motorcycle,1,2400.019,22.5
ch01_00000000140000000.mp4,211542,motorcycle,1,2400.119,9.0
ch01_00000000140000000.mp4,211742,motorcycle,1,2400.469,22.5
ch01_00000000140000000.mp4,211721,car,2,2400.569,18.9
ch01_00000000140000000.mp4,211793,motorcycle,1,2400.969,16.4
ch01_00000000140000000.mp4,211800,motorcycle,1,2401.169,18.0
ch01_00000000140000000.mp4,211792,motorcycle,1,2401.319,11.3
ch01_00000000140000000.mp4,211871,motorcycle,1,2401.819,18.0
ch01_00000000140000000.mp4,211942,motorcycle,1,2402.419,17.1
ch01_00000000140000000.mp4,211908,motorcycle,1,2402.769,3.4
ch01_00000000140000000.mp4,212005,motorcycle,1,2403.019,18.9
ch01_00000000140000000.mp4,212047,motorcycle,1,2403.219,17.1
ch01_00000000140000000.mp4,212078,motorcycle,1,2403.619,21.2
ch01_00000000140000000.mp4,212073,motorcycle,1,2404.069,3.6
ch01_00000000140000000.mp4,212147,motorcycle,1,2404.119,18.0
ch01_00000000140000000.mp4,212209,motorcycle,1,2404.519,18.0
ch01_00000000140000000.mp4,212235,motorcycle,1,2404.869,20.0
ch01_00000000140000000.mp4,212341,motorcycle,1,2405.918,18.0
ch01_00000000140000000.mp4,212342,motorcycle,1,2406.468,10.0
ch01_00000000140000000.mp4,212261,motorcycle,1,2407.418,8.0
ch01_00000000140000000.mp4,212627,car,3,2409.968,11.3
ch01_00000000140000000.mp4,212735,motorcycle,1,2410.818,13.3
ch01_00000000140000000.mp4,212352,car,2,2410.968,6.7
ch01_00000000140000000.mp4,212930,motorcycle,1,2413.568,8.2
ch01_00000000140000000.mp4,213078,motorcycle,1,2413.568,9.5
ch01_00000000140000000.mp4,213268,motorcycle,1,2415.068,10.6
ch01_00000000140000000.mp4,213339,motorcycle,1,2415.918,10.6
ch01_00000000140000000.mp4,213497,motorcycle,1,2417.617,10.6
ch01_00000000140000000.mp4,213589,motorcycle,1,2418.267,13.3
ch01_00000000140000000.mp4,213353,car,2,2418.568,5.7
ch01_00000000140000000.mp4,213660,motorcycle,1,2418.817,13.3
ch01_00000000140000000.mp4,213679,motorcycle,1,2419.367,11.3
ch01_00000000140000000.mp4,213597,car,2,2419.617,8.2
ch01_00000000140000000.mp4,213773,motorcycle,1,2420.417,10.6
ch01_00000000140000000.mp4,213850,motorcycle,1,2421.317,11.6
ch01_00000000140000000.mp4,213871,motorcycle,1,2421.767,10.9
ch01_00000000140000000.mp4,213778,car,2,2421.817,8.6
ch01_00000000140000000.mp4,214054,car,3,2422.717,9.0
ch01_00000000140000000.mp4,214004,motorcycle,1,2422.867,11.3
ch01_00000000140000000.mp4,213966,car,2,2423.517,7.5
ch01_00000000140000000.mp4,214096,motorcycle,1,2423.617,10.3
ch01_00000000140000000.mp4,214103,motorcycle,1,2423.867,9.5
ch01_00000000140000000.mp4,214146,motorcycle,1,2424.517,10.0
ch01_00000000140000000.mp4,214234,motorcycle,1,2425.217,9.2
ch01_00000000140000000.mp4,214373,car,3,2427.167,8.6
ch01_00000000140000000.mp4,214341,car,2,2427.867,10.3
ch01_00000000140000000.mp4,214504,motorcycle,1,2427.967,12.0
ch01_00000000140000000.mp4,214520,motorcycle,1,2427.967,8.2
ch01_00000000140000000.mp4,214645,motorcycle,1,2428.667,9.2
ch01_00000000140000000.mp4,214627,motorcycle,1,2429.167,8.6
ch01_00000000140000000.mp4,214663,car,2,2429.367,7.3
ch01_00000000140000000.mp4,214647,car,2,2429.667,11.6
ch01_00000000140000000.mp4,214686,motorcycle,1,2429.917,7.5
ch01_00000000140000000.mp4,214692,motorcycle,1,2430.117,10.9
ch01_00000000140000000.mp4,214756,motorcycle,1,2430.966,11.3
ch01_00000000140000000.mp4,214831,motorcycle,1,2431.367,9.5
ch01_00000000140000000.mp4,214890,motorcycle,1,2432.116,10.6
ch01_00000000140000000.mp4,214937,motorcycle,1,2433.066,15.0
ch01_00000000140000000.mp4,214969,motorcycle,1,2433.466,9.0
ch01_00000000140000000.mp4,214984,motorcycle,1,2433.666,15.0
ch01_00000000140000000.mp4,214968,car,2,2433.966,11.6
ch01_00000000140000000.mp4,215061,motorcycle,1,2434.416,13.3
ch01_00000000140000000.mp4,215137,motorcycle,1,2435.416,13.8
ch01_00000000140000000.mp4,215231,motorcycle,1,2437.216,12.4
ch01_00000000140000000.mp4,215254,motorcycle,1,2437.266,9.0
ch01_00000000140000000.mp4,215326,motorcycle,1,2437.716,15.0
ch01_00000000140000000.mp4,215298,motorcycle,1,2437.866,12.9
ch01_00000000140000000.mp4,215327,motorcycle,1,2438.666,10.3
ch01_00000000140000000.mp4,215408,motorcycle,1,2439.216,11.6
ch01_00000000140000000.mp4,215385,motorcycle,1,2439.566,11.3
ch01_00000000140000000.mp4,215540,car,2,2440.416,10.9
ch01_00000000140000000.mp4,215434,car,2,2442.216,5.9
ch01_00000000140000000.mp4,215750,motorcycle,1,2443.216,15.7
ch01_00000000140000000.mp4,215893,motorcycle,1,2444.865,8.4
ch01_00000000140000000.mp4,215977,motorcycle,1,2445.465,11.6
ch01_00000000140000000.mp4,215905,car,2,2446.065,5.3
ch01_00000000140000000.mp4,216018,motorcycle,1,2446.265,12.0
ch01_00000000140000000.mp4,216027,motorcycle,1,2446.465,8.2
ch01_00000000140000000.mp4,216052,motorcycle,1,2447.015,10.3
ch01_00000000140000000.mp4,216097,motorcycle,1,2447.715,8.8
ch01_00000000140000000.mp4,216178,motorcycle,1,2448.515,10.0
ch01_00000000140000000.mp4,216150,car,2,2449.115,6.4
ch01_00000000140000000.mp4,216239,motorcycle,1,2449.315,10.6
ch01_00000000140000000.mp4,216288,motorcycle,1,2449.915,10.3
ch01_00000000140000000.mp4,216407,car,2,2450.515,3.2
ch01_00000000140000000.mp4,216391,motorcycle,1,2450.965,10.3
ch01_00000000140000000.mp4,216416,motorcycle,1,2451.365,10.3
ch01_00000000140000000.mp4,216513,motorcycle,1,2452.065,14.4
ch01_00000000140000000.mp4,216583,motorcycle,1,2453.465,13.8
ch01_00000000140000000.mp4,216473,car,2,2453.515,7.3
ch01_00000000140000000.mp4,216599,motorcycle,1,2453.565,20.0
ch01_00000000140000000.mp4,216628,motorcycle,1,2454.165,13.8
ch01_00000000140000000.mp4,216695,motorcycle,1,2454.965,13.8
ch01_00000000140000000.mp4,216675,truck,4,2455.865,8.6
ch01_00000000140000000.mp4,216720,motorcycle,1,2455.865,11.6
ch01_00000000140000000.mp4,216811,motorcycle,1,2456.465,12.0
ch01_00000000140000000.mp4,216891,motorcycle,1,2457.314,13.8
ch01_00000000140000000.mp4,216998,motorcycle,1,2458.265,15.0
ch01_00000000140000000.mp4,216948,car,2,2458.314,9.5
ch01_00000000140000000.mp4,217085,motorcycle,1,2459.664,15.7
ch01_00000000140000000.mp4,217039,car,2,2460.264,10.6
ch01_00000000140000000.mp4,217151,car,3,2461.814,10.0
ch01_00000000140000000.mp4,217255,motorcycle,1,2462.164,13.8
ch01_00000000140000000.mp4,217220,car,2,2462.414,10.9
ch01_00000000140000000.mp4,217300,motorcycle,1,2462.714,14.4
ch01_00000000140000000.mp4,217422,motorcycle,1,2463.864,17.1
ch01_00000000140000000.mp4,217439,motorcycle,1,2464.014,18.9
ch01_00000000140000000.mp4,217364,car,2,2464.164,12.4
ch01_00000000140000000.mp4,217495,motorcycle,1,2464.564,18.9
ch01_00000000140000000.mp4,217527,car,2,2465.464,14.4
ch01_00000000140000000.mp4,217667,motorcycle,1,2466.264,8.8
ch01_00000000140000000.mp4,217708,motorcycle,1,2466.764,7.7
ch01_00000000140000000.mp4,217670,car,2,2467.014,12.9
ch01_00000000140000000.mp4,217879,car,3,2469.364,9.7
ch01_00000000140000000.mp4,217992,motorcycle,1,2469.914,9.0
ch01_00000000140000000.mp4,218031,motorcycle,1,2469.964,9.2
ch01_00000000140000000.mp4,218096,motorcycle,1,2470.363,13.3
ch01_00000000140000000.mp4,218055,car,2,2470.863,10.6
ch01_00000000140000000.mp4,218151,motorcycle,1,2471.064,12.9
ch01_00000000140000000.mp4,218282,motorcycle,1,2472.363,12.0
ch01_00000000140000000.mp4,218289,motorcycle,1,2472.513,13.8
ch01_00000000140000000.mp4,218389,motorcycle,1,2473.413,12.9
ch01_00000000140000000.mp4,218307,truck,6,2473.613,9.5
ch01_00000000140000000.mp4,218507,car,2,2475.663,10.3
ch01_00000000140000000.mp4,218675,car,2,2476.863,10.9
ch01_00000000140000000.mp4,218743,motorcycle,1,2477.313,17.1
ch01_00000000140000000.mp4,218877,motorcycle,1,2478.713,18.9
ch01_00000000140000000.mp4,218902,car,2,2479.313,12.0
ch01_00000000140000000.mp4,218856,motorcycle,1,2479.613,16.4
ch01_00000000140000000.mp4,218949,motorcycle,1,2480.013,4.3
ch01_00000000140000000.mp4,219047,motorcycle,1,2480.663,16.4
ch01_00000000140000000.mp4,219083,motorcycle,1,2481.363,16.4
ch01_00000000140000000.mp4,219093,car,2,2482.013,11.3
ch01_00000000140000000.mp4,219146,motorcycle,1,2482.213,15.7
ch01_00000000140000000.mp4,219189,motorcycle,1,2482.713,15.7
ch01_00000000140000000.mp4,219216,motorcycle,1,2483.313,15.7
ch01_00000000140000000.mp4,219221,car,2,2484.213,13.8
ch01_00000000140000000.mp4,219359,motorcycle,1,2484.613,8.8
ch01_00000000140000000.mp4,219374,motorcycle,1,2484.662,18.0
ch01_00000000140000000.mp4,219433,motorcycle,1,2485.312,18.0
ch01_00000000140000000.mp4,219440,motorcycle,1,2485.462,18.0
ch01_00000000140000000.mp4,219534,motorcycle,1,2486.462,14.4
ch01_00000000140000000.mp4,219156,car,2,2486.962,7.5
ch01_00000000140000000.mp4,219639,car,3,2489.262,10.9
ch01_00000000140000000.mp4,219812,motorcycle,1,2489.712,15.7
ch01_00000000140000000.mp4,219818,motorcycle,1,2490.462,8.2
ch01_00000000140000000.mp4,219775,car,2,2490.562,10.6
ch01_00000000140000000.mp4,219901,motorcycle,1,2490.812,15.7
ch01_00000000140000000.mp4,219869,motorcycle,1,2491.362,10.6
ch01_00000000140000000.mp4,219806,motorcycle,1,2491.362,18.9
ch01_00000000140000000.mp4,220009,motorcycle,1,2491.862,15.0
ch01_00000000140000000.mp4,219997,motorcycle,1,2491.862,9.5
ch01_00000000140000000.mp4,220076,truck,4,2493.562,10.9
ch01_00000000140000000.mp4,220203,motorcycle,1,2493.612,12.9
ch01_00000000140000000.mp4,220192,motorcycle,1,2494.212,15.0
ch01_00000000140000000.mp4,220270,car,2,2495.262,12.9
ch01_00000000140000000.mp4,220398,motorcycle,1,2495.612,15.7
ch01_00000000140000000.mp4,220396,motorcycle,1,2496.062,11.3
ch01_00000000140000000.mp4,220474,motorcycle,1,2496.912,15.7
ch01_00000000140000000.mp4,220462,car,2,2497.262,14.4
ch01_00000000140000000.mp4,220548,motorcycle,1,2497.662,8.2
ch01_00000000140000000.mp4,220592,car,3,2498.611,11.6
ch01_00000000140000000.mp4,220667,motorcycle,1,2498.711,5.2
ch01_00000000140000000.mp4,220788,motorcycle,1,2499.811,12.0
ch01_00000000140000000.mp4,220765,car,2,2500.111,12.0
ch01_00000000140000000.mp4,220854,motorcycle,1,2500.661,12.0
ch01_00000000140000000.mp4,220693,motorcycle,1,2500.861,3.6
ch01_00000000140000000.mp4,220835,motorcycle,1,2501.261,3.6
ch01_00000000140000000.mp4,220935,car,2,2502.061,14.4
ch01_00000000140000000.mp4,220986,motorcycle,1,2502.061,12.0
ch01_00000000140000000.mp4,221085,motorcycle,1,2502.911,11.3
ch01_00000000140000000.mp4,221168,motorcycle,1,2503.711,12.9
ch01_00000000140000000.mp4,221195,motorcycle,1,2504.311,11.3
ch01_00000000140000000.mp4,221283,motorcycle,1,2505.211,12.4
ch01_00000000140000000.mp4,221178,car,2,2505.261,9.5
ch01_00000000140000000.mp4,221350,motorcycle,1,2505.761,12.9
ch01_00000000140000000.mp4,221387,motorcycle,1,2506.361,13.3
ch01_00000000140000000.mp4,221469,motorcycle,1,2507.711,8.4
ch01_00000000140000000.mp4,221299,car,2,2508.461,8.2
ch01_00000000140000000.mp4,221436,car,3,2509.511,8.2
ch01_00000000140000000.mp4,221501,motorcycle,1,2509.761,9.5
ch01_00000000140000000.mp4,221678,motorcycle,1,2509.861,10.3
ch01_00000000140000000.mp4,221536,car,2,2510.961,7.7
ch01_00000000140000000.mp4,221617,car,2,2512.36,8.6
ch01_00000000140000000.mp4,221983,motorcycle,1,2513.26,18.0
ch01_00000000140000000.mp4,221851,truck,6,2513.76,18.0
ch01_00000000140000000.mp4,222066,motorcycle,1,2514.31,15.7
ch01_00000000140000000.mp4,221967,car,2,2514.66,12.4
