video_file,track_id,vehicle_class,golongan_code,crossed_at_seconds,speed_kph
ch01_00000000148000000.mp4,169,car,2,8.449,25.7
ch01_00000000148000000.mp4,71,motorcycle,1,18.299,22.5
ch01_00000000148000000.mp4,91,motorcycle,1,19.049,7.8
ch01_00000000148000000.mp4,339,motorcycle,1,32.648,30.0
ch01_00000000148000000.mp4,286,car,2,32.948,14.4
ch01_00000000148000000.mp4,345,motorcycle,1,33.098,27.7
ch01_00000000148000000.mp4,387,motorcycle,1,33.698,25.7
ch01_00000000148000000.mp4,92,motorcycle,1,35.097,24.0
ch01_00000000148000000.mp4,80,motorcycle,1,35.647,1.3
ch01_00000000148000000.mp4,168,motorcycle,1,36.447,30.0
ch01_00000000148000000.mp4,146,car,2,37.097,15.0
ch01_00000000148000000.mp4,208,motorcycle,1,37.697,18.9
ch01_00000000148000000.mp4,180,motorcycle,1,37.897,3.8
ch01_00000000148000000.mp4,269,motorcycle,1,38.947,30.0
ch01_00000000148000000.mp4,274,motorcycle,1,39.047,24.0
ch01_00000000148000000.mp4,343,car,2,40.997,15.0
ch01_00000000148000000.mp4,390,motorcycle,1,41.497,30.0
ch01_00000000148000000.mp4,426,motorcycle,1,42.597,24.0
ch01_00000000148000000.mp4,74,motorcycle,1,43.797,21.2
ch01_00000000148000000.mp4,81,car,2,44.947,13.8
ch01_00000000148000000.mp4,152,motorcycle,1,45.347,24.0
ch01_00000000148000000.mp4,154,car,3,45.947,15.0
ch01_00000000148000000.mp4,182,car,2,48.547,15.7
ch01_00000000148000000.mp4,129,motorcycle,1,49.246,40.0
ch01_00000000148000000.mp4,289,car,2,51.646,15.7
ch01_00000000148000000.mp4,358,motorcycle,1,52.346,21.2
ch01_00000000148000000.mp4,402,motorcycle,1,52.696,24.0
ch01_00000000148000000.mp4,432,motorcycle,1,53.096,24.0
ch01_00000000148000000.mp4,556,motorcycle,1,55.296,30.0
ch01_00000000148000000.mp4,606,motorcycle,1,56.196,25.7
ch01_00000000148000000.mp4,629,motorcycle,1,56.646,20.0
ch01_00000000148000000.mp4,628,motorcycle,1,56.746,22.5
ch01_00000000148000000.mp4,696,motorcycle,1,57.346,22.5
ch01_00000000148000000.mp4,784,car,2,58.846,20.0
ch01_00000000148000000.mp4,851,motorcycle,1,59.596,21.2
ch01_00000000148000000.mp4,899,motorcycle,1,60.246,22.5
ch01_00000000148000000.mp4,938,motorcycle,1,60.696,21.2
ch01_00000000148000000.mp4,955,motorcycle,1,60.746,27.7
ch01_00000000148000000.mp4,1013,motorcycle,1,61.946,24.0
ch01_00000000148000000.mp4,1052,motorcycle,1,62.745,16.4
ch01_00000000148000000.mp4,1036,car,2,62.845,21.2
ch01_00000000148000000.mp4,1110,motorcycle,1,63.295,24.0
ch01_00000000148000000.mp4,1238,motorcycle,1,64.845,21.2
ch01_00000000148000000.mp4,1193,motorcycle,1,65.195,20.0
ch01_00000000148000000.mp4,1285,motorcycle,1,65.945,21.2
ch01_00000000148000000.mp4,1395,motorcycle,1,67.295,22.5
ch01_00000000148000000.mp4,1449,motorcycle,1,67.995,18.9
ch01_00000000148000000.mp4,1512,motorcycle,1,68.995,24.0
ch01_00000000148000000.mp4,1504,motorcycle,1,69.045,18.0
ch01_00000000148000000.mp4,1520,motorcycle,1,69.445,10.6
ch01_00000000148000000.mp4,1573,car,2,71.245,12.0
ch01_00000000148000000.mp4,1655,motorcycle,1,71.445,18.0
ch01_00000000148000000.mp4,1695,motorcycle,1,71.795,22.5
ch01_00000000148000000.mp4,1743,car,2,72.845,18.0
ch01_00000000148000000.mp4,1877,motorcycle,1,74.645,20.0
ch01_00000000148000000.mp4,1882,truck,4,75.294,17.1
ch01_00000000148000000.mp4,1961,car,2,76.744,17.1
ch01_00000000148000000.mp4,2008,motorcycle,1,78.144,22.5
ch01_00000000148000000.mp4,2146,motorcycle,1,78.844,21.2
ch01_00000000148000000.mp4,2064,car,3,79.044,14.4
ch01_00000000148000000.mp4,2176,car,2,79.644,15.0
ch01_00000000148000000.mp4,2319,car,2,81.644,15.7
ch01_00000000148000000.mp4,2402,motorcycle,1,82.244,18.9
ch01_00000000148000000.mp4,2403,motorcycle,1,82.394,21.2
ch01_00000000148000000.mp4,2449,car,2,83.444,16.4
ch01_00000000148000000.mp4,2564,motorcycle,1,84.444,21.2
ch01_00000000148000000.mp4,2611,car,2,85.594,16.4
ch01_00000000148000000.mp4,2650,motorcycle,1,85.744,24.0
ch01_00000000148000000.mp4,2633,motorcycle,1,86.244,7.5
ch01_00000000148000000.mp4,2747,motorcycle,1,87.594,21.2
ch01_00000000148000000.mp4,2736,car,2,87.894,18.0
ch01_00000000148000000.mp4,2823,motorcycle,1,88.894,25.7
ch01_00000000148000000.mp4,2848,motorcycle,1,89.293,20.0
ch01_00000000148000000.mp4,2913,car,2,90.843,12.9
ch01_00000000148000000.mp4,2953,motorcycle,1,90.943,18.0
ch01_00000000148000000.mp4,3013,motorcycle,1,91.793,18.0
ch01_00000000148000000.mp4,3094,car,2,93.843,17.1
ch01_00000000148000000.mp4,3120,motorcycle,1,93.893,21.2
ch01_00000000148000000.mp4,3194,car,2,95.193,18.9
ch01_00000000148000000.mp4,3303,motorcycle,1,97.043,20.0
ch01_00000000148000000.mp4,3434,motorcycle,1,99.243,32.7
ch01_00000000148000000.mp4,3439,car,3,100.143,15.7
ch01_00000000148000000.mp4,3558,car,2,101.743,16.4
ch01_00000000148000000.mp4,3711,car,2,103.692,18.0
ch01_00000000148000000.mp4,3941,motorcycle,1,107.142,22.5
ch01_00000000148000000.mp4,3929,motorcycle,1,107.342,12.9
ch01_00000000148000000.mp4,4069,motorcycle,1,108.892,24.0
ch01_00000000148000000.mp4,4128,motorcycle,1,109.642,25.7
ch01_00000000148000000.mp4,4143,car,2,110.342,15.0
ch01_00000000148000000.mp4,4244,motorcycle,1,111.042,27.7
ch01_00000000148000000.mp4,4401,car,2,114.092,18.9
ch01_00000000148000000.mp4,4556,motorcycle,1,116.092,21.2
ch01_00000000148000000.mp4,4637,motorcycle,1,116.791,27.7
ch01_00000000148000000.mp4,4705,motorcycle,1,117.791,30.0
ch01_00000000148000000.mp4,4722,motorcycle,1,118.141,24.0
ch01_00000000148000000.mp4,4771,motorcycle,1,118.441,27.7
ch01_00000000148000000.mp4,4877,motorcycle,1,120.241,24.0
ch01_00000000148000000.mp4,4898,motorcycle,1,120.641,25.7
ch01_00000000148000000.mp4,4996,motorcycle,1,122.791,15.0
ch01_00000000148000000.mp4,5153,car,2,124.891,24.0
ch01_00000000148000000.mp4,5161,motorcycle,1,124.941,18.0
ch01_00000000148000000.mp4,5306,truck,4,126.991,27.7
ch01_00000000148000000.mp4,5426,truck,4,128.791,21.2
ch01_00000000148000000.mp4,5431,motorcycle,1,128.891,20.0
ch01_00000000148000000.mp4,5542,car,2,130.291,24.0
ch01_00000000148000000.mp4,5717,motorcycle,1,132.54,30.0
ch01_00000000148000000.mp4,5739,car,2,133.99,17.1
ch01_00000000148000000.mp4,5864,motorcycle,1,135.09,27.7
ch01_00000000148000000.mp4,5991,motorcycle,1,137.34,25.7
ch01_00000000148000000.mp4,6082,motorcycle,1,139.94,15.0
ch01_00000000148000000.mp4,6163,motorcycle,1,140.94,17.1
ch01_00000000148000000.mp4,6231,car,2,142.94,20.0
ch01_00000000148000000.mp4,6417,motorcycle,1,145.939,20.0
ch01_00000000148000000.mp4,6496,motorcycle,1,147.189,18.9
ch01_00000000148000000.mp4,6530,motorcycle,1,147.539,25.7
ch01_00000000148000000.mp4,6608,motorcycle,1,148.889,24.0
ch01_00000000148000000.mp4,6745,motorcycle,1,150.689,24.0
ch01_00000000148000000.mp4,6799,motorcycle,1,151.489,27.7
ch01_00000000148000000.mp4,6953,motorcycle,1,154.439,13.8
ch01_00000000148000000.mp4,6826,motorcycle,1,155.039,8.4
ch01_00000000148000000.mp4,6960,motorcycle,1,155.639,9.2
ch01_00000000148000000.mp4,7122,car,2,157.839,14.4
ch01_00000000148000000.mp4,7336,motorcycle,1,159.888,18.9
ch01_00000000148000000.mp4,7502,motorcycle,1,162.738,25.7
ch01_00000000148000000.mp4,7775,car,2,168.838,16.4
ch01_00000000148000000.mp4,8043,motorcycle,1,172.887,8.2
ch01_00000000148000000.mp4,8253,motorcycle,1,175.437,11.6
ch01_00000000148000000.mp4,8363,motorcycle,1,177.237,22.5
ch01_00000000148000000.mp4,8427,car,2,180.687,15.0
ch01_00000000148000000.mp4,8731,motorcycle,1,184.687,21.2
ch01_00000000148000000.mp4,8818,motorcycle,1,186.237,22.5
ch01_00000000148000000.mp4,8805,motorcycle,1,186.637,8.8
ch01_00000000148000000.mp4,9000,motorcycle,1,189.236,8.2
ch01_00000000148000000.mp4,9086,motorcycle,1,190.936,20.0
ch01_00000000148000000.mp4,9356,motorcycle,1,194.886,18.9
ch01_00000000148000000.mp4,9679,motorcycle,1,200.036,15.0
ch01_00000000148000000.mp4,9713,motorcycle,1,201.085,10.0
ch01_00000000148000000.mp4,9839,car,2,204.085,13.3
ch01_00000000148000000.mp4,9917,motorcycle,1,204.185,18.9
ch01_00000000148000000.mp4,10093,motorcycle,1,206.635,15.7
ch01_00000000148000000.mp4,10260,motorcycle,1,209.435,22.5
ch01_00000000148000000.mp4,10253,motorcycle,1,209.535,13.8
ch01_00000000148000000.mp4,10510,motorcycle,1,213.635,8.4
ch01_00000000148000000.mp4,11304,motorcycle,1,227.034,24.0
ch01_00000000148000000.mp4,11403,motorcycle,1,229.383,20.0
ch01_00000000148000000.mp4,11446,motorcycle,1,229.433,30.0
ch01_00000000148000000.mp4,11597,car,2,232.433,20.0
ch01_00000000148000000.mp4,11804,motorcycle,1,237.733,9.7
ch01_00000000148000000.mp4,11961,motorcycle,1,239.483,22.5
ch01_00000000148000000.mp4,12034,motorcycle,1,241.382,18.0
ch01_00000000148000000.mp4,12188,car,2,244.082,22.5
ch01_00000000148000000.mp4,12380,motorcycle,1,247.282,30.0
ch01_00000000148000000.mp4,12445,motorcycle,1,248.282,30.0
ch01_00000000148000000.mp4,12768,motorcycle,1,253.582,25.7
ch01_00000000148000000.mp4,12762,motorcycle,1,254.132,24.0
ch01_00000000148000000.mp4,12816,motorcycle,1,254.631,24.0
ch01_00000000148000000.mp4,12844,motorcycle,1,255.431,24.0
ch01_00000000148000000.mp4,12884,motorcycle,1,256.031,27.7
ch01_00000000148000000.mp4,12931,motorcycle,1,256.731,22.5
ch01_00000000148000000.mp4,12912,truck,4,256.931,15.0
ch01_00000000148000000.mp4,12953,motorcycle,1,257.481,7.8
ch01_00000000148000000.mp4,12958,motorcycle,1,257.481,21.2
ch01_00000000148000000.mp4,12991,motorcycle,1,257.881,27.7
ch01_00000000148000000.mp4,13039,motorcycle,1,258.881,12.4
ch01_00000000148000000.mp4,13030,motorcycle,1,260.231,10.3
ch01_00000000148000000.mp4,13169,motorcycle,1,260.281,22.5
ch01_00000000148000000.mp4,13315,motorcycle,1,262.481,21.2
ch01_00000000148000000.mp4,13395,motorcycle,1,263.431,24.0
ch01_00000000148000000.mp4,13362,car,2,263.581,18.9
ch01_00000000148000000.mp4,13348,motorcycle,1,263.981,18.9
ch01_00000000148000000.mp4,13483,motorcycle,1,264.731,20.0
ch01_00000000148000000.mp4,13535,motorcycle,1,265.281,18.9
ch01_00000000148000000.mp4,13544,motorcycle,1,265.531,21.2
ch01_00000000148000000.mp4,13590,motorcycle,1,266.081,18.9
ch01_00000000148000000.mp4,13623,motorcycle,1,266.681,20.0
ch01_00000000148000000.mp4,13688,motorcycle,1,267.281,22.5
ch01_00000000148000000.mp4,13695,motorcycle,1,267.531,18.0
ch01_00000000148000000.mp4,13743,motorcycle,1,268.481,18.9
ch01_00000000148000000.mp4,13836,motorcycle,1,270.18,22.5
ch01_00000000148000000.mp4,13888,motorcycle,1,270.83,22.5
ch01_00000000148000000.mp4,13865,car,2,270.88,18.9
ch01_00000000148000000.mp4,13971,car,2,272.83,24.0
ch01_00000000148000000.mp4,14025,car,2,273.03,22.5
ch01_00000000148000000.mp4,14075,motorcycle,1,273.23,25.7
ch01_00000000148000000.mp4,14076,motorcycle,1,273.23,18.0
ch01_00000000148000000.mp4,14165,motorcycle,1,274.93,21.2
ch01_00000000148000000.mp4,14259,motorcycle,1,275.98,22.5
ch01_00000000148000000.mp4,14488,car,2,279.78,22.5
ch01_00000000148000000.mp4,14601,motorcycle,1,280.63,18.9
ch01_00000000148000000.mp4,14577,motorcycle,1,280.88,24.0
ch01_00000000148000000.mp4,14655,motorcycle,1,281.63,21.2
ch01_00000000148000000.mp4,14717,motorcycle,1,282.18,21.2
ch01_00000000148000000.mp4,14854,motorcycle,1,283.779,24.0
ch01_00000000148000000.mp4,14897,motorcycle,1,284.279,22.5
ch01_00000000148000000.mp4,14600,car,2,284.329,9.0
ch01_00000000148000000.mp4,14957,motorcycle,1,284.929,21.2
ch01_00000000148000000.mp4,14981,motorcycle,1,285.129,22.5
ch01_00000000148000000.mp4,14803,motorcycle,1,285.279,11.6
ch01_00000000148000000.mp4,14873,motorcycle,1,286.329,18.9
ch01_00000000148000000.mp4,15026,car,3,286.629,10.9
ch01_00000000148000000.mp4,15187,truck,4,288.579,12.0
ch01_00000000148000000.mp4,15328,car,2,290.229,15.7
ch01_00000000148000000.mp4,15417,car,2,291.679,15.0
ch01_00000000148000000.mp4,15512,motorcycle,1,293.029,16.4
ch01_00000000148000000.mp4,15516,car,2,293.379,15.7
ch01_00000000148000000.mp4,15574,motorcycle,1,294.379,16.4
ch01_00000000148000000.mp4,15605,car,2,295.279,18.0
ch01_00000000148000000.mp4,15640,motorcycle,1,295.479,16.4
ch01_00000000148000000.mp4,15688,motorcycle,1,295.928,18.0
ch01_00000000148000000.mp4,15664,car,2,296.279,18.9
ch01_00000000148000000.mp4,15727,motorcycle,1,296.728,20.0
ch01_00000000148000000.mp4,15764,motorcycle,1,297.278,21.2
ch01_00000000148000000.mp4,15784,motorcycle,1,297.528,22.5
ch01_00000000148000000.mp4,15846,truck,4,299.078,16.4
ch01_00000000148000000.mp4,16004,motorcycle,1,300.478,30.0
ch01_00000000148000000.mp4,16088,car,2,301.828,18.0
ch01_00000000148000000.mp4,16141,motorcycle,1,302.828,20.0
ch01_00000000148000000.mp4,16201,motorcycle,1,303.928,20.0
ch01_00000000148000000.mp4,16210,motorcycle,1,304.278,10.6
ch01_00000000148000000.mp4,16302,motorcycle,1,305.578,25.7
ch01_00000000148000000.mp4,16417,truck,6,308.278,15.0
ch01_00000000148000000.mp4,16452,car,2,308.528,30.0
ch01_00000000148000000.mp4,16509,car,2,309.777,17.1
ch01_00000000148000000.mp4,16649,truck,6,311.977,15.7
ch01_00000000148000000.mp4,16666,car,2,312.227,16.4
ch01_00000000148000000.mp4,16734,motorcycle,1,312.477,24.0
ch01_00000000148000000.mp4,16842,motorcycle,1,313.877,22.5
ch01_00000000148000000.mp4,16783,motorcycle,1,314.477,22.5
ch01_00000000148000000.mp4,16955,motorcycle,1,315.527,22.5
ch01_00000000148000000.mp4,16972,car,2,316.077,18.0
ch01_00000000148000000.mp4,17082,motorcycle,1,318.027,14.4
ch01_00000000148000000.mp4,17121,car,3,319.027,18.0
ch01_00000000148000000.mp4,17040,car,2,319.627,7.3
ch01_00000000148000000.mp4,17228,car,2,320.077,18.0
ch01_00000000148000000.mp4,17248,motorcycle,1,320.177,24.0
ch01_00000000148000000.mp4,17298,motorcycle,1,321.427,22.5
ch01_00000000148000000.mp4,17328,motorcycle,1,321.927,22.5
ch01_00000000148000000.mp4,17307,truck,6,322.427,20.0
ch01_00000000148000000.mp4,17427,motorcycle,1,324.127,24.0
ch01_00000000148000000.mp4,17467,motorcycle,1,324.626,21.2
ch01_00000000148000000.mp4,17495,car,2,325.376,15.7
ch01_00000000148000000.mp4,17635,motorcycle,1,327.376,22.5
ch01_00000000148000000.mp4,17673,car,2,328.276,21.2
ch01_00000000148000000.mp4,17784,motorcycle,1,329.726,21.2
ch01_00000000148000000.mp4,17772,motorcycle,1,330.026,27.7
ch01_00000000148000000.mp4,17854,motorcycle,1,330.776,27.7
ch01_00000000148000000.mp4,17986,motorcycle,1,332.776,20.0
ch01_00000000148000000.mp4,18000,motorcycle,1,332.826,24.0
ch01_00000000148000000.mp4,18066,car,2,334.376,24.0
ch01_00000000148000000.mp4,17959,truck,6,334.676,9.2
ch01_00000000148000000.mp4,18344,motorcycle,1,339.825,21.2
ch01_00000000148000000.mp4,18320,motorcycle,1,340.525,9.5
ch01_00000000148000000.mp4,18436,motorcycle,1,341.475,18.9
ch01_00000000148000000.mp4,18131,motorcycle,1,341.775,8.2
ch01_00000000148000000.mp4,18471,truck,6,343.475,12.4
ch01_00000000148000000.mp4,18609,car,2,345.475,18.0
ch01_00000000148000000.mp4,18608,car,2,346.275,12.9
ch01_00000000148000000.mp4,18725,motorcycle,1,347.975,22.5
ch01_00000000148000000.mp4,18785,motorcycle,1,349.025,22.5
ch01_00000000148000000.mp4,18743,truck,6,349.625,15.0
ch01_00000000148000000.mp4,18864,truck,6,351.625,13.8
ch01_00000000148000000.mp4,18961,motorcycle,1,352.324,25.7
ch01_00000000148000000.mp4,19035,car,2,353.974,13.8
ch01_00000000148000000.mp4,19123,motorcycle,1,355.074,24.0
ch01_00000000148000000.mp4,19279,truck,6,358.074,15.0
ch01_00000000148000000.mp4,19408,motorcycle,1,359.124,27.7
ch01_00000000148000000.mp4,19479,motorcycle,1,360.074,16.4
ch01_00000000148000000.mp4,19513,motorcycle,1,360.274,24.0
ch01_00000000148000000.mp4,19525,motorcycle,1,360.474,30.0
ch01_00000000148000000.mp4,19395,truck,6,361.024,15.0
ch01_00000000148000000.mp4,19746,motorcycle,1,364.274,7.5
ch01_00000000148000000.mp4,19883,motorcycle,1,366.423,14.4
ch01_00000000148000000.mp4,19979,motorcycle,1,368.273,21.2
ch01_00000000148000000.mp4,20062,car,2,369.623,15.7
ch01_00000000148000000.mp4,20079,motorcycle,1,369.923,20.0
ch01_00000000148000000.mp4,20127,car,2,373.273,5.4
ch01_00000000148000000.mp4,20264,car,2,373.823,18.9
ch01_00000000148000000.mp4,20421,motorcycle,1,376.423,16.4
ch01_00000000148000000.mp4,20406,motorcycle,1,377.123,10.6
ch01_00000000148000000.mp4,20797,motorcycle,1,381.622,18.0
ch01_00000000148000000.mp4,20810,motorcycle,1,382.322,13.3
ch01_00000000148000000.mp4,21029,motorcycle,1,386.172,13.3
ch01_00000000148000000.mp4,21045,car,2,386.672,18.0
ch01_00000000148000000.mp4,21182,motorcycle,1,388.422,21.2
ch01_00000000148000000.mp4,21395,motorcycle,1,391.772,12.4
ch01_00000000148000000.mp4,21629,car,2,396.721,16.4
ch01_00000000148000000.mp4,21796,car,2,398.571,17.1
ch01_00000000148000000.mp4,21859,motorcycle,1,398.621,27.7
ch01_00000000148000000.mp4,21835,car,2,398.721,6.0
ch01_00000000148000000.mp4,21946,car,2,400.871,16.4
ch01_00000000148000000.mp4,21982,car,3,403.071,11.6
ch01_00000000148000000.mp4,22114,motorcycle,1,404.671,3.3
ch01_00000000148000000.mp4,22199,motorcycle,1,406.271,2.8
ch01_00000000148000000.mp4,22219,motorcycle,1,408.62,10.3
ch01_00000000148000000.mp4,22394,motorcycle,1,409.42,12.9
ch01_00000000148000000.mp4,22584,motorcycle,1,412.42,14.4
ch01_00000000148000000.mp4,22683,motorcycle,1,413.67,22.5
ch01_00000000148000000.mp4,22677,motorcycle,1,413.87,15.0
ch01_00000000148000000.mp4,22668,motorcycle,1,414.62,11.6
ch01_00000000148000000.mp4,22936,motorcycle,1,418.77,9.0
ch01_00000000148000000.mp4,23066,motorcycle,1,420.37,10.0
ch01_00000000148000000.mp4,23214,car,2,423.269,15.0
ch01_00000000148000000.mp4,23240,car,2,424.819,13.8
ch01_00000000148000000.mp4,23342,car,2,425.619,30.0
ch01_00000000148000000.mp4,23424,motorcycle,1,427.269,18.0
ch01_00000000148000000.mp4,23558,motorcycle,1,429.019,30.0
ch01_00000000148000000.mp4,23631,car,2,430.269,20.0
ch01_00000000148000000.mp4,23587,motorcycle,1,431.069,8.0
ch01_00000000148000000.mp4,23729,car,2,432.419,11.3
ch01_00000000148000000.mp4,23891,motorcycle,1,433.818,18.0
ch01_00000000148000000.mp4,23784,car,2,433.818,15.0
ch01_00000000148000000.mp4,24070,car,2,437.218,5.4
ch01_00000000148000000.mp4,24040,car,2,437.368,13.3
ch01_00000000148000000.mp4,24381,car,2,442.268,13.3
ch01_00000000148000000.mp4,24596,car,2,444.718,4.5
ch01_00000000148000000.mp4,24607,motorcycle,1,446.818,4.5
ch01_00000000148000000.mp4,24747,motorcycle,1,448.917,4.7
ch01_00000000148000000.mp4,24990,motorcycle,1,451.567,25.7
ch01_00000000148000000.mp4,25271,motorcycle,1,455.967,18.9
ch01_00000000148000000.mp4,25401,car,2,457.767,17.1
ch01_00000000148000000.mp4,25539,motorcycle,1,459.917,8.8
ch01_00000000148000000.mp4,25679,motorcycle,1,461.866,25.7
ch01_00000000148000000.mp4,25796,motorcycle,1,463.316,30.0
ch01_00000000148000000.mp4,25775,motorcycle,1,463.816,9.0
ch01_00000000148000000.mp4,25870,motorcycle,1,465.066,27.7
ch01_00000000148000000.mp4,25924,motorcycle,1,466.466,27.7
ch01_00000000148000000.mp4,25946,motorcycle,1,466.766,22.5
ch01_00000000148000000.mp4,26010,motorcycle,1,467.366,27.7
ch01_00000000148000000.mp4,26030,motorcycle,1,467.816,27.7
ch01_00000000148000000.mp4,26050,motorcycle,1,468.816,12.0
ch01_00000000148000000.mp4,26170,motorcycle,1,469.766,22.5
ch01_00000000148000000.mp4,26223,motorcycle,1,470.116,17.1
ch01_00000000148000000.mp4,26201,motorcycle,1,470.216,21.2
ch01_00000000148000000.mp4,26267,motorcycle,1,471.116,24.0
ch01_00000000148000000.mp4,26288,motorcycle,1,472.216,8.2
ch01_00000000148000000.mp4,26384,motorcycle,1,473.116,24.0
ch01_00000000148000000.mp4,26398,motorcycle,1,473.416,24.0
ch01_00000000148000000.mp4,26322,car,2,474.166,7.8
ch01_00000000148000000.mp4,26470,motorcycle,1,474.516,22.5
ch01_00000000148000000.mp4,26463,motorcycle,1,475.216,24.0
ch01_00000000148000000.mp4,26556,motorcycle,1,475.916,18.9
ch01_00000000148000000.mp4,26607,motorcycle,1,476.765,18.9
ch01_00000000148000000.mp4,26673,motorcycle,1,477.765,25.7
ch01_00000000148000000.mp4,26702,motorcycle,1,478.465,21.2
ch01_00000000148000000.mp4,26720,motorcycle,1,478.615,18.9
ch01_00000000148000000.mp4,26712,motorcycle,1,479.015,21.2
ch01_00000000148000000.mp4,26505,car,2,479.065,8.4
ch01_00000000148000000.mp4,26789,motorcycle,1,479.665,21.2
ch01_00000000148000000.mp4,26809,motorcycle,1,480.415,8.4
ch01_00000000148000000.mp4,26839,motorcycle,1,480.515,16.4
ch01_00000000148000000.mp4,26869,motorcycle,1,480.815,18.9
ch01_00000000148000000.mp4,26915,motorcycle,1,481.715,18.0
ch01_00000000148000000.mp4,26913,motorcycle,1,481.765,15.0
ch01_00000000148000000.mp4,26837,car,2,482.115,5.4
ch01_00000000148000000.mp4,26967,motorcycle,1,482.515,17.1
ch01_00000000148000000.mp4,26989,motorcycle,1,482.615,15.7
ch01_00000000148000000.mp4,26951,motorcycle,1,483.065,16.4
ch01_00000000148000000.mp4,27098,motorcycle,1,484.265,18.9
ch01_00000000148000000.mp4,27122,motorcycle,1,484.915,18.9
ch01_00000000148000000.mp4,27116,car,2,485.615,4.7
ch01_00000000148000000.mp4,27201,motorcycle,1,486.215,18.0
ch01_00000000148000000.mp4,27281,motorcycle,1,487.365,18.0
ch01_00000000148000000.mp4,27305,motorcycle,1,487.815,20.0
ch01_00000000148000000.mp4,27378,car,2,488.865,18.0
ch01_00000000148000000.mp4,27499,motorcycle,1,490.014,20.0
ch01_00000000148000000.mp4,27544,motorcycle,1,490.614,20.0
ch01_00000000148000000.mp4,27630,motorcycle,1,491.564,18.0
ch01_00000000148000000.mp4,27595,car,2,491.714,18.0
ch01_00000000148000000.mp4,27737,car,2,493.214,21.2
ch01_00000000148000000.mp4,27772,motorcycle,1,493.614,18.0
ch01_00000000148000000.mp4,28012,motorcycle,1,496.714,18.9
ch01_00000000148000000.mp4,28048,motorcycle,1,497.214,21.2
ch01_00000000148000000.mp4,28084,car,2,498.064,16.4
ch01_00000000148000000.mp4,28138,motorcycle,1,498.914,20.0
ch01_00000000148000000.mp4,28164,car,2,499.764,18.0
ch01_00000000148000000.mp4,28193,motorcycle,1,500.064,21.2
ch01_00000000148000000.mp4,28217,car,2,500.564,16.4
ch01_00000000148000000.mp4,28303,motorcycle,1,501.314,25.7
ch01_00000000148000000.mp4,28270,car,2,501.614,16.4
ch01_00000000148000000.mp4,28531,car,2,505.763,17.1
ch01_00000000148000000.mp4,28647,motorcycle,1,506.913,24.0
ch01_00000000148000000.mp4,28708,motorcycle,1,507.763,32.7
ch01_00000000148000000.mp4,28712,motorcycle,1,507.813,22.5
ch01_00000000148000000.mp4,28724,truck,6,508.463,17.1
ch01_00000000148000000.mp4,28792,motorcycle,1,509.313,21.2
ch01_00000000148000000.mp4,28887,truck,4,510.913,18.0
ch01_00000000148000000.mp4,29071,motorcycle,1,513.063,21.2
ch01_00000000148000000.mp4,29093,motorcycle,1,513.513,22.5
ch01_00000000148000000.mp4,29180,motorcycle,1,514.813,22.5
ch01_00000000148000000.mp4,29189,truck,4,515.263,18.0
ch01_00000000148000000.mp4,29199,car,2,516.013,8.2
ch01_00000000148000000.mp4,29193,motorcycle,1,517.512,12.0
ch01_00000000148000000.mp4,29265,motorcycle,1,517.862,11.3
ch01_00000000148000000.mp4,29285,car,2,517.912,9.0
ch01_00000000148000000.mp4,29331,motorcycle,1,518.212,21.2
ch01_00000000148000000.mp4,29374,motorcycle,1,518.812,21.2
ch01_00000000148000000.mp4,29511,motorcycle,1,521.562,24.0
ch01_00000000148000000.mp4,29528,motorcycle,1,522.062,24.0
ch01_00000000148000000.mp4,29591,motorcycle,1,523.212,30.0
ch01_00000000148000000.mp4,29640,car,2,524.612,13.3
ch01_00000000148000000.mp4,29669,motorcycle,1,526.212,27.7
ch01_00000000148000000.mp4,29740,motorcycle,1,526.412,27.7
ch01_00000000148000000.mp4,29739,car,2,527.062,10.0
ch01_00000000148000000.mp4,29911,motorcycle,1,529.212,18.9
ch01_00000000148000000.mp4,29924,car,2,530.162,6.9
ch01_00000000148000000.mp4,30109,car,2,534.111,8.2
ch01_00000000148000000.mp4,30302,motorcycle,1,537.111,22.5
ch01_00000000148000000.mp4,30305,car,2,538.061,10.9
ch01_00000000148000000.mp4,30351,motorcycle,1,538.111,21.2
ch01_00000000148000000.mp4,30372,car,2,539.211,24.0
ch01_00000000148000000.mp4,30582,motorcycle,1,542.211,32.7
ch01_00000000148000000.mp4,30703,motorcycle,1,544.41,10.9
ch01_00000000148000000.mp4,30783,motorcycle,1,548.16,10.3
ch01_00000000148000000.mp4,30931,motorcycle,1,549.06,8.8
ch01_00000000148000000.mp4,31169,motorcycle,1,552.01,18.9
ch01_00000000148000000.mp4,31309,motorcycle,1,554.11,24.0
ch01_00000000148000000.mp4,31562,motorcycle,1,558.46,36.0
ch01_00000000148000000.mp4,31671,motorcycle,1,560.209,20.0
ch01_00000000148000000.mp4,31776,motorcycle,1,561.409,21.2
ch01_00000000148000000.mp4,31851,motorcycle,1,563.559,11.6
ch01_00000000148000000.mp4,32031,motorcycle,1,564.959,30.0
ch01_00000000148000000.mp4,32083,truck,6,566.409,22.5
ch01_00000000148000000.mp4,32172,car,2,567.659,21.2
ch01_00000000148000000.mp4,32262,car,3,568.859,24.0
ch01_00000000148000000.mp4,32532,motorcycle,1,573.008,15.0
ch01_00000000148000000.mp4,32675,motorcycle,1,575.208,27.7
ch01_00000000148000000.mp4,32865,motorcycle,1,577.958,24.0
ch01_00000000148000000.mp4,32908,motorcycle,1,578.608,24.0
ch01_00000000148000000.mp4,33008,motorcycle,1,580.308,20.0
ch01_00000000148000000.mp4,33077,motorcycle,1,580.858,22.5
ch01_00000000148000000.mp4,33144,motorcycle,1,581.858,21.2
ch01_00000000148000000.mp4,33578,motorcycle,1,588.357,22.5
ch01_00000000148000000.mp4,33615,motorcycle,1,588.507,27.7
ch01_00000000148000000.mp4,33740,car,2,590.007,25.7
ch01_00000000148000000.mp4,33878,motorcycle,1,592.157,13.8
ch01_00000000148000000.mp4,34188,car,2,596.857,10.6
ch01_00000000148000000.mp4,34432,motorcycle,1,600.156,15.0
ch01_00000000148000000.mp4,34571,motorcycle,1,601.856,22.5
ch01_00000000148000000.mp4,34928,car,2,607.456,17.1
ch01_00000000148000000.mp4,35145,car,2,610.206,17.1
ch01_00000000148000000.mp4,35069,car,2,610.956,5.5
ch01_00000000148000000.mp4,35393,motorcycle,1,614.205,15.7
ch01_00000000148000000.mp4,35460,motorcycle,1,615.055,10.0
ch01_00000000148000000.mp4,35410,motorcycle,1,615.505,9.5
ch01_00000000148000000.mp4,35453,truck,4,616.605,18.0
ch01_00000000148000000.mp4,35849,motorcycle,1,620.405,21.2
ch01_00000000148000000.mp4,35992,motorcycle,1,622.455,22.5
ch01_00000000148000000.mp4,36035,motorcycle,1,623.155,24.0
ch01_00000000148000000.mp4,36229,motorcycle,1,626.205,22.5
ch01_00000000148000000.mp4,36208,motorcycle,1,626.605,15.0
ch01_00000000148000000.mp4,36459,motorcycle,1,630.304,10.9
ch01_00000000148000000.mp4,36601,motorcycle,1,632.354,12.9
ch01_00000000148000000.mp4,36598,car,2,633.804,9.7
ch01_00000000148000000.mp4,36757,motorcycle,1,635.054,12.4
ch01_00000000148000000.mp4,36909,motorcycle,1,636.954,13.3
ch01_00000000148000000.mp4,36966,car,2,638.304,14.4
ch01_00000000148000000.mp4,36994,car,2,639.854,15.7
ch01_00000000148000000.mp4,37160,motorcycle,1,642.303,5.9
ch01_00000000148000000.mp4,37259,motorcycle,1,643.753,12.4
ch01_00000000148000000.mp4,37294,motorcycle,1,644.653,11.3
ch01_00000000148000000.mp4,37308,motorcycle,1,645.353,8.6
ch01_00000000148000000.mp4,37382,car,2,647.353,12.4
ch01_00000000148000000.mp4,37440,motorcycle,1,647.403,14.4
ch01_00000000148000000.mp4,37591,motorcycle,1,650.553,9.2
ch01_00000000148000000.mp4,37611,car,2,651.603,17.1
ch01_00000000148000000.mp4,37700,motorcycle,1,651.803,32.7
ch01_00000000148000000.mp4,37727,truck,6,653.553,17.1
ch01_00000000148000000.mp4,37845,car,2,655.152,16.4
ch01_00000000148000000.mp4,37921,motorcycle,1,657.202,8.8
ch01_00000000148000000.mp4,38200,motorcycle,1,660.552,21.2
ch01_00000000148000000.mp4,38262,car,2,661.752,21.2
ch01_00000000148000000.mp4,38381,motorcycle,1,663.652,25.7
ch01_00000000148000000.mp4,38433,motorcycle,1,664.602,22.5
ch01_00000000148000000.mp4,38423,car,2,666.452,7.8
ch01_00000000148000000.mp4,38562,motorcycle,1,667.702,9.7
ch01_00000000148000000.mp4,38808,motorcycle,1,670.551,24.0
ch01_00000000148000000.mp4,38813,motorcycle,1,670.651,25.7
ch01_00000000148000000.mp4,38867,motorcycle,1,672.001,21.2
ch01_00000000148000000.mp4,38964,motorcycle,1,673.001,30.0
ch01_00000000148000000.mp4,39007,motorcycle,1,673.601,30.0
ch01_00000000148000000.mp4,39056,motorcycle,1,674.401,32.7
ch01_00000000148000000.mp4,39264,motorcycle,1,677.051,32.7
ch01_00000000148000000.mp4,39303,motorcycle,1,677.451,30.0
ch01_00000000148000000.mp4,39178,motorcycle,1,677.751,9.7
ch01_00000000148000000.mp4,39395,motorcycle,1,678.801,36.0
ch01_00000000148000000.mp4,39497,motorcycle,1,681.201,21.2
ch01_00000000148000000.mp4,39526,motorcycle,1,681.601,21.2
ch01_00000000148000000.mp4,39510,motorcycle,1,682.25,8.2
ch01_00000000148000000.mp4,39547,motorcycle,1,682.8,8.6
ch01_00000000148000000.mp4,39611,motorcycle,1,683.4,25.7
ch01_00000000148000000.mp4,39703,motorcycle,1,685.4,18.0
ch01_00000000148000000.mp4,39779,motorcycle,1,686.55,18.0
ch01_00000000148000000.mp4,39789,motorcycle,1,686.55,24.0
ch01_00000000148000000.mp4,39833,motorcycle,1,687.2,20.0
ch01_00000000148000000.mp4,39856,car,2,687.5,18.0
ch01_00000000148000000.mp4,39881,motorcycle,1,687.9,18.9
ch01_00000000148000000.mp4,39898,motorcycle,1,688.0,20.0
ch01_00000000148000000.mp4,40014,motorcycle,1,689.4,21.2
ch01_00000000148000000.mp4,40015,motorcycle,1,689.8,15.0
ch01_00000000148000000.mp4,40108,motorcycle,1,690.6,22.5
ch01_00000000148000000.mp4,40166,motorcycle,1,691.3,17.1
ch01_00000000148000000.mp4,40216,motorcycle,1,691.8,22.5
ch01_00000000148000000.mp4,40296,motorcycle,1,692.45,22.5
ch01_00000000148000000.mp4,40339,motorcycle,1,693.2,24.0
ch01_00000000148000000.mp4,40338,motorcycle,1,693.25,21.2
ch01_00000000148000000.mp4,40352,motorcycle,1,693.7,18.9
ch01_00000000148000000.mp4,40442,motorcycle,1,694.35,21.2
ch01_00000000148000000.mp4,40501,motorcycle,1,694.95,30.0
ch01_00000000148000000.mp4,40525,motorcycle,1,695.399,22.5
ch01_00000000148000000.mp4,40531,motorcycle,1,695.85,18.9
ch01_00000000148000000.mp4,40488,motorcycle,1,696.1,21.2
ch01_00000000148000000.mp4,40588,motorcycle,1,696.899,21.2
ch01_00000000148000000.mp4,40614,motorcycle,1,697.349,21.2
ch01_00000000148000000.mp4,40787,motorcycle,1,699.099,16.4
ch01_00000000148000000.mp4,40736,car,2,699.699,15.7
ch01_00000000148000000.mp4,40657,motorcycle,1,699.999,18.9
ch01_00000000148000000.mp4,40868,motorcycle,1,700.149,25.7
ch01_00000000148000000.mp4,40956,motorcycle,1,700.549,22.5
ch01_00000000148000000.mp4,40958,motorcycle,1,700.949,15.7
ch01_00000000148000000.mp4,40991,motorcycle,1,700.949,18.9
ch01_00000000148000000.mp4,41043,motorcycle,1,701.549,25.7
ch01_00000000148000000.mp4,41073,motorcycle,1,702.199,17.1
ch01_00000000148000000.mp4,41088,motorcycle,1,702.449,16.4
ch01_00000000148000000.mp4,41240,motorcycle,1,704.299,24.0
ch01_00000000148000000.mp4,41297,motorcycle,1,705.199,24.0
ch01_00000000148000000.mp4,41330,car,2,705.699,20.0
ch01_00000000148000000.mp4,41358,motorcycle,1,706.799,24.0
ch01_00000000148000000.mp4,41594,motorcycle,1,708.948,24.0
ch01_00000000148000000.mp4,41816,car,2,711.998,20.0
ch01_00000000148000000.mp4,41914,motorcycle,1,712.948,24.0
ch01_00000000148000000.mp4,41935,motorcycle,1,713.048,18.0
ch01_00000000148000000.mp4,41983,motorcycle,1,714.348,24.0
ch01_00000000148000000.mp4,42081,motorcycle,1,716.348,18.9
ch01_00000000148000000.mp4,42061,car,2,716.398,12.4
ch01_00000000148000000.mp4,42156,motorcycle,1,718.098,14.4
ch01_00000000148000000.mp4,42179,car,2,718.848,5.5
ch01_00000000148000000.mp4,42235,car,2,720.098,20.0
ch01_00000000148000000.mp4,42281,motorcycle,1,720.698,16.4
ch01_00000000148000000.mp4,42355,car,2,722.198,18.9
ch01_00000000148000000.mp4,42358,car,2,722.798,15.0
ch01_00000000148000000.mp4,42387,motorcycle,1,722.947,18.9
ch01_00000000148000000.mp4,42461,motorcycle,1,723.648,21.2
ch01_00000000148000000.mp4,42456,motorcycle,1,723.947,13.3
ch01_00000000148000000.mp4,42483,motorcycle,1,723.997,18.9
ch01_00000000148000000.mp4,42536,motorcycle,1,724.897,20.0
ch01_00000000148000000.mp4,42649,motorcycle,1,726.347,18.0
ch01_00000000148000000.mp4,42610,car,2,726.397,17.1
ch01_00000000148000000.mp4,42688,motorcycle,1,726.897,20.0
ch01_00000000148000000.mp4,42875,car,2,729.397,18.0
ch01_00000000148000000.mp4,42904,car,2,729.647,18.0
ch01_00000000148000000.mp4,42940,motorcycle,1,730.497,22.5
ch01_00000000148000000.mp4,42958,car,3,731.397,17.1
ch01_00000000148000000.mp4,43104,motorcycle,1,732.647,17.1
ch01_00000000148000000.mp4,43207,motorcycle,1,733.397,27.7
ch01_00000000148000000.mp4,43197,car,2,733.697,18.9
ch01_00000000148000000.mp4,43276,motorcycle,1,734.797,20.0
ch01_00000000148000000.mp4,43354,car,2,736.197,18.0
ch01_00000000148000000.mp4,43369,car,2,736.596,18.9
ch01_00000000148000000.mp4,43435,car,2,737.846,20.0
ch01_00000000148000000.mp4,43384,car,2,737.996,18.0
ch01_00000000148000000.mp4,43439,motorcycle,1,739.196,21.2
ch01_00000000148000000.mp4,43591,motorcycle,1,740.096,25.7
ch01_00000000148000000.mp4,43636,motorcycle,1,741.396,20.0
ch01_00000000148000000.mp4,43617,motorcycle,1,741.846,8.6
ch01_00000000148000000.mp4,43791,motorcycle,1,744.596,20.0
ch01_00000000148000000.mp4,43815,car,3,745.846,15.7
ch01_00000000148000000.mp4,43902,car,2,748.096,16.4
ch01_00000000148000000.mp4,43953,motorcycle,1,748.846,27.7
ch01_00000000148000000.mp4,43993,car,2,750.046,16.4
ch01_00000000148000000.mp4,44060,car,2,751.096,17.1
ch01_00000000148000000.mp4,44110,car,2,752.495,15.7
ch01_00000000148000000.mp4,44144,car,2,752.795,20.0
ch01_00000000148000000.mp4,44296,car,2,754.395,16.4
ch01_00000000148000000.mp4,44346,motorcycle,1,755.345,14.4
ch01_00000000148000000.mp4,44396,motorcycle,1,755.695,22.5
ch01_00000000148000000.mp4,44402,car,2,756.195,17.1
ch01_00000000148000000.mp4,44438,motorcycle,1,756.245,18.9
ch01_00000000148000000.mp4,44430,motorcycle,1,756.945,18.0
ch01_00000000148000000.mp4,44532,motorcycle,1,757.595,18.0
ch01_00000000148000000.mp4,44552,truck,6,758.295,16.4
ch01_00000000148000000.mp4,44675,motorcycle,1,759.295,20.0
ch01_00000000148000000.mp4,44795,motorcycle,1,761.195,27.7
ch01_00000000148000000.mp4,44769,car,3,761.395,18.0
ch01_00000000148000000.mp4,44862,motorcycle,1,762.795,25.7
ch01_00000000148000000.mp4,44893,car,2,764.044,15.7
ch01_00000000148000000.mp4,45040,motorcycle,1,766.094,24.0
ch01_00000000148000000.mp4,45026,car,2,766.594,15.0
ch01_00000000148000000.mp4,45081,motorcycle,1,766.594,25.7
ch01_00000000148000000.mp4,45113,motorcycle,1,767.794,27.7
ch01_00000000148000000.mp4,45116,motorcycle,1,768.044,20.0
ch01_00000000148000000.mp4,45148,motorcycle,1,768.444,24.0
ch01_00000000148000000.mp4,45154,car,2,769.394,18.0
ch01_00000000148000000.mp4,45182,motorcycle,1,769.644,12.9
ch01_00000000148000000.mp4,45325,motorcycle,1,772.194,30.0
ch01_00000000148000000.mp4,45337,car,2,772.694,20.0
ch01_00000000148000000.mp4,45131,car,2,773.844,6.3
ch01_00000000148000000.mp4,45575,motorcycle,1,775.894,30.0
ch01_00000000148000000.mp4,45961,motorcycle,1,781.993,22.5
ch01_00000000148000000.mp4,45967,car,2,782.143,17.1
ch01_00000000148000000.mp4,46002,motorcycle,1,782.893,9.2
ch01_00000000148000000.mp4,46145,motorcycle,1,784.393,25.7
ch01_00000000148000000.mp4,46304,motorcycle,1,787.043,18.0
ch01_00000000148000000.mp4,46369,motorcycle,1,788.393,15.0
ch01_00000000148000000.mp4,46563,motorcycle,1,790.443,24.0
ch01_00000000148000000.mp4,46628,motorcycle,1,791.093,20.0
ch01_00000000148000000.mp4,46809,motorcycle,1,793.592,27.7
ch01_00000000148000000.mp4,46851,car,2,794.892,18.9
ch01_00000000148000000.mp4,46922,motorcycle,1,795.392,21.2
ch01_00000000148000000.mp4,46910,motorcycle,1,795.442,18.9
ch01_00000000148000000.mp4,46936,motorcycle,1,795.742,21.2
ch01_00000000148000000.mp4,46746,motorcycle,1,796.342,22.5
ch01_00000000148000000.mp4,46955,motorcycle,1,796.342,8.4
ch01_00000000148000000.mp4,47029,motorcycle,1,796.692,18.9
ch01_00000000148000000.mp4,47119,motorcycle,1,798.292,21.2
ch01_00000000148000000.mp4,47443,motorcycle,1,802.892,20.0
ch01_00000000148000000.mp4,47525,motorcycle,1,804.192,21.2
ch01_00000000148000000.mp4,47622,car,2,806.141,17.1
ch01_00000000148000000.mp4,47802,motorcycle,1,811.441,12.4
ch01_00000000148000000.mp4,48142,motorcycle,1,814.941,10.6
ch01_00000000148000000.mp4,48165,motorcycle,1,814.991,15.0
ch01_00000000148000000.mp4,48214,motorcycle,1,815.341,17.1
ch01_00000000148000000.mp4,48522,motorcycle,1,820.14,30.0
ch01_00000000148000000.mp4,48862,car,2,826.44,24.0
ch01_00000000148000000.mp4,49031,motorcycle,1,829.29,21.2
ch01_00000000148000000.mp4,49069,motorcycle,1,829.79,21.2
ch01_00000000148000000.mp4,48964,motorcycle,1,829.84,9.7
ch01_00000000148000000.mp4,49039,motorcycle,1,831.09,12.9
ch01_00000000148000000.mp4,49222,motorcycle,1,833.24,8.0
ch01_00000000148000000.mp4,49394,motorcycle,1,835.389,18.9
ch01_00000000148000000.mp4,49437,motorcycle,1,835.939,9.0
ch01_00000000148000000.mp4,49561,motorcycle,1,837.489,12.4
ch01_00000000148000000.mp4,49833,car,2,841.989,12.4
ch01_00000000148000000.mp4,49961,car,2,845.239,13.8
ch01_00000000148000000.mp4,50147,car,2,848.388,13.3
ch01_00000000148000000.mp4,50272,motorcycle,1,848.438,10.3
ch01_00000000148000000.mp4,50290,car,2,848.838,24.0
ch01_00000000148000000.mp4,50439,car,2,851.188,24.0
ch01_00000000148000000.mp4,50508,motorcycle,1,852.438,18.9
ch01_00000000148000000.mp4,50561,motorcycle,1,854.188,15.7
ch01_00000000148000000.mp4,50652,car,2,856.038,16.4
ch01_00000000148000000.mp4,50772,car,2,857.988,15.0
ch01_00000000148000000.mp4,51112,motorcycle,1,862.287,25.7
ch01_00000000148000000.mp4,51216,car,2,865.437,10.0
ch01_00000000148000000.mp4,51496,motorcycle,1,868.337,11.6
ch01_00000000148000000.mp4,51654,car,3,870.687,12.9
ch01_00000000148000000.mp4,51809,motorcycle,1,871.787,27.7
ch01_00000000148000000.mp4,52065,car,2,876.936,17.1
ch01_00000000148000000.mp4,52434,motorcycle,1,883.836,18.9
ch01_00000000148000000.mp4,52360,motorcycle,1,884.986,12.0
ch01_00000000148000000.mp4,52625,motorcycle,1,886.586,25.7
ch01_00000000148000000.mp4,52613,motorcycle,1,887.486,13.3
ch01_00000000148000000.mp4,52749,motorcycle,1,888.635,32.7
ch01_00000000148000000.mp4,52742,car,2,889.186,16.4
ch01_00000000148000000.mp4,52785,motorcycle,1,889.835,15.7
ch01_00000000148000000.mp4,52837,car,2,891.385,15.0
ch01_00000000148000000.mp4,52955,car,2,892.635,13.8
ch01_00000000148000000.mp4,53014,motorcycle,1,893.785,18.0
ch01_00000000148000000.mp4,53197,motorcycle,1,894.285,24.0
ch01_00000000148000000.mp4,53275,motorcycle,1,895.385,32.7
ch01_00000000148000000.mp4,53294,motorcycle,1,895.885,24.0
ch01_00000000148000000.mp4,53376,motorcycle,1,897.285,24.0
ch01_00000000148000000.mp4,53360,car,2,897.635,21.2
ch01_00000000148000000.mp4,53405,motorcycle,1,898.085,30.0
ch01_00000000148000000.mp4,53481,car,2,900.335,20.0
ch01_00000000148000000.mp4,53527,motorcycle,1,900.685,22.5
ch01_00000000148000000.mp4,53592,motorcycle,1,901.585,24.0
ch01_00000000148000000.mp4,53613,motorcycle,1,901.934,22.5
ch01_00000000148000000.mp4,53640,motorcycle,1,902.485,24.0
ch01_00000000148000000.mp4,53718,motorcycle,1,903.934,16.4
ch01_00000000148000000.mp4,53730,motorcycle,1,904.384,18.9
ch01_00000000148000000.mp4,53743,motorcycle,1,904.434,24.0
ch01_00000000148000000.mp4,53785,motorcycle,1,905.184,18.0
ch01_00000000148000000.mp4,53792,motorcycle,1,905.384,20.0
ch01_00000000148000000.mp4,53859,motorcycle,1,906.234,21.2
ch01_00000000148000000.mp4,53911,motorcycle,1,906.934,22.5
ch01_00000000148000000.mp4,53908,motorcycle,1,907.684,21.2
ch01_00000000148000000.mp4,53852,motorcycle,1,907.734,21.2
ch01_00000000148000000.mp4,53992,motorcycle,1,908.784,21.2
ch01_00000000148000000.mp4,54033,motorcycle,1,909.434,20.0
ch01_00000000148000000.mp4,54085,motorcycle,1,910.134,18.9
ch01_00000000148000000.mp4,54170,motorcycle,1,911.634,21.2
ch01_00000000148000000.mp4,54191,motorcycle,1,913.184,11.6
ch01_00000000148000000.mp4,54113,car,2,913.934,9.2
ch01_00000000148000000.mp4,54277,motorcycle,1,914.084,18.0
ch01_00000000148000000.mp4,54305,motorcycle,1,914.634,17.1
ch01_00000000148000000.mp4,54360,motorcycle,1,915.784,17.1
ch01_00000000148000000.mp4,54361,motorcycle,1,915.984,17.1
ch01_00000000148000000.mp4,54412,motorcycle,1,916.933,15.7
ch01_00000000148000000.mp4,54434,motorcycle,1,916.933,20.0
ch01_00000000148000000.mp4,54517,car,2,918.433,18.0
ch01_00000000148000000.mp4,54629,motorcycle,1,919.333,21.2
ch01_00000000148000000.mp4,54646,motorcycle,1,919.683,22.5
ch01_00000000148000000.mp4,54755,truck,4,922.333,15.0
ch01_00000000148000000.mp4,54671,motorcycle,1,922.633,8.6
ch01_00000000148000000.mp4,54825,motorcycle,1,923.133,22.5
ch01_00000000148000000.mp4,54886,motorcycle,1,924.133,24.0
ch01_00000000148000000.mp4,54927,motorcycle,1,924.733,24.0
ch01_00000000148000000.mp4,54961,car,2,925.983,14.4
ch01_00000000148000000.mp4,55019,car,2,926.383,21.2
ch01_00000000148000000.mp4,55057,motorcycle,1,927.233,21.2
ch01_00000000148000000.mp4,55111,motorcycle,1,928.533,20.0
ch01_00000000148000000.mp4,55125,car,2,929.083,17.1
ch01_00000000148000000.mp4,55180,car,2,930.682,16.4
ch01_00000000148000000.mp4,55225,car,2,931.182,24.0
ch01_00000000148000000.mp4,55303,motorcycle,1,932.632,20.0
ch01_00000000148000000.mp4,55326,motorcycle,1,933.582,21.2
ch01_00000000148000000.mp4,55343,car,2,933.982,6.2
ch01_00000000148000000.mp4,55408,motorcycle,1,934.682,22.5
ch01_00000000148000000.mp4,55451,motorcycle,1,935.582,18.9
ch01_00000000148000000.mp4,55443,car,2,935.982,14.4
ch01_00000000148000000.mp4,55510,motorcycle,1,936.682,22.5
ch01_00000000148000000.mp4,55518,motorcycle,1,937.032,24.0
ch01_00000000148000000.mp4,55555,car,2,937.882,15.7
ch01_00000000148000000.mp4,55602,motorcycle,1,938.332,22.5
ch01_00000000148000000.mp4,55676,car,2,939.182,17.1
ch01_00000000148000000.mp4,55666,motorcycle,1,939.282,15.0
ch01_00000000148000000.mp4,55718,motorcycle,1,939.982,21.2
ch01_00000000148000000.mp4,55868,motorcycle,1,942.082,10.0
ch01_00000000148000000.mp4,55934,car,3,943.582,18.0
ch01_00000000148000000.mp4,56056,motorcycle,1,944.731,20.0
ch01_00000000148000000.mp4,56043,car,2,944.931,21.2
ch01_00000000148000000.mp4,56096,motorcycle,1,945.331,20.0
ch01_00000000148000000.mp4,56100,car,2,945.781,18.0
ch01_00000000148000000.mp4,56217,motorcycle,1,947.031,12.9
ch01_00000000148000000.mp4,56240,motorcycle,1,947.131,21.2
ch01_00000000148000000.mp4,56398,truck,6,950.481,15.7
ch01_00000000148000000.mp4,56503,motorcycle,1,951.981,13.8
ch01_00000000148000000.mp4,56477,car,2,952.081,15.7
ch01_00000000148000000.mp4,56537,motorcycle,1,952.231,18.9
ch01_00000000148000000.mp4,56609,motorcycle,1,953.581,27.7
ch01_00000000148000000.mp4,56631,car,2,953.681,14.4
ch01_00000000148000000.mp4,56632,car,2,954.281,16.4
ch01_00000000148000000.mp4,56673,motorcycle,1,954.431,22.5
ch01_00000000148000000.mp4,56741,car,2,955.731,16.4
ch01_00000000148000000.mp4,56811,motorcycle,1,956.631,25.7
ch01_00000000148000000.mp4,56861,motorcycle,1,957.28,25.7
ch01_00000000148000000.mp4,56915,motorcycle,1,958.13,25.7
ch01_00000000148000000.mp4,56971,motorcycle,1,958.78,30.0
ch01_00000000148000000.mp4,57040,motorcycle,1,959.88,24.0
ch01_00000000148000000.mp4,57029,car,2,960.38,15.7
ch01_00000000148000000.mp4,57062,motorcycle,1,960.48,24.0
ch01_00000000148000000.mp4,57057,motorcycle,1,961.43,21.2
ch01_00000000148000000.mp4,57094,car,2,961.68,15.7
ch01_00000000148000000.mp4,57143,motorcycle,1,962.48,18.9
ch01_00000000148000000.mp4,57125,motorcycle,1,962.93,11.6
ch01_00000000148000000.mp4,57181,motorcycle,1,963.33,20.0
ch01_00000000148000000.mp4,57230,motorcycle,1,963.93,18.0
ch01_00000000148000000.mp4,57233,car,2,964.78,12.4
ch01_00000000148000000.mp4,57288,motorcycle,1,964.88,14.4
ch01_00000000148000000.mp4,57333,motorcycle,1,965.18,18.0
ch01_00000000148000000.mp4,57428,motorcycle,1,966.33,18.9
ch01_00000000148000000.mp4,57413,car,2,966.68,12.4
ch01_00000000148000000.mp4,57573,car,2,969.13,14.4
ch01_00000000148000000.mp4,57953,motorcycle,1,973.929,25.7
ch01_00000000148000000.mp4,57845,motorcycle,1,974.229,9.2
ch01_00000000148000000.mp4,57994,motorcycle,1,974.929,25.7
ch01_00000000148000000.mp4,58047,motorcycle,1,975.829,30.0
ch01_00000000148000000.mp4,58066,motorcycle,1,976.279,20.0
ch01_00000000148000000.mp4,58120,motorcycle,1,977.029,30.0
ch01_00000000148000000.mp4,58440,truck,6,984.079,18.9
ch01_00000000148000000.mp4,58771,motorcycle,1,988.228,27.7
ch01_00000000148000000.mp4,58895,motorcycle,1,990.228,24.0
ch01_00000000148000000.mp4,59148,motorcycle,1,993.178,22.5
ch01_00000000148000000.mp4,59480,motorcycle,1,997.328,21.2
ch01_00000000148000000.mp4,59550,motorcycle,1,998.327,20.0
ch01_00000000148000000.mp4,59725,motorcycle,1,1000.327,21.2
ch01_00000000148000000.mp4,59847,motorcycle,1,1001.777,24.0
ch01_00000000148000000.mp4,59932,car,2,1002.877,24.0
ch01_00000000148000000.mp4,60035,motorcycle,1,1004.177,10.0
ch01_00000000148000000.mp4,60256,car,2,1007.627,9.7
ch01_00000000148000000.mp4,60409,motorcycle,1,1009.377,21.2
ch01_00000000148000000.mp4,60512,motorcycle,1,1010.827,24.0
ch01_00000000148000000.mp4,60549,motorcycle,1,1011.327,21.2
ch01_00000000148000000.mp4,60619,motorcycle,1,1012.277,22.5
ch01_00000000148000000.mp4,60672,motorcycle,1,1012.827,24.0
ch01_00000000148000000.mp4,61070,car,2,1021.726,8.6
ch01_00000000148000000.mp4,61476,motorcycle,1,1025.676,9.7
ch01_00000000148000000.mp4,61792,motorcycle,1,1031.125,14.4
ch01_00000000148000000.mp4,62163,motorcycle,1,1037.575,36.0
ch01_00000000148000000.mp4,62456,motorcycle,1,1042.374,13.3
ch01_00000000148000000.mp4,62751,car,2,1047.924,27.7
ch01_00000000148000000.mp4,63562,motorcycle,1,1058.773,36.0
ch01_00000000148000000.mp4,63707,truck,4,1061.323,27.7
ch01_00000000148000000.mp4,63968,car,2,1066.623,25.7
ch01_00000000148000000.mp4,63996,truck,4,1066.922,17.1
ch01_00000000148000000.mp4,64278,motorcycle,1,1072.272,11.6
ch01_00000000148000000.mp4,64479,motorcycle,1,1075.222,30.0
ch01_00000000148000000.mp4,64583,motorcycle,1,1077.122,18.9
ch01_00000000148000000.mp4,64781,motorcycle,1,1080.172,10.9
ch01_00000000148000000.mp4,65040,motorcycle,1,1085.821,20.0
ch01_00000000148000000.mp4,65234,motorcycle,1,1089.471,36.0
ch01_00000000148000000.mp4,65614,motorcycle,1,1094.821,32.7
ch01_00000000148000000.mp4,65595,car,2,1095.97,13.8
ch01_00000000148000000.mp4,65667,car,2,1097.37,13.8
ch01_00000000148000000.mp4,65788,motorcycle,1,1098.17,27.7
ch01_00000000148000000.mp4,65877,motorcycle,1,1099.92,8.6
ch01_00000000148000000.mp4,65481,motorcycle,1,1100.82,9.7
ch01_00000000148000000.mp4,66129,motorcycle,1,1103.72,24.0
ch01_00000000148000000.mp4,66149,motorcycle,1,1104.22,25.7
ch01_00000000148000000.mp4,66189,motorcycle,1,1105.12,21.2
ch01_00000000148000000.mp4,66245,motorcycle,1,1106.67,51.4
ch01_00000000148000000.mp4,66301,motorcycle,1,1107.07,24.0
ch01_00000000148000000.mp4,66433,car,2,1110.119,9.7
ch01_00000000148000000.mp4,66635,motorcycle,1,1111.769,25.7
ch01_00000000148000000.mp4,66636,motorcycle,1,1111.869,22.5
ch01_00000000148000000.mp4,66663,motorcycle,1,1112.269,9.2
ch01_00000000148000000.mp4,66686,motorcycle,1,1113.169,20.0
ch01_00000000148000000.mp4,66771,motorcycle,1,1114.419,22.5
ch01_00000000148000000.mp4,66693,car,2,1114.919,6.5
ch01_00000000148000000.mp4,66889,motorcycle,1,1116.669,22.5
ch01_00000000148000000.mp4,66920,motorcycle,1,1117.169,20.0
ch01_00000000148000000.mp4,66956,motorcycle,1,1117.519,21.2
ch01_00000000148000000.mp4,66996,motorcycle,1,1117.869,24.0
ch01_00000000148000000.mp4,67092,motorcycle,1,1119.219,22.5
ch01_00000000148000000.mp4,67154,motorcycle,1,1120.069,24.0
ch01_00000000148000000.mp4,67192,motorcycle,1,1120.469,25.7
ch01_00000000148000000.mp4,67184,car,2,1120.819,21.2
ch01_00000000148000000.mp4,67210,motorcycle,1,1120.919,17.1
ch01_00000000148000000.mp4,67262,motorcycle,1,1121.769,20.0
ch01_00000000148000000.mp4,67320,motorcycle,1,1122.418,18.9
ch01_00000000148000000.mp4,67369,motorcycle,1,1123.069,20.0
ch01_00000000148000000.mp4,67351,motorcycle,1,1123.369,11.6
ch01_00000000148000000.mp4,67399,motorcycle,1,1123.668,18.9
ch01_00000000148000000.mp4,67422,motorcycle,1,1124.018,21.2
ch01_00000000148000000.mp4,67434,motorcycle,1,1124.368,21.2
ch01_00000000148000000.mp4,67508,motorcycle,1,1125.418,25.7
ch01_00000000148000000.mp4,67349,car,2,1125.718,4.1
ch01_00000000148000000.mp4,67637,motorcycle,1,1127.318,25.7
ch01_00000000148000000.mp4,67673,motorcycle,1,1128.318,21.2
ch01_00000000148000000.mp4,67713,motorcycle,1,1128.718,22.5
ch01_00000000148000000.mp4,67744,motorcycle,1,1129.218,22.5
ch01_00000000148000000.mp4,67801,motorcycle,1,1130.018,24.0
ch01_00000000148000000.mp4,67893,motorcycle,1,1131.618,21.2
ch01_00000000148000000.mp4,67914,motorcycle,1,1132.218,15.7
ch01_00000000148000000.mp4,67958,motorcycle,1,1132.618,20.0
ch01_00000000148000000.mp4,67984,motorcycle,1,1133.068,20.0
ch01_00000000148000000.mp4,67962,car,2,1133.218,14.4
ch01_00000000148000000.mp4,67996,motorcycle,1,1133.568,16.4
ch01_00000000148000000.mp4,68033,motorcycle,1,1134.168,22.5
ch01_00000000148000000.mp4,68099,motorcycle,1,1134.768,21.2
ch01_00000000148000000.mp4,68104,car,2,1135.218,14.4
ch01_00000000148000000.mp4,68243,motorcycle,1,1137.118,21.2
ch01_00000000148000000.mp4,68258,car,2,1137.967,15.7
ch01_00000000148000000.mp4,68369,car,2,1139.417,16.4
ch01_00000000148000000.mp4,68518,car,2,1141.567,17.1
ch01_00000000148000000.mp4,68553,car,2,1142.117,21.2
ch01_00000000148000000.mp4,68656,motorcycle,1,1143.417,18.9
ch01_00000000148000000.mp4,68726,car,2,1145.267,18.0
ch01_00000000148000000.mp4,68854,car,2,1146.417,18.9
ch01_00000000148000000.mp4,69006,car,2,1148.417,18.9
ch01_00000000148000000.mp4,69007,car,2,1148.567,22.5
ch01_00000000148000000.mp4,69128,motorcycle,1,1149.966,18.9
ch01_00000000148000000.mp4,69134,car,2,1150.367,22.5
ch01_00000000148000000.mp4,69159,motorcycle,1,1150.417,24.0
ch01_00000000148000000.mp4,69255,motorcycle,1,1152.116,21.2
ch01_00000000148000000.mp4,69286,car,2,1153.266,18.9
ch01_00000000148000000.mp4,69374,car,2,1154.116,18.9
ch01_00000000148000000.mp4,69500,motorcycle,1,1155.666,27.7
ch01_00000000148000000.mp4,69457,car,3,1155.966,17.1
ch01_00000000148000000.mp4,69458,motorcycle,1,1156.416,21.2
ch01_00000000148000000.mp4,69580,motorcycle,1,1156.716,24.0
ch01_00000000148000000.mp4,69612,motorcycle,1,1157.266,22.5
ch01_00000000148000000.mp4,69613,car,2,1157.766,16.4
ch01_00000000148000000.mp4,69647,motorcycle,1,1158.016,18.9
ch01_00000000148000000.mp4,69711,car,2,1159.616,16.4
ch01_00000000148000000.mp4,69795,motorcycle,1,1160.766,22.5
ch01_00000000148000000.mp4,69782,car,2,1161.166,16.4
ch01_00000000148000000.mp4,69826,motorcycle,1,1161.616,22.5
ch01_00000000148000000.mp4,69915,motorcycle,1,1162.966,21.2
ch01_00000000148000000.mp4,70022,motorcycle,1,1164.815,21.2
ch01_00000000148000000.mp4,70010,motorcycle,1,1165.715,18.9
ch01_00000000148000000.mp4,70153,motorcycle,1,1166.865,24.0
ch01_00000000148000000.mp4,70205,motorcycle,1,1167.665,20.0
ch01_00000000148000000.mp4,70261,motorcycle,1,1168.865,24.0
ch01_00000000148000000.mp4,70381,motorcycle,1,1170.265,20.0
ch01_00000000148000000.mp4,70383,car,2,1171.015,16.4
ch01_00000000148000000.mp4,70445,motorcycle,1,1171.215,18.0
ch01_00000000148000000.mp4,70458,motorcycle,1,1171.765,15.0
ch01_00000000148000000.mp4,70526,motorcycle,1,1172.465,18.0
ch01_00000000148000000.mp4,70716,motorcycle,1,1175.265,18.9
ch01_00000000148000000.mp4,70765,motorcycle,1,1176.015,18.0
ch01_00000000148000000.mp4,70763,car,2,1176.015,5.3
ch01_00000000148000000.mp4,70768,car,2,1176.615,15.7
ch01_00000000148000000.mp4,70816,motorcycle,1,1177.065,18.0
ch01_00000000148000000.mp4,70813,car,2,1177.614,8.2
ch01_00000000148000000.mp4,70858,motorcycle,1,1177.764,17.1
ch01_00000000148000000.mp4,70893,motorcycle,1,1178.364,17.1
ch01_00000000148000000.mp4,70909,motorcycle,1,1179.214,6.1
ch01_00000000148000000.mp4,71019,motorcycle,1,1180.264,20.0
ch01_00000000148000000.mp4,71084,car,3,1182.164,14.4
ch01_00000000148000000.mp4,71254,motorcycle,1,1184.164,3.9
ch01_00000000148000000.mp4,71185,car,2,1185.814,3.6
ch01_00000000148000000.mp4,71341,car,2,1186.464,3.9
ch01_00000000148000000.mp4,71439,motorcycle,1,1186.864,10.0
ch01_00000000148000000.mp4,71535,car,2,1188.514,2.1
ch01_00000000148000000.mp4,71395,car,2,1189.214,4.1
ch01_00000000148000000.mp4,71717,motorcycle,1,1191.063,13.8
ch01_00000000148000000.mp4,71789,car,2,1193.663,9.7
ch01_00000000148000000.mp4,72233,motorcycle,1,1198.013,17.1
ch01_00000000148000000.mp4,72260,motorcycle,1,1198.363,21.2
ch01_00000000148000000.mp4,72358,car,2,1200.513,10.3
ch01_00000000148000000.mp4,72448,truck,4,1202.263,9.7
ch01_00000000148000000.mp4,72604,motorcycle,1,1203.313,21.2
ch01_00000000148000000.mp4,72454,car,2,1203.513,16.4
ch01_00000000148000000.mp4,72614,motorcycle,1,1203.563,21.2
ch01_00000000148000000.mp4,72677,motorcycle,1,1204.713,18.9
ch01_00000000148000000.mp4,72684,car,2,1205.463,9.2
ch01_00000000148000000.mp4,72715,car,2,1206.062,13.3
ch01_00000000148000000.mp4,72861,car,2,1207.562,12.0
ch01_00000000148000000.mp4,72961,motorcycle,1,1208.562,18.9
ch01_00000000148000000.mp4,72951,motorcycle,1,1208.612,13.3
ch01_00000000148000000.mp4,73044,motorcycle,1,1210.312,25.7
ch01_00000000148000000.mp4,73041,car,2,1210.662,14.4
ch01_00000000148000000.mp4,73247,motorcycle,1,1212.862,18.0
ch01_00000000148000000.mp4,73170,motorcycle,1,1212.862,13.3
ch01_00000000148000000.mp4,73312,motorcycle,1,1213.562,27.7
ch01_00000000148000000.mp4,73360,motorcycle,1,1215.012,4.9
ch01_00000000148000000.mp4,73402,motorcycle,1,1215.862,5.5
ch01_00000000148000000.mp4,73529,motorcycle,1,1216.812,27.7
ch01_00000000148000000.mp4,73471,motorcycle,1,1216.862,5.6
ch01_00000000148000000.mp4,73450,truck,4,1217.912,4.0
ch01_00000000148000000.mp4,73598,motorcycle,1,1217.962,27.7
ch01_00000000148000000.mp4,73568,motorcycle,1,1218.911,8.2
ch01_00000000148000000.mp4,73633,motorcycle,1,1219.111,4.2
ch01_00000000148000000.mp4,73722,motorcycle,1,1219.461,32.7
ch01_00000000148000000.mp4,73761,motorcycle,1,1220.961,13.8
ch01_00000000148000000.mp4,73853,motorcycle,1,1221.661,14.4
ch01_00000000148000000.mp4,73878,motorcycle,1,1221.961,18.9
ch01_00000000148000000.mp4,73951,motorcycle,1,1223.211,18.9
ch01_00000000148000000.mp4,74061,motorcycle,1,1225.061,20.0
ch01_00000000148000000.mp4,74177,motorcycle,1,1226.561,21.2
ch01_00000000148000000.mp4,74703,car,2,1235.41,30.0
ch01_00000000148000000.mp4,74776,motorcycle,1,1236.76,9.5
ch01_00000000148000000.mp4,74962,motorcycle,1,1240.21,9.2
ch01_00000000148000000.mp4,75153,car,2,1243.31,15.7
ch01_00000000148000000.mp4,75189,motorcycle,1,1243.81,20.0
ch01_00000000148000000.mp4,75436,motorcycle,1,1247.959,15.0
ch01_00000000148000000.mp4,75441,motorcycle,1,1248.159,15.7
ch01_00000000148000000.mp4,75492,motorcycle,1,1249.159,15.7
ch01_00000000148000000.mp4,75851,truck,7,1257.859,12.0
ch01_00000000148000000.mp4,76105,motorcycle,1,1260.508,18.0
ch01_00000000148000000.mp4,76203,motorcycle,1,1262.408,27.7
ch01_00000000148000000.mp4,76188,motorcycle,1,1262.708,16.4
ch01_00000000148000000.mp4,76288,motorcycle,1,1264.758,8.6
ch01_00000000148000000.mp4,76300,motorcycle,1,1264.858,8.6
ch01_00000000148000000.mp4,76387,motorcycle,1,1266.108,10.9
ch01_00000000148000000.mp4,76850,motorcycle,1,1275.707,8.2
ch01_00000000148000000.mp4,76982,motorcycle,1,1276.157,25.7
ch01_00000000148000000.mp4,77160,motorcycle,1,1279.257,20.0
ch01_00000000148000000.mp4,77219,motorcycle,1,1280.057,18.9
ch01_00000000148000000.mp4,77410,motorcycle,1,1283.207,27.7
ch01_00000000148000000.mp4,77499,motorcycle,1,1286.357,6.9
ch01_00000000148000000.mp4,77828,motorcycle,1,1290.956,16.4
ch01_00000000148000000.mp4,77937,car,2,1293.206,15.7
ch01_00000000148000000.mp4,77992,car,2,1294.206,16.4
ch01_00000000148000000.mp4,78176,car,2,1297.506,18.0
ch01_00000000148000000.mp4,78462,car,2,1301.355,25.7
ch01_00000000148000000.mp4,78479,motorcycle,1,1302.105,10.3
ch01_00000000148000000.mp4,79027,motorcycle,1,1311.355,32.7
ch01_00000000148000000.mp4,79081,motorcycle,1,1313.155,13.3
ch01_00000000148000000.mp4,79107,motorcycle,1,1313.555,14.4
ch01_00000000148000000.mp4,79108,motorcycle,1,1314.605,27.7
ch01_00000000148000000.mp4,79200,motorcycle,1,1315.554,32.7
ch01_00000000148000000.mp4,79245,motorcycle,1,1316.054,6.8
ch01_00000000148000000.mp4,79368,motorcycle,1,1317.854,24.0
ch01_00000000148000000.mp4,79475,motorcycle,1,1320.054,30.0
ch01_00000000148000000.mp4,79402,car,2,1320.954,10.0
ch01_00000000148000000.mp4,79546,car,2,1323.154,7.8
ch01_00000000148000000.mp4,79727,motorcycle,1,1324.154,6.4
ch01_00000000148000000.mp4,79860,motorcycle,1,1325.454,27.7
ch01_00000000148000000.mp4,79927,motorcycle,1,1326.254,25.7
ch01_00000000148000000.mp4,79934,motorcycle,1,1326.304,27.7
ch01_00000000148000000.mp4,79852,car,2,1327.354,4.4
ch01_00000000148000000.mp4,80055,motorcycle,1,1328.104,22.5
ch01_00000000148000000.mp4,80043,motorcycle,1,1328.554,30.0
ch01_00000000148000000.mp4,79939,car,2,1329.754,1.2
ch01_00000000148000000.mp4,80058,motorcycle,1,1331.803,20.0
ch01_00000000148000000.mp4,80290,motorcycle,1,1332.953,27.7
ch01_00000000148000000.mp4,80352,motorcycle,1,1333.903,30.0
ch01_00000000148000000.mp4,80370,car,2,1334.653,21.2
ch01_00000000148000000.mp4,80438,motorcycle,1,1336.053,16.4
ch01_00000000148000000.mp4,80402,car,2,1338.153,9.5
ch01_00000000148000000.mp4,80644,car,3,1340.453,16.4
ch01_00000000148000000.mp4,80784,motorcycle,1,1343.003,21.2
ch01_00000000148000000.mp4,80806,motorcycle,1,1343.753,18.0
ch01_00000000148000000.mp4,80885,car,2,1345.252,18.9
ch01_00000000148000000.mp4,80970,motorcycle,1,1347.252,18.0
ch01_00000000148000000.mp4,80980,motorcycle,1,1348.552,4.6
ch01_00000000148000000.mp4,81030,car,3,1349.002,22.5
ch01_00000000148000000.mp4,81092,motorcycle,1,1349.802,20.0
ch01_00000000148000000.mp4,81159,motorcycle,1,1350.902,20.0
ch01_00000000148000000.mp4,81225,motorcycle,1,1351.702,16.4
ch01_00000000148000000.mp4,81246,motorcycle,1,1351.802,21.2
ch01_00000000148000000.mp4,81345,motorcycle,1,1353.252,20.0
ch01_00000000148000000.mp4,81410,motorcycle,1,1354.252,17.1
ch01_00000000148000000.mp4,81358,car,2,1354.602,14.4
ch01_00000000148000000.mp4,81445,motorcycle,1,1354.902,24.0
ch01_00000000148000000.mp4,81458,car,2,1355.552,20.0
ch01_00000000148000000.mp4,81516,motorcycle,1,1356.002,22.5
ch01_00000000148000000.mp4,81572,motorcycle,1,1356.901,21.2
ch01_00000000148000000.mp4,81600,motorcycle,1,1357.601,15.7
ch01_00000000148000000.mp4,81623,motorcycle,1,1358.201,21.2
ch01_00000000148000000.mp4,81662,motorcycle,1,1358.851,18.0
ch01_00000000148000000.mp4,81739,motorcycle,1,1359.701,22.5
ch01_00000000148000000.mp4,81687,car,2,1359.751,18.0
ch01_00000000148000000.mp4,81745,motorcycle,1,1360.101,21.2
ch01_00000000148000000.mp4,81778,motorcycle,1,1360.651,20.0
ch01_00000000148000000.mp4,81834,motorcycle,1,1361.151,18.9
ch01_00000000148000000.mp4,81943,motorcycle,1,1362.651,22.5
ch01_00000000148000000.mp4,81964,motorcycle,1,1363.351,18.9
ch01_00000000148000000.mp4,81992,motorcycle,1,1363.851,18.9
ch01_00000000148000000.mp4,82033,car,2,1365.751,18.0
ch01_00000000148000000.mp4,82067,car,3,1365.901,12.9
ch01_00000000148000000.mp4,82177,motorcycle,1,1367.251,15.7
ch01_00000000148000000.mp4,82207,motorcycle,1,1368.051,16.4
ch01_00000000148000000.mp4,82217,motorcycle,1,1368.251,17.1
ch01_00000000148000000.mp4,82275,car,2,1368.951,15.7
ch01_00000000148000000.mp4,82290,motorcycle,1,1369.251,15.7
ch01_00000000148000000.mp4,82294,motorcycle,1,1369.301,16.4
ch01_00000000148000000.mp4,82279,motorcycle,1,1369.551,20.0
ch01_00000000148000000.mp4,82358,car,2,1372.1,15.7
ch01_00000000148000000.mp4,82576,truck,6,1377.3,15.7
ch01_00000000148000000.mp4,82650,car,2,1378.1,20.0
ch01_00000000148000000.mp4,82695,motorcycle,1,1378.65,18.9
ch01_00000000148000000.mp4,82709,motorcycle,1,1379.0,18.0
ch01_00000000148000000.mp4,82680,car,2,1379.3,12.4
ch01_00000000148000000.mp4,82760,motorcycle,1,1379.45,16.4
ch01_00000000148000000.mp4,82747,car,2,1379.6,11.3
ch01_00000000148000000.mp4,82813,motorcycle,1,1380.65,15.0
ch01_00000000148000000.mp4,82834,car,2,1381.35,17.1
ch01_00000000148000000.mp4,82898,car,2,1383.0,13.3
ch01_00000000148000000.mp4,82978,motorcycle,1,1384.149,13.3
ch01_00000000148000000.mp4,82990,motorcycle,1,1384.399,15.7
ch01_00000000148000000.mp4,83007,motorcycle,1,1385.499,15.7
ch01_00000000148000000.mp4,83064,motorcycle,1,1385.549,15.7
ch01_00000000148000000.mp4,83173,car,2,1387.599,15.0
ch01_00000000148000000.mp4,83201,motorcycle,1,1387.749,20.0
ch01_00000000148000000.mp4,83250,motorcycle,1,1388.599,18.0
ch01_00000000148000000.mp4,83332,motorcycle,1,1390.399,25.7
ch01_00000000148000000.mp4,83367,car,2,1391.249,18.0
ch01_00000000148000000.mp4,83380,motorcycle,1,1391.399,10.6
ch01_00000000148000000.mp4,83520,motorcycle,1,1393.649,18.0
ch01_00000000148000000.mp4,83602,motorcycle,1,1396.049,18.9
ch01_00000000148000000.mp4,83638,motorcycle,1,1396.149,21.2
ch01_00000000148000000.mp4,83715,motorcycle,1,1397.349,22.5
ch01_00000000148000000.mp4,83768,motorcycle,1,1398.299,21.2
ch01_00000000148000000.mp4,83808,motorcycle,1,1398.998,14.4
ch01_00000000148000000.mp4,83844,motorcycle,1,1399.698,22.5
ch01_00000000148000000.mp4,83896,motorcycle,1,1401.048,11.6
ch01_00000000148000000.mp4,83894,motorcycle,1,1402.298,8.8
ch01_00000000148000000.mp4,84006,motorcycle,1,1403.298,20.0
ch01_00000000148000000.mp4,84161,motorcycle,1,1406.298,25.7
ch01_00000000148000000.mp4,84110,car,3,1406.298,8.0
ch01_00000000148000000.mp4,84282,car,2,1408.798,21.2
ch01_00000000148000000.mp4,84342,motorcycle,1,1409.348,18.9
ch01_00000000148000000.mp4,84505,motorcycle,1,1412.197,27.7
ch01_00000000148000000.mp4,84551,motorcycle,1,1413.297,10.3
ch01_00000000148000000.mp4,84598,motorcycle,1,1414.347,27.7
ch01_00000000148000000.mp4,84659,motorcycle,1,1416.647,4.7
ch01_00000000148000000.mp4,84753,motorcycle,1,1418.247,15.0
ch01_00000000148000000.mp4,84754,motorcycle,1,1418.747,9.7
ch01_00000000148000000.mp4,84798,motorcycle,1,1419.447,8.8
ch01_00000000148000000.mp4,84831,motorcycle,1,1419.647,20.0
ch01_00000000148000000.mp4,84851,car,2,1421.547,14.4
ch01_00000000148000000.mp4,84995,motorcycle,1,1422.647,15.7
ch01_00000000148000000.mp4,85120,motorcycle,1,1425.347,18.9
ch01_00000000148000000.mp4,85123,motorcycle,1,1425.996,9.7
ch01_00000000148000000.mp4,85178,motorcycle,1,1426.846,13.3
ch01_00000000148000000.mp4,85155,motorcycle,1,1427.596,10.3
ch01_00000000148000000.mp4,85329,motorcycle,1,1429.646,18.0
ch01_00000000148000000.mp4,85437,motorcycle,1,1431.446,24.0
ch01_00000000148000000.mp4,85423,car,2,1431.846,18.0
ch01_00000000148000000.mp4,85454,motorcycle,1,1431.896,22.5
ch01_00000000148000000.mp4,85486,motorcycle,1,1432.796,22.5
ch01_00000000148000000.mp4,85493,car,2,1433.646,18.9
ch01_00000000148000000.mp4,85593,motorcycle,1,1435.096,8.4
ch01_00000000148000000.mp4,85647,motorcycle,1,1435.346,22.5
ch01_00000000148000000.mp4,85784,motorcycle,1,1437.246,24.0
ch01_00000000148000000.mp4,85874,motorcycle,1,1438.746,18.9
ch01_00000000148000000.mp4,85913,motorcycle,1,1438.846,25.7
ch01_00000000148000000.mp4,85929,car,2,1439.595,21.2
ch01_00000000148000000.mp4,86020,motorcycle,1,1440.445,21.2
ch01_00000000148000000.mp4,86371,motorcycle,1,1446.245,10.3
ch01_00000000148000000.mp4,86424,motorcycle,1,1446.295,25.7
ch01_00000000148000000.mp4,86633,motorcycle,1,1450.095,20.0
ch01_00000000148000000.mp4,86703,motorcycle,1,1451.595,15.7
ch01_00000000148000000.mp4,87151,motorcycle,1,1459.544,16.4
ch01_00000000148000000.mp4,87304,motorcycle,1,1462.944,24.0
ch01_00000000148000000.mp4,87218,motorcycle,1,1464.394,4.3
ch01_00000000148000000.mp4,87340,motorcycle,1,1464.644,14.4
ch01_00000000148000000.mp4,87367,motorcycle,1,1465.194,9.0
ch01_00000000148000000.mp4,87399,motorcycle,1,1466.194,10.6
ch01_00000000148000000.mp4,87760,motorcycle,1,1471.143,27.7
ch01_00000000148000000.mp4,87754,motorcycle,1,1471.393,12.4
ch01_00000000148000000.mp4,88129,car,2,1480.143,6.8
ch01_00000000148000000.mp4,88540,motorcycle,1,1487.242,22.5
ch01_00000000148000000.mp4,88577,motorcycle,1,1488.342,24.0
ch01_00000000148000000.mp4,89204,car,2,1507.091,24.0
ch01_00000000148000000.mp4,89381,motorcycle,1,1511.34,17.1
ch01_00000000148000000.mp4,89495,car,2,1515.09,5.5
ch01_00000000148000000.mp4,89652,motorcycle,1,1518.24,27.7
ch01_00000000148000000.mp4,89657,motorcycle,1,1518.64,10.6
ch01_00000000148000000.mp4,89703,motorcycle,1,1519.79,32.7
ch01_00000000148000000.mp4,89837,motorcycle,1,1524.439,20.0
ch01_00000000148000000.mp4,89818,motorcycle,1,1524.939,13.3
ch01_00000000148000000.mp4,89906,motorcycle,1,1525.489,27.7
ch01_00000000148000000.mp4,90042,motorcycle,1,1528.589,30.0
ch01_00000000148000000.mp4,90277,motorcycle,1,1532.539,30.0
ch01_00000000148000000.mp4,90337,motorcycle,1,1533.839,25.7
ch01_00000000148000000.mp4,90404,motorcycle,1,1534.489,30.0
ch01_00000000148000000.mp4,90487,motorcycle,1,1536.139,30.0
ch01_00000000148000000.mp4,90589,motorcycle,1,1538.988,21.2
ch01_00000000148000000.mp4,90632,motorcycle,1,1539.788,30.0
ch01_00000000148000000.mp4,90668,motorcycle,1,1540.538,25.7
ch01_00000000148000000.mp4,90680,motorcycle,1,1541.038,25.7
ch01_00000000148000000.mp4,90770,motorcycle,1,1543.088,24.0
ch01_00000000148000000.mp4,90778,motorcycle,1,1543.438,20.0
ch01_00000000148000000.mp4,90786,motorcycle,1,1543.438,16.4
ch01_00000000148000000.mp4,90799,motorcycle,1,1543.788,22.5
ch01_00000000148000000.mp4,90822,motorcycle,1,1543.938,18.9
ch01_00000000148000000.mp4,90686,car,2,1544.738,4.7
ch01_00000000148000000.mp4,90918,motorcycle,1,1545.588,20.0
ch01_00000000148000000.mp4,90830,motorcycle,1,1546.038,7.8
ch01_00000000148000000.mp4,90978,motorcycle,1,1546.738,20.0
ch01_00000000148000000.mp4,90905,motorcycle,1,1546.838,7.3
ch01_00000000148000000.mp4,91002,motorcycle,1,1546.938,21.2
ch01_00000000148000000.mp4,90992,car,2,1548.088,7.5
ch01_00000000148000000.mp4,91041,motorcycle,1,1548.138,21.2
ch01_00000000148000000.mp4,91100,motorcycle,1,1548.588,20.0
ch01_00000000148000000.mp4,91182,motorcycle,1,1549.688,18.9
ch01_00000000148000000.mp4,91300,motorcycle,1,1551.787,21.2
ch01_00000000148000000.mp4,91360,motorcycle,1,1553.087,25.7
ch01_00000000148000000.mp4,91289,motorcycle,1,1553.137,21.2
ch01_00000000148000000.mp4,91352,motorcycle,1,1553.337,7.8
ch01_00000000148000000.mp4,91407,motorcycle,1,1554.237,22.5
ch01_00000000148000000.mp4,91425,motorcycle,1,1554.537,24.0
ch01_00000000148000000.mp4,91439,car,2,1555.437,18.0
ch01_00000000148000000.mp4,91487,car,2,1556.887,22.5
ch01_00000000148000000.mp4,91525,motorcycle,1,1557.987,20.0
ch01_00000000148000000.mp4,91549,motorcycle,1,1558.537,21.2
ch01_00000000148000000.mp4,91663,motorcycle,1,1561.337,7.3
ch01_00000000148000000.mp4,91792,motorcycle,1,1563.336,22.5
ch01_00000000148000000.mp4,91860,car,2,1565.286,20.0
ch01_00000000148000000.mp4,91891,motorcycle,1,1566.136,22.5
ch01_00000000148000000.mp4,91909,car,2,1567.386,20.0
ch01_00000000148000000.mp4,91957,motorcycle,1,1568.286,22.5
ch01_00000000148000000.mp4,91961,car,3,1569.736,10.6
ch01_00000000148000000.mp4,92034,motorcycle,1,1570.486,13.8
ch01_00000000148000000.mp4,92112,motorcycle,1,1571.786,18.0
ch01_00000000148000000.mp4,92118,motorcycle,1,1572.186,18.0
ch01_00000000148000000.mp4,92127,car,2,1572.936,12.0
ch01_00000000148000000.mp4,92164,motorcycle,1,1573.636,15.0
ch01_00000000148000000.mp4,92208,motorcycle,1,1574.736,16.4
ch01_00000000148000000.mp4,92182,car,2,1574.886,12.4
ch01_00000000148000000.mp4,92226,motorcycle,1,1575.136,13.3
ch01_00000000148000000.mp4,92220,motorcycle,1,1575.336,12.4
ch01_00000000148000000.mp4,92370,motorcycle,1,1577.736,15.0
ch01_00000000148000000.mp4,92381,motorcycle,1,1577.835,20.0
ch01_00000000148000000.mp4,92393,motorcycle,1,1578.135,18.9
ch01_00000000148000000.mp4,92427,motorcycle,1,1578.535,15.0
ch01_00000000148000000.mp4,92485,car,2,1579.985,14.4
ch01_00000000148000000.mp4,92596,car,2,1582.785,16.4
ch01_00000000148000000.mp4,92671,motorcycle,1,1583.485,21.2
ch01_00000000148000000.mp4,92702,motorcycle,1,1584.185,18.0
ch01_00000000148000000.mp4,92759,motorcycle,1,1585.635,20.0
ch01_00000000148000000.mp4,92812,car,3,1586.885,16.4
ch01_00000000148000000.mp4,92839,motorcycle,1,1587.235,18.0
ch01_00000000148000000.mp4,92891,motorcycle,1,1587.635,14.4
ch01_00000000148000000.mp4,92917,motorcycle,1,1587.935,15.0
ch01_00000000148000000.mp4,93000,motorcycle,1,1589.485,18.0
ch01_00000000148000000.mp4,93019,motorcycle,1,1589.885,15.7
ch01_00000000148000000.mp4,93029,motorcycle,1,1590.385,15.7
ch01_00000000148000000.mp4,93062,motorcycle,1,1590.435,18.9
ch01_00000000148000000.mp4,93140,motorcycle,1,1591.384,15.7
ch01_00000000148000000.mp4,93121,car,2,1591.685,11.6
ch01_00000000148000000.mp4,93235,motorcycle,1,1592.734,16.4
ch01_00000000148000000.mp4,93315,car,2,1594.284,13.3
ch01_00000000148000000.mp4,93465,motorcycle,1,1596.034,20.0
ch01_00000000148000000.mp4,93432,car,2,1596.484,13.3
ch01_00000000148000000.mp4,93601,motorcycle,1,1598.234,18.0
ch01_00000000148000000.mp4,93558,car,2,1598.584,12.9
ch01_00000000148000000.mp4,93649,motorcycle,1,1599.184,20.0
ch01_00000000148000000.mp4,93633,car,2,1599.734,18.9
ch01_00000000148000000.mp4,93726,motorcycle,1,1600.234,16.4
ch01_00000000148000000.mp4,93732,car,2,1600.584,13.3
ch01_00000000148000000.mp4,93915,motorcycle,1,1602.934,27.7
ch01_00000000148000000.mp4,93943,car,2,1603.634,15.0
ch01_00000000148000000.mp4,93974,motorcycle,1,1603.834,21.2
ch01_00000000148000000.mp4,94064,car,3,1605.383,17.1
ch01_00000000148000000.mp4,94071,motorcycle,1,1605.683,22.5
ch01_00000000148000000.mp4,94120,motorcycle,1,1606.233,18.9
ch01_00000000148000000.mp4,94140,motorcycle,1,1606.533,21.2
ch01_00000000148000000.mp4,94440,car,2,1612.733,12.9
ch01_00000000148000000.mp4,94497,car,2,1613.733,20.0
ch01_00000000148000000.mp4,94546,motorcycle,1,1614.633,15.0
ch01_00000000148000000.mp4,94605,motorcycle,1,1614.783,10.9
ch01_00000000148000000.mp4,94677,motorcycle,1,1616.333,22.5
ch01_00000000148000000.mp4,94720,motorcycle,1,1617.283,21.2
ch01_00000000148000000.mp4,94728,car,2,1617.783,18.9
ch01_00000000148000000.mp4,94757,motorcycle,1,1617.933,22.5
ch01_00000000148000000.mp4,94803,motorcycle,1,1618.483,24.0
ch01_00000000148000000.mp4,94819,car,2,1619.132,18.0
ch01_00000000148000000.mp4,94981,car,2,1621.732,22.5
ch01_00000000148000000.mp4,95040,motorcycle,1,1622.932,22.5
ch01_00000000148000000.mp4,95114,motorcycle,1,1624.382,18.9
ch01_00000000148000000.mp4,95332,motorcycle,1,1629.532,14.4
ch01_00000000148000000.mp4,95416,motorcycle,1,1630.782,24.0
ch01_00000000148000000.mp4,95455,motorcycle,1,1631.532,18.9
ch01_00000000148000000.mp4,95655,motorcycle,1,1634.631,22.5
ch01_00000000148000000.mp4,95706,motorcycle,1,1636.431,18.0
ch01_00000000148000000.mp4,95808,motorcycle,1,1638.131,16.4
ch01_00000000148000000.mp4,95915,motorcycle,1,1639.931,17.1
ch01_00000000148000000.mp4,95958,motorcycle,1,1640.181,27.7
ch01_00000000148000000.mp4,95987,motorcycle,1,1640.831,25.7
ch01_00000000148000000.mp4,96128,truck,4,1643.281,13.8
ch01_00000000148000000.mp4,96243,car,2,1646.331,12.0
ch01_00000000148000000.mp4,96352,motorcycle,1,1646.581,13.3
ch01_00000000148000000.mp4,96599,motorcycle,1,1650.63,16.4
ch01_00000000148000000.mp4,96683,motorcycle,1,1652.58,17.1
ch01_00000000148000000.mp4,96717,motorcycle,1,1652.98,18.0
ch01_00000000148000000.mp4,96743,car,2,1654.33,18.0
ch01_00000000148000000.mp4,96810,car,2,1655.73,20.0
ch01_00000000148000000.mp4,96916,motorcycle,1,1656.63,21.2
ch01_00000000148000000.mp4,96963,motorcycle,1,1657.18,24.0
ch01_00000000148000000.mp4,97010,motorcycle,1,1658.33,27.7
ch01_00000000148000000.mp4,96959,car,2,1658.58,16.4
ch01_00000000148000000.mp4,97065,car,2,1659.729,25.7
ch01_00000000148000000.mp4,97062,car,2,1660.729,18.0
ch01_00000000148000000.mp4,97242,car,2,1662.829,25.7
ch01_00000000148000000.mp4,97395,car,2,1665.429,27.7
ch01_00000000148000000.mp4,97478,car,2,1667.129,21.2
ch01_00000000148000000.mp4,97517,motorcycle,1,1667.779,18.0
ch01_00000000148000000.mp4,97587,motorcycle,1,1668.979,9.2
ch01_00000000148000000.mp4,98087,truck,4,1682.278,5.2
ch01_00000000148000000.mp4,98399,motorcycle,1,1684.478,6.1
ch01_00000000148000000.mp4,98491,motorcycle,1,1687.027,16.4
ch01_00000000148000000.mp4,98591,motorcycle,1,1689.777,8.2
ch01_00000000148000000.mp4,98684,car,2,1692.527,24.0
ch01_00000000148000000.mp4,98813,motorcycle,1,1695.277,12.4
ch01_00000000148000000.mp4,98816,motorcycle,1,1695.477,18.9
ch01_00000000148000000.mp4,98819,motorcycle,1,1695.977,10.0
ch01_00000000148000000.mp4,98879,car,2,1698.627,15.7
ch01_00000000148000000.mp4,99056,truck,6,1702.576,11.3
ch01_00000000148000000.mp4,99181,motorcycle,1,1704.426,25.7
ch01_00000000148000000.mp4,99216,motorcycle,1,1705.926,17.1
ch01_00000000148000000.mp4,99322,car,2,1709.576,18.9
ch01_00000000148000000.mp4,99365,car,2,1712.376,5.7
ch01_00000000148000000.mp4,99433,motorcycle,1,1714.775,12.4
ch01_00000000148000000.mp4,99462,motorcycle,1,1715.126,13.3
ch01_00000000148000000.mp4,99803,motorcycle,1,1724.275,12.9
ch01_00000000148000000.mp4,99991,motorcycle,1,1729.674,9.0
ch01_00000000148000000.mp4,100355,motorcycle,1,1737.274,27.7
ch01_00000000148000000.mp4,100331,car,2,1737.924,22.5
ch01_00000000148000000.mp4,100749,motorcycle,1,1744.473,30.0
ch01_00000000148000000.mp4,100789,motorcycle,1,1745.523,25.7
ch01_00000000148000000.mp4,100830,motorcycle,1,1746.123,27.7
ch01_00000000148000000.mp4,100831,motorcycle,1,1746.273,20.0
ch01_00000000148000000.mp4,100857,motorcycle,1,1748.223,27.7
ch01_00000000148000000.mp4,101033,motorcycle,1,1750.223,25.7
ch01_00000000148000000.mp4,101105,motorcycle,1,1751.373,24.0
ch01_00000000148000000.mp4,101075,motorcycle,1,1751.473,11.6
ch01_00000000148000000.mp4,101148,motorcycle,1,1751.973,24.0
ch01_00000000148000000.mp4,101169,motorcycle,1,1752.423,24.0
ch01_00000000148000000.mp4,101299,motorcycle,1,1755.373,24.0
ch01_00000000148000000.mp4,101291,motorcycle,1,1755.973,20.0
ch01_00000000148000000.mp4,101387,motorcycle,1,1757.272,25.7
ch01_00000000148000000.mp4,101418,motorcycle,1,1757.922,12.9
ch01_00000000148000000.mp4,101435,motorcycle,1,1758.522,24.0
ch01_00000000148000000.mp4,101483,car,3,1760.322,6.9
ch01_00000000148000000.mp4,101520,motorcycle,1,1761.122,27.7
ch01_00000000148000000.mp4,101543,motorcycle,1,1761.622,24.0
ch01_00000000148000000.mp4,101561,motorcycle,1,1762.222,21.2
ch01_00000000148000000.mp4,101671,car,2,1764.472,22.5
ch01_00000000148000000.mp4,101647,motorcycle,1,1764.772,5.8
ch01_00000000148000000.mp4,101689,motorcycle,1,1765.072,16.4
ch01_00000000148000000.mp4,101778,car,2,1766.822,21.2
ch01_00000000148000000.mp4,101795,motorcycle,1,1767.222,7.7
ch01_00000000148000000.mp4,101915,truck,4,1769.272,21.2
ch01_00000000148000000.mp4,101959,motorcycle,1,1769.522,32.7
ch01_00000000148000000.mp4,102032,motorcycle,1,1771.071,17.1
ch01_00000000148000000.mp4,102070,car,2,1771.721,18.9
ch01_00000000148000000.mp4,102068,motorcycle,1,1771.821,10.6
ch01_00000000148000000.mp4,102083,motorcycle,1,1771.971,24.0
ch01_00000000148000000.mp4,102119,motorcycle,1,1773.271,10.3
ch01_00000000148000000.mp4,102172,motorcycle,1,1773.571,18.0
ch01_00000000148000000.mp4,102200,motorcycle,1,1774.071,17.1
ch01_00000000148000000.mp4,102226,motorcycle,1,1774.571,21.2
ch01_00000000148000000.mp4,102260,motorcycle,1,1775.321,18.9
ch01_00000000148000000.mp4,102240,car,2,1775.571,12.9
ch01_00000000148000000.mp4,102285,motorcycle,1,1775.771,9.2
ch01_00000000148000000.mp4,102256,motorcycle,1,1777.021,10.3
ch01_00000000148000000.mp4,102317,car,2,1777.471,15.0
ch01_00000000148000000.mp4,102333,car,2,1778.871,9.7
ch01_00000000148000000.mp4,102482,truck,6,1781.371,12.4
ch01_00000000148000000.mp4,102580,motorcycle,1,1781.971,20.0
ch01_00000000148000000.mp4,102678,motorcycle,1,1783.97,21.2
ch01_00000000148000000.mp4,102723,motorcycle,1,1784.571,18.0
ch01_00000000148000000.mp4,102731,motorcycle,1,1784.77,12.4
ch01_00000000148000000.mp4,102768,motorcycle,1,1785.52,18.9
ch01_00000000148000000.mp4,102906,motorcycle,1,1788.42,24.0
ch01_00000000148000000.mp4,102883,car,2,1788.47,16.4
ch01_00000000148000000.mp4,102945,car,2,1789.97,18.9
ch01_00000000148000000.mp4,103058,motorcycle,1,1791.02,21.2
ch01_00000000148000000.mp4,103100,motorcycle,1,1792.17,5.7
ch01_00000000148000000.mp4,103104,car,2,1792.27,16.4
ch01_00000000148000000.mp4,103067,car,2,1793.42,3.8
ch01_00000000148000000.mp4,103211,car,2,1795.72,10.0
ch01_00000000148000000.mp4,103346,car,2,1798.27,13.3
ch01_00000000148000000.mp4,103509,motorcycle,1,1800.169,18.0
ch01_00000000148000000.mp4,103393,truck,6,1800.619,12.4
ch01_00000000148000000.mp4,103470,car,2,1800.819,11.3
ch01_00000000148000000.mp4,103586,motorcycle,1,1802.169,9.0
ch01_00000000148000000.mp4,103636,car,2,1803.069,13.8
ch01_00000000148000000.mp4,103665,truck,4,1804.469,7.3
ch01_00000000148000000.mp4,103852,car,2,1807.169,16.4
ch01_00000000148000000.mp4,103958,motorcycle,1,1808.969,18.9
ch01_00000000148000000.mp4,103987,motorcycle,1,1809.969,24.0
ch01_00000000148000000.mp4,103992,motorcycle,1,1810.369,14.4
ch01_00000000148000000.mp4,104005,motorcycle,1,1810.619,20.0
ch01_00000000148000000.mp4,104077,motorcycle,1,1813.968,11.3
ch01_00000000148000000.mp4,104254,car,2,1816.468,18.0
ch01_00000000148000000.mp4,104418,motorcycle,1,1819.468,25.7
ch01_00000000148000000.mp4,104601,motorcycle,1,1824.018,12.4
ch01_00000000148000000.mp4,104735,motorcycle,1,1825.868,15.0
ch01_00000000148000000.mp4,104774,car,2,1827.367,22.5
ch01_00000000148000000.mp4,104873,car,2,1829.767,22.5
ch01_00000000148000000.mp4,104913,car,2,1830.967,12.4
ch01_00000000148000000.mp4,105002,motorcycle,1,1832.417,13.8
ch01_00000000148000000.mp4,105021,motorcycle,1,1832.917,18.9
ch01_00000000148000000.mp4,105057,car,2,1834.217,17.1
ch01_00000000148000000.mp4,105136,car,2,1836.017,18.0
ch01_00000000148000000.mp4,105382,motorcycle,1,1841.316,10.9
ch01_00000000148000000.mp4,105431,motorcycle,1,1842.116,18.0
ch01_00000000148000000.mp4,105486,motorcycle,1,1843.666,18.0
ch01_00000000148000000.mp4,105493,motorcycle,1,1844.216,17.1
ch01_00000000148000000.mp4,105569,motorcycle,1,1844.866,17.1
ch01_00000000148000000.mp4,105541,car,2,1844.966,11.3
ch01_00000000148000000.mp4,105568,motorcycle,1,1845.566,12.4
ch01_00000000148000000.mp4,105612,motorcycle,1,1845.916,16.4
ch01_00000000148000000.mp4,105630,car,2,1847.666,12.4
ch01_00000000148000000.mp4,105765,motorcycle,1,1849.216,18.9
ch01_00000000148000000.mp4,105775,motorcycle,1,1849.316,24.0
ch01_00000000148000000.mp4,105749,car,2,1849.816,11.6
ch01_00000000148000000.mp4,105811,motorcycle,1,1849.966,20.0
ch01_00000000148000000.mp4,105842,motorcycle,1,1850.816,20.0
ch01_00000000148000000.mp4,105883,motorcycle,1,1851.716,22.5
ch01_00000000148000000.mp4,105899,car,2,1852.565,12.4
ch01_00000000148000000.mp4,105927,motorcycle,1,1852.666,20.0
ch01_00000000148000000.mp4,105975,bus,5,1855.215,15.7
ch01_00000000148000000.mp4,106074,car,2,1856.815,13.8
ch01_00000000148000000.mp4,106177,car,2,1857.415,17.1
ch01_00000000148000000.mp4,106325,car,2,1860.665,17.1
ch01_00000000148000000.mp4,106373,car,2,1861.265,20.0
ch01_00000000148000000.mp4,106447,car,2,1862.765,14.4
ch01_00000000148000000.mp4,106540,motorcycle,1,1863.365,18.0
ch01_00000000148000000.mp4,106596,motorcycle,1,1864.465,15.7
ch01_00000000148000000.mp4,106717,motorcycle,1,1866.364,21.2
ch01_00000000148000000.mp4,106798,motorcycle,1,1867.864,14.4
ch01_00000000148000000.mp4,106808,car,2,1867.964,18.9
ch01_00000000148000000.mp4,106792,motorcycle,1,1868.364,10.3
ch01_00000000148000000.mp4,106950,motorcycle,1,1870.564,27.7
ch01_00000000148000000.mp4,107061,motorcycle,1,1872.164,18.9
ch01_00000000148000000.mp4,107523,truck,4,1881.014,16.4
ch01_00000000148000000.mp4,107644,car,2,1883.213,18.0
ch01_00000000148000000.mp4,107711,motorcycle,1,1884.263,27.7
ch01_00000000148000000.mp4,107686,car,2,1885.013,6.2
ch01_00000000148000000.mp4,107732,motorcycle,1,1885.263,12.4
ch01_00000000148000000.mp4,107813,motorcycle,1,1886.913,12.9
ch01_00000000148000000.mp4,107881,motorcycle,1,1887.313,22.5
ch01_00000000148000000.mp4,107967,motorcycle,1,1888.663,24.0
ch01_00000000148000000.mp4,108361,motorcycle,1,1896.862,24.0
ch01_00000000148000000.mp4,108716,car,2,1901.562,16.4
ch01_00000000148000000.mp4,109076,motorcycle,1,1907.961,12.4
ch01_00000000148000000.mp4,109090,motorcycle,1,1908.312,4.3
ch01_00000000148000000.mp4,109376,motorcycle,1,1912.911,6.5
ch01_00000000148000000.mp4,109466,motorcycle,1,1914.061,18.9
ch01_00000000148000000.mp4,109479,motorcycle,1,1914.511,11.3
ch01_00000000148000000.mp4,110062,motorcycle,1,1926.71,9.2
ch01_00000000148000000.mp4,110176,motorcycle,1,1927.76,12.9
ch01_00000000148000000.mp4,110233,car,2,1929.66,14.4
ch01_00000000148000000.mp4,110309,motorcycle,1,1929.81,25.7
ch01_00000000148000000.mp4,110330,truck,6,1931.01,13.8
ch01_00000000148000000.mp4,110475,motorcycle,1,1932.01,22.5
ch01_00000000148000000.mp4,110446,motorcycle,1,1932.21,13.8
ch01_00000000148000000.mp4,110423,car,2,1932.91,12.9
ch01_00000000148000000.mp4,110688,motorcycle,1,1936.259,40.0
ch01_00000000148000000.mp4,110651,motorcycle,1,1937.059,9.2
ch01_00000000148000000.mp4,110805,motorcycle,1,1939.809,8.8
ch01_00000000148000000.mp4,110894,motorcycle,1,1941.359,7.5
ch01_00000000148000000.mp4,110958,motorcycle,1,1941.659,32.7
ch01_00000000148000000.mp4,111003,motorcycle,1,1942.759,30.0
ch01_00000000148000000.mp4,111043,motorcycle,1,1943.659,32.7
ch01_00000000148000000.mp4,111105,motorcycle,1,1945.259,27.7
ch01_00000000148000000.mp4,111068,motorcycle,1,1945.659,4.1
ch01_00000000148000000.mp4,111087,motorcycle,1,1946.009,3.0
ch01_00000000148000000.mp4,111147,motorcycle,1,1946.409,32.7
ch01_00000000148000000.mp4,111178,motorcycle,1,1947.359,32.7
ch01_00000000148000000.mp4,111273,motorcycle,1,1949.508,11.3
ch01_00000000148000000.mp4,111417,motorcycle,1,1952.308,24.0
ch01_00000000148000000.mp4,111456,motorcycle,1,1953.158,22.5
ch01_00000000148000000.mp4,111532,motorcycle,1,1954.708,27.7
ch01_00000000148000000.mp4,111557,motorcycle,1,1955.308,25.7
ch01_00000000148000000.mp4,111449,motorcycle,1,1955.508,25.7
ch01_00000000148000000.mp4,111650,motorcycle,1,1956.858,32.7
ch01_00000000148000000.mp4,111669,motorcycle,1,1958.158,25.7
ch01_00000000148000000.mp4,111815,motorcycle,1,1960.958,21.2
ch01_00000000148000000.mp4,111861,motorcycle,1,1961.658,22.5
ch01_00000000148000000.mp4,111810,motorcycle,1,1962.358,21.2
ch01_00000000148000000.mp4,111841,motorcycle,1,1962.807,22.5
ch01_00000000148000000.mp4,111945,motorcycle,1,1963.757,22.5
ch01_00000000148000000.mp4,112042,motorcycle,1,1965.507,22.5
ch01_00000000148000000.mp4,112048,motorcycle,1,1965.707,22.5
ch01_00000000148000000.mp4,112122,motorcycle,1,1967.907,18.9
ch01_00000000148000000.mp4,112130,motorcycle,1,1968.307,24.0
ch01_00000000148000000.mp4,112215,motorcycle,1,1969.907,25.7
ch01_00000000148000000.mp4,112236,motorcycle,1,1970.457,22.5
ch01_00000000148000000.mp4,112310,motorcycle,1,1971.907,25.7
ch01_00000000148000000.mp4,112332,motorcycle,1,1972.407,30.0
ch01_00000000148000000.mp4,112338,motorcycle,1,1972.707,21.2
ch01_00000000148000000.mp4,112377,motorcycle,1,1973.307,25.7
ch01_00000000148000000.mp4,112387,car,2,1973.857,18.0
ch01_00000000148000000.mp4,112424,motorcycle,1,1974.007,21.2
ch01_00000000148000000.mp4,112459,motorcycle,1,1974.807,22.5
ch01_00000000148000000.mp4,112468,car,2,1975.307,18.0
ch01_00000000148000000.mp4,112523,motorcycle,1,1976.306,22.5
ch01_00000000148000000.mp4,112556,motorcycle,1,1977.006,22.5
ch01_00000000148000000.mp4,112567,motorcycle,1,1977.107,24.0
ch01_00000000148000000.mp4,112653,motorcycle,1,1978.506,25.7
ch01_00000000148000000.mp4,112625,car,2,1978.556,18.0
ch01_00000000148000000.mp4,112708,motorcycle,1,1979.306,24.0
ch01_00000000148000000.mp4,112728,motorcycle,1,1979.606,24.0
ch01_00000000148000000.mp4,112737,car,2,1979.906,18.0
ch01_00000000148000000.mp4,112771,motorcycle,1,1980.656,12.0
ch01_00000000148000000.mp4,112788,motorcycle,1,1980.706,22.5
ch01_00000000148000000.mp4,112823,motorcycle,1,1981.456,21.2
ch01_00000000148000000.mp4,112916,motorcycle,1,1983.156,22.5
ch01_00000000148000000.mp4,112932,motorcycle,1,1983.456,24.0
ch01_00000000148000000.mp4,112899,car,2,1983.556,18.0
ch01_00000000148000000.mp4,112966,motorcycle,1,1984.356,22.5
ch01_00000000148000000.mp4,113030,motorcycle,1,1985.456,18.0
ch01_00000000148000000.mp4,113059,motorcycle,1,1986.156,21.2
ch01_00000000148000000.mp4,113083,motorcycle,1,1986.706,20.0
ch01_00000000148000000.mp4,113049,truck,4,1986.856,6.8
ch01_00000000148000000.mp4,113126,motorcycle,1,1987.806,30.0
ch01_00000000148000000.mp4,113163,motorcycle,1,1988.806,18.9
ch01_00000000148000000.mp4,113316,motorcycle,1,1992.705,18.9
ch01_00000000148000000.mp4,113350,motorcycle,1,1993.505,20.0
ch01_00000000148000000.mp4,113355,motorcycle,1,1993.755,7.5
ch01_00000000148000000.mp4,113318,motorcycle,1,1993.955,22.5
ch01_00000000148000000.mp4,113414,motorcycle,1,1995.005,24.0
ch01_00000000148000000.mp4,113454,motorcycle,1,1996.205,25.7
ch01_00000000148000000.mp4,113482,motorcycle,1,1996.705,25.7
ch01_00000000148000000.mp4,113555,motorcycle,1,1999.255,22.5
ch01_00000000148000000.mp4,113601,motorcycle,1,1999.305,13.8
ch01_00000000148000000.mp4,113657,car,2,2000.505,15.7
ch01_00000000148000000.mp4,113708,motorcycle,1,2000.805,20.0
ch01_00000000148000000.mp4,113763,motorcycle,1,2001.555,21.2
ch01_00000000148000000.mp4,113752,car,2,2001.605,16.4
ch01_00000000148000000.mp4,113786,motorcycle,1,2002.105,21.2
ch01_00000000148000000.mp4,113844,car,2,2004.505,17.1
ch01_00000000148000000.mp4,113864,motorcycle,1,2005.104,18.0
ch01_00000000148000000.mp4,113928,motorcycle,1,2006.304,25.7
ch01_00000000148000000.mp4,113924,motorcycle,1,2006.554,18.0
ch01_00000000148000000.mp4,113911,car,2,2006.604,17.1
ch01_00000000148000000.mp4,114003,motorcycle,1,2007.754,17.1
ch01_00000000148000000.mp4,114017,motorcycle,1,2008.104,20.0
ch01_00000000148000000.mp4,114084,car,2,2010.504,15.7
ch01_00000000148000000.mp4,114113,motorcycle,1,2010.554,22.5
ch01_00000000148000000.mp4,114110,motorcycle,1,2010.604,20.0
ch01_00000000148000000.mp4,114134,car,2,2011.354,15.0
ch01_00000000148000000.mp4,114193,motorcycle,1,2011.604,25.7
ch01_00000000148000000.mp4,114248,car,2,2013.304,16.4
ch01_00000000148000000.mp4,114277,motorcycle,1,2013.504,18.0
ch01_00000000148000000.mp4,114366,car,2,2015.254,17.1
ch01_00000000148000000.mp4,114435,car,2,2017.104,17.1
ch01_00000000148000000.mp4,114593,motorcycle,1,2019.903,13.3
ch01_00000000148000000.mp4,114597,car,2,2019.903,20.0
ch01_00000000148000000.mp4,114671,motorcycle,1,2021.003,16.4
ch01_00000000148000000.mp4,114679,truck,6,2021.353,17.1
ch01_00000000148000000.mp4,114724,motorcycle,1,2021.753,17.1
ch01_00000000148000000.mp4,114764,car,2,2022.703,16.4
ch01_00000000148000000.mp4,114812,motorcycle,1,2022.903,21.2
ch01_00000000148000000.mp4,114886,motorcycle,1,2024.353,22.5
ch01_00000000148000000.mp4,114884,car,2,2024.703,17.1
ch01_00000000148000000.mp4,114938,motorcycle,1,2025.303,14.4
ch01_00000000148000000.mp4,114989,motorcycle,1,2025.803,18.0
ch01_00000000148000000.mp4,115034,motorcycle,1,2026.353,21.2
ch01_00000000148000000.mp4,115133,motorcycle,1,2027.503,30.0
ch01_00000000148000000.mp4,115255,motorcycle,1,2030.153,13.8
ch01_00000000148000000.mp4,115299,motorcycle,1,2030.703,21.2
ch01_00000000148000000.mp4,115450,motorcycle,1,2033.402,25.7
ch01_00000000148000000.mp4,115726,motorcycle,1,2038.102,27.7
ch01_00000000148000000.mp4,115763,motorcycle,1,2038.952,16.4
ch01_00000000148000000.mp4,115792,motorcycle,1,2039.252,11.6
ch01_00000000148000000.mp4,115886,car,2,2041.002,18.0
ch01_00000000148000000.mp4,115988,motorcycle,1,2042.552,24.0
ch01_00000000148000000.mp4,116030,motorcycle,1,2043.252,25.7
ch01_00000000148000000.mp4,116146,motorcycle,1,2044.902,27.7
ch01_00000000148000000.mp4,116249,motorcycle,1,2046.451,24.0
ch01_00000000148000000.mp4,116266,bus,5,2047.851,20.0
ch01_00000000148000000.mp4,116518,motorcycle,1,2051.001,22.5
ch01_00000000148000000.mp4,116813,motorcycle,1,2056.401,17.1
ch01_00000000148000000.mp4,116676,car,3,2056.851,13.3
ch01_00000000148000000.mp4,116889,motorcycle,1,2058.051,20.0
ch01_00000000148000000.mp4,117003,motorcycle,1,2059.95,18.9
ch01_00000000148000000.mp4,117264,car,2,2066.9,21.2
ch01_00000000148000000.mp4,117377,car,2,2068.75,25.7
ch01_00000000148000000.mp4,117437,motorcycle,1,2070.05,13.8
ch01_00000000148000000.mp4,117464,motorcycle,1,2070.25,25.7
ch01_00000000148000000.mp4,117546,motorcycle,1,2072.15,27.7
ch01_00000000148000000.mp4,117588,motorcycle,1,2072.899,45.0
ch01_00000000148000000.mp4,117768,motorcycle,1,2075.999,14.4
ch01_00000000148000000.mp4,117962,motorcycle,1,2079.199,30.0
ch01_00000000148000000.mp4,118343,motorcycle,1,2087.698,9.7
ch01_00000000148000000.mp4,118331,truck,4,2087.798,9.7
ch01_00000000148000000.mp4,118349,motorcycle,1,2088.248,11.6
ch01_00000000148000000.mp4,118549,motorcycle,1,2092.048,9.2
ch01_00000000148000000.mp4,118578,motorcycle,1,2092.948,10.0
ch01_00000000148000000.mp4,118655,motorcycle,1,2093.698,40.0
ch01_00000000148000000.mp4,118724,motorcycle,1,2095.898,10.3
ch01_00000000148000000.mp4,119035,motorcycle,1,2102.547,12.0
ch01_00000000148000000.mp4,119379,motorcycle,1,2109.147,18.9
ch01_00000000148000000.mp4,119453,motorcycle,1,2110.447,18.9
ch01_00000000148000000.mp4,119662,motorcycle,1,2113.947,32.7
ch01_00000000148000000.mp4,119650,motorcycle,1,2114.097,12.4
ch01_00000000148000000.mp4,119679,car,2,2115.097,15.7
ch01_00000000148000000.mp4,119716,motorcycle,1,2115.197,30.0
ch01_00000000148000000.mp4,119897,motorcycle,1,2119.496,32.7
ch01_00000000148000000.mp4,119923,motorcycle,1,2119.846,30.0
ch01_00000000148000000.mp4,119909,motorcycle,1,2120.046,10.9
ch01_00000000148000000.mp4,120042,motorcycle,1,2121.946,36.0
ch01_00000000148000000.mp4,120053,motorcycle,1,2122.146,32.7
ch01_00000000148000000.mp4,120043,motorcycle,1,2122.846,27.7
ch01_00000000148000000.mp4,120099,car,2,2123.346,22.5
ch01_00000000148000000.mp4,120149,motorcycle,1,2124.396,11.6
ch01_00000000148000000.mp4,120195,motorcycle,1,2125.396,25.7
ch01_00000000148000000.mp4,120209,motorcycle,1,2125.946,24.0
ch01_00000000148000000.mp4,120227,motorcycle,1,2126.696,21.2
ch01_00000000148000000.mp4,120240,motorcycle,1,2127.096,21.2
ch01_00000000148000000.mp4,120261,motorcycle,1,2127.596,22.5
ch01_00000000148000000.mp4,120290,motorcycle,1,2128.396,21.2
ch01_00000000148000000.mp4,120379,motorcycle,1,2130.295,18.9
ch01_00000000148000000.mp4,120403,motorcycle,1,2130.795,24.0
ch01_00000000148000000.mp4,120506,motorcycle,1,2132.245,20.0
ch01_00000000148000000.mp4,120574,truck,4,2134.145,16.4
ch01_00000000148000000.mp4,120608,motorcycle,1,2134.845,21.2
ch01_00000000148000000.mp4,120640,motorcycle,1,2135.495,22.5
ch01_00000000148000000.mp4,120681,motorcycle,1,2135.995,25.7
ch01_00000000148000000.mp4,120668,car,2,2136.595,16.4
ch01_00000000148000000.mp4,120755,motorcycle,1,2137.545,25.7
ch01_00000000148000000.mp4,120753,motorcycle,1,2137.895,27.7
ch01_00000000148000000.mp4,120780,car,2,2138.095,21.2
ch01_00000000148000000.mp4,120883,car,2,2141.245,12.0
ch01_00000000148000000.mp4,120975,motorcycle,1,2142.095,24.0
ch01_00000000148000000.mp4,120980,car,2,2142.494,5.1
ch01_00000000148000000.mp4,120990,motorcycle,1,2142.595,18.0
ch01_00000000148000000.mp4,121037,motorcycle,1,2143.444,17.1
ch01_00000000148000000.mp4,121067,truck,4,2145.644,3.2
ch01_00000000148000000.mp4,121149,motorcycle,1,2146.444,18.0
ch01_00000000148000000.mp4,121171,motorcycle,1,2147.094,16.4
ch01_00000000148000000.mp4,121179,car,2,2147.594,13.3
ch01_00000000148000000.mp4,121195,motorcycle,1,2148.694,5.7
ch01_00000000148000000.mp4,121220,motorcycle,1,2148.794,15.0
ch01_00000000148000000.mp4,121199,motorcycle,1,2149.244,17.1
ch01_00000000148000000.mp4,121145,car,2,2149.394,4.0
ch01_00000000148000000.mp4,121318,car,2,2151.744,8.4
ch01_00000000148000000.mp4,121376,motorcycle,1,2152.044,13.8
ch01_00000000148000000.mp4,121451,car,2,2154.344,8.8
ch01_00000000148000000.mp4,121573,car,2,2156.093,2.8
ch01_00000000148000000.mp4,121564,car,2,2156.144,11.6
ch01_00000000148000000.mp4,121667,car,2,2159.443,2.4
ch01_00000000148000000.mp4,121828,motorcycle,1,2161.143,14.4
ch01_00000000148000000.mp4,122012,motorcycle,1,2164.443,17.1
ch01_00000000148000000.mp4,122021,motorcycle,1,2164.693,16.4
ch01_00000000148000000.mp4,122071,motorcycle,1,2165.693,15.0
ch01_00000000148000000.mp4,122118,motorcycle,1,2166.743,12.4
ch01_00000000148000000.mp4,122072,car,2,2167.743,7.7
ch01_00000000148000000.mp4,122171,motorcycle,1,2167.793,16.4
ch01_00000000148000000.mp4,122140,motorcycle,1,2168.343,10.0
ch01_00000000148000000.mp4,122395,motorcycle,1,2172.242,17.1
ch01_00000000148000000.mp4,122455,motorcycle,1,2173.292,18.0
ch01_00000000148000000.mp4,122383,truck,6,2173.392,10.6
ch01_00000000148000000.mp4,122502,motorcycle,1,2174.192,18.0
ch01_00000000148000000.mp4,122584,motorcycle,1,2175.192,18.9
ch01_00000000148000000.mp4,122568,car,2,2175.542,12.4
ch01_00000000148000000.mp4,122633,car,2,2176.992,12.0
ch01_00000000148000000.mp4,122707,motorcycle,1,2177.542,15.7
ch01_00000000148000000.mp4,122727,motorcycle,1,2178.092,14.4
ch01_00000000148000000.mp4,122760,motorcycle,1,2178.692,16.4
ch01_00000000148000000.mp4,122766,car,2,2179.492,11.6
ch01_00000000148000000.mp4,122825,motorcycle,1,2180.292,18.0
ch01_00000000148000000.mp4,122904,car,2,2182.492,18.0
ch01_00000000148000000.mp4,122913,truck,4,2183.142,10.9
ch01_00000000148000000.mp4,122968,motorcycle,1,2183.992,15.7
ch01_00000000148000000.mp4,123024,motorcycle,1,2185.141,18.9
ch01_00000000148000000.mp4,123005,car,2,2185.691,9.0
ch01_00000000148000000.mp4,123066,car,2,2187.341,11.3
ch01_00000000148000000.mp4,123139,car,2,2188.141,14.4
ch01_00000000148000000.mp4,123191,motorcycle,1,2188.741,15.0
ch01_00000000148000000.mp4,123213,motorcycle,1,2189.241,11.6
ch01_00000000148000000.mp4,123307,car,2,2190.991,14.4
ch01_00000000148000000.mp4,123357,motorcycle,1,2191.341,18.9
ch01_00000000148000000.mp4,123430,motorcycle,1,2192.891,21.2
ch01_00000000148000000.mp4,123429,motorcycle,1,2192.941,18.9
ch01_00000000148000000.mp4,123438,car,2,2193.641,12.4
ch01_00000000148000000.mp4,123474,motorcycle,1,2193.741,22.5
ch01_00000000148000000.mp4,123506,motorcycle,1,2194.341,22.5
ch01_00000000148000000.mp4,123559,motorcycle,1,2195.391,21.2
ch01_00000000148000000.mp4,123543,car,2,2195.641,12.4
ch01_00000000148000000.mp4,123482,motorcycle,1,2195.691,7.3
ch01_00000000148000000.mp4,123593,motorcycle,1,2195.841,24.0
ch01_00000000148000000.mp4,123620,motorcycle,1,2196.541,25.7
ch01_00000000148000000.mp4,123636,car,2,2197.89,10.6
ch01_00000000148000000.mp4,123691,car,2,2199.94,10.9
ch01_00000000148000000.mp4,123728,motorcycle,1,2200.24,15.0
ch01_00000000148000000.mp4,123713,car,2,2200.69,17.1
ch01_00000000148000000.mp4,123854,car,2,2203.54,12.9
ch01_00000000148000000.mp4,123934,motorcycle,1,2204.74,11.6
ch01_00000000148000000.mp4,124121,motorcycle,1,2208.84,21.2
ch01_00000000148000000.mp4,124255,motorcycle,1,2212.289,22.5
ch01_00000000148000000.mp4,124260,motorcycle,1,2212.339,11.3
ch01_00000000148000000.mp4,124240,motorcycle,1,2213.089,10.6
ch01_00000000148000000.mp4,124438,motorcycle,1,2216.439,22.5
ch01_00000000148000000.mp4,124644,motorcycle,1,2218.889,18.9
ch01_00000000148000000.mp4,124712,motorcycle,1,2222.439,11.3
ch01_00000000148000000.mp4,124820,motorcycle,1,2222.739,21.2
ch01_00000000148000000.mp4,124745,car,2,2223.239,11.3
ch01_00000000148000000.mp4,124901,motorcycle,1,2223.689,9.7
ch01_00000000148000000.mp4,124981,car,2,2225.888,15.0
ch01_00000000148000000.mp4,125163,motorcycle,1,2227.738,32.7
ch01_00000000148000000.mp4,125165,truck,4,2228.188,20.0
ch01_00000000148000000.mp4,125214,truck,4,2229.238,15.0
ch01_00000000148000000.mp4,125266,car,2,2229.538,18.9
ch01_00000000148000000.mp4,125505,car,2,2232.688,18.0
ch01_00000000148000000.mp4,125654,car,2,2234.688,8.0
ch01_00000000148000000.mp4,125694,car,2,2235.838,18.0
ch01_00000000148000000.mp4,125956,car,3,2240.537,7.7
ch01_00000000148000000.mp4,126093,car,2,2242.437,18.9
ch01_00000000148000000.mp4,126161,car,2,2244.187,18.9
ch01_00000000148000000.mp4,126199,motorcycle,1,2245.037,9.2
ch01_00000000148000000.mp4,126192,motorcycle,1,2250.237,9.5
ch01_00000000148000000.mp4,126624,car,2,2254.336,6.7
ch01_00000000148000000.mp4,126642,motorcycle,1,2254.686,12.0
ch01_00000000148000000.mp4,127008,car,2,2262.786,20.0
ch01_00000000148000000.mp4,127109,car,2,2264.136,18.9
ch01_00000000148000000.mp4,127359,motorcycle,1,2268.685,32.7
ch01_00000000148000000.mp4,127574,motorcycle,1,2273.085,27.7
ch01_00000000148000000.mp4,127599,motorcycle,1,2273.635,36.0
ch01_00000000148000000.mp4,127681,motorcycle,1,2275.235,27.7
ch01_00000000148000000.mp4,127877,car,2,2280.235,15.0
ch01_00000000148000000.mp4,127970,car,2,2282.084,15.7
ch01_00000000148000000.mp4,128119,motorcycle,1,2284.384,22.5
ch01_00000000148000000.mp4,128127,motorcycle,1,2284.634,25.7
ch01_00000000148000000.mp4,128160,motorcycle,1,2284.884,25.7
ch01_00000000148000000.mp4,128208,motorcycle,1,2285.884,24.0
ch01_00000000148000000.mp4,128267,motorcycle,1,2286.684,22.5
ch01_00000000148000000.mp4,128349,motorcycle,1,2288.334,27.7
ch01_00000000148000000.mp4,128371,motorcycle,1,2288.984,21.2
ch01_00000000148000000.mp4,128388,motorcycle,1,2289.234,25.7
ch01_00000000148000000.mp4,128464,motorcycle,1,2290.884,22.5
ch01_00000000148000000.mp4,128498,motorcycle,1,2291.484,22.5
ch01_00000000148000000.mp4,128490,motorcycle,1,2291.734,10.0
ch01_00000000148000000.mp4,128724,motorcycle,1,2295.233,20.0
ch01_00000000148000000.mp4,128719,motorcycle,1,2295.333,24.0
ch01_00000000148000000.mp4,128687,motorcycle,1,2295.783,25.7
ch01_00000000148000000.mp4,128765,motorcycle,1,2296.283,18.0
ch01_00000000148000000.mp4,128772,motorcycle,1,2296.383,25.7
ch01_00000000148000000.mp4,128883,motorcycle,1,2298.533,15.0
ch01_00000000148000000.mp4,128985,motorcycle,1,2299.883,24.0
ch01_00000000148000000.mp4,128975,motorcycle,1,2301.133,22.5
ch01_00000000148000000.mp4,129113,motorcycle,1,2302.383,24.0
ch01_00000000148000000.mp4,129131,motorcycle,1,2302.933,18.9
ch01_00000000148000000.mp4,129158,motorcycle,1,2303.333,8.8
ch01_00000000148000000.mp4,129300,car,2,2305.483,21.2
ch01_00000000148000000.mp4,129397,motorcycle,1,2308.032,11.6
ch01_00000000148000000.mp4,129502,car,2,2309.632,13.8
ch01_00000000148000000.mp4,129623,motorcycle,1,2310.882,40.0
ch01_00000000148000000.mp4,129672,motorcycle,1,2311.782,24.0
ch01_00000000148000000.mp4,129693,motorcycle,1,2312.232,15.7
ch01_00000000148000000.mp4,129743,motorcycle,1,2313.082,20.0
ch01_00000000148000000.mp4,129812,motorcycle,1,2314.282,21.2
ch01_00000000148000000.mp4,129833,car,2,2314.982,13.8
ch01_00000000148000000.mp4,129934,motorcycle,1,2317.082,21.2
ch01_00000000148000000.mp4,129951,motorcycle,1,2317.232,13.8
ch01_00000000148000000.mp4,129929,truck,6,2317.632,15.0
ch01_00000000148000000.mp4,130007,motorcycle,1,2318.482,20.0
ch01_00000000148000000.mp4,130050,car,2,2319.732,17.1
ch01_00000000148000000.mp4,130100,motorcycle,1,2319.882,22.5
ch01_00000000148000000.mp4,130134,motorcycle,1,2320.682,18.0
ch01_00000000148000000.mp4,130164,car,2,2321.331,15.7
ch01_00000000148000000.mp4,130246,motorcycle,1,2321.631,17.1
ch01_00000000148000000.mp4,130353,motorcycle,1,2323.331,22.5
ch01_00000000148000000.mp4,130386,motorcycle,1,2323.631,24.0
ch01_00000000148000000.mp4,130412,motorcycle,1,2323.981,13.3
ch01_00000000148000000.mp4,130458,motorcycle,1,2325.031,10.9
ch01_00000000148000000.mp4,130597,car,2,2328.131,17.1
ch01_00000000148000000.mp4,130669,car,2,2329.531,18.9
ch01_00000000148000000.mp4,130758,truck,6,2331.131,15.0
ch01_00000000148000000.mp4,130889,car,2,2333.331,18.9
ch01_00000000148000000.mp4,130979,motorcycle,1,2334.631,22.5
ch01_00000000148000000.mp4,130994,motorcycle,1,2335.18,22.5
ch01_00000000148000000.mp4,131039,motorcycle,1,2336.73,22.5
ch01_00000000148000000.mp4,131063,motorcycle,1,2337.48,22.5
ch01_00000000148000000.mp4,131096,car,3,2338.18,3.8
ch01_00000000148000000.mp4,131109,car,2,2338.88,15.0
ch01_00000000148000000.mp4,131232,motorcycle,1,2340.68,24.0
ch01_00000000148000000.mp4,131259,motorcycle,1,2341.58,18.9
ch01_00000000148000000.mp4,131344,motorcycle,1,2343.53,27.7
ch01_00000000148000000.mp4,131376,motorcycle,1,2344.08,20.0
ch01_00000000148000000.mp4,131457,car,2,2346.43,17.1
ch01_00000000148000000.mp4,131513,car,2,2347.48,17.1
ch01_00000000148000000.mp4,131558,truck,6,2348.88,17.1
ch01_00000000148000000.mp4,131610,motorcycle,1,2350.079,21.2
ch01_00000000148000000.mp4,131647,motorcycle,1,2350.529,20.0
ch01_00000000148000000.mp4,131632,motorcycle,1,2350.929,21.2
ch01_00000000148000000.mp4,131722,motorcycle,1,2352.329,24.0
ch01_00000000148000000.mp4,131723,motorcycle,1,2352.329,25.7
ch01_00000000148000000.mp4,131774,motorcycle,1,2353.979,24.0
ch01_00000000148000000.mp4,131787,motorcycle,1,2354.479,25.7
ch01_00000000148000000.mp4,131765,bus,5,2354.929,17.1
ch01_00000000148000000.mp4,131861,motorcycle,1,2356.329,13.8
ch01_00000000148000000.mp4,131870,motorcycle,1,2356.379,21.2
ch01_00000000148000000.mp4,131874,car,2,2357.029,17.1
ch01_00000000148000000.mp4,131913,motorcycle,1,2357.729,27.7
ch01_00000000148000000.mp4,131960,car,2,2358.779,16.4
ch01_00000000148000000.mp4,131986,truck,4,2360.029,18.0
ch01_00000000148000000.mp4,132030,motorcycle,1,2360.729,22.5
ch01_00000000148000000.mp4,132125,car,2,2364.228,18.0
ch01_00000000148000000.mp4,132759,motorcycle,1,2377.477,22.5
ch01_00000000148000000.mp4,132848,motorcycle,1,2379.527,21.2
ch01_00000000148000000.mp4,132806,car,2,2379.577,13.3
ch01_00000000148000000.mp4,132473,car,2,2379.727,5.4
ch01_00000000148000000.mp4,132922,motorcycle,1,2382.377,15.0
ch01_00000000148000000.mp4,132998,car,2,2384.627,10.9
ch01_00000000148000000.mp4,133136,car,2,2386.027,27.7
ch01_00000000148000000.mp4,133196,motorcycle,1,2387.377,24.0
ch01_00000000148000000.mp4,133406,motorcycle,1,2391.876,16.4
ch01_00000000148000000.mp4,133401,truck,4,2393.576,15.0
ch01_00000000148000000.mp4,133603,motorcycle,1,2396.876,9.7
ch01_00000000148000000.mp4,133707,motorcycle,1,2399.226,10.6
ch01_00000000148000000.mp4,133982,motorcycle,1,2408.025,10.0
ch01_00000000148000000.mp4,134001,motorcycle,1,2408.275,9.5
ch01_00000000148000000.mp4,134343,motorcycle,1,2418.324,12.4
ch01_00000000148000000.mp4,134308,motorcycle,1,2420.974,10.9
ch01_00000000148000000.mp4,134689,motorcycle,1,2427.924,24.0
ch01_00000000148000000.mp4,134722,motorcycle,1,2428.874,27.7
ch01_00000000148000000.mp4,134844,motorcycle,1,2431.823,30.0
ch01_00000000148000000.mp4,134880,motorcycle,1,2432.673,21.2
ch01_00000000148000000.mp4,134908,motorcycle,1,2432.973,25.7
ch01_00000000148000000.mp4,134867,motorcycle,1,2433.973,27.7
ch01_00000000148000000.mp4,135041,motorcycle,1,2435.823,25.7
ch01_00000000148000000.mp4,135061,motorcycle,1,2436.273,30.0
ch01_00000000148000000.mp4,135077,motorcycle,1,2436.423,27.7
ch01_00000000148000000.mp4,135106,motorcycle,1,2437.273,24.0
ch01_00000000148000000.mp4,135211,motorcycle,1,2441.273,24.0
ch01_00000000148000000.mp4,135224,motorcycle,1,2441.773,25.7
ch01_00000000148000000.mp4,135257,motorcycle,1,2442.573,20.0
ch01_00000000148000000.mp4,135280,motorcycle,1,2443.573,21.2
ch01_00000000148000000.mp4,135315,motorcycle,1,2444.473,27.7
ch01_00000000148000000.mp4,135523,motorcycle,1,2448.772,24.0
ch01_00000000148000000.mp4,135540,motorcycle,1,2449.122,24.0
ch01_00000000148000000.mp4,135570,motorcycle,1,2449.572,18.9
ch01_00000000148000000.mp4,135657,motorcycle,1,2451.322,21.2
ch01_00000000148000000.mp4,135635,truck,4,2451.422,21.2
ch01_00000000148000000.mp4,135686,motorcycle,1,2451.772,24.0
ch01_00000000148000000.mp4,135679,motorcycle,1,2453.372,25.7
ch01_00000000148000000.mp4,135788,motorcycle,1,2453.572,25.7
ch01_00000000148000000.mp4,135797,motorcycle,1,2453.872,27.7
ch01_00000000148000000.mp4,135875,motorcycle,1,2456.072,21.2
ch01_00000000148000000.mp4,135943,motorcycle,1,2456.722,18.9
ch01_00000000148000000.mp4,135961,car,2,2457.522,12.4
ch01_00000000148000000.mp4,135996,motorcycle,1,2458.322,24.0
ch01_00000000148000000.mp4,136066,motorcycle,1,2460.121,25.7
ch01_00000000148000000.mp4,136097,car,2,2461.121,21.2
ch01_00000000148000000.mp4,136122,motorcycle,1,2461.171,24.0
ch01_00000000148000000.mp4,136159,car,2,2462.471,22.5
ch01_00000000148000000.mp4,136172,motorcycle,1,2462.471,21.2
ch01_00000000148000000.mp4,136181,motorcycle,1,2463.121,22.5
ch01_00000000148000000.mp4,136236,motorcycle,1,2463.871,22.5
ch01_00000000148000000.mp4,136277,motorcycle,1,2464.821,22.5
ch01_00000000148000000.mp4,136322,car,2,2466.071,24.0
ch01_00000000148000000.mp4,136343,motorcycle,1,2466.371,20.0
ch01_00000000148000000.mp4,136498,car,2,2469.271,21.2
ch01_00000000148000000.mp4,136611,car,2,2471.271,18.9
ch01_00000000148000000.mp4,136642,car,2,2473.12,12.4
ch01_00000000148000000.mp4,136715,motorcycle,1,2473.52,22.5
ch01_00000000148000000.mp4,136767,motorcycle,1,2474.37,32.7
ch01_00000000148000000.mp4,136737,car,2,2474.67,12.9
ch01_00000000148000000.mp4,136813,motorcycle,1,2475.22,20.0
ch01_00000000148000000.mp4,136884,motorcycle,1,2476.62,27.7
ch01_00000000148000000.mp4,136922,motorcycle,1,2477.27,27.7
ch01_00000000148000000.mp4,136808,car,2,2477.37,10.6
ch01_00000000148000000.mp4,136917,car,2,2477.57,25.7
ch01_00000000148000000.mp4,137034,motorcycle,1,2479.67,22.5
ch01_00000000148000000.mp4,137068,motorcycle,1,2480.67,21.2
ch01_00000000148000000.mp4,137081,motorcycle,1,2480.82,9.5
ch01_00000000148000000.mp4,137145,motorcycle,1,2482.57,22.5
ch01_00000000148000000.mp4,137183,motorcycle,1,2483.62,21.2
ch01_00000000148000000.mp4,137244,motorcycle,1,2485.32,17.1
ch01_00000000148000000.mp4,137286,motorcycle,1,2486.419,18.0
ch01_00000000148000000.mp4,137297,motorcycle,1,2486.669,18.0
ch01_00000000148000000.mp4,137323,car,2,2487.919,18.0
ch01_00000000148000000.mp4,137383,car,2,2489.569,10.0
ch01_00000000148000000.mp4,137439,car,3,2491.469,15.0
ch01_00000000148000000.mp4,137467,motorcycle,1,2491.669,20.0
ch01_00000000148000000.mp4,137476,motorcycle,1,2492.019,21.2
ch01_00000000148000000.mp4,137495,car,2,2492.969,15.0
ch01_00000000148000000.mp4,137534,motorcycle,1,2493.569,22.5
ch01_00000000148000000.mp4,137562,motorcycle,1,2494.269,21.2
ch01_00000000148000000.mp4,137598,car,2,2495.069,16.4
ch01_00000000148000000.mp4,137604,car,2,2495.169,15.7
ch01_00000000148000000.mp4,137644,motorcycle,1,2496.069,17.1
ch01_00000000148000000.mp4,137661,car,2,2496.519,17.1
ch01_00000000148000000.mp4,137735,motorcycle,1,2498.419,21.2
ch01_00000000148000000.mp4,137726,car,2,2498.669,17.1
ch01_00000000148000000.mp4,137782,motorcycle,1,2499.718,17.1
ch01_00000000148000000.mp4,137802,motorcycle,1,2499.919,18.9
ch01_00000000148000000.mp4,137863,motorcycle,1,2500.869,20.0
ch01_00000000148000000.mp4,137835,car,2,2500.968,16.4
ch01_00000000148000000.mp4,137889,motorcycle,1,2501.268,22.5
ch01_00000000148000000.mp4,137919,motorcycle,1,2502.068,21.2
ch01_00000000148000000.mp4,137944,motorcycle,1,2502.568,24.0
ch01_00000000148000000.mp4,137943,car,2,2503.168,16.4
ch01_00000000148000000.mp4,137969,motorcycle,1,2503.318,21.2
ch01_00000000148000000.mp4,137984,motorcycle,1,2504.218,18.9
ch01_00000000148000000.mp4,138009,motorcycle,1,2504.918,20.0
ch01_00000000148000000.mp4,138016,motorcycle,1,2505.068,21.2
ch01_00000000148000000.mp4,138030,motorcycle,1,2505.518,22.5
ch01_00000000148000000.mp4,138041,car,2,2506.168,15.7
ch01_00000000148000000.mp4,138118,car,2,2507.818,21.2
ch01_00000000148000000.mp4,138206,motorcycle,1,2510.068,27.7
ch01_00000000148000000.mp4,138219,car,2,2510.868,18.0
ch01_00000000148000000.mp4,138261,motorcycle,1,2512.118,24.0
ch01_00000000148000000.mp4,138287,motorcycle,1,2512.918,21.2
ch01_00000000148000000.mp4,138327,motorcycle,1,2513.668,18.0
ch01_00000000148000000.mp4,138444,motorcycle,1,2516.417,22.5
ch01_00000000148000000.mp4,138459,motorcycle,1,2517.267,15.0
ch01_00000000148000000.mp4,138549,truck,6,2519.717,17.1
ch01_00000000148000000.mp4,138620,car,3,2521.567,18.9
ch01_00000000148000000.mp4,138623,motorcycle,1,2521.967,21.2
ch01_00000000148000000.mp4,138652,car,2,2523.267,15.7
ch01_00000000148000000.mp4,138679,motorcycle,1,2523.817,13.8
ch01_00000000148000000.mp4,138715,car,2,2525.467,14.4
ch01_00000000148000000.mp4,138782,motorcycle,1,2528.017,20.0
ch01_00000000148000000.mp4,138797,motorcycle,1,2529.316,18.0
ch01_00000000148000000.mp4,138902,motorcycle,1,2532.566,30.0
ch01_00000000148000000.mp4,138967,motorcycle,1,2535.066,16.4
ch01_00000000148000000.mp4,138947,motorcycle,1,2536.766,8.6
ch01_00000000148000000.mp4,139090,motorcycle,1,2538.316,17.1
ch01_00000000148000000.mp4,139080,motorcycle,1,2538.516,15.7
ch01_00000000148000000.mp4,139050,car,2,2538.916,10.9
ch01_00000000148000000.mp4,139068,car,2,2540.066,10.3
ch01_00000000148000000.mp4,139138,car,2,2541.416,12.9
ch01_00000000148000000.mp4,139182,car,2,2542.965,11.3
ch01_00000000148000000.mp4,139336,car,2,2547.415,15.7
ch01_00000000148000000.mp4,139382,motorcycle,1,2549.065,8.4
ch01_00000000148000000.mp4,139426,motorcycle,1,2550.015,25.7
ch01_00000000148000000.mp4,139446,motorcycle,1,2550.465,27.7
ch01_00000000148000000.mp4,139528,car,2,2553.365,18.9
ch01_00000000148000000.mp4,139629,car,2,2556.114,20.0
ch01_00000000148000000.mp4,139667,motorcycle,1,2557.064,25.7
ch01_00000000148000000.mp4,139540,motorcycle,1,2559.414,12.4
ch01_00000000148000000.mp4,139737,car,2,2559.414,18.0
ch01_00000000148000000.mp4,139734,motorcycle,1,2559.864,9.2
ch01_00000000148000000.mp4,139774,motorcycle,1,2561.214,9.7
ch01_00000000148000000.mp4,139833,motorcycle,1,2561.264,27.7
ch01_00000000148000000.mp4,139905,car,2,2563.414,16.4
ch01_00000000148000000.mp4,139940,motorcycle,1,2564.364,18.9
ch01_00000000148000000.mp4,139958,motorcycle,1,2564.764,27.7
ch01_00000000148000000.mp4,139974,motorcycle,1,2565.414,15.7
ch01_00000000148000000.mp4,140100,car,2,2570.513,22.5
ch01_00000000148000000.mp4,140144,car,2,2571.813,21.2
ch01_00000000148000000.mp4,140209,car,2,2574.563,22.5
ch01_00000000148000000.mp4,140250,motorcycle,1,2575.013,18.0
ch01_00000000148000000.mp4,140341,car,2,2579.413,22.5
ch01_00000000148000000.mp4,140406,motorcycle,1,2581.463,32.7
ch01_00000000148000000.mp4,140404,motorcycle,1,2581.913,22.5
ch01_00000000148000000.mp4,140457,motorcycle,1,2583.512,12.9
ch01_00000000148000000.mp4,140455,motorcycle,1,2583.812,6.5
ch01_00000000148000000.mp4,140282,motorcycle,1,2584.062,10.0
ch01_00000000148000000.mp4,140555,car,2,2587.912,14.4
ch01_00000000148000000.mp4,140528,motorcycle,1,2588.062,12.4
ch01_00000000148000000.mp4,140574,motorcycle,1,2588.362,7.5
ch01_00000000148000000.mp4,140622,motorcycle,1,2589.562,20.0
ch01_00000000148000000.mp4,140635,truck,6,2590.462,15.0
ch01_00000000148000000.mp4,140676,bus,5,2591.862,15.7
ch01_00000000148000000.mp4,140759,car,2,2594.662,15.7
ch01_00000000148000000.mp4,140810,motorcycle,1,2596.111,30.0
ch01_00000000148000000.mp4,140826,motorcycle,1,2596.461,25.7
ch01_00000000148000000.mp4,140894,motorcycle,1,2598.711,24.0
ch01_00000000148000000.mp4,140925,motorcycle,1,2600.111,22.5
ch01_00000000148000000.mp4,140926,motorcycle,1,2600.261,22.5
ch01_00000000148000000.mp4,140946,motorcycle,1,2600.711,22.5
ch01_00000000148000000.mp4,140958,motorcycle,1,2601.261,25.7
ch01_00000000148000000.mp4,140988,motorcycle,1,2602.611,27.7
ch01_00000000148000000.mp4,140996,motorcycle,1,2603.011,21.2
ch01_00000000148000000.mp4,140983,motorcycle,1,2603.411,24.0
ch01_00000000148000000.mp4,141024,motorcycle,1,2603.911,22.5
ch01_00000000148000000.mp4,141052,motorcycle,1,2604.861,25.7
ch01_00000000148000000.mp4,141048,motorcycle,1,2605.411,30.0
ch01_00000000148000000.mp4,141076,motorcycle,1,2605.911,25.7
ch01_00000000148000000.mp4,140993,car,2,2606.961,6.3
ch01_00000000148000000.mp4,141132,motorcycle,1,2608.711,18.9
ch01_00000000148000000.mp4,141136,motorcycle,1,2608.961,21.2
ch01_00000000148000000.mp4,141158,motorcycle,1,2609.761,18.9
ch01_00000000148000000.mp4,141166,motorcycle,1,2610.211,18.9
ch01_00000000148000000.mp4,141189,motorcycle,1,2611.11,18.9
ch01_00000000148000000.mp4,141188,motorcycle,1,2611.31,18.0
ch01_00000000148000000.mp4,141199,motorcycle,1,2612.11,15.7
ch01_00000000148000000.mp4,141222,motorcycle,1,2612.31,17.1
ch01_00000000148000000.mp4,141106,car,2,2612.71,5.3
ch01_00000000148000000.mp4,141284,motorcycle,1,2615.46,21.2
ch01_00000000148000000.mp4,141298,motorcycle,1,2616.26,22.5
