video_file,track_id,vehicle_class,golongan_code,crossed_at_seconds,speed_kph
ch01_00000000149000000.mp4,28,motorcycle,1,1.95,11.6
ch01_00000000149000000.mp4,27,motorcycle,1,2.0,14.4
ch01_00000000149000000.mp4,39,motorcycle,1,2.65,15.7
ch01_00000000149000000.mp4,47,truck,6,3.2,15.0
ch01_00000000149000000.mp4,57,motorcycle,1,4.0,18.9
ch01_00000000149000000.mp4,76,motorcycle,1,4.85,17.1
ch01_00000000149000000.mp4,85,motorcycle,1,5.7,18.0
ch01_00000000149000000.mp4,95,motorcycle,1,6.85,18.9
ch01_00000000149000000.mp4,106,motorcycle,1,7.4,1.1
ch01_00000000149000000.mp4,114,motorcycle,1,8.05,18.0
ch01_00000000149000000.mp4,113,motorcycle,1,8.2,24.0
ch01_00000000149000000.mp4,126,motorcycle,1,9.05,22.5
ch01_00000000149000000.mp4,140,motorcycle,1,9.45,27.7
ch01_00000000149000000.mp4,134,motorcycle,1,9.8,18.9
ch01_00000000149000000.mp4,154,motorcycle,1,10.3,30.0
ch01_00000000149000000.mp4,179,motorcycle,1,11.599,20.0
ch01_00000000149000000.mp4,221,car,2,13.049,20.0
ch01_00000000149000000.mp4,229,car,2,13.049,20.0
ch01_00000000149000000.mp4,261,motorcycle,1,15.099,12.9
ch01_00000000149000000.mp4,267,motorcycle,1,15.149,30.0
ch01_00000000149000000.mp4,264,motorcycle,1,15.799,32.7
ch01_00000000149000000.mp4,278,car,2,16.199,24.0
ch01_00000000149000000.mp4,285,motorcycle,1,16.599,32.7
ch01_00000000149000000.mp4,299,motorcycle,1,17.399,27.7
ch01_00000000149000000.mp4,44,motorcycle,1,21.249,24.0
ch01_00000000149000000.mp4,58,motorcycle,1,21.849,25.7
ch01_00000000149000000.mp4,71,motorcycle,1,22.749,22.5
ch01_00000000149000000.mp4,72,motorcycle,1,22.999,1.3
ch01_00000000149000000.mp4,86,motorcycle,1,23.449,9.7
ch01_00000000149000000.mp4,112,motorcycle,1,24.699,20.0
ch01_00000000149000000.mp4,161,motorcycle,1,26.249,24.0
ch01_00000000149000000.mp4,184,motorcycle,1,27.099,30.0
ch01_00000000149000000.mp4,214,motorcycle,1,28.949,22.5
ch01_00000000149000000.mp4,230,motorcycle,1,29.648,36.0
ch01_00000000149000000.mp4,231,car,2,30.099,21.2
ch01_00000000149000000.mp4,271,motorcycle,1,31.448,24.0
ch01_00000000149000000.mp4,269,motorcycle,1,32.398,22.5
ch01_00000000149000000.mp4,272,motorcycle,1,33.998,11.3
ch01_00000000149000000.mp4,12,motorcycle,1,34.248,7.8
ch01_00000000149000000.mp4,96,motorcycle,1,38.048,18.9
ch01_00000000149000000.mp4,117,car,2,38.998,21.2
ch01_00000000149000000.mp4,139,motorcycle,1,39.798,24.0
ch01_00000000149000000.mp4,31,motorcycle,1,43.448,27.7
ch01_00000000149000000.mp4,205,motorcycle,1,43.548,10.9
ch01_00000000149000000.mp4,108,motorcycle,1,45.848,22.5
ch01_00000000149000000.mp4,122,motorcycle,1,45.848,12.4
ch01_00000000149000000.mp4,167,motorcycle,1,47.548,30.0
ch01_00000000149000000.mp4,215,car,2,49.298,22.5
ch01_00000000149000000.mp4,274,motorcycle,1,50.797,22.5
ch01_00000000149000000.mp4,318,motorcycle,1,51.897,24.0
ch01_00000000149000000.mp4,352,motorcycle,1,52.397,25.7
ch01_00000000149000000.mp4,357,truck,6,53.197,18.9
ch01_00000000149000000.mp4,30,motorcycle,1,53.447,25.7
ch01_00000000149000000.mp4,160,motorcycle,1,55.997,21.2
ch01_00000000149000000.mp4,192,motorcycle,1,56.747,17.1
ch01_00000000149000000.mp4,281,motorcycle,1,58.947,30.0
ch01_00000000149000000.mp4,68,motorcycle,1,63.947,25.7
ch01_00000000149000000.mp4,49,motorcycle,1,68.897,25.7
ch01_00000000149000000.mp4,236,motorcycle,1,72.046,21.2
ch01_00000000149000000.mp4,239,car,2,72.146,30.0
ch01_00000000149000000.mp4,472,motorcycle,1,75.646,18.9
ch01_00000000149000000.mp4,532,motorcycle,1,76.696,18.9
ch01_00000000149000000.mp4,586,motorcycle,1,77.996,18.9
ch01_00000000149000000.mp4,650,motorcycle,1,79.246,16.4
ch01_00000000149000000.mp4,821,motorcycle,1,81.646,20.0
ch01_00000000149000000.mp4,827,car,2,81.796,20.0
ch01_00000000149000000.mp4,953,motorcycle,1,83.896,7.3
ch01_00000000149000000.mp4,1012,motorcycle,1,84.746,25.7
ch01_00000000149000000.mp4,652,motorcycle,1,85.996,11.3
ch01_00000000149000000.mp4,1093,motorcycle,1,86.346,10.6
ch01_00000000149000000.mp4,1182,motorcycle,1,87.946,11.6
ch01_00000000149000000.mp4,1443,motorcycle,1,92.395,11.6
ch01_00000000149000000.mp4,1484,motorcycle,1,93.345,10.6
ch01_00000000149000000.mp4,1560,car,2,94.795,22.5
ch01_00000000149000000.mp4,1738,motorcycle,1,97.195,17.1
ch01_00000000149000000.mp4,1846,motorcycle,1,100.995,13.3
ch01_00000000149000000.mp4,1957,motorcycle,1,101.745,13.8
ch01_00000000149000000.mp4,2106,motorcycle,1,103.445,30.0
ch01_00000000149000000.mp4,2203,car,2,104.745,21.2
ch01_00000000149000000.mp4,2270,car,2,105.595,24.0
ch01_00000000149000000.mp4,2170,motorcycle,1,106.595,16.4
ch01_00000000149000000.mp4,2484,motorcycle,1,109.195,16.4
ch01_00000000149000000.mp4,2605,motorcycle,1,110.844,4.3
ch01_00000000149000000.mp4,2629,motorcycle,1,112.944,5.0
ch01_00000000149000000.mp4,2726,motorcycle,1,113.494,24.0
ch01_00000000149000000.mp4,2765,motorcycle,1,114.144,9.2
ch01_00000000149000000.mp4,2870,motorcycle,1,117.294,10.3
ch01_00000000149000000.mp4,3161,motorcycle,1,121.344,30.0
ch01_00000000149000000.mp4,3206,motorcycle,1,122.344,25.7
ch01_00000000149000000.mp4,3199,motorcycle,1,122.444,11.3
ch01_00000000149000000.mp4,3308,motorcycle,1,125.044,32.7
ch01_00000000149000000.mp4,3361,motorcycle,1,126.444,27.7
ch01_00000000149000000.mp4,3379,motorcycle,1,126.744,21.2
ch01_00000000149000000.mp4,3244,car,2,127.044,6.4
ch01_00000000149000000.mp4,3631,motorcycle,1,131.043,30.0
ch01_00000000149000000.mp4,3687,motorcycle,1,131.744,27.7
ch01_00000000149000000.mp4,3726,motorcycle,1,132.343,27.7
ch01_00000000149000000.mp4,3891,motorcycle,1,135.743,32.7
ch01_00000000149000000.mp4,3983,motorcycle,1,136.793,25.7
ch01_00000000149000000.mp4,3927,motorcycle,1,137.543,30.0
ch01_00000000149000000.mp4,4045,motorcycle,1,137.993,30.0
ch01_00000000149000000.mp4,4125,motorcycle,1,138.593,27.7
ch01_00000000149000000.mp4,4190,motorcycle,1,139.493,32.7
ch01_00000000149000000.mp4,4366,motorcycle,1,142.343,25.7
ch01_00000000149000000.mp4,4413,motorcycle,1,143.543,25.7
ch01_00000000149000000.mp4,4432,motorcycle,1,143.893,27.7
ch01_00000000149000000.mp4,4435,motorcycle,1,143.943,30.0
ch01_00000000149000000.mp4,4450,motorcycle,1,144.293,16.4
ch01_00000000149000000.mp4,4523,motorcycle,1,145.193,22.5
ch01_00000000149000000.mp4,4540,motorcycle,1,145.743,30.0
ch01_00000000149000000.mp4,4588,motorcycle,1,146.093,27.7
ch01_00000000149000000.mp4,4647,motorcycle,1,146.693,30.0
ch01_00000000149000000.mp4,4685,motorcycle,1,147.693,22.5
ch01_00000000149000000.mp4,4795,motorcycle,1,148.943,22.5
ch01_00000000149000000.mp4,4810,motorcycle,1,149.343,24.0
ch01_00000000149000000.mp4,4849,motorcycle,1,149.843,24.0
ch01_00000000149000000.mp4,4897,motorcycle,1,150.692,25.7
ch01_00000000149000000.mp4,5021,motorcycle,1,153.242,24.0
ch01_00000000149000000.mp4,5007,motorcycle,1,153.342,16.4
ch01_00000000149000000.mp4,5047,motorcycle,1,154.192,20.0
ch01_00000000149000000.mp4,5089,motorcycle,1,154.492,18.0
ch01_00000000149000000.mp4,5112,motorcycle,1,154.792,22.5
ch01_00000000149000000.mp4,5260,car,2,156.842,21.2
ch01_00000000149000000.mp4,5277,motorcycle,1,156.942,21.2
ch01_00000000149000000.mp4,5327,motorcycle,1,157.942,21.2
ch01_00000000149000000.mp4,5346,car,2,158.242,21.2
ch01_00000000149000000.mp4,5449,motorcycle,1,159.542,25.7
ch01_00000000149000000.mp4,5526,motorcycle,1,160.592,27.7
ch01_00000000149000000.mp4,5589,car,2,161.542,20.0
ch01_00000000149000000.mp4,5660,motorcycle,1,162.992,21.2
ch01_00000000149000000.mp4,5712,car,2,163.592,24.0
ch01_00000000149000000.mp4,5723,motorcycle,1,164.092,24.0
ch01_00000000149000000.mp4,5779,car,2,164.942,22.5
ch01_00000000149000000.mp4,5776,car,2,165.642,25.7
ch01_00000000149000000.mp4,5850,motorcycle,1,166.192,21.2
ch01_00000000149000000.mp4,5890,motorcycle,1,166.642,22.5
ch01_00000000149000000.mp4,5915,motorcycle,1,167.142,24.0
ch01_00000000149000000.mp4,5956,motorcycle,1,167.842,24.0
ch01_00000000149000000.mp4,5975,motorcycle,1,168.142,25.7
ch01_00000000149000000.mp4,5990,motorcycle,1,168.542,27.7
ch01_00000000149000000.mp4,5997,motorcycle,1,168.942,20.0
ch01_00000000149000000.mp4,6018,car,3,169.842,20.0
ch01_00000000149000000.mp4,6068,motorcycle,1,170.192,24.0
ch01_00000000149000000.mp4,6098,motorcycle,1,170.941,30.0
ch01_00000000149000000.mp4,6125,motorcycle,1,171.492,27.7
ch01_00000000149000000.mp4,6142,motorcycle,1,171.841,17.1
ch01_00000000149000000.mp4,6156,motorcycle,1,172.191,27.7
ch01_00000000149000000.mp4,6296,motorcycle,1,175.441,18.9
ch01_00000000149000000.mp4,6367,motorcycle,1,176.491,25.7
ch01_00000000149000000.mp4,6427,car,2,178.041,20.0
ch01_00000000149000000.mp4,6463,motorcycle,1,178.641,15.7
ch01_00000000149000000.mp4,6544,car,2,180.091,20.0
ch01_00000000149000000.mp4,6459,car,3,180.541,13.3
ch01_00000000149000000.mp4,6599,motorcycle,1,180.741,22.5
ch01_00000000149000000.mp4,6600,car,2,182.191,10.3
ch01_00000000149000000.mp4,6705,car,2,182.491,18.9
ch01_00000000149000000.mp4,6813,car,2,184.341,18.9
ch01_00000000149000000.mp4,6849,motorcycle,1,184.841,18.0
ch01_00000000149000000.mp4,6899,motorcycle,1,185.641,21.2
ch01_00000000149000000.mp4,6924,motorcycle,1,186.491,18.9
ch01_00000000149000000.mp4,6956,motorcycle,1,186.891,18.0
ch01_00000000149000000.mp4,6932,truck,4,186.991,18.0
ch01_00000000149000000.mp4,7115,motorcycle,1,188.841,22.5
ch01_00000000149000000.mp4,7164,motorcycle,1,189.441,22.5
ch01_00000000149000000.mp4,7132,motorcycle,1,189.441,8.4
ch01_00000000149000000.mp4,7176,car,2,189.991,17.1
ch01_00000000149000000.mp4,7254,car,2,191.74,16.4
ch01_00000000149000000.mp4,7331,motorcycle,1,192.44,25.7
ch01_00000000149000000.mp4,7364,car,2,193.74,15.0
ch01_00000000149000000.mp4,7373,motorcycle,1,194.04,22.5
ch01_00000000149000000.mp4,7438,motorcycle,1,194.19,18.9
ch01_00000000149000000.mp4,7488,motorcycle,1,195.29,25.7
ch01_00000000149000000.mp4,7494,car,2,196.04,16.4
ch01_00000000149000000.mp4,7557,motorcycle,1,196.64,24.0
ch01_00000000149000000.mp4,7607,motorcycle,1,197.49,25.7
ch01_00000000149000000.mp4,7608,car,2,197.99,16.4
ch01_00000000149000000.mp4,7837,motorcycle,1,202.14,12.9
ch01_00000000149000000.mp4,7905,motorcycle,1,202.89,22.5
ch01_00000000149000000.mp4,7958,motorcycle,1,203.69,27.7
ch01_00000000149000000.mp4,7986,motorcycle,1,204.34,15.0
ch01_00000000149000000.mp4,8047,car,2,206.44,22.5
ch01_00000000149000000.mp4,8100,motorcycle,1,206.64,22.5
ch01_00000000149000000.mp4,8258,car,2,209.14,15.0
ch01_00000000149000000.mp4,8276,car,2,209.79,30.0
ch01_00000000149000000.mp4,8302,motorcycle,1,210.14,22.5
ch01_00000000149000000.mp4,8377,motorcycle,1,211.339,15.7
ch01_00000000149000000.mp4,8413,car,2,212.389,18.9
ch01_00000000149000000.mp4,8442,motorcycle,1,213.089,20.0
ch01_00000000149000000.mp4,8448,car,2,213.539,22.5
ch01_00000000149000000.mp4,8476,motorcycle,1,214.139,24.0
ch01_00000000149000000.mp4,8502,motorcycle,1,214.439,18.0
ch01_00000000149000000.mp4,8521,motorcycle,1,214.739,21.2
ch01_00000000149000000.mp4,8600,motorcycle,1,216.039,24.0
ch01_00000000149000000.mp4,8588,motorcycle,1,216.739,8.2
ch01_00000000149000000.mp4,8493,motorcycle,1,217.489,8.0
ch01_00000000149000000.mp4,8697,motorcycle,1,217.939,20.0
ch01_00000000149000000.mp4,8675,motorcycle,1,218.089,9.7
ch01_00000000149000000.mp4,8785,motorcycle,1,219.139,25.7
ch01_00000000149000000.mp4,8822,motorcycle,1,220.389,18.0
ch01_00000000149000000.mp4,8910,motorcycle,1,221.539,32.7
ch01_00000000149000000.mp4,8883,car,2,222.039,15.7
ch01_00000000149000000.mp4,8804,car,3,222.639,12.0
ch01_00000000149000000.mp4,9002,car,2,223.639,16.4
ch01_00000000149000000.mp4,9166,motorcycle,1,225.539,30.0
ch01_00000000149000000.mp4,9123,car,2,225.589,17.1
ch01_00000000149000000.mp4,9271,motorcycle,1,227.939,13.8
ch01_00000000149000000.mp4,9284,motorcycle,1,228.439,24.0
ch01_00000000149000000.mp4,9232,car,2,229.089,18.0
ch01_00000000149000000.mp4,9416,motorcycle,1,229.989,18.9
ch01_00000000149000000.mp4,9547,motorcycle,1,231.988,25.7
ch01_00000000149000000.mp4,9608,car,2,233.438,20.0
ch01_00000000149000000.mp4,9742,motorcycle,1,234.988,25.7
ch01_00000000149000000.mp4,9743,motorcycle,1,235.038,22.5
ch01_00000000149000000.mp4,9861,motorcycle,1,237.288,21.2
ch01_00000000149000000.mp4,9898,motorcycle,1,238.238,24.0
ch01_00000000149000000.mp4,9933,car,2,239.088,30.0
ch01_00000000149000000.mp4,9998,motorcycle,1,240.488,18.0
ch01_00000000149000000.mp4,10294,motorcycle,1,244.788,27.7
ch01_00000000149000000.mp4,10562,motorcycle,1,249.088,18.9
ch01_00000000149000000.mp4,10605,motorcycle,1,249.638,24.0
ch01_00000000149000000.mp4,10724,motorcycle,1,252.188,17.1
ch01_00000000149000000.mp4,10846,motorcycle,1,254.587,22.5
ch01_00000000149000000.mp4,10974,motorcycle,1,256.737,18.9
ch01_00000000149000000.mp4,11080,motorcycle,1,260.387,9.5
ch01_00000000149000000.mp4,11253,car,2,263.637,10.3
ch01_00000000149000000.mp4,11413,motorcycle,1,264.887,18.9
ch01_00000000149000000.mp4,11461,motorcycle,1,265.787,9.5
ch01_00000000149000000.mp4,11598,motorcycle,1,269.587,17.1
ch01_00000000149000000.mp4,11728,motorcycle,1,270.537,13.8
ch01_00000000149000000.mp4,11776,truck,4,271.536,27.7
ch01_00000000149000000.mp4,12116,motorcycle,1,279.186,25.7
ch01_00000000149000000.mp4,12164,motorcycle,1,280.936,9.2
ch01_00000000149000000.mp4,12072,car,2,282.036,10.3
ch01_00000000149000000.mp4,12645,motorcycle,1,288.536,30.0
ch01_00000000149000000.mp4,12755,motorcycle,1,291.286,9.0
ch01_00000000149000000.mp4,12894,motorcycle,1,293.635,13.8
ch01_00000000149000000.mp4,12914,motorcycle,1,294.135,15.7
ch01_00000000149000000.mp4,12921,motorcycle,1,294.185,30.0
ch01_00000000149000000.mp4,12960,motorcycle,1,295.085,24.0
ch01_00000000149000000.mp4,12993,motorcycle,1,295.835,27.7
ch01_00000000149000000.mp4,13036,motorcycle,1,296.385,27.7
ch01_00000000149000000.mp4,13133,motorcycle,1,297.435,24.0
ch01_00000000149000000.mp4,13110,motorcycle,1,297.785,24.0
ch01_00000000149000000.mp4,13248,motorcycle,1,299.335,30.0
ch01_00000000149000000.mp4,13285,motorcycle,1,299.785,5.7
ch01_00000000149000000.mp4,13338,car,2,300.385,15.7
ch01_00000000149000000.mp4,13454,car,2,302.835,15.7
ch01_00000000149000000.mp4,13649,motorcycle,1,305.035,18.9
ch01_00000000149000000.mp4,13669,motorcycle,1,305.735,7.2
ch01_00000000149000000.mp4,13693,motorcycle,1,305.735,24.0
ch01_00000000149000000.mp4,13726,motorcycle,1,306.335,21.2
ch01_00000000149000000.mp4,13744,car,2,307.085,25.7
ch01_00000000149000000.mp4,13828,motorcycle,1,307.935,22.5
ch01_00000000149000000.mp4,13809,motorcycle,1,308.185,18.9
ch01_00000000149000000.mp4,13862,motorcycle,1,308.885,22.5
ch01_00000000149000000.mp4,13878,motorcycle,1,309.185,21.2
ch01_00000000149000000.mp4,13913,motorcycle,1,309.585,21.2
ch01_00000000149000000.mp4,13980,motorcycle,1,310.885,21.2
ch01_00000000149000000.mp4,14082,motorcycle,1,311.935,24.0
ch01_00000000149000000.mp4,14242,motorcycle,1,314.584,20.0
ch01_00000000149000000.mp4,14324,motorcycle,1,316.034,18.9
ch01_00000000149000000.mp4,14263,truck,6,316.084,15.0
ch01_00000000149000000.mp4,14378,motorcycle,1,316.684,36.0
ch01_00000000149000000.mp4,14436,motorcycle,1,317.784,24.0
ch01_00000000149000000.mp4,14554,motorcycle,1,319.134,20.0
ch01_00000000149000000.mp4,14564,truck,6,319.634,15.0
ch01_00000000149000000.mp4,14608,car,2,319.834,24.0
ch01_00000000149000000.mp4,14629,motorcycle,1,320.134,18.9
ch01_00000000149000000.mp4,14637,motorcycle,1,320.534,22.5
ch01_00000000149000000.mp4,14699,motorcycle,1,321.534,14.4
ch01_00000000149000000.mp4,14739,motorcycle,1,321.934,17.1
ch01_00000000149000000.mp4,14737,car,2,322.784,15.7
ch01_00000000149000000.mp4,14840,motorcycle,1,323.034,25.7
ch01_00000000149000000.mp4,14859,car,2,323.784,22.5
ch01_00000000149000000.mp4,15013,motorcycle,1,325.184,21.2
ch01_00000000149000000.mp4,15106,car,2,327.534,20.0
ch01_00000000149000000.mp4,15190,motorcycle,1,327.734,22.5
ch01_00000000149000000.mp4,15371,motorcycle,1,330.834,24.0
ch01_00000000149000000.mp4,15415,motorcycle,1,331.484,20.0
ch01_00000000149000000.mp4,15424,motorcycle,1,331.634,24.0
ch01_00000000149000000.mp4,15508,motorcycle,1,333.384,18.0
ch01_00000000149000000.mp4,15480,bus,5,333.534,21.2
ch01_00000000149000000.mp4,15544,car,3,335.233,22.5
ch01_00000000149000000.mp4,15594,car,2,335.333,21.2
ch01_00000000149000000.mp4,15633,motorcycle,1,335.833,25.7
ch01_00000000149000000.mp4,15702,motorcycle,1,336.733,30.0
ch01_00000000149000000.mp4,15709,car,2,337.283,18.9
ch01_00000000149000000.mp4,15891,motorcycle,1,339.983,24.0
ch01_00000000149000000.mp4,15887,car,2,340.083,21.2
ch01_00000000149000000.mp4,16052,truck,4,342.533,21.2
ch01_00000000149000000.mp4,16140,motorcycle,1,344.183,22.5
ch01_00000000149000000.mp4,16192,motorcycle,1,345.533,12.9
ch01_00000000149000000.mp4,16306,car,2,347.683,17.1
ch01_00000000149000000.mp4,16357,motorcycle,1,348.133,18.0
ch01_00000000149000000.mp4,16437,motorcycle,1,349.783,24.0
ch01_00000000149000000.mp4,16412,car,2,349.883,18.0
ch01_00000000149000000.mp4,16527,car,2,352.132,15.0
ch01_00000000149000000.mp4,16583,motorcycle,1,352.933,21.2
ch01_00000000149000000.mp4,16628,motorcycle,1,353.483,18.9
ch01_00000000149000000.mp4,16634,car,2,354.182,16.4
ch01_00000000149000000.mp4,16633,motorcycle,1,355.082,18.9
ch01_00000000149000000.mp4,16804,motorcycle,1,355.982,20.0
ch01_00000000149000000.mp4,16835,motorcycle,1,356.382,18.9
ch01_00000000149000000.mp4,16873,motorcycle,1,357.382,21.2
ch01_00000000149000000.mp4,16936,motorcycle,1,357.782,21.2
ch01_00000000149000000.mp4,16980,motorcycle,1,358.532,21.2
ch01_00000000149000000.mp4,17022,motorcycle,1,359.382,8.2
ch01_00000000149000000.mp4,17036,car,2,359.682,21.2
ch01_00000000149000000.mp4,17048,motorcycle,1,360.182,21.2
ch01_00000000149000000.mp4,17216,motorcycle,1,362.732,21.2
ch01_00000000149000000.mp4,17243,motorcycle,1,363.532,21.2
ch01_00000000149000000.mp4,17259,motorcycle,1,363.682,21.2
ch01_00000000149000000.mp4,17294,car,2,365.082,12.9
ch01_00000000149000000.mp4,17384,motorcycle,1,365.982,20.0
ch01_00000000149000000.mp4,17415,motorcycle,1,366.332,24.0
ch01_00000000149000000.mp4,17435,motorcycle,1,366.782,20.0
ch01_00000000149000000.mp4,17520,motorcycle,1,368.332,15.0
ch01_00000000149000000.mp4,17596,motorcycle,1,369.732,24.0
ch01_00000000149000000.mp4,17672,motorcycle,1,371.082,24.0
ch01_00000000149000000.mp4,17640,truck,6,371.832,16.4
ch01_00000000149000000.mp4,18573,motorcycle,1,389.081,27.7
ch01_00000000149000000.mp4,18641,motorcycle,1,390.481,25.7
ch01_00000000149000000.mp4,18674,car,2,391.681,21.2
ch01_00000000149000000.mp4,18783,motorcycle,1,393.981,30.0
ch01_00000000149000000.mp4,18975,motorcycle,1,397.93,25.7
ch01_00000000149000000.mp4,18979,motorcycle,1,398.23,20.0
ch01_00000000149000000.mp4,19089,car,2,400.28,25.7
ch01_00000000149000000.mp4,19122,motorcycle,1,400.63,25.7
ch01_00000000149000000.mp4,18402,motorcycle,1,401.33,18.9
ch01_00000000149000000.mp4,19370,motorcycle,1,404.83,12.4
ch01_00000000149000000.mp4,19596,motorcycle,1,407.83,9.5
ch01_00000000149000000.mp4,19955,motorcycle,1,414.779,14.4
ch01_00000000149000000.mp4,19991,motorcycle,1,415.829,18.0
ch01_00000000149000000.mp4,19734,motorcycle,1,416.879,3.7
ch01_00000000149000000.mp4,20130,car,2,421.279,8.8
ch01_00000000149000000.mp4,20476,car,2,424.329,15.7
ch01_00000000149000000.mp4,20641,car,2,426.729,21.2
ch01_00000000149000000.mp4,20715,car,2,428.229,15.7
ch01_00000000149000000.mp4,20744,motorcycle,1,428.779,15.7
ch01_00000000149000000.mp4,20748,motorcycle,1,432.829,9.0
ch01_00000000149000000.mp4,20965,motorcycle,1,433.529,4.2
ch01_00000000149000000.mp4,21003,motorcycle,1,433.728,14.4
ch01_00000000149000000.mp4,21203,motorcycle,1,436.878,40.0
ch01_00000000149000000.mp4,21091,motorcycle,1,437.978,6.9
ch01_00000000149000000.mp4,21253,motorcycle,1,439.078,9.0
ch01_00000000149000000.mp4,21206,car,2,439.128,5.5
ch01_00000000149000000.mp4,21369,motorcycle,1,439.528,40.0
ch01_00000000149000000.mp4,21517,motorcycle,1,442.328,25.7
ch01_00000000149000000.mp4,21703,motorcycle,1,445.428,12.4
ch01_00000000149000000.mp4,21861,motorcycle,1,447.978,21.2
ch01_00000000149000000.mp4,21559,motorcycle,1,448.578,12.0
ch01_00000000149000000.mp4,21895,motorcycle,1,449.028,11.6
ch01_00000000149000000.mp4,22008,motorcycle,1,451.128,36.0
ch01_00000000149000000.mp4,22069,motorcycle,1,452.378,30.0
ch01_00000000149000000.mp4,22112,motorcycle,1,453.728,27.7
ch01_00000000149000000.mp4,22249,motorcycle,1,456.227,22.5
ch01_00000000149000000.mp4,21967,car,2,457.027,4.7
ch01_00000000149000000.mp4,22324,motorcycle,1,457.677,27.7
ch01_00000000149000000.mp4,22387,motorcycle,1,458.927,25.7
ch01_00000000149000000.mp4,22424,motorcycle,1,459.227,24.0
ch01_00000000149000000.mp4,22458,motorcycle,1,460.127,21.2
ch01_00000000149000000.mp4,22550,motorcycle,1,462.127,18.9
ch01_00000000149000000.mp4,22577,motorcycle,1,462.527,17.1
ch01_00000000149000000.mp4,22601,motorcycle,1,463.177,24.0
ch01_00000000149000000.mp4,22636,motorcycle,1,463.327,24.0
ch01_00000000149000000.mp4,22639,motorcycle,1,463.727,16.4
ch01_00000000149000000.mp4,22700,motorcycle,1,464.527,17.1
ch01_00000000149000000.mp4,22833,motorcycle,1,466.527,21.2
ch01_00000000149000000.mp4,22908,motorcycle,1,467.927,24.0
ch01_00000000149000000.mp4,22960,car,2,469.377,22.5
ch01_00000000149000000.mp4,22993,motorcycle,1,470.977,24.0
ch01_00000000149000000.mp4,22988,motorcycle,1,471.777,24.0
ch01_00000000149000000.mp4,23212,motorcycle,1,473.176,25.7
ch01_00000000149000000.mp4,23258,motorcycle,1,474.327,22.5
ch01_00000000149000000.mp4,23285,motorcycle,1,474.426,30.0
ch01_00000000149000000.mp4,23316,motorcycle,1,475.626,21.2
ch01_00000000149000000.mp4,23324,motorcycle,1,475.726,21.2
ch01_00000000149000000.mp4,23237,motorcycle,1,475.926,10.9
ch01_00000000149000000.mp4,23393,motorcycle,1,476.826,22.5
ch01_00000000149000000.mp4,23334,motorcycle,1,476.926,9.7
ch01_00000000149000000.mp4,23440,motorcycle,1,477.326,24.0
ch01_00000000149000000.mp4,23478,motorcycle,1,478.326,21.2
ch01_00000000149000000.mp4,23474,car,2,478.576,12.9
ch01_00000000149000000.mp4,23595,motorcycle,1,480.676,21.2
ch01_00000000149000000.mp4,23600,motorcycle,1,480.676,25.7
ch01_00000000149000000.mp4,23641,motorcycle,1,481.276,21.2
ch01_00000000149000000.mp4,23630,car,2,481.926,22.5
ch01_00000000149000000.mp4,23702,motorcycle,1,482.476,20.0
ch01_00000000149000000.mp4,23793,motorcycle,1,483.576,20.0
ch01_00000000149000000.mp4,23996,car,2,487.026,20.0
ch01_00000000149000000.mp4,24119,motorcycle,1,488.676,20.0
ch01_00000000149000000.mp4,24158,motorcycle,1,489.726,30.0
ch01_00000000149000000.mp4,24200,motorcycle,1,490.526,21.2
ch01_00000000149000000.mp4,24309,motorcycle,1,491.776,27.7
ch01_00000000149000000.mp4,24400,motorcycle,1,493.276,27.7
ch01_00000000149000000.mp4,24469,motorcycle,1,495.275,22.5
ch01_00000000149000000.mp4,24526,motorcycle,1,496.175,18.9
ch01_00000000149000000.mp4,24545,car,3,496.375,18.9
ch01_00000000149000000.mp4,24636,motorcycle,1,497.975,22.5
ch01_00000000149000000.mp4,24712,car,2,499.025,25.7
ch01_00000000149000000.mp4,24836,motorcycle,1,501.575,30.0
ch01_00000000149000000.mp4,24826,car,2,501.975,18.0
ch01_00000000149000000.mp4,24885,car,2,502.925,18.0
ch01_00000000149000000.mp4,24977,car,2,504.275,20.0
ch01_00000000149000000.mp4,25093,car,2,506.125,18.9
ch01_00000000149000000.mp4,25201,car,2,508.025,18.9
ch01_00000000149000000.mp4,25236,motorcycle,1,508.225,25.7
ch01_00000000149000000.mp4,25300,motorcycle,1,509.275,18.9
ch01_00000000149000000.mp4,25323,truck,4,509.825,20.0
ch01_00000000149000000.mp4,25270,motorcycle,1,510.475,24.0
ch01_00000000149000000.mp4,25414,motorcycle,1,511.075,24.0
ch01_00000000149000000.mp4,25482,motorcycle,1,512.075,30.0
ch01_00000000149000000.mp4,25463,car,2,512.125,18.0
ch01_00000000149000000.mp4,25613,car,2,514.924,18.0
ch01_00000000149000000.mp4,25792,car,2,517.224,20.0
ch01_00000000149000000.mp4,25833,car,2,518.224,24.0
ch01_00000000149000000.mp4,25861,motorcycle,1,518.624,21.2
ch01_00000000149000000.mp4,25893,motorcycle,1,519.374,24.0
ch01_00000000149000000.mp4,25907,bus,5,519.974,18.9
ch01_00000000149000000.mp4,25970,motorcycle,1,520.874,22.5
ch01_00000000149000000.mp4,26038,truck,4,521.724,24.0
ch01_00000000149000000.mp4,26059,car,2,522.124,27.7
ch01_00000000149000000.mp4,26121,motorcycle,1,522.874,21.2
ch01_00000000149000000.mp4,26158,motorcycle,1,523.224,27.7
ch01_00000000149000000.mp4,26120,motorcycle,1,523.524,4.9
ch01_00000000149000000.mp4,26156,car,2,524.224,22.5
ch01_00000000149000000.mp4,26239,motorcycle,1,524.324,27.7
ch01_00000000149000000.mp4,26345,motorcycle,1,526.274,24.0
ch01_00000000149000000.mp4,26366,motorcycle,1,526.574,27.7
ch01_00000000149000000.mp4,26358,car,2,527.124,18.9
ch01_00000000149000000.mp4,26436,car,2,528.524,21.2
ch01_00000000149000000.mp4,26756,motorcycle,1,534.173,20.0
ch01_00000000149000000.mp4,26918,motorcycle,1,536.373,30.0
ch01_00000000149000000.mp4,27003,motorcycle,1,537.573,24.0
ch01_00000000149000000.mp4,27111,motorcycle,1,540.473,4.6
ch01_00000000149000000.mp4,27296,motorcycle,1,543.673,12.4
ch01_00000000149000000.mp4,27387,car,2,546.223,13.8
ch01_00000000149000000.mp4,26782,motorcycle,1,548.323,8.0
ch01_00000000149000000.mp4,27859,motorcycle,1,551.773,14.4
ch01_00000000149000000.mp4,28150,motorcycle,1,556.022,24.0
ch01_00000000149000000.mp4,28165,car,2,556.472,27.7
ch01_00000000149000000.mp4,28576,car,2,563.772,24.0
ch01_00000000149000000.mp4,28645,car,2,564.822,8.4
ch01_00000000149000000.mp4,27625,motorcycle,1,567.922,10.9
ch01_00000000149000000.mp4,28906,car,2,569.072,24.0
ch01_00000000149000000.mp4,28985,motorcycle,1,570.322,15.0
ch01_00000000149000000.mp4,29438,car,2,579.521,22.5
ch01_00000000149000000.mp4,29697,motorcycle,1,585.321,24.0
ch01_00000000149000000.mp4,29211,motorcycle,1,587.171,13.8
ch01_00000000149000000.mp4,30458,motorcycle,1,601.02,45.0
ch01_00000000149000000.mp4,30501,car,2,601.92,32.7
ch01_00000000149000000.mp4,30598,motorcycle,1,604.57,13.8
ch01_00000000149000000.mp4,30772,motorcycle,1,606.72,27.7
ch01_00000000149000000.mp4,30820,motorcycle,1,607.42,27.7
ch01_00000000149000000.mp4,31010,motorcycle,1,610.67,27.7
ch01_00000000149000000.mp4,31058,motorcycle,1,611.37,25.7
ch01_00000000149000000.mp4,31138,motorcycle,1,613.02,27.7
ch01_00000000149000000.mp4,31233,motorcycle,1,614.919,30.0
ch01_00000000149000000.mp4,31272,motorcycle,1,615.519,22.5
ch01_00000000149000000.mp4,31416,motorcycle,1,618.719,25.7
ch01_00000000149000000.mp4,31479,motorcycle,1,619.669,16.4
ch01_00000000149000000.mp4,31486,motorcycle,1,619.719,25.7
ch01_00000000149000000.mp4,31497,motorcycle,1,619.969,9.5
ch01_00000000149000000.mp4,31544,motorcycle,1,620.719,22.5
ch01_00000000149000000.mp4,31560,motorcycle,1,620.719,32.7
ch01_00000000149000000.mp4,31594,motorcycle,1,621.069,25.7
ch01_00000000149000000.mp4,31552,motorcycle,1,621.969,24.0
ch01_00000000149000000.mp4,31686,car,2,622.619,25.7
ch01_00000000149000000.mp4,31751,motorcycle,1,623.269,25.7
ch01_00000000149000000.mp4,31788,motorcycle,1,623.769,21.2
ch01_00000000149000000.mp4,31838,motorcycle,1,624.419,24.0
ch01_00000000149000000.mp4,31743,car,2,624.669,24.0
ch01_00000000149000000.mp4,31921,motorcycle,1,625.469,27.7
ch01_00000000149000000.mp4,31922,motorcycle,1,625.569,24.0
ch01_00000000149000000.mp4,31958,motorcycle,1,626.019,24.0
ch01_00000000149000000.mp4,32044,motorcycle,1,627.419,25.7
ch01_00000000149000000.mp4,32042,car,2,627.569,20.0
ch01_00000000149000000.mp4,32097,motorcycle,1,628.469,24.0
ch01_00000000149000000.mp4,32150,motorcycle,1,629.219,18.9
ch01_00000000149000000.mp4,32151,motorcycle,1,629.569,22.5
ch01_00000000149000000.mp4,32207,motorcycle,1,630.719,12.0
ch01_00000000149000000.mp4,32238,motorcycle,1,630.919,27.7
ch01_00000000149000000.mp4,32260,motorcycle,1,631.369,17.1
ch01_00000000149000000.mp4,32285,motorcycle,1,631.819,21.2
ch01_00000000149000000.mp4,32377,motorcycle,1,632.969,22.5
ch01_00000000149000000.mp4,32492,motorcycle,1,635.168,22.5
ch01_00000000149000000.mp4,32510,motorcycle,1,635.318,24.0
ch01_00000000149000000.mp4,32524,motorcycle,1,635.318,20.0
ch01_00000000149000000.mp4,32612,motorcycle,1,637.268,20.0
ch01_00000000149000000.mp4,32664,car,2,638.068,15.7
ch01_00000000149000000.mp4,32770,car,2,639.418,24.0
ch01_00000000149000000.mp4,32891,motorcycle,1,641.018,22.5
ch01_00000000149000000.mp4,32919,motorcycle,1,641.668,25.7
ch01_00000000149000000.mp4,32992,car,2,643.118,20.0
ch01_00000000149000000.mp4,33149,motorcycle,1,645.168,18.9
ch01_00000000149000000.mp4,33253,motorcycle,1,646.568,21.2
ch01_00000000149000000.mp4,33254,motorcycle,1,647.018,10.6
ch01_00000000149000000.mp4,33289,motorcycle,1,647.268,18.0
ch01_00000000149000000.mp4,33354,motorcycle,1,648.418,18.0
ch01_00000000149000000.mp4,33374,motorcycle,1,648.768,21.2
ch01_00000000149000000.mp4,33396,motorcycle,1,649.568,14.4
ch01_00000000149000000.mp4,33505,motorcycle,1,650.268,21.2
ch01_00000000149000000.mp4,33691,car,2,652.918,21.2
ch01_00000000149000000.mp4,33788,car,2,653.718,21.2
ch01_00000000149000000.mp4,33850,motorcycle,1,654.418,24.0
ch01_00000000149000000.mp4,33877,truck,4,655.317,18.9
ch01_00000000149000000.mp4,33997,truck,6,656.717,18.9
ch01_00000000149000000.mp4,34083,truck,4,658.467,7.7
ch01_00000000149000000.mp4,34198,motorcycle,1,659.417,25.7
ch01_00000000149000000.mp4,34279,car,2,661.717,22.5
ch01_00000000149000000.mp4,34227,motorcycle,1,661.867,21.2
ch01_00000000149000000.mp4,34360,car,2,662.667,18.9
ch01_00000000149000000.mp4,34402,motorcycle,1,662.967,20.0
ch01_00000000149000000.mp4,34459,motorcycle,1,663.617,21.2
ch01_00000000149000000.mp4,34518,motorcycle,1,664.317,24.0
ch01_00000000149000000.mp4,34559,car,2,665.567,18.9
ch01_00000000149000000.mp4,34569,car,2,666.167,21.2
ch01_00000000149000000.mp4,34657,motorcycle,1,666.367,22.5
ch01_00000000149000000.mp4,34725,car,2,669.667,14.4
ch01_00000000149000000.mp4,35120,motorcycle,1,672.917,27.7
ch01_00000000149000000.mp4,35039,motorcycle,1,673.767,27.7
ch01_00000000149000000.mp4,35152,motorcycle,1,674.516,6.2
ch01_00000000149000000.mp4,35208,motorcycle,1,674.766,12.4
ch01_00000000149000000.mp4,35273,motorcycle,1,675.266,32.7
ch01_00000000149000000.mp4,35297,motorcycle,1,675.966,22.5
ch01_00000000149000000.mp4,35299,motorcycle,1,676.016,36.0
ch01_00000000149000000.mp4,35177,motorcycle,1,676.516,11.2
ch01_00000000149000000.mp4,35374,motorcycle,1,677.616,16.4
ch01_00000000149000000.mp4,35407,motorcycle,1,678.216,22.5
ch01_00000000149000000.mp4,35440,car,2,679.666,9.7
ch01_00000000149000000.mp4,35528,motorcycle,1,680.016,22.5
ch01_00000000149000000.mp4,35555,motorcycle,1,680.366,15.0
ch01_00000000149000000.mp4,35515,motorcycle,1,681.066,21.2
ch01_00000000149000000.mp4,35727,motorcycle,1,682.716,21.2
ch01_00000000149000000.mp4,35762,motorcycle,1,682.916,20.0
ch01_00000000149000000.mp4,35780,motorcycle,1,683.466,20.0
ch01_00000000149000000.mp4,35540,car,2,683.666,7.1
ch01_00000000149000000.mp4,35841,motorcycle,1,684.016,25.7
ch01_00000000149000000.mp4,35851,motorcycle,1,684.316,7.8
ch01_00000000149000000.mp4,35861,motorcycle,1,684.666,7.2
ch01_00000000149000000.mp4,35920,motorcycle,1,685.466,18.9
ch01_00000000149000000.mp4,36031,car,2,688.066,13.3
ch01_00000000149000000.mp4,36069,motorcycle,1,688.116,20.0
ch01_00000000149000000.mp4,36080,motorcycle,1,688.416,24.0
ch01_00000000149000000.mp4,36163,motorcycle,1,689.516,24.0
ch01_00000000149000000.mp4,36254,car,2,691.166,15.7
ch01_00000000149000000.mp4,36463,motorcycle,1,694.915,21.2
ch01_00000000149000000.mp4,36522,motorcycle,1,695.765,24.0
ch01_00000000149000000.mp4,36640,motorcycle,1,697.515,25.7
ch01_00000000149000000.mp4,36644,motorcycle,1,697.515,18.0
ch01_00000000149000000.mp4,36779,motorcycle,1,699.915,20.0
ch01_00000000149000000.mp4,36791,motorcycle,1,700.615,18.9
ch01_00000000149000000.mp4,37063,motorcycle,1,704.865,27.7
ch01_00000000149000000.mp4,37077,car,2,706.715,9.2
ch01_00000000149000000.mp4,37267,motorcycle,1,710.415,13.3
ch01_00000000149000000.mp4,37516,motorcycle,1,714.365,25.7
ch01_00000000149000000.mp4,37795,motorcycle,1,719.914,32.7
ch01_00000000149000000.mp4,37787,motorcycle,1,720.264,25.7
ch01_00000000149000000.mp4,37880,motorcycle,1,721.964,24.0
ch01_00000000149000000.mp4,37930,motorcycle,1,723.814,11.3
ch01_00000000149000000.mp4,38079,motorcycle,1,728.164,9.0
ch01_00000000149000000.mp4,37250,motorcycle,1,731.564,17.1
ch01_00000000149000000.mp4,38476,motorcycle,1,733.364,17.1
ch01_00000000149000000.mp4,38619,motorcycle,1,735.063,9.7
ch01_00000000149000000.mp4,38629,motorcycle,1,736.663,20.0
ch01_00000000149000000.mp4,38937,motorcycle,1,740.763,32.7
ch01_00000000149000000.mp4,39174,car,2,745.613,13.8
ch01_00000000149000000.mp4,39089,car,2,745.663,9.0
ch01_00000000149000000.mp4,39666,truck,6,753.963,30.0
ch01_00000000149000000.mp4,39959,car,2,759.462,25.7
ch01_00000000149000000.mp4,40351,motorcycle,1,763.362,32.7
ch01_00000000149000000.mp4,40519,motorcycle,1,765.462,30.0
ch01_00000000149000000.mp4,40798,motorcycle,1,769.062,32.7
ch01_00000000149000000.mp4,40942,motorcycle,1,770.712,36.0
ch01_00000000149000000.mp4,40936,motorcycle,1,771.612,12.0
ch01_00000000149000000.mp4,40784,motorcycle,1,771.712,30.0
ch01_00000000149000000.mp4,41033,motorcycle,1,771.962,25.7
ch01_00000000149000000.mp4,41049,motorcycle,1,772.012,22.5
ch01_00000000149000000.mp4,41090,motorcycle,1,772.562,27.7
ch01_00000000149000000.mp4,41175,motorcycle,1,774.112,22.5
ch01_00000000149000000.mp4,41239,motorcycle,1,774.962,25.7
ch01_00000000149000000.mp4,41298,motorcycle,1,775.861,21.2
ch01_00000000149000000.mp4,41452,motorcycle,1,777.411,13.3
ch01_00000000149000000.mp4,41485,motorcycle,1,777.961,21.2
ch01_00000000149000000.mp4,41517,motorcycle,1,778.361,25.7
ch01_00000000149000000.mp4,41537,motorcycle,1,778.811,30.0
ch01_00000000149000000.mp4,41560,motorcycle,1,779.611,25.7
ch01_00000000149000000.mp4,41602,motorcycle,1,780.161,25.7
ch01_00000000149000000.mp4,41646,motorcycle,1,780.611,25.7
ch01_00000000149000000.mp4,41723,motorcycle,1,781.611,21.2
ch01_00000000149000000.mp4,41753,motorcycle,1,781.811,25.7
ch01_00000000149000000.mp4,41738,motorcycle,1,782.061,25.7
ch01_00000000149000000.mp4,41626,motorcycle,1,782.661,25.7
ch01_00000000149000000.mp4,41855,motorcycle,1,783.111,13.8
ch01_00000000149000000.mp4,41868,motorcycle,1,783.161,22.5
ch01_00000000149000000.mp4,41963,motorcycle,1,784.861,25.7
ch01_00000000149000000.mp4,41994,motorcycle,1,785.561,22.5
ch01_00000000149000000.mp4,42042,motorcycle,1,786.311,25.7
ch01_00000000149000000.mp4,42111,motorcycle,1,787.711,22.5
ch01_00000000149000000.mp4,42171,motorcycle,1,789.711,32.7
ch01_00000000149000000.mp4,41979,motorcycle,1,791.661,6.0
ch01_00000000149000000.mp4,42269,car,2,792.611,17.1
ch01_00000000149000000.mp4,42411,motorcycle,1,794.811,13.8
ch01_00000000149000000.mp4,42444,motorcycle,1,795.461,15.0
ch01_00000000149000000.mp4,42514,motorcycle,1,796.361,13.3
ch01_00000000149000000.mp4,42518,motorcycle,1,796.611,18.0
ch01_00000000149000000.mp4,42559,motorcycle,1,796.811,22.5
ch01_00000000149000000.mp4,42609,motorcycle,1,798.01,13.8
ch01_00000000149000000.mp4,42680,motorcycle,1,798.76,21.2
ch01_00000000149000000.mp4,42670,truck,4,799.31,15.7
ch01_00000000149000000.mp4,42785,motorcycle,1,800.16,21.2
ch01_00000000149000000.mp4,42762,car,2,800.36,18.0
ch01_00000000149000000.mp4,42781,car,2,800.76,16.4
ch01_00000000149000000.mp4,42857,car,2,802.11,15.0
ch01_00000000149000000.mp4,42974,car,2,803.96,16.4
ch01_00000000149000000.mp4,43050,motorcycle,1,804.71,22.5
ch01_00000000149000000.mp4,43010,car,3,805.61,18.9
ch01_00000000149000000.mp4,43230,motorcycle,1,807.11,25.7
ch01_00000000149000000.mp4,43264,motorcycle,1,807.56,30.0
ch01_00000000149000000.mp4,43285,motorcycle,1,808.01,27.7
ch01_00000000149000000.mp4,43325,motorcycle,1,808.66,30.0
ch01_00000000149000000.mp4,43466,truck,4,811.51,22.5
ch01_00000000149000000.mp4,43501,motorcycle,1,812.36,22.5
ch01_00000000149000000.mp4,43485,car,2,812.86,13.8
ch01_00000000149000000.mp4,43534,motorcycle,1,812.96,24.0
ch01_00000000149000000.mp4,43608,motorcycle,1,814.56,13.8
ch01_00000000149000000.mp4,43647,motorcycle,1,814.96,24.0
ch01_00000000149000000.mp4,43627,car,2,815.309,17.1
ch01_00000000149000000.mp4,43694,bus,5,816.059,17.1
ch01_00000000149000000.mp4,43766,car,2,817.959,18.0
ch01_00000000149000000.mp4,43859,car,2,821.509,17.1
ch01_00000000149000000.mp4,43940,motorcycle,1,822.359,30.0
ch01_00000000149000000.mp4,43923,car,2,822.509,22.5
ch01_00000000149000000.mp4,43952,motorcycle,1,822.709,30.0
ch01_00000000149000000.mp4,43992,car,2,823.409,17.1
ch01_00000000149000000.mp4,44020,car,2,824.559,22.5
ch01_00000000149000000.mp4,44102,motorcycle,1,825.609,12.9
ch01_00000000149000000.mp4,44083,car,2,825.659,16.4
ch01_00000000149000000.mp4,44152,motorcycle,1,826.659,14.4
ch01_00000000149000000.mp4,44140,motorcycle,1,827.159,13.8
ch01_00000000149000000.mp4,44212,motorcycle,1,827.759,22.5
ch01_00000000149000000.mp4,44334,motorcycle,1,829.209,25.7
ch01_00000000149000000.mp4,44337,car,2,829.609,18.0
ch01_00000000149000000.mp4,44372,motorcycle,1,830.059,9.5
ch01_00000000149000000.mp4,44429,car,2,830.859,21.2
ch01_00000000149000000.mp4,44502,motorcycle,1,831.809,13.3
ch01_00000000149000000.mp4,44569,motorcycle,1,833.709,4.4
ch01_00000000149000000.mp4,44685,motorcycle,1,834.209,20.0
ch01_00000000149000000.mp4,44752,motorcycle,1,835.209,21.2
ch01_00000000149000000.mp4,44743,motorcycle,1,835.509,12.9
ch01_00000000149000000.mp4,44807,car,2,837.758,9.0
ch01_00000000149000000.mp4,44938,motorcycle,1,839.358,16.4
ch01_00000000149000000.mp4,44909,motorcycle,1,840.158,13.3
ch01_00000000149000000.mp4,44995,motorcycle,1,840.258,21.2
ch01_00000000149000000.mp4,45010,motorcycle,1,840.758,18.9
ch01_00000000149000000.mp4,45022,motorcycle,1,840.908,24.0
ch01_00000000149000000.mp4,45054,motorcycle,1,841.608,24.0
ch01_00000000149000000.mp4,45118,car,2,843.308,13.3
ch01_00000000149000000.mp4,45147,motorcycle,1,843.558,32.7
ch01_00000000149000000.mp4,45157,car,2,845.108,14.4
ch01_00000000149000000.mp4,45221,motorcycle,1,845.908,22.5
ch01_00000000149000000.mp4,45189,motorcycle,1,846.308,12.9
ch01_00000000149000000.mp4,45270,motorcycle,1,846.758,22.5
ch01_00000000149000000.mp4,45277,motorcycle,1,847.008,25.7
ch01_00000000149000000.mp4,45282,car,2,848.158,13.3
ch01_00000000149000000.mp4,45347,motorcycle,1,848.158,25.7
ch01_00000000149000000.mp4,45371,car,2,849.508,13.8
ch01_00000000149000000.mp4,45454,motorcycle,1,849.708,18.9
ch01_00000000149000000.mp4,45496,car,2,850.908,14.4
ch01_00000000149000000.mp4,45594,motorcycle,1,852.108,21.2
ch01_00000000149000000.mp4,45674,motorcycle,1,853.408,18.9
ch01_00000000149000000.mp4,45710,car,3,855.108,17.1
ch01_00000000149000000.mp4,45809,car,2,855.707,14.4
ch01_00000000149000000.mp4,46035,car,2,859.407,16.4
ch01_00000000149000000.mp4,46096,motorcycle,1,860.107,18.0
ch01_00000000149000000.mp4,46157,car,2,861.307,20.0
ch01_00000000149000000.mp4,46177,motorcycle,1,862.657,6.5
ch01_00000000149000000.mp4,46197,motorcycle,1,864.207,10.9
ch01_00000000149000000.mp4,46457,motorcycle,1,865.207,25.7
ch01_00000000149000000.mp4,46958,bus,5,873.257,18.9
ch01_00000000149000000.mp4,47135,car,2,875.157,22.5
ch01_00000000149000000.mp4,47354,motorcycle,1,877.756,18.0
ch01_00000000149000000.mp4,47392,motorcycle,1,878.256,32.7
ch01_00000000149000000.mp4,47394,car,2,879.556,17.1
ch01_00000000149000000.mp4,47632,motorcycle,1,883.206,8.4
ch01_00000000149000000.mp4,47754,car,2,885.306,22.5
ch01_00000000149000000.mp4,48053,motorcycle,1,890.506,17.1
ch01_00000000149000000.mp4,48189,motorcycle,1,892.406,11.3
ch01_00000000149000000.mp4,48305,motorcycle,1,894.556,20.0
ch01_00000000149000000.mp4,48369,motorcycle,1,895.256,27.7
ch01_00000000149000000.mp4,48467,motorcycle,1,897.155,18.0
ch01_00000000149000000.mp4,48667,motorcycle,1,900.855,9.0
ch01_00000000149000000.mp4,48641,motorcycle,1,901.155,13.3
ch01_00000000149000000.mp4,48711,motorcycle,1,901.505,9.0
ch01_00000000149000000.mp4,48959,motorcycle,1,905.705,17.1
ch01_00000000149000000.mp4,49053,motorcycle,1,907.355,20.0
ch01_00000000149000000.mp4,48980,car,2,909.605,18.9
ch01_00000000149000000.mp4,49211,car,2,911.455,17.1
ch01_00000000149000000.mp4,49714,motorcycle,1,916.955,32.7
ch01_00000000149000000.mp4,49658,truck,4,918.104,17.1
ch01_00000000149000000.mp4,49887,car,2,920.654,18.0
ch01_00000000149000000.mp4,49971,car,2,922.104,18.9
ch01_00000000149000000.mp4,50047,motorcycle,1,922.904,25.7
ch01_00000000149000000.mp4,50096,bus,5,924.754,18.0
ch01_00000000149000000.mp4,50186,motorcycle,1,925.904,18.9
ch01_00000000149000000.mp4,50215,motorcycle,1,926.904,27.7
ch01_00000000149000000.mp4,50401,motorcycle,1,928.454,30.0
ch01_00000000149000000.mp4,50451,motorcycle,1,929.604,27.7
ch01_00000000149000000.mp4,50470,motorcycle,1,929.904,30.0
ch01_00000000149000000.mp4,50567,motorcycle,1,932.304,25.7
ch01_00000000149000000.mp4,50579,motorcycle,1,932.554,36.0
ch01_00000000149000000.mp4,50592,car,2,934.354,21.2
ch01_00000000149000000.mp4,50704,motorcycle,1,935.354,30.0
ch01_00000000149000000.mp4,50751,motorcycle,1,936.354,22.5
ch01_00000000149000000.mp4,50809,motorcycle,1,937.154,22.5
ch01_00000000149000000.mp4,50816,motorcycle,1,937.254,24.0
ch01_00000000149000000.mp4,50863,motorcycle,1,938.053,24.0
ch01_00000000149000000.mp4,50904,motorcycle,1,938.703,24.0
ch01_00000000149000000.mp4,50952,motorcycle,1,939.103,24.0
ch01_00000000149000000.mp4,51030,car,2,940.303,25.7
ch01_00000000149000000.mp4,51031,motorcycle,1,941.353,8.8
ch01_00000000149000000.mp4,51115,motorcycle,1,941.553,21.2
ch01_00000000149000000.mp4,51126,motorcycle,1,941.753,21.2
ch01_00000000149000000.mp4,51152,motorcycle,1,942.253,21.2
ch01_00000000149000000.mp4,51201,car,2,943.353,24.0
ch01_00000000149000000.mp4,51300,motorcycle,1,944.403,18.9
ch01_00000000149000000.mp4,51349,motorcycle,1,945.053,24.0
ch01_00000000149000000.mp4,51324,motorcycle,1,945.603,24.0
ch01_00000000149000000.mp4,51512,car,2,947.653,24.0
ch01_00000000149000000.mp4,51708,motorcycle,1,950.003,27.7
ch01_00000000149000000.mp4,51741,car,2,950.703,22.5
ch01_00000000149000000.mp4,51838,car,2,951.903,22.5
ch01_00000000149000000.mp4,51990,car,2,954.103,24.0
ch01_00000000149000000.mp4,52029,car,2,955.203,24.0
ch01_00000000149000000.mp4,52102,truck,4,956.952,24.0
ch01_00000000149000000.mp4,52199,motorcycle,1,958.352,27.7
ch01_00000000149000000.mp4,52218,motorcycle,1,958.952,24.0
ch01_00000000149000000.mp4,52265,car,2,959.952,22.5
ch01_00000000149000000.mp4,52439,motorcycle,1,963.102,30.0
ch01_00000000149000000.mp4,52425,motorcycle,1,963.352,17.1
ch01_00000000149000000.mp4,52518,motorcycle,1,964.552,30.0
ch01_00000000149000000.mp4,52563,car,2,965.952,24.0
ch01_00000000149000000.mp4,52714,truck,6,968.002,32.7
ch01_00000000149000000.mp4,52730,car,2,968.052,20.0
ch01_00000000149000000.mp4,52765,car,2,969.102,21.2
ch01_00000000149000000.mp4,53087,motorcycle,1,972.852,25.7
ch01_00000000149000000.mp4,53252,motorcycle,1,975.102,22.5
ch01_00000000149000000.mp4,53419,motorcycle,1,978.651,24.0
ch01_00000000149000000.mp4,53454,motorcycle,1,979.701,7.7
ch01_00000000149000000.mp4,53480,motorcycle,1,979.751,21.2
ch01_00000000149000000.mp4,53514,motorcycle,1,981.601,21.2
ch01_00000000149000000.mp4,53696,car,3,985.001,13.3
ch01_00000000149000000.mp4,53865,motorcycle,1,987.151,14.4
ch01_00000000149000000.mp4,53880,car,2,987.951,17.1
ch01_00000000149000000.mp4,53956,motorcycle,1,989.101,20.0
ch01_00000000149000000.mp4,54039,motorcycle,1,991.101,20.0
ch01_00000000149000000.mp4,54082,motorcycle,1,991.801,25.7
ch01_00000000149000000.mp4,54310,motorcycle,1,996.75,24.0
ch01_00000000149000000.mp4,54327,motorcycle,1,997.301,21.2
ch01_00000000149000000.mp4,54341,motorcycle,1,997.351,22.5
ch01_00000000149000000.mp4,54354,car,2,997.701,18.9
ch01_00000000149000000.mp4,54528,car,2,1001.5,18.9
ch01_00000000149000000.mp4,54601,truck,6,1003.25,18.0
ch01_00000000149000000.mp4,54756,car,2,1004.5,17.1
ch01_00000000149000000.mp4,54893,motorcycle,1,1006.9,25.7
ch01_00000000149000000.mp4,54926,car,2,1007.7,18.9
ch01_00000000149000000.mp4,54986,motorcycle,1,1008.8,20.0
ch01_00000000149000000.mp4,54997,car,2,1010.25,18.0
ch01_00000000149000000.mp4,55189,motorcycle,1,1013.7,22.5
ch01_00000000149000000.mp4,55247,motorcycle,1,1014.5,22.5
ch01_00000000149000000.mp4,55279,car,2,1015.3,18.9
ch01_00000000149000000.mp4,55315,motorcycle,1,1016.0,24.0
ch01_00000000149000000.mp4,55378,car,2,1018.299,18.9
ch01_00000000149000000.mp4,55445,motorcycle,1,1018.449,25.7
ch01_00000000149000000.mp4,55601,car,2,1023.099,20.0
ch01_00000000149000000.mp4,55860,motorcycle,1,1025.999,27.7
ch01_00000000149000000.mp4,56055,motorcycle,1,1028.899,10.9
ch01_00000000149000000.mp4,56006,car,2,1029.549,15.0
ch01_00000000149000000.mp4,56118,motorcycle,1,1032.299,8.4
ch01_00000000149000000.mp4,56282,motorcycle,1,1033.699,11.6
ch01_00000000149000000.mp4,56534,car,2,1037.399,20.0
ch01_00000000149000000.mp4,57166,car,2,1049.298,24.0
ch01_00000000149000000.mp4,58069,motorcycle,1,1064.497,9.2
ch01_00000000149000000.mp4,58389,motorcycle,1,1071.147,36.0
ch01_00000000149000000.mp4,58468,motorcycle,1,1072.597,45.0
ch01_00000000149000000.mp4,58687,motorcycle,1,1076.747,14.4
ch01_00000000149000000.mp4,58944,motorcycle,1,1079.996,25.7
ch01_00000000149000000.mp4,59094,motorcycle,1,1081.896,25.7
ch01_00000000149000000.mp4,59134,motorcycle,1,1082.246,32.7
ch01_00000000149000000.mp4,59200,motorcycle,1,1082.946,25.7
ch01_00000000149000000.mp4,59245,motorcycle,1,1083.696,30.0
ch01_00000000149000000.mp4,59303,motorcycle,1,1085.546,11.6
ch01_00000000149000000.mp4,59383,motorcycle,1,1086.096,27.7
ch01_00000000149000000.mp4,59463,motorcycle,1,1086.946,24.0
ch01_00000000149000000.mp4,59500,motorcycle,1,1087.146,27.7
ch01_00000000149000000.mp4,59481,motorcycle,1,1087.546,22.5
ch01_00000000149000000.mp4,59762,motorcycle,1,1090.746,20.0
ch01_00000000149000000.mp4,59996,car,2,1093.346,21.2
ch01_00000000149000000.mp4,60210,motorcycle,1,1096.146,18.0
ch01_00000000149000000.mp4,60332,motorcycle,1,1097.446,30.0
ch01_00000000149000000.mp4,60364,motorcycle,1,1098.146,24.0
ch01_00000000149000000.mp4,60277,car,2,1098.196,18.9
ch01_00000000149000000.mp4,60430,motorcycle,1,1099.445,6.7
ch01_00000000149000000.mp4,60496,motorcycle,1,1102.345,12.4
ch01_00000000149000000.mp4,60658,motorcycle,1,1102.495,24.0
ch01_00000000149000000.mp4,60676,motorcycle,1,1102.745,22.5
ch01_00000000149000000.mp4,60733,motorcycle,1,1103.345,21.2
ch01_00000000149000000.mp4,60796,motorcycle,1,1104.395,15.7
ch01_00000000149000000.mp4,60928,motorcycle,1,1106.295,18.0
ch01_00000000149000000.mp4,60985,car,2,1107.445,21.2
ch01_00000000149000000.mp4,61056,motorcycle,1,1108.695,21.2
ch01_00000000149000000.mp4,61121,motorcycle,1,1109.545,24.0
ch01_00000000149000000.mp4,61253,car,2,1112.545,20.0
ch01_00000000149000000.mp4,61317,car,2,1113.295,22.5
ch01_00000000149000000.mp4,61367,motorcycle,1,1113.895,22.5
ch01_00000000149000000.mp4,61451,motorcycle,1,1114.995,22.5
ch01_00000000149000000.mp4,61421,truck,6,1115.445,25.7
ch01_00000000149000000.mp4,61518,truck,4,1117.095,16.4
ch01_00000000149000000.mp4,61469,motorcycle,1,1117.445,10.9
ch01_00000000149000000.mp4,61649,motorcycle,1,1118.544,17.1
ch01_00000000149000000.mp4,61623,motorcycle,1,1118.645,10.3
ch01_00000000149000000.mp4,61724,motorcycle,1,1119.894,20.0
ch01_00000000149000000.mp4,61746,motorcycle,1,1120.294,18.0
ch01_00000000149000000.mp4,61681,truck,4,1120.694,12.0
ch01_00000000149000000.mp4,61787,motorcycle,1,1120.894,21.2
ch01_00000000149000000.mp4,61840,motorcycle,1,1121.944,20.0
ch01_00000000149000000.mp4,61900,motorcycle,1,1123.144,22.5
ch01_00000000149000000.mp4,61880,car,2,1123.594,13.8
ch01_00000000149000000.mp4,61998,car,2,1125.494,14.4
ch01_00000000149000000.mp4,62012,motorcycle,1,1125.544,30.0
ch01_00000000149000000.mp4,62076,motorcycle,1,1126.294,27.7
ch01_00000000149000000.mp4,62093,car,3,1127.244,15.7
ch01_00000000149000000.mp4,62146,motorcycle,1,1127.394,25.7
ch01_00000000149000000.mp4,62209,car,2,1128.794,15.7
ch01_00000000149000000.mp4,62347,car,2,1130.794,18.0
ch01_00000000149000000.mp4,62479,car,2,1132.894,21.2
ch01_00000000149000000.mp4,62492,car,2,1133.094,16.4
ch01_00000000149000000.mp4,62635,motorcycle,1,1135.394,22.5
ch01_00000000149000000.mp4,62717,motorcycle,1,1136.894,24.0
ch01_00000000149000000.mp4,62710,car,2,1137.044,18.9
ch01_00000000149000000.mp4,62764,motorcycle,1,1137.893,21.2
ch01_00000000149000000.mp4,62789,motorcycle,1,1138.393,20.0
ch01_00000000149000000.mp4,62811,truck,4,1138.994,17.1
ch01_00000000149000000.mp4,62851,motorcycle,1,1139.543,24.0
ch01_00000000149000000.mp4,62888,car,2,1140.543,18.0
ch01_00000000149000000.mp4,62935,motorcycle,1,1140.993,24.0
ch01_00000000149000000.mp4,62981,motorcycle,1,1141.743,24.0
ch01_00000000149000000.mp4,63053,motorcycle,1,1142.443,21.2
ch01_00000000149000000.mp4,63033,car,2,1142.893,17.1
ch01_00000000149000000.mp4,62934,motorcycle,1,1144.693,17.1
ch01_00000000149000000.mp4,63232,motorcycle,1,1145.493,17.1
ch01_00000000149000000.mp4,63325,truck,4,1147.443,14.4
ch01_00000000149000000.mp4,63425,car,2,1148.643,16.4
ch01_00000000149000000.mp4,63569,motorcycle,1,1150.043,15.0
ch01_00000000149000000.mp4,63574,car,2,1150.793,12.0
ch01_00000000149000000.mp4,63640,motorcycle,1,1151.193,13.8
ch01_00000000149000000.mp4,63768,motorcycle,1,1152.693,13.3
ch01_00000000149000000.mp4,63698,car,2,1152.743,12.9
ch01_00000000149000000.mp4,63862,car,2,1154.943,13.3
ch01_00000000149000000.mp4,63914,car,2,1156.543,11.6
ch01_00000000149000000.mp4,64045,motorcycle,1,1158.342,12.9
ch01_00000000149000000.mp4,64210,motorcycle,1,1164.442,5.9
ch01_00000000149000000.mp4,64319,car,2,1166.642,7.8
ch01_00000000149000000.mp4,64254,motorcycle,1,1166.892,20.0
ch01_00000000149000000.mp4,64517,motorcycle,1,1166.942,8.0
ch01_00000000149000000.mp4,64559,motorcycle,1,1168.592,15.0
ch01_00000000149000000.mp4,64585,motorcycle,1,1168.942,15.7
ch01_00000000149000000.mp4,64648,motorcycle,1,1169.692,17.1
ch01_00000000149000000.mp4,64692,motorcycle,1,1170.442,21.2
ch01_00000000149000000.mp4,64707,motorcycle,1,1170.792,22.5
ch01_00000000149000000.mp4,64636,car,2,1171.042,17.1
ch01_00000000149000000.mp4,64760,motorcycle,1,1171.592,22.5
ch01_00000000149000000.mp4,65139,motorcycle,1,1180.491,18.0
ch01_00000000149000000.mp4,65041,motorcycle,1,1180.591,12.9
ch01_00000000149000000.mp4,65346,motorcycle,1,1183.541,20.0
ch01_00000000149000000.mp4,65818,car,2,1192.091,22.5
ch01_00000000149000000.mp4,66160,motorcycle,1,1199.491,9.7
ch01_00000000149000000.mp4,66631,car,2,1208.64,10.3
ch01_00000000149000000.mp4,66783,motorcycle,1,1210.14,13.3
ch01_00000000149000000.mp4,67188,motorcycle,1,1217.04,13.8
ch01_00000000149000000.mp4,67347,motorcycle,1,1219.189,27.7
ch01_00000000149000000.mp4,67412,motorcycle,1,1220.689,17.1
ch01_00000000149000000.mp4,67473,motorcycle,1,1221.789,15.7
ch01_00000000149000000.mp4,67575,motorcycle,1,1223.489,21.2
ch01_00000000149000000.mp4,67716,motorcycle,1,1226.589,10.6
ch01_00000000149000000.mp4,67749,motorcycle,1,1226.939,10.9
ch01_00000000149000000.mp4,68000,motorcycle,1,1232.189,10.0
ch01_00000000149000000.mp4,68062,motorcycle,1,1232.739,10.0
ch01_00000000149000000.mp4,68183,car,2,1234.139,5.5
ch01_00000000149000000.mp4,68285,motorcycle,1,1235.789,32.7
ch01_00000000149000000.mp4,68386,motorcycle,1,1237.689,40.0
ch01_00000000149000000.mp4,68328,car,2,1238.139,9.5
ch01_00000000149000000.mp4,68390,motorcycle,1,1239.238,8.8
ch01_00000000149000000.mp4,68495,motorcycle,1,1239.839,24.0
ch01_00000000149000000.mp4,68619,motorcycle,1,1241.138,22.5
ch01_00000000149000000.mp4,68657,car,2,1241.938,13.8
ch01_00000000149000000.mp4,68687,motorcycle,1,1242.488,24.0
ch01_00000000149000000.mp4,68800,motorcycle,1,1243.788,24.0
ch01_00000000149000000.mp4,68849,motorcycle,1,1244.488,22.5
ch01_00000000149000000.mp4,68862,motorcycle,1,1244.988,20.0
ch01_00000000149000000.mp4,68997,motorcycle,1,1246.388,30.0
ch01_00000000149000000.mp4,69057,motorcycle,1,1247.388,24.0
ch01_00000000149000000.mp4,69105,motorcycle,1,1248.088,30.0
ch01_00000000149000000.mp4,69162,motorcycle,1,1250.438,7.8
ch01_00000000149000000.mp4,69300,motorcycle,1,1251.638,27.7
ch01_00000000149000000.mp4,69390,motorcycle,1,1253.288,27.7
ch01_00000000149000000.mp4,69425,motorcycle,1,1253.688,25.7
ch01_00000000149000000.mp4,69417,car,2,1254.088,24.0
ch01_00000000149000000.mp4,69571,motorcycle,1,1255.788,24.0
ch01_00000000149000000.mp4,69572,motorcycle,1,1255.838,25.7
ch01_00000000149000000.mp4,69785,car,2,1260.138,24.0
ch01_00000000149000000.mp4,69886,car,2,1262.137,24.0
ch01_00000000149000000.mp4,69958,motorcycle,1,1263.387,25.7
ch01_00000000149000000.mp4,69978,car,2,1263.537,18.9
ch01_00000000149000000.mp4,69972,motorcycle,1,1263.687,27.7
ch01_00000000149000000.mp4,70032,motorcycle,1,1264.337,25.7
ch01_00000000149000000.mp4,70012,truck,6,1264.537,21.2
ch01_00000000149000000.mp4,70140,motorcycle,1,1265.787,25.7
ch01_00000000149000000.mp4,70199,motorcycle,1,1266.787,24.0
ch01_00000000149000000.mp4,70244,motorcycle,1,1267.887,24.0
ch01_00000000149000000.mp4,70338,motorcycle,1,1269.287,24.0
ch01_00000000149000000.mp4,70499,motorcycle,1,1271.687,32.7
ch01_00000000149000000.mp4,70595,motorcycle,1,1273.487,27.7
ch01_00000000149000000.mp4,70673,motorcycle,1,1274.587,24.0
ch01_00000000149000000.mp4,70691,car,2,1275.537,22.5
ch01_00000000149000000.mp4,70732,car,2,1275.637,24.0
ch01_00000000149000000.mp4,70823,motorcycle,1,1277.487,21.2
ch01_00000000149000000.mp4,70602,car,2,1278.187,3.5
ch01_00000000149000000.mp4,70865,car,2,1278.387,20.0
ch01_00000000149000000.mp4,70868,car,2,1279.387,22.5
ch01_00000000149000000.mp4,70878,motorcycle,1,1279.687,10.3
ch01_00000000149000000.mp4,70989,motorcycle,1,1280.236,20.0
ch01_00000000149000000.mp4,70843,motorcycle,1,1280.886,8.0
ch01_00000000149000000.mp4,71026,motorcycle,1,1281.086,17.1
ch01_00000000149000000.mp4,71129,motorcycle,1,1282.686,18.9
ch01_00000000149000000.mp4,71150,motorcycle,1,1283.086,13.8
ch01_00000000149000000.mp4,71139,car,2,1283.936,10.3
ch01_00000000149000000.mp4,71238,motorcycle,1,1284.286,20.0
ch01_00000000149000000.mp4,71277,motorcycle,1,1284.836,22.5
ch01_00000000149000000.mp4,71264,motorcycle,1,1284.886,21.2
ch01_00000000149000000.mp4,71308,motorcycle,1,1285.586,20.0
ch01_00000000149000000.mp4,71369,car,2,1287.036,11.6
ch01_00000000149000000.mp4,71417,motorcycle,1,1287.136,20.0
ch01_00000000149000000.mp4,71523,motorcycle,1,1288.386,24.0
ch01_00000000149000000.mp4,71580,motorcycle,1,1289.486,24.0
ch01_00000000149000000.mp4,71843,motorcycle,1,1293.586,18.0
ch01_00000000149000000.mp4,71890,motorcycle,1,1294.136,27.7
ch01_00000000149000000.mp4,71882,car,2,1294.786,16.4
ch01_00000000149000000.mp4,71879,motorcycle,1,1295.836,20.0
ch01_00000000149000000.mp4,71780,motorcycle,1,1297.086,8.0
ch01_00000000149000000.mp4,72057,car,2,1297.686,15.7
ch01_00000000149000000.mp4,72159,motorcycle,1,1298.636,27.7
ch01_00000000149000000.mp4,72206,car,2,1300.085,13.8
ch01_00000000149000000.mp4,72267,motorcycle,1,1300.486,27.7
ch01_00000000149000000.mp4,72329,motorcycle,1,1301.135,25.7
ch01_00000000149000000.mp4,72325,car,3,1302.035,16.4
ch01_00000000149000000.mp4,72431,car,2,1303.935,13.8
ch01_00000000149000000.mp4,72583,motorcycle,1,1305.435,22.5
ch01_00000000149000000.mp4,72561,car,2,1305.535,14.4
ch01_00000000149000000.mp4,72638,car,2,1306.935,15.0
ch01_00000000149000000.mp4,72731,car,2,1308.835,17.1
ch01_00000000149000000.mp4,72786,motorcycle,1,1309.385,24.0
ch01_00000000149000000.mp4,72886,motorcycle,1,1310.735,24.0
ch01_00000000149000000.mp4,72964,motorcycle,1,1311.585,27.7
ch01_00000000149000000.mp4,72991,motorcycle,1,1312.385,12.0
ch01_00000000149000000.mp4,73056,motorcycle,1,1313.585,27.7
ch01_00000000149000000.mp4,73152,motorcycle,1,1314.735,25.7
ch01_00000000149000000.mp4,73186,motorcycle,1,1315.435,25.7
ch01_00000000149000000.mp4,73243,motorcycle,1,1315.935,25.7
ch01_00000000149000000.mp4,73477,car,2,1320.235,21.2
ch01_00000000149000000.mp4,73615,motorcycle,1,1321.334,16.4
ch01_00000000149000000.mp4,73737,car,2,1323.734,22.5
ch01_00000000149000000.mp4,73845,motorcycle,1,1324.984,27.7
ch01_00000000149000000.mp4,73863,motorcycle,1,1325.734,9.2
ch01_00000000149000000.mp4,73946,motorcycle,1,1330.184,11.3
ch01_00000000149000000.mp4,74530,motorcycle,1,1338.284,27.7
ch01_00000000149000000.mp4,74764,motorcycle,1,1341.783,16.4
ch01_00000000149000000.mp4,74947,motorcycle,1,1346.333,9.2
ch01_00000000149000000.mp4,75139,motorcycle,1,1349.583,9.2
ch01_00000000149000000.mp4,75322,motorcycle,1,1353.433,13.3
ch01_00000000149000000.mp4,75364,motorcycle,1,1354.133,11.6
ch01_00000000149000000.mp4,75850,motorcycle,1,1363.282,45.0
ch01_00000000149000000.mp4,75814,car,2,1363.382,20.0
ch01_00000000149000000.mp4,75967,car,2,1366.782,15.7
ch01_00000000149000000.mp4,75998,car,2,1368.032,15.7
ch01_00000000149000000.mp4,76175,motorcycle,1,1371.832,8.0
ch01_00000000149000000.mp4,76273,motorcycle,1,1373.232,8.8
ch01_00000000149000000.mp4,76356,motorcycle,1,1373.482,30.0
ch01_00000000149000000.mp4,76340,motorcycle,1,1373.582,6.1
ch01_00000000149000000.mp4,76452,car,2,1376.532,8.2
ch01_00000000149000000.mp4,76927,motorcycle,1,1383.631,32.7
ch01_00000000149000000.mp4,77240,motorcycle,1,1388.831,36.0
ch01_00000000149000000.mp4,77315,car,2,1391.181,27.7
ch01_00000000149000000.mp4,77557,motorcycle,1,1394.581,36.0
ch01_00000000149000000.mp4,77574,motorcycle,1,1395.131,27.7
ch01_00000000149000000.mp4,77663,motorcycle,1,1396.531,30.0
ch01_00000000149000000.mp4,77198,car,2,1396.781,7.7
ch01_00000000149000000.mp4,77672,motorcycle,1,1397.881,8.0
ch01_00000000149000000.mp4,77743,motorcycle,1,1398.131,25.7
ch01_00000000149000000.mp4,77815,motorcycle,1,1399.531,25.7
ch01_00000000149000000.mp4,77945,motorcycle,1,1402.08,25.7
ch01_00000000149000000.mp4,78001,motorcycle,1,1402.78,24.0
ch01_00000000149000000.mp4,78020,motorcycle,1,1403.08,25.7
ch01_00000000149000000.mp4,78080,motorcycle,1,1403.88,27.7
ch01_00000000149000000.mp4,78128,motorcycle,1,1404.78,25.7
ch01_00000000149000000.mp4,77946,car,2,1406.13,9.5
ch01_00000000149000000.mp4,78256,motorcycle,1,1407.23,25.7
ch01_00000000149000000.mp4,78318,motorcycle,1,1408.38,25.7
ch01_00000000149000000.mp4,78358,motorcycle,1,1409.18,25.7
ch01_00000000149000000.mp4,78393,motorcycle,1,1409.68,27.7
ch01_00000000149000000.mp4,78375,car,2,1410.03,17.1
ch01_00000000149000000.mp4,78376,motorcycle,1,1410.58,24.0
ch01_00000000149000000.mp4,78467,motorcycle,1,1411.38,22.5
ch01_00000000149000000.mp4,78494,motorcycle,1,1411.73,21.2
ch01_00000000149000000.mp4,78515,motorcycle,1,1412.13,24.0
ch01_00000000149000000.mp4,78547,motorcycle,1,1412.98,24.0
ch01_00000000149000000.mp4,78628,motorcycle,1,1414.08,30.0
ch01_00000000149000000.mp4,78663,motorcycle,1,1414.63,24.0
ch01_00000000149000000.mp4,78656,motorcycle,1,1414.68,32.7
ch01_00000000149000000.mp4,78712,motorcycle,1,1416.43,24.0
ch01_00000000149000000.mp4,78832,motorcycle,1,1418.08,21.2
ch01_00000000149000000.mp4,78879,motorcycle,1,1418.78,27.7
ch01_00000000149000000.mp4,78914,motorcycle,1,1419.63,18.9
ch01_00000000149000000.mp4,78976,motorcycle,1,1420.38,30.0
ch01_00000000149000000.mp4,78990,motorcycle,1,1420.88,32.7
ch01_00000000149000000.mp4,79012,car,2,1421.58,18.9
ch01_00000000149000000.mp4,79040,motorcycle,1,1422.229,10.6
ch01_00000000149000000.mp4,79119,car,2,1424.379,30.0
ch01_00000000149000000.mp4,79178,motorcycle,1,1424.979,10.9
ch01_00000000149000000.mp4,79209,motorcycle,1,1425.079,22.5
ch01_00000000149000000.mp4,79294,motorcycle,1,1426.829,21.2
ch01_00000000149000000.mp4,79437,motorcycle,1,1430.079,25.7
ch01_00000000149000000.mp4,79514,truck,4,1431.629,21.2
ch01_00000000149000000.mp4,79665,car,2,1434.079,20.0
ch01_00000000149000000.mp4,79734,motorcycle,1,1434.679,18.0
ch01_00000000149000000.mp4,79837,motorcycle,1,1435.929,21.2
ch01_00000000149000000.mp4,79878,motorcycle,1,1436.679,21.2
ch01_00000000149000000.mp4,79971,motorcycle,1,1438.079,24.0
ch01_00000000149000000.mp4,80169,car,2,1441.728,18.9
ch01_00000000149000000.mp4,80259,motorcycle,1,1443.328,32.7
ch01_00000000149000000.mp4,80260,car,2,1444.078,20.0
ch01_00000000149000000.mp4,80427,motorcycle,1,1446.778,25.7
ch01_00000000149000000.mp4,80439,car,2,1446.978,21.2
ch01_00000000149000000.mp4,80447,motorcycle,1,1447.028,30.0
ch01_00000000149000000.mp4,80499,motorcycle,1,1448.178,24.0
ch01_00000000149000000.mp4,80549,motorcycle,1,1449.178,25.7
ch01_00000000149000000.mp4,80619,motorcycle,1,1450.828,24.0
ch01_00000000149000000.mp4,80683,car,2,1452.728,24.0
ch01_00000000149000000.mp4,80719,motorcycle,1,1453.278,18.0
ch01_00000000149000000.mp4,80710,motorcycle,1,1453.678,12.9
ch01_00000000149000000.mp4,80818,motorcycle,1,1455.678,16.4
ch01_00000000149000000.mp4,80817,motorcycle,1,1455.728,15.7
ch01_00000000149000000.mp4,81079,car,2,1461.727,21.2
ch01_00000000149000000.mp4,81099,car,2,1462.477,20.0
ch01_00000000149000000.mp4,81210,car,3,1463.877,27.7
ch01_00000000149000000.mp4,81259,car,3,1464.127,20.0
ch01_00000000149000000.mp4,81305,motorcycle,1,1464.727,22.5
ch01_00000000149000000.mp4,81347,motorcycle,1,1465.427,22.5
ch01_00000000149000000.mp4,81423,motorcycle,1,1466.677,30.0
ch01_00000000149000000.mp4,81429,car,2,1467.077,22.5
ch01_00000000149000000.mp4,81494,motorcycle,1,1467.977,22.5
ch01_00000000149000000.mp4,81501,motorcycle,1,1468.027,27.7
ch01_00000000149000000.mp4,81551,motorcycle,1,1468.677,27.7
ch01_00000000149000000.mp4,81574,car,2,1469.627,22.5
ch01_00000000149000000.mp4,81638,car,2,1471.477,10.6
ch01_00000000149000000.mp4,81691,car,2,1472.127,22.5
ch01_00000000149000000.mp4,81693,motorcycle,1,1472.327,24.0
ch01_00000000149000000.mp4,81800,car,2,1474.177,20.0
ch01_00000000149000000.mp4,81837,car,2,1474.777,16.4
ch01_00000000149000000.mp4,81917,motorcycle,1,1475.727,40.0
ch01_00000000149000000.mp4,81850,car,2,1476.277,16.4
ch01_00000000149000000.mp4,82167,motorcycle,1,1480.877,25.7
ch01_00000000149000000.mp4,82272,motorcycle,1,1483.126,10.9
ch01_00000000149000000.mp4,82337,motorcycle,1,1485.726,14.4
ch01_00000000149000000.mp4,82405,motorcycle,1,1488.126,13.8
ch01_00000000149000000.mp4,82626,motorcycle,1,1492.926,22.5
ch01_00000000149000000.mp4,82663,car,2,1494.476,17.1
ch01_00000000149000000.mp4,82788,motorcycle,1,1495.476,25.7
ch01_00000000149000000.mp4,83136,motorcycle,1,1502.725,18.9
ch01_00000000149000000.mp4,83233,car,2,1505.675,15.7
ch01_00000000149000000.mp4,83307,car,2,1506.675,8.4
ch01_00000000149000000.mp4,83521,motorcycle,1,1511.375,17.1
ch01_00000000149000000.mp4,83882,motorcycle,1,1518.725,13.3
ch01_00000000149000000.mp4,84008,motorcycle,1,1521.374,24.0
ch01_00000000149000000.mp4,84212,car,2,1526.324,25.7
ch01_00000000149000000.mp4,84422,motorcycle,1,1531.074,12.4
ch01_00000000149000000.mp4,84749,motorcycle,1,1538.724,17.1
ch01_00000000149000000.mp4,84823,car,2,1542.923,7.3
ch01_00000000149000000.mp4,85121,motorcycle,1,1546.373,21.2
ch01_00000000149000000.mp4,85166,motorcycle,1,1547.373,30.0
ch01_00000000149000000.mp4,85228,motorcycle,1,1549.773,12.4
ch01_00000000149000000.mp4,85282,motorcycle,1,1551.173,11.3
ch01_00000000149000000.mp4,85415,motorcycle,1,1552.373,24.0
ch01_00000000149000000.mp4,85515,car,2,1555.523,17.1
ch01_00000000149000000.mp4,85570,motorcycle,1,1556.273,27.7
ch01_00000000149000000.mp4,85552,motorcycle,1,1556.473,18.0
ch01_00000000149000000.mp4,85602,motorcycle,1,1557.323,32.7
ch01_00000000149000000.mp4,85641,motorcycle,1,1557.873,17.1
ch01_00000000149000000.mp4,85730,motorcycle,1,1558.523,24.0
ch01_00000000149000000.mp4,85846,motorcycle,1,1560.023,27.7
ch01_00000000149000000.mp4,85914,motorcycle,1,1561.172,27.7
ch01_00000000149000000.mp4,85905,motorcycle,1,1561.372,8.4
ch01_00000000149000000.mp4,85935,motorcycle,1,1561.523,25.7
ch01_00000000149000000.mp4,86095,motorcycle,1,1563.622,21.2
ch01_00000000149000000.mp4,86167,motorcycle,1,1564.872,17.1
ch01_00000000149000000.mp4,86248,motorcycle,1,1566.122,21.2
ch01_00000000149000000.mp4,86262,motorcycle,1,1566.322,20.0
ch01_00000000149000000.mp4,86304,motorcycle,1,1566.872,25.7
ch01_00000000149000000.mp4,86367,motorcycle,1,1568.322,15.7
ch01_00000000149000000.mp4,86391,motorcycle,1,1568.372,21.2
ch01_00000000149000000.mp4,86433,motorcycle,1,1569.072,21.2
ch01_00000000149000000.mp4,86480,motorcycle,1,1570.172,22.5
ch01_00000000149000000.mp4,86475,motorcycle,1,1570.272,8.8
ch01_00000000149000000.mp4,86516,motorcycle,1,1570.822,25.7
ch01_00000000149000000.mp4,86603,motorcycle,1,1572.422,21.2
ch01_00000000149000000.mp4,86629,motorcycle,1,1572.872,24.0
ch01_00000000149000000.mp4,86702,motorcycle,1,1574.322,21.2
ch01_00000000149000000.mp4,86737,motorcycle,1,1575.072,21.2
ch01_00000000149000000.mp4,86780,car,2,1576.122,20.0
ch01_00000000149000000.mp4,86951,motorcycle,1,1578.522,21.2
ch01_00000000149000000.mp4,86998,motorcycle,1,1579.272,10.0
ch01_00000000149000000.mp4,87026,motorcycle,1,1580.322,18.9
ch01_00000000149000000.mp4,87053,motorcycle,1,1580.872,18.0
ch01_00000000149000000.mp4,87086,motorcycle,1,1581.222,32.7
ch01_00000000149000000.mp4,87127,motorcycle,1,1582.022,27.7
ch01_00000000149000000.mp4,87217,motorcycle,1,1584.171,16.4
ch01_00000000149000000.mp4,87308,motorcycle,1,1586.121,27.7
ch01_00000000149000000.mp4,87291,car,2,1586.321,21.2
ch01_00000000149000000.mp4,87376,motorcycle,1,1588.021,24.0
ch01_00000000149000000.mp4,87372,car,2,1588.571,14.4
ch01_00000000149000000.mp4,87425,motorcycle,1,1588.921,24.0
ch01_00000000149000000.mp4,87435,motorcycle,1,1588.921,18.9
ch01_00000000149000000.mp4,87491,car,2,1590.371,20.0
ch01_00000000149000000.mp4,87469,car,2,1590.721,13.8
ch01_00000000149000000.mp4,87589,motorcycle,1,1592.121,27.7
ch01_00000000149000000.mp4,87629,motorcycle,1,1592.871,24.0
ch01_00000000149000000.mp4,87722,car,2,1594.571,22.5
ch01_00000000149000000.mp4,88012,motorcycle,1,1601.171,10.0
ch01_00000000149000000.mp4,88078,motorcycle,1,1601.571,24.0
ch01_00000000149000000.mp4,88223,motorcycle,1,1604.52,17.1
ch01_00000000149000000.mp4,88167,car,2,1604.67,18.0
ch01_00000000149000000.mp4,88239,car,2,1605.07,21.2
ch01_00000000149000000.mp4,88270,motorcycle,1,1605.17,18.9
ch01_00000000149000000.mp4,88374,car,2,1607.62,20.0
ch01_00000000149000000.mp4,88414,motorcycle,1,1608.07,22.5
ch01_00000000149000000.mp4,88448,motorcycle,1,1609.17,20.0
ch01_00000000149000000.mp4,88471,motorcycle,1,1609.72,18.9
ch01_00000000149000000.mp4,88480,car,2,1610.27,15.7
ch01_00000000149000000.mp4,88551,motorcycle,1,1611.67,22.5
ch01_00000000149000000.mp4,88564,motorcycle,1,1612.07,24.0
ch01_00000000149000000.mp4,88607,motorcycle,1,1613.47,21.2
ch01_00000000149000000.mp4,88617,motorcycle,1,1613.52,18.9
ch01_00000000149000000.mp4,88630,motorcycle,1,1614.32,21.2
ch01_00000000149000000.mp4,88649,motorcycle,1,1615.07,22.5
ch01_00000000149000000.mp4,88682,motorcycle,1,1615.92,24.0
ch01_00000000149000000.mp4,88739,motorcycle,1,1617.92,20.0
ch01_00000000149000000.mp4,88780,motorcycle,1,1619.12,27.7
ch01_00000000149000000.mp4,88791,car,3,1619.32,18.9
ch01_00000000149000000.mp4,88833,car,2,1620.52,18.9
ch01_00000000149000000.mp4,88818,truck,4,1620.62,18.0
ch01_00000000149000000.mp4,88841,motorcycle,1,1621.32,20.0
ch01_00000000149000000.mp4,88904,car,2,1622.82,21.2
ch01_00000000149000000.mp4,88912,motorcycle,1,1623.219,7.1
ch01_00000000149000000.mp4,88953,car,2,1624.519,21.2
ch01_00000000149000000.mp4,89001,car,2,1625.819,22.5
ch01_00000000149000000.mp4,89022,motorcycle,1,1626.269,25.7
ch01_00000000149000000.mp4,89055,motorcycle,1,1627.169,20.0
ch01_00000000149000000.mp4,89071,motorcycle,1,1627.519,22.5
ch01_00000000149000000.mp4,89098,motorcycle,1,1628.119,21.2
ch01_00000000149000000.mp4,89223,car,2,1630.519,24.0
ch01_00000000149000000.mp4,89268,motorcycle,1,1631.519,32.7
ch01_00000000149000000.mp4,89321,motorcycle,1,1632.719,25.7
ch01_00000000149000000.mp4,89351,motorcycle,1,1633.969,27.7
ch01_00000000149000000.mp4,89352,motorcycle,1,1634.119,27.7
ch01_00000000149000000.mp4,89361,car,2,1634.169,14.4
ch01_00000000149000000.mp4,89386,motorcycle,1,1634.969,30.0
ch01_00000000149000000.mp4,89445,motorcycle,1,1636.869,24.0
ch01_00000000149000000.mp4,89443,car,2,1637.019,21.2
ch01_00000000149000000.mp4,89478,motorcycle,1,1637.419,25.7
ch01_00000000149000000.mp4,89621,motorcycle,1,1641.319,18.9
ch01_00000000149000000.mp4,89619,car,2,1642.418,15.7
ch01_00000000149000000.mp4,89571,motorcycle,1,1642.869,10.0
ch01_00000000149000000.mp4,89691,motorcycle,1,1643.418,25.7
ch01_00000000149000000.mp4,89800,motorcycle,1,1646.468,24.0
ch01_00000000149000000.mp4,89829,motorcycle,1,1647.568,25.7
ch01_00000000149000000.mp4,89807,car,2,1648.618,8.4
ch01_00000000149000000.mp4,89873,motorcycle,1,1648.868,25.7
ch01_00000000149000000.mp4,89983,car,2,1651.818,18.9
ch01_00000000149000000.mp4,90133,motorcycle,1,1654.968,20.0
ch01_00000000149000000.mp4,90265,motorcycle,1,1657.368,11.6
ch01_00000000149000000.mp4,90306,motorcycle,1,1658.118,18.9
ch01_00000000149000000.mp4,90382,truck,4,1659.668,21.2
ch01_00000000149000000.mp4,90940,motorcycle,1,1673.867,21.2
ch01_00000000149000000.mp4,91051,motorcycle,1,1679.267,10.3
ch01_00000000149000000.mp4,91354,motorcycle,1,1681.267,21.2
ch01_00000000149000000.mp4,91351,motorcycle,1,1681.867,6.1
ch01_00000000149000000.mp4,91389,car,2,1682.766,24.0
ch01_00000000149000000.mp4,91432,motorcycle,1,1683.516,18.0
ch01_00000000149000000.mp4,91564,motorcycle,1,1687.916,27.7
ch01_00000000149000000.mp4,91624,car,2,1688.816,16.4
ch01_00000000149000000.mp4,91892,motorcycle,1,1696.366,12.0
ch01_00000000149000000.mp4,91948,car,2,1699.716,15.0
ch01_00000000149000000.mp4,92062,motorcycle,1,1701.266,13.8
ch01_00000000149000000.mp4,92037,motorcycle,1,1701.616,14.4
ch01_00000000149000000.mp4,92153,motorcycle,1,1703.965,40.0
ch01_00000000149000000.mp4,92119,car,2,1704.315,15.0
ch01_00000000149000000.mp4,92187,truck,4,1706.715,15.0
ch01_00000000149000000.mp4,92249,car,2,1707.765,14.4
ch01_00000000149000000.mp4,92298,car,2,1709.715,12.9
ch01_00000000149000000.mp4,92421,motorcycle,1,1710.265,30.0
ch01_00000000149000000.mp4,92479,motorcycle,1,1711.765,13.3
ch01_00000000149000000.mp4,92448,car,2,1712.265,13.3
ch01_00000000149000000.mp4,92612,motorcycle,1,1713.965,22.5
ch01_00000000149000000.mp4,92625,motorcycle,1,1715.065,13.3
ch01_00000000149000000.mp4,92614,motorcycle,1,1715.415,36.0
ch01_00000000149000000.mp4,92712,truck,6,1716.515,13.3
ch01_00000000149000000.mp4,92724,motorcycle,1,1716.615,24.0
ch01_00000000149000000.mp4,92719,motorcycle,1,1717.465,27.7
ch01_00000000149000000.mp4,92776,car,2,1718.065,12.4
ch01_00000000149000000.mp4,92959,motorcycle,1,1720.415,24.0
ch01_00000000149000000.mp4,92874,car,2,1720.565,11.6
ch01_00000000149000000.mp4,93011,motorcycle,1,1721.765,21.2
ch01_00000000149000000.mp4,93001,motorcycle,1,1722.065,9.5
ch01_00000000149000000.mp4,93038,motorcycle,1,1722.314,22.5
ch01_00000000149000000.mp4,92950,motorcycle,1,1722.614,27.7
ch01_00000000149000000.mp4,93114,motorcycle,1,1723.364,25.7
ch01_00000000149000000.mp4,93190,motorcycle,1,1724.664,21.2
ch01_00000000149000000.mp4,93213,motorcycle,1,1724.814,25.7
ch01_00000000149000000.mp4,93261,motorcycle,1,1725.714,20.0
ch01_00000000149000000.mp4,93265,motorcycle,1,1726.064,4.6
ch01_00000000149000000.mp4,93284,motorcycle,1,1726.614,6.5
ch01_00000000149000000.mp4,93338,motorcycle,1,1726.614,22.5
ch01_00000000149000000.mp4,93396,motorcycle,1,1727.864,25.7
ch01_00000000149000000.mp4,93475,motorcycle,1,1729.614,18.0
ch01_00000000149000000.mp4,93490,motorcycle,1,1730.014,18.9
ch01_00000000149000000.mp4,93512,motorcycle,1,1730.314,4.6
ch01_00000000149000000.mp4,93559,car,2,1732.164,5.5
ch01_00000000149000000.mp4,93549,car,2,1732.864,12.9
ch01_00000000149000000.mp4,93811,motorcycle,1,1735.114,21.2
ch01_00000000149000000.mp4,93819,motorcycle,1,1735.814,22.5
ch01_00000000149000000.mp4,93647,truck,6,1736.064,6.4
ch01_00000000149000000.mp4,93921,motorcycle,1,1736.564,20.0
ch01_00000000149000000.mp4,93881,car,2,1739.014,8.8
ch01_00000000149000000.mp4,94076,motorcycle,1,1739.164,21.2
ch01_00000000149000000.mp4,94113,motorcycle,1,1739.764,22.5
ch01_00000000149000000.mp4,94218,motorcycle,1,1741.464,30.0
ch01_00000000149000000.mp4,94077,car,2,1741.914,11.6
ch01_00000000149000000.mp4,94248,truck,4,1744.313,12.0
ch01_00000000149000000.mp4,94482,car,2,1746.963,20.0
ch01_00000000149000000.mp4,94579,motorcycle,1,1748.763,13.8
ch01_00000000149000000.mp4,94623,car,2,1749.063,27.7
ch01_00000000149000000.mp4,94701,motorcycle,1,1750.363,22.5
ch01_00000000149000000.mp4,94705,car,2,1751.163,15.0
ch01_00000000149000000.mp4,94824,motorcycle,1,1752.563,24.0
ch01_00000000149000000.mp4,94909,car,2,1754.513,18.0
ch01_00000000149000000.mp4,94972,car,3,1756.163,21.2
ch01_00000000149000000.mp4,95051,car,3,1757.663,18.9
ch01_00000000149000000.mp4,95135,motorcycle,1,1758.863,32.7
ch01_00000000149000000.mp4,95262,truck,4,1762.213,25.7
ch01_00000000149000000.mp4,95249,car,3,1763.162,30.0
ch01_00000000149000000.mp4,95319,motorcycle,1,1763.562,12.9
ch01_00000000149000000.mp4,95403,motorcycle,1,1764.862,27.7
ch01_00000000149000000.mp4,95448,motorcycle,1,1765.862,27.7
ch01_00000000149000000.mp4,95549,truck,4,1767.362,21.2
ch01_00000000149000000.mp4,95612,motorcycle,1,1768.462,18.0
ch01_00000000149000000.mp4,95649,motorcycle,1,1769.162,17.1
ch01_00000000149000000.mp4,95644,car,2,1770.012,6.9
ch01_00000000149000000.mp4,95682,car,2,1770.112,22.5
ch01_00000000149000000.mp4,95759,motorcycle,1,1772.112,10.9
ch01_00000000149000000.mp4,95936,motorcycle,1,1775.112,15.0
ch01_00000000149000000.mp4,96056,motorcycle,1,1776.912,30.0
ch01_00000000149000000.mp4,96111,motorcycle,1,1777.962,13.3
ch01_00000000149000000.mp4,96047,motorcycle,1,1778.262,27.7
ch01_00000000149000000.mp4,96112,motorcycle,1,1778.762,30.0
ch01_00000000149000000.mp4,96218,motorcycle,1,1779.662,24.0
ch01_00000000149000000.mp4,96276,motorcycle,1,1780.412,24.0
ch01_00000000149000000.mp4,96314,motorcycle,1,1780.962,20.0
ch01_00000000149000000.mp4,96404,motorcycle,1,1782.062,24.0
ch01_00000000149000000.mp4,96494,car,2,1783.711,24.0
ch01_00000000149000000.mp4,96568,car,2,1785.811,22.5
ch01_00000000149000000.mp4,96649,car,2,1787.211,21.2
ch01_00000000149000000.mp4,96754,motorcycle,1,1790.411,8.4
ch01_00000000149000000.mp4,96815,motorcycle,1,1790.911,2.4
ch01_00000000149000000.mp4,96891,motorcycle,1,1792.111,12.0
ch01_00000000149000000.mp4,96927,motorcycle,1,1792.561,12.0
ch01_00000000149000000.mp4,97016,motorcycle,1,1794.961,9.2
ch01_00000000149000000.mp4,97021,motorcycle,1,1795.261,12.9
ch01_00000000149000000.mp4,97028,motorcycle,1,1795.261,16.4
ch01_00000000149000000.mp4,97037,motorcycle,1,1795.561,8.4
ch01_00000000149000000.mp4,97056,motorcycle,1,1795.961,18.9
ch01_00000000149000000.mp4,97105,motorcycle,1,1796.861,18.0
ch01_00000000149000000.mp4,97161,motorcycle,1,1797.761,13.3
ch01_00000000149000000.mp4,97139,car,2,1797.911,8.8
ch01_00000000149000000.mp4,97174,car,2,1799.061,15.0
ch01_00000000149000000.mp4,97149,car,3,1799.961,9.5
ch01_00000000149000000.mp4,97211,car,2,1801.861,8.4
ch01_00000000149000000.mp4,97615,motorcycle,1,1807.31,15.7
ch01_00000000149000000.mp4,97664,motorcycle,1,1807.66,25.7
ch01_00000000149000000.mp4,97700,motorcycle,1,1809.06,18.9
ch01_00000000149000000.mp4,97743,motorcycle,1,1809.91,18.9
ch01_00000000149000000.mp4,97811,motorcycle,1,1811.86,22.5
ch01_00000000149000000.mp4,97961,motorcycle,1,1814.71,21.2
ch01_00000000149000000.mp4,97882,car,2,1815.01,5.9
ch01_00000000149000000.mp4,97848,car,2,1815.86,9.7
ch01_00000000149000000.mp4,98117,motorcycle,1,1818.16,8.4
ch01_00000000149000000.mp4,98234,car,2,1819.36,9.7
ch01_00000000149000000.mp4,98255,car,2,1820.06,18.0
ch01_00000000149000000.mp4,98427,car,2,1823.31,17.1
ch01_00000000149000000.mp4,98527,motorcycle,1,1826.159,9.0
ch01_00000000149000000.mp4,98718,car,2,1832.559,5.6
ch01_00000000149000000.mp4,99189,motorcycle,1,1845.258,9.7
ch01_00000000149000000.mp4,99369,motorcycle,1,1852.208,36.0
ch01_00000000149000000.mp4,99397,motorcycle,1,1854.108,8.6
ch01_00000000149000000.mp4,99587,motorcycle,1,1859.608,13.8
ch01_00000000149000000.mp4,99643,motorcycle,1,1861.208,36.0
ch01_00000000149000000.mp4,99733,motorcycle,1,1863.757,32.7
ch01_00000000149000000.mp4,99710,motorcycle,1,1864.207,10.9
ch01_00000000149000000.mp4,99749,motorcycle,1,1864.307,36.0
ch01_00000000149000000.mp4,99779,motorcycle,1,1865.407,36.0
ch01_00000000149000000.mp4,99870,motorcycle,1,1868.257,27.7
ch01_00000000149000000.mp4,99922,motorcycle,1,1869.857,30.0
ch01_00000000149000000.mp4,99996,motorcycle,1,1872.107,24.0
ch01_00000000149000000.mp4,100071,motorcycle,1,1873.857,24.0
ch01_00000000149000000.mp4,100095,motorcycle,1,1874.557,32.7
ch01_00000000149000000.mp4,100106,motorcycle,1,1874.907,25.7
ch01_00000000149000000.mp4,100163,car,2,1876.707,20.0
ch01_00000000149000000.mp4,100207,motorcycle,1,1877.757,24.0
ch01_00000000149000000.mp4,100299,motorcycle,1,1879.707,27.7
ch01_00000000149000000.mp4,100359,motorcycle,1,1881.107,27.7
ch01_00000000149000000.mp4,100505,motorcycle,1,1883.857,25.7
ch01_00000000149000000.mp4,100579,motorcycle,1,1884.857,24.0
ch01_00000000149000000.mp4,100593,motorcycle,1,1885.157,30.0
ch01_00000000149000000.mp4,100675,motorcycle,1,1887.256,21.2
ch01_00000000149000000.mp4,100697,car,2,1887.956,25.7
ch01_00000000149000000.mp4,100743,motorcycle,1,1888.656,30.0
ch01_00000000149000000.mp4,100737,motorcycle,1,1889.356,27.7
ch01_00000000149000000.mp4,100825,motorcycle,1,1890.606,27.7
ch01_00000000149000000.mp4,100867,car,2,1891.506,18.9
ch01_00000000149000000.mp4,100870,motorcycle,1,1891.506,24.0
ch01_00000000149000000.mp4,100907,car,2,1892.856,21.2
ch01_00000000149000000.mp4,100863,motorcycle,1,1892.906,12.0
ch01_00000000149000000.mp4,100948,motorcycle,1,1893.506,21.2
ch01_00000000149000000.mp4,101020,car,3,1895.206,18.9
ch01_00000000149000000.mp4,101057,motorcycle,1,1895.606,32.7
ch01_00000000149000000.mp4,101064,car,2,1896.206,21.2
ch01_00000000149000000.mp4,101103,motorcycle,1,1896.456,20.0
ch01_00000000149000000.mp4,101142,car,2,1897.656,18.9
ch01_00000000149000000.mp4,101182,motorcycle,1,1899.656,24.0
ch01_00000000149000000.mp4,101312,motorcycle,1,1901.106,24.0
ch01_00000000149000000.mp4,101331,motorcycle,1,1901.556,25.7
ch01_00000000149000000.mp4,101430,car,2,1904.456,25.7
ch01_00000000149000000.mp4,101458,motorcycle,1,1905.105,25.7
ch01_00000000149000000.mp4,101473,car,2,1906.355,18.9
ch01_00000000149000000.mp4,101495,motorcycle,1,1906.405,25.7
ch01_00000000149000000.mp4,101516,car,2,1907.305,21.2
ch01_00000000149000000.mp4,101580,motorcycle,1,1908.805,21.2
ch01_00000000149000000.mp4,101616,motorcycle,1,1909.505,24.0
ch01_00000000149000000.mp4,101617,motorcycle,1,1909.555,24.0
ch01_00000000149000000.mp4,101632,motorcycle,1,1909.955,25.7
ch01_00000000149000000.mp4,101660,motorcycle,1,1910.305,27.7
ch01_00000000149000000.mp4,101654,car,3,1911.105,24.0
ch01_00000000149000000.mp4,101716,motorcycle,1,1911.905,22.5
ch01_00000000149000000.mp4,101777,motorcycle,1,1912.805,25.7
ch01_00000000149000000.mp4,101817,car,2,1913.905,18.0
ch01_00000000149000000.mp4,102027,car,2,1917.505,21.2
ch01_00000000149000000.mp4,102133,motorcycle,1,1919.255,27.7
ch01_00000000149000000.mp4,102122,car,2,1919.355,20.0
ch01_00000000149000000.mp4,102218,car,2,1921.455,21.2
ch01_00000000149000000.mp4,102254,motorcycle,1,1921.855,30.0
ch01_00000000149000000.mp4,102294,motorcycle,1,1922.955,32.7
ch01_00000000149000000.mp4,102306,motorcycle,1,1922.955,30.0
ch01_00000000149000000.mp4,102326,motorcycle,1,1923.605,36.0
ch01_00000000149000000.mp4,102323,truck,6,1925.054,27.7
ch01_00000000149000000.mp4,102402,motorcycle,1,1926.204,21.2
ch01_00000000149000000.mp4,102357,motorcycle,1,1926.354,13.8
ch01_00000000149000000.mp4,102418,motorcycle,1,1926.604,25.7
ch01_00000000149000000.mp4,102427,car,2,1927.354,16.4
ch01_00000000149000000.mp4,102503,motorcycle,1,1928.604,10.9
ch01_00000000149000000.mp4,102549,truck,4,1929.454,18.0
ch01_00000000149000000.mp4,102619,motorcycle,1,1930.454,21.2
ch01_00000000149000000.mp4,103119,motorcycle,1,1941.054,27.7
ch01_00000000149000000.mp4,103431,motorcycle,1,1949.103,18.9
ch01_00000000149000000.mp4,103564,motorcycle,1,1951.353,36.0
ch01_00000000149000000.mp4,103728,car,2,1955.553,21.2
ch01_00000000149000000.mp4,103847,car,2,1957.553,24.0
ch01_00000000149000000.mp4,103906,motorcycle,1,1959.403,10.9
ch01_00000000149000000.mp4,104059,motorcycle,1,1962.953,22.5
ch01_00000000149000000.mp4,104081,motorcycle,1,1963.553,24.0
ch01_00000000149000000.mp4,104143,motorcycle,1,1965.152,25.7
ch01_00000000149000000.mp4,104441,motorcycle,1,1973.152,24.0
ch01_00000000149000000.mp4,104426,car,2,1973.802,20.0
ch01_00000000149000000.mp4,104646,car,2,1977.652,20.0
ch01_00000000149000000.mp4,105268,motorcycle,1,1993.801,24.0
ch01_00000000149000000.mp4,105384,car,2,1998.101,18.9
ch01_00000000149000000.mp4,105485,motorcycle,1,1999.351,21.2
ch01_00000000149000000.mp4,105518,motorcycle,1,1999.701,22.5
ch01_00000000149000000.mp4,105548,motorcycle,1,2000.301,27.7
ch01_00000000149000000.mp4,105753,motorcycle,1,2005.851,8.0
ch01_00000000149000000.mp4,105892,motorcycle,1,2008.4,32.7
ch01_00000000149000000.mp4,105896,car,2,2009.25,20.0
ch01_00000000149000000.mp4,106014,car,2,2011.7,24.0
ch01_00000000149000000.mp4,106228,motorcycle,1,2015.6,21.2
ch01_00000000149000000.mp4,106469,motorcycle,1,2019.7,45.0
ch01_00000000149000000.mp4,106520,motorcycle,1,2020.55,18.9
ch01_00000000149000000.mp4,106601,motorcycle,1,2022.25,36.0
ch01_00000000149000000.mp4,106594,motorcycle,1,2022.35,16.4
ch01_00000000149000000.mp4,106624,motorcycle,1,2022.8,32.7
ch01_00000000149000000.mp4,106847,motorcycle,1,2026.649,36.0
ch01_00000000149000000.mp4,106876,motorcycle,1,2027.399,32.7
ch01_00000000149000000.mp4,106886,motorcycle,1,2027.399,27.7
ch01_00000000149000000.mp4,106913,motorcycle,1,2028.199,21.2
ch01_00000000149000000.mp4,106937,car,2,2028.849,17.1
ch01_00000000149000000.mp4,107031,motorcycle,1,2030.449,32.7
ch01_00000000149000000.mp4,107146,motorcycle,1,2032.299,24.0
ch01_00000000149000000.mp4,107187,motorcycle,1,2032.949,27.7
ch01_00000000149000000.mp4,107168,car,2,2033.799,20.0
ch01_00000000149000000.mp4,107242,motorcycle,1,2034.349,25.7
ch01_00000000149000000.mp4,107283,motorcycle,1,2034.799,30.0
ch01_00000000149000000.mp4,107271,motorcycle,1,2034.849,24.0
ch01_00000000149000000.mp4,107362,motorcycle,1,2035.949,15.7
ch01_00000000149000000.mp4,107375,motorcycle,1,2036.499,24.0
ch01_00000000149000000.mp4,107447,motorcycle,1,2038.299,10.0
ch01_00000000149000000.mp4,107461,car,2,2038.949,12.9
ch01_00000000149000000.mp4,107676,motorcycle,1,2042.549,25.7
ch01_00000000149000000.mp4,107598,car,2,2042.699,13.8
ch01_00000000149000000.mp4,107768,motorcycle,1,2044.249,30.0
ch01_00000000149000000.mp4,107704,car,2,2045.748,21.2
ch01_00000000149000000.mp4,107871,motorcycle,1,2046.198,22.5
ch01_00000000149000000.mp4,107868,motorcycle,1,2046.848,9.0
ch01_00000000149000000.mp4,108088,car,2,2051.548,13.8
ch01_00000000149000000.mp4,108161,motorcycle,1,2052.748,18.9
ch01_00000000149000000.mp4,108205,car,2,2053.798,14.4
ch01_00000000149000000.mp4,108272,motorcycle,1,2054.848,18.9
ch01_00000000149000000.mp4,108269,motorcycle,1,2055.448,18.9
ch01_00000000149000000.mp4,108372,motorcycle,1,2056.548,18.0
ch01_00000000149000000.mp4,108382,motorcycle,1,2056.898,24.0
ch01_00000000149000000.mp4,108426,motorcycle,1,2057.598,20.0
ch01_00000000149000000.mp4,108436,motorcycle,1,2057.698,24.0
ch01_00000000149000000.mp4,108455,car,2,2058.298,21.2
ch01_00000000149000000.mp4,108493,motorcycle,1,2058.598,20.0
ch01_00000000149000000.mp4,108519,motorcycle,1,2058.998,20.0
ch01_00000000149000000.mp4,108555,motorcycle,1,2059.398,24.0
ch01_00000000149000000.mp4,108599,motorcycle,1,2060.348,10.6
ch01_00000000149000000.mp4,108638,motorcycle,1,2060.648,18.9
ch01_00000000149000000.mp4,108668,car,2,2061.498,20.0
ch01_00000000149000000.mp4,108751,car,2,2062.998,21.2
ch01_00000000149000000.mp4,108778,motorcycle,1,2062.998,32.7
ch01_00000000149000000.mp4,108818,motorcycle,1,2063.498,27.7
ch01_00000000149000000.mp4,108868,motorcycle,1,2064.648,24.0
ch01_00000000149000000.mp4,108889,car,2,2065.448,22.5
ch01_00000000149000000.mp4,108955,motorcycle,1,2066.347,15.7
ch01_00000000149000000.mp4,109023,motorcycle,1,2067.197,24.0
ch01_00000000149000000.mp4,109016,car,3,2067.297,24.0
ch01_00000000149000000.mp4,109064,motorcycle,1,2067.597,25.7
ch01_00000000149000000.mp4,109042,motorcycle,1,2067.997,25.7
ch01_00000000149000000.mp4,109116,motorcycle,1,2068.647,30.0
ch01_00000000149000000.mp4,109124,car,2,2069.347,22.5
ch01_00000000149000000.mp4,109140,motorcycle,1,2069.397,27.7
ch01_00000000149000000.mp4,109049,motorcycle,1,2070.097,24.0
ch01_00000000149000000.mp4,109334,motorcycle,1,2072.447,25.7
ch01_00000000149000000.mp4,109415,motorcycle,1,2073.647,20.0
ch01_00000000149000000.mp4,109439,car,2,2073.947,20.0
ch01_00000000149000000.mp4,109397,motorcycle,1,2074.647,20.0
ch01_00000000149000000.mp4,109502,motorcycle,1,2075.147,25.7
ch01_00000000149000000.mp4,109586,motorcycle,1,2077.197,30.0
ch01_00000000149000000.mp4,110049,motorcycle,1,2086.497,27.7
ch01_00000000149000000.mp4,110050,truck,4,2087.096,24.0
ch01_00000000149000000.mp4,110116,truck,4,2088.596,22.5
ch01_00000000149000000.mp4,110173,motorcycle,1,2089.346,11.3
ch01_00000000149000000.mp4,110251,motorcycle,1,2090.446,36.0
ch01_00000000149000000.mp4,110260,motorcycle,1,2090.546,22.5
ch01_00000000149000000.mp4,110306,motorcycle,1,2091.796,22.5
ch01_00000000149000000.mp4,110329,car,2,2092.346,25.7
ch01_00000000149000000.mp4,110420,motorcycle,1,2093.446,24.0
ch01_00000000149000000.mp4,110552,motorcycle,1,2096.246,22.5
ch01_00000000149000000.mp4,110613,truck,6,2097.946,25.7
ch01_00000000149000000.mp4,110730,motorcycle,1,2100.046,21.2
ch01_00000000149000000.mp4,110761,motorcycle,1,2100.796,25.7
ch01_00000000149000000.mp4,110843,motorcycle,1,2103.296,10.6
ch01_00000000149000000.mp4,110871,motorcycle,1,2104.046,11.6
ch01_00000000149000000.mp4,110911,motorcycle,1,2104.946,17.1
ch01_00000000149000000.mp4,111201,motorcycle,1,2111.695,36.0
ch01_00000000149000000.mp4,111249,motorcycle,1,2112.995,40.0
ch01_00000000149000000.mp4,111263,motorcycle,1,2113.145,36.0
ch01_00000000149000000.mp4,111288,motorcycle,1,2113.845,9.7
ch01_00000000149000000.mp4,111247,motorcycle,1,2114.495,11.6
ch01_00000000149000000.mp4,111339,motorcycle,1,2115.495,9.5
ch01_00000000149000000.mp4,111460,motorcycle,1,2117.295,25.7
ch01_00000000149000000.mp4,111570,motorcycle,1,2119.995,9.0
ch01_00000000149000000.mp4,111689,motorcycle,1,2123.245,7.2
ch01_00000000149000000.mp4,111735,car,2,2125.445,9.5
ch01_00000000149000000.mp4,111933,truck,4,2128.594,20.0
ch01_00000000149000000.mp4,112061,car,2,2132.194,6.9
ch01_00000000149000000.mp4,112163,motorcycle,1,2135.894,16.4
ch01_00000000149000000.mp4,112280,motorcycle,1,2137.794,17.1
ch01_00000000149000000.mp4,112307,motorcycle,1,2138.544,18.9
ch01_00000000149000000.mp4,112471,motorcycle,1,2142.894,10.9
ch01_00000000149000000.mp4,112534,motorcycle,1,2143.644,11.3
ch01_00000000149000000.mp4,112659,motorcycle,1,2145.994,22.5
ch01_00000000149000000.mp4,112911,car,2,2151.143,22.5
ch01_00000000149000000.mp4,113125,car,2,2157.643,21.2
ch01_00000000149000000.mp4,113271,motorcycle,1,2161.593,15.0
ch01_00000000149000000.mp4,113291,motorcycle,1,2162.243,9.7
ch01_00000000149000000.mp4,113345,motorcycle,1,2162.993,10.6
ch01_00000000149000000.mp4,113361,motorcycle,1,2163.693,15.0
ch01_00000000149000000.mp4,113467,motorcycle,1,2167.443,9.2
ch01_00000000149000000.mp4,113950,motorcycle,1,2178.992,32.7
ch01_00000000149000000.mp4,114039,motorcycle,1,2180.492,32.7
ch01_00000000149000000.mp4,113966,motorcycle,1,2180.742,20.0
ch01_00000000149000000.mp4,114115,car,2,2183.092,25.7
ch01_00000000149000000.mp4,114132,motorcycle,1,2183.442,30.0
ch01_00000000149000000.mp4,114163,motorcycle,1,2183.792,13.3
ch01_00000000149000000.mp4,114180,motorcycle,1,2183.792,30.0
ch01_00000000149000000.mp4,114159,motorcycle,1,2184.442,30.0
ch01_00000000149000000.mp4,114273,motorcycle,1,2186.091,32.7
ch01_00000000149000000.mp4,114325,motorcycle,1,2186.941,30.0
ch01_00000000149000000.mp4,114319,motorcycle,1,2187.041,32.7
ch01_00000000149000000.mp4,114336,motorcycle,1,2187.441,25.7
ch01_00000000149000000.mp4,114396,motorcycle,1,2188.291,27.7
ch01_00000000149000000.mp4,114315,motorcycle,1,2188.941,27.7
ch01_00000000149000000.mp4,114415,motorcycle,1,2189.291,24.0
ch01_00000000149000000.mp4,114611,motorcycle,1,2193.241,22.5
ch01_00000000149000000.mp4,114577,motorcycle,1,2193.791,10.9
ch01_00000000149000000.mp4,114668,motorcycle,1,2194.191,27.7
ch01_00000000149000000.mp4,114733,motorcycle,1,2194.991,32.7
ch01_00000000149000000.mp4,114803,motorcycle,1,2196.541,22.5
ch01_00000000149000000.mp4,114851,motorcycle,1,2197.391,5.5
ch01_00000000149000000.mp4,114861,motorcycle,1,2197.591,27.7
ch01_00000000149000000.mp4,114971,motorcycle,1,2199.241,24.0
ch01_00000000149000000.mp4,114882,motorcycle,1,2199.341,24.0
ch01_00000000149000000.mp4,114873,car,2,2199.641,7.5
ch01_00000000149000000.mp4,114824,motorcycle,1,2199.691,22.5
ch01_00000000149000000.mp4,115064,motorcycle,1,2200.891,24.0
ch01_00000000149000000.mp4,115089,motorcycle,1,2201.291,25.7
ch01_00000000149000000.mp4,115247,motorcycle,1,2203.941,21.2
ch01_00000000149000000.mp4,115274,motorcycle,1,2204.591,25.7
ch01_00000000149000000.mp4,115280,motorcycle,1,2204.941,20.0
ch01_00000000149000000.mp4,115332,motorcycle,1,2205.691,30.0
ch01_00000000149000000.mp4,115377,motorcycle,1,2206.59,25.7
ch01_00000000149000000.mp4,115415,motorcycle,1,2207.691,7.8
ch01_00000000149000000.mp4,115522,motorcycle,1,2209.44,24.0
ch01_00000000149000000.mp4,115516,car,2,2209.84,17.1
ch01_00000000149000000.mp4,115544,motorcycle,1,2209.89,27.7
ch01_00000000149000000.mp4,115576,motorcycle,1,2210.49,20.0
ch01_00000000149000000.mp4,115589,car,2,2211.19,21.2
ch01_00000000149000000.mp4,115653,motorcycle,1,2211.79,25.7
ch01_00000000149000000.mp4,115755,car,3,2214.04,25.7
ch01_00000000149000000.mp4,115804,motorcycle,1,2215.04,27.7
ch01_00000000149000000.mp4,115811,motorcycle,1,2215.09,25.7
ch01_00000000149000000.mp4,115830,motorcycle,1,2215.49,27.7
ch01_00000000149000000.mp4,115873,motorcycle,1,2216.24,27.7
ch01_00000000149000000.mp4,116008,motorcycle,1,2218.39,27.7
ch01_00000000149000000.mp4,116052,car,2,2219.19,24.0
ch01_00000000149000000.mp4,116103,motorcycle,1,2219.89,22.5
ch01_00000000149000000.mp4,116338,motorcycle,1,2223.79,36.0
ch01_00000000149000000.mp4,116346,motorcycle,1,2224.09,25.7
ch01_00000000149000000.mp4,116386,motorcycle,1,2224.84,30.0
ch01_00000000149000000.mp4,116424,motorcycle,1,2225.74,36.0
ch01_00000000149000000.mp4,116433,truck,6,2226.59,20.0
ch01_00000000149000000.mp4,116537,motorcycle,1,2227.84,36.0
ch01_00000000149000000.mp4,116589,car,2,2229.189,21.2
ch01_00000000149000000.mp4,116706,motorcycle,1,2230.789,27.7
ch01_00000000149000000.mp4,116767,motorcycle,1,2232.139,25.7
ch01_00000000149000000.mp4,116832,truck,4,2233.839,32.7
ch01_00000000149000000.mp4,116871,car,3,2236.139,4.9
ch01_00000000149000000.mp4,117038,motorcycle,1,2237.639,25.7
ch01_00000000149000000.mp4,117071,truck,6,2239.089,17.1
ch01_00000000149000000.mp4,117089,motorcycle,1,2239.089,14.4
ch01_00000000149000000.mp4,116975,motorcycle,1,2242.139,8.0
ch01_00000000149000000.mp4,117248,motorcycle,1,2243.589,18.9
ch01_00000000149000000.mp4,117259,motorcycle,1,2243.889,21.2
ch01_00000000149000000.mp4,117325,motorcycle,1,2244.889,20.0
ch01_00000000149000000.mp4,117298,car,2,2245.239,18.9
ch01_00000000149000000.mp4,117371,motorcycle,1,2245.889,21.2
ch01_00000000149000000.mp4,117457,motorcycle,1,2247.488,25.7
ch01_00000000149000000.mp4,117494,car,2,2248.838,10.9
ch01_00000000149000000.mp4,117540,car,2,2250.738,11.3
ch01_00000000149000000.mp4,117765,motorcycle,1,2253.338,27.7
ch01_00000000149000000.mp4,117930,motorcycle,1,2256.938,15.7
ch01_00000000149000000.mp4,118003,motorcycle,1,2258.488,24.0
ch01_00000000149000000.mp4,118022,motorcycle,1,2259.188,27.7
ch01_00000000149000000.mp4,118066,motorcycle,1,2260.438,32.7
ch01_00000000149000000.mp4,118132,car,2,2261.988,18.9
ch01_00000000149000000.mp4,118220,car,2,2263.638,22.5
ch01_00000000149000000.mp4,118382,car,2,2265.938,17.1
ch01_00000000149000000.mp4,118501,motorcycle,1,2268.937,18.0
ch01_00000000149000000.mp4,118462,truck,6,2269.637,18.9
ch01_00000000149000000.mp4,118639,motorcycle,1,2271.837,32.7
ch01_00000000149000000.mp4,118745,motorcycle,1,2275.087,21.2
ch01_00000000149000000.mp4,118787,motorcycle,1,2275.937,30.0
ch01_00000000149000000.mp4,118901,car,2,2279.637,11.6
ch01_00000000149000000.mp4,119124,car,2,2288.486,9.5
ch01_00000000149000000.mp4,119519,motorcycle,1,2292.686,14.4
ch01_00000000149000000.mp4,119724,car,2,2296.336,27.7
ch01_00000000149000000.mp4,121073,motorcycle,1,2329.484,24.0
ch01_00000000149000000.mp4,121328,motorcycle,1,2336.984,32.7
ch01_00000000149000000.mp4,121343,motorcycle,1,2337.484,32.7
ch01_00000000149000000.mp4,121398,motorcycle,1,2338.784,36.0
ch01_00000000149000000.mp4,121440,motorcycle,1,2339.634,30.0
ch01_00000000149000000.mp4,121524,motorcycle,1,2341.534,40.0
ch01_00000000149000000.mp4,121562,motorcycle,1,2342.234,30.0
ch01_00000000149000000.mp4,121617,motorcycle,1,2343.934,14.4
ch01_00000000149000000.mp4,121684,motorcycle,1,2345.484,30.0
ch01_00000000149000000.mp4,121799,motorcycle,1,2347.934,25.7
ch01_00000000149000000.mp4,121821,car,2,2348.834,18.0
ch01_00000000149000000.mp4,121881,motorcycle,1,2349.883,24.0
ch01_00000000149000000.mp4,121852,motorcycle,1,2349.933,27.7
ch01_00000000149000000.mp4,121849,motorcycle,1,2350.333,25.7
ch01_00000000149000000.mp4,122027,motorcycle,1,2351.983,32.7
ch01_00000000149000000.mp4,122041,motorcycle,1,2352.533,30.0
ch01_00000000149000000.mp4,122083,motorcycle,1,2353.333,24.0
ch01_00000000149000000.mp4,122105,motorcycle,1,2354.133,25.7
ch01_00000000149000000.mp4,122124,motorcycle,1,2354.683,25.7
ch01_00000000149000000.mp4,122150,motorcycle,1,2355.033,27.7
ch01_00000000149000000.mp4,122195,motorcycle,1,2356.083,18.9
ch01_00000000149000000.mp4,122287,motorcycle,1,2358.433,22.5
ch01_00000000149000000.mp4,122312,motorcycle,1,2359.083,22.5
ch01_00000000149000000.mp4,122350,motorcycle,1,2359.883,20.0
ch01_00000000149000000.mp4,122367,motorcycle,1,2360.133,25.7
ch01_00000000149000000.mp4,122344,truck,6,2360.283,21.2
ch01_00000000149000000.mp4,122477,motorcycle,1,2362.333,24.0
ch01_00000000149000000.mp4,122470,motorcycle,1,2362.333,14.4
ch01_00000000149000000.mp4,122583,car,2,2364.533,22.5
ch01_00000000149000000.mp4,122751,car,2,2367.633,22.5
ch01_00000000149000000.mp4,122788,motorcycle,1,2368.932,17.1
ch01_00000000149000000.mp4,122860,motorcycle,1,2370.632,25.7
ch01_00000000149000000.mp4,122873,car,2,2371.132,18.9
ch01_00000000149000000.mp4,122879,motorcycle,1,2371.632,16.4
ch01_00000000149000000.mp4,122941,motorcycle,1,2373.182,21.2
ch01_00000000149000000.mp4,123001,motorcycle,1,2374.182,22.5
ch01_00000000149000000.mp4,122994,car,3,2374.232,22.5
ch01_00000000149000000.mp4,123043,car,3,2375.682,18.9
ch01_00000000149000000.mp4,123051,car,2,2376.032,22.5
ch01_00000000149000000.mp4,123107,motorcycle,1,2376.682,21.2
ch01_00000000149000000.mp4,123091,motorcycle,1,2376.782,21.2
ch01_00000000149000000.mp4,123105,motorcycle,1,2377.432,9.5
ch01_00000000149000000.mp4,123161,motorcycle,1,2378.132,24.0
ch01_00000000149000000.mp4,123208,car,2,2379.432,16.4
ch01_00000000149000000.mp4,123331,motorcycle,1,2381.832,16.4
ch01_00000000149000000.mp4,123414,car,2,2383.282,17.1
ch01_00000000149000000.mp4,123532,motorcycle,1,2385.532,21.2
ch01_00000000149000000.mp4,123554,truck,4,2386.632,21.2
ch01_00000000149000000.mp4,123663,motorcycle,1,2389.381,27.7
ch01_00000000149000000.mp4,123682,motorcycle,1,2390.681,22.5
ch01_00000000149000000.mp4,123721,motorcycle,1,2391.531,30.0
ch01_00000000149000000.mp4,123811,motorcycle,1,2393.681,24.0
ch01_00000000149000000.mp4,123851,motorcycle,1,2394.981,27.7
ch01_00000000149000000.mp4,123876,motorcycle,1,2395.931,21.2
ch01_00000000149000000.mp4,123973,motorcycle,1,2397.681,24.0
ch01_00000000149000000.mp4,124004,motorcycle,1,2398.281,27.7
ch01_00000000149000000.mp4,123977,truck,6,2399.331,18.0
ch01_00000000149000000.mp4,124182,bus,5,2404.031,21.2
ch01_00000000149000000.mp4,124239,motorcycle,1,2404.781,16.4
ch01_00000000149000000.mp4,124280,motorcycle,1,2405.281,24.0
ch01_00000000149000000.mp4,124346,car,2,2406.781,18.0
ch01_00000000149000000.mp4,124388,motorcycle,1,2407.281,22.5
ch01_00000000149000000.mp4,124426,motorcycle,1,2407.731,25.7
ch01_00000000149000000.mp4,124430,motorcycle,1,2408.081,20.0
ch01_00000000149000000.mp4,124407,motorcycle,1,2408.78,21.2
ch01_00000000149000000.mp4,124513,motorcycle,1,2409.53,24.0
ch01_00000000149000000.mp4,124519,car,2,2410.13,18.0
ch01_00000000149000000.mp4,124598,motorcycle,1,2411.23,22.5
ch01_00000000149000000.mp4,124640,motorcycle,1,2411.83,20.0
ch01_00000000149000000.mp4,124664,motorcycle,1,2412.63,22.5
ch01_00000000149000000.mp4,124681,motorcycle,1,2412.83,25.7
ch01_00000000149000000.mp4,124625,truck,4,2413.08,18.0
ch01_00000000149000000.mp4,124700,motorcycle,1,2413.73,22.5
ch01_00000000149000000.mp4,124729,car,2,2414.68,17.1
ch01_00000000149000000.mp4,124827,car,2,2416.88,18.0
ch01_00000000149000000.mp4,124920,motorcycle,1,2417.78,24.0
ch01_00000000149000000.mp4,125078,truck,6,2420.53,21.2
ch01_00000000149000000.mp4,125119,car,3,2421.33,21.2
ch01_00000000149000000.mp4,125203,car,2,2422.88,21.2
ch01_00000000149000000.mp4,125280,car,2,2423.83,18.0
ch01_00000000149000000.mp4,125419,motorcycle,1,2425.73,20.0
ch01_00000000149000000.mp4,125460,car,2,2425.93,18.9
ch01_00000000149000000.mp4,125482,motorcycle,1,2426.63,21.2
ch01_00000000149000000.mp4,125484,motorcycle,1,2426.78,13.8
ch01_00000000149000000.mp4,125515,motorcycle,1,2427.18,20.0
ch01_00000000149000000.mp4,125441,motorcycle,1,2427.23,24.0
ch01_00000000149000000.mp4,125607,car,2,2428.579,21.2
ch01_00000000149000000.mp4,125816,truck,4,2432.079,20.0
ch01_00000000149000000.mp4,125856,motorcycle,1,2432.929,21.2
ch01_00000000149000000.mp4,125902,motorcycle,1,2433.479,21.2
ch01_00000000149000000.mp4,125912,car,2,2435.779,10.3
ch01_00000000149000000.mp4,126042,motorcycle,1,2436.629,11.3
ch01_00000000149000000.mp4,126048,motorcycle,1,2436.979,12.4
ch01_00000000149000000.mp4,126122,motorcycle,1,2438.029,17.1
ch01_00000000149000000.mp4,126366,motorcycle,1,2445.129,20.0
ch01_00000000149000000.mp4,126488,car,2,2447.729,21.2
ch01_00000000149000000.mp4,126849,motorcycle,1,2455.078,24.0
ch01_00000000149000000.mp4,126918,motorcycle,1,2456.928,22.5
ch01_00000000149000000.mp4,127006,motorcycle,1,2461.828,8.4
ch01_00000000149000000.mp4,127383,motorcycle,1,2467.328,7.8
ch01_00000000149000000.mp4,127633,car,2,2473.627,18.0
ch01_00000000149000000.mp4,127667,motorcycle,1,2477.027,11.3
ch01_00000000149000000.mp4,127838,car,2,2477.577,14.4
ch01_00000000149000000.mp4,127892,motorcycle,1,2477.927,13.8
ch01_00000000149000000.mp4,128291,motorcycle,1,2485.777,36.0
ch01_00000000149000000.mp4,128308,motorcycle,1,2485.977,21.2
ch01_00000000149000000.mp4,128441,motorcycle,1,2489.776,17.1
ch01_00000000149000000.mp4,128585,motorcycle,1,2492.726,11.3
ch01_00000000149000000.mp4,128699,motorcycle,1,2494.376,32.7
ch01_00000000149000000.mp4,128693,motorcycle,1,2495.476,36.0
ch01_00000000149000000.mp4,128753,motorcycle,1,2495.776,36.0
ch01_00000000149000000.mp4,128815,motorcycle,1,2497.876,10.6
ch01_00000000149000000.mp4,128871,motorcycle,1,2498.526,30.0
ch01_00000000149000000.mp4,128968,car,2,2500.226,14.4
ch01_00000000149000000.mp4,129021,car,2,2501.776,13.8
ch01_00000000149000000.mp4,129071,car,2,2503.626,13.3
ch01_00000000149000000.mp4,129241,motorcycle,1,2504.776,30.0
ch01_00000000149000000.mp4,129337,motorcycle,1,2506.276,30.0
ch01_00000000149000000.mp4,129351,motorcycle,1,2507.226,18.0
ch01_00000000149000000.mp4,129374,car,2,2508.075,18.0
ch01_00000000149000000.mp4,129504,motorcycle,1,2509.675,22.5
ch01_00000000149000000.mp4,129541,motorcycle,1,2510.075,22.5
ch01_00000000149000000.mp4,129579,motorcycle,1,2510.725,25.7
ch01_00000000149000000.mp4,129603,motorcycle,1,2511.275,24.0
ch01_00000000149000000.mp4,129626,motorcycle,1,2511.325,27.7
ch01_00000000149000000.mp4,129633,motorcycle,1,2512.025,22.5
ch01_00000000149000000.mp4,129675,motorcycle,1,2512.375,25.7
ch01_00000000149000000.mp4,129740,motorcycle,1,2513.575,25.7
ch01_00000000149000000.mp4,129787,motorcycle,1,2514.475,22.5
ch01_00000000149000000.mp4,129877,motorcycle,1,2516.325,20.0
ch01_00000000149000000.mp4,130010,motorcycle,1,2519.375,40.0
ch01_00000000149000000.mp4,130011,motorcycle,1,2519.475,24.0
ch01_00000000149000000.mp4,130047,motorcycle,1,2519.825,24.0
ch01_00000000149000000.mp4,130019,motorcycle,1,2520.875,25.7
ch01_00000000149000000.mp4,130033,motorcycle,1,2521.075,22.5
ch01_00000000149000000.mp4,130146,motorcycle,1,2521.625,22.5
ch01_00000000149000000.mp4,130205,motorcycle,1,2522.275,24.0
ch01_00000000149000000.mp4,130193,motorcycle,1,2522.375,18.9
ch01_00000000149000000.mp4,130264,motorcycle,1,2523.175,22.5
ch01_00000000149000000.mp4,130253,motorcycle,1,2523.475,25.7
ch01_00000000149000000.mp4,130397,motorcycle,1,2525.175,25.7
ch01_00000000149000000.mp4,130404,car,2,2525.725,18.9
ch01_00000000149000000.mp4,130463,motorcycle,1,2526.625,21.2
ch01_00000000149000000.mp4,130471,motorcycle,1,2527.025,9.2
ch01_00000000149000000.mp4,130486,motorcycle,1,2527.425,21.2
ch01_00000000149000000.mp4,130498,motorcycle,1,2527.725,24.0
ch01_00000000149000000.mp4,130568,motorcycle,1,2528.925,22.5
ch01_00000000149000000.mp4,130667,truck,6,2531.824,20.0
ch01_00000000149000000.mp4,130699,motorcycle,1,2531.824,24.0
ch01_00000000149000000.mp4,130736,motorcycle,1,2532.574,25.7
ch01_00000000149000000.mp4,130737,car,2,2533.024,20.0
ch01_00000000149000000.mp4,130793,motorcycle,1,2533.724,20.0
ch01_00000000149000000.mp4,130835,car,2,2534.674,21.2
ch01_00000000149000000.mp4,130865,motorcycle,1,2535.324,21.2
ch01_00000000149000000.mp4,130914,motorcycle,1,2536.474,18.9
ch01_00000000149000000.mp4,131023,motorcycle,1,2538.624,24.0
ch01_00000000149000000.mp4,131037,car,2,2539.424,18.9
ch01_00000000149000000.mp4,131071,motorcycle,1,2539.974,24.0
ch01_00000000149000000.mp4,131066,motorcycle,1,2540.074,18.0
ch01_00000000149000000.mp4,131098,motorcycle,1,2540.824,20.0
ch01_00000000149000000.mp4,131117,car,2,2541.574,15.7
ch01_00000000149000000.mp4,131144,motorcycle,1,2541.774,21.2
ch01_00000000149000000.mp4,131171,car,2,2542.574,18.0
ch01_00000000149000000.mp4,131215,motorcycle,1,2543.474,21.2
ch01_00000000149000000.mp4,131300,motorcycle,1,2545.574,10.6
ch01_00000000149000000.mp4,131412,motorcycle,1,2548.423,24.0
ch01_00000000149000000.mp4,131450,motorcycle,1,2548.724,24.0
ch01_00000000149000000.mp4,131578,motorcycle,1,2552.873,21.2
ch01_00000000149000000.mp4,131604,motorcycle,1,2553.723,21.2
ch01_00000000149000000.mp4,131618,motorcycle,1,2554.323,21.2
ch01_00000000149000000.mp4,131631,motorcycle,1,2554.423,21.2
ch01_00000000149000000.mp4,131655,motorcycle,1,2554.873,22.5
ch01_00000000149000000.mp4,131686,motorcycle,1,2555.823,18.9
ch01_00000000149000000.mp4,131694,motorcycle,1,2556.023,20.0
ch01_00000000149000000.mp4,131613,car,2,2556.323,13.8
ch01_00000000149000000.mp4,131732,motorcycle,1,2556.623,32.7
ch01_00000000149000000.mp4,131751,motorcycle,1,2557.473,20.0
ch01_00000000149000000.mp4,131779,motorcycle,1,2558.423,25.7
ch01_00000000149000000.mp4,131800,motorcycle,1,2558.723,30.0
ch01_00000000149000000.mp4,131799,motorcycle,1,2558.923,24.0
ch01_00000000149000000.mp4,131815,motorcycle,1,2559.423,27.7
ch01_00000000149000000.mp4,131829,car,2,2559.873,14.4
ch01_00000000149000000.mp4,131862,motorcycle,1,2560.323,32.7
ch01_00000000149000000.mp4,131877,car,2,2561.623,13.3
ch01_00000000149000000.mp4,131897,motorcycle,1,2561.673,30.0
ch01_00000000149000000.mp4,131969,car,2,2563.973,14.4
ch01_00000000149000000.mp4,131972,motorcycle,1,2563.973,24.0
ch01_00000000149000000.mp4,131993,motorcycle,1,2564.623,27.7
ch01_00000000149000000.mp4,132001,motorcycle,1,2565.073,27.7
ch01_00000000149000000.mp4,132034,motorcycle,1,2565.723,25.7
ch01_00000000149000000.mp4,132050,car,2,2566.323,18.9
ch01_00000000149000000.mp4,132080,motorcycle,1,2566.823,27.7
ch01_00000000149000000.mp4,132083,truck,6,2568.023,22.5
ch01_00000000149000000.mp4,132215,car,2,2570.922,21.2
ch01_00000000149000000.mp4,132309,motorcycle,1,2572.972,21.2
ch01_00000000149000000.mp4,132302,car,2,2573.022,18.9
ch01_00000000149000000.mp4,132374,car,2,2574.872,17.1
ch01_00000000149000000.mp4,132424,truck,4,2575.822,27.7
ch01_00000000149000000.mp4,132502,motorcycle,1,2577.722,20.0
ch01_00000000149000000.mp4,132537,motorcycle,1,2578.072,22.5
ch01_00000000149000000.mp4,132574,motorcycle,1,2579.072,25.7
ch01_00000000149000000.mp4,132667,car,2,2581.772,30.0
ch01_00000000149000000.mp4,132776,car,2,2584.472,27.7
ch01_00000000149000000.mp4,132798,motorcycle,1,2585.122,25.7
ch01_00000000149000000.mp4,132821,motorcycle,1,2585.772,25.7
ch01_00000000149000000.mp4,132858,motorcycle,1,2586.722,20.0
ch01_00000000149000000.mp4,132909,car,2,2588.822,24.0
ch01_00000000149000000.mp4,133582,motorcycle,1,2606.471,20.0
ch01_00000000149000000.mp4,133643,motorcycle,1,2606.821,22.5
ch01_00000000149000000.mp4,133621,motorcycle,1,2606.871,9.2
ch01_00000000149000000.mp4,133691,motorcycle,1,2608.321,24.0
ch01_00000000149000000.mp4,133751,motorcycle,1,2610.87,10.6
ch01_00000000149000000.mp4,133940,motorcycle,1,2616.42,22.5
