sequence_no,track_id,vehicle_class,detected_label,vehicle_type_code,vehicle_type_label,golongan_code,golongan_label,source_label,count_line_order,count_line_name,direction,crossed_at_seconds,crossed_at_frame,confidence,video_id,site_id,site_code,site_name,location_description,latitude,longitude,analysis_job_id,video_filename,recorded_at
1,138,truck,4pickupmicro,4PickupMicro,Pickup / Micro Truck,4,Pickup / micro truck / delivery,4PickupMicro,2,Line 2,opposite,8.6667,260,0.5266,142174c2-beba-409e-b25c-3c2882bce06f,e2b5d1af-611f-418e-93d3-019b7b7ef4af,123,lembang,cikatomas pakidulan joszzz,,,20a73ac2-f227-44a5-9e29-bc90a26d22a2,19.00 - 20.00.mp4,
2,357,truck,6tr_2sumbu,6TR_2sumbu,2-Axle Truck (Jumbo),6,2-Axle Truck,6TR_2sumbu,2,Line 2,opposite,16.2333,487,0.4576,142174c2-beba-409e-b25c-3c2882bce06f,e2b5d1af-611f-418e-93d3-019b7b7ef4af,123,lembang,cikatomas pakidulan joszzz,,,20a73ac2-f227-44a5-9e29-bc90a26d22a2,19.00 - 20.00.mp4,
3,376,car,2mobil,2mobil,Car / Sedan,2,Sedan / jeep / station wagon,2mobil,2,Line 2,opposite,16.4667,494,0.6724,142174c2-beba-409e-b25c-3c2882bce06f,e2b5d1af-611f-418e-93d3-019b7b7ef4af,123,lembang,cikatomas pakidulan joszzz,,,20a73ac2-f227-44a5-9e29-bc90a26d22a2,19.00 - 20.00.mp4,
4,435,car,2mobil,2mobil,Car / Sedan,2,Sedan / jeep / station wagon,2mobil,2,Line 2,opposite,18.9667,569,0.4395,142174c2-beba-409e-b25c-3c2882bce06f,e2b5d1af-611f-418e-93d3-019b7b7ef4af,123,lembang,cikatomas pakidulan joszzz,,,20a73ac2-f227-44a5-9e29-bc90a26d22a2,19.00 - 20.00.mp4,
5,548,car,2mobil,2mobil,Car / Sedan,2,Sedan / jeep / station wagon,2mobil,2,Line 2,opposite,22.1,663,0.8283,142174c2-beba-409e-b25c-3c2882bce06f,e2b5d1af-611f-418e-93d3-019b7b7ef4af,123,lembang,cikatomas pakidulan joszzz,,,20a73ac2-f227-44a5-9e29-bc90a26d22a2,19.00 - 20.00.mp4,
6,950,truck,6tr_2sumbu,6TR_2sumbu,2-Axle Truck (Jumbo),6,2-Axle Truck,6TR_2sumbu,2,Line 2,opposite,39.2,1176,0.7916,142174c2-beba-409e-b25c-3c2882bce06f,e2b5d1af-611f-418e-93d3-019b7b7ef4af,123,lembang,cikatomas pakidulan joszzz,,,20a73ac2-f227-44a5-9e29-bc90a26d22a2,19.00 - 20.00.mp4,
7,1066,bus,5bus,5Bus,Bus,5,Bus,5Bus,2,Line 2,opposite,42.7667,1283,0.6656,142174c2-beba-409e-b25c-3c2882bce06f,e2b5d1af-611f-418e-93d3-019b7b7ef4af,123,lembang,cikatomas pakidulan joszzz,,,20a73ac2-f227-44a5-9e29-bc90a26d22a2,19.00 - 20.00.mp4,
8,1189,bus,5bus,5Bus,Bus,5,Bus,5Bus,2,Line 2,normal,46.1,1383,0.8374,142174c2-beba-409e-b25c-3c2882bce06f,e2b5d1af-611f-418e-93d3-019b7b7ef4af,123,lembang,cikatomas pakidulan joszzz,,,20a73ac2-f227-44a5-9e29-bc90a26d22a2,19.00 - 20.00.mp4,
9,1318,truck,6tr_2sumbu,6TR_2sumbu,2-Axle Truck (Jumbo),6,2-Axle Truck,6TR_2sumbu,2,Line 2,normal,51.2667,1538,0.511,142174c2-beba-409e-b25c-3c2882bce06f,e2b5d1af-611f-418e-93d3-019b7b7ef4af,123,lembang,cikatomas pakidulan joszzz,,,20a73ac2-f227-44a5-9e29-bc90a26d22a2,19.00 - 20.00.mp4,
10,1426,truck,6tr_2sumbu,6TR_2sumbu,2-Axle Truck (Jumbo),6,2-Axle Truck,6TR_2sumbu,2,Line 2,normal,54.2667,1628,0.6225,142174c2-beba-409e-b25c-3c2882bce06f,e2b5d1af-611f-418e-93d3-019b7b7ef4af,123,lembang,cikatomas pakidulan joszzz,,,20a73ac2-f227-44a5-9e29-bc90a26d22a2,19.00 - 20.00.mp4,
11,1670,truck,4pickupmicro,4PickupMicro,Pickup / Micro Truck,4,Pickup / micro truck / delivery,4PickupMicro,2,Line 2,opposite,64.4333,1933,0.8176,142174c2-beba-409e-b25c-3c2882bce06f,e2b5d1af-611f-418e-93d3-019b7b7ef4af,123,lembang,cikatomas pakidulan joszzz,,,20a73ac2-f227-44a5-9e29-bc90a26d22a2,19.00 - 20.00.mp4,
12,1679,truck,6tr_2sumbu,6TR_2sumbu,2-Axle Truck (Jumbo),6,2-Axle Truck,6TR_2sumbu,2,Line 2,opposite,65.0667,1952,0.7165,142174c2-beba-409e-b25c-3c2882bce06f,e2b5d1af-611f-418e-93d3-019b7b7ef4af,123,lembang,cikatomas pakidulan joszzz,,,20a73ac2-f227-44a5-9e29-bc90a26d22a2,19.00 - 20.00.mp4,
13,1696,truck,6tr_2sumbu,6TR_2sumbu,2-Axle Truck (Jumbo),6,2-Axle Truck,6TR_2sumbu,2,Line 2,opposite,66.8667,2006,0.6461,142174c2-beba-409e-b25c-3c2882bce06f,e2b5d1af-611f-418e-93d3-019b7b7ef4af,123,lembang,cikatomas pakidulan joszzz,,,20a73ac2-f227-44a5-9e29-bc90a26d22a2,19.00 - 20.00.mp4,
14,1807,car,2mobil,2mobil,Car / Sedan,2,Sedan / jeep / station wagon,2mobil,2,Line 2,opposite,68.6333,2059,0.676,142174c2-beba-409e-b25c-3c2882bce06f,e2b5d1af-611f-418e-93d3-019b7b7ef4af,123,lembang,cikatomas pakidulan joszzz,,,20a73ac2-f227-44a5-9e29-bc90a26d22a2,19.00 - 20.00.mp4,
15,2071,car,2mobil,2mobil,Car / Sedan,2,Sedan / jeep / station wagon,2mobil,2,Line 2,normal,76.1333,2284,0.7927,142174c2-beba-409e-b25c-3c2882bce06f,e2b5d1af-611f-418e-93d3-019b7b7ef4af,123,lembang,cikatomas pakidulan joszzz,,,20a73ac2-f227-44a5-9e29-bc90a26d22a2,19.00 - 20.00.mp4,
16,2011,truck,6tr_2sumbu,6TR_2sumbu,2-Axle Truck (Jumbo),6,2-Axle Truck,6TR_2sumbu,2,Line 2,opposite,76.3667,2291,0.4778,142174c2-beba-409e-b25c-3c2882bce06f,e2b5d1af-611f-418e-93d3-019b7b7ef4af,123,lembang,cikatomas pakidulan joszzz,,,20a73ac2-f227-44a5-9e29-bc90a26d22a2,19.00 - 20.00.mp4,
17,2118,car,2mobil,2mobil,Car / Sedan,2,Sedan / jeep / station wagon,2mobil,2,Line 2,normal,77.7667,2333,0.6757,142174c2-beba-409e-b25c-3c2882bce06f,e2b5d1af-611f-418e-93d3-019b7b7ef4af,123,lembang,cikatomas pakidulan joszzz,,,20a73ac2-f227-44a5-9e29-bc90a26d22a2,19.00 - 20.00.mp4,
18,2116,truck,6tr_2sumbu,6TR_2sumbu,2-Axle Truck (Jumbo),6,2-Axle Truck,6TR_2sumbu,2,Line 2,opposite,79.0333,2371,0.8717,142174c2-beba-409e-b25c-3c2882bce06f,e2b5d1af-611f-418e-93d3-019b7b7ef4af,123,lembang,cikatomas pakidulan joszzz,,,20a73ac2-f227-44a5-9e29-bc90a26d22a2,19.00 - 20.00.mp4,
19,2171,truck,4pickupmicro,4PickupMicro,Pickup / Micro Truck,4,Pickup / micro truck / delivery,4PickupMicro,2,Line 2,normal,79.9,2397,0.8055,142174c2-beba-409e-b25c-3c2882bce06f,e2b5d1af-611f-418e-93d3-019b7b7ef4af,123,lembang,cikatomas pakidulan joszzz,,,20a73ac2-f227-44a5-9e29-bc90a26d22a2,19.00 - 20.00.mp4,
20,2496,car,2mobil,2mobil,Car / Sedan,2,Sedan / jeep / station wagon,2mobil,2,Line 2,normal,89.4667,2684,0.4415,142174c2-beba-409e-b25c-3c2882bce06f,e2b5d1af-611f-418e-93d3-019b7b7ef4af,123,lembang,cikatomas pakidulan joszzz,,,20a73ac2-f227-44a5-9e29-bc90a26d22a2,19.00 - 20.00.mp4,
21,2480,car,2mobil,2mobil,Car / Sedan,2,Sedan / jeep / station wagon,2mobil,2,Line 2,opposite,89.8,2694,0.7439,142174c2-beba-409e-b25c-3c2882bce06f,e2b5d1af-611f-418e-93d3-019b7b7ef4af,123,lembang,cikatomas pakidulan joszzz,,,20a73ac2-f227-44a5-9e29-bc90a26d22a2,19.00 - 20.00.mp4,
22,2500,car,2mobil,2mobil,Car / Sedan,2,Sedan / jeep / station wagon,2mobil,2,Line 2,opposite,90.4333,2713,0.8287,142174c2-beba-409e-b25c-3c2882bce06f,e2b5d1af-611f-418e-93d3-019b7b7ef4af,123,lembang,cikatomas pakidulan joszzz,,,20a73ac2-f227-44a5-9e29-bc90a26d22a2,19.00 - 20.00.mp4,
23,2735,car,2mobil,2mobil,Car / Sedan,2,Sedan / jeep / station wagon,2mobil,2,Line 2,normal,97.7,2931,0.7358,142174c2-beba-409e-b25c-3c2882bce06f,e2b5d1af-611f-418e-93d3-019b7b7ef4af,123,lembang,cikatomas pakidulan joszzz,,,20a73ac2-f227-44a5-9e29-bc90a26d22a2,19.00 - 20.00.mp4,
24,2766,truck,4pickupmicro,4PickupMicro,Pickup / Micro Truck,4,Pickup / micro truck / delivery,4PickupMicro,2,Line 2,normal,98.2,2946,0.3658,142174c2-beba-409e-b25c-3c2882bce06f,e2b5d1af-611f-418e-93d3-019b7b7ef4af,123,lembang,cikatomas pakidulan joszzz,,,20a73ac2-f227-44a5-9e29-bc90a26d22a2,19.00 - 20.00.mp4,
25,2911,car,2mobil,2mobil,Car / Sedan,2,Sedan / jeep / station wagon,2mobil,2,Line 2,normal,101.9333,3058,0.7615,142174c2-beba-409e-b25c-3c2882bce06f,e2b5d1af-611f-418e-93d3-019b7b7ef4af,123,lembang,cikatomas pakidulan joszzz,,,20a73ac2-f227-44a5-9e29-bc90a26d22a2,19.00 - 20.00.mp4,
26,3134,car,2mobil,2mobil,Car / Sedan,2,Sedan / jeep / station wagon,2mobil,2,Line 2,opposite,108.6333,3259,0.757,142174c2-beba-409e-b25c-3c2882bce06f,e2b5d1af-611f-418e-93d3-019b7b7ef4af,123,lembang,cikatomas pakidulan joszzz,,,20a73ac2-f227-44a5-9e29-bc90a26d22a2,19.00 - 20.00.mp4,
27,3253,bus,5bus,5Bus,Bus,5,Bus,5Bus,2,Line 2,normal,112.7333,3382,0.9147,142174c2-beba-409e-b25c-3c2882bce06f,e2b5d1af-611f-418e-93d3-019b7b7ef4af,123,lembang,cikatomas pakidulan joszzz,,,20a73ac2-f227-44a5-9e29-bc90a26d22a2,19.00 - 20.00.mp4,
28,3417,car,2mobil,2mobil,Car / Sedan,2,Sedan / jeep / station wagon,2mobil,2,Line 2,opposite,119.2,3576,0.4313,142174c2-beba-409e-b25c-3c2882bce06f,e2b5d1af-611f-418e-93d3-019b7b7ef4af,123,lembang,cikatomas pakidulan joszzz,,,20a73ac2-f227-44a5-9e29-bc90a26d22a2,19.00 - 20.00.mp4,
29,3567,car,2mobil,2mobil,Car / Sedan,2,Sedan / jeep / station wagon,2mobil,2,Line 2,normal,123.6333,3709,0.5567,142174c2-beba-409e-b25c-3c2882bce06f,e2b5d1af-611f-418e-93d3-019b7b7ef4af,123,lembang,cikatomas pakidulan joszzz,,,20a73ac2-f227-44a5-9e29-bc90a26d22a2,19.00 - 20.00.mp4,
30,3633,truck,4pickupmicro,4PickupMicro,Pickup / Micro Truck,4,Pickup / micro truck / delivery,4PickupMicro,2,Line 2,opposite,126.0667,3782,0.6443,142174c2-beba-409e-b25c-3c2882bce06f,e2b5d1af-611f-418e-93d3-019b7b7ef4af,123,lembang,cikatomas pakidulan joszzz,,,20a73ac2-f227-44a5-9e29-bc90a26d22a2,19.00 - 20.00.mp4,
31,3688,car,3ang_umum,3ang_umum,Public Transportation (Angkot),3,Medium passenger vehicle,3Ang_umum,2,Line 2,opposite,127.9,3837,0.6825,142174c2-beba-409e-b25c-3c2882bce06f,e2b5d1af-611f-418e-93d3-019b7b7ef4af,123,lembang,cikatomas pakidulan joszzz,,,20a73ac2-f227-44a5-9e29-bc90a26d22a2,19.00 - 20.00.mp4,
32,3700,car,2mobil,2mobil,Car / Sedan,2,Sedan / jeep / station wagon,2mobil,2,Line 2,opposite,127.9333,3838,0.7566,142174c2-beba-409e-b25c-3c2882bce06f,e2b5d1af-611f-418e-93d3-019b7b7ef4af,123,lembang,cikatomas pakidulan joszzz,,,20a73ac2-f227-44a5-9e29-bc90a26d22a2,19.00 - 20.00.mp4,
33,3718,truck,6tr_2sumbu,6TR_2sumbu,2-Axle Truck (Jumbo),6,2-Axle Truck,6TR_2sumbu,2,Line 2,opposite,130.9667,3929,0.8685,142174c2-beba-409e-b25c-3c2882bce06f,e2b5d1af-611f-418e-93d3-019b7b7ef4af,123,lembang,cikatomas pakidulan joszzz,,,20a73ac2-f227-44a5-9e29-bc90a26d22a2,19.00 - 20.00.mp4,
34,3967,truck,6tr_2sumbu,6TR_2sumbu,2-Axle Truck (Jumbo),6,2-Axle Truck,6TR_2sumbu,2,Line 2,opposite,137.9667,4139,0.7497,142174c2-beba-409e-b25c-3c2882bce06f,e2b5d1af-611f-418e-93d3-019b7b7ef4af,123,lembang,cikatomas pakidulan joszzz,,,20a73ac2-f227-44a5-9e29-bc90a26d22a2,19.00 - 20.00.mp4,
35,4055,car,2mobil,2mobil,Car / Sedan,2,Sedan / jeep / station wagon,2mobil,2,Line 2,opposite,141.5,4245,0.8639,142174c2-beba-409e-b25c-3c2882bce06f,e2b5d1af-611f-418e-93d3-019b7b7ef4af,123,lembang,cikatomas pakidulan joszzz,,,20a73ac2-f227-44a5-9e29-bc90a26d22a2,19.00 - 20.00.mp4,
36,4147,truck,4pickupmicro,4PickupMicro,Pickup / Micro Truck,4,Pickup / micro truck / delivery,4PickupMicro,2,Line 2,opposite,145.1333,4354,0.8002,142174c2-beba-409e-b25c-3c2882bce06f,e2b5d1af-611f-418e-93d3-019b7b7ef4af,123,lembang,cikatomas pakidulan joszzz,,,20a73ac2-f227-44a5-9e29-bc90a26d22a2,19.00 - 20.00.mp4,
37,4172,car,2mobil,2mobil,Car / Sedan,2,Sedan / jeep / station wagon,2mobil,2,Line 2,opposite,145.7333,4372,0.6381,142174c2-beba-409e-b25c-3c2882bce06f,e2b5d1af-611f-418e-93d3-019b7b7ef4af,123,lembang,cikatomas pakidulan joszzz,,,20a73ac2-f227-44a5-9e29-bc90a26d22a2,19.00 - 20.00.mp4,
38,4218,truck,6tr_2sumbu,6TR_2sumbu,2-Axle Truck (Jumbo),6,2-Axle Truck,6TR_2sumbu,2,Line 2,opposite,148.3667,4451,0.8796,142174c2-beba-409e-b25c-3c2882bce06f,e2b5d1af-611f-418e-93d3-019b7b7ef4af,123,lembang,cikatomas pakidulan joszzz,,,20a73ac2-f227-44a5-9e29-bc90a26d22a2,19.00 - 20.00.mp4,
39,4338,truck,6tr_2sumbu,6TR_2sumbu,2-Axle Truck (Jumbo),6,2-Axle Truck,6TR_2sumbu,2,Line 2,opposite,151.7667,4553,0.8919,142174c2-beba-409e-b25c-3c2882bce06f,e2b5d1af-611f-418e-93d3-019b7b7ef4af,123,lembang,cikatomas pakidulan joszzz,,,20a73ac2-f227-44a5-9e29-bc90a26d22a2,19.00 - 20.00.mp4,
40,4338,truck,6tr_2sumbu,6TR_2sumbu,2-Axle Truck (Jumbo),6,2-Axle Truck,6TR_2sumbu,1,Line 1,opposite,153.3333,4600,0.4889,142174c2-beba-409e-b25c-3c2882bce06f,e2b5d1af-611f-418e-93d3-019b7b7ef4af,123,lembang,cikatomas pakidulan joszzz,,,20a73ac2-f227-44a5-9e29-bc90a26d22a2,19.00 - 20.00.mp4,
41,4659,bus,5bus,5Bus,Bus,5,Bus,5Bus,2,Line 2,opposite,161.6333,4849,0.4498,142174c2-beba-409e-b25c-3c2882bce06f,e2b5d1af-611f-418e-93d3-019b7b7ef4af,123,lembang,cikatomas pakidulan joszzz,,,20a73ac2-f227-44a5-9e29-bc90a26d22a2,19.00 - 20.00.mp4,
42,4779,bus,5bus,5Bus,Bus,5,Bus,5Bus,2,Line 2,opposite,165.0333,4951,0.8414,142174c2-beba-409e-b25c-3c2882bce06f,e2b5d1af-611f-418e-93d3-019b7b7ef4af,123,lembang,cikatomas pakidulan joszzz,,,20a73ac2-f227-44a5-9e29-bc90a26d22a2,19.00 - 20.00.mp4,
43,5234,truck,6tr_2sumbu,6TR_2sumbu,2-Axle Truck (Jumbo),6,2-Axle Truck,6TR_2sumbu,2,Line 2,opposite,178.2667,5348,0.6435,142174c2-beba-409e-b25c-3c2882bce06f,e2b5d1af-611f-418e-93d3-019b7b7ef4af,123,lembang,cikatomas pakidulan joszzz,,,20a73ac2-f227-44a5-9e29-bc90a26d22a2,19.00 - 20.00.mp4,
44,5240,car,2mobil,2mobil,Car / Sedan,2,Sedan / jeep / station wagon,2mobil,2,Line 2,normal,178.4333,5353,0.6298,142174c2-beba-409e-b25c-3c2882bce06f,e2b5d1af-611f-418e-93d3-019b7b7ef4af,123,lembang,cikatomas pakidulan joszzz,,,20a73ac2-f227-44a5-9e29-bc90a26d22a2,19.00 - 20.00.mp4,
45,5297,bus,5bus,5Bus,Bus,5,Bus,5Bus,2,Line 2,opposite,181.0333,5431,0.8928,142174c2-beba-409e-b25c-3c2882bce06f,e2b5d1af-611f-418e-93d3-019b7b7ef4af,123,lembang,cikatomas pakidulan joszzz,,,20a73ac2-f227-44a5-9e29-bc90a26d22a2,19.00 - 20.00.mp4,
46,5384,car,3ang_umum,3ang_umum,Public Transportation (Angkot),3,Medium passenger vehicle,3Ang_umum,2,Line 2,normal,182.7333,5482,0.809,142174c2-beba-409e-b25c-3c2882bce06f,e2b5d1af-611f-418e-93d3-019b7b7ef4af,123,lembang,cikatomas pakidulan joszzz,,,20a73ac2-f227-44a5-9e29-bc90a26d22a2,19.00 - 20.00.mp4,
47,5423,bus,5bus,5Bus,Bus,5,Bus,5Bus,2,Line 2,opposite,184.6333,5539,0.37,142174c2-beba-409e-b25c-3c2882bce06f,e2b5d1af-611f-418e-93d3-019b7b7ef4af,123,lembang,cikatomas pakidulan joszzz,,,20a73ac2-f227-44a5-9e29-bc90a26d22a2,19.00 - 20.00.mp4,
48,5448,truck,4pickupmicro,4PickupMicro,Pickup / Micro Truck,4,Pickup / micro truck / delivery,4PickupMicro,2,Line 2,opposite,185.3667,5561,0.3544,142174c2-beba-409e-b25c-3c2882bce06f,e2b5d1af-611f-418e-93d3-019b7b7ef4af,123,lembang,cikatomas pakidulan joszzz,,,20a73ac2-f227-44a5-9e29-bc90a26d22a2,19.00 - 20.00.mp4,
49,5509,car,2mobil,2mobil,Car / Sedan,2,Sedan / jeep / station wagon,2mobil,2,Line 2,opposite,187.1333,5614,0.8262,142174c2-beba-409e-b25c-3c2882bce06f,e2b5d1af-611f-418e-93d3-019b7b7ef4af,123,lembang,cikatomas pakidulan joszzz,,,20a73ac2-f227-44a5-9e29-bc90a26d22a2,19.00 - 20.00.mp4,
50,5510,truck,4pickupmicro,4PickupMicro,Pickup / Micro Truck,4,Pickup / micro truck / delivery,4PickupMicro,2,Line 2,opposite,187.1333,5614,0.5487,142174c2-beba-409e-b25c-3c2882bce06f,e2b5d1af-611f-418e-93d3-019b7b7ef4af,123,lembang,cikatomas pakidulan joszzz,,,20a73ac2-f227-44a5-9e29-bc90a26d22a2,19.00 - 20.00.mp4,
51,5647,truck,6tr_2sumbu,6TR_2sumbu,2-Axle Truck (Jumbo),6,2-Axle Truck,6TR_2sumbu,2,Line 2,opposite,192.8,5784,0.8883,142174c2-beba-409e-b25c-3c2882bce06f,e2b5d1af-611f-418e-93d3-019b7b7ef4af,123,lembang,cikatomas pakidulan joszzz,,,20a73ac2-f227-44a5-9e29-bc90a26d22a2,19.00 - 20.00.mp4,
52,5699,car,2mobil,2mobil,Car / Sedan,2,Sedan / jeep / station wagon,2mobil,2,Line 2,normal,193.3667,5801,0.7477,142174c2-beba-409e-b25c-3c2882bce06f,e2b5d1af-611f-418e-93d3-019b7b7ef4af,123,lembang,cikatomas pakidulan joszzz,,,20a73ac2-f227-44a5-9e29-bc90a26d22a2,19.00 - 20.00.mp4,
53,5740,truck,6tr_2sumbu,6TR_2sumbu,2-Axle Truck (Jumbo),6,2-Axle Truck,6TR_2sumbu,2,Line 2,normal,194.7,5841,0.8434,142174c2-beba-409e-b25c-3c2882bce06f,e2b5d1af-611f-418e-93d3-019b7b7ef4af,123,lembang,cikatomas pakidulan joszzz,,,20a73ac2-f227-44a5-9e29-bc90a26d22a2,19.00 - 20.00.mp4,
54,5798,car,2mobil,2mobil,Car / Sedan,2,Sedan / jeep / station wagon,2mobil,2,Line 2,normal,196.4333,5893,0.5951,142174c2-beba-409e-b25c-3c2882bce06f,e2b5d1af-611f-418e-93d3-019b7b7ef4af,123,lembang,cikatomas pakidulan joszzz,,,20a73ac2-f227-44a5-9e29-bc90a26d22a2,19.00 - 20.00.mp4,
55,5805,car,2mobil,2mobil,Car / Sedan,2,Sedan / jeep / station wagon,2mobil,2,Line 2,normal,196.8,5904,0.873,142174c2-beba-409e-b25c-3c2882bce06f,e2b5d1af-611f-418e-93d3-019b7b7ef4af,123,lembang,cikatomas pakidulan joszzz,,,20a73ac2-f227-44a5-9e29-bc90a26d22a2,19.00 - 20.00.mp4,
56,5840,truck,4pickupmicro,4PickupMicro,Pickup / Micro Truck,4,Pickup / micro truck / delivery,4PickupMicro,2,Line 2,opposite,198.6667,5960,0.4528,142174c2-beba-409e-b25c-3c2882bce06f,e2b5d1af-611f-418e-93d3-019b7b7ef4af,123,lembang,cikatomas pakidulan joszzz,,,20a73ac2-f227-44a5-9e29-bc90a26d22a2,19.00 - 20.00.mp4,
57,6358,truck,6tr_2sumbu,6TR_2sumbu,2-Axle Truck (Jumbo),6,2-Axle Truck,6TR_2sumbu,2,Line 2,opposite,214.3333,6430,0.7368,142174c2-beba-409e-b25c-3c2882bce06f,e2b5d1af-611f-418e-93d3-019b7b7ef4af,123,lembang,cikatomas pakidulan joszzz,,,20a73ac2-f227-44a5-9e29-bc90a26d22a2,19.00 - 20.00.mp4,
58,6539,truck,6tr_2sumbu,6TR_2sumbu,2-Axle Truck (Jumbo),6,2-Axle Truck,6TR_2sumbu,2,Line 2,normal,220.1,6603,0.8617,142174c2-beba-409e-b25c-3c2882bce06f,e2b5d1af-611f-418e-93d3-019b7b7ef4af,123,lembang,cikatomas pakidulan joszzz,,,20a73ac2-f227-44a5-9e29-bc90a26d22a2,19.00 - 20.00.mp4,
59,6569,car,2mobil,2mobil,Car / Sedan,2,Sedan / jeep / station wagon,2mobil,2,Line 2,normal,220.5333,6616,0.6575,142174c2-beba-409e-b25c-3c2882bce06f,e2b5d1af-611f-418e-93d3-019b7b7ef4af,123,lembang,cikatomas pakidulan joszzz,,,20a73ac2-f227-44a5-9e29-bc90a26d22a2,19.00 - 20.00.mp4,
60,6692,car,2mobil,2mobil,Car / Sedan,2,Sedan / jeep / station wagon,2mobil,2,Line 2,normal,224.7333,6742,0.8206,142174c2-beba-409e-b25c-3c2882bce06f,e2b5d1af-611f-418e-93d3-019b7b7ef4af,123,lembang,cikatomas pakidulan joszzz,,,20a73ac2-f227-44a5-9e29-bc90a26d22a2,19.00 - 20.00.mp4,
61,6781,truck,4pickupmicro,4PickupMicro,Pickup / Micro Truck,4,Pickup / micro truck / delivery,4PickupMicro,2,Line 2,normal,226.8667,6806,0.3104,142174c2-beba-409e-b25c-3c2882bce06f,e2b5d1af-611f-418e-93d3-019b7b7ef4af,123,lembang,cikatomas pakidulan joszzz,,,20a73ac2-f227-44a5-9e29-bc90a26d22a2,19.00 - 20.00.mp4,
62,6929,bus,5bus,5Bus,Bus,5,Bus,5Bus,2,Line 2,opposite,231.7667,6953,0.8303,142174c2-beba-409e-b25c-3c2882bce06f,e2b5d1af-611f-418e-93d3-019b7b7ef4af,123,lembang,cikatomas pakidulan joszzz,,,20a73ac2-f227-44a5-9e29-bc90a26d22a2,19.00 - 20.00.mp4,
63,7074,truck,6tr_2sumbu,6TR_2sumbu,2-Axle Truck (Jumbo),6,2-Axle Truck,6TR_2sumbu,2,Line 2,opposite,236.4667,7094,0.8736,142174c2-beba-409e-b25c-3c2882bce06f,e2b5d1af-611f-418e-93d3-019b7b7ef4af,123,lembang,cikatomas pakidulan joszzz,,,20a73ac2-f227-44a5-9e29-bc90a26d22a2,19.00 - 20.00.mp4,
64,7161,car,2mobil,2mobil,Car / Sedan,2,Sedan / jeep / station wagon,2mobil,2,Line 2,normal,238.6333,7159,0.7308,142174c2-beba-409e-b25c-3c2882bce06f,e2b5d1af-611f-418e-93d3-019b7b7ef4af,123,lembang,cikatomas pakidulan joszzz,,,20a73ac2-f227-44a5-9e29-bc90a26d22a2,19.00 - 20.00.mp4,
65,7260,truck,4pickupmicro,4PickupMicro,Pickup / Micro Truck,4,Pickup / micro truck / delivery,4PickupMicro,2,Line 2,normal,241.1333,7234,0.7733,142174c2-beba-409e-b25c-3c2882bce06f,e2b5d1af-611f-418e-93d3-019b7b7ef4af,123,lembang,cikatomas pakidulan joszzz,,,20a73ac2-f227-44a5-9e29-bc90a26d22a2,19.00 - 20.00.mp4,
66,7348,car,2mobil,2mobil,Car / Sedan,2,Sedan / jeep / station wagon,2mobil,2,Line 2,normal,244.9333,7348,0.8418,142174c2-beba-409e-b25c-3c2882bce06f,e2b5d1af-611f-418e-93d3-019b7b7ef4af,123,lembang,cikatomas pakidulan joszzz,,,20a73ac2-f227-44a5-9e29-bc90a26d22a2,19.00 - 20.00.mp4,
67,7468,truck,4pickupmicro,4PickupMicro,Pickup / Micro Truck,4,Pickup / micro truck / delivery,4PickupMicro,2,Line 2,normal,249.5667,7487,0.5124,142174c2-beba-409e-b25c-3c2882bce06f,e2b5d1af-611f-418e-93d3-019b7b7ef4af,123,lembang,cikatomas pakidulan joszzz,,,20a73ac2-f227-44a5-9e29-bc90a26d22a2,19.00 - 20.00.mp4,
68,7590,truck,6tr_2sumbu,6TR_2sumbu,2-Axle Truck (Jumbo),6,2-Axle Truck,6TR_2sumbu,2,Line 2,opposite,255.0667,7652,0.5105,142174c2-beba-409e-b25c-3c2882bce06f,e2b5d1af-611f-418e-93d3-019b7b7ef4af,123,lembang,cikatomas pakidulan joszzz,,,20a73ac2-f227-44a5-9e29-bc90a26d22a2,19.00 - 20.00.mp4,
69,7668,truck,4pickupmicro,4PickupMicro,Pickup / Micro Truck,4,Pickup / micro truck / delivery,4PickupMicro,2,Line 2,normal,255.9,7677,0.3242,142174c2-beba-409e-b25c-3c2882bce06f,e2b5d1af-611f-418e-93d3-019b7b7ef4af,123,lembang,cikatomas pakidulan joszzz,,,20a73ac2-f227-44a5-9e29-bc90a26d22a2,19.00 - 20.00.mp4,
70,7776,bus,5bus,5Bus,Bus,5,Bus,5Bus,2,Line 2,normal,259.3333,7780,0.8806,142174c2-beba-409e-b25c-3c2882bce06f,e2b5d1af-611f-418e-93d3-019b7b7ef4af,123,lembang,cikatomas pakidulan joszzz,,,20a73ac2-f227-44a5-9e29-bc90a26d22a2,19.00 - 20.00.mp4,
71,7790,bus,5bus,5Bus,Bus,5,Bus,5Bus,2,Line 2,normal,260.5,7815,0.57,142174c2-beba-409e-b25c-3c2882bce06f,e2b5d1af-611f-418e-93d3-019b7b7ef4af,123,lembang,cikatomas pakidulan joszzz,,,20a73ac2-f227-44a5-9e29-bc90a26d22a2,19.00 - 20.00.mp4,
72,8496,car,2mobil,2mobil,Car / Sedan,2,Sedan / jeep / station wagon,2mobil,2,Line 2,normal,278.3333,8350,0.6252,142174c2-beba-409e-b25c-3c2882bce06f,e2b5d1af-611f-418e-93d3-019b7b7ef4af,123,lembang,cikatomas pakidulan joszzz,,,20a73ac2-f227-44a5-9e29-bc90a26d22a2,19.00 - 20.00.mp4,
73,8506,truck,4pickupmicro,4PickupMicro,Pickup / Micro Truck,4,Pickup / micro truck / delivery,4PickupMicro,2,Line 2,normal,278.5333,8356,0.6572,142174c2-beba-409e-b25c-3c2882bce06f,e2b5d1af-611f-418e-93d3-019b7b7ef4af,123,lembang,cikatomas pakidulan joszzz,,,20a73ac2-f227-44a5-9e29-bc90a26d22a2,19.00 - 20.00.mp4,
74,8569,car,2mobil,2mobil,Car / Sedan,2,Sedan / jeep / station wagon,2mobil,2,Line 2,normal,280.4667,8414,0.5972,142174c2-beba-409e-b25c-3c2882bce06f,e2b5d1af-611f-418e-93d3-019b7b7ef4af,123,lembang,cikatomas pakidulan joszzz,,,20a73ac2-f227-44a5-9e29-bc90a26d22a2,19.00 - 20.00.mp4,
75,8679,car,2mobil,2mobil,Car / Sedan,2,Sedan / jeep / station wagon,2mobil,2,Line 2,normal,282.2667,8468,0.7627,142174c2-beba-409e-b25c-3c2882bce06f,e2b5d1af-611f-418e-93d3-019b7b7ef4af,123,lembang,cikatomas pakidulan joszzz,,,20a73ac2-f227-44a5-9e29-bc90a26d22a2,19.00 - 20.00.mp4,
76,8681,truck,6tr_2sumbu,6TR_2sumbu,2-Axle Truck (Jumbo),6,2-Axle Truck,6TR_2sumbu,2,Line 2,opposite,283.6667,8510,0.4091,142174c2-beba-409e-b25c-3c2882bce06f,e2b5d1af-611f-418e-93d3-019b7b7ef4af,123,lembang,cikatomas pakidulan joszzz,,,20a73ac2-f227-44a5-9e29-bc90a26d22a2,19.00 - 20.00.mp4,
77,8775,bus,5bus,5Bus,Bus,5,Bus,5Bus,2,Line 2,opposite,285.5333,8566,0.572,142174c2-beba-409e-b25c-3c2882bce06f,e2b5d1af-611f-418e-93d3-019b7b7ef4af,123,lembang,cikatomas pakidulan joszzz,,,20a73ac2-f227-44a5-9e29-bc90a26d22a2,19.00 - 20.00.mp4,
78,8902,car,2mobil,2mobil,Car / Sedan,2,Sedan / jeep / station wagon,2mobil,2,Line 2,normal,286.8333,8605,0.8254,142174c2-beba-409e-b25c-3c2882bce06f,e2b5d1af-611f-418e-93d3-019b7b7ef4af,123,lembang,cikatomas pakidulan joszzz,,,20a73ac2-f227-44a5-9e29-bc90a26d22a2,19.00 - 20.00.mp4,
79,8926,bus,5bus,5Bus,Bus,5,Bus,5Bus,2,Line 2,opposite,287.6,8628,0.8836,142174c2-beba-409e-b25c-3c2882bce06f,e2b5d1af-611f-418e-93d3-019b7b7ef4af,123,lembang,cikatomas pakidulan joszzz,,,20a73ac2-f227-44a5-9e29-bc90a26d22a2,19.00 - 20.00.mp4,
80,8969,car,2mobil,2mobil,Car / Sedan,2,Sedan / jeep / station wagon,2mobil,2,Line 2,normal,288.0667,8642,0.7032,142174c2-beba-409e-b25c-3c2882bce06f,e2b5d1af-611f-418e-93d3-019b7b7ef4af,123,lembang,cikatomas pakidulan joszzz,,,20a73ac2-f227-44a5-9e29-bc90a26d22a2,19.00 - 20.00.mp4,
81,8988,bus,5bus,5Bus,Bus,5,Bus,5Bus,2,Line 2,normal,288.6333,8659,0.4218,142174c2-beba-409e-b25c-3c2882bce06f,e2b5d1af-611f-418e-93d3-019b7b7ef4af,123,lembang,cikatomas pakidulan joszzz,,,20a73ac2-f227-44a5-9e29-bc90a26d22a2,19.00 - 20.00.mp4,
82,9057,car,2mobil,2mobil,Car / Sedan,2,Sedan / jeep / station wagon,2mobil,2,Line 2,normal,290.6667,8720,0.3728,142174c2-beba-409e-b25c-3c2882bce06f,e2b5d1af-611f-418e-93d3-019b7b7ef4af,123,lembang,cikatomas pakidulan joszzz,,,20a73ac2-f227-44a5-9e29-bc90a26d22a2,19.00 - 20.00.mp4,
83,9164,bus,5bus,5Bus,Bus,5,Bus,5Bus,2,Line 2,normal,293.7,8811,0.6997,142174c2-beba-409e-b25c-3c2882bce06f,e2b5d1af-611f-418e-93d3-019b7b7ef4af,123,lembang,cikatomas pakidulan joszzz,,,20a73ac2-f227-44a5-9e29-bc90a26d22a2,19.00 - 20.00.mp4,
84,9276,bus,5bus,5Bus,Bus,5,Bus,5Bus,2,Line 2,opposite,298.2333,8947,0.6664,142174c2-beba-409e-b25c-3c2882bce06f,e2b5d1af-611f-418e-93d3-019b7b7ef4af,123,lembang,cikatomas pakidulan joszzz,,,20a73ac2-f227-44a5-9e29-bc90a26d22a2,19.00 - 20.00.mp4,
85,9320,truck,4pickupmicro,4PickupMicro,Pickup / Micro Truck,4,Pickup / micro truck / delivery,4PickupMicro,2,Line 2,normal,298.5,8955,0.365,142174c2-beba-409e-b25c-3c2882bce06f,e2b5d1af-611f-418e-93d3-019b7b7ef4af,123,lembang,cikatomas pakidulan joszzz,,,20a73ac2-f227-44a5-9e29-bc90a26d22a2,19.00 - 20.00.mp4,
86,9387,car,2mobil,2mobil,Car / Sedan,2,Sedan / jeep / station wagon,2mobil,2,Line 2,opposite,300.5333,9016,0.6842,142174c2-beba-409e-b25c-3c2882bce06f,e2b5d1af-611f-418e-93d3-019b7b7ef4af,123,lembang,cikatomas pakidulan joszzz,,,20a73ac2-f227-44a5-9e29-bc90a26d22a2,19.00 - 20.00.mp4,
87,9395,truck,6tr_2sumbu,6TR_2sumbu,2-Axle Truck (Jumbo),6,2-Axle Truck,6TR_2sumbu,2,Line 2,normal,300.7333,9022,0.7227,142174c2-beba-409e-b25c-3c2882bce06f,e2b5d1af-611f-418e-93d3-019b7b7ef4af,123,lembang,cikatomas pakidulan joszzz,,,20a73ac2-f227-44a5-9e29-bc90a26d22a2,19.00 - 20.00.mp4,
88,9495,car,2mobil,2mobil,Car / Sedan,2,Sedan / jeep / station wagon,2mobil,2,Line 2,normal,303.2667,9098,0.5825,142174c2-beba-409e-b25c-3c2882bce06f,e2b5d1af-611f-418e-93d3-019b7b7ef4af,123,lembang,cikatomas pakidulan joszzz,,,20a73ac2-f227-44a5-9e29-bc90a26d22a2,19.00 - 20.00.mp4,
89,9513,truck,6tr_2sumbu,6TR_2sumbu,2-Axle Truck (Jumbo),6,2-Axle Truck,6TR_2sumbu,2,Line 2,normal,303.4667,9104,0.468,142174c2-beba-409e-b25c-3c2882bce06f,e2b5d1af-611f-418e-93d3-019b7b7ef4af,123,lembang,cikatomas pakidulan joszzz,,,20a73ac2-f227-44a5-9e29-bc90a26d22a2,19.00 - 20.00.mp4,
90,9631,car,2mobil,2mobil,Car / Sedan,2,Sedan / jeep / station wagon,2mobil,2,Line 2,normal,305.5333,9166,0.8394,142174c2-beba-409e-b25c-3c2882bce06f,e2b5d1af-611f-418e-93d3-019b7b7ef4af,123,lembang,cikatomas pakidulan joszzz,,,20a73ac2-f227-44a5-9e29-bc90a26d22a2,19.00 - 20.00.mp4,
91,9636,car,2mobil,2mobil,Car / Sedan,2,Sedan / jeep / station wagon,2mobil,2,Line 2,normal,306.0333,9181,0.4968,142174c2-beba-409e-b25c-3c2882bce06f,e2b5d1af-611f-418e-93d3-019b7b7ef4af,123,lembang,cikatomas pakidulan joszzz,,,20a73ac2-f227-44a5-9e29-bc90a26d22a2,19.00 - 20.00.mp4,
92,9683,car,2mobil,2mobil,Car / Sedan,2,Sedan / jeep / station wagon,2mobil,2,Line 2,normal,307.6667,9230,0.858,142174c2-beba-409e-b25c-3c2882bce06f,e2b5d1af-611f-418e-93d3-019b7b7ef4af,123,lembang,cikatomas pakidulan joszzz,,,20a73ac2-f227-44a5-9e29-bc90a26d22a2,19.00 - 20.00.mp4,
93,10006,car,2mobil,2mobil,Car / Sedan,2,Sedan / jeep / station wagon,2mobil,2,Line 2,normal,315.5667,9467,0.5517,142174c2-beba-409e-b25c-3c2882bce06f,e2b5d1af-611f-418e-93d3-019b7b7ef4af,123,lembang,cikatomas pakidulan joszzz,,,20a73ac2-f227-44a5-9e29-bc90a26d22a2,19.00 - 20.00.mp4,
94,10128,car,2mobil,2mobil,Car / Sedan,2,Sedan / jeep / station wagon,2mobil,2,Line 2,normal,318.5333,9556,0.8228,142174c2-beba-409e-b25c-3c2882bce06f,e2b5d1af-611f-418e-93d3-019b7b7ef4af,123,lembang,cikatomas pakidulan joszzz,,,20a73ac2-f227-44a5-9e29-bc90a26d22a2,19.00 - 20.00.mp4,
95,10126,truck,6tr_2sumbu,6TR_2sumbu,2-Axle Truck (Jumbo),6,2-Axle Truck,6TR_2sumbu,2,Line 2,opposite,319.0,9570,0.321,142174c2-beba-409e-b25c-3c2882bce06f,e2b5d1af-611f-418e-93d3-019b7b7ef4af,123,lembang,cikatomas pakidulan joszzz,,,20a73ac2-f227-44a5-9e29-bc90a26d22a2,19.00 - 20.00.mp4,
96,10663,car,2mobil,2mobil,Car / Sedan,2,Sedan / jeep / station wagon,2mobil,2,Line 2,normal,332.8667,9986,0.5376,142174c2-beba-409e-b25c-3c2882bce06f,e2b5d1af-611f-418e-93d3-019b7b7ef4af,123,lembang,cikatomas pakidulan joszzz,,,20a73ac2-f227-44a5-9e29-bc90a26d22a2,19.00 - 20.00.mp4,
97,10673,truck,6tr_2sumbu,6TR_2sumbu,2-Axle Truck (Jumbo),6,2-Axle Truck,6TR_2sumbu,2,Line 2,normal,333.5,10005,0.7387,142174c2-beba-409e-b25c-3c2882bce06f,e2b5d1af-611f-418e-93d3-019b7b7ef4af,123,lembang,cikatomas pakidulan joszzz,,,20a73ac2-f227-44a5-9e29-bc90a26d22a2,19.00 - 20.00.mp4,
98,10757,truck,6tr_2sumbu,6TR_2sumbu,2-Axle Truck (Jumbo),6,2-Axle Truck,6TR_2sumbu,2,Line 2,normal,335.6,10068,0.8579,142174c2-beba-409e-b25c-3c2882bce06f,e2b5d1af-611f-418e-93d3-019b7b7ef4af,123,lembang,cikatomas pakidulan joszzz,,,20a73ac2-f227-44a5-9e29-bc90a26d22a2,19.00 - 20.00.mp4,
99,10807,truck,6tr_2sumbu,6TR_2sumbu,2-Axle Truck (Jumbo),6,2-Axle Truck,6TR_2sumbu,2,Line 2,normal,336.9333,10108,0.4298,142174c2-beba-409e-b25c-3c2882bce06f,e2b5d1af-611f-418e-93d3-019b7b7ef4af,123,lembang,cikatomas pakidulan joszzz,,,20a73ac2-f227-44a5-9e29-bc90a26d22a2,19.00 - 20.00.mp4,
100,11088,truck,6tr_2sumbu,6TR_2sumbu,2-Axle Truck (Jumbo),6,2-Axle Truck,6TR_2sumbu,2,Line 2,normal,346.4,10392,0.5784,142174c2-beba-409e-b25c-3c2882bce06f,e2b5d1af-611f-418e-93d3-019b7b7ef4af,123,lembang,cikatomas pakidulan joszzz,,,20a73ac2-f227-44a5-9e29-bc90a26d22a2,19.00 - 20.00.mp4,
101,11576,car,2mobil,2mobil,Car / Sedan,2,Sedan / jeep / station wagon,2mobil,2,Line 2,normal,364.3667,10931,0.7748,142174c2-beba-409e-b25c-3c2882bce06f,e2b5d1af-611f-418e-93d3-019b7b7ef4af,123,lembang,cikatomas pakidulan joszzz,,,20a73ac2-f227-44a5-9e29-bc90a26d22a2,19.00 - 20.00.mp4,
102,11609,truck,4pickupmicro,4PickupMicro,Pickup / Micro Truck,4,Pickup / micro truck / delivery,4PickupMicro,2,Line 2,normal,366.2,10986,0.8576,142174c2-beba-409e-b25c-3c2882bce06f,e2b5d1af-611f-418e-93d3-019b7b7ef4af,123,lembang,cikatomas pakidulan joszzz,,,20a73ac2-f227-44a5-9e29-bc90a26d22a2,19.00 - 20.00.mp4,
103,11740,car,2mobil,2mobil,Car / Sedan,2,Sedan / jeep / station wagon,2mobil,2,Line 2,normal,371.1333,11134,0.8127,142174c2-beba-409e-b25c-3c2882bce06f,e2b5d1af-611f-418e-93d3-019b7b7ef4af,123,lembang,cikatomas pakidulan joszzz,,,20a73ac2-f227-44a5-9e29-bc90a26d22a2,19.00 - 20.00.mp4,
104,11761,car,2mobil,2mobil,Car / Sedan,2,Sedan / jeep / station wagon,2mobil,2,Line 2,normal,371.8333,11155,0.8562,142174c2-beba-409e-b25c-3c2882bce06f,e2b5d1af-611f-418e-93d3-019b7b7ef4af,123,lembang,cikatomas pakidulan joszzz,,,20a73ac2-f227-44a5-9e29-bc90a26d22a2,19.00 - 20.00.mp4,
105,11780,car,2mobil,2mobil,Car / Sedan,2,Sedan / jeep / station wagon,2mobil,2,Line 2,normal,372.7333,11182,0.7533,142174c2-beba-409e-b25c-3c2882bce06f,e2b5d1af-611f-418e-93d3-019b7b7ef4af,123,lembang,cikatomas pakidulan joszzz,,,20a73ac2-f227-44a5-9e29-bc90a26d22a2,19.00 - 20.00.mp4,
106,11823,car,2mobil,2mobil,Car / Sedan,2,Sedan / jeep / station wagon,2mobil,2,Line 2,normal,374.1667,11225,0.8759,142174c2-beba-409e-b25c-3c2882bce06f,e2b5d1af-611f-418e-93d3-019b7b7ef4af,123,lembang,cikatomas pakidulan joszzz,,,20a73ac2-f227-44a5-9e29-bc90a26d22a2,19.00 - 20.00.mp4,
107,11835,truck,6tr_2sumbu,6TR_2sumbu,2-Axle Truck (Jumbo),6,2-Axle Truck,6TR_2sumbu,2,Line 2,normal,374.8,11244,0.7091,142174c2-beba-409e-b25c-3c2882bce06f,e2b5d1af-611f-418e-93d3-019b7b7ef4af,123,lembang,cikatomas pakidulan joszzz,,,20a73ac2-f227-44a5-9e29-bc90a26d22a2,19.00 - 20.00.mp4,
108,11872,car,2mobil,2mobil,Car / Sedan,2,Sedan / jeep / station wagon,2mobil,2,Line 2,normal,376.2,11286,0.3901,142174c2-beba-409e-b25c-3c2882bce06f,e2b5d1af-611f-418e-93d3-019b7b7ef4af,123,lembang,cikatomas pakidulan joszzz,,,20a73ac2-f227-44a5-9e29-bc90a26d22a2,19.00 - 20.00.mp4,
109,11898,bus,5bus,5Bus,Bus,5,Bus,5Bus,2,Line 2,opposite,377.5,11325,0.8563,142174c2-beba-409e-b25c-3c2882bce06f,e2b5d1af-611f-418e-93d3-019b7b7ef4af,123,lembang,cikatomas pakidulan joszzz,,,20a73ac2-f227-44a5-9e29-bc90a26d22a2,19.00 - 20.00.mp4,
110,11934,car,2mobil,2mobil,Car / Sedan,2,Sedan / jeep / station wagon,2mobil,2,Line 2,opposite,378.5333,11356,0.6638,142174c2-beba-409e-b25c-3c2882bce06f,e2b5d1af-611f-418e-93d3-019b7b7ef4af,123,lembang,cikatomas pakidulan joszzz,,,20a73ac2-f227-44a5-9e29-bc90a26d22a2,19.00 - 20.00.mp4,
111,12043,bus,5bus,5Bus,Bus,5,Bus,5Bus,2,Line 2,opposite,382.2667,11468,0.8294,142174c2-beba-409e-b25c-3c2882bce06f,e2b5d1af-611f-418e-93d3-019b7b7ef4af,123,lembang,cikatomas pakidulan joszzz,,,20a73ac2-f227-44a5-9e29-bc90a26d22a2,19.00 - 20.00.mp4,
112,12162,truck,6tr_2sumbu,6TR_2sumbu,2-Axle Truck (Jumbo),6,2-Axle Truck,6TR_2sumbu,2,Line 2,opposite,386.5,11595,0.8226,142174c2-beba-409e-b25c-3c2882bce06f,e2b5d1af-611f-418e-93d3-019b7b7ef4af,123,lembang,cikatomas pakidulan joszzz,,,20a73ac2-f227-44a5-9e29-bc90a26d22a2,19.00 - 20.00.mp4,
113,12332,car,2mobil,2mobil,Car / Sedan,2,Sedan / jeep / station wagon,2mobil,2,Line 2,normal,391.9,11757,0.8858,142174c2-beba-409e-b25c-3c2882bce06f,e2b5d1af-611f-418e-93d3-019b7b7ef4af,123,lembang,cikatomas pakidulan joszzz,,,20a73ac2-f227-44a5-9e29-bc90a26d22a2,19.00 - 20.00.mp4,
114,12331,bus,5bus,5Bus,Bus,5,Bus,5Bus,2,Line 2,opposite,392.4,11772,0.361,142174c2-beba-409e-b25c-3c2882bce06f,e2b5d1af-611f-418e-93d3-019b7b7ef4af,123,lembang,cikatomas pakidulan joszzz,,,20a73ac2-f227-44a5-9e29-bc90a26d22a2,19.00 - 20.00.mp4,
115,12346,truck,4pickupmicro,4PickupMicro,Pickup / Micro Truck,4,Pickup / micro truck / delivery,4PickupMicro,2,Line 2,opposite,392.4333,11773,0.8778,142174c2-beba-409e-b25c-3c2882bce06f,e2b5d1af-611f-418e-93d3-019b7b7ef4af,123,lembang,cikatomas pakidulan joszzz,,,20a73ac2-f227-44a5-9e29-bc90a26d22a2,19.00 - 20.00.mp4,
116,13019,truck,4pickupmicro,4PickupMicro,Pickup / Micro Truck,4,Pickup / micro truck / delivery,4PickupMicro,2,Line 2,opposite,411.8,12354,0.5348,142174c2-beba-409e-b25c-3c2882bce06f,e2b5d1af-611f-418e-93d3-019b7b7ef4af,123,lembang,cikatomas pakidulan joszzz,,,20a73ac2-f227-44a5-9e29-bc90a26d22a2,19.00 - 20.00.mp4,
117,13166,truck,6tr_2sumbu,6TR_2sumbu,2-Axle Truck (Jumbo),6,2-Axle Truck,6TR_2sumbu,2,Line 2,normal,415.0,12450,0.4994,142174c2-beba-409e-b25c-3c2882bce06f,e2b5d1af-611f-418e-93d3-019b7b7ef4af,123,lembang,cikatomas pakidulan joszzz,,,20a73ac2-f227-44a5-9e29-bc90a26d22a2,19.00 - 20.00.mp4,
118,14133,car,3ang_umum,3ang_umum,Public Transportation (Angkot),3,Medium passenger vehicle,3Ang_umum,2,Line 2,normal,442.4667,13274,0.6281,142174c2-beba-409e-b25c-3c2882bce06f,e2b5d1af-611f-418e-93d3-019b7b7ef4af,123,lembang,cikatomas pakidulan joszzz,,,20a73ac2-f227-44a5-9e29-bc90a26d22a2,19.00 - 20.00.mp4,
119,14199,truck,6tr_2sumbu,6TR_2sumbu,2-Axle Truck (Jumbo),6,2-Axle Truck,6TR_2sumbu,2,Line 2,opposite,444.9667,13349,0.5755,142174c2-beba-409e-b25c-3c2882bce06f,e2b5d1af-611f-418e-93d3-019b7b7ef4af,123,lembang,cikatomas pakidulan joszzz,,,20a73ac2-f227-44a5-9e29-bc90a26d22a2,19.00 - 20.00.mp4,
120,14467,truck,4pickupmicro,4PickupMicro,Pickup / Micro Truck,4,Pickup / micro truck / delivery,4PickupMicro,2,Line 2,normal,451.9,13557,0.4762,142174c2-beba-409e-b25c-3c2882bce06f,e2b5d1af-611f-418e-93d3-019b7b7ef4af,123,lembang,cikatomas pakidulan joszzz,,,20a73ac2-f227-44a5-9e29-bc90a26d22a2,19.00 - 20.00.mp4,
121,14790,truck,6tr_2sumbu,6TR_2sumbu,2-Axle Truck (Jumbo),6,2-Axle Truck,6TR_2sumbu,2,Line 2,normal,461.0,13830,0.7994,142174c2-beba-409e-b25c-3c2882bce06f,e2b5d1af-611f-418e-93d3-019b7b7ef4af,123,lembang,cikatomas pakidulan joszzz,,,20a73ac2-f227-44a5-9e29-bc90a26d22a2,19.00 - 20.00.mp4,
122,14991,car,2mobil,2mobil,Car / Sedan,2,Sedan / jeep / station wagon,2mobil,2,Line 2,normal,465.6,13968,0.84,142174c2-beba-409e-b25c-3c2882bce06f,e2b5d1af-611f-418e-93d3-019b7b7ef4af,123,lembang,cikatomas pakidulan joszzz,,,20a73ac2-f227-44a5-9e29-bc90a26d22a2,19.00 - 20.00.mp4,
123,15080,bus,5bus,5Bus,Bus,5,Bus,5Bus,2,Line 2,normal,468.2,14046,0.7624,142174c2-beba-409e-b25c-3c2882bce06f,e2b5d1af-611f-418e-93d3-019b7b7ef4af,123,lembang,cikatomas pakidulan joszzz,,,20a73ac2-f227-44a5-9e29-bc90a26d22a2,19.00 - 20.00.mp4,
124,15120,truck,6tr_2sumbu,6TR_2sumbu,2-Axle Truck (Jumbo),6,2-Axle Truck,6TR_2sumbu,2,Line 2,opposite,469.4667,14084,0.7671,142174c2-beba-409e-b25c-3c2882bce06f,e2b5d1af-611f-418e-93d3-019b7b7ef4af,123,lembang,cikatomas pakidulan joszzz,,,20a73ac2-f227-44a5-9e29-bc90a26d22a2,19.00 - 20.00.mp4,
125,15192,car,2mobil,2mobil,Car / Sedan,2,Sedan / jeep / station wagon,2mobil,2,Line 2,opposite,471.0,14130,0.6375,142174c2-beba-409e-b25c-3c2882bce06f,e2b5d1af-611f-418e-93d3-019b7b7ef4af,123,lembang,cikatomas pakidulan joszzz,,,20a73ac2-f227-44a5-9e29-bc90a26d22a2,19.00 - 20.00.mp4,
126,15272,car,2mobil,2mobil,Car / Sedan,2,Sedan / jeep / station wagon,2mobil,2,Line 2,normal,473.1,14193,0.6034,142174c2-beba-409e-b25c-3c2882bce06f,e2b5d1af-611f-418e-93d3-019b7b7ef4af,123,lembang,cikatomas pakidulan joszzz,,,20a73ac2-f227-44a5-9e29-bc90a26d22a2,19.00 - 20.00.mp4,
127,15302,car,2mobil,2mobil,Car / Sedan,2,Sedan / jeep / station wagon,2mobil,2,Line 2,normal,473.9667,14219,0.5923,142174c2-beba-409e-b25c-3c2882bce06f,e2b5d1af-611f-418e-93d3-019b7b7ef4af,123,lembang,cikatomas pakidulan joszzz,,,20a73ac2-f227-44a5-9e29-bc90a26d22a2,19.00 - 20.00.mp4,
128,15274,truck,4pickupmicro,4PickupMicro,Pickup / Micro Truck,4,Pickup / micro truck / delivery,4PickupMicro,2,Line 2,opposite,474.0333,14221,0.7039,142174c2-beba-409e-b25c-3c2882bce06f,e2b5d1af-611f-418e-93d3-019b7b7ef4af,123,lembang,cikatomas pakidulan joszzz,,,20a73ac2-f227-44a5-9e29-bc90a26d22a2,19.00 - 20.00.mp4,
129,15443,car,3ang_umum,3ang_umum,Public Transportation (Angkot),3,Medium passenger vehicle,3Ang_umum,2,Line 2,normal,477.8667,14336,0.6734,142174c2-beba-409e-b25c-3c2882bce06f,e2b5d1af-611f-418e-93d3-019b7b7ef4af,123,lembang,cikatomas pakidulan joszzz,,,20a73ac2-f227-44a5-9e29-bc90a26d22a2,19.00 - 20.00.mp4,
130,15683,truck,4pickupmicro,4PickupMicro,Pickup / Micro Truck,4,Pickup / micro truck / delivery,4PickupMicro,2,Line 2,normal,487.5,14625,0.784,142174c2-beba-409e-b25c-3c2882bce06f,e2b5d1af-611f-418e-93d3-019b7b7ef4af,123,lembang,cikatomas pakidulan joszzz,,,20a73ac2-f227-44a5-9e29-bc90a26d22a2,19.00 - 20.00.mp4,
131,15790,car,2mobil,2mobil,Car / Sedan,2,Sedan / jeep / station wagon,2mobil,2,Line 2,normal,489.8333,14695,0.363,142174c2-beba-409e-b25c-3c2882bce06f,e2b5d1af-611f-418e-93d3-019b7b7ef4af,123,lembang,cikatomas pakidulan joszzz,,,20a73ac2-f227-44a5-9e29-bc90a26d22a2,19.00 - 20.00.mp4,
132,15842,car,2mobil,2mobil,Car / Sedan,2,Sedan / jeep / station wagon,2mobil,2,Line 2,normal,491.5,14745,0.6869,142174c2-beba-409e-b25c-3c2882bce06f,e2b5d1af-611f-418e-93d3-019b7b7ef4af,123,lembang,cikatomas pakidulan joszzz,,,20a73ac2-f227-44a5-9e29-bc90a26d22a2,19.00 - 20.00.mp4,
133,16099,car,2mobil,2mobil,Car / Sedan,2,Sedan / jeep / station wagon,2mobil,2,Line 2,normal,499.5333,14986,0.5343,142174c2-beba-409e-b25c-3c2882bce06f,e2b5d1af-611f-418e-93d3-019b7b7ef4af,123,lembang,cikatomas pakidulan joszzz,,,20a73ac2-f227-44a5-9e29-bc90a26d22a2,19.00 - 20.00.mp4,
134,16129,car,2mobil,2mobil,Car / Sedan,2,Sedan / jeep / station wagon,2mobil,2,Line 2,normal,500.8667,15026,0.8606,142174c2-beba-409e-b25c-3c2882bce06f,e2b5d1af-611f-418e-93d3-019b7b7ef4af,123,lembang,cikatomas pakidulan joszzz,,,20a73ac2-f227-44a5-9e29-bc90a26d22a2,19.00 - 20.00.mp4,
135,16175,car,2mobil,2mobil,Car / Sedan,2,Sedan / jeep / station wagon,2mobil,2,Line 2,normal,501.6667,15050,0.4998,142174c2-beba-409e-b25c-3c2882bce06f,e2b5d1af-611f-418e-93d3-019b7b7ef4af,123,lembang,cikatomas pakidulan joszzz,,,20a73ac2-f227-44a5-9e29-bc90a26d22a2,19.00 - 20.00.mp4,
136,16210,truck,4pickupmicro,4PickupMicro,Pickup / Micro Truck,4,Pickup / micro truck / delivery,4PickupMicro,2,Line 2,opposite,503.8667,15116,0.7416,142174c2-beba-409e-b25c-3c2882bce06f,e2b5d1af-611f-418e-93d3-019b7b7ef4af,123,lembang,cikatomas pakidulan joszzz,,,20a73ac2-f227-44a5-9e29-bc90a26d22a2,19.00 - 20.00.mp4,
137,16319,truck,6tr_2sumbu,6TR_2sumbu,2-Axle Truck (Jumbo),6,2-Axle Truck,6TR_2sumbu,2,Line 2,opposite,507.3333,15220,0.8823,142174c2-beba-409e-b25c-3c2882bce06f,e2b5d1af-611f-418e-93d3-019b7b7ef4af,123,lembang,cikatomas pakidulan joszzz,,,20a73ac2-f227-44a5-9e29-bc90a26d22a2,19.00 - 20.00.mp4,
138,16822,truck,6tr_2sumbu,6TR_2sumbu,2-Axle Truck (Jumbo),6,2-Axle Truck,6TR_2sumbu,2,Line 2,opposite,521.9,15657,0.8896,142174c2-beba-409e-b25c-3c2882bce06f,e2b5d1af-611f-418e-93d3-019b7b7ef4af,123,lembang,cikatomas pakidulan joszzz,,,20a73ac2-f227-44a5-9e29-bc90a26d22a2,19.00 - 20.00.mp4,
139,16908,car,2mobil,2mobil,Car / Sedan,2,Sedan / jeep / station wagon,2mobil,2,Line 2,opposite,524.0333,15721,0.7519,142174c2-beba-409e-b25c-3c2882bce06f,e2b5d1af-611f-418e-93d3-019b7b7ef4af,123,lembang,cikatomas pakidulan joszzz,,,20a73ac2-f227-44a5-9e29-bc90a26d22a2,19.00 - 20.00.mp4,
140,16927,car,2mobil,2mobil,Car / Sedan,2,Sedan / jeep / station wagon,2mobil,2,Line 2,opposite,524.5667,15737,0.7897,142174c2-beba-409e-b25c-3c2882bce06f,e2b5d1af-611f-418e-93d3-019b7b7ef4af,123,lembang,cikatomas pakidulan joszzz,,,20a73ac2-f227-44a5-9e29-bc90a26d22a2,19.00 - 20.00.mp4,
141,16952,truck,6tr_2sumbu,6TR_2sumbu,2-Axle Truck (Jumbo),6,2-Axle Truck,6TR_2sumbu,2,Line 2,opposite,525.6,15768,0.7527,142174c2-beba-409e-b25c-3c2882bce06f,e2b5d1af-611f-418e-93d3-019b7b7ef4af,123,lembang,cikatomas pakidulan joszzz,,,20a73ac2-f227-44a5-9e29-bc90a26d22a2,19.00 - 20.00.mp4,
142,16991,car,2mobil,2mobil,Car / Sedan,2,Sedan / jeep / station wagon,2mobil,2,Line 2,opposite,526.0,15780,0.6935,142174c2-beba-409e-b25c-3c2882bce06f,e2b5d1af-611f-418e-93d3-019b7b7ef4af,123,lembang,cikatomas pakidulan joszzz,,,20a73ac2-f227-44a5-9e29-bc90a26d22a2,19.00 - 20.00.mp4,
143,17173,car,2mobil,2mobil,Car / Sedan,2,Sedan / jeep / station wagon,2mobil,2,Line 2,normal,531.6667,15950,0.5076,142174c2-beba-409e-b25c-3c2882bce06f,e2b5d1af-611f-418e-93d3-019b7b7ef4af,123,lembang,cikatomas pakidulan joszzz,,,20a73ac2-f227-44a5-9e29-bc90a26d22a2,19.00 - 20.00.mp4,
144,17164,truck,4pickupmicro,4PickupMicro,Pickup / Micro Truck,4,Pickup / micro truck / delivery,4PickupMicro,2,Line 2,opposite,531.9,15957,0.4963,142174c2-beba-409e-b25c-3c2882bce06f,e2b5d1af-611f-418e-93d3-019b7b7ef4af,123,lembang,cikatomas pakidulan joszzz,,,20a73ac2-f227-44a5-9e29-bc90a26d22a2,19.00 - 20.00.mp4,
145,17270,bus,5bus,5Bus,Bus,5,Bus,5Bus,2,Line 2,opposite,536.7,16101,0.8694,142174c2-beba-409e-b25c-3c2882bce06f,e2b5d1af-611f-418e-93d3-019b7b7ef4af,123,lembang,cikatomas pakidulan joszzz,,,20a73ac2-f227-44a5-9e29-bc90a26d22a2,19.00 - 20.00.mp4,
146,17329,truck,6tr_2sumbu,6TR_2sumbu,2-Axle Truck (Jumbo),6,2-Axle Truck,6TR_2sumbu,2,Line 2,opposite,538.5667,16157,0.8162,142174c2-beba-409e-b25c-3c2882bce06f,e2b5d1af-611f-418e-93d3-019b7b7ef4af,123,lembang,cikatomas pakidulan joszzz,,,20a73ac2-f227-44a5-9e29-bc90a26d22a2,19.00 - 20.00.mp4,
147,17381,car,2mobil,2mobil,Car / Sedan,2,Sedan / jeep / station wagon,2mobil,2,Line 2,normal,539.0,16170,0.6673,142174c2-beba-409e-b25c-3c2882bce06f,e2b5d1af-611f-418e-93d3-019b7b7ef4af,123,lembang,cikatomas pakidulan joszzz,,,20a73ac2-f227-44a5-9e29-bc90a26d22a2,19.00 - 20.00.mp4,
148,17437,car,2mobil,2mobil,Car / Sedan,2,Sedan / jeep / station wagon,2mobil,2,Line 2,normal,540.2,16206,0.689,142174c2-beba-409e-b25c-3c2882bce06f,e2b5d1af-611f-418e-93d3-019b7b7ef4af,123,lembang,cikatomas pakidulan joszzz,,,20a73ac2-f227-44a5-9e29-bc90a26d22a2,19.00 - 20.00.mp4,
149,17481,truck,6tr_2sumbu,6TR_2sumbu,2-Axle Truck (Jumbo),6,2-Axle Truck,6TR_2sumbu,1,Line 1,normal,542.1,16263,0.5746,142174c2-beba-409e-b25c-3c2882bce06f,e2b5d1af-611f-418e-93d3-019b7b7ef4af,123,lembang,cikatomas pakidulan joszzz,,,20a73ac2-f227-44a5-9e29-bc90a26d22a2,19.00 - 20.00.mp4,
150,17507,car,2mobil,2mobil,Car / Sedan,2,Sedan / jeep / station wagon,2mobil,2,Line 2,normal,542.7,16281,0.7583,142174c2-beba-409e-b25c-3c2882bce06f,e2b5d1af-611f-418e-93d3-019b7b7ef4af,123,lembang,cikatomas pakidulan joszzz,,,20a73ac2-f227-44a5-9e29-bc90a26d22a2,19.00 - 20.00.mp4,
151,17481,truck,6tr_2sumbu,6TR_2sumbu,2-Axle Truck (Jumbo),6,2-Axle Truck,6TR_2sumbu,2,Line 2,normal,543.4333,16303,0.9022,142174c2-beba-409e-b25c-3c2882bce06f,e2b5d1af-611f-418e-93d3-019b7b7ef4af,123,lembang,cikatomas pakidulan joszzz,,,20a73ac2-f227-44a5-9e29-bc90a26d22a2,19.00 - 20.00.mp4,
152,17522,car,2mobil,2mobil,Car / Sedan,2,Sedan / jeep / station wagon,2mobil,2,Line 2,opposite,543.5333,16306,0.8289,142174c2-beba-409e-b25c-3c2882bce06f,e2b5d1af-611f-418e-93d3-019b7b7ef4af,123,lembang,cikatomas pakidulan joszzz,,,20a73ac2-f227-44a5-9e29-bc90a26d22a2,19.00 - 20.00.mp4,
153,17654,car,2mobil,2mobil,Car / Sedan,2,Sedan / jeep / station wagon,2mobil,2,Line 2,normal,545.7333,16372,0.8811,142174c2-beba-409e-b25c-3c2882bce06f,e2b5d1af-611f-418e-93d3-019b7b7ef4af,123,lembang,cikatomas pakidulan joszzz,,,20a73ac2-f227-44a5-9e29-bc90a26d22a2,19.00 - 20.00.mp4,
154,17650,car,2mobil,2mobil,Car / Sedan,2,Sedan / jeep / station wagon,2mobil,2,Line 2,opposite,546.3,16389,0.5091,142174c2-beba-409e-b25c-3c2882bce06f,e2b5d1af-611f-418e-93d3-019b7b7ef4af,123,lembang,cikatomas pakidulan joszzz,,,20a73ac2-f227-44a5-9e29-bc90a26d22a2,19.00 - 20.00.mp4,
155,17730,car,2mobil,2mobil,Car / Sedan,2,Sedan / jeep / station wagon,2mobil,2,Line 2,opposite,547.7333,16432,0.7471,142174c2-beba-409e-b25c-3c2882bce06f,e2b5d1af-611f-418e-93d3-019b7b7ef4af,123,lembang,cikatomas pakidulan joszzz,,,20a73ac2-f227-44a5-9e29-bc90a26d22a2,19.00 - 20.00.mp4,
156,17703,truck,6tr_2sumbu,6TR_2sumbu,2-Axle Truck (Jumbo),6,2-Axle Truck,6TR_2sumbu,2,Line 2,opposite,548.1,16443,0.6647,142174c2-beba-409e-b25c-3c2882bce06f,e2b5d1af-611f-418e-93d3-019b7b7ef4af,123,lembang,cikatomas pakidulan joszzz,,,20a73ac2-f227-44a5-9e29-bc90a26d22a2,19.00 - 20.00.mp4,
157,18032,truck,4pickupmicro,4PickupMicro,Pickup / Micro Truck,4,Pickup / micro truck / delivery,4PickupMicro,2,Line 2,opposite,557.0,16710,0.5976,142174c2-beba-409e-b25c-3c2882bce06f,e2b5d1af-611f-418e-93d3-019b7b7ef4af,123,lembang,cikatomas pakidulan joszzz,,,20a73ac2-f227-44a5-9e29-bc90a26d22a2,19.00 - 20.00.mp4,
158,18089,car,2mobil,2mobil,Car / Sedan,2,Sedan / jeep / station wagon,2mobil,2,Line 2,opposite,558.9,16767,0.8548,142174c2-beba-409e-b25c-3c2882bce06f,e2b5d1af-611f-418e-93d3-019b7b7ef4af,123,lembang,cikatomas pakidulan joszzz,,,20a73ac2-f227-44a5-9e29-bc90a26d22a2,19.00 - 20.00.mp4,
159,18099,car,2mobil,2mobil,Car / Sedan,2,Sedan / jeep / station wagon,2mobil,2,Line 2,opposite,559.6667,16790,0.4968,142174c2-beba-409e-b25c-3c2882bce06f,e2b5d1af-611f-418e-93d3-019b7b7ef4af,123,lembang,cikatomas pakidulan joszzz,,,20a73ac2-f227-44a5-9e29-bc90a26d22a2,19.00 - 20.00.mp4,
160,18204,truck,4pickupmicro,4PickupMicro,Pickup / Micro Truck,4,Pickup / micro truck / delivery,4PickupMicro,2,Line 2,opposite,561.3667,16841,0.7813,142174c2-beba-409e-b25c-3c2882bce06f,e2b5d1af-611f-418e-93d3-019b7b7ef4af,123,lembang,cikatomas pakidulan joszzz,,,20a73ac2-f227-44a5-9e29-bc90a26d22a2,19.00 - 20.00.mp4,
161,18169,truck,6tr_2sumbu,6TR_2sumbu,2-Axle Truck (Jumbo),6,2-Axle Truck,6TR_2sumbu,2,Line 2,opposite,561.9,16857,0.3671,142174c2-beba-409e-b25c-3c2882bce06f,e2b5d1af-611f-418e-93d3-019b7b7ef4af,123,lembang,cikatomas pakidulan joszzz,,,20a73ac2-f227-44a5-9e29-bc90a26d22a2,19.00 - 20.00.mp4,
162,18696,truck,6tr_2sumbu,6TR_2sumbu,2-Axle Truck (Jumbo),6,2-Axle Truck,6TR_2sumbu,2,Line 2,normal,579.2667,17378,0.7397,142174c2-beba-409e-b25c-3c2882bce06f,e2b5d1af-611f-418e-93d3-019b7b7ef4af,123,lembang,cikatomas pakidulan joszzz,,,20a73ac2-f227-44a5-9e29-bc90a26d22a2,19.00 - 20.00.mp4,
163,18896,car,2mobil,2mobil,Car / Sedan,2,Sedan / jeep / station wagon,2mobil,2,Line 2,opposite,583.2333,17497,0.3522,142174c2-beba-409e-b25c-3c2882bce06f,e2b5d1af-611f-418e-93d3-019b7b7ef4af,123,lembang,cikatomas pakidulan joszzz,,,20a73ac2-f227-44a5-9e29-bc90a26d22a2,19.00 - 20.00.mp4,
164,19154,truck,6tr_2sumbu,6TR_2sumbu,2-Axle Truck (Jumbo),6,2-Axle Truck,6TR_2sumbu,2,Line 2,opposite,591.9667,17759,0.757,142174c2-beba-409e-b25c-3c2882bce06f,e2b5d1af-611f-418e-93d3-019b7b7ef4af,123,lembang,cikatomas pakidulan joszzz,,,20a73ac2-f227-44a5-9e29-bc90a26d22a2,19.00 - 20.00.mp4,
165,19698,car,2mobil,2mobil,Car / Sedan,2,Sedan / jeep / station wagon,2mobil,2,Line 2,normal,608.6667,18260,0.8441,142174c2-beba-409e-b25c-3c2882bce06f,e2b5d1af-611f-418e-93d3-019b7b7ef4af,123,lembang,cikatomas pakidulan joszzz,,,20a73ac2-f227-44a5-9e29-bc90a26d22a2,19.00 - 20.00.mp4,
166,20033,truck,6tr_2sumbu,6TR_2sumbu,2-Axle Truck (Jumbo),6,2-Axle Truck,6TR_2sumbu,2,Line 2,opposite,619.0667,18572,0.6233,142174c2-beba-409e-b25c-3c2882bce06f,e2b5d1af-611f-418e-93d3-019b7b7ef4af,123,lembang,cikatomas pakidulan joszzz,,,20a73ac2-f227-44a5-9e29-bc90a26d22a2,19.00 - 20.00.mp4,
167,20221,truck,4pickupmicro,4PickupMicro,Pickup / Micro Truck,4,Pickup / micro truck / delivery,4PickupMicro,2,Line 2,normal,626.3333,18790,0.493,142174c2-beba-409e-b25c-3c2882bce06f,e2b5d1af-611f-418e-93d3-019b7b7ef4af,123,lembang,cikatomas pakidulan joszzz,,,20a73ac2-f227-44a5-9e29-bc90a26d22a2,19.00 - 20.00.mp4,
168,20219,truck,6tr_2sumbu,6TR_2sumbu,2-Axle Truck (Jumbo),6,2-Axle Truck,6TR_2sumbu,2,Line 2,opposite,626.5667,18797,0.8149,142174c2-beba-409e-b25c-3c2882bce06f,e2b5d1af-611f-418e-93d3-019b7b7ef4af,123,lembang,cikatomas pakidulan joszzz,,,20a73ac2-f227-44a5-9e29-bc90a26d22a2,19.00 - 20.00.mp4,
169,20332,car,2mobil,2mobil,Car / Sedan,2,Sedan / jeep / station wagon,2mobil,2,Line 2,opposite,629.2,18876,0.288,142174c2-beba-409e-b25c-3c2882bce06f,e2b5d1af-611f-418e-93d3-019b7b7ef4af,123,lembang,cikatomas pakidulan joszzz,,,20a73ac2-f227-44a5-9e29-bc90a26d22a2,19.00 - 20.00.mp4,
170,20423,car,2mobil,2mobil,Car / Sedan,2,Sedan / jeep / station wagon,2mobil,2,Line 2,opposite,632.3333,18970,0.7855,142174c2-beba-409e-b25c-3c2882bce06f,e2b5d1af-611f-418e-93d3-019b7b7ef4af,123,lembang,cikatomas pakidulan joszzz,,,20a73ac2-f227-44a5-9e29-bc90a26d22a2,19.00 - 20.00.mp4,
171,20399,truck,6tr_2sumbu,6TR_2sumbu,2-Axle Truck (Jumbo),6,2-Axle Truck,6TR_2sumbu,2,Line 2,opposite,633.4667,19004,0.3841,142174c2-beba-409e-b25c-3c2882bce06f,e2b5d1af-611f-418e-93d3-019b7b7ef4af,123,lembang,cikatomas pakidulan joszzz,,,20a73ac2-f227-44a5-9e29-bc90a26d22a2,19.00 - 20.00.mp4,
172,20613,car,2mobil,2mobil,Car / Sedan,2,Sedan / jeep / station wagon,2mobil,2,Line 2,normal,637.3667,19121,0.7876,142174c2-beba-409e-b25c-3c2882bce06f,e2b5d1af-611f-418e-93d3-019b7b7ef4af,123,lembang,cikatomas pakidulan joszzz,,,20a73ac2-f227-44a5-9e29-bc90a26d22a2,19.00 - 20.00.mp4,
173,20645,truck,6tr_2sumbu,6TR_2sumbu,2-Axle Truck (Jumbo),6,2-Axle Truck,6TR_2sumbu,2,Line 2,normal,638.5,19155,0.4655,142174c2-beba-409e-b25c-3c2882bce06f,e2b5d1af-611f-418e-93d3-019b7b7ef4af,123,lembang,cikatomas pakidulan joszzz,,,20a73ac2-f227-44a5-9e29-bc90a26d22a2,19.00 - 20.00.mp4,
174,20734,truck,4pickupmicro,4PickupMicro,Pickup / Micro Truck,4,Pickup / micro truck / delivery,4PickupMicro,2,Line 2,normal,640.8667,19226,0.3209,142174c2-beba-409e-b25c-3c2882bce06f,e2b5d1af-611f-418e-93d3-019b7b7ef4af,123,lembang,cikatomas pakidulan joszzz,,,20a73ac2-f227-44a5-9e29-bc90a26d22a2,19.00 - 20.00.mp4,
175,20758,car,2mobil,2mobil,Car / Sedan,2,Sedan / jeep / station wagon,2mobil,2,Line 2,opposite,642.1,19263,0.6553,142174c2-beba-409e-b25c-3c2882bce06f,e2b5d1af-611f-418e-93d3-019b7b7ef4af,123,lembang,cikatomas pakidulan joszzz,,,20a73ac2-f227-44a5-9e29-bc90a26d22a2,19.00 - 20.00.mp4,
176,20816,car,2mobil,2mobil,Car / Sedan,2,Sedan / jeep / station wagon,2mobil,2,Line 2,opposite,643.7667,19313,0.5822,142174c2-beba-409e-b25c-3c2882bce06f,e2b5d1af-611f-418e-93d3-019b7b7ef4af,123,lembang,cikatomas pakidulan joszzz,,,20a73ac2-f227-44a5-9e29-bc90a26d22a2,19.00 - 20.00.mp4,
177,20982,truck,6tr_2sumbu,6TR_2sumbu,2-Axle Truck (Jumbo),6,2-Axle Truck,6TR_2sumbu,2,Line 2,normal,649.8333,19495,0.3602,142174c2-beba-409e-b25c-3c2882bce06f,e2b5d1af-611f-418e-93d3-019b7b7ef4af,123,lembang,cikatomas pakidulan joszzz,,,20a73ac2-f227-44a5-9e29-bc90a26d22a2,19.00 - 20.00.mp4,
178,21313,car,3ang_umum,3ang_umum,Public Transportation (Angkot),3,Medium passenger vehicle,3Ang_umum,2,Line 2,opposite,662.6667,19880,0.3873,142174c2-beba-409e-b25c-3c2882bce06f,e2b5d1af-611f-418e-93d3-019b7b7ef4af,123,lembang,cikatomas pakidulan joszzz,,,20a73ac2-f227-44a5-9e29-bc90a26d22a2,19.00 - 20.00.mp4,
179,21352,truck,4pickupmicro,4PickupMicro,Pickup / Micro Truck,4,Pickup / micro truck / delivery,4PickupMicro,2,Line 2,opposite,663.6333,19909,0.7227,142174c2-beba-409e-b25c-3c2882bce06f,e2b5d1af-611f-418e-93d3-019b7b7ef4af,123,lembang,cikatomas pakidulan joszzz,,,20a73ac2-f227-44a5-9e29-bc90a26d22a2,19.00 - 20.00.mp4,
180,21546,truck,6tr_2sumbu,6TR_2sumbu,2-Axle Truck (Jumbo),6,2-Axle Truck,6TR_2sumbu,2,Line 2,normal,668.1,20043,0.5721,142174c2-beba-409e-b25c-3c2882bce06f,e2b5d1af-611f-418e-93d3-019b7b7ef4af,123,lembang,cikatomas pakidulan joszzz,,,20a73ac2-f227-44a5-9e29-bc90a26d22a2,19.00 - 20.00.mp4,
181,21563,car,2mobil,2mobil,Car / Sedan,2,Sedan / jeep / station wagon,2mobil,2,Line 2,normal,668.5667,20057,0.5465,142174c2-beba-409e-b25c-3c2882bce06f,e2b5d1af-611f-418e-93d3-019b7b7ef4af,123,lembang,cikatomas pakidulan joszzz,,,20a73ac2-f227-44a5-9e29-bc90a26d22a2,19.00 - 20.00.mp4,
182,21637,car,2mobil,2mobil,Car / Sedan,2,Sedan / jeep / station wagon,2mobil,2,Line 2,opposite,670.6333,20119,0.4872,142174c2-beba-409e-b25c-3c2882bce06f,e2b5d1af-611f-418e-93d3-019b7b7ef4af,123,lembang,cikatomas pakidulan joszzz,,,20a73ac2-f227-44a5-9e29-bc90a26d22a2,19.00 - 20.00.mp4,
183,21648,car,2mobil,2mobil,Car / Sedan,2,Sedan / jeep / station wagon,2mobil,2,Line 2,normal,670.6667,20120,0.7755,142174c2-beba-409e-b25c-3c2882bce06f,e2b5d1af-611f-418e-93d3-019b7b7ef4af,123,lembang,cikatomas pakidulan joszzz,,,20a73ac2-f227-44a5-9e29-bc90a26d22a2,19.00 - 20.00.mp4,
184,21679,car,2mobil,2mobil,Car / Sedan,2,Sedan / jeep / station wagon,2mobil,2,Line 2,normal,671.5,20145,0.4125,142174c2-beba-409e-b25c-3c2882bce06f,e2b5d1af-611f-418e-93d3-019b7b7ef4af,123,lembang,cikatomas pakidulan joszzz,,,20a73ac2-f227-44a5-9e29-bc90a26d22a2,19.00 - 20.00.mp4,
185,21771,truck,4pickupmicro,4PickupMicro,Pickup / Micro Truck,4,Pickup / micro truck / delivery,4PickupMicro,2,Line 2,opposite,674.6667,20240,0.7221,142174c2-beba-409e-b25c-3c2882bce06f,e2b5d1af-611f-418e-93d3-019b7b7ef4af,123,lembang,cikatomas pakidulan joszzz,,,20a73ac2-f227-44a5-9e29-bc90a26d22a2,19.00 - 20.00.mp4,
186,21899,car,2mobil,2mobil,Car / Sedan,2,Sedan / jeep / station wagon,2mobil,2,Line 2,normal,678.9,20367,0.8114,142174c2-beba-409e-b25c-3c2882bce06f,e2b5d1af-611f-418e-93d3-019b7b7ef4af,123,lembang,cikatomas pakidulan joszzz,,,20a73ac2-f227-44a5-9e29-bc90a26d22a2,19.00 - 20.00.mp4,
187,21927,car,2mobil,2mobil,Car / Sedan,2,Sedan / jeep / station wagon,2mobil,2,Line 2,normal,680.0,20400,0.8557,142174c2-beba-409e-b25c-3c2882bce06f,e2b5d1af-611f-418e-93d3-019b7b7ef4af,123,lembang,cikatomas pakidulan joszzz,,,20a73ac2-f227-44a5-9e29-bc90a26d22a2,19.00 - 20.00.mp4,
188,22019,truck,6tr_2sumbu,6TR_2sumbu,2-Axle Truck (Jumbo),6,2-Axle Truck,6TR_2sumbu,2,Line 2,opposite,683.5667,20507,0.7958,142174c2-beba-409e-b25c-3c2882bce06f,e2b5d1af-611f-418e-93d3-019b7b7ef4af,123,lembang,cikatomas pakidulan joszzz,,,20a73ac2-f227-44a5-9e29-bc90a26d22a2,19.00 - 20.00.mp4,
189,22093,car,2mobil,2mobil,Car / Sedan,2,Sedan / jeep / station wagon,2mobil,2,Line 2,opposite,684.5667,20537,0.412,142174c2-beba-409e-b25c-3c2882bce06f,e2b5d1af-611f-418e-93d3-019b7b7ef4af,123,lembang,cikatomas pakidulan joszzz,,,20a73ac2-f227-44a5-9e29-bc90a26d22a2,19.00 - 20.00.mp4,
190,22114,car,2mobil,2mobil,Car / Sedan,2,Sedan / jeep / station wagon,2mobil,2,Line 2,opposite,685.8,20574,0.8249,142174c2-beba-409e-b25c-3c2882bce06f,e2b5d1af-611f-418e-93d3-019b7b7ef4af,123,lembang,cikatomas pakidulan joszzz,,,20a73ac2-f227-44a5-9e29-bc90a26d22a2,19.00 - 20.00.mp4,
191,22200,car,2mobil,2mobil,Car / Sedan,2,Sedan / jeep / station wagon,2mobil,2,Line 2,opposite,689.3,20679,0.5797,142174c2-beba-409e-b25c-3c2882bce06f,e2b5d1af-611f-418e-93d3-019b7b7ef4af,123,lembang,cikatomas pakidulan joszzz,,,20a73ac2-f227-44a5-9e29-bc90a26d22a2,19.00 - 20.00.mp4,
192,22499,car,2mobil,2mobil,Car / Sedan,2,Sedan / jeep / station wagon,2mobil,2,Line 2,opposite,697.9333,20938,0.7915,142174c2-beba-409e-b25c-3c2882bce06f,e2b5d1af-611f-418e-93d3-019b7b7ef4af,123,lembang,cikatomas pakidulan joszzz,,,20a73ac2-f227-44a5-9e29-bc90a26d22a2,19.00 - 20.00.mp4,
193,22560,car,2mobil,2mobil,Car / Sedan,2,Sedan / jeep / station wagon,2mobil,2,Line 2,opposite,700.8667,21026,0.3394,142174c2-beba-409e-b25c-3c2882bce06f,e2b5d1af-611f-418e-93d3-019b7b7ef4af,123,lembang,cikatomas pakidulan joszzz,,,20a73ac2-f227-44a5-9e29-bc90a26d22a2,19.00 - 20.00.mp4,
194,22570,car,2mobil,2mobil,Car / Sedan,2,Sedan / jeep / station wagon,2mobil,2,Line 2,opposite,701.2667,21038,0.5469,142174c2-beba-409e-b25c-3c2882bce06f,e2b5d1af-611f-418e-93d3-019b7b7ef4af,123,lembang,cikatomas pakidulan joszzz,,,20a73ac2-f227-44a5-9e29-bc90a26d22a2,19.00 - 20.00.mp4,
195,22612,car,2mobil,2mobil,Car / Sedan,2,Sedan / jeep / station wagon,2mobil,2,Line 2,opposite,702.2,21066,0.7576,142174c2-beba-409e-b25c-3c2882bce06f,e2b5d1af-611f-418e-93d3-019b7b7ef4af,123,lembang,cikatomas pakidulan joszzz,,,20a73ac2-f227-44a5-9e29-bc90a26d22a2,19.00 - 20.00.mp4,
196,22780,truck,6tr_2sumbu,6TR_2sumbu,2-Axle Truck (Jumbo),6,2-Axle Truck,6TR_2sumbu,2,Line 2,opposite,708.2667,21248,0.6404,142174c2-beba-409e-b25c-3c2882bce06f,e2b5d1af-611f-418e-93d3-019b7b7ef4af,123,lembang,cikatomas pakidulan joszzz,,,20a73ac2-f227-44a5-9e29-bc90a26d22a2,19.00 - 20.00.mp4,
197,22888,bus,5bus,5Bus,Bus,5,Bus,5Bus,2,Line 2,opposite,711.9667,21359,0.7441,142174c2-beba-409e-b25c-3c2882bce06f,e2b5d1af-611f-418e-93d3-019b7b7ef4af,123,lembang,cikatomas pakidulan joszzz,,,20a73ac2-f227-44a5-9e29-bc90a26d22a2,19.00 - 20.00.mp4,
198,23017,truck,4pickupmicro,4PickupMicro,Pickup / Micro Truck,4,Pickup / micro truck / delivery,4PickupMicro,2,Line 2,normal,714.6,21438,0.4758,142174c2-beba-409e-b25c-3c2882bce06f,e2b5d1af-611f-418e-93d3-019b7b7ef4af,123,lembang,cikatomas pakidulan joszzz,,,20a73ac2-f227-44a5-9e29-bc90a26d22a2,19.00 - 20.00.mp4,
199,23035,car,2mobil,2mobil,Car / Sedan,2,Sedan / jeep / station wagon,2mobil,2,Line 2,opposite,715.5,21465,0.4571,142174c2-beba-409e-b25c-3c2882bce06f,e2b5d1af-611f-418e-93d3-019b7b7ef4af,123,lembang,cikatomas pakidulan joszzz,,,20a73ac2-f227-44a5-9e29-bc90a26d22a2,19.00 - 20.00.mp4,
200,23115,bus,5bus,5Bus,Bus,5,Bus,5Bus,2,Line 2,opposite,717.7333,21532,0.9182,142174c2-beba-409e-b25c-3c2882bce06f,e2b5d1af-611f-418e-93d3-019b7b7ef4af,123,lembang,cikatomas pakidulan joszzz,,,20a73ac2-f227-44a5-9e29-bc90a26d22a2,19.00 - 20.00.mp4,
201,23171,truck,6tr_2sumbu,6TR_2sumbu,2-Axle Truck (Jumbo),6,2-Axle Truck,6TR_2sumbu,2,Line 2,opposite,719.5,21585,0.691,142174c2-beba-409e-b25c-3c2882bce06f,e2b5d1af-611f-418e-93d3-019b7b7ef4af,123,lembang,cikatomas pakidulan joszzz,,,20a73ac2-f227-44a5-9e29-bc90a26d22a2,19.00 - 20.00.mp4,
202,23332,car,2mobil,2mobil,Car / Sedan,2,Sedan / jeep / station wagon,2mobil,2,Line 2,opposite,723.7667,21713,0.852,142174c2-beba-409e-b25c-3c2882bce06f,e2b5d1af-611f-418e-93d3-019b7b7ef4af,123,lembang,cikatomas pakidulan joszzz,,,20a73ac2-f227-44a5-9e29-bc90a26d22a2,19.00 - 20.00.mp4,
203,23449,car,2mobil,2mobil,Car / Sedan,2,Sedan / jeep / station wagon,2mobil,2,Line 2,opposite,727.3333,21820,0.6352,142174c2-beba-409e-b25c-3c2882bce06f,e2b5d1af-611f-418e-93d3-019b7b7ef4af,123,lembang,cikatomas pakidulan joszzz,,,20a73ac2-f227-44a5-9e29-bc90a26d22a2,19.00 - 20.00.mp4,
204,23557,truck,4pickupmicro,4PickupMicro,Pickup / Micro Truck,4,Pickup / micro truck / delivery,4PickupMicro,2,Line 2,normal,731.5667,21947,0.6363,142174c2-beba-409e-b25c-3c2882bce06f,e2b5d1af-611f-418e-93d3-019b7b7ef4af,123,lembang,cikatomas pakidulan joszzz,,,20a73ac2-f227-44a5-9e29-bc90a26d22a2,19.00 - 20.00.mp4,
205,23765,truck,4pickupmicro,4PickupMicro,Pickup / Micro Truck,4,Pickup / micro truck / delivery,4PickupMicro,2,Line 2,normal,739.1667,22175,0.6949,142174c2-beba-409e-b25c-3c2882bce06f,e2b5d1af-611f-418e-93d3-019b7b7ef4af,123,lembang,cikatomas pakidulan joszzz,,,20a73ac2-f227-44a5-9e29-bc90a26d22a2,19.00 - 20.00.mp4,
206,23921,car,2mobil,2mobil,Car / Sedan,2,Sedan / jeep / station wagon,2mobil,2,Line 2,normal,743.7,22311,0.5331,142174c2-beba-409e-b25c-3c2882bce06f,e2b5d1af-611f-418e-93d3-019b7b7ef4af,123,lembang,cikatomas pakidulan joszzz,,,20a73ac2-f227-44a5-9e29-bc90a26d22a2,19.00 - 20.00.mp4,
207,23914,truck,4pickupmicro,4PickupMicro,Pickup / Micro Truck,4,Pickup / micro truck / delivery,4PickupMicro,2,Line 2,opposite,744.3,22329,0.8952,142174c2-beba-409e-b25c-3c2882bce06f,e2b5d1af-611f-418e-93d3-019b7b7ef4af,123,lembang,cikatomas pakidulan joszzz,,,20a73ac2-f227-44a5-9e29-bc90a26d22a2,19.00 - 20.00.mp4,
208,24155,car,2mobil,2mobil,Car / Sedan,2,Sedan / jeep / station wagon,2mobil,2,Line 2,normal,750.5667,22517,0.7341,142174c2-beba-409e-b25c-3c2882bce06f,e2b5d1af-611f-418e-93d3-019b7b7ef4af,123,lembang,cikatomas pakidulan joszzz,,,20a73ac2-f227-44a5-9e29-bc90a26d22a2,19.00 - 20.00.mp4,
209,24196,truck,6tr_2sumbu,6TR_2sumbu,2-Axle Truck (Jumbo),6,2-Axle Truck,6TR_2sumbu,2,Line 2,normal,752.6333,22579,0.6725,142174c2-beba-409e-b25c-3c2882bce06f,e2b5d1af-611f-418e-93d3-019b7b7ef4af,123,lembang,cikatomas pakidulan joszzz,,,20a73ac2-f227-44a5-9e29-bc90a26d22a2,19.00 - 20.00.mp4,
210,24229,truck,6tr_2sumbu,6TR_2sumbu,2-Axle Truck (Jumbo),6,2-Axle Truck,6TR_2sumbu,2,Line 2,normal,754.3333,22630,0.4207,142174c2-beba-409e-b25c-3c2882bce06f,e2b5d1af-611f-418e-93d3-019b7b7ef4af,123,lembang,cikatomas pakidulan joszzz,,,20a73ac2-f227-44a5-9e29-bc90a26d22a2,19.00 - 20.00.mp4,
211,24324,truck,6tr_2sumbu,6TR_2sumbu,2-Axle Truck (Jumbo),6,2-Axle Truck,6TR_2sumbu,2,Line 2,normal,757.2333,22717,0.6613,142174c2-beba-409e-b25c-3c2882bce06f,e2b5d1af-611f-418e-93d3-019b7b7ef4af,123,lembang,cikatomas pakidulan joszzz,,,20a73ac2-f227-44a5-9e29-bc90a26d22a2,19.00 - 20.00.mp4,
212,24326,car,2mobil,2mobil,Car / Sedan,2,Sedan / jeep / station wagon,2mobil,2,Line 2,opposite,757.7667,22733,0.518,142174c2-beba-409e-b25c-3c2882bce06f,e2b5d1af-611f-418e-93d3-019b7b7ef4af,123,lembang,cikatomas pakidulan joszzz,,,20a73ac2-f227-44a5-9e29-bc90a26d22a2,19.00 - 20.00.mp4,
213,24351,car,2mobil,2mobil,Car / Sedan,2,Sedan / jeep / station wagon,2mobil,2,Line 2,opposite,758.3,22749,0.8532,142174c2-beba-409e-b25c-3c2882bce06f,e2b5d1af-611f-418e-93d3-019b7b7ef4af,123,lembang,cikatomas pakidulan joszzz,,,20a73ac2-f227-44a5-9e29-bc90a26d22a2,19.00 - 20.00.mp4,
214,24384,car,2mobil,2mobil,Car / Sedan,2,Sedan / jeep / station wagon,2mobil,2,Line 2,normal,758.6333,22759,0.4038,142174c2-beba-409e-b25c-3c2882bce06f,e2b5d1af-611f-418e-93d3-019b7b7ef4af,123,lembang,cikatomas pakidulan joszzz,,,20a73ac2-f227-44a5-9e29-bc90a26d22a2,19.00 - 20.00.mp4,
215,24421,car,2mobil,2mobil,Car / Sedan,2,Sedan / jeep / station wagon,2mobil,2,Line 2,normal,759.4667,22784,0.8585,142174c2-beba-409e-b25c-3c2882bce06f,e2b5d1af-611f-418e-93d3-019b7b7ef4af,123,lembang,cikatomas pakidulan joszzz,,,20a73ac2-f227-44a5-9e29-bc90a26d22a2,19.00 - 20.00.mp4,
216,24571,car,2mobil,2mobil,Car / Sedan,2,Sedan / jeep / station wagon,2mobil,2,Line 2,normal,763.2333,22897,0.844,142174c2-beba-409e-b25c-3c2882bce06f,e2b5d1af-611f-418e-93d3-019b7b7ef4af,123,lembang,cikatomas pakidulan joszzz,,,20a73ac2-f227-44a5-9e29-bc90a26d22a2,19.00 - 20.00.mp4,
217,24558,car,2mobil,2mobil,Car / Sedan,2,Sedan / jeep / station wagon,2mobil,2,Line 2,opposite,763.8333,22915,0.5927,142174c2-beba-409e-b25c-3c2882bce06f,e2b5d1af-611f-418e-93d3-019b7b7ef4af,123,lembang,cikatomas pakidulan joszzz,,,20a73ac2-f227-44a5-9e29-bc90a26d22a2,19.00 - 20.00.mp4,
218,24665,car,2mobil,2mobil,Car / Sedan,2,Sedan / jeep / station wagon,2mobil,2,Line 2,normal,765.3667,22961,0.5221,142174c2-beba-409e-b25c-3c2882bce06f,e2b5d1af-611f-418e-93d3-019b7b7ef4af,123,lembang,cikatomas pakidulan joszzz,,,20a73ac2-f227-44a5-9e29-bc90a26d22a2,19.00 - 20.00.mp4,
219,24669,car,2mobil,2mobil,Car / Sedan,2,Sedan / jeep / station wagon,2mobil,2,Line 2,normal,766.1667,22985,0.8498,142174c2-beba-409e-b25c-3c2882bce06f,e2b5d1af-611f-418e-93d3-019b7b7ef4af,123,lembang,cikatomas pakidulan joszzz,,,20a73ac2-f227-44a5-9e29-bc90a26d22a2,19.00 - 20.00.mp4,
220,24695,truck,6tr_2sumbu,6TR_2sumbu,2-Axle Truck (Jumbo),6,2-Axle Truck,6TR_2sumbu,2,Line 2,normal,766.7667,23003,0.714,142174c2-beba-409e-b25c-3c2882bce06f,e2b5d1af-611f-418e-93d3-019b7b7ef4af,123,lembang,cikatomas pakidulan joszzz,,,20a73ac2-f227-44a5-9e29-bc90a26d22a2,19.00 - 20.00.mp4,
221,24763,car,2mobil,2mobil,Car / Sedan,2,Sedan / jeep / station wagon,2mobil,2,Line 2,opposite,769.8,23094,0.6585,142174c2-beba-409e-b25c-3c2882bce06f,e2b5d1af-611f-418e-93d3-019b7b7ef4af,123,lembang,cikatomas pakidulan joszzz,,,20a73ac2-f227-44a5-9e29-bc90a26d22a2,19.00 - 20.00.mp4,
222,24809,car,2mobil,2mobil,Car / Sedan,2,Sedan / jeep / station wagon,2mobil,2,Line 2,normal,770.5333,23116,0.7554,142174c2-beba-409e-b25c-3c2882bce06f,e2b5d1af-611f-418e-93d3-019b7b7ef4af,123,lembang,cikatomas pakidulan joszzz,,,20a73ac2-f227-44a5-9e29-bc90a26d22a2,19.00 - 20.00.mp4,
223,24830,bus,5bus,5Bus,Bus,5,Bus,5Bus,2,Line 2,opposite,772.3,23169,0.697,142174c2-beba-409e-b25c-3c2882bce06f,e2b5d1af-611f-418e-93d3-019b7b7ef4af,123,lembang,cikatomas pakidulan joszzz,,,20a73ac2-f227-44a5-9e29-bc90a26d22a2,19.00 - 20.00.mp4,
224,24904,truck,6tr_2sumbu,6TR_2sumbu,2-Axle Truck (Jumbo),6,2-Axle Truck,6TR_2sumbu,2,Line 2,normal,773.0333,23191,0.6808,142174c2-beba-409e-b25c-3c2882bce06f,e2b5d1af-611f-418e-93d3-019b7b7ef4af,123,lembang,cikatomas pakidulan joszzz,,,20a73ac2-f227-44a5-9e29-bc90a26d22a2,19.00 - 20.00.mp4,
225,24970,car,2mobil,2mobil,Car / Sedan,2,Sedan / jeep / station wagon,2mobil,2,Line 2,normal,775.4333,23263,0.8246,142174c2-beba-409e-b25c-3c2882bce06f,e2b5d1af-611f-418e-93d3-019b7b7ef4af,123,lembang,cikatomas pakidulan joszzz,,,20a73ac2-f227-44a5-9e29-bc90a26d22a2,19.00 - 20.00.mp4,
226,25220,car,2mobil,2mobil,Car / Sedan,2,Sedan / jeep / station wagon,2mobil,2,Line 2,opposite,782.7667,23483,0.3981,142174c2-beba-409e-b25c-3c2882bce06f,e2b5d1af-611f-418e-93d3-019b7b7ef4af,123,lembang,cikatomas pakidulan joszzz,,,20a73ac2-f227-44a5-9e29-bc90a26d22a2,19.00 - 20.00.mp4,
227,25285,car,2mobil,2mobil,Car / Sedan,2,Sedan / jeep / station wagon,2mobil,2,Line 2,normal,784.5333,23536,0.4862,142174c2-beba-409e-b25c-3c2882bce06f,e2b5d1af-611f-418e-93d3-019b7b7ef4af,123,lembang,cikatomas pakidulan joszzz,,,20a73ac2-f227-44a5-9e29-bc90a26d22a2,19.00 - 20.00.mp4,
228,25609,truck,6tr_2sumbu,6TR_2sumbu,2-Axle Truck (Jumbo),6,2-Axle Truck,6TR_2sumbu,2,Line 2,opposite,795.7333,23872,0.4894,142174c2-beba-409e-b25c-3c2882bce06f,e2b5d1af-611f-418e-93d3-019b7b7ef4af,123,lembang,cikatomas pakidulan joszzz,,,20a73ac2-f227-44a5-9e29-bc90a26d22a2,19.00 - 20.00.mp4,
229,25609,truck,6tr_2sumbu,6TR_2sumbu,2-Axle Truck (Jumbo),6,2-Axle Truck,6TR_2sumbu,1,Line 1,opposite,796.8333,23905,0.3412,142174c2-beba-409e-b25c-3c2882bce06f,e2b5d1af-611f-418e-93d3-019b7b7ef4af,123,lembang,cikatomas pakidulan joszzz,,,20a73ac2-f227-44a5-9e29-bc90a26d22a2,19.00 - 20.00.mp4,
230,25666,truck,7tr-3sumbu,7TR-3sumbu,3-Axle Truck (Jumbo),7,3-Axle Truck,7TR-3sumbu,2,Line 2,opposite,797.3333,23920,0.7612,142174c2-beba-409e-b25c-3c2882bce06f,e2b5d1af-611f-418e-93d3-019b7b7ef4af,123,lembang,cikatomas pakidulan joszzz,,,20a73ac2-f227-44a5-9e29-bc90a26d22a2,19.00 - 20.00.mp4,
231,25681,truck,6tr_2sumbu,6TR_2sumbu,2-Axle Truck (Jumbo),6,2-Axle Truck,6TR_2sumbu,2,Line 2,opposite,797.3333,23920,0.3432,142174c2-beba-409e-b25c-3c2882bce06f,e2b5d1af-611f-418e-93d3-019b7b7ef4af,123,lembang,cikatomas pakidulan joszzz,,,20a73ac2-f227-44a5-9e29-bc90a26d22a2,19.00 - 20.00.mp4,
232,25755,truck,6tr_2sumbu,6TR_2sumbu,2-Axle Truck (Jumbo),6,2-Axle Truck,6TR_2sumbu,2,Line 2,opposite,799.7667,23993,0.7565,142174c2-beba-409e-b25c-3c2882bce06f,e2b5d1af-611f-418e-93d3-019b7b7ef4af,123,lembang,cikatomas pakidulan joszzz,,,20a73ac2-f227-44a5-9e29-bc90a26d22a2,19.00 - 20.00.mp4,
233,25730,truck,7tr-3sumbu,7TR-3sumbu,3-Axle Truck (Jumbo),7,3-Axle Truck,7TR-3sumbu,2,Line 2,opposite,799.7667,23993,0.4274,142174c2-beba-409e-b25c-3c2882bce06f,e2b5d1af-611f-418e-93d3-019b7b7ef4af,123,lembang,cikatomas pakidulan joszzz,,,20a73ac2-f227-44a5-9e29-bc90a26d22a2,19.00 - 20.00.mp4,
234,25730,truck,6tr_2sumbu,6TR_2sumbu,2-Axle Truck (Jumbo),6,2-Axle Truck,6TR_2sumbu,1,Line 1,opposite,801.7,24051,0.8541,142174c2-beba-409e-b25c-3c2882bce06f,e2b5d1af-611f-418e-93d3-019b7b7ef4af,123,lembang,cikatomas pakidulan joszzz,,,20a73ac2-f227-44a5-9e29-bc90a26d22a2,19.00 - 20.00.mp4,
235,25929,car,2mobil,2mobil,Car / Sedan,2,Sedan / jeep / station wagon,2mobil,2,Line 2,opposite,804.9333,24148,0.4482,142174c2-beba-409e-b25c-3c2882bce06f,e2b5d1af-611f-418e-93d3-019b7b7ef4af,123,lembang,cikatomas pakidulan joszzz,,,20a73ac2-f227-44a5-9e29-bc90a26d22a2,19.00 - 20.00.mp4,
236,26052,bus,5bus,5Bus,Bus,5,Bus,5Bus,2,Line 2,normal,808.4333,24253,0.5227,142174c2-beba-409e-b25c-3c2882bce06f,e2b5d1af-611f-418e-93d3-019b7b7ef4af,123,lembang,cikatomas pakidulan joszzz,,,20a73ac2-f227-44a5-9e29-bc90a26d22a2,19.00 - 20.00.mp4,
237,26246,car,2mobil,2mobil,Car / Sedan,2,Sedan / jeep / station wagon,2mobil,2,Line 2,normal,815.9667,24479,0.7363,142174c2-beba-409e-b25c-3c2882bce06f,e2b5d1af-611f-418e-93d3-019b7b7ef4af,123,lembang,cikatomas pakidulan joszzz,,,20a73ac2-f227-44a5-9e29-bc90a26d22a2,19.00 - 20.00.mp4,
238,26224,truck,6tr_2sumbu,6TR_2sumbu,2-Axle Truck (Jumbo),6,2-Axle Truck,6TR_2sumbu,2,Line 2,opposite,816.9,24507,0.861,142174c2-beba-409e-b25c-3c2882bce06f,e2b5d1af-611f-418e-93d3-019b7b7ef4af,123,lembang,cikatomas pakidulan joszzz,,,20a73ac2-f227-44a5-9e29-bc90a26d22a2,19.00 - 20.00.mp4,
239,26362,bus,5bus,5Bus,Bus,5,Bus,5Bus,2,Line 2,opposite,821.3333,24640,0.8517,142174c2-beba-409e-b25c-3c2882bce06f,e2b5d1af-611f-418e-93d3-019b7b7ef4af,123,lembang,cikatomas pakidulan joszzz,,,20a73ac2-f227-44a5-9e29-bc90a26d22a2,19.00 - 20.00.mp4,
240,26615,car,2mobil,2mobil,Car / Sedan,2,Sedan / jeep / station wagon,2mobil,2,Line 2,opposite,828.1667,24845,0.799,142174c2-beba-409e-b25c-3c2882bce06f,e2b5d1af-611f-418e-93d3-019b7b7ef4af,123,lembang,cikatomas pakidulan joszzz,,,20a73ac2-f227-44a5-9e29-bc90a26d22a2,19.00 - 20.00.mp4,
241,26825,truck,6tr_2sumbu,6TR_2sumbu,2-Axle Truck (Jumbo),6,2-Axle Truck,6TR_2sumbu,2,Line 2,opposite,834.3667,25031,0.8242,142174c2-beba-409e-b25c-3c2882bce06f,e2b5d1af-611f-418e-93d3-019b7b7ef4af,123,lembang,cikatomas pakidulan joszzz,,,20a73ac2-f227-44a5-9e29-bc90a26d22a2,19.00 - 20.00.mp4,
242,26854,car,2mobil,2mobil,Car / Sedan,2,Sedan / jeep / station wagon,2mobil,2,Line 2,opposite,834.5667,25037,0.8241,142174c2-beba-409e-b25c-3c2882bce06f,e2b5d1af-611f-418e-93d3-019b7b7ef4af,123,lembang,cikatomas pakidulan joszzz,,,20a73ac2-f227-44a5-9e29-bc90a26d22a2,19.00 - 20.00.mp4,
243,26890,car,2mobil,2mobil,Car / Sedan,2,Sedan / jeep / station wagon,2mobil,2,Line 2,opposite,835.1,25053,0.7136,142174c2-beba-409e-b25c-3c2882bce06f,e2b5d1af-611f-418e-93d3-019b7b7ef4af,123,lembang,cikatomas pakidulan joszzz,,,20a73ac2-f227-44a5-9e29-bc90a26d22a2,19.00 - 20.00.mp4,
244,26927,car,3ang_umum,3ang_umum,Public Transportation (Angkot),3,Medium passenger vehicle,3Ang_umum,2,Line 2,opposite,837.1333,25114,0.8494,142174c2-beba-409e-b25c-3c2882bce06f,e2b5d1af-611f-418e-93d3-019b7b7ef4af,123,lembang,cikatomas pakidulan joszzz,,,20a73ac2-f227-44a5-9e29-bc90a26d22a2,19.00 - 20.00.mp4,
245,26958,car,2mobil,2mobil,Car / Sedan,2,Sedan / jeep / station wagon,2mobil,2,Line 2,normal,837.7667,25133,0.8809,142174c2-beba-409e-b25c-3c2882bce06f,e2b5d1af-611f-418e-93d3-019b7b7ef4af,123,lembang,cikatomas pakidulan joszzz,,,20a73ac2-f227-44a5-9e29-bc90a26d22a2,19.00 - 20.00.mp4,
246,27002,car,2mobil,2mobil,Car / Sedan,2,Sedan / jeep / station wagon,2mobil,2,Line 2,normal,838.3667,25151,0.8052,142174c2-beba-409e-b25c-3c2882bce06f,e2b5d1af-611f-418e-93d3-019b7b7ef4af,123,lembang,cikatomas pakidulan joszzz,,,20a73ac2-f227-44a5-9e29-bc90a26d22a2,19.00 - 20.00.mp4,
247,27019,truck,6tr_2sumbu,6TR_2sumbu,2-Axle Truck (Jumbo),6,2-Axle Truck,6TR_2sumbu,2,Line 2,normal,839.7,25191,0.8233,142174c2-beba-409e-b25c-3c2882bce06f,e2b5d1af-611f-418e-93d3-019b7b7ef4af,123,lembang,cikatomas pakidulan joszzz,,,20a73ac2-f227-44a5-9e29-bc90a26d22a2,19.00 - 20.00.mp4,
248,27047,car,2mobil,2mobil,Car / Sedan,2,Sedan / jeep / station wagon,2mobil,2,Line 2,normal,839.7,25191,0.8432,142174c2-beba-409e-b25c-3c2882bce06f,e2b5d1af-611f-418e-93d3-019b7b7ef4af,123,lembang,cikatomas pakidulan joszzz,,,20a73ac2-f227-44a5-9e29-bc90a26d22a2,19.00 - 20.00.mp4,
249,27130,truck,6tr_2sumbu,6TR_2sumbu,2-Axle Truck (Jumbo),6,2-Axle Truck,6TR_2sumbu,2,Line 2,normal,842.1,25263,0.8429,142174c2-beba-409e-b25c-3c2882bce06f,e2b5d1af-611f-418e-93d3-019b7b7ef4af,123,lembang,cikatomas pakidulan joszzz,,,20a73ac2-f227-44a5-9e29-bc90a26d22a2,19.00 - 20.00.mp4,
250,27192,truck,6tr_2sumbu,6TR_2sumbu,2-Axle Truck (Jumbo),6,2-Axle Truck,6TR_2sumbu,2,Line 2,normal,844.1,25323,0.429,142174c2-beba-409e-b25c-3c2882bce06f,e2b5d1af-611f-418e-93d3-019b7b7ef4af,123,lembang,cikatomas pakidulan joszzz,,,20a73ac2-f227-44a5-9e29-bc90a26d22a2,19.00 - 20.00.mp4,
251,27266,truck,6tr_2sumbu,6TR_2sumbu,2-Axle Truck (Jumbo),6,2-Axle Truck,6TR_2sumbu,2,Line 2,normal,845.8667,25376,0.7471,142174c2-beba-409e-b25c-3c2882bce06f,e2b5d1af-611f-418e-93d3-019b7b7ef4af,123,lembang,cikatomas pakidulan joszzz,,,20a73ac2-f227-44a5-9e29-bc90a26d22a2,19.00 - 20.00.mp4,
252,27281,car,2mobil,2mobil,Car / Sedan,2,Sedan / jeep / station wagon,2mobil,2,Line 2,normal,846.7,25401,0.8667,142174c2-beba-409e-b25c-3c2882bce06f,e2b5d1af-611f-418e-93d3-019b7b7ef4af,123,lembang,cikatomas pakidulan joszzz,,,20a73ac2-f227-44a5-9e29-bc90a26d22a2,19.00 - 20.00.mp4,
253,27292,car,2mobil,2mobil,Car / Sedan,2,Sedan / jeep / station wagon,2mobil,2,Line 2,opposite,847.3333,25420,0.5327,142174c2-beba-409e-b25c-3c2882bce06f,e2b5d1af-611f-418e-93d3-019b7b7ef4af,123,lembang,cikatomas pakidulan joszzz,,,20a73ac2-f227-44a5-9e29-bc90a26d22a2,19.00 - 20.00.mp4,
254,27385,truck,4pickupmicro,4PickupMicro,Pickup / Micro Truck,4,Pickup / micro truck / delivery,4PickupMicro,2,Line 2,opposite,850.3,25509,0.5946,142174c2-beba-409e-b25c-3c2882bce06f,e2b5d1af-611f-418e-93d3-019b7b7ef4af,123,lembang,cikatomas pakidulan joszzz,,,20a73ac2-f227-44a5-9e29-bc90a26d22a2,19.00 - 20.00.mp4,
255,27430,car,2mobil,2mobil,Car / Sedan,2,Sedan / jeep / station wagon,2mobil,2,Line 2,normal,851.0333,25531,0.5065,142174c2-beba-409e-b25c-3c2882bce06f,e2b5d1af-611f-418e-93d3-019b7b7ef4af,123,lembang,cikatomas pakidulan joszzz,,,20a73ac2-f227-44a5-9e29-bc90a26d22a2,19.00 - 20.00.mp4,
256,27463,truck,6tr_2sumbu,6TR_2sumbu,2-Axle Truck (Jumbo),6,2-Axle Truck,6TR_2sumbu,2,Line 2,normal,852.6667,25580,0.4946,142174c2-beba-409e-b25c-3c2882bce06f,e2b5d1af-611f-418e-93d3-019b7b7ef4af,123,lembang,cikatomas pakidulan joszzz,,,20a73ac2-f227-44a5-9e29-bc90a26d22a2,19.00 - 20.00.mp4,
257,27519,car,2mobil,2mobil,Car / Sedan,2,Sedan / jeep / station wagon,2mobil,2,Line 2,normal,853.8667,25616,0.8682,142174c2-beba-409e-b25c-3c2882bce06f,e2b5d1af-611f-418e-93d3-019b7b7ef4af,123,lembang,cikatomas pakidulan joszzz,,,20a73ac2-f227-44a5-9e29-bc90a26d22a2,19.00 - 20.00.mp4,
258,27585,car,2mobil,2mobil,Car / Sedan,2,Sedan / jeep / station wagon,2mobil,2,Line 2,normal,855.8333,25675,0.8158,142174c2-beba-409e-b25c-3c2882bce06f,e2b5d1af-611f-418e-93d3-019b7b7ef4af,123,lembang,cikatomas pakidulan joszzz,,,20a73ac2-f227-44a5-9e29-bc90a26d22a2,19.00 - 20.00.mp4,
259,27621,car,2mobil,2mobil,Car / Sedan,2,Sedan / jeep / station wagon,2mobil,2,Line 2,normal,857.3333,25720,0.5944,142174c2-beba-409e-b25c-3c2882bce06f,e2b5d1af-611f-418e-93d3-019b7b7ef4af,123,lembang,cikatomas pakidulan joszzz,,,20a73ac2-f227-44a5-9e29-bc90a26d22a2,19.00 - 20.00.mp4,
260,27648,car,2mobil,2mobil,Car / Sedan,2,Sedan / jeep / station wagon,2mobil,2,Line 2,normal,858.2333,25747,0.5881,142174c2-beba-409e-b25c-3c2882bce06f,e2b5d1af-611f-418e-93d3-019b7b7ef4af,123,lembang,cikatomas pakidulan joszzz,,,20a73ac2-f227-44a5-9e29-bc90a26d22a2,19.00 - 20.00.mp4,
261,27736,truck,4pickupmicro,4PickupMicro,Pickup / Micro Truck,4,Pickup / micro truck / delivery,4PickupMicro,2,Line 2,normal,861.8333,25855,0.8425,142174c2-beba-409e-b25c-3c2882bce06f,e2b5d1af-611f-418e-93d3-019b7b7ef4af,123,lembang,cikatomas pakidulan joszzz,,,20a73ac2-f227-44a5-9e29-bc90a26d22a2,19.00 - 20.00.mp4,
262,27831,truck,6tr_2sumbu,6TR_2sumbu,2-Axle Truck (Jumbo),6,2-Axle Truck,6TR_2sumbu,2,Line 2,normal,865.0667,25952,0.3505,142174c2-beba-409e-b25c-3c2882bce06f,e2b5d1af-611f-418e-93d3-019b7b7ef4af,123,lembang,cikatomas pakidulan joszzz,,,20a73ac2-f227-44a5-9e29-bc90a26d22a2,19.00 - 20.00.mp4,
263,28036,car,2mobil,2mobil,Car / Sedan,2,Sedan / jeep / station wagon,2mobil,2,Line 2,normal,870.5,26115,0.7814,142174c2-beba-409e-b25c-3c2882bce06f,e2b5d1af-611f-418e-93d3-019b7b7ef4af,123,lembang,cikatomas pakidulan joszzz,,,20a73ac2-f227-44a5-9e29-bc90a26d22a2,19.00 - 20.00.mp4,
264,28133,car,2mobil,2mobil,Car / Sedan,2,Sedan / jeep / station wagon,2mobil,2,Line 2,normal,872.7,26181,0.7991,142174c2-beba-409e-b25c-3c2882bce06f,e2b5d1af-611f-418e-93d3-019b7b7ef4af,123,lembang,cikatomas pakidulan joszzz,,,20a73ac2-f227-44a5-9e29-bc90a26d22a2,19.00 - 20.00.mp4,
265,28162,bus,5bus,5Bus,Bus,5,Bus,5Bus,2,Line 2,normal,873.7667,26213,0.8172,142174c2-beba-409e-b25c-3c2882bce06f,e2b5d1af-611f-418e-93d3-019b7b7ef4af,123,lembang,cikatomas pakidulan joszzz,,,20a73ac2-f227-44a5-9e29-bc90a26d22a2,19.00 - 20.00.mp4,
266,28204,truck,6tr_2sumbu,6TR_2sumbu,2-Axle Truck (Jumbo),6,2-Axle Truck,6TR_2sumbu,2,Line 2,normal,875.1,26253,0.5723,142174c2-beba-409e-b25c-3c2882bce06f,e2b5d1af-611f-418e-93d3-019b7b7ef4af,123,lembang,cikatomas pakidulan joszzz,,,20a73ac2-f227-44a5-9e29-bc90a26d22a2,19.00 - 20.00.mp4,
267,28314,car,2mobil,2mobil,Car / Sedan,2,Sedan / jeep / station wagon,2mobil,2,Line 2,normal,878.6333,26359,0.4714,142174c2-beba-409e-b25c-3c2882bce06f,e2b5d1af-611f-418e-93d3-019b7b7ef4af,123,lembang,cikatomas pakidulan joszzz,,,20a73ac2-f227-44a5-9e29-bc90a26d22a2,19.00 - 20.00.mp4,
268,28377,car,2mobil,2mobil,Car / Sedan,2,Sedan / jeep / station wagon,2mobil,2,Line 2,normal,881.4333,26443,0.7175,142174c2-beba-409e-b25c-3c2882bce06f,e2b5d1af-611f-418e-93d3-019b7b7ef4af,123,lembang,cikatomas pakidulan joszzz,,,20a73ac2-f227-44a5-9e29-bc90a26d22a2,19.00 - 20.00.mp4,
269,28391,car,2mobil,2mobil,Car / Sedan,2,Sedan / jeep / station wagon,2mobil,2,Line 2,normal,881.5,26445,0.5348,142174c2-beba-409e-b25c-3c2882bce06f,e2b5d1af-611f-418e-93d3-019b7b7ef4af,123,lembang,cikatomas pakidulan joszzz,,,20a73ac2-f227-44a5-9e29-bc90a26d22a2,19.00 - 20.00.mp4,
270,28412,truck,6tr_2sumbu,6TR_2sumbu,2-Axle Truck (Jumbo),6,2-Axle Truck,6TR_2sumbu,2,Line 2,normal,882.1667,26465,0.6877,142174c2-beba-409e-b25c-3c2882bce06f,e2b5d1af-611f-418e-93d3-019b7b7ef4af,123,lembang,cikatomas pakidulan joszzz,,,20a73ac2-f227-44a5-9e29-bc90a26d22a2,19.00 - 20.00.mp4,
271,28420,bus,5bus,5Bus,Bus,5,Bus,5Bus,2,Line 2,normal,882.1667,26465,0.572,142174c2-beba-409e-b25c-3c2882bce06f,e2b5d1af-611f-418e-93d3-019b7b7ef4af,123,lembang,cikatomas pakidulan joszzz,,,20a73ac2-f227-44a5-9e29-bc90a26d22a2,19.00 - 20.00.mp4,
272,28389,truck,4pickupmicro,4PickupMicro,Pickup / Micro Truck,4,Pickup / micro truck / delivery,4PickupMicro,2,Line 2,opposite,883.1,26493,0.7733,142174c2-beba-409e-b25c-3c2882bce06f,e2b5d1af-611f-418e-93d3-019b7b7ef4af,123,lembang,cikatomas pakidulan joszzz,,,20a73ac2-f227-44a5-9e29-bc90a26d22a2,19.00 - 20.00.mp4,
273,28562,motorcycle,1motor,1motor,Motorcycle,1,Motorcycle / 3-wheel vehicle,1motor,2,Line 2,normal,888.3,26649,0.6539,142174c2-beba-409e-b25c-3c2882bce06f,e2b5d1af-611f-418e-93d3-019b7b7ef4af,123,lembang,cikatomas pakidulan joszzz,,,20a73ac2-f227-44a5-9e29-bc90a26d22a2,19.00 - 20.00.mp4,
274,28577,bus,5bus,5Bus,Bus,5,Bus,5Bus,2,Line 2,normal,888.4,26652,0.9041,142174c2-beba-409e-b25c-3c2882bce06f,e2b5d1af-611f-418e-93d3-019b7b7ef4af,123,lembang,cikatomas pakidulan joszzz,,,20a73ac2-f227-44a5-9e29-bc90a26d22a2,19.00 - 20.00.mp4,
275,28690,bus,5bus,5Bus,Bus,5,Bus,5Bus,2,Line 2,normal,892.1,26763,0.7093,142174c2-beba-409e-b25c-3c2882bce06f,e2b5d1af-611f-418e-93d3-019b7b7ef4af,123,lembang,cikatomas pakidulan joszzz,,,20a73ac2-f227-44a5-9e29-bc90a26d22a2,19.00 - 20.00.mp4,
276,28708,car,2mobil,2mobil,Car / Sedan,2,Sedan / jeep / station wagon,2mobil,2,Line 2,normal,893.4,26802,0.4227,142174c2-beba-409e-b25c-3c2882bce06f,e2b5d1af-611f-418e-93d3-019b7b7ef4af,123,lembang,cikatomas pakidulan joszzz,,,20a73ac2-f227-44a5-9e29-bc90a26d22a2,19.00 - 20.00.mp4,
277,28716,bus,5bus,5Bus,Bus,5,Bus,5Bus,2,Line 2,normal,894.5333,26836,0.8577,142174c2-beba-409e-b25c-3c2882bce06f,e2b5d1af-611f-418e-93d3-019b7b7ef4af,123,lembang,cikatomas pakidulan joszzz,,,20a73ac2-f227-44a5-9e29-bc90a26d22a2,19.00 - 20.00.mp4,
278,29051,truck,6tr_2sumbu,6TR_2sumbu,2-Axle Truck (Jumbo),6,2-Axle Truck,6TR_2sumbu,2,Line 2,opposite,907.1333,27214,0.9015,142174c2-beba-409e-b25c-3c2882bce06f,e2b5d1af-611f-418e-93d3-019b7b7ef4af,123,lembang,cikatomas pakidulan joszzz,,,20a73ac2-f227-44a5-9e29-bc90a26d22a2,19.00 - 20.00.mp4,
279,29115,bus,5bus,5Bus,Bus,5,Bus,5Bus,2,Line 2,opposite,909.7333,27292,0.8827,142174c2-beba-409e-b25c-3c2882bce06f,e2b5d1af-611f-418e-93d3-019b7b7ef4af,123,lembang,cikatomas pakidulan joszzz,,,20a73ac2-f227-44a5-9e29-bc90a26d22a2,19.00 - 20.00.mp4,
280,29263,truck,6tr_2sumbu,6TR_2sumbu,2-Axle Truck (Jumbo),6,2-Axle Truck,6TR_2sumbu,2,Line 2,opposite,913.3,27399,0.6505,142174c2-beba-409e-b25c-3c2882bce06f,e2b5d1af-611f-418e-93d3-019b7b7ef4af,123,lembang,cikatomas pakidulan joszzz,,,20a73ac2-f227-44a5-9e29-bc90a26d22a2,19.00 - 20.00.mp4,
281,29324,truck,4pickupmicro,4PickupMicro,Pickup / Micro Truck,4,Pickup / micro truck / delivery,4PickupMicro,2,Line 2,opposite,915.2333,27457,0.3478,142174c2-beba-409e-b25c-3c2882bce06f,e2b5d1af-611f-418e-93d3-019b7b7ef4af,123,lembang,cikatomas pakidulan joszzz,,,20a73ac2-f227-44a5-9e29-bc90a26d22a2,19.00 - 20.00.mp4,
282,29791,truck,4pickupmicro,4PickupMicro,Pickup / Micro Truck,4,Pickup / micro truck / delivery,4PickupMicro,2,Line 2,opposite,929.3,27879,0.7398,142174c2-beba-409e-b25c-3c2882bce06f,e2b5d1af-611f-418e-93d3-019b7b7ef4af,123,lembang,cikatomas pakidulan joszzz,,,20a73ac2-f227-44a5-9e29-bc90a26d22a2,19.00 - 20.00.mp4,
283,29916,car,2mobil,2mobil,Car / Sedan,2,Sedan / jeep / station wagon,2mobil,2,Line 2,normal,933.0333,27991,0.8529,142174c2-beba-409e-b25c-3c2882bce06f,e2b5d1af-611f-418e-93d3-019b7b7ef4af,123,lembang,cikatomas pakidulan joszzz,,,20a73ac2-f227-44a5-9e29-bc90a26d22a2,19.00 - 20.00.mp4,
284,30011,truck,6tr_2sumbu,6TR_2sumbu,2-Axle Truck (Jumbo),6,2-Axle Truck,6TR_2sumbu,2,Line 2,normal,936.9333,28108,0.55,142174c2-beba-409e-b25c-3c2882bce06f,e2b5d1af-611f-418e-93d3-019b7b7ef4af,123,lembang,cikatomas pakidulan joszzz,,,20a73ac2-f227-44a5-9e29-bc90a26d22a2,19.00 - 20.00.mp4,
285,30109,car,2mobil,2mobil,Car / Sedan,2,Sedan / jeep / station wagon,2mobil,2,Line 2,normal,940.6,28218,0.6994,142174c2-beba-409e-b25c-3c2882bce06f,e2b5d1af-611f-418e-93d3-019b7b7ef4af,123,lembang,cikatomas pakidulan joszzz,,,20a73ac2-f227-44a5-9e29-bc90a26d22a2,19.00 - 20.00.mp4,
286,30121,car,2mobil,2mobil,Car / Sedan,2,Sedan / jeep / station wagon,2mobil,2,Line 2,normal,942.3,28269,0.8124,142174c2-beba-409e-b25c-3c2882bce06f,e2b5d1af-611f-418e-93d3-019b7b7ef4af,123,lembang,cikatomas pakidulan joszzz,,,20a73ac2-f227-44a5-9e29-bc90a26d22a2,19.00 - 20.00.mp4,
287,30115,truck,6tr_2sumbu,6TR_2sumbu,2-Axle Truck (Jumbo),6,2-Axle Truck,6TR_2sumbu,2,Line 2,opposite,942.6333,28279,0.6598,142174c2-beba-409e-b25c-3c2882bce06f,e2b5d1af-611f-418e-93d3-019b7b7ef4af,123,lembang,cikatomas pakidulan joszzz,,,20a73ac2-f227-44a5-9e29-bc90a26d22a2,19.00 - 20.00.mp4,
288,30130,truck,6tr_2sumbu,6TR_2sumbu,2-Axle Truck (Jumbo),6,2-Axle Truck,6TR_2sumbu,2,Line 2,opposite,943.3667,28301,0.7624,142174c2-beba-409e-b25c-3c2882bce06f,e2b5d1af-611f-418e-93d3-019b7b7ef4af,123,lembang,cikatomas pakidulan joszzz,,,20a73ac2-f227-44a5-9e29-bc90a26d22a2,19.00 - 20.00.mp4,
289,30569,car,2mobil,2mobil,Car / Sedan,2,Sedan / jeep / station wagon,2mobil,2,Line 2,normal,957.3,28719,0.4001,142174c2-beba-409e-b25c-3c2882bce06f,e2b5d1af-611f-418e-93d3-019b7b7ef4af,123,lembang,cikatomas pakidulan joszzz,,,20a73ac2-f227-44a5-9e29-bc90a26d22a2,19.00 - 20.00.mp4,
290,30589,car,2mobil,2mobil,Car / Sedan,2,Sedan / jeep / station wagon,2mobil,2,Line 2,opposite,958.7333,28762,0.7527,142174c2-beba-409e-b25c-3c2882bce06f,e2b5d1af-611f-418e-93d3-019b7b7ef4af,123,lembang,cikatomas pakidulan joszzz,,,20a73ac2-f227-44a5-9e29-bc90a26d22a2,19.00 - 20.00.mp4,
291,30937,car,2mobil,2mobil,Car / Sedan,2,Sedan / jeep / station wagon,2mobil,2,Line 2,opposite,971.6667,29150,0.8739,142174c2-beba-409e-b25c-3c2882bce06f,e2b5d1af-611f-418e-93d3-019b7b7ef4af,123,lembang,cikatomas pakidulan joszzz,,,20a73ac2-f227-44a5-9e29-bc90a26d22a2,19.00 - 20.00.mp4,
292,31051,bus,5bus,5Bus,Bus,5,Bus,5Bus,2,Line 2,normal,974.5,29235,0.9173,142174c2-beba-409e-b25c-3c2882bce06f,e2b5d1af-611f-418e-93d3-019b7b7ef4af,123,lembang,cikatomas pakidulan joszzz,,,20a73ac2-f227-44a5-9e29-bc90a26d22a2,19.00 - 20.00.mp4,
293,31118,truck,6tr_2sumbu,6TR_2sumbu,2-Axle Truck (Jumbo),6,2-Axle Truck,6TR_2sumbu,2,Line 2,normal,975.1,29253,0.5922,142174c2-beba-409e-b25c-3c2882bce06f,e2b5d1af-611f-418e-93d3-019b7b7ef4af,123,lembang,cikatomas pakidulan joszzz,,,20a73ac2-f227-44a5-9e29-bc90a26d22a2,19.00 - 20.00.mp4,
294,31152,car,2mobil,2mobil,Car / Sedan,2,Sedan / jeep / station wagon,2mobil,2,Line 2,normal,976.3,29289,0.539,142174c2-beba-409e-b25c-3c2882bce06f,e2b5d1af-611f-418e-93d3-019b7b7ef4af,123,lembang,cikatomas pakidulan joszzz,,,20a73ac2-f227-44a5-9e29-bc90a26d22a2,19.00 - 20.00.mp4,
295,31137,car,2mobil,2mobil,Car / Sedan,2,Sedan / jeep / station wagon,2mobil,2,Line 2,opposite,976.4333,29293,0.5048,142174c2-beba-409e-b25c-3c2882bce06f,e2b5d1af-611f-418e-93d3-019b7b7ef4af,123,lembang,cikatomas pakidulan joszzz,,,20a73ac2-f227-44a5-9e29-bc90a26d22a2,19.00 - 20.00.mp4,
296,31278,car,2mobil,2mobil,Car / Sedan,2,Sedan / jeep / station wagon,2mobil,2,Line 2,opposite,981.5,29445,0.3421,142174c2-beba-409e-b25c-3c2882bce06f,e2b5d1af-611f-418e-93d3-019b7b7ef4af,123,lembang,cikatomas pakidulan joszzz,,,20a73ac2-f227-44a5-9e29-bc90a26d22a2,19.00 - 20.00.mp4,
297,31330,truck,6tr_2sumbu,6TR_2sumbu,2-Axle Truck (Jumbo),6,2-Axle Truck,6TR_2sumbu,2,Line 2,opposite,983.7,29511,0.8897,142174c2-beba-409e-b25c-3c2882bce06f,e2b5d1af-611f-418e-93d3-019b7b7ef4af,123,lembang,cikatomas pakidulan joszzz,,,20a73ac2-f227-44a5-9e29-bc90a26d22a2,19.00 - 20.00.mp4,
298,31358,truck,6tr_2sumbu,6TR_2sumbu,2-Axle Truck (Jumbo),6,2-Axle Truck,6TR_2sumbu,2,Line 2,opposite,984.0667,29522,0.6484,142174c2-beba-409e-b25c-3c2882bce06f,e2b5d1af-611f-418e-93d3-019b7b7ef4af,123,lembang,cikatomas pakidulan joszzz,,,20a73ac2-f227-44a5-9e29-bc90a26d22a2,19.00 - 20.00.mp4,
299,31383,car,2mobil,2mobil,Car / Sedan,2,Sedan / jeep / station wagon,2mobil,2,Line 2,opposite,984.8667,29546,0.5396,142174c2-beba-409e-b25c-3c2882bce06f,e2b5d1af-611f-418e-93d3-019b7b7ef4af,123,lembang,cikatomas pakidulan joszzz,,,20a73ac2-f227-44a5-9e29-bc90a26d22a2,19.00 - 20.00.mp4,
300,31501,car,2mobil,2mobil,Car / Sedan,2,Sedan / jeep / station wagon,2mobil,2,Line 2,normal,988.3,29649,0.6068,142174c2-beba-409e-b25c-3c2882bce06f,e2b5d1af-611f-418e-93d3-019b7b7ef4af,123,lembang,cikatomas pakidulan joszzz,,,20a73ac2-f227-44a5-9e29-bc90a26d22a2,19.00 - 20.00.mp4,
301,31526,truck,6tr_2sumbu,6TR_2sumbu,2-Axle Truck (Jumbo),6,2-Axle Truck,6TR_2sumbu,2,Line 2,opposite,990.4667,29714,0.772,142174c2-beba-409e-b25c-3c2882bce06f,e2b5d1af-611f-418e-93d3-019b7b7ef4af,123,lembang,cikatomas pakidulan joszzz,,,20a73ac2-f227-44a5-9e29-bc90a26d22a2,19.00 - 20.00.mp4,
302,31571,truck,6tr_2sumbu,6TR_2sumbu,2-Axle Truck (Jumbo),6,2-Axle Truck,6TR_2sumbu,2,Line 2,opposite,990.4667,29714,0.582,142174c2-beba-409e-b25c-3c2882bce06f,e2b5d1af-611f-418e-93d3-019b7b7ef4af,123,lembang,cikatomas pakidulan joszzz,,,20a73ac2-f227-44a5-9e29-bc90a26d22a2,19.00 - 20.00.mp4,
303,31666,truck,4pickupmicro,4PickupMicro,Pickup / Micro Truck,4,Pickup / micro truck / delivery,4PickupMicro,2,Line 2,normal,994.0667,29822,0.5186,142174c2-beba-409e-b25c-3c2882bce06f,e2b5d1af-611f-418e-93d3-019b7b7ef4af,123,lembang,cikatomas pakidulan joszzz,,,20a73ac2-f227-44a5-9e29-bc90a26d22a2,19.00 - 20.00.mp4,
304,31715,car,2mobil,2mobil,Car / Sedan,2,Sedan / jeep / station wagon,2mobil,2,Line 2,normal,995.9,29877,0.7436,142174c2-beba-409e-b25c-3c2882bce06f,e2b5d1af-611f-418e-93d3-019b7b7ef4af,123,lembang,cikatomas pakidulan joszzz,,,20a73ac2-f227-44a5-9e29-bc90a26d22a2,19.00 - 20.00.mp4,
305,31753,car,2mobil,2mobil,Car / Sedan,2,Sedan / jeep / station wagon,2mobil,2,Line 2,normal,997.0667,29912,0.48,142174c2-beba-409e-b25c-3c2882bce06f,e2b5d1af-611f-418e-93d3-019b7b7ef4af,123,lembang,cikatomas pakidulan joszzz,,,20a73ac2-f227-44a5-9e29-bc90a26d22a2,19.00 - 20.00.mp4,
306,31975,car,2mobil,2mobil,Car / Sedan,2,Sedan / jeep / station wagon,2mobil,2,Line 2,opposite,1004.8667,30146,0.5323,142174c2-beba-409e-b25c-3c2882bce06f,e2b5d1af-611f-418e-93d3-019b7b7ef4af,123,lembang,cikatomas pakidulan joszzz,,,20a73ac2-f227-44a5-9e29-bc90a26d22a2,19.00 - 20.00.mp4,
307,32065,car,2mobil,2mobil,Car / Sedan,2,Sedan / jeep / station wagon,2mobil,2,Line 2,opposite,1007.8333,30235,0.3193,142174c2-beba-409e-b25c-3c2882bce06f,e2b5d1af-611f-418e-93d3-019b7b7ef4af,123,lembang,cikatomas pakidulan joszzz,,,20a73ac2-f227-44a5-9e29-bc90a26d22a2,19.00 - 20.00.mp4,
308,32235,truck,6tr_2sumbu,6TR_2sumbu,2-Axle Truck (Jumbo),6,2-Axle Truck,6TR_2sumbu,2,Line 2,normal,1014.0,30420,0.5011,142174c2-beba-409e-b25c-3c2882bce06f,e2b5d1af-611f-418e-93d3-019b7b7ef4af,123,lembang,cikatomas pakidulan joszzz,,,20a73ac2-f227-44a5-9e29-bc90a26d22a2,19.00 - 20.00.mp4,
309,32265,car,2mobil,2mobil,Car / Sedan,2,Sedan / jeep / station wagon,2mobil,2,Line 2,opposite,1015.2667,30458,0.5677,142174c2-beba-409e-b25c-3c2882bce06f,e2b5d1af-611f-418e-93d3-019b7b7ef4af,123,lembang,cikatomas pakidulan joszzz,,,20a73ac2-f227-44a5-9e29-bc90a26d22a2,19.00 - 20.00.mp4,
310,32280,car,3ang_umum,3ang_umum,Public Transportation (Angkot),3,Medium passenger vehicle,3Ang_umum,2,Line 2,normal,1015.8667,30476,0.7899,142174c2-beba-409e-b25c-3c2882bce06f,e2b5d1af-611f-418e-93d3-019b7b7ef4af,123,lembang,cikatomas pakidulan joszzz,,,20a73ac2-f227-44a5-9e29-bc90a26d22a2,19.00 - 20.00.mp4,
311,32737,truck,6tr_2sumbu,6TR_2sumbu,2-Axle Truck (Jumbo),6,2-Axle Truck,6TR_2sumbu,2,Line 2,opposite,1029.0333,30871,0.3136,142174c2-beba-409e-b25c-3c2882bce06f,e2b5d1af-611f-418e-93d3-019b7b7ef4af,123,lembang,cikatomas pakidulan joszzz,,,20a73ac2-f227-44a5-9e29-bc90a26d22a2,19.00 - 20.00.mp4,
312,33088,bus,5bus,5Bus,Bus,5,Bus,5Bus,2,Line 2,normal,1038.4667,31154,0.8165,142174c2-beba-409e-b25c-3c2882bce06f,e2b5d1af-611f-418e-93d3-019b7b7ef4af,123,lembang,cikatomas pakidulan joszzz,,,20a73ac2-f227-44a5-9e29-bc90a26d22a2,19.00 - 20.00.mp4,
313,33354,car,2mobil,2mobil,Car / Sedan,2,Sedan / jeep / station wagon,2mobil,2,Line 2,opposite,1045.7333,31372,0.4133,142174c2-beba-409e-b25c-3c2882bce06f,e2b5d1af-611f-418e-93d3-019b7b7ef4af,123,lembang,cikatomas pakidulan joszzz,,,20a73ac2-f227-44a5-9e29-bc90a26d22a2,19.00 - 20.00.mp4,
314,33388,truck,6tr_2sumbu,6TR_2sumbu,2-Axle Truck (Jumbo),6,2-Axle Truck,6TR_2sumbu,2,Line 2,normal,1046.6667,31400,0.8722,142174c2-beba-409e-b25c-3c2882bce06f,e2b5d1af-611f-418e-93d3-019b7b7ef4af,123,lembang,cikatomas pakidulan joszzz,,,20a73ac2-f227-44a5-9e29-bc90a26d22a2,19.00 - 20.00.mp4,
315,33334,truck,6tr_2sumbu,6TR_2sumbu,2-Axle Truck (Jumbo),6,2-Axle Truck,6TR_2sumbu,2,Line 2,opposite,1046.7333,31402,0.6978,142174c2-beba-409e-b25c-3c2882bce06f,e2b5d1af-611f-418e-93d3-019b7b7ef4af,123,lembang,cikatomas pakidulan joszzz,,,20a73ac2-f227-44a5-9e29-bc90a26d22a2,19.00 - 20.00.mp4,
316,33408,car,2mobil,2mobil,Car / Sedan,2,Sedan / jeep / station wagon,2mobil,2,Line 2,normal,1047.2,31416,0.5989,142174c2-beba-409e-b25c-3c2882bce06f,e2b5d1af-611f-418e-93d3-019b7b7ef4af,123,lembang,cikatomas pakidulan joszzz,,,20a73ac2-f227-44a5-9e29-bc90a26d22a2,19.00 - 20.00.mp4,
317,33440,bus,5bus,5Bus,Bus,5,Bus,5Bus,2,Line 2,opposite,1048.6667,31460,0.6499,142174c2-beba-409e-b25c-3c2882bce06f,e2b5d1af-611f-418e-93d3-019b7b7ef4af,123,lembang,cikatomas pakidulan joszzz,,,20a73ac2-f227-44a5-9e29-bc90a26d22a2,19.00 - 20.00.mp4,
318,33457,truck,4pickupmicro,4PickupMicro,Pickup / Micro Truck,4,Pickup / micro truck / delivery,4PickupMicro,2,Line 2,normal,1048.7,31461,0.6975,142174c2-beba-409e-b25c-3c2882bce06f,e2b5d1af-611f-418e-93d3-019b7b7ef4af,123,lembang,cikatomas pakidulan joszzz,,,20a73ac2-f227-44a5-9e29-bc90a26d22a2,19.00 - 20.00.mp4,
319,33481,car,2mobil,2mobil,Car / Sedan,2,Sedan / jeep / station wagon,2mobil,2,Line 2,normal,1049.2333,31477,0.7823,142174c2-beba-409e-b25c-3c2882bce06f,e2b5d1af-611f-418e-93d3-019b7b7ef4af,123,lembang,cikatomas pakidulan joszzz,,,20a73ac2-f227-44a5-9e29-bc90a26d22a2,19.00 - 20.00.mp4,
320,33524,truck,6tr_2sumbu,6TR_2sumbu,2-Axle Truck (Jumbo),6,2-Axle Truck,6TR_2sumbu,2,Line 2,normal,1051.3667,31541,0.7091,142174c2-beba-409e-b25c-3c2882bce06f,e2b5d1af-611f-418e-93d3-019b7b7ef4af,123,lembang,cikatomas pakidulan joszzz,,,20a73ac2-f227-44a5-9e29-bc90a26d22a2,19.00 - 20.00.mp4,
321,33541,car,2mobil,2mobil,Car / Sedan,2,Sedan / jeep / station wagon,2mobil,2,Line 2,normal,1051.5,31545,0.8154,142174c2-beba-409e-b25c-3c2882bce06f,e2b5d1af-611f-418e-93d3-019b7b7ef4af,123,lembang,cikatomas pakidulan joszzz,,,20a73ac2-f227-44a5-9e29-bc90a26d22a2,19.00 - 20.00.mp4,
322,33838,car,2mobil,2mobil,Car / Sedan,2,Sedan / jeep / station wagon,2mobil,2,Line 2,opposite,1059.9,31797,0.4743,142174c2-beba-409e-b25c-3c2882bce06f,e2b5d1af-611f-418e-93d3-019b7b7ef4af,123,lembang,cikatomas pakidulan joszzz,,,20a73ac2-f227-44a5-9e29-bc90a26d22a2,19.00 - 20.00.mp4,
323,33863,car,2mobil,2mobil,Car / Sedan,2,Sedan / jeep / station wagon,2mobil,2,Line 2,opposite,1060.5333,31816,0.7655,142174c2-beba-409e-b25c-3c2882bce06f,e2b5d1af-611f-418e-93d3-019b7b7ef4af,123,lembang,cikatomas pakidulan joszzz,,,20a73ac2-f227-44a5-9e29-bc90a26d22a2,19.00 - 20.00.mp4,
324,33862,truck,6tr_2sumbu,6TR_2sumbu,2-Axle Truck (Jumbo),6,2-Axle Truck,6TR_2sumbu,2,Line 2,opposite,1060.6667,31820,0.8647,142174c2-beba-409e-b25c-3c2882bce06f,e2b5d1af-611f-418e-93d3-019b7b7ef4af,123,lembang,cikatomas pakidulan joszzz,,,20a73ac2-f227-44a5-9e29-bc90a26d22a2,19.00 - 20.00.mp4,
325,33926,truck,6tr_2sumbu,6TR_2sumbu,2-Axle Truck (Jumbo),6,2-Axle Truck,6TR_2sumbu,2,Line 2,opposite,1063.2,31896,0.6859,142174c2-beba-409e-b25c-3c2882bce06f,e2b5d1af-611f-418e-93d3-019b7b7ef4af,123,lembang,cikatomas pakidulan joszzz,,,20a73ac2-f227-44a5-9e29-bc90a26d22a2,19.00 - 20.00.mp4,
326,34225,car,2mobil,2mobil,Car / Sedan,2,Sedan / jeep / station wagon,2mobil,2,Line 2,normal,1071.9,32157,0.6302,142174c2-beba-409e-b25c-3c2882bce06f,e2b5d1af-611f-418e-93d3-019b7b7ef4af,123,lembang,cikatomas pakidulan joszzz,,,20a73ac2-f227-44a5-9e29-bc90a26d22a2,19.00 - 20.00.mp4,
327,34400,car,3ang_umum,3ang_umum,Public Transportation (Angkot),3,Medium passenger vehicle,3Ang_umum,2,Line 2,opposite,1075.6667,32270,0.6766,142174c2-beba-409e-b25c-3c2882bce06f,e2b5d1af-611f-418e-93d3-019b7b7ef4af,123,lembang,cikatomas pakidulan joszzz,,,20a73ac2-f227-44a5-9e29-bc90a26d22a2,19.00 - 20.00.mp4,
328,34408,truck,6tr_2sumbu,6TR_2sumbu,2-Axle Truck (Jumbo),6,2-Axle Truck,6TR_2sumbu,2,Line 2,opposite,1075.9,32277,0.872,142174c2-beba-409e-b25c-3c2882bce06f,e2b5d1af-611f-418e-93d3-019b7b7ef4af,123,lembang,cikatomas pakidulan joszzz,,,20a73ac2-f227-44a5-9e29-bc90a26d22a2,19.00 - 20.00.mp4,
329,34490,car,2mobil,2mobil,Car / Sedan,2,Sedan / jeep / station wagon,2mobil,2,Line 2,opposite,1077.4667,32324,0.6886,142174c2-beba-409e-b25c-3c2882bce06f,e2b5d1af-611f-418e-93d3-019b7b7ef4af,123,lembang,cikatomas pakidulan joszzz,,,20a73ac2-f227-44a5-9e29-bc90a26d22a2,19.00 - 20.00.mp4,
330,34494,car,2mobil,2mobil,Car / Sedan,2,Sedan / jeep / station wagon,2mobil,2,Line 2,opposite,1078.1667,32345,0.3528,142174c2-beba-409e-b25c-3c2882bce06f,e2b5d1af-611f-418e-93d3-019b7b7ef4af,123,lembang,cikatomas pakidulan joszzz,,,20a73ac2-f227-44a5-9e29-bc90a26d22a2,19.00 - 20.00.mp4,
331,34884,car,2mobil,2mobil,Car / Sedan,2,Sedan / jeep / station wagon,2mobil,2,Line 2,opposite,1089.1,32673,0.8019,142174c2-beba-409e-b25c-3c2882bce06f,e2b5d1af-611f-418e-93d3-019b7b7ef4af,123,lembang,cikatomas pakidulan joszzz,,,20a73ac2-f227-44a5-9e29-bc90a26d22a2,19.00 - 20.00.mp4,
332,35112,car,2mobil,2mobil,Car / Sedan,2,Sedan / jeep / station wagon,2mobil,2,Line 2,normal,1094.9,32847,0.7382,142174c2-beba-409e-b25c-3c2882bce06f,e2b5d1af-611f-418e-93d3-019b7b7ef4af,123,lembang,cikatomas pakidulan joszzz,,,20a73ac2-f227-44a5-9e29-bc90a26d22a2,19.00 - 20.00.mp4,
333,35125,truck,4pickupmicro,4PickupMicro,Pickup / Micro Truck,4,Pickup / micro truck / delivery,4PickupMicro,2,Line 2,opposite,1095.5333,32866,0.8187,142174c2-beba-409e-b25c-3c2882bce06f,e2b5d1af-611f-418e-93d3-019b7b7ef4af,123,lembang,cikatomas pakidulan joszzz,,,20a73ac2-f227-44a5-9e29-bc90a26d22a2,19.00 - 20.00.mp4,
334,35150,truck,4pickupmicro,4PickupMicro,Pickup / Micro Truck,4,Pickup / micro truck / delivery,4PickupMicro,2,Line 2,opposite,1097.0667,32912,0.5892,142174c2-beba-409e-b25c-3c2882bce06f,e2b5d1af-611f-418e-93d3-019b7b7ef4af,123,lembang,cikatomas pakidulan joszzz,,,20a73ac2-f227-44a5-9e29-bc90a26d22a2,19.00 - 20.00.mp4,
335,35216,truck,7tr-3sumbu,7TR-3sumbu,3-Axle Truck (Jumbo),7,3-Axle Truck,7TR-3sumbu,2,Line 2,normal,1097.5333,32926,0.817,142174c2-beba-409e-b25c-3c2882bce06f,e2b5d1af-611f-418e-93d3-019b7b7ef4af,123,lembang,cikatomas pakidulan joszzz,,,20a73ac2-f227-44a5-9e29-bc90a26d22a2,19.00 - 20.00.mp4,
336,35250,car,2mobil,2mobil,Car / Sedan,2,Sedan / jeep / station wagon,2mobil,2,Line 2,normal,1098.3,32949,0.8016,142174c2-beba-409e-b25c-3c2882bce06f,e2b5d1af-611f-418e-93d3-019b7b7ef4af,123,lembang,cikatomas pakidulan joszzz,,,20a73ac2-f227-44a5-9e29-bc90a26d22a2,19.00 - 20.00.mp4,
337,35236,truck,6tr_2sumbu,6TR_2sumbu,2-Axle Truck (Jumbo),6,2-Axle Truck,6TR_2sumbu,2,Line 2,opposite,1099.0667,32972,0.4695,142174c2-beba-409e-b25c-3c2882bce06f,e2b5d1af-611f-418e-93d3-019b7b7ef4af,123,lembang,cikatomas pakidulan joszzz,,,20a73ac2-f227-44a5-9e29-bc90a26d22a2,19.00 - 20.00.mp4,
338,35294,car,2mobil,2mobil,Car / Sedan,2,Sedan / jeep / station wagon,2mobil,2,Line 2,normal,1099.9,32997,0.5926,142174c2-beba-409e-b25c-3c2882bce06f,e2b5d1af-611f-418e-93d3-019b7b7ef4af,123,lembang,cikatomas pakidulan joszzz,,,20a73ac2-f227-44a5-9e29-bc90a26d22a2,19.00 - 20.00.mp4,
339,35290,truck,6tr_2sumbu,6TR_2sumbu,2-Axle Truck (Jumbo),6,2-Axle Truck,6TR_2sumbu,2,Line 2,opposite,1100.5333,33016,0.3007,142174c2-beba-409e-b25c-3c2882bce06f,e2b5d1af-611f-418e-93d3-019b7b7ef4af,123,lembang,cikatomas pakidulan joszzz,,,20a73ac2-f227-44a5-9e29-bc90a26d22a2,19.00 - 20.00.mp4,
340,35312,truck,6tr_2sumbu,6TR_2sumbu,2-Axle Truck (Jumbo),6,2-Axle Truck,6TR_2sumbu,2,Line 2,opposite,1100.8,33024,0.8851,142174c2-beba-409e-b25c-3c2882bce06f,e2b5d1af-611f-418e-93d3-019b7b7ef4af,123,lembang,cikatomas pakidulan joszzz,,,20a73ac2-f227-44a5-9e29-bc90a26d22a2,19.00 - 20.00.mp4,
341,35311,car,2mobil,2mobil,Car / Sedan,2,Sedan / jeep / station wagon,2mobil,2,Line 2,opposite,1101.0667,33032,0.3556,142174c2-beba-409e-b25c-3c2882bce06f,e2b5d1af-611f-418e-93d3-019b7b7ef4af,123,lembang,cikatomas pakidulan joszzz,,,20a73ac2-f227-44a5-9e29-bc90a26d22a2,19.00 - 20.00.mp4,
342,35343,car,2mobil,2mobil,Car / Sedan,2,Sedan / jeep / station wagon,2mobil,2,Line 2,normal,1101.4667,33044,0.8562,142174c2-beba-409e-b25c-3c2882bce06f,e2b5d1af-611f-418e-93d3-019b7b7ef4af,123,lembang,cikatomas pakidulan joszzz,,,20a73ac2-f227-44a5-9e29-bc90a26d22a2,19.00 - 20.00.mp4,
343,35352,car,2mobil,2mobil,Car / Sedan,2,Sedan / jeep / station wagon,2mobil,2,Line 2,opposite,1102.4667,33074,0.4198,142174c2-beba-409e-b25c-3c2882bce06f,e2b5d1af-611f-418e-93d3-019b7b7ef4af,123,lembang,cikatomas pakidulan joszzz,,,20a73ac2-f227-44a5-9e29-bc90a26d22a2,19.00 - 20.00.mp4,
344,35404,car,2mobil,2mobil,Car / Sedan,2,Sedan / jeep / station wagon,2mobil,2,Line 2,opposite,1103.9,33117,0.7621,142174c2-beba-409e-b25c-3c2882bce06f,e2b5d1af-611f-418e-93d3-019b7b7ef4af,123,lembang,cikatomas pakidulan joszzz,,,20a73ac2-f227-44a5-9e29-bc90a26d22a2,19.00 - 20.00.mp4,
345,35537,car,2mobil,2mobil,Car / Sedan,2,Sedan / jeep / station wagon,2mobil,2,Line 2,opposite,1107.0333,33211,0.5115,142174c2-beba-409e-b25c-3c2882bce06f,e2b5d1af-611f-418e-93d3-019b7b7ef4af,123,lembang,cikatomas pakidulan joszzz,,,20a73ac2-f227-44a5-9e29-bc90a26d22a2,19.00 - 20.00.mp4,
346,35762,truck,6tr_2sumbu,6TR_2sumbu,2-Axle Truck (Jumbo),6,2-Axle Truck,6TR_2sumbu,2,Line 2,opposite,1112.7,33381,0.8873,142174c2-beba-409e-b25c-3c2882bce06f,e2b5d1af-611f-418e-93d3-019b7b7ef4af,123,lembang,cikatomas pakidulan joszzz,,,20a73ac2-f227-44a5-9e29-bc90a26d22a2,19.00 - 20.00.mp4,
347,35762,truck,6tr_2sumbu,6TR_2sumbu,2-Axle Truck (Jumbo),6,2-Axle Truck,6TR_2sumbu,1,Line 1,opposite,1115.2667,33458,0.4114,142174c2-beba-409e-b25c-3c2882bce06f,e2b5d1af-611f-418e-93d3-019b7b7ef4af,123,lembang,cikatomas pakidulan joszzz,,,20a73ac2-f227-44a5-9e29-bc90a26d22a2,19.00 - 20.00.mp4,
348,35849,car,2mobil,2mobil,Car / Sedan,2,Sedan / jeep / station wagon,2mobil,2,Line 2,opposite,1116.2,33486,0.8546,142174c2-beba-409e-b25c-3c2882bce06f,e2b5d1af-611f-418e-93d3-019b7b7ef4af,123,lembang,cikatomas pakidulan joszzz,,,20a73ac2-f227-44a5-9e29-bc90a26d22a2,19.00 - 20.00.mp4,
349,35897,car,2mobil,2mobil,Car / Sedan,2,Sedan / jeep / station wagon,2mobil,2,Line 2,opposite,1117.3667,33521,0.6013,142174c2-beba-409e-b25c-3c2882bce06f,e2b5d1af-611f-418e-93d3-019b7b7ef4af,123,lembang,cikatomas pakidulan joszzz,,,20a73ac2-f227-44a5-9e29-bc90a26d22a2,19.00 - 20.00.mp4,
350,35949,car,2mobil,2mobil,Car / Sedan,2,Sedan / jeep / station wagon,2mobil,2,Line 2,opposite,1118.9333,33568,0.407,142174c2-beba-409e-b25c-3c2882bce06f,e2b5d1af-611f-418e-93d3-019b7b7ef4af,123,lembang,cikatomas pakidulan joszzz,,,20a73ac2-f227-44a5-9e29-bc90a26d22a2,19.00 - 20.00.mp4,
351,36135,truck,4pickupmicro,4PickupMicro,Pickup / Micro Truck,4,Pickup / micro truck / delivery,4PickupMicro,2,Line 2,normal,1122.7,33681,0.783,142174c2-beba-409e-b25c-3c2882bce06f,e2b5d1af-611f-418e-93d3-019b7b7ef4af,123,lembang,cikatomas pakidulan joszzz,,,20a73ac2-f227-44a5-9e29-bc90a26d22a2,19.00 - 20.00.mp4,
352,36136,truck,6tr_2sumbu,6TR_2sumbu,2-Axle Truck (Jumbo),6,2-Axle Truck,6TR_2sumbu,2,Line 2,normal,1122.9333,33688,0.8442,142174c2-beba-409e-b25c-3c2882bce06f,e2b5d1af-611f-418e-93d3-019b7b7ef4af,123,lembang,cikatomas pakidulan joszzz,,,20a73ac2-f227-44a5-9e29-bc90a26d22a2,19.00 - 20.00.mp4,
353,36177,truck,6tr_2sumbu,6TR_2sumbu,2-Axle Truck (Jumbo),6,2-Axle Truck,6TR_2sumbu,2,Line 2,normal,1124.0667,33722,0.7554,142174c2-beba-409e-b25c-3c2882bce06f,e2b5d1af-611f-418e-93d3-019b7b7ef4af,123,lembang,cikatomas pakidulan joszzz,,,20a73ac2-f227-44a5-9e29-bc90a26d22a2,19.00 - 20.00.mp4,
354,36267,truck,6tr_2sumbu,6TR_2sumbu,2-Axle Truck (Jumbo),6,2-Axle Truck,6TR_2sumbu,2,Line 2,normal,1127.1333,33814,0.6502,142174c2-beba-409e-b25c-3c2882bce06f,e2b5d1af-611f-418e-93d3-019b7b7ef4af,123,lembang,cikatomas pakidulan joszzz,,,20a73ac2-f227-44a5-9e29-bc90a26d22a2,19.00 - 20.00.mp4,
355,36316,truck,6tr_2sumbu,6TR_2sumbu,2-Axle Truck (Jumbo),6,2-Axle Truck,6TR_2sumbu,2,Line 2,normal,1127.6333,33829,0.7772,142174c2-beba-409e-b25c-3c2882bce06f,e2b5d1af-611f-418e-93d3-019b7b7ef4af,123,lembang,cikatomas pakidulan joszzz,,,20a73ac2-f227-44a5-9e29-bc90a26d22a2,19.00 - 20.00.mp4,
356,36575,truck,6tr_2sumbu,6TR_2sumbu,2-Axle Truck (Jumbo),6,2-Axle Truck,6TR_2sumbu,2,Line 2,opposite,1137.2333,34117,0.6182,142174c2-beba-409e-b25c-3c2882bce06f,e2b5d1af-611f-418e-93d3-019b7b7ef4af,123,lembang,cikatomas pakidulan joszzz,,,20a73ac2-f227-44a5-9e29-bc90a26d22a2,19.00 - 20.00.mp4,
357,36739,bus,5bus,5Bus,Bus,5,Bus,5Bus,2,Line 2,normal,1141.0667,34232,0.6419,142174c2-beba-409e-b25c-3c2882bce06f,e2b5d1af-611f-418e-93d3-019b7b7ef4af,123,lembang,cikatomas pakidulan joszzz,,,20a73ac2-f227-44a5-9e29-bc90a26d22a2,19.00 - 20.00.mp4,
358,36809,car,2mobil,2mobil,Car / Sedan,2,Sedan / jeep / station wagon,2mobil,2,Line 2,normal,1142.9667,34289,0.8288,142174c2-beba-409e-b25c-3c2882bce06f,e2b5d1af-611f-418e-93d3-019b7b7ef4af,123,lembang,cikatomas pakidulan joszzz,,,20a73ac2-f227-44a5-9e29-bc90a26d22a2,19.00 - 20.00.mp4,
359,36804,car,2mobil,2mobil,Car / Sedan,2,Sedan / jeep / station wagon,2mobil,2,Line 2,opposite,1143.8,34314,0.3981,142174c2-beba-409e-b25c-3c2882bce06f,e2b5d1af-611f-418e-93d3-019b7b7ef4af,123,lembang,cikatomas pakidulan joszzz,,,20a73ac2-f227-44a5-9e29-bc90a26d22a2,19.00 - 20.00.mp4,
360,36822,truck,6tr_2sumbu,6TR_2sumbu,2-Axle Truck (Jumbo),6,2-Axle Truck,6TR_2sumbu,2,Line 2,normal,1144.0667,34322,0.732,142174c2-beba-409e-b25c-3c2882bce06f,e2b5d1af-611f-418e-93d3-019b7b7ef4af,123,lembang,cikatomas pakidulan joszzz,,,20a73ac2-f227-44a5-9e29-bc90a26d22a2,19.00 - 20.00.mp4,
361,36872,car,2mobil,2mobil,Car / Sedan,2,Sedan / jeep / station wagon,2mobil,2,Line 2,normal,1144.3333,34330,0.8236,142174c2-beba-409e-b25c-3c2882bce06f,e2b5d1af-611f-418e-93d3-019b7b7ef4af,123,lembang,cikatomas pakidulan joszzz,,,20a73ac2-f227-44a5-9e29-bc90a26d22a2,19.00 - 20.00.mp4,
362,36878,car,2mobil,2mobil,Car / Sedan,2,Sedan / jeep / station wagon,2mobil,2,Line 2,opposite,1145.4667,34364,0.8589,142174c2-beba-409e-b25c-3c2882bce06f,e2b5d1af-611f-418e-93d3-019b7b7ef4af,123,lembang,cikatomas pakidulan joszzz,,,20a73ac2-f227-44a5-9e29-bc90a26d22a2,19.00 - 20.00.mp4,
363,37318,motorcycle,1motor,1motor,Motorcycle,1,Motorcycle / 3-wheel vehicle,1motor,2,Line 2,normal,1156.8667,34706,0.4571,142174c2-beba-409e-b25c-3c2882bce06f,e2b5d1af-611f-418e-93d3-019b7b7ef4af,123,lembang,cikatomas pakidulan joszzz,,,20a73ac2-f227-44a5-9e29-bc90a26d22a2,19.00 - 20.00.mp4,
364,37405,truck,6tr_2sumbu,6TR_2sumbu,2-Axle Truck (Jumbo),6,2-Axle Truck,6TR_2sumbu,2,Line 2,opposite,1160.3667,34811,0.824,142174c2-beba-409e-b25c-3c2882bce06f,e2b5d1af-611f-418e-93d3-019b7b7ef4af,123,lembang,cikatomas pakidulan joszzz,,,20a73ac2-f227-44a5-9e29-bc90a26d22a2,19.00 - 20.00.mp4,
365,37405,truck,6tr_2sumbu,6TR_2sumbu,2-Axle Truck (Jumbo),6,2-Axle Truck,6TR_2sumbu,1,Line 1,opposite,1161.9667,34859,0.2893,142174c2-beba-409e-b25c-3c2882bce06f,e2b5d1af-611f-418e-93d3-019b7b7ef4af,123,lembang,cikatomas pakidulan joszzz,,,20a73ac2-f227-44a5-9e29-bc90a26d22a2,19.00 - 20.00.mp4,
366,37773,car,2mobil,2mobil,Car / Sedan,2,Sedan / jeep / station wagon,2mobil,2,Line 2,opposite,1170.0667,35102,0.4735,142174c2-beba-409e-b25c-3c2882bce06f,e2b5d1af-611f-418e-93d3-019b7b7ef4af,123,lembang,cikatomas pakidulan joszzz,,,20a73ac2-f227-44a5-9e29-bc90a26d22a2,19.00 - 20.00.mp4,
367,37885,car,2mobil,2mobil,Car / Sedan,2,Sedan / jeep / station wagon,2mobil,2,Line 2,opposite,1173.6,35208,0.7938,142174c2-beba-409e-b25c-3c2882bce06f,e2b5d1af-611f-418e-93d3-019b7b7ef4af,123,lembang,cikatomas pakidulan joszzz,,,20a73ac2-f227-44a5-9e29-bc90a26d22a2,19.00 - 20.00.mp4,
368,38004,car,2mobil,2mobil,Car / Sedan,2,Sedan / jeep / station wagon,2mobil,2,Line 2,normal,1176.3667,35291,0.6991,142174c2-beba-409e-b25c-3c2882bce06f,e2b5d1af-611f-418e-93d3-019b7b7ef4af,123,lembang,cikatomas pakidulan joszzz,,,20a73ac2-f227-44a5-9e29-bc90a26d22a2,19.00 - 20.00.mp4,
369,38140,truck,4pickupmicro,4PickupMicro,Pickup / Micro Truck,4,Pickup / micro truck / delivery,4PickupMicro,2,Line 2,normal,1181.4,35442,0.469,142174c2-beba-409e-b25c-3c2882bce06f,e2b5d1af-611f-418e-93d3-019b7b7ef4af,123,lembang,cikatomas pakidulan joszzz,,,20a73ac2-f227-44a5-9e29-bc90a26d22a2,19.00 - 20.00.mp4,
370,38310,car,2mobil,2mobil,Car / Sedan,2,Sedan / jeep / station wagon,2mobil,2,Line 2,opposite,1188.0667,35642,0.6229,142174c2-beba-409e-b25c-3c2882bce06f,e2b5d1af-611f-418e-93d3-019b7b7ef4af,123,lembang,cikatomas pakidulan joszzz,,,20a73ac2-f227-44a5-9e29-bc90a26d22a2,19.00 - 20.00.mp4,
371,38580,truck,7tr-3sumbu,7TR-3sumbu,3-Axle Truck (Jumbo),7,3-Axle Truck,7TR-3sumbu,2,Line 2,normal,1196.4667,35894,0.8798,142174c2-beba-409e-b25c-3c2882bce06f,e2b5d1af-611f-418e-93d3-019b7b7ef4af,123,lembang,cikatomas pakidulan joszzz,,,20a73ac2-f227-44a5-9e29-bc90a26d22a2,19.00 - 20.00.mp4,
372,38592,car,2mobil,2mobil,Car / Sedan,2,Sedan / jeep / station wagon,2mobil,2,Line 2,normal,1196.5667,35897,0.7171,142174c2-beba-409e-b25c-3c2882bce06f,e2b5d1af-611f-418e-93d3-019b7b7ef4af,123,lembang,cikatomas pakidulan joszzz,,,20a73ac2-f227-44a5-9e29-bc90a26d22a2,19.00 - 20.00.mp4,
373,38678,bus,5bus,5Bus,Bus,5,Bus,5Bus,2,Line 2,opposite,1199.6667,35990,0.7647,142174c2-beba-409e-b25c-3c2882bce06f,e2b5d1af-611f-418e-93d3-019b7b7ef4af,123,lembang,cikatomas pakidulan joszzz,,,20a73ac2-f227-44a5-9e29-bc90a26d22a2,19.00 - 20.00.mp4,
374,38765,truck,6tr_2sumbu,6TR_2sumbu,2-Axle Truck (Jumbo),6,2-Axle Truck,6TR_2sumbu,2,Line 2,opposite,1202.0333,36061,0.632,142174c2-beba-409e-b25c-3c2882bce06f,e2b5d1af-611f-418e-93d3-019b7b7ef4af,123,lembang,cikatomas pakidulan joszzz,,,20a73ac2-f227-44a5-9e29-bc90a26d22a2,19.00 - 20.00.mp4,
375,38873,car,3ang_umum,3ang_umum,Public Transportation (Angkot),3,Medium passenger vehicle,3Ang_umum,2,Line 2,opposite,1205.1333,36154,0.8663,142174c2-beba-409e-b25c-3c2882bce06f,e2b5d1af-611f-418e-93d3-019b7b7ef4af,123,lembang,cikatomas pakidulan joszzz,,,20a73ac2-f227-44a5-9e29-bc90a26d22a2,19.00 - 20.00.mp4,
376,39151,truck,6tr_2sumbu,6TR_2sumbu,2-Axle Truck (Jumbo),6,2-Axle Truck,6TR_2sumbu,2,Line 2,opposite,1213.2,36396,0.6831,142174c2-beba-409e-b25c-3c2882bce06f,e2b5d1af-611f-418e-93d3-019b7b7ef4af,123,lembang,cikatomas pakidulan joszzz,,,20a73ac2-f227-44a5-9e29-bc90a26d22a2,19.00 - 20.00.mp4,
377,39262,car,2mobil,2mobil,Car / Sedan,2,Sedan / jeep / station wagon,2mobil,2,Line 2,opposite,1216.4667,36494,0.6236,142174c2-beba-409e-b25c-3c2882bce06f,e2b5d1af-611f-418e-93d3-019b7b7ef4af,123,lembang,cikatomas pakidulan joszzz,,,20a73ac2-f227-44a5-9e29-bc90a26d22a2,19.00 - 20.00.mp4,
378,39282,car,2mobil,2mobil,Car / Sedan,2,Sedan / jeep / station wagon,2mobil,2,Line 2,opposite,1216.7667,36503,0.4613,142174c2-beba-409e-b25c-3c2882bce06f,e2b5d1af-611f-418e-93d3-019b7b7ef4af,123,lembang,cikatomas pakidulan joszzz,,,20a73ac2-f227-44a5-9e29-bc90a26d22a2,19.00 - 20.00.mp4,
379,39353,car,2mobil,2mobil,Car / Sedan,2,Sedan / jeep / station wagon,2mobil,2,Line 2,normal,1218.5333,36556,0.7037,142174c2-beba-409e-b25c-3c2882bce06f,e2b5d1af-611f-418e-93d3-019b7b7ef4af,123,lembang,cikatomas pakidulan joszzz,,,20a73ac2-f227-44a5-9e29-bc90a26d22a2,19.00 - 20.00.mp4,
380,39354,truck,6tr_2sumbu,6TR_2sumbu,2-Axle Truck (Jumbo),6,2-Axle Truck,6TR_2sumbu,2,Line 2,opposite,1219.4667,36584,0.8435,142174c2-beba-409e-b25c-3c2882bce06f,e2b5d1af-611f-418e-93d3-019b7b7ef4af,123,lembang,cikatomas pakidulan joszzz,,,20a73ac2-f227-44a5-9e29-bc90a26d22a2,19.00 - 20.00.mp4,
381,39627,car,2mobil,2mobil,Car / Sedan,2,Sedan / jeep / station wagon,2mobil,2,Line 2,normal,1227.8,36834,0.743,142174c2-beba-409e-b25c-3c2882bce06f,e2b5d1af-611f-418e-93d3-019b7b7ef4af,123,lembang,cikatomas pakidulan joszzz,,,20a73ac2-f227-44a5-9e29-bc90a26d22a2,19.00 - 20.00.mp4,
382,39721,truck,4pickupmicro,4PickupMicro,Pickup / Micro Truck,4,Pickup / micro truck / delivery,4PickupMicro,2,Line 2,normal,1232.5333,36976,0.3666,142174c2-beba-409e-b25c-3c2882bce06f,e2b5d1af-611f-418e-93d3-019b7b7ef4af,123,lembang,cikatomas pakidulan joszzz,,,20a73ac2-f227-44a5-9e29-bc90a26d22a2,19.00 - 20.00.mp4,
383,39735,car,2mobil,2mobil,Car / Sedan,2,Sedan / jeep / station wagon,2mobil,2,Line 2,opposite,1232.7333,36982,0.8202,142174c2-beba-409e-b25c-3c2882bce06f,e2b5d1af-611f-418e-93d3-019b7b7ef4af,123,lembang,cikatomas pakidulan joszzz,,,20a73ac2-f227-44a5-9e29-bc90a26d22a2,19.00 - 20.00.mp4,
384,39849,bus,5bus,5Bus,Bus,5,Bus,5Bus,2,Line 2,opposite,1237.2667,37118,0.5766,142174c2-beba-409e-b25c-3c2882bce06f,e2b5d1af-611f-418e-93d3-019b7b7ef4af,123,lembang,cikatomas pakidulan joszzz,,,20a73ac2-f227-44a5-9e29-bc90a26d22a2,19.00 - 20.00.mp4,
385,39989,truck,7tr-3sumbu,7TR-3sumbu,3-Axle Truck (Jumbo),7,3-Axle Truck,7TR-3sumbu,2,Line 2,opposite,1243.1667,37295,0.8815,142174c2-beba-409e-b25c-3c2882bce06f,e2b5d1af-611f-418e-93d3-019b7b7ef4af,123,lembang,cikatomas pakidulan joszzz,,,20a73ac2-f227-44a5-9e29-bc90a26d22a2,19.00 - 20.00.mp4,
386,40125,car,2mobil,2mobil,Car / Sedan,2,Sedan / jeep / station wagon,2mobil,2,Line 2,opposite,1245.0333,37351,0.5586,142174c2-beba-409e-b25c-3c2882bce06f,e2b5d1af-611f-418e-93d3-019b7b7ef4af,123,lembang,cikatomas pakidulan joszzz,,,20a73ac2-f227-44a5-9e29-bc90a26d22a2,19.00 - 20.00.mp4,
387,40268,truck,7tr-3sumbu,7TR-3sumbu,3-Axle Truck (Jumbo),7,3-Axle Truck,7TR-3sumbu,2,Line 2,opposite,1249.7667,37493,0.8436,142174c2-beba-409e-b25c-3c2882bce06f,e2b5d1af-611f-418e-93d3-019b7b7ef4af,123,lembang,cikatomas pakidulan joszzz,,,20a73ac2-f227-44a5-9e29-bc90a26d22a2,19.00 - 20.00.mp4,
388,40268,truck,6tr_2sumbu,6TR_2sumbu,2-Axle Truck (Jumbo),6,2-Axle Truck,6TR_2sumbu,1,Line 1,opposite,1251.3333,37540,0.3359,142174c2-beba-409e-b25c-3c2882bce06f,e2b5d1af-611f-418e-93d3-019b7b7ef4af,123,lembang,cikatomas pakidulan joszzz,,,20a73ac2-f227-44a5-9e29-bc90a26d22a2,19.00 - 20.00.mp4,
389,40618,car,2mobil,2mobil,Car / Sedan,2,Sedan / jeep / station wagon,2mobil,2,Line 2,normal,1258.9,37767,0.8187,142174c2-beba-409e-b25c-3c2882bce06f,e2b5d1af-611f-418e-93d3-019b7b7ef4af,123,lembang,cikatomas pakidulan joszzz,,,20a73ac2-f227-44a5-9e29-bc90a26d22a2,19.00 - 20.00.mp4,
390,40620,car,2mobil,2mobil,Car / Sedan,2,Sedan / jeep / station wagon,2mobil,2,Line 2,normal,1260.0,37800,0.8441,142174c2-beba-409e-b25c-3c2882bce06f,e2b5d1af-611f-418e-93d3-019b7b7ef4af,123,lembang,cikatomas pakidulan joszzz,,,20a73ac2-f227-44a5-9e29-bc90a26d22a2,19.00 - 20.00.mp4,
391,40653,car,2mobil,2mobil,Car / Sedan,2,Sedan / jeep / station wagon,2mobil,2,Line 2,opposite,1260.8667,37826,0.532,142174c2-beba-409e-b25c-3c2882bce06f,e2b5d1af-611f-418e-93d3-019b7b7ef4af,123,lembang,cikatomas pakidulan joszzz,,,20a73ac2-f227-44a5-9e29-bc90a26d22a2,19.00 - 20.00.mp4,
392,40727,car,2mobil,2mobil,Car / Sedan,2,Sedan / jeep / station wagon,2mobil,2,Line 2,opposite,1263.5333,37906,0.6127,142174c2-beba-409e-b25c-3c2882bce06f,e2b5d1af-611f-418e-93d3-019b7b7ef4af,123,lembang,cikatomas pakidulan joszzz,,,20a73ac2-f227-44a5-9e29-bc90a26d22a2,19.00 - 20.00.mp4,
393,40744,truck,6tr_2sumbu,6TR_2sumbu,2-Axle Truck (Jumbo),6,2-Axle Truck,6TR_2sumbu,2,Line 2,opposite,1264.2333,37927,0.5923,142174c2-beba-409e-b25c-3c2882bce06f,e2b5d1af-611f-418e-93d3-019b7b7ef4af,123,lembang,cikatomas pakidulan joszzz,,,20a73ac2-f227-44a5-9e29-bc90a26d22a2,19.00 - 20.00.mp4,
394,41472,truck,6tr_2sumbu,6TR_2sumbu,2-Axle Truck (Jumbo),6,2-Axle Truck,6TR_2sumbu,2,Line 2,opposite,1286.2667,38588,0.7632,142174c2-beba-409e-b25c-3c2882bce06f,e2b5d1af-611f-418e-93d3-019b7b7ef4af,123,lembang,cikatomas pakidulan joszzz,,,20a73ac2-f227-44a5-9e29-bc90a26d22a2,19.00 - 20.00.mp4,
395,41492,truck,4pickupmicro,4PickupMicro,Pickup / Micro Truck,4,Pickup / micro truck / delivery,4PickupMicro,2,Line 2,normal,1286.4333,38593,0.659,142174c2-beba-409e-b25c-3c2882bce06f,e2b5d1af-611f-418e-93d3-019b7b7ef4af,123,lembang,cikatomas pakidulan joszzz,,,20a73ac2-f227-44a5-9e29-bc90a26d22a2,19.00 - 20.00.mp4,
396,41529,truck,4pickupmicro,4PickupMicro,Pickup / Micro Truck,4,Pickup / micro truck / delivery,4PickupMicro,2,Line 2,normal,1286.4333,38593,0.3429,142174c2-beba-409e-b25c-3c2882bce06f,e2b5d1af-611f-418e-93d3-019b7b7ef4af,123,lembang,cikatomas pakidulan joszzz,,,20a73ac2-f227-44a5-9e29-bc90a26d22a2,19.00 - 20.00.mp4,
397,41574,car,2mobil,2mobil,Car / Sedan,2,Sedan / jeep / station wagon,2mobil,2,Line 2,normal,1287.8,38634,0.8521,142174c2-beba-409e-b25c-3c2882bce06f,e2b5d1af-611f-418e-93d3-019b7b7ef4af,123,lembang,cikatomas pakidulan joszzz,,,20a73ac2-f227-44a5-9e29-bc90a26d22a2,19.00 - 20.00.mp4,
398,41643,truck,4pickupmicro,4PickupMicro,Pickup / Micro Truck,4,Pickup / micro truck / delivery,4PickupMicro,2,Line 2,normal,1289.3333,38680,0.5267,142174c2-beba-409e-b25c-3c2882bce06f,e2b5d1af-611f-418e-93d3-019b7b7ef4af,123,lembang,cikatomas pakidulan joszzz,,,20a73ac2-f227-44a5-9e29-bc90a26d22a2,19.00 - 20.00.mp4,
399,41656,truck,6tr_2sumbu,6TR_2sumbu,2-Axle Truck (Jumbo),6,2-Axle Truck,6TR_2sumbu,2,Line 2,normal,1289.9333,38698,0.7976,142174c2-beba-409e-b25c-3c2882bce06f,e2b5d1af-611f-418e-93d3-019b7b7ef4af,123,lembang,cikatomas pakidulan joszzz,,,20a73ac2-f227-44a5-9e29-bc90a26d22a2,19.00 - 20.00.mp4,
400,41960,car,2mobil,2mobil,Car / Sedan,2,Sedan / jeep / station wagon,2mobil,2,Line 2,opposite,1298.7667,38963,0.6961,142174c2-beba-409e-b25c-3c2882bce06f,e2b5d1af-611f-418e-93d3-019b7b7ef4af,123,lembang,cikatomas pakidulan joszzz,,,20a73ac2-f227-44a5-9e29-bc90a26d22a2,19.00 - 20.00.mp4,
401,41906,truck,6tr_2sumbu,6TR_2sumbu,2-Axle Truck (Jumbo),6,2-Axle Truck,6TR_2sumbu,2,Line 2,opposite,1299.0667,38972,0.3852,142174c2-beba-409e-b25c-3c2882bce06f,e2b5d1af-611f-418e-93d3-019b7b7ef4af,123,lembang,cikatomas pakidulan joszzz,,,20a73ac2-f227-44a5-9e29-bc90a26d22a2,19.00 - 20.00.mp4,
402,42024,car,2mobil,2mobil,Car / Sedan,2,Sedan / jeep / station wagon,2mobil,2,Line 2,normal,1300.3667,39011,0.8352,142174c2-beba-409e-b25c-3c2882bce06f,e2b5d1af-611f-418e-93d3-019b7b7ef4af,123,lembang,cikatomas pakidulan joszzz,,,20a73ac2-f227-44a5-9e29-bc90a26d22a2,19.00 - 20.00.mp4,
403,42087,car,2mobil,2mobil,Car / Sedan,2,Sedan / jeep / station wagon,2mobil,2,Line 2,normal,1301.8333,39055,0.7977,142174c2-beba-409e-b25c-3c2882bce06f,e2b5d1af-611f-418e-93d3-019b7b7ef4af,123,lembang,cikatomas pakidulan joszzz,,,20a73ac2-f227-44a5-9e29-bc90a26d22a2,19.00 - 20.00.mp4,
404,42079,car,2mobil,2mobil,Car / Sedan,2,Sedan / jeep / station wagon,2mobil,2,Line 2,opposite,1302.7333,39082,0.8031,142174c2-beba-409e-b25c-3c2882bce06f,e2b5d1af-611f-418e-93d3-019b7b7ef4af,123,lembang,cikatomas pakidulan joszzz,,,20a73ac2-f227-44a5-9e29-bc90a26d22a2,19.00 - 20.00.mp4,
405,42129,truck,4pickupmicro,4PickupMicro,Pickup / Micro Truck,4,Pickup / micro truck / delivery,4PickupMicro,2,Line 2,normal,1302.9667,39089,0.6693,142174c2-beba-409e-b25c-3c2882bce06f,e2b5d1af-611f-418e-93d3-019b7b7ef4af,123,lembang,cikatomas pakidulan joszzz,,,20a73ac2-f227-44a5-9e29-bc90a26d22a2,19.00 - 20.00.mp4,
406,42153,car,2mobil,2mobil,Car / Sedan,2,Sedan / jeep / station wagon,2mobil,2,Line 2,normal,1303.8333,39115,0.5301,142174c2-beba-409e-b25c-3c2882bce06f,e2b5d1af-611f-418e-93d3-019b7b7ef4af,123,lembang,cikatomas pakidulan joszzz,,,20a73ac2-f227-44a5-9e29-bc90a26d22a2,19.00 - 20.00.mp4,
407,42244,car,2mobil,2mobil,Car / Sedan,2,Sedan / jeep / station wagon,2mobil,2,Line 2,normal,1306.8667,39206,0.7948,142174c2-beba-409e-b25c-3c2882bce06f,e2b5d1af-611f-418e-93d3-019b7b7ef4af,123,lembang,cikatomas pakidulan joszzz,,,20a73ac2-f227-44a5-9e29-bc90a26d22a2,19.00 - 20.00.mp4,
408,42268,car,2mobil,2mobil,Car / Sedan,2,Sedan / jeep / station wagon,2mobil,2,Line 2,normal,1306.8667,39206,0.4651,142174c2-beba-409e-b25c-3c2882bce06f,e2b5d1af-611f-418e-93d3-019b7b7ef4af,123,lembang,cikatomas pakidulan joszzz,,,20a73ac2-f227-44a5-9e29-bc90a26d22a2,19.00 - 20.00.mp4,
409,42391,car,2mobil,2mobil,Car / Sedan,2,Sedan / jeep / station wagon,2mobil,2,Line 2,opposite,1312.2333,39367,0.4387,142174c2-beba-409e-b25c-3c2882bce06f,e2b5d1af-611f-418e-93d3-019b7b7ef4af,123,lembang,cikatomas pakidulan joszzz,,,20a73ac2-f227-44a5-9e29-bc90a26d22a2,19.00 - 20.00.mp4,
410,42792,car,2mobil,2mobil,Car / Sedan,2,Sedan / jeep / station wagon,2mobil,2,Line 2,opposite,1325.2,39756,0.4255,142174c2-beba-409e-b25c-3c2882bce06f,e2b5d1af-611f-418e-93d3-019b7b7ef4af,123,lembang,cikatomas pakidulan joszzz,,,20a73ac2-f227-44a5-9e29-bc90a26d22a2,19.00 - 20.00.mp4,
411,42869,car,2mobil,2mobil,Car / Sedan,2,Sedan / jeep / station wagon,2mobil,2,Line 2,normal,1328.7333,39862,0.8885,142174c2-beba-409e-b25c-3c2882bce06f,e2b5d1af-611f-418e-93d3-019b7b7ef4af,123,lembang,cikatomas pakidulan joszzz,,,20a73ac2-f227-44a5-9e29-bc90a26d22a2,19.00 - 20.00.mp4,
412,42901,car,2mobil,2mobil,Car / Sedan,2,Sedan / jeep / station wagon,2mobil,2,Line 2,normal,1330.0333,39901,0.7583,142174c2-beba-409e-b25c-3c2882bce06f,e2b5d1af-611f-418e-93d3-019b7b7ef4af,123,lembang,cikatomas pakidulan joszzz,,,20a73ac2-f227-44a5-9e29-bc90a26d22a2,19.00 - 20.00.mp4,
413,43099,truck,4pickupmicro,4PickupMicro,Pickup / Micro Truck,4,Pickup / micro truck / delivery,4PickupMicro,2,Line 2,normal,1338.0667,40142,0.8514,142174c2-beba-409e-b25c-3c2882bce06f,e2b5d1af-611f-418e-93d3-019b7b7ef4af,123,lembang,cikatomas pakidulan joszzz,,,20a73ac2-f227-44a5-9e29-bc90a26d22a2,19.00 - 20.00.mp4,
414,43074,truck,6tr_2sumbu,6TR_2sumbu,2-Axle Truck (Jumbo),6,2-Axle Truck,6TR_2sumbu,2,Line 2,opposite,1338.1,40143,0.6323,142174c2-beba-409e-b25c-3c2882bce06f,e2b5d1af-611f-418e-93d3-019b7b7ef4af,123,lembang,cikatomas pakidulan joszzz,,,20a73ac2-f227-44a5-9e29-bc90a26d22a2,19.00 - 20.00.mp4,
415,43133,car,2mobil,2mobil,Car / Sedan,2,Sedan / jeep / station wagon,2mobil,2,Line 2,opposite,1339.0333,40171,0.6168,142174c2-beba-409e-b25c-3c2882bce06f,e2b5d1af-611f-418e-93d3-019b7b7ef4af,123,lembang,cikatomas pakidulan joszzz,,,20a73ac2-f227-44a5-9e29-bc90a26d22a2,19.00 - 20.00.mp4,
416,43171,truck,6tr_2sumbu,6TR_2sumbu,2-Axle Truck (Jumbo),6,2-Axle Truck,6TR_2sumbu,2,Line 2,normal,1339.6667,40190,0.8593,142174c2-beba-409e-b25c-3c2882bce06f,e2b5d1af-611f-418e-93d3-019b7b7ef4af,123,lembang,cikatomas pakidulan joszzz,,,20a73ac2-f227-44a5-9e29-bc90a26d22a2,19.00 - 20.00.mp4,
417,43129,truck,6tr_2sumbu,6TR_2sumbu,2-Axle Truck (Jumbo),6,2-Axle Truck,6TR_2sumbu,2,Line 2,opposite,1339.9,40197,0.8363,142174c2-beba-409e-b25c-3c2882bce06f,e2b5d1af-611f-418e-93d3-019b7b7ef4af,123,lembang,cikatomas pakidulan joszzz,,,20a73ac2-f227-44a5-9e29-bc90a26d22a2,19.00 - 20.00.mp4,
418,43249,car,2mobil,2mobil,Car / Sedan,2,Sedan / jeep / station wagon,2mobil,2,Line 2,normal,1341.6667,40250,0.8548,142174c2-beba-409e-b25c-3c2882bce06f,e2b5d1af-611f-418e-93d3-019b7b7ef4af,123,lembang,cikatomas pakidulan joszzz,,,20a73ac2-f227-44a5-9e29-bc90a26d22a2,19.00 - 20.00.mp4,
419,43240,truck,6tr_2sumbu,6TR_2sumbu,2-Axle Truck (Jumbo),6,2-Axle Truck,6TR_2sumbu,2,Line 2,normal,1341.9333,40258,0.8858,142174c2-beba-409e-b25c-3c2882bce06f,e2b5d1af-611f-418e-93d3-019b7b7ef4af,123,lembang,cikatomas pakidulan joszzz,,,20a73ac2-f227-44a5-9e29-bc90a26d22a2,19.00 - 20.00.mp4,
420,43279,truck,4pickupmicro,4PickupMicro,Pickup / Micro Truck,4,Pickup / micro truck / delivery,4PickupMicro,2,Line 2,opposite,1342.9,40287,0.8669,142174c2-beba-409e-b25c-3c2882bce06f,e2b5d1af-611f-418e-93d3-019b7b7ef4af,123,lembang,cikatomas pakidulan joszzz,,,20a73ac2-f227-44a5-9e29-bc90a26d22a2,19.00 - 20.00.mp4,
421,43319,car,2mobil,2mobil,Car / Sedan,2,Sedan / jeep / station wagon,2mobil,2,Line 2,normal,1342.9667,40289,0.8298,142174c2-beba-409e-b25c-3c2882bce06f,e2b5d1af-611f-418e-93d3-019b7b7ef4af,123,lembang,cikatomas pakidulan joszzz,,,20a73ac2-f227-44a5-9e29-bc90a26d22a2,19.00 - 20.00.mp4,
422,43380,truck,6tr_2sumbu,6TR_2sumbu,2-Axle Truck (Jumbo),6,2-Axle Truck,6TR_2sumbu,1,Line 1,normal,1345.7,40371,0.471,142174c2-beba-409e-b25c-3c2882bce06f,e2b5d1af-611f-418e-93d3-019b7b7ef4af,123,lembang,cikatomas pakidulan joszzz,,,20a73ac2-f227-44a5-9e29-bc90a26d22a2,19.00 - 20.00.mp4,
423,43380,truck,6tr_2sumbu,6TR_2sumbu,2-Axle Truck (Jumbo),6,2-Axle Truck,6TR_2sumbu,2,Line 2,normal,1346.9333,40408,0.8754,142174c2-beba-409e-b25c-3c2882bce06f,e2b5d1af-611f-418e-93d3-019b7b7ef4af,123,lembang,cikatomas pakidulan joszzz,,,20a73ac2-f227-44a5-9e29-bc90a26d22a2,19.00 - 20.00.mp4,
424,43550,car,2mobil,2mobil,Car / Sedan,2,Sedan / jeep / station wagon,2mobil,2,Line 2,normal,1351.1,40533,0.8399,142174c2-beba-409e-b25c-3c2882bce06f,e2b5d1af-611f-418e-93d3-019b7b7ef4af,123,lembang,cikatomas pakidulan joszzz,,,20a73ac2-f227-44a5-9e29-bc90a26d22a2,19.00 - 20.00.mp4,
425,43806,truck,6tr_2sumbu,6TR_2sumbu,2-Axle Truck (Jumbo),6,2-Axle Truck,6TR_2sumbu,2,Line 2,normal,1359.3333,40780,0.7656,142174c2-beba-409e-b25c-3c2882bce06f,e2b5d1af-611f-418e-93d3-019b7b7ef4af,123,lembang,cikatomas pakidulan joszzz,,,20a73ac2-f227-44a5-9e29-bc90a26d22a2,19.00 - 20.00.mp4,
426,43814,truck,6tr_2sumbu,6TR_2sumbu,2-Axle Truck (Jumbo),6,2-Axle Truck,6TR_2sumbu,2,Line 2,normal,1360.3667,40811,0.7316,142174c2-beba-409e-b25c-3c2882bce06f,e2b5d1af-611f-418e-93d3-019b7b7ef4af,123,lembang,cikatomas pakidulan joszzz,,,20a73ac2-f227-44a5-9e29-bc90a26d22a2,19.00 - 20.00.mp4,
427,44054,bus,5bus,5Bus,Bus,5,Bus,5Bus,2,Line 2,opposite,1369.8667,41096,0.4487,142174c2-beba-409e-b25c-3c2882bce06f,e2b5d1af-611f-418e-93d3-019b7b7ef4af,123,lembang,cikatomas pakidulan joszzz,,,20a73ac2-f227-44a5-9e29-bc90a26d22a2,19.00 - 20.00.mp4,
428,44178,car,2mobil,2mobil,Car / Sedan,2,Sedan / jeep / station wagon,2mobil,2,Line 2,opposite,1375.4667,41264,0.4325,142174c2-beba-409e-b25c-3c2882bce06f,e2b5d1af-611f-418e-93d3-019b7b7ef4af,123,lembang,cikatomas pakidulan joszzz,,,20a73ac2-f227-44a5-9e29-bc90a26d22a2,19.00 - 20.00.mp4,
429,44446,truck,6tr_2sumbu,6TR_2sumbu,2-Axle Truck (Jumbo),6,2-Axle Truck,6TR_2sumbu,2,Line 2,normal,1385.6333,41569,0.6268,142174c2-beba-409e-b25c-3c2882bce06f,e2b5d1af-611f-418e-93d3-019b7b7ef4af,123,lembang,cikatomas pakidulan joszzz,,,20a73ac2-f227-44a5-9e29-bc90a26d22a2,19.00 - 20.00.mp4,
430,44485,truck,6tr_2sumbu,6TR_2sumbu,2-Axle Truck (Jumbo),6,2-Axle Truck,6TR_2sumbu,2,Line 2,normal,1385.6667,41570,0.7499,142174c2-beba-409e-b25c-3c2882bce06f,e2b5d1af-611f-418e-93d3-019b7b7ef4af,123,lembang,cikatomas pakidulan joszzz,,,20a73ac2-f227-44a5-9e29-bc90a26d22a2,19.00 - 20.00.mp4,
431,44447,truck,6tr_2sumbu,6TR_2sumbu,2-Axle Truck (Jumbo),6,2-Axle Truck,6TR_2sumbu,2,Line 2,opposite,1386.3333,41590,0.8251,142174c2-beba-409e-b25c-3c2882bce06f,e2b5d1af-611f-418e-93d3-019b7b7ef4af,123,lembang,cikatomas pakidulan joszzz,,,20a73ac2-f227-44a5-9e29-bc90a26d22a2,19.00 - 20.00.mp4,
432,44738,truck,6tr_2sumbu,6TR_2sumbu,2-Axle Truck (Jumbo),6,2-Axle Truck,6TR_2sumbu,2,Line 2,normal,1395.4333,41863,0.6792,142174c2-beba-409e-b25c-3c2882bce06f,e2b5d1af-611f-418e-93d3-019b7b7ef4af,123,lembang,cikatomas pakidulan joszzz,,,20a73ac2-f227-44a5-9e29-bc90a26d22a2,19.00 - 20.00.mp4,
433,44891,truck,6tr_2sumbu,6TR_2sumbu,2-Axle Truck (Jumbo),6,2-Axle Truck,6TR_2sumbu,2,Line 2,normal,1402.6667,42080,0.4445,142174c2-beba-409e-b25c-3c2882bce06f,e2b5d1af-611f-418e-93d3-019b7b7ef4af,123,lembang,cikatomas pakidulan joszzz,,,20a73ac2-f227-44a5-9e29-bc90a26d22a2,19.00 - 20.00.mp4,
434,44911,car,2mobil,2mobil,Car / Sedan,2,Sedan / jeep / station wagon,2mobil,2,Line 2,normal,1403.5333,42106,0.5872,142174c2-beba-409e-b25c-3c2882bce06f,e2b5d1af-611f-418e-93d3-019b7b7ef4af,123,lembang,cikatomas pakidulan joszzz,,,20a73ac2-f227-44a5-9e29-bc90a26d22a2,19.00 - 20.00.mp4,
435,44923,car,2mobil,2mobil,Car / Sedan,2,Sedan / jeep / station wagon,2mobil,2,Line 2,normal,1404.1333,42124,0.604,142174c2-beba-409e-b25c-3c2882bce06f,e2b5d1af-611f-418e-93d3-019b7b7ef4af,123,lembang,cikatomas pakidulan joszzz,,,20a73ac2-f227-44a5-9e29-bc90a26d22a2,19.00 - 20.00.mp4,
436,44924,car,2mobil,2mobil,Car / Sedan,2,Sedan / jeep / station wagon,2mobil,2,Line 2,normal,1404.3333,42130,0.7963,142174c2-beba-409e-b25c-3c2882bce06f,e2b5d1af-611f-418e-93d3-019b7b7ef4af,123,lembang,cikatomas pakidulan joszzz,,,20a73ac2-f227-44a5-9e29-bc90a26d22a2,19.00 - 20.00.mp4,
437,44961,truck,6tr_2sumbu,6TR_2sumbu,2-Axle Truck (Jumbo),6,2-Axle Truck,6TR_2sumbu,2,Line 2,opposite,1406.9333,42208,0.6153,142174c2-beba-409e-b25c-3c2882bce06f,e2b5d1af-611f-418e-93d3-019b7b7ef4af,123,lembang,cikatomas pakidulan joszzz,,,20a73ac2-f227-44a5-9e29-bc90a26d22a2,19.00 - 20.00.mp4,
438,44993,car,2mobil,2mobil,Car / Sedan,2,Sedan / jeep / station wagon,2mobil,2,Line 2,opposite,1407.7,42231,0.504,142174c2-beba-409e-b25c-3c2882bce06f,e2b5d1af-611f-418e-93d3-019b7b7ef4af,123,lembang,cikatomas pakidulan joszzz,,,20a73ac2-f227-44a5-9e29-bc90a26d22a2,19.00 - 20.00.mp4,
439,45055,car,2mobil,2mobil,Car / Sedan,2,Sedan / jeep / station wagon,2mobil,2,Line 2,opposite,1410.6667,42320,0.4446,142174c2-beba-409e-b25c-3c2882bce06f,e2b5d1af-611f-418e-93d3-019b7b7ef4af,123,lembang,cikatomas pakidulan joszzz,,,20a73ac2-f227-44a5-9e29-bc90a26d22a2,19.00 - 20.00.mp4,
440,45274,car,2mobil,2mobil,Car / Sedan,2,Sedan / jeep / station wagon,2mobil,2,Line 2,opposite,1417.8667,42536,0.4176,142174c2-beba-409e-b25c-3c2882bce06f,e2b5d1af-611f-418e-93d3-019b7b7ef4af,123,lembang,cikatomas pakidulan joszzz,,,20a73ac2-f227-44a5-9e29-bc90a26d22a2,19.00 - 20.00.mp4,
441,45426,car,2mobil,2mobil,Car / Sedan,2,Sedan / jeep / station wagon,2mobil,2,Line 2,opposite,1423.4333,42703,0.877,142174c2-beba-409e-b25c-3c2882bce06f,e2b5d1af-611f-418e-93d3-019b7b7ef4af,123,lembang,cikatomas pakidulan joszzz,,,20a73ac2-f227-44a5-9e29-bc90a26d22a2,19.00 - 20.00.mp4,
442,45436,car,2mobil,2mobil,Car / Sedan,2,Sedan / jeep / station wagon,2mobil,2,Line 2,normal,1423.9,42717,0.8608,142174c2-beba-409e-b25c-3c2882bce06f,e2b5d1af-611f-418e-93d3-019b7b7ef4af,123,lembang,cikatomas pakidulan joszzz,,,20a73ac2-f227-44a5-9e29-bc90a26d22a2,19.00 - 20.00.mp4,
443,45446,car,2mobil,2mobil,Car / Sedan,2,Sedan / jeep / station wagon,2mobil,2,Line 2,opposite,1425.1667,42755,0.8908,142174c2-beba-409e-b25c-3c2882bce06f,e2b5d1af-611f-418e-93d3-019b7b7ef4af,123,lembang,cikatomas pakidulan joszzz,,,20a73ac2-f227-44a5-9e29-bc90a26d22a2,19.00 - 20.00.mp4,
444,45457,truck,4pickupmicro,4PickupMicro,Pickup / Micro Truck,4,Pickup / micro truck / delivery,4PickupMicro,2,Line 2,opposite,1425.6333,42769,0.6722,142174c2-beba-409e-b25c-3c2882bce06f,e2b5d1af-611f-418e-93d3-019b7b7ef4af,123,lembang,cikatomas pakidulan joszzz,,,20a73ac2-f227-44a5-9e29-bc90a26d22a2,19.00 - 20.00.mp4,
445,45485,car,2mobil,2mobil,Car / Sedan,2,Sedan / jeep / station wagon,2mobil,2,Line 2,opposite,1425.8333,42775,0.8542,142174c2-beba-409e-b25c-3c2882bce06f,e2b5d1af-611f-418e-93d3-019b7b7ef4af,123,lembang,cikatomas pakidulan joszzz,,,20a73ac2-f227-44a5-9e29-bc90a26d22a2,19.00 - 20.00.mp4,
446,45589,car,2mobil,2mobil,Car / Sedan,2,Sedan / jeep / station wagon,2mobil,2,Line 2,normal,1428.6333,42859,0.7514,142174c2-beba-409e-b25c-3c2882bce06f,e2b5d1af-611f-418e-93d3-019b7b7ef4af,123,lembang,cikatomas pakidulan joszzz,,,20a73ac2-f227-44a5-9e29-bc90a26d22a2,19.00 - 20.00.mp4,
447,45650,truck,4pickupmicro,4PickupMicro,Pickup / Micro Truck,4,Pickup / micro truck / delivery,4PickupMicro,2,Line 2,normal,1430.3,42909,0.5518,142174c2-beba-409e-b25c-3c2882bce06f,e2b5d1af-611f-418e-93d3-019b7b7ef4af,123,lembang,cikatomas pakidulan joszzz,,,20a73ac2-f227-44a5-9e29-bc90a26d22a2,19.00 - 20.00.mp4,
448,45695,truck,6tr_2sumbu,6TR_2sumbu,2-Axle Truck (Jumbo),6,2-Axle Truck,6TR_2sumbu,2,Line 2,normal,1433.1333,42994,0.652,142174c2-beba-409e-b25c-3c2882bce06f,e2b5d1af-611f-418e-93d3-019b7b7ef4af,123,lembang,cikatomas pakidulan joszzz,,,20a73ac2-f227-44a5-9e29-bc90a26d22a2,19.00 - 20.00.mp4,
449,45737,truck,4pickupmicro,4PickupMicro,Pickup / Micro Truck,4,Pickup / micro truck / delivery,4PickupMicro,2,Line 2,normal,1433.1333,42994,0.6033,142174c2-beba-409e-b25c-3c2882bce06f,e2b5d1af-611f-418e-93d3-019b7b7ef4af,123,lembang,cikatomas pakidulan joszzz,,,20a73ac2-f227-44a5-9e29-bc90a26d22a2,19.00 - 20.00.mp4,
450,45829,car,2mobil,2mobil,Car / Sedan,2,Sedan / jeep / station wagon,2mobil,2,Line 2,opposite,1436.0,43080,0.6743,142174c2-beba-409e-b25c-3c2882bce06f,e2b5d1af-611f-418e-93d3-019b7b7ef4af,123,lembang,cikatomas pakidulan joszzz,,,20a73ac2-f227-44a5-9e29-bc90a26d22a2,19.00 - 20.00.mp4,
451,45998,bus,5bus,5Bus,Bus,5,Bus,5Bus,2,Line 2,normal,1440.4333,43213,0.6063,142174c2-beba-409e-b25c-3c2882bce06f,e2b5d1af-611f-418e-93d3-019b7b7ef4af,123,lembang,cikatomas pakidulan joszzz,,,20a73ac2-f227-44a5-9e29-bc90a26d22a2,19.00 - 20.00.mp4,
452,46132,truck,6tr_2sumbu,6TR_2sumbu,2-Axle Truck (Jumbo),6,2-Axle Truck,6TR_2sumbu,2,Line 2,normal,1444.9667,43349,0.5678,142174c2-beba-409e-b25c-3c2882bce06f,e2b5d1af-611f-418e-93d3-019b7b7ef4af,123,lembang,cikatomas pakidulan joszzz,,,20a73ac2-f227-44a5-9e29-bc90a26d22a2,19.00 - 20.00.mp4,
453,46192,truck,4pickupmicro,4PickupMicro,Pickup / Micro Truck,4,Pickup / micro truck / delivery,4PickupMicro,2,Line 2,opposite,1447.7667,43433,0.8498,142174c2-beba-409e-b25c-3c2882bce06f,e2b5d1af-611f-418e-93d3-019b7b7ef4af,123,lembang,cikatomas pakidulan joszzz,,,20a73ac2-f227-44a5-9e29-bc90a26d22a2,19.00 - 20.00.mp4,
454,46198,truck,6tr_2sumbu,6TR_2sumbu,2-Axle Truck (Jumbo),6,2-Axle Truck,6TR_2sumbu,2,Line 2,opposite,1449.7,43491,0.8165,142174c2-beba-409e-b25c-3c2882bce06f,e2b5d1af-611f-418e-93d3-019b7b7ef4af,123,lembang,cikatomas pakidulan joszzz,,,20a73ac2-f227-44a5-9e29-bc90a26d22a2,19.00 - 20.00.mp4,
455,46288,car,2mobil,2mobil,Car / Sedan,2,Sedan / jeep / station wagon,2mobil,2,Line 2,opposite,1452.4,43572,0.7243,142174c2-beba-409e-b25c-3c2882bce06f,e2b5d1af-611f-418e-93d3-019b7b7ef4af,123,lembang,cikatomas pakidulan joszzz,,,20a73ac2-f227-44a5-9e29-bc90a26d22a2,19.00 - 20.00.mp4,
456,46439,car,2mobil,2mobil,Car / Sedan,2,Sedan / jeep / station wagon,2mobil,2,Line 2,opposite,1458.0,43740,0.8564,142174c2-beba-409e-b25c-3c2882bce06f,e2b5d1af-611f-418e-93d3-019b7b7ef4af,123,lembang,cikatomas pakidulan joszzz,,,20a73ac2-f227-44a5-9e29-bc90a26d22a2,19.00 - 20.00.mp4,
457,46677,car,2mobil,2mobil,Car / Sedan,2,Sedan / jeep / station wagon,2mobil,2,Line 2,opposite,1465.5,43965,0.7559,142174c2-beba-409e-b25c-3c2882bce06f,e2b5d1af-611f-418e-93d3-019b7b7ef4af,123,lembang,cikatomas pakidulan joszzz,,,20a73ac2-f227-44a5-9e29-bc90a26d22a2,19.00 - 20.00.mp4,
458,46712,car,2mobil,2mobil,Car / Sedan,2,Sedan / jeep / station wagon,2mobil,2,Line 2,opposite,1466.6,43998,0.3536,142174c2-beba-409e-b25c-3c2882bce06f,e2b5d1af-611f-418e-93d3-019b7b7ef4af,123,lembang,cikatomas pakidulan joszzz,,,20a73ac2-f227-44a5-9e29-bc90a26d22a2,19.00 - 20.00.mp4,
459,46713,truck,6tr_2sumbu,6TR_2sumbu,2-Axle Truck (Jumbo),6,2-Axle Truck,6TR_2sumbu,2,Line 2,opposite,1467.8,44034,0.7,142174c2-beba-409e-b25c-3c2882bce06f,e2b5d1af-611f-418e-93d3-019b7b7ef4af,123,lembang,cikatomas pakidulan joszzz,,,20a73ac2-f227-44a5-9e29-bc90a26d22a2,19.00 - 20.00.mp4,
460,46798,truck,6tr_2sumbu,6TR_2sumbu,2-Axle Truck (Jumbo),6,2-Axle Truck,6TR_2sumbu,2,Line 2,opposite,1471.9,44157,0.6932,142174c2-beba-409e-b25c-3c2882bce06f,e2b5d1af-611f-418e-93d3-019b7b7ef4af,123,lembang,cikatomas pakidulan joszzz,,,20a73ac2-f227-44a5-9e29-bc90a26d22a2,19.00 - 20.00.mp4,
461,46805,car,2mobil,2mobil,Car / Sedan,2,Sedan / jeep / station wagon,2mobil,2,Line 2,opposite,1472.5333,44176,0.7825,142174c2-beba-409e-b25c-3c2882bce06f,e2b5d1af-611f-418e-93d3-019b7b7ef4af,123,lembang,cikatomas pakidulan joszzz,,,20a73ac2-f227-44a5-9e29-bc90a26d22a2,19.00 - 20.00.mp4,
462,47111,truck,6tr_2sumbu,6TR_2sumbu,2-Axle Truck (Jumbo),6,2-Axle Truck,6TR_2sumbu,2,Line 2,opposite,1483.5667,44507,0.8977,142174c2-beba-409e-b25c-3c2882bce06f,e2b5d1af-611f-418e-93d3-019b7b7ef4af,123,lembang,cikatomas pakidulan joszzz,,,20a73ac2-f227-44a5-9e29-bc90a26d22a2,19.00 - 20.00.mp4,
463,47147,car,2mobil,2mobil,Car / Sedan,2,Sedan / jeep / station wagon,2mobil,2,Line 2,normal,1483.6667,44510,0.6366,142174c2-beba-409e-b25c-3c2882bce06f,e2b5d1af-611f-418e-93d3-019b7b7ef4af,123,lembang,cikatomas pakidulan joszzz,,,20a73ac2-f227-44a5-9e29-bc90a26d22a2,19.00 - 20.00.mp4,
464,47195,car,2mobil,2mobil,Car / Sedan,2,Sedan / jeep / station wagon,2mobil,2,Line 2,opposite,1485.7667,44573,0.4414,142174c2-beba-409e-b25c-3c2882bce06f,e2b5d1af-611f-418e-93d3-019b7b7ef4af,123,lembang,cikatomas pakidulan joszzz,,,20a73ac2-f227-44a5-9e29-bc90a26d22a2,19.00 - 20.00.mp4,
465,47206,car,2mobil,2mobil,Car / Sedan,2,Sedan / jeep / station wagon,2mobil,2,Line 2,opposite,1486.1333,44584,0.3794,142174c2-beba-409e-b25c-3c2882bce06f,e2b5d1af-611f-418e-93d3-019b7b7ef4af,123,lembang,cikatomas pakidulan joszzz,,,20a73ac2-f227-44a5-9e29-bc90a26d22a2,19.00 - 20.00.mp4,
466,47528,car,2mobil,2mobil,Car / Sedan,2,Sedan / jeep / station wagon,2mobil,2,Line 2,opposite,1496.1667,44885,0.4183,142174c2-beba-409e-b25c-3c2882bce06f,e2b5d1af-611f-418e-93d3-019b7b7ef4af,123,lembang,cikatomas pakidulan joszzz,,,20a73ac2-f227-44a5-9e29-bc90a26d22a2,19.00 - 20.00.mp4,
467,48063,truck,6tr_2sumbu,6TR_2sumbu,2-Axle Truck (Jumbo),6,2-Axle Truck,6TR_2sumbu,2,Line 2,normal,1513.3333,45400,0.7006,142174c2-beba-409e-b25c-3c2882bce06f,e2b5d1af-611f-418e-93d3-019b7b7ef4af,123,lembang,cikatomas pakidulan joszzz,,,20a73ac2-f227-44a5-9e29-bc90a26d22a2,19.00 - 20.00.mp4,
468,48122,car,2mobil,2mobil,Car / Sedan,2,Sedan / jeep / station wagon,2mobil,2,Line 2,normal,1515.7333,45472,0.704,142174c2-beba-409e-b25c-3c2882bce06f,e2b5d1af-611f-418e-93d3-019b7b7ef4af,123,lembang,cikatomas pakidulan joszzz,,,20a73ac2-f227-44a5-9e29-bc90a26d22a2,19.00 - 20.00.mp4,
469,48141,bus,5bus,5Bus,Bus,5,Bus,5Bus,2,Line 2,opposite,1517.4,45522,0.9234,142174c2-beba-409e-b25c-3c2882bce06f,e2b5d1af-611f-418e-93d3-019b7b7ef4af,123,lembang,cikatomas pakidulan joszzz,,,20a73ac2-f227-44a5-9e29-bc90a26d22a2,19.00 - 20.00.mp4,
470,48225,truck,6tr_2sumbu,6TR_2sumbu,2-Axle Truck (Jumbo),6,2-Axle Truck,6TR_2sumbu,2,Line 2,normal,1520.7667,45623,0.7837,142174c2-beba-409e-b25c-3c2882bce06f,e2b5d1af-611f-418e-93d3-019b7b7ef4af,123,lembang,cikatomas pakidulan joszzz,,,20a73ac2-f227-44a5-9e29-bc90a26d22a2,19.00 - 20.00.mp4,
471,48241,car,2mobil,2mobil,Car / Sedan,2,Sedan / jeep / station wagon,2mobil,2,Line 2,opposite,1521.6,45648,0.5,142174c2-beba-409e-b25c-3c2882bce06f,e2b5d1af-611f-418e-93d3-019b7b7ef4af,123,lembang,cikatomas pakidulan joszzz,,,20a73ac2-f227-44a5-9e29-bc90a26d22a2,19.00 - 20.00.mp4,
472,48492,truck,4pickupmicro,4PickupMicro,Pickup / Micro Truck,4,Pickup / micro truck / delivery,4PickupMicro,2,Line 2,normal,1529.1667,45875,0.408,142174c2-beba-409e-b25c-3c2882bce06f,e2b5d1af-611f-418e-93d3-019b7b7ef4af,123,lembang,cikatomas pakidulan joszzz,,,20a73ac2-f227-44a5-9e29-bc90a26d22a2,19.00 - 20.00.mp4,
473,48544,car,2mobil,2mobil,Car / Sedan,2,Sedan / jeep / station wagon,2mobil,2,Line 2,normal,1531.1667,45935,0.7343,142174c2-beba-409e-b25c-3c2882bce06f,e2b5d1af-611f-418e-93d3-019b7b7ef4af,123,lembang,cikatomas pakidulan joszzz,,,20a73ac2-f227-44a5-9e29-bc90a26d22a2,19.00 - 20.00.mp4,
474,48817,car,2mobil,2mobil,Car / Sedan,2,Sedan / jeep / station wagon,2mobil,2,Line 2,normal,1541.1333,46234,0.7633,142174c2-beba-409e-b25c-3c2882bce06f,e2b5d1af-611f-418e-93d3-019b7b7ef4af,123,lembang,cikatomas pakidulan joszzz,,,20a73ac2-f227-44a5-9e29-bc90a26d22a2,19.00 - 20.00.mp4,
475,48910,truck,6tr_2sumbu,6TR_2sumbu,2-Axle Truck (Jumbo),6,2-Axle Truck,6TR_2sumbu,2,Line 2,normal,1545.8333,46375,0.8302,142174c2-beba-409e-b25c-3c2882bce06f,e2b5d1af-611f-418e-93d3-019b7b7ef4af,123,lembang,cikatomas pakidulan joszzz,,,20a73ac2-f227-44a5-9e29-bc90a26d22a2,19.00 - 20.00.mp4,
476,49010,car,2mobil,2mobil,Car / Sedan,2,Sedan / jeep / station wagon,2mobil,2,Line 2,normal,1548.0,46440,0.8015,142174c2-beba-409e-b25c-3c2882bce06f,e2b5d1af-611f-418e-93d3-019b7b7ef4af,123,lembang,cikatomas pakidulan joszzz,,,20a73ac2-f227-44a5-9e29-bc90a26d22a2,19.00 - 20.00.mp4,
477,49053,car,2mobil,2mobil,Car / Sedan,2,Sedan / jeep / station wagon,2mobil,2,Line 2,normal,1549.7667,46493,0.548,142174c2-beba-409e-b25c-3c2882bce06f,e2b5d1af-611f-418e-93d3-019b7b7ef4af,123,lembang,cikatomas pakidulan joszzz,,,20a73ac2-f227-44a5-9e29-bc90a26d22a2,19.00 - 20.00.mp4,
478,49073,car,2mobil,2mobil,Car / Sedan,2,Sedan / jeep / station wagon,2mobil,2,Line 2,normal,1550.7333,46522,0.7664,142174c2-beba-409e-b25c-3c2882bce06f,e2b5d1af-611f-418e-93d3-019b7b7ef4af,123,lembang,cikatomas pakidulan joszzz,,,20a73ac2-f227-44a5-9e29-bc90a26d22a2,19.00 - 20.00.mp4,
479,49065,truck,7tr-3sumbu,7TR-3sumbu,3-Axle Truck (Jumbo),7,3-Axle Truck,7TR-3sumbu,2,Line 2,opposite,1551.7667,46553,0.7122,142174c2-beba-409e-b25c-3c2882bce06f,e2b5d1af-611f-418e-93d3-019b7b7ef4af,123,lembang,cikatomas pakidulan joszzz,,,20a73ac2-f227-44a5-9e29-bc90a26d22a2,19.00 - 20.00.mp4,
480,49099,truck,6tr_2sumbu,6TR_2sumbu,2-Axle Truck (Jumbo),6,2-Axle Truck,6TR_2sumbu,2,Line 2,opposite,1551.7667,46553,0.4455,142174c2-beba-409e-b25c-3c2882bce06f,e2b5d1af-611f-418e-93d3-019b7b7ef4af,123,lembang,cikatomas pakidulan joszzz,,,20a73ac2-f227-44a5-9e29-bc90a26d22a2,19.00 - 20.00.mp4,
481,49124,car,2mobil,2mobil,Car / Sedan,2,Sedan / jeep / station wagon,2mobil,2,Line 2,normal,1552.3333,46570,0.713,142174c2-beba-409e-b25c-3c2882bce06f,e2b5d1af-611f-418e-93d3-019b7b7ef4af,123,lembang,cikatomas pakidulan joszzz,,,20a73ac2-f227-44a5-9e29-bc90a26d22a2,19.00 - 20.00.mp4,
482,49128,car,2mobil,2mobil,Car / Sedan,2,Sedan / jeep / station wagon,2mobil,2,Line 2,opposite,1553.3333,46600,0.72,142174c2-beba-409e-b25c-3c2882bce06f,e2b5d1af-611f-418e-93d3-019b7b7ef4af,123,lembang,cikatomas pakidulan joszzz,,,20a73ac2-f227-44a5-9e29-bc90a26d22a2,19.00 - 20.00.mp4,
483,49220,truck,4pickupmicro,4PickupMicro,Pickup / Micro Truck,4,Pickup / micro truck / delivery,4PickupMicro,2,Line 2,normal,1556.1667,46685,0.7188,142174c2-beba-409e-b25c-3c2882bce06f,e2b5d1af-611f-418e-93d3-019b7b7ef4af,123,lembang,cikatomas pakidulan joszzz,,,20a73ac2-f227-44a5-9e29-bc90a26d22a2,19.00 - 20.00.mp4,
484,49234,car,2mobil,2mobil,Car / Sedan,2,Sedan / jeep / station wagon,2mobil,2,Line 2,normal,1557.3,46719,0.6282,142174c2-beba-409e-b25c-3c2882bce06f,e2b5d1af-611f-418e-93d3-019b7b7ef4af,123,lembang,cikatomas pakidulan joszzz,,,20a73ac2-f227-44a5-9e29-bc90a26d22a2,19.00 - 20.00.mp4,
485,49289,truck,6tr_2sumbu,6TR_2sumbu,2-Axle Truck (Jumbo),6,2-Axle Truck,6TR_2sumbu,2,Line 2,opposite,1559.6,46788,0.6554,142174c2-beba-409e-b25c-3c2882bce06f,e2b5d1af-611f-418e-93d3-019b7b7ef4af,123,lembang,cikatomas pakidulan joszzz,,,20a73ac2-f227-44a5-9e29-bc90a26d22a2,19.00 - 20.00.mp4,
486,49348,car,2mobil,2mobil,Car / Sedan,2,Sedan / jeep / station wagon,2mobil,2,Line 2,normal,1560.4,46812,0.3516,142174c2-beba-409e-b25c-3c2882bce06f,e2b5d1af-611f-418e-93d3-019b7b7ef4af,123,lembang,cikatomas pakidulan joszzz,,,20a73ac2-f227-44a5-9e29-bc90a26d22a2,19.00 - 20.00.mp4,
487,49380,car,2mobil,2mobil,Car / Sedan,2,Sedan / jeep / station wagon,2mobil,2,Line 2,normal,1561.8333,46855,0.5605,142174c2-beba-409e-b25c-3c2882bce06f,e2b5d1af-611f-418e-93d3-019b7b7ef4af,123,lembang,cikatomas pakidulan joszzz,,,20a73ac2-f227-44a5-9e29-bc90a26d22a2,19.00 - 20.00.mp4,
488,49559,truck,4pickupmicro,4PickupMicro,Pickup / Micro Truck,4,Pickup / micro truck / delivery,4PickupMicro,2,Line 2,opposite,1568.8,47064,0.5094,142174c2-beba-409e-b25c-3c2882bce06f,e2b5d1af-611f-418e-93d3-019b7b7ef4af,123,lembang,cikatomas pakidulan joszzz,,,20a73ac2-f227-44a5-9e29-bc90a26d22a2,19.00 - 20.00.mp4,
489,49678,car,2mobil,2mobil,Car / Sedan,2,Sedan / jeep / station wagon,2mobil,2,Line 2,opposite,1572.1,47163,0.6242,142174c2-beba-409e-b25c-3c2882bce06f,e2b5d1af-611f-418e-93d3-019b7b7ef4af,123,lembang,cikatomas pakidulan joszzz,,,20a73ac2-f227-44a5-9e29-bc90a26d22a2,19.00 - 20.00.mp4,
490,49665,car,2mobil,2mobil,Car / Sedan,2,Sedan / jeep / station wagon,2mobil,2,Line 2,opposite,1572.3667,47171,0.8426,142174c2-beba-409e-b25c-3c2882bce06f,e2b5d1af-611f-418e-93d3-019b7b7ef4af,123,lembang,cikatomas pakidulan joszzz,,,20a73ac2-f227-44a5-9e29-bc90a26d22a2,19.00 - 20.00.mp4,
491,49706,car,2mobil,2mobil,Car / Sedan,2,Sedan / jeep / station wagon,2mobil,2,Line 2,opposite,1573.8,47214,0.8357,142174c2-beba-409e-b25c-3c2882bce06f,e2b5d1af-611f-418e-93d3-019b7b7ef4af,123,lembang,cikatomas pakidulan joszzz,,,20a73ac2-f227-44a5-9e29-bc90a26d22a2,19.00 - 20.00.mp4,
492,49857,car,2mobil,2mobil,Car / Sedan,2,Sedan / jeep / station wagon,2mobil,2,Line 2,normal,1576.8,47304,0.5793,142174c2-beba-409e-b25c-3c2882bce06f,e2b5d1af-611f-418e-93d3-019b7b7ef4af,123,lembang,cikatomas pakidulan joszzz,,,20a73ac2-f227-44a5-9e29-bc90a26d22a2,19.00 - 20.00.mp4,
493,49781,truck,6tr_2sumbu,6TR_2sumbu,2-Axle Truck (Jumbo),6,2-Axle Truck,6TR_2sumbu,2,Line 2,opposite,1578.2667,47348,0.3365,142174c2-beba-409e-b25c-3c2882bce06f,e2b5d1af-611f-418e-93d3-019b7b7ef4af,123,lembang,cikatomas pakidulan joszzz,,,20a73ac2-f227-44a5-9e29-bc90a26d22a2,19.00 - 20.00.mp4,
494,49957,truck,6tr_2sumbu,6TR_2sumbu,2-Axle Truck (Jumbo),6,2-Axle Truck,6TR_2sumbu,2,Line 2,normal,1580.7667,47423,0.4029,142174c2-beba-409e-b25c-3c2882bce06f,e2b5d1af-611f-418e-93d3-019b7b7ef4af,123,lembang,cikatomas pakidulan joszzz,,,20a73ac2-f227-44a5-9e29-bc90a26d22a2,19.00 - 20.00.mp4,
495,49960,car,2mobil,2mobil,Car / Sedan,2,Sedan / jeep / station wagon,2mobil,2,Line 2,normal,1580.9667,47429,0.6462,142174c2-beba-409e-b25c-3c2882bce06f,e2b5d1af-611f-418e-93d3-019b7b7ef4af,123,lembang,cikatomas pakidulan joszzz,,,20a73ac2-f227-44a5-9e29-bc90a26d22a2,19.00 - 20.00.mp4,
496,50118,car,2mobil,2mobil,Car / Sedan,2,Sedan / jeep / station wagon,2mobil,2,Line 2,opposite,1586.8,47604,0.8826,142174c2-beba-409e-b25c-3c2882bce06f,e2b5d1af-611f-418e-93d3-019b7b7ef4af,123,lembang,cikatomas pakidulan joszzz,,,20a73ac2-f227-44a5-9e29-bc90a26d22a2,19.00 - 20.00.mp4,
497,50458,car,2mobil,2mobil,Car / Sedan,2,Sedan / jeep / station wagon,2mobil,2,Line 2,opposite,1597.0667,47912,0.8275,142174c2-beba-409e-b25c-3c2882bce06f,e2b5d1af-611f-418e-93d3-019b7b7ef4af,123,lembang,cikatomas pakidulan joszzz,,,20a73ac2-f227-44a5-9e29-bc90a26d22a2,19.00 - 20.00.mp4,
498,50618,car,2mobil,2mobil,Car / Sedan,2,Sedan / jeep / station wagon,2mobil,2,Line 2,opposite,1599.6,47988,0.7889,142174c2-beba-409e-b25c-3c2882bce06f,e2b5d1af-611f-418e-93d3-019b7b7ef4af,123,lembang,cikatomas pakidulan joszzz,,,20a73ac2-f227-44a5-9e29-bc90a26d22a2,19.00 - 20.00.mp4,
499,50718,bus,5bus,5Bus,Bus,5,Bus,5Bus,2,Line 2,normal,1602.4,48072,0.7526,142174c2-beba-409e-b25c-3c2882bce06f,e2b5d1af-611f-418e-93d3-019b7b7ef4af,123,lembang,cikatomas pakidulan joszzz,,,20a73ac2-f227-44a5-9e29-bc90a26d22a2,19.00 - 20.00.mp4,
500,50770,truck,6tr_2sumbu,6TR_2sumbu,2-Axle Truck (Jumbo),6,2-Axle Truck,6TR_2sumbu,2,Line 2,opposite,1606.4667,48194,0.7159,142174c2-beba-409e-b25c-3c2882bce06f,e2b5d1af-611f-418e-93d3-019b7b7ef4af,123,lembang,cikatomas pakidulan joszzz,,,20a73ac2-f227-44a5-9e29-bc90a26d22a2,19.00 - 20.00.mp4,
501,50817,car,2mobil,2mobil,Car / Sedan,2,Sedan / jeep / station wagon,2mobil,2,Line 2,opposite,1607.8667,48236,0.5809,142174c2-beba-409e-b25c-3c2882bce06f,e2b5d1af-611f-418e-93d3-019b7b7ef4af,123,lembang,cikatomas pakidulan joszzz,,,20a73ac2-f227-44a5-9e29-bc90a26d22a2,19.00 - 20.00.mp4,
502,50889,car,2mobil,2mobil,Car / Sedan,2,Sedan / jeep / station wagon,2mobil,2,Line 2,opposite,1610.6,48318,0.7907,142174c2-beba-409e-b25c-3c2882bce06f,e2b5d1af-611f-418e-93d3-019b7b7ef4af,123,lembang,cikatomas pakidulan joszzz,,,20a73ac2-f227-44a5-9e29-bc90a26d22a2,19.00 - 20.00.mp4,
503,51036,truck,6tr_2sumbu,6TR_2sumbu,2-Axle Truck (Jumbo),6,2-Axle Truck,6TR_2sumbu,2,Line 2,opposite,1616.2,48486,0.5538,142174c2-beba-409e-b25c-3c2882bce06f,e2b5d1af-611f-418e-93d3-019b7b7ef4af,123,lembang,cikatomas pakidulan joszzz,,,20a73ac2-f227-44a5-9e29-bc90a26d22a2,19.00 - 20.00.mp4,
504,51158,car,2mobil,2mobil,Car / Sedan,2,Sedan / jeep / station wagon,2mobil,2,Line 2,normal,1618.8667,48566,0.7494,142174c2-beba-409e-b25c-3c2882bce06f,e2b5d1af-611f-418e-93d3-019b7b7ef4af,123,lembang,cikatomas pakidulan joszzz,,,20a73ac2-f227-44a5-9e29-bc90a26d22a2,19.00 - 20.00.mp4,
505,51247,bus,5bus,5Bus,Bus,5,Bus,5Bus,2,Line 2,normal,1622.9333,48688,0.5588,142174c2-beba-409e-b25c-3c2882bce06f,e2b5d1af-611f-418e-93d3-019b7b7ef4af,123,lembang,cikatomas pakidulan joszzz,,,20a73ac2-f227-44a5-9e29-bc90a26d22a2,19.00 - 20.00.mp4,
506,51429,truck,6tr_2sumbu,6TR_2sumbu,2-Axle Truck (Jumbo),6,2-Axle Truck,6TR_2sumbu,2,Line 2,normal,1628.5667,48857,0.4801,142174c2-beba-409e-b25c-3c2882bce06f,e2b5d1af-611f-418e-93d3-019b7b7ef4af,123,lembang,cikatomas pakidulan joszzz,,,20a73ac2-f227-44a5-9e29-bc90a26d22a2,19.00 - 20.00.mp4,
507,51484,truck,6tr_2sumbu,6TR_2sumbu,2-Axle Truck (Jumbo),6,2-Axle Truck,6TR_2sumbu,2,Line 2,normal,1630.4667,48914,0.789,142174c2-beba-409e-b25c-3c2882bce06f,e2b5d1af-611f-418e-93d3-019b7b7ef4af,123,lembang,cikatomas pakidulan joszzz,,,20a73ac2-f227-44a5-9e29-bc90a26d22a2,19.00 - 20.00.mp4,
508,51482,truck,7tr-3sumbu,7TR-3sumbu,3-Axle Truck (Jumbo),7,3-Axle Truck,7TR-3sumbu,2,Line 2,normal,1631.0667,48932,0.4507,142174c2-beba-409e-b25c-3c2882bce06f,e2b5d1af-611f-418e-93d3-019b7b7ef4af,123,lembang,cikatomas pakidulan joszzz,,,20a73ac2-f227-44a5-9e29-bc90a26d22a2,19.00 - 20.00.mp4,
509,51562,car,2mobil,2mobil,Car / Sedan,2,Sedan / jeep / station wagon,2mobil,2,Line 2,normal,1631.8667,48956,0.5947,142174c2-beba-409e-b25c-3c2882bce06f,e2b5d1af-611f-418e-93d3-019b7b7ef4af,123,lembang,cikatomas pakidulan joszzz,,,20a73ac2-f227-44a5-9e29-bc90a26d22a2,19.00 - 20.00.mp4,
510,51545,truck,4pickupmicro,4PickupMicro,Pickup / Micro Truck,4,Pickup / micro truck / delivery,4PickupMicro,2,Line 2,opposite,1632.4,48972,0.3704,142174c2-beba-409e-b25c-3c2882bce06f,e2b5d1af-611f-418e-93d3-019b7b7ef4af,123,lembang,cikatomas pakidulan joszzz,,,20a73ac2-f227-44a5-9e29-bc90a26d22a2,19.00 - 20.00.mp4,
511,51586,truck,6tr_2sumbu,6TR_2sumbu,2-Axle Truck (Jumbo),6,2-Axle Truck,6TR_2sumbu,2,Line 2,normal,1632.6,48978,0.3192,142174c2-beba-409e-b25c-3c2882bce06f,e2b5d1af-611f-418e-93d3-019b7b7ef4af,123,lembang,cikatomas pakidulan joszzz,,,20a73ac2-f227-44a5-9e29-bc90a26d22a2,19.00 - 20.00.mp4,
512,51639,car,2mobil,2mobil,Car / Sedan,2,Sedan / jeep / station wagon,2mobil,2,Line 2,normal,1634.6333,49039,0.8316,142174c2-beba-409e-b25c-3c2882bce06f,e2b5d1af-611f-418e-93d3-019b7b7ef4af,123,lembang,cikatomas pakidulan joszzz,,,20a73ac2-f227-44a5-9e29-bc90a26d22a2,19.00 - 20.00.mp4,
513,51643,bus,5bus,5Bus,Bus,5,Bus,5Bus,2,Line 2,opposite,1635.5667,49067,0.4098,142174c2-beba-409e-b25c-3c2882bce06f,e2b5d1af-611f-418e-93d3-019b7b7ef4af,123,lembang,cikatomas pakidulan joszzz,,,20a73ac2-f227-44a5-9e29-bc90a26d22a2,19.00 - 20.00.mp4,
514,51834,truck,4pickupmicro,4PickupMicro,Pickup / Micro Truck,4,Pickup / micro truck / delivery,4PickupMicro,2,Line 2,opposite,1641.0,49230,0.6409,142174c2-beba-409e-b25c-3c2882bce06f,e2b5d1af-611f-418e-93d3-019b7b7ef4af,123,lembang,cikatomas pakidulan joszzz,,,20a73ac2-f227-44a5-9e29-bc90a26d22a2,19.00 - 20.00.mp4,
515,52490,car,2mobil,2mobil,Car / Sedan,2,Sedan / jeep / station wagon,2mobil,2,Line 2,normal,1662.1333,49864,0.5414,142174c2-beba-409e-b25c-3c2882bce06f,e2b5d1af-611f-418e-93d3-019b7b7ef4af,123,lembang,cikatomas pakidulan joszzz,,,20a73ac2-f227-44a5-9e29-bc90a26d22a2,19.00 - 20.00.mp4,
516,52631,car,2mobil,2mobil,Car / Sedan,2,Sedan / jeep / station wagon,2mobil,2,Line 2,normal,1667.4333,50023,0.7459,142174c2-beba-409e-b25c-3c2882bce06f,e2b5d1af-611f-418e-93d3-019b7b7ef4af,123,lembang,cikatomas pakidulan joszzz,,,20a73ac2-f227-44a5-9e29-bc90a26d22a2,19.00 - 20.00.mp4,
517,52986,car,2mobil,2mobil,Car / Sedan,2,Sedan / jeep / station wagon,2mobil,2,Line 2,opposite,1680.7333,50422,0.5379,142174c2-beba-409e-b25c-3c2882bce06f,e2b5d1af-611f-418e-93d3-019b7b7ef4af,123,lembang,cikatomas pakidulan joszzz,,,20a73ac2-f227-44a5-9e29-bc90a26d22a2,19.00 - 20.00.mp4,
518,53051,car,2mobil,2mobil,Car / Sedan,2,Sedan / jeep / station wagon,2mobil,2,Line 2,normal,1682.0667,50462,0.6201,142174c2-beba-409e-b25c-3c2882bce06f,e2b5d1af-611f-418e-93d3-019b7b7ef4af,123,lembang,cikatomas pakidulan joszzz,,,20a73ac2-f227-44a5-9e29-bc90a26d22a2,19.00 - 20.00.mp4,
519,53080,car,2mobil,2mobil,Car / Sedan,2,Sedan / jeep / station wagon,2mobil,2,Line 2,normal,1683.2,50496,0.7437,142174c2-beba-409e-b25c-3c2882bce06f,e2b5d1af-611f-418e-93d3-019b7b7ef4af,123,lembang,cikatomas pakidulan joszzz,,,20a73ac2-f227-44a5-9e29-bc90a26d22a2,19.00 - 20.00.mp4,
520,53253,car,2mobil,2mobil,Car / Sedan,2,Sedan / jeep / station wagon,2mobil,2,Line 2,normal,1689.7333,50692,0.7744,142174c2-beba-409e-b25c-3c2882bce06f,e2b5d1af-611f-418e-93d3-019b7b7ef4af,123,lembang,cikatomas pakidulan joszzz,,,20a73ac2-f227-44a5-9e29-bc90a26d22a2,19.00 - 20.00.mp4,
521,53782,car,2mobil,2mobil,Car / Sedan,2,Sedan / jeep / station wagon,2mobil,2,Line 2,normal,1709.5667,51287,0.6937,142174c2-beba-409e-b25c-3c2882bce06f,e2b5d1af-611f-418e-93d3-019b7b7ef4af,123,lembang,cikatomas pakidulan joszzz,,,20a73ac2-f227-44a5-9e29-bc90a26d22a2,19.00 - 20.00.mp4,
522,53862,truck,6tr_2sumbu,6TR_2sumbu,2-Axle Truck (Jumbo),6,2-Axle Truck,6TR_2sumbu,2,Line 2,normal,1713.5667,51407,0.8414,142174c2-beba-409e-b25c-3c2882bce06f,e2b5d1af-611f-418e-93d3-019b7b7ef4af,123,lembang,cikatomas pakidulan joszzz,,,20a73ac2-f227-44a5-9e29-bc90a26d22a2,19.00 - 20.00.mp4,
523,53959,bus,5bus,5Bus,Bus,5,Bus,5Bus,2,Line 2,normal,1714.8,51444,0.7073,142174c2-beba-409e-b25c-3c2882bce06f,e2b5d1af-611f-418e-93d3-019b7b7ef4af,123,lembang,cikatomas pakidulan joszzz,,,20a73ac2-f227-44a5-9e29-bc90a26d22a2,19.00 - 20.00.mp4,
524,54024,truck,4pickupmicro,4PickupMicro,Pickup / Micro Truck,4,Pickup / micro truck / delivery,4PickupMicro,2,Line 2,normal,1716.3667,51491,0.4615,142174c2-beba-409e-b25c-3c2882bce06f,e2b5d1af-611f-418e-93d3-019b7b7ef4af,123,lembang,cikatomas pakidulan joszzz,,,20a73ac2-f227-44a5-9e29-bc90a26d22a2,19.00 - 20.00.mp4,
525,54156,truck,6tr_2sumbu,6TR_2sumbu,2-Axle Truck (Jumbo),6,2-Axle Truck,6TR_2sumbu,2,Line 2,opposite,1722.5667,51677,0.8547,142174c2-beba-409e-b25c-3c2882bce06f,e2b5d1af-611f-418e-93d3-019b7b7ef4af,123,lembang,cikatomas pakidulan joszzz,,,20a73ac2-f227-44a5-9e29-bc90a26d22a2,19.00 - 20.00.mp4,
526,54419,truck,6tr_2sumbu,6TR_2sumbu,2-Axle Truck (Jumbo),6,2-Axle Truck,6TR_2sumbu,2,Line 2,normal,1728.9333,51868,0.4073,142174c2-beba-409e-b25c-3c2882bce06f,e2b5d1af-611f-418e-93d3-019b7b7ef4af,123,lembang,cikatomas pakidulan joszzz,,,20a73ac2-f227-44a5-9e29-bc90a26d22a2,19.00 - 20.00.mp4,
527,54786,truck,6tr_2sumbu,6TR_2sumbu,2-Axle Truck (Jumbo),6,2-Axle Truck,6TR_2sumbu,2,Line 2,opposite,1741.8,52254,0.8991,142174c2-beba-409e-b25c-3c2882bce06f,e2b5d1af-611f-418e-93d3-019b7b7ef4af,123,lembang,cikatomas pakidulan joszzz,,,20a73ac2-f227-44a5-9e29-bc90a26d22a2,19.00 - 20.00.mp4,
528,54884,car,2mobil,2mobil,Car / Sedan,2,Sedan / jeep / station wagon,2mobil,2,Line 2,normal,1744.1333,52324,0.87,142174c2-beba-409e-b25c-3c2882bce06f,e2b5d1af-611f-418e-93d3-019b7b7ef4af,123,lembang,cikatomas pakidulan joszzz,,,20a73ac2-f227-44a5-9e29-bc90a26d22a2,19.00 - 20.00.mp4,
529,54936,truck,4pickupmicro,4PickupMicro,Pickup / Micro Truck,4,Pickup / micro truck / delivery,4PickupMicro,2,Line 2,normal,1745.7333,52372,0.6651,142174c2-beba-409e-b25c-3c2882bce06f,e2b5d1af-611f-418e-93d3-019b7b7ef4af,123,lembang,cikatomas pakidulan joszzz,,,20a73ac2-f227-44a5-9e29-bc90a26d22a2,19.00 - 20.00.mp4,
530,55148,truck,4pickupmicro,4PickupMicro,Pickup / Micro Truck,4,Pickup / micro truck / delivery,4PickupMicro,2,Line 2,opposite,1755.3667,52661,0.8624,142174c2-beba-409e-b25c-3c2882bce06f,e2b5d1af-611f-418e-93d3-019b7b7ef4af,123,lembang,cikatomas pakidulan joszzz,,,20a73ac2-f227-44a5-9e29-bc90a26d22a2,19.00 - 20.00.mp4,
531,55557,car,2mobil,2mobil,Car / Sedan,2,Sedan / jeep / station wagon,2mobil,2,Line 2,normal,1768.3333,53050,0.682,142174c2-beba-409e-b25c-3c2882bce06f,e2b5d1af-611f-418e-93d3-019b7b7ef4af,123,lembang,cikatomas pakidulan joszzz,,,20a73ac2-f227-44a5-9e29-bc90a26d22a2,19.00 - 20.00.mp4,
532,55605,car,2mobil,2mobil,Car / Sedan,2,Sedan / jeep / station wagon,2mobil,2,Line 2,normal,1771.5333,53146,0.6956,142174c2-beba-409e-b25c-3c2882bce06f,e2b5d1af-611f-418e-93d3-019b7b7ef4af,123,lembang,cikatomas pakidulan joszzz,,,20a73ac2-f227-44a5-9e29-bc90a26d22a2,19.00 - 20.00.mp4,
533,55770,car,2mobil,2mobil,Car / Sedan,2,Sedan / jeep / station wagon,2mobil,2,Line 2,normal,1777.8667,53336,0.7831,142174c2-beba-409e-b25c-3c2882bce06f,e2b5d1af-611f-418e-93d3-019b7b7ef4af,123,lembang,cikatomas pakidulan joszzz,,,20a73ac2-f227-44a5-9e29-bc90a26d22a2,19.00 - 20.00.mp4,
534,55782,truck,6tr_2sumbu,6TR_2sumbu,2-Axle Truck (Jumbo),6,2-Axle Truck,6TR_2sumbu,2,Line 2,normal,1778.5,53355,0.7728,142174c2-beba-409e-b25c-3c2882bce06f,e2b5d1af-611f-418e-93d3-019b7b7ef4af,123,lembang,cikatomas pakidulan joszzz,,,20a73ac2-f227-44a5-9e29-bc90a26d22a2,19.00 - 20.00.mp4,
535,56037,car,2mobil,2mobil,Car / Sedan,2,Sedan / jeep / station wagon,2mobil,2,Line 2,normal,1788.6667,53660,0.7304,142174c2-beba-409e-b25c-3c2882bce06f,e2b5d1af-611f-418e-93d3-019b7b7ef4af,123,lembang,cikatomas pakidulan joszzz,,,20a73ac2-f227-44a5-9e29-bc90a26d22a2,19.00 - 20.00.mp4,
536,56042,truck,6tr_2sumbu,6TR_2sumbu,2-Axle Truck (Jumbo),6,2-Axle Truck,6TR_2sumbu,2,Line 2,normal,1789.3333,53680,0.7872,142174c2-beba-409e-b25c-3c2882bce06f,e2b5d1af-611f-418e-93d3-019b7b7ef4af,123,lembang,cikatomas pakidulan joszzz,,,20a73ac2-f227-44a5-9e29-bc90a26d22a2,19.00 - 20.00.mp4,
537,56112,truck,6tr_2sumbu,6TR_2sumbu,2-Axle Truck (Jumbo),6,2-Axle Truck,6TR_2sumbu,2,Line 2,normal,1790.9333,53728,0.6793,142174c2-beba-409e-b25c-3c2882bce06f,e2b5d1af-611f-418e-93d3-019b7b7ef4af,123,lembang,cikatomas pakidulan joszzz,,,20a73ac2-f227-44a5-9e29-bc90a26d22a2,19.00 - 20.00.mp4,
538,56210,car,2mobil,2mobil,Car / Sedan,2,Sedan / jeep / station wagon,2mobil,2,Line 2,normal,1793.8667,53816,0.7465,142174c2-beba-409e-b25c-3c2882bce06f,e2b5d1af-611f-418e-93d3-019b7b7ef4af,123,lembang,cikatomas pakidulan joszzz,,,20a73ac2-f227-44a5-9e29-bc90a26d22a2,19.00 - 20.00.mp4,
539,56375,car,2mobil,2mobil,Car / Sedan,2,Sedan / jeep / station wagon,2mobil,2,Line 2,opposite,1797.7667,53933,0.7549,142174c2-beba-409e-b25c-3c2882bce06f,e2b5d1af-611f-418e-93d3-019b7b7ef4af,123,lembang,cikatomas pakidulan joszzz,,,20a73ac2-f227-44a5-9e29-bc90a26d22a2,19.00 - 20.00.mp4,
540,56410,car,3ang_umum,3ang_umum,Public Transportation (Angkot),3,Medium passenger vehicle,3Ang_umum,2,Line 2,normal,1799.2333,53977,0.3435,142174c2-beba-409e-b25c-3c2882bce06f,e2b5d1af-611f-418e-93d3-019b7b7ef4af,123,lembang,cikatomas pakidulan joszzz,,,20a73ac2-f227-44a5-9e29-bc90a26d22a2,19.00 - 20.00.mp4,
541,56462,car,2mobil,2mobil,Car / Sedan,2,Sedan / jeep / station wagon,2mobil,2,Line 2,normal,1801.4333,54043,0.7714,142174c2-beba-409e-b25c-3c2882bce06f,e2b5d1af-611f-418e-93d3-019b7b7ef4af,123,lembang,cikatomas pakidulan joszzz,,,20a73ac2-f227-44a5-9e29-bc90a26d22a2,19.00 - 20.00.mp4,
542,56763,car,2mobil,2mobil,Car / Sedan,2,Sedan / jeep / station wagon,2mobil,2,Line 2,normal,1811.2667,54338,0.7265,142174c2-beba-409e-b25c-3c2882bce06f,e2b5d1af-611f-418e-93d3-019b7b7ef4af,123,lembang,cikatomas pakidulan joszzz,,,20a73ac2-f227-44a5-9e29-bc90a26d22a2,19.00 - 20.00.mp4,
543,56869,truck,6tr_2sumbu,6TR_2sumbu,2-Axle Truck (Jumbo),6,2-Axle Truck,6TR_2sumbu,2,Line 2,normal,1814.5667,54437,0.7057,142174c2-beba-409e-b25c-3c2882bce06f,e2b5d1af-611f-418e-93d3-019b7b7ef4af,123,lembang,cikatomas pakidulan joszzz,,,20a73ac2-f227-44a5-9e29-bc90a26d22a2,19.00 - 20.00.mp4,
544,56886,car,2mobil,2mobil,Car / Sedan,2,Sedan / jeep / station wagon,2mobil,2,Line 2,normal,1814.7,54441,0.3243,142174c2-beba-409e-b25c-3c2882bce06f,e2b5d1af-611f-418e-93d3-019b7b7ef4af,123,lembang,cikatomas pakidulan joszzz,,,20a73ac2-f227-44a5-9e29-bc90a26d22a2,19.00 - 20.00.mp4,
545,56990,car,2mobil,2mobil,Car / Sedan,2,Sedan / jeep / station wagon,2mobil,2,Line 2,normal,1817.9667,54539,0.4713,142174c2-beba-409e-b25c-3c2882bce06f,e2b5d1af-611f-418e-93d3-019b7b7ef4af,123,lembang,cikatomas pakidulan joszzz,,,20a73ac2-f227-44a5-9e29-bc90a26d22a2,19.00 - 20.00.mp4,
546,57067,truck,6tr_2sumbu,6TR_2sumbu,2-Axle Truck (Jumbo),6,2-Axle Truck,6TR_2sumbu,2,Line 2,normal,1820.5333,54616,0.6493,142174c2-beba-409e-b25c-3c2882bce06f,e2b5d1af-611f-418e-93d3-019b7b7ef4af,123,lembang,cikatomas pakidulan joszzz,,,20a73ac2-f227-44a5-9e29-bc90a26d22a2,19.00 - 20.00.mp4,
547,57179,truck,4pickupmicro,4PickupMicro,Pickup / Micro Truck,4,Pickup / micro truck / delivery,4PickupMicro,2,Line 2,normal,1823.8333,54715,0.6088,142174c2-beba-409e-b25c-3c2882bce06f,e2b5d1af-611f-418e-93d3-019b7b7ef4af,123,lembang,cikatomas pakidulan joszzz,,,20a73ac2-f227-44a5-9e29-bc90a26d22a2,19.00 - 20.00.mp4,
548,57261,bus,5bus,5Bus,Bus,5,Bus,5Bus,2,Line 2,normal,1827.3667,54821,0.6167,142174c2-beba-409e-b25c-3c2882bce06f,e2b5d1af-611f-418e-93d3-019b7b7ef4af,123,lembang,cikatomas pakidulan joszzz,,,20a73ac2-f227-44a5-9e29-bc90a26d22a2,19.00 - 20.00.mp4,
549,57304,bus,5bus,5Bus,Bus,5,Bus,5Bus,2,Line 2,normal,1829.1667,54875,0.7812,142174c2-beba-409e-b25c-3c2882bce06f,e2b5d1af-611f-418e-93d3-019b7b7ef4af,123,lembang,cikatomas pakidulan joszzz,,,20a73ac2-f227-44a5-9e29-bc90a26d22a2,19.00 - 20.00.mp4,
550,57474,truck,4pickupmicro,4PickupMicro,Pickup / Micro Truck,4,Pickup / micro truck / delivery,4PickupMicro,1,Line 1,normal,1834.8667,55046,0.3099,142174c2-beba-409e-b25c-3c2882bce06f,e2b5d1af-611f-418e-93d3-019b7b7ef4af,123,lembang,cikatomas pakidulan joszzz,,,20a73ac2-f227-44a5-9e29-bc90a26d22a2,19.00 - 20.00.mp4,
551,57474,truck,7tr-3sumbu,7TR-3sumbu,3-Axle Truck (Jumbo),7,3-Axle Truck,7TR-3sumbu,2,Line 2,normal,1837.1333,55114,0.46,142174c2-beba-409e-b25c-3c2882bce06f,e2b5d1af-611f-418e-93d3-019b7b7ef4af,123,lembang,cikatomas pakidulan joszzz,,,20a73ac2-f227-44a5-9e29-bc90a26d22a2,19.00 - 20.00.mp4,
552,57679,car,2mobil,2mobil,Car / Sedan,2,Sedan / jeep / station wagon,2mobil,2,Line 2,normal,1840.2333,55207,0.8007,142174c2-beba-409e-b25c-3c2882bce06f,e2b5d1af-611f-418e-93d3-019b7b7ef4af,123,lembang,cikatomas pakidulan joszzz,,,20a73ac2-f227-44a5-9e29-bc90a26d22a2,19.00 - 20.00.mp4,
553,57706,car,2mobil,2mobil,Car / Sedan,2,Sedan / jeep / station wagon,2mobil,2,Line 2,normal,1840.9667,55229,0.869,142174c2-beba-409e-b25c-3c2882bce06f,e2b5d1af-611f-418e-93d3-019b7b7ef4af,123,lembang,cikatomas pakidulan joszzz,,,20a73ac2-f227-44a5-9e29-bc90a26d22a2,19.00 - 20.00.mp4,
554,57803,car,2mobil,2mobil,Car / Sedan,2,Sedan / jeep / station wagon,2mobil,2,Line 2,normal,1844.1333,55324,0.5876,142174c2-beba-409e-b25c-3c2882bce06f,e2b5d1af-611f-418e-93d3-019b7b7ef4af,123,lembang,cikatomas pakidulan joszzz,,,20a73ac2-f227-44a5-9e29-bc90a26d22a2,19.00 - 20.00.mp4,
555,57864,car,2mobil,2mobil,Car / Sedan,2,Sedan / jeep / station wagon,2mobil,2,Line 2,normal,1845.2333,55357,0.5992,142174c2-beba-409e-b25c-3c2882bce06f,e2b5d1af-611f-418e-93d3-019b7b7ef4af,123,lembang,cikatomas pakidulan joszzz,,,20a73ac2-f227-44a5-9e29-bc90a26d22a2,19.00 - 20.00.mp4,
556,57973,car,2mobil,2mobil,Car / Sedan,2,Sedan / jeep / station wagon,2mobil,2,Line 2,normal,1848.7333,55462,0.2933,142174c2-beba-409e-b25c-3c2882bce06f,e2b5d1af-611f-418e-93d3-019b7b7ef4af,123,lembang,cikatomas pakidulan joszzz,,,20a73ac2-f227-44a5-9e29-bc90a26d22a2,19.00 - 20.00.mp4,
557,57972,truck,4pickupmicro,4PickupMicro,Pickup / Micro Truck,4,Pickup / micro truck / delivery,4PickupMicro,2,Line 2,opposite,1849.2,55476,0.6583,142174c2-beba-409e-b25c-3c2882bce06f,e2b5d1af-611f-418e-93d3-019b7b7ef4af,123,lembang,cikatomas pakidulan joszzz,,,20a73ac2-f227-44a5-9e29-bc90a26d22a2,19.00 - 20.00.mp4,
558,58015,car,2mobil,2mobil,Car / Sedan,2,Sedan / jeep / station wagon,2mobil,2,Line 2,normal,1849.7333,55492,0.7479,142174c2-beba-409e-b25c-3c2882bce06f,e2b5d1af-611f-418e-93d3-019b7b7ef4af,123,lembang,cikatomas pakidulan joszzz,,,20a73ac2-f227-44a5-9e29-bc90a26d22a2,19.00 - 20.00.mp4,
559,58017,truck,6tr_2sumbu,6TR_2sumbu,2-Axle Truck (Jumbo),6,2-Axle Truck,6TR_2sumbu,2,Line 2,opposite,1850.8667,55526,0.887,142174c2-beba-409e-b25c-3c2882bce06f,e2b5d1af-611f-418e-93d3-019b7b7ef4af,123,lembang,cikatomas pakidulan joszzz,,,20a73ac2-f227-44a5-9e29-bc90a26d22a2,19.00 - 20.00.mp4,
560,58081,truck,6tr_2sumbu,6TR_2sumbu,2-Axle Truck (Jumbo),6,2-Axle Truck,6TR_2sumbu,2,Line 2,normal,1851.9333,55558,0.6418,142174c2-beba-409e-b25c-3c2882bce06f,e2b5d1af-611f-418e-93d3-019b7b7ef4af,123,lembang,cikatomas pakidulan joszzz,,,20a73ac2-f227-44a5-9e29-bc90a26d22a2,19.00 - 20.00.mp4,
561,58198,bus,5bus,5Bus,Bus,5,Bus,5Bus,2,Line 2,normal,1854.7333,55642,0.8666,142174c2-beba-409e-b25c-3c2882bce06f,e2b5d1af-611f-418e-93d3-019b7b7ef4af,123,lembang,cikatomas pakidulan joszzz,,,20a73ac2-f227-44a5-9e29-bc90a26d22a2,19.00 - 20.00.mp4,
562,58639,truck,4pickupmicro,4PickupMicro,Pickup / Micro Truck,4,Pickup / micro truck / delivery,4PickupMicro,2,Line 2,normal,1868.4333,56053,0.7741,142174c2-beba-409e-b25c-3c2882bce06f,e2b5d1af-611f-418e-93d3-019b7b7ef4af,123,lembang,cikatomas pakidulan joszzz,,,20a73ac2-f227-44a5-9e29-bc90a26d22a2,19.00 - 20.00.mp4,
563,58749,car,2mobil,2mobil,Car / Sedan,2,Sedan / jeep / station wagon,2mobil,2,Line 2,normal,1871.9333,56158,0.646,142174c2-beba-409e-b25c-3c2882bce06f,e2b5d1af-611f-418e-93d3-019b7b7ef4af,123,lembang,cikatomas pakidulan joszzz,,,20a73ac2-f227-44a5-9e29-bc90a26d22a2,19.00 - 20.00.mp4,
564,58887,truck,6tr_2sumbu,6TR_2sumbu,2-Axle Truck (Jumbo),6,2-Axle Truck,6TR_2sumbu,2,Line 2,normal,1876.6333,56299,0.8476,142174c2-beba-409e-b25c-3c2882bce06f,e2b5d1af-611f-418e-93d3-019b7b7ef4af,123,lembang,cikatomas pakidulan joszzz,,,20a73ac2-f227-44a5-9e29-bc90a26d22a2,19.00 - 20.00.mp4,
565,58950,car,2mobil,2mobil,Car / Sedan,2,Sedan / jeep / station wagon,2mobil,2,Line 2,opposite,1878.5667,56357,0.4549,142174c2-beba-409e-b25c-3c2882bce06f,e2b5d1af-611f-418e-93d3-019b7b7ef4af,123,lembang,cikatomas pakidulan joszzz,,,20a73ac2-f227-44a5-9e29-bc90a26d22a2,19.00 - 20.00.mp4,
566,59037,truck,4pickupmicro,4PickupMicro,Pickup / Micro Truck,4,Pickup / micro truck / delivery,4PickupMicro,2,Line 2,opposite,1882.1667,56465,0.6639,142174c2-beba-409e-b25c-3c2882bce06f,e2b5d1af-611f-418e-93d3-019b7b7ef4af,123,lembang,cikatomas pakidulan joszzz,,,20a73ac2-f227-44a5-9e29-bc90a26d22a2,19.00 - 20.00.mp4,
567,59112,bus,5bus,5Bus,Bus,5,Bus,5Bus,2,Line 2,normal,1883.3667,56501,0.707,142174c2-beba-409e-b25c-3c2882bce06f,e2b5d1af-611f-418e-93d3-019b7b7ef4af,123,lembang,cikatomas pakidulan joszzz,,,20a73ac2-f227-44a5-9e29-bc90a26d22a2,19.00 - 20.00.mp4,
568,59120,truck,6tr_2sumbu,6TR_2sumbu,2-Axle Truck (Jumbo),6,2-Axle Truck,6TR_2sumbu,2,Line 2,opposite,1885.0333,56551,0.4106,142174c2-beba-409e-b25c-3c2882bce06f,e2b5d1af-611f-418e-93d3-019b7b7ef4af,123,lembang,cikatomas pakidulan joszzz,,,20a73ac2-f227-44a5-9e29-bc90a26d22a2,19.00 - 20.00.mp4,
569,59268,car,2mobil,2mobil,Car / Sedan,2,Sedan / jeep / station wagon,2mobil,2,Line 2,normal,1887.1,56613,0.8133,142174c2-beba-409e-b25c-3c2882bce06f,e2b5d1af-611f-418e-93d3-019b7b7ef4af,123,lembang,cikatomas pakidulan joszzz,,,20a73ac2-f227-44a5-9e29-bc90a26d22a2,19.00 - 20.00.mp4,
570,59272,car,3ang_umum,3ang_umum,Public Transportation (Angkot),3,Medium passenger vehicle,3Ang_umum,2,Line 2,opposite,1888.2333,56647,0.5217,142174c2-beba-409e-b25c-3c2882bce06f,e2b5d1af-611f-418e-93d3-019b7b7ef4af,123,lembang,cikatomas pakidulan joszzz,,,20a73ac2-f227-44a5-9e29-bc90a26d22a2,19.00 - 20.00.mp4,
571,59396,truck,6tr_2sumbu,6TR_2sumbu,2-Axle Truck (Jumbo),6,2-Axle Truck,6TR_2sumbu,2,Line 2,opposite,1891.3333,56740,0.6254,142174c2-beba-409e-b25c-3c2882bce06f,e2b5d1af-611f-418e-93d3-019b7b7ef4af,123,lembang,cikatomas pakidulan joszzz,,,20a73ac2-f227-44a5-9e29-bc90a26d22a2,19.00 - 20.00.mp4,
572,59557,bus,5bus,5Bus,Bus,5,Bus,5Bus,2,Line 2,normal,1895.2333,56857,0.9063,142174c2-beba-409e-b25c-3c2882bce06f,e2b5d1af-611f-418e-93d3-019b7b7ef4af,123,lembang,cikatomas pakidulan joszzz,,,20a73ac2-f227-44a5-9e29-bc90a26d22a2,19.00 - 20.00.mp4,
573,59652,car,2mobil,2mobil,Car / Sedan,2,Sedan / jeep / station wagon,2mobil,2,Line 2,normal,1896.8,56904,0.4984,142174c2-beba-409e-b25c-3c2882bce06f,e2b5d1af-611f-418e-93d3-019b7b7ef4af,123,lembang,cikatomas pakidulan joszzz,,,20a73ac2-f227-44a5-9e29-bc90a26d22a2,19.00 - 20.00.mp4,
574,59660,truck,6tr_2sumbu,6TR_2sumbu,2-Axle Truck (Jumbo),6,2-Axle Truck,6TR_2sumbu,2,Line 2,normal,1897.3667,56921,0.8354,142174c2-beba-409e-b25c-3c2882bce06f,e2b5d1af-611f-418e-93d3-019b7b7ef4af,123,lembang,cikatomas pakidulan joszzz,,,20a73ac2-f227-44a5-9e29-bc90a26d22a2,19.00 - 20.00.mp4,
575,59751,car,2mobil,2mobil,Car / Sedan,2,Sedan / jeep / station wagon,2mobil,2,Line 2,opposite,1899.8667,56996,0.6402,142174c2-beba-409e-b25c-3c2882bce06f,e2b5d1af-611f-418e-93d3-019b7b7ef4af,123,lembang,cikatomas pakidulan joszzz,,,20a73ac2-f227-44a5-9e29-bc90a26d22a2,19.00 - 20.00.mp4,
576,59866,car,2mobil,2mobil,Car / Sedan,2,Sedan / jeep / station wagon,2mobil,2,Line 2,opposite,1903.0667,57092,0.6482,142174c2-beba-409e-b25c-3c2882bce06f,e2b5d1af-611f-418e-93d3-019b7b7ef4af,123,lembang,cikatomas pakidulan joszzz,,,20a73ac2-f227-44a5-9e29-bc90a26d22a2,19.00 - 20.00.mp4,
577,59924,truck,6tr_2sumbu,6TR_2sumbu,2-Axle Truck (Jumbo),6,2-Axle Truck,6TR_2sumbu,2,Line 2,opposite,1905.2333,57157,0.8302,142174c2-beba-409e-b25c-3c2882bce06f,e2b5d1af-611f-418e-93d3-019b7b7ef4af,123,lembang,cikatomas pakidulan joszzz,,,20a73ac2-f227-44a5-9e29-bc90a26d22a2,19.00 - 20.00.mp4,
578,60003,car,2mobil,2mobil,Car / Sedan,2,Sedan / jeep / station wagon,2mobil,2,Line 2,opposite,1907.9333,57238,0.7008,142174c2-beba-409e-b25c-3c2882bce06f,e2b5d1af-611f-418e-93d3-019b7b7ef4af,123,lembang,cikatomas pakidulan joszzz,,,20a73ac2-f227-44a5-9e29-bc90a26d22a2,19.00 - 20.00.mp4,
579,60029,car,2mobil,2mobil,Car / Sedan,2,Sedan / jeep / station wagon,2mobil,2,Line 2,opposite,1909.1,57273,0.7763,142174c2-beba-409e-b25c-3c2882bce06f,e2b5d1af-611f-418e-93d3-019b7b7ef4af,123,lembang,cikatomas pakidulan joszzz,,,20a73ac2-f227-44a5-9e29-bc90a26d22a2,19.00 - 20.00.mp4,
580,60088,truck,4pickupmicro,4PickupMicro,Pickup / Micro Truck,4,Pickup / micro truck / delivery,4PickupMicro,2,Line 2,normal,1909.6333,57289,0.6354,142174c2-beba-409e-b25c-3c2882bce06f,e2b5d1af-611f-418e-93d3-019b7b7ef4af,123,lembang,cikatomas pakidulan joszzz,,,20a73ac2-f227-44a5-9e29-bc90a26d22a2,19.00 - 20.00.mp4,
581,60106,car,2mobil,2mobil,Car / Sedan,2,Sedan / jeep / station wagon,2mobil,2,Line 2,opposite,1911.5,57345,0.5203,142174c2-beba-409e-b25c-3c2882bce06f,e2b5d1af-611f-418e-93d3-019b7b7ef4af,123,lembang,cikatomas pakidulan joszzz,,,20a73ac2-f227-44a5-9e29-bc90a26d22a2,19.00 - 20.00.mp4,
582,60135,truck,4pickupmicro,4PickupMicro,Pickup / Micro Truck,4,Pickup / micro truck / delivery,4PickupMicro,2,Line 2,opposite,1913.1,57393,0.8957,142174c2-beba-409e-b25c-3c2882bce06f,e2b5d1af-611f-418e-93d3-019b7b7ef4af,123,lembang,cikatomas pakidulan joszzz,,,20a73ac2-f227-44a5-9e29-bc90a26d22a2,19.00 - 20.00.mp4,
583,60172,car,2mobil,2mobil,Car / Sedan,2,Sedan / jeep / station wagon,2mobil,2,Line 2,opposite,1913.2,57396,0.6854,142174c2-beba-409e-b25c-3c2882bce06f,e2b5d1af-611f-418e-93d3-019b7b7ef4af,123,lembang,cikatomas pakidulan joszzz,,,20a73ac2-f227-44a5-9e29-bc90a26d22a2,19.00 - 20.00.mp4,
584,60368,car,2mobil,2mobil,Car / Sedan,2,Sedan / jeep / station wagon,2mobil,2,Line 2,opposite,1920.5,57615,0.8044,142174c2-beba-409e-b25c-3c2882bce06f,e2b5d1af-611f-418e-93d3-019b7b7ef4af,123,lembang,cikatomas pakidulan joszzz,,,20a73ac2-f227-44a5-9e29-bc90a26d22a2,19.00 - 20.00.mp4,
585,60347,car,2mobil,2mobil,Car / Sedan,2,Sedan / jeep / station wagon,2mobil,2,Line 2,opposite,1920.5667,57617,0.7113,142174c2-beba-409e-b25c-3c2882bce06f,e2b5d1af-611f-418e-93d3-019b7b7ef4af,123,lembang,cikatomas pakidulan joszzz,,,20a73ac2-f227-44a5-9e29-bc90a26d22a2,19.00 - 20.00.mp4,
586,61292,car,2mobil,2mobil,Car / Sedan,2,Sedan / jeep / station wagon,2mobil,2,Line 2,normal,1947.5667,58427,0.6343,142174c2-beba-409e-b25c-3c2882bce06f,e2b5d1af-611f-418e-93d3-019b7b7ef4af,123,lembang,cikatomas pakidulan joszzz,,,20a73ac2-f227-44a5-9e29-bc90a26d22a2,19.00 - 20.00.mp4,
587,61456,truck,6tr_2sumbu,6TR_2sumbu,2-Axle Truck (Jumbo),6,2-Axle Truck,6TR_2sumbu,2,Line 2,normal,1953.9,58617,0.6026,142174c2-beba-409e-b25c-3c2882bce06f,e2b5d1af-611f-418e-93d3-019b7b7ef4af,123,lembang,cikatomas pakidulan joszzz,,,20a73ac2-f227-44a5-9e29-bc90a26d22a2,19.00 - 20.00.mp4,
588,61592,truck,6tr_2sumbu,6TR_2sumbu,2-Axle Truck (Jumbo),6,2-Axle Truck,6TR_2sumbu,2,Line 2,opposite,1958.6333,58759,0.8357,142174c2-beba-409e-b25c-3c2882bce06f,e2b5d1af-611f-418e-93d3-019b7b7ef4af,123,lembang,cikatomas pakidulan joszzz,,,20a73ac2-f227-44a5-9e29-bc90a26d22a2,19.00 - 20.00.mp4,
589,61668,car,2mobil,2mobil,Car / Sedan,2,Sedan / jeep / station wagon,2mobil,2,Line 2,normal,1958.7667,58763,0.5768,142174c2-beba-409e-b25c-3c2882bce06f,e2b5d1af-611f-418e-93d3-019b7b7ef4af,123,lembang,cikatomas pakidulan joszzz,,,20a73ac2-f227-44a5-9e29-bc90a26d22a2,19.00 - 20.00.mp4,
590,61829,bus,5bus,5Bus,Bus,5,Bus,5Bus,2,Line 2,normal,1963.5333,58906,0.5589,142174c2-beba-409e-b25c-3c2882bce06f,e2b5d1af-611f-418e-93d3-019b7b7ef4af,123,lembang,cikatomas pakidulan joszzz,,,20a73ac2-f227-44a5-9e29-bc90a26d22a2,19.00 - 20.00.mp4,
591,62036,car,2mobil,2mobil,Car / Sedan,2,Sedan / jeep / station wagon,2mobil,2,Line 2,opposite,1968.9,59067,0.4235,142174c2-beba-409e-b25c-3c2882bce06f,e2b5d1af-611f-418e-93d3-019b7b7ef4af,123,lembang,cikatomas pakidulan joszzz,,,20a73ac2-f227-44a5-9e29-bc90a26d22a2,19.00 - 20.00.mp4,
592,62092,truck,4pickupmicro,4PickupMicro,Pickup / Micro Truck,4,Pickup / micro truck / delivery,4PickupMicro,2,Line 2,opposite,1970.5333,59116,0.3635,142174c2-beba-409e-b25c-3c2882bce06f,e2b5d1af-611f-418e-93d3-019b7b7ef4af,123,lembang,cikatomas pakidulan joszzz,,,20a73ac2-f227-44a5-9e29-bc90a26d22a2,19.00 - 20.00.mp4,
593,62196,car,2mobil,2mobil,Car / Sedan,2,Sedan / jeep / station wagon,2mobil,2,Line 2,opposite,1973.7333,59212,0.4978,142174c2-beba-409e-b25c-3c2882bce06f,e2b5d1af-611f-418e-93d3-019b7b7ef4af,123,lembang,cikatomas pakidulan joszzz,,,20a73ac2-f227-44a5-9e29-bc90a26d22a2,19.00 - 20.00.mp4,
594,62286,truck,6tr_2sumbu,6TR_2sumbu,2-Axle Truck (Jumbo),6,2-Axle Truck,6TR_2sumbu,2,Line 2,opposite,1976.7333,59302,0.8775,142174c2-beba-409e-b25c-3c2882bce06f,e2b5d1af-611f-418e-93d3-019b7b7ef4af,123,lembang,cikatomas pakidulan joszzz,,,20a73ac2-f227-44a5-9e29-bc90a26d22a2,19.00 - 20.00.mp4,
595,62329,truck,4pickupmicro,4PickupMicro,Pickup / Micro Truck,4,Pickup / micro truck / delivery,4PickupMicro,2,Line 2,opposite,1977.3667,59321,0.3454,142174c2-beba-409e-b25c-3c2882bce06f,e2b5d1af-611f-418e-93d3-019b7b7ef4af,123,lembang,cikatomas pakidulan joszzz,,,20a73ac2-f227-44a5-9e29-bc90a26d22a2,19.00 - 20.00.mp4,
596,62334,truck,4pickupmicro,4PickupMicro,Pickup / Micro Truck,4,Pickup / micro truck / delivery,4PickupMicro,2,Line 2,opposite,1977.8667,59336,0.8312,142174c2-beba-409e-b25c-3c2882bce06f,e2b5d1af-611f-418e-93d3-019b7b7ef4af,123,lembang,cikatomas pakidulan joszzz,,,20a73ac2-f227-44a5-9e29-bc90a26d22a2,19.00 - 20.00.mp4,
597,62471,car,2mobil,2mobil,Car / Sedan,2,Sedan / jeep / station wagon,2mobil,2,Line 2,normal,1982.0,59460,0.7449,142174c2-beba-409e-b25c-3c2882bce06f,e2b5d1af-611f-418e-93d3-019b7b7ef4af,123,lembang,cikatomas pakidulan joszzz,,,20a73ac2-f227-44a5-9e29-bc90a26d22a2,19.00 - 20.00.mp4,
598,62525,truck,6tr_2sumbu,6TR_2sumbu,2-Axle Truck (Jumbo),6,2-Axle Truck,6TR_2sumbu,2,Line 2,normal,1984.1333,59524,0.711,142174c2-beba-409e-b25c-3c2882bce06f,e2b5d1af-611f-418e-93d3-019b7b7ef4af,123,lembang,cikatomas pakidulan joszzz,,,20a73ac2-f227-44a5-9e29-bc90a26d22a2,19.00 - 20.00.mp4,
599,62647,car,2mobil,2mobil,Car / Sedan,2,Sedan / jeep / station wagon,2mobil,2,Line 2,normal,1987.8333,59635,0.8197,142174c2-beba-409e-b25c-3c2882bce06f,e2b5d1af-611f-418e-93d3-019b7b7ef4af,123,lembang,cikatomas pakidulan joszzz,,,20a73ac2-f227-44a5-9e29-bc90a26d22a2,19.00 - 20.00.mp4,
600,62718,car,2mobil,2mobil,Car / Sedan,2,Sedan / jeep / station wagon,2mobil,2,Line 2,normal,1990.4333,59713,0.8642,142174c2-beba-409e-b25c-3c2882bce06f,e2b5d1af-611f-418e-93d3-019b7b7ef4af,123,lembang,cikatomas pakidulan joszzz,,,20a73ac2-f227-44a5-9e29-bc90a26d22a2,19.00 - 20.00.mp4,
601,62778,truck,4pickupmicro,4PickupMicro,Pickup / Micro Truck,4,Pickup / micro truck / delivery,4PickupMicro,2,Line 2,normal,1992.5333,59776,0.4707,142174c2-beba-409e-b25c-3c2882bce06f,e2b5d1af-611f-418e-93d3-019b7b7ef4af,123,lembang,cikatomas pakidulan joszzz,,,20a73ac2-f227-44a5-9e29-bc90a26d22a2,19.00 - 20.00.mp4,
602,62916,car,2mobil,2mobil,Car / Sedan,2,Sedan / jeep / station wagon,2mobil,2,Line 2,opposite,1998.2,59946,0.5073,142174c2-beba-409e-b25c-3c2882bce06f,e2b5d1af-611f-418e-93d3-019b7b7ef4af,123,lembang,cikatomas pakidulan joszzz,,,20a73ac2-f227-44a5-9e29-bc90a26d22a2,19.00 - 20.00.mp4,
603,63578,truck,7tr-3sumbu,7TR-3sumbu,3-Axle Truck (Jumbo),7,3-Axle Truck,7TR-3sumbu,2,Line 2,normal,2020.6667,60620,0.6607,142174c2-beba-409e-b25c-3c2882bce06f,e2b5d1af-611f-418e-93d3-019b7b7ef4af,123,lembang,cikatomas pakidulan joszzz,,,20a73ac2-f227-44a5-9e29-bc90a26d22a2,19.00 - 20.00.mp4,
604,63591,bus,5bus,5Bus,Bus,5,Bus,5Bus,2,Line 2,opposite,2021.2667,60638,0.8021,142174c2-beba-409e-b25c-3c2882bce06f,e2b5d1af-611f-418e-93d3-019b7b7ef4af,123,lembang,cikatomas pakidulan joszzz,,,20a73ac2-f227-44a5-9e29-bc90a26d22a2,19.00 - 20.00.mp4,
605,63784,bus,5bus,5Bus,Bus,5,Bus,5Bus,2,Line 2,normal,2027.8,60834,0.5547,142174c2-beba-409e-b25c-3c2882bce06f,e2b5d1af-611f-418e-93d3-019b7b7ef4af,123,lembang,cikatomas pakidulan joszzz,,,20a73ac2-f227-44a5-9e29-bc90a26d22a2,19.00 - 20.00.mp4,
606,63831,car,2mobil,2mobil,Car / Sedan,2,Sedan / jeep / station wagon,2mobil,2,Line 2,opposite,2029.9333,60898,0.5294,142174c2-beba-409e-b25c-3c2882bce06f,e2b5d1af-611f-418e-93d3-019b7b7ef4af,123,lembang,cikatomas pakidulan joszzz,,,20a73ac2-f227-44a5-9e29-bc90a26d22a2,19.00 - 20.00.mp4,
607,64299,car,2mobil,2mobil,Car / Sedan,2,Sedan / jeep / station wagon,2mobil,2,Line 2,normal,2045.7,61371,0.7096,142174c2-beba-409e-b25c-3c2882bce06f,e2b5d1af-611f-418e-93d3-019b7b7ef4af,123,lembang,cikatomas pakidulan joszzz,,,20a73ac2-f227-44a5-9e29-bc90a26d22a2,19.00 - 20.00.mp4,
608,64485,car,2mobil,2mobil,Car / Sedan,2,Sedan / jeep / station wagon,2mobil,2,Line 2,normal,2051.4,61542,0.6737,142174c2-beba-409e-b25c-3c2882bce06f,e2b5d1af-611f-418e-93d3-019b7b7ef4af,123,lembang,cikatomas pakidulan joszzz,,,20a73ac2-f227-44a5-9e29-bc90a26d22a2,19.00 - 20.00.mp4,
609,64508,truck,6tr_2sumbu,6TR_2sumbu,2-Axle Truck (Jumbo),6,2-Axle Truck,6TR_2sumbu,2,Line 2,normal,2052.1,61563,0.6724,142174c2-beba-409e-b25c-3c2882bce06f,e2b5d1af-611f-418e-93d3-019b7b7ef4af,123,lembang,cikatomas pakidulan joszzz,,,20a73ac2-f227-44a5-9e29-bc90a26d22a2,19.00 - 20.00.mp4,
610,64556,car,2mobil,2mobil,Car / Sedan,2,Sedan / jeep / station wagon,2mobil,2,Line 2,normal,2053.4333,61603,0.8637,142174c2-beba-409e-b25c-3c2882bce06f,e2b5d1af-611f-418e-93d3-019b7b7ef4af,123,lembang,cikatomas pakidulan joszzz,,,20a73ac2-f227-44a5-9e29-bc90a26d22a2,19.00 - 20.00.mp4,
611,64564,car,2mobil,2mobil,Car / Sedan,2,Sedan / jeep / station wagon,2mobil,2,Line 2,normal,2053.7667,61613,0.891,142174c2-beba-409e-b25c-3c2882bce06f,e2b5d1af-611f-418e-93d3-019b7b7ef4af,123,lembang,cikatomas pakidulan joszzz,,,20a73ac2-f227-44a5-9e29-bc90a26d22a2,19.00 - 20.00.mp4,
612,64661,car,2mobil,2mobil,Car / Sedan,2,Sedan / jeep / station wagon,2mobil,2,Line 2,normal,2056.3333,61690,0.8428,142174c2-beba-409e-b25c-3c2882bce06f,e2b5d1af-611f-418e-93d3-019b7b7ef4af,123,lembang,cikatomas pakidulan joszzz,,,20a73ac2-f227-44a5-9e29-bc90a26d22a2,19.00 - 20.00.mp4,
613,64691,car,2mobil,2mobil,Car / Sedan,2,Sedan / jeep / station wagon,2mobil,2,Line 2,normal,2057.8333,61735,0.5874,142174c2-beba-409e-b25c-3c2882bce06f,e2b5d1af-611f-418e-93d3-019b7b7ef4af,123,lembang,cikatomas pakidulan joszzz,,,20a73ac2-f227-44a5-9e29-bc90a26d22a2,19.00 - 20.00.mp4,
614,64823,car,2mobil,2mobil,Car / Sedan,2,Sedan / jeep / station wagon,2mobil,2,Line 2,normal,2059.9,61797,0.7462,142174c2-beba-409e-b25c-3c2882bce06f,e2b5d1af-611f-418e-93d3-019b7b7ef4af,123,lembang,cikatomas pakidulan joszzz,,,20a73ac2-f227-44a5-9e29-bc90a26d22a2,19.00 - 20.00.mp4,
615,64843,car,2mobil,2mobil,Car / Sedan,2,Sedan / jeep / station wagon,2mobil,2,Line 2,normal,2060.6667,61820,0.8282,142174c2-beba-409e-b25c-3c2882bce06f,e2b5d1af-611f-418e-93d3-019b7b7ef4af,123,lembang,cikatomas pakidulan joszzz,,,20a73ac2-f227-44a5-9e29-bc90a26d22a2,19.00 - 20.00.mp4,
616,64842,car,2mobil,2mobil,Car / Sedan,2,Sedan / jeep / station wagon,2mobil,2,Line 2,opposite,2061.3,61839,0.5522,142174c2-beba-409e-b25c-3c2882bce06f,e2b5d1af-611f-418e-93d3-019b7b7ef4af,123,lembang,cikatomas pakidulan joszzz,,,20a73ac2-f227-44a5-9e29-bc90a26d22a2,19.00 - 20.00.mp4,
617,64917,truck,6tr_2sumbu,6TR_2sumbu,2-Axle Truck (Jumbo),6,2-Axle Truck,6TR_2sumbu,2,Line 2,opposite,2062.3333,61870,0.4457,142174c2-beba-409e-b25c-3c2882bce06f,e2b5d1af-611f-418e-93d3-019b7b7ef4af,123,lembang,cikatomas pakidulan joszzz,,,20a73ac2-f227-44a5-9e29-bc90a26d22a2,19.00 - 20.00.mp4,
618,64844,truck,7tr-3sumbu,7TR-3sumbu,3-Axle Truck (Jumbo),7,3-Axle Truck,7TR-3sumbu,2,Line 2,opposite,2062.3667,61871,0.5465,142174c2-beba-409e-b25c-3c2882bce06f,e2b5d1af-611f-418e-93d3-019b7b7ef4af,123,lembang,cikatomas pakidulan joszzz,,,20a73ac2-f227-44a5-9e29-bc90a26d22a2,19.00 - 20.00.mp4,
619,65351,car,2mobil,2mobil,Car / Sedan,2,Sedan / jeep / station wagon,2mobil,2,Line 2,normal,2074.8667,62246,0.8682,142174c2-beba-409e-b25c-3c2882bce06f,e2b5d1af-611f-418e-93d3-019b7b7ef4af,123,lembang,cikatomas pakidulan joszzz,,,20a73ac2-f227-44a5-9e29-bc90a26d22a2,19.00 - 20.00.mp4,
620,65460,truck,4pickupmicro,4PickupMicro,Pickup / Micro Truck,4,Pickup / micro truck / delivery,4PickupMicro,2,Line 2,opposite,2080.0333,62401,0.6302,142174c2-beba-409e-b25c-3c2882bce06f,e2b5d1af-611f-418e-93d3-019b7b7ef4af,123,lembang,cikatomas pakidulan joszzz,,,20a73ac2-f227-44a5-9e29-bc90a26d22a2,19.00 - 20.00.mp4,
621,65879,truck,4pickupmicro,4PickupMicro,Pickup / Micro Truck,4,Pickup / micro truck / delivery,4PickupMicro,2,Line 2,normal,2094.6667,62840,0.662,142174c2-beba-409e-b25c-3c2882bce06f,e2b5d1af-611f-418e-93d3-019b7b7ef4af,123,lembang,cikatomas pakidulan joszzz,,,20a73ac2-f227-44a5-9e29-bc90a26d22a2,19.00 - 20.00.mp4,
622,66371,car,3ang_umum,3ang_umum,Public Transportation (Angkot),3,Medium passenger vehicle,3Ang_umum,2,Line 2,opposite,2109.0,63270,0.5274,142174c2-beba-409e-b25c-3c2882bce06f,e2b5d1af-611f-418e-93d3-019b7b7ef4af,123,lembang,cikatomas pakidulan joszzz,,,20a73ac2-f227-44a5-9e29-bc90a26d22a2,19.00 - 20.00.mp4,
623,66609,truck,4pickupmicro,4PickupMicro,Pickup / Micro Truck,4,Pickup / micro truck / delivery,4PickupMicro,2,Line 2,opposite,2118.8667,63566,0.7456,142174c2-beba-409e-b25c-3c2882bce06f,e2b5d1af-611f-418e-93d3-019b7b7ef4af,123,lembang,cikatomas pakidulan joszzz,,,20a73ac2-f227-44a5-9e29-bc90a26d22a2,19.00 - 20.00.mp4,
624,66694,truck,6tr_2sumbu,6TR_2sumbu,2-Axle Truck (Jumbo),6,2-Axle Truck,6TR_2sumbu,2,Line 2,opposite,2123.5,63705,0.5142,142174c2-beba-409e-b25c-3c2882bce06f,e2b5d1af-611f-418e-93d3-019b7b7ef4af,123,lembang,cikatomas pakidulan joszzz,,,20a73ac2-f227-44a5-9e29-bc90a26d22a2,19.00 - 20.00.mp4,
625,66888,car,3ang_umum,3ang_umum,Public Transportation (Angkot),3,Medium passenger vehicle,3Ang_umum,2,Line 2,opposite,2128.0667,63842,0.6757,142174c2-beba-409e-b25c-3c2882bce06f,e2b5d1af-611f-418e-93d3-019b7b7ef4af,123,lembang,cikatomas pakidulan joszzz,,,20a73ac2-f227-44a5-9e29-bc90a26d22a2,19.00 - 20.00.mp4,
626,66908,car,2mobil,2mobil,Car / Sedan,2,Sedan / jeep / station wagon,2mobil,2,Line 2,opposite,2128.4333,63853,0.7164,142174c2-beba-409e-b25c-3c2882bce06f,e2b5d1af-611f-418e-93d3-019b7b7ef4af,123,lembang,cikatomas pakidulan joszzz,,,20a73ac2-f227-44a5-9e29-bc90a26d22a2,19.00 - 20.00.mp4,
627,67064,truck,6tr_2sumbu,6TR_2sumbu,2-Axle Truck (Jumbo),6,2-Axle Truck,6TR_2sumbu,2,Line 2,opposite,2134.5333,64036,0.5885,142174c2-beba-409e-b25c-3c2882bce06f,e2b5d1af-611f-418e-93d3-019b7b7ef4af,123,lembang,cikatomas pakidulan joszzz,,,20a73ac2-f227-44a5-9e29-bc90a26d22a2,19.00 - 20.00.mp4,
628,67169,car,2mobil,2mobil,Car / Sedan,2,Sedan / jeep / station wagon,2mobil,2,Line 2,normal,2137.6333,64129,0.7991,142174c2-beba-409e-b25c-3c2882bce06f,e2b5d1af-611f-418e-93d3-019b7b7ef4af,123,lembang,cikatomas pakidulan joszzz,,,20a73ac2-f227-44a5-9e29-bc90a26d22a2,19.00 - 20.00.mp4,
629,67201,car,2mobil,2mobil,Car / Sedan,2,Sedan / jeep / station wagon,2mobil,2,Line 2,opposite,2138.8,64164,0.5609,142174c2-beba-409e-b25c-3c2882bce06f,e2b5d1af-611f-418e-93d3-019b7b7ef4af,123,lembang,cikatomas pakidulan joszzz,,,20a73ac2-f227-44a5-9e29-bc90a26d22a2,19.00 - 20.00.mp4,
630,67419,car,2mobil,2mobil,Car / Sedan,2,Sedan / jeep / station wagon,2mobil,2,Line 2,normal,2147.5667,64427,0.6702,142174c2-beba-409e-b25c-3c2882bce06f,e2b5d1af-611f-418e-93d3-019b7b7ef4af,123,lembang,cikatomas pakidulan joszzz,,,20a73ac2-f227-44a5-9e29-bc90a26d22a2,19.00 - 20.00.mp4,
631,67423,car,2mobil,2mobil,Car / Sedan,2,Sedan / jeep / station wagon,2mobil,2,Line 2,opposite,2147.8333,64435,0.7349,142174c2-beba-409e-b25c-3c2882bce06f,e2b5d1af-611f-418e-93d3-019b7b7ef4af,123,lembang,cikatomas pakidulan joszzz,,,20a73ac2-f227-44a5-9e29-bc90a26d22a2,19.00 - 20.00.mp4,
632,67484,car,2mobil,2mobil,Car / Sedan,2,Sedan / jeep / station wagon,2mobil,2,Line 2,normal,2150.7,64521,0.8566,142174c2-beba-409e-b25c-3c2882bce06f,e2b5d1af-611f-418e-93d3-019b7b7ef4af,123,lembang,cikatomas pakidulan joszzz,,,20a73ac2-f227-44a5-9e29-bc90a26d22a2,19.00 - 20.00.mp4,
633,67504,car,2mobil,2mobil,Car / Sedan,2,Sedan / jeep / station wagon,2mobil,2,Line 2,normal,2151.3333,64540,0.8161,142174c2-beba-409e-b25c-3c2882bce06f,e2b5d1af-611f-418e-93d3-019b7b7ef4af,123,lembang,cikatomas pakidulan joszzz,,,20a73ac2-f227-44a5-9e29-bc90a26d22a2,19.00 - 20.00.mp4,
634,67536,truck,6tr_2sumbu,6TR_2sumbu,2-Axle Truck (Jumbo),6,2-Axle Truck,6TR_2sumbu,2,Line 2,normal,2152.2667,64568,0.331,142174c2-beba-409e-b25c-3c2882bce06f,e2b5d1af-611f-418e-93d3-019b7b7ef4af,123,lembang,cikatomas pakidulan joszzz,,,20a73ac2-f227-44a5-9e29-bc90a26d22a2,19.00 - 20.00.mp4,
635,67548,truck,6tr_2sumbu,6TR_2sumbu,2-Axle Truck (Jumbo),6,2-Axle Truck,6TR_2sumbu,2,Line 2,opposite,2153.0333,64591,0.7826,142174c2-beba-409e-b25c-3c2882bce06f,e2b5d1af-611f-418e-93d3-019b7b7ef4af,123,lembang,cikatomas pakidulan joszzz,,,20a73ac2-f227-44a5-9e29-bc90a26d22a2,19.00 - 20.00.mp4,
636,67781,car,2mobil,2mobil,Car / Sedan,2,Sedan / jeep / station wagon,2mobil,2,Line 2,opposite,2158.8667,64766,0.7693,142174c2-beba-409e-b25c-3c2882bce06f,e2b5d1af-611f-418e-93d3-019b7b7ef4af,123,lembang,cikatomas pakidulan joszzz,,,20a73ac2-f227-44a5-9e29-bc90a26d22a2,19.00 - 20.00.mp4,
637,67884,truck,4pickupmicro,4PickupMicro,Pickup / Micro Truck,4,Pickup / micro truck / delivery,4PickupMicro,2,Line 2,opposite,2161.0,64830,0.3624,142174c2-beba-409e-b25c-3c2882bce06f,e2b5d1af-611f-418e-93d3-019b7b7ef4af,123,lembang,cikatomas pakidulan joszzz,,,20a73ac2-f227-44a5-9e29-bc90a26d22a2,19.00 - 20.00.mp4,
638,67976,car,2mobil,2mobil,Car / Sedan,2,Sedan / jeep / station wagon,2mobil,2,Line 2,normal,2164.0333,64921,0.4923,142174c2-beba-409e-b25c-3c2882bce06f,e2b5d1af-611f-418e-93d3-019b7b7ef4af,123,lembang,cikatomas pakidulan joszzz,,,20a73ac2-f227-44a5-9e29-bc90a26d22a2,19.00 - 20.00.mp4,
639,67975,truck,6tr_2sumbu,6TR_2sumbu,2-Axle Truck (Jumbo),6,2-Axle Truck,6TR_2sumbu,2,Line 2,opposite,2166.0667,64982,0.7551,142174c2-beba-409e-b25c-3c2882bce06f,e2b5d1af-611f-418e-93d3-019b7b7ef4af,123,lembang,cikatomas pakidulan joszzz,,,20a73ac2-f227-44a5-9e29-bc90a26d22a2,19.00 - 20.00.mp4,
640,68171,truck,4pickupmicro,4PickupMicro,Pickup / Micro Truck,4,Pickup / micro truck / delivery,4PickupMicro,2,Line 2,opposite,2170.4667,65114,0.6407,142174c2-beba-409e-b25c-3c2882bce06f,e2b5d1af-611f-418e-93d3-019b7b7ef4af,123,lembang,cikatomas pakidulan joszzz,,,20a73ac2-f227-44a5-9e29-bc90a26d22a2,19.00 - 20.00.mp4,
641,68601,car,2mobil,2mobil,Car / Sedan,2,Sedan / jeep / station wagon,2mobil,2,Line 2,opposite,2185.9333,65578,0.7786,142174c2-beba-409e-b25c-3c2882bce06f,e2b5d1af-611f-418e-93d3-019b7b7ef4af,123,lembang,cikatomas pakidulan joszzz,,,20a73ac2-f227-44a5-9e29-bc90a26d22a2,19.00 - 20.00.mp4,
642,68684,truck,4pickupmicro,4PickupMicro,Pickup / Micro Truck,4,Pickup / micro truck / delivery,4PickupMicro,2,Line 2,normal,2187.7,65631,0.5095,142174c2-beba-409e-b25c-3c2882bce06f,e2b5d1af-611f-418e-93d3-019b7b7ef4af,123,lembang,cikatomas pakidulan joszzz,,,20a73ac2-f227-44a5-9e29-bc90a26d22a2,19.00 - 20.00.mp4,
643,68860,car,2mobil,2mobil,Car / Sedan,2,Sedan / jeep / station wagon,2mobil,2,Line 2,normal,2192.6333,65779,0.8627,142174c2-beba-409e-b25c-3c2882bce06f,e2b5d1af-611f-418e-93d3-019b7b7ef4af,123,lembang,cikatomas pakidulan joszzz,,,20a73ac2-f227-44a5-9e29-bc90a26d22a2,19.00 - 20.00.mp4,
644,68895,car,2mobil,2mobil,Car / Sedan,2,Sedan / jeep / station wagon,2mobil,2,Line 2,normal,2193.6,65808,0.7948,142174c2-beba-409e-b25c-3c2882bce06f,e2b5d1af-611f-418e-93d3-019b7b7ef4af,123,lembang,cikatomas pakidulan joszzz,,,20a73ac2-f227-44a5-9e29-bc90a26d22a2,19.00 - 20.00.mp4,
645,68959,truck,6tr_2sumbu,6TR_2sumbu,2-Axle Truck (Jumbo),6,2-Axle Truck,6TR_2sumbu,2,Line 2,opposite,2196.1667,65885,0.8982,142174c2-beba-409e-b25c-3c2882bce06f,e2b5d1af-611f-418e-93d3-019b7b7ef4af,123,lembang,cikatomas pakidulan joszzz,,,20a73ac2-f227-44a5-9e29-bc90a26d22a2,19.00 - 20.00.mp4,
646,69043,car,2mobil,2mobil,Car / Sedan,2,Sedan / jeep / station wagon,2mobil,2,Line 2,normal,2197.8,65934,0.7914,142174c2-beba-409e-b25c-3c2882bce06f,e2b5d1af-611f-418e-93d3-019b7b7ef4af,123,lembang,cikatomas pakidulan joszzz,,,20a73ac2-f227-44a5-9e29-bc90a26d22a2,19.00 - 20.00.mp4,
647,69074,car,2mobil,2mobil,Car / Sedan,2,Sedan / jeep / station wagon,2mobil,2,Line 2,opposite,2199.3667,65981,0.7072,142174c2-beba-409e-b25c-3c2882bce06f,e2b5d1af-611f-418e-93d3-019b7b7ef4af,123,lembang,cikatomas pakidulan joszzz,,,20a73ac2-f227-44a5-9e29-bc90a26d22a2,19.00 - 20.00.mp4,
648,69094,truck,7tr-3sumbu,7TR-3sumbu,3-Axle Truck (Jumbo),7,3-Axle Truck,7TR-3sumbu,2,Line 2,normal,2200.5333,66016,0.7825,142174c2-beba-409e-b25c-3c2882bce06f,e2b5d1af-611f-418e-93d3-019b7b7ef4af,123,lembang,cikatomas pakidulan joszzz,,,20a73ac2-f227-44a5-9e29-bc90a26d22a2,19.00 - 20.00.mp4,
649,69155,car,2mobil,2mobil,Car / Sedan,2,Sedan / jeep / station wagon,2mobil,2,Line 2,normal,2202.9333,66088,0.4478,142174c2-beba-409e-b25c-3c2882bce06f,e2b5d1af-611f-418e-93d3-019b7b7ef4af,123,lembang,cikatomas pakidulan joszzz,,,20a73ac2-f227-44a5-9e29-bc90a26d22a2,19.00 - 20.00.mp4,
650,69323,car,2mobil,2mobil,Car / Sedan,2,Sedan / jeep / station wagon,2mobil,2,Line 2,opposite,2208.8333,66265,0.5341,142174c2-beba-409e-b25c-3c2882bce06f,e2b5d1af-611f-418e-93d3-019b7b7ef4af,123,lembang,cikatomas pakidulan joszzz,,,20a73ac2-f227-44a5-9e29-bc90a26d22a2,19.00 - 20.00.mp4,
651,69370,car,2mobil,2mobil,Car / Sedan,2,Sedan / jeep / station wagon,2mobil,2,Line 2,opposite,2210.0667,66302,0.4831,142174c2-beba-409e-b25c-3c2882bce06f,e2b5d1af-611f-418e-93d3-019b7b7ef4af,123,lembang,cikatomas pakidulan joszzz,,,20a73ac2-f227-44a5-9e29-bc90a26d22a2,19.00 - 20.00.mp4,
652,69391,car,3ang_umum,3ang_umum,Public Transportation (Angkot),3,Medium passenger vehicle,3Ang_umum,2,Line 2,opposite,2211.3,66339,0.3952,142174c2-beba-409e-b25c-3c2882bce06f,e2b5d1af-611f-418e-93d3-019b7b7ef4af,123,lembang,cikatomas pakidulan joszzz,,,20a73ac2-f227-44a5-9e29-bc90a26d22a2,19.00 - 20.00.mp4,
653,69523,car,2mobil,2mobil,Car / Sedan,2,Sedan / jeep / station wagon,2mobil,2,Line 2,opposite,2215.4333,66463,0.585,142174c2-beba-409e-b25c-3c2882bce06f,e2b5d1af-611f-418e-93d3-019b7b7ef4af,123,lembang,cikatomas pakidulan joszzz,,,20a73ac2-f227-44a5-9e29-bc90a26d22a2,19.00 - 20.00.mp4,
654,69523,car,2mobil,2mobil,Car / Sedan,2,Sedan / jeep / station wagon,2mobil,1,Line 1,opposite,2216.0,66480,0.4845,142174c2-beba-409e-b25c-3c2882bce06f,e2b5d1af-611f-418e-93d3-019b7b7ef4af,123,lembang,cikatomas pakidulan joszzz,,,20a73ac2-f227-44a5-9e29-bc90a26d22a2,19.00 - 20.00.mp4,
655,69641,truck,6tr_2sumbu,6TR_2sumbu,2-Axle Truck (Jumbo),6,2-Axle Truck,6TR_2sumbu,2,Line 2,normal,2219.2333,66577,0.5993,142174c2-beba-409e-b25c-3c2882bce06f,e2b5d1af-611f-418e-93d3-019b7b7ef4af,123,lembang,cikatomas pakidulan joszzz,,,20a73ac2-f227-44a5-9e29-bc90a26d22a2,19.00 - 20.00.mp4,
656,69704,car,2mobil,2mobil,Car / Sedan,2,Sedan / jeep / station wagon,2mobil,2,Line 2,normal,2222.5667,66677,0.8847,142174c2-beba-409e-b25c-3c2882bce06f,e2b5d1af-611f-418e-93d3-019b7b7ef4af,123,lembang,cikatomas pakidulan joszzz,,,20a73ac2-f227-44a5-9e29-bc90a26d22a2,19.00 - 20.00.mp4,
657,69779,truck,6tr_2sumbu,6TR_2sumbu,2-Axle Truck (Jumbo),6,2-Axle Truck,6TR_2sumbu,2,Line 2,normal,2225.2667,66758,0.5954,142174c2-beba-409e-b25c-3c2882bce06f,e2b5d1af-611f-418e-93d3-019b7b7ef4af,123,lembang,cikatomas pakidulan joszzz,,,20a73ac2-f227-44a5-9e29-bc90a26d22a2,19.00 - 20.00.mp4,
658,69824,car,2mobil,2mobil,Car / Sedan,2,Sedan / jeep / station wagon,2mobil,2,Line 2,normal,2226.5333,66796,0.6077,142174c2-beba-409e-b25c-3c2882bce06f,e2b5d1af-611f-418e-93d3-019b7b7ef4af,123,lembang,cikatomas pakidulan joszzz,,,20a73ac2-f227-44a5-9e29-bc90a26d22a2,19.00 - 20.00.mp4,
659,69900,car,2mobil,2mobil,Car / Sedan,2,Sedan / jeep / station wagon,2mobil,2,Line 2,normal,2229.8667,66896,0.5189,142174c2-beba-409e-b25c-3c2882bce06f,e2b5d1af-611f-418e-93d3-019b7b7ef4af,123,lembang,cikatomas pakidulan joszzz,,,20a73ac2-f227-44a5-9e29-bc90a26d22a2,19.00 - 20.00.mp4,
660,69903,car,3ang_umum,3ang_umum,Public Transportation (Angkot),3,Medium passenger vehicle,3Ang_umum,2,Line 2,normal,2230.1333,66904,0.7162,142174c2-beba-409e-b25c-3c2882bce06f,e2b5d1af-611f-418e-93d3-019b7b7ef4af,123,lembang,cikatomas pakidulan joszzz,,,20a73ac2-f227-44a5-9e29-bc90a26d22a2,19.00 - 20.00.mp4,
661,69907,car,2mobil,2mobil,Car / Sedan,2,Sedan / jeep / station wagon,2mobil,2,Line 2,normal,2230.8,66924,0.8941,142174c2-beba-409e-b25c-3c2882bce06f,e2b5d1af-611f-418e-93d3-019b7b7ef4af,123,lembang,cikatomas pakidulan joszzz,,,20a73ac2-f227-44a5-9e29-bc90a26d22a2,19.00 - 20.00.mp4,
662,70073,car,2mobil,2mobil,Car / Sedan,2,Sedan / jeep / station wagon,2mobil,2,Line 2,normal,2239.0667,67172,0.6557,142174c2-beba-409e-b25c-3c2882bce06f,e2b5d1af-611f-418e-93d3-019b7b7ef4af,123,lembang,cikatomas pakidulan joszzz,,,20a73ac2-f227-44a5-9e29-bc90a26d22a2,19.00 - 20.00.mp4,
663,70173,car,2mobil,2mobil,Car / Sedan,2,Sedan / jeep / station wagon,2mobil,2,Line 2,opposite,2242.0333,67261,0.4672,142174c2-beba-409e-b25c-3c2882bce06f,e2b5d1af-611f-418e-93d3-019b7b7ef4af,123,lembang,cikatomas pakidulan joszzz,,,20a73ac2-f227-44a5-9e29-bc90a26d22a2,19.00 - 20.00.mp4,
664,70172,car,2mobil,2mobil,Car / Sedan,2,Sedan / jeep / station wagon,2mobil,2,Line 2,opposite,2242.4,67272,0.727,142174c2-beba-409e-b25c-3c2882bce06f,e2b5d1af-611f-418e-93d3-019b7b7ef4af,123,lembang,cikatomas pakidulan joszzz,,,20a73ac2-f227-44a5-9e29-bc90a26d22a2,19.00 - 20.00.mp4,
665,70403,truck,6tr_2sumbu,6TR_2sumbu,2-Axle Truck (Jumbo),6,2-Axle Truck,6TR_2sumbu,2,Line 2,normal,2248.4333,67453,0.8774,142174c2-beba-409e-b25c-3c2882bce06f,e2b5d1af-611f-418e-93d3-019b7b7ef4af,123,lembang,cikatomas pakidulan joszzz,,,20a73ac2-f227-44a5-9e29-bc90a26d22a2,19.00 - 20.00.mp4,
666,70639,car,2mobil,2mobil,Car / Sedan,2,Sedan / jeep / station wagon,2mobil,2,Line 2,opposite,2256.1667,67685,0.8109,142174c2-beba-409e-b25c-3c2882bce06f,e2b5d1af-611f-418e-93d3-019b7b7ef4af,123,lembang,cikatomas pakidulan joszzz,,,20a73ac2-f227-44a5-9e29-bc90a26d22a2,19.00 - 20.00.mp4,
667,70644,bus,5bus,5Bus,Bus,5,Bus,5Bus,2,Line 2,normal,2256.4333,67693,0.5153,142174c2-beba-409e-b25c-3c2882bce06f,e2b5d1af-611f-418e-93d3-019b7b7ef4af,123,lembang,cikatomas pakidulan joszzz,,,20a73ac2-f227-44a5-9e29-bc90a26d22a2,19.00 - 20.00.mp4,
668,70988,car,2mobil,2mobil,Car / Sedan,2,Sedan / jeep / station wagon,2mobil,2,Line 2,opposite,2265.8667,67976,0.6596,142174c2-beba-409e-b25c-3c2882bce06f,e2b5d1af-611f-418e-93d3-019b7b7ef4af,123,lembang,cikatomas pakidulan joszzz,,,20a73ac2-f227-44a5-9e29-bc90a26d22a2,19.00 - 20.00.mp4,
669,71179,truck,6tr_2sumbu,6TR_2sumbu,2-Axle Truck (Jumbo),6,2-Axle Truck,6TR_2sumbu,2,Line 2,opposite,2271.6,68148,0.5958,142174c2-beba-409e-b25c-3c2882bce06f,e2b5d1af-611f-418e-93d3-019b7b7ef4af,123,lembang,cikatomas pakidulan joszzz,,,20a73ac2-f227-44a5-9e29-bc90a26d22a2,19.00 - 20.00.mp4,
670,71576,truck,4pickupmicro,4PickupMicro,Pickup / Micro Truck,4,Pickup / micro truck / delivery,4PickupMicro,2,Line 2,opposite,2282.1333,68464,0.763,142174c2-beba-409e-b25c-3c2882bce06f,e2b5d1af-611f-418e-93d3-019b7b7ef4af,123,lembang,cikatomas pakidulan joszzz,,,20a73ac2-f227-44a5-9e29-bc90a26d22a2,19.00 - 20.00.mp4,
671,71593,bus,5bus,5Bus,Bus,5,Bus,5Bus,2,Line 2,normal,2282.2667,68468,0.8759,142174c2-beba-409e-b25c-3c2882bce06f,e2b5d1af-611f-418e-93d3-019b7b7ef4af,123,lembang,cikatomas pakidulan joszzz,,,20a73ac2-f227-44a5-9e29-bc90a26d22a2,19.00 - 20.00.mp4,
672,71749,car,2mobil,2mobil,Car / Sedan,2,Sedan / jeep / station wagon,2mobil,2,Line 2,normal,2286.6333,68599,0.7073,142174c2-beba-409e-b25c-3c2882bce06f,e2b5d1af-611f-418e-93d3-019b7b7ef4af,123,lembang,cikatomas pakidulan joszzz,,,20a73ac2-f227-44a5-9e29-bc90a26d22a2,19.00 - 20.00.mp4,
673,71698,truck,6tr_2sumbu,6TR_2sumbu,2-Axle Truck (Jumbo),6,2-Axle Truck,6TR_2sumbu,2,Line 2,opposite,2286.7333,68602,0.7692,142174c2-beba-409e-b25c-3c2882bce06f,e2b5d1af-611f-418e-93d3-019b7b7ef4af,123,lembang,cikatomas pakidulan joszzz,,,20a73ac2-f227-44a5-9e29-bc90a26d22a2,19.00 - 20.00.mp4,
674,71753,truck,6tr_2sumbu,6TR_2sumbu,2-Axle Truck (Jumbo),6,2-Axle Truck,6TR_2sumbu,2,Line 2,normal,2286.8333,68605,0.7702,142174c2-beba-409e-b25c-3c2882bce06f,e2b5d1af-611f-418e-93d3-019b7b7ef4af,123,lembang,cikatomas pakidulan joszzz,,,20a73ac2-f227-44a5-9e29-bc90a26d22a2,19.00 - 20.00.mp4,
675,71777,car,2mobil,2mobil,Car / Sedan,2,Sedan / jeep / station wagon,2mobil,2,Line 2,normal,2287.7333,68632,0.7328,142174c2-beba-409e-b25c-3c2882bce06f,e2b5d1af-611f-418e-93d3-019b7b7ef4af,123,lembang,cikatomas pakidulan joszzz,,,20a73ac2-f227-44a5-9e29-bc90a26d22a2,19.00 - 20.00.mp4,
676,71698,truck,6tr_2sumbu,6TR_2sumbu,2-Axle Truck (Jumbo),6,2-Axle Truck,6TR_2sumbu,1,Line 1,opposite,2288.8,68664,0.2939,142174c2-beba-409e-b25c-3c2882bce06f,e2b5d1af-611f-418e-93d3-019b7b7ef4af,123,lembang,cikatomas pakidulan joszzz,,,20a73ac2-f227-44a5-9e29-bc90a26d22a2,19.00 - 20.00.mp4,
677,71833,car,2mobil,2mobil,Car / Sedan,2,Sedan / jeep / station wagon,2mobil,2,Line 2,opposite,2289.9333,68698,0.7352,142174c2-beba-409e-b25c-3c2882bce06f,e2b5d1af-611f-418e-93d3-019b7b7ef4af,123,lembang,cikatomas pakidulan joszzz,,,20a73ac2-f227-44a5-9e29-bc90a26d22a2,19.00 - 20.00.mp4,
678,71951,car,2mobil,2mobil,Car / Sedan,2,Sedan / jeep / station wagon,2mobil,2,Line 2,opposite,2293.2,68796,0.8244,142174c2-beba-409e-b25c-3c2882bce06f,e2b5d1af-611f-418e-93d3-019b7b7ef4af,123,lembang,cikatomas pakidulan joszzz,,,20a73ac2-f227-44a5-9e29-bc90a26d22a2,19.00 - 20.00.mp4,
679,72179,bus,5bus,5Bus,Bus,5,Bus,5Bus,2,Line 2,opposite,2302.8,69084,0.3968,142174c2-beba-409e-b25c-3c2882bce06f,e2b5d1af-611f-418e-93d3-019b7b7ef4af,123,lembang,cikatomas pakidulan joszzz,,,20a73ac2-f227-44a5-9e29-bc90a26d22a2,19.00 - 20.00.mp4,
680,72617,car,2mobil,2mobil,Car / Sedan,2,Sedan / jeep / station wagon,2mobil,2,Line 2,normal,2315.5333,69466,0.6224,142174c2-beba-409e-b25c-3c2882bce06f,e2b5d1af-611f-418e-93d3-019b7b7ef4af,123,lembang,cikatomas pakidulan joszzz,,,20a73ac2-f227-44a5-9e29-bc90a26d22a2,19.00 - 20.00.mp4,
681,72662,car,3ang_umum,3ang_umum,Public Transportation (Angkot),3,Medium passenger vehicle,3Ang_umum,2,Line 2,normal,2316.6,69498,0.8143,142174c2-beba-409e-b25c-3c2882bce06f,e2b5d1af-611f-418e-93d3-019b7b7ef4af,123,lembang,cikatomas pakidulan joszzz,,,20a73ac2-f227-44a5-9e29-bc90a26d22a2,19.00 - 20.00.mp4,
682,72755,truck,6tr_2sumbu,6TR_2sumbu,2-Axle Truck (Jumbo),6,2-Axle Truck,6TR_2sumbu,2,Line 2,normal,2319.1333,69574,0.7302,142174c2-beba-409e-b25c-3c2882bce06f,e2b5d1af-611f-418e-93d3-019b7b7ef4af,123,lembang,cikatomas pakidulan joszzz,,,20a73ac2-f227-44a5-9e29-bc90a26d22a2,19.00 - 20.00.mp4,
683,72949,car,2mobil,2mobil,Car / Sedan,2,Sedan / jeep / station wagon,2mobil,2,Line 2,opposite,2323.7,69711,0.5126,142174c2-beba-409e-b25c-3c2882bce06f,e2b5d1af-611f-418e-93d3-019b7b7ef4af,123,lembang,cikatomas pakidulan joszzz,,,20a73ac2-f227-44a5-9e29-bc90a26d22a2,19.00 - 20.00.mp4,
684,72990,truck,6tr_2sumbu,6TR_2sumbu,2-Axle Truck (Jumbo),6,2-Axle Truck,6TR_2sumbu,2,Line 2,opposite,2324.5,69735,0.3854,142174c2-beba-409e-b25c-3c2882bce06f,e2b5d1af-611f-418e-93d3-019b7b7ef4af,123,lembang,cikatomas pakidulan joszzz,,,20a73ac2-f227-44a5-9e29-bc90a26d22a2,19.00 - 20.00.mp4,
685,73124,car,2mobil,2mobil,Car / Sedan,2,Sedan / jeep / station wagon,2mobil,2,Line 2,normal,2327.5,69825,0.554,142174c2-beba-409e-b25c-3c2882bce06f,e2b5d1af-611f-418e-93d3-019b7b7ef4af,123,lembang,cikatomas pakidulan joszzz,,,20a73ac2-f227-44a5-9e29-bc90a26d22a2,19.00 - 20.00.mp4,
686,73322,car,2mobil,2mobil,Car / Sedan,2,Sedan / jeep / station wagon,2mobil,2,Line 2,normal,2334.3,70029,0.7499,142174c2-beba-409e-b25c-3c2882bce06f,e2b5d1af-611f-418e-93d3-019b7b7ef4af,123,lembang,cikatomas pakidulan joszzz,,,20a73ac2-f227-44a5-9e29-bc90a26d22a2,19.00 - 20.00.mp4,
687,73433,car,2mobil,2mobil,Car / Sedan,2,Sedan / jeep / station wagon,2mobil,2,Line 2,opposite,2337.7667,70133,0.4578,142174c2-beba-409e-b25c-3c2882bce06f,e2b5d1af-611f-418e-93d3-019b7b7ef4af,123,lembang,cikatomas pakidulan joszzz,,,20a73ac2-f227-44a5-9e29-bc90a26d22a2,19.00 - 20.00.mp4,
688,73435,truck,6tr_2sumbu,6TR_2sumbu,2-Axle Truck (Jumbo),6,2-Axle Truck,6TR_2sumbu,2,Line 2,opposite,2338.5,70155,0.3151,142174c2-beba-409e-b25c-3c2882bce06f,e2b5d1af-611f-418e-93d3-019b7b7ef4af,123,lembang,cikatomas pakidulan joszzz,,,20a73ac2-f227-44a5-9e29-bc90a26d22a2,19.00 - 20.00.mp4,
689,74071,truck,6tr_2sumbu,6TR_2sumbu,2-Axle Truck (Jumbo),6,2-Axle Truck,6TR_2sumbu,2,Line 2,opposite,2360.5,70815,0.6413,142174c2-beba-409e-b25c-3c2882bce06f,e2b5d1af-611f-418e-93d3-019b7b7ef4af,123,lembang,cikatomas pakidulan joszzz,,,20a73ac2-f227-44a5-9e29-bc90a26d22a2,19.00 - 20.00.mp4,
690,74071,truck,6tr_2sumbu,6TR_2sumbu,2-Axle Truck (Jumbo),6,2-Axle Truck,6TR_2sumbu,1,Line 1,opposite,2362.0,70860,0.4576,142174c2-beba-409e-b25c-3c2882bce06f,e2b5d1af-611f-418e-93d3-019b7b7ef4af,123,lembang,cikatomas pakidulan joszzz,,,20a73ac2-f227-44a5-9e29-bc90a26d22a2,19.00 - 20.00.mp4,
691,74246,truck,6tr_2sumbu,6TR_2sumbu,2-Axle Truck (Jumbo),6,2-Axle Truck,6TR_2sumbu,2,Line 2,normal,2364.9,70947,0.4159,142174c2-beba-409e-b25c-3c2882bce06f,e2b5d1af-611f-418e-93d3-019b7b7ef4af,123,lembang,cikatomas pakidulan joszzz,,,20a73ac2-f227-44a5-9e29-bc90a26d22a2,19.00 - 20.00.mp4,
692,74409,car,2mobil,2mobil,Car / Sedan,2,Sedan / jeep / station wagon,2mobil,2,Line 2,opposite,2371.7,71151,0.8383,142174c2-beba-409e-b25c-3c2882bce06f,e2b5d1af-611f-418e-93d3-019b7b7ef4af,123,lembang,cikatomas pakidulan joszzz,,,20a73ac2-f227-44a5-9e29-bc90a26d22a2,19.00 - 20.00.mp4,
693,74606,car,2mobil,2mobil,Car / Sedan,2,Sedan / jeep / station wagon,2mobil,2,Line 2,normal,2376.4333,71293,0.8599,142174c2-beba-409e-b25c-3c2882bce06f,e2b5d1af-611f-418e-93d3-019b7b7ef4af,123,lembang,cikatomas pakidulan joszzz,,,20a73ac2-f227-44a5-9e29-bc90a26d22a2,19.00 - 20.00.mp4,
694,74653,car,2mobil,2mobil,Car / Sedan,2,Sedan / jeep / station wagon,2mobil,2,Line 2,normal,2377.5,71325,0.7996,142174c2-beba-409e-b25c-3c2882bce06f,e2b5d1af-611f-418e-93d3-019b7b7ef4af,123,lembang,cikatomas pakidulan joszzz,,,20a73ac2-f227-44a5-9e29-bc90a26d22a2,19.00 - 20.00.mp4,
695,74628,truck,4pickupmicro,4PickupMicro,Pickup / Micro Truck,4,Pickup / micro truck / delivery,4PickupMicro,2,Line 2,opposite,2377.8,71334,0.7422,142174c2-beba-409e-b25c-3c2882bce06f,e2b5d1af-611f-418e-93d3-019b7b7ef4af,123,lembang,cikatomas pakidulan joszzz,,,20a73ac2-f227-44a5-9e29-bc90a26d22a2,19.00 - 20.00.mp4,
696,74654,truck,4pickupmicro,4PickupMicro,Pickup / Micro Truck,4,Pickup / micro truck / delivery,4PickupMicro,2,Line 2,opposite,2378.1667,71345,0.6076,142174c2-beba-409e-b25c-3c2882bce06f,e2b5d1af-611f-418e-93d3-019b7b7ef4af,123,lembang,cikatomas pakidulan joszzz,,,20a73ac2-f227-44a5-9e29-bc90a26d22a2,19.00 - 20.00.mp4,
697,74677,truck,6tr_2sumbu,6TR_2sumbu,2-Axle Truck (Jumbo),6,2-Axle Truck,6TR_2sumbu,2,Line 2,normal,2378.6667,71360,0.3815,142174c2-beba-409e-b25c-3c2882bce06f,e2b5d1af-611f-418e-93d3-019b7b7ef4af,123,lembang,cikatomas pakidulan joszzz,,,20a73ac2-f227-44a5-9e29-bc90a26d22a2,19.00 - 20.00.mp4,
698,74708,truck,4pickupmicro,4PickupMicro,Pickup / Micro Truck,4,Pickup / micro truck / delivery,4PickupMicro,2,Line 2,normal,2378.7667,71363,0.4784,142174c2-beba-409e-b25c-3c2882bce06f,e2b5d1af-611f-418e-93d3-019b7b7ef4af,123,lembang,cikatomas pakidulan joszzz,,,20a73ac2-f227-44a5-9e29-bc90a26d22a2,19.00 - 20.00.mp4,
699,74803,truck,6tr_2sumbu,6TR_2sumbu,2-Axle Truck (Jumbo),6,2-Axle Truck,6TR_2sumbu,2,Line 2,opposite,2382.6,71478,0.7748,142174c2-beba-409e-b25c-3c2882bce06f,e2b5d1af-611f-418e-93d3-019b7b7ef4af,123,lembang,cikatomas pakidulan joszzz,,,20a73ac2-f227-44a5-9e29-bc90a26d22a2,19.00 - 20.00.mp4,
700,74858,truck,4pickupmicro,4PickupMicro,Pickup / Micro Truck,4,Pickup / micro truck / delivery,4PickupMicro,2,Line 2,opposite,2383.8667,71516,0.7499,142174c2-beba-409e-b25c-3c2882bce06f,e2b5d1af-611f-418e-93d3-019b7b7ef4af,123,lembang,cikatomas pakidulan joszzz,,,20a73ac2-f227-44a5-9e29-bc90a26d22a2,19.00 - 20.00.mp4,
701,75140,car,2mobil,2mobil,Car / Sedan,2,Sedan / jeep / station wagon,2mobil,2,Line 2,normal,2393.3667,71801,0.3947,142174c2-beba-409e-b25c-3c2882bce06f,e2b5d1af-611f-418e-93d3-019b7b7ef4af,123,lembang,cikatomas pakidulan joszzz,,,20a73ac2-f227-44a5-9e29-bc90a26d22a2,19.00 - 20.00.mp4,
702,75141,truck,6tr_2sumbu,6TR_2sumbu,2-Axle Truck (Jumbo),6,2-Axle Truck,6TR_2sumbu,2,Line 2,normal,2393.4,71802,0.6977,142174c2-beba-409e-b25c-3c2882bce06f,e2b5d1af-611f-418e-93d3-019b7b7ef4af,123,lembang,cikatomas pakidulan joszzz,,,20a73ac2-f227-44a5-9e29-bc90a26d22a2,19.00 - 20.00.mp4,
703,75172,car,2mobil,2mobil,Car / Sedan,2,Sedan / jeep / station wagon,2mobil,2,Line 2,normal,2394.6,71838,0.5746,142174c2-beba-409e-b25c-3c2882bce06f,e2b5d1af-611f-418e-93d3-019b7b7ef4af,123,lembang,cikatomas pakidulan joszzz,,,20a73ac2-f227-44a5-9e29-bc90a26d22a2,19.00 - 20.00.mp4,
704,75203,car,2mobil,2mobil,Car / Sedan,2,Sedan / jeep / station wagon,2mobil,2,Line 2,normal,2395.6333,71869,0.7067,142174c2-beba-409e-b25c-3c2882bce06f,e2b5d1af-611f-418e-93d3-019b7b7ef4af,123,lembang,cikatomas pakidulan joszzz,,,20a73ac2-f227-44a5-9e29-bc90a26d22a2,19.00 - 20.00.mp4,
705,75231,truck,4pickupmicro,4PickupMicro,Pickup / Micro Truck,4,Pickup / micro truck / delivery,4PickupMicro,2,Line 2,opposite,2397.5667,71927,0.6478,142174c2-beba-409e-b25c-3c2882bce06f,e2b5d1af-611f-418e-93d3-019b7b7ef4af,123,lembang,cikatomas pakidulan joszzz,,,20a73ac2-f227-44a5-9e29-bc90a26d22a2,19.00 - 20.00.mp4,
706,75408,car,2mobil,2mobil,Car / Sedan,2,Sedan / jeep / station wagon,2mobil,2,Line 2,opposite,2403.0333,72091,0.5841,142174c2-beba-409e-b25c-3c2882bce06f,e2b5d1af-611f-418e-93d3-019b7b7ef4af,123,lembang,cikatomas pakidulan joszzz,,,20a73ac2-f227-44a5-9e29-bc90a26d22a2,19.00 - 20.00.mp4,
707,75508,car,2mobil,2mobil,Car / Sedan,2,Sedan / jeep / station wagon,2mobil,2,Line 2,normal,2405.0667,72152,0.8052,142174c2-beba-409e-b25c-3c2882bce06f,e2b5d1af-611f-418e-93d3-019b7b7ef4af,123,lembang,cikatomas pakidulan joszzz,,,20a73ac2-f227-44a5-9e29-bc90a26d22a2,19.00 - 20.00.mp4,
708,75558,car,2mobil,2mobil,Car / Sedan,2,Sedan / jeep / station wagon,2mobil,2,Line 2,normal,2406.8,72204,0.5894,142174c2-beba-409e-b25c-3c2882bce06f,e2b5d1af-611f-418e-93d3-019b7b7ef4af,123,lembang,cikatomas pakidulan joszzz,,,20a73ac2-f227-44a5-9e29-bc90a26d22a2,19.00 - 20.00.mp4,
709,75557,car,2mobil,2mobil,Car / Sedan,2,Sedan / jeep / station wagon,2mobil,2,Line 2,normal,2407.1,72213,0.8898,142174c2-beba-409e-b25c-3c2882bce06f,e2b5d1af-611f-418e-93d3-019b7b7ef4af,123,lembang,cikatomas pakidulan joszzz,,,20a73ac2-f227-44a5-9e29-bc90a26d22a2,19.00 - 20.00.mp4,
710,75594,car,2mobil,2mobil,Car / Sedan,2,Sedan / jeep / station wagon,2mobil,2,Line 2,normal,2408.8,72264,0.8703,142174c2-beba-409e-b25c-3c2882bce06f,e2b5d1af-611f-418e-93d3-019b7b7ef4af,123,lembang,cikatomas pakidulan joszzz,,,20a73ac2-f227-44a5-9e29-bc90a26d22a2,19.00 - 20.00.mp4,
711,75649,truck,6tr_2sumbu,6TR_2sumbu,2-Axle Truck (Jumbo),6,2-Axle Truck,6TR_2sumbu,2,Line 2,normal,2410.3,72309,0.6609,142174c2-beba-409e-b25c-3c2882bce06f,e2b5d1af-611f-418e-93d3-019b7b7ef4af,123,lembang,cikatomas pakidulan joszzz,,,20a73ac2-f227-44a5-9e29-bc90a26d22a2,19.00 - 20.00.mp4,
712,75692,car,2mobil,2mobil,Car / Sedan,2,Sedan / jeep / station wagon,2mobil,2,Line 2,normal,2411.7,72351,0.6519,142174c2-beba-409e-b25c-3c2882bce06f,e2b5d1af-611f-418e-93d3-019b7b7ef4af,123,lembang,cikatomas pakidulan joszzz,,,20a73ac2-f227-44a5-9e29-bc90a26d22a2,19.00 - 20.00.mp4,
713,75725,car,2mobil,2mobil,Car / Sedan,2,Sedan / jeep / station wagon,2mobil,2,Line 2,normal,2413.2,72396,0.8344,142174c2-beba-409e-b25c-3c2882bce06f,e2b5d1af-611f-418e-93d3-019b7b7ef4af,123,lembang,cikatomas pakidulan joszzz,,,20a73ac2-f227-44a5-9e29-bc90a26d22a2,19.00 - 20.00.mp4,
714,75762,car,2mobil,2mobil,Car / Sedan,2,Sedan / jeep / station wagon,2mobil,2,Line 2,normal,2413.9667,72419,0.5745,142174c2-beba-409e-b25c-3c2882bce06f,e2b5d1af-611f-418e-93d3-019b7b7ef4af,123,lembang,cikatomas pakidulan joszzz,,,20a73ac2-f227-44a5-9e29-bc90a26d22a2,19.00 - 20.00.mp4,
715,75761,car,2mobil,2mobil,Car / Sedan,2,Sedan / jeep / station wagon,2mobil,2,Line 2,normal,2414.0333,72421,0.8721,142174c2-beba-409e-b25c-3c2882bce06f,e2b5d1af-611f-418e-93d3-019b7b7ef4af,123,lembang,cikatomas pakidulan joszzz,,,20a73ac2-f227-44a5-9e29-bc90a26d22a2,19.00 - 20.00.mp4,
716,75760,truck,6tr_2sumbu,6TR_2sumbu,2-Axle Truck (Jumbo),6,2-Axle Truck,6TR_2sumbu,2,Line 2,opposite,2415.2,72456,0.817,142174c2-beba-409e-b25c-3c2882bce06f,e2b5d1af-611f-418e-93d3-019b7b7ef4af,123,lembang,cikatomas pakidulan joszzz,,,20a73ac2-f227-44a5-9e29-bc90a26d22a2,19.00 - 20.00.mp4,
717,75831,car,2mobil,2mobil,Car / Sedan,2,Sedan / jeep / station wagon,2mobil,2,Line 2,normal,2416.3667,72491,0.7248,142174c2-beba-409e-b25c-3c2882bce06f,e2b5d1af-611f-418e-93d3-019b7b7ef4af,123,lembang,cikatomas pakidulan joszzz,,,20a73ac2-f227-44a5-9e29-bc90a26d22a2,19.00 - 20.00.mp4,
718,76050,car,2mobil,2mobil,Car / Sedan,2,Sedan / jeep / station wagon,2mobil,2,Line 2,normal,2421.2667,72638,0.7815,142174c2-beba-409e-b25c-3c2882bce06f,e2b5d1af-611f-418e-93d3-019b7b7ef4af,123,lembang,cikatomas pakidulan joszzz,,,20a73ac2-f227-44a5-9e29-bc90a26d22a2,19.00 - 20.00.mp4,
719,76457,car,2mobil,2mobil,Car / Sedan,2,Sedan / jeep / station wagon,2mobil,2,Line 2,normal,2434.7667,73043,0.8354,142174c2-beba-409e-b25c-3c2882bce06f,e2b5d1af-611f-418e-93d3-019b7b7ef4af,123,lembang,cikatomas pakidulan joszzz,,,20a73ac2-f227-44a5-9e29-bc90a26d22a2,19.00 - 20.00.mp4,
720,76490,car,2mobil,2mobil,Car / Sedan,2,Sedan / jeep / station wagon,2mobil,2,Line 2,normal,2435.9333,73078,0.7188,142174c2-beba-409e-b25c-3c2882bce06f,e2b5d1af-611f-418e-93d3-019b7b7ef4af,123,lembang,cikatomas pakidulan joszzz,,,20a73ac2-f227-44a5-9e29-bc90a26d22a2,19.00 - 20.00.mp4,
721,76796,car,2mobil,2mobil,Car / Sedan,2,Sedan / jeep / station wagon,2mobil,2,Line 2,opposite,2446.4667,73394,0.3983,142174c2-beba-409e-b25c-3c2882bce06f,e2b5d1af-611f-418e-93d3-019b7b7ef4af,123,lembang,cikatomas pakidulan joszzz,,,20a73ac2-f227-44a5-9e29-bc90a26d22a2,19.00 - 20.00.mp4,
722,76947,car,2mobil,2mobil,Car / Sedan,2,Sedan / jeep / station wagon,2mobil,2,Line 2,normal,2451.4333,73543,0.8764,142174c2-beba-409e-b25c-3c2882bce06f,e2b5d1af-611f-418e-93d3-019b7b7ef4af,123,lembang,cikatomas pakidulan joszzz,,,20a73ac2-f227-44a5-9e29-bc90a26d22a2,19.00 - 20.00.mp4,
723,76954,truck,6tr_2sumbu,6TR_2sumbu,2-Axle Truck (Jumbo),6,2-Axle Truck,6TR_2sumbu,2,Line 2,normal,2452.5667,73577,0.8062,142174c2-beba-409e-b25c-3c2882bce06f,e2b5d1af-611f-418e-93d3-019b7b7ef4af,123,lembang,cikatomas pakidulan joszzz,,,20a73ac2-f227-44a5-9e29-bc90a26d22a2,19.00 - 20.00.mp4,
724,77033,car,2mobil,2mobil,Car / Sedan,2,Sedan / jeep / station wagon,2mobil,2,Line 2,normal,2454.3667,73631,0.8329,142174c2-beba-409e-b25c-3c2882bce06f,e2b5d1af-611f-418e-93d3-019b7b7ef4af,123,lembang,cikatomas pakidulan joszzz,,,20a73ac2-f227-44a5-9e29-bc90a26d22a2,19.00 - 20.00.mp4,
725,77005,truck,6tr_2sumbu,6TR_2sumbu,2-Axle Truck (Jumbo),6,2-Axle Truck,6TR_2sumbu,2,Line 2,normal,2454.6667,73640,0.866,142174c2-beba-409e-b25c-3c2882bce06f,e2b5d1af-611f-418e-93d3-019b7b7ef4af,123,lembang,cikatomas pakidulan joszzz,,,20a73ac2-f227-44a5-9e29-bc90a26d22a2,19.00 - 20.00.mp4,
726,77072,truck,6tr_2sumbu,6TR_2sumbu,2-Axle Truck (Jumbo),6,2-Axle Truck,6TR_2sumbu,2,Line 2,opposite,2456.1667,73685,0.8486,142174c2-beba-409e-b25c-3c2882bce06f,e2b5d1af-611f-418e-93d3-019b7b7ef4af,123,lembang,cikatomas pakidulan joszzz,,,20a73ac2-f227-44a5-9e29-bc90a26d22a2,19.00 - 20.00.mp4,
727,77111,car,2mobil,2mobil,Car / Sedan,2,Sedan / jeep / station wagon,2mobil,2,Line 2,normal,2456.2333,73687,0.8617,142174c2-beba-409e-b25c-3c2882bce06f,e2b5d1af-611f-418e-93d3-019b7b7ef4af,123,lembang,cikatomas pakidulan joszzz,,,20a73ac2-f227-44a5-9e29-bc90a26d22a2,19.00 - 20.00.mp4,
728,77212,car,2mobil,2mobil,Car / Sedan,2,Sedan / jeep / station wagon,2mobil,2,Line 2,normal,2458.4333,73753,0.6912,142174c2-beba-409e-b25c-3c2882bce06f,e2b5d1af-611f-418e-93d3-019b7b7ef4af,123,lembang,cikatomas pakidulan joszzz,,,20a73ac2-f227-44a5-9e29-bc90a26d22a2,19.00 - 20.00.mp4,
729,77620,car,2mobil,2mobil,Car / Sedan,2,Sedan / jeep / station wagon,2mobil,2,Line 2,normal,2469.7,74091,0.8475,142174c2-beba-409e-b25c-3c2882bce06f,e2b5d1af-611f-418e-93d3-019b7b7ef4af,123,lembang,cikatomas pakidulan joszzz,,,20a73ac2-f227-44a5-9e29-bc90a26d22a2,19.00 - 20.00.mp4,
730,77705,bus,5bus,5Bus,Bus,5,Bus,5Bus,2,Line 2,opposite,2474.3,74229,0.4263,142174c2-beba-409e-b25c-3c2882bce06f,e2b5d1af-611f-418e-93d3-019b7b7ef4af,123,lembang,cikatomas pakidulan joszzz,,,20a73ac2-f227-44a5-9e29-bc90a26d22a2,19.00 - 20.00.mp4,
731,77757,truck,6tr_2sumbu,6TR_2sumbu,2-Axle Truck (Jumbo),6,2-Axle Truck,6TR_2sumbu,2,Line 2,normal,2475.7667,74273,0.6589,142174c2-beba-409e-b25c-3c2882bce06f,e2b5d1af-611f-418e-93d3-019b7b7ef4af,123,lembang,cikatomas pakidulan joszzz,,,20a73ac2-f227-44a5-9e29-bc90a26d22a2,19.00 - 20.00.mp4,
732,77834,car,2mobil,2mobil,Car / Sedan,2,Sedan / jeep / station wagon,2mobil,2,Line 2,normal,2477.5667,74327,0.8527,142174c2-beba-409e-b25c-3c2882bce06f,e2b5d1af-611f-418e-93d3-019b7b7ef4af,123,lembang,cikatomas pakidulan joszzz,,,20a73ac2-f227-44a5-9e29-bc90a26d22a2,19.00 - 20.00.mp4,
733,77833,car,2mobil,2mobil,Car / Sedan,2,Sedan / jeep / station wagon,2mobil,2,Line 2,normal,2477.8333,74335,0.8675,142174c2-beba-409e-b25c-3c2882bce06f,e2b5d1af-611f-418e-93d3-019b7b7ef4af,123,lembang,cikatomas pakidulan joszzz,,,20a73ac2-f227-44a5-9e29-bc90a26d22a2,19.00 - 20.00.mp4,
734,77864,car,2mobil,2mobil,Car / Sedan,2,Sedan / jeep / station wagon,2mobil,2,Line 2,normal,2478.3667,74351,0.8859,142174c2-beba-409e-b25c-3c2882bce06f,e2b5d1af-611f-418e-93d3-019b7b7ef4af,123,lembang,cikatomas pakidulan joszzz,,,20a73ac2-f227-44a5-9e29-bc90a26d22a2,19.00 - 20.00.mp4,
735,77912,car,2mobil,2mobil,Car / Sedan,2,Sedan / jeep / station wagon,2mobil,2,Line 2,normal,2479.6,74388,0.7283,142174c2-beba-409e-b25c-3c2882bce06f,e2b5d1af-611f-418e-93d3-019b7b7ef4af,123,lembang,cikatomas pakidulan joszzz,,,20a73ac2-f227-44a5-9e29-bc90a26d22a2,19.00 - 20.00.mp4,
736,77923,truck,6tr_2sumbu,6TR_2sumbu,2-Axle Truck (Jumbo),6,2-Axle Truck,6TR_2sumbu,2,Line 2,normal,2481.0,74430,0.8545,142174c2-beba-409e-b25c-3c2882bce06f,e2b5d1af-611f-418e-93d3-019b7b7ef4af,123,lembang,cikatomas pakidulan joszzz,,,20a73ac2-f227-44a5-9e29-bc90a26d22a2,19.00 - 20.00.mp4,
737,77955,truck,6tr_2sumbu,6TR_2sumbu,2-Axle Truck (Jumbo),6,2-Axle Truck,6TR_2sumbu,2,Line 2,normal,2481.2667,74438,0.5749,142174c2-beba-409e-b25c-3c2882bce06f,e2b5d1af-611f-418e-93d3-019b7b7ef4af,123,lembang,cikatomas pakidulan joszzz,,,20a73ac2-f227-44a5-9e29-bc90a26d22a2,19.00 - 20.00.mp4,
738,78368,truck,6tr_2sumbu,6TR_2sumbu,2-Axle Truck (Jumbo),6,2-Axle Truck,6TR_2sumbu,2,Line 2,opposite,2496.6667,74900,0.6245,142174c2-beba-409e-b25c-3c2882bce06f,e2b5d1af-611f-418e-93d3-019b7b7ef4af,123,lembang,cikatomas pakidulan joszzz,,,20a73ac2-f227-44a5-9e29-bc90a26d22a2,19.00 - 20.00.mp4,
739,78374,car,2mobil,2mobil,Car / Sedan,2,Sedan / jeep / station wagon,2mobil,2,Line 2,opposite,2497.2333,74917,0.4993,142174c2-beba-409e-b25c-3c2882bce06f,e2b5d1af-611f-418e-93d3-019b7b7ef4af,123,lembang,cikatomas pakidulan joszzz,,,20a73ac2-f227-44a5-9e29-bc90a26d22a2,19.00 - 20.00.mp4,
740,78486,car,2mobil,2mobil,Car / Sedan,2,Sedan / jeep / station wagon,2mobil,2,Line 2,normal,2499.2,74976,0.8257,142174c2-beba-409e-b25c-3c2882bce06f,e2b5d1af-611f-418e-93d3-019b7b7ef4af,123,lembang,cikatomas pakidulan joszzz,,,20a73ac2-f227-44a5-9e29-bc90a26d22a2,19.00 - 20.00.mp4,
741,78463,truck,6tr_2sumbu,6TR_2sumbu,2-Axle Truck (Jumbo),6,2-Axle Truck,6TR_2sumbu,2,Line 2,opposite,2500.0667,75002,0.725,142174c2-beba-409e-b25c-3c2882bce06f,e2b5d1af-611f-418e-93d3-019b7b7ef4af,123,lembang,cikatomas pakidulan joszzz,,,20a73ac2-f227-44a5-9e29-bc90a26d22a2,19.00 - 20.00.mp4,
742,78495,car,2mobil,2mobil,Car / Sedan,2,Sedan / jeep / station wagon,2mobil,2,Line 2,opposite,2500.4667,75014,0.5838,142174c2-beba-409e-b25c-3c2882bce06f,e2b5d1af-611f-418e-93d3-019b7b7ef4af,123,lembang,cikatomas pakidulan joszzz,,,20a73ac2-f227-44a5-9e29-bc90a26d22a2,19.00 - 20.00.mp4,
743,78570,car,2mobil,2mobil,Car / Sedan,2,Sedan / jeep / station wagon,2mobil,2,Line 2,opposite,2502.3667,75071,0.5094,142174c2-beba-409e-b25c-3c2882bce06f,e2b5d1af-611f-418e-93d3-019b7b7ef4af,123,lembang,cikatomas pakidulan joszzz,,,20a73ac2-f227-44a5-9e29-bc90a26d22a2,19.00 - 20.00.mp4,
744,78582,truck,4pickupmicro,4PickupMicro,Pickup / Micro Truck,4,Pickup / micro truck / delivery,4PickupMicro,2,Line 2,normal,2502.8,75084,0.6424,142174c2-beba-409e-b25c-3c2882bce06f,e2b5d1af-611f-418e-93d3-019b7b7ef4af,123,lembang,cikatomas pakidulan joszzz,,,20a73ac2-f227-44a5-9e29-bc90a26d22a2,19.00 - 20.00.mp4,
745,78706,car,2mobil,2mobil,Car / Sedan,2,Sedan / jeep / station wagon,2mobil,2,Line 2,normal,2505.4667,75164,0.5987,142174c2-beba-409e-b25c-3c2882bce06f,e2b5d1af-611f-418e-93d3-019b7b7ef4af,123,lembang,cikatomas pakidulan joszzz,,,20a73ac2-f227-44a5-9e29-bc90a26d22a2,19.00 - 20.00.mp4,
746,78703,car,2mobil,2mobil,Car / Sedan,2,Sedan / jeep / station wagon,2mobil,2,Line 2,opposite,2505.7667,75173,0.732,142174c2-beba-409e-b25c-3c2882bce06f,e2b5d1af-611f-418e-93d3-019b7b7ef4af,123,lembang,cikatomas pakidulan joszzz,,,20a73ac2-f227-44a5-9e29-bc90a26d22a2,19.00 - 20.00.mp4,
747,78722,truck,4pickupmicro,4PickupMicro,Pickup / Micro Truck,4,Pickup / micro truck / delivery,4PickupMicro,2,Line 2,opposite,2506.5667,75197,0.3306,142174c2-beba-409e-b25c-3c2882bce06f,e2b5d1af-611f-418e-93d3-019b7b7ef4af,123,lembang,cikatomas pakidulan joszzz,,,20a73ac2-f227-44a5-9e29-bc90a26d22a2,19.00 - 20.00.mp4,
748,78811,truck,4pickupmicro,4PickupMicro,Pickup / Micro Truck,4,Pickup / micro truck / delivery,4PickupMicro,2,Line 2,normal,2509.1,75273,0.552,142174c2-beba-409e-b25c-3c2882bce06f,e2b5d1af-611f-418e-93d3-019b7b7ef4af,123,lembang,cikatomas pakidulan joszzz,,,20a73ac2-f227-44a5-9e29-bc90a26d22a2,19.00 - 20.00.mp4,
749,78927,truck,4pickupmicro,4PickupMicro,Pickup / Micro Truck,4,Pickup / micro truck / delivery,4PickupMicro,2,Line 2,normal,2515.4667,75464,0.7419,142174c2-beba-409e-b25c-3c2882bce06f,e2b5d1af-611f-418e-93d3-019b7b7ef4af,123,lembang,cikatomas pakidulan joszzz,,,20a73ac2-f227-44a5-9e29-bc90a26d22a2,19.00 - 20.00.mp4,
750,78940,car,2mobil,2mobil,Car / Sedan,2,Sedan / jeep / station wagon,2mobil,2,Line 2,normal,2516.1333,75484,0.782,142174c2-beba-409e-b25c-3c2882bce06f,e2b5d1af-611f-418e-93d3-019b7b7ef4af,123,lembang,cikatomas pakidulan joszzz,,,20a73ac2-f227-44a5-9e29-bc90a26d22a2,19.00 - 20.00.mp4,
751,79000,car,2mobil,2mobil,Car / Sedan,2,Sedan / jeep / station wagon,2mobil,2,Line 2,normal,2517.6333,75529,0.8149,142174c2-beba-409e-b25c-3c2882bce06f,e2b5d1af-611f-418e-93d3-019b7b7ef4af,123,lembang,cikatomas pakidulan joszzz,,,20a73ac2-f227-44a5-9e29-bc90a26d22a2,19.00 - 20.00.mp4,
752,78998,car,2mobil,2mobil,Car / Sedan,2,Sedan / jeep / station wagon,2mobil,2,Line 2,normal,2517.9333,75538,0.4126,142174c2-beba-409e-b25c-3c2882bce06f,e2b5d1af-611f-418e-93d3-019b7b7ef4af,123,lembang,cikatomas pakidulan joszzz,,,20a73ac2-f227-44a5-9e29-bc90a26d22a2,19.00 - 20.00.mp4,
753,79031,truck,6tr_2sumbu,6TR_2sumbu,2-Axle Truck (Jumbo),6,2-Axle Truck,6TR_2sumbu,2,Line 2,normal,2518.8,75564,0.6479,142174c2-beba-409e-b25c-3c2882bce06f,e2b5d1af-611f-418e-93d3-019b7b7ef4af,123,lembang,cikatomas pakidulan joszzz,,,20a73ac2-f227-44a5-9e29-bc90a26d22a2,19.00 - 20.00.mp4,
754,79240,truck,6tr_2sumbu,6TR_2sumbu,2-Axle Truck (Jumbo),6,2-Axle Truck,6TR_2sumbu,2,Line 2,normal,2525.7667,75773,0.5311,142174c2-beba-409e-b25c-3c2882bce06f,e2b5d1af-611f-418e-93d3-019b7b7ef4af,123,lembang,cikatomas pakidulan joszzz,,,20a73ac2-f227-44a5-9e29-bc90a26d22a2,19.00 - 20.00.mp4,
755,79285,truck,4pickupmicro,4PickupMicro,Pickup / Micro Truck,4,Pickup / micro truck / delivery,4PickupMicro,2,Line 2,opposite,2527.8667,75836,0.4601,142174c2-beba-409e-b25c-3c2882bce06f,e2b5d1af-611f-418e-93d3-019b7b7ef4af,123,lembang,cikatomas pakidulan joszzz,,,20a73ac2-f227-44a5-9e29-bc90a26d22a2,19.00 - 20.00.mp4,
756,79418,car,2mobil,2mobil,Car / Sedan,2,Sedan / jeep / station wagon,2mobil,2,Line 2,opposite,2529.7333,75892,0.759,142174c2-beba-409e-b25c-3c2882bce06f,e2b5d1af-611f-418e-93d3-019b7b7ef4af,123,lembang,cikatomas pakidulan joszzz,,,20a73ac2-f227-44a5-9e29-bc90a26d22a2,19.00 - 20.00.mp4,
757,79392,truck,6tr_2sumbu,6TR_2sumbu,2-Axle Truck (Jumbo),6,2-Axle Truck,6TR_2sumbu,2,Line 2,opposite,2530.0333,75901,0.8472,142174c2-beba-409e-b25c-3c2882bce06f,e2b5d1af-611f-418e-93d3-019b7b7ef4af,123,lembang,cikatomas pakidulan joszzz,,,20a73ac2-f227-44a5-9e29-bc90a26d22a2,19.00 - 20.00.mp4,
758,79442,car,2mobil,2mobil,Car / Sedan,2,Sedan / jeep / station wagon,2mobil,2,Line 2,normal,2530.2667,75908,0.7319,142174c2-beba-409e-b25c-3c2882bce06f,e2b5d1af-611f-418e-93d3-019b7b7ef4af,123,lembang,cikatomas pakidulan joszzz,,,20a73ac2-f227-44a5-9e29-bc90a26d22a2,19.00 - 20.00.mp4,
759,79500,car,2mobil,2mobil,Car / Sedan,2,Sedan / jeep / station wagon,2mobil,2,Line 2,normal,2531.5667,75947,0.5904,142174c2-beba-409e-b25c-3c2882bce06f,e2b5d1af-611f-418e-93d3-019b7b7ef4af,123,lembang,cikatomas pakidulan joszzz,,,20a73ac2-f227-44a5-9e29-bc90a26d22a2,19.00 - 20.00.mp4,
760,79585,car,2mobil,2mobil,Car / Sedan,2,Sedan / jeep / station wagon,2mobil,2,Line 2,normal,2534.2,76026,0.7102,142174c2-beba-409e-b25c-3c2882bce06f,e2b5d1af-611f-418e-93d3-019b7b7ef4af,123,lembang,cikatomas pakidulan joszzz,,,20a73ac2-f227-44a5-9e29-bc90a26d22a2,19.00 - 20.00.mp4,
761,79593,car,2mobil,2mobil,Car / Sedan,2,Sedan / jeep / station wagon,2mobil,2,Line 2,normal,2534.4667,76034,0.6074,142174c2-beba-409e-b25c-3c2882bce06f,e2b5d1af-611f-418e-93d3-019b7b7ef4af,123,lembang,cikatomas pakidulan joszzz,,,20a73ac2-f227-44a5-9e29-bc90a26d22a2,19.00 - 20.00.mp4,
762,79658,car,2mobil,2mobil,Car / Sedan,2,Sedan / jeep / station wagon,2mobil,2,Line 2,normal,2536.6667,76100,0.8299,142174c2-beba-409e-b25c-3c2882bce06f,e2b5d1af-611f-418e-93d3-019b7b7ef4af,123,lembang,cikatomas pakidulan joszzz,,,20a73ac2-f227-44a5-9e29-bc90a26d22a2,19.00 - 20.00.mp4,
763,79773,truck,6tr_2sumbu,6TR_2sumbu,2-Axle Truck (Jumbo),6,2-Axle Truck,6TR_2sumbu,2,Line 2,normal,2539.0667,76172,0.8038,142174c2-beba-409e-b25c-3c2882bce06f,e2b5d1af-611f-418e-93d3-019b7b7ef4af,123,lembang,cikatomas pakidulan joszzz,,,20a73ac2-f227-44a5-9e29-bc90a26d22a2,19.00 - 20.00.mp4,
764,79787,bus,5bus,5Bus,Bus,5,Bus,5Bus,2,Line 2,opposite,2539.8667,76196,0.8905,142174c2-beba-409e-b25c-3c2882bce06f,e2b5d1af-611f-418e-93d3-019b7b7ef4af,123,lembang,cikatomas pakidulan joszzz,,,20a73ac2-f227-44a5-9e29-bc90a26d22a2,19.00 - 20.00.mp4,
765,79869,car,2mobil,2mobil,Car / Sedan,2,Sedan / jeep / station wagon,2mobil,2,Line 2,normal,2541.4667,76244,0.683,142174c2-beba-409e-b25c-3c2882bce06f,e2b5d1af-611f-418e-93d3-019b7b7ef4af,123,lembang,cikatomas pakidulan joszzz,,,20a73ac2-f227-44a5-9e29-bc90a26d22a2,19.00 - 20.00.mp4,
766,79912,car,2mobil,2mobil,Car / Sedan,2,Sedan / jeep / station wagon,2mobil,2,Line 2,normal,2542.7667,76283,0.3957,142174c2-beba-409e-b25c-3c2882bce06f,e2b5d1af-611f-418e-93d3-019b7b7ef4af,123,lembang,cikatomas pakidulan joszzz,,,20a73ac2-f227-44a5-9e29-bc90a26d22a2,19.00 - 20.00.mp4,
767,79904,truck,4pickupmicro,4PickupMicro,Pickup / Micro Truck,4,Pickup / micro truck / delivery,4PickupMicro,2,Line 2,opposite,2543.4333,76303,0.5511,142174c2-beba-409e-b25c-3c2882bce06f,e2b5d1af-611f-418e-93d3-019b7b7ef4af,123,lembang,cikatomas pakidulan joszzz,,,20a73ac2-f227-44a5-9e29-bc90a26d22a2,19.00 - 20.00.mp4,
768,80073,car,2mobil,2mobil,Car / Sedan,2,Sedan / jeep / station wagon,2mobil,2,Line 2,opposite,2548.4667,76454,0.4089,142174c2-beba-409e-b25c-3c2882bce06f,e2b5d1af-611f-418e-93d3-019b7b7ef4af,123,lembang,cikatomas pakidulan joszzz,,,20a73ac2-f227-44a5-9e29-bc90a26d22a2,19.00 - 20.00.mp4,
769,80297,bus,5bus,5Bus,Bus,5,Bus,5Bus,2,Line 2,normal,2554.9,76647,0.916,142174c2-beba-409e-b25c-3c2882bce06f,e2b5d1af-611f-418e-93d3-019b7b7ef4af,123,lembang,cikatomas pakidulan joszzz,,,20a73ac2-f227-44a5-9e29-bc90a26d22a2,19.00 - 20.00.mp4,
770,80351,truck,4pickupmicro,4PickupMicro,Pickup / Micro Truck,4,Pickup / micro truck / delivery,4PickupMicro,2,Line 2,opposite,2557.0667,76712,0.4684,142174c2-beba-409e-b25c-3c2882bce06f,e2b5d1af-611f-418e-93d3-019b7b7ef4af,123,lembang,cikatomas pakidulan joszzz,,,20a73ac2-f227-44a5-9e29-bc90a26d22a2,19.00 - 20.00.mp4,
771,80359,car,2mobil,2mobil,Car / Sedan,2,Sedan / jeep / station wagon,2mobil,2,Line 2,opposite,2557.4667,76724,0.6741,142174c2-beba-409e-b25c-3c2882bce06f,e2b5d1af-611f-418e-93d3-019b7b7ef4af,123,lembang,cikatomas pakidulan joszzz,,,20a73ac2-f227-44a5-9e29-bc90a26d22a2,19.00 - 20.00.mp4,
772,80375,car,2mobil,2mobil,Car / Sedan,2,Sedan / jeep / station wagon,2mobil,2,Line 2,opposite,2557.9667,76739,0.4692,142174c2-beba-409e-b25c-3c2882bce06f,e2b5d1af-611f-418e-93d3-019b7b7ef4af,123,lembang,cikatomas pakidulan joszzz,,,20a73ac2-f227-44a5-9e29-bc90a26d22a2,19.00 - 20.00.mp4,
773,80601,truck,4pickupmicro,4PickupMicro,Pickup / Micro Truck,4,Pickup / micro truck / delivery,4PickupMicro,1,Line 1,normal,2565.2667,76958,0.744,142174c2-beba-409e-b25c-3c2882bce06f,e2b5d1af-611f-418e-93d3-019b7b7ef4af,123,lembang,cikatomas pakidulan joszzz,,,20a73ac2-f227-44a5-9e29-bc90a26d22a2,19.00 - 20.00.mp4,
774,80601,truck,4pickupmicro,4PickupMicro,Pickup / Micro Truck,4,Pickup / micro truck / delivery,4PickupMicro,2,Line 2,normal,2566.6,76998,0.8494,142174c2-beba-409e-b25c-3c2882bce06f,e2b5d1af-611f-418e-93d3-019b7b7ef4af,123,lembang,cikatomas pakidulan joszzz,,,20a73ac2-f227-44a5-9e29-bc90a26d22a2,19.00 - 20.00.mp4,
775,80678,car,2mobil,2mobil,Car / Sedan,2,Sedan / jeep / station wagon,2mobil,2,Line 2,normal,2567.8667,77036,0.7197,142174c2-beba-409e-b25c-3c2882bce06f,e2b5d1af-611f-418e-93d3-019b7b7ef4af,123,lembang,cikatomas pakidulan joszzz,,,20a73ac2-f227-44a5-9e29-bc90a26d22a2,19.00 - 20.00.mp4,
776,80740,car,2mobil,2mobil,Car / Sedan,2,Sedan / jeep / station wagon,2mobil,2,Line 2,normal,2569.6333,77089,0.5793,142174c2-beba-409e-b25c-3c2882bce06f,e2b5d1af-611f-418e-93d3-019b7b7ef4af,123,lembang,cikatomas pakidulan joszzz,,,20a73ac2-f227-44a5-9e29-bc90a26d22a2,19.00 - 20.00.mp4,
777,80741,truck,4pickupmicro,4PickupMicro,Pickup / Micro Truck,4,Pickup / micro truck / delivery,4PickupMicro,2,Line 2,normal,2569.7667,77093,0.6024,142174c2-beba-409e-b25c-3c2882bce06f,e2b5d1af-611f-418e-93d3-019b7b7ef4af,123,lembang,cikatomas pakidulan joszzz,,,20a73ac2-f227-44a5-9e29-bc90a26d22a2,19.00 - 20.00.mp4,
778,80777,car,2mobil,2mobil,Car / Sedan,2,Sedan / jeep / station wagon,2mobil,2,Line 2,normal,2571.2667,77138,0.8164,142174c2-beba-409e-b25c-3c2882bce06f,e2b5d1af-611f-418e-93d3-019b7b7ef4af,123,lembang,cikatomas pakidulan joszzz,,,20a73ac2-f227-44a5-9e29-bc90a26d22a2,19.00 - 20.00.mp4,
779,80943,car,2mobil,2mobil,Car / Sedan,2,Sedan / jeep / station wagon,2mobil,2,Line 2,opposite,2577.2667,77318,0.8403,142174c2-beba-409e-b25c-3c2882bce06f,e2b5d1af-611f-418e-93d3-019b7b7ef4af,123,lembang,cikatomas pakidulan joszzz,,,20a73ac2-f227-44a5-9e29-bc90a26d22a2,19.00 - 20.00.mp4,
780,80970,car,2mobil,2mobil,Car / Sedan,2,Sedan / jeep / station wagon,2mobil,2,Line 2,normal,2577.6667,77330,0.4887,142174c2-beba-409e-b25c-3c2882bce06f,e2b5d1af-611f-418e-93d3-019b7b7ef4af,123,lembang,cikatomas pakidulan joszzz,,,20a73ac2-f227-44a5-9e29-bc90a26d22a2,19.00 - 20.00.mp4,
781,80971,truck,6tr_2sumbu,6TR_2sumbu,2-Axle Truck (Jumbo),6,2-Axle Truck,6TR_2sumbu,2,Line 2,normal,2578.1667,77345,0.8946,142174c2-beba-409e-b25c-3c2882bce06f,e2b5d1af-611f-418e-93d3-019b7b7ef4af,123,lembang,cikatomas pakidulan joszzz,,,20a73ac2-f227-44a5-9e29-bc90a26d22a2,19.00 - 20.00.mp4,
782,81105,car,2mobil,2mobil,Car / Sedan,2,Sedan / jeep / station wagon,2mobil,2,Line 2,normal,2581.0667,77432,0.82,142174c2-beba-409e-b25c-3c2882bce06f,e2b5d1af-611f-418e-93d3-019b7b7ef4af,123,lembang,cikatomas pakidulan joszzz,,,20a73ac2-f227-44a5-9e29-bc90a26d22a2,19.00 - 20.00.mp4,
783,81134,car,2mobil,2mobil,Car / Sedan,2,Sedan / jeep / station wagon,2mobil,2,Line 2,normal,2581.9667,77459,0.7617,142174c2-beba-409e-b25c-3c2882bce06f,e2b5d1af-611f-418e-93d3-019b7b7ef4af,123,lembang,cikatomas pakidulan joszzz,,,20a73ac2-f227-44a5-9e29-bc90a26d22a2,19.00 - 20.00.mp4,
784,81169,car,2mobil,2mobil,Car / Sedan,2,Sedan / jeep / station wagon,2mobil,2,Line 2,normal,2583.1333,77494,0.8746,142174c2-beba-409e-b25c-3c2882bce06f,e2b5d1af-611f-418e-93d3-019b7b7ef4af,123,lembang,cikatomas pakidulan joszzz,,,20a73ac2-f227-44a5-9e29-bc90a26d22a2,19.00 - 20.00.mp4,
785,81197,truck,6tr_2sumbu,6TR_2sumbu,2-Axle Truck (Jumbo),6,2-Axle Truck,6TR_2sumbu,2,Line 2,normal,2583.9,77517,0.7543,142174c2-beba-409e-b25c-3c2882bce06f,e2b5d1af-611f-418e-93d3-019b7b7ef4af,123,lembang,cikatomas pakidulan joszzz,,,20a73ac2-f227-44a5-9e29-bc90a26d22a2,19.00 - 20.00.mp4,
786,81270,truck,6tr_2sumbu,6TR_2sumbu,2-Axle Truck (Jumbo),6,2-Axle Truck,6TR_2sumbu,2,Line 2,normal,2585.9667,77579,0.8598,142174c2-beba-409e-b25c-3c2882bce06f,e2b5d1af-611f-418e-93d3-019b7b7ef4af,123,lembang,cikatomas pakidulan joszzz,,,20a73ac2-f227-44a5-9e29-bc90a26d22a2,19.00 - 20.00.mp4,
787,81284,car,2mobil,2mobil,Car / Sedan,2,Sedan / jeep / station wagon,2mobil,2,Line 2,normal,2586.2667,77588,0.8155,142174c2-beba-409e-b25c-3c2882bce06f,e2b5d1af-611f-418e-93d3-019b7b7ef4af,123,lembang,cikatomas pakidulan joszzz,,,20a73ac2-f227-44a5-9e29-bc90a26d22a2,19.00 - 20.00.mp4,
788,81374,car,2mobil,2mobil,Car / Sedan,2,Sedan / jeep / station wagon,2mobil,2,Line 2,normal,2588.3667,77651,0.8558,142174c2-beba-409e-b25c-3c2882bce06f,e2b5d1af-611f-418e-93d3-019b7b7ef4af,123,lembang,cikatomas pakidulan joszzz,,,20a73ac2-f227-44a5-9e29-bc90a26d22a2,19.00 - 20.00.mp4,
789,81386,truck,6tr_2sumbu,6TR_2sumbu,2-Axle Truck (Jumbo),6,2-Axle Truck,6TR_2sumbu,2,Line 2,opposite,2589.2333,77677,0.3694,142174c2-beba-409e-b25c-3c2882bce06f,e2b5d1af-611f-418e-93d3-019b7b7ef4af,123,lembang,cikatomas pakidulan joszzz,,,20a73ac2-f227-44a5-9e29-bc90a26d22a2,19.00 - 20.00.mp4,
790,81446,truck,6tr_2sumbu,6TR_2sumbu,2-Axle Truck (Jumbo),6,2-Axle Truck,6TR_2sumbu,2,Line 2,normal,2590.2333,77707,0.62,142174c2-beba-409e-b25c-3c2882bce06f,e2b5d1af-611f-418e-93d3-019b7b7ef4af,123,lembang,cikatomas pakidulan joszzz,,,20a73ac2-f227-44a5-9e29-bc90a26d22a2,19.00 - 20.00.mp4,
791,81484,car,2mobil,2mobil,Car / Sedan,2,Sedan / jeep / station wagon,2mobil,2,Line 2,normal,2590.7667,77723,0.7064,142174c2-beba-409e-b25c-3c2882bce06f,e2b5d1af-611f-418e-93d3-019b7b7ef4af,123,lembang,cikatomas pakidulan joszzz,,,20a73ac2-f227-44a5-9e29-bc90a26d22a2,19.00 - 20.00.mp4,
792,81455,car,2mobil,2mobil,Car / Sedan,2,Sedan / jeep / station wagon,2mobil,2,Line 2,opposite,2590.9667,77729,0.8608,142174c2-beba-409e-b25c-3c2882bce06f,e2b5d1af-611f-418e-93d3-019b7b7ef4af,123,lembang,cikatomas pakidulan joszzz,,,20a73ac2-f227-44a5-9e29-bc90a26d22a2,19.00 - 20.00.mp4,
793,81445,truck,6tr_2sumbu,6TR_2sumbu,2-Axle Truck (Jumbo),6,2-Axle Truck,6TR_2sumbu,2,Line 2,opposite,2591.2667,77738,0.879,142174c2-beba-409e-b25c-3c2882bce06f,e2b5d1af-611f-418e-93d3-019b7b7ef4af,123,lembang,cikatomas pakidulan joszzz,,,20a73ac2-f227-44a5-9e29-bc90a26d22a2,19.00 - 20.00.mp4,
794,81600,car,2mobil,2mobil,Car / Sedan,2,Sedan / jeep / station wagon,2mobil,2,Line 2,normal,2593.3,77799,0.8411,142174c2-beba-409e-b25c-3c2882bce06f,e2b5d1af-611f-418e-93d3-019b7b7ef4af,123,lembang,cikatomas pakidulan joszzz,,,20a73ac2-f227-44a5-9e29-bc90a26d22a2,19.00 - 20.00.mp4,
795,81620,truck,6tr_2sumbu,6TR_2sumbu,2-Axle Truck (Jumbo),6,2-Axle Truck,6TR_2sumbu,2,Line 2,normal,2594.0,77820,0.504,142174c2-beba-409e-b25c-3c2882bce06f,e2b5d1af-611f-418e-93d3-019b7b7ef4af,123,lembang,cikatomas pakidulan joszzz,,,20a73ac2-f227-44a5-9e29-bc90a26d22a2,19.00 - 20.00.mp4,
796,81852,car,2mobil,2mobil,Car / Sedan,2,Sedan / jeep / station wagon,2mobil,2,Line 2,normal,2600.0333,78001,0.7716,142174c2-beba-409e-b25c-3c2882bce06f,e2b5d1af-611f-418e-93d3-019b7b7ef4af,123,lembang,cikatomas pakidulan joszzz,,,20a73ac2-f227-44a5-9e29-bc90a26d22a2,19.00 - 20.00.mp4,
797,81887,truck,6tr_2sumbu,6TR_2sumbu,2-Axle Truck (Jumbo),6,2-Axle Truck,6TR_2sumbu,2,Line 2,normal,2601.3333,78040,0.5883,142174c2-beba-409e-b25c-3c2882bce06f,e2b5d1af-611f-418e-93d3-019b7b7ef4af,123,lembang,cikatomas pakidulan joszzz,,,20a73ac2-f227-44a5-9e29-bc90a26d22a2,19.00 - 20.00.mp4,
798,82000,truck,6tr_2sumbu,6TR_2sumbu,2-Axle Truck (Jumbo),6,2-Axle Truck,6TR_2sumbu,2,Line 2,normal,2603.8667,78116,0.3113,142174c2-beba-409e-b25c-3c2882bce06f,e2b5d1af-611f-418e-93d3-019b7b7ef4af,123,lembang,cikatomas pakidulan joszzz,,,20a73ac2-f227-44a5-9e29-bc90a26d22a2,19.00 - 20.00.mp4,
799,82232,car,2mobil,2mobil,Car / Sedan,2,Sedan / jeep / station wagon,2mobil,2,Line 2,normal,2610.4,78312,0.8482,142174c2-beba-409e-b25c-3c2882bce06f,e2b5d1af-611f-418e-93d3-019b7b7ef4af,123,lembang,cikatomas pakidulan joszzz,,,20a73ac2-f227-44a5-9e29-bc90a26d22a2,19.00 - 20.00.mp4,
800,82306,truck,6tr_2sumbu,6TR_2sumbu,2-Axle Truck (Jumbo),6,2-Axle Truck,6TR_2sumbu,2,Line 2,opposite,2614.7667,78443,0.8518,142174c2-beba-409e-b25c-3c2882bce06f,e2b5d1af-611f-418e-93d3-019b7b7ef4af,123,lembang,cikatomas pakidulan joszzz,,,20a73ac2-f227-44a5-9e29-bc90a26d22a2,19.00 - 20.00.mp4,
801,82446,car,2mobil,2mobil,Car / Sedan,2,Sedan / jeep / station wagon,2mobil,2,Line 2,opposite,2617.9333,78538,0.5235,142174c2-beba-409e-b25c-3c2882bce06f,e2b5d1af-611f-418e-93d3-019b7b7ef4af,123,lembang,cikatomas pakidulan joszzz,,,20a73ac2-f227-44a5-9e29-bc90a26d22a2,19.00 - 20.00.mp4,
802,82484,truck,6tr_2sumbu,6TR_2sumbu,2-Axle Truck (Jumbo),6,2-Axle Truck,6TR_2sumbu,2,Line 2,normal,2618.9333,78568,0.8194,142174c2-beba-409e-b25c-3c2882bce06f,e2b5d1af-611f-418e-93d3-019b7b7ef4af,123,lembang,cikatomas pakidulan joszzz,,,20a73ac2-f227-44a5-9e29-bc90a26d22a2,19.00 - 20.00.mp4,
803,82585,car,2mobil,2mobil,Car / Sedan,2,Sedan / jeep / station wagon,2mobil,2,Line 2,normal,2621.4667,78644,0.8588,142174c2-beba-409e-b25c-3c2882bce06f,e2b5d1af-611f-418e-93d3-019b7b7ef4af,123,lembang,cikatomas pakidulan joszzz,,,20a73ac2-f227-44a5-9e29-bc90a26d22a2,19.00 - 20.00.mp4,
804,82598,truck,6tr_2sumbu,6TR_2sumbu,2-Axle Truck (Jumbo),6,2-Axle Truck,6TR_2sumbu,2,Line 2,normal,2622.3333,78670,0.5793,142174c2-beba-409e-b25c-3c2882bce06f,e2b5d1af-611f-418e-93d3-019b7b7ef4af,123,lembang,cikatomas pakidulan joszzz,,,20a73ac2-f227-44a5-9e29-bc90a26d22a2,19.00 - 20.00.mp4,
805,82646,truck,6tr_2sumbu,6TR_2sumbu,2-Axle Truck (Jumbo),6,2-Axle Truck,6TR_2sumbu,2,Line 2,normal,2623.4667,78704,0.7089,142174c2-beba-409e-b25c-3c2882bce06f,e2b5d1af-611f-418e-93d3-019b7b7ef4af,123,lembang,cikatomas pakidulan joszzz,,,20a73ac2-f227-44a5-9e29-bc90a26d22a2,19.00 - 20.00.mp4,
806,82686,car,2mobil,2mobil,Car / Sedan,2,Sedan / jeep / station wagon,2mobil,2,Line 2,normal,2625.6333,78769,0.7806,142174c2-beba-409e-b25c-3c2882bce06f,e2b5d1af-611f-418e-93d3-019b7b7ef4af,123,lembang,cikatomas pakidulan joszzz,,,20a73ac2-f227-44a5-9e29-bc90a26d22a2,19.00 - 20.00.mp4,
807,82793,car,2mobil,2mobil,Car / Sedan,2,Sedan / jeep / station wagon,2mobil,2,Line 2,normal,2628.8333,78865,0.6534,142174c2-beba-409e-b25c-3c2882bce06f,e2b5d1af-611f-418e-93d3-019b7b7ef4af,123,lembang,cikatomas pakidulan joszzz,,,20a73ac2-f227-44a5-9e29-bc90a26d22a2,19.00 - 20.00.mp4,
808,82836,car,2mobil,2mobil,Car / Sedan,2,Sedan / jeep / station wagon,2mobil,2,Line 2,opposite,2630.0,78900,0.7961,142174c2-beba-409e-b25c-3c2882bce06f,e2b5d1af-611f-418e-93d3-019b7b7ef4af,123,lembang,cikatomas pakidulan joszzz,,,20a73ac2-f227-44a5-9e29-bc90a26d22a2,19.00 - 20.00.mp4,
809,82843,truck,6tr_2sumbu,6TR_2sumbu,2-Axle Truck (Jumbo),6,2-Axle Truck,6TR_2sumbu,2,Line 2,normal,2630.5667,78917,0.8968,142174c2-beba-409e-b25c-3c2882bce06f,e2b5d1af-611f-418e-93d3-019b7b7ef4af,123,lembang,cikatomas pakidulan joszzz,,,20a73ac2-f227-44a5-9e29-bc90a26d22a2,19.00 - 20.00.mp4,
810,82962,car,2mobil,2mobil,Car / Sedan,2,Sedan / jeep / station wagon,2mobil,2,Line 2,normal,2632.8,78984,0.8721,142174c2-beba-409e-b25c-3c2882bce06f,e2b5d1af-611f-418e-93d3-019b7b7ef4af,123,lembang,cikatomas pakidulan joszzz,,,20a73ac2-f227-44a5-9e29-bc90a26d22a2,19.00 - 20.00.mp4,
811,83104,car,2mobil,2mobil,Car / Sedan,2,Sedan / jeep / station wagon,2mobil,2,Line 2,opposite,2636.1,79083,0.7034,142174c2-beba-409e-b25c-3c2882bce06f,e2b5d1af-611f-418e-93d3-019b7b7ef4af,123,lembang,cikatomas pakidulan joszzz,,,20a73ac2-f227-44a5-9e29-bc90a26d22a2,19.00 - 20.00.mp4,
812,83326,car,2mobil,2mobil,Car / Sedan,2,Sedan / jeep / station wagon,2mobil,2,Line 2,normal,2641.6333,79249,0.7773,142174c2-beba-409e-b25c-3c2882bce06f,e2b5d1af-611f-418e-93d3-019b7b7ef4af,123,lembang,cikatomas pakidulan joszzz,,,20a73ac2-f227-44a5-9e29-bc90a26d22a2,19.00 - 20.00.mp4,
813,83360,truck,6tr_2sumbu,6TR_2sumbu,2-Axle Truck (Jumbo),6,2-Axle Truck,6TR_2sumbu,2,Line 2,opposite,2645.3,79359,0.8043,142174c2-beba-409e-b25c-3c2882bce06f,e2b5d1af-611f-418e-93d3-019b7b7ef4af,123,lembang,cikatomas pakidulan joszzz,,,20a73ac2-f227-44a5-9e29-bc90a26d22a2,19.00 - 20.00.mp4,
814,83423,bus,5bus,5Bus,Bus,5,Bus,5Bus,2,Line 2,opposite,2647.0,79410,0.9074,142174c2-beba-409e-b25c-3c2882bce06f,e2b5d1af-611f-418e-93d3-019b7b7ef4af,123,lembang,cikatomas pakidulan joszzz,,,20a73ac2-f227-44a5-9e29-bc90a26d22a2,19.00 - 20.00.mp4,
815,83592,car,2mobil,2mobil,Car / Sedan,2,Sedan / jeep / station wagon,2mobil,2,Line 2,opposite,2650.8333,79525,0.5822,142174c2-beba-409e-b25c-3c2882bce06f,e2b5d1af-611f-418e-93d3-019b7b7ef4af,123,lembang,cikatomas pakidulan joszzz,,,20a73ac2-f227-44a5-9e29-bc90a26d22a2,19.00 - 20.00.mp4,
816,83623,truck,4pickupmicro,4PickupMicro,Pickup / Micro Truck,4,Pickup / micro truck / delivery,4PickupMicro,2,Line 2,normal,2651.3,79539,0.5238,142174c2-beba-409e-b25c-3c2882bce06f,e2b5d1af-611f-418e-93d3-019b7b7ef4af,123,lembang,cikatomas pakidulan joszzz,,,20a73ac2-f227-44a5-9e29-bc90a26d22a2,19.00 - 20.00.mp4,
817,83731,car,2mobil,2mobil,Car / Sedan,2,Sedan / jeep / station wagon,2mobil,2,Line 2,normal,2654.0333,79621,0.8532,142174c2-beba-409e-b25c-3c2882bce06f,e2b5d1af-611f-418e-93d3-019b7b7ef4af,123,lembang,cikatomas pakidulan joszzz,,,20a73ac2-f227-44a5-9e29-bc90a26d22a2,19.00 - 20.00.mp4,
818,83765,car,2mobil,2mobil,Car / Sedan,2,Sedan / jeep / station wagon,2mobil,2,Line 2,opposite,2655.6667,79670,0.8204,142174c2-beba-409e-b25c-3c2882bce06f,e2b5d1af-611f-418e-93d3-019b7b7ef4af,123,lembang,cikatomas pakidulan joszzz,,,20a73ac2-f227-44a5-9e29-bc90a26d22a2,19.00 - 20.00.mp4,
819,83954,car,2mobil,2mobil,Car / Sedan,2,Sedan / jeep / station wagon,2mobil,2,Line 2,normal,2662.0333,79861,0.7879,142174c2-beba-409e-b25c-3c2882bce06f,e2b5d1af-611f-418e-93d3-019b7b7ef4af,123,lembang,cikatomas pakidulan joszzz,,,20a73ac2-f227-44a5-9e29-bc90a26d22a2,19.00 - 20.00.mp4,
820,84012,car,2mobil,2mobil,Car / Sedan,2,Sedan / jeep / station wagon,2mobil,2,Line 2,normal,2663.1667,79895,0.5091,142174c2-beba-409e-b25c-3c2882bce06f,e2b5d1af-611f-418e-93d3-019b7b7ef4af,123,lembang,cikatomas pakidulan joszzz,,,20a73ac2-f227-44a5-9e29-bc90a26d22a2,19.00 - 20.00.mp4,
821,84063,truck,6tr_2sumbu,6TR_2sumbu,2-Axle Truck (Jumbo),6,2-Axle Truck,6TR_2sumbu,2,Line 2,opposite,2664.9333,79948,0.8909,142174c2-beba-409e-b25c-3c2882bce06f,e2b5d1af-611f-418e-93d3-019b7b7ef4af,123,lembang,cikatomas pakidulan joszzz,,,20a73ac2-f227-44a5-9e29-bc90a26d22a2,19.00 - 20.00.mp4,
822,84063,truck,6tr_2sumbu,6TR_2sumbu,2-Axle Truck (Jumbo),6,2-Axle Truck,6TR_2sumbu,1,Line 1,opposite,2666.4,79992,0.7488,142174c2-beba-409e-b25c-3c2882bce06f,e2b5d1af-611f-418e-93d3-019b7b7ef4af,123,lembang,cikatomas pakidulan joszzz,,,20a73ac2-f227-44a5-9e29-bc90a26d22a2,19.00 - 20.00.mp4,
823,84394,bus,5bus,5Bus,Bus,5,Bus,5Bus,2,Line 2,normal,2674.6333,80239,0.7797,142174c2-beba-409e-b25c-3c2882bce06f,e2b5d1af-611f-418e-93d3-019b7b7ef4af,123,lembang,cikatomas pakidulan joszzz,,,20a73ac2-f227-44a5-9e29-bc90a26d22a2,19.00 - 20.00.mp4,
824,84438,car,2mobil,2mobil,Car / Sedan,2,Sedan / jeep / station wagon,2mobil,2,Line 2,normal,2676.2333,80287,0.8864,142174c2-beba-409e-b25c-3c2882bce06f,e2b5d1af-611f-418e-93d3-019b7b7ef4af,123,lembang,cikatomas pakidulan joszzz,,,20a73ac2-f227-44a5-9e29-bc90a26d22a2,19.00 - 20.00.mp4,
825,84483,car,2mobil,2mobil,Car / Sedan,2,Sedan / jeep / station wagon,2mobil,2,Line 2,normal,2677.2333,80317,0.7208,142174c2-beba-409e-b25c-3c2882bce06f,e2b5d1af-611f-418e-93d3-019b7b7ef4af,123,lembang,cikatomas pakidulan joszzz,,,20a73ac2-f227-44a5-9e29-bc90a26d22a2,19.00 - 20.00.mp4,
826,84509,truck,6tr_2sumbu,6TR_2sumbu,2-Axle Truck (Jumbo),6,2-Axle Truck,6TR_2sumbu,2,Line 2,opposite,2679.3333,80380,0.7041,142174c2-beba-409e-b25c-3c2882bce06f,e2b5d1af-611f-418e-93d3-019b7b7ef4af,123,lembang,cikatomas pakidulan joszzz,,,20a73ac2-f227-44a5-9e29-bc90a26d22a2,19.00 - 20.00.mp4,
827,84554,truck,6tr_2sumbu,6TR_2sumbu,2-Axle Truck (Jumbo),6,2-Axle Truck,6TR_2sumbu,2,Line 2,opposite,2680.1,80403,0.8377,142174c2-beba-409e-b25c-3c2882bce06f,e2b5d1af-611f-418e-93d3-019b7b7ef4af,123,lembang,cikatomas pakidulan joszzz,,,20a73ac2-f227-44a5-9e29-bc90a26d22a2,19.00 - 20.00.mp4,
828,84583,truck,6tr_2sumbu,6TR_2sumbu,2-Axle Truck (Jumbo),6,2-Axle Truck,6TR_2sumbu,2,Line 2,opposite,2681.0333,80431,0.7484,142174c2-beba-409e-b25c-3c2882bce06f,e2b5d1af-611f-418e-93d3-019b7b7ef4af,123,lembang,cikatomas pakidulan joszzz,,,20a73ac2-f227-44a5-9e29-bc90a26d22a2,19.00 - 20.00.mp4,
829,84576,truck,4pickupmicro,4PickupMicro,Pickup / Micro Truck,4,Pickup / micro truck / delivery,4PickupMicro,2,Line 2,opposite,2681.9667,80459,0.8362,142174c2-beba-409e-b25c-3c2882bce06f,e2b5d1af-611f-418e-93d3-019b7b7ef4af,123,lembang,cikatomas pakidulan joszzz,,,20a73ac2-f227-44a5-9e29-bc90a26d22a2,19.00 - 20.00.mp4,
830,84802,car,2mobil,2mobil,Car / Sedan,2,Sedan / jeep / station wagon,2mobil,2,Line 2,normal,2685.1333,80554,0.7721,142174c2-beba-409e-b25c-3c2882bce06f,e2b5d1af-611f-418e-93d3-019b7b7ef4af,123,lembang,cikatomas pakidulan joszzz,,,20a73ac2-f227-44a5-9e29-bc90a26d22a2,19.00 - 20.00.mp4,
831,84813,car,2mobil,2mobil,Car / Sedan,2,Sedan / jeep / station wagon,2mobil,2,Line 2,opposite,2686.1333,80584,0.8206,142174c2-beba-409e-b25c-3c2882bce06f,e2b5d1af-611f-418e-93d3-019b7b7ef4af,123,lembang,cikatomas pakidulan joszzz,,,20a73ac2-f227-44a5-9e29-bc90a26d22a2,19.00 - 20.00.mp4,
832,84936,truck,6tr_2sumbu,6TR_2sumbu,2-Axle Truck (Jumbo),6,2-Axle Truck,6TR_2sumbu,2,Line 2,opposite,2689.0333,80671,0.5233,142174c2-beba-409e-b25c-3c2882bce06f,e2b5d1af-611f-418e-93d3-019b7b7ef4af,123,lembang,cikatomas pakidulan joszzz,,,20a73ac2-f227-44a5-9e29-bc90a26d22a2,19.00 - 20.00.mp4,
833,84909,truck,6tr_2sumbu,6TR_2sumbu,2-Axle Truck (Jumbo),6,2-Axle Truck,6TR_2sumbu,2,Line 2,opposite,2689.0333,80671,0.3711,142174c2-beba-409e-b25c-3c2882bce06f,e2b5d1af-611f-418e-93d3-019b7b7ef4af,123,lembang,cikatomas pakidulan joszzz,,,20a73ac2-f227-44a5-9e29-bc90a26d22a2,19.00 - 20.00.mp4,
834,85001,bus,5bus,5Bus,Bus,5,Bus,5Bus,2,Line 2,opposite,2691.5667,80747,0.4742,142174c2-beba-409e-b25c-3c2882bce06f,e2b5d1af-611f-418e-93d3-019b7b7ef4af,123,lembang,cikatomas pakidulan joszzz,,,20a73ac2-f227-44a5-9e29-bc90a26d22a2,19.00 - 20.00.mp4,
835,85047,car,2mobil,2mobil,Car / Sedan,2,Sedan / jeep / station wagon,2mobil,2,Line 2,opposite,2692.2333,80767,0.7768,142174c2-beba-409e-b25c-3c2882bce06f,e2b5d1af-611f-418e-93d3-019b7b7ef4af,123,lembang,cikatomas pakidulan joszzz,,,20a73ac2-f227-44a5-9e29-bc90a26d22a2,19.00 - 20.00.mp4,
836,85108,truck,6tr_2sumbu,6TR_2sumbu,2-Axle Truck (Jumbo),6,2-Axle Truck,6TR_2sumbu,2,Line 2,opposite,2694.6333,80839,0.5955,142174c2-beba-409e-b25c-3c2882bce06f,e2b5d1af-611f-418e-93d3-019b7b7ef4af,123,lembang,cikatomas pakidulan joszzz,,,20a73ac2-f227-44a5-9e29-bc90a26d22a2,19.00 - 20.00.mp4,
837,85181,bus,5bus,5Bus,Bus,5,Bus,5Bus,2,Line 2,normal,2696.8667,80906,0.8558,142174c2-beba-409e-b25c-3c2882bce06f,e2b5d1af-611f-418e-93d3-019b7b7ef4af,123,lembang,cikatomas pakidulan joszzz,,,20a73ac2-f227-44a5-9e29-bc90a26d22a2,19.00 - 20.00.mp4,
838,85270,car,2mobil,2mobil,Car / Sedan,2,Sedan / jeep / station wagon,2mobil,2,Line 2,opposite,2699.2,80976,0.6507,142174c2-beba-409e-b25c-3c2882bce06f,e2b5d1af-611f-418e-93d3-019b7b7ef4af,123,lembang,cikatomas pakidulan joszzz,,,20a73ac2-f227-44a5-9e29-bc90a26d22a2,19.00 - 20.00.mp4,
839,85328,car,2mobil,2mobil,Car / Sedan,2,Sedan / jeep / station wagon,2mobil,2,Line 2,normal,2699.8333,80995,0.6775,142174c2-beba-409e-b25c-3c2882bce06f,e2b5d1af-611f-418e-93d3-019b7b7ef4af,123,lembang,cikatomas pakidulan joszzz,,,20a73ac2-f227-44a5-9e29-bc90a26d22a2,19.00 - 20.00.mp4,
840,85426,car,2mobil,2mobil,Car / Sedan,2,Sedan / jeep / station wagon,2mobil,2,Line 2,normal,2704.0333,81121,0.8576,142174c2-beba-409e-b25c-3c2882bce06f,e2b5d1af-611f-418e-93d3-019b7b7ef4af,123,lembang,cikatomas pakidulan joszzz,,,20a73ac2-f227-44a5-9e29-bc90a26d22a2,19.00 - 20.00.mp4,
841,85493,car,2mobil,2mobil,Car / Sedan,2,Sedan / jeep / station wagon,2mobil,2,Line 2,normal,2706.1667,81185,0.812,142174c2-beba-409e-b25c-3c2882bce06f,e2b5d1af-611f-418e-93d3-019b7b7ef4af,123,lembang,cikatomas pakidulan joszzz,,,20a73ac2-f227-44a5-9e29-bc90a26d22a2,19.00 - 20.00.mp4,
842,85746,truck,6tr_2sumbu,6TR_2sumbu,2-Axle Truck (Jumbo),6,2-Axle Truck,6TR_2sumbu,2,Line 2,opposite,2717.5333,81526,0.3481,142174c2-beba-409e-b25c-3c2882bce06f,e2b5d1af-611f-418e-93d3-019b7b7ef4af,123,lembang,cikatomas pakidulan joszzz,,,20a73ac2-f227-44a5-9e29-bc90a26d22a2,19.00 - 20.00.mp4,
843,86544,truck,6tr_2sumbu,6TR_2sumbu,2-Axle Truck (Jumbo),6,2-Axle Truck,6TR_2sumbu,2,Line 2,opposite,2747.4333,82423,0.9001,142174c2-beba-409e-b25c-3c2882bce06f,e2b5d1af-611f-418e-93d3-019b7b7ef4af,123,lembang,cikatomas pakidulan joszzz,,,20a73ac2-f227-44a5-9e29-bc90a26d22a2,19.00 - 20.00.mp4,
844,86753,car,2mobil,2mobil,Car / Sedan,2,Sedan / jeep / station wagon,2mobil,2,Line 2,normal,2754.1333,82624,0.5344,142174c2-beba-409e-b25c-3c2882bce06f,e2b5d1af-611f-418e-93d3-019b7b7ef4af,123,lembang,cikatomas pakidulan joszzz,,,20a73ac2-f227-44a5-9e29-bc90a26d22a2,19.00 - 20.00.mp4,
845,86769,truck,4pickupmicro,4PickupMicro,Pickup / Micro Truck,4,Pickup / micro truck / delivery,4PickupMicro,2,Line 2,opposite,2755.7333,82672,0.8302,142174c2-beba-409e-b25c-3c2882bce06f,e2b5d1af-611f-418e-93d3-019b7b7ef4af,123,lembang,cikatomas pakidulan joszzz,,,20a73ac2-f227-44a5-9e29-bc90a26d22a2,19.00 - 20.00.mp4,
846,86810,car,2mobil,2mobil,Car / Sedan,2,Sedan / jeep / station wagon,2mobil,2,Line 2,opposite,2757.1333,82714,0.5694,142174c2-beba-409e-b25c-3c2882bce06f,e2b5d1af-611f-418e-93d3-019b7b7ef4af,123,lembang,cikatomas pakidulan joszzz,,,20a73ac2-f227-44a5-9e29-bc90a26d22a2,19.00 - 20.00.mp4,
847,87450,truck,4pickupmicro,4PickupMicro,Pickup / Micro Truck,4,Pickup / micro truck / delivery,4PickupMicro,2,Line 2,opposite,2777.1333,83314,0.8488,142174c2-beba-409e-b25c-3c2882bce06f,e2b5d1af-611f-418e-93d3-019b7b7ef4af,123,lembang,cikatomas pakidulan joszzz,,,20a73ac2-f227-44a5-9e29-bc90a26d22a2,19.00 - 20.00.mp4,
848,87658,car,2mobil,2mobil,Car / Sedan,2,Sedan / jeep / station wagon,2mobil,2,Line 2,opposite,2784.8333,83545,0.3791,142174c2-beba-409e-b25c-3c2882bce06f,e2b5d1af-611f-418e-93d3-019b7b7ef4af,123,lembang,cikatomas pakidulan joszzz,,,20a73ac2-f227-44a5-9e29-bc90a26d22a2,19.00 - 20.00.mp4,
849,87719,truck,6tr_2sumbu,6TR_2sumbu,2-Axle Truck (Jumbo),6,2-Axle Truck,6TR_2sumbu,2,Line 2,opposite,2786.7333,83602,0.8488,142174c2-beba-409e-b25c-3c2882bce06f,e2b5d1af-611f-418e-93d3-019b7b7ef4af,123,lembang,cikatomas pakidulan joszzz,,,20a73ac2-f227-44a5-9e29-bc90a26d22a2,19.00 - 20.00.mp4,
850,87840,car,2mobil,2mobil,Car / Sedan,2,Sedan / jeep / station wagon,2mobil,2,Line 2,normal,2791.0,83730,0.7195,142174c2-beba-409e-b25c-3c2882bce06f,e2b5d1af-611f-418e-93d3-019b7b7ef4af,123,lembang,cikatomas pakidulan joszzz,,,20a73ac2-f227-44a5-9e29-bc90a26d22a2,19.00 - 20.00.mp4,
851,88020,car,2mobil,2mobil,Car / Sedan,2,Sedan / jeep / station wagon,2mobil,2,Line 2,normal,2796.7333,83902,0.8596,142174c2-beba-409e-b25c-3c2882bce06f,e2b5d1af-611f-418e-93d3-019b7b7ef4af,123,lembang,cikatomas pakidulan joszzz,,,20a73ac2-f227-44a5-9e29-bc90a26d22a2,19.00 - 20.00.mp4,
852,88088,car,2mobil,2mobil,Car / Sedan,2,Sedan / jeep / station wagon,2mobil,2,Line 2,normal,2798.5667,83957,0.8686,142174c2-beba-409e-b25c-3c2882bce06f,e2b5d1af-611f-418e-93d3-019b7b7ef4af,123,lembang,cikatomas pakidulan joszzz,,,20a73ac2-f227-44a5-9e29-bc90a26d22a2,19.00 - 20.00.mp4,
853,88309,motorcycle,1motor,1motor,Motorcycle,1,Motorcycle / 3-wheel vehicle,1motor,2,Line 2,normal,2804.7333,84142,0.4823,142174c2-beba-409e-b25c-3c2882bce06f,e2b5d1af-611f-418e-93d3-019b7b7ef4af,123,lembang,cikatomas pakidulan joszzz,,,20a73ac2-f227-44a5-9e29-bc90a26d22a2,19.00 - 20.00.mp4,
854,88351,truck,6tr_2sumbu,6TR_2sumbu,2-Axle Truck (Jumbo),6,2-Axle Truck,6TR_2sumbu,2,Line 2,normal,2807.0333,84211,0.8904,142174c2-beba-409e-b25c-3c2882bce06f,e2b5d1af-611f-418e-93d3-019b7b7ef4af,123,lembang,cikatomas pakidulan joszzz,,,20a73ac2-f227-44a5-9e29-bc90a26d22a2,19.00 - 20.00.mp4,
855,88473,car,3ang_umum,3ang_umum,Public Transportation (Angkot),3,Medium passenger vehicle,3Ang_umum,2,Line 2,opposite,2812.7,84381,0.5738,142174c2-beba-409e-b25c-3c2882bce06f,e2b5d1af-611f-418e-93d3-019b7b7ef4af,123,lembang,cikatomas pakidulan joszzz,,,20a73ac2-f227-44a5-9e29-bc90a26d22a2,19.00 - 20.00.mp4,
856,88511,car,2mobil,2mobil,Car / Sedan,2,Sedan / jeep / station wagon,2mobil,2,Line 2,normal,2812.8,84384,0.835,142174c2-beba-409e-b25c-3c2882bce06f,e2b5d1af-611f-418e-93d3-019b7b7ef4af,123,lembang,cikatomas pakidulan joszzz,,,20a73ac2-f227-44a5-9e29-bc90a26d22a2,19.00 - 20.00.mp4,
857,88620,car,2mobil,2mobil,Car / Sedan,2,Sedan / jeep / station wagon,2mobil,2,Line 2,opposite,2817.6333,84529,0.4959,142174c2-beba-409e-b25c-3c2882bce06f,e2b5d1af-611f-418e-93d3-019b7b7ef4af,123,lembang,cikatomas pakidulan joszzz,,,20a73ac2-f227-44a5-9e29-bc90a26d22a2,19.00 - 20.00.mp4,
858,88748,truck,4pickupmicro,4PickupMicro,Pickup / Micro Truck,4,Pickup / micro truck / delivery,4PickupMicro,2,Line 2,normal,2821.3333,84640,0.4771,142174c2-beba-409e-b25c-3c2882bce06f,e2b5d1af-611f-418e-93d3-019b7b7ef4af,123,lembang,cikatomas pakidulan joszzz,,,20a73ac2-f227-44a5-9e29-bc90a26d22a2,19.00 - 20.00.mp4,
859,89039,car,2mobil,2mobil,Car / Sedan,2,Sedan / jeep / station wagon,2mobil,2,Line 2,normal,2830.3333,84910,0.7086,142174c2-beba-409e-b25c-3c2882bce06f,e2b5d1af-611f-418e-93d3-019b7b7ef4af,123,lembang,cikatomas pakidulan joszzz,,,20a73ac2-f227-44a5-9e29-bc90a26d22a2,19.00 - 20.00.mp4,
860,89086,car,2mobil,2mobil,Car / Sedan,2,Sedan / jeep / station wagon,2mobil,2,Line 2,normal,2831.7,84951,0.6855,142174c2-beba-409e-b25c-3c2882bce06f,e2b5d1af-611f-418e-93d3-019b7b7ef4af,123,lembang,cikatomas pakidulan joszzz,,,20a73ac2-f227-44a5-9e29-bc90a26d22a2,19.00 - 20.00.mp4,
861,89083,car,2mobil,2mobil,Car / Sedan,2,Sedan / jeep / station wagon,2mobil,2,Line 2,opposite,2831.9,84957,0.808,142174c2-beba-409e-b25c-3c2882bce06f,e2b5d1af-611f-418e-93d3-019b7b7ef4af,123,lembang,cikatomas pakidulan joszzz,,,20a73ac2-f227-44a5-9e29-bc90a26d22a2,19.00 - 20.00.mp4,
862,89167,car,2mobil,2mobil,Car / Sedan,2,Sedan / jeep / station wagon,2mobil,2,Line 2,normal,2833.7667,85013,0.7201,142174c2-beba-409e-b25c-3c2882bce06f,e2b5d1af-611f-418e-93d3-019b7b7ef4af,123,lembang,cikatomas pakidulan joszzz,,,20a73ac2-f227-44a5-9e29-bc90a26d22a2,19.00 - 20.00.mp4,
863,89164,bus,5bus,5Bus,Bus,5,Bus,5Bus,2,Line 2,normal,2834.0667,85022,0.7947,142174c2-beba-409e-b25c-3c2882bce06f,e2b5d1af-611f-418e-93d3-019b7b7ef4af,123,lembang,cikatomas pakidulan joszzz,,,20a73ac2-f227-44a5-9e29-bc90a26d22a2,19.00 - 20.00.mp4,
864,89397,car,2mobil,2mobil,Car / Sedan,2,Sedan / jeep / station wagon,2mobil,2,Line 2,opposite,2841.4333,85243,0.7078,142174c2-beba-409e-b25c-3c2882bce06f,e2b5d1af-611f-418e-93d3-019b7b7ef4af,123,lembang,cikatomas pakidulan joszzz,,,20a73ac2-f227-44a5-9e29-bc90a26d22a2,19.00 - 20.00.mp4,
865,89417,car,2mobil,2mobil,Car / Sedan,2,Sedan / jeep / station wagon,2mobil,2,Line 2,opposite,2841.9,85257,0.6102,142174c2-beba-409e-b25c-3c2882bce06f,e2b5d1af-611f-418e-93d3-019b7b7ef4af,123,lembang,cikatomas pakidulan joszzz,,,20a73ac2-f227-44a5-9e29-bc90a26d22a2,19.00 - 20.00.mp4,
866,89474,car,2mobil,2mobil,Car / Sedan,2,Sedan / jeep / station wagon,2mobil,2,Line 2,normal,2843.0667,85292,0.7056,142174c2-beba-409e-b25c-3c2882bce06f,e2b5d1af-611f-418e-93d3-019b7b7ef4af,123,lembang,cikatomas pakidulan joszzz,,,20a73ac2-f227-44a5-9e29-bc90a26d22a2,19.00 - 20.00.mp4,
867,89473,car,2mobil,2mobil,Car / Sedan,2,Sedan / jeep / station wagon,2mobil,2,Line 2,opposite,2843.7667,85313,0.7158,142174c2-beba-409e-b25c-3c2882bce06f,e2b5d1af-611f-418e-93d3-019b7b7ef4af,123,lembang,cikatomas pakidulan joszzz,,,20a73ac2-f227-44a5-9e29-bc90a26d22a2,19.00 - 20.00.mp4,
868,89581,truck,6tr_2sumbu,6TR_2sumbu,2-Axle Truck (Jumbo),6,2-Axle Truck,6TR_2sumbu,2,Line 2,opposite,2846.9333,85408,0.5053,142174c2-beba-409e-b25c-3c2882bce06f,e2b5d1af-611f-418e-93d3-019b7b7ef4af,123,lembang,cikatomas pakidulan joszzz,,,20a73ac2-f227-44a5-9e29-bc90a26d22a2,19.00 - 20.00.mp4,
869,89716,car,2mobil,2mobil,Car / Sedan,2,Sedan / jeep / station wagon,2mobil,2,Line 2,normal,2849.9333,85498,0.4713,142174c2-beba-409e-b25c-3c2882bce06f,e2b5d1af-611f-418e-93d3-019b7b7ef4af,123,lembang,cikatomas pakidulan joszzz,,,20a73ac2-f227-44a5-9e29-bc90a26d22a2,19.00 - 20.00.mp4,
870,89791,car,2mobil,2mobil,Car / Sedan,2,Sedan / jeep / station wagon,2mobil,2,Line 2,normal,2852.5333,85576,0.8076,142174c2-beba-409e-b25c-3c2882bce06f,e2b5d1af-611f-418e-93d3-019b7b7ef4af,123,lembang,cikatomas pakidulan joszzz,,,20a73ac2-f227-44a5-9e29-bc90a26d22a2,19.00 - 20.00.mp4,
871,89797,truck,6tr_2sumbu,6TR_2sumbu,2-Axle Truck (Jumbo),6,2-Axle Truck,6TR_2sumbu,1,Line 1,normal,2852.6,85578,0.5843,142174c2-beba-409e-b25c-3c2882bce06f,e2b5d1af-611f-418e-93d3-019b7b7ef4af,123,lembang,cikatomas pakidulan joszzz,,,20a73ac2-f227-44a5-9e29-bc90a26d22a2,19.00 - 20.00.mp4,
872,89812,car,2mobil,2mobil,Car / Sedan,2,Sedan / jeep / station wagon,2mobil,2,Line 2,normal,2853.3667,85601,0.6748,142174c2-beba-409e-b25c-3c2882bce06f,e2b5d1af-611f-418e-93d3-019b7b7ef4af,123,lembang,cikatomas pakidulan joszzz,,,20a73ac2-f227-44a5-9e29-bc90a26d22a2,19.00 - 20.00.mp4,
873,89797,truck,6tr_2sumbu,6TR_2sumbu,2-Axle Truck (Jumbo),6,2-Axle Truck,6TR_2sumbu,2,Line 2,normal,2853.7667,85613,0.6812,142174c2-beba-409e-b25c-3c2882bce06f,e2b5d1af-611f-418e-93d3-019b7b7ef4af,123,lembang,cikatomas pakidulan joszzz,,,20a73ac2-f227-44a5-9e29-bc90a26d22a2,19.00 - 20.00.mp4,
874,90138,car,2mobil,2mobil,Car / Sedan,2,Sedan / jeep / station wagon,2mobil,2,Line 2,opposite,2866.2333,85987,0.5116,142174c2-beba-409e-b25c-3c2882bce06f,e2b5d1af-611f-418e-93d3-019b7b7ef4af,123,lembang,cikatomas pakidulan joszzz,,,20a73ac2-f227-44a5-9e29-bc90a26d22a2,19.00 - 20.00.mp4,
875,90257,truck,6tr_2sumbu,6TR_2sumbu,2-Axle Truck (Jumbo),6,2-Axle Truck,6TR_2sumbu,2,Line 2,normal,2868.7333,86062,0.361,142174c2-beba-409e-b25c-3c2882bce06f,e2b5d1af-611f-418e-93d3-019b7b7ef4af,123,lembang,cikatomas pakidulan joszzz,,,20a73ac2-f227-44a5-9e29-bc90a26d22a2,19.00 - 20.00.mp4,
876,90356,truck,4pickupmicro,4PickupMicro,Pickup / Micro Truck,4,Pickup / micro truck / delivery,4PickupMicro,2,Line 2,opposite,2871.4,86142,0.387,142174c2-beba-409e-b25c-3c2882bce06f,e2b5d1af-611f-418e-93d3-019b7b7ef4af,123,lembang,cikatomas pakidulan joszzz,,,20a73ac2-f227-44a5-9e29-bc90a26d22a2,19.00 - 20.00.mp4,
877,90437,truck,4pickupmicro,4PickupMicro,Pickup / Micro Truck,4,Pickup / micro truck / delivery,4PickupMicro,2,Line 2,opposite,2873.0333,86191,0.5202,142174c2-beba-409e-b25c-3c2882bce06f,e2b5d1af-611f-418e-93d3-019b7b7ef4af,123,lembang,cikatomas pakidulan joszzz,,,20a73ac2-f227-44a5-9e29-bc90a26d22a2,19.00 - 20.00.mp4,
878,90541,truck,4pickupmicro,4PickupMicro,Pickup / Micro Truck,4,Pickup / micro truck / delivery,4PickupMicro,2,Line 2,normal,2875.6,86268,0.6049,142174c2-beba-409e-b25c-3c2882bce06f,e2b5d1af-611f-418e-93d3-019b7b7ef4af,123,lembang,cikatomas pakidulan joszzz,,,20a73ac2-f227-44a5-9e29-bc90a26d22a2,19.00 - 20.00.mp4,
879,90651,truck,6tr_2sumbu,6TR_2sumbu,2-Axle Truck (Jumbo),6,2-Axle Truck,6TR_2sumbu,2,Line 2,normal,2878.5333,86356,0.8446,142174c2-beba-409e-b25c-3c2882bce06f,e2b5d1af-611f-418e-93d3-019b7b7ef4af,123,lembang,cikatomas pakidulan joszzz,,,20a73ac2-f227-44a5-9e29-bc90a26d22a2,19.00 - 20.00.mp4,
880,90684,car,2mobil,2mobil,Car / Sedan,2,Sedan / jeep / station wagon,2mobil,2,Line 2,normal,2879.5,86385,0.8672,142174c2-beba-409e-b25c-3c2882bce06f,e2b5d1af-611f-418e-93d3-019b7b7ef4af,123,lembang,cikatomas pakidulan joszzz,,,20a73ac2-f227-44a5-9e29-bc90a26d22a2,19.00 - 20.00.mp4,
881,90732,truck,4pickupmicro,4PickupMicro,Pickup / Micro Truck,4,Pickup / micro truck / delivery,4PickupMicro,2,Line 2,normal,2880.6333,86419,0.7288,142174c2-beba-409e-b25c-3c2882bce06f,e2b5d1af-611f-418e-93d3-019b7b7ef4af,123,lembang,cikatomas pakidulan joszzz,,,20a73ac2-f227-44a5-9e29-bc90a26d22a2,19.00 - 20.00.mp4,
882,90960,truck,4pickupmicro,4PickupMicro,Pickup / Micro Truck,4,Pickup / micro truck / delivery,4PickupMicro,2,Line 2,normal,2886.4,86592,0.8275,142174c2-beba-409e-b25c-3c2882bce06f,e2b5d1af-611f-418e-93d3-019b7b7ef4af,123,lembang,cikatomas pakidulan joszzz,,,20a73ac2-f227-44a5-9e29-bc90a26d22a2,19.00 - 20.00.mp4,
883,91049,car,2mobil,2mobil,Car / Sedan,2,Sedan / jeep / station wagon,2mobil,2,Line 2,normal,2888.6333,86659,0.7665,142174c2-beba-409e-b25c-3c2882bce06f,e2b5d1af-611f-418e-93d3-019b7b7ef4af,123,lembang,cikatomas pakidulan joszzz,,,20a73ac2-f227-44a5-9e29-bc90a26d22a2,19.00 - 20.00.mp4,
884,91101,car,2mobil,2mobil,Car / Sedan,2,Sedan / jeep / station wagon,2mobil,2,Line 2,normal,2890.4667,86714,0.8446,142174c2-beba-409e-b25c-3c2882bce06f,e2b5d1af-611f-418e-93d3-019b7b7ef4af,123,lembang,cikatomas pakidulan joszzz,,,20a73ac2-f227-44a5-9e29-bc90a26d22a2,19.00 - 20.00.mp4,
885,91130,car,2mobil,2mobil,Car / Sedan,2,Sedan / jeep / station wagon,2mobil,2,Line 2,normal,2891.9333,86758,0.867,142174c2-beba-409e-b25c-3c2882bce06f,e2b5d1af-611f-418e-93d3-019b7b7ef4af,123,lembang,cikatomas pakidulan joszzz,,,20a73ac2-f227-44a5-9e29-bc90a26d22a2,19.00 - 20.00.mp4,
886,91137,car,2mobil,2mobil,Car / Sedan,2,Sedan / jeep / station wagon,2mobil,2,Line 2,normal,2892.1667,86765,0.39,142174c2-beba-409e-b25c-3c2882bce06f,e2b5d1af-611f-418e-93d3-019b7b7ef4af,123,lembang,cikatomas pakidulan joszzz,,,20a73ac2-f227-44a5-9e29-bc90a26d22a2,19.00 - 20.00.mp4,
887,91376,car,2mobil,2mobil,Car / Sedan,2,Sedan / jeep / station wagon,2mobil,2,Line 2,normal,2898.4,86952,0.7691,142174c2-beba-409e-b25c-3c2882bce06f,e2b5d1af-611f-418e-93d3-019b7b7ef4af,123,lembang,cikatomas pakidulan joszzz,,,20a73ac2-f227-44a5-9e29-bc90a26d22a2,19.00 - 20.00.mp4,
888,91389,car,2mobil,2mobil,Car / Sedan,2,Sedan / jeep / station wagon,2mobil,2,Line 2,opposite,2898.9,86967,0.7041,142174c2-beba-409e-b25c-3c2882bce06f,e2b5d1af-611f-418e-93d3-019b7b7ef4af,123,lembang,cikatomas pakidulan joszzz,,,20a73ac2-f227-44a5-9e29-bc90a26d22a2,19.00 - 20.00.mp4,
889,91583,car,2mobil,2mobil,Car / Sedan,2,Sedan / jeep / station wagon,2mobil,2,Line 2,opposite,2905.2333,87157,0.8048,142174c2-beba-409e-b25c-3c2882bce06f,e2b5d1af-611f-418e-93d3-019b7b7ef4af,123,lembang,cikatomas pakidulan joszzz,,,20a73ac2-f227-44a5-9e29-bc90a26d22a2,19.00 - 20.00.mp4,
890,91630,car,2mobil,2mobil,Car / Sedan,2,Sedan / jeep / station wagon,2mobil,2,Line 2,opposite,2906.3,87189,0.3741,142174c2-beba-409e-b25c-3c2882bce06f,e2b5d1af-611f-418e-93d3-019b7b7ef4af,123,lembang,cikatomas pakidulan joszzz,,,20a73ac2-f227-44a5-9e29-bc90a26d22a2,19.00 - 20.00.mp4,
891,91646,truck,7tr-3sumbu,7TR-3sumbu,3-Axle Truck (Jumbo),7,3-Axle Truck,7TR-3sumbu,2,Line 2,opposite,2907.5,87225,0.4601,142174c2-beba-409e-b25c-3c2882bce06f,e2b5d1af-611f-418e-93d3-019b7b7ef4af,123,lembang,cikatomas pakidulan joszzz,,,20a73ac2-f227-44a5-9e29-bc90a26d22a2,19.00 - 20.00.mp4,
892,91815,car,2mobil,2mobil,Car / Sedan,2,Sedan / jeep / station wagon,2mobil,2,Line 2,normal,2911.0,87330,0.8725,142174c2-beba-409e-b25c-3c2882bce06f,e2b5d1af-611f-418e-93d3-019b7b7ef4af,123,lembang,cikatomas pakidulan joszzz,,,20a73ac2-f227-44a5-9e29-bc90a26d22a2,19.00 - 20.00.mp4,
893,92081,car,2mobil,2mobil,Car / Sedan,2,Sedan / jeep / station wagon,2mobil,2,Line 2,normal,2920.3667,87611,0.8801,142174c2-beba-409e-b25c-3c2882bce06f,e2b5d1af-611f-418e-93d3-019b7b7ef4af,123,lembang,cikatomas pakidulan joszzz,,,20a73ac2-f227-44a5-9e29-bc90a26d22a2,19.00 - 20.00.mp4,
894,92205,car,2mobil,2mobil,Car / Sedan,2,Sedan / jeep / station wagon,2mobil,2,Line 2,normal,2923.6,87708,0.5922,142174c2-beba-409e-b25c-3c2882bce06f,e2b5d1af-611f-418e-93d3-019b7b7ef4af,123,lembang,cikatomas pakidulan joszzz,,,20a73ac2-f227-44a5-9e29-bc90a26d22a2,19.00 - 20.00.mp4,
895,92244,car,2mobil,2mobil,Car / Sedan,2,Sedan / jeep / station wagon,2mobil,2,Line 2,opposite,2926.1333,87784,0.8512,142174c2-beba-409e-b25c-3c2882bce06f,e2b5d1af-611f-418e-93d3-019b7b7ef4af,123,lembang,cikatomas pakidulan joszzz,,,20a73ac2-f227-44a5-9e29-bc90a26d22a2,19.00 - 20.00.mp4,
896,92305,car,2mobil,2mobil,Car / Sedan,2,Sedan / jeep / station wagon,2mobil,2,Line 2,opposite,2927.3667,87821,0.8737,142174c2-beba-409e-b25c-3c2882bce06f,e2b5d1af-611f-418e-93d3-019b7b7ef4af,123,lembang,cikatomas pakidulan joszzz,,,20a73ac2-f227-44a5-9e29-bc90a26d22a2,19.00 - 20.00.mp4,
897,92412,truck,6tr_2sumbu,6TR_2sumbu,2-Axle Truck (Jumbo),6,2-Axle Truck,6TR_2sumbu,2,Line 2,opposite,2931.4667,87944,0.8453,142174c2-beba-409e-b25c-3c2882bce06f,e2b5d1af-611f-418e-93d3-019b7b7ef4af,123,lembang,cikatomas pakidulan joszzz,,,20a73ac2-f227-44a5-9e29-bc90a26d22a2,19.00 - 20.00.mp4,
898,92541,car,2mobil,2mobil,Car / Sedan,2,Sedan / jeep / station wagon,2mobil,2,Line 2,normal,2934.0667,88022,0.715,142174c2-beba-409e-b25c-3c2882bce06f,e2b5d1af-611f-418e-93d3-019b7b7ef4af,123,lembang,cikatomas pakidulan joszzz,,,20a73ac2-f227-44a5-9e29-bc90a26d22a2,19.00 - 20.00.mp4,
899,92545,truck,4pickupmicro,4PickupMicro,Pickup / Micro Truck,4,Pickup / micro truck / delivery,4PickupMicro,1,Line 1,normal,2934.9,88047,0.5336,142174c2-beba-409e-b25c-3c2882bce06f,e2b5d1af-611f-418e-93d3-019b7b7ef4af,123,lembang,cikatomas pakidulan joszzz,,,20a73ac2-f227-44a5-9e29-bc90a26d22a2,19.00 - 20.00.mp4,
900,92545,truck,6tr_2sumbu,6TR_2sumbu,2-Axle Truck (Jumbo),6,2-Axle Truck,6TR_2sumbu,2,Line 2,normal,2936.5,88095,0.8653,142174c2-beba-409e-b25c-3c2882bce06f,e2b5d1af-611f-418e-93d3-019b7b7ef4af,123,lembang,cikatomas pakidulan joszzz,,,20a73ac2-f227-44a5-9e29-bc90a26d22a2,19.00 - 20.00.mp4,
901,92599,car,2mobil,2mobil,Car / Sedan,2,Sedan / jeep / station wagon,2mobil,2,Line 2,opposite,2936.5333,88096,0.8688,142174c2-beba-409e-b25c-3c2882bce06f,e2b5d1af-611f-418e-93d3-019b7b7ef4af,123,lembang,cikatomas pakidulan joszzz,,,20a73ac2-f227-44a5-9e29-bc90a26d22a2,19.00 - 20.00.mp4,
902,92735,car,2mobil,2mobil,Car / Sedan,2,Sedan / jeep / station wagon,2mobil,2,Line 2,opposite,2939.8,88194,0.8489,142174c2-beba-409e-b25c-3c2882bce06f,e2b5d1af-611f-418e-93d3-019b7b7ef4af,123,lembang,cikatomas pakidulan joszzz,,,20a73ac2-f227-44a5-9e29-bc90a26d22a2,19.00 - 20.00.mp4,
903,93543,car,2mobil,2mobil,Car / Sedan,2,Sedan / jeep / station wagon,2mobil,2,Line 2,opposite,2970.9,89127,0.6317,142174c2-beba-409e-b25c-3c2882bce06f,e2b5d1af-611f-418e-93d3-019b7b7ef4af,123,lembang,cikatomas pakidulan joszzz,,,20a73ac2-f227-44a5-9e29-bc90a26d22a2,19.00 - 20.00.mp4,
904,93556,car,3ang_umum,3ang_umum,Public Transportation (Angkot),3,Medium passenger vehicle,3Ang_umum,2,Line 2,opposite,2971.6333,89149,0.8445,142174c2-beba-409e-b25c-3c2882bce06f,e2b5d1af-611f-418e-93d3-019b7b7ef4af,123,lembang,cikatomas pakidulan joszzz,,,20a73ac2-f227-44a5-9e29-bc90a26d22a2,19.00 - 20.00.mp4,
905,93635,car,2mobil,2mobil,Car / Sedan,2,Sedan / jeep / station wagon,2mobil,2,Line 2,opposite,2973.9,89217,0.3315,142174c2-beba-409e-b25c-3c2882bce06f,e2b5d1af-611f-418e-93d3-019b7b7ef4af,123,lembang,cikatomas pakidulan joszzz,,,20a73ac2-f227-44a5-9e29-bc90a26d22a2,19.00 - 20.00.mp4,
906,93704,car,2mobil,2mobil,Car / Sedan,2,Sedan / jeep / station wagon,2mobil,2,Line 2,opposite,2976.3333,89290,0.7912,142174c2-beba-409e-b25c-3c2882bce06f,e2b5d1af-611f-418e-93d3-019b7b7ef4af,123,lembang,cikatomas pakidulan joszzz,,,20a73ac2-f227-44a5-9e29-bc90a26d22a2,19.00 - 20.00.mp4,
907,93752,truck,6tr_2sumbu,6TR_2sumbu,2-Axle Truck (Jumbo),6,2-Axle Truck,6TR_2sumbu,2,Line 2,opposite,2981.5667,89447,0.832,142174c2-beba-409e-b25c-3c2882bce06f,e2b5d1af-611f-418e-93d3-019b7b7ef4af,123,lembang,cikatomas pakidulan joszzz,,,20a73ac2-f227-44a5-9e29-bc90a26d22a2,19.00 - 20.00.mp4,
908,93956,truck,6tr_2sumbu,6TR_2sumbu,2-Axle Truck (Jumbo),6,2-Axle Truck,6TR_2sumbu,2,Line 2,opposite,2985.3,89559,0.9147,142174c2-beba-409e-b25c-3c2882bce06f,e2b5d1af-611f-418e-93d3-019b7b7ef4af,123,lembang,cikatomas pakidulan joszzz,,,20a73ac2-f227-44a5-9e29-bc90a26d22a2,19.00 - 20.00.mp4,
909,93956,truck,6tr_2sumbu,6TR_2sumbu,2-Axle Truck (Jumbo),6,2-Axle Truck,6TR_2sumbu,1,Line 1,opposite,2986.5,89595,0.7874,142174c2-beba-409e-b25c-3c2882bce06f,e2b5d1af-611f-418e-93d3-019b7b7ef4af,123,lembang,cikatomas pakidulan joszzz,,,20a73ac2-f227-44a5-9e29-bc90a26d22a2,19.00 - 20.00.mp4,
910,94078,truck,6tr_2sumbu,6TR_2sumbu,2-Axle Truck (Jumbo),6,2-Axle Truck,6TR_2sumbu,2,Line 2,normal,2989.0,89670,0.6953,142174c2-beba-409e-b25c-3c2882bce06f,e2b5d1af-611f-418e-93d3-019b7b7ef4af,123,lembang,cikatomas pakidulan joszzz,,,20a73ac2-f227-44a5-9e29-bc90a26d22a2,19.00 - 20.00.mp4,
911,94111,car,2mobil,2mobil,Car / Sedan,2,Sedan / jeep / station wagon,2mobil,2,Line 2,normal,2990.7,89721,0.7321,142174c2-beba-409e-b25c-3c2882bce06f,e2b5d1af-611f-418e-93d3-019b7b7ef4af,123,lembang,cikatomas pakidulan joszzz,,,20a73ac2-f227-44a5-9e29-bc90a26d22a2,19.00 - 20.00.mp4,
912,94223,car,2mobil,2mobil,Car / Sedan,2,Sedan / jeep / station wagon,2mobil,2,Line 2,opposite,2995.9,89877,0.7053,142174c2-beba-409e-b25c-3c2882bce06f,e2b5d1af-611f-418e-93d3-019b7b7ef4af,123,lembang,cikatomas pakidulan joszzz,,,20a73ac2-f227-44a5-9e29-bc90a26d22a2,19.00 - 20.00.mp4,
913,94198,truck,6tr_2sumbu,6TR_2sumbu,2-Axle Truck (Jumbo),6,2-Axle Truck,6TR_2sumbu,2,Line 2,opposite,2996.9,89907,0.5153,142174c2-beba-409e-b25c-3c2882bce06f,e2b5d1af-611f-418e-93d3-019b7b7ef4af,123,lembang,cikatomas pakidulan joszzz,,,20a73ac2-f227-44a5-9e29-bc90a26d22a2,19.00 - 20.00.mp4,
914,94533,car,2mobil,2mobil,Car / Sedan,2,Sedan / jeep / station wagon,2mobil,2,Line 2,normal,3006.3667,90191,0.7956,142174c2-beba-409e-b25c-3c2882bce06f,e2b5d1af-611f-418e-93d3-019b7b7ef4af,123,lembang,cikatomas pakidulan joszzz,,,20a73ac2-f227-44a5-9e29-bc90a26d22a2,19.00 - 20.00.mp4,
915,94539,truck,6tr_2sumbu,6TR_2sumbu,2-Axle Truck (Jumbo),6,2-Axle Truck,6TR_2sumbu,2,Line 2,opposite,3007.6667,90230,0.355,142174c2-beba-409e-b25c-3c2882bce06f,e2b5d1af-611f-418e-93d3-019b7b7ef4af,123,lembang,cikatomas pakidulan joszzz,,,20a73ac2-f227-44a5-9e29-bc90a26d22a2,19.00 - 20.00.mp4,
916,94740,car,2mobil,2mobil,Car / Sedan,2,Sedan / jeep / station wagon,2mobil,2,Line 2,normal,3012.0667,90362,0.8355,142174c2-beba-409e-b25c-3c2882bce06f,e2b5d1af-611f-418e-93d3-019b7b7ef4af,123,lembang,cikatomas pakidulan joszzz,,,20a73ac2-f227-44a5-9e29-bc90a26d22a2,19.00 - 20.00.mp4,
917,94849,car,2mobil,2mobil,Car / Sedan,2,Sedan / jeep / station wagon,2mobil,2,Line 2,normal,3015.2667,90458,0.5089,142174c2-beba-409e-b25c-3c2882bce06f,e2b5d1af-611f-418e-93d3-019b7b7ef4af,123,lembang,cikatomas pakidulan joszzz,,,20a73ac2-f227-44a5-9e29-bc90a26d22a2,19.00 - 20.00.mp4,
918,94903,truck,6tr_2sumbu,6TR_2sumbu,2-Axle Truck (Jumbo),6,2-Axle Truck,6TR_2sumbu,2,Line 2,normal,3017.6667,90530,0.4191,142174c2-beba-409e-b25c-3c2882bce06f,e2b5d1af-611f-418e-93d3-019b7b7ef4af,123,lembang,cikatomas pakidulan joszzz,,,20a73ac2-f227-44a5-9e29-bc90a26d22a2,19.00 - 20.00.mp4,
919,94944,truck,6tr_2sumbu,6TR_2sumbu,2-Axle Truck (Jumbo),6,2-Axle Truck,6TR_2sumbu,2,Line 2,opposite,3019.7,90591,0.563,142174c2-beba-409e-b25c-3c2882bce06f,e2b5d1af-611f-418e-93d3-019b7b7ef4af,123,lembang,cikatomas pakidulan joszzz,,,20a73ac2-f227-44a5-9e29-bc90a26d22a2,19.00 - 20.00.mp4,
920,95097,car,2mobil,2mobil,Car / Sedan,2,Sedan / jeep / station wagon,2mobil,2,Line 2,opposite,3024.8,90744,0.8734,142174c2-beba-409e-b25c-3c2882bce06f,e2b5d1af-611f-418e-93d3-019b7b7ef4af,123,lembang,cikatomas pakidulan joszzz,,,20a73ac2-f227-44a5-9e29-bc90a26d22a2,19.00 - 20.00.mp4,
921,95138,truck,6tr_2sumbu,6TR_2sumbu,2-Axle Truck (Jumbo),6,2-Axle Truck,6TR_2sumbu,2,Line 2,normal,3027.0667,90812,0.8294,142174c2-beba-409e-b25c-3c2882bce06f,e2b5d1af-611f-418e-93d3-019b7b7ef4af,123,lembang,cikatomas pakidulan joszzz,,,20a73ac2-f227-44a5-9e29-bc90a26d22a2,19.00 - 20.00.mp4,
922,95130,truck,6tr_2sumbu,6TR_2sumbu,2-Axle Truck (Jumbo),6,2-Axle Truck,6TR_2sumbu,2,Line 2,opposite,3027.2667,90818,0.8352,142174c2-beba-409e-b25c-3c2882bce06f,e2b5d1af-611f-418e-93d3-019b7b7ef4af,123,lembang,cikatomas pakidulan joszzz,,,20a73ac2-f227-44a5-9e29-bc90a26d22a2,19.00 - 20.00.mp4,
923,95215,car,2mobil,2mobil,Car / Sedan,2,Sedan / jeep / station wagon,2mobil,2,Line 2,normal,3027.6,90828,0.6323,142174c2-beba-409e-b25c-3c2882bce06f,e2b5d1af-611f-418e-93d3-019b7b7ef4af,123,lembang,cikatomas pakidulan joszzz,,,20a73ac2-f227-44a5-9e29-bc90a26d22a2,19.00 - 20.00.mp4,
924,95256,car,2mobil,2mobil,Car / Sedan,2,Sedan / jeep / station wagon,2mobil,2,Line 2,normal,3029.6333,90889,0.7547,142174c2-beba-409e-b25c-3c2882bce06f,e2b5d1af-611f-418e-93d3-019b7b7ef4af,123,lembang,cikatomas pakidulan joszzz,,,20a73ac2-f227-44a5-9e29-bc90a26d22a2,19.00 - 20.00.mp4,
925,95340,car,2mobil,2mobil,Car / Sedan,2,Sedan / jeep / station wagon,2mobil,2,Line 2,normal,3031.6667,90950,0.7762,142174c2-beba-409e-b25c-3c2882bce06f,e2b5d1af-611f-418e-93d3-019b7b7ef4af,123,lembang,cikatomas pakidulan joszzz,,,20a73ac2-f227-44a5-9e29-bc90a26d22a2,19.00 - 20.00.mp4,
926,95436,truck,6tr_2sumbu,6TR_2sumbu,2-Axle Truck (Jumbo),6,2-Axle Truck,6TR_2sumbu,2,Line 2,opposite,3035.6333,91069,0.8702,142174c2-beba-409e-b25c-3c2882bce06f,e2b5d1af-611f-418e-93d3-019b7b7ef4af,123,lembang,cikatomas pakidulan joszzz,,,20a73ac2-f227-44a5-9e29-bc90a26d22a2,19.00 - 20.00.mp4,
927,95478,truck,6tr_2sumbu,6TR_2sumbu,2-Axle Truck (Jumbo),6,2-Axle Truck,6TR_2sumbu,2,Line 2,opposite,3035.7,91071,0.3738,142174c2-beba-409e-b25c-3c2882bce06f,e2b5d1af-611f-418e-93d3-019b7b7ef4af,123,lembang,cikatomas pakidulan joszzz,,,20a73ac2-f227-44a5-9e29-bc90a26d22a2,19.00 - 20.00.mp4,
928,95505,car,2mobil,2mobil,Car / Sedan,2,Sedan / jeep / station wagon,2mobil,2,Line 2,normal,3036.5,91095,0.8374,142174c2-beba-409e-b25c-3c2882bce06f,e2b5d1af-611f-418e-93d3-019b7b7ef4af,123,lembang,cikatomas pakidulan joszzz,,,20a73ac2-f227-44a5-9e29-bc90a26d22a2,19.00 - 20.00.mp4,
929,95569,truck,6tr_2sumbu,6TR_2sumbu,2-Axle Truck (Jumbo),6,2-Axle Truck,6TR_2sumbu,2,Line 2,opposite,3040.0333,91201,0.4645,142174c2-beba-409e-b25c-3c2882bce06f,e2b5d1af-611f-418e-93d3-019b7b7ef4af,123,lembang,cikatomas pakidulan joszzz,,,20a73ac2-f227-44a5-9e29-bc90a26d22a2,19.00 - 20.00.mp4,
930,96068,car,2mobil,2mobil,Car / Sedan,2,Sedan / jeep / station wagon,2mobil,2,Line 2,normal,3056.1,91683,0.6651,142174c2-beba-409e-b25c-3c2882bce06f,e2b5d1af-611f-418e-93d3-019b7b7ef4af,123,lembang,cikatomas pakidulan joszzz,,,20a73ac2-f227-44a5-9e29-bc90a26d22a2,19.00 - 20.00.mp4,
931,96150,car,2mobil,2mobil,Car / Sedan,2,Sedan / jeep / station wagon,2mobil,2,Line 2,normal,3059.0667,91772,0.8128,142174c2-beba-409e-b25c-3c2882bce06f,e2b5d1af-611f-418e-93d3-019b7b7ef4af,123,lembang,cikatomas pakidulan joszzz,,,20a73ac2-f227-44a5-9e29-bc90a26d22a2,19.00 - 20.00.mp4,
932,96305,car,2mobil,2mobil,Car / Sedan,2,Sedan / jeep / station wagon,2mobil,2,Line 2,normal,3061.4667,91844,0.7285,142174c2-beba-409e-b25c-3c2882bce06f,e2b5d1af-611f-418e-93d3-019b7b7ef4af,123,lembang,cikatomas pakidulan joszzz,,,20a73ac2-f227-44a5-9e29-bc90a26d22a2,19.00 - 20.00.mp4,
933,96732,car,2mobil,2mobil,Car / Sedan,2,Sedan / jeep / station wagon,2mobil,2,Line 2,normal,3076.8,92304,0.7644,142174c2-beba-409e-b25c-3c2882bce06f,e2b5d1af-611f-418e-93d3-019b7b7ef4af,123,lembang,cikatomas pakidulan joszzz,,,20a73ac2-f227-44a5-9e29-bc90a26d22a2,19.00 - 20.00.mp4,
934,96859,car,2mobil,2mobil,Car / Sedan,2,Sedan / jeep / station wagon,2mobil,2,Line 2,normal,3082.8333,92485,0.8045,142174c2-beba-409e-b25c-3c2882bce06f,e2b5d1af-611f-418e-93d3-019b7b7ef4af,123,lembang,cikatomas pakidulan joszzz,,,20a73ac2-f227-44a5-9e29-bc90a26d22a2,19.00 - 20.00.mp4,
935,96860,car,2mobil,2mobil,Car / Sedan,2,Sedan / jeep / station wagon,2mobil,2,Line 2,normal,3082.8667,92486,0.8625,142174c2-beba-409e-b25c-3c2882bce06f,e2b5d1af-611f-418e-93d3-019b7b7ef4af,123,lembang,cikatomas pakidulan joszzz,,,20a73ac2-f227-44a5-9e29-bc90a26d22a2,19.00 - 20.00.mp4,
936,97066,car,2mobil,2mobil,Car / Sedan,2,Sedan / jeep / station wagon,2mobil,2,Line 2,opposite,3091.3333,92740,0.6682,142174c2-beba-409e-b25c-3c2882bce06f,e2b5d1af-611f-418e-93d3-019b7b7ef4af,123,lembang,cikatomas pakidulan joszzz,,,20a73ac2-f227-44a5-9e29-bc90a26d22a2,19.00 - 20.00.mp4,
937,97120,truck,4pickupmicro,4PickupMicro,Pickup / Micro Truck,4,Pickup / micro truck / delivery,4PickupMicro,2,Line 2,opposite,3094.5,92835,0.7588,142174c2-beba-409e-b25c-3c2882bce06f,e2b5d1af-611f-418e-93d3-019b7b7ef4af,123,lembang,cikatomas pakidulan joszzz,,,20a73ac2-f227-44a5-9e29-bc90a26d22a2,19.00 - 20.00.mp4,
938,97262,car,2mobil,2mobil,Car / Sedan,2,Sedan / jeep / station wagon,2mobil,2,Line 2,opposite,3099.6333,92989,0.5105,142174c2-beba-409e-b25c-3c2882bce06f,e2b5d1af-611f-418e-93d3-019b7b7ef4af,123,lembang,cikatomas pakidulan joszzz,,,20a73ac2-f227-44a5-9e29-bc90a26d22a2,19.00 - 20.00.mp4,
939,97329,truck,7tr-3sumbu,7TR-3sumbu,3-Axle Truck (Jumbo),7,3-Axle Truck,7TR-3sumbu,2,Line 2,opposite,3101.4333,93043,0.4423,142174c2-beba-409e-b25c-3c2882bce06f,e2b5d1af-611f-418e-93d3-019b7b7ef4af,123,lembang,cikatomas pakidulan joszzz,,,20a73ac2-f227-44a5-9e29-bc90a26d22a2,19.00 - 20.00.mp4,
940,97498,truck,4pickupmicro,4PickupMicro,Pickup / Micro Truck,4,Pickup / micro truck / delivery,4PickupMicro,2,Line 2,normal,3107.3333,93220,0.3997,142174c2-beba-409e-b25c-3c2882bce06f,e2b5d1af-611f-418e-93d3-019b7b7ef4af,123,lembang,cikatomas pakidulan joszzz,,,20a73ac2-f227-44a5-9e29-bc90a26d22a2,19.00 - 20.00.mp4,
941,97521,truck,6tr_2sumbu,6TR_2sumbu,2-Axle Truck (Jumbo),6,2-Axle Truck,6TR_2sumbu,2,Line 2,opposite,3110.2667,93308,0.8119,142174c2-beba-409e-b25c-3c2882bce06f,e2b5d1af-611f-418e-93d3-019b7b7ef4af,123,lembang,cikatomas pakidulan joszzz,,,20a73ac2-f227-44a5-9e29-bc90a26d22a2,19.00 - 20.00.mp4,
942,97545,truck,6tr_2sumbu,6TR_2sumbu,2-Axle Truck (Jumbo),6,2-Axle Truck,6TR_2sumbu,2,Line 2,normal,3110.8,93324,0.8047,142174c2-beba-409e-b25c-3c2882bce06f,e2b5d1af-611f-418e-93d3-019b7b7ef4af,123,lembang,cikatomas pakidulan joszzz,,,20a73ac2-f227-44a5-9e29-bc90a26d22a2,19.00 - 20.00.mp4,
943,97553,car,3ang_umum,3ang_umum,Public Transportation (Angkot),3,Medium passenger vehicle,3Ang_umum,2,Line 2,opposite,3110.8667,93326,0.3387,142174c2-beba-409e-b25c-3c2882bce06f,e2b5d1af-611f-418e-93d3-019b7b7ef4af,123,lembang,cikatomas pakidulan joszzz,,,20a73ac2-f227-44a5-9e29-bc90a26d22a2,19.00 - 20.00.mp4,
944,97637,car,2mobil,2mobil,Car / Sedan,2,Sedan / jeep / station wagon,2mobil,2,Line 2,opposite,3112.7667,93383,0.5995,142174c2-beba-409e-b25c-3c2882bce06f,e2b5d1af-611f-418e-93d3-019b7b7ef4af,123,lembang,cikatomas pakidulan joszzz,,,20a73ac2-f227-44a5-9e29-bc90a26d22a2,19.00 - 20.00.mp4,
945,97787,car,2mobil,2mobil,Car / Sedan,2,Sedan / jeep / station wagon,2mobil,2,Line 2,opposite,3120.2333,93607,0.8338,142174c2-beba-409e-b25c-3c2882bce06f,e2b5d1af-611f-418e-93d3-019b7b7ef4af,123,lembang,cikatomas pakidulan joszzz,,,20a73ac2-f227-44a5-9e29-bc90a26d22a2,19.00 - 20.00.mp4,
946,97795,truck,4pickupmicro,4PickupMicro,Pickup / Micro Truck,4,Pickup / micro truck / delivery,4PickupMicro,2,Line 2,opposite,3121.4,93642,0.4772,142174c2-beba-409e-b25c-3c2882bce06f,e2b5d1af-611f-418e-93d3-019b7b7ef4af,123,lembang,cikatomas pakidulan joszzz,,,20a73ac2-f227-44a5-9e29-bc90a26d22a2,19.00 - 20.00.mp4,
947,98007,truck,4pickupmicro,4PickupMicro,Pickup / Micro Truck,4,Pickup / micro truck / delivery,4PickupMicro,2,Line 2,opposite,3126.6667,93800,0.7839,142174c2-beba-409e-b25c-3c2882bce06f,e2b5d1af-611f-418e-93d3-019b7b7ef4af,123,lembang,cikatomas pakidulan joszzz,,,20a73ac2-f227-44a5-9e29-bc90a26d22a2,19.00 - 20.00.mp4,
948,98243,car,2mobil,2mobil,Car / Sedan,2,Sedan / jeep / station wagon,2mobil,2,Line 2,normal,3133.1333,93994,0.8572,142174c2-beba-409e-b25c-3c2882bce06f,e2b5d1af-611f-418e-93d3-019b7b7ef4af,123,lembang,cikatomas pakidulan joszzz,,,20a73ac2-f227-44a5-9e29-bc90a26d22a2,19.00 - 20.00.mp4,
949,98257,truck,6tr_2sumbu,6TR_2sumbu,2-Axle Truck (Jumbo),6,2-Axle Truck,6TR_2sumbu,2,Line 2,opposite,3134.4333,94033,0.6027,142174c2-beba-409e-b25c-3c2882bce06f,e2b5d1af-611f-418e-93d3-019b7b7ef4af,123,lembang,cikatomas pakidulan joszzz,,,20a73ac2-f227-44a5-9e29-bc90a26d22a2,19.00 - 20.00.mp4,
950,98337,truck,6tr_2sumbu,6TR_2sumbu,2-Axle Truck (Jumbo),6,2-Axle Truck,6TR_2sumbu,2,Line 2,normal,3135.6667,94070,0.9079,142174c2-beba-409e-b25c-3c2882bce06f,e2b5d1af-611f-418e-93d3-019b7b7ef4af,123,lembang,cikatomas pakidulan joszzz,,,20a73ac2-f227-44a5-9e29-bc90a26d22a2,19.00 - 20.00.mp4,
951,98419,truck,6tr_2sumbu,6TR_2sumbu,2-Axle Truck (Jumbo),6,2-Axle Truck,6TR_2sumbu,2,Line 2,opposite,3139.4667,94184,0.8728,142174c2-beba-409e-b25c-3c2882bce06f,e2b5d1af-611f-418e-93d3-019b7b7ef4af,123,lembang,cikatomas pakidulan joszzz,,,20a73ac2-f227-44a5-9e29-bc90a26d22a2,19.00 - 20.00.mp4,
952,98479,car,2mobil,2mobil,Car / Sedan,2,Sedan / jeep / station wagon,2mobil,2,Line 2,opposite,3140.7667,94223,0.6532,142174c2-beba-409e-b25c-3c2882bce06f,e2b5d1af-611f-418e-93d3-019b7b7ef4af,123,lembang,cikatomas pakidulan joszzz,,,20a73ac2-f227-44a5-9e29-bc90a26d22a2,19.00 - 20.00.mp4,
953,98517,truck,6tr_2sumbu,6TR_2sumbu,2-Axle Truck (Jumbo),6,2-Axle Truck,6TR_2sumbu,2,Line 2,opposite,3142.7,94281,0.9082,142174c2-beba-409e-b25c-3c2882bce06f,e2b5d1af-611f-418e-93d3-019b7b7ef4af,123,lembang,cikatomas pakidulan joszzz,,,20a73ac2-f227-44a5-9e29-bc90a26d22a2,19.00 - 20.00.mp4,
954,98541,car,2mobil,2mobil,Car / Sedan,2,Sedan / jeep / station wagon,2mobil,2,Line 2,opposite,3143.9667,94319,0.7212,142174c2-beba-409e-b25c-3c2882bce06f,e2b5d1af-611f-418e-93d3-019b7b7ef4af,123,lembang,cikatomas pakidulan joszzz,,,20a73ac2-f227-44a5-9e29-bc90a26d22a2,19.00 - 20.00.mp4,
955,98517,truck,6tr_2sumbu,6TR_2sumbu,2-Axle Truck (Jumbo),6,2-Axle Truck,6TR_2sumbu,1,Line 1,opposite,3144.1667,94325,0.705,142174c2-beba-409e-b25c-3c2882bce06f,e2b5d1af-611f-418e-93d3-019b7b7ef4af,123,lembang,cikatomas pakidulan joszzz,,,20a73ac2-f227-44a5-9e29-bc90a26d22a2,19.00 - 20.00.mp4,
956,98575,car,2mobil,2mobil,Car / Sedan,2,Sedan / jeep / station wagon,2mobil,2,Line 2,normal,3144.4667,94334,0.8237,142174c2-beba-409e-b25c-3c2882bce06f,e2b5d1af-611f-418e-93d3-019b7b7ef4af,123,lembang,cikatomas pakidulan joszzz,,,20a73ac2-f227-44a5-9e29-bc90a26d22a2,19.00 - 20.00.mp4,
957,98572,car,2mobil,2mobil,Car / Sedan,2,Sedan / jeep / station wagon,2mobil,2,Line 2,opposite,3144.7667,94343,0.597,142174c2-beba-409e-b25c-3c2882bce06f,e2b5d1af-611f-418e-93d3-019b7b7ef4af,123,lembang,cikatomas pakidulan joszzz,,,20a73ac2-f227-44a5-9e29-bc90a26d22a2,19.00 - 20.00.mp4,
958,98686,car,2mobil,2mobil,Car / Sedan,2,Sedan / jeep / station wagon,2mobil,2,Line 2,opposite,3149.8,94494,0.8128,142174c2-beba-409e-b25c-3c2882bce06f,e2b5d1af-611f-418e-93d3-019b7b7ef4af,123,lembang,cikatomas pakidulan joszzz,,,20a73ac2-f227-44a5-9e29-bc90a26d22a2,19.00 - 20.00.mp4,
959,98770,truck,6tr_2sumbu,6TR_2sumbu,2-Axle Truck (Jumbo),6,2-Axle Truck,6TR_2sumbu,2,Line 2,opposite,3153.8667,94616,0.849,142174c2-beba-409e-b25c-3c2882bce06f,e2b5d1af-611f-418e-93d3-019b7b7ef4af,123,lembang,cikatomas pakidulan joszzz,,,20a73ac2-f227-44a5-9e29-bc90a26d22a2,19.00 - 20.00.mp4,
960,99030,bus,5bus,5Bus,Bus,5,Bus,5Bus,2,Line 2,opposite,3161.8333,94855,0.867,142174c2-beba-409e-b25c-3c2882bce06f,e2b5d1af-611f-418e-93d3-019b7b7ef4af,123,lembang,cikatomas pakidulan joszzz,,,20a73ac2-f227-44a5-9e29-bc90a26d22a2,19.00 - 20.00.mp4,
961,99433,truck,4pickupmicro,4PickupMicro,Pickup / Micro Truck,4,Pickup / micro truck / delivery,4PickupMicro,2,Line 2,opposite,3173.2333,95197,0.7799,142174c2-beba-409e-b25c-3c2882bce06f,e2b5d1af-611f-418e-93d3-019b7b7ef4af,123,lembang,cikatomas pakidulan joszzz,,,20a73ac2-f227-44a5-9e29-bc90a26d22a2,19.00 - 20.00.mp4,
962,99639,truck,6tr_2sumbu,6TR_2sumbu,2-Axle Truck (Jumbo),6,2-Axle Truck,6TR_2sumbu,2,Line 2,opposite,3181.3,95439,0.8572,142174c2-beba-409e-b25c-3c2882bce06f,e2b5d1af-611f-418e-93d3-019b7b7ef4af,123,lembang,cikatomas pakidulan joszzz,,,20a73ac2-f227-44a5-9e29-bc90a26d22a2,19.00 - 20.00.mp4,
963,99719,truck,6tr_2sumbu,6TR_2sumbu,2-Axle Truck (Jumbo),6,2-Axle Truck,6TR_2sumbu,2,Line 2,opposite,3182.2667,95468,0.8894,142174c2-beba-409e-b25c-3c2882bce06f,e2b5d1af-611f-418e-93d3-019b7b7ef4af,123,lembang,cikatomas pakidulan joszzz,,,20a73ac2-f227-44a5-9e29-bc90a26d22a2,19.00 - 20.00.mp4,
964,99802,car,2mobil,2mobil,Car / Sedan,2,Sedan / jeep / station wagon,2mobil,2,Line 2,opposite,3185.8333,95575,0.854,142174c2-beba-409e-b25c-3c2882bce06f,e2b5d1af-611f-418e-93d3-019b7b7ef4af,123,lembang,cikatomas pakidulan joszzz,,,20a73ac2-f227-44a5-9e29-bc90a26d22a2,19.00 - 20.00.mp4,
965,99962,truck,6tr_2sumbu,6TR_2sumbu,2-Axle Truck (Jumbo),6,2-Axle Truck,6TR_2sumbu,2,Line 2,normal,3189.5,95685,0.8436,142174c2-beba-409e-b25c-3c2882bce06f,e2b5d1af-611f-418e-93d3-019b7b7ef4af,123,lembang,cikatomas pakidulan joszzz,,,20a73ac2-f227-44a5-9e29-bc90a26d22a2,19.00 - 20.00.mp4,
966,99945,car,2mobil,2mobil,Car / Sedan,2,Sedan / jeep / station wagon,2mobil,2,Line 2,opposite,3189.8667,95696,0.6531,142174c2-beba-409e-b25c-3c2882bce06f,e2b5d1af-611f-418e-93d3-019b7b7ef4af,123,lembang,cikatomas pakidulan joszzz,,,20a73ac2-f227-44a5-9e29-bc90a26d22a2,19.00 - 20.00.mp4,
967,100056,car,2mobil,2mobil,Car / Sedan,2,Sedan / jeep / station wagon,2mobil,2,Line 2,normal,3192.0,95760,0.7313,142174c2-beba-409e-b25c-3c2882bce06f,e2b5d1af-611f-418e-93d3-019b7b7ef4af,123,lembang,cikatomas pakidulan joszzz,,,20a73ac2-f227-44a5-9e29-bc90a26d22a2,19.00 - 20.00.mp4,
968,100160,car,2mobil,2mobil,Car / Sedan,2,Sedan / jeep / station wagon,2mobil,2,Line 2,normal,3194.5,95835,0.8682,142174c2-beba-409e-b25c-3c2882bce06f,e2b5d1af-611f-418e-93d3-019b7b7ef4af,123,lembang,cikatomas pakidulan joszzz,,,20a73ac2-f227-44a5-9e29-bc90a26d22a2,19.00 - 20.00.mp4,
969,100188,truck,6tr_2sumbu,6TR_2sumbu,2-Axle Truck (Jumbo),6,2-Axle Truck,6TR_2sumbu,2,Line 2,normal,3195.6333,95869,0.8279,142174c2-beba-409e-b25c-3c2882bce06f,e2b5d1af-611f-418e-93d3-019b7b7ef4af,123,lembang,cikatomas pakidulan joszzz,,,20a73ac2-f227-44a5-9e29-bc90a26d22a2,19.00 - 20.00.mp4,
970,100237,truck,6tr_2sumbu,6TR_2sumbu,2-Axle Truck (Jumbo),6,2-Axle Truck,6TR_2sumbu,2,Line 2,normal,3197.4333,95923,0.7876,142174c2-beba-409e-b25c-3c2882bce06f,e2b5d1af-611f-418e-93d3-019b7b7ef4af,123,lembang,cikatomas pakidulan joszzz,,,20a73ac2-f227-44a5-9e29-bc90a26d22a2,19.00 - 20.00.mp4,
971,100412,truck,6tr_2sumbu,6TR_2sumbu,2-Axle Truck (Jumbo),6,2-Axle Truck,6TR_2sumbu,2,Line 2,normal,3201.4,96042,0.6522,142174c2-beba-409e-b25c-3c2882bce06f,e2b5d1af-611f-418e-93d3-019b7b7ef4af,123,lembang,cikatomas pakidulan joszzz,,,20a73ac2-f227-44a5-9e29-bc90a26d22a2,19.00 - 20.00.mp4,
972,100585,truck,6tr_2sumbu,6TR_2sumbu,2-Axle Truck (Jumbo),6,2-Axle Truck,6TR_2sumbu,2,Line 2,normal,3204.5667,96137,0.4446,142174c2-beba-409e-b25c-3c2882bce06f,e2b5d1af-611f-418e-93d3-019b7b7ef4af,123,lembang,cikatomas pakidulan joszzz,,,20a73ac2-f227-44a5-9e29-bc90a26d22a2,19.00 - 20.00.mp4,
973,100594,bus,5bus,5Bus,Bus,5,Bus,5Bus,2,Line 2,normal,3205.0667,96152,0.7618,142174c2-beba-409e-b25c-3c2882bce06f,e2b5d1af-611f-418e-93d3-019b7b7ef4af,123,lembang,cikatomas pakidulan joszzz,,,20a73ac2-f227-44a5-9e29-bc90a26d22a2,19.00 - 20.00.mp4,
974,100873,car,2mobil,2mobil,Car / Sedan,2,Sedan / jeep / station wagon,2mobil,2,Line 2,normal,3210.5,96315,0.8409,142174c2-beba-409e-b25c-3c2882bce06f,e2b5d1af-611f-418e-93d3-019b7b7ef4af,123,lembang,cikatomas pakidulan joszzz,,,20a73ac2-f227-44a5-9e29-bc90a26d22a2,19.00 - 20.00.mp4,
975,100845,truck,6tr_2sumbu,6TR_2sumbu,2-Axle Truck (Jumbo),6,2-Axle Truck,6TR_2sumbu,2,Line 2,normal,3210.7333,96322,0.8884,142174c2-beba-409e-b25c-3c2882bce06f,e2b5d1af-611f-418e-93d3-019b7b7ef4af,123,lembang,cikatomas pakidulan joszzz,,,20a73ac2-f227-44a5-9e29-bc90a26d22a2,19.00 - 20.00.mp4,
976,100924,truck,6tr_2sumbu,6TR_2sumbu,2-Axle Truck (Jumbo),6,2-Axle Truck,6TR_2sumbu,2,Line 2,normal,3212.2,96366,0.8511,142174c2-beba-409e-b25c-3c2882bce06f,e2b5d1af-611f-418e-93d3-019b7b7ef4af,123,lembang,cikatomas pakidulan joszzz,,,20a73ac2-f227-44a5-9e29-bc90a26d22a2,19.00 - 20.00.mp4,
977,100930,truck,6tr_2sumbu,6TR_2sumbu,2-Axle Truck (Jumbo),6,2-Axle Truck,6TR_2sumbu,2,Line 2,opposite,3212.9333,96388,0.3989,142174c2-beba-409e-b25c-3c2882bce06f,e2b5d1af-611f-418e-93d3-019b7b7ef4af,123,lembang,cikatomas pakidulan joszzz,,,20a73ac2-f227-44a5-9e29-bc90a26d22a2,19.00 - 20.00.mp4,
978,101111,truck,4pickupmicro,4PickupMicro,Pickup / Micro Truck,4,Pickup / micro truck / delivery,4PickupMicro,2,Line 2,normal,3216.6333,96499,0.7483,142174c2-beba-409e-b25c-3c2882bce06f,e2b5d1af-611f-418e-93d3-019b7b7ef4af,123,lembang,cikatomas pakidulan joszzz,,,20a73ac2-f227-44a5-9e29-bc90a26d22a2,19.00 - 20.00.mp4,
979,101201,truck,6tr_2sumbu,6TR_2sumbu,2-Axle Truck (Jumbo),6,2-Axle Truck,6TR_2sumbu,2,Line 2,opposite,3220.0,96600,0.8916,142174c2-beba-409e-b25c-3c2882bce06f,e2b5d1af-611f-418e-93d3-019b7b7ef4af,123,lembang,cikatomas pakidulan joszzz,,,20a73ac2-f227-44a5-9e29-bc90a26d22a2,19.00 - 20.00.mp4,
980,101290,car,2mobil,2mobil,Car / Sedan,2,Sedan / jeep / station wagon,2mobil,2,Line 2,normal,3221.4333,96643,0.8604,142174c2-beba-409e-b25c-3c2882bce06f,e2b5d1af-611f-418e-93d3-019b7b7ef4af,123,lembang,cikatomas pakidulan joszzz,,,20a73ac2-f227-44a5-9e29-bc90a26d22a2,19.00 - 20.00.mp4,
981,101285,truck,6tr_2sumbu,6TR_2sumbu,2-Axle Truck (Jumbo),6,2-Axle Truck,6TR_2sumbu,2,Line 2,opposite,3222.6,96678,0.899,142174c2-beba-409e-b25c-3c2882bce06f,e2b5d1af-611f-418e-93d3-019b7b7ef4af,123,lembang,cikatomas pakidulan joszzz,,,20a73ac2-f227-44a5-9e29-bc90a26d22a2,19.00 - 20.00.mp4,
982,101373,car,2mobil,2mobil,Car / Sedan,2,Sedan / jeep / station wagon,2mobil,2,Line 2,normal,3224.0667,96722,0.8718,142174c2-beba-409e-b25c-3c2882bce06f,e2b5d1af-611f-418e-93d3-019b7b7ef4af,123,lembang,cikatomas pakidulan joszzz,,,20a73ac2-f227-44a5-9e29-bc90a26d22a2,19.00 - 20.00.mp4,
983,101372,truck,6tr_2sumbu,6TR_2sumbu,2-Axle Truck (Jumbo),6,2-Axle Truck,6TR_2sumbu,2,Line 2,normal,3224.6667,96740,0.8095,142174c2-beba-409e-b25c-3c2882bce06f,e2b5d1af-611f-418e-93d3-019b7b7ef4af,123,lembang,cikatomas pakidulan joszzz,,,20a73ac2-f227-44a5-9e29-bc90a26d22a2,19.00 - 20.00.mp4,
984,101393,truck,6tr_2sumbu,6TR_2sumbu,2-Axle Truck (Jumbo),6,2-Axle Truck,6TR_2sumbu,2,Line 2,normal,3224.7,96741,0.6461,142174c2-beba-409e-b25c-3c2882bce06f,e2b5d1af-611f-418e-93d3-019b7b7ef4af,123,lembang,cikatomas pakidulan joszzz,,,20a73ac2-f227-44a5-9e29-bc90a26d22a2,19.00 - 20.00.mp4,
985,101404,car,2mobil,2mobil,Car / Sedan,2,Sedan / jeep / station wagon,2mobil,2,Line 2,normal,3225.2333,96757,0.7679,142174c2-beba-409e-b25c-3c2882bce06f,e2b5d1af-611f-418e-93d3-019b7b7ef4af,123,lembang,cikatomas pakidulan joszzz,,,20a73ac2-f227-44a5-9e29-bc90a26d22a2,19.00 - 20.00.mp4,
986,101537,car,2mobil,2mobil,Car / Sedan,2,Sedan / jeep / station wagon,2mobil,2,Line 2,opposite,3228.9333,96868,0.5447,142174c2-beba-409e-b25c-3c2882bce06f,e2b5d1af-611f-418e-93d3-019b7b7ef4af,123,lembang,cikatomas pakidulan joszzz,,,20a73ac2-f227-44a5-9e29-bc90a26d22a2,19.00 - 20.00.mp4,
987,101561,car,2mobil,2mobil,Car / Sedan,2,Sedan / jeep / station wagon,2mobil,2,Line 2,opposite,3231.0,96930,0.7606,142174c2-beba-409e-b25c-3c2882bce06f,e2b5d1af-611f-418e-93d3-019b7b7ef4af,123,lembang,cikatomas pakidulan joszzz,,,20a73ac2-f227-44a5-9e29-bc90a26d22a2,19.00 - 20.00.mp4,
988,101603,truck,6tr_2sumbu,6TR_2sumbu,2-Axle Truck (Jumbo),6,2-Axle Truck,6TR_2sumbu,2,Line 2,opposite,3231.0333,96931,0.8375,142174c2-beba-409e-b25c-3c2882bce06f,e2b5d1af-611f-418e-93d3-019b7b7ef4af,123,lembang,cikatomas pakidulan joszzz,,,20a73ac2-f227-44a5-9e29-bc90a26d22a2,19.00 - 20.00.mp4,
989,101747,truck,6tr_2sumbu,6TR_2sumbu,2-Axle Truck (Jumbo),6,2-Axle Truck,6TR_2sumbu,2,Line 2,opposite,3236.9,97107,0.653,142174c2-beba-409e-b25c-3c2882bce06f,e2b5d1af-611f-418e-93d3-019b7b7ef4af,123,lembang,cikatomas pakidulan joszzz,,,20a73ac2-f227-44a5-9e29-bc90a26d22a2,19.00 - 20.00.mp4,
990,101905,truck,4pickupmicro,4PickupMicro,Pickup / Micro Truck,4,Pickup / micro truck / delivery,4PickupMicro,2,Line 2,normal,3239.4333,97183,0.7029,142174c2-beba-409e-b25c-3c2882bce06f,e2b5d1af-611f-418e-93d3-019b7b7ef4af,123,lembang,cikatomas pakidulan joszzz,,,20a73ac2-f227-44a5-9e29-bc90a26d22a2,19.00 - 20.00.mp4,
991,101920,truck,4pickupmicro,4PickupMicro,Pickup / Micro Truck,4,Pickup / micro truck / delivery,4PickupMicro,2,Line 2,opposite,3240.4333,97213,0.6698,142174c2-beba-409e-b25c-3c2882bce06f,e2b5d1af-611f-418e-93d3-019b7b7ef4af,123,lembang,cikatomas pakidulan joszzz,,,20a73ac2-f227-44a5-9e29-bc90a26d22a2,19.00 - 20.00.mp4,
992,101981,truck,4pickupmicro,4PickupMicro,Pickup / Micro Truck,4,Pickup / micro truck / delivery,4PickupMicro,2,Line 2,normal,3241.1333,97234,0.7354,142174c2-beba-409e-b25c-3c2882bce06f,e2b5d1af-611f-418e-93d3-019b7b7ef4af,123,lembang,cikatomas pakidulan joszzz,,,20a73ac2-f227-44a5-9e29-bc90a26d22a2,19.00 - 20.00.mp4,
993,101942,car,2mobil,2mobil,Car / Sedan,2,Sedan / jeep / station wagon,2mobil,2,Line 2,opposite,3241.2667,97238,0.4052,142174c2-beba-409e-b25c-3c2882bce06f,e2b5d1af-611f-418e-93d3-019b7b7ef4af,123,lembang,cikatomas pakidulan joszzz,,,20a73ac2-f227-44a5-9e29-bc90a26d22a2,19.00 - 20.00.mp4,
994,101998,truck,6tr_2sumbu,6TR_2sumbu,2-Axle Truck (Jumbo),6,2-Axle Truck,6TR_2sumbu,2,Line 2,opposite,3242.7,97281,0.6096,142174c2-beba-409e-b25c-3c2882bce06f,e2b5d1af-611f-418e-93d3-019b7b7ef4af,123,lembang,cikatomas pakidulan joszzz,,,20a73ac2-f227-44a5-9e29-bc90a26d22a2,19.00 - 20.00.mp4,
995,102127,truck,6tr_2sumbu,6TR_2sumbu,2-Axle Truck (Jumbo),6,2-Axle Truck,6TR_2sumbu,2,Line 2,opposite,3245.3667,97361,0.914,142174c2-beba-409e-b25c-3c2882bce06f,e2b5d1af-611f-418e-93d3-019b7b7ef4af,123,lembang,cikatomas pakidulan joszzz,,,20a73ac2-f227-44a5-9e29-bc90a26d22a2,19.00 - 20.00.mp4,
996,102191,car,2mobil,2mobil,Car / Sedan,2,Sedan / jeep / station wagon,2mobil,2,Line 2,opposite,3246.4,97392,0.8507,142174c2-beba-409e-b25c-3c2882bce06f,e2b5d1af-611f-418e-93d3-019b7b7ef4af,123,lembang,cikatomas pakidulan joszzz,,,20a73ac2-f227-44a5-9e29-bc90a26d22a2,19.00 - 20.00.mp4,
997,102214,truck,6tr_2sumbu,6TR_2sumbu,2-Axle Truck (Jumbo),6,2-Axle Truck,6TR_2sumbu,2,Line 2,opposite,3247.2667,97418,0.597,142174c2-beba-409e-b25c-3c2882bce06f,e2b5d1af-611f-418e-93d3-019b7b7ef4af,123,lembang,cikatomas pakidulan joszzz,,,20a73ac2-f227-44a5-9e29-bc90a26d22a2,19.00 - 20.00.mp4,
998,102265,car,2mobil,2mobil,Car / Sedan,2,Sedan / jeep / station wagon,2mobil,2,Line 2,opposite,3248.2667,97448,0.8521,142174c2-beba-409e-b25c-3c2882bce06f,e2b5d1af-611f-418e-93d3-019b7b7ef4af,123,lembang,cikatomas pakidulan joszzz,,,20a73ac2-f227-44a5-9e29-bc90a26d22a2,19.00 - 20.00.mp4,
999,102460,car,2mobil,2mobil,Car / Sedan,2,Sedan / jeep / station wagon,2mobil,2,Line 2,normal,3253.9,97617,0.8429,142174c2-beba-409e-b25c-3c2882bce06f,e2b5d1af-611f-418e-93d3-019b7b7ef4af,123,lembang,cikatomas pakidulan joszzz,,,20a73ac2-f227-44a5-9e29-bc90a26d22a2,19.00 - 20.00.mp4,
1000,102477,truck,4pickupmicro,4PickupMicro,Pickup / Micro Truck,4,Pickup / micro truck / delivery,4PickupMicro,2,Line 2,opposite,3255.4,97662,0.827,142174c2-beba-409e-b25c-3c2882bce06f,e2b5d1af-611f-418e-93d3-019b7b7ef4af,123,lembang,cikatomas pakidulan joszzz,,,20a73ac2-f227-44a5-9e29-bc90a26d22a2,19.00 - 20.00.mp4,
1001,102497,truck,6tr_2sumbu,6TR_2sumbu,2-Axle Truck (Jumbo),6,2-Axle Truck,6TR_2sumbu,2,Line 2,normal,3255.5,97665,0.5419,142174c2-beba-409e-b25c-3c2882bce06f,e2b5d1af-611f-418e-93d3-019b7b7ef4af,123,lembang,cikatomas pakidulan joszzz,,,20a73ac2-f227-44a5-9e29-bc90a26d22a2,19.00 - 20.00.mp4,
1002,102513,car,2mobil,2mobil,Car / Sedan,2,Sedan / jeep / station wagon,2mobil,2,Line 2,normal,3255.7,97671,0.3777,142174c2-beba-409e-b25c-3c2882bce06f,e2b5d1af-611f-418e-93d3-019b7b7ef4af,123,lembang,cikatomas pakidulan joszzz,,,20a73ac2-f227-44a5-9e29-bc90a26d22a2,19.00 - 20.00.mp4,
1003,102831,bus,5bus,5Bus,Bus,5,Bus,5Bus,2,Line 2,normal,3266.8333,98005,0.7965,142174c2-beba-409e-b25c-3c2882bce06f,e2b5d1af-611f-418e-93d3-019b7b7ef4af,123,lembang,cikatomas pakidulan joszzz,,,20a73ac2-f227-44a5-9e29-bc90a26d22a2,19.00 - 20.00.mp4,
1004,103053,car,3ang_umum,3ang_umum,Public Transportation (Angkot),3,Medium passenger vehicle,3Ang_umum,2,Line 2,normal,3274.5667,98237,0.4755,142174c2-beba-409e-b25c-3c2882bce06f,e2b5d1af-611f-418e-93d3-019b7b7ef4af,123,lembang,cikatomas pakidulan joszzz,,,20a73ac2-f227-44a5-9e29-bc90a26d22a2,19.00 - 20.00.mp4,
1005,103090,car,2mobil,2mobil,Car / Sedan,2,Sedan / jeep / station wagon,2mobil,2,Line 2,normal,3276.1667,98285,0.5961,142174c2-beba-409e-b25c-3c2882bce06f,e2b5d1af-611f-418e-93d3-019b7b7ef4af,123,lembang,cikatomas pakidulan joszzz,,,20a73ac2-f227-44a5-9e29-bc90a26d22a2,19.00 - 20.00.mp4,
1006,103135,car,2mobil,2mobil,Car / Sedan,2,Sedan / jeep / station wagon,2mobil,2,Line 2,normal,3277.5667,98327,0.7191,142174c2-beba-409e-b25c-3c2882bce06f,e2b5d1af-611f-418e-93d3-019b7b7ef4af,123,lembang,cikatomas pakidulan joszzz,,,20a73ac2-f227-44a5-9e29-bc90a26d22a2,19.00 - 20.00.mp4,
1007,103169,truck,4pickupmicro,4PickupMicro,Pickup / Micro Truck,4,Pickup / micro truck / delivery,4PickupMicro,2,Line 2,normal,3279.5667,98387,0.7682,142174c2-beba-409e-b25c-3c2882bce06f,e2b5d1af-611f-418e-93d3-019b7b7ef4af,123,lembang,cikatomas pakidulan joszzz,,,20a73ac2-f227-44a5-9e29-bc90a26d22a2,19.00 - 20.00.mp4,
1008,103184,truck,4pickupmicro,4PickupMicro,Pickup / Micro Truck,4,Pickup / micro truck / delivery,4PickupMicro,2,Line 2,normal,3280.4667,98414,0.6655,142174c2-beba-409e-b25c-3c2882bce06f,e2b5d1af-611f-418e-93d3-019b7b7ef4af,123,lembang,cikatomas pakidulan joszzz,,,20a73ac2-f227-44a5-9e29-bc90a26d22a2,19.00 - 20.00.mp4,
1009,103243,car,2mobil,2mobil,Car / Sedan,2,Sedan / jeep / station wagon,2mobil,2,Line 2,opposite,3281.7333,98452,0.525,142174c2-beba-409e-b25c-3c2882bce06f,e2b5d1af-611f-418e-93d3-019b7b7ef4af,123,lembang,cikatomas pakidulan joszzz,,,20a73ac2-f227-44a5-9e29-bc90a26d22a2,19.00 - 20.00.mp4,
1010,103460,truck,4pickupmicro,4PickupMicro,Pickup / Micro Truck,4,Pickup / micro truck / delivery,4PickupMicro,2,Line 2,opposite,3286.0333,98581,0.3022,142174c2-beba-409e-b25c-3c2882bce06f,e2b5d1af-611f-418e-93d3-019b7b7ef4af,123,lembang,cikatomas pakidulan joszzz,,,20a73ac2-f227-44a5-9e29-bc90a26d22a2,19.00 - 20.00.mp4,
1011,103479,car,2mobil,2mobil,Car / Sedan,2,Sedan / jeep / station wagon,2mobil,2,Line 2,normal,3286.3667,98591,0.8057,142174c2-beba-409e-b25c-3c2882bce06f,e2b5d1af-611f-418e-93d3-019b7b7ef4af,123,lembang,cikatomas pakidulan joszzz,,,20a73ac2-f227-44a5-9e29-bc90a26d22a2,19.00 - 20.00.mp4,
1012,103515,car,2mobil,2mobil,Car / Sedan,2,Sedan / jeep / station wagon,2mobil,2,Line 2,normal,3287.4333,98623,0.8182,142174c2-beba-409e-b25c-3c2882bce06f,e2b5d1af-611f-418e-93d3-019b7b7ef4af,123,lembang,cikatomas pakidulan joszzz,,,20a73ac2-f227-44a5-9e29-bc90a26d22a2,19.00 - 20.00.mp4,
1013,103544,truck,6tr_2sumbu,6TR_2sumbu,2-Axle Truck (Jumbo),6,2-Axle Truck,6TR_2sumbu,2,Line 2,normal,3288.3,98649,0.7424,142174c2-beba-409e-b25c-3c2882bce06f,e2b5d1af-611f-418e-93d3-019b7b7ef4af,123,lembang,cikatomas pakidulan joszzz,,,20a73ac2-f227-44a5-9e29-bc90a26d22a2,19.00 - 20.00.mp4,
1014,103565,car,2mobil,2mobil,Car / Sedan,2,Sedan / jeep / station wagon,2mobil,2,Line 2,normal,3288.5667,98657,0.8036,142174c2-beba-409e-b25c-3c2882bce06f,e2b5d1af-611f-418e-93d3-019b7b7ef4af,123,lembang,cikatomas pakidulan joszzz,,,20a73ac2-f227-44a5-9e29-bc90a26d22a2,19.00 - 20.00.mp4,
1015,103574,car,2mobil,2mobil,Car / Sedan,2,Sedan / jeep / station wagon,2mobil,2,Line 2,opposite,3289.4333,98683,0.8524,142174c2-beba-409e-b25c-3c2882bce06f,e2b5d1af-611f-418e-93d3-019b7b7ef4af,123,lembang,cikatomas pakidulan joszzz,,,20a73ac2-f227-44a5-9e29-bc90a26d22a2,19.00 - 20.00.mp4,
1016,103631,bus,5bus,5Bus,Bus,5,Bus,5Bus,2,Line 2,normal,3290.3667,98711,0.7134,142174c2-beba-409e-b25c-3c2882bce06f,e2b5d1af-611f-418e-93d3-019b7b7ef4af,123,lembang,cikatomas pakidulan joszzz,,,20a73ac2-f227-44a5-9e29-bc90a26d22a2,19.00 - 20.00.mp4,
1017,103692,truck,6tr_2sumbu,6TR_2sumbu,2-Axle Truck (Jumbo),6,2-Axle Truck,6TR_2sumbu,2,Line 2,opposite,3292.3,98769,0.8084,142174c2-beba-409e-b25c-3c2882bce06f,e2b5d1af-611f-418e-93d3-019b7b7ef4af,123,lembang,cikatomas pakidulan joszzz,,,20a73ac2-f227-44a5-9e29-bc90a26d22a2,19.00 - 20.00.mp4,
1018,103707,car,2mobil,2mobil,Car / Sedan,2,Sedan / jeep / station wagon,2mobil,2,Line 2,normal,3292.5333,98776,0.8262,142174c2-beba-409e-b25c-3c2882bce06f,e2b5d1af-611f-418e-93d3-019b7b7ef4af,123,lembang,cikatomas pakidulan joszzz,,,20a73ac2-f227-44a5-9e29-bc90a26d22a2,19.00 - 20.00.mp4,
1019,103779,car,2mobil,2mobil,Car / Sedan,2,Sedan / jeep / station wagon,2mobil,2,Line 2,normal,3294.0,98820,0.8714,142174c2-beba-409e-b25c-3c2882bce06f,e2b5d1af-611f-418e-93d3-019b7b7ef4af,123,lembang,cikatomas pakidulan joszzz,,,20a73ac2-f227-44a5-9e29-bc90a26d22a2,19.00 - 20.00.mp4,
1020,103819,truck,4pickupmicro,4PickupMicro,Pickup / Micro Truck,4,Pickup / micro truck / delivery,4PickupMicro,2,Line 2,normal,3294.2667,98828,0.6458,142174c2-beba-409e-b25c-3c2882bce06f,e2b5d1af-611f-418e-93d3-019b7b7ef4af,123,lembang,cikatomas pakidulan joszzz,,,20a73ac2-f227-44a5-9e29-bc90a26d22a2,19.00 - 20.00.mp4,
1021,103835,car,2mobil,2mobil,Car / Sedan,2,Sedan / jeep / station wagon,2mobil,2,Line 2,normal,3294.8333,98845,0.6107,142174c2-beba-409e-b25c-3c2882bce06f,e2b5d1af-611f-418e-93d3-019b7b7ef4af,123,lembang,cikatomas pakidulan joszzz,,,20a73ac2-f227-44a5-9e29-bc90a26d22a2,19.00 - 20.00.mp4,
1022,103837,truck,4pickupmicro,4PickupMicro,Pickup / Micro Truck,4,Pickup / micro truck / delivery,4PickupMicro,2,Line 2,opposite,3295.6333,98869,0.8449,142174c2-beba-409e-b25c-3c2882bce06f,e2b5d1af-611f-418e-93d3-019b7b7ef4af,123,lembang,cikatomas pakidulan joszzz,,,20a73ac2-f227-44a5-9e29-bc90a26d22a2,19.00 - 20.00.mp4,
1023,104016,car,2mobil,2mobil,Car / Sedan,2,Sedan / jeep / station wagon,2mobil,2,Line 2,normal,3299.1667,98975,0.842,142174c2-beba-409e-b25c-3c2882bce06f,e2b5d1af-611f-418e-93d3-019b7b7ef4af,123,lembang,cikatomas pakidulan joszzz,,,20a73ac2-f227-44a5-9e29-bc90a26d22a2,19.00 - 20.00.mp4,
1024,104131,car,2mobil,2mobil,Car / Sedan,2,Sedan / jeep / station wagon,2mobil,2,Line 2,normal,3302.8,99084,0.7514,142174c2-beba-409e-b25c-3c2882bce06f,e2b5d1af-611f-418e-93d3-019b7b7ef4af,123,lembang,cikatomas pakidulan joszzz,,,20a73ac2-f227-44a5-9e29-bc90a26d22a2,19.00 - 20.00.mp4,
1025,104093,truck,6tr_2sumbu,6TR_2sumbu,2-Axle Truck (Jumbo),6,2-Axle Truck,6TR_2sumbu,2,Line 2,opposite,3302.8667,99086,0.4812,142174c2-beba-409e-b25c-3c2882bce06f,e2b5d1af-611f-418e-93d3-019b7b7ef4af,123,lembang,cikatomas pakidulan joszzz,,,20a73ac2-f227-44a5-9e29-bc90a26d22a2,19.00 - 20.00.mp4,
1026,104146,car,2mobil,2mobil,Car / Sedan,2,Sedan / jeep / station wagon,2mobil,2,Line 2,opposite,3303.8667,99116,0.3595,142174c2-beba-409e-b25c-3c2882bce06f,e2b5d1af-611f-418e-93d3-019b7b7ef4af,123,lembang,cikatomas pakidulan joszzz,,,20a73ac2-f227-44a5-9e29-bc90a26d22a2,19.00 - 20.00.mp4,
1027,104177,car,2mobil,2mobil,Car / Sedan,2,Sedan / jeep / station wagon,2mobil,2,Line 2,normal,3304.1333,99124,0.3355,142174c2-beba-409e-b25c-3c2882bce06f,e2b5d1af-611f-418e-93d3-019b7b7ef4af,123,lembang,cikatomas pakidulan joszzz,,,20a73ac2-f227-44a5-9e29-bc90a26d22a2,19.00 - 20.00.mp4,
1028,104223,car,2mobil,2mobil,Car / Sedan,2,Sedan / jeep / station wagon,2mobil,2,Line 2,normal,3305.3667,99161,0.8253,142174c2-beba-409e-b25c-3c2882bce06f,e2b5d1af-611f-418e-93d3-019b7b7ef4af,123,lembang,cikatomas pakidulan joszzz,,,20a73ac2-f227-44a5-9e29-bc90a26d22a2,19.00 - 20.00.mp4,
1029,104175,truck,6tr_2sumbu,6TR_2sumbu,2-Axle Truck (Jumbo),6,2-Axle Truck,6TR_2sumbu,2,Line 2,opposite,3305.4333,99163,0.8229,142174c2-beba-409e-b25c-3c2882bce06f,e2b5d1af-611f-418e-93d3-019b7b7ef4af,123,lembang,cikatomas pakidulan joszzz,,,20a73ac2-f227-44a5-9e29-bc90a26d22a2,19.00 - 20.00.mp4,
1030,104260,car,2mobil,2mobil,Car / Sedan,2,Sedan / jeep / station wagon,2mobil,2,Line 2,opposite,3307.1667,99215,0.4335,142174c2-beba-409e-b25c-3c2882bce06f,e2b5d1af-611f-418e-93d3-019b7b7ef4af,123,lembang,cikatomas pakidulan joszzz,,,20a73ac2-f227-44a5-9e29-bc90a26d22a2,19.00 - 20.00.mp4,
1031,104527,car,2mobil,2mobil,Car / Sedan,2,Sedan / jeep / station wagon,2mobil,2,Line 2,normal,3315.0,99450,0.8657,142174c2-beba-409e-b25c-3c2882bce06f,e2b5d1af-611f-418e-93d3-019b7b7ef4af,123,lembang,cikatomas pakidulan joszzz,,,20a73ac2-f227-44a5-9e29-bc90a26d22a2,19.00 - 20.00.mp4,
1032,104529,truck,6tr_2sumbu,6TR_2sumbu,2-Axle Truck (Jumbo),6,2-Axle Truck,6TR_2sumbu,2,Line 2,normal,3315.0667,99452,0.4286,142174c2-beba-409e-b25c-3c2882bce06f,e2b5d1af-611f-418e-93d3-019b7b7ef4af,123,lembang,cikatomas pakidulan joszzz,,,20a73ac2-f227-44a5-9e29-bc90a26d22a2,19.00 - 20.00.mp4,
1033,104609,car,2mobil,2mobil,Car / Sedan,2,Sedan / jeep / station wagon,2mobil,2,Line 2,normal,3316.7667,99503,0.6724,142174c2-beba-409e-b25c-3c2882bce06f,e2b5d1af-611f-418e-93d3-019b7b7ef4af,123,lembang,cikatomas pakidulan joszzz,,,20a73ac2-f227-44a5-9e29-bc90a26d22a2,19.00 - 20.00.mp4,
1034,104643,truck,4pickupmicro,4PickupMicro,Pickup / Micro Truck,4,Pickup / micro truck / delivery,4PickupMicro,2,Line 2,normal,3318.6,99558,0.6999,142174c2-beba-409e-b25c-3c2882bce06f,e2b5d1af-611f-418e-93d3-019b7b7ef4af,123,lembang,cikatomas pakidulan joszzz,,,20a73ac2-f227-44a5-9e29-bc90a26d22a2,19.00 - 20.00.mp4,
1035,104705,car,2mobil,2mobil,Car / Sedan,2,Sedan / jeep / station wagon,2mobil,2,Line 2,normal,3320.7667,99623,0.823,142174c2-beba-409e-b25c-3c2882bce06f,e2b5d1af-611f-418e-93d3-019b7b7ef4af,123,lembang,cikatomas pakidulan joszzz,,,20a73ac2-f227-44a5-9e29-bc90a26d22a2,19.00 - 20.00.mp4,
1036,104761,truck,6tr_2sumbu,6TR_2sumbu,2-Axle Truck (Jumbo),6,2-Axle Truck,6TR_2sumbu,2,Line 2,normal,3322.8333,99685,0.5668,142174c2-beba-409e-b25c-3c2882bce06f,e2b5d1af-611f-418e-93d3-019b7b7ef4af,123,lembang,cikatomas pakidulan joszzz,,,20a73ac2-f227-44a5-9e29-bc90a26d22a2,19.00 - 20.00.mp4,
1037,104865,truck,4pickupmicro,4PickupMicro,Pickup / Micro Truck,4,Pickup / micro truck / delivery,4PickupMicro,2,Line 2,normal,3327.7333,99832,0.5098,142174c2-beba-409e-b25c-3c2882bce06f,e2b5d1af-611f-418e-93d3-019b7b7ef4af,123,lembang,cikatomas pakidulan joszzz,,,20a73ac2-f227-44a5-9e29-bc90a26d22a2,19.00 - 20.00.mp4,
1038,104920,truck,4pickupmicro,4PickupMicro,Pickup / Micro Truck,4,Pickup / micro truck / delivery,4PickupMicro,2,Line 2,normal,3330.3,99909,0.5114,142174c2-beba-409e-b25c-3c2882bce06f,e2b5d1af-611f-418e-93d3-019b7b7ef4af,123,lembang,cikatomas pakidulan joszzz,,,20a73ac2-f227-44a5-9e29-bc90a26d22a2,19.00 - 20.00.mp4,
1039,104995,car,2mobil,2mobil,Car / Sedan,2,Sedan / jeep / station wagon,2mobil,2,Line 2,normal,3332.3,99969,0.6878,142174c2-beba-409e-b25c-3c2882bce06f,e2b5d1af-611f-418e-93d3-019b7b7ef4af,123,lembang,cikatomas pakidulan joszzz,,,20a73ac2-f227-44a5-9e29-bc90a26d22a2,19.00 - 20.00.mp4,
1040,105007,truck,6tr_2sumbu,6TR_2sumbu,2-Axle Truck (Jumbo),6,2-Axle Truck,6TR_2sumbu,2,Line 2,normal,3332.3667,99971,0.5446,142174c2-beba-409e-b25c-3c2882bce06f,e2b5d1af-611f-418e-93d3-019b7b7ef4af,123,lembang,cikatomas pakidulan joszzz,,,20a73ac2-f227-44a5-9e29-bc90a26d22a2,19.00 - 20.00.mp4,
1041,105056,bus,5bus,5Bus,Bus,5,Bus,5Bus,2,Line 2,normal,3333.3667,100001,0.7812,142174c2-beba-409e-b25c-3c2882bce06f,e2b5d1af-611f-418e-93d3-019b7b7ef4af,123,lembang,cikatomas pakidulan joszzz,,,20a73ac2-f227-44a5-9e29-bc90a26d22a2,19.00 - 20.00.mp4,
1042,105045,truck,6tr_2sumbu,6TR_2sumbu,2-Axle Truck (Jumbo),6,2-Axle Truck,6TR_2sumbu,2,Line 2,opposite,3334.4667,100034,0.5265,142174c2-beba-409e-b25c-3c2882bce06f,e2b5d1af-611f-418e-93d3-019b7b7ef4af,123,lembang,cikatomas pakidulan joszzz,,,20a73ac2-f227-44a5-9e29-bc90a26d22a2,19.00 - 20.00.mp4,
1043,105144,car,2mobil,2mobil,Car / Sedan,2,Sedan / jeep / station wagon,2mobil,2,Line 2,normal,3335.3667,100061,0.605,142174c2-beba-409e-b25c-3c2882bce06f,e2b5d1af-611f-418e-93d3-019b7b7ef4af,123,lembang,cikatomas pakidulan joszzz,,,20a73ac2-f227-44a5-9e29-bc90a26d22a2,19.00 - 20.00.mp4,
1044,105193,car,2mobil,2mobil,Car / Sedan,2,Sedan / jeep / station wagon,2mobil,2,Line 2,normal,3337.0,100110,0.6863,142174c2-beba-409e-b25c-3c2882bce06f,e2b5d1af-611f-418e-93d3-019b7b7ef4af,123,lembang,cikatomas pakidulan joszzz,,,20a73ac2-f227-44a5-9e29-bc90a26d22a2,19.00 - 20.00.mp4,
1045,105603,bus,5bus,5Bus,Bus,5,Bus,5Bus,2,Line 2,opposite,3355.4,100662,0.3347,142174c2-beba-409e-b25c-3c2882bce06f,e2b5d1af-611f-418e-93d3-019b7b7ef4af,123,lembang,cikatomas pakidulan joszzz,,,20a73ac2-f227-44a5-9e29-bc90a26d22a2,19.00 - 20.00.mp4,
1046,105805,truck,4pickupmicro,4PickupMicro,Pickup / Micro Truck,4,Pickup / micro truck / delivery,4PickupMicro,2,Line 2,opposite,3363.4,100902,0.7561,142174c2-beba-409e-b25c-3c2882bce06f,e2b5d1af-611f-418e-93d3-019b7b7ef4af,123,lembang,cikatomas pakidulan joszzz,,,20a73ac2-f227-44a5-9e29-bc90a26d22a2,19.00 - 20.00.mp4,
1047,106014,car,2mobil,2mobil,Car / Sedan,2,Sedan / jeep / station wagon,2mobil,2,Line 2,normal,3371.6,101148,0.51,142174c2-beba-409e-b25c-3c2882bce06f,e2b5d1af-611f-418e-93d3-019b7b7ef4af,123,lembang,cikatomas pakidulan joszzz,,,20a73ac2-f227-44a5-9e29-bc90a26d22a2,19.00 - 20.00.mp4,
1048,106027,truck,4pickupmicro,4PickupMicro,Pickup / Micro Truck,4,Pickup / micro truck / delivery,4PickupMicro,2,Line 2,normal,3373.2,101196,0.6538,142174c2-beba-409e-b25c-3c2882bce06f,e2b5d1af-611f-418e-93d3-019b7b7ef4af,123,lembang,cikatomas pakidulan joszzz,,,20a73ac2-f227-44a5-9e29-bc90a26d22a2,19.00 - 20.00.mp4,
1049,106045,truck,6tr_2sumbu,6TR_2sumbu,2-Axle Truck (Jumbo),6,2-Axle Truck,6TR_2sumbu,2,Line 2,normal,3373.2,101196,0.5649,142174c2-beba-409e-b25c-3c2882bce06f,e2b5d1af-611f-418e-93d3-019b7b7ef4af,123,lembang,cikatomas pakidulan joszzz,,,20a73ac2-f227-44a5-9e29-bc90a26d22a2,19.00 - 20.00.mp4,
1050,106240,car,2mobil,2mobil,Car / Sedan,2,Sedan / jeep / station wagon,2mobil,2,Line 2,opposite,3380.0667,101402,0.3838,142174c2-beba-409e-b25c-3c2882bce06f,e2b5d1af-611f-418e-93d3-019b7b7ef4af,123,lembang,cikatomas pakidulan joszzz,,,20a73ac2-f227-44a5-9e29-bc90a26d22a2,19.00 - 20.00.mp4,
1051,106301,truck,6tr_2sumbu,6TR_2sumbu,2-Axle Truck (Jumbo),6,2-Axle Truck,6TR_2sumbu,2,Line 2,opposite,3381.9667,101459,0.415,142174c2-beba-409e-b25c-3c2882bce06f,e2b5d1af-611f-418e-93d3-019b7b7ef4af,123,lembang,cikatomas pakidulan joszzz,,,20a73ac2-f227-44a5-9e29-bc90a26d22a2,19.00 - 20.00.mp4,
1052,106330,car,3ang_umum,3ang_umum,Public Transportation (Angkot),3,Medium passenger vehicle,3Ang_umum,2,Line 2,opposite,3383.3667,101501,0.6122,142174c2-beba-409e-b25c-3c2882bce06f,e2b5d1af-611f-418e-93d3-019b7b7ef4af,123,lembang,cikatomas pakidulan joszzz,,,20a73ac2-f227-44a5-9e29-bc90a26d22a2,19.00 - 20.00.mp4,
1053,106533,car,2mobil,2mobil,Car / Sedan,2,Sedan / jeep / station wagon,2mobil,2,Line 2,opposite,3391.2333,101737,0.4788,142174c2-beba-409e-b25c-3c2882bce06f,e2b5d1af-611f-418e-93d3-019b7b7ef4af,123,lembang,cikatomas pakidulan joszzz,,,20a73ac2-f227-44a5-9e29-bc90a26d22a2,19.00 - 20.00.mp4,
1054,106569,truck,4pickupmicro,4PickupMicro,Pickup / Micro Truck,4,Pickup / micro truck / delivery,4PickupMicro,2,Line 2,opposite,3393.7333,101812,0.8576,142174c2-beba-409e-b25c-3c2882bce06f,e2b5d1af-611f-418e-93d3-019b7b7ef4af,123,lembang,cikatomas pakidulan joszzz,,,20a73ac2-f227-44a5-9e29-bc90a26d22a2,19.00 - 20.00.mp4,
1055,106777,car,2mobil,2mobil,Car / Sedan,2,Sedan / jeep / station wagon,2mobil,2,Line 2,normal,3401.9333,102058,0.7975,142174c2-beba-409e-b25c-3c2882bce06f,e2b5d1af-611f-418e-93d3-019b7b7ef4af,123,lembang,cikatomas pakidulan joszzz,,,20a73ac2-f227-44a5-9e29-bc90a26d22a2,19.00 - 20.00.mp4,
1056,106797,car,2mobil,2mobil,Car / Sedan,2,Sedan / jeep / station wagon,2mobil,2,Line 2,normal,3402.4333,102073,0.8649,142174c2-beba-409e-b25c-3c2882bce06f,e2b5d1af-611f-418e-93d3-019b7b7ef4af,123,lembang,cikatomas pakidulan joszzz,,,20a73ac2-f227-44a5-9e29-bc90a26d22a2,19.00 - 20.00.mp4,
1057,106778,truck,4pickupmicro,4PickupMicro,Pickup / Micro Truck,4,Pickup / micro truck / delivery,4PickupMicro,2,Line 2,opposite,3402.5667,102077,0.8652,142174c2-beba-409e-b25c-3c2882bce06f,e2b5d1af-611f-418e-93d3-019b7b7ef4af,123,lembang,cikatomas pakidulan joszzz,,,20a73ac2-f227-44a5-9e29-bc90a26d22a2,19.00 - 20.00.mp4,
1058,106824,car,2mobil,2mobil,Car / Sedan,2,Sedan / jeep / station wagon,2mobil,2,Line 2,normal,3403.3333,102100,0.6289,142174c2-beba-409e-b25c-3c2882bce06f,e2b5d1af-611f-418e-93d3-019b7b7ef4af,123,lembang,cikatomas pakidulan joszzz,,,20a73ac2-f227-44a5-9e29-bc90a26d22a2,19.00 - 20.00.mp4,
1059,106933,car,2mobil,2mobil,Car / Sedan,2,Sedan / jeep / station wagon,2mobil,2,Line 2,opposite,3408.5667,102257,0.6512,142174c2-beba-409e-b25c-3c2882bce06f,e2b5d1af-611f-418e-93d3-019b7b7ef4af,123,lembang,cikatomas pakidulan joszzz,,,20a73ac2-f227-44a5-9e29-bc90a26d22a2,19.00 - 20.00.mp4,
1060,107000,truck,4pickupmicro,4PickupMicro,Pickup / Micro Truck,4,Pickup / micro truck / delivery,4PickupMicro,2,Line 2,opposite,3412.1333,102364,0.7842,142174c2-beba-409e-b25c-3c2882bce06f,e2b5d1af-611f-418e-93d3-019b7b7ef4af,123,lembang,cikatomas pakidulan joszzz,,,20a73ac2-f227-44a5-9e29-bc90a26d22a2,19.00 - 20.00.mp4,
1061,107033,car,2mobil,2mobil,Car / Sedan,2,Sedan / jeep / station wagon,2mobil,2,Line 2,normal,3412.5333,102376,0.8406,142174c2-beba-409e-b25c-3c2882bce06f,e2b5d1af-611f-418e-93d3-019b7b7ef4af,123,lembang,cikatomas pakidulan joszzz,,,20a73ac2-f227-44a5-9e29-bc90a26d22a2,19.00 - 20.00.mp4,
1062,107019,truck,6tr_2sumbu,6TR_2sumbu,2-Axle Truck (Jumbo),6,2-Axle Truck,6TR_2sumbu,2,Line 2,opposite,3413.0333,102391,0.674,142174c2-beba-409e-b25c-3c2882bce06f,e2b5d1af-611f-418e-93d3-019b7b7ef4af,123,lembang,cikatomas pakidulan joszzz,,,20a73ac2-f227-44a5-9e29-bc90a26d22a2,19.00 - 20.00.mp4,
1063,107037,truck,4pickupmicro,4PickupMicro,Pickup / Micro Truck,4,Pickup / micro truck / delivery,4PickupMicro,2,Line 2,opposite,3413.7,102411,0.3722,142174c2-beba-409e-b25c-3c2882bce06f,e2b5d1af-611f-418e-93d3-019b7b7ef4af,123,lembang,cikatomas pakidulan joszzz,,,20a73ac2-f227-44a5-9e29-bc90a26d22a2,19.00 - 20.00.mp4,
1064,107771,car,2mobil,2mobil,Car / Sedan,2,Sedan / jeep / station wagon,2mobil,2,Line 2,normal,3441.7333,103252,0.432,142174c2-beba-409e-b25c-3c2882bce06f,e2b5d1af-611f-418e-93d3-019b7b7ef4af,123,lembang,cikatomas pakidulan joszzz,,,20a73ac2-f227-44a5-9e29-bc90a26d22a2,19.00 - 20.00.mp4,
1065,107803,car,2mobil,2mobil,Car / Sedan,2,Sedan / jeep / station wagon,2mobil,2,Line 2,normal,3443.2667,103298,0.2848,142174c2-beba-409e-b25c-3c2882bce06f,e2b5d1af-611f-418e-93d3-019b7b7ef4af,123,lembang,cikatomas pakidulan joszzz,,,20a73ac2-f227-44a5-9e29-bc90a26d22a2,19.00 - 20.00.mp4,
1066,107834,car,3ang_umum,3ang_umum,Public Transportation (Angkot),3,Medium passenger vehicle,3Ang_umum,2,Line 2,normal,3444.3333,103330,0.6391,142174c2-beba-409e-b25c-3c2882bce06f,e2b5d1af-611f-418e-93d3-019b7b7ef4af,123,lembang,cikatomas pakidulan joszzz,,,20a73ac2-f227-44a5-9e29-bc90a26d22a2,19.00 - 20.00.mp4,
1067,107885,car,2mobil,2mobil,Car / Sedan,2,Sedan / jeep / station wagon,2mobil,2,Line 2,normal,3446.1,103383,0.342,142174c2-beba-409e-b25c-3c2882bce06f,e2b5d1af-611f-418e-93d3-019b7b7ef4af,123,lembang,cikatomas pakidulan joszzz,,,20a73ac2-f227-44a5-9e29-bc90a26d22a2,19.00 - 20.00.mp4,
1068,107927,truck,6tr_2sumbu,6TR_2sumbu,2-Axle Truck (Jumbo),6,2-Axle Truck,6TR_2sumbu,2,Line 2,normal,3448.1,103443,0.6789,142174c2-beba-409e-b25c-3c2882bce06f,e2b5d1af-611f-418e-93d3-019b7b7ef4af,123,lembang,cikatomas pakidulan joszzz,,,20a73ac2-f227-44a5-9e29-bc90a26d22a2,19.00 - 20.00.mp4,
1069,107969,truck,6tr_2sumbu,6TR_2sumbu,2-Axle Truck (Jumbo),6,2-Axle Truck,6TR_2sumbu,2,Line 2,normal,3450.0,103500,0.7495,142174c2-beba-409e-b25c-3c2882bce06f,e2b5d1af-611f-418e-93d3-019b7b7ef4af,123,lembang,cikatomas pakidulan joszzz,,,20a73ac2-f227-44a5-9e29-bc90a26d22a2,19.00 - 20.00.mp4,
1070,108033,truck,4pickupmicro,4PickupMicro,Pickup / Micro Truck,4,Pickup / micro truck / delivery,4PickupMicro,2,Line 2,normal,3452.1333,103564,0.4757,142174c2-beba-409e-b25c-3c2882bce06f,e2b5d1af-611f-418e-93d3-019b7b7ef4af,123,lembang,cikatomas pakidulan joszzz,,,20a73ac2-f227-44a5-9e29-bc90a26d22a2,19.00 - 20.00.mp4,
1071,108032,car,2mobil,2mobil,Car / Sedan,2,Sedan / jeep / station wagon,2mobil,2,Line 2,normal,3452.2333,103567,0.767,142174c2-beba-409e-b25c-3c2882bce06f,e2b5d1af-611f-418e-93d3-019b7b7ef4af,123,lembang,cikatomas pakidulan joszzz,,,20a73ac2-f227-44a5-9e29-bc90a26d22a2,19.00 - 20.00.mp4,
1072,108136,truck,6tr_2sumbu,6TR_2sumbu,2-Axle Truck (Jumbo),6,2-Axle Truck,6TR_2sumbu,2,Line 2,normal,3456.4,103692,0.8027,142174c2-beba-409e-b25c-3c2882bce06f,e2b5d1af-611f-418e-93d3-019b7b7ef4af,123,lembang,cikatomas pakidulan joszzz,,,20a73ac2-f227-44a5-9e29-bc90a26d22a2,19.00 - 20.00.mp4,
1073,108194,car,2mobil,2mobil,Car / Sedan,2,Sedan / jeep / station wagon,2mobil,2,Line 2,normal,3458.1667,103745,0.7988,142174c2-beba-409e-b25c-3c2882bce06f,e2b5d1af-611f-418e-93d3-019b7b7ef4af,123,lembang,cikatomas pakidulan joszzz,,,20a73ac2-f227-44a5-9e29-bc90a26d22a2,19.00 - 20.00.mp4,
1074,108208,truck,6tr_2sumbu,6TR_2sumbu,2-Axle Truck (Jumbo),6,2-Axle Truck,6TR_2sumbu,2,Line 2,normal,3459.0333,103771,0.6844,142174c2-beba-409e-b25c-3c2882bce06f,e2b5d1af-611f-418e-93d3-019b7b7ef4af,123,lembang,cikatomas pakidulan joszzz,,,20a73ac2-f227-44a5-9e29-bc90a26d22a2,19.00 - 20.00.mp4,
1075,108318,car,3ang_umum,3ang_umum,Public Transportation (Angkot),3,Medium passenger vehicle,3Ang_umum,2,Line 2,normal,3461.9333,103858,0.5731,142174c2-beba-409e-b25c-3c2882bce06f,e2b5d1af-611f-418e-93d3-019b7b7ef4af,123,lembang,cikatomas pakidulan joszzz,,,20a73ac2-f227-44a5-9e29-bc90a26d22a2,19.00 - 20.00.mp4,
1076,108284,truck,6tr_2sumbu,6TR_2sumbu,2-Axle Truck (Jumbo),6,2-Axle Truck,6TR_2sumbu,2,Line 2,opposite,3462.1,103863,0.3808,142174c2-beba-409e-b25c-3c2882bce06f,e2b5d1af-611f-418e-93d3-019b7b7ef4af,123,lembang,cikatomas pakidulan joszzz,,,20a73ac2-f227-44a5-9e29-bc90a26d22a2,19.00 - 20.00.mp4,
1077,108368,truck,6tr_2sumbu,6TR_2sumbu,2-Axle Truck (Jumbo),6,2-Axle Truck,6TR_2sumbu,2,Line 2,normal,3464.3333,103930,0.7406,142174c2-beba-409e-b25c-3c2882bce06f,e2b5d1af-611f-418e-93d3-019b7b7ef4af,123,lembang,cikatomas pakidulan joszzz,,,20a73ac2-f227-44a5-9e29-bc90a26d22a2,19.00 - 20.00.mp4,
1078,108490,car,2mobil,2mobil,Car / Sedan,2,Sedan / jeep / station wagon,2mobil,2,Line 2,normal,3468.9,104067,0.825,142174c2-beba-409e-b25c-3c2882bce06f,e2b5d1af-611f-418e-93d3-019b7b7ef4af,123,lembang,cikatomas pakidulan joszzz,,,20a73ac2-f227-44a5-9e29-bc90a26d22a2,19.00 - 20.00.mp4,
1079,108595,truck,6tr_2sumbu,6TR_2sumbu,2-Axle Truck (Jumbo),6,2-Axle Truck,6TR_2sumbu,2,Line 2,normal,3474.2333,104227,0.5647,142174c2-beba-409e-b25c-3c2882bce06f,e2b5d1af-611f-418e-93d3-019b7b7ef4af,123,lembang,cikatomas pakidulan joszzz,,,20a73ac2-f227-44a5-9e29-bc90a26d22a2,19.00 - 20.00.mp4,
1080,108624,truck,6tr_2sumbu,6TR_2sumbu,2-Axle Truck (Jumbo),6,2-Axle Truck,6TR_2sumbu,2,Line 2,normal,3475.6333,104269,0.4989,142174c2-beba-409e-b25c-3c2882bce06f,e2b5d1af-611f-418e-93d3-019b7b7ef4af,123,lembang,cikatomas pakidulan joszzz,,,20a73ac2-f227-44a5-9e29-bc90a26d22a2,19.00 - 20.00.mp4,
1081,108857,car,2mobil,2mobil,Car / Sedan,2,Sedan / jeep / station wagon,2mobil,2,Line 2,normal,3483.8667,104516,0.525,142174c2-beba-409e-b25c-3c2882bce06f,e2b5d1af-611f-418e-93d3-019b7b7ef4af,123,lembang,cikatomas pakidulan joszzz,,,20a73ac2-f227-44a5-9e29-bc90a26d22a2,19.00 - 20.00.mp4,
1082,108924,car,2mobil,2mobil,Car / Sedan,2,Sedan / jeep / station wagon,2mobil,2,Line 2,normal,3486.3,104589,0.8472,142174c2-beba-409e-b25c-3c2882bce06f,e2b5d1af-611f-418e-93d3-019b7b7ef4af,123,lembang,cikatomas pakidulan joszzz,,,20a73ac2-f227-44a5-9e29-bc90a26d22a2,19.00 - 20.00.mp4,
1083,108980,truck,6tr_2sumbu,6TR_2sumbu,2-Axle Truck (Jumbo),6,2-Axle Truck,6TR_2sumbu,2,Line 2,normal,3488.0333,104641,0.3979,142174c2-beba-409e-b25c-3c2882bce06f,e2b5d1af-611f-418e-93d3-019b7b7ef4af,123,lembang,cikatomas pakidulan joszzz,,,20a73ac2-f227-44a5-9e29-bc90a26d22a2,19.00 - 20.00.mp4,
1084,109072,car,2mobil,2mobil,Car / Sedan,2,Sedan / jeep / station wagon,2mobil,2,Line 2,normal,3491.7,104751,0.7799,142174c2-beba-409e-b25c-3c2882bce06f,e2b5d1af-611f-418e-93d3-019b7b7ef4af,123,lembang,cikatomas pakidulan joszzz,,,20a73ac2-f227-44a5-9e29-bc90a26d22a2,19.00 - 20.00.mp4,
1085,109103,car,2mobil,2mobil,Car / Sedan,2,Sedan / jeep / station wagon,2mobil,2,Line 2,normal,3493.3,104799,0.7308,142174c2-beba-409e-b25c-3c2882bce06f,e2b5d1af-611f-418e-93d3-019b7b7ef4af,123,lembang,cikatomas pakidulan joszzz,,,20a73ac2-f227-44a5-9e29-bc90a26d22a2,19.00 - 20.00.mp4,
1086,109136,car,2mobil,2mobil,Car / Sedan,2,Sedan / jeep / station wagon,2mobil,2,Line 2,normal,3494.9,104847,0.5589,142174c2-beba-409e-b25c-3c2882bce06f,e2b5d1af-611f-418e-93d3-019b7b7ef4af,123,lembang,cikatomas pakidulan joszzz,,,20a73ac2-f227-44a5-9e29-bc90a26d22a2,19.00 - 20.00.mp4,
1087,109367,car,2mobil,2mobil,Car / Sedan,2,Sedan / jeep / station wagon,2mobil,2,Line 2,opposite,3505.6333,105169,0.7135,142174c2-beba-409e-b25c-3c2882bce06f,e2b5d1af-611f-418e-93d3-019b7b7ef4af,123,lembang,cikatomas pakidulan joszzz,,,20a73ac2-f227-44a5-9e29-bc90a26d22a2,19.00 - 20.00.mp4,
1088,109410,car,2mobil,2mobil,Car / Sedan,2,Sedan / jeep / station wagon,2mobil,2,Line 2,opposite,3507.1,105213,0.5478,142174c2-beba-409e-b25c-3c2882bce06f,e2b5d1af-611f-418e-93d3-019b7b7ef4af,123,lembang,cikatomas pakidulan joszzz,,,20a73ac2-f227-44a5-9e29-bc90a26d22a2,19.00 - 20.00.mp4,
1089,109470,car,2mobil,2mobil,Car / Sedan,2,Sedan / jeep / station wagon,2mobil,2,Line 2,normal,3508.1333,105244,0.687,142174c2-beba-409e-b25c-3c2882bce06f,e2b5d1af-611f-418e-93d3-019b7b7ef4af,123,lembang,cikatomas pakidulan joszzz,,,20a73ac2-f227-44a5-9e29-bc90a26d22a2,19.00 - 20.00.mp4,
1090,109480,truck,4pickupmicro,4PickupMicro,Pickup / Micro Truck,4,Pickup / micro truck / delivery,4PickupMicro,2,Line 2,opposite,3508.6667,105260,0.389,142174c2-beba-409e-b25c-3c2882bce06f,e2b5d1af-611f-418e-93d3-019b7b7ef4af,123,lembang,cikatomas pakidulan joszzz,,,20a73ac2-f227-44a5-9e29-bc90a26d22a2,19.00 - 20.00.mp4,
1091,109457,truck,6tr_2sumbu,6TR_2sumbu,2-Axle Truck (Jumbo),6,2-Axle Truck,6TR_2sumbu,2,Line 2,opposite,3509.0333,105271,0.8584,142174c2-beba-409e-b25c-3c2882bce06f,e2b5d1af-611f-418e-93d3-019b7b7ef4af,123,lembang,cikatomas pakidulan joszzz,,,20a73ac2-f227-44a5-9e29-bc90a26d22a2,19.00 - 20.00.mp4,
1092,109614,truck,4pickupmicro,4PickupMicro,Pickup / Micro Truck,4,Pickup / micro truck / delivery,4PickupMicro,2,Line 2,opposite,3514.1333,105424,0.3953,142174c2-beba-409e-b25c-3c2882bce06f,e2b5d1af-611f-418e-93d3-019b7b7ef4af,123,lembang,cikatomas pakidulan joszzz,,,20a73ac2-f227-44a5-9e29-bc90a26d22a2,19.00 - 20.00.mp4,
1093,109643,car,2mobil,2mobil,Car / Sedan,2,Sedan / jeep / station wagon,2mobil,2,Line 2,normal,3514.9,105447,0.6859,142174c2-beba-409e-b25c-3c2882bce06f,e2b5d1af-611f-418e-93d3-019b7b7ef4af,123,lembang,cikatomas pakidulan joszzz,,,20a73ac2-f227-44a5-9e29-bc90a26d22a2,19.00 - 20.00.mp4,
1094,109663,car,2mobil,2mobil,Car / Sedan,2,Sedan / jeep / station wagon,2mobil,2,Line 2,opposite,3516.9667,105509,0.5163,142174c2-beba-409e-b25c-3c2882bce06f,e2b5d1af-611f-418e-93d3-019b7b7ef4af,123,lembang,cikatomas pakidulan joszzz,,,20a73ac2-f227-44a5-9e29-bc90a26d22a2,19.00 - 20.00.mp4,
1095,109721,truck,6tr_2sumbu,6TR_2sumbu,2-Axle Truck (Jumbo),6,2-Axle Truck,6TR_2sumbu,2,Line 2,normal,3518.7333,105562,0.4553,142174c2-beba-409e-b25c-3c2882bce06f,e2b5d1af-611f-418e-93d3-019b7b7ef4af,123,lembang,cikatomas pakidulan joszzz,,,20a73ac2-f227-44a5-9e29-bc90a26d22a2,19.00 - 20.00.mp4,
1096,109857,truck,6tr_2sumbu,6TR_2sumbu,2-Axle Truck (Jumbo),6,2-Axle Truck,6TR_2sumbu,2,Line 2,normal,3523.1333,105694,0.7085,142174c2-beba-409e-b25c-3c2882bce06f,e2b5d1af-611f-418e-93d3-019b7b7ef4af,123,lembang,cikatomas pakidulan joszzz,,,20a73ac2-f227-44a5-9e29-bc90a26d22a2,19.00 - 20.00.mp4,
1097,109892,car,2mobil,2mobil,Car / Sedan,2,Sedan / jeep / station wagon,2mobil,2,Line 2,normal,3523.9667,105719,0.7628,142174c2-beba-409e-b25c-3c2882bce06f,e2b5d1af-611f-418e-93d3-019b7b7ef4af,123,lembang,cikatomas pakidulan joszzz,,,20a73ac2-f227-44a5-9e29-bc90a26d22a2,19.00 - 20.00.mp4,
1098,110056,car,2mobil,2mobil,Car / Sedan,2,Sedan / jeep / station wagon,2mobil,2,Line 2,normal,3528.7333,105862,0.8775,142174c2-beba-409e-b25c-3c2882bce06f,e2b5d1af-611f-418e-93d3-019b7b7ef4af,123,lembang,cikatomas pakidulan joszzz,,,20a73ac2-f227-44a5-9e29-bc90a26d22a2,19.00 - 20.00.mp4,
1099,110082,car,2mobil,2mobil,Car / Sedan,2,Sedan / jeep / station wagon,2mobil,2,Line 2,normal,3529.9333,105898,0.8838,142174c2-beba-409e-b25c-3c2882bce06f,e2b5d1af-611f-418e-93d3-019b7b7ef4af,123,lembang,cikatomas pakidulan joszzz,,,20a73ac2-f227-44a5-9e29-bc90a26d22a2,19.00 - 20.00.mp4,
1100,110063,truck,6tr_2sumbu,6TR_2sumbu,2-Axle Truck (Jumbo),6,2-Axle Truck,6TR_2sumbu,2,Line 2,opposite,3530.4,105912,0.7683,142174c2-beba-409e-b25c-3c2882bce06f,e2b5d1af-611f-418e-93d3-019b7b7ef4af,123,lembang,cikatomas pakidulan joszzz,,,20a73ac2-f227-44a5-9e29-bc90a26d22a2,19.00 - 20.00.mp4,
1101,110099,truck,6tr_2sumbu,6TR_2sumbu,2-Axle Truck (Jumbo),6,2-Axle Truck,6TR_2sumbu,2,Line 2,normal,3530.7333,105922,0.6389,142174c2-beba-409e-b25c-3c2882bce06f,e2b5d1af-611f-418e-93d3-019b7b7ef4af,123,lembang,cikatomas pakidulan joszzz,,,20a73ac2-f227-44a5-9e29-bc90a26d22a2,19.00 - 20.00.mp4,
1102,110127,car,2mobil,2mobil,Car / Sedan,2,Sedan / jeep / station wagon,2mobil,2,Line 2,normal,3531.4333,105943,0.8742,142174c2-beba-409e-b25c-3c2882bce06f,e2b5d1af-611f-418e-93d3-019b7b7ef4af,123,lembang,cikatomas pakidulan joszzz,,,20a73ac2-f227-44a5-9e29-bc90a26d22a2,19.00 - 20.00.mp4,
1103,110176,car,2mobil,2mobil,Car / Sedan,2,Sedan / jeep / station wagon,2mobil,2,Line 2,normal,3533.2333,105997,0.6267,142174c2-beba-409e-b25c-3c2882bce06f,e2b5d1af-611f-418e-93d3-019b7b7ef4af,123,lembang,cikatomas pakidulan joszzz,,,20a73ac2-f227-44a5-9e29-bc90a26d22a2,19.00 - 20.00.mp4,
1104,110174,truck,6tr_2sumbu,6TR_2sumbu,2-Axle Truck (Jumbo),6,2-Axle Truck,6TR_2sumbu,2,Line 2,normal,3533.3,105999,0.764,142174c2-beba-409e-b25c-3c2882bce06f,e2b5d1af-611f-418e-93d3-019b7b7ef4af,123,lembang,cikatomas pakidulan joszzz,,,20a73ac2-f227-44a5-9e29-bc90a26d22a2,19.00 - 20.00.mp4,
1105,110236,car,2mobil,2mobil,Car / Sedan,2,Sedan / jeep / station wagon,2mobil,2,Line 2,normal,3534.7333,106042,0.8191,142174c2-beba-409e-b25c-3c2882bce06f,e2b5d1af-611f-418e-93d3-019b7b7ef4af,123,lembang,cikatomas pakidulan joszzz,,,20a73ac2-f227-44a5-9e29-bc90a26d22a2,19.00 - 20.00.mp4,
1106,110220,truck,6tr_2sumbu,6TR_2sumbu,2-Axle Truck (Jumbo),6,2-Axle Truck,6TR_2sumbu,2,Line 2,normal,3535.0333,106051,0.7546,142174c2-beba-409e-b25c-3c2882bce06f,e2b5d1af-611f-418e-93d3-019b7b7ef4af,123,lembang,cikatomas pakidulan joszzz,,,20a73ac2-f227-44a5-9e29-bc90a26d22a2,19.00 - 20.00.mp4,
1107,110324,car,2mobil,2mobil,Car / Sedan,2,Sedan / jeep / station wagon,2mobil,2,Line 2,normal,3537.9,106137,0.8085,142174c2-beba-409e-b25c-3c2882bce06f,e2b5d1af-611f-418e-93d3-019b7b7ef4af,123,lembang,cikatomas pakidulan joszzz,,,20a73ac2-f227-44a5-9e29-bc90a26d22a2,19.00 - 20.00.mp4,
1108,110356,truck,6tr_2sumbu,6TR_2sumbu,2-Axle Truck (Jumbo),6,2-Axle Truck,6TR_2sumbu,2,Line 2,normal,3538.5333,106156,0.8064,142174c2-beba-409e-b25c-3c2882bce06f,e2b5d1af-611f-418e-93d3-019b7b7ef4af,123,lembang,cikatomas pakidulan joszzz,,,20a73ac2-f227-44a5-9e29-bc90a26d22a2,19.00 - 20.00.mp4,
1109,110392,car,3ang_umum,3ang_umum,Public Transportation (Angkot),3,Medium passenger vehicle,3Ang_umum,2,Line 2,normal,3539.9333,106198,0.4407,142174c2-beba-409e-b25c-3c2882bce06f,e2b5d1af-611f-418e-93d3-019b7b7ef4af,123,lembang,cikatomas pakidulan joszzz,,,20a73ac2-f227-44a5-9e29-bc90a26d22a2,19.00 - 20.00.mp4,
1110,110498,car,2mobil,2mobil,Car / Sedan,2,Sedan / jeep / station wagon,2mobil,2,Line 2,normal,3544.5667,106337,0.8701,142174c2-beba-409e-b25c-3c2882bce06f,e2b5d1af-611f-418e-93d3-019b7b7ef4af,123,lembang,cikatomas pakidulan joszzz,,,20a73ac2-f227-44a5-9e29-bc90a26d22a2,19.00 - 20.00.mp4,
1111,110550,car,2mobil,2mobil,Car / Sedan,2,Sedan / jeep / station wagon,2mobil,2,Line 2,normal,3546.0,106380,0.7102,142174c2-beba-409e-b25c-3c2882bce06f,e2b5d1af-611f-418e-93d3-019b7b7ef4af,123,lembang,cikatomas pakidulan joszzz,,,20a73ac2-f227-44a5-9e29-bc90a26d22a2,19.00 - 20.00.mp4,
1112,110593,car,2mobil,2mobil,Car / Sedan,2,Sedan / jeep / station wagon,2mobil,2,Line 2,normal,3548.3,106449,0.8669,142174c2-beba-409e-b25c-3c2882bce06f,e2b5d1af-611f-418e-93d3-019b7b7ef4af,123,lembang,cikatomas pakidulan joszzz,,,20a73ac2-f227-44a5-9e29-bc90a26d22a2,19.00 - 20.00.mp4,
1113,110596,truck,6tr_2sumbu,6TR_2sumbu,2-Axle Truck (Jumbo),6,2-Axle Truck,6TR_2sumbu,2,Line 2,normal,3548.4333,106453,0.5044,142174c2-beba-409e-b25c-3c2882bce06f,e2b5d1af-611f-418e-93d3-019b7b7ef4af,123,lembang,cikatomas pakidulan joszzz,,,20a73ac2-f227-44a5-9e29-bc90a26d22a2,19.00 - 20.00.mp4,
1114,110634,car,2mobil,2mobil,Car / Sedan,2,Sedan / jeep / station wagon,2mobil,2,Line 2,normal,3549.6,106488,0.7101,142174c2-beba-409e-b25c-3c2882bce06f,e2b5d1af-611f-418e-93d3-019b7b7ef4af,123,lembang,cikatomas pakidulan joszzz,,,20a73ac2-f227-44a5-9e29-bc90a26d22a2,19.00 - 20.00.mp4,
1115,110606,truck,6tr_2sumbu,6TR_2sumbu,2-Axle Truck (Jumbo),6,2-Axle Truck,6TR_2sumbu,2,Line 2,normal,3550.0333,106501,0.8372,142174c2-beba-409e-b25c-3c2882bce06f,e2b5d1af-611f-418e-93d3-019b7b7ef4af,123,lembang,cikatomas pakidulan joszzz,,,20a73ac2-f227-44a5-9e29-bc90a26d22a2,19.00 - 20.00.mp4,
1116,110825,bus,5bus,5Bus,Bus,5,Bus,5Bus,2,Line 2,normal,3558.0,106740,0.4184,142174c2-beba-409e-b25c-3c2882bce06f,e2b5d1af-611f-418e-93d3-019b7b7ef4af,123,lembang,cikatomas pakidulan joszzz,,,20a73ac2-f227-44a5-9e29-bc90a26d22a2,19.00 - 20.00.mp4,
1117,110813,bus,5bus,5Bus,Bus,5,Bus,5Bus,2,Line 2,normal,3558.0333,106741,0.5398,142174c2-beba-409e-b25c-3c2882bce06f,e2b5d1af-611f-418e-93d3-019b7b7ef4af,123,lembang,cikatomas pakidulan joszzz,,,20a73ac2-f227-44a5-9e29-bc90a26d22a2,19.00 - 20.00.mp4,
1118,110834,truck,4pickupmicro,4PickupMicro,Pickup / Micro Truck,4,Pickup / micro truck / delivery,4PickupMicro,2,Line 2,opposite,3559.7,106791,0.5511,142174c2-beba-409e-b25c-3c2882bce06f,e2b5d1af-611f-418e-93d3-019b7b7ef4af,123,lembang,cikatomas pakidulan joszzz,,,20a73ac2-f227-44a5-9e29-bc90a26d22a2,19.00 - 20.00.mp4,
1119,110932,truck,6tr_2sumbu,6TR_2sumbu,2-Axle Truck (Jumbo),6,2-Axle Truck,6TR_2sumbu,2,Line 2,normal,3564.1667,106925,0.5326,142174c2-beba-409e-b25c-3c2882bce06f,e2b5d1af-611f-418e-93d3-019b7b7ef4af,123,lembang,cikatomas pakidulan joszzz,,,20a73ac2-f227-44a5-9e29-bc90a26d22a2,19.00 - 20.00.mp4,
1120,111023,car,2mobil,2mobil,Car / Sedan,2,Sedan / jeep / station wagon,2mobil,2,Line 2,normal,3568.6333,107059,0.7343,142174c2-beba-409e-b25c-3c2882bce06f,e2b5d1af-611f-418e-93d3-019b7b7ef4af,123,lembang,cikatomas pakidulan joszzz,,,20a73ac2-f227-44a5-9e29-bc90a26d22a2,19.00 - 20.00.mp4,
1121,111074,truck,4pickupmicro,4PickupMicro,Pickup / Micro Truck,4,Pickup / micro truck / delivery,4PickupMicro,2,Line 2,opposite,3572.2333,107167,0.7269,142174c2-beba-409e-b25c-3c2882bce06f,e2b5d1af-611f-418e-93d3-019b7b7ef4af,123,lembang,cikatomas pakidulan joszzz,,,20a73ac2-f227-44a5-9e29-bc90a26d22a2,19.00 - 20.00.mp4,
1122,111193,car,2mobil,2mobil,Car / Sedan,2,Sedan / jeep / station wagon,2mobil,2,Line 2,normal,3576.9333,107308,0.6416,142174c2-beba-409e-b25c-3c2882bce06f,e2b5d1af-611f-418e-93d3-019b7b7ef4af,123,lembang,cikatomas pakidulan joszzz,,,20a73ac2-f227-44a5-9e29-bc90a26d22a2,19.00 - 20.00.mp4,
1123,111231,car,2mobil,2mobil,Car / Sedan,2,Sedan / jeep / station wagon,2mobil,2,Line 2,normal,3578.4,107352,0.853,142174c2-beba-409e-b25c-3c2882bce06f,e2b5d1af-611f-418e-93d3-019b7b7ef4af,123,lembang,cikatomas pakidulan joszzz,,,20a73ac2-f227-44a5-9e29-bc90a26d22a2,19.00 - 20.00.mp4,
1124,111311,car,2mobil,2mobil,Car / Sedan,2,Sedan / jeep / station wagon,2mobil,2,Line 2,normal,3580.7,107421,0.7424,142174c2-beba-409e-b25c-3c2882bce06f,e2b5d1af-611f-418e-93d3-019b7b7ef4af,123,lembang,cikatomas pakidulan joszzz,,,20a73ac2-f227-44a5-9e29-bc90a26d22a2,19.00 - 20.00.mp4,
1125,111368,truck,6tr_2sumbu,6TR_2sumbu,2-Axle Truck (Jumbo),6,2-Axle Truck,6TR_2sumbu,2,Line 2,normal,3584.0333,107521,0.7377,142174c2-beba-409e-b25c-3c2882bce06f,e2b5d1af-611f-418e-93d3-019b7b7ef4af,123,lembang,cikatomas pakidulan joszzz,,,20a73ac2-f227-44a5-9e29-bc90a26d22a2,19.00 - 20.00.mp4,
1126,111369,car,2mobil,2mobil,Car / Sedan,2,Sedan / jeep / station wagon,2mobil,2,Line 2,normal,3584.0667,107522,0.4097,142174c2-beba-409e-b25c-3c2882bce06f,e2b5d1af-611f-418e-93d3-019b7b7ef4af,123,lembang,cikatomas pakidulan joszzz,,,20a73ac2-f227-44a5-9e29-bc90a26d22a2,19.00 - 20.00.mp4,
1127,111376,car,2mobil,2mobil,Car / Sedan,2,Sedan / jeep / station wagon,2mobil,2,Line 2,opposite,3584.5,107535,0.4122,142174c2-beba-409e-b25c-3c2882bce06f,e2b5d1af-611f-418e-93d3-019b7b7ef4af,123,lembang,cikatomas pakidulan joszzz,,,20a73ac2-f227-44a5-9e29-bc90a26d22a2,19.00 - 20.00.mp4,
1128,111432,truck,6tr_2sumbu,6TR_2sumbu,2-Axle Truck (Jumbo),6,2-Axle Truck,6TR_2sumbu,2,Line 2,normal,3586.7333,107602,0.6276,142174c2-beba-409e-b25c-3c2882bce06f,e2b5d1af-611f-418e-93d3-019b7b7ef4af,123,lembang,cikatomas pakidulan joszzz,,,20a73ac2-f227-44a5-9e29-bc90a26d22a2,19.00 - 20.00.mp4,
1129,111449,car,2mobil,2mobil,Car / Sedan,2,Sedan / jeep / station wagon,2mobil,2,Line 2,normal,3587.7333,107632,0.6227,142174c2-beba-409e-b25c-3c2882bce06f,e2b5d1af-611f-418e-93d3-019b7b7ef4af,123,lembang,cikatomas pakidulan joszzz,,,20a73ac2-f227-44a5-9e29-bc90a26d22a2,19.00 - 20.00.mp4,
1130,111478,truck,6tr_2sumbu,6TR_2sumbu,2-Axle Truck (Jumbo),6,2-Axle Truck,6TR_2sumbu,2,Line 2,normal,3588.8333,107665,0.6871,142174c2-beba-409e-b25c-3c2882bce06f,e2b5d1af-611f-418e-93d3-019b7b7ef4af,123,lembang,cikatomas pakidulan joszzz,,,20a73ac2-f227-44a5-9e29-bc90a26d22a2,19.00 - 20.00.mp4,
1131,111561,truck,6tr_2sumbu,6TR_2sumbu,2-Axle Truck (Jumbo),6,2-Axle Truck,6TR_2sumbu,2,Line 2,normal,3591.8333,107755,0.8492,142174c2-beba-409e-b25c-3c2882bce06f,e2b5d1af-611f-418e-93d3-019b7b7ef4af,123,lembang,cikatomas pakidulan joszzz,,,20a73ac2-f227-44a5-9e29-bc90a26d22a2,19.00 - 20.00.mp4,
1132,111526,truck,6tr_2sumbu,6TR_2sumbu,2-Axle Truck (Jumbo),6,2-Axle Truck,6TR_2sumbu,2,Line 2,opposite,3592.6667,107780,0.7018,142174c2-beba-409e-b25c-3c2882bce06f,e2b5d1af-611f-418e-93d3-019b7b7ef4af,123,lembang,cikatomas pakidulan joszzz,,,20a73ac2-f227-44a5-9e29-bc90a26d22a2,19.00 - 20.00.mp4,
1133,111690,car,2mobil,2mobil,Car / Sedan,2,Sedan / jeep / station wagon,2mobil,2,Line 2,opposite,3596.8667,107906,0.3837,142174c2-beba-409e-b25c-3c2882bce06f,e2b5d1af-611f-418e-93d3-019b7b7ef4af,123,lembang,cikatomas pakidulan joszzz,,,20a73ac2-f227-44a5-9e29-bc90a26d22a2,19.00 - 20.00.mp4,
1134,111695,truck,4pickupmicro,4PickupMicro,Pickup / Micro Truck,4,Pickup / micro truck / delivery,4PickupMicro,2,Line 2,opposite,3597.2333,107917,0.4051,142174c2-beba-409e-b25c-3c2882bce06f,e2b5d1af-611f-418e-93d3-019b7b7ef4af,123,lembang,cikatomas pakidulan joszzz,,,20a73ac2-f227-44a5-9e29-bc90a26d22a2,19.00 - 20.00.mp4,
1135,111723,car,2mobil,2mobil,Car / Sedan,2,Sedan / jeep / station wagon,2mobil,2,Line 2,normal,3597.5,107925,0.6886,142174c2-beba-409e-b25c-3c2882bce06f,e2b5d1af-611f-418e-93d3-019b7b7ef4af,123,lembang,cikatomas pakidulan joszzz,,,20a73ac2-f227-44a5-9e29-bc90a26d22a2,19.00 - 20.00.mp4,
1136,111737,truck,4pickupmicro,4PickupMicro,Pickup / Micro Truck,4,Pickup / micro truck / delivery,4PickupMicro,2,Line 2,normal,3598.5,107955,0.7394,142174c2-beba-409e-b25c-3c2882bce06f,e2b5d1af-611f-418e-93d3-019b7b7ef4af,123,lembang,cikatomas pakidulan joszzz,,,20a73ac2-f227-44a5-9e29-bc90a26d22a2,19.00 - 20.00.mp4,
2258,111832,car,2mobil,2mobil,Car / Sedan,2,Sedan / jeep / station wagon,2mobil,2,Line 2,normal,3600.8333,108025,0.5441,142174c2-beba-409e-b25c-3c2882bce06f,e2b5d1af-611f-418e-93d3-019b7b7ef4af,123,lembang,cikatomas pakidulan joszzz,,,20a73ac2-f227-44a5-9e29-bc90a26d22a2,19.00 - 20.00.mp4,
