sequence_no,track_id,vehicle_class,detected_label,vehicle_type_code,vehicle_type_label,golongan_code,golongan_label,source_label,count_line_order,count_line_name,direction,crossed_at_seconds,crossed_at_frame,confidence,video_id,site_id,site_code,site_name,location_description,latitude,longitude,analysis_job_id,video_filename,recorded_at
1,3,motorcycle,1motor,1motor,Motorcycle,1,Motorcycle / 3-wheel vehicle,1motor,2,Line 2,normal,1.3998,28,0.4651,793c17b6-7366-4af5-86d0-d30e829b9950,e2b5d1af-611f-418e-93d3-019b7b7ef4af,123,lembang,cikatomas pakidulan joszzz,,,23b4dea3-82de-471a-b623-b3747f56a73a,ch01_00000000118000100.mp4,
2,3,motorcycle,1motor,1motor,Motorcycle,1,Motorcycle / 3-wheel vehicle,1motor,1,Line 1,normal,3.1496,63,0.6337,793c17b6-7366-4af5-86d0-d30e829b9950,e2b5d1af-611f-418e-93d3-019b7b7ef4af,123,lembang,cikatomas pakidulan joszzz,,,23b4dea3-82de-471a-b623-b3747f56a73a,ch01_00000000118000100.mp4,
3,12,motorcycle,1motor,1motor,Motorcycle,1,Motorcycle / 3-wheel vehicle,1motor,1,Line 1,normal,4.6495,93,0.7977,793c17b6-7366-4af5-86d0-d30e829b9950,e2b5d1af-611f-418e-93d3-019b7b7ef4af,123,lembang,cikatomas pakidulan joszzz,,,23b4dea3-82de-471a-b623-b3747f56a73a,ch01_00000000118000100.mp4,
4,9,motorcycle,1motor,1motor,Motorcycle,1,Motorcycle / 3-wheel vehicle,1motor,2,Line 2,normal,6.3993,128,0.8212,793c17b6-7366-4af5-86d0-d30e829b9950,e2b5d1af-611f-418e-93d3-019b7b7ef4af,123,lembang,cikatomas pakidulan joszzz,,,23b4dea3-82de-471a-b623-b3747f56a73a,ch01_00000000118000100.mp4,
5,15,motorcycle,1motor,1motor,Motorcycle,1,Motorcycle / 3-wheel vehicle,1motor,1,Line 1,opposite,7.8491,157,0.6303,793c17b6-7366-4af5-86d0-d30e829b9950,e2b5d1af-611f-418e-93d3-019b7b7ef4af,123,lembang,cikatomas pakidulan joszzz,,,23b4dea3-82de-471a-b623-b3747f56a73a,ch01_00000000118000100.mp4,
6,17,motorcycle,1motor,1motor,Motorcycle,1,Motorcycle / 3-wheel vehicle,1motor,1,Line 1,normal,8.449,169,0.7529,793c17b6-7366-4af5-86d0-d30e829b9950,e2b5d1af-611f-418e-93d3-019b7b7ef4af,123,lembang,cikatomas pakidulan joszzz,,,23b4dea3-82de-471a-b623-b3747f56a73a,ch01_00000000118000100.mp4,
7,20,motorcycle,1motor,1motor,Motorcycle,1,Motorcycle / 3-wheel vehicle,1motor,1,Line 1,opposite,8.849,177,0.8823,793c17b6-7366-4af5-86d0-d30e829b9950,e2b5d1af-611f-418e-93d3-019b7b7ef4af,123,lembang,cikatomas pakidulan joszzz,,,23b4dea3-82de-471a-b623-b3747f56a73a,ch01_00000000118000100.mp4,
8,10,motorcycle,1motor,1motor,Motorcycle,1,Motorcycle / 3-wheel vehicle,1motor,1,Line 1,opposite,9.4489,189,0.7875,793c17b6-7366-4af5-86d0-d30e829b9950,e2b5d1af-611f-418e-93d3-019b7b7ef4af,123,lembang,cikatomas pakidulan joszzz,,,23b4dea3-82de-471a-b623-b3747f56a73a,ch01_00000000118000100.mp4,
9,20,motorcycle,1motor,1motor,Motorcycle,1,Motorcycle / 3-wheel vehicle,1motor,2,Line 2,opposite,9.5489,191,0.851,793c17b6-7366-4af5-86d0-d30e829b9950,e2b5d1af-611f-418e-93d3-019b7b7ef4af,123,lembang,cikatomas pakidulan joszzz,,,23b4dea3-82de-471a-b623-b3747f56a73a,ch01_00000000118000100.mp4,
10,37,motorcycle,1motor,1motor,Motorcycle,1,Motorcycle / 3-wheel vehicle,1motor,1,Line 1,opposite,15.0483,301,0.8284,793c17b6-7366-4af5-86d0-d30e829b9950,e2b5d1af-611f-418e-93d3-019b7b7ef4af,123,lembang,cikatomas pakidulan joszzz,,,23b4dea3-82de-471a-b623-b3747f56a73a,ch01_00000000118000100.mp4,
11,37,motorcycle,1motor,1motor,Motorcycle,1,Motorcycle / 3-wheel vehicle,1motor,2,Line 2,opposite,15.3983,308,0.8818,793c17b6-7366-4af5-86d0-d30e829b9950,e2b5d1af-611f-418e-93d3-019b7b7ef4af,123,lembang,cikatomas pakidulan joszzz,,,23b4dea3-82de-471a-b623-b3747f56a73a,ch01_00000000118000100.mp4,
12,454,motorcycle,1motor,1motor,Motorcycle,1,Motorcycle / 3-wheel vehicle,1motor,2,Line 2,opposite,19.9477,399,0.8419,793c17b6-7366-4af5-86d0-d30e829b9950,e2b5d1af-611f-418e-93d3-019b7b7ef4af,123,lembang,cikatomas pakidulan joszzz,,,23b4dea3-82de-471a-b623-b3747f56a73a,ch01_00000000118000100.mp4,
13,488,motorcycle,1motor,1motor,Motorcycle,1,Motorcycle / 3-wheel vehicle,1motor,1,Line 1,opposite,20.0977,402,0.8673,793c17b6-7366-4af5-86d0-d30e829b9950,e2b5d1af-611f-418e-93d3-019b7b7ef4af,123,lembang,cikatomas pakidulan joszzz,,,23b4dea3-82de-471a-b623-b3747f56a73a,ch01_00000000118000100.mp4,
14,468,motorcycle,1motor,1motor,Motorcycle,1,Motorcycle / 3-wheel vehicle,1motor,2,Line 2,opposite,20.0977,402,0.8013,793c17b6-7366-4af5-86d0-d30e829b9950,e2b5d1af-611f-418e-93d3-019b7b7ef4af,123,lembang,cikatomas pakidulan joszzz,,,23b4dea3-82de-471a-b623-b3747f56a73a,ch01_00000000118000100.mp4,
15,455,motorcycle,1motor,1motor,Motorcycle,1,Motorcycle / 3-wheel vehicle,1motor,2,Line 2,opposite,20.7976,416,0.8477,793c17b6-7366-4af5-86d0-d30e829b9950,e2b5d1af-611f-418e-93d3-019b7b7ef4af,123,lembang,cikatomas pakidulan joszzz,,,23b4dea3-82de-471a-b623-b3747f56a73a,ch01_00000000118000100.mp4,
16,570,motorcycle,1motor,1motor,Motorcycle,1,Motorcycle / 3-wheel vehicle,1motor,1,Line 1,opposite,21.2476,425,0.8531,793c17b6-7366-4af5-86d0-d30e829b9950,e2b5d1af-611f-418e-93d3-019b7b7ef4af,123,lembang,cikatomas pakidulan joszzz,,,23b4dea3-82de-471a-b623-b3747f56a73a,ch01_00000000118000100.mp4,
17,570,motorcycle,1motor,1motor,Motorcycle,1,Motorcycle / 3-wheel vehicle,1motor,2,Line 2,opposite,21.6975,434,0.8042,793c17b6-7366-4af5-86d0-d30e829b9950,e2b5d1af-611f-418e-93d3-019b7b7ef4af,123,lembang,cikatomas pakidulan joszzz,,,23b4dea3-82de-471a-b623-b3747f56a73a,ch01_00000000118000100.mp4,
18,611,car,2mobil,2mobil,Car / Sedan,2,Sedan / jeep / station wagon,2mobil,2,Line 2,normal,22.4975,450,0.8699,793c17b6-7366-4af5-86d0-d30e829b9950,e2b5d1af-611f-418e-93d3-019b7b7ef4af,123,lembang,cikatomas pakidulan joszzz,,,23b4dea3-82de-471a-b623-b3747f56a73a,ch01_00000000118000100.mp4,
19,611,car,2mobil,2mobil,Car / Sedan,2,Sedan / jeep / station wagon,2mobil,1,Line 1,normal,23.1974,464,0.9269,793c17b6-7366-4af5-86d0-d30e829b9950,e2b5d1af-611f-418e-93d3-019b7b7ef4af,123,lembang,cikatomas pakidulan joszzz,,,23b4dea3-82de-471a-b623-b3747f56a73a,ch01_00000000118000100.mp4,
20,936,motorcycle,1motor,1motor,Motorcycle,1,Motorcycle / 3-wheel vehicle,1motor,1,Line 1,opposite,25.5971,512,0.7592,793c17b6-7366-4af5-86d0-d30e829b9950,e2b5d1af-611f-418e-93d3-019b7b7ef4af,123,lembang,cikatomas pakidulan joszzz,,,23b4dea3-82de-471a-b623-b3747f56a73a,ch01_00000000118000100.mp4,
21,1018,motorcycle,1motor,1motor,Motorcycle,1,Motorcycle / 3-wheel vehicle,1motor,1,Line 1,opposite,26.597,532,0.8592,793c17b6-7366-4af5-86d0-d30e829b9950,e2b5d1af-611f-418e-93d3-019b7b7ef4af,123,lembang,cikatomas pakidulan joszzz,,,23b4dea3-82de-471a-b623-b3747f56a73a,ch01_00000000118000100.mp4,
22,1102,motorcycle,1motor,1motor,Motorcycle,1,Motorcycle / 3-wheel vehicle,1motor,2,Line 2,opposite,27.7969,556,0.6883,793c17b6-7366-4af5-86d0-d30e829b9950,e2b5d1af-611f-418e-93d3-019b7b7ef4af,123,lembang,cikatomas pakidulan joszzz,,,23b4dea3-82de-471a-b623-b3747f56a73a,ch01_00000000118000100.mp4,
23,1164,car,2mobil,2mobil,Car / Sedan,2,Sedan / jeep / station wagon,2mobil,1,Line 1,normal,28.3968,568,0.8376,793c17b6-7366-4af5-86d0-d30e829b9950,e2b5d1af-611f-418e-93d3-019b7b7ef4af,123,lembang,cikatomas pakidulan joszzz,,,23b4dea3-82de-471a-b623-b3747f56a73a,ch01_00000000118000100.mp4,
24,1221,motorcycle,1motor,1motor,Motorcycle,1,Motorcycle / 3-wheel vehicle,1motor,1,Line 1,normal,28.8467,577,0.7882,793c17b6-7366-4af5-86d0-d30e829b9950,e2b5d1af-611f-418e-93d3-019b7b7ef4af,123,lembang,cikatomas pakidulan joszzz,,,23b4dea3-82de-471a-b623-b3747f56a73a,ch01_00000000118000100.mp4,
25,1283,motorcycle,1motor,1motor,Motorcycle,1,Motorcycle / 3-wheel vehicle,1motor,2,Line 2,opposite,29.1967,584,0.7855,793c17b6-7366-4af5-86d0-d30e829b9950,e2b5d1af-611f-418e-93d3-019b7b7ef4af,123,lembang,cikatomas pakidulan joszzz,,,23b4dea3-82de-471a-b623-b3747f56a73a,ch01_00000000118000100.mp4,
26,1255,motorcycle,1motor,1motor,Motorcycle,1,Motorcycle / 3-wheel vehicle,1motor,2,Line 2,opposite,29.6466,593,0.8458,793c17b6-7366-4af5-86d0-d30e829b9950,e2b5d1af-611f-418e-93d3-019b7b7ef4af,123,lembang,cikatomas pakidulan joszzz,,,23b4dea3-82de-471a-b623-b3747f56a73a,ch01_00000000118000100.mp4,
27,1615,motorcycle,1motor,1motor,Motorcycle,1,Motorcycle / 3-wheel vehicle,1motor,1,Line 1,opposite,32.7963,656,0.8789,793c17b6-7366-4af5-86d0-d30e829b9950,e2b5d1af-611f-418e-93d3-019b7b7ef4af,123,lembang,cikatomas pakidulan joszzz,,,23b4dea3-82de-471a-b623-b3747f56a73a,ch01_00000000118000100.mp4,
28,1615,motorcycle,1motor,1motor,Motorcycle,1,Motorcycle / 3-wheel vehicle,1motor,2,Line 2,opposite,33.4462,669,0.8477,793c17b6-7366-4af5-86d0-d30e829b9950,e2b5d1af-611f-418e-93d3-019b7b7ef4af,123,lembang,cikatomas pakidulan joszzz,,,23b4dea3-82de-471a-b623-b3747f56a73a,ch01_00000000118000100.mp4,
29,1861,car,2mobil,2mobil,Car / Sedan,2,Sedan / jeep / station wagon,2mobil,1,Line 1,opposite,35.196,704,0.893,793c17b6-7366-4af5-86d0-d30e829b9950,e2b5d1af-611f-418e-93d3-019b7b7ef4af,123,lembang,cikatomas pakidulan joszzz,,,23b4dea3-82de-471a-b623-b3747f56a73a,ch01_00000000118000100.mp4,
30,1861,car,2mobil,2mobil,Car / Sedan,2,Sedan / jeep / station wagon,2mobil,2,Line 2,opposite,35.8959,718,0.9177,793c17b6-7366-4af5-86d0-d30e829b9950,e2b5d1af-611f-418e-93d3-019b7b7ef4af,123,lembang,cikatomas pakidulan joszzz,,,23b4dea3-82de-471a-b623-b3747f56a73a,ch01_00000000118000100.mp4,
31,1996,motorcycle,1motor,1motor,Motorcycle,1,Motorcycle / 3-wheel vehicle,1motor,1,Line 1,opposite,36.4459,729,0.8749,793c17b6-7366-4af5-86d0-d30e829b9950,e2b5d1af-611f-418e-93d3-019b7b7ef4af,123,lembang,cikatomas pakidulan joszzz,,,23b4dea3-82de-471a-b623-b3747f56a73a,ch01_00000000118000100.mp4,
32,1996,motorcycle,1motor,1motor,Motorcycle,1,Motorcycle / 3-wheel vehicle,1motor,2,Line 2,opposite,37.1958,744,0.7844,793c17b6-7366-4af5-86d0-d30e829b9950,e2b5d1af-611f-418e-93d3-019b7b7ef4af,123,lembang,cikatomas pakidulan joszzz,,,23b4dea3-82de-471a-b623-b3747f56a73a,ch01_00000000118000100.mp4,
33,2143,car,2mobil,2mobil,Car / Sedan,2,Sedan / jeep / station wagon,2mobil,1,Line 1,opposite,38.1957,764,0.7874,793c17b6-7366-4af5-86d0-d30e829b9950,e2b5d1af-611f-418e-93d3-019b7b7ef4af,123,lembang,cikatomas pakidulan joszzz,,,23b4dea3-82de-471a-b623-b3747f56a73a,ch01_00000000118000100.mp4,
34,2126,car,2mobil,2mobil,Car / Sedan,2,Sedan / jeep / station wagon,2mobil,1,Line 1,opposite,38.3457,767,0.9261,793c17b6-7366-4af5-86d0-d30e829b9950,e2b5d1af-611f-418e-93d3-019b7b7ef4af,123,lembang,cikatomas pakidulan joszzz,,,23b4dea3-82de-471a-b623-b3747f56a73a,ch01_00000000118000100.mp4,
35,2126,car,2mobil,2mobil,Car / Sedan,2,Sedan / jeep / station wagon,2mobil,2,Line 2,opposite,39.0456,781,0.8191,793c17b6-7366-4af5-86d0-d30e829b9950,e2b5d1af-611f-418e-93d3-019b7b7ef4af,123,lembang,cikatomas pakidulan joszzz,,,23b4dea3-82de-471a-b623-b3747f56a73a,ch01_00000000118000100.mp4,
36,2143,car,2mobil,2mobil,Car / Sedan,2,Sedan / jeep / station wagon,2mobil,2,Line 2,opposite,39.1456,783,0.911,793c17b6-7366-4af5-86d0-d30e829b9950,e2b5d1af-611f-418e-93d3-019b7b7ef4af,123,lembang,cikatomas pakidulan joszzz,,,23b4dea3-82de-471a-b623-b3747f56a73a,ch01_00000000118000100.mp4,
37,2270,motorcycle,1motor,1motor,Motorcycle,1,Motorcycle / 3-wheel vehicle,1motor,2,Line 2,normal,39.4955,790,0.7496,793c17b6-7366-4af5-86d0-d30e829b9950,e2b5d1af-611f-418e-93d3-019b7b7ef4af,123,lembang,cikatomas pakidulan joszzz,,,23b4dea3-82de-471a-b623-b3747f56a73a,ch01_00000000118000100.mp4,
38,2233,motorcycle,1motor,1motor,Motorcycle,1,Motorcycle / 3-wheel vehicle,1motor,2,Line 2,opposite,39.6955,794,0.8167,793c17b6-7366-4af5-86d0-d30e829b9950,e2b5d1af-611f-418e-93d3-019b7b7ef4af,123,lembang,cikatomas pakidulan joszzz,,,23b4dea3-82de-471a-b623-b3747f56a73a,ch01_00000000118000100.mp4,
39,2344,car,2mobil,2mobil,Car / Sedan,2,Sedan / jeep / station wagon,2mobil,1,Line 1,opposite,40.5954,812,0.8582,793c17b6-7366-4af5-86d0-d30e829b9950,e2b5d1af-611f-418e-93d3-019b7b7ef4af,123,lembang,cikatomas pakidulan joszzz,,,23b4dea3-82de-471a-b623-b3747f56a73a,ch01_00000000118000100.mp4,
40,2397,car,2mobil,2mobil,Car / Sedan,2,Sedan / jeep / station wagon,2mobil,2,Line 2,opposite,41.2453,825,0.762,793c17b6-7366-4af5-86d0-d30e829b9950,e2b5d1af-611f-418e-93d3-019b7b7ef4af,123,lembang,cikatomas pakidulan joszzz,,,23b4dea3-82de-471a-b623-b3747f56a73a,ch01_00000000118000100.mp4,
41,2418,motorcycle,1motor,1motor,Motorcycle,1,Motorcycle / 3-wheel vehicle,1motor,1,Line 1,opposite,41.3453,827,0.7738,793c17b6-7366-4af5-86d0-d30e829b9950,e2b5d1af-611f-418e-93d3-019b7b7ef4af,123,lembang,cikatomas pakidulan joszzz,,,23b4dea3-82de-471a-b623-b3747f56a73a,ch01_00000000118000100.mp4,
42,2499,motorcycle,1motor,1motor,Motorcycle,1,Motorcycle / 3-wheel vehicle,1motor,1,Line 1,opposite,42.0952,842,0.8785,793c17b6-7366-4af5-86d0-d30e829b9950,e2b5d1af-611f-418e-93d3-019b7b7ef4af,123,lembang,cikatomas pakidulan joszzz,,,23b4dea3-82de-471a-b623-b3747f56a73a,ch01_00000000118000100.mp4,
43,2418,motorcycle,1motor,1motor,Motorcycle,1,Motorcycle / 3-wheel vehicle,1motor,2,Line 2,opposite,42.1452,843,0.8269,793c17b6-7366-4af5-86d0-d30e829b9950,e2b5d1af-611f-418e-93d3-019b7b7ef4af,123,lembang,cikatomas pakidulan joszzz,,,23b4dea3-82de-471a-b623-b3747f56a73a,ch01_00000000118000100.mp4,
44,2499,motorcycle,1motor,1motor,Motorcycle,1,Motorcycle / 3-wheel vehicle,1motor,2,Line 2,opposite,42.8951,858,0.8441,793c17b6-7366-4af5-86d0-d30e829b9950,e2b5d1af-611f-418e-93d3-019b7b7ef4af,123,lembang,cikatomas pakidulan joszzz,,,23b4dea3-82de-471a-b623-b3747f56a73a,ch01_00000000118000100.mp4,
45,2685,car,2mobil,2mobil,Car / Sedan,2,Sedan / jeep / station wagon,2mobil,1,Line 1,opposite,44.295,886,0.6955,793c17b6-7366-4af5-86d0-d30e829b9950,e2b5d1af-611f-418e-93d3-019b7b7ef4af,123,lembang,cikatomas pakidulan joszzz,,,23b4dea3-82de-471a-b623-b3747f56a73a,ch01_00000000118000100.mp4,
46,2685,car,2mobil,2mobil,Car / Sedan,2,Sedan / jeep / station wagon,2mobil,2,Line 2,opposite,45.0449,901,0.9181,793c17b6-7366-4af5-86d0-d30e829b9950,e2b5d1af-611f-418e-93d3-019b7b7ef4af,123,lembang,cikatomas pakidulan joszzz,,,23b4dea3-82de-471a-b623-b3747f56a73a,ch01_00000000118000100.mp4,
47,2869,car,2mobil,2mobil,Car / Sedan,2,Sedan / jeep / station wagon,2mobil,1,Line 1,opposite,46.3447,927,0.7417,793c17b6-7366-4af5-86d0-d30e829b9950,e2b5d1af-611f-418e-93d3-019b7b7ef4af,123,lembang,cikatomas pakidulan joszzz,,,23b4dea3-82de-471a-b623-b3747f56a73a,ch01_00000000118000100.mp4,
48,2901,motorcycle,1motor,1motor,Motorcycle,1,Motorcycle / 3-wheel vehicle,1motor,2,Line 2,opposite,46.7947,936,0.5032,793c17b6-7366-4af5-86d0-d30e829b9950,e2b5d1af-611f-418e-93d3-019b7b7ef4af,123,lembang,cikatomas pakidulan joszzz,,,23b4dea3-82de-471a-b623-b3747f56a73a,ch01_00000000118000100.mp4,
49,2869,car,2mobil,2mobil,Car / Sedan,2,Sedan / jeep / station wagon,2mobil,2,Line 2,opposite,47.0447,941,0.8951,793c17b6-7366-4af5-86d0-d30e829b9950,e2b5d1af-611f-418e-93d3-019b7b7ef4af,123,lembang,cikatomas pakidulan joszzz,,,23b4dea3-82de-471a-b623-b3747f56a73a,ch01_00000000118000100.mp4,
50,3287,car,2mobil,2mobil,Car / Sedan,2,Sedan / jeep / station wagon,2mobil,1,Line 1,opposite,50.0443,1001,0.6918,793c17b6-7366-4af5-86d0-d30e829b9950,e2b5d1af-611f-418e-93d3-019b7b7ef4af,123,lembang,cikatomas pakidulan joszzz,,,23b4dea3-82de-471a-b623-b3747f56a73a,ch01_00000000118000100.mp4,
51,3258,car,2mobil,2mobil,Car / Sedan,2,Sedan / jeep / station wagon,2mobil,1,Line 1,opposite,50.1443,1003,0.4764,793c17b6-7366-4af5-86d0-d30e829b9950,e2b5d1af-611f-418e-93d3-019b7b7ef4af,123,lembang,cikatomas pakidulan joszzz,,,23b4dea3-82de-471a-b623-b3747f56a73a,ch01_00000000118000100.mp4,
52,3239,motorcycle,1motor,1motor,Motorcycle,1,Motorcycle / 3-wheel vehicle,1motor,2,Line 2,normal,50.6443,1013,0.6747,793c17b6-7366-4af5-86d0-d30e829b9950,e2b5d1af-611f-418e-93d3-019b7b7ef4af,123,lembang,cikatomas pakidulan joszzz,,,23b4dea3-82de-471a-b623-b3747f56a73a,ch01_00000000118000100.mp4,
53,3258,car,2mobil,2mobil,Car / Sedan,2,Sedan / jeep / station wagon,2mobil,2,Line 2,opposite,50.8442,1017,0.9156,793c17b6-7366-4af5-86d0-d30e829b9950,e2b5d1af-611f-418e-93d3-019b7b7ef4af,123,lembang,cikatomas pakidulan joszzz,,,23b4dea3-82de-471a-b623-b3747f56a73a,ch01_00000000118000100.mp4,
54,3239,motorcycle,1motor,1motor,Motorcycle,1,Motorcycle / 3-wheel vehicle,1motor,1,Line 1,normal,51.2942,1026,0.6182,793c17b6-7366-4af5-86d0-d30e829b9950,e2b5d1af-611f-418e-93d3-019b7b7ef4af,123,lembang,cikatomas pakidulan joszzz,,,23b4dea3-82de-471a-b623-b3747f56a73a,ch01_00000000118000100.mp4,
55,3461,motorcycle,1motor,1motor,Motorcycle,1,Motorcycle / 3-wheel vehicle,1motor,2,Line 2,normal,51.4942,1030,0.7233,793c17b6-7366-4af5-86d0-d30e829b9950,e2b5d1af-611f-418e-93d3-019b7b7ef4af,123,lembang,cikatomas pakidulan joszzz,,,23b4dea3-82de-471a-b623-b3747f56a73a,ch01_00000000118000100.mp4,
56,3499,car,2mobil,2mobil,Car / Sedan,2,Sedan / jeep / station wagon,2mobil,1,Line 1,opposite,51.9441,1039,0.9243,793c17b6-7366-4af5-86d0-d30e829b9950,e2b5d1af-611f-418e-93d3-019b7b7ef4af,123,lembang,cikatomas pakidulan joszzz,,,23b4dea3-82de-471a-b623-b3747f56a73a,ch01_00000000118000100.mp4,
57,3499,car,2mobil,2mobil,Car / Sedan,2,Sedan / jeep / station wagon,2mobil,2,Line 2,opposite,52.694,1054,0.9091,793c17b6-7366-4af5-86d0-d30e829b9950,e2b5d1af-611f-418e-93d3-019b7b7ef4af,123,lembang,cikatomas pakidulan joszzz,,,23b4dea3-82de-471a-b623-b3747f56a73a,ch01_00000000118000100.mp4,
58,3575,motorcycle,1motor,1motor,Motorcycle,1,Motorcycle / 3-wheel vehicle,1motor,2,Line 2,opposite,52.894,1058,0.8037,793c17b6-7366-4af5-86d0-d30e829b9950,e2b5d1af-611f-418e-93d3-019b7b7ef4af,123,lembang,cikatomas pakidulan joszzz,,,23b4dea3-82de-471a-b623-b3747f56a73a,ch01_00000000118000100.mp4,
59,3780,car,2mobil,2mobil,Car / Sedan,2,Sedan / jeep / station wagon,2mobil,1,Line 1,opposite,54.8938,1098,0.9002,793c17b6-7366-4af5-86d0-d30e829b9950,e2b5d1af-611f-418e-93d3-019b7b7ef4af,123,lembang,cikatomas pakidulan joszzz,,,23b4dea3-82de-471a-b623-b3747f56a73a,ch01_00000000118000100.mp4,
60,3716,car,2mobil,2mobil,Car / Sedan,2,Sedan / jeep / station wagon,2mobil,2,Line 2,normal,54.8938,1098,0.7781,793c17b6-7366-4af5-86d0-d30e829b9950,e2b5d1af-611f-418e-93d3-019b7b7ef4af,123,lembang,cikatomas pakidulan joszzz,,,23b4dea3-82de-471a-b623-b3747f56a73a,ch01_00000000118000100.mp4,
61,3780,car,2mobil,2mobil,Car / Sedan,2,Sedan / jeep / station wagon,2mobil,2,Line 2,opposite,55.4937,1110,0.9132,793c17b6-7366-4af5-86d0-d30e829b9950,e2b5d1af-611f-418e-93d3-019b7b7ef4af,123,lembang,cikatomas pakidulan joszzz,,,23b4dea3-82de-471a-b623-b3747f56a73a,ch01_00000000118000100.mp4,
62,3716,car,2mobil,2mobil,Car / Sedan,2,Sedan / jeep / station wagon,2mobil,1,Line 1,normal,55.5937,1112,0.9211,793c17b6-7366-4af5-86d0-d30e829b9950,e2b5d1af-611f-418e-93d3-019b7b7ef4af,123,lembang,cikatomas pakidulan joszzz,,,23b4dea3-82de-471a-b623-b3747f56a73a,ch01_00000000118000100.mp4,
63,4000,car,2mobil,2mobil,Car / Sedan,2,Sedan / jeep / station wagon,2mobil,2,Line 2,normal,57.2935,1146,0.5683,793c17b6-7366-4af5-86d0-d30e829b9950,e2b5d1af-611f-418e-93d3-019b7b7ef4af,123,lembang,cikatomas pakidulan joszzz,,,23b4dea3-82de-471a-b623-b3747f56a73a,ch01_00000000118000100.mp4,
64,4000,car,2mobil,2mobil,Car / Sedan,2,Sedan / jeep / station wagon,2mobil,1,Line 1,normal,58.0434,1161,0.9068,793c17b6-7366-4af5-86d0-d30e829b9950,e2b5d1af-611f-418e-93d3-019b7b7ef4af,123,lembang,cikatomas pakidulan joszzz,,,23b4dea3-82de-471a-b623-b3747f56a73a,ch01_00000000118000100.mp4,
65,4235,car,2mobil,2mobil,Car / Sedan,2,Sedan / jeep / station wagon,2mobil,1,Line 1,opposite,59.0933,1182,0.93,793c17b6-7366-4af5-86d0-d30e829b9950,e2b5d1af-611f-418e-93d3-019b7b7ef4af,123,lembang,cikatomas pakidulan joszzz,,,23b4dea3-82de-471a-b623-b3747f56a73a,ch01_00000000118000100.mp4,
66,4235,car,2mobil,2mobil,Car / Sedan,2,Sedan / jeep / station wagon,2mobil,2,Line 2,opposite,59.7432,1195,0.9188,793c17b6-7366-4af5-86d0-d30e829b9950,e2b5d1af-611f-418e-93d3-019b7b7ef4af,123,lembang,cikatomas pakidulan joszzz,,,23b4dea3-82de-471a-b623-b3747f56a73a,ch01_00000000118000100.mp4,
67,4758,truck,4pickupmicro,4PickupMicro,Pickup / Micro Truck,4,Pickup / micro truck / delivery,4pickupmicro,1,Line 1,opposite,63.9928,1280,0.9285,793c17b6-7366-4af5-86d0-d30e829b9950,e2b5d1af-611f-418e-93d3-019b7b7ef4af,123,lembang,cikatomas pakidulan joszzz,,,23b4dea3-82de-471a-b623-b3747f56a73a,ch01_00000000118000100.mp4,
68,4758,truck,4pickupmicro,4PickupMicro,Pickup / Micro Truck,4,Pickup / micro truck / delivery,4pickupmicro,2,Line 2,opposite,64.7427,1295,0.9173,793c17b6-7366-4af5-86d0-d30e829b9950,e2b5d1af-611f-418e-93d3-019b7b7ef4af,123,lembang,cikatomas pakidulan joszzz,,,23b4dea3-82de-471a-b623-b3747f56a73a,ch01_00000000118000100.mp4,
69,4930,motorcycle,1motor,1motor,Motorcycle,1,Motorcycle / 3-wheel vehicle,1motor,2,Line 2,normal,65.9425,1319,0.4483,793c17b6-7366-4af5-86d0-d30e829b9950,e2b5d1af-611f-418e-93d3-019b7b7ef4af,123,lembang,cikatomas pakidulan joszzz,,,23b4dea3-82de-471a-b623-b3747f56a73a,ch01_00000000118000100.mp4,
70,5146,truck,4pickupmicro,4PickupMicro,Pickup / Micro Truck,4,Pickup / micro truck / delivery,4pickupmicro,1,Line 1,opposite,68.1423,1363,0.935,793c17b6-7366-4af5-86d0-d30e829b9950,e2b5d1af-611f-418e-93d3-019b7b7ef4af,123,lembang,cikatomas pakidulan joszzz,,,23b4dea3-82de-471a-b623-b3747f56a73a,ch01_00000000118000100.mp4,
71,5194,motorcycle,1motor,1motor,Motorcycle,1,Motorcycle / 3-wheel vehicle,1motor,1,Line 1,normal,68.1423,1363,0.7241,793c17b6-7366-4af5-86d0-d30e829b9950,e2b5d1af-611f-418e-93d3-019b7b7ef4af,123,lembang,cikatomas pakidulan joszzz,,,23b4dea3-82de-471a-b623-b3747f56a73a,ch01_00000000118000100.mp4,
72,5275,motorcycle,1motor,1motor,Motorcycle,1,Motorcycle / 3-wheel vehicle,1motor,1,Line 1,opposite,68.9922,1380,0.6119,793c17b6-7366-4af5-86d0-d30e829b9950,e2b5d1af-611f-418e-93d3-019b7b7ef4af,123,lembang,cikatomas pakidulan joszzz,,,23b4dea3-82de-471a-b623-b3747f56a73a,ch01_00000000118000100.mp4,
73,5146,truck,4pickupmicro,4PickupMicro,Pickup / Micro Truck,4,Pickup / micro truck / delivery,4pickupmicro,2,Line 2,opposite,69.0922,1382,0.923,793c17b6-7366-4af5-86d0-d30e829b9950,e2b5d1af-611f-418e-93d3-019b7b7ef4af,123,lembang,cikatomas pakidulan joszzz,,,23b4dea3-82de-471a-b623-b3747f56a73a,ch01_00000000118000100.mp4,
74,5292,motorcycle,1motor,1motor,Motorcycle,1,Motorcycle / 3-wheel vehicle,1motor,1,Line 1,normal,69.8421,1397,0.7795,793c17b6-7366-4af5-86d0-d30e829b9950,e2b5d1af-611f-418e-93d3-019b7b7ef4af,123,lembang,cikatomas pakidulan joszzz,,,23b4dea3-82de-471a-b623-b3747f56a73a,ch01_00000000118000100.mp4,
75,5275,motorcycle,1motor,1motor,Motorcycle,1,Motorcycle / 3-wheel vehicle,1motor,2,Line 2,opposite,70.392,1408,0.8368,793c17b6-7366-4af5-86d0-d30e829b9950,e2b5d1af-611f-418e-93d3-019b7b7ef4af,123,lembang,cikatomas pakidulan joszzz,,,23b4dea3-82de-471a-b623-b3747f56a73a,ch01_00000000118000100.mp4,
76,5697,motorcycle,1motor,1motor,Motorcycle,1,Motorcycle / 3-wheel vehicle,1motor,1,Line 1,opposite,74.4416,1489,0.8529,793c17b6-7366-4af5-86d0-d30e829b9950,e2b5d1af-611f-418e-93d3-019b7b7ef4af,123,lembang,cikatomas pakidulan joszzz,,,23b4dea3-82de-471a-b623-b3747f56a73a,ch01_00000000118000100.mp4,
77,5720,motorcycle,1motor,1motor,Motorcycle,1,Motorcycle / 3-wheel vehicle,1motor,1,Line 1,opposite,74.8915,1498,0.9027,793c17b6-7366-4af5-86d0-d30e829b9950,e2b5d1af-611f-418e-93d3-019b7b7ef4af,123,lembang,cikatomas pakidulan joszzz,,,23b4dea3-82de-471a-b623-b3747f56a73a,ch01_00000000118000100.mp4,
78,5697,motorcycle,1motor,1motor,Motorcycle,1,Motorcycle / 3-wheel vehicle,1motor,2,Line 2,opposite,75.0415,1501,0.85,793c17b6-7366-4af5-86d0-d30e829b9950,e2b5d1af-611f-418e-93d3-019b7b7ef4af,123,lembang,cikatomas pakidulan joszzz,,,23b4dea3-82de-471a-b623-b3747f56a73a,ch01_00000000118000100.mp4,
79,5720,motorcycle,1motor,1motor,Motorcycle,1,Motorcycle / 3-wheel vehicle,1motor,2,Line 2,opposite,75.6914,1514,0.8457,793c17b6-7366-4af5-86d0-d30e829b9950,e2b5d1af-611f-418e-93d3-019b7b7ef4af,123,lembang,cikatomas pakidulan joszzz,,,23b4dea3-82de-471a-b623-b3747f56a73a,ch01_00000000118000100.mp4,
80,5786,motorcycle,1motor,1motor,Motorcycle,1,Motorcycle / 3-wheel vehicle,1motor,1,Line 1,opposite,75.7914,1516,0.8836,793c17b6-7366-4af5-86d0-d30e829b9950,e2b5d1af-611f-418e-93d3-019b7b7ef4af,123,lembang,cikatomas pakidulan joszzz,,,23b4dea3-82de-471a-b623-b3747f56a73a,ch01_00000000118000100.mp4,
81,5786,motorcycle,1motor,1motor,Motorcycle,1,Motorcycle / 3-wheel vehicle,1motor,2,Line 2,opposite,76.5413,1531,0.8578,793c17b6-7366-4af5-86d0-d30e829b9950,e2b5d1af-611f-418e-93d3-019b7b7ef4af,123,lembang,cikatomas pakidulan joszzz,,,23b4dea3-82de-471a-b623-b3747f56a73a,ch01_00000000118000100.mp4,
82,5989,car,2mobil,2mobil,Car / Sedan,2,Sedan / jeep / station wagon,2mobil,1,Line 1,opposite,78.3911,1568,0.9081,793c17b6-7366-4af5-86d0-d30e829b9950,e2b5d1af-611f-418e-93d3-019b7b7ef4af,123,lembang,cikatomas pakidulan joszzz,,,23b4dea3-82de-471a-b623-b3747f56a73a,ch01_00000000118000100.mp4,
83,5989,car,2mobil,2mobil,Car / Sedan,2,Sedan / jeep / station wagon,2mobil,2,Line 2,opposite,79.041,1581,0.8512,793c17b6-7366-4af5-86d0-d30e829b9950,e2b5d1af-611f-418e-93d3-019b7b7ef4af,123,lembang,cikatomas pakidulan joszzz,,,23b4dea3-82de-471a-b623-b3747f56a73a,ch01_00000000118000100.mp4,
84,6065,motorcycle,1motor,1motor,Motorcycle,1,Motorcycle / 3-wheel vehicle,1motor,2,Line 2,normal,79.041,1581,0.5465,793c17b6-7366-4af5-86d0-d30e829b9950,e2b5d1af-611f-418e-93d3-019b7b7ef4af,123,lembang,cikatomas pakidulan joszzz,,,23b4dea3-82de-471a-b623-b3747f56a73a,ch01_00000000118000100.mp4,
85,6075,motorcycle,1motor,1motor,Motorcycle,1,Motorcycle / 3-wheel vehicle,1motor,1,Line 1,opposite,79.241,1585,0.8535,793c17b6-7366-4af5-86d0-d30e829b9950,e2b5d1af-611f-418e-93d3-019b7b7ef4af,123,lembang,cikatomas pakidulan joszzz,,,23b4dea3-82de-471a-b623-b3747f56a73a,ch01_00000000118000100.mp4,
86,6075,motorcycle,1motor,1motor,Motorcycle,1,Motorcycle / 3-wheel vehicle,1motor,2,Line 2,opposite,79.8909,1598,0.8856,793c17b6-7366-4af5-86d0-d30e829b9950,e2b5d1af-611f-418e-93d3-019b7b7ef4af,123,lembang,cikatomas pakidulan joszzz,,,23b4dea3-82de-471a-b623-b3747f56a73a,ch01_00000000118000100.mp4,
87,6238,car,2mobil,2mobil,Car / Sedan,2,Sedan / jeep / station wagon,2mobil,1,Line 1,opposite,80.7409,1615,0.8654,793c17b6-7366-4af5-86d0-d30e829b9950,e2b5d1af-611f-418e-93d3-019b7b7ef4af,123,lembang,cikatomas pakidulan joszzz,,,23b4dea3-82de-471a-b623-b3747f56a73a,ch01_00000000118000100.mp4,
88,6249,truck,4pickupmicro,4PickupMicro,Pickup / Micro Truck,4,Pickup / micro truck / delivery,4pickupmicro,1,Line 1,opposite,80.9908,1620,0.5786,793c17b6-7366-4af5-86d0-d30e829b9950,e2b5d1af-611f-418e-93d3-019b7b7ef4af,123,lembang,cikatomas pakidulan joszzz,,,23b4dea3-82de-471a-b623-b3747f56a73a,ch01_00000000118000100.mp4,
89,6322,truck,4pickupmicro,4PickupMicro,Pickup / Micro Truck,4,Pickup / micro truck / delivery,4pickupmicro,1,Line 1,opposite,80.9908,1620,0.5097,793c17b6-7366-4af5-86d0-d30e829b9950,e2b5d1af-611f-418e-93d3-019b7b7ef4af,123,lembang,cikatomas pakidulan joszzz,,,23b4dea3-82de-471a-b623-b3747f56a73a,ch01_00000000118000100.mp4,
90,6238,car,2mobil,2mobil,Car / Sedan,2,Sedan / jeep / station wagon,2mobil,2,Line 2,opposite,81.2908,1626,0.9129,793c17b6-7366-4af5-86d0-d30e829b9950,e2b5d1af-611f-418e-93d3-019b7b7ef4af,123,lembang,cikatomas pakidulan joszzz,,,23b4dea3-82de-471a-b623-b3747f56a73a,ch01_00000000118000100.mp4,
91,6428,truck,4pickupmicro,4PickupMicro,Pickup / Micro Truck,4,Pickup / micro truck / delivery,4pickupmicro,2,Line 2,opposite,81.8407,1637,0.8561,793c17b6-7366-4af5-86d0-d30e829b9950,e2b5d1af-611f-418e-93d3-019b7b7ef4af,123,lembang,cikatomas pakidulan joszzz,,,23b4dea3-82de-471a-b623-b3747f56a73a,ch01_00000000118000100.mp4,
92,6488,motorcycle,1motor,1motor,Motorcycle,1,Motorcycle / 3-wheel vehicle,1motor,1,Line 1,normal,82.3407,1647,0.6971,793c17b6-7366-4af5-86d0-d30e829b9950,e2b5d1af-611f-418e-93d3-019b7b7ef4af,123,lembang,cikatomas pakidulan joszzz,,,23b4dea3-82de-471a-b623-b3747f56a73a,ch01_00000000118000100.mp4,
93,6800,motorcycle,1motor,1motor,Motorcycle,1,Motorcycle / 3-wheel vehicle,1motor,1,Line 1,opposite,86.3902,1728,0.8911,793c17b6-7366-4af5-86d0-d30e829b9950,e2b5d1af-611f-418e-93d3-019b7b7ef4af,123,lembang,cikatomas pakidulan joszzz,,,23b4dea3-82de-471a-b623-b3747f56a73a,ch01_00000000118000100.mp4,
94,6800,motorcycle,1motor,1motor,Motorcycle,1,Motorcycle / 3-wheel vehicle,1motor,2,Line 2,opposite,86.7902,1736,0.871,793c17b6-7366-4af5-86d0-d30e829b9950,e2b5d1af-611f-418e-93d3-019b7b7ef4af,123,lembang,cikatomas pakidulan joszzz,,,23b4dea3-82de-471a-b623-b3747f56a73a,ch01_00000000118000100.mp4,
95,6991,motorcycle,1motor,1motor,Motorcycle,1,Motorcycle / 3-wheel vehicle,1motor,1,Line 1,normal,89.6898,1794,0.6043,793c17b6-7366-4af5-86d0-d30e829b9950,e2b5d1af-611f-418e-93d3-019b7b7ef4af,123,lembang,cikatomas pakidulan joszzz,,,23b4dea3-82de-471a-b623-b3747f56a73a,ch01_00000000118000100.mp4,
96,7103,truck,6tr_2sumbu,6TR_2sumbu,2-Axle Truck (Jumbo),6,2-Axle Truck,6tr_2sumbu,1,Line 1,opposite,89.8898,1798,0.935,793c17b6-7366-4af5-86d0-d30e829b9950,e2b5d1af-611f-418e-93d3-019b7b7ef4af,123,lembang,cikatomas pakidulan joszzz,,,23b4dea3-82de-471a-b623-b3747f56a73a,ch01_00000000118000100.mp4,
97,7103,truck,6tr_2sumbu,6TR_2sumbu,2-Axle Truck (Jumbo),6,2-Axle Truck,6tr_2sumbu,2,Line 2,opposite,90.7397,1815,0.7268,793c17b6-7366-4af5-86d0-d30e829b9950,e2b5d1af-611f-418e-93d3-019b7b7ef4af,123,lembang,cikatomas pakidulan joszzz,,,23b4dea3-82de-471a-b623-b3747f56a73a,ch01_00000000118000100.mp4,
98,7278,motorcycle,1motor,1motor,Motorcycle,1,Motorcycle / 3-wheel vehicle,1motor,1,Line 1,opposite,91.1397,1823,0.7409,793c17b6-7366-4af5-86d0-d30e829b9950,e2b5d1af-611f-418e-93d3-019b7b7ef4af,123,lembang,cikatomas pakidulan joszzz,,,23b4dea3-82de-471a-b623-b3747f56a73a,ch01_00000000118000100.mp4,
99,7312,motorcycle,1motor,1motor,Motorcycle,1,Motorcycle / 3-wheel vehicle,1motor,2,Line 2,opposite,91.4396,1829,0.741,793c17b6-7366-4af5-86d0-d30e829b9950,e2b5d1af-611f-418e-93d3-019b7b7ef4af,123,lembang,cikatomas pakidulan joszzz,,,23b4dea3-82de-471a-b623-b3747f56a73a,ch01_00000000118000100.mp4,
100,7336,motorcycle,1motor,1motor,Motorcycle,1,Motorcycle / 3-wheel vehicle,1motor,2,Line 2,opposite,91.6396,1833,0.5404,793c17b6-7366-4af5-86d0-d30e829b9950,e2b5d1af-611f-418e-93d3-019b7b7ef4af,123,lembang,cikatomas pakidulan joszzz,,,23b4dea3-82de-471a-b623-b3747f56a73a,ch01_00000000118000100.mp4,
101,7377,car,2mobil,2mobil,Car / Sedan,2,Sedan / jeep / station wagon,2mobil,1,Line 1,opposite,91.8896,1838,0.7229,793c17b6-7366-4af5-86d0-d30e829b9950,e2b5d1af-611f-418e-93d3-019b7b7ef4af,123,lembang,cikatomas pakidulan joszzz,,,23b4dea3-82de-471a-b623-b3747f56a73a,ch01_00000000118000100.mp4,
102,7278,motorcycle,1motor,1motor,Motorcycle,1,Motorcycle / 3-wheel vehicle,1motor,2,Line 2,opposite,91.8896,1838,0.7514,793c17b6-7366-4af5-86d0-d30e829b9950,e2b5d1af-611f-418e-93d3-019b7b7ef4af,123,lembang,cikatomas pakidulan joszzz,,,23b4dea3-82de-471a-b623-b3747f56a73a,ch01_00000000118000100.mp4,
103,7450,motorcycle,1motor,1motor,Motorcycle,1,Motorcycle / 3-wheel vehicle,1motor,1,Line 1,opposite,92.4395,1849,0.8803,793c17b6-7366-4af5-86d0-d30e829b9950,e2b5d1af-611f-418e-93d3-019b7b7ef4af,123,lembang,cikatomas pakidulan joszzz,,,23b4dea3-82de-471a-b623-b3747f56a73a,ch01_00000000118000100.mp4,
104,7377,car,2mobil,2mobil,Car / Sedan,2,Sedan / jeep / station wagon,2mobil,2,Line 2,opposite,92.6895,1854,0.7307,793c17b6-7366-4af5-86d0-d30e829b9950,e2b5d1af-611f-418e-93d3-019b7b7ef4af,123,lembang,cikatomas pakidulan joszzz,,,23b4dea3-82de-471a-b623-b3747f56a73a,ch01_00000000118000100.mp4,
105,7450,motorcycle,1motor,1motor,Motorcycle,1,Motorcycle / 3-wheel vehicle,1motor,2,Line 2,opposite,93.0895,1862,0.7008,793c17b6-7366-4af5-86d0-d30e829b9950,e2b5d1af-611f-418e-93d3-019b7b7ef4af,123,lembang,cikatomas pakidulan joszzz,,,23b4dea3-82de-471a-b623-b3747f56a73a,ch01_00000000118000100.mp4,
106,7573,car,2mobil,2mobil,Car / Sedan,2,Sedan / jeep / station wagon,2mobil,1,Line 1,opposite,93.3394,1867,0.7972,793c17b6-7366-4af5-86d0-d30e829b9950,e2b5d1af-611f-418e-93d3-019b7b7ef4af,123,lembang,cikatomas pakidulan joszzz,,,23b4dea3-82de-471a-b623-b3747f56a73a,ch01_00000000118000100.mp4,
107,7626,car,2mobil,2mobil,Car / Sedan,2,Sedan / jeep / station wagon,2mobil,2,Line 2,opposite,94.1393,1883,0.92,793c17b6-7366-4af5-86d0-d30e829b9950,e2b5d1af-611f-418e-93d3-019b7b7ef4af,123,lembang,cikatomas pakidulan joszzz,,,23b4dea3-82de-471a-b623-b3747f56a73a,ch01_00000000118000100.mp4,
108,7636,car,2mobil,2mobil,Car / Sedan,2,Sedan / jeep / station wagon,2mobil,1,Line 1,opposite,94.9392,1899,0.9198,793c17b6-7366-4af5-86d0-d30e829b9950,e2b5d1af-611f-418e-93d3-019b7b7ef4af,123,lembang,cikatomas pakidulan joszzz,,,23b4dea3-82de-471a-b623-b3747f56a73a,ch01_00000000118000100.mp4,
109,7922,car,2mobil,2mobil,Car / Sedan,2,Sedan / jeep / station wagon,2mobil,1,Line 1,opposite,96.2891,1926,0.9115,793c17b6-7366-4af5-86d0-d30e829b9950,e2b5d1af-611f-418e-93d3-019b7b7ef4af,123,lembang,cikatomas pakidulan joszzz,,,23b4dea3-82de-471a-b623-b3747f56a73a,ch01_00000000118000100.mp4,
110,7636,car,2mobil,2mobil,Car / Sedan,2,Sedan / jeep / station wagon,2mobil,2,Line 2,opposite,96.4891,1930,0.8989,793c17b6-7366-4af5-86d0-d30e829b9950,e2b5d1af-611f-418e-93d3-019b7b7ef4af,123,lembang,cikatomas pakidulan joszzz,,,23b4dea3-82de-471a-b623-b3747f56a73a,ch01_00000000118000100.mp4,
111,7922,car,2mobil,2mobil,Car / Sedan,2,Sedan / jeep / station wagon,2mobil,2,Line 2,opposite,96.939,1939,0.9087,793c17b6-7366-4af5-86d0-d30e829b9950,e2b5d1af-611f-418e-93d3-019b7b7ef4af,123,lembang,cikatomas pakidulan joszzz,,,23b4dea3-82de-471a-b623-b3747f56a73a,ch01_00000000118000100.mp4,
112,7996,car,2mobil,2mobil,Car / Sedan,2,Sedan / jeep / station wagon,2mobil,1,Line 1,opposite,97.6389,1953,0.8899,793c17b6-7366-4af5-86d0-d30e829b9950,e2b5d1af-611f-418e-93d3-019b7b7ef4af,123,lembang,cikatomas pakidulan joszzz,,,23b4dea3-82de-471a-b623-b3747f56a73a,ch01_00000000118000100.mp4,
113,7996,car,2mobil,2mobil,Car / Sedan,2,Sedan / jeep / station wagon,2mobil,2,Line 2,opposite,98.8388,1977,0.7256,793c17b6-7366-4af5-86d0-d30e829b9950,e2b5d1af-611f-418e-93d3-019b7b7ef4af,123,lembang,cikatomas pakidulan joszzz,,,23b4dea3-82de-471a-b623-b3747f56a73a,ch01_00000000118000100.mp4,
114,8167,car,2mobil,2mobil,Car / Sedan,2,Sedan / jeep / station wagon,2mobil,1,Line 1,opposite,99.0888,1982,0.9306,793c17b6-7366-4af5-86d0-d30e829b9950,e2b5d1af-611f-418e-93d3-019b7b7ef4af,123,lembang,cikatomas pakidulan joszzz,,,23b4dea3-82de-471a-b623-b3747f56a73a,ch01_00000000118000100.mp4,
115,8136,car,2mobil,2mobil,Car / Sedan,2,Sedan / jeep / station wagon,2mobil,2,Line 2,normal,100.0887,2002,0.8602,793c17b6-7366-4af5-86d0-d30e829b9950,e2b5d1af-611f-418e-93d3-019b7b7ef4af,123,lembang,cikatomas pakidulan joszzz,,,23b4dea3-82de-471a-b623-b3747f56a73a,ch01_00000000118000100.mp4,
116,8167,car,2mobil,2mobil,Car / Sedan,2,Sedan / jeep / station wagon,2mobil,2,Line 2,opposite,100.1887,2004,0.9211,793c17b6-7366-4af5-86d0-d30e829b9950,e2b5d1af-611f-418e-93d3-019b7b7ef4af,123,lembang,cikatomas pakidulan joszzz,,,23b4dea3-82de-471a-b623-b3747f56a73a,ch01_00000000118000100.mp4,
117,8136,car,2mobil,2mobil,Car / Sedan,2,Sedan / jeep / station wagon,2mobil,1,Line 1,normal,101.2385,2025,0.9296,793c17b6-7366-4af5-86d0-d30e829b9950,e2b5d1af-611f-418e-93d3-019b7b7ef4af,123,lembang,cikatomas pakidulan joszzz,,,23b4dea3-82de-471a-b623-b3747f56a73a,ch01_00000000118000100.mp4,
118,8697,motorcycle,1motor,1motor,Motorcycle,1,Motorcycle / 3-wheel vehicle,1motor,2,Line 2,normal,104.3382,2087,0.8257,793c17b6-7366-4af5-86d0-d30e829b9950,e2b5d1af-611f-418e-93d3-019b7b7ef4af,123,lembang,cikatomas pakidulan joszzz,,,23b4dea3-82de-471a-b623-b3747f56a73a,ch01_00000000118000100.mp4,
119,8885,car,2mobil,2mobil,Car / Sedan,2,Sedan / jeep / station wagon,2mobil,1,Line 1,opposite,106.4379,2129,0.8539,793c17b6-7366-4af5-86d0-d30e829b9950,e2b5d1af-611f-418e-93d3-019b7b7ef4af,123,lembang,cikatomas pakidulan joszzz,,,23b4dea3-82de-471a-b623-b3747f56a73a,ch01_00000000118000100.mp4,
120,8885,car,2mobil,2mobil,Car / Sedan,2,Sedan / jeep / station wagon,2mobil,2,Line 2,opposite,107.0379,2141,0.8687,793c17b6-7366-4af5-86d0-d30e829b9950,e2b5d1af-611f-418e-93d3-019b7b7ef4af,123,lembang,cikatomas pakidulan joszzz,,,23b4dea3-82de-471a-b623-b3747f56a73a,ch01_00000000118000100.mp4,
121,9018,motorcycle,1motor,1motor,Motorcycle,1,Motorcycle / 3-wheel vehicle,1motor,1,Line 1,opposite,107.8378,2157,0.8738,793c17b6-7366-4af5-86d0-d30e829b9950,e2b5d1af-611f-418e-93d3-019b7b7ef4af,123,lembang,cikatomas pakidulan joszzz,,,23b4dea3-82de-471a-b623-b3747f56a73a,ch01_00000000118000100.mp4,
122,9045,motorcycle,1motor,1motor,Motorcycle,1,Motorcycle / 3-wheel vehicle,1motor,1,Line 1,normal,108.0878,2162,0.5902,793c17b6-7366-4af5-86d0-d30e829b9950,e2b5d1af-611f-418e-93d3-019b7b7ef4af,123,lembang,cikatomas pakidulan joszzz,,,23b4dea3-82de-471a-b623-b3747f56a73a,ch01_00000000118000100.mp4,
123,9018,motorcycle,1motor,1motor,Motorcycle,1,Motorcycle / 3-wheel vehicle,1motor,2,Line 2,opposite,108.5877,2172,0.7924,793c17b6-7366-4af5-86d0-d30e829b9950,e2b5d1af-611f-418e-93d3-019b7b7ef4af,123,lembang,cikatomas pakidulan joszzz,,,23b4dea3-82de-471a-b623-b3747f56a73a,ch01_00000000118000100.mp4,
124,9155,motorcycle,1motor,1motor,Motorcycle,1,Motorcycle / 3-wheel vehicle,1motor,1,Line 1,normal,109.8876,2198,0.8082,793c17b6-7366-4af5-86d0-d30e829b9950,e2b5d1af-611f-418e-93d3-019b7b7ef4af,123,lembang,cikatomas pakidulan joszzz,,,23b4dea3-82de-471a-b623-b3747f56a73a,ch01_00000000118000100.mp4,
125,9263,motorcycle,1motor,1motor,Motorcycle,1,Motorcycle / 3-wheel vehicle,1motor,1,Line 1,opposite,112.7872,2256,0.8605,793c17b6-7366-4af5-86d0-d30e829b9950,e2b5d1af-611f-418e-93d3-019b7b7ef4af,123,lembang,cikatomas pakidulan joszzz,,,23b4dea3-82de-471a-b623-b3747f56a73a,ch01_00000000118000100.mp4,
126,9527,motorcycle,1motor,1motor,Motorcycle,1,Motorcycle / 3-wheel vehicle,1motor,1,Line 1,opposite,113.1872,2264,0.8089,793c17b6-7366-4af5-86d0-d30e829b9950,e2b5d1af-611f-418e-93d3-019b7b7ef4af,123,lembang,cikatomas pakidulan joszzz,,,23b4dea3-82de-471a-b623-b3747f56a73a,ch01_00000000118000100.mp4,
127,9527,motorcycle,1motor,1motor,Motorcycle,1,Motorcycle / 3-wheel vehicle,1motor,2,Line 2,opposite,113.7871,2276,0.4736,793c17b6-7366-4af5-86d0-d30e829b9950,e2b5d1af-611f-418e-93d3-019b7b7ef4af,123,lembang,cikatomas pakidulan joszzz,,,23b4dea3-82de-471a-b623-b3747f56a73a,ch01_00000000118000100.mp4,
128,9263,motorcycle,1motor,1motor,Motorcycle,1,Motorcycle / 3-wheel vehicle,1motor,2,Line 2,opposite,114.0371,2281,0.8737,793c17b6-7366-4af5-86d0-d30e829b9950,e2b5d1af-611f-418e-93d3-019b7b7ef4af,123,lembang,cikatomas pakidulan joszzz,,,23b4dea3-82de-471a-b623-b3747f56a73a,ch01_00000000118000100.mp4,
129,9601,motorcycle,1motor,1motor,Motorcycle,1,Motorcycle / 3-wheel vehicle,1motor,1,Line 1,opposite,114.1371,2283,0.8783,793c17b6-7366-4af5-86d0-d30e829b9950,e2b5d1af-611f-418e-93d3-019b7b7ef4af,123,lembang,cikatomas pakidulan joszzz,,,23b4dea3-82de-471a-b623-b3747f56a73a,ch01_00000000118000100.mp4,
130,9601,motorcycle,1motor,1motor,Motorcycle,1,Motorcycle / 3-wheel vehicle,1motor,2,Line 2,opposite,115.087,2302,0.8243,793c17b6-7366-4af5-86d0-d30e829b9950,e2b5d1af-611f-418e-93d3-019b7b7ef4af,123,lembang,cikatomas pakidulan joszzz,,,23b4dea3-82de-471a-b623-b3747f56a73a,ch01_00000000118000100.mp4,
131,9651,car,2mobil,2mobil,Car / Sedan,2,Sedan / jeep / station wagon,2mobil,2,Line 2,normal,115.4369,2309,0.8386,793c17b6-7366-4af5-86d0-d30e829b9950,e2b5d1af-611f-418e-93d3-019b7b7ef4af,123,lembang,cikatomas pakidulan joszzz,,,23b4dea3-82de-471a-b623-b3747f56a73a,ch01_00000000118000100.mp4,
132,9651,car,2mobil,2mobil,Car / Sedan,2,Sedan / jeep / station wagon,2mobil,1,Line 1,normal,116.2868,2326,0.9304,793c17b6-7366-4af5-86d0-d30e829b9950,e2b5d1af-611f-418e-93d3-019b7b7ef4af,123,lembang,cikatomas pakidulan joszzz,,,23b4dea3-82de-471a-b623-b3747f56a73a,ch01_00000000118000100.mp4,
133,10135,motorcycle,1motor,1motor,Motorcycle,1,Motorcycle / 3-wheel vehicle,1motor,2,Line 2,normal,118.6866,2374,0.7019,793c17b6-7366-4af5-86d0-d30e829b9950,e2b5d1af-611f-418e-93d3-019b7b7ef4af,123,lembang,cikatomas pakidulan joszzz,,,23b4dea3-82de-471a-b623-b3747f56a73a,ch01_00000000118000100.mp4,
134,10359,motorcycle,1motor,1motor,Motorcycle,1,Motorcycle / 3-wheel vehicle,1motor,1,Line 1,opposite,121.3862,2428,0.8937,793c17b6-7366-4af5-86d0-d30e829b9950,e2b5d1af-611f-418e-93d3-019b7b7ef4af,123,lembang,cikatomas pakidulan joszzz,,,23b4dea3-82de-471a-b623-b3747f56a73a,ch01_00000000118000100.mp4,
135,10359,motorcycle,1motor,1motor,Motorcycle,1,Motorcycle / 3-wheel vehicle,1motor,2,Line 2,opposite,122.0862,2442,0.8527,793c17b6-7366-4af5-86d0-d30e829b9950,e2b5d1af-611f-418e-93d3-019b7b7ef4af,123,lembang,cikatomas pakidulan joszzz,,,23b4dea3-82de-471a-b623-b3747f56a73a,ch01_00000000118000100.mp4,
136,10581,motorcycle,1motor,1motor,Motorcycle,1,Motorcycle / 3-wheel vehicle,1motor,2,Line 2,normal,123.986,2480,0.8262,793c17b6-7366-4af5-86d0-d30e829b9950,e2b5d1af-611f-418e-93d3-019b7b7ef4af,123,lembang,cikatomas pakidulan joszzz,,,23b4dea3-82de-471a-b623-b3747f56a73a,ch01_00000000118000100.mp4,
137,12641,motorcycle,1motor,1motor,Motorcycle,1,Motorcycle / 3-wheel vehicle,1motor,2,Line 2,normal,149.0831,2982,0.7988,793c17b6-7366-4af5-86d0-d30e829b9950,e2b5d1af-611f-418e-93d3-019b7b7ef4af,123,lembang,cikatomas pakidulan joszzz,,,23b4dea3-82de-471a-b623-b3747f56a73a,ch01_00000000118000100.mp4,
138,12641,motorcycle,1motor,1motor,Motorcycle,1,Motorcycle / 3-wheel vehicle,1motor,1,Line 1,normal,150.033,3001,0.7564,793c17b6-7366-4af5-86d0-d30e829b9950,e2b5d1af-611f-418e-93d3-019b7b7ef4af,123,lembang,cikatomas pakidulan joszzz,,,23b4dea3-82de-471a-b623-b3747f56a73a,ch01_00000000118000100.mp4,
139,13057,motorcycle,1motor,1motor,Motorcycle,1,Motorcycle / 3-wheel vehicle,1motor,1,Line 1,normal,154.8325,3097,0.829,793c17b6-7366-4af5-86d0-d30e829b9950,e2b5d1af-611f-418e-93d3-019b7b7ef4af,123,lembang,cikatomas pakidulan joszzz,,,23b4dea3-82de-471a-b623-b3747f56a73a,ch01_00000000118000100.mp4,
140,13703,motorcycle,1motor,1motor,Motorcycle,1,Motorcycle / 3-wheel vehicle,1motor,2,Line 2,normal,160.9318,3219,0.7046,793c17b6-7366-4af5-86d0-d30e829b9950,e2b5d1af-611f-418e-93d3-019b7b7ef4af,123,lembang,cikatomas pakidulan joszzz,,,23b4dea3-82de-471a-b623-b3747f56a73a,ch01_00000000118000100.mp4,
141,14090,car,2mobil,2mobil,Car / Sedan,2,Sedan / jeep / station wagon,2mobil,2,Line 2,normal,165.8312,3317,0.9002,793c17b6-7366-4af5-86d0-d30e829b9950,e2b5d1af-611f-418e-93d3-019b7b7ef4af,123,lembang,cikatomas pakidulan joszzz,,,23b4dea3-82de-471a-b623-b3747f56a73a,ch01_00000000118000100.mp4,
142,14090,car,2mobil,2mobil,Car / Sedan,2,Sedan / jeep / station wagon,2mobil,1,Line 1,normal,166.5811,3332,0.9292,793c17b6-7366-4af5-86d0-d30e829b9950,e2b5d1af-611f-418e-93d3-019b7b7ef4af,123,lembang,cikatomas pakidulan joszzz,,,23b4dea3-82de-471a-b623-b3747f56a73a,ch01_00000000118000100.mp4,
143,14614,motorcycle,1motor,1motor,Motorcycle,1,Motorcycle / 3-wheel vehicle,1motor,2,Line 2,normal,171.6306,3433,0.4521,793c17b6-7366-4af5-86d0-d30e829b9950,e2b5d1af-611f-418e-93d3-019b7b7ef4af,123,lembang,cikatomas pakidulan joszzz,,,23b4dea3-82de-471a-b623-b3747f56a73a,ch01_00000000118000100.mp4,
144,14854,motorcycle,1motor,1motor,Motorcycle,1,Motorcycle / 3-wheel vehicle,1motor,2,Line 2,opposite,173.1304,3463,0.823,793c17b6-7366-4af5-86d0-d30e829b9950,e2b5d1af-611f-418e-93d3-019b7b7ef4af,123,lembang,cikatomas pakidulan joszzz,,,23b4dea3-82de-471a-b623-b3747f56a73a,ch01_00000000118000100.mp4,
145,14614,motorcycle,1motor,1motor,Motorcycle,1,Motorcycle / 3-wheel vehicle,1motor,1,Line 1,normal,173.6803,3474,0.373,793c17b6-7366-4af5-86d0-d30e829b9950,e2b5d1af-611f-418e-93d3-019b7b7ef4af,123,lembang,cikatomas pakidulan joszzz,,,23b4dea3-82de-471a-b623-b3747f56a73a,ch01_00000000118000100.mp4,
146,15461,motorcycle,1motor,1motor,Motorcycle,1,Motorcycle / 3-wheel vehicle,1motor,2,Line 2,opposite,179.7296,3595,0.8503,793c17b6-7366-4af5-86d0-d30e829b9950,e2b5d1af-611f-418e-93d3-019b7b7ef4af,123,lembang,cikatomas pakidulan joszzz,,,23b4dea3-82de-471a-b623-b3747f56a73a,ch01_00000000118000100.mp4,
147,15541,motorcycle,1motor,1motor,Motorcycle,1,Motorcycle / 3-wheel vehicle,1motor,1,Line 1,opposite,180.2796,3606,0.8728,793c17b6-7366-4af5-86d0-d30e829b9950,e2b5d1af-611f-418e-93d3-019b7b7ef4af,123,lembang,cikatomas pakidulan joszzz,,,23b4dea3-82de-471a-b623-b3747f56a73a,ch01_00000000118000100.mp4,
148,15541,motorcycle,1motor,1motor,Motorcycle,1,Motorcycle / 3-wheel vehicle,1motor,2,Line 2,opposite,180.7295,3615,0.867,793c17b6-7366-4af5-86d0-d30e829b9950,e2b5d1af-611f-418e-93d3-019b7b7ef4af,123,lembang,cikatomas pakidulan joszzz,,,23b4dea3-82de-471a-b623-b3747f56a73a,ch01_00000000118000100.mp4,
149,15619,motorcycle,1motor,1motor,Motorcycle,1,Motorcycle / 3-wheel vehicle,1motor,1,Line 1,opposite,180.8795,3618,0.8458,793c17b6-7366-4af5-86d0-d30e829b9950,e2b5d1af-611f-418e-93d3-019b7b7ef4af,123,lembang,cikatomas pakidulan joszzz,,,23b4dea3-82de-471a-b623-b3747f56a73a,ch01_00000000118000100.mp4,
150,15619,motorcycle,1motor,1motor,Motorcycle,1,Motorcycle / 3-wheel vehicle,1motor,2,Line 2,opposite,181.4294,3629,0.8343,793c17b6-7366-4af5-86d0-d30e829b9950,e2b5d1af-611f-418e-93d3-019b7b7ef4af,123,lembang,cikatomas pakidulan joszzz,,,23b4dea3-82de-471a-b623-b3747f56a73a,ch01_00000000118000100.mp4,
151,15753,motorcycle,1motor,1motor,Motorcycle,1,Motorcycle / 3-wheel vehicle,1motor,2,Line 2,opposite,182.8793,3658,0.8684,793c17b6-7366-4af5-86d0-d30e829b9950,e2b5d1af-611f-418e-93d3-019b7b7ef4af,123,lembang,cikatomas pakidulan joszzz,,,23b4dea3-82de-471a-b623-b3747f56a73a,ch01_00000000118000100.mp4,
152,16175,motorcycle,1motor,1motor,Motorcycle,1,Motorcycle / 3-wheel vehicle,1motor,1,Line 1,opposite,185.9289,3719,0.8408,793c17b6-7366-4af5-86d0-d30e829b9950,e2b5d1af-611f-418e-93d3-019b7b7ef4af,123,lembang,cikatomas pakidulan joszzz,,,23b4dea3-82de-471a-b623-b3747f56a73a,ch01_00000000118000100.mp4,
153,16149,motorcycle,1motor,1motor,Motorcycle,1,Motorcycle / 3-wheel vehicle,1motor,2,Line 2,opposite,186.0289,3721,0.7941,793c17b6-7366-4af5-86d0-d30e829b9950,e2b5d1af-611f-418e-93d3-019b7b7ef4af,123,lembang,cikatomas pakidulan joszzz,,,23b4dea3-82de-471a-b623-b3747f56a73a,ch01_00000000118000100.mp4,
154,16175,motorcycle,1motor,1motor,Motorcycle,1,Motorcycle / 3-wheel vehicle,1motor,2,Line 2,opposite,186.5289,3731,0.8665,793c17b6-7366-4af5-86d0-d30e829b9950,e2b5d1af-611f-418e-93d3-019b7b7ef4af,123,lembang,cikatomas pakidulan joszzz,,,23b4dea3-82de-471a-b623-b3747f56a73a,ch01_00000000118000100.mp4,
155,16262,motorcycle,1motor,1motor,Motorcycle,1,Motorcycle / 3-wheel vehicle,1motor,2,Line 2,opposite,187.1288,3743,0.7866,793c17b6-7366-4af5-86d0-d30e829b9950,e2b5d1af-611f-418e-93d3-019b7b7ef4af,123,lembang,cikatomas pakidulan joszzz,,,23b4dea3-82de-471a-b623-b3747f56a73a,ch01_00000000118000100.mp4,
156,16302,motorcycle,1motor,1motor,Motorcycle,1,Motorcycle / 3-wheel vehicle,1motor,1,Line 1,opposite,187.2788,3746,0.8989,793c17b6-7366-4af5-86d0-d30e829b9950,e2b5d1af-611f-418e-93d3-019b7b7ef4af,123,lembang,cikatomas pakidulan joszzz,,,23b4dea3-82de-471a-b623-b3747f56a73a,ch01_00000000118000100.mp4,
157,16302,motorcycle,1motor,1motor,Motorcycle,1,Motorcycle / 3-wheel vehicle,1motor,2,Line 2,opposite,187.8787,3758,0.8342,793c17b6-7366-4af5-86d0-d30e829b9950,e2b5d1af-611f-418e-93d3-019b7b7ef4af,123,lembang,cikatomas pakidulan joszzz,,,23b4dea3-82de-471a-b623-b3747f56a73a,ch01_00000000118000100.mp4,
158,16370,motorcycle,1motor,1motor,Motorcycle,1,Motorcycle / 3-wheel vehicle,1motor,2,Line 2,opposite,188.1287,3763,0.8536,793c17b6-7366-4af5-86d0-d30e829b9950,e2b5d1af-611f-418e-93d3-019b7b7ef4af,123,lembang,cikatomas pakidulan joszzz,,,23b4dea3-82de-471a-b623-b3747f56a73a,ch01_00000000118000100.mp4,
159,16605,motorcycle,1motor,1motor,Motorcycle,1,Motorcycle / 3-wheel vehicle,1motor,1,Line 1,opposite,189.5785,3792,0.8587,793c17b6-7366-4af5-86d0-d30e829b9950,e2b5d1af-611f-418e-93d3-019b7b7ef4af,123,lembang,cikatomas pakidulan joszzz,,,23b4dea3-82de-471a-b623-b3747f56a73a,ch01_00000000118000100.mp4,
160,16605,motorcycle,1motor,1motor,Motorcycle,1,Motorcycle / 3-wheel vehicle,1motor,2,Line 2,opposite,190.2285,3805,0.8597,793c17b6-7366-4af5-86d0-d30e829b9950,e2b5d1af-611f-418e-93d3-019b7b7ef4af,123,lembang,cikatomas pakidulan joszzz,,,23b4dea3-82de-471a-b623-b3747f56a73a,ch01_00000000118000100.mp4,
161,17061,motorcycle,1motor,1motor,Motorcycle,1,Motorcycle / 3-wheel vehicle,1motor,1,Line 1,opposite,193.4281,3869,0.8659,793c17b6-7366-4af5-86d0-d30e829b9950,e2b5d1af-611f-418e-93d3-019b7b7ef4af,123,lembang,cikatomas pakidulan joszzz,,,23b4dea3-82de-471a-b623-b3747f56a73a,ch01_00000000118000100.mp4,
162,17061,motorcycle,1motor,1motor,Motorcycle,1,Motorcycle / 3-wheel vehicle,1motor,2,Line 2,opposite,194.128,3883,0.8401,793c17b6-7366-4af5-86d0-d30e829b9950,e2b5d1af-611f-418e-93d3-019b7b7ef4af,123,lembang,cikatomas pakidulan joszzz,,,23b4dea3-82de-471a-b623-b3747f56a73a,ch01_00000000118000100.mp4,
163,17175,car,2mobil,2mobil,Car / Sedan,2,Sedan / jeep / station wagon,2mobil,1,Line 1,opposite,194.478,3890,0.9378,793c17b6-7366-4af5-86d0-d30e829b9950,e2b5d1af-611f-418e-93d3-019b7b7ef4af,123,lembang,cikatomas pakidulan joszzz,,,23b4dea3-82de-471a-b623-b3747f56a73a,ch01_00000000118000100.mp4,
164,17175,car,2mobil,2mobil,Car / Sedan,2,Sedan / jeep / station wagon,2mobil,2,Line 2,opposite,195.1279,3903,0.9092,793c17b6-7366-4af5-86d0-d30e829b9950,e2b5d1af-611f-418e-93d3-019b7b7ef4af,123,lembang,cikatomas pakidulan joszzz,,,23b4dea3-82de-471a-b623-b3747f56a73a,ch01_00000000118000100.mp4,
165,17336,motorcycle,1motor,1motor,Motorcycle,1,Motorcycle / 3-wheel vehicle,1motor,1,Line 1,opposite,196.0278,3921,0.6754,793c17b6-7366-4af5-86d0-d30e829b9950,e2b5d1af-611f-418e-93d3-019b7b7ef4af,123,lembang,cikatomas pakidulan joszzz,,,23b4dea3-82de-471a-b623-b3747f56a73a,ch01_00000000118000100.mp4,
166,17321,truck,6tr_2sumbu,6TR_2sumbu,2-Axle Truck (Jumbo),6,2-Axle Truck,6tr_2sumbu,1,Line 1,opposite,196.2778,3926,0.9391,793c17b6-7366-4af5-86d0-d30e829b9950,e2b5d1af-611f-418e-93d3-019b7b7ef4af,123,lembang,cikatomas pakidulan joszzz,,,23b4dea3-82de-471a-b623-b3747f56a73a,ch01_00000000118000100.mp4,
167,17336,motorcycle,1motor,1motor,Motorcycle,1,Motorcycle / 3-wheel vehicle,1motor,2,Line 2,opposite,196.4777,3930,0.7439,793c17b6-7366-4af5-86d0-d30e829b9950,e2b5d1af-611f-418e-93d3-019b7b7ef4af,123,lembang,cikatomas pakidulan joszzz,,,23b4dea3-82de-471a-b623-b3747f56a73a,ch01_00000000118000100.mp4,
168,17321,truck,6tr_2sumbu,6TR_2sumbu,2-Axle Truck (Jumbo),6,2-Axle Truck,6tr_2sumbu,2,Line 2,opposite,196.8777,3938,0.8796,793c17b6-7366-4af5-86d0-d30e829b9950,e2b5d1af-611f-418e-93d3-019b7b7ef4af,123,lembang,cikatomas pakidulan joszzz,,,23b4dea3-82de-471a-b623-b3747f56a73a,ch01_00000000118000100.mp4,
169,17499,car,2mobil,2mobil,Car / Sedan,2,Sedan / jeep / station wagon,2mobil,1,Line 1,opposite,197.8276,3957,0.9361,793c17b6-7366-4af5-86d0-d30e829b9950,e2b5d1af-611f-418e-93d3-019b7b7ef4af,123,lembang,cikatomas pakidulan joszzz,,,23b4dea3-82de-471a-b623-b3747f56a73a,ch01_00000000118000100.mp4,
170,17499,car,2mobil,2mobil,Car / Sedan,2,Sedan / jeep / station wagon,2mobil,2,Line 2,opposite,198.4775,3970,0.9104,793c17b6-7366-4af5-86d0-d30e829b9950,e2b5d1af-611f-418e-93d3-019b7b7ef4af,123,lembang,cikatomas pakidulan joszzz,,,23b4dea3-82de-471a-b623-b3747f56a73a,ch01_00000000118000100.mp4,
171,17597,motorcycle,1motor,1motor,Motorcycle,1,Motorcycle / 3-wheel vehicle,1motor,1,Line 1,opposite,198.7775,3976,0.8565,793c17b6-7366-4af5-86d0-d30e829b9950,e2b5d1af-611f-418e-93d3-019b7b7ef4af,123,lembang,cikatomas pakidulan joszzz,,,23b4dea3-82de-471a-b623-b3747f56a73a,ch01_00000000118000100.mp4,
172,17597,motorcycle,1motor,1motor,Motorcycle,1,Motorcycle / 3-wheel vehicle,1motor,2,Line 2,opposite,199.3774,3988,0.769,793c17b6-7366-4af5-86d0-d30e829b9950,e2b5d1af-611f-418e-93d3-019b7b7ef4af,123,lembang,cikatomas pakidulan joszzz,,,23b4dea3-82de-471a-b623-b3747f56a73a,ch01_00000000118000100.mp4,
173,17662,motorcycle,1motor,1motor,Motorcycle,1,Motorcycle / 3-wheel vehicle,1motor,1,Line 1,opposite,199.6274,3993,0.7206,793c17b6-7366-4af5-86d0-d30e829b9950,e2b5d1af-611f-418e-93d3-019b7b7ef4af,123,lembang,cikatomas pakidulan joszzz,,,23b4dea3-82de-471a-b623-b3747f56a73a,ch01_00000000118000100.mp4,
174,17662,motorcycle,1motor,1motor,Motorcycle,1,Motorcycle / 3-wheel vehicle,1motor,2,Line 2,opposite,200.1273,4003,0.8474,793c17b6-7366-4af5-86d0-d30e829b9950,e2b5d1af-611f-418e-93d3-019b7b7ef4af,123,lembang,cikatomas pakidulan joszzz,,,23b4dea3-82de-471a-b623-b3747f56a73a,ch01_00000000118000100.mp4,
175,17684,motorcycle,1motor,1motor,Motorcycle,1,Motorcycle / 3-wheel vehicle,1motor,2,Line 2,opposite,200.1773,4004,0.8433,793c17b6-7366-4af5-86d0-d30e829b9950,e2b5d1af-611f-418e-93d3-019b7b7ef4af,123,lembang,cikatomas pakidulan joszzz,,,23b4dea3-82de-471a-b623-b3747f56a73a,ch01_00000000118000100.mp4,
176,17729,car,2mobil,2mobil,Car / Sedan,2,Sedan / jeep / station wagon,2mobil,2,Line 2,normal,200.2773,4006,0.3668,793c17b6-7366-4af5-86d0-d30e829b9950,e2b5d1af-611f-418e-93d3-019b7b7ef4af,123,lembang,cikatomas pakidulan joszzz,,,23b4dea3-82de-471a-b623-b3747f56a73a,ch01_00000000118000100.mp4,
177,17729,car,2mobil,2mobil,Car / Sedan,2,Sedan / jeep / station wagon,2mobil,1,Line 1,normal,201.0772,4022,0.8907,793c17b6-7366-4af5-86d0-d30e829b9950,e2b5d1af-611f-418e-93d3-019b7b7ef4af,123,lembang,cikatomas pakidulan joszzz,,,23b4dea3-82de-471a-b623-b3747f56a73a,ch01_00000000118000100.mp4,
178,17870,motorcycle,1motor,1motor,Motorcycle,1,Motorcycle / 3-wheel vehicle,1motor,1,Line 1,opposite,201.7271,4035,0.7766,793c17b6-7366-4af5-86d0-d30e829b9950,e2b5d1af-611f-418e-93d3-019b7b7ef4af,123,lembang,cikatomas pakidulan joszzz,,,23b4dea3-82de-471a-b623-b3747f56a73a,ch01_00000000118000100.mp4,
179,17870,motorcycle,1motor,1motor,Motorcycle,1,Motorcycle / 3-wheel vehicle,1motor,2,Line 2,opposite,202.2271,4045,0.8609,793c17b6-7366-4af5-86d0-d30e829b9950,e2b5d1af-611f-418e-93d3-019b7b7ef4af,123,lembang,cikatomas pakidulan joszzz,,,23b4dea3-82de-471a-b623-b3747f56a73a,ch01_00000000118000100.mp4,
180,17948,motorcycle,1motor,1motor,Motorcycle,1,Motorcycle / 3-wheel vehicle,1motor,2,Line 2,normal,203.127,4063,0.55,793c17b6-7366-4af5-86d0-d30e829b9950,e2b5d1af-611f-418e-93d3-019b7b7ef4af,123,lembang,cikatomas pakidulan joszzz,,,23b4dea3-82de-471a-b623-b3747f56a73a,ch01_00000000118000100.mp4,
181,18061,car,3ang_umum,3ang_umum,Public Transportation (Angkot),3,Medium passenger vehicle,3ang_umum,1,Line 1,opposite,204.4268,4089,0.7985,793c17b6-7366-4af5-86d0-d30e829b9950,e2b5d1af-611f-418e-93d3-019b7b7ef4af,123,lembang,cikatomas pakidulan joszzz,,,23b4dea3-82de-471a-b623-b3747f56a73a,ch01_00000000118000100.mp4,
182,18061,car,3ang_umum,3ang_umum,Public Transportation (Angkot),3,Medium passenger vehicle,3ang_umum,2,Line 2,opposite,205.0268,4101,0.6774,793c17b6-7366-4af5-86d0-d30e829b9950,e2b5d1af-611f-418e-93d3-019b7b7ef4af,123,lembang,cikatomas pakidulan joszzz,,,23b4dea3-82de-471a-b623-b3747f56a73a,ch01_00000000118000100.mp4,
183,18364,motorcycle,1motor,1motor,Motorcycle,1,Motorcycle / 3-wheel vehicle,1motor,1,Line 1,opposite,208.6764,4174,0.8438,793c17b6-7366-4af5-86d0-d30e829b9950,e2b5d1af-611f-418e-93d3-019b7b7ef4af,123,lembang,cikatomas pakidulan joszzz,,,23b4dea3-82de-471a-b623-b3747f56a73a,ch01_00000000118000100.mp4,
184,18369,car,2mobil,2mobil,Car / Sedan,2,Sedan / jeep / station wagon,2mobil,1,Line 1,opposite,208.7763,4176,0.9351,793c17b6-7366-4af5-86d0-d30e829b9950,e2b5d1af-611f-418e-93d3-019b7b7ef4af,123,lembang,cikatomas pakidulan joszzz,,,23b4dea3-82de-471a-b623-b3747f56a73a,ch01_00000000118000100.mp4,
185,18369,car,2mobil,2mobil,Car / Sedan,2,Sedan / jeep / station wagon,2mobil,2,Line 2,opposite,209.3763,4188,0.9133,793c17b6-7366-4af5-86d0-d30e829b9950,e2b5d1af-611f-418e-93d3-019b7b7ef4af,123,lembang,cikatomas pakidulan joszzz,,,23b4dea3-82de-471a-b623-b3747f56a73a,ch01_00000000118000100.mp4,
186,18364,motorcycle,1motor,1motor,Motorcycle,1,Motorcycle / 3-wheel vehicle,1motor,2,Line 2,opposite,209.6762,4194,0.8278,793c17b6-7366-4af5-86d0-d30e829b9950,e2b5d1af-611f-418e-93d3-019b7b7ef4af,123,lembang,cikatomas pakidulan joszzz,,,23b4dea3-82de-471a-b623-b3747f56a73a,ch01_00000000118000100.mp4,
187,18857,motorcycle,1motor,1motor,Motorcycle,1,Motorcycle / 3-wheel vehicle,1motor,1,Line 1,opposite,215.3756,4308,0.853,793c17b6-7366-4af5-86d0-d30e829b9950,e2b5d1af-611f-418e-93d3-019b7b7ef4af,123,lembang,cikatomas pakidulan joszzz,,,23b4dea3-82de-471a-b623-b3747f56a73a,ch01_00000000118000100.mp4,
188,18921,motorcycle,1motor,1motor,Motorcycle,1,Motorcycle / 3-wheel vehicle,1motor,1,Line 1,opposite,216.0755,4322,0.659,793c17b6-7366-4af5-86d0-d30e829b9950,e2b5d1af-611f-418e-93d3-019b7b7ef4af,123,lembang,cikatomas pakidulan joszzz,,,23b4dea3-82de-471a-b623-b3747f56a73a,ch01_00000000118000100.mp4,
189,18857,motorcycle,1motor,1motor,Motorcycle,1,Motorcycle / 3-wheel vehicle,1motor,2,Line 2,opposite,216.1755,4324,0.8394,793c17b6-7366-4af5-86d0-d30e829b9950,e2b5d1af-611f-418e-93d3-019b7b7ef4af,123,lembang,cikatomas pakidulan joszzz,,,23b4dea3-82de-471a-b623-b3747f56a73a,ch01_00000000118000100.mp4,
190,18921,motorcycle,1motor,1motor,Motorcycle,1,Motorcycle / 3-wheel vehicle,1motor,2,Line 2,opposite,216.6755,4334,0.7941,793c17b6-7366-4af5-86d0-d30e829b9950,e2b5d1af-611f-418e-93d3-019b7b7ef4af,123,lembang,cikatomas pakidulan joszzz,,,23b4dea3-82de-471a-b623-b3747f56a73a,ch01_00000000118000100.mp4,
191,19346,motorcycle,1motor,1motor,Motorcycle,1,Motorcycle / 3-wheel vehicle,1motor,2,Line 2,normal,220.425,4409,0.5358,793c17b6-7366-4af5-86d0-d30e829b9950,e2b5d1af-611f-418e-93d3-019b7b7ef4af,123,lembang,cikatomas pakidulan joszzz,,,23b4dea3-82de-471a-b623-b3747f56a73a,ch01_00000000118000100.mp4,
192,19346,motorcycle,1motor,1motor,Motorcycle,1,Motorcycle / 3-wheel vehicle,1motor,1,Line 1,normal,221.8249,4437,0.6311,793c17b6-7366-4af5-86d0-d30e829b9950,e2b5d1af-611f-418e-93d3-019b7b7ef4af,123,lembang,cikatomas pakidulan joszzz,,,23b4dea3-82de-471a-b623-b3747f56a73a,ch01_00000000118000100.mp4,
193,19434,truck,4pickupmicro,4PickupMicro,Pickup / Micro Truck,4,Pickup / micro truck / delivery,4pickupmicro,1,Line 1,opposite,221.8249,4437,0.9142,793c17b6-7366-4af5-86d0-d30e829b9950,e2b5d1af-611f-418e-93d3-019b7b7ef4af,123,lembang,cikatomas pakidulan joszzz,,,23b4dea3-82de-471a-b623-b3747f56a73a,ch01_00000000118000100.mp4,
194,19434,truck,4pickupmicro,4PickupMicro,Pickup / Micro Truck,4,Pickup / micro truck / delivery,4pickupmicro,2,Line 2,opposite,222.4248,4449,0.8446,793c17b6-7366-4af5-86d0-d30e829b9950,e2b5d1af-611f-418e-93d3-019b7b7ef4af,123,lembang,cikatomas pakidulan joszzz,,,23b4dea3-82de-471a-b623-b3747f56a73a,ch01_00000000118000100.mp4,
195,19544,motorcycle,1motor,1motor,Motorcycle,1,Motorcycle / 3-wheel vehicle,1motor,2,Line 2,opposite,222.6748,4454,0.72,793c17b6-7366-4af5-86d0-d30e829b9950,e2b5d1af-611f-418e-93d3-019b7b7ef4af,123,lembang,cikatomas pakidulan joszzz,,,23b4dea3-82de-471a-b623-b3747f56a73a,ch01_00000000118000100.mp4,
196,19945,motorcycle,1motor,1motor,Motorcycle,1,Motorcycle / 3-wheel vehicle,1motor,2,Line 2,normal,227.2243,4545,0.574,793c17b6-7366-4af5-86d0-d30e829b9950,e2b5d1af-611f-418e-93d3-019b7b7ef4af,123,lembang,cikatomas pakidulan joszzz,,,23b4dea3-82de-471a-b623-b3747f56a73a,ch01_00000000118000100.mp4,
197,19945,motorcycle,1motor,1motor,Motorcycle,1,Motorcycle / 3-wheel vehicle,1motor,1,Line 1,normal,229.374,4588,0.7066,793c17b6-7366-4af5-86d0-d30e829b9950,e2b5d1af-611f-418e-93d3-019b7b7ef4af,123,lembang,cikatomas pakidulan joszzz,,,23b4dea3-82de-471a-b623-b3747f56a73a,ch01_00000000118000100.mp4,
198,20142,car,2mobil,2mobil,Car / Sedan,2,Sedan / jeep / station wagon,2mobil,2,Line 2,normal,230.3239,4607,0.9197,793c17b6-7366-4af5-86d0-d30e829b9950,e2b5d1af-611f-418e-93d3-019b7b7ef4af,123,lembang,cikatomas pakidulan joszzz,,,23b4dea3-82de-471a-b623-b3747f56a73a,ch01_00000000118000100.mp4,
199,20142,car,2mobil,2mobil,Car / Sedan,2,Sedan / jeep / station wagon,2mobil,1,Line 1,normal,231.3738,4628,0.9008,793c17b6-7366-4af5-86d0-d30e829b9950,e2b5d1af-611f-418e-93d3-019b7b7ef4af,123,lembang,cikatomas pakidulan joszzz,,,23b4dea3-82de-471a-b623-b3747f56a73a,ch01_00000000118000100.mp4,
200,20336,motorcycle,1motor,1motor,Motorcycle,1,Motorcycle / 3-wheel vehicle,1motor,1,Line 1,opposite,233.0236,4661,0.5524,793c17b6-7366-4af5-86d0-d30e829b9950,e2b5d1af-611f-418e-93d3-019b7b7ef4af,123,lembang,cikatomas pakidulan joszzz,,,23b4dea3-82de-471a-b623-b3747f56a73a,ch01_00000000118000100.mp4,
201,20336,motorcycle,1motor,1motor,Motorcycle,1,Motorcycle / 3-wheel vehicle,1motor,2,Line 2,opposite,234.3734,4688,0.6804,793c17b6-7366-4af5-86d0-d30e829b9950,e2b5d1af-611f-418e-93d3-019b7b7ef4af,123,lembang,cikatomas pakidulan joszzz,,,23b4dea3-82de-471a-b623-b3747f56a73a,ch01_00000000118000100.mp4,
202,20416,motorcycle,1motor,1motor,Motorcycle,1,Motorcycle / 3-wheel vehicle,1motor,1,Line 1,opposite,234.9734,4700,0.8575,793c17b6-7366-4af5-86d0-d30e829b9950,e2b5d1af-611f-418e-93d3-019b7b7ef4af,123,lembang,cikatomas pakidulan joszzz,,,23b4dea3-82de-471a-b623-b3747f56a73a,ch01_00000000118000100.mp4,
203,20600,motorcycle,1motor,1motor,Motorcycle,1,Motorcycle / 3-wheel vehicle,1motor,1,Line 1,opposite,235.8733,4718,0.866,793c17b6-7366-4af5-86d0-d30e829b9950,e2b5d1af-611f-418e-93d3-019b7b7ef4af,123,lembang,cikatomas pakidulan joszzz,,,23b4dea3-82de-471a-b623-b3747f56a73a,ch01_00000000118000100.mp4,
204,20416,motorcycle,1motor,1motor,Motorcycle,1,Motorcycle / 3-wheel vehicle,1motor,2,Line 2,opposite,236.5232,4731,0.871,793c17b6-7366-4af5-86d0-d30e829b9950,e2b5d1af-611f-418e-93d3-019b7b7ef4af,123,lembang,cikatomas pakidulan joszzz,,,23b4dea3-82de-471a-b623-b3747f56a73a,ch01_00000000118000100.mp4,
205,20600,motorcycle,1motor,1motor,Motorcycle,1,Motorcycle / 3-wheel vehicle,1motor,2,Line 2,opposite,236.6732,4734,0.8386,793c17b6-7366-4af5-86d0-d30e829b9950,e2b5d1af-611f-418e-93d3-019b7b7ef4af,123,lembang,cikatomas pakidulan joszzz,,,23b4dea3-82de-471a-b623-b3747f56a73a,ch01_00000000118000100.mp4,
206,20699,motorcycle,1motor,1motor,Motorcycle,1,Motorcycle / 3-wheel vehicle,1motor,1,Line 1,opposite,237.0731,4742,0.8878,793c17b6-7366-4af5-86d0-d30e829b9950,e2b5d1af-611f-418e-93d3-019b7b7ef4af,123,lembang,cikatomas pakidulan joszzz,,,23b4dea3-82de-471a-b623-b3747f56a73a,ch01_00000000118000100.mp4,
207,20699,motorcycle,1motor,1motor,Motorcycle,1,Motorcycle / 3-wheel vehicle,1motor,2,Line 2,opposite,237.8731,4758,0.8058,793c17b6-7366-4af5-86d0-d30e829b9950,e2b5d1af-611f-418e-93d3-019b7b7ef4af,123,lembang,cikatomas pakidulan joszzz,,,23b4dea3-82de-471a-b623-b3747f56a73a,ch01_00000000118000100.mp4,
208,20960,car,3ang_umum,3ang_umum,Public Transportation (Angkot),3,Medium passenger vehicle,3ang_umum,2,Line 2,normal,240.0728,4802,0.7488,793c17b6-7366-4af5-86d0-d30e829b9950,e2b5d1af-611f-418e-93d3-019b7b7ef4af,123,lembang,cikatomas pakidulan joszzz,,,23b4dea3-82de-471a-b623-b3747f56a73a,ch01_00000000118000100.mp4,
209,21025,truck,6tr_2sumbu,6TR_2sumbu,2-Axle Truck (Jumbo),6,2-Axle Truck,6tr_2sumbu,1,Line 1,opposite,240.5727,4812,0.882,793c17b6-7366-4af5-86d0-d30e829b9950,e2b5d1af-611f-418e-93d3-019b7b7ef4af,123,lembang,cikatomas pakidulan joszzz,,,23b4dea3-82de-471a-b623-b3747f56a73a,ch01_00000000118000100.mp4,
210,21039,motorcycle,1motor,1motor,Motorcycle,1,Motorcycle / 3-wheel vehicle,1motor,1,Line 1,opposite,241.0227,4821,0.7598,793c17b6-7366-4af5-86d0-d30e829b9950,e2b5d1af-611f-418e-93d3-019b7b7ef4af,123,lembang,cikatomas pakidulan joszzz,,,23b4dea3-82de-471a-b623-b3747f56a73a,ch01_00000000118000100.mp4,
211,21068,car,3ang_umum,3ang_umum,Public Transportation (Angkot),3,Medium passenger vehicle,3ang_umum,1,Line 1,normal,241.1227,4823,0.5901,793c17b6-7366-4af5-86d0-d30e829b9950,e2b5d1af-611f-418e-93d3-019b7b7ef4af,123,lembang,cikatomas pakidulan joszzz,,,23b4dea3-82de-471a-b623-b3747f56a73a,ch01_00000000118000100.mp4,
212,21025,truck,6tr_2sumbu,6TR_2sumbu,2-Axle Truck (Jumbo),6,2-Axle Truck,6tr_2sumbu,2,Line 2,opposite,241.5226,4831,0.8818,793c17b6-7366-4af5-86d0-d30e829b9950,e2b5d1af-611f-418e-93d3-019b7b7ef4af,123,lembang,cikatomas pakidulan joszzz,,,23b4dea3-82de-471a-b623-b3747f56a73a,ch01_00000000118000100.mp4,
213,21125,motorcycle,1motor,1motor,Motorcycle,1,Motorcycle / 3-wheel vehicle,1motor,2,Line 2,opposite,241.7226,4835,0.6595,793c17b6-7366-4af5-86d0-d30e829b9950,e2b5d1af-611f-418e-93d3-019b7b7ef4af,123,lembang,cikatomas pakidulan joszzz,,,23b4dea3-82de-471a-b623-b3747f56a73a,ch01_00000000118000100.mp4,
214,21156,motorcycle,1motor,1motor,Motorcycle,1,Motorcycle / 3-wheel vehicle,1motor,2,Line 2,opposite,242.1726,4844,0.392,793c17b6-7366-4af5-86d0-d30e829b9950,e2b5d1af-611f-418e-93d3-019b7b7ef4af,123,lembang,cikatomas pakidulan joszzz,,,23b4dea3-82de-471a-b623-b3747f56a73a,ch01_00000000118000100.mp4,
215,21192,motorcycle,1motor,1motor,Motorcycle,1,Motorcycle / 3-wheel vehicle,1motor,1,Line 1,opposite,242.5225,4851,0.8159,793c17b6-7366-4af5-86d0-d30e829b9950,e2b5d1af-611f-418e-93d3-019b7b7ef4af,123,lembang,cikatomas pakidulan joszzz,,,23b4dea3-82de-471a-b623-b3747f56a73a,ch01_00000000118000100.mp4,
216,21192,motorcycle,1motor,1motor,Motorcycle,1,Motorcycle / 3-wheel vehicle,1motor,2,Line 2,opposite,243.3224,4867,0.6182,793c17b6-7366-4af5-86d0-d30e829b9950,e2b5d1af-611f-418e-93d3-019b7b7ef4af,123,lembang,cikatomas pakidulan joszzz,,,23b4dea3-82de-471a-b623-b3747f56a73a,ch01_00000000118000100.mp4,
217,21257,motorcycle,1motor,1motor,Motorcycle,1,Motorcycle / 3-wheel vehicle,1motor,1,Line 1,normal,243.5724,4872,0.7125,793c17b6-7366-4af5-86d0-d30e829b9950,e2b5d1af-611f-418e-93d3-019b7b7ef4af,123,lembang,cikatomas pakidulan joszzz,,,23b4dea3-82de-471a-b623-b3747f56a73a,ch01_00000000118000100.mp4,
218,21568,motorcycle,1motor,1motor,Motorcycle,1,Motorcycle / 3-wheel vehicle,1motor,1,Line 1,opposite,247.9219,4959,0.8924,793c17b6-7366-4af5-86d0-d30e829b9950,e2b5d1af-611f-418e-93d3-019b7b7ef4af,123,lembang,cikatomas pakidulan joszzz,,,23b4dea3-82de-471a-b623-b3747f56a73a,ch01_00000000118000100.mp4,
219,21568,motorcycle,1motor,1motor,Motorcycle,1,Motorcycle / 3-wheel vehicle,1motor,2,Line 2,opposite,248.7718,4976,0.862,793c17b6-7366-4af5-86d0-d30e829b9950,e2b5d1af-611f-418e-93d3-019b7b7ef4af,123,lembang,cikatomas pakidulan joszzz,,,23b4dea3-82de-471a-b623-b3747f56a73a,ch01_00000000118000100.mp4,
220,22337,motorcycle,1motor,1motor,Motorcycle,1,Motorcycle / 3-wheel vehicle,1motor,2,Line 2,normal,256.271,5126,0.8206,793c17b6-7366-4af5-86d0-d30e829b9950,e2b5d1af-611f-418e-93d3-019b7b7ef4af,123,lembang,cikatomas pakidulan joszzz,,,23b4dea3-82de-471a-b623-b3747f56a73a,ch01_00000000118000100.mp4,
221,22722,truck,4pickupmicro,4PickupMicro,Pickup / Micro Truck,4,Pickup / micro truck / delivery,4pickupmicro,1,Line 1,opposite,260.4205,5209,0.906,793c17b6-7366-4af5-86d0-d30e829b9950,e2b5d1af-611f-418e-93d3-019b7b7ef4af,123,lembang,cikatomas pakidulan joszzz,,,23b4dea3-82de-471a-b623-b3747f56a73a,ch01_00000000118000100.mp4,
222,22737,motorcycle,1motor,1motor,Motorcycle,1,Motorcycle / 3-wheel vehicle,1motor,2,Line 2,opposite,260.6205,5213,0.5466,793c17b6-7366-4af5-86d0-d30e829b9950,e2b5d1af-611f-418e-93d3-019b7b7ef4af,123,lembang,cikatomas pakidulan joszzz,,,23b4dea3-82de-471a-b623-b3747f56a73a,ch01_00000000118000100.mp4,
223,22722,truck,4pickupmicro,4PickupMicro,Pickup / Micro Truck,4,Pickup / micro truck / delivery,4pickupmicro,2,Line 2,opposite,261.0204,5221,0.9117,793c17b6-7366-4af5-86d0-d30e829b9950,e2b5d1af-611f-418e-93d3-019b7b7ef4af,123,lembang,cikatomas pakidulan joszzz,,,23b4dea3-82de-471a-b623-b3747f56a73a,ch01_00000000118000100.mp4,
224,23062,car,2mobil,2mobil,Car / Sedan,2,Sedan / jeep / station wagon,2mobil,1,Line 1,opposite,263.5701,5272,0.9011,793c17b6-7366-4af5-86d0-d30e829b9950,e2b5d1af-611f-418e-93d3-019b7b7ef4af,123,lembang,cikatomas pakidulan joszzz,,,23b4dea3-82de-471a-b623-b3747f56a73a,ch01_00000000118000100.mp4,
225,23062,car,2mobil,2mobil,Car / Sedan,2,Sedan / jeep / station wagon,2mobil,2,Line 2,opposite,264.2201,5285,0.9159,793c17b6-7366-4af5-86d0-d30e829b9950,e2b5d1af-611f-418e-93d3-019b7b7ef4af,123,lembang,cikatomas pakidulan joszzz,,,23b4dea3-82de-471a-b623-b3747f56a73a,ch01_00000000118000100.mp4,
226,23251,car,2mobil,2mobil,Car / Sedan,2,Sedan / jeep / station wagon,2mobil,1,Line 1,opposite,265.4699,5310,0.9327,793c17b6-7366-4af5-86d0-d30e829b9950,e2b5d1af-611f-418e-93d3-019b7b7ef4af,123,lembang,cikatomas pakidulan joszzz,,,23b4dea3-82de-471a-b623-b3747f56a73a,ch01_00000000118000100.mp4,
227,23251,car,2mobil,2mobil,Car / Sedan,2,Sedan / jeep / station wagon,2mobil,2,Line 2,opposite,266.1199,5323,0.9172,793c17b6-7366-4af5-86d0-d30e829b9950,e2b5d1af-611f-418e-93d3-019b7b7ef4af,123,lembang,cikatomas pakidulan joszzz,,,23b4dea3-82de-471a-b623-b3747f56a73a,ch01_00000000118000100.mp4,
228,23662,motorcycle,1motor,1motor,Motorcycle,1,Motorcycle / 3-wheel vehicle,1motor,2,Line 2,normal,269.8194,5397,0.8606,793c17b6-7366-4af5-86d0-d30e829b9950,e2b5d1af-611f-418e-93d3-019b7b7ef4af,123,lembang,cikatomas pakidulan joszzz,,,23b4dea3-82de-471a-b623-b3747f56a73a,ch01_00000000118000100.mp4,
229,23662,motorcycle,1motor,1motor,Motorcycle,1,Motorcycle / 3-wheel vehicle,1motor,1,Line 1,normal,270.4694,5410,0.7715,793c17b6-7366-4af5-86d0-d30e829b9950,e2b5d1af-611f-418e-93d3-019b7b7ef4af,123,lembang,cikatomas pakidulan joszzz,,,23b4dea3-82de-471a-b623-b3747f56a73a,ch01_00000000118000100.mp4,
230,23745,motorcycle,1motor,1motor,Motorcycle,1,Motorcycle / 3-wheel vehicle,1motor,2,Line 2,normal,271.1693,5424,0.7878,793c17b6-7366-4af5-86d0-d30e829b9950,e2b5d1af-611f-418e-93d3-019b7b7ef4af,123,lembang,cikatomas pakidulan joszzz,,,23b4dea3-82de-471a-b623-b3747f56a73a,ch01_00000000118000100.mp4,
231,23874,motorcycle,1motor,1motor,Motorcycle,1,Motorcycle / 3-wheel vehicle,1motor,1,Line 1,normal,272.1692,5444,0.7523,793c17b6-7366-4af5-86d0-d30e829b9950,e2b5d1af-611f-418e-93d3-019b7b7ef4af,123,lembang,cikatomas pakidulan joszzz,,,23b4dea3-82de-471a-b623-b3747f56a73a,ch01_00000000118000100.mp4,
232,24730,motorcycle,1motor,1motor,Motorcycle,1,Motorcycle / 3-wheel vehicle,1motor,1,Line 1,opposite,281.4681,5630,0.7877,793c17b6-7366-4af5-86d0-d30e829b9950,e2b5d1af-611f-418e-93d3-019b7b7ef4af,123,lembang,cikatomas pakidulan joszzz,,,23b4dea3-82de-471a-b623-b3747f56a73a,ch01_00000000118000100.mp4,
233,24805,motorcycle,1motor,1motor,Motorcycle,1,Motorcycle / 3-wheel vehicle,1motor,1,Line 1,opposite,282.618,5653,0.7896,793c17b6-7366-4af5-86d0-d30e829b9950,e2b5d1af-611f-418e-93d3-019b7b7ef4af,123,lembang,cikatomas pakidulan joszzz,,,23b4dea3-82de-471a-b623-b3747f56a73a,ch01_00000000118000100.mp4,
234,24730,motorcycle,1motor,1motor,Motorcycle,1,Motorcycle / 3-wheel vehicle,1motor,2,Line 2,opposite,283.0679,5662,0.7964,793c17b6-7366-4af5-86d0-d30e829b9950,e2b5d1af-611f-418e-93d3-019b7b7ef4af,123,lembang,cikatomas pakidulan joszzz,,,23b4dea3-82de-471a-b623-b3747f56a73a,ch01_00000000118000100.mp4,
235,24805,motorcycle,1motor,1motor,Motorcycle,1,Motorcycle / 3-wheel vehicle,1motor,2,Line 2,opposite,283.9678,5680,0.5831,793c17b6-7366-4af5-86d0-d30e829b9950,e2b5d1af-611f-418e-93d3-019b7b7ef4af,123,lembang,cikatomas pakidulan joszzz,,,23b4dea3-82de-471a-b623-b3747f56a73a,ch01_00000000118000100.mp4,
236,25025,motorcycle,1motor,1motor,Motorcycle,1,Motorcycle / 3-wheel vehicle,1motor,2,Line 2,normal,285.0177,5701,0.6141,793c17b6-7366-4af5-86d0-d30e829b9950,e2b5d1af-611f-418e-93d3-019b7b7ef4af,123,lembang,cikatomas pakidulan joszzz,,,23b4dea3-82de-471a-b623-b3747f56a73a,ch01_00000000118000100.mp4,
237,25340,motorcycle,1motor,1motor,Motorcycle,1,Motorcycle / 3-wheel vehicle,1motor,1,Line 1,opposite,287.5174,5751,0.8889,793c17b6-7366-4af5-86d0-d30e829b9950,e2b5d1af-611f-418e-93d3-019b7b7ef4af,123,lembang,cikatomas pakidulan joszzz,,,23b4dea3-82de-471a-b623-b3747f56a73a,ch01_00000000118000100.mp4,
238,25340,motorcycle,1motor,1motor,Motorcycle,1,Motorcycle / 3-wheel vehicle,1motor,2,Line 2,opposite,288.1674,5764,0.8259,793c17b6-7366-4af5-86d0-d30e829b9950,e2b5d1af-611f-418e-93d3-019b7b7ef4af,123,lembang,cikatomas pakidulan joszzz,,,23b4dea3-82de-471a-b623-b3747f56a73a,ch01_00000000118000100.mp4,
239,25473,car,2mobil,2mobil,Car / Sedan,2,Sedan / jeep / station wagon,2mobil,1,Line 1,opposite,289.0673,5782,0.936,793c17b6-7366-4af5-86d0-d30e829b9950,e2b5d1af-611f-418e-93d3-019b7b7ef4af,123,lembang,cikatomas pakidulan joszzz,,,23b4dea3-82de-471a-b623-b3747f56a73a,ch01_00000000118000100.mp4,
240,25473,car,2mobil,2mobil,Car / Sedan,2,Sedan / jeep / station wagon,2mobil,2,Line 2,opposite,289.8172,5797,0.8933,793c17b6-7366-4af5-86d0-d30e829b9950,e2b5d1af-611f-418e-93d3-019b7b7ef4af,123,lembang,cikatomas pakidulan joszzz,,,23b4dea3-82de-471a-b623-b3747f56a73a,ch01_00000000118000100.mp4,
241,25610,car,2mobil,2mobil,Car / Sedan,2,Sedan / jeep / station wagon,2mobil,1,Line 1,opposite,290.3171,5807,0.7305,793c17b6-7366-4af5-86d0-d30e829b9950,e2b5d1af-611f-418e-93d3-019b7b7ef4af,123,lembang,cikatomas pakidulan joszzz,,,23b4dea3-82de-471a-b623-b3747f56a73a,ch01_00000000118000100.mp4,
242,25610,car,2mobil,2mobil,Car / Sedan,2,Sedan / jeep / station wagon,2mobil,2,Line 2,opposite,291.017,5821,0.9052,793c17b6-7366-4af5-86d0-d30e829b9950,e2b5d1af-611f-418e-93d3-019b7b7ef4af,123,lembang,cikatomas pakidulan joszzz,,,23b4dea3-82de-471a-b623-b3747f56a73a,ch01_00000000118000100.mp4,
243,25963,motorcycle,1motor,1motor,Motorcycle,1,Motorcycle / 3-wheel vehicle,1motor,1,Line 1,opposite,292.8668,5858,0.7036,793c17b6-7366-4af5-86d0-d30e829b9950,e2b5d1af-611f-418e-93d3-019b7b7ef4af,123,lembang,cikatomas pakidulan joszzz,,,23b4dea3-82de-471a-b623-b3747f56a73a,ch01_00000000118000100.mp4,
244,25861,motorcycle,1motor,1motor,Motorcycle,1,Motorcycle / 3-wheel vehicle,1motor,1,Line 1,normal,292.9668,5860,0.7008,793c17b6-7366-4af5-86d0-d30e829b9950,e2b5d1af-611f-418e-93d3-019b7b7ef4af,123,lembang,cikatomas pakidulan joszzz,,,23b4dea3-82de-471a-b623-b3747f56a73a,ch01_00000000118000100.mp4,
245,25963,motorcycle,1motor,1motor,Motorcycle,1,Motorcycle / 3-wheel vehicle,1motor,2,Line 2,opposite,293.5667,5872,0.8273,793c17b6-7366-4af5-86d0-d30e829b9950,e2b5d1af-611f-418e-93d3-019b7b7ef4af,123,lembang,cikatomas pakidulan joszzz,,,23b4dea3-82de-471a-b623-b3747f56a73a,ch01_00000000118000100.mp4,
246,27284,motorcycle,1motor,1motor,Motorcycle,1,Motorcycle / 3-wheel vehicle,1motor,1,Line 1,opposite,307.5152,6151,0.7314,793c17b6-7366-4af5-86d0-d30e829b9950,e2b5d1af-611f-418e-93d3-019b7b7ef4af,123,lembang,cikatomas pakidulan joszzz,,,23b4dea3-82de-471a-b623-b3747f56a73a,ch01_00000000118000100.mp4,
247,27284,motorcycle,1motor,1motor,Motorcycle,1,Motorcycle / 3-wheel vehicle,1motor,2,Line 2,opposite,308.3651,6168,0.5968,793c17b6-7366-4af5-86d0-d30e829b9950,e2b5d1af-611f-418e-93d3-019b7b7ef4af,123,lembang,cikatomas pakidulan joszzz,,,23b4dea3-82de-471a-b623-b3747f56a73a,ch01_00000000118000100.mp4,
248,27671,motorcycle,1motor,1motor,Motorcycle,1,Motorcycle / 3-wheel vehicle,1motor,1,Line 1,opposite,313.0145,6261,0.7197,793c17b6-7366-4af5-86d0-d30e829b9950,e2b5d1af-611f-418e-93d3-019b7b7ef4af,123,lembang,cikatomas pakidulan joszzz,,,23b4dea3-82de-471a-b623-b3747f56a73a,ch01_00000000118000100.mp4,
249,27671,motorcycle,1motor,1motor,Motorcycle,1,Motorcycle / 3-wheel vehicle,1motor,2,Line 2,opposite,314.5644,6292,0.8961,793c17b6-7366-4af5-86d0-d30e829b9950,e2b5d1af-611f-418e-93d3-019b7b7ef4af,123,lembang,cikatomas pakidulan joszzz,,,23b4dea3-82de-471a-b623-b3747f56a73a,ch01_00000000118000100.mp4,
250,28045,motorcycle,1motor,1motor,Motorcycle,1,Motorcycle / 3-wheel vehicle,1motor,1,Line 1,opposite,315.7142,6315,0.89,793c17b6-7366-4af5-86d0-d30e829b9950,e2b5d1af-611f-418e-93d3-019b7b7ef4af,123,lembang,cikatomas pakidulan joszzz,,,23b4dea3-82de-471a-b623-b3747f56a73a,ch01_00000000118000100.mp4,
251,28045,motorcycle,1motor,1motor,Motorcycle,1,Motorcycle / 3-wheel vehicle,1motor,2,Line 2,opposite,316.5141,6331,0.8178,793c17b6-7366-4af5-86d0-d30e829b9950,e2b5d1af-611f-418e-93d3-019b7b7ef4af,123,lembang,cikatomas pakidulan joszzz,,,23b4dea3-82de-471a-b623-b3747f56a73a,ch01_00000000118000100.mp4,
252,28629,car,2mobil,2mobil,Car / Sedan,2,Sedan / jeep / station wagon,2mobil,2,Line 2,normal,323.1634,6464,0.9077,793c17b6-7366-4af5-86d0-d30e829b9950,e2b5d1af-611f-418e-93d3-019b7b7ef4af,123,lembang,cikatomas pakidulan joszzz,,,23b4dea3-82de-471a-b623-b3747f56a73a,ch01_00000000118000100.mp4,
253,28629,car,2mobil,2mobil,Car / Sedan,2,Sedan / jeep / station wagon,2mobil,1,Line 1,normal,323.8633,6478,0.9305,793c17b6-7366-4af5-86d0-d30e829b9950,e2b5d1af-611f-418e-93d3-019b7b7ef4af,123,lembang,cikatomas pakidulan joszzz,,,23b4dea3-82de-471a-b623-b3747f56a73a,ch01_00000000118000100.mp4,
254,28874,motorcycle,1motor,1motor,Motorcycle,1,Motorcycle / 3-wheel vehicle,1motor,1,Line 1,opposite,325.5631,6512,0.86,793c17b6-7366-4af5-86d0-d30e829b9950,e2b5d1af-611f-418e-93d3-019b7b7ef4af,123,lembang,cikatomas pakidulan joszzz,,,23b4dea3-82de-471a-b623-b3747f56a73a,ch01_00000000118000100.mp4,
255,28974,motorcycle,1motor,1motor,Motorcycle,1,Motorcycle / 3-wheel vehicle,1motor,2,Line 2,normal,326.1131,6523,0.6162,793c17b6-7366-4af5-86d0-d30e829b9950,e2b5d1af-611f-418e-93d3-019b7b7ef4af,123,lembang,cikatomas pakidulan joszzz,,,23b4dea3-82de-471a-b623-b3747f56a73a,ch01_00000000118000100.mp4,
256,28874,motorcycle,1motor,1motor,Motorcycle,1,Motorcycle / 3-wheel vehicle,1motor,2,Line 2,opposite,326.263,6526,0.857,793c17b6-7366-4af5-86d0-d30e829b9950,e2b5d1af-611f-418e-93d3-019b7b7ef4af,123,lembang,cikatomas pakidulan joszzz,,,23b4dea3-82de-471a-b623-b3747f56a73a,ch01_00000000118000100.mp4,
257,29273,motorcycle,1motor,1motor,Motorcycle,1,Motorcycle / 3-wheel vehicle,1motor,2,Line 2,normal,330.6125,6613,0.6062,793c17b6-7366-4af5-86d0-d30e829b9950,e2b5d1af-611f-418e-93d3-019b7b7ef4af,123,lembang,cikatomas pakidulan joszzz,,,23b4dea3-82de-471a-b623-b3747f56a73a,ch01_00000000118000100.mp4,
258,29390,motorcycle,1motor,1motor,Motorcycle,1,Motorcycle / 3-wheel vehicle,1motor,1,Line 1,normal,331.8124,6637,0.6732,793c17b6-7366-4af5-86d0-d30e829b9950,e2b5d1af-611f-418e-93d3-019b7b7ef4af,123,lembang,cikatomas pakidulan joszzz,,,23b4dea3-82de-471a-b623-b3747f56a73a,ch01_00000000118000100.mp4,
259,29373,motorcycle,1motor,1motor,Motorcycle,1,Motorcycle / 3-wheel vehicle,1motor,2,Line 2,opposite,332.0124,6641,0.8314,793c17b6-7366-4af5-86d0-d30e829b9950,e2b5d1af-611f-418e-93d3-019b7b7ef4af,123,lembang,cikatomas pakidulan joszzz,,,23b4dea3-82de-471a-b623-b3747f56a73a,ch01_00000000118000100.mp4,
260,29666,car,2mobil,2mobil,Car / Sedan,2,Sedan / jeep / station wagon,2mobil,2,Line 2,normal,335.362,6708,0.7085,793c17b6-7366-4af5-86d0-d30e829b9950,e2b5d1af-611f-418e-93d3-019b7b7ef4af,123,lembang,cikatomas pakidulan joszzz,,,23b4dea3-82de-471a-b623-b3747f56a73a,ch01_00000000118000100.mp4,
261,29720,truck,4pickupmicro,4PickupMicro,Pickup / Micro Truck,4,Pickup / micro truck / delivery,4pickupmicro,2,Line 2,normal,335.362,6708,0.4467,793c17b6-7366-4af5-86d0-d30e829b9950,e2b5d1af-611f-418e-93d3-019b7b7ef4af,123,lembang,cikatomas pakidulan joszzz,,,23b4dea3-82de-471a-b623-b3747f56a73a,ch01_00000000118000100.mp4,
262,29720,truck,4pickupmicro,4PickupMicro,Pickup / Micro Truck,4,Pickup / micro truck / delivery,4pickupmicro,1,Line 1,normal,335.9119,6719,0.723,793c17b6-7366-4af5-86d0-d30e829b9950,e2b5d1af-611f-418e-93d3-019b7b7ef4af,123,lembang,cikatomas pakidulan joszzz,,,23b4dea3-82de-471a-b623-b3747f56a73a,ch01_00000000118000100.mp4,
263,29784,car,2mobil,2mobil,Car / Sedan,2,Sedan / jeep / station wagon,2mobil,2,Line 2,normal,336.9618,6740,0.7426,793c17b6-7366-4af5-86d0-d30e829b9950,e2b5d1af-611f-418e-93d3-019b7b7ef4af,123,lembang,cikatomas pakidulan joszzz,,,23b4dea3-82de-471a-b623-b3747f56a73a,ch01_00000000118000100.mp4,
264,29784,car,2mobil,2mobil,Car / Sedan,2,Sedan / jeep / station wagon,2mobil,1,Line 1,normal,337.5118,6751,0.7033,793c17b6-7366-4af5-86d0-d30e829b9950,e2b5d1af-611f-418e-93d3-019b7b7ef4af,123,lembang,cikatomas pakidulan joszzz,,,23b4dea3-82de-471a-b623-b3747f56a73a,ch01_00000000118000100.mp4,
265,29977,motorcycle,1motor,1motor,Motorcycle,1,Motorcycle / 3-wheel vehicle,1motor,1,Line 1,opposite,338.2617,6766,0.8693,793c17b6-7366-4af5-86d0-d30e829b9950,e2b5d1af-611f-418e-93d3-019b7b7ef4af,123,lembang,cikatomas pakidulan joszzz,,,23b4dea3-82de-471a-b623-b3747f56a73a,ch01_00000000118000100.mp4,
266,29977,motorcycle,1motor,1motor,Motorcycle,1,Motorcycle / 3-wheel vehicle,1motor,2,Line 2,opposite,338.6616,6774,0.8165,793c17b6-7366-4af5-86d0-d30e829b9950,e2b5d1af-611f-418e-93d3-019b7b7ef4af,123,lembang,cikatomas pakidulan joszzz,,,23b4dea3-82de-471a-b623-b3747f56a73a,ch01_00000000118000100.mp4,
267,30132,motorcycle,1motor,1motor,Motorcycle,1,Motorcycle / 3-wheel vehicle,1motor,2,Line 2,opposite,340.4114,6809,0.8298,793c17b6-7366-4af5-86d0-d30e829b9950,e2b5d1af-611f-418e-93d3-019b7b7ef4af,123,lembang,cikatomas pakidulan joszzz,,,23b4dea3-82de-471a-b623-b3747f56a73a,ch01_00000000118000100.mp4,
268,30178,car,3ang_umum,3ang_umum,Public Transportation (Angkot),3,Medium passenger vehicle,3ang_umum,2,Line 2,normal,341.5613,6832,0.7796,793c17b6-7366-4af5-86d0-d30e829b9950,e2b5d1af-611f-418e-93d3-019b7b7ef4af,123,lembang,cikatomas pakidulan joszzz,,,23b4dea3-82de-471a-b623-b3747f56a73a,ch01_00000000118000100.mp4,
269,30326,motorcycle,1motor,1motor,Motorcycle,1,Motorcycle / 3-wheel vehicle,1motor,1,Line 1,opposite,342.0113,6841,0.8844,793c17b6-7366-4af5-86d0-d30e829b9950,e2b5d1af-611f-418e-93d3-019b7b7ef4af,123,lembang,cikatomas pakidulan joszzz,,,23b4dea3-82de-471a-b623-b3747f56a73a,ch01_00000000118000100.mp4,
270,30178,car,3ang_umum,3ang_umum,Public Transportation (Angkot),3,Medium passenger vehicle,3ang_umum,1,Line 1,normal,342.2612,6846,0.9137,793c17b6-7366-4af5-86d0-d30e829b9950,e2b5d1af-611f-418e-93d3-019b7b7ef4af,123,lembang,cikatomas pakidulan joszzz,,,23b4dea3-82de-471a-b623-b3747f56a73a,ch01_00000000118000100.mp4,
271,30326,motorcycle,1motor,1motor,Motorcycle,1,Motorcycle / 3-wheel vehicle,1motor,2,Line 2,opposite,342.6112,6853,0.8643,793c17b6-7366-4af5-86d0-d30e829b9950,e2b5d1af-611f-418e-93d3-019b7b7ef4af,123,lembang,cikatomas pakidulan joszzz,,,23b4dea3-82de-471a-b623-b3747f56a73a,ch01_00000000118000100.mp4,
272,30577,motorcycle,1motor,1motor,Motorcycle,1,Motorcycle / 3-wheel vehicle,1motor,2,Line 2,opposite,345.0609,6902,0.8485,793c17b6-7366-4af5-86d0-d30e829b9950,e2b5d1af-611f-418e-93d3-019b7b7ef4af,123,lembang,cikatomas pakidulan joszzz,,,23b4dea3-82de-471a-b623-b3747f56a73a,ch01_00000000118000100.mp4,
273,31019,motorcycle,1motor,1motor,Motorcycle,1,Motorcycle / 3-wheel vehicle,1motor,1,Line 1,opposite,350.6103,7013,0.8854,793c17b6-7366-4af5-86d0-d30e829b9950,e2b5d1af-611f-418e-93d3-019b7b7ef4af,123,lembang,cikatomas pakidulan joszzz,,,23b4dea3-82de-471a-b623-b3747f56a73a,ch01_00000000118000100.mp4,
274,31019,motorcycle,1motor,1motor,Motorcycle,1,Motorcycle / 3-wheel vehicle,1motor,2,Line 2,opposite,351.2602,7026,0.8444,793c17b6-7366-4af5-86d0-d30e829b9950,e2b5d1af-611f-418e-93d3-019b7b7ef4af,123,lembang,cikatomas pakidulan joszzz,,,23b4dea3-82de-471a-b623-b3747f56a73a,ch01_00000000118000100.mp4,
275,31089,motorcycle,1motor,1motor,Motorcycle,1,Motorcycle / 3-wheel vehicle,1motor,1,Line 1,opposite,351.7102,7035,0.9034,793c17b6-7366-4af5-86d0-d30e829b9950,e2b5d1af-611f-418e-93d3-019b7b7ef4af,123,lembang,cikatomas pakidulan joszzz,,,23b4dea3-82de-471a-b623-b3747f56a73a,ch01_00000000118000100.mp4,
276,31150,motorcycle,1motor,1motor,Motorcycle,1,Motorcycle / 3-wheel vehicle,1motor,1,Line 1,opposite,352.2101,7045,0.8761,793c17b6-7366-4af5-86d0-d30e829b9950,e2b5d1af-611f-418e-93d3-019b7b7ef4af,123,lembang,cikatomas pakidulan joszzz,,,23b4dea3-82de-471a-b623-b3747f56a73a,ch01_00000000118000100.mp4,
277,31089,motorcycle,1motor,1motor,Motorcycle,1,Motorcycle / 3-wheel vehicle,1motor,2,Line 2,opposite,352.4601,7050,0.8149,793c17b6-7366-4af5-86d0-d30e829b9950,e2b5d1af-611f-418e-93d3-019b7b7ef4af,123,lembang,cikatomas pakidulan joszzz,,,23b4dea3-82de-471a-b623-b3747f56a73a,ch01_00000000118000100.mp4,
278,31150,motorcycle,1motor,1motor,Motorcycle,1,Motorcycle / 3-wheel vehicle,1motor,2,Line 2,opposite,352.91,7059,0.8551,793c17b6-7366-4af5-86d0-d30e829b9950,e2b5d1af-611f-418e-93d3-019b7b7ef4af,123,lembang,cikatomas pakidulan joszzz,,,23b4dea3-82de-471a-b623-b3747f56a73a,ch01_00000000118000100.mp4,
279,31167,motorcycle,1motor,1motor,Motorcycle,1,Motorcycle / 3-wheel vehicle,1motor,2,Line 2,opposite,352.96,7060,0.8276,793c17b6-7366-4af5-86d0-d30e829b9950,e2b5d1af-611f-418e-93d3-019b7b7ef4af,123,lembang,cikatomas pakidulan joszzz,,,23b4dea3-82de-471a-b623-b3747f56a73a,ch01_00000000118000100.mp4,
280,31324,car,2mobil,2mobil,Car / Sedan,2,Sedan / jeep / station wagon,2mobil,1,Line 1,opposite,354.3599,7088,0.8678,793c17b6-7366-4af5-86d0-d30e829b9950,e2b5d1af-611f-418e-93d3-019b7b7ef4af,123,lembang,cikatomas pakidulan joszzz,,,23b4dea3-82de-471a-b623-b3747f56a73a,ch01_00000000118000100.mp4,
281,31375,motorcycle,1motor,1motor,Motorcycle,1,Motorcycle / 3-wheel vehicle,1motor,1,Line 1,opposite,354.8598,7098,0.858,793c17b6-7366-4af5-86d0-d30e829b9950,e2b5d1af-611f-418e-93d3-019b7b7ef4af,123,lembang,cikatomas pakidulan joszzz,,,23b4dea3-82de-471a-b623-b3747f56a73a,ch01_00000000118000100.mp4,
282,31324,car,2mobil,2mobil,Car / Sedan,2,Sedan / jeep / station wagon,2mobil,2,Line 2,opposite,355.1598,7104,0.8443,793c17b6-7366-4af5-86d0-d30e829b9950,e2b5d1af-611f-418e-93d3-019b7b7ef4af,123,lembang,cikatomas pakidulan joszzz,,,23b4dea3-82de-471a-b623-b3747f56a73a,ch01_00000000118000100.mp4,
283,31364,motorcycle,1motor,1motor,Motorcycle,1,Motorcycle / 3-wheel vehicle,1motor,1,Line 1,opposite,355.2598,7106,0.819,793c17b6-7366-4af5-86d0-d30e829b9950,e2b5d1af-611f-418e-93d3-019b7b7ef4af,123,lembang,cikatomas pakidulan joszzz,,,23b4dea3-82de-471a-b623-b3747f56a73a,ch01_00000000118000100.mp4,
284,31375,motorcycle,1motor,1motor,Motorcycle,1,Motorcycle / 3-wheel vehicle,1motor,2,Line 2,opposite,355.4097,7109,0.7917,793c17b6-7366-4af5-86d0-d30e829b9950,e2b5d1af-611f-418e-93d3-019b7b7ef4af,123,lembang,cikatomas pakidulan joszzz,,,23b4dea3-82de-471a-b623-b3747f56a73a,ch01_00000000118000100.mp4,
285,31364,motorcycle,1motor,1motor,Motorcycle,1,Motorcycle / 3-wheel vehicle,1motor,2,Line 2,opposite,356.6596,7134,0.8673,793c17b6-7366-4af5-86d0-d30e829b9950,e2b5d1af-611f-418e-93d3-019b7b7ef4af,123,lembang,cikatomas pakidulan joszzz,,,23b4dea3-82de-471a-b623-b3747f56a73a,ch01_00000000118000100.mp4,
286,31550,motorcycle,1motor,1motor,Motorcycle,1,Motorcycle / 3-wheel vehicle,1motor,1,Line 1,opposite,357.2095,7145,0.8718,793c17b6-7366-4af5-86d0-d30e829b9950,e2b5d1af-611f-418e-93d3-019b7b7ef4af,123,lembang,cikatomas pakidulan joszzz,,,23b4dea3-82de-471a-b623-b3747f56a73a,ch01_00000000118000100.mp4,
287,31550,motorcycle,1motor,1motor,Motorcycle,1,Motorcycle / 3-wheel vehicle,1motor,2,Line 2,opposite,357.9594,7160,0.8083,793c17b6-7366-4af5-86d0-d30e829b9950,e2b5d1af-611f-418e-93d3-019b7b7ef4af,123,lembang,cikatomas pakidulan joszzz,,,23b4dea3-82de-471a-b623-b3747f56a73a,ch01_00000000118000100.mp4,
288,31597,car,2mobil,2mobil,Car / Sedan,2,Sedan / jeep / station wagon,2mobil,1,Line 1,opposite,358.1094,7163,0.9348,793c17b6-7366-4af5-86d0-d30e829b9950,e2b5d1af-611f-418e-93d3-019b7b7ef4af,123,lembang,cikatomas pakidulan joszzz,,,23b4dea3-82de-471a-b623-b3747f56a73a,ch01_00000000118000100.mp4,
289,31621,car,3ang_umum,3ang_umum,Public Transportation (Angkot),3,Medium passenger vehicle,3ang_umum,2,Line 2,normal,358.5594,7172,0.8406,793c17b6-7366-4af5-86d0-d30e829b9950,e2b5d1af-611f-418e-93d3-019b7b7ef4af,123,lembang,cikatomas pakidulan joszzz,,,23b4dea3-82de-471a-b623-b3747f56a73a,ch01_00000000118000100.mp4,
290,31597,car,2mobil,2mobil,Car / Sedan,2,Sedan / jeep / station wagon,2mobil,2,Line 2,opposite,358.8593,7178,0.9111,793c17b6-7366-4af5-86d0-d30e829b9950,e2b5d1af-611f-418e-93d3-019b7b7ef4af,123,lembang,cikatomas pakidulan joszzz,,,23b4dea3-82de-471a-b623-b3747f56a73a,ch01_00000000118000100.mp4,
291,31621,car,3ang_umum,3ang_umum,Public Transportation (Angkot),3,Medium passenger vehicle,3ang_umum,1,Line 1,normal,359.1593,7184,0.9236,793c17b6-7366-4af5-86d0-d30e829b9950,e2b5d1af-611f-418e-93d3-019b7b7ef4af,123,lembang,cikatomas pakidulan joszzz,,,23b4dea3-82de-471a-b623-b3747f56a73a,ch01_00000000118000100.mp4,
292,31859,car,2mobil,2mobil,Car / Sedan,2,Sedan / jeep / station wagon,2mobil,1,Line 1,opposite,360.5592,7212,0.9338,793c17b6-7366-4af5-86d0-d30e829b9950,e2b5d1af-611f-418e-93d3-019b7b7ef4af,123,lembang,cikatomas pakidulan joszzz,,,23b4dea3-82de-471a-b623-b3747f56a73a,ch01_00000000118000100.mp4,
293,31859,car,2mobil,2mobil,Car / Sedan,2,Sedan / jeep / station wagon,2mobil,2,Line 2,opposite,361.3091,7227,0.9219,793c17b6-7366-4af5-86d0-d30e829b9950,e2b5d1af-611f-418e-93d3-019b7b7ef4af,123,lembang,cikatomas pakidulan joszzz,,,23b4dea3-82de-471a-b623-b3747f56a73a,ch01_00000000118000100.mp4,
294,32130,car,2mobil,2mobil,Car / Sedan,2,Sedan / jeep / station wagon,2mobil,1,Line 1,opposite,363.3588,7268,0.9332,793c17b6-7366-4af5-86d0-d30e829b9950,e2b5d1af-611f-418e-93d3-019b7b7ef4af,123,lembang,cikatomas pakidulan joszzz,,,23b4dea3-82de-471a-b623-b3747f56a73a,ch01_00000000118000100.mp4,
295,32130,car,2mobil,2mobil,Car / Sedan,2,Sedan / jeep / station wagon,2mobil,2,Line 2,opposite,364.1088,7283,0.924,793c17b6-7366-4af5-86d0-d30e829b9950,e2b5d1af-611f-418e-93d3-019b7b7ef4af,123,lembang,cikatomas pakidulan joszzz,,,23b4dea3-82de-471a-b623-b3747f56a73a,ch01_00000000118000100.mp4,
296,32393,motorcycle,1motor,1motor,Motorcycle,1,Motorcycle / 3-wheel vehicle,1motor,1,Line 1,opposite,364.9087,7299,0.8729,793c17b6-7366-4af5-86d0-d30e829b9950,e2b5d1af-611f-418e-93d3-019b7b7ef4af,123,lembang,cikatomas pakidulan joszzz,,,23b4dea3-82de-471a-b623-b3747f56a73a,ch01_00000000118000100.mp4,
297,32393,motorcycle,1motor,1motor,Motorcycle,1,Motorcycle / 3-wheel vehicle,1motor,2,Line 2,opposite,365.4086,7309,0.8423,793c17b6-7366-4af5-86d0-d30e829b9950,e2b5d1af-611f-418e-93d3-019b7b7ef4af,123,lembang,cikatomas pakidulan joszzz,,,23b4dea3-82de-471a-b623-b3747f56a73a,ch01_00000000118000100.mp4,
298,32500,motorcycle,1motor,1motor,Motorcycle,1,Motorcycle / 3-wheel vehicle,1motor,1,Line 1,opposite,365.9085,7319,0.6859,793c17b6-7366-4af5-86d0-d30e829b9950,e2b5d1af-611f-418e-93d3-019b7b7ef4af,123,lembang,cikatomas pakidulan joszzz,,,23b4dea3-82de-471a-b623-b3747f56a73a,ch01_00000000118000100.mp4,
299,32500,motorcycle,1motor,1motor,Motorcycle,1,Motorcycle / 3-wheel vehicle,1motor,2,Line 2,opposite,366.4585,7330,0.7765,793c17b6-7366-4af5-86d0-d30e829b9950,e2b5d1af-611f-418e-93d3-019b7b7ef4af,123,lembang,cikatomas pakidulan joszzz,,,23b4dea3-82de-471a-b623-b3747f56a73a,ch01_00000000118000100.mp4,
300,32525,car,2mobil,2mobil,Car / Sedan,2,Sedan / jeep / station wagon,2mobil,1,Line 1,opposite,366.5085,7331,0.9373,793c17b6-7366-4af5-86d0-d30e829b9950,e2b5d1af-611f-418e-93d3-019b7b7ef4af,123,lembang,cikatomas pakidulan joszzz,,,23b4dea3-82de-471a-b623-b3747f56a73a,ch01_00000000118000100.mp4,
301,32525,car,2mobil,2mobil,Car / Sedan,2,Sedan / jeep / station wagon,2mobil,2,Line 2,opposite,367.2584,7346,0.9186,793c17b6-7366-4af5-86d0-d30e829b9950,e2b5d1af-611f-418e-93d3-019b7b7ef4af,123,lembang,cikatomas pakidulan joszzz,,,23b4dea3-82de-471a-b623-b3747f56a73a,ch01_00000000118000100.mp4,
302,32756,motorcycle,1motor,1motor,Motorcycle,1,Motorcycle / 3-wheel vehicle,1motor,1,Line 1,opposite,368.6582,7374,0.9036,793c17b6-7366-4af5-86d0-d30e829b9950,e2b5d1af-611f-418e-93d3-019b7b7ef4af,123,lembang,cikatomas pakidulan joszzz,,,23b4dea3-82de-471a-b623-b3747f56a73a,ch01_00000000118000100.mp4,
303,32756,motorcycle,1motor,1motor,Motorcycle,1,Motorcycle / 3-wheel vehicle,1motor,2,Line 2,opposite,369.2082,7385,0.8397,793c17b6-7366-4af5-86d0-d30e829b9950,e2b5d1af-611f-418e-93d3-019b7b7ef4af,123,lembang,cikatomas pakidulan joszzz,,,23b4dea3-82de-471a-b623-b3747f56a73a,ch01_00000000118000100.mp4,
304,32887,motorcycle,1motor,1motor,Motorcycle,1,Motorcycle / 3-wheel vehicle,1motor,1,Line 1,opposite,369.7081,7395,0.8156,793c17b6-7366-4af5-86d0-d30e829b9950,e2b5d1af-611f-418e-93d3-019b7b7ef4af,123,lembang,cikatomas pakidulan joszzz,,,23b4dea3-82de-471a-b623-b3747f56a73a,ch01_00000000118000100.mp4,
305,32933,motorcycle,1motor,1motor,Motorcycle,1,Motorcycle / 3-wheel vehicle,1motor,1,Line 1,opposite,370.1581,7404,0.8322,793c17b6-7366-4af5-86d0-d30e829b9950,e2b5d1af-611f-418e-93d3-019b7b7ef4af,123,lembang,cikatomas pakidulan joszzz,,,23b4dea3-82de-471a-b623-b3747f56a73a,ch01_00000000118000100.mp4,
306,32918,motorcycle,1motor,1motor,Motorcycle,1,Motorcycle / 3-wheel vehicle,1motor,2,Line 2,opposite,370.1581,7404,0.6462,793c17b6-7366-4af5-86d0-d30e829b9950,e2b5d1af-611f-418e-93d3-019b7b7ef4af,123,lembang,cikatomas pakidulan joszzz,,,23b4dea3-82de-471a-b623-b3747f56a73a,ch01_00000000118000100.mp4,
307,32887,motorcycle,1motor,1motor,Motorcycle,1,Motorcycle / 3-wheel vehicle,1motor,2,Line 2,opposite,370.358,7408,0.5902,793c17b6-7366-4af5-86d0-d30e829b9950,e2b5d1af-611f-418e-93d3-019b7b7ef4af,123,lembang,cikatomas pakidulan joszzz,,,23b4dea3-82de-471a-b623-b3747f56a73a,ch01_00000000118000100.mp4,
308,32933,motorcycle,1motor,1motor,Motorcycle,1,Motorcycle / 3-wheel vehicle,1motor,2,Line 2,opposite,370.758,7416,0.8731,793c17b6-7366-4af5-86d0-d30e829b9950,e2b5d1af-611f-418e-93d3-019b7b7ef4af,123,lembang,cikatomas pakidulan joszzz,,,23b4dea3-82de-471a-b623-b3747f56a73a,ch01_00000000118000100.mp4,
309,32964,car,2mobil,2mobil,Car / Sedan,2,Sedan / jeep / station wagon,2mobil,1,Line 1,opposite,370.808,7417,0.9259,793c17b6-7366-4af5-86d0-d30e829b9950,e2b5d1af-611f-418e-93d3-019b7b7ef4af,123,lembang,cikatomas pakidulan joszzz,,,23b4dea3-82de-471a-b623-b3747f56a73a,ch01_00000000118000100.mp4,
310,33031,motorcycle,1motor,1motor,Motorcycle,1,Motorcycle / 3-wheel vehicle,1motor,1,Line 1,opposite,371.5079,7431,0.5984,793c17b6-7366-4af5-86d0-d30e829b9950,e2b5d1af-611f-418e-93d3-019b7b7ef4af,123,lembang,cikatomas pakidulan joszzz,,,23b4dea3-82de-471a-b623-b3747f56a73a,ch01_00000000118000100.mp4,
311,32964,car,2mobil,2mobil,Car / Sedan,2,Sedan / jeep / station wagon,2mobil,2,Line 2,opposite,371.5079,7431,0.9145,793c17b6-7366-4af5-86d0-d30e829b9950,e2b5d1af-611f-418e-93d3-019b7b7ef4af,123,lembang,cikatomas pakidulan joszzz,,,23b4dea3-82de-471a-b623-b3747f56a73a,ch01_00000000118000100.mp4,
312,33127,motorcycle,1motor,1motor,Motorcycle,1,Motorcycle / 3-wheel vehicle,1motor,2,Line 2,normal,372.2078,7445,0.7677,793c17b6-7366-4af5-86d0-d30e829b9950,e2b5d1af-611f-418e-93d3-019b7b7ef4af,123,lembang,cikatomas pakidulan joszzz,,,23b4dea3-82de-471a-b623-b3747f56a73a,ch01_00000000118000100.mp4,
313,33031,motorcycle,1motor,1motor,Motorcycle,1,Motorcycle / 3-wheel vehicle,1motor,2,Line 2,opposite,372.8078,7457,0.8906,793c17b6-7366-4af5-86d0-d30e829b9950,e2b5d1af-611f-418e-93d3-019b7b7ef4af,123,lembang,cikatomas pakidulan joszzz,,,23b4dea3-82de-471a-b623-b3747f56a73a,ch01_00000000118000100.mp4,
314,33127,motorcycle,1motor,1motor,Motorcycle,1,Motorcycle / 3-wheel vehicle,1motor,1,Line 1,normal,373.1577,7464,0.8177,793c17b6-7366-4af5-86d0-d30e829b9950,e2b5d1af-611f-418e-93d3-019b7b7ef4af,123,lembang,cikatomas pakidulan joszzz,,,23b4dea3-82de-471a-b623-b3747f56a73a,ch01_00000000118000100.mp4,
315,33311,motorcycle,1motor,1motor,Motorcycle,1,Motorcycle / 3-wheel vehicle,1motor,2,Line 2,normal,373.7077,7475,0.7218,793c17b6-7366-4af5-86d0-d30e829b9950,e2b5d1af-611f-418e-93d3-019b7b7ef4af,123,lembang,cikatomas pakidulan joszzz,,,23b4dea3-82de-471a-b623-b3747f56a73a,ch01_00000000118000100.mp4,
316,33487,motorcycle,1motor,1motor,Motorcycle,1,Motorcycle / 3-wheel vehicle,1motor,1,Line 1,opposite,375.3575,7508,0.8698,793c17b6-7366-4af5-86d0-d30e829b9950,e2b5d1af-611f-418e-93d3-019b7b7ef4af,123,lembang,cikatomas pakidulan joszzz,,,23b4dea3-82de-471a-b623-b3747f56a73a,ch01_00000000118000100.mp4,
317,33487,motorcycle,1motor,1motor,Motorcycle,1,Motorcycle / 3-wheel vehicle,1motor,2,Line 2,opposite,375.9574,7520,0.6914,793c17b6-7366-4af5-86d0-d30e829b9950,e2b5d1af-611f-418e-93d3-019b7b7ef4af,123,lembang,cikatomas pakidulan joszzz,,,23b4dea3-82de-471a-b623-b3747f56a73a,ch01_00000000118000100.mp4,
318,33770,motorcycle,1motor,1motor,Motorcycle,1,Motorcycle / 3-wheel vehicle,1motor,2,Line 2,opposite,379.357,7588,0.8853,793c17b6-7366-4af5-86d0-d30e829b9950,e2b5d1af-611f-418e-93d3-019b7b7ef4af,123,lembang,cikatomas pakidulan joszzz,,,23b4dea3-82de-471a-b623-b3747f56a73a,ch01_00000000118000100.mp4,
319,33989,motorcycle,1motor,1motor,Motorcycle,1,Motorcycle / 3-wheel vehicle,1motor,2,Line 2,normal,381.2568,7626,0.589,793c17b6-7366-4af5-86d0-d30e829b9950,e2b5d1af-611f-418e-93d3-019b7b7ef4af,123,lembang,cikatomas pakidulan joszzz,,,23b4dea3-82de-471a-b623-b3747f56a73a,ch01_00000000118000100.mp4,
320,33989,motorcycle,1motor,1motor,Motorcycle,1,Motorcycle / 3-wheel vehicle,1motor,1,Line 1,normal,382.6067,7653,0.8659,793c17b6-7366-4af5-86d0-d30e829b9950,e2b5d1af-611f-418e-93d3-019b7b7ef4af,123,lembang,cikatomas pakidulan joszzz,,,23b4dea3-82de-471a-b623-b3747f56a73a,ch01_00000000118000100.mp4,
321,34427,motorcycle,1motor,1motor,Motorcycle,1,Motorcycle / 3-wheel vehicle,1motor,2,Line 2,normal,385.8563,7718,0.82,793c17b6-7366-4af5-86d0-d30e829b9950,e2b5d1af-611f-418e-93d3-019b7b7ef4af,123,lembang,cikatomas pakidulan joszzz,,,23b4dea3-82de-471a-b623-b3747f56a73a,ch01_00000000118000100.mp4,
322,34619,car,2mobil,2mobil,Car / Sedan,2,Sedan / jeep / station wagon,2mobil,2,Line 2,normal,388.556,7772,0.8941,793c17b6-7366-4af5-86d0-d30e829b9950,e2b5d1af-611f-418e-93d3-019b7b7ef4af,123,lembang,cikatomas pakidulan joszzz,,,23b4dea3-82de-471a-b623-b3747f56a73a,ch01_00000000118000100.mp4,
323,34795,car,3ang_umum,3ang_umum,Public Transportation (Angkot),3,Medium passenger vehicle,3ang_umum,2,Line 2,normal,389.7059,7795,0.8593,793c17b6-7366-4af5-86d0-d30e829b9950,e2b5d1af-611f-418e-93d3-019b7b7ef4af,123,lembang,cikatomas pakidulan joszzz,,,23b4dea3-82de-471a-b623-b3747f56a73a,ch01_00000000118000100.mp4,
324,34619,car,2mobil,2mobil,Car / Sedan,2,Sedan / jeep / station wagon,2mobil,1,Line 1,normal,389.9058,7799,0.7566,793c17b6-7366-4af5-86d0-d30e829b9950,e2b5d1af-611f-418e-93d3-019b7b7ef4af,123,lembang,cikatomas pakidulan joszzz,,,23b4dea3-82de-471a-b623-b3747f56a73a,ch01_00000000118000100.mp4,
325,34795,car,3ang_umum,3ang_umum,Public Transportation (Angkot),3,Medium passenger vehicle,3ang_umum,1,Line 1,normal,391.0057,7821,0.9057,793c17b6-7366-4af5-86d0-d30e829b9950,e2b5d1af-611f-418e-93d3-019b7b7ef4af,123,lembang,cikatomas pakidulan joszzz,,,23b4dea3-82de-471a-b623-b3747f56a73a,ch01_00000000118000100.mp4,
326,34915,motorcycle,1motor,1motor,Motorcycle,1,Motorcycle / 3-wheel vehicle,1motor,2,Line 2,normal,391.0557,7822,0.7676,793c17b6-7366-4af5-86d0-d30e829b9950,e2b5d1af-611f-418e-93d3-019b7b7ef4af,123,lembang,cikatomas pakidulan joszzz,,,23b4dea3-82de-471a-b623-b3747f56a73a,ch01_00000000118000100.mp4,
327,34994,motorcycle,1motor,1motor,Motorcycle,1,Motorcycle / 3-wheel vehicle,1motor,2,Line 2,opposite,391.9556,7840,0.8247,793c17b6-7366-4af5-86d0-d30e829b9950,e2b5d1af-611f-418e-93d3-019b7b7ef4af,123,lembang,cikatomas pakidulan joszzz,,,23b4dea3-82de-471a-b623-b3747f56a73a,ch01_00000000118000100.mp4,
328,35186,motorcycle,1motor,1motor,Motorcycle,1,Motorcycle / 3-wheel vehicle,1motor,1,Line 1,opposite,393.9554,7880,0.8823,793c17b6-7366-4af5-86d0-d30e829b9950,e2b5d1af-611f-418e-93d3-019b7b7ef4af,123,lembang,cikatomas pakidulan joszzz,,,23b4dea3-82de-471a-b623-b3747f56a73a,ch01_00000000118000100.mp4,
329,35186,motorcycle,1motor,1motor,Motorcycle,1,Motorcycle / 3-wheel vehicle,1motor,2,Line 2,opposite,394.4553,7890,0.8641,793c17b6-7366-4af5-86d0-d30e829b9950,e2b5d1af-611f-418e-93d3-019b7b7ef4af,123,lembang,cikatomas pakidulan joszzz,,,23b4dea3-82de-471a-b623-b3747f56a73a,ch01_00000000118000100.mp4,
330,35284,motorcycle,1motor,1motor,Motorcycle,1,Motorcycle / 3-wheel vehicle,1motor,1,Line 1,opposite,395.0552,7902,0.8931,793c17b6-7366-4af5-86d0-d30e829b9950,e2b5d1af-611f-418e-93d3-019b7b7ef4af,123,lembang,cikatomas pakidulan joszzz,,,23b4dea3-82de-471a-b623-b3747f56a73a,ch01_00000000118000100.mp4,
331,35284,motorcycle,1motor,1motor,Motorcycle,1,Motorcycle / 3-wheel vehicle,1motor,2,Line 2,opposite,395.5552,7912,0.8579,793c17b6-7366-4af5-86d0-d30e829b9950,e2b5d1af-611f-418e-93d3-019b7b7ef4af,123,lembang,cikatomas pakidulan joszzz,,,23b4dea3-82de-471a-b623-b3747f56a73a,ch01_00000000118000100.mp4,
332,35419,motorcycle,1motor,1motor,Motorcycle,1,Motorcycle / 3-wheel vehicle,1motor,1,Line 1,opposite,396.6551,7934,0.894,793c17b6-7366-4af5-86d0-d30e829b9950,e2b5d1af-611f-418e-93d3-019b7b7ef4af,123,lembang,cikatomas pakidulan joszzz,,,23b4dea3-82de-471a-b623-b3747f56a73a,ch01_00000000118000100.mp4,
333,35419,motorcycle,1motor,1motor,Motorcycle,1,Motorcycle / 3-wheel vehicle,1motor,2,Line 2,opposite,397.255,7946,0.8657,793c17b6-7366-4af5-86d0-d30e829b9950,e2b5d1af-611f-418e-93d3-019b7b7ef4af,123,lembang,cikatomas pakidulan joszzz,,,23b4dea3-82de-471a-b623-b3747f56a73a,ch01_00000000118000100.mp4,
334,35527,motorcycle,1motor,1motor,Motorcycle,1,Motorcycle / 3-wheel vehicle,1motor,1,Line 1,opposite,397.9549,7960,0.8773,793c17b6-7366-4af5-86d0-d30e829b9950,e2b5d1af-611f-418e-93d3-019b7b7ef4af,123,lembang,cikatomas pakidulan joszzz,,,23b4dea3-82de-471a-b623-b3747f56a73a,ch01_00000000118000100.mp4,
335,35527,motorcycle,1motor,1motor,Motorcycle,1,Motorcycle / 3-wheel vehicle,1motor,2,Line 2,opposite,398.4049,7969,0.8821,793c17b6-7366-4af5-86d0-d30e829b9950,e2b5d1af-611f-418e-93d3-019b7b7ef4af,123,lembang,cikatomas pakidulan joszzz,,,23b4dea3-82de-471a-b623-b3747f56a73a,ch01_00000000118000100.mp4,
336,35593,motorcycle,1motor,1motor,Motorcycle,1,Motorcycle / 3-wheel vehicle,1motor,2,Line 2,normal,399.2048,7985,0.7035,793c17b6-7366-4af5-86d0-d30e829b9950,e2b5d1af-611f-418e-93d3-019b7b7ef4af,123,lembang,cikatomas pakidulan joszzz,,,23b4dea3-82de-471a-b623-b3747f56a73a,ch01_00000000118000100.mp4,
337,35564,motorcycle,1motor,1motor,Motorcycle,1,Motorcycle / 3-wheel vehicle,1motor,1,Line 1,normal,399.4048,7989,0.8725,793c17b6-7366-4af5-86d0-d30e829b9950,e2b5d1af-611f-418e-93d3-019b7b7ef4af,123,lembang,cikatomas pakidulan joszzz,,,23b4dea3-82de-471a-b623-b3747f56a73a,ch01_00000000118000100.mp4,
338,35593,motorcycle,1motor,1motor,Motorcycle,1,Motorcycle / 3-wheel vehicle,1motor,1,Line 1,normal,400.9546,8020,0.7937,793c17b6-7366-4af5-86d0-d30e829b9950,e2b5d1af-611f-418e-93d3-019b7b7ef4af,123,lembang,cikatomas pakidulan joszzz,,,23b4dea3-82de-471a-b623-b3747f56a73a,ch01_00000000118000100.mp4,
339,36258,car,2mobil,2mobil,Car / Sedan,2,Sedan / jeep / station wagon,2mobil,1,Line 1,opposite,405.904,8119,0.9364,793c17b6-7366-4af5-86d0-d30e829b9950,e2b5d1af-611f-418e-93d3-019b7b7ef4af,123,lembang,cikatomas pakidulan joszzz,,,23b4dea3-82de-471a-b623-b3747f56a73a,ch01_00000000118000100.mp4,
340,36258,car,2mobil,2mobil,Car / Sedan,2,Sedan / jeep / station wagon,2mobil,2,Line 2,opposite,406.404,8129,0.9194,793c17b6-7366-4af5-86d0-d30e829b9950,e2b5d1af-611f-418e-93d3-019b7b7ef4af,123,lembang,cikatomas pakidulan joszzz,,,23b4dea3-82de-471a-b623-b3747f56a73a,ch01_00000000118000100.mp4,
341,36841,motorcycle,1motor,1motor,Motorcycle,1,Motorcycle / 3-wheel vehicle,1motor,1,Line 1,normal,413.4032,8269,0.8367,793c17b6-7366-4af5-86d0-d30e829b9950,e2b5d1af-611f-418e-93d3-019b7b7ef4af,123,lembang,cikatomas pakidulan joszzz,,,23b4dea3-82de-471a-b623-b3747f56a73a,ch01_00000000118000100.mp4,
342,37022,motorcycle,1motor,1motor,Motorcycle,1,Motorcycle / 3-wheel vehicle,1motor,1,Line 1,opposite,414.1031,8283,0.8837,793c17b6-7366-4af5-86d0-d30e829b9950,e2b5d1af-611f-418e-93d3-019b7b7ef4af,123,lembang,cikatomas pakidulan joszzz,,,23b4dea3-82de-471a-b623-b3747f56a73a,ch01_00000000118000100.mp4,
343,37022,motorcycle,1motor,1motor,Motorcycle,1,Motorcycle / 3-wheel vehicle,1motor,2,Line 2,opposite,414.603,8293,0.8536,793c17b6-7366-4af5-86d0-d30e829b9950,e2b5d1af-611f-418e-93d3-019b7b7ef4af,123,lembang,cikatomas pakidulan joszzz,,,23b4dea3-82de-471a-b623-b3747f56a73a,ch01_00000000118000100.mp4,
344,37141,truck,4pickupmicro,4PickupMicro,Pickup / Micro Truck,4,Pickup / micro truck / delivery,4pickupmicro,1,Line 1,opposite,415.5029,8311,0.8611,793c17b6-7366-4af5-86d0-d30e829b9950,e2b5d1af-611f-418e-93d3-019b7b7ef4af,123,lembang,cikatomas pakidulan joszzz,,,23b4dea3-82de-471a-b623-b3747f56a73a,ch01_00000000118000100.mp4,
345,37169,car,2mobil,2mobil,Car / Sedan,2,Sedan / jeep / station wagon,2mobil,1,Line 1,opposite,415.7029,8315,0.932,793c17b6-7366-4af5-86d0-d30e829b9950,e2b5d1af-611f-418e-93d3-019b7b7ef4af,123,lembang,cikatomas pakidulan joszzz,,,23b4dea3-82de-471a-b623-b3747f56a73a,ch01_00000000118000100.mp4,
346,37141,truck,4pickupmicro,4PickupMicro,Pickup / Micro Truck,4,Pickup / micro truck / delivery,4pickupmicro,2,Line 2,opposite,416.0529,8322,0.8951,793c17b6-7366-4af5-86d0-d30e829b9950,e2b5d1af-611f-418e-93d3-019b7b7ef4af,123,lembang,cikatomas pakidulan joszzz,,,23b4dea3-82de-471a-b623-b3747f56a73a,ch01_00000000118000100.mp4,
347,37169,car,2mobil,2mobil,Car / Sedan,2,Sedan / jeep / station wagon,2mobil,2,Line 2,opposite,416.6028,8333,0.9202,793c17b6-7366-4af5-86d0-d30e829b9950,e2b5d1af-611f-418e-93d3-019b7b7ef4af,123,lembang,cikatomas pakidulan joszzz,,,23b4dea3-82de-471a-b623-b3747f56a73a,ch01_00000000118000100.mp4,
348,37287,motorcycle,1motor,1motor,Motorcycle,1,Motorcycle / 3-wheel vehicle,1motor,2,Line 2,normal,416.7028,8335,0.7667,793c17b6-7366-4af5-86d0-d30e829b9950,e2b5d1af-611f-418e-93d3-019b7b7ef4af,123,lembang,cikatomas pakidulan joszzz,,,23b4dea3-82de-471a-b623-b3747f56a73a,ch01_00000000118000100.mp4,
349,37449,car,2mobil,2mobil,Car / Sedan,2,Sedan / jeep / station wagon,2mobil,2,Line 2,normal,419.3525,8388,0.5161,793c17b6-7366-4af5-86d0-d30e829b9950,e2b5d1af-611f-418e-93d3-019b7b7ef4af,123,lembang,cikatomas pakidulan joszzz,,,23b4dea3-82de-471a-b623-b3747f56a73a,ch01_00000000118000100.mp4,
350,37449,car,2mobil,2mobil,Car / Sedan,2,Sedan / jeep / station wagon,2mobil,1,Line 1,normal,419.9524,8400,0.8797,793c17b6-7366-4af5-86d0-d30e829b9950,e2b5d1af-611f-418e-93d3-019b7b7ef4af,123,lembang,cikatomas pakidulan joszzz,,,23b4dea3-82de-471a-b623-b3747f56a73a,ch01_00000000118000100.mp4,
351,38286,motorcycle,1motor,1motor,Motorcycle,1,Motorcycle / 3-wheel vehicle,1motor,2,Line 2,normal,428.6514,8574,0.8195,793c17b6-7366-4af5-86d0-d30e829b9950,e2b5d1af-611f-418e-93d3-019b7b7ef4af,123,lembang,cikatomas pakidulan joszzz,,,23b4dea3-82de-471a-b623-b3747f56a73a,ch01_00000000118000100.mp4,
352,38748,motorcycle,1motor,1motor,Motorcycle,1,Motorcycle / 3-wheel vehicle,1motor,2,Line 2,normal,433.6009,8673,0.824,793c17b6-7366-4af5-86d0-d30e829b9950,e2b5d1af-611f-418e-93d3-019b7b7ef4af,123,lembang,cikatomas pakidulan joszzz,,,23b4dea3-82de-471a-b623-b3747f56a73a,ch01_00000000118000100.mp4,
353,38908,motorcycle,1motor,1motor,Motorcycle,1,Motorcycle / 3-wheel vehicle,1motor,2,Line 2,normal,435.2007,8705,0.7812,793c17b6-7366-4af5-86d0-d30e829b9950,e2b5d1af-611f-418e-93d3-019b7b7ef4af,123,lembang,cikatomas pakidulan joszzz,,,23b4dea3-82de-471a-b623-b3747f56a73a,ch01_00000000118000100.mp4,
354,39402,motorcycle,1motor,1motor,Motorcycle,1,Motorcycle / 3-wheel vehicle,1motor,1,Line 1,opposite,440.7501,8816,0.8914,793c17b6-7366-4af5-86d0-d30e829b9950,e2b5d1af-611f-418e-93d3-019b7b7ef4af,123,lembang,cikatomas pakidulan joszzz,,,23b4dea3-82de-471a-b623-b3747f56a73a,ch01_00000000118000100.mp4,
355,39402,motorcycle,1motor,1motor,Motorcycle,1,Motorcycle / 3-wheel vehicle,1motor,2,Line 2,opposite,441.65,8834,0.8552,793c17b6-7366-4af5-86d0-d30e829b9950,e2b5d1af-611f-418e-93d3-019b7b7ef4af,123,lembang,cikatomas pakidulan joszzz,,,23b4dea3-82de-471a-b623-b3747f56a73a,ch01_00000000118000100.mp4,
356,39484,motorcycle,1motor,1motor,Motorcycle,1,Motorcycle / 3-wheel vehicle,1motor,2,Line 2,normal,441.75,8836,0.7183,793c17b6-7366-4af5-86d0-d30e829b9950,e2b5d1af-611f-418e-93d3-019b7b7ef4af,123,lembang,cikatomas pakidulan joszzz,,,23b4dea3-82de-471a-b623-b3747f56a73a,ch01_00000000118000100.mp4,
357,39484,motorcycle,1motor,1motor,Motorcycle,1,Motorcycle / 3-wheel vehicle,1motor,1,Line 1,normal,442.4499,8850,0.7523,793c17b6-7366-4af5-86d0-d30e829b9950,e2b5d1af-611f-418e-93d3-019b7b7ef4af,123,lembang,cikatomas pakidulan joszzz,,,23b4dea3-82de-471a-b623-b3747f56a73a,ch01_00000000118000100.mp4,
358,39913,motorcycle,1motor,1motor,Motorcycle,1,Motorcycle / 3-wheel vehicle,1motor,1,Line 1,opposite,446.4494,8930,0.883,793c17b6-7366-4af5-86d0-d30e829b9950,e2b5d1af-611f-418e-93d3-019b7b7ef4af,123,lembang,cikatomas pakidulan joszzz,,,23b4dea3-82de-471a-b623-b3747f56a73a,ch01_00000000118000100.mp4,
359,39913,motorcycle,1motor,1motor,Motorcycle,1,Motorcycle / 3-wheel vehicle,1motor,2,Line 2,opposite,447.2493,8946,0.8369,793c17b6-7366-4af5-86d0-d30e829b9950,e2b5d1af-611f-418e-93d3-019b7b7ef4af,123,lembang,cikatomas pakidulan joszzz,,,23b4dea3-82de-471a-b623-b3747f56a73a,ch01_00000000118000100.mp4,
360,40661,car,2mobil,2mobil,Car / Sedan,2,Sedan / jeep / station wagon,2mobil,1,Line 1,opposite,455.5484,9112,0.9244,793c17b6-7366-4af5-86d0-d30e829b9950,e2b5d1af-611f-418e-93d3-019b7b7ef4af,123,lembang,cikatomas pakidulan joszzz,,,23b4dea3-82de-471a-b623-b3747f56a73a,ch01_00000000118000100.mp4,
361,40661,car,2mobil,2mobil,Car / Sedan,2,Sedan / jeep / station wagon,2mobil,2,Line 2,opposite,456.0983,9123,0.9108,793c17b6-7366-4af5-86d0-d30e829b9950,e2b5d1af-611f-418e-93d3-019b7b7ef4af,123,lembang,cikatomas pakidulan joszzz,,,23b4dea3-82de-471a-b623-b3747f56a73a,ch01_00000000118000100.mp4,
362,41357,motorcycle,1motor,1motor,Motorcycle,1,Motorcycle / 3-wheel vehicle,1motor,2,Line 2,normal,463.5475,9272,0.6078,793c17b6-7366-4af5-86d0-d30e829b9950,e2b5d1af-611f-418e-93d3-019b7b7ef4af,123,lembang,cikatomas pakidulan joszzz,,,23b4dea3-82de-471a-b623-b3747f56a73a,ch01_00000000118000100.mp4,
363,41492,motorcycle,1motor,1motor,Motorcycle,1,Motorcycle / 3-wheel vehicle,1motor,1,Line 1,normal,464.4974,9291,0.862,793c17b6-7366-4af5-86d0-d30e829b9950,e2b5d1af-611f-418e-93d3-019b7b7ef4af,123,lembang,cikatomas pakidulan joszzz,,,23b4dea3-82de-471a-b623-b3747f56a73a,ch01_00000000118000100.mp4,
364,41549,motorcycle,1motor,1motor,Motorcycle,1,Motorcycle / 3-wheel vehicle,1motor,2,Line 2,normal,465.5973,9313,0.6966,793c17b6-7366-4af5-86d0-d30e829b9950,e2b5d1af-611f-418e-93d3-019b7b7ef4af,123,lembang,cikatomas pakidulan joszzz,,,23b4dea3-82de-471a-b623-b3747f56a73a,ch01_00000000118000100.mp4,
365,42190,motorcycle,1motor,1motor,Motorcycle,1,Motorcycle / 3-wheel vehicle,1motor,2,Line 2,normal,472.6465,9454,0.6693,793c17b6-7366-4af5-86d0-d30e829b9950,e2b5d1af-611f-418e-93d3-019b7b7ef4af,123,lembang,cikatomas pakidulan joszzz,,,23b4dea3-82de-471a-b623-b3747f56a73a,ch01_00000000118000100.mp4,
366,43825,motorcycle,1motor,1motor,Motorcycle,1,Motorcycle / 3-wheel vehicle,1motor,2,Line 2,normal,491.8443,9838,0.8461,793c17b6-7366-4af5-86d0-d30e829b9950,e2b5d1af-611f-418e-93d3-019b7b7ef4af,123,lembang,cikatomas pakidulan joszzz,,,23b4dea3-82de-471a-b623-b3747f56a73a,ch01_00000000118000100.mp4,
367,43945,motorcycle,1motor,1motor,Motorcycle,1,Motorcycle / 3-wheel vehicle,1motor,2,Line 2,opposite,493.1441,9864,0.6112,793c17b6-7366-4af5-86d0-d30e829b9950,e2b5d1af-611f-418e-93d3-019b7b7ef4af,123,lembang,cikatomas pakidulan joszzz,,,23b4dea3-82de-471a-b623-b3747f56a73a,ch01_00000000118000100.mp4,
368,44113,motorcycle,1motor,1motor,Motorcycle,1,Motorcycle / 3-wheel vehicle,1motor,1,Line 1,normal,495.5939,9913,0.8228,793c17b6-7366-4af5-86d0-d30e829b9950,e2b5d1af-611f-418e-93d3-019b7b7ef4af,123,lembang,cikatomas pakidulan joszzz,,,23b4dea3-82de-471a-b623-b3747f56a73a,ch01_00000000118000100.mp4,
369,44218,motorcycle,1motor,1motor,Motorcycle,1,Motorcycle / 3-wheel vehicle,1motor,2,Line 2,opposite,495.8438,9918,0.8525,793c17b6-7366-4af5-86d0-d30e829b9950,e2b5d1af-611f-418e-93d3-019b7b7ef4af,123,lembang,cikatomas pakidulan joszzz,,,23b4dea3-82de-471a-b623-b3747f56a73a,ch01_00000000118000100.mp4,
370,44386,motorcycle,1motor,1motor,Motorcycle,1,Motorcycle / 3-wheel vehicle,1motor,2,Line 2,normal,497.3937,9949,0.8082,793c17b6-7366-4af5-86d0-d30e829b9950,e2b5d1af-611f-418e-93d3-019b7b7ef4af,123,lembang,cikatomas pakidulan joszzz,,,23b4dea3-82de-471a-b623-b3747f56a73a,ch01_00000000118000100.mp4,
371,44558,motorcycle,1motor,1motor,Motorcycle,1,Motorcycle / 3-wheel vehicle,1motor,1,Line 1,opposite,499.0935,9983,0.8786,793c17b6-7366-4af5-86d0-d30e829b9950,e2b5d1af-611f-418e-93d3-019b7b7ef4af,123,lembang,cikatomas pakidulan joszzz,,,23b4dea3-82de-471a-b623-b3747f56a73a,ch01_00000000118000100.mp4,
372,44558,motorcycle,1motor,1motor,Motorcycle,1,Motorcycle / 3-wheel vehicle,1motor,2,Line 2,opposite,499.5934,9993,0.8472,793c17b6-7366-4af5-86d0-d30e829b9950,e2b5d1af-611f-418e-93d3-019b7b7ef4af,123,lembang,cikatomas pakidulan joszzz,,,23b4dea3-82de-471a-b623-b3747f56a73a,ch01_00000000118000100.mp4,
373,44632,motorcycle,1motor,1motor,Motorcycle,1,Motorcycle / 3-wheel vehicle,1motor,2,Line 2,opposite,500.0434,10002,0.7618,793c17b6-7366-4af5-86d0-d30e829b9950,e2b5d1af-611f-418e-93d3-019b7b7ef4af,123,lembang,cikatomas pakidulan joszzz,,,23b4dea3-82de-471a-b623-b3747f56a73a,ch01_00000000118000100.mp4,
374,44773,motorcycle,1motor,1motor,Motorcycle,1,Motorcycle / 3-wheel vehicle,1motor,1,Line 1,normal,501.8431,10038,0.7331,793c17b6-7366-4af5-86d0-d30e829b9950,e2b5d1af-611f-418e-93d3-019b7b7ef4af,123,lembang,cikatomas pakidulan joszzz,,,23b4dea3-82de-471a-b623-b3747f56a73a,ch01_00000000118000100.mp4,
375,44823,motorcycle,1motor,1motor,Motorcycle,1,Motorcycle / 3-wheel vehicle,1motor,1,Line 1,normal,502.893,10059,0.8405,793c17b6-7366-4af5-86d0-d30e829b9950,e2b5d1af-611f-418e-93d3-019b7b7ef4af,123,lembang,cikatomas pakidulan joszzz,,,23b4dea3-82de-471a-b623-b3747f56a73a,ch01_00000000118000100.mp4,
376,44933,motorcycle,1motor,1motor,Motorcycle,1,Motorcycle / 3-wheel vehicle,1motor,1,Line 1,normal,504.0429,10082,0.8122,793c17b6-7366-4af5-86d0-d30e829b9950,e2b5d1af-611f-418e-93d3-019b7b7ef4af,123,lembang,cikatomas pakidulan joszzz,,,23b4dea3-82de-471a-b623-b3747f56a73a,ch01_00000000118000100.mp4,
377,44937,motorcycle,1motor,1motor,Motorcycle,1,Motorcycle / 3-wheel vehicle,1motor,2,Line 2,opposite,504.0929,10083,0.8136,793c17b6-7366-4af5-86d0-d30e829b9950,e2b5d1af-611f-418e-93d3-019b7b7ef4af,123,lembang,cikatomas pakidulan joszzz,,,23b4dea3-82de-471a-b623-b3747f56a73a,ch01_00000000118000100.mp4,
378,44979,motorcycle,1motor,1motor,Motorcycle,1,Motorcycle / 3-wheel vehicle,1motor,2,Line 2,opposite,504.1429,10084,0.7171,793c17b6-7366-4af5-86d0-d30e829b9950,e2b5d1af-611f-418e-93d3-019b7b7ef4af,123,lembang,cikatomas pakidulan joszzz,,,23b4dea3-82de-471a-b623-b3747f56a73a,ch01_00000000118000100.mp4,
379,44932,motorcycle,1motor,1motor,Motorcycle,1,Motorcycle / 3-wheel vehicle,1motor,1,Line 1,normal,504.7428,10096,0.7476,793c17b6-7366-4af5-86d0-d30e829b9950,e2b5d1af-611f-418e-93d3-019b7b7ef4af,123,lembang,cikatomas pakidulan joszzz,,,23b4dea3-82de-471a-b623-b3747f56a73a,ch01_00000000118000100.mp4,
380,45082,motorcycle,1motor,1motor,Motorcycle,1,Motorcycle / 3-wheel vehicle,1motor,2,Line 2,opposite,505.5427,10112,0.7697,793c17b6-7366-4af5-86d0-d30e829b9950,e2b5d1af-611f-418e-93d3-019b7b7ef4af,123,lembang,cikatomas pakidulan joszzz,,,23b4dea3-82de-471a-b623-b3747f56a73a,ch01_00000000118000100.mp4,
381,45218,motorcycle,1motor,1motor,Motorcycle,1,Motorcycle / 3-wheel vehicle,1motor,1,Line 1,opposite,507.0426,10142,0.8589,793c17b6-7366-4af5-86d0-d30e829b9950,e2b5d1af-611f-418e-93d3-019b7b7ef4af,123,lembang,cikatomas pakidulan joszzz,,,23b4dea3-82de-471a-b623-b3747f56a73a,ch01_00000000118000100.mp4,
382,45218,motorcycle,1motor,1motor,Motorcycle,1,Motorcycle / 3-wheel vehicle,1motor,2,Line 2,opposite,507.7425,10156,0.8782,793c17b6-7366-4af5-86d0-d30e829b9950,e2b5d1af-611f-418e-93d3-019b7b7ef4af,123,lembang,cikatomas pakidulan joszzz,,,23b4dea3-82de-471a-b623-b3747f56a73a,ch01_00000000118000100.mp4,
383,45396,motorcycle,1motor,1motor,Motorcycle,1,Motorcycle / 3-wheel vehicle,1motor,1,Line 1,opposite,509.6423,10194,0.8755,793c17b6-7366-4af5-86d0-d30e829b9950,e2b5d1af-611f-418e-93d3-019b7b7ef4af,123,lembang,cikatomas pakidulan joszzz,,,23b4dea3-82de-471a-b623-b3747f56a73a,ch01_00000000118000100.mp4,
384,45396,motorcycle,1motor,1motor,Motorcycle,1,Motorcycle / 3-wheel vehicle,1motor,2,Line 2,opposite,510.2922,10207,0.875,793c17b6-7366-4af5-86d0-d30e829b9950,e2b5d1af-611f-418e-93d3-019b7b7ef4af,123,lembang,cikatomas pakidulan joszzz,,,23b4dea3-82de-471a-b623-b3747f56a73a,ch01_00000000118000100.mp4,
385,45537,motorcycle,1motor,1motor,Motorcycle,1,Motorcycle / 3-wheel vehicle,1motor,1,Line 1,opposite,511.3421,10228,0.8919,793c17b6-7366-4af5-86d0-d30e829b9950,e2b5d1af-611f-418e-93d3-019b7b7ef4af,123,lembang,cikatomas pakidulan joszzz,,,23b4dea3-82de-471a-b623-b3747f56a73a,ch01_00000000118000100.mp4,
386,45537,motorcycle,1motor,1motor,Motorcycle,1,Motorcycle / 3-wheel vehicle,1motor,2,Line 2,opposite,512.092,10243,0.8543,793c17b6-7366-4af5-86d0-d30e829b9950,e2b5d1af-611f-418e-93d3-019b7b7ef4af,123,lembang,cikatomas pakidulan joszzz,,,23b4dea3-82de-471a-b623-b3747f56a73a,ch01_00000000118000100.mp4,
387,45888,motorcycle,1motor,1motor,Motorcycle,1,Motorcycle / 3-wheel vehicle,1motor,1,Line 1,opposite,516.0915,10323,0.8853,793c17b6-7366-4af5-86d0-d30e829b9950,e2b5d1af-611f-418e-93d3-019b7b7ef4af,123,lembang,cikatomas pakidulan joszzz,,,23b4dea3-82de-471a-b623-b3747f56a73a,ch01_00000000118000100.mp4,
388,45888,motorcycle,1motor,1motor,Motorcycle,1,Motorcycle / 3-wheel vehicle,1motor,2,Line 2,opposite,516.8914,10339,0.8068,793c17b6-7366-4af5-86d0-d30e829b9950,e2b5d1af-611f-418e-93d3-019b7b7ef4af,123,lembang,cikatomas pakidulan joszzz,,,23b4dea3-82de-471a-b623-b3747f56a73a,ch01_00000000118000100.mp4,
389,46186,car,2mobil,2mobil,Car / Sedan,2,Sedan / jeep / station wagon,2mobil,2,Line 2,normal,520.2411,10406,0.9149,793c17b6-7366-4af5-86d0-d30e829b9950,e2b5d1af-611f-418e-93d3-019b7b7ef4af,123,lembang,cikatomas pakidulan joszzz,,,23b4dea3-82de-471a-b623-b3747f56a73a,ch01_00000000118000100.mp4,
390,46186,car,2mobil,2mobil,Car / Sedan,2,Sedan / jeep / station wagon,2mobil,1,Line 1,normal,521.3909,10429,0.8926,793c17b6-7366-4af5-86d0-d30e829b9950,e2b5d1af-611f-418e-93d3-019b7b7ef4af,123,lembang,cikatomas pakidulan joszzz,,,23b4dea3-82de-471a-b623-b3747f56a73a,ch01_00000000118000100.mp4,
391,46447,car,2mobil,2mobil,Car / Sedan,2,Sedan / jeep / station wagon,2mobil,1,Line 1,opposite,521.6409,10434,0.8879,793c17b6-7366-4af5-86d0-d30e829b9950,e2b5d1af-611f-418e-93d3-019b7b7ef4af,123,lembang,cikatomas pakidulan joszzz,,,23b4dea3-82de-471a-b623-b3747f56a73a,ch01_00000000118000100.mp4,
392,46447,car,2mobil,2mobil,Car / Sedan,2,Sedan / jeep / station wagon,2mobil,2,Line 2,opposite,522.3908,10449,0.9187,793c17b6-7366-4af5-86d0-d30e829b9950,e2b5d1af-611f-418e-93d3-019b7b7ef4af,123,lembang,cikatomas pakidulan joszzz,,,23b4dea3-82de-471a-b623-b3747f56a73a,ch01_00000000118000100.mp4,
393,46575,motorcycle,1motor,1motor,Motorcycle,1,Motorcycle / 3-wheel vehicle,1motor,1,Line 1,opposite,522.9908,10461,0.8332,793c17b6-7366-4af5-86d0-d30e829b9950,e2b5d1af-611f-418e-93d3-019b7b7ef4af,123,lembang,cikatomas pakidulan joszzz,,,23b4dea3-82de-471a-b623-b3747f56a73a,ch01_00000000118000100.mp4,
394,46568,motorcycle,1motor,1motor,Motorcycle,1,Motorcycle / 3-wheel vehicle,1motor,1,Line 1,opposite,523.1407,10464,0.8551,793c17b6-7366-4af5-86d0-d30e829b9950,e2b5d1af-611f-418e-93d3-019b7b7ef4af,123,lembang,cikatomas pakidulan joszzz,,,23b4dea3-82de-471a-b623-b3747f56a73a,ch01_00000000118000100.mp4,
395,46631,motorcycle,1motor,1motor,Motorcycle,1,Motorcycle / 3-wheel vehicle,1motor,1,Line 1,opposite,523.6407,10474,0.8271,793c17b6-7366-4af5-86d0-d30e829b9950,e2b5d1af-611f-418e-93d3-019b7b7ef4af,123,lembang,cikatomas pakidulan joszzz,,,23b4dea3-82de-471a-b623-b3747f56a73a,ch01_00000000118000100.mp4,
396,46575,motorcycle,1motor,1motor,Motorcycle,1,Motorcycle / 3-wheel vehicle,1motor,2,Line 2,opposite,523.8407,10478,0.5758,793c17b6-7366-4af5-86d0-d30e829b9950,e2b5d1af-611f-418e-93d3-019b7b7ef4af,123,lembang,cikatomas pakidulan joszzz,,,23b4dea3-82de-471a-b623-b3747f56a73a,ch01_00000000118000100.mp4,
397,46568,motorcycle,1motor,1motor,Motorcycle,1,Motorcycle / 3-wheel vehicle,1motor,2,Line 2,opposite,523.9406,10480,0.5913,793c17b6-7366-4af5-86d0-d30e829b9950,e2b5d1af-611f-418e-93d3-019b7b7ef4af,123,lembang,cikatomas pakidulan joszzz,,,23b4dea3-82de-471a-b623-b3747f56a73a,ch01_00000000118000100.mp4,
398,46665,car,3ang_umum,3ang_umum,Public Transportation (Angkot),3,Medium passenger vehicle,3ang_umum,1,Line 1,opposite,524.2406,10486,0.8209,793c17b6-7366-4af5-86d0-d30e829b9950,e2b5d1af-611f-418e-93d3-019b7b7ef4af,123,lembang,cikatomas pakidulan joszzz,,,23b4dea3-82de-471a-b623-b3747f56a73a,ch01_00000000118000100.mp4,
399,46689,car,2mobil,2mobil,Car / Sedan,2,Sedan / jeep / station wagon,2mobil,1,Line 1,opposite,524.3406,10488,0.6795,793c17b6-7366-4af5-86d0-d30e829b9950,e2b5d1af-611f-418e-93d3-019b7b7ef4af,123,lembang,cikatomas pakidulan joszzz,,,23b4dea3-82de-471a-b623-b3747f56a73a,ch01_00000000118000100.mp4,
400,46631,motorcycle,1motor,1motor,Motorcycle,1,Motorcycle / 3-wheel vehicle,1motor,2,Line 2,opposite,524.3406,10488,0.4892,793c17b6-7366-4af5-86d0-d30e829b9950,e2b5d1af-611f-418e-93d3-019b7b7ef4af,123,lembang,cikatomas pakidulan joszzz,,,23b4dea3-82de-471a-b623-b3747f56a73a,ch01_00000000118000100.mp4,
401,46736,motorcycle,1motor,1motor,Motorcycle,1,Motorcycle / 3-wheel vehicle,1motor,1,Line 1,opposite,524.8405,10498,0.6363,793c17b6-7366-4af5-86d0-d30e829b9950,e2b5d1af-611f-418e-93d3-019b7b7ef4af,123,lembang,cikatomas pakidulan joszzz,,,23b4dea3-82de-471a-b623-b3747f56a73a,ch01_00000000118000100.mp4,
402,46665,car,3ang_umum,3ang_umum,Public Transportation (Angkot),3,Medium passenger vehicle,3ang_umum,2,Line 2,opposite,524.9405,10500,0.8135,793c17b6-7366-4af5-86d0-d30e829b9950,e2b5d1af-611f-418e-93d3-019b7b7ef4af,123,lembang,cikatomas pakidulan joszzz,,,23b4dea3-82de-471a-b623-b3747f56a73a,ch01_00000000118000100.mp4,
403,46751,car,2mobil,2mobil,Car / Sedan,2,Sedan / jeep / station wagon,2mobil,1,Line 1,opposite,525.1405,10504,0.9392,793c17b6-7366-4af5-86d0-d30e829b9950,e2b5d1af-611f-418e-93d3-019b7b7ef4af,123,lembang,cikatomas pakidulan joszzz,,,23b4dea3-82de-471a-b623-b3747f56a73a,ch01_00000000118000100.mp4,
404,46689,car,2mobil,2mobil,Car / Sedan,2,Sedan / jeep / station wagon,2mobil,2,Line 2,opposite,525.1905,10505,0.9005,793c17b6-7366-4af5-86d0-d30e829b9950,e2b5d1af-611f-418e-93d3-019b7b7ef4af,123,lembang,cikatomas pakidulan joszzz,,,23b4dea3-82de-471a-b623-b3747f56a73a,ch01_00000000118000100.mp4,
405,46736,motorcycle,1motor,1motor,Motorcycle,1,Motorcycle / 3-wheel vehicle,1motor,2,Line 2,opposite,525.4405,10510,0.651,793c17b6-7366-4af5-86d0-d30e829b9950,e2b5d1af-611f-418e-93d3-019b7b7ef4af,123,lembang,cikatomas pakidulan joszzz,,,23b4dea3-82de-471a-b623-b3747f56a73a,ch01_00000000118000100.mp4,
406,46751,car,2mobil,2mobil,Car / Sedan,2,Sedan / jeep / station wagon,2mobil,2,Line 2,opposite,526.0404,10522,0.9157,793c17b6-7366-4af5-86d0-d30e829b9950,e2b5d1af-611f-418e-93d3-019b7b7ef4af,123,lembang,cikatomas pakidulan joszzz,,,23b4dea3-82de-471a-b623-b3747f56a73a,ch01_00000000118000100.mp4,
407,46776,car,2mobil,2mobil,Car / Sedan,2,Sedan / jeep / station wagon,2mobil,2,Line 2,normal,526.0404,10522,0.8756,793c17b6-7366-4af5-86d0-d30e829b9950,e2b5d1af-611f-418e-93d3-019b7b7ef4af,123,lembang,cikatomas pakidulan joszzz,,,23b4dea3-82de-471a-b623-b3747f56a73a,ch01_00000000118000100.mp4,
408,46898,car,2mobil,2mobil,Car / Sedan,2,Sedan / jeep / station wagon,2mobil,1,Line 1,opposite,526.6903,10535,0.8208,793c17b6-7366-4af5-86d0-d30e829b9950,e2b5d1af-611f-418e-93d3-019b7b7ef4af,123,lembang,cikatomas pakidulan joszzz,,,23b4dea3-82de-471a-b623-b3747f56a73a,ch01_00000000118000100.mp4,
409,46776,car,2mobil,2mobil,Car / Sedan,2,Sedan / jeep / station wagon,2mobil,1,Line 1,normal,526.7403,10536,0.7394,793c17b6-7366-4af5-86d0-d30e829b9950,e2b5d1af-611f-418e-93d3-019b7b7ef4af,123,lembang,cikatomas pakidulan joszzz,,,23b4dea3-82de-471a-b623-b3747f56a73a,ch01_00000000118000100.mp4,
410,46898,car,2mobil,2mobil,Car / Sedan,2,Sedan / jeep / station wagon,2mobil,2,Line 2,opposite,527.5402,10552,0.8263,793c17b6-7366-4af5-86d0-d30e829b9950,e2b5d1af-611f-418e-93d3-019b7b7ef4af,123,lembang,cikatomas pakidulan joszzz,,,23b4dea3-82de-471a-b623-b3747f56a73a,ch01_00000000118000100.mp4,
411,47047,car,2mobil,2mobil,Car / Sedan,2,Sedan / jeep / station wagon,2mobil,1,Line 1,opposite,528.7401,10576,0.5105,793c17b6-7366-4af5-86d0-d30e829b9950,e2b5d1af-611f-418e-93d3-019b7b7ef4af,123,lembang,cikatomas pakidulan joszzz,,,23b4dea3-82de-471a-b623-b3747f56a73a,ch01_00000000118000100.mp4,
412,47138,motorcycle,1motor,1motor,Motorcycle,1,Motorcycle / 3-wheel vehicle,1motor,2,Line 2,opposite,529.24,10586,0.6262,793c17b6-7366-4af5-86d0-d30e829b9950,e2b5d1af-611f-418e-93d3-019b7b7ef4af,123,lembang,cikatomas pakidulan joszzz,,,23b4dea3-82de-471a-b623-b3747f56a73a,ch01_00000000118000100.mp4,
413,47072,car,3ang_umum,3ang_umum,Public Transportation (Angkot),3,Medium passenger vehicle,3ang_umum,1,Line 1,opposite,529.39,10589,0.7683,793c17b6-7366-4af5-86d0-d30e829b9950,e2b5d1af-611f-418e-93d3-019b7b7ef4af,123,lembang,cikatomas pakidulan joszzz,,,23b4dea3-82de-471a-b623-b3747f56a73a,ch01_00000000118000100.mp4,
414,47047,car,2mobil,2mobil,Car / Sedan,2,Sedan / jeep / station wagon,2mobil,2,Line 2,opposite,529.44,10590,0.7443,793c17b6-7366-4af5-86d0-d30e829b9950,e2b5d1af-611f-418e-93d3-019b7b7ef4af,123,lembang,cikatomas pakidulan joszzz,,,23b4dea3-82de-471a-b623-b3747f56a73a,ch01_00000000118000100.mp4,
