sequence_no,track_id,vehicle_class,detected_label,vehicle_type_code,vehicle_type_label,golongan_code,golongan_label,source_label,count_line_order,count_line_name,direction,crossed_at_seconds,crossed_at_frame,confidence,video_id,site_id,site_code,site_name,location_description,latitude,longitude,analysis_job_id,video_filename,recorded_at
1,2,car,3ang_umum,3ang_umum,Public Transportation (Angkot),3,Medium passenger vehicle,3ang_umum,2,Line 2,opposite,0.8999,18,0.4795,6e4259f1-cba3-4c63-9c72-e3073eb90b1e,e2b5d1af-611f-418e-93d3-019b7b7ef4af,123,lembang,cikatomas pakidulan joszzz,,,2ce4ac57-b500-4e37-ac53-f80371a55585,ch01_00000000014000100.mp4,
2,800001,motorcycle,1motor,1motor,Motorcycle,1,Motorcycle / 3-wheel vehicle,1motor,2,Line 2,opposite,1.6499,33,0.4318,6e4259f1-cba3-4c63-9c72-e3073eb90b1e,e2b5d1af-611f-418e-93d3-019b7b7ef4af,123,lembang,cikatomas pakidulan joszzz,,,2ce4ac57-b500-4e37-ac53-f80371a55585,ch01_00000000014000100.mp4,
3,28,truck,4pickupmicro,4PickupMicro,Pickup / Micro Truck,4,Pickup / micro truck / delivery,4pickupmicro,1,Line 1,opposite,1.9998,40,0.7261,6e4259f1-cba3-4c63-9c72-e3073eb90b1e,e2b5d1af-611f-418e-93d3-019b7b7ef4af,123,lembang,cikatomas pakidulan joszzz,,,2ce4ac57-b500-4e37-ac53-f80371a55585,ch01_00000000014000100.mp4,
4,28,truck,4pickupmicro,4PickupMicro,Pickup / Micro Truck,4,Pickup / micro truck / delivery,4pickupmicro,2,Line 2,opposite,2.0498,41,0.7539,6e4259f1-cba3-4c63-9c72-e3073eb90b1e,e2b5d1af-611f-418e-93d3-019b7b7ef4af,123,lembang,cikatomas pakidulan joszzz,,,2ce4ac57-b500-4e37-ac53-f80371a55585,ch01_00000000014000100.mp4,
5,29,motorcycle,1motor,1motor,Motorcycle,1,Motorcycle / 3-wheel vehicle,1motor,2,Line 2,opposite,2.1998,44,0.63,6e4259f1-cba3-4c63-9c72-e3073eb90b1e,e2b5d1af-611f-418e-93d3-019b7b7ef4af,123,lembang,cikatomas pakidulan joszzz,,,2ce4ac57-b500-4e37-ac53-f80371a55585,ch01_00000000014000100.mp4,
6,55,car,2mobil,2mobil,Car / Sedan,2,Sedan / jeep / station wagon,2mobil,2,Line 2,opposite,2.5498,51,0.638,6e4259f1-cba3-4c63-9c72-e3073eb90b1e,e2b5d1af-611f-418e-93d3-019b7b7ef4af,123,lembang,cikatomas pakidulan joszzz,,,2ce4ac57-b500-4e37-ac53-f80371a55585,ch01_00000000014000100.mp4,
7,800001,motorcycle,1motor,1motor,Motorcycle,1,Motorcycle / 3-wheel vehicle,1motor,1,Line 1,normal,3.1497,63,0.2081,6e4259f1-cba3-4c63-9c72-e3073eb90b1e,e2b5d1af-611f-418e-93d3-019b7b7ef4af,123,lembang,cikatomas pakidulan joszzz,,,2ce4ac57-b500-4e37-ac53-f80371a55585,ch01_00000000014000100.mp4,
8,147,car,2mobil,2mobil,Car / Sedan,2,Sedan / jeep / station wagon,2mobil,1,Line 1,opposite,6.6494,133,0.8922,6e4259f1-cba3-4c63-9c72-e3073eb90b1e,e2b5d1af-611f-418e-93d3-019b7b7ef4af,123,lembang,cikatomas pakidulan joszzz,,,2ce4ac57-b500-4e37-ac53-f80371a55585,ch01_00000000014000100.mp4,
9,147,car,2mobil,2mobil,Car / Sedan,2,Sedan / jeep / station wagon,2mobil,2,Line 2,opposite,7.0994,142,0.7858,6e4259f1-cba3-4c63-9c72-e3073eb90b1e,e2b5d1af-611f-418e-93d3-019b7b7ef4af,123,lembang,cikatomas pakidulan joszzz,,,2ce4ac57-b500-4e37-ac53-f80371a55585,ch01_00000000014000100.mp4,
10,254,car,3ang_umum,3ang_umum,Public Transportation (Angkot),3,Medium passenger vehicle,3ang_umum,1,Line 1,opposite,9.8491,197,0.867,6e4259f1-cba3-4c63-9c72-e3073eb90b1e,e2b5d1af-611f-418e-93d3-019b7b7ef4af,123,lembang,cikatomas pakidulan joszzz,,,2ce4ac57-b500-4e37-ac53-f80371a55585,ch01_00000000014000100.mp4,
11,254,car,3ang_umum,3ang_umum,Public Transportation (Angkot),3,Medium passenger vehicle,3ang_umum,2,Line 2,opposite,10.1491,203,0.8223,6e4259f1-cba3-4c63-9c72-e3073eb90b1e,e2b5d1af-611f-418e-93d3-019b7b7ef4af,123,lembang,cikatomas pakidulan joszzz,,,2ce4ac57-b500-4e37-ac53-f80371a55585,ch01_00000000014000100.mp4,
12,300,motorcycle,1motor,1motor,Motorcycle,1,Motorcycle / 3-wheel vehicle,1motor,1,Line 1,opposite,12.1489,243,0.8425,6e4259f1-cba3-4c63-9c72-e3073eb90b1e,e2b5d1af-611f-418e-93d3-019b7b7ef4af,123,lembang,cikatomas pakidulan joszzz,,,2ce4ac57-b500-4e37-ac53-f80371a55585,ch01_00000000014000100.mp4,
13,315,car,3ang_umum,3ang_umum,Public Transportation (Angkot),3,Medium passenger vehicle,3ang_umum,2,Line 2,opposite,12.1489,243,0.3044,6e4259f1-cba3-4c63-9c72-e3073eb90b1e,e2b5d1af-611f-418e-93d3-019b7b7ef4af,123,lembang,cikatomas pakidulan joszzz,,,2ce4ac57-b500-4e37-ac53-f80371a55585,ch01_00000000014000100.mp4,
14,300,motorcycle,1motor,1motor,Motorcycle,1,Motorcycle / 3-wheel vehicle,1motor,2,Line 2,opposite,12.6989,254,0.8474,6e4259f1-cba3-4c63-9c72-e3073eb90b1e,e2b5d1af-611f-418e-93d3-019b7b7ef4af,123,lembang,cikatomas pakidulan joszzz,,,2ce4ac57-b500-4e37-ac53-f80371a55585,ch01_00000000014000100.mp4,
15,800005,motorcycle,1motor,1motor,Motorcycle,1,Motorcycle / 3-wheel vehicle,1motor,1,Line 1,opposite,13.1988,264,0.7516,6e4259f1-cba3-4c63-9c72-e3073eb90b1e,e2b5d1af-611f-418e-93d3-019b7b7ef4af,123,lembang,cikatomas pakidulan joszzz,,,2ce4ac57-b500-4e37-ac53-f80371a55585,ch01_00000000014000100.mp4,
16,357,motorcycle,1motor,1motor,Motorcycle,1,Motorcycle / 3-wheel vehicle,1motor,2,Line 2,opposite,13.3988,268,0.6869,6e4259f1-cba3-4c63-9c72-e3073eb90b1e,e2b5d1af-611f-418e-93d3-019b7b7ef4af,123,lembang,cikatomas pakidulan joszzz,,,2ce4ac57-b500-4e37-ac53-f80371a55585,ch01_00000000014000100.mp4,
17,800006,motorcycle,1motor,1motor,Motorcycle,1,Motorcycle / 3-wheel vehicle,1motor,1,Line 1,opposite,14.6987,294,0.2172,6e4259f1-cba3-4c63-9c72-e3073eb90b1e,e2b5d1af-611f-418e-93d3-019b7b7ef4af,123,lembang,cikatomas pakidulan joszzz,,,2ce4ac57-b500-4e37-ac53-f80371a55585,ch01_00000000014000100.mp4,
18,800007,motorcycle,1motor,1motor,Motorcycle,1,Motorcycle / 3-wheel vehicle,1motor,2,Line 2,normal,15.8986,318,0.2612,6e4259f1-cba3-4c63-9c72-e3073eb90b1e,e2b5d1af-611f-418e-93d3-019b7b7ef4af,123,lembang,cikatomas pakidulan joszzz,,,2ce4ac57-b500-4e37-ac53-f80371a55585,ch01_00000000014000100.mp4,
19,450,motorcycle,1motor,1motor,Motorcycle,1,Motorcycle / 3-wheel vehicle,1motor,2,Line 2,opposite,16.3985,328,0.8312,6e4259f1-cba3-4c63-9c72-e3073eb90b1e,e2b5d1af-611f-418e-93d3-019b7b7ef4af,123,lembang,cikatomas pakidulan joszzz,,,2ce4ac57-b500-4e37-ac53-f80371a55585,ch01_00000000014000100.mp4,
20,554,motorcycle,1motor,1motor,Motorcycle,1,Motorcycle / 3-wheel vehicle,1motor,1,Line 1,opposite,20.9481,419,0.7703,6e4259f1-cba3-4c63-9c72-e3073eb90b1e,e2b5d1af-611f-418e-93d3-019b7b7ef4af,123,lembang,cikatomas pakidulan joszzz,,,2ce4ac57-b500-4e37-ac53-f80371a55585,ch01_00000000014000100.mp4,
21,554,motorcycle,1motor,1motor,Motorcycle,1,Motorcycle / 3-wheel vehicle,1motor,2,Line 2,opposite,21.1981,424,0.841,6e4259f1-cba3-4c63-9c72-e3073eb90b1e,e2b5d1af-611f-418e-93d3-019b7b7ef4af,123,lembang,cikatomas pakidulan joszzz,,,2ce4ac57-b500-4e37-ac53-f80371a55585,ch01_00000000014000100.mp4,
22,641,car,2mobil,2mobil,Car / Sedan,2,Sedan / jeep / station wagon,2mobil,1,Line 1,opposite,25.2978,506,0.9002,6e4259f1-cba3-4c63-9c72-e3073eb90b1e,e2b5d1af-611f-418e-93d3-019b7b7ef4af,123,lembang,cikatomas pakidulan joszzz,,,2ce4ac57-b500-4e37-ac53-f80371a55585,ch01_00000000014000100.mp4,
23,641,car,2mobil,2mobil,Car / Sedan,2,Sedan / jeep / station wagon,2mobil,2,Line 2,opposite,25.7977,516,0.9038,6e4259f1-cba3-4c63-9c72-e3073eb90b1e,e2b5d1af-611f-418e-93d3-019b7b7ef4af,123,lembang,cikatomas pakidulan joszzz,,,2ce4ac57-b500-4e37-ac53-f80371a55585,ch01_00000000014000100.mp4,
24,687,car,2mobil,2mobil,Car / Sedan,2,Sedan / jeep / station wagon,2mobil,2,Line 2,normal,25.9977,520,0.2772,6e4259f1-cba3-4c63-9c72-e3073eb90b1e,e2b5d1af-611f-418e-93d3-019b7b7ef4af,123,lembang,cikatomas pakidulan joszzz,,,2ce4ac57-b500-4e37-ac53-f80371a55585,ch01_00000000014000100.mp4,
25,800012,motorcycle,1motor,1motor,Motorcycle,1,Motorcycle / 3-wheel vehicle,1motor,2,Line 2,opposite,26.2477,525,0.4035,6e4259f1-cba3-4c63-9c72-e3073eb90b1e,e2b5d1af-611f-418e-93d3-019b7b7ef4af,123,lembang,cikatomas pakidulan joszzz,,,2ce4ac57-b500-4e37-ac53-f80371a55585,ch01_00000000014000100.mp4,
26,802,motorcycle,1motor,1motor,Motorcycle,1,Motorcycle / 3-wheel vehicle,1motor,1,Line 1,opposite,30.2473,605,0.8389,6e4259f1-cba3-4c63-9c72-e3073eb90b1e,e2b5d1af-611f-418e-93d3-019b7b7ef4af,123,lembang,cikatomas pakidulan joszzz,,,2ce4ac57-b500-4e37-ac53-f80371a55585,ch01_00000000014000100.mp4,
27,802,motorcycle,1motor,1motor,Motorcycle,1,Motorcycle / 3-wheel vehicle,1motor,2,Line 2,opposite,30.8473,617,0.8533,6e4259f1-cba3-4c63-9c72-e3073eb90b1e,e2b5d1af-611f-418e-93d3-019b7b7ef4af,123,lembang,cikatomas pakidulan joszzz,,,2ce4ac57-b500-4e37-ac53-f80371a55585,ch01_00000000014000100.mp4,
28,800014,motorcycle,1motor,1motor,Motorcycle,1,Motorcycle / 3-wheel vehicle,1motor,1,Line 1,opposite,31.6472,633,0.4053,6e4259f1-cba3-4c63-9c72-e3073eb90b1e,e2b5d1af-611f-418e-93d3-019b7b7ef4af,123,lembang,cikatomas pakidulan joszzz,,,2ce4ac57-b500-4e37-ac53-f80371a55585,ch01_00000000014000100.mp4,
29,800014,motorcycle,1motor,1motor,Motorcycle,1,Motorcycle / 3-wheel vehicle,1motor,2,Line 2,opposite,31.7972,636,0.5864,6e4259f1-cba3-4c63-9c72-e3073eb90b1e,e2b5d1af-611f-418e-93d3-019b7b7ef4af,123,lembang,cikatomas pakidulan joszzz,,,2ce4ac57-b500-4e37-ac53-f80371a55585,ch01_00000000014000100.mp4,
30,855,car,2mobil,2mobil,Car / Sedan,2,Sedan / jeep / station wagon,2mobil,2,Line 2,opposite,33.447,669,0.5883,6e4259f1-cba3-4c63-9c72-e3073eb90b1e,e2b5d1af-611f-418e-93d3-019b7b7ef4af,123,lembang,cikatomas pakidulan joszzz,,,2ce4ac57-b500-4e37-ac53-f80371a55585,ch01_00000000014000100.mp4,
31,856,car,2mobil,2mobil,Car / Sedan,2,Sedan / jeep / station wagon,2mobil,1,Line 1,opposite,34.047,681,0.7023,6e4259f1-cba3-4c63-9c72-e3073eb90b1e,e2b5d1af-611f-418e-93d3-019b7b7ef4af,123,lembang,cikatomas pakidulan joszzz,,,2ce4ac57-b500-4e37-ac53-f80371a55585,ch01_00000000014000100.mp4,
32,856,car,2mobil,2mobil,Car / Sedan,2,Sedan / jeep / station wagon,2mobil,2,Line 2,opposite,34.4469,689,0.8277,6e4259f1-cba3-4c63-9c72-e3073eb90b1e,e2b5d1af-611f-418e-93d3-019b7b7ef4af,123,lembang,cikatomas pakidulan joszzz,,,2ce4ac57-b500-4e37-ac53-f80371a55585,ch01_00000000014000100.mp4,
33,885,car,2mobil,2mobil,Car / Sedan,2,Sedan / jeep / station wagon,2mobil,2,Line 2,normal,35.9968,720,0.4108,6e4259f1-cba3-4c63-9c72-e3073eb90b1e,e2b5d1af-611f-418e-93d3-019b7b7ef4af,123,lembang,cikatomas pakidulan joszzz,,,2ce4ac57-b500-4e37-ac53-f80371a55585,ch01_00000000014000100.mp4,
34,962,motorcycle,1motor,1motor,Motorcycle,1,Motorcycle / 3-wheel vehicle,1motor,2,Line 2,opposite,38.4466,769,0.8703,6e4259f1-cba3-4c63-9c72-e3073eb90b1e,e2b5d1af-611f-418e-93d3-019b7b7ef4af,123,lembang,cikatomas pakidulan joszzz,,,2ce4ac57-b500-4e37-ac53-f80371a55585,ch01_00000000014000100.mp4,
35,800015,motorcycle,1motor,1motor,Motorcycle,1,Motorcycle / 3-wheel vehicle,1motor,1,Line 1,opposite,39.1465,783,0.5813,6e4259f1-cba3-4c63-9c72-e3073eb90b1e,e2b5d1af-611f-418e-93d3-019b7b7ef4af,123,lembang,cikatomas pakidulan joszzz,,,2ce4ac57-b500-4e37-ac53-f80371a55585,ch01_00000000014000100.mp4,
36,800015,motorcycle,1motor,1motor,Motorcycle,1,Motorcycle / 3-wheel vehicle,1motor,2,Line 2,opposite,39.1465,783,0.5813,6e4259f1-cba3-4c63-9c72-e3073eb90b1e,e2b5d1af-611f-418e-93d3-019b7b7ef4af,123,lembang,cikatomas pakidulan joszzz,,,2ce4ac57-b500-4e37-ac53-f80371a55585,ch01_00000000014000100.mp4,
37,1038,car,2mobil,2mobil,Car / Sedan,2,Sedan / jeep / station wagon,2mobil,1,Line 1,opposite,41.4463,829,0.8962,6e4259f1-cba3-4c63-9c72-e3073eb90b1e,e2b5d1af-611f-418e-93d3-019b7b7ef4af,123,lembang,cikatomas pakidulan joszzz,,,2ce4ac57-b500-4e37-ac53-f80371a55585,ch01_00000000014000100.mp4,
38,1038,car,2mobil,2mobil,Car / Sedan,2,Sedan / jeep / station wagon,2mobil,2,Line 2,opposite,41.9463,839,0.907,6e4259f1-cba3-4c63-9c72-e3073eb90b1e,e2b5d1af-611f-418e-93d3-019b7b7ef4af,123,lembang,cikatomas pakidulan joszzz,,,2ce4ac57-b500-4e37-ac53-f80371a55585,ch01_00000000014000100.mp4,
39,1094,motorcycle,1motor,1motor,Motorcycle,1,Motorcycle / 3-wheel vehicle,1motor,1,Line 1,opposite,42.5962,852,0.7521,6e4259f1-cba3-4c63-9c72-e3073eb90b1e,e2b5d1af-611f-418e-93d3-019b7b7ef4af,123,lembang,cikatomas pakidulan joszzz,,,2ce4ac57-b500-4e37-ac53-f80371a55585,ch01_00000000014000100.mp4,
40,1094,motorcycle,1motor,1motor,Motorcycle,1,Motorcycle / 3-wheel vehicle,1motor,2,Line 2,opposite,42.9962,860,0.8153,6e4259f1-cba3-4c63-9c72-e3073eb90b1e,e2b5d1af-611f-418e-93d3-019b7b7ef4af,123,lembang,cikatomas pakidulan joszzz,,,2ce4ac57-b500-4e37-ac53-f80371a55585,ch01_00000000014000100.mp4,
41,1121,car,2mobil,2mobil,Car / Sedan,2,Sedan / jeep / station wagon,2mobil,1,Line 1,opposite,44.4461,889,0.9242,6e4259f1-cba3-4c63-9c72-e3073eb90b1e,e2b5d1af-611f-418e-93d3-019b7b7ef4af,123,lembang,cikatomas pakidulan joszzz,,,2ce4ac57-b500-4e37-ac53-f80371a55585,ch01_00000000014000100.mp4,
42,800018,motorcycle,1motor,1motor,Motorcycle,1,Motorcycle / 3-wheel vehicle,1motor,1,Line 1,opposite,44.846,897,0.402,6e4259f1-cba3-4c63-9c72-e3073eb90b1e,e2b5d1af-611f-418e-93d3-019b7b7ef4af,123,lembang,cikatomas pakidulan joszzz,,,2ce4ac57-b500-4e37-ac53-f80371a55585,ch01_00000000014000100.mp4,
43,800018,motorcycle,1motor,1motor,Motorcycle,1,Motorcycle / 3-wheel vehicle,1motor,2,Line 2,opposite,45.146,903,0.6049,6e4259f1-cba3-4c63-9c72-e3073eb90b1e,e2b5d1af-611f-418e-93d3-019b7b7ef4af,123,lembang,cikatomas pakidulan joszzz,,,2ce4ac57-b500-4e37-ac53-f80371a55585,ch01_00000000014000100.mp4,
44,1121,car,2mobil,2mobil,Car / Sedan,2,Sedan / jeep / station wagon,2mobil,2,Line 2,opposite,45.346,907,0.9178,6e4259f1-cba3-4c63-9c72-e3073eb90b1e,e2b5d1af-611f-418e-93d3-019b7b7ef4af,123,lembang,cikatomas pakidulan joszzz,,,2ce4ac57-b500-4e37-ac53-f80371a55585,ch01_00000000014000100.mp4,
45,1207,car,3ang_umum,3ang_umum,Public Transportation (Angkot),3,Medium passenger vehicle,3ang_umum,1,Line 1,opposite,45.9459,919,0.9175,6e4259f1-cba3-4c63-9c72-e3073eb90b1e,e2b5d1af-611f-418e-93d3-019b7b7ef4af,123,lembang,cikatomas pakidulan joszzz,,,2ce4ac57-b500-4e37-ac53-f80371a55585,ch01_00000000014000100.mp4,
46,1207,car,3ang_umum,3ang_umum,Public Transportation (Angkot),3,Medium passenger vehicle,3ang_umum,2,Line 2,opposite,46.2959,926,0.9179,6e4259f1-cba3-4c63-9c72-e3073eb90b1e,e2b5d1af-611f-418e-93d3-019b7b7ef4af,123,lembang,cikatomas pakidulan joszzz,,,2ce4ac57-b500-4e37-ac53-f80371a55585,ch01_00000000014000100.mp4,
47,1263,car,2mobil,2mobil,Car / Sedan,2,Sedan / jeep / station wagon,2mobil,1,Line 1,opposite,47.5458,951,0.6052,6e4259f1-cba3-4c63-9c72-e3073eb90b1e,e2b5d1af-611f-418e-93d3-019b7b7ef4af,123,lembang,cikatomas pakidulan joszzz,,,2ce4ac57-b500-4e37-ac53-f80371a55585,ch01_00000000014000100.mp4,
48,1263,car,2mobil,2mobil,Car / Sedan,2,Sedan / jeep / station wagon,2mobil,2,Line 2,opposite,47.8458,957,0.8541,6e4259f1-cba3-4c63-9c72-e3073eb90b1e,e2b5d1af-611f-418e-93d3-019b7b7ef4af,123,lembang,cikatomas pakidulan joszzz,,,2ce4ac57-b500-4e37-ac53-f80371a55585,ch01_00000000014000100.mp4,
49,1285,car,2mobil,2mobil,Car / Sedan,2,Sedan / jeep / station wagon,2mobil,2,Line 2,opposite,48.7957,976,0.4564,6e4259f1-cba3-4c63-9c72-e3073eb90b1e,e2b5d1af-611f-418e-93d3-019b7b7ef4af,123,lembang,cikatomas pakidulan joszzz,,,2ce4ac57-b500-4e37-ac53-f80371a55585,ch01_00000000014000100.mp4,
50,1284,car,2mobil,2mobil,Car / Sedan,2,Sedan / jeep / station wagon,2mobil,1,Line 1,opposite,49.5956,992,0.681,6e4259f1-cba3-4c63-9c72-e3073eb90b1e,e2b5d1af-611f-418e-93d3-019b7b7ef4af,123,lembang,cikatomas pakidulan joszzz,,,2ce4ac57-b500-4e37-ac53-f80371a55585,ch01_00000000014000100.mp4,
51,1284,car,2mobil,2mobil,Car / Sedan,2,Sedan / jeep / station wagon,2mobil,2,Line 2,opposite,50.1456,1003,0.8542,6e4259f1-cba3-4c63-9c72-e3073eb90b1e,e2b5d1af-611f-418e-93d3-019b7b7ef4af,123,lembang,cikatomas pakidulan joszzz,,,2ce4ac57-b500-4e37-ac53-f80371a55585,ch01_00000000014000100.mp4,
52,1313,car,2mobil,2mobil,Car / Sedan,2,Sedan / jeep / station wagon,2mobil,1,Line 1,opposite,50.5955,1012,0.6062,6e4259f1-cba3-4c63-9c72-e3073eb90b1e,e2b5d1af-611f-418e-93d3-019b7b7ef4af,123,lembang,cikatomas pakidulan joszzz,,,2ce4ac57-b500-4e37-ac53-f80371a55585,ch01_00000000014000100.mp4,
53,1313,car,2mobil,2mobil,Car / Sedan,2,Sedan / jeep / station wagon,2mobil,2,Line 2,opposite,50.9455,1019,0.7694,6e4259f1-cba3-4c63-9c72-e3073eb90b1e,e2b5d1af-611f-418e-93d3-019b7b7ef4af,123,lembang,cikatomas pakidulan joszzz,,,2ce4ac57-b500-4e37-ac53-f80371a55585,ch01_00000000014000100.mp4,
54,1333,car,3ang_umum,3ang_umum,Public Transportation (Angkot),3,Medium passenger vehicle,3ang_umum,1,Line 1,opposite,52.0454,1041,0.3343,6e4259f1-cba3-4c63-9c72-e3073eb90b1e,e2b5d1af-611f-418e-93d3-019b7b7ef4af,123,lembang,cikatomas pakidulan joszzz,,,2ce4ac57-b500-4e37-ac53-f80371a55585,ch01_00000000014000100.mp4,
55,800020,motorcycle,1motor,1motor,Motorcycle,1,Motorcycle / 3-wheel vehicle,1motor,1,Line 1,normal,52.0454,1041,0.443,6e4259f1-cba3-4c63-9c72-e3073eb90b1e,e2b5d1af-611f-418e-93d3-019b7b7ef4af,123,lembang,cikatomas pakidulan joszzz,,,2ce4ac57-b500-4e37-ac53-f80371a55585,ch01_00000000014000100.mp4,
56,800020,motorcycle,1motor,1motor,Motorcycle,1,Motorcycle / 3-wheel vehicle,1motor,2,Line 2,normal,52.0454,1041,0.443,6e4259f1-cba3-4c63-9c72-e3073eb90b1e,e2b5d1af-611f-418e-93d3-019b7b7ef4af,123,lembang,cikatomas pakidulan joszzz,,,2ce4ac57-b500-4e37-ac53-f80371a55585,ch01_00000000014000100.mp4,
57,1355,car,2mobil,2mobil,Car / Sedan,2,Sedan / jeep / station wagon,2mobil,1,Line 1,opposite,52.5953,1052,0.624,6e4259f1-cba3-4c63-9c72-e3073eb90b1e,e2b5d1af-611f-418e-93d3-019b7b7ef4af,123,lembang,cikatomas pakidulan joszzz,,,2ce4ac57-b500-4e37-ac53-f80371a55585,ch01_00000000014000100.mp4,
58,1333,car,3ang_umum,3ang_umum,Public Transportation (Angkot),3,Medium passenger vehicle,3ang_umum,2,Line 2,opposite,52.5953,1052,0.7896,6e4259f1-cba3-4c63-9c72-e3073eb90b1e,e2b5d1af-611f-418e-93d3-019b7b7ef4af,123,lembang,cikatomas pakidulan joszzz,,,2ce4ac57-b500-4e37-ac53-f80371a55585,ch01_00000000014000100.mp4,
59,1368,motorcycle,1motor,1motor,Motorcycle,1,Motorcycle / 3-wheel vehicle,1motor,2,Line 2,opposite,52.6953,1054,0.3817,6e4259f1-cba3-4c63-9c72-e3073eb90b1e,e2b5d1af-611f-418e-93d3-019b7b7ef4af,123,lembang,cikatomas pakidulan joszzz,,,2ce4ac57-b500-4e37-ac53-f80371a55585,ch01_00000000014000100.mp4,
60,1372,motorcycle,1motor,1motor,Motorcycle,1,Motorcycle / 3-wheel vehicle,1motor,1,Line 1,opposite,52.8453,1057,0.8155,6e4259f1-cba3-4c63-9c72-e3073eb90b1e,e2b5d1af-611f-418e-93d3-019b7b7ef4af,123,lembang,cikatomas pakidulan joszzz,,,2ce4ac57-b500-4e37-ac53-f80371a55585,ch01_00000000014000100.mp4,
61,1355,car,2mobil,2mobil,Car / Sedan,2,Sedan / jeep / station wagon,2mobil,2,Line 2,opposite,53.0453,1061,0.7063,6e4259f1-cba3-4c63-9c72-e3073eb90b1e,e2b5d1af-611f-418e-93d3-019b7b7ef4af,123,lembang,cikatomas pakidulan joszzz,,,2ce4ac57-b500-4e37-ac53-f80371a55585,ch01_00000000014000100.mp4,
62,1372,motorcycle,1motor,1motor,Motorcycle,1,Motorcycle / 3-wheel vehicle,1motor,2,Line 2,opposite,53.2953,1066,0.7824,6e4259f1-cba3-4c63-9c72-e3073eb90b1e,e2b5d1af-611f-418e-93d3-019b7b7ef4af,123,lembang,cikatomas pakidulan joszzz,,,2ce4ac57-b500-4e37-ac53-f80371a55585,ch01_00000000014000100.mp4,
63,800021,motorcycle,1motor,1motor,Motorcycle,1,Motorcycle / 3-wheel vehicle,1motor,1,Line 1,opposite,53.3953,1068,0.2596,6e4259f1-cba3-4c63-9c72-e3073eb90b1e,e2b5d1af-611f-418e-93d3-019b7b7ef4af,123,lembang,cikatomas pakidulan joszzz,,,2ce4ac57-b500-4e37-ac53-f80371a55585,ch01_00000000014000100.mp4,
64,1382,car,2mobil,2mobil,Car / Sedan,2,Sedan / jeep / station wagon,2mobil,1,Line 1,opposite,53.6452,1073,0.7719,6e4259f1-cba3-4c63-9c72-e3073eb90b1e,e2b5d1af-611f-418e-93d3-019b7b7ef4af,123,lembang,cikatomas pakidulan joszzz,,,2ce4ac57-b500-4e37-ac53-f80371a55585,ch01_00000000014000100.mp4,
65,1382,car,2mobil,2mobil,Car / Sedan,2,Sedan / jeep / station wagon,2mobil,2,Line 2,opposite,54.0952,1082,0.8779,6e4259f1-cba3-4c63-9c72-e3073eb90b1e,e2b5d1af-611f-418e-93d3-019b7b7ef4af,123,lembang,cikatomas pakidulan joszzz,,,2ce4ac57-b500-4e37-ac53-f80371a55585,ch01_00000000014000100.mp4,
66,1406,car,2mobil,2mobil,Car / Sedan,2,Sedan / jeep / station wagon,2mobil,1,Line 1,opposite,54.7951,1096,0.7644,6e4259f1-cba3-4c63-9c72-e3073eb90b1e,e2b5d1af-611f-418e-93d3-019b7b7ef4af,123,lembang,cikatomas pakidulan joszzz,,,2ce4ac57-b500-4e37-ac53-f80371a55585,ch01_00000000014000100.mp4,
67,1406,car,2mobil,2mobil,Car / Sedan,2,Sedan / jeep / station wagon,2mobil,2,Line 2,opposite,55.2951,1106,0.5356,6e4259f1-cba3-4c63-9c72-e3073eb90b1e,e2b5d1af-611f-418e-93d3-019b7b7ef4af,123,lembang,cikatomas pakidulan joszzz,,,2ce4ac57-b500-4e37-ac53-f80371a55585,ch01_00000000014000100.mp4,
68,1440,car,2mobil,2mobil,Car / Sedan,2,Sedan / jeep / station wagon,2mobil,1,Line 1,opposite,56.145,1123,0.8716,6e4259f1-cba3-4c63-9c72-e3073eb90b1e,e2b5d1af-611f-418e-93d3-019b7b7ef4af,123,lembang,cikatomas pakidulan joszzz,,,2ce4ac57-b500-4e37-ac53-f80371a55585,ch01_00000000014000100.mp4,
69,1440,car,2mobil,2mobil,Car / Sedan,2,Sedan / jeep / station wagon,2mobil,2,Line 2,opposite,56.495,1130,0.8963,6e4259f1-cba3-4c63-9c72-e3073eb90b1e,e2b5d1af-611f-418e-93d3-019b7b7ef4af,123,lembang,cikatomas pakidulan joszzz,,,2ce4ac57-b500-4e37-ac53-f80371a55585,ch01_00000000014000100.mp4,
70,1443,car,2mobil,2mobil,Car / Sedan,2,Sedan / jeep / station wagon,2mobil,1,Line 1,opposite,56.695,1134,0.7915,6e4259f1-cba3-4c63-9c72-e3073eb90b1e,e2b5d1af-611f-418e-93d3-019b7b7ef4af,123,lembang,cikatomas pakidulan joszzz,,,2ce4ac57-b500-4e37-ac53-f80371a55585,ch01_00000000014000100.mp4,
71,1443,car,2mobil,2mobil,Car / Sedan,2,Sedan / jeep / station wagon,2mobil,2,Line 2,opposite,57.1949,1144,0.7972,6e4259f1-cba3-4c63-9c72-e3073eb90b1e,e2b5d1af-611f-418e-93d3-019b7b7ef4af,123,lembang,cikatomas pakidulan joszzz,,,2ce4ac57-b500-4e37-ac53-f80371a55585,ch01_00000000014000100.mp4,
72,800025,motorcycle,1motor,1motor,Motorcycle,1,Motorcycle / 3-wheel vehicle,1motor,1,Line 1,normal,59.2447,1185,0.4481,6e4259f1-cba3-4c63-9c72-e3073eb90b1e,e2b5d1af-611f-418e-93d3-019b7b7ef4af,123,lembang,cikatomas pakidulan joszzz,,,2ce4ac57-b500-4e37-ac53-f80371a55585,ch01_00000000014000100.mp4,
73,1537,motorcycle,1motor,1motor,Motorcycle,1,Motorcycle / 3-wheel vehicle,1motor,1,Line 1,opposite,59.8447,1197,0.8719,6e4259f1-cba3-4c63-9c72-e3073eb90b1e,e2b5d1af-611f-418e-93d3-019b7b7ef4af,123,lembang,cikatomas pakidulan joszzz,,,2ce4ac57-b500-4e37-ac53-f80371a55585,ch01_00000000014000100.mp4,
74,1537,motorcycle,1motor,1motor,Motorcycle,1,Motorcycle / 3-wheel vehicle,1motor,2,Line 2,opposite,60.2947,1206,0.8537,6e4259f1-cba3-4c63-9c72-e3073eb90b1e,e2b5d1af-611f-418e-93d3-019b7b7ef4af,123,lembang,cikatomas pakidulan joszzz,,,2ce4ac57-b500-4e37-ac53-f80371a55585,ch01_00000000014000100.mp4,
75,1553,car,2mobil,2mobil,Car / Sedan,2,Sedan / jeep / station wagon,2mobil,1,Line 1,opposite,60.3946,1208,0.6653,6e4259f1-cba3-4c63-9c72-e3073eb90b1e,e2b5d1af-611f-418e-93d3-019b7b7ef4af,123,lembang,cikatomas pakidulan joszzz,,,2ce4ac57-b500-4e37-ac53-f80371a55585,ch01_00000000014000100.mp4,
76,1553,car,2mobil,2mobil,Car / Sedan,2,Sedan / jeep / station wagon,2mobil,2,Line 2,opposite,60.7446,1215,0.7476,6e4259f1-cba3-4c63-9c72-e3073eb90b1e,e2b5d1af-611f-418e-93d3-019b7b7ef4af,123,lembang,cikatomas pakidulan joszzz,,,2ce4ac57-b500-4e37-ac53-f80371a55585,ch01_00000000014000100.mp4,
77,1635,motorcycle,1motor,1motor,Motorcycle,1,Motorcycle / 3-wheel vehicle,1motor,1,Line 1,opposite,61.7445,1235,0.811,6e4259f1-cba3-4c63-9c72-e3073eb90b1e,e2b5d1af-611f-418e-93d3-019b7b7ef4af,123,lembang,cikatomas pakidulan joszzz,,,2ce4ac57-b500-4e37-ac53-f80371a55585,ch01_00000000014000100.mp4,
78,1635,motorcycle,1motor,1motor,Motorcycle,1,Motorcycle / 3-wheel vehicle,1motor,2,Line 2,opposite,62.0445,1241,0.856,6e4259f1-cba3-4c63-9c72-e3073eb90b1e,e2b5d1af-611f-418e-93d3-019b7b7ef4af,123,lembang,cikatomas pakidulan joszzz,,,2ce4ac57-b500-4e37-ac53-f80371a55585,ch01_00000000014000100.mp4,
79,1632,car,2mobil,2mobil,Car / Sedan,2,Sedan / jeep / station wagon,2mobil,1,Line 1,opposite,62.0945,1242,0.8461,6e4259f1-cba3-4c63-9c72-e3073eb90b1e,e2b5d1af-611f-418e-93d3-019b7b7ef4af,123,lembang,cikatomas pakidulan joszzz,,,2ce4ac57-b500-4e37-ac53-f80371a55585,ch01_00000000014000100.mp4,
80,800026,motorcycle,1motor,1motor,Motorcycle,1,Motorcycle / 3-wheel vehicle,1motor,1,Line 1,opposite,62.0945,1242,0.6336,6e4259f1-cba3-4c63-9c72-e3073eb90b1e,e2b5d1af-611f-418e-93d3-019b7b7ef4af,123,lembang,cikatomas pakidulan joszzz,,,2ce4ac57-b500-4e37-ac53-f80371a55585,ch01_00000000014000100.mp4,
81,1655,motorcycle,1motor,1motor,Motorcycle,1,Motorcycle / 3-wheel vehicle,1motor,2,Line 2,opposite,62.2445,1245,0.7671,6e4259f1-cba3-4c63-9c72-e3073eb90b1e,e2b5d1af-611f-418e-93d3-019b7b7ef4af,123,lembang,cikatomas pakidulan joszzz,,,2ce4ac57-b500-4e37-ac53-f80371a55585,ch01_00000000014000100.mp4,
82,1632,car,2mobil,2mobil,Car / Sedan,2,Sedan / jeep / station wagon,2mobil,2,Line 2,opposite,62.4445,1249,0.6761,6e4259f1-cba3-4c63-9c72-e3073eb90b1e,e2b5d1af-611f-418e-93d3-019b7b7ef4af,123,lembang,cikatomas pakidulan joszzz,,,2ce4ac57-b500-4e37-ac53-f80371a55585,ch01_00000000014000100.mp4,
83,800026,motorcycle,1motor,1motor,Motorcycle,1,Motorcycle / 3-wheel vehicle,1motor,2,Line 2,opposite,62.6944,1254,0.517,6e4259f1-cba3-4c63-9c72-e3073eb90b1e,e2b5d1af-611f-418e-93d3-019b7b7ef4af,123,lembang,cikatomas pakidulan joszzz,,,2ce4ac57-b500-4e37-ac53-f80371a55585,ch01_00000000014000100.mp4,
84,1516,car,3ang_umum,3ang_umum,Public Transportation (Angkot),3,Medium passenger vehicle,3ang_umum,2,Line 2,normal,62.7444,1255,0.3786,6e4259f1-cba3-4c63-9c72-e3073eb90b1e,e2b5d1af-611f-418e-93d3-019b7b7ef4af,123,lembang,cikatomas pakidulan joszzz,,,2ce4ac57-b500-4e37-ac53-f80371a55585,ch01_00000000014000100.mp4,
85,800027,motorcycle,1motor,1motor,Motorcycle,1,Motorcycle / 3-wheel vehicle,1motor,2,Line 2,normal,62.9944,1260,0.2304,6e4259f1-cba3-4c63-9c72-e3073eb90b1e,e2b5d1af-611f-418e-93d3-019b7b7ef4af,123,lembang,cikatomas pakidulan joszzz,,,2ce4ac57-b500-4e37-ac53-f80371a55585,ch01_00000000014000100.mp4,
86,1672,motorcycle,1motor,1motor,Motorcycle,1,Motorcycle / 3-wheel vehicle,1motor,1,Line 1,opposite,63.2444,1265,0.7546,6e4259f1-cba3-4c63-9c72-e3073eb90b1e,e2b5d1af-611f-418e-93d3-019b7b7ef4af,123,lembang,cikatomas pakidulan joszzz,,,2ce4ac57-b500-4e37-ac53-f80371a55585,ch01_00000000014000100.mp4,
87,1672,motorcycle,1motor,1motor,Motorcycle,1,Motorcycle / 3-wheel vehicle,1motor,2,Line 2,opposite,63.6444,1273,0.7972,6e4259f1-cba3-4c63-9c72-e3073eb90b1e,e2b5d1af-611f-418e-93d3-019b7b7ef4af,123,lembang,cikatomas pakidulan joszzz,,,2ce4ac57-b500-4e37-ac53-f80371a55585,ch01_00000000014000100.mp4,
88,1675,car,3ang_umum,3ang_umum,Public Transportation (Angkot),3,Medium passenger vehicle,3ang_umum,1,Line 1,opposite,64.1443,1283,0.921,6e4259f1-cba3-4c63-9c72-e3073eb90b1e,e2b5d1af-611f-418e-93d3-019b7b7ef4af,123,lembang,cikatomas pakidulan joszzz,,,2ce4ac57-b500-4e37-ac53-f80371a55585,ch01_00000000014000100.mp4,
89,1675,car,3ang_umum,3ang_umum,Public Transportation (Angkot),3,Medium passenger vehicle,3ang_umum,2,Line 2,opposite,64.4443,1289,0.9187,6e4259f1-cba3-4c63-9c72-e3073eb90b1e,e2b5d1af-611f-418e-93d3-019b7b7ef4af,123,lembang,cikatomas pakidulan joszzz,,,2ce4ac57-b500-4e37-ac53-f80371a55585,ch01_00000000014000100.mp4,
90,800029,motorcycle,1motor,1motor,Motorcycle,1,Motorcycle / 3-wheel vehicle,1motor,1,Line 1,opposite,67.194,1344,0.7199,6e4259f1-cba3-4c63-9c72-e3073eb90b1e,e2b5d1af-611f-418e-93d3-019b7b7ef4af,123,lembang,cikatomas pakidulan joszzz,,,2ce4ac57-b500-4e37-ac53-f80371a55585,ch01_00000000014000100.mp4,
91,1758,motorcycle,1motor,1motor,Motorcycle,1,Motorcycle / 3-wheel vehicle,1motor,2,Line 2,opposite,67.544,1351,0.4952,6e4259f1-cba3-4c63-9c72-e3073eb90b1e,e2b5d1af-611f-418e-93d3-019b7b7ef4af,123,lembang,cikatomas pakidulan joszzz,,,2ce4ac57-b500-4e37-ac53-f80371a55585,ch01_00000000014000100.mp4,
92,800029,motorcycle,1motor,1motor,Motorcycle,1,Motorcycle / 3-wheel vehicle,1motor,2,Line 2,opposite,68.3939,1368,0.7784,6e4259f1-cba3-4c63-9c72-e3073eb90b1e,e2b5d1af-611f-418e-93d3-019b7b7ef4af,123,lembang,cikatomas pakidulan joszzz,,,2ce4ac57-b500-4e37-ac53-f80371a55585,ch01_00000000014000100.mp4,
93,1784,car,2mobil,2mobil,Car / Sedan,2,Sedan / jeep / station wagon,2mobil,2,Line 2,normal,68.5939,1372,0.3442,6e4259f1-cba3-4c63-9c72-e3073eb90b1e,e2b5d1af-611f-418e-93d3-019b7b7ef4af,123,lembang,cikatomas pakidulan joszzz,,,2ce4ac57-b500-4e37-ac53-f80371a55585,ch01_00000000014000100.mp4,
94,1782,car,2mobil,2mobil,Car / Sedan,2,Sedan / jeep / station wagon,2mobil,1,Line 1,opposite,69.1439,1383,0.9089,6e4259f1-cba3-4c63-9c72-e3073eb90b1e,e2b5d1af-611f-418e-93d3-019b7b7ef4af,123,lembang,cikatomas pakidulan joszzz,,,2ce4ac57-b500-4e37-ac53-f80371a55585,ch01_00000000014000100.mp4,
95,1782,car,2mobil,2mobil,Car / Sedan,2,Sedan / jeep / station wagon,2mobil,2,Line 2,opposite,69.6438,1393,0.9084,6e4259f1-cba3-4c63-9c72-e3073eb90b1e,e2b5d1af-611f-418e-93d3-019b7b7ef4af,123,lembang,cikatomas pakidulan joszzz,,,2ce4ac57-b500-4e37-ac53-f80371a55585,ch01_00000000014000100.mp4,
96,1824,car,3ang_umum,3ang_umum,Public Transportation (Angkot),3,Medium passenger vehicle,3ang_umum,1,Line 1,opposite,70.1938,1404,0.8899,6e4259f1-cba3-4c63-9c72-e3073eb90b1e,e2b5d1af-611f-418e-93d3-019b7b7ef4af,123,lembang,cikatomas pakidulan joszzz,,,2ce4ac57-b500-4e37-ac53-f80371a55585,ch01_00000000014000100.mp4,
97,1824,car,3ang_umum,3ang_umum,Public Transportation (Angkot),3,Medium passenger vehicle,3ang_umum,2,Line 2,opposite,70.6437,1413,0.8784,6e4259f1-cba3-4c63-9c72-e3073eb90b1e,e2b5d1af-611f-418e-93d3-019b7b7ef4af,123,lembang,cikatomas pakidulan joszzz,,,2ce4ac57-b500-4e37-ac53-f80371a55585,ch01_00000000014000100.mp4,
98,1881,car,2mobil,2mobil,Car / Sedan,2,Sedan / jeep / station wagon,2mobil,1,Line 1,opposite,72.6936,1454,0.344,6e4259f1-cba3-4c63-9c72-e3073eb90b1e,e2b5d1af-611f-418e-93d3-019b7b7ef4af,123,lembang,cikatomas pakidulan joszzz,,,2ce4ac57-b500-4e37-ac53-f80371a55585,ch01_00000000014000100.mp4,
99,1881,car,2mobil,2mobil,Car / Sedan,2,Sedan / jeep / station wagon,2mobil,2,Line 2,opposite,73.0935,1462,0.4421,6e4259f1-cba3-4c63-9c72-e3073eb90b1e,e2b5d1af-611f-418e-93d3-019b7b7ef4af,123,lembang,cikatomas pakidulan joszzz,,,2ce4ac57-b500-4e37-ac53-f80371a55585,ch01_00000000014000100.mp4,
100,2039,motorcycle,1motor,1motor,Motorcycle,1,Motorcycle / 3-wheel vehicle,1motor,1,Line 1,opposite,79.5929,1592,0.7432,6e4259f1-cba3-4c63-9c72-e3073eb90b1e,e2b5d1af-611f-418e-93d3-019b7b7ef4af,123,lembang,cikatomas pakidulan joszzz,,,2ce4ac57-b500-4e37-ac53-f80371a55585,ch01_00000000014000100.mp4,
101,2039,motorcycle,1motor,1motor,Motorcycle,1,Motorcycle / 3-wheel vehicle,1motor,2,Line 2,opposite,79.9429,1599,0.8096,6e4259f1-cba3-4c63-9c72-e3073eb90b1e,e2b5d1af-611f-418e-93d3-019b7b7ef4af,123,lembang,cikatomas pakidulan joszzz,,,2ce4ac57-b500-4e37-ac53-f80371a55585,ch01_00000000014000100.mp4,
102,2045,car,2mobil,2mobil,Car / Sedan,2,Sedan / jeep / station wagon,2mobil,1,Line 1,opposite,80.0429,1601,0.6619,6e4259f1-cba3-4c63-9c72-e3073eb90b1e,e2b5d1af-611f-418e-93d3-019b7b7ef4af,123,lembang,cikatomas pakidulan joszzz,,,2ce4ac57-b500-4e37-ac53-f80371a55585,ch01_00000000014000100.mp4,
103,2045,car,2mobil,2mobil,Car / Sedan,2,Sedan / jeep / station wagon,2mobil,2,Line 2,opposite,80.3429,1607,0.843,6e4259f1-cba3-4c63-9c72-e3073eb90b1e,e2b5d1af-611f-418e-93d3-019b7b7ef4af,123,lembang,cikatomas pakidulan joszzz,,,2ce4ac57-b500-4e37-ac53-f80371a55585,ch01_00000000014000100.mp4,
104,2205,car,2mobil,2mobil,Car / Sedan,2,Sedan / jeep / station wagon,2mobil,1,Line 1,opposite,88.4422,1769,0.9172,6e4259f1-cba3-4c63-9c72-e3073eb90b1e,e2b5d1af-611f-418e-93d3-019b7b7ef4af,123,lembang,cikatomas pakidulan joszzz,,,2ce4ac57-b500-4e37-ac53-f80371a55585,ch01_00000000014000100.mp4,
105,1929,car,3ang_umum,3ang_umum,Public Transportation (Angkot),3,Medium passenger vehicle,3ang_umum,2,Line 2,opposite,88.6421,1773,0.4785,6e4259f1-cba3-4c63-9c72-e3073eb90b1e,e2b5d1af-611f-418e-93d3-019b7b7ef4af,123,lembang,cikatomas pakidulan joszzz,,,2ce4ac57-b500-4e37-ac53-f80371a55585,ch01_00000000014000100.mp4,
106,2205,car,2mobil,2mobil,Car / Sedan,2,Sedan / jeep / station wagon,2mobil,2,Line 2,opposite,88.8921,1778,0.9102,6e4259f1-cba3-4c63-9c72-e3073eb90b1e,e2b5d1af-611f-418e-93d3-019b7b7ef4af,123,lembang,cikatomas pakidulan joszzz,,,2ce4ac57-b500-4e37-ac53-f80371a55585,ch01_00000000014000100.mp4,
107,2287,motorcycle,1motor,1motor,Motorcycle,1,Motorcycle / 3-wheel vehicle,1motor,1,Line 1,opposite,90.342,1807,0.7905,6e4259f1-cba3-4c63-9c72-e3073eb90b1e,e2b5d1af-611f-418e-93d3-019b7b7ef4af,123,lembang,cikatomas pakidulan joszzz,,,2ce4ac57-b500-4e37-ac53-f80371a55585,ch01_00000000014000100.mp4,
108,2287,motorcycle,1motor,1motor,Motorcycle,1,Motorcycle / 3-wheel vehicle,1motor,2,Line 2,opposite,90.542,1811,0.8532,6e4259f1-cba3-4c63-9c72-e3073eb90b1e,e2b5d1af-611f-418e-93d3-019b7b7ef4af,123,lembang,cikatomas pakidulan joszzz,,,2ce4ac57-b500-4e37-ac53-f80371a55585,ch01_00000000014000100.mp4,
109,2367,car,3ang_umum,3ang_umum,Public Transportation (Angkot),3,Medium passenger vehicle,3ang_umum,2,Line 2,normal,92.3918,1848,0.3924,6e4259f1-cba3-4c63-9c72-e3073eb90b1e,e2b5d1af-611f-418e-93d3-019b7b7ef4af,123,lembang,cikatomas pakidulan joszzz,,,2ce4ac57-b500-4e37-ac53-f80371a55585,ch01_00000000014000100.mp4,
110,2407,car,2mobil,2mobil,Car / Sedan,2,Sedan / jeep / station wagon,2mobil,1,Line 1,opposite,95.1916,1904,0.9111,6e4259f1-cba3-4c63-9c72-e3073eb90b1e,e2b5d1af-611f-418e-93d3-019b7b7ef4af,123,lembang,cikatomas pakidulan joszzz,,,2ce4ac57-b500-4e37-ac53-f80371a55585,ch01_00000000014000100.mp4,
111,2407,car,2mobil,2mobil,Car / Sedan,2,Sedan / jeep / station wagon,2mobil,2,Line 2,opposite,95.7915,1916,0.9164,6e4259f1-cba3-4c63-9c72-e3073eb90b1e,e2b5d1af-611f-418e-93d3-019b7b7ef4af,123,lembang,cikatomas pakidulan joszzz,,,2ce4ac57-b500-4e37-ac53-f80371a55585,ch01_00000000014000100.mp4,
112,2553,car,2mobil,2mobil,Car / Sedan,2,Sedan / jeep / station wagon,2mobil,2,Line 2,opposite,99.4412,1989,0.7763,6e4259f1-cba3-4c63-9c72-e3073eb90b1e,e2b5d1af-611f-418e-93d3-019b7b7ef4af,123,lembang,cikatomas pakidulan joszzz,,,2ce4ac57-b500-4e37-ac53-f80371a55585,ch01_00000000014000100.mp4,
113,2622,car,3ang_umum,3ang_umum,Public Transportation (Angkot),3,Medium passenger vehicle,3ang_umum,2,Line 2,normal,103.6908,2074,0.727,6e4259f1-cba3-4c63-9c72-e3073eb90b1e,e2b5d1af-611f-418e-93d3-019b7b7ef4af,123,lembang,cikatomas pakidulan joszzz,,,2ce4ac57-b500-4e37-ac53-f80371a55585,ch01_00000000014000100.mp4,
114,2702,motorcycle,1motor,1motor,Motorcycle,1,Motorcycle / 3-wheel vehicle,1motor,2,Line 2,opposite,106.3406,2127,0.8802,6e4259f1-cba3-4c63-9c72-e3073eb90b1e,e2b5d1af-611f-418e-93d3-019b7b7ef4af,123,lembang,cikatomas pakidulan joszzz,,,2ce4ac57-b500-4e37-ac53-f80371a55585,ch01_00000000014000100.mp4,
115,2748,motorcycle,1motor,1motor,Motorcycle,1,Motorcycle / 3-wheel vehicle,1motor,2,Line 2,opposite,107.6405,2153,0.8071,6e4259f1-cba3-4c63-9c72-e3073eb90b1e,e2b5d1af-611f-418e-93d3-019b7b7ef4af,123,lembang,cikatomas pakidulan joszzz,,,2ce4ac57-b500-4e37-ac53-f80371a55585,ch01_00000000014000100.mp4,
116,800038,motorcycle,1motor,1motor,Motorcycle,1,Motorcycle / 3-wheel vehicle,1motor,2,Line 2,normal,107.8404,2157,0.2873,6e4259f1-cba3-4c63-9c72-e3073eb90b1e,e2b5d1af-611f-418e-93d3-019b7b7ef4af,123,lembang,cikatomas pakidulan joszzz,,,2ce4ac57-b500-4e37-ac53-f80371a55585,ch01_00000000014000100.mp4,
117,2761,car,2mobil,2mobil,Car / Sedan,2,Sedan / jeep / station wagon,2mobil,1,Line 1,opposite,108.1404,2163,0.5324,6e4259f1-cba3-4c63-9c72-e3073eb90b1e,e2b5d1af-611f-418e-93d3-019b7b7ef4af,123,lembang,cikatomas pakidulan joszzz,,,2ce4ac57-b500-4e37-ac53-f80371a55585,ch01_00000000014000100.mp4,
118,800038,motorcycle,1motor,1motor,Motorcycle,1,Motorcycle / 3-wheel vehicle,1motor,1,Line 1,normal,108.1404,2163,0.2277,6e4259f1-cba3-4c63-9c72-e3073eb90b1e,e2b5d1af-611f-418e-93d3-019b7b7ef4af,123,lembang,cikatomas pakidulan joszzz,,,2ce4ac57-b500-4e37-ac53-f80371a55585,ch01_00000000014000100.mp4,
119,800039,motorcycle,1motor,1motor,Motorcycle,1,Motorcycle / 3-wheel vehicle,1motor,1,Line 1,normal,108.2904,2166,0.5067,6e4259f1-cba3-4c63-9c72-e3073eb90b1e,e2b5d1af-611f-418e-93d3-019b7b7ef4af,123,lembang,cikatomas pakidulan joszzz,,,2ce4ac57-b500-4e37-ac53-f80371a55585,ch01_00000000014000100.mp4,
120,2761,car,2mobil,2mobil,Car / Sedan,2,Sedan / jeep / station wagon,2mobil,2,Line 2,opposite,108.4404,2169,0.6162,6e4259f1-cba3-4c63-9c72-e3073eb90b1e,e2b5d1af-611f-418e-93d3-019b7b7ef4af,123,lembang,cikatomas pakidulan joszzz,,,2ce4ac57-b500-4e37-ac53-f80371a55585,ch01_00000000014000100.mp4,
121,2789,motorcycle,1motor,1motor,Motorcycle,1,Motorcycle / 3-wheel vehicle,1motor,2,Line 2,opposite,108.9403,2179,0.8084,6e4259f1-cba3-4c63-9c72-e3073eb90b1e,e2b5d1af-611f-418e-93d3-019b7b7ef4af,123,lembang,cikatomas pakidulan joszzz,,,2ce4ac57-b500-4e37-ac53-f80371a55585,ch01_00000000014000100.mp4,
122,800039,motorcycle,1motor,1motor,Motorcycle,1,Motorcycle / 3-wheel vehicle,1motor,2,Line 2,opposite,109.0403,2181,0.3231,6e4259f1-cba3-4c63-9c72-e3073eb90b1e,e2b5d1af-611f-418e-93d3-019b7b7ef4af,123,lembang,cikatomas pakidulan joszzz,,,2ce4ac57-b500-4e37-ac53-f80371a55585,ch01_00000000014000100.mp4,
123,800040,motorcycle,1motor,1motor,Motorcycle,1,Motorcycle / 3-wheel vehicle,1motor,2,Line 2,normal,109.7903,2196,0.1939,6e4259f1-cba3-4c63-9c72-e3073eb90b1e,e2b5d1af-611f-418e-93d3-019b7b7ef4af,123,lembang,cikatomas pakidulan joszzz,,,2ce4ac57-b500-4e37-ac53-f80371a55585,ch01_00000000014000100.mp4,
124,2849,motorcycle,1motor,1motor,Motorcycle,1,Motorcycle / 3-wheel vehicle,1motor,2,Line 2,opposite,110.2902,2206,0.7075,6e4259f1-cba3-4c63-9c72-e3073eb90b1e,e2b5d1af-611f-418e-93d3-019b7b7ef4af,123,lembang,cikatomas pakidulan joszzz,,,2ce4ac57-b500-4e37-ac53-f80371a55585,ch01_00000000014000100.mp4,
125,800041,motorcycle,1motor,1motor,Motorcycle,1,Motorcycle / 3-wheel vehicle,1motor,2,Line 2,opposite,110.8402,2217,0.2438,6e4259f1-cba3-4c63-9c72-e3073eb90b1e,e2b5d1af-611f-418e-93d3-019b7b7ef4af,123,lembang,cikatomas pakidulan joszzz,,,2ce4ac57-b500-4e37-ac53-f80371a55585,ch01_00000000014000100.mp4,
126,800040,motorcycle,1motor,1motor,Motorcycle,1,Motorcycle / 3-wheel vehicle,1motor,1,Line 1,normal,111.7401,2235,0.3695,6e4259f1-cba3-4c63-9c72-e3073eb90b1e,e2b5d1af-611f-418e-93d3-019b7b7ef4af,123,lembang,cikatomas pakidulan joszzz,,,2ce4ac57-b500-4e37-ac53-f80371a55585,ch01_00000000014000100.mp4,
127,2904,motorcycle,1motor,1motor,Motorcycle,1,Motorcycle / 3-wheel vehicle,1motor,1,Line 1,opposite,112.29,2246,0.8147,6e4259f1-cba3-4c63-9c72-e3073eb90b1e,e2b5d1af-611f-418e-93d3-019b7b7ef4af,123,lembang,cikatomas pakidulan joszzz,,,2ce4ac57-b500-4e37-ac53-f80371a55585,ch01_00000000014000100.mp4,
128,2904,motorcycle,1motor,1motor,Motorcycle,1,Motorcycle / 3-wheel vehicle,1motor,2,Line 2,opposite,112.64,2253,0.8037,6e4259f1-cba3-4c63-9c72-e3073eb90b1e,e2b5d1af-611f-418e-93d3-019b7b7ef4af,123,lembang,cikatomas pakidulan joszzz,,,2ce4ac57-b500-4e37-ac53-f80371a55585,ch01_00000000014000100.mp4,
129,800042,motorcycle,1motor,1motor,Motorcycle,1,Motorcycle / 3-wheel vehicle,1motor,2,Line 2,opposite,113.24,2265,0.5717,6e4259f1-cba3-4c63-9c72-e3073eb90b1e,e2b5d1af-611f-418e-93d3-019b7b7ef4af,123,lembang,cikatomas pakidulan joszzz,,,2ce4ac57-b500-4e37-ac53-f80371a55585,ch01_00000000014000100.mp4,
130,3115,motorcycle,1motor,1motor,Motorcycle,1,Motorcycle / 3-wheel vehicle,1motor,2,Line 2,opposite,118.9395,2379,0.8614,6e4259f1-cba3-4c63-9c72-e3073eb90b1e,e2b5d1af-611f-418e-93d3-019b7b7ef4af,123,lembang,cikatomas pakidulan joszzz,,,2ce4ac57-b500-4e37-ac53-f80371a55585,ch01_00000000014000100.mp4,
131,2875,car,3ang_umum,3ang_umum,Public Transportation (Angkot),3,Medium passenger vehicle,3ang_umum,2,Line 2,opposite,123.4391,2469,0.3119,6e4259f1-cba3-4c63-9c72-e3073eb90b1e,e2b5d1af-611f-418e-93d3-019b7b7ef4af,123,lembang,cikatomas pakidulan joszzz,,,2ce4ac57-b500-4e37-ac53-f80371a55585,ch01_00000000014000100.mp4,
132,3289,car,2mobil,2mobil,Car / Sedan,2,Sedan / jeep / station wagon,2mobil,2,Line 2,opposite,124.339,2487,0.3556,6e4259f1-cba3-4c63-9c72-e3073eb90b1e,e2b5d1af-611f-418e-93d3-019b7b7ef4af,123,lembang,cikatomas pakidulan joszzz,,,2ce4ac57-b500-4e37-ac53-f80371a55585,ch01_00000000014000100.mp4,
133,3309,motorcycle,1motor,1motor,Motorcycle,1,Motorcycle / 3-wheel vehicle,1motor,1,Line 1,opposite,125.0889,2502,0.8506,6e4259f1-cba3-4c63-9c72-e3073eb90b1e,e2b5d1af-611f-418e-93d3-019b7b7ef4af,123,lembang,cikatomas pakidulan joszzz,,,2ce4ac57-b500-4e37-ac53-f80371a55585,ch01_00000000014000100.mp4,
134,3309,motorcycle,1motor,1motor,Motorcycle,1,Motorcycle / 3-wheel vehicle,1motor,2,Line 2,opposite,125.5889,2512,0.8268,6e4259f1-cba3-4c63-9c72-e3073eb90b1e,e2b5d1af-611f-418e-93d3-019b7b7ef4af,123,lembang,cikatomas pakidulan joszzz,,,2ce4ac57-b500-4e37-ac53-f80371a55585,ch01_00000000014000100.mp4,
135,3346,motorcycle,1motor,1motor,Motorcycle,1,Motorcycle / 3-wheel vehicle,1motor,1,Line 1,opposite,125.8888,2518,0.8644,6e4259f1-cba3-4c63-9c72-e3073eb90b1e,e2b5d1af-611f-418e-93d3-019b7b7ef4af,123,lembang,cikatomas pakidulan joszzz,,,2ce4ac57-b500-4e37-ac53-f80371a55585,ch01_00000000014000100.mp4,
136,3346,motorcycle,1motor,1motor,Motorcycle,1,Motorcycle / 3-wheel vehicle,1motor,2,Line 2,opposite,126.3888,2528,0.8332,6e4259f1-cba3-4c63-9c72-e3073eb90b1e,e2b5d1af-611f-418e-93d3-019b7b7ef4af,123,lembang,cikatomas pakidulan joszzz,,,2ce4ac57-b500-4e37-ac53-f80371a55585,ch01_00000000014000100.mp4,
137,3373,car,2mobil,2mobil,Car / Sedan,2,Sedan / jeep / station wagon,2mobil,1,Line 1,opposite,127.1387,2543,0.8685,6e4259f1-cba3-4c63-9c72-e3073eb90b1e,e2b5d1af-611f-418e-93d3-019b7b7ef4af,123,lembang,cikatomas pakidulan joszzz,,,2ce4ac57-b500-4e37-ac53-f80371a55585,ch01_00000000014000100.mp4,
138,800045,motorcycle,1motor,1motor,Motorcycle,1,Motorcycle / 3-wheel vehicle,1motor,2,Line 2,opposite,127.1887,2544,0.2554,6e4259f1-cba3-4c63-9c72-e3073eb90b1e,e2b5d1af-611f-418e-93d3-019b7b7ef4af,123,lembang,cikatomas pakidulan joszzz,,,2ce4ac57-b500-4e37-ac53-f80371a55585,ch01_00000000014000100.mp4,
139,3373,car,2mobil,2mobil,Car / Sedan,2,Sedan / jeep / station wagon,2mobil,2,Line 2,opposite,127.5887,2552,0.6936,6e4259f1-cba3-4c63-9c72-e3073eb90b1e,e2b5d1af-611f-418e-93d3-019b7b7ef4af,123,lembang,cikatomas pakidulan joszzz,,,2ce4ac57-b500-4e37-ac53-f80371a55585,ch01_00000000014000100.mp4,
140,800045,motorcycle,1motor,1motor,Motorcycle,1,Motorcycle / 3-wheel vehicle,1motor,1,Line 1,normal,127.6387,2553,0.1461,6e4259f1-cba3-4c63-9c72-e3073eb90b1e,e2b5d1af-611f-418e-93d3-019b7b7ef4af,123,lembang,cikatomas pakidulan joszzz,,,2ce4ac57-b500-4e37-ac53-f80371a55585,ch01_00000000014000100.mp4,
141,800047,motorcycle,1motor,1motor,Motorcycle,1,Motorcycle / 3-wheel vehicle,1motor,2,Line 2,normal,127.9387,2559,0.0981,6e4259f1-cba3-4c63-9c72-e3073eb90b1e,e2b5d1af-611f-418e-93d3-019b7b7ef4af,123,lembang,cikatomas pakidulan joszzz,,,2ce4ac57-b500-4e37-ac53-f80371a55585,ch01_00000000014000100.mp4,
142,800047,motorcycle,1motor,1motor,Motorcycle,1,Motorcycle / 3-wheel vehicle,1motor,1,Line 1,normal,128.0886,2562,0.1488,6e4259f1-cba3-4c63-9c72-e3073eb90b1e,e2b5d1af-611f-418e-93d3-019b7b7ef4af,123,lembang,cikatomas pakidulan joszzz,,,2ce4ac57-b500-4e37-ac53-f80371a55585,ch01_00000000014000100.mp4,
143,800046,motorcycle,1motor,1motor,Motorcycle,1,Motorcycle / 3-wheel vehicle,1motor,2,Line 2,normal,128.0886,2562,0.4819,6e4259f1-cba3-4c63-9c72-e3073eb90b1e,e2b5d1af-611f-418e-93d3-019b7b7ef4af,123,lembang,cikatomas pakidulan joszzz,,,2ce4ac57-b500-4e37-ac53-f80371a55585,ch01_00000000014000100.mp4,
144,3455,motorcycle,1motor,1motor,Motorcycle,1,Motorcycle / 3-wheel vehicle,1motor,2,Line 2,opposite,128.5386,2571,0.8454,6e4259f1-cba3-4c63-9c72-e3073eb90b1e,e2b5d1af-611f-418e-93d3-019b7b7ef4af,123,lembang,cikatomas pakidulan joszzz,,,2ce4ac57-b500-4e37-ac53-f80371a55585,ch01_00000000014000100.mp4,
145,3457,motorcycle,1motor,1motor,Motorcycle,1,Motorcycle / 3-wheel vehicle,1motor,2,Line 2,opposite,128.7886,2576,0.8193,6e4259f1-cba3-4c63-9c72-e3073eb90b1e,e2b5d1af-611f-418e-93d3-019b7b7ef4af,123,lembang,cikatomas pakidulan joszzz,,,2ce4ac57-b500-4e37-ac53-f80371a55585,ch01_00000000014000100.mp4,
146,3529,car,2mobil,2mobil,Car / Sedan,2,Sedan / jeep / station wagon,2mobil,1,Line 1,opposite,131.1384,2623,0.839,6e4259f1-cba3-4c63-9c72-e3073eb90b1e,e2b5d1af-611f-418e-93d3-019b7b7ef4af,123,lembang,cikatomas pakidulan joszzz,,,2ce4ac57-b500-4e37-ac53-f80371a55585,ch01_00000000014000100.mp4,
147,3522,car,3ang_umum,3ang_umum,Public Transportation (Angkot),3,Medium passenger vehicle,3ang_umum,1,Line 1,opposite,131.1884,2624,0.4849,6e4259f1-cba3-4c63-9c72-e3073eb90b1e,e2b5d1af-611f-418e-93d3-019b7b7ef4af,123,lembang,cikatomas pakidulan joszzz,,,2ce4ac57-b500-4e37-ac53-f80371a55585,ch01_00000000014000100.mp4,
148,3529,car,2mobil,2mobil,Car / Sedan,2,Sedan / jeep / station wagon,2mobil,2,Line 2,opposite,131.4383,2629,0.7867,6e4259f1-cba3-4c63-9c72-e3073eb90b1e,e2b5d1af-611f-418e-93d3-019b7b7ef4af,123,lembang,cikatomas pakidulan joszzz,,,2ce4ac57-b500-4e37-ac53-f80371a55585,ch01_00000000014000100.mp4,
149,3522,car,3ang_umum,3ang_umum,Public Transportation (Angkot),3,Medium passenger vehicle,3ang_umum,2,Line 2,opposite,131.4883,2630,0.4421,6e4259f1-cba3-4c63-9c72-e3073eb90b1e,e2b5d1af-611f-418e-93d3-019b7b7ef4af,123,lembang,cikatomas pakidulan joszzz,,,2ce4ac57-b500-4e37-ac53-f80371a55585,ch01_00000000014000100.mp4,
150,3634,motorcycle,1motor,1motor,Motorcycle,1,Motorcycle / 3-wheel vehicle,1motor,1,Line 1,opposite,134.1881,2684,0.8139,6e4259f1-cba3-4c63-9c72-e3073eb90b1e,e2b5d1af-611f-418e-93d3-019b7b7ef4af,123,lembang,cikatomas pakidulan joszzz,,,2ce4ac57-b500-4e37-ac53-f80371a55585,ch01_00000000014000100.mp4,
151,3634,motorcycle,1motor,1motor,Motorcycle,1,Motorcycle / 3-wheel vehicle,1motor,2,Line 2,opposite,134.5381,2691,0.8336,6e4259f1-cba3-4c63-9c72-e3073eb90b1e,e2b5d1af-611f-418e-93d3-019b7b7ef4af,123,lembang,cikatomas pakidulan joszzz,,,2ce4ac57-b500-4e37-ac53-f80371a55585,ch01_00000000014000100.mp4,
152,3680,car,2mobil,2mobil,Car / Sedan,2,Sedan / jeep / station wagon,2mobil,1,Line 1,opposite,135.488,2710,0.6185,6e4259f1-cba3-4c63-9c72-e3073eb90b1e,e2b5d1af-611f-418e-93d3-019b7b7ef4af,123,lembang,cikatomas pakidulan joszzz,,,2ce4ac57-b500-4e37-ac53-f80371a55585,ch01_00000000014000100.mp4,
153,3680,car,2mobil,2mobil,Car / Sedan,2,Sedan / jeep / station wagon,2mobil,2,Line 2,opposite,135.788,2716,0.675,6e4259f1-cba3-4c63-9c72-e3073eb90b1e,e2b5d1af-611f-418e-93d3-019b7b7ef4af,123,lembang,cikatomas pakidulan joszzz,,,2ce4ac57-b500-4e37-ac53-f80371a55585,ch01_00000000014000100.mp4,
154,3627,car,2mobil,2mobil,Car / Sedan,2,Sedan / jeep / station wagon,2mobil,2,Line 2,normal,136.4879,2730,0.3019,6e4259f1-cba3-4c63-9c72-e3073eb90b1e,e2b5d1af-611f-418e-93d3-019b7b7ef4af,123,lembang,cikatomas pakidulan joszzz,,,2ce4ac57-b500-4e37-ac53-f80371a55585,ch01_00000000014000100.mp4,
155,3725,car,2mobil,2mobil,Car / Sedan,2,Sedan / jeep / station wagon,2mobil,1,Line 1,opposite,137.1878,2744,0.3644,6e4259f1-cba3-4c63-9c72-e3073eb90b1e,e2b5d1af-611f-418e-93d3-019b7b7ef4af,123,lembang,cikatomas pakidulan joszzz,,,2ce4ac57-b500-4e37-ac53-f80371a55585,ch01_00000000014000100.mp4,
156,3736,car,2mobil,2mobil,Car / Sedan,2,Sedan / jeep / station wagon,2mobil,1,Line 1,opposite,137.1878,2744,0.8693,6e4259f1-cba3-4c63-9c72-e3073eb90b1e,e2b5d1af-611f-418e-93d3-019b7b7ef4af,123,lembang,cikatomas pakidulan joszzz,,,2ce4ac57-b500-4e37-ac53-f80371a55585,ch01_00000000014000100.mp4,
157,3736,car,2mobil,2mobil,Car / Sedan,2,Sedan / jeep / station wagon,2mobil,2,Line 2,opposite,137.5378,2751,0.8284,6e4259f1-cba3-4c63-9c72-e3073eb90b1e,e2b5d1af-611f-418e-93d3-019b7b7ef4af,123,lembang,cikatomas pakidulan joszzz,,,2ce4ac57-b500-4e37-ac53-f80371a55585,ch01_00000000014000100.mp4,
158,3834,motorcycle,1motor,1motor,Motorcycle,1,Motorcycle / 3-wheel vehicle,1motor,1,Line 1,opposite,140.8375,2817,0.8676,6e4259f1-cba3-4c63-9c72-e3073eb90b1e,e2b5d1af-611f-418e-93d3-019b7b7ef4af,123,lembang,cikatomas pakidulan joszzz,,,2ce4ac57-b500-4e37-ac53-f80371a55585,ch01_00000000014000100.mp4,
159,3823,motorcycle,1motor,1motor,Motorcycle,1,Motorcycle / 3-wheel vehicle,1motor,2,Line 2,opposite,140.8375,2817,0.8099,6e4259f1-cba3-4c63-9c72-e3073eb90b1e,e2b5d1af-611f-418e-93d3-019b7b7ef4af,123,lembang,cikatomas pakidulan joszzz,,,2ce4ac57-b500-4e37-ac53-f80371a55585,ch01_00000000014000100.mp4,
160,3834,motorcycle,1motor,1motor,Motorcycle,1,Motorcycle / 3-wheel vehicle,1motor,2,Line 2,opposite,141.2875,2826,0.8587,6e4259f1-cba3-4c63-9c72-e3073eb90b1e,e2b5d1af-611f-418e-93d3-019b7b7ef4af,123,lembang,cikatomas pakidulan joszzz,,,2ce4ac57-b500-4e37-ac53-f80371a55585,ch01_00000000014000100.mp4,
161,800052,motorcycle,1motor,1motor,Motorcycle,1,Motorcycle / 3-wheel vehicle,1motor,1,Line 1,opposite,142.3374,2847,0.4617,6e4259f1-cba3-4c63-9c72-e3073eb90b1e,e2b5d1af-611f-418e-93d3-019b7b7ef4af,123,lembang,cikatomas pakidulan joszzz,,,2ce4ac57-b500-4e37-ac53-f80371a55585,ch01_00000000014000100.mp4,
162,800052,motorcycle,1motor,1motor,Motorcycle,1,Motorcycle / 3-wheel vehicle,1motor,2,Line 2,opposite,142.3374,2847,0.4617,6e4259f1-cba3-4c63-9c72-e3073eb90b1e,e2b5d1af-611f-418e-93d3-019b7b7ef4af,123,lembang,cikatomas pakidulan joszzz,,,2ce4ac57-b500-4e37-ac53-f80371a55585,ch01_00000000014000100.mp4,
163,3931,car,2mobil,2mobil,Car / Sedan,2,Sedan / jeep / station wagon,2mobil,2,Line 2,opposite,143.8372,2877,0.6609,6e4259f1-cba3-4c63-9c72-e3073eb90b1e,e2b5d1af-611f-418e-93d3-019b7b7ef4af,123,lembang,cikatomas pakidulan joszzz,,,2ce4ac57-b500-4e37-ac53-f80371a55585,ch01_00000000014000100.mp4,
164,800055,motorcycle,1motor,1motor,Motorcycle,1,Motorcycle / 3-wheel vehicle,1motor,2,Line 2,normal,144.8871,2898,0.2083,6e4259f1-cba3-4c63-9c72-e3073eb90b1e,e2b5d1af-611f-418e-93d3-019b7b7ef4af,123,lembang,cikatomas pakidulan joszzz,,,2ce4ac57-b500-4e37-ac53-f80371a55585,ch01_00000000014000100.mp4,
165,3973,motorcycle,1motor,1motor,Motorcycle,1,Motorcycle / 3-wheel vehicle,1motor,2,Line 2,opposite,145.2871,2906,0.8607,6e4259f1-cba3-4c63-9c72-e3073eb90b1e,e2b5d1af-611f-418e-93d3-019b7b7ef4af,123,lembang,cikatomas pakidulan joszzz,,,2ce4ac57-b500-4e37-ac53-f80371a55585,ch01_00000000014000100.mp4,
166,800056,motorcycle,1motor,1motor,Motorcycle,1,Motorcycle / 3-wheel vehicle,1motor,2,Line 2,opposite,146.087,2922,0.5123,6e4259f1-cba3-4c63-9c72-e3073eb90b1e,e2b5d1af-611f-418e-93d3-019b7b7ef4af,123,lembang,cikatomas pakidulan joszzz,,,2ce4ac57-b500-4e37-ac53-f80371a55585,ch01_00000000014000100.mp4,
167,800055,motorcycle,1motor,1motor,Motorcycle,1,Motorcycle / 3-wheel vehicle,1motor,1,Line 1,normal,146.537,2931,0.2035,6e4259f1-cba3-4c63-9c72-e3073eb90b1e,e2b5d1af-611f-418e-93d3-019b7b7ef4af,123,lembang,cikatomas pakidulan joszzz,,,2ce4ac57-b500-4e37-ac53-f80371a55585,ch01_00000000014000100.mp4,
168,800056,motorcycle,1motor,1motor,Motorcycle,1,Motorcycle / 3-wheel vehicle,1motor,1,Line 1,normal,146.987,2940,0.1501,6e4259f1-cba3-4c63-9c72-e3073eb90b1e,e2b5d1af-611f-418e-93d3-019b7b7ef4af,123,lembang,cikatomas pakidulan joszzz,,,2ce4ac57-b500-4e37-ac53-f80371a55585,ch01_00000000014000100.mp4,
169,4029,car,3ang_umum,3ang_umum,Public Transportation (Angkot),3,Medium passenger vehicle,3ang_umum,1,Line 1,opposite,147.8869,2958,0.8454,6e4259f1-cba3-4c63-9c72-e3073eb90b1e,e2b5d1af-611f-418e-93d3-019b7b7ef4af,123,lembang,cikatomas pakidulan joszzz,,,2ce4ac57-b500-4e37-ac53-f80371a55585,ch01_00000000014000100.mp4,
170,4056,car,2mobil,2mobil,Car / Sedan,2,Sedan / jeep / station wagon,2mobil,1,Line 1,opposite,148.0369,2961,0.722,6e4259f1-cba3-4c63-9c72-e3073eb90b1e,e2b5d1af-611f-418e-93d3-019b7b7ef4af,123,lembang,cikatomas pakidulan joszzz,,,2ce4ac57-b500-4e37-ac53-f80371a55585,ch01_00000000014000100.mp4,
171,4029,car,3ang_umum,3ang_umum,Public Transportation (Angkot),3,Medium passenger vehicle,3ang_umum,2,Line 2,opposite,148.3868,2968,0.3438,6e4259f1-cba3-4c63-9c72-e3073eb90b1e,e2b5d1af-611f-418e-93d3-019b7b7ef4af,123,lembang,cikatomas pakidulan joszzz,,,2ce4ac57-b500-4e37-ac53-f80371a55585,ch01_00000000014000100.mp4,
172,4056,car,2mobil,2mobil,Car / Sedan,2,Sedan / jeep / station wagon,2mobil,2,Line 2,opposite,148.3868,2968,0.8435,6e4259f1-cba3-4c63-9c72-e3073eb90b1e,e2b5d1af-611f-418e-93d3-019b7b7ef4af,123,lembang,cikatomas pakidulan joszzz,,,2ce4ac57-b500-4e37-ac53-f80371a55585,ch01_00000000014000100.mp4,
173,4091,car,2mobil,2mobil,Car / Sedan,2,Sedan / jeep / station wagon,2mobil,2,Line 2,opposite,148.3868,2968,0.5859,6e4259f1-cba3-4c63-9c72-e3073eb90b1e,e2b5d1af-611f-418e-93d3-019b7b7ef4af,123,lembang,cikatomas pakidulan joszzz,,,2ce4ac57-b500-4e37-ac53-f80371a55585,ch01_00000000014000100.mp4,
174,800058,motorcycle,1motor,1motor,Motorcycle,1,Motorcycle / 3-wheel vehicle,1motor,1,Line 1,opposite,149.3867,2988,0.7783,6e4259f1-cba3-4c63-9c72-e3073eb90b1e,e2b5d1af-611f-418e-93d3-019b7b7ef4af,123,lembang,cikatomas pakidulan joszzz,,,2ce4ac57-b500-4e37-ac53-f80371a55585,ch01_00000000014000100.mp4,
175,4137,motorcycle,1motor,1motor,Motorcycle,1,Motorcycle / 3-wheel vehicle,1motor,2,Line 2,opposite,149.5367,2991,0.7775,6e4259f1-cba3-4c63-9c72-e3073eb90b1e,e2b5d1af-611f-418e-93d3-019b7b7ef4af,123,lembang,cikatomas pakidulan joszzz,,,2ce4ac57-b500-4e37-ac53-f80371a55585,ch01_00000000014000100.mp4,
176,4146,car,2mobil,2mobil,Car / Sedan,2,Sedan / jeep / station wagon,2mobil,2,Line 2,opposite,149.8867,2998,0.7378,6e4259f1-cba3-4c63-9c72-e3073eb90b1e,e2b5d1af-611f-418e-93d3-019b7b7ef4af,123,lembang,cikatomas pakidulan joszzz,,,2ce4ac57-b500-4e37-ac53-f80371a55585,ch01_00000000014000100.mp4,
177,4162,motorcycle,1motor,1motor,Motorcycle,1,Motorcycle / 3-wheel vehicle,1motor,2,Line 2,opposite,150.2867,3006,0.8347,6e4259f1-cba3-4c63-9c72-e3073eb90b1e,e2b5d1af-611f-418e-93d3-019b7b7ef4af,123,lembang,cikatomas pakidulan joszzz,,,2ce4ac57-b500-4e37-ac53-f80371a55585,ch01_00000000014000100.mp4,
178,4183,motorcycle,1motor,1motor,Motorcycle,1,Motorcycle / 3-wheel vehicle,1motor,2,Line 2,opposite,150.8866,3018,0.7604,6e4259f1-cba3-4c63-9c72-e3073eb90b1e,e2b5d1af-611f-418e-93d3-019b7b7ef4af,123,lembang,cikatomas pakidulan joszzz,,,2ce4ac57-b500-4e37-ac53-f80371a55585,ch01_00000000014000100.mp4,
179,800058,motorcycle,1motor,1motor,Motorcycle,1,Motorcycle / 3-wheel vehicle,1motor,2,Line 2,opposite,151.3366,3027,0.3612,6e4259f1-cba3-4c63-9c72-e3073eb90b1e,e2b5d1af-611f-418e-93d3-019b7b7ef4af,123,lembang,cikatomas pakidulan joszzz,,,2ce4ac57-b500-4e37-ac53-f80371a55585,ch01_00000000014000100.mp4,
180,4188,car,3ang_umum,3ang_umum,Public Transportation (Angkot),3,Medium passenger vehicle,3ang_umum,2,Line 2,normal,152.2365,3045,0.3343,6e4259f1-cba3-4c63-9c72-e3073eb90b1e,e2b5d1af-611f-418e-93d3-019b7b7ef4af,123,lembang,cikatomas pakidulan joszzz,,,2ce4ac57-b500-4e37-ac53-f80371a55585,ch01_00000000014000100.mp4,
181,800059,motorcycle,1motor,1motor,Motorcycle,1,Motorcycle / 3-wheel vehicle,1motor,1,Line 1,opposite,153.2864,3066,0.7142,6e4259f1-cba3-4c63-9c72-e3073eb90b1e,e2b5d1af-611f-418e-93d3-019b7b7ef4af,123,lembang,cikatomas pakidulan joszzz,,,2ce4ac57-b500-4e37-ac53-f80371a55585,ch01_00000000014000100.mp4,
182,4267,motorcycle,1motor,1motor,Motorcycle,1,Motorcycle / 3-wheel vehicle,1motor,2,Line 2,opposite,153.4864,3070,0.8039,6e4259f1-cba3-4c63-9c72-e3073eb90b1e,e2b5d1af-611f-418e-93d3-019b7b7ef4af,123,lembang,cikatomas pakidulan joszzz,,,2ce4ac57-b500-4e37-ac53-f80371a55585,ch01_00000000014000100.mp4,
183,4263,car,2mobil,2mobil,Car / Sedan,2,Sedan / jeep / station wagon,2mobil,1,Line 1,opposite,153.7364,3075,0.675,6e4259f1-cba3-4c63-9c72-e3073eb90b1e,e2b5d1af-611f-418e-93d3-019b7b7ef4af,123,lembang,cikatomas pakidulan joszzz,,,2ce4ac57-b500-4e37-ac53-f80371a55585,ch01_00000000014000100.mp4,
184,800059,motorcycle,1motor,1motor,Motorcycle,1,Motorcycle / 3-wheel vehicle,1motor,2,Line 2,opposite,153.8864,3078,0.5202,6e4259f1-cba3-4c63-9c72-e3073eb90b1e,e2b5d1af-611f-418e-93d3-019b7b7ef4af,123,lembang,cikatomas pakidulan joszzz,,,2ce4ac57-b500-4e37-ac53-f80371a55585,ch01_00000000014000100.mp4,
185,4263,car,2mobil,2mobil,Car / Sedan,2,Sedan / jeep / station wagon,2mobil,2,Line 2,opposite,154.0863,3082,0.7851,6e4259f1-cba3-4c63-9c72-e3073eb90b1e,e2b5d1af-611f-418e-93d3-019b7b7ef4af,123,lembang,cikatomas pakidulan joszzz,,,2ce4ac57-b500-4e37-ac53-f80371a55585,ch01_00000000014000100.mp4,
186,4308,car,2mobil,2mobil,Car / Sedan,2,Sedan / jeep / station wagon,2mobil,2,Line 2,opposite,154.8363,3097,0.8064,6e4259f1-cba3-4c63-9c72-e3073eb90b1e,e2b5d1af-611f-418e-93d3-019b7b7ef4af,123,lembang,cikatomas pakidulan joszzz,,,2ce4ac57-b500-4e37-ac53-f80371a55585,ch01_00000000014000100.mp4,
187,4285,car,3ang_umum,3ang_umum,Public Transportation (Angkot),3,Medium passenger vehicle,3ang_umum,1,Line 1,opposite,155.7362,3115,0.9236,6e4259f1-cba3-4c63-9c72-e3073eb90b1e,e2b5d1af-611f-418e-93d3-019b7b7ef4af,123,lembang,cikatomas pakidulan joszzz,,,2ce4ac57-b500-4e37-ac53-f80371a55585,ch01_00000000014000100.mp4,
188,4285,car,3ang_umum,3ang_umum,Public Transportation (Angkot),3,Medium passenger vehicle,3ang_umum,2,Line 2,opposite,156.1362,3123,0.887,6e4259f1-cba3-4c63-9c72-e3073eb90b1e,e2b5d1af-611f-418e-93d3-019b7b7ef4af,123,lembang,cikatomas pakidulan joszzz,,,2ce4ac57-b500-4e37-ac53-f80371a55585,ch01_00000000014000100.mp4,
189,4374,motorcycle,1motor,1motor,Motorcycle,1,Motorcycle / 3-wheel vehicle,1motor,2,Line 2,opposite,156.5361,3131,0.6455,6e4259f1-cba3-4c63-9c72-e3073eb90b1e,e2b5d1af-611f-418e-93d3-019b7b7ef4af,123,lembang,cikatomas pakidulan joszzz,,,2ce4ac57-b500-4e37-ac53-f80371a55585,ch01_00000000014000100.mp4,
190,4435,car,2mobil,2mobil,Car / Sedan,2,Sedan / jeep / station wagon,2mobil,1,Line 1,opposite,158.6359,3173,0.397,6e4259f1-cba3-4c63-9c72-e3073eb90b1e,e2b5d1af-611f-418e-93d3-019b7b7ef4af,123,lembang,cikatomas pakidulan joszzz,,,2ce4ac57-b500-4e37-ac53-f80371a55585,ch01_00000000014000100.mp4,
191,4435,car,2mobil,2mobil,Car / Sedan,2,Sedan / jeep / station wagon,2mobil,2,Line 2,opposite,158.9359,3179,0.7083,6e4259f1-cba3-4c63-9c72-e3073eb90b1e,e2b5d1af-611f-418e-93d3-019b7b7ef4af,123,lembang,cikatomas pakidulan joszzz,,,2ce4ac57-b500-4e37-ac53-f80371a55585,ch01_00000000014000100.mp4,
192,4617,motorcycle,1motor,1motor,Motorcycle,1,Motorcycle / 3-wheel vehicle,1motor,2,Line 2,opposite,163.7355,3275,0.8694,6e4259f1-cba3-4c63-9c72-e3073eb90b1e,e2b5d1af-611f-418e-93d3-019b7b7ef4af,123,lembang,cikatomas pakidulan joszzz,,,2ce4ac57-b500-4e37-ac53-f80371a55585,ch01_00000000014000100.mp4,
193,800060,motorcycle,1motor,1motor,Motorcycle,1,Motorcycle / 3-wheel vehicle,1motor,1,Line 1,opposite,164.3854,3288,0.2666,6e4259f1-cba3-4c63-9c72-e3073eb90b1e,e2b5d1af-611f-418e-93d3-019b7b7ef4af,123,lembang,cikatomas pakidulan joszzz,,,2ce4ac57-b500-4e37-ac53-f80371a55585,ch01_00000000014000100.mp4,
194,800060,motorcycle,1motor,1motor,Motorcycle,1,Motorcycle / 3-wheel vehicle,1motor,2,Line 2,opposite,164.5354,3291,0.2536,6e4259f1-cba3-4c63-9c72-e3073eb90b1e,e2b5d1af-611f-418e-93d3-019b7b7ef4af,123,lembang,cikatomas pakidulan joszzz,,,2ce4ac57-b500-4e37-ac53-f80371a55585,ch01_00000000014000100.mp4,
195,800062,motorcycle,1motor,1motor,Motorcycle,1,Motorcycle / 3-wheel vehicle,1motor,1,Line 1,opposite,164.8354,3297,0.7072,6e4259f1-cba3-4c63-9c72-e3073eb90b1e,e2b5d1af-611f-418e-93d3-019b7b7ef4af,123,lembang,cikatomas pakidulan joszzz,,,2ce4ac57-b500-4e37-ac53-f80371a55585,ch01_00000000014000100.mp4,
196,4642,motorcycle,1motor,1motor,Motorcycle,1,Motorcycle / 3-wheel vehicle,1motor,2,Line 2,opposite,164.9854,3300,0.8243,6e4259f1-cba3-4c63-9c72-e3073eb90b1e,e2b5d1af-611f-418e-93d3-019b7b7ef4af,123,lembang,cikatomas pakidulan joszzz,,,2ce4ac57-b500-4e37-ac53-f80371a55585,ch01_00000000014000100.mp4,
197,4673,motorcycle,1motor,1motor,Motorcycle,1,Motorcycle / 3-wheel vehicle,1motor,2,Line 2,opposite,165.0354,3301,0.8652,6e4259f1-cba3-4c63-9c72-e3073eb90b1e,e2b5d1af-611f-418e-93d3-019b7b7ef4af,123,lembang,cikatomas pakidulan joszzz,,,2ce4ac57-b500-4e37-ac53-f80371a55585,ch01_00000000014000100.mp4,
198,4436,car,2mobil,2mobil,Car / Sedan,2,Sedan / jeep / station wagon,2mobil,2,Line 2,opposite,171.0348,3421,0.3021,6e4259f1-cba3-4c63-9c72-e3073eb90b1e,e2b5d1af-611f-418e-93d3-019b7b7ef4af,123,lembang,cikatomas pakidulan joszzz,,,2ce4ac57-b500-4e37-ac53-f80371a55585,ch01_00000000014000100.mp4,
199,4909,car,2mobil,2mobil,Car / Sedan,2,Sedan / jeep / station wagon,2mobil,1,Line 1,opposite,174.7845,3496,0.9169,6e4259f1-cba3-4c63-9c72-e3073eb90b1e,e2b5d1af-611f-418e-93d3-019b7b7ef4af,123,lembang,cikatomas pakidulan joszzz,,,2ce4ac57-b500-4e37-ac53-f80371a55585,ch01_00000000014000100.mp4,
200,4909,car,2mobil,2mobil,Car / Sedan,2,Sedan / jeep / station wagon,2mobil,2,Line 2,opposite,175.5844,3512,0.9062,6e4259f1-cba3-4c63-9c72-e3073eb90b1e,e2b5d1af-611f-418e-93d3-019b7b7ef4af,123,lembang,cikatomas pakidulan joszzz,,,2ce4ac57-b500-4e37-ac53-f80371a55585,ch01_00000000014000100.mp4,
201,5005,motorcycle,1motor,1motor,Motorcycle,1,Motorcycle / 3-wheel vehicle,1motor,1,Line 1,opposite,176.4843,3530,0.8649,6e4259f1-cba3-4c63-9c72-e3073eb90b1e,e2b5d1af-611f-418e-93d3-019b7b7ef4af,123,lembang,cikatomas pakidulan joszzz,,,2ce4ac57-b500-4e37-ac53-f80371a55585,ch01_00000000014000100.mp4,
202,5005,motorcycle,1motor,1motor,Motorcycle,1,Motorcycle / 3-wheel vehicle,1motor,2,Line 2,opposite,176.8343,3537,0.8429,6e4259f1-cba3-4c63-9c72-e3073eb90b1e,e2b5d1af-611f-418e-93d3-019b7b7ef4af,123,lembang,cikatomas pakidulan joszzz,,,2ce4ac57-b500-4e37-ac53-f80371a55585,ch01_00000000014000100.mp4,
203,800063,motorcycle,1motor,1motor,Motorcycle,1,Motorcycle / 3-wheel vehicle,1motor,1,Line 1,opposite,177.2843,3546,0.5472,6e4259f1-cba3-4c63-9c72-e3073eb90b1e,e2b5d1af-611f-418e-93d3-019b7b7ef4af,123,lembang,cikatomas pakidulan joszzz,,,2ce4ac57-b500-4e37-ac53-f80371a55585,ch01_00000000014000100.mp4,
204,800063,motorcycle,1motor,1motor,Motorcycle,1,Motorcycle / 3-wheel vehicle,1motor,2,Line 2,opposite,177.4343,3549,0.6203,6e4259f1-cba3-4c63-9c72-e3073eb90b1e,e2b5d1af-611f-418e-93d3-019b7b7ef4af,123,lembang,cikatomas pakidulan joszzz,,,2ce4ac57-b500-4e37-ac53-f80371a55585,ch01_00000000014000100.mp4,
205,5104,motorcycle,1motor,1motor,Motorcycle,1,Motorcycle / 3-wheel vehicle,1motor,1,Line 1,opposite,178.6342,3573,0.8135,6e4259f1-cba3-4c63-9c72-e3073eb90b1e,e2b5d1af-611f-418e-93d3-019b7b7ef4af,123,lembang,cikatomas pakidulan joszzz,,,2ce4ac57-b500-4e37-ac53-f80371a55585,ch01_00000000014000100.mp4,
206,5104,motorcycle,1motor,1motor,Motorcycle,1,Motorcycle / 3-wheel vehicle,1motor,2,Line 2,opposite,179.0341,3581,0.6902,6e4259f1-cba3-4c63-9c72-e3073eb90b1e,e2b5d1af-611f-418e-93d3-019b7b7ef4af,123,lembang,cikatomas pakidulan joszzz,,,2ce4ac57-b500-4e37-ac53-f80371a55585,ch01_00000000014000100.mp4,
207,5135,car,2mobil,2mobil,Car / Sedan,2,Sedan / jeep / station wagon,2mobil,1,Line 1,opposite,180.184,3604,0.8882,6e4259f1-cba3-4c63-9c72-e3073eb90b1e,e2b5d1af-611f-418e-93d3-019b7b7ef4af,123,lembang,cikatomas pakidulan joszzz,,,2ce4ac57-b500-4e37-ac53-f80371a55585,ch01_00000000014000100.mp4,
208,5135,car,2mobil,2mobil,Car / Sedan,2,Sedan / jeep / station wagon,2mobil,2,Line 2,opposite,180.534,3611,0.8014,6e4259f1-cba3-4c63-9c72-e3073eb90b1e,e2b5d1af-611f-418e-93d3-019b7b7ef4af,123,lembang,cikatomas pakidulan joszzz,,,2ce4ac57-b500-4e37-ac53-f80371a55585,ch01_00000000014000100.mp4,
209,5197,car,2mobil,2mobil,Car / Sedan,2,Sedan / jeep / station wagon,2mobil,1,Line 1,opposite,181.9839,3640,0.8825,6e4259f1-cba3-4c63-9c72-e3073eb90b1e,e2b5d1af-611f-418e-93d3-019b7b7ef4af,123,lembang,cikatomas pakidulan joszzz,,,2ce4ac57-b500-4e37-ac53-f80371a55585,ch01_00000000014000100.mp4,
210,5197,car,2mobil,2mobil,Car / Sedan,2,Sedan / jeep / station wagon,2mobil,2,Line 2,opposite,182.3338,3647,0.831,6e4259f1-cba3-4c63-9c72-e3073eb90b1e,e2b5d1af-611f-418e-93d3-019b7b7ef4af,123,lembang,cikatomas pakidulan joszzz,,,2ce4ac57-b500-4e37-ac53-f80371a55585,ch01_00000000014000100.mp4,
211,5229,car,2mobil,2mobil,Car / Sedan,2,Sedan / jeep / station wagon,2mobil,1,Line 1,opposite,183.2337,3665,0.9084,6e4259f1-cba3-4c63-9c72-e3073eb90b1e,e2b5d1af-611f-418e-93d3-019b7b7ef4af,123,lembang,cikatomas pakidulan joszzz,,,2ce4ac57-b500-4e37-ac53-f80371a55585,ch01_00000000014000100.mp4,
212,5229,car,2mobil,2mobil,Car / Sedan,2,Sedan / jeep / station wagon,2mobil,2,Line 2,opposite,183.6337,3673,0.8152,6e4259f1-cba3-4c63-9c72-e3073eb90b1e,e2b5d1af-611f-418e-93d3-019b7b7ef4af,123,lembang,cikatomas pakidulan joszzz,,,2ce4ac57-b500-4e37-ac53-f80371a55585,ch01_00000000014000100.mp4,
213,5302,motorcycle,1motor,1motor,Motorcycle,1,Motorcycle / 3-wheel vehicle,1motor,2,Line 2,opposite,184.0337,3681,0.8616,6e4259f1-cba3-4c63-9c72-e3073eb90b1e,e2b5d1af-611f-418e-93d3-019b7b7ef4af,123,lembang,cikatomas pakidulan joszzz,,,2ce4ac57-b500-4e37-ac53-f80371a55585,ch01_00000000014000100.mp4,
214,5359,motorcycle,1motor,1motor,Motorcycle,1,Motorcycle / 3-wheel vehicle,1motor,1,Line 1,opposite,185.6335,3713,0.8167,6e4259f1-cba3-4c63-9c72-e3073eb90b1e,e2b5d1af-611f-418e-93d3-019b7b7ef4af,123,lembang,cikatomas pakidulan joszzz,,,2ce4ac57-b500-4e37-ac53-f80371a55585,ch01_00000000014000100.mp4,
215,800065,motorcycle,1motor,1motor,Motorcycle,1,Motorcycle / 3-wheel vehicle,1motor,1,Line 1,opposite,186.1335,3723,0.2745,6e4259f1-cba3-4c63-9c72-e3073eb90b1e,e2b5d1af-611f-418e-93d3-019b7b7ef4af,123,lembang,cikatomas pakidulan joszzz,,,2ce4ac57-b500-4e37-ac53-f80371a55585,ch01_00000000014000100.mp4,
216,5359,motorcycle,1motor,1motor,Motorcycle,1,Motorcycle / 3-wheel vehicle,1motor,2,Line 2,opposite,186.1835,3724,0.8615,6e4259f1-cba3-4c63-9c72-e3073eb90b1e,e2b5d1af-611f-418e-93d3-019b7b7ef4af,123,lembang,cikatomas pakidulan joszzz,,,2ce4ac57-b500-4e37-ac53-f80371a55585,ch01_00000000014000100.mp4,
217,800065,motorcycle,1motor,1motor,Motorcycle,1,Motorcycle / 3-wheel vehicle,1motor,2,Line 2,opposite,186.2835,3726,0.5449,6e4259f1-cba3-4c63-9c72-e3073eb90b1e,e2b5d1af-611f-418e-93d3-019b7b7ef4af,123,lembang,cikatomas pakidulan joszzz,,,2ce4ac57-b500-4e37-ac53-f80371a55585,ch01_00000000014000100.mp4,
218,5479,car,2mobil,2mobil,Car / Sedan,2,Sedan / jeep / station wagon,2mobil,1,Line 1,opposite,189.9332,3799,0.8677,6e4259f1-cba3-4c63-9c72-e3073eb90b1e,e2b5d1af-611f-418e-93d3-019b7b7ef4af,123,lembang,cikatomas pakidulan joszzz,,,2ce4ac57-b500-4e37-ac53-f80371a55585,ch01_00000000014000100.mp4,
219,5479,car,2mobil,2mobil,Car / Sedan,2,Sedan / jeep / station wagon,2mobil,2,Line 2,opposite,190.3331,3807,0.8863,6e4259f1-cba3-4c63-9c72-e3073eb90b1e,e2b5d1af-611f-418e-93d3-019b7b7ef4af,123,lembang,cikatomas pakidulan joszzz,,,2ce4ac57-b500-4e37-ac53-f80371a55585,ch01_00000000014000100.mp4,
220,5510,truck,4pickupmicro,4PickupMicro,Pickup / Micro Truck,4,Pickup / micro truck / delivery,4pickupmicro,1,Line 1,opposite,190.5831,3812,0.6242,6e4259f1-cba3-4c63-9c72-e3073eb90b1e,e2b5d1af-611f-418e-93d3-019b7b7ef4af,123,lembang,cikatomas pakidulan joszzz,,,2ce4ac57-b500-4e37-ac53-f80371a55585,ch01_00000000014000100.mp4,
221,5529,car,2mobil,2mobil,Car / Sedan,2,Sedan / jeep / station wagon,2mobil,1,Line 1,opposite,191.533,3831,0.7815,6e4259f1-cba3-4c63-9c72-e3073eb90b1e,e2b5d1af-611f-418e-93d3-019b7b7ef4af,123,lembang,cikatomas pakidulan joszzz,,,2ce4ac57-b500-4e37-ac53-f80371a55585,ch01_00000000014000100.mp4,
222,5529,car,2mobil,2mobil,Car / Sedan,2,Sedan / jeep / station wagon,2mobil,2,Line 2,opposite,192.033,3841,0.8759,6e4259f1-cba3-4c63-9c72-e3073eb90b1e,e2b5d1af-611f-418e-93d3-019b7b7ef4af,123,lembang,cikatomas pakidulan joszzz,,,2ce4ac57-b500-4e37-ac53-f80371a55585,ch01_00000000014000100.mp4,
223,800066,motorcycle,1motor,1motor,Motorcycle,1,Motorcycle / 3-wheel vehicle,1motor,1,Line 1,normal,192.2829,3846,0.1442,6e4259f1-cba3-4c63-9c72-e3073eb90b1e,e2b5d1af-611f-418e-93d3-019b7b7ef4af,123,lembang,cikatomas pakidulan joszzz,,,2ce4ac57-b500-4e37-ac53-f80371a55585,ch01_00000000014000100.mp4,
224,800066,motorcycle,1motor,1motor,Motorcycle,1,Motorcycle / 3-wheel vehicle,1motor,2,Line 2,normal,192.2829,3846,0.1442,6e4259f1-cba3-4c63-9c72-e3073eb90b1e,e2b5d1af-611f-418e-93d3-019b7b7ef4af,123,lembang,cikatomas pakidulan joszzz,,,2ce4ac57-b500-4e37-ac53-f80371a55585,ch01_00000000014000100.mp4,
225,800067,motorcycle,1motor,1motor,Motorcycle,1,Motorcycle / 3-wheel vehicle,1motor,1,Line 1,normal,193.3329,3867,0.2034,6e4259f1-cba3-4c63-9c72-e3073eb90b1e,e2b5d1af-611f-418e-93d3-019b7b7ef4af,123,lembang,cikatomas pakidulan joszzz,,,2ce4ac57-b500-4e37-ac53-f80371a55585,ch01_00000000014000100.mp4,
226,800067,motorcycle,1motor,1motor,Motorcycle,1,Motorcycle / 3-wheel vehicle,1motor,2,Line 2,normal,193.3329,3867,0.2034,6e4259f1-cba3-4c63-9c72-e3073eb90b1e,e2b5d1af-611f-418e-93d3-019b7b7ef4af,123,lembang,cikatomas pakidulan joszzz,,,2ce4ac57-b500-4e37-ac53-f80371a55585,ch01_00000000014000100.mp4,
227,5566,car,2mobil,2mobil,Car / Sedan,2,Sedan / jeep / station wagon,2mobil,2,Line 2,opposite,194.0328,3881,0.3124,6e4259f1-cba3-4c63-9c72-e3073eb90b1e,e2b5d1af-611f-418e-93d3-019b7b7ef4af,123,lembang,cikatomas pakidulan joszzz,,,2ce4ac57-b500-4e37-ac53-f80371a55585,ch01_00000000014000100.mp4,
228,5656,motorcycle,1motor,1motor,Motorcycle,1,Motorcycle / 3-wheel vehicle,1motor,2,Line 2,opposite,194.1828,3884,0.8034,6e4259f1-cba3-4c63-9c72-e3073eb90b1e,e2b5d1af-611f-418e-93d3-019b7b7ef4af,123,lembang,cikatomas pakidulan joszzz,,,2ce4ac57-b500-4e37-ac53-f80371a55585,ch01_00000000014000100.mp4,
229,5645,motorcycle,1motor,1motor,Motorcycle,1,Motorcycle / 3-wheel vehicle,1motor,1,Line 1,opposite,194.6827,3894,0.8318,6e4259f1-cba3-4c63-9c72-e3073eb90b1e,e2b5d1af-611f-418e-93d3-019b7b7ef4af,123,lembang,cikatomas pakidulan joszzz,,,2ce4ac57-b500-4e37-ac53-f80371a55585,ch01_00000000014000100.mp4,
230,5682,car,2mobil,2mobil,Car / Sedan,2,Sedan / jeep / station wagon,2mobil,1,Line 1,opposite,195.2827,3906,0.6254,6e4259f1-cba3-4c63-9c72-e3073eb90b1e,e2b5d1af-611f-418e-93d3-019b7b7ef4af,123,lembang,cikatomas pakidulan joszzz,,,2ce4ac57-b500-4e37-ac53-f80371a55585,ch01_00000000014000100.mp4,
231,5682,car,2mobil,2mobil,Car / Sedan,2,Sedan / jeep / station wagon,2mobil,2,Line 2,opposite,195.3827,3908,0.6959,6e4259f1-cba3-4c63-9c72-e3073eb90b1e,e2b5d1af-611f-418e-93d3-019b7b7ef4af,123,lembang,cikatomas pakidulan joszzz,,,2ce4ac57-b500-4e37-ac53-f80371a55585,ch01_00000000014000100.mp4,
232,5645,motorcycle,1motor,1motor,Motorcycle,1,Motorcycle / 3-wheel vehicle,1motor,2,Line 2,opposite,195.4827,3910,0.824,6e4259f1-cba3-4c63-9c72-e3073eb90b1e,e2b5d1af-611f-418e-93d3-019b7b7ef4af,123,lembang,cikatomas pakidulan joszzz,,,2ce4ac57-b500-4e37-ac53-f80371a55585,ch01_00000000014000100.mp4,
233,800069,motorcycle,1motor,1motor,Motorcycle,1,Motorcycle / 3-wheel vehicle,1motor,1,Line 1,normal,201.5821,4032,0.1138,6e4259f1-cba3-4c63-9c72-e3073eb90b1e,e2b5d1af-611f-418e-93d3-019b7b7ef4af,123,lembang,cikatomas pakidulan joszzz,,,2ce4ac57-b500-4e37-ac53-f80371a55585,ch01_00000000014000100.mp4,
234,800069,motorcycle,1motor,1motor,Motorcycle,1,Motorcycle / 3-wheel vehicle,1motor,2,Line 2,normal,201.5821,4032,0.1138,6e4259f1-cba3-4c63-9c72-e3073eb90b1e,e2b5d1af-611f-418e-93d3-019b7b7ef4af,123,lembang,cikatomas pakidulan joszzz,,,2ce4ac57-b500-4e37-ac53-f80371a55585,ch01_00000000014000100.mp4,
235,5880,motorcycle,1motor,1motor,Motorcycle,1,Motorcycle / 3-wheel vehicle,1motor,2,Line 2,opposite,202.732,4055,0.8852,6e4259f1-cba3-4c63-9c72-e3073eb90b1e,e2b5d1af-611f-418e-93d3-019b7b7ef4af,123,lembang,cikatomas pakidulan joszzz,,,2ce4ac57-b500-4e37-ac53-f80371a55585,ch01_00000000014000100.mp4,
236,800070,motorcycle,1motor,1motor,Motorcycle,1,Motorcycle / 3-wheel vehicle,1motor,1,Line 1,normal,203.8319,4077,0.4805,6e4259f1-cba3-4c63-9c72-e3073eb90b1e,e2b5d1af-611f-418e-93d3-019b7b7ef4af,123,lembang,cikatomas pakidulan joszzz,,,2ce4ac57-b500-4e37-ac53-f80371a55585,ch01_00000000014000100.mp4,
237,5956,motorcycle,1motor,1motor,Motorcycle,1,Motorcycle / 3-wheel vehicle,1motor,1,Line 1,opposite,204.5319,4091,0.7463,6e4259f1-cba3-4c63-9c72-e3073eb90b1e,e2b5d1af-611f-418e-93d3-019b7b7ef4af,123,lembang,cikatomas pakidulan joszzz,,,2ce4ac57-b500-4e37-ac53-f80371a55585,ch01_00000000014000100.mp4,
238,5956,motorcycle,1motor,1motor,Motorcycle,1,Motorcycle / 3-wheel vehicle,1motor,2,Line 2,opposite,204.8818,4098,0.8468,6e4259f1-cba3-4c63-9c72-e3073eb90b1e,e2b5d1af-611f-418e-93d3-019b7b7ef4af,123,lembang,cikatomas pakidulan joszzz,,,2ce4ac57-b500-4e37-ac53-f80371a55585,ch01_00000000014000100.mp4,
239,5965,car,2mobil,2mobil,Car / Sedan,2,Sedan / jeep / station wagon,2mobil,2,Line 2,normal,204.9318,4099,0.3457,6e4259f1-cba3-4c63-9c72-e3073eb90b1e,e2b5d1af-611f-418e-93d3-019b7b7ef4af,123,lembang,cikatomas pakidulan joszzz,,,2ce4ac57-b500-4e37-ac53-f80371a55585,ch01_00000000014000100.mp4,
240,5962,car,3ang_umum,3ang_umum,Public Transportation (Angkot),3,Medium passenger vehicle,3ang_umum,1,Line 1,opposite,205.5318,4111,0.3733,6e4259f1-cba3-4c63-9c72-e3073eb90b1e,e2b5d1af-611f-418e-93d3-019b7b7ef4af,123,lembang,cikatomas pakidulan joszzz,,,2ce4ac57-b500-4e37-ac53-f80371a55585,ch01_00000000014000100.mp4,
241,5962,car,3ang_umum,3ang_umum,Public Transportation (Angkot),3,Medium passenger vehicle,3ang_umum,2,Line 2,opposite,205.8317,4117,0.7865,6e4259f1-cba3-4c63-9c72-e3073eb90b1e,e2b5d1af-611f-418e-93d3-019b7b7ef4af,123,lembang,cikatomas pakidulan joszzz,,,2ce4ac57-b500-4e37-ac53-f80371a55585,ch01_00000000014000100.mp4,
242,6097,car,3ang_umum,3ang_umum,Public Transportation (Angkot),3,Medium passenger vehicle,3ang_umum,1,Line 1,opposite,210.8813,4218,0.7186,6e4259f1-cba3-4c63-9c72-e3073eb90b1e,e2b5d1af-611f-418e-93d3-019b7b7ef4af,123,lembang,cikatomas pakidulan joszzz,,,2ce4ac57-b500-4e37-ac53-f80371a55585,ch01_00000000014000100.mp4,
243,6165,car,2mobil,2mobil,Car / Sedan,2,Sedan / jeep / station wagon,2mobil,1,Line 1,opposite,212.8811,4258,0.849,6e4259f1-cba3-4c63-9c72-e3073eb90b1e,e2b5d1af-611f-418e-93d3-019b7b7ef4af,123,lembang,cikatomas pakidulan joszzz,,,2ce4ac57-b500-4e37-ac53-f80371a55585,ch01_00000000014000100.mp4,
244,6052,car,3ang_umum,3ang_umum,Public Transportation (Angkot),3,Medium passenger vehicle,3ang_umum,2,Line 2,opposite,212.8811,4258,0.378,6e4259f1-cba3-4c63-9c72-e3073eb90b1e,e2b5d1af-611f-418e-93d3-019b7b7ef4af,123,lembang,cikatomas pakidulan joszzz,,,2ce4ac57-b500-4e37-ac53-f80371a55585,ch01_00000000014000100.mp4,
245,6165,car,2mobil,2mobil,Car / Sedan,2,Sedan / jeep / station wagon,2mobil,2,Line 2,opposite,213.2311,4265,0.7153,6e4259f1-cba3-4c63-9c72-e3073eb90b1e,e2b5d1af-611f-418e-93d3-019b7b7ef4af,123,lembang,cikatomas pakidulan joszzz,,,2ce4ac57-b500-4e37-ac53-f80371a55585,ch01_00000000014000100.mp4,
246,6291,car,3ang_umum,3ang_umum,Public Transportation (Angkot),3,Medium passenger vehicle,3ang_umum,1,Line 1,opposite,217.3807,4348,0.9273,6e4259f1-cba3-4c63-9c72-e3073eb90b1e,e2b5d1af-611f-418e-93d3-019b7b7ef4af,123,lembang,cikatomas pakidulan joszzz,,,2ce4ac57-b500-4e37-ac53-f80371a55585,ch01_00000000014000100.mp4,
247,6291,car,3ang_umum,3ang_umum,Public Transportation (Angkot),3,Medium passenger vehicle,3ang_umum,2,Line 2,opposite,217.7307,4355,0.9208,6e4259f1-cba3-4c63-9c72-e3073eb90b1e,e2b5d1af-611f-418e-93d3-019b7b7ef4af,123,lembang,cikatomas pakidulan joszzz,,,2ce4ac57-b500-4e37-ac53-f80371a55585,ch01_00000000014000100.mp4,
248,6369,car,3ang_umum,3ang_umum,Public Transportation (Angkot),3,Medium passenger vehicle,3ang_umum,1,Line 1,opposite,219.2306,4385,0.5573,6e4259f1-cba3-4c63-9c72-e3073eb90b1e,e2b5d1af-611f-418e-93d3-019b7b7ef4af,123,lembang,cikatomas pakidulan joszzz,,,2ce4ac57-b500-4e37-ac53-f80371a55585,ch01_00000000014000100.mp4,
249,6357,car,2mobil,2mobil,Car / Sedan,2,Sedan / jeep / station wagon,2mobil,1,Line 1,opposite,219.2805,4386,0.4038,6e4259f1-cba3-4c63-9c72-e3073eb90b1e,e2b5d1af-611f-418e-93d3-019b7b7ef4af,123,lembang,cikatomas pakidulan joszzz,,,2ce4ac57-b500-4e37-ac53-f80371a55585,ch01_00000000014000100.mp4,
250,6357,car,2mobil,2mobil,Car / Sedan,2,Sedan / jeep / station wagon,2mobil,2,Line 2,opposite,219.6305,4393,0.5917,6e4259f1-cba3-4c63-9c72-e3073eb90b1e,e2b5d1af-611f-418e-93d3-019b7b7ef4af,123,lembang,cikatomas pakidulan joszzz,,,2ce4ac57-b500-4e37-ac53-f80371a55585,ch01_00000000014000100.mp4,
251,6407,car,2mobil,2mobil,Car / Sedan,2,Sedan / jeep / station wagon,2mobil,1,Line 1,opposite,220.4804,4410,0.8625,6e4259f1-cba3-4c63-9c72-e3073eb90b1e,e2b5d1af-611f-418e-93d3-019b7b7ef4af,123,lembang,cikatomas pakidulan joszzz,,,2ce4ac57-b500-4e37-ac53-f80371a55585,ch01_00000000014000100.mp4,
252,6407,car,2mobil,2mobil,Car / Sedan,2,Sedan / jeep / station wagon,2mobil,2,Line 2,opposite,220.8804,4418,0.8236,6e4259f1-cba3-4c63-9c72-e3073eb90b1e,e2b5d1af-611f-418e-93d3-019b7b7ef4af,123,lembang,cikatomas pakidulan joszzz,,,2ce4ac57-b500-4e37-ac53-f80371a55585,ch01_00000000014000100.mp4,
253,6470,motorcycle,1motor,1motor,Motorcycle,1,Motorcycle / 3-wheel vehicle,1motor,2,Line 2,opposite,222.5303,4451,0.8216,6e4259f1-cba3-4c63-9c72-e3073eb90b1e,e2b5d1af-611f-418e-93d3-019b7b7ef4af,123,lembang,cikatomas pakidulan joszzz,,,2ce4ac57-b500-4e37-ac53-f80371a55585,ch01_00000000014000100.mp4,
254,800076,motorcycle,1motor,1motor,Motorcycle,1,Motorcycle / 3-wheel vehicle,1motor,1,Line 1,opposite,223.4802,4470,0.5627,6e4259f1-cba3-4c63-9c72-e3073eb90b1e,e2b5d1af-611f-418e-93d3-019b7b7ef4af,123,lembang,cikatomas pakidulan joszzz,,,2ce4ac57-b500-4e37-ac53-f80371a55585,ch01_00000000014000100.mp4,
255,6496,motorcycle,1motor,1motor,Motorcycle,1,Motorcycle / 3-wheel vehicle,1motor,1,Line 1,opposite,223.6802,4474,0.6347,6e4259f1-cba3-4c63-9c72-e3073eb90b1e,e2b5d1af-611f-418e-93d3-019b7b7ef4af,123,lembang,cikatomas pakidulan joszzz,,,2ce4ac57-b500-4e37-ac53-f80371a55585,ch01_00000000014000100.mp4,
256,6499,car,2mobil,2mobil,Car / Sedan,2,Sedan / jeep / station wagon,2mobil,1,Line 1,opposite,223.6802,4474,0.4298,6e4259f1-cba3-4c63-9c72-e3073eb90b1e,e2b5d1af-611f-418e-93d3-019b7b7ef4af,123,lembang,cikatomas pakidulan joszzz,,,2ce4ac57-b500-4e37-ac53-f80371a55585,ch01_00000000014000100.mp4,
257,6499,car,2mobil,2mobil,Car / Sedan,2,Sedan / jeep / station wagon,2mobil,2,Line 2,opposite,223.9801,4480,0.6145,6e4259f1-cba3-4c63-9c72-e3073eb90b1e,e2b5d1af-611f-418e-93d3-019b7b7ef4af,123,lembang,cikatomas pakidulan joszzz,,,2ce4ac57-b500-4e37-ac53-f80371a55585,ch01_00000000014000100.mp4,
258,6496,motorcycle,1motor,1motor,Motorcycle,1,Motorcycle / 3-wheel vehicle,1motor,2,Line 2,opposite,224.1301,4483,0.8293,6e4259f1-cba3-4c63-9c72-e3073eb90b1e,e2b5d1af-611f-418e-93d3-019b7b7ef4af,123,lembang,cikatomas pakidulan joszzz,,,2ce4ac57-b500-4e37-ac53-f80371a55585,ch01_00000000014000100.mp4,
259,6500,motorcycle,1motor,1motor,Motorcycle,1,Motorcycle / 3-wheel vehicle,1motor,1,Line 1,opposite,224.2801,4486,0.5464,6e4259f1-cba3-4c63-9c72-e3073eb90b1e,e2b5d1af-611f-418e-93d3-019b7b7ef4af,123,lembang,cikatomas pakidulan joszzz,,,2ce4ac57-b500-4e37-ac53-f80371a55585,ch01_00000000014000100.mp4,
260,6500,motorcycle,1motor,1motor,Motorcycle,1,Motorcycle / 3-wheel vehicle,1motor,2,Line 2,opposite,224.6801,4494,0.8341,6e4259f1-cba3-4c63-9c72-e3073eb90b1e,e2b5d1af-611f-418e-93d3-019b7b7ef4af,123,lembang,cikatomas pakidulan joszzz,,,2ce4ac57-b500-4e37-ac53-f80371a55585,ch01_00000000014000100.mp4,
261,800078,motorcycle,1motor,1motor,Motorcycle,1,Motorcycle / 3-wheel vehicle,1motor,1,Line 1,normal,226.7799,4536,0.1277,6e4259f1-cba3-4c63-9c72-e3073eb90b1e,e2b5d1af-611f-418e-93d3-019b7b7ef4af,123,lembang,cikatomas pakidulan joszzz,,,2ce4ac57-b500-4e37-ac53-f80371a55585,ch01_00000000014000100.mp4,
262,800078,motorcycle,1motor,1motor,Motorcycle,1,Motorcycle / 3-wheel vehicle,1motor,2,Line 2,normal,226.7799,4536,0.1277,6e4259f1-cba3-4c63-9c72-e3073eb90b1e,e2b5d1af-611f-418e-93d3-019b7b7ef4af,123,lembang,cikatomas pakidulan joszzz,,,2ce4ac57-b500-4e37-ac53-f80371a55585,ch01_00000000014000100.mp4,
263,6649,motorcycle,1motor,1motor,Motorcycle,1,Motorcycle / 3-wheel vehicle,1motor,1,Line 1,opposite,227.4798,4550,0.8519,6e4259f1-cba3-4c63-9c72-e3073eb90b1e,e2b5d1af-611f-418e-93d3-019b7b7ef4af,123,lembang,cikatomas pakidulan joszzz,,,2ce4ac57-b500-4e37-ac53-f80371a55585,ch01_00000000014000100.mp4,
264,6621,car,2mobil,2mobil,Car / Sedan,2,Sedan / jeep / station wagon,2mobil,1,Line 1,opposite,227.6298,4553,0.6251,6e4259f1-cba3-4c63-9c72-e3073eb90b1e,e2b5d1af-611f-418e-93d3-019b7b7ef4af,123,lembang,cikatomas pakidulan joszzz,,,2ce4ac57-b500-4e37-ac53-f80371a55585,ch01_00000000014000100.mp4,
265,6649,motorcycle,1motor,1motor,Motorcycle,1,Motorcycle / 3-wheel vehicle,1motor,2,Line 2,opposite,228.0298,4561,0.8328,6e4259f1-cba3-4c63-9c72-e3073eb90b1e,e2b5d1af-611f-418e-93d3-019b7b7ef4af,123,lembang,cikatomas pakidulan joszzz,,,2ce4ac57-b500-4e37-ac53-f80371a55585,ch01_00000000014000100.mp4,
266,6621,car,2mobil,2mobil,Car / Sedan,2,Sedan / jeep / station wagon,2mobil,2,Line 2,opposite,228.0798,4562,0.6372,6e4259f1-cba3-4c63-9c72-e3073eb90b1e,e2b5d1af-611f-418e-93d3-019b7b7ef4af,123,lembang,cikatomas pakidulan joszzz,,,2ce4ac57-b500-4e37-ac53-f80371a55585,ch01_00000000014000100.mp4,
267,800079,motorcycle,1motor,1motor,Motorcycle,1,Motorcycle / 3-wheel vehicle,1motor,1,Line 1,opposite,230.5296,4611,0.5286,6e4259f1-cba3-4c63-9c72-e3073eb90b1e,e2b5d1af-611f-418e-93d3-019b7b7ef4af,123,lembang,cikatomas pakidulan joszzz,,,2ce4ac57-b500-4e37-ac53-f80371a55585,ch01_00000000014000100.mp4,
268,6815,car,3ang_umum,3ang_umum,Public Transportation (Angkot),3,Medium passenger vehicle,3ang_umum,2,Line 2,opposite,235.3791,4708,0.646,6e4259f1-cba3-4c63-9c72-e3073eb90b1e,e2b5d1af-611f-418e-93d3-019b7b7ef4af,123,lembang,cikatomas pakidulan joszzz,,,2ce4ac57-b500-4e37-ac53-f80371a55585,ch01_00000000014000100.mp4,
269,6925,car,3ang_umum,3ang_umum,Public Transportation (Angkot),3,Medium passenger vehicle,3ang_umum,2,Line 2,opposite,236.829,4737,0.8752,6e4259f1-cba3-4c63-9c72-e3073eb90b1e,e2b5d1af-611f-418e-93d3-019b7b7ef4af,123,lembang,cikatomas pakidulan joszzz,,,2ce4ac57-b500-4e37-ac53-f80371a55585,ch01_00000000014000100.mp4,
270,7199,motorcycle,1motor,1motor,Motorcycle,1,Motorcycle / 3-wheel vehicle,1motor,2,Line 2,opposite,244.4783,4890,0.6085,6e4259f1-cba3-4c63-9c72-e3073eb90b1e,e2b5d1af-611f-418e-93d3-019b7b7ef4af,123,lembang,cikatomas pakidulan joszzz,,,2ce4ac57-b500-4e37-ac53-f80371a55585,ch01_00000000014000100.mp4,
271,800082,motorcycle,1motor,1motor,Motorcycle,1,Motorcycle / 3-wheel vehicle,1motor,1,Line 1,opposite,245.0783,4902,0.5634,6e4259f1-cba3-4c63-9c72-e3073eb90b1e,e2b5d1af-611f-418e-93d3-019b7b7ef4af,123,lembang,cikatomas pakidulan joszzz,,,2ce4ac57-b500-4e37-ac53-f80371a55585,ch01_00000000014000100.mp4,
272,800082,motorcycle,1motor,1motor,Motorcycle,1,Motorcycle / 3-wheel vehicle,1motor,2,Line 2,opposite,245.6782,4914,0.4333,6e4259f1-cba3-4c63-9c72-e3073eb90b1e,e2b5d1af-611f-418e-93d3-019b7b7ef4af,123,lembang,cikatomas pakidulan joszzz,,,2ce4ac57-b500-4e37-ac53-f80371a55585,ch01_00000000014000100.mp4,
273,7238,motorcycle,1motor,1motor,Motorcycle,1,Motorcycle / 3-wheel vehicle,1motor,1,Line 1,opposite,246.1782,4924,0.7687,6e4259f1-cba3-4c63-9c72-e3073eb90b1e,e2b5d1af-611f-418e-93d3-019b7b7ef4af,123,lembang,cikatomas pakidulan joszzz,,,2ce4ac57-b500-4e37-ac53-f80371a55585,ch01_00000000014000100.mp4,
274,7238,motorcycle,1motor,1motor,Motorcycle,1,Motorcycle / 3-wheel vehicle,1motor,2,Line 2,opposite,246.6281,4933,0.8178,6e4259f1-cba3-4c63-9c72-e3073eb90b1e,e2b5d1af-611f-418e-93d3-019b7b7ef4af,123,lembang,cikatomas pakidulan joszzz,,,2ce4ac57-b500-4e37-ac53-f80371a55585,ch01_00000000014000100.mp4,
275,800084,motorcycle,1motor,1motor,Motorcycle,1,Motorcycle / 3-wheel vehicle,1motor,2,Line 2,opposite,249.5779,4992,0.1546,6e4259f1-cba3-4c63-9c72-e3073eb90b1e,e2b5d1af-611f-418e-93d3-019b7b7ef4af,123,lembang,cikatomas pakidulan joszzz,,,2ce4ac57-b500-4e37-ac53-f80371a55585,ch01_00000000014000100.mp4,
276,7470,car,3ang_umum,3ang_umum,Public Transportation (Angkot),3,Medium passenger vehicle,3ang_umum,2,Line 2,normal,253.5775,5072,0.4489,6e4259f1-cba3-4c63-9c72-e3073eb90b1e,e2b5d1af-611f-418e-93d3-019b7b7ef4af,123,lembang,cikatomas pakidulan joszzz,,,2ce4ac57-b500-4e37-ac53-f80371a55585,ch01_00000000014000100.mp4,
277,7486,car,3ang_umum,3ang_umum,Public Transportation (Angkot),3,Medium passenger vehicle,3ang_umum,1,Line 1,opposite,254.5274,5091,0.8221,6e4259f1-cba3-4c63-9c72-e3073eb90b1e,e2b5d1af-611f-418e-93d3-019b7b7ef4af,123,lembang,cikatomas pakidulan joszzz,,,2ce4ac57-b500-4e37-ac53-f80371a55585,ch01_00000000014000100.mp4,
278,7483,car,2mobil,2mobil,Car / Sedan,2,Sedan / jeep / station wagon,2mobil,1,Line 1,opposite,254.5774,5092,0.4286,6e4259f1-cba3-4c63-9c72-e3073eb90b1e,e2b5d1af-611f-418e-93d3-019b7b7ef4af,123,lembang,cikatomas pakidulan joszzz,,,2ce4ac57-b500-4e37-ac53-f80371a55585,ch01_00000000014000100.mp4,
279,7486,car,3ang_umum,3ang_umum,Public Transportation (Angkot),3,Medium passenger vehicle,3ang_umum,2,Line 2,opposite,254.8774,5098,0.8532,6e4259f1-cba3-4c63-9c72-e3073eb90b1e,e2b5d1af-611f-418e-93d3-019b7b7ef4af,123,lembang,cikatomas pakidulan joszzz,,,2ce4ac57-b500-4e37-ac53-f80371a55585,ch01_00000000014000100.mp4,
280,800085,motorcycle,1motor,1motor,Motorcycle,1,Motorcycle / 3-wheel vehicle,1motor,1,Line 1,opposite,255.1274,5103,0.5752,6e4259f1-cba3-4c63-9c72-e3073eb90b1e,e2b5d1af-611f-418e-93d3-019b7b7ef4af,123,lembang,cikatomas pakidulan joszzz,,,2ce4ac57-b500-4e37-ac53-f80371a55585,ch01_00000000014000100.mp4,
281,7502,motorcycle,1motor,1motor,Motorcycle,1,Motorcycle / 3-wheel vehicle,1motor,1,Line 1,opposite,255.3274,5107,0.8143,6e4259f1-cba3-4c63-9c72-e3073eb90b1e,e2b5d1af-611f-418e-93d3-019b7b7ef4af,123,lembang,cikatomas pakidulan joszzz,,,2ce4ac57-b500-4e37-ac53-f80371a55585,ch01_00000000014000100.mp4,
282,7502,motorcycle,1motor,1motor,Motorcycle,1,Motorcycle / 3-wheel vehicle,1motor,2,Line 2,opposite,255.8273,5117,0.5792,6e4259f1-cba3-4c63-9c72-e3073eb90b1e,e2b5d1af-611f-418e-93d3-019b7b7ef4af,123,lembang,cikatomas pakidulan joszzz,,,2ce4ac57-b500-4e37-ac53-f80371a55585,ch01_00000000014000100.mp4,
283,7530,motorcycle,1motor,1motor,Motorcycle,1,Motorcycle / 3-wheel vehicle,1motor,2,Line 2,opposite,256.1273,5123,0.7004,6e4259f1-cba3-4c63-9c72-e3073eb90b1e,e2b5d1af-611f-418e-93d3-019b7b7ef4af,123,lembang,cikatomas pakidulan joszzz,,,2ce4ac57-b500-4e37-ac53-f80371a55585,ch01_00000000014000100.mp4,
284,7591,motorcycle,1motor,1motor,Motorcycle,1,Motorcycle / 3-wheel vehicle,1motor,2,Line 2,opposite,256.9272,5139,0.6128,6e4259f1-cba3-4c63-9c72-e3073eb90b1e,e2b5d1af-611f-418e-93d3-019b7b7ef4af,123,lembang,cikatomas pakidulan joszzz,,,2ce4ac57-b500-4e37-ac53-f80371a55585,ch01_00000000014000100.mp4,
285,7677,motorcycle,1motor,1motor,Motorcycle,1,Motorcycle / 3-wheel vehicle,1motor,2,Line 2,opposite,260.6269,5213,0.8619,6e4259f1-cba3-4c63-9c72-e3073eb90b1e,e2b5d1af-611f-418e-93d3-019b7b7ef4af,123,lembang,cikatomas pakidulan joszzz,,,2ce4ac57-b500-4e37-ac53-f80371a55585,ch01_00000000014000100.mp4,
286,7665,car,2mobil,2mobil,Car / Sedan,2,Sedan / jeep / station wagon,2mobil,1,Line 1,opposite,260.9769,5220,0.7687,6e4259f1-cba3-4c63-9c72-e3073eb90b1e,e2b5d1af-611f-418e-93d3-019b7b7ef4af,123,lembang,cikatomas pakidulan joszzz,,,2ce4ac57-b500-4e37-ac53-f80371a55585,ch01_00000000014000100.mp4,
287,800087,motorcycle,1motor,1motor,Motorcycle,1,Motorcycle / 3-wheel vehicle,1motor,2,Line 2,opposite,260.9769,5220,0.6569,6e4259f1-cba3-4c63-9c72-e3073eb90b1e,e2b5d1af-611f-418e-93d3-019b7b7ef4af,123,lembang,cikatomas pakidulan joszzz,,,2ce4ac57-b500-4e37-ac53-f80371a55585,ch01_00000000014000100.mp4,
288,7665,car,2mobil,2mobil,Car / Sedan,2,Sedan / jeep / station wagon,2mobil,2,Line 2,opposite,261.4768,5230,0.7463,6e4259f1-cba3-4c63-9c72-e3073eb90b1e,e2b5d1af-611f-418e-93d3-019b7b7ef4af,123,lembang,cikatomas pakidulan joszzz,,,2ce4ac57-b500-4e37-ac53-f80371a55585,ch01_00000000014000100.mp4,
289,800087,motorcycle,1motor,1motor,Motorcycle,1,Motorcycle / 3-wheel vehicle,1motor,1,Line 1,normal,262.1767,5244,0.2493,6e4259f1-cba3-4c63-9c72-e3073eb90b1e,e2b5d1af-611f-418e-93d3-019b7b7ef4af,123,lembang,cikatomas pakidulan joszzz,,,2ce4ac57-b500-4e37-ac53-f80371a55585,ch01_00000000014000100.mp4,
290,7765,motorcycle,1motor,1motor,Motorcycle,1,Motorcycle / 3-wheel vehicle,1motor,2,Line 2,opposite,263.1767,5264,0.8333,6e4259f1-cba3-4c63-9c72-e3073eb90b1e,e2b5d1af-611f-418e-93d3-019b7b7ef4af,123,lembang,cikatomas pakidulan joszzz,,,2ce4ac57-b500-4e37-ac53-f80371a55585,ch01_00000000014000100.mp4,
291,7764,motorcycle,1motor,1motor,Motorcycle,1,Motorcycle / 3-wheel vehicle,1motor,1,Line 1,opposite,263.6266,5273,0.7306,6e4259f1-cba3-4c63-9c72-e3073eb90b1e,e2b5d1af-611f-418e-93d3-019b7b7ef4af,123,lembang,cikatomas pakidulan joszzz,,,2ce4ac57-b500-4e37-ac53-f80371a55585,ch01_00000000014000100.mp4,
292,7764,motorcycle,1motor,1motor,Motorcycle,1,Motorcycle / 3-wheel vehicle,1motor,2,Line 2,opposite,264.1766,5284,0.7523,6e4259f1-cba3-4c63-9c72-e3073eb90b1e,e2b5d1af-611f-418e-93d3-019b7b7ef4af,123,lembang,cikatomas pakidulan joszzz,,,2ce4ac57-b500-4e37-ac53-f80371a55585,ch01_00000000014000100.mp4,
293,7784,car,2mobil,2mobil,Car / Sedan,2,Sedan / jeep / station wagon,2mobil,1,Line 1,opposite,264.2266,5285,0.7034,6e4259f1-cba3-4c63-9c72-e3073eb90b1e,e2b5d1af-611f-418e-93d3-019b7b7ef4af,123,lembang,cikatomas pakidulan joszzz,,,2ce4ac57-b500-4e37-ac53-f80371a55585,ch01_00000000014000100.mp4,
294,7784,car,2mobil,2mobil,Car / Sedan,2,Sedan / jeep / station wagon,2mobil,2,Line 2,opposite,264.5765,5292,0.5525,6e4259f1-cba3-4c63-9c72-e3073eb90b1e,e2b5d1af-611f-418e-93d3-019b7b7ef4af,123,lembang,cikatomas pakidulan joszzz,,,2ce4ac57-b500-4e37-ac53-f80371a55585,ch01_00000000014000100.mp4,
295,7852,car,2mobil,2mobil,Car / Sedan,2,Sedan / jeep / station wagon,2mobil,2,Line 2,opposite,265.6264,5313,0.3878,6e4259f1-cba3-4c63-9c72-e3073eb90b1e,e2b5d1af-611f-418e-93d3-019b7b7ef4af,123,lembang,cikatomas pakidulan joszzz,,,2ce4ac57-b500-4e37-ac53-f80371a55585,ch01_00000000014000100.mp4,
296,7959,motorcycle,1motor,1motor,Motorcycle,1,Motorcycle / 3-wheel vehicle,1motor,2,Line 2,opposite,269.4761,5390,0.8241,6e4259f1-cba3-4c63-9c72-e3073eb90b1e,e2b5d1af-611f-418e-93d3-019b7b7ef4af,123,lembang,cikatomas pakidulan joszzz,,,2ce4ac57-b500-4e37-ac53-f80371a55585,ch01_00000000014000100.mp4,
297,8039,motorcycle,1motor,1motor,Motorcycle,1,Motorcycle / 3-wheel vehicle,1motor,1,Line 1,opposite,272.4758,5450,0.7254,6e4259f1-cba3-4c63-9c72-e3073eb90b1e,e2b5d1af-611f-418e-93d3-019b7b7ef4af,123,lembang,cikatomas pakidulan joszzz,,,2ce4ac57-b500-4e37-ac53-f80371a55585,ch01_00000000014000100.mp4,
298,8039,motorcycle,1motor,1motor,Motorcycle,1,Motorcycle / 3-wheel vehicle,1motor,2,Line 2,opposite,272.7758,5456,0.8248,6e4259f1-cba3-4c63-9c72-e3073eb90b1e,e2b5d1af-611f-418e-93d3-019b7b7ef4af,123,lembang,cikatomas pakidulan joszzz,,,2ce4ac57-b500-4e37-ac53-f80371a55585,ch01_00000000014000100.mp4,
299,7939,car,3ang_umum,3ang_umum,Public Transportation (Angkot),3,Medium passenger vehicle,3ang_umum,2,Line 2,opposite,273.4757,5470,0.6854,6e4259f1-cba3-4c63-9c72-e3073eb90b1e,e2b5d1af-611f-418e-93d3-019b7b7ef4af,123,lembang,cikatomas pakidulan joszzz,,,2ce4ac57-b500-4e37-ac53-f80371a55585,ch01_00000000014000100.mp4,
300,800091,motorcycle,1motor,1motor,Motorcycle,1,Motorcycle / 3-wheel vehicle,1motor,2,Line 2,normal,277.0254,5541,0.3924,6e4259f1-cba3-4c63-9c72-e3073eb90b1e,e2b5d1af-611f-418e-93d3-019b7b7ef4af,123,lembang,cikatomas pakidulan joszzz,,,2ce4ac57-b500-4e37-ac53-f80371a55585,ch01_00000000014000100.mp4,
301,800091,motorcycle,1motor,1motor,Motorcycle,1,Motorcycle / 3-wheel vehicle,1motor,1,Line 1,normal,277.4754,5550,0.2263,6e4259f1-cba3-4c63-9c72-e3073eb90b1e,e2b5d1af-611f-418e-93d3-019b7b7ef4af,123,lembang,cikatomas pakidulan joszzz,,,2ce4ac57-b500-4e37-ac53-f80371a55585,ch01_00000000014000100.mp4,
302,8194,car,2mobil,2mobil,Car / Sedan,2,Sedan / jeep / station wagon,2mobil,1,Line 1,opposite,277.5254,5551,0.8905,6e4259f1-cba3-4c63-9c72-e3073eb90b1e,e2b5d1af-611f-418e-93d3-019b7b7ef4af,123,lembang,cikatomas pakidulan joszzz,,,2ce4ac57-b500-4e37-ac53-f80371a55585,ch01_00000000014000100.mp4,
303,8194,car,2mobil,2mobil,Car / Sedan,2,Sedan / jeep / station wagon,2mobil,2,Line 2,opposite,278.0253,5561,0.6918,6e4259f1-cba3-4c63-9c72-e3073eb90b1e,e2b5d1af-611f-418e-93d3-019b7b7ef4af,123,lembang,cikatomas pakidulan joszzz,,,2ce4ac57-b500-4e37-ac53-f80371a55585,ch01_00000000014000100.mp4,
304,800094,motorcycle,1motor,1motor,Motorcycle,1,Motorcycle / 3-wheel vehicle,1motor,2,Line 2,normal,280.3251,5607,0.3486,6e4259f1-cba3-4c63-9c72-e3073eb90b1e,e2b5d1af-611f-418e-93d3-019b7b7ef4af,123,lembang,cikatomas pakidulan joszzz,,,2ce4ac57-b500-4e37-ac53-f80371a55585,ch01_00000000014000100.mp4,
305,8293,motorcycle,1motor,1motor,Motorcycle,1,Motorcycle / 3-wheel vehicle,1motor,2,Line 2,opposite,280.6251,5613,0.8177,6e4259f1-cba3-4c63-9c72-e3073eb90b1e,e2b5d1af-611f-418e-93d3-019b7b7ef4af,123,lembang,cikatomas pakidulan joszzz,,,2ce4ac57-b500-4e37-ac53-f80371a55585,ch01_00000000014000100.mp4,
306,8357,car,2mobil,2mobil,Car / Sedan,2,Sedan / jeep / station wagon,2mobil,1,Line 1,opposite,283.4249,5669,0.8246,6e4259f1-cba3-4c63-9c72-e3073eb90b1e,e2b5d1af-611f-418e-93d3-019b7b7ef4af,123,lembang,cikatomas pakidulan joszzz,,,2ce4ac57-b500-4e37-ac53-f80371a55585,ch01_00000000014000100.mp4,
307,8357,car,2mobil,2mobil,Car / Sedan,2,Sedan / jeep / station wagon,2mobil,2,Line 2,opposite,283.8248,5677,0.9083,6e4259f1-cba3-4c63-9c72-e3073eb90b1e,e2b5d1af-611f-418e-93d3-019b7b7ef4af,123,lembang,cikatomas pakidulan joszzz,,,2ce4ac57-b500-4e37-ac53-f80371a55585,ch01_00000000014000100.mp4,
308,8400,car,2mobil,2mobil,Car / Sedan,2,Sedan / jeep / station wagon,2mobil,2,Line 2,normal,285.2747,5706,0.3656,6e4259f1-cba3-4c63-9c72-e3073eb90b1e,e2b5d1af-611f-418e-93d3-019b7b7ef4af,123,lembang,cikatomas pakidulan joszzz,,,2ce4ac57-b500-4e37-ac53-f80371a55585,ch01_00000000014000100.mp4,
309,8408,motorcycle,1motor,1motor,Motorcycle,1,Motorcycle / 3-wheel vehicle,1motor,1,Line 1,opposite,285.5247,5711,0.8392,6e4259f1-cba3-4c63-9c72-e3073eb90b1e,e2b5d1af-611f-418e-93d3-019b7b7ef4af,123,lembang,cikatomas pakidulan joszzz,,,2ce4ac57-b500-4e37-ac53-f80371a55585,ch01_00000000014000100.mp4,
310,8408,motorcycle,1motor,1motor,Motorcycle,1,Motorcycle / 3-wheel vehicle,1motor,2,Line 2,opposite,285.7747,5716,0.8576,6e4259f1-cba3-4c63-9c72-e3073eb90b1e,e2b5d1af-611f-418e-93d3-019b7b7ef4af,123,lembang,cikatomas pakidulan joszzz,,,2ce4ac57-b500-4e37-ac53-f80371a55585,ch01_00000000014000100.mp4,
311,800096,motorcycle,1motor,1motor,Motorcycle,1,Motorcycle / 3-wheel vehicle,1motor,1,Line 1,opposite,287.3745,5748,0.6385,6e4259f1-cba3-4c63-9c72-e3073eb90b1e,e2b5d1af-611f-418e-93d3-019b7b7ef4af,123,lembang,cikatomas pakidulan joszzz,,,2ce4ac57-b500-4e37-ac53-f80371a55585,ch01_00000000014000100.mp4,
312,8481,motorcycle,1motor,1motor,Motorcycle,1,Motorcycle / 3-wheel vehicle,1motor,2,Line 2,opposite,287.5245,5751,0.7425,6e4259f1-cba3-4c63-9c72-e3073eb90b1e,e2b5d1af-611f-418e-93d3-019b7b7ef4af,123,lembang,cikatomas pakidulan joszzz,,,2ce4ac57-b500-4e37-ac53-f80371a55585,ch01_00000000014000100.mp4,
313,8606,car,3ang_umum,3ang_umum,Public Transportation (Angkot),3,Medium passenger vehicle,3ang_umum,1,Line 1,opposite,293.074,5862,0.8562,6e4259f1-cba3-4c63-9c72-e3073eb90b1e,e2b5d1af-611f-418e-93d3-019b7b7ef4af,123,lembang,cikatomas pakidulan joszzz,,,2ce4ac57-b500-4e37-ac53-f80371a55585,ch01_00000000014000100.mp4,
314,8627,car,2mobil,2mobil,Car / Sedan,2,Sedan / jeep / station wagon,2mobil,1,Line 1,opposite,293.124,5863,0.6212,6e4259f1-cba3-4c63-9c72-e3073eb90b1e,e2b5d1af-611f-418e-93d3-019b7b7ef4af,123,lembang,cikatomas pakidulan joszzz,,,2ce4ac57-b500-4e37-ac53-f80371a55585,ch01_00000000014000100.mp4,
315,8606,car,3ang_umum,3ang_umum,Public Transportation (Angkot),3,Medium passenger vehicle,3ang_umum,2,Line 2,opposite,293.574,5872,0.8372,6e4259f1-cba3-4c63-9c72-e3073eb90b1e,e2b5d1af-611f-418e-93d3-019b7b7ef4af,123,lembang,cikatomas pakidulan joszzz,,,2ce4ac57-b500-4e37-ac53-f80371a55585,ch01_00000000014000100.mp4,
316,8650,car,2mobil,2mobil,Car / Sedan,2,Sedan / jeep / station wagon,2mobil,2,Line 2,opposite,293.574,5872,0.3997,6e4259f1-cba3-4c63-9c72-e3073eb90b1e,e2b5d1af-611f-418e-93d3-019b7b7ef4af,123,lembang,cikatomas pakidulan joszzz,,,2ce4ac57-b500-4e37-ac53-f80371a55585,ch01_00000000014000100.mp4,
317,8753,car,3ang_umum,3ang_umum,Public Transportation (Angkot),3,Medium passenger vehicle,3ang_umum,1,Line 1,opposite,296.7737,5936,0.7679,6e4259f1-cba3-4c63-9c72-e3073eb90b1e,e2b5d1af-611f-418e-93d3-019b7b7ef4af,123,lembang,cikatomas pakidulan joszzz,,,2ce4ac57-b500-4e37-ac53-f80371a55585,ch01_00000000014000100.mp4,
318,8753,car,3ang_umum,3ang_umum,Public Transportation (Angkot),3,Medium passenger vehicle,3ang_umum,2,Line 2,opposite,297.1236,5943,0.8424,6e4259f1-cba3-4c63-9c72-e3073eb90b1e,e2b5d1af-611f-418e-93d3-019b7b7ef4af,123,lembang,cikatomas pakidulan joszzz,,,2ce4ac57-b500-4e37-ac53-f80371a55585,ch01_00000000014000100.mp4,
319,8777,car,2mobil,2mobil,Car / Sedan,2,Sedan / jeep / station wagon,2mobil,1,Line 1,opposite,297.8236,5957,0.7005,6e4259f1-cba3-4c63-9c72-e3073eb90b1e,e2b5d1af-611f-418e-93d3-019b7b7ef4af,123,lembang,cikatomas pakidulan joszzz,,,2ce4ac57-b500-4e37-ac53-f80371a55585,ch01_00000000014000100.mp4,
320,8777,car,2mobil,2mobil,Car / Sedan,2,Sedan / jeep / station wagon,2mobil,2,Line 2,opposite,298.1736,5964,0.6325,6e4259f1-cba3-4c63-9c72-e3073eb90b1e,e2b5d1af-611f-418e-93d3-019b7b7ef4af,123,lembang,cikatomas pakidulan joszzz,,,2ce4ac57-b500-4e37-ac53-f80371a55585,ch01_00000000014000100.mp4,
321,8816,car,2mobil,2mobil,Car / Sedan,2,Sedan / jeep / station wagon,2mobil,2,Line 2,opposite,299.6234,5993,0.6048,6e4259f1-cba3-4c63-9c72-e3073eb90b1e,e2b5d1af-611f-418e-93d3-019b7b7ef4af,123,lembang,cikatomas pakidulan joszzz,,,2ce4ac57-b500-4e37-ac53-f80371a55585,ch01_00000000014000100.mp4,
322,800099,motorcycle,1motor,1motor,Motorcycle,1,Motorcycle / 3-wheel vehicle,1motor,1,Line 1,normal,300.7233,6015,0.1903,6e4259f1-cba3-4c63-9c72-e3073eb90b1e,e2b5d1af-611f-418e-93d3-019b7b7ef4af,123,lembang,cikatomas pakidulan joszzz,,,2ce4ac57-b500-4e37-ac53-f80371a55585,ch01_00000000014000100.mp4,
323,800100,motorcycle,1motor,1motor,Motorcycle,1,Motorcycle / 3-wheel vehicle,1motor,2,Line 2,normal,301.1733,6024,0.3511,6e4259f1-cba3-4c63-9c72-e3073eb90b1e,e2b5d1af-611f-418e-93d3-019b7b7ef4af,123,lembang,cikatomas pakidulan joszzz,,,2ce4ac57-b500-4e37-ac53-f80371a55585,ch01_00000000014000100.mp4,
324,8920,motorcycle,1motor,1motor,Motorcycle,1,Motorcycle / 3-wheel vehicle,1motor,2,Line 2,opposite,301.5233,6031,0.8639,6e4259f1-cba3-4c63-9c72-e3073eb90b1e,e2b5d1af-611f-418e-93d3-019b7b7ef4af,123,lembang,cikatomas pakidulan joszzz,,,2ce4ac57-b500-4e37-ac53-f80371a55585,ch01_00000000014000100.mp4,
325,800101,motorcycle,1motor,1motor,Motorcycle,1,Motorcycle / 3-wheel vehicle,1motor,1,Line 1,normal,304.023,6081,0.2876,6e4259f1-cba3-4c63-9c72-e3073eb90b1e,e2b5d1af-611f-418e-93d3-019b7b7ef4af,123,lembang,cikatomas pakidulan joszzz,,,2ce4ac57-b500-4e37-ac53-f80371a55585,ch01_00000000014000100.mp4,
326,800101,motorcycle,1motor,1motor,Motorcycle,1,Motorcycle / 3-wheel vehicle,1motor,2,Line 2,normal,304.023,6081,0.2876,6e4259f1-cba3-4c63-9c72-e3073eb90b1e,e2b5d1af-611f-418e-93d3-019b7b7ef4af,123,lembang,cikatomas pakidulan joszzz,,,2ce4ac57-b500-4e37-ac53-f80371a55585,ch01_00000000014000100.mp4,
327,9026,motorcycle,1motor,1motor,Motorcycle,1,Motorcycle / 3-wheel vehicle,1motor,1,Line 1,opposite,305.0229,6101,0.6419,6e4259f1-cba3-4c63-9c72-e3073eb90b1e,e2b5d1af-611f-418e-93d3-019b7b7ef4af,123,lembang,cikatomas pakidulan joszzz,,,2ce4ac57-b500-4e37-ac53-f80371a55585,ch01_00000000014000100.mp4,
328,9026,motorcycle,1motor,1motor,Motorcycle,1,Motorcycle / 3-wheel vehicle,1motor,2,Line 2,opposite,305.4729,6110,0.6793,6e4259f1-cba3-4c63-9c72-e3073eb90b1e,e2b5d1af-611f-418e-93d3-019b7b7ef4af,123,lembang,cikatomas pakidulan joszzz,,,2ce4ac57-b500-4e37-ac53-f80371a55585,ch01_00000000014000100.mp4,
329,9115,car,2mobil,2mobil,Car / Sedan,2,Sedan / jeep / station wagon,2mobil,2,Line 2,opposite,310.8224,6217,0.3187,6e4259f1-cba3-4c63-9c72-e3073eb90b1e,e2b5d1af-611f-418e-93d3-019b7b7ef4af,123,lembang,cikatomas pakidulan joszzz,,,2ce4ac57-b500-4e37-ac53-f80371a55585,ch01_00000000014000100.mp4,
330,9223,car,3ang_umum,3ang_umum,Public Transportation (Angkot),3,Medium passenger vehicle,3ang_umum,1,Line 1,opposite,312.3223,6247,0.602,6e4259f1-cba3-4c63-9c72-e3073eb90b1e,e2b5d1af-611f-418e-93d3-019b7b7ef4af,123,lembang,cikatomas pakidulan joszzz,,,2ce4ac57-b500-4e37-ac53-f80371a55585,ch01_00000000014000100.mp4,
331,9250,truck,4pickupmicro,4PickupMicro,Pickup / Micro Truck,4,Pickup / micro truck / delivery,4pickupmicro,1,Line 1,opposite,312.7723,6256,0.8412,6e4259f1-cba3-4c63-9c72-e3073eb90b1e,e2b5d1af-611f-418e-93d3-019b7b7ef4af,123,lembang,cikatomas pakidulan joszzz,,,2ce4ac57-b500-4e37-ac53-f80371a55585,ch01_00000000014000100.mp4,
332,9223,car,3ang_umum,3ang_umum,Public Transportation (Angkot),3,Medium passenger vehicle,3ang_umum,2,Line 2,opposite,312.8223,6257,0.6508,6e4259f1-cba3-4c63-9c72-e3073eb90b1e,e2b5d1af-611f-418e-93d3-019b7b7ef4af,123,lembang,cikatomas pakidulan joszzz,,,2ce4ac57-b500-4e37-ac53-f80371a55585,ch01_00000000014000100.mp4,
333,9250,truck,4pickupmicro,4PickupMicro,Pickup / Micro Truck,4,Pickup / micro truck / delivery,4pickupmicro,2,Line 2,opposite,313.2222,6265,0.77,6e4259f1-cba3-4c63-9c72-e3073eb90b1e,e2b5d1af-611f-418e-93d3-019b7b7ef4af,123,lembang,cikatomas pakidulan joszzz,,,2ce4ac57-b500-4e37-ac53-f80371a55585,ch01_00000000014000100.mp4,
334,9305,car,3ang_umum,3ang_umum,Public Transportation (Angkot),3,Medium passenger vehicle,3ang_umum,1,Line 1,opposite,313.9222,6279,0.8755,6e4259f1-cba3-4c63-9c72-e3073eb90b1e,e2b5d1af-611f-418e-93d3-019b7b7ef4af,123,lembang,cikatomas pakidulan joszzz,,,2ce4ac57-b500-4e37-ac53-f80371a55585,ch01_00000000014000100.mp4,
335,9299,car,2mobil,2mobil,Car / Sedan,2,Sedan / jeep / station wagon,2mobil,1,Line 1,opposite,314.0221,6281,0.3583,6e4259f1-cba3-4c63-9c72-e3073eb90b1e,e2b5d1af-611f-418e-93d3-019b7b7ef4af,123,lembang,cikatomas pakidulan joszzz,,,2ce4ac57-b500-4e37-ac53-f80371a55585,ch01_00000000014000100.mp4,
336,9299,car,2mobil,2mobil,Car / Sedan,2,Sedan / jeep / station wagon,2mobil,2,Line 2,opposite,314.4221,6289,0.7887,6e4259f1-cba3-4c63-9c72-e3073eb90b1e,e2b5d1af-611f-418e-93d3-019b7b7ef4af,123,lembang,cikatomas pakidulan joszzz,,,2ce4ac57-b500-4e37-ac53-f80371a55585,ch01_00000000014000100.mp4,
337,9358,car,2mobil,2mobil,Car / Sedan,2,Sedan / jeep / station wagon,2mobil,1,Line 1,opposite,315.372,6308,0.4645,6e4259f1-cba3-4c63-9c72-e3073eb90b1e,e2b5d1af-611f-418e-93d3-019b7b7ef4af,123,lembang,cikatomas pakidulan joszzz,,,2ce4ac57-b500-4e37-ac53-f80371a55585,ch01_00000000014000100.mp4,
338,9385,car,3ang_umum,3ang_umum,Public Transportation (Angkot),3,Medium passenger vehicle,3ang_umum,1,Line 1,opposite,315.372,6308,0.416,6e4259f1-cba3-4c63-9c72-e3073eb90b1e,e2b5d1af-611f-418e-93d3-019b7b7ef4af,123,lembang,cikatomas pakidulan joszzz,,,2ce4ac57-b500-4e37-ac53-f80371a55585,ch01_00000000014000100.mp4,
339,9358,car,2mobil,2mobil,Car / Sedan,2,Sedan / jeep / station wagon,2mobil,2,Line 2,opposite,315.822,6317,0.422,6e4259f1-cba3-4c63-9c72-e3073eb90b1e,e2b5d1af-611f-418e-93d3-019b7b7ef4af,123,lembang,cikatomas pakidulan joszzz,,,2ce4ac57-b500-4e37-ac53-f80371a55585,ch01_00000000014000100.mp4,
340,9385,car,3ang_umum,3ang_umum,Public Transportation (Angkot),3,Medium passenger vehicle,3ang_umum,2,Line 2,opposite,315.822,6317,0.628,6e4259f1-cba3-4c63-9c72-e3073eb90b1e,e2b5d1af-611f-418e-93d3-019b7b7ef4af,123,lembang,cikatomas pakidulan joszzz,,,2ce4ac57-b500-4e37-ac53-f80371a55585,ch01_00000000014000100.mp4,
341,800106,motorcycle,1motor,1motor,Motorcycle,1,Motorcycle / 3-wheel vehicle,1motor,2,Line 2,opposite,316.6219,6333,0.2998,6e4259f1-cba3-4c63-9c72-e3073eb90b1e,e2b5d1af-611f-418e-93d3-019b7b7ef4af,123,lembang,cikatomas pakidulan joszzz,,,2ce4ac57-b500-4e37-ac53-f80371a55585,ch01_00000000014000100.mp4,
342,9455,motorcycle,1motor,1motor,Motorcycle,1,Motorcycle / 3-wheel vehicle,1motor,2,Line 2,opposite,317.3718,6348,0.8503,6e4259f1-cba3-4c63-9c72-e3073eb90b1e,e2b5d1af-611f-418e-93d3-019b7b7ef4af,123,lembang,cikatomas pakidulan joszzz,,,2ce4ac57-b500-4e37-ac53-f80371a55585,ch01_00000000014000100.mp4,
343,9507,motorcycle,1motor,1motor,Motorcycle,1,Motorcycle / 3-wheel vehicle,1motor,2,Line 2,opposite,318.0718,6362,0.8644,6e4259f1-cba3-4c63-9c72-e3073eb90b1e,e2b5d1af-611f-418e-93d3-019b7b7ef4af,123,lembang,cikatomas pakidulan joszzz,,,2ce4ac57-b500-4e37-ac53-f80371a55585,ch01_00000000014000100.mp4,
344,800106,motorcycle,1motor,1motor,Motorcycle,1,Motorcycle / 3-wheel vehicle,1motor,1,Line 1,normal,319.1717,6384,0.3098,6e4259f1-cba3-4c63-9c72-e3073eb90b1e,e2b5d1af-611f-418e-93d3-019b7b7ef4af,123,lembang,cikatomas pakidulan joszzz,,,2ce4ac57-b500-4e37-ac53-f80371a55585,ch01_00000000014000100.mp4,
345,9595,motorcycle,1motor,1motor,Motorcycle,1,Motorcycle / 3-wheel vehicle,1motor,1,Line 1,opposite,319.4217,6389,0.8595,6e4259f1-cba3-4c63-9c72-e3073eb90b1e,e2b5d1af-611f-418e-93d3-019b7b7ef4af,123,lembang,cikatomas pakidulan joszzz,,,2ce4ac57-b500-4e37-ac53-f80371a55585,ch01_00000000014000100.mp4,
346,9595,motorcycle,1motor,1motor,Motorcycle,1,Motorcycle / 3-wheel vehicle,1motor,2,Line 2,opposite,319.7716,6396,0.8543,6e4259f1-cba3-4c63-9c72-e3073eb90b1e,e2b5d1af-611f-418e-93d3-019b7b7ef4af,123,lembang,cikatomas pakidulan joszzz,,,2ce4ac57-b500-4e37-ac53-f80371a55585,ch01_00000000014000100.mp4,
347,9606,motorcycle,1motor,1motor,Motorcycle,1,Motorcycle / 3-wheel vehicle,1motor,1,Line 1,opposite,320.3216,6407,0.8265,6e4259f1-cba3-4c63-9c72-e3073eb90b1e,e2b5d1af-611f-418e-93d3-019b7b7ef4af,123,lembang,cikatomas pakidulan joszzz,,,2ce4ac57-b500-4e37-ac53-f80371a55585,ch01_00000000014000100.mp4,
348,9606,motorcycle,1motor,1motor,Motorcycle,1,Motorcycle / 3-wheel vehicle,1motor,2,Line 2,opposite,320.6716,6414,0.8593,6e4259f1-cba3-4c63-9c72-e3073eb90b1e,e2b5d1af-611f-418e-93d3-019b7b7ef4af,123,lembang,cikatomas pakidulan joszzz,,,2ce4ac57-b500-4e37-ac53-f80371a55585,ch01_00000000014000100.mp4,
349,9929,motorcycle,1motor,1motor,Motorcycle,1,Motorcycle / 3-wheel vehicle,1motor,2,Line 2,opposite,329.8207,6597,0.845,6e4259f1-cba3-4c63-9c72-e3073eb90b1e,e2b5d1af-611f-418e-93d3-019b7b7ef4af,123,lembang,cikatomas pakidulan joszzz,,,2ce4ac57-b500-4e37-ac53-f80371a55585,ch01_00000000014000100.mp4,
350,800108,motorcycle,1motor,1motor,Motorcycle,1,Motorcycle / 3-wheel vehicle,1motor,1,Line 1,opposite,330.8707,6618,0.4298,6e4259f1-cba3-4c63-9c72-e3073eb90b1e,e2b5d1af-611f-418e-93d3-019b7b7ef4af,123,lembang,cikatomas pakidulan joszzz,,,2ce4ac57-b500-4e37-ac53-f80371a55585,ch01_00000000014000100.mp4,
351,800108,motorcycle,1motor,1motor,Motorcycle,1,Motorcycle / 3-wheel vehicle,1motor,2,Line 2,opposite,330.8707,6618,0.4298,6e4259f1-cba3-4c63-9c72-e3073eb90b1e,e2b5d1af-611f-418e-93d3-019b7b7ef4af,123,lembang,cikatomas pakidulan joszzz,,,2ce4ac57-b500-4e37-ac53-f80371a55585,ch01_00000000014000100.mp4,
352,800110,motorcycle,1motor,1motor,Motorcycle,1,Motorcycle / 3-wheel vehicle,1motor,1,Line 1,opposite,333.1205,6663,0.1973,6e4259f1-cba3-4c63-9c72-e3073eb90b1e,e2b5d1af-611f-418e-93d3-019b7b7ef4af,123,lembang,cikatomas pakidulan joszzz,,,2ce4ac57-b500-4e37-ac53-f80371a55585,ch01_00000000014000100.mp4,
353,800110,motorcycle,1motor,1motor,Motorcycle,1,Motorcycle / 3-wheel vehicle,1motor,2,Line 2,opposite,333.4204,6669,0.3262,6e4259f1-cba3-4c63-9c72-e3073eb90b1e,e2b5d1af-611f-418e-93d3-019b7b7ef4af,123,lembang,cikatomas pakidulan joszzz,,,2ce4ac57-b500-4e37-ac53-f80371a55585,ch01_00000000014000100.mp4,
354,800109,motorcycle,1motor,1motor,Motorcycle,1,Motorcycle / 3-wheel vehicle,1motor,2,Line 2,opposite,334.0204,6681,0.5168,6e4259f1-cba3-4c63-9c72-e3073eb90b1e,e2b5d1af-611f-418e-93d3-019b7b7ef4af,123,lembang,cikatomas pakidulan joszzz,,,2ce4ac57-b500-4e37-ac53-f80371a55585,ch01_00000000014000100.mp4,
355,10037,car,2mobil,2mobil,Car / Sedan,2,Sedan / jeep / station wagon,2mobil,1,Line 1,opposite,335.0703,6702,0.7846,6e4259f1-cba3-4c63-9c72-e3073eb90b1e,e2b5d1af-611f-418e-93d3-019b7b7ef4af,123,lembang,cikatomas pakidulan joszzz,,,2ce4ac57-b500-4e37-ac53-f80371a55585,ch01_00000000014000100.mp4,
356,10037,car,2mobil,2mobil,Car / Sedan,2,Sedan / jeep / station wagon,2mobil,2,Line 2,opposite,335.6702,6714,0.9193,6e4259f1-cba3-4c63-9c72-e3073eb90b1e,e2b5d1af-611f-418e-93d3-019b7b7ef4af,123,lembang,cikatomas pakidulan joszzz,,,2ce4ac57-b500-4e37-ac53-f80371a55585,ch01_00000000014000100.mp4,
357,800111,motorcycle,1motor,1motor,Motorcycle,1,Motorcycle / 3-wheel vehicle,1motor,1,Line 1,normal,336.7201,6735,0.4801,6e4259f1-cba3-4c63-9c72-e3073eb90b1e,e2b5d1af-611f-418e-93d3-019b7b7ef4af,123,lembang,cikatomas pakidulan joszzz,,,2ce4ac57-b500-4e37-ac53-f80371a55585,ch01_00000000014000100.mp4,
358,800111,motorcycle,1motor,1motor,Motorcycle,1,Motorcycle / 3-wheel vehicle,1motor,2,Line 2,normal,336.7201,6735,0.4801,6e4259f1-cba3-4c63-9c72-e3073eb90b1e,e2b5d1af-611f-418e-93d3-019b7b7ef4af,123,lembang,cikatomas pakidulan joszzz,,,2ce4ac57-b500-4e37-ac53-f80371a55585,ch01_00000000014000100.mp4,
359,10164,motorcycle,1motor,1motor,Motorcycle,1,Motorcycle / 3-wheel vehicle,1motor,1,Line 1,opposite,337.87,6758,0.875,6e4259f1-cba3-4c63-9c72-e3073eb90b1e,e2b5d1af-611f-418e-93d3-019b7b7ef4af,123,lembang,cikatomas pakidulan joszzz,,,2ce4ac57-b500-4e37-ac53-f80371a55585,ch01_00000000014000100.mp4,
360,10164,motorcycle,1motor,1motor,Motorcycle,1,Motorcycle / 3-wheel vehicle,1motor,2,Line 2,opposite,338.52,6771,0.8513,6e4259f1-cba3-4c63-9c72-e3073eb90b1e,e2b5d1af-611f-418e-93d3-019b7b7ef4af,123,lembang,cikatomas pakidulan joszzz,,,2ce4ac57-b500-4e37-ac53-f80371a55585,ch01_00000000014000100.mp4,
361,10228,car,3ang_umum,3ang_umum,Public Transportation (Angkot),3,Medium passenger vehicle,3ang_umum,2,Line 2,normal,339.3199,6787,0.3816,6e4259f1-cba3-4c63-9c72-e3073eb90b1e,e2b5d1af-611f-418e-93d3-019b7b7ef4af,123,lembang,cikatomas pakidulan joszzz,,,2ce4ac57-b500-4e37-ac53-f80371a55585,ch01_00000000014000100.mp4,
362,800112,motorcycle,1motor,1motor,Motorcycle,1,Motorcycle / 3-wheel vehicle,1motor,2,Line 2,opposite,339.7199,6795,0.3382,6e4259f1-cba3-4c63-9c72-e3073eb90b1e,e2b5d1af-611f-418e-93d3-019b7b7ef4af,123,lembang,cikatomas pakidulan joszzz,,,2ce4ac57-b500-4e37-ac53-f80371a55585,ch01_00000000014000100.mp4,
363,10260,motorcycle,1motor,1motor,Motorcycle,1,Motorcycle / 3-wheel vehicle,1motor,1,Line 1,opposite,340.3198,6807,0.8467,6e4259f1-cba3-4c63-9c72-e3073eb90b1e,e2b5d1af-611f-418e-93d3-019b7b7ef4af,123,lembang,cikatomas pakidulan joszzz,,,2ce4ac57-b500-4e37-ac53-f80371a55585,ch01_00000000014000100.mp4,
364,10260,motorcycle,1motor,1motor,Motorcycle,1,Motorcycle / 3-wheel vehicle,1motor,2,Line 2,opposite,340.8198,6817,0.8133,6e4259f1-cba3-4c63-9c72-e3073eb90b1e,e2b5d1af-611f-418e-93d3-019b7b7ef4af,123,lembang,cikatomas pakidulan joszzz,,,2ce4ac57-b500-4e37-ac53-f80371a55585,ch01_00000000014000100.mp4,
365,800113,motorcycle,1motor,1motor,Motorcycle,1,Motorcycle / 3-wheel vehicle,1motor,1,Line 1,opposite,343.1696,6864,0.3043,6e4259f1-cba3-4c63-9c72-e3073eb90b1e,e2b5d1af-611f-418e-93d3-019b7b7ef4af,123,lembang,cikatomas pakidulan joszzz,,,2ce4ac57-b500-4e37-ac53-f80371a55585,ch01_00000000014000100.mp4,
366,800113,motorcycle,1motor,1motor,Motorcycle,1,Motorcycle / 3-wheel vehicle,1motor,2,Line 2,opposite,343.3195,6867,0.3006,6e4259f1-cba3-4c63-9c72-e3073eb90b1e,e2b5d1af-611f-418e-93d3-019b7b7ef4af,123,lembang,cikatomas pakidulan joszzz,,,2ce4ac57-b500-4e37-ac53-f80371a55585,ch01_00000000014000100.mp4,
367,10411,motorcycle,1motor,1motor,Motorcycle,1,Motorcycle / 3-wheel vehicle,1motor,2,Line 2,opposite,344.1695,6884,0.5079,6e4259f1-cba3-4c63-9c72-e3073eb90b1e,e2b5d1af-611f-418e-93d3-019b7b7ef4af,123,lembang,cikatomas pakidulan joszzz,,,2ce4ac57-b500-4e37-ac53-f80371a55585,ch01_00000000014000100.mp4,
368,10488,car,3ang_umum,3ang_umum,Public Transportation (Angkot),3,Medium passenger vehicle,3ang_umum,2,Line 2,normal,346.1693,6924,0.3959,6e4259f1-cba3-4c63-9c72-e3073eb90b1e,e2b5d1af-611f-418e-93d3-019b7b7ef4af,123,lembang,cikatomas pakidulan joszzz,,,2ce4ac57-b500-4e37-ac53-f80371a55585,ch01_00000000014000100.mp4,
369,10474,car,2mobil,2mobil,Car / Sedan,2,Sedan / jeep / station wagon,2mobil,1,Line 1,opposite,346.2193,6925,0.8331,6e4259f1-cba3-4c63-9c72-e3073eb90b1e,e2b5d1af-611f-418e-93d3-019b7b7ef4af,123,lembang,cikatomas pakidulan joszzz,,,2ce4ac57-b500-4e37-ac53-f80371a55585,ch01_00000000014000100.mp4,
370,10474,car,2mobil,2mobil,Car / Sedan,2,Sedan / jeep / station wagon,2mobil,2,Line 2,opposite,346.5193,6931,0.8052,6e4259f1-cba3-4c63-9c72-e3073eb90b1e,e2b5d1af-611f-418e-93d3-019b7b7ef4af,123,lembang,cikatomas pakidulan joszzz,,,2ce4ac57-b500-4e37-ac53-f80371a55585,ch01_00000000014000100.mp4,
371,10552,car,3ang_umum,3ang_umum,Public Transportation (Angkot),3,Medium passenger vehicle,3ang_umum,1,Line 1,opposite,348.6691,6974,0.9241,6e4259f1-cba3-4c63-9c72-e3073eb90b1e,e2b5d1af-611f-418e-93d3-019b7b7ef4af,123,lembang,cikatomas pakidulan joszzz,,,2ce4ac57-b500-4e37-ac53-f80371a55585,ch01_00000000014000100.mp4,
372,10552,car,3ang_umum,3ang_umum,Public Transportation (Angkot),3,Medium passenger vehicle,3ang_umum,2,Line 2,opposite,348.969,6980,0.9226,6e4259f1-cba3-4c63-9c72-e3073eb90b1e,e2b5d1af-611f-418e-93d3-019b7b7ef4af,123,lembang,cikatomas pakidulan joszzz,,,2ce4ac57-b500-4e37-ac53-f80371a55585,ch01_00000000014000100.mp4,
373,10610,motorcycle,1motor,1motor,Motorcycle,1,Motorcycle / 3-wheel vehicle,1motor,1,Line 1,opposite,349.669,6994,0.7801,6e4259f1-cba3-4c63-9c72-e3073eb90b1e,e2b5d1af-611f-418e-93d3-019b7b7ef4af,123,lembang,cikatomas pakidulan joszzz,,,2ce4ac57-b500-4e37-ac53-f80371a55585,ch01_00000000014000100.mp4,
374,10610,motorcycle,1motor,1motor,Motorcycle,1,Motorcycle / 3-wheel vehicle,1motor,2,Line 2,opposite,350.1189,7003,0.835,6e4259f1-cba3-4c63-9c72-e3073eb90b1e,e2b5d1af-611f-418e-93d3-019b7b7ef4af,123,lembang,cikatomas pakidulan joszzz,,,2ce4ac57-b500-4e37-ac53-f80371a55585,ch01_00000000014000100.mp4,
375,10631,car,3ang_umum,3ang_umum,Public Transportation (Angkot),3,Medium passenger vehicle,3ang_umum,2,Line 2,opposite,350.6189,7013,0.7862,6e4259f1-cba3-4c63-9c72-e3073eb90b1e,e2b5d1af-611f-418e-93d3-019b7b7ef4af,123,lembang,cikatomas pakidulan joszzz,,,2ce4ac57-b500-4e37-ac53-f80371a55585,ch01_00000000014000100.mp4,
376,10644,car,2mobil,2mobil,Car / Sedan,2,Sedan / jeep / station wagon,2mobil,1,Line 1,opposite,351.5688,7032,0.639,6e4259f1-cba3-4c63-9c72-e3073eb90b1e,e2b5d1af-611f-418e-93d3-019b7b7ef4af,123,lembang,cikatomas pakidulan joszzz,,,2ce4ac57-b500-4e37-ac53-f80371a55585,ch01_00000000014000100.mp4,
377,10644,car,2mobil,2mobil,Car / Sedan,2,Sedan / jeep / station wagon,2mobil,2,Line 2,opposite,351.8688,7038,0.599,6e4259f1-cba3-4c63-9c72-e3073eb90b1e,e2b5d1af-611f-418e-93d3-019b7b7ef4af,123,lembang,cikatomas pakidulan joszzz,,,2ce4ac57-b500-4e37-ac53-f80371a55585,ch01_00000000014000100.mp4,
378,800115,motorcycle,1motor,1motor,Motorcycle,1,Motorcycle / 3-wheel vehicle,1motor,2,Line 2,normal,352.0188,7041,0.2783,6e4259f1-cba3-4c63-9c72-e3073eb90b1e,e2b5d1af-611f-418e-93d3-019b7b7ef4af,123,lembang,cikatomas pakidulan joszzz,,,2ce4ac57-b500-4e37-ac53-f80371a55585,ch01_00000000014000100.mp4,
379,10680,motorcycle,1motor,1motor,Motorcycle,1,Motorcycle / 3-wheel vehicle,1motor,2,Line 2,opposite,352.2688,7046,0.8521,6e4259f1-cba3-4c63-9c72-e3073eb90b1e,e2b5d1af-611f-418e-93d3-019b7b7ef4af,123,lembang,cikatomas pakidulan joszzz,,,2ce4ac57-b500-4e37-ac53-f80371a55585,ch01_00000000014000100.mp4,
380,10664,truck,6tr_2sumbu,6TR_2sumbu,2-Axle Truck (Jumbo),6,2-Axle Truck,6tr_2sumbu,1,Line 1,opposite,352.5187,7051,0.8783,6e4259f1-cba3-4c63-9c72-e3073eb90b1e,e2b5d1af-611f-418e-93d3-019b7b7ef4af,123,lembang,cikatomas pakidulan joszzz,,,2ce4ac57-b500-4e37-ac53-f80371a55585,ch01_00000000014000100.mp4,
381,10664,truck,6tr_2sumbu,6TR_2sumbu,2-Axle Truck (Jumbo),6,2-Axle Truck,6tr_2sumbu,2,Line 2,opposite,352.9187,7059,0.694,6e4259f1-cba3-4c63-9c72-e3073eb90b1e,e2b5d1af-611f-418e-93d3-019b7b7ef4af,123,lembang,cikatomas pakidulan joszzz,,,2ce4ac57-b500-4e37-ac53-f80371a55585,ch01_00000000014000100.mp4,
382,10707,car,2mobil,2mobil,Car / Sedan,2,Sedan / jeep / station wagon,2mobil,1,Line 1,opposite,353.8686,7078,0.9162,6e4259f1-cba3-4c63-9c72-e3073eb90b1e,e2b5d1af-611f-418e-93d3-019b7b7ef4af,123,lembang,cikatomas pakidulan joszzz,,,2ce4ac57-b500-4e37-ac53-f80371a55585,ch01_00000000014000100.mp4,
383,800115,motorcycle,1motor,1motor,Motorcycle,1,Motorcycle / 3-wheel vehicle,1motor,1,Line 1,normal,354.1186,7083,0.1587,6e4259f1-cba3-4c63-9c72-e3073eb90b1e,e2b5d1af-611f-418e-93d3-019b7b7ef4af,123,lembang,cikatomas pakidulan joszzz,,,2ce4ac57-b500-4e37-ac53-f80371a55585,ch01_00000000014000100.mp4,
384,10707,car,2mobil,2mobil,Car / Sedan,2,Sedan / jeep / station wagon,2mobil,2,Line 2,opposite,354.1686,7084,0.9069,6e4259f1-cba3-4c63-9c72-e3073eb90b1e,e2b5d1af-611f-418e-93d3-019b7b7ef4af,123,lembang,cikatomas pakidulan joszzz,,,2ce4ac57-b500-4e37-ac53-f80371a55585,ch01_00000000014000100.mp4,
385,10752,motorcycle,1motor,1motor,Motorcycle,1,Motorcycle / 3-wheel vehicle,1motor,1,Line 1,opposite,355.2685,7106,0.8292,6e4259f1-cba3-4c63-9c72-e3073eb90b1e,e2b5d1af-611f-418e-93d3-019b7b7ef4af,123,lembang,cikatomas pakidulan joszzz,,,2ce4ac57-b500-4e37-ac53-f80371a55585,ch01_00000000014000100.mp4,
386,10773,car,2mobil,2mobil,Car / Sedan,2,Sedan / jeep / station wagon,2mobil,1,Line 1,opposite,355.3185,7107,0.5208,6e4259f1-cba3-4c63-9c72-e3073eb90b1e,e2b5d1af-611f-418e-93d3-019b7b7ef4af,123,lembang,cikatomas pakidulan joszzz,,,2ce4ac57-b500-4e37-ac53-f80371a55585,ch01_00000000014000100.mp4,
387,10773,car,2mobil,2mobil,Car / Sedan,2,Sedan / jeep / station wagon,2mobil,2,Line 2,opposite,355.6185,7113,0.6329,6e4259f1-cba3-4c63-9c72-e3073eb90b1e,e2b5d1af-611f-418e-93d3-019b7b7ef4af,123,lembang,cikatomas pakidulan joszzz,,,2ce4ac57-b500-4e37-ac53-f80371a55585,ch01_00000000014000100.mp4,
388,10651,car,3ang_umum,3ang_umum,Public Transportation (Angkot),3,Medium passenger vehicle,3ang_umum,2,Line 2,normal,355.7684,7116,0.3404,6e4259f1-cba3-4c63-9c72-e3073eb90b1e,e2b5d1af-611f-418e-93d3-019b7b7ef4af,123,lembang,cikatomas pakidulan joszzz,,,2ce4ac57-b500-4e37-ac53-f80371a55585,ch01_00000000014000100.mp4,
389,10752,motorcycle,1motor,1motor,Motorcycle,1,Motorcycle / 3-wheel vehicle,1motor,2,Line 2,opposite,355.8684,7118,0.7934,6e4259f1-cba3-4c63-9c72-e3073eb90b1e,e2b5d1af-611f-418e-93d3-019b7b7ef4af,123,lembang,cikatomas pakidulan joszzz,,,2ce4ac57-b500-4e37-ac53-f80371a55585,ch01_00000000014000100.mp4,
390,800117,motorcycle,1motor,1motor,Motorcycle,1,Motorcycle / 3-wheel vehicle,1motor,1,Line 1,opposite,356.3684,7128,0.5353,6e4259f1-cba3-4c63-9c72-e3073eb90b1e,e2b5d1af-611f-418e-93d3-019b7b7ef4af,123,lembang,cikatomas pakidulan joszzz,,,2ce4ac57-b500-4e37-ac53-f80371a55585,ch01_00000000014000100.mp4,
391,10843,motorcycle,1motor,1motor,Motorcycle,1,Motorcycle / 3-wheel vehicle,1motor,1,Line 1,opposite,356.9683,7140,0.7425,6e4259f1-cba3-4c63-9c72-e3073eb90b1e,e2b5d1af-611f-418e-93d3-019b7b7ef4af,123,lembang,cikatomas pakidulan joszzz,,,2ce4ac57-b500-4e37-ac53-f80371a55585,ch01_00000000014000100.mp4,
392,10882,motorcycle,1motor,1motor,Motorcycle,1,Motorcycle / 3-wheel vehicle,1motor,1,Line 1,opposite,357.3183,7147,0.6703,6e4259f1-cba3-4c63-9c72-e3073eb90b1e,e2b5d1af-611f-418e-93d3-019b7b7ef4af,123,lembang,cikatomas pakidulan joszzz,,,2ce4ac57-b500-4e37-ac53-f80371a55585,ch01_00000000014000100.mp4,
393,10882,motorcycle,1motor,1motor,Motorcycle,1,Motorcycle / 3-wheel vehicle,1motor,2,Line 2,opposite,357.6683,7154,0.5842,6e4259f1-cba3-4c63-9c72-e3073eb90b1e,e2b5d1af-611f-418e-93d3-019b7b7ef4af,123,lembang,cikatomas pakidulan joszzz,,,2ce4ac57-b500-4e37-ac53-f80371a55585,ch01_00000000014000100.mp4,
394,800119,motorcycle,1motor,1motor,Motorcycle,1,Motorcycle / 3-wheel vehicle,1motor,2,Line 2,normal,357.8683,7158,0.1559,6e4259f1-cba3-4c63-9c72-e3073eb90b1e,e2b5d1af-611f-418e-93d3-019b7b7ef4af,123,lembang,cikatomas pakidulan joszzz,,,2ce4ac57-b500-4e37-ac53-f80371a55585,ch01_00000000014000100.mp4,
395,800119,motorcycle,1motor,1motor,Motorcycle,1,Motorcycle / 3-wheel vehicle,1motor,1,Line 1,normal,358.0182,7161,0.4089,6e4259f1-cba3-4c63-9c72-e3073eb90b1e,e2b5d1af-611f-418e-93d3-019b7b7ef4af,123,lembang,cikatomas pakidulan joszzz,,,2ce4ac57-b500-4e37-ac53-f80371a55585,ch01_00000000014000100.mp4,
396,10854,motorcycle,1motor,1motor,Motorcycle,1,Motorcycle / 3-wheel vehicle,1motor,2,Line 2,opposite,358.2182,7165,0.7715,6e4259f1-cba3-4c63-9c72-e3073eb90b1e,e2b5d1af-611f-418e-93d3-019b7b7ef4af,123,lembang,cikatomas pakidulan joszzz,,,2ce4ac57-b500-4e37-ac53-f80371a55585,ch01_00000000014000100.mp4,
397,10906,motorcycle,1motor,1motor,Motorcycle,1,Motorcycle / 3-wheel vehicle,1motor,2,Line 2,opposite,358.7182,7175,0.828,6e4259f1-cba3-4c63-9c72-e3073eb90b1e,e2b5d1af-611f-418e-93d3-019b7b7ef4af,123,lembang,cikatomas pakidulan joszzz,,,2ce4ac57-b500-4e37-ac53-f80371a55585,ch01_00000000014000100.mp4,
398,10932,motorcycle,1motor,1motor,Motorcycle,1,Motorcycle / 3-wheel vehicle,1motor,2,Line 2,opposite,359.0682,7182,0.8395,6e4259f1-cba3-4c63-9c72-e3073eb90b1e,e2b5d1af-611f-418e-93d3-019b7b7ef4af,123,lembang,cikatomas pakidulan joszzz,,,2ce4ac57-b500-4e37-ac53-f80371a55585,ch01_00000000014000100.mp4,
399,10975,car,3ang_umum,3ang_umum,Public Transportation (Angkot),3,Medium passenger vehicle,3ang_umum,2,Line 2,normal,360.818,7217,0.2829,6e4259f1-cba3-4c63-9c72-e3073eb90b1e,e2b5d1af-611f-418e-93d3-019b7b7ef4af,123,lembang,cikatomas pakidulan joszzz,,,2ce4ac57-b500-4e37-ac53-f80371a55585,ch01_00000000014000100.mp4,
400,800120,motorcycle,1motor,1motor,Motorcycle,1,Motorcycle / 3-wheel vehicle,1motor,2,Line 2,opposite,363.2678,7266,0.3001,6e4259f1-cba3-4c63-9c72-e3073eb90b1e,e2b5d1af-611f-418e-93d3-019b7b7ef4af,123,lembang,cikatomas pakidulan joszzz,,,2ce4ac57-b500-4e37-ac53-f80371a55585,ch01_00000000014000100.mp4,
401,11149,motorcycle,1motor,1motor,Motorcycle,1,Motorcycle / 3-wheel vehicle,1motor,2,Line 2,opposite,366.7175,7335,0.684,6e4259f1-cba3-4c63-9c72-e3073eb90b1e,e2b5d1af-611f-418e-93d3-019b7b7ef4af,123,lembang,cikatomas pakidulan joszzz,,,2ce4ac57-b500-4e37-ac53-f80371a55585,ch01_00000000014000100.mp4,
402,11158,car,2mobil,2mobil,Car / Sedan,2,Sedan / jeep / station wagon,2mobil,1,Line 1,opposite,367.2674,7346,0.5201,6e4259f1-cba3-4c63-9c72-e3073eb90b1e,e2b5d1af-611f-418e-93d3-019b7b7ef4af,123,lembang,cikatomas pakidulan joszzz,,,2ce4ac57-b500-4e37-ac53-f80371a55585,ch01_00000000014000100.mp4,
403,11158,car,2mobil,2mobil,Car / Sedan,2,Sedan / jeep / station wagon,2mobil,2,Line 2,opposite,367.6174,7353,0.4598,6e4259f1-cba3-4c63-9c72-e3073eb90b1e,e2b5d1af-611f-418e-93d3-019b7b7ef4af,123,lembang,cikatomas pakidulan joszzz,,,2ce4ac57-b500-4e37-ac53-f80371a55585,ch01_00000000014000100.mp4,
404,800121,motorcycle,1motor,1motor,Motorcycle,1,Motorcycle / 3-wheel vehicle,1motor,1,Line 1,opposite,367.7674,7356,0.4385,6e4259f1-cba3-4c63-9c72-e3073eb90b1e,e2b5d1af-611f-418e-93d3-019b7b7ef4af,123,lembang,cikatomas pakidulan joszzz,,,2ce4ac57-b500-4e37-ac53-f80371a55585,ch01_00000000014000100.mp4,
405,800121,motorcycle,1motor,1motor,Motorcycle,1,Motorcycle / 3-wheel vehicle,1motor,2,Line 2,opposite,367.7674,7356,0.4385,6e4259f1-cba3-4c63-9c72-e3073eb90b1e,e2b5d1af-611f-418e-93d3-019b7b7ef4af,123,lembang,cikatomas pakidulan joszzz,,,2ce4ac57-b500-4e37-ac53-f80371a55585,ch01_00000000014000100.mp4,
406,800123,motorcycle,1motor,1motor,Motorcycle,1,Motorcycle / 3-wheel vehicle,1motor,1,Line 1,normal,369.8672,7398,0.5279,6e4259f1-cba3-4c63-9c72-e3073eb90b1e,e2b5d1af-611f-418e-93d3-019b7b7ef4af,123,lembang,cikatomas pakidulan joszzz,,,2ce4ac57-b500-4e37-ac53-f80371a55585,ch01_00000000014000100.mp4,
407,800123,motorcycle,1motor,1motor,Motorcycle,1,Motorcycle / 3-wheel vehicle,1motor,2,Line 2,normal,369.8672,7398,0.5279,6e4259f1-cba3-4c63-9c72-e3073eb90b1e,e2b5d1af-611f-418e-93d3-019b7b7ef4af,123,lembang,cikatomas pakidulan joszzz,,,2ce4ac57-b500-4e37-ac53-f80371a55585,ch01_00000000014000100.mp4,
408,11283,motorcycle,1motor,1motor,Motorcycle,1,Motorcycle / 3-wheel vehicle,1motor,1,Line 1,opposite,370.7171,7415,0.8219,6e4259f1-cba3-4c63-9c72-e3073eb90b1e,e2b5d1af-611f-418e-93d3-019b7b7ef4af,123,lembang,cikatomas pakidulan joszzz,,,2ce4ac57-b500-4e37-ac53-f80371a55585,ch01_00000000014000100.mp4,
409,11283,motorcycle,1motor,1motor,Motorcycle,1,Motorcycle / 3-wheel vehicle,1motor,2,Line 2,opposite,371.0671,7422,0.8615,6e4259f1-cba3-4c63-9c72-e3073eb90b1e,e2b5d1af-611f-418e-93d3-019b7b7ef4af,123,lembang,cikatomas pakidulan joszzz,,,2ce4ac57-b500-4e37-ac53-f80371a55585,ch01_00000000014000100.mp4,
410,11348,car,2mobil,2mobil,Car / Sedan,2,Sedan / jeep / station wagon,2mobil,1,Line 1,opposite,372.467,7450,0.71,6e4259f1-cba3-4c63-9c72-e3073eb90b1e,e2b5d1af-611f-418e-93d3-019b7b7ef4af,123,lembang,cikatomas pakidulan joszzz,,,2ce4ac57-b500-4e37-ac53-f80371a55585,ch01_00000000014000100.mp4,
411,11348,car,2mobil,2mobil,Car / Sedan,2,Sedan / jeep / station wagon,2mobil,2,Line 2,opposite,372.7169,7455,0.4744,6e4259f1-cba3-4c63-9c72-e3073eb90b1e,e2b5d1af-611f-418e-93d3-019b7b7ef4af,123,lembang,cikatomas pakidulan joszzz,,,2ce4ac57-b500-4e37-ac53-f80371a55585,ch01_00000000014000100.mp4,
412,11313,car,3ang_umum,3ang_umum,Public Transportation (Angkot),3,Medium passenger vehicle,3ang_umum,2,Line 2,normal,373.5169,7471,0.2988,6e4259f1-cba3-4c63-9c72-e3073eb90b1e,e2b5d1af-611f-418e-93d3-019b7b7ef4af,123,lembang,cikatomas pakidulan joszzz,,,2ce4ac57-b500-4e37-ac53-f80371a55585,ch01_00000000014000100.mp4,
413,800126,motorcycle,1motor,1motor,Motorcycle,1,Motorcycle / 3-wheel vehicle,1motor,1,Line 1,opposite,373.6169,7473,0.5363,6e4259f1-cba3-4c63-9c72-e3073eb90b1e,e2b5d1af-611f-418e-93d3-019b7b7ef4af,123,lembang,cikatomas pakidulan joszzz,,,2ce4ac57-b500-4e37-ac53-f80371a55585,ch01_00000000014000100.mp4,
414,11419,motorcycle,1motor,1motor,Motorcycle,1,Motorcycle / 3-wheel vehicle,1motor,2,Line 2,opposite,373.9168,7479,0.868,6e4259f1-cba3-4c63-9c72-e3073eb90b1e,e2b5d1af-611f-418e-93d3-019b7b7ef4af,123,lembang,cikatomas pakidulan joszzz,,,2ce4ac57-b500-4e37-ac53-f80371a55585,ch01_00000000014000100.mp4,
415,11443,motorcycle,1motor,1motor,Motorcycle,1,Motorcycle / 3-wheel vehicle,1motor,1,Line 1,opposite,374.2668,7486,0.7064,6e4259f1-cba3-4c63-9c72-e3073eb90b1e,e2b5d1af-611f-418e-93d3-019b7b7ef4af,123,lembang,cikatomas pakidulan joszzz,,,2ce4ac57-b500-4e37-ac53-f80371a55585,ch01_00000000014000100.mp4,
416,11443,motorcycle,1motor,1motor,Motorcycle,1,Motorcycle / 3-wheel vehicle,1motor,2,Line 2,opposite,374.6668,7494,0.8508,6e4259f1-cba3-4c63-9c72-e3073eb90b1e,e2b5d1af-611f-418e-93d3-019b7b7ef4af,123,lembang,cikatomas pakidulan joszzz,,,2ce4ac57-b500-4e37-ac53-f80371a55585,ch01_00000000014000100.mp4,
417,11559,car,2mobil,2mobil,Car / Sedan,2,Sedan / jeep / station wagon,2mobil,1,Line 1,opposite,378.9164,7579,0.9218,6e4259f1-cba3-4c63-9c72-e3073eb90b1e,e2b5d1af-611f-418e-93d3-019b7b7ef4af,123,lembang,cikatomas pakidulan joszzz,,,2ce4ac57-b500-4e37-ac53-f80371a55585,ch01_00000000014000100.mp4,
418,11559,car,2mobil,2mobil,Car / Sedan,2,Sedan / jeep / station wagon,2mobil,2,Line 2,opposite,379.3164,7587,0.8631,6e4259f1-cba3-4c63-9c72-e3073eb90b1e,e2b5d1af-611f-418e-93d3-019b7b7ef4af,123,lembang,cikatomas pakidulan joszzz,,,2ce4ac57-b500-4e37-ac53-f80371a55585,ch01_00000000014000100.mp4,
419,800128,motorcycle,1motor,1motor,Motorcycle,1,Motorcycle / 3-wheel vehicle,1motor,1,Line 1,opposite,384.4159,7689,0.437,6e4259f1-cba3-4c63-9c72-e3073eb90b1e,e2b5d1af-611f-418e-93d3-019b7b7ef4af,123,lembang,cikatomas pakidulan joszzz,,,2ce4ac57-b500-4e37-ac53-f80371a55585,ch01_00000000014000100.mp4,
420,11790,car,2mobil,2mobil,Car / Sedan,2,Sedan / jeep / station wagon,2mobil,1,Line 1,opposite,384.8659,7698,0.5395,6e4259f1-cba3-4c63-9c72-e3073eb90b1e,e2b5d1af-611f-418e-93d3-019b7b7ef4af,123,lembang,cikatomas pakidulan joszzz,,,2ce4ac57-b500-4e37-ac53-f80371a55585,ch01_00000000014000100.mp4,
421,11790,car,2mobil,2mobil,Car / Sedan,2,Sedan / jeep / station wagon,2mobil,2,Line 2,opposite,385.4158,7709,0.613,6e4259f1-cba3-4c63-9c72-e3073eb90b1e,e2b5d1af-611f-418e-93d3-019b7b7ef4af,123,lembang,cikatomas pakidulan joszzz,,,2ce4ac57-b500-4e37-ac53-f80371a55585,ch01_00000000014000100.mp4,
422,11836,car,3ang_umum,3ang_umum,Public Transportation (Angkot),3,Medium passenger vehicle,3ang_umum,1,Line 1,opposite,386.0158,7721,0.8403,6e4259f1-cba3-4c63-9c72-e3073eb90b1e,e2b5d1af-611f-418e-93d3-019b7b7ef4af,123,lembang,cikatomas pakidulan joszzz,,,2ce4ac57-b500-4e37-ac53-f80371a55585,ch01_00000000014000100.mp4,
423,11836,car,3ang_umum,3ang_umum,Public Transportation (Angkot),3,Medium passenger vehicle,3ang_umum,2,Line 2,opposite,386.3157,7727,0.8857,6e4259f1-cba3-4c63-9c72-e3073eb90b1e,e2b5d1af-611f-418e-93d3-019b7b7ef4af,123,lembang,cikatomas pakidulan joszzz,,,2ce4ac57-b500-4e37-ac53-f80371a55585,ch01_00000000014000100.mp4,
424,11846,car,2mobil,2mobil,Car / Sedan,2,Sedan / jeep / station wagon,2mobil,1,Line 1,opposite,386.7657,7736,0.8284,6e4259f1-cba3-4c63-9c72-e3073eb90b1e,e2b5d1af-611f-418e-93d3-019b7b7ef4af,123,lembang,cikatomas pakidulan joszzz,,,2ce4ac57-b500-4e37-ac53-f80371a55585,ch01_00000000014000100.mp4,
425,11846,car,2mobil,2mobil,Car / Sedan,2,Sedan / jeep / station wagon,2mobil,2,Line 2,opposite,387.3156,7747,0.8094,6e4259f1-cba3-4c63-9c72-e3073eb90b1e,e2b5d1af-611f-418e-93d3-019b7b7ef4af,123,lembang,cikatomas pakidulan joszzz,,,2ce4ac57-b500-4e37-ac53-f80371a55585,ch01_00000000014000100.mp4,
426,11918,car,2mobil,2mobil,Car / Sedan,2,Sedan / jeep / station wagon,2mobil,1,Line 1,opposite,388.0656,7762,0.7364,6e4259f1-cba3-4c63-9c72-e3073eb90b1e,e2b5d1af-611f-418e-93d3-019b7b7ef4af,123,lembang,cikatomas pakidulan joszzz,,,2ce4ac57-b500-4e37-ac53-f80371a55585,ch01_00000000014000100.mp4,
427,11918,car,2mobil,2mobil,Car / Sedan,2,Sedan / jeep / station wagon,2mobil,2,Line 2,opposite,388.5655,7772,0.7571,6e4259f1-cba3-4c63-9c72-e3073eb90b1e,e2b5d1af-611f-418e-93d3-019b7b7ef4af,123,lembang,cikatomas pakidulan joszzz,,,2ce4ac57-b500-4e37-ac53-f80371a55585,ch01_00000000014000100.mp4,
428,11983,car,2mobil,2mobil,Car / Sedan,2,Sedan / jeep / station wagon,2mobil,1,Line 1,opposite,388.9155,7779,0.8785,6e4259f1-cba3-4c63-9c72-e3073eb90b1e,e2b5d1af-611f-418e-93d3-019b7b7ef4af,123,lembang,cikatomas pakidulan joszzz,,,2ce4ac57-b500-4e37-ac53-f80371a55585,ch01_00000000014000100.mp4,
429,11983,car,2mobil,2mobil,Car / Sedan,2,Sedan / jeep / station wagon,2mobil,2,Line 2,opposite,389.2155,7785,0.8643,6e4259f1-cba3-4c63-9c72-e3073eb90b1e,e2b5d1af-611f-418e-93d3-019b7b7ef4af,123,lembang,cikatomas pakidulan joszzz,,,2ce4ac57-b500-4e37-ac53-f80371a55585,ch01_00000000014000100.mp4,
430,12033,car,2mobil,2mobil,Car / Sedan,2,Sedan / jeep / station wagon,2mobil,1,Line 1,opposite,390.3654,7808,0.8962,6e4259f1-cba3-4c63-9c72-e3073eb90b1e,e2b5d1af-611f-418e-93d3-019b7b7ef4af,123,lembang,cikatomas pakidulan joszzz,,,2ce4ac57-b500-4e37-ac53-f80371a55585,ch01_00000000014000100.mp4,
431,12033,car,2mobil,2mobil,Car / Sedan,2,Sedan / jeep / station wagon,2mobil,2,Line 2,opposite,390.6154,7813,0.8849,6e4259f1-cba3-4c63-9c72-e3073eb90b1e,e2b5d1af-611f-418e-93d3-019b7b7ef4af,123,lembang,cikatomas pakidulan joszzz,,,2ce4ac57-b500-4e37-ac53-f80371a55585,ch01_00000000014000100.mp4,
432,12049,car,2mobil,2mobil,Car / Sedan,2,Sedan / jeep / station wagon,2mobil,1,Line 1,opposite,391.1153,7823,0.8386,6e4259f1-cba3-4c63-9c72-e3073eb90b1e,e2b5d1af-611f-418e-93d3-019b7b7ef4af,123,lembang,cikatomas pakidulan joszzz,,,2ce4ac57-b500-4e37-ac53-f80371a55585,ch01_00000000014000100.mp4,
433,12049,car,2mobil,2mobil,Car / Sedan,2,Sedan / jeep / station wagon,2mobil,2,Line 2,opposite,391.6153,7833,0.7011,6e4259f1-cba3-4c63-9c72-e3073eb90b1e,e2b5d1af-611f-418e-93d3-019b7b7ef4af,123,lembang,cikatomas pakidulan joszzz,,,2ce4ac57-b500-4e37-ac53-f80371a55585,ch01_00000000014000100.mp4,
434,12065,car,3ang_umum,3ang_umum,Public Transportation (Angkot),3,Medium passenger vehicle,3ang_umum,2,Line 2,normal,393.5151,7871,0.4659,6e4259f1-cba3-4c63-9c72-e3073eb90b1e,e2b5d1af-611f-418e-93d3-019b7b7ef4af,123,lembang,cikatomas pakidulan joszzz,,,2ce4ac57-b500-4e37-ac53-f80371a55585,ch01_00000000014000100.mp4,
435,12209,motorcycle,1motor,1motor,Motorcycle,1,Motorcycle / 3-wheel vehicle,1motor,1,Line 1,opposite,395.2149,7905,0.8346,6e4259f1-cba3-4c63-9c72-e3073eb90b1e,e2b5d1af-611f-418e-93d3-019b7b7ef4af,123,lembang,cikatomas pakidulan joszzz,,,2ce4ac57-b500-4e37-ac53-f80371a55585,ch01_00000000014000100.mp4,
436,800129,motorcycle,1motor,1motor,Motorcycle,1,Motorcycle / 3-wheel vehicle,1motor,1,Line 1,opposite,395.5149,7911,0.1999,6e4259f1-cba3-4c63-9c72-e3073eb90b1e,e2b5d1af-611f-418e-93d3-019b7b7ef4af,123,lembang,cikatomas pakidulan joszzz,,,2ce4ac57-b500-4e37-ac53-f80371a55585,ch01_00000000014000100.mp4,
437,12209,motorcycle,1motor,1motor,Motorcycle,1,Motorcycle / 3-wheel vehicle,1motor,2,Line 2,opposite,395.5149,7911,0.8402,6e4259f1-cba3-4c63-9c72-e3073eb90b1e,e2b5d1af-611f-418e-93d3-019b7b7ef4af,123,lembang,cikatomas pakidulan joszzz,,,2ce4ac57-b500-4e37-ac53-f80371a55585,ch01_00000000014000100.mp4,
438,12222,motorcycle,1motor,1motor,Motorcycle,1,Motorcycle / 3-wheel vehicle,1motor,2,Line 2,opposite,395.8149,7917,0.7059,6e4259f1-cba3-4c63-9c72-e3073eb90b1e,e2b5d1af-611f-418e-93d3-019b7b7ef4af,123,lembang,cikatomas pakidulan joszzz,,,2ce4ac57-b500-4e37-ac53-f80371a55585,ch01_00000000014000100.mp4,
439,800129,motorcycle,1motor,1motor,Motorcycle,1,Motorcycle / 3-wheel vehicle,1motor,2,Line 2,opposite,395.9649,7920,0.4228,6e4259f1-cba3-4c63-9c72-e3073eb90b1e,e2b5d1af-611f-418e-93d3-019b7b7ef4af,123,lembang,cikatomas pakidulan joszzz,,,2ce4ac57-b500-4e37-ac53-f80371a55585,ch01_00000000014000100.mp4,
440,12237,car,2mobil,2mobil,Car / Sedan,2,Sedan / jeep / station wagon,2mobil,1,Line 1,opposite,396.6648,7934,0.9247,6e4259f1-cba3-4c63-9c72-e3073eb90b1e,e2b5d1af-611f-418e-93d3-019b7b7ef4af,123,lembang,cikatomas pakidulan joszzz,,,2ce4ac57-b500-4e37-ac53-f80371a55585,ch01_00000000014000100.mp4,
441,12237,car,2mobil,2mobil,Car / Sedan,2,Sedan / jeep / station wagon,2mobil,2,Line 2,opposite,397.0148,7941,0.9088,6e4259f1-cba3-4c63-9c72-e3073eb90b1e,e2b5d1af-611f-418e-93d3-019b7b7ef4af,123,lembang,cikatomas pakidulan joszzz,,,2ce4ac57-b500-4e37-ac53-f80371a55585,ch01_00000000014000100.mp4,
442,12342,car,3ang_umum,3ang_umum,Public Transportation (Angkot),3,Medium passenger vehicle,3ang_umum,2,Line 2,opposite,404.4641,8090,0.3083,6e4259f1-cba3-4c63-9c72-e3073eb90b1e,e2b5d1af-611f-418e-93d3-019b7b7ef4af,123,lembang,cikatomas pakidulan joszzz,,,2ce4ac57-b500-4e37-ac53-f80371a55585,ch01_00000000014000100.mp4,
443,12482,car,3ang_umum,3ang_umum,Public Transportation (Angkot),3,Medium passenger vehicle,3ang_umum,1,Line 1,opposite,404.9641,8100,0.9264,6e4259f1-cba3-4c63-9c72-e3073eb90b1e,e2b5d1af-611f-418e-93d3-019b7b7ef4af,123,lembang,cikatomas pakidulan joszzz,,,2ce4ac57-b500-4e37-ac53-f80371a55585,ch01_00000000014000100.mp4,
444,12482,car,3ang_umum,3ang_umum,Public Transportation (Angkot),3,Medium passenger vehicle,3ang_umum,2,Line 2,opposite,405.364,8108,0.918,6e4259f1-cba3-4c63-9c72-e3073eb90b1e,e2b5d1af-611f-418e-93d3-019b7b7ef4af,123,lembang,cikatomas pakidulan joszzz,,,2ce4ac57-b500-4e37-ac53-f80371a55585,ch01_00000000014000100.mp4,
445,800130,motorcycle,1motor,1motor,Motorcycle,1,Motorcycle / 3-wheel vehicle,1motor,1,Line 1,opposite,405.414,8109,0.2092,6e4259f1-cba3-4c63-9c72-e3073eb90b1e,e2b5d1af-611f-418e-93d3-019b7b7ef4af,123,lembang,cikatomas pakidulan joszzz,,,2ce4ac57-b500-4e37-ac53-f80371a55585,ch01_00000000014000100.mp4,
446,12578,motorcycle,1motor,1motor,Motorcycle,1,Motorcycle / 3-wheel vehicle,1motor,1,Line 1,opposite,406.9139,8139,0.8384,6e4259f1-cba3-4c63-9c72-e3073eb90b1e,e2b5d1af-611f-418e-93d3-019b7b7ef4af,123,lembang,cikatomas pakidulan joszzz,,,2ce4ac57-b500-4e37-ac53-f80371a55585,ch01_00000000014000100.mp4,
447,12578,motorcycle,1motor,1motor,Motorcycle,1,Motorcycle / 3-wheel vehicle,1motor,2,Line 2,opposite,407.2639,8146,0.8178,6e4259f1-cba3-4c63-9c72-e3073eb90b1e,e2b5d1af-611f-418e-93d3-019b7b7ef4af,123,lembang,cikatomas pakidulan joszzz,,,2ce4ac57-b500-4e37-ac53-f80371a55585,ch01_00000000014000100.mp4,
448,12668,motorcycle,1motor,1motor,Motorcycle,1,Motorcycle / 3-wheel vehicle,1motor,2,Line 2,opposite,408.6138,8173,0.774,6e4259f1-cba3-4c63-9c72-e3073eb90b1e,e2b5d1af-611f-418e-93d3-019b7b7ef4af,123,lembang,cikatomas pakidulan joszzz,,,2ce4ac57-b500-4e37-ac53-f80371a55585,ch01_00000000014000100.mp4,
449,12717,motorcycle,1motor,1motor,Motorcycle,1,Motorcycle / 3-wheel vehicle,1motor,2,Line 2,opposite,409.9136,8199,0.7553,6e4259f1-cba3-4c63-9c72-e3073eb90b1e,e2b5d1af-611f-418e-93d3-019b7b7ef4af,123,lembang,cikatomas pakidulan joszzz,,,2ce4ac57-b500-4e37-ac53-f80371a55585,ch01_00000000014000100.mp4,
450,13012,car,2mobil,2mobil,Car / Sedan,2,Sedan / jeep / station wagon,2mobil,1,Line 1,opposite,420.8127,8417,0.8469,6e4259f1-cba3-4c63-9c72-e3073eb90b1e,e2b5d1af-611f-418e-93d3-019b7b7ef4af,123,lembang,cikatomas pakidulan joszzz,,,2ce4ac57-b500-4e37-ac53-f80371a55585,ch01_00000000014000100.mp4,
451,13012,car,2mobil,2mobil,Car / Sedan,2,Sedan / jeep / station wagon,2mobil,2,Line 2,opposite,421.3126,8427,0.5672,6e4259f1-cba3-4c63-9c72-e3073eb90b1e,e2b5d1af-611f-418e-93d3-019b7b7ef4af,123,lembang,cikatomas pakidulan joszzz,,,2ce4ac57-b500-4e37-ac53-f80371a55585,ch01_00000000014000100.mp4,
452,13043,car,2mobil,2mobil,Car / Sedan,2,Sedan / jeep / station wagon,2mobil,2,Line 2,opposite,421.3626,8428,0.6325,6e4259f1-cba3-4c63-9c72-e3073eb90b1e,e2b5d1af-611f-418e-93d3-019b7b7ef4af,123,lembang,cikatomas pakidulan joszzz,,,2ce4ac57-b500-4e37-ac53-f80371a55585,ch01_00000000014000100.mp4,
453,800132,motorcycle,1motor,1motor,Motorcycle,1,Motorcycle / 3-wheel vehicle,1motor,2,Line 2,opposite,423.2625,8466,0.3088,6e4259f1-cba3-4c63-9c72-e3073eb90b1e,e2b5d1af-611f-418e-93d3-019b7b7ef4af,123,lembang,cikatomas pakidulan joszzz,,,2ce4ac57-b500-4e37-ac53-f80371a55585,ch01_00000000014000100.mp4,
454,800133,motorcycle,1motor,1motor,Motorcycle,1,Motorcycle / 3-wheel vehicle,1motor,1,Line 1,opposite,426.8621,8538,0.3472,6e4259f1-cba3-4c63-9c72-e3073eb90b1e,e2b5d1af-611f-418e-93d3-019b7b7ef4af,123,lembang,cikatomas pakidulan joszzz,,,2ce4ac57-b500-4e37-ac53-f80371a55585,ch01_00000000014000100.mp4,
455,13257,car,2mobil,2mobil,Car / Sedan,2,Sedan / jeep / station wagon,2mobil,1,Line 1,opposite,428.712,8575,0.8831,6e4259f1-cba3-4c63-9c72-e3073eb90b1e,e2b5d1af-611f-418e-93d3-019b7b7ef4af,123,lembang,cikatomas pakidulan joszzz,,,2ce4ac57-b500-4e37-ac53-f80371a55585,ch01_00000000014000100.mp4,
456,13257,car,2mobil,2mobil,Car / Sedan,2,Sedan / jeep / station wagon,2mobil,2,Line 2,opposite,429.0619,8582,0.9024,6e4259f1-cba3-4c63-9c72-e3073eb90b1e,e2b5d1af-611f-418e-93d3-019b7b7ef4af,123,lembang,cikatomas pakidulan joszzz,,,2ce4ac57-b500-4e37-ac53-f80371a55585,ch01_00000000014000100.mp4,
457,12788,car,3ang_umum,3ang_umum,Public Transportation (Angkot),3,Medium passenger vehicle,3ang_umum,2,Line 2,opposite,429.7119,8595,0.2867,6e4259f1-cba3-4c63-9c72-e3073eb90b1e,e2b5d1af-611f-418e-93d3-019b7b7ef4af,123,lembang,cikatomas pakidulan joszzz,,,2ce4ac57-b500-4e37-ac53-f80371a55585,ch01_00000000014000100.mp4,
458,13317,motorcycle,1motor,1motor,Motorcycle,1,Motorcycle / 3-wheel vehicle,1motor,2,Line 2,opposite,429.8119,8597,0.7948,6e4259f1-cba3-4c63-9c72-e3073eb90b1e,e2b5d1af-611f-418e-93d3-019b7b7ef4af,123,lembang,cikatomas pakidulan joszzz,,,2ce4ac57-b500-4e37-ac53-f80371a55585,ch01_00000000014000100.mp4,
459,13309,motorcycle,1motor,1motor,Motorcycle,1,Motorcycle / 3-wheel vehicle,1motor,1,Line 1,opposite,430.1618,8604,0.863,6e4259f1-cba3-4c63-9c72-e3073eb90b1e,e2b5d1af-611f-418e-93d3-019b7b7ef4af,123,lembang,cikatomas pakidulan joszzz,,,2ce4ac57-b500-4e37-ac53-f80371a55585,ch01_00000000014000100.mp4,
460,800135,motorcycle,1motor,1motor,Motorcycle,1,Motorcycle / 3-wheel vehicle,1motor,2,Line 2,opposite,430.1618,8604,0.3232,6e4259f1-cba3-4c63-9c72-e3073eb90b1e,e2b5d1af-611f-418e-93d3-019b7b7ef4af,123,lembang,cikatomas pakidulan joszzz,,,2ce4ac57-b500-4e37-ac53-f80371a55585,ch01_00000000014000100.mp4,
461,13309,motorcycle,1motor,1motor,Motorcycle,1,Motorcycle / 3-wheel vehicle,1motor,2,Line 2,opposite,430.4618,8610,0.8721,6e4259f1-cba3-4c63-9c72-e3073eb90b1e,e2b5d1af-611f-418e-93d3-019b7b7ef4af,123,lembang,cikatomas pakidulan joszzz,,,2ce4ac57-b500-4e37-ac53-f80371a55585,ch01_00000000014000100.mp4,
462,13393,truck,4pickupmicro,4PickupMicro,Pickup / Micro Truck,4,Pickup / micro truck / delivery,4pickupmicro,2,Line 2,opposite,432.1117,8643,0.5899,6e4259f1-cba3-4c63-9c72-e3073eb90b1e,e2b5d1af-611f-418e-93d3-019b7b7ef4af,123,lembang,cikatomas pakidulan joszzz,,,2ce4ac57-b500-4e37-ac53-f80371a55585,ch01_00000000014000100.mp4,
463,13461,car,2mobil,2mobil,Car / Sedan,2,Sedan / jeep / station wagon,2mobil,2,Line 2,opposite,434.5115,8691,0.8407,6e4259f1-cba3-4c63-9c72-e3073eb90b1e,e2b5d1af-611f-418e-93d3-019b7b7ef4af,123,lembang,cikatomas pakidulan joszzz,,,2ce4ac57-b500-4e37-ac53-f80371a55585,ch01_00000000014000100.mp4,
464,13520,car,3ang_umum,3ang_umum,Public Transportation (Angkot),3,Medium passenger vehicle,3ang_umum,2,Line 2,normal,435.9613,8720,0.4222,6e4259f1-cba3-4c63-9c72-e3073eb90b1e,e2b5d1af-611f-418e-93d3-019b7b7ef4af,123,lembang,cikatomas pakidulan joszzz,,,2ce4ac57-b500-4e37-ac53-f80371a55585,ch01_00000000014000100.mp4,
465,800136,motorcycle,1motor,1motor,Motorcycle,1,Motorcycle / 3-wheel vehicle,1motor,1,Line 1,opposite,436.3113,8727,0.28,6e4259f1-cba3-4c63-9c72-e3073eb90b1e,e2b5d1af-611f-418e-93d3-019b7b7ef4af,123,lembang,cikatomas pakidulan joszzz,,,2ce4ac57-b500-4e37-ac53-f80371a55585,ch01_00000000014000100.mp4,
466,13547,motorcycle,1motor,1motor,Motorcycle,1,Motorcycle / 3-wheel vehicle,1motor,2,Line 2,opposite,436.5113,8731,0.6972,6e4259f1-cba3-4c63-9c72-e3073eb90b1e,e2b5d1af-611f-418e-93d3-019b7b7ef4af,123,lembang,cikatomas pakidulan joszzz,,,2ce4ac57-b500-4e37-ac53-f80371a55585,ch01_00000000014000100.mp4,
467,800136,motorcycle,1motor,1motor,Motorcycle,1,Motorcycle / 3-wheel vehicle,1motor,2,Line 2,opposite,437.5112,8751,0.1943,6e4259f1-cba3-4c63-9c72-e3073eb90b1e,e2b5d1af-611f-418e-93d3-019b7b7ef4af,123,lembang,cikatomas pakidulan joszzz,,,2ce4ac57-b500-4e37-ac53-f80371a55585,ch01_00000000014000100.mp4,
468,800137,motorcycle,1motor,1motor,Motorcycle,1,Motorcycle / 3-wheel vehicle,1motor,2,Line 2,opposite,440.5109,8811,0.333,6e4259f1-cba3-4c63-9c72-e3073eb90b1e,e2b5d1af-611f-418e-93d3-019b7b7ef4af,123,lembang,cikatomas pakidulan joszzz,,,2ce4ac57-b500-4e37-ac53-f80371a55585,ch01_00000000014000100.mp4,
469,800137,motorcycle,1motor,1motor,Motorcycle,1,Motorcycle / 3-wheel vehicle,1motor,1,Line 1,normal,441.1109,8823,0.2533,6e4259f1-cba3-4c63-9c72-e3073eb90b1e,e2b5d1af-611f-418e-93d3-019b7b7ef4af,123,lembang,cikatomas pakidulan joszzz,,,2ce4ac57-b500-4e37-ac53-f80371a55585,ch01_00000000014000100.mp4,
470,13685,motorcycle,1motor,1motor,Motorcycle,1,Motorcycle / 3-wheel vehicle,1motor,1,Line 1,opposite,441.4108,8829,0.8723,6e4259f1-cba3-4c63-9c72-e3073eb90b1e,e2b5d1af-611f-418e-93d3-019b7b7ef4af,123,lembang,cikatomas pakidulan joszzz,,,2ce4ac57-b500-4e37-ac53-f80371a55585,ch01_00000000014000100.mp4,
471,13717,motorcycle,1motor,1motor,Motorcycle,1,Motorcycle / 3-wheel vehicle,1motor,2,Line 2,opposite,441.7608,8836,0.8212,6e4259f1-cba3-4c63-9c72-e3073eb90b1e,e2b5d1af-611f-418e-93d3-019b7b7ef4af,123,lembang,cikatomas pakidulan joszzz,,,2ce4ac57-b500-4e37-ac53-f80371a55585,ch01_00000000014000100.mp4,
472,13685,motorcycle,1motor,1motor,Motorcycle,1,Motorcycle / 3-wheel vehicle,1motor,2,Line 2,opposite,441.9608,8840,0.6582,6e4259f1-cba3-4c63-9c72-e3073eb90b1e,e2b5d1af-611f-418e-93d3-019b7b7ef4af,123,lembang,cikatomas pakidulan joszzz,,,2ce4ac57-b500-4e37-ac53-f80371a55585,ch01_00000000014000100.mp4,
473,13910,motorcycle,1motor,1motor,Motorcycle,1,Motorcycle / 3-wheel vehicle,1motor,2,Line 2,opposite,446.3604,8928,0.8421,6e4259f1-cba3-4c63-9c72-e3073eb90b1e,e2b5d1af-611f-418e-93d3-019b7b7ef4af,123,lembang,cikatomas pakidulan joszzz,,,2ce4ac57-b500-4e37-ac53-f80371a55585,ch01_00000000014000100.mp4,
474,800140,motorcycle,1motor,1motor,Motorcycle,1,Motorcycle / 3-wheel vehicle,1motor,1,Line 1,opposite,446.5104,8931,0.1879,6e4259f1-cba3-4c63-9c72-e3073eb90b1e,e2b5d1af-611f-418e-93d3-019b7b7ef4af,123,lembang,cikatomas pakidulan joszzz,,,2ce4ac57-b500-4e37-ac53-f80371a55585,ch01_00000000014000100.mp4,
475,13931,car,2mobil,2mobil,Car / Sedan,2,Sedan / jeep / station wagon,2mobil,1,Line 1,opposite,447.4103,8949,0.3974,6e4259f1-cba3-4c63-9c72-e3073eb90b1e,e2b5d1af-611f-418e-93d3-019b7b7ef4af,123,lembang,cikatomas pakidulan joszzz,,,2ce4ac57-b500-4e37-ac53-f80371a55585,ch01_00000000014000100.mp4,
476,13966,car,2mobil,2mobil,Car / Sedan,2,Sedan / jeep / station wagon,2mobil,2,Line 2,opposite,447.9603,8960,0.7804,6e4259f1-cba3-4c63-9c72-e3073eb90b1e,e2b5d1af-611f-418e-93d3-019b7b7ef4af,123,lembang,cikatomas pakidulan joszzz,,,2ce4ac57-b500-4e37-ac53-f80371a55585,ch01_00000000014000100.mp4,
477,800141,motorcycle,1motor,1motor,Motorcycle,1,Motorcycle / 3-wheel vehicle,1motor,1,Line 1,normal,448.0103,8961,0.1814,6e4259f1-cba3-4c63-9c72-e3073eb90b1e,e2b5d1af-611f-418e-93d3-019b7b7ef4af,123,lembang,cikatomas pakidulan joszzz,,,2ce4ac57-b500-4e37-ac53-f80371a55585,ch01_00000000014000100.mp4,
478,800141,motorcycle,1motor,1motor,Motorcycle,1,Motorcycle / 3-wheel vehicle,1motor,2,Line 2,normal,448.0103,8961,0.1814,6e4259f1-cba3-4c63-9c72-e3073eb90b1e,e2b5d1af-611f-418e-93d3-019b7b7ef4af,123,lembang,cikatomas pakidulan joszzz,,,2ce4ac57-b500-4e37-ac53-f80371a55585,ch01_00000000014000100.mp4,
479,13978,motorcycle,1motor,1motor,Motorcycle,1,Motorcycle / 3-wheel vehicle,1motor,1,Line 1,opposite,448.6102,8973,0.867,6e4259f1-cba3-4c63-9c72-e3073eb90b1e,e2b5d1af-611f-418e-93d3-019b7b7ef4af,123,lembang,cikatomas pakidulan joszzz,,,2ce4ac57-b500-4e37-ac53-f80371a55585,ch01_00000000014000100.mp4,
480,13978,motorcycle,1motor,1motor,Motorcycle,1,Motorcycle / 3-wheel vehicle,1motor,2,Line 2,opposite,448.8102,8977,0.8663,6e4259f1-cba3-4c63-9c72-e3073eb90b1e,e2b5d1af-611f-418e-93d3-019b7b7ef4af,123,lembang,cikatomas pakidulan joszzz,,,2ce4ac57-b500-4e37-ac53-f80371a55585,ch01_00000000014000100.mp4,
