sequence_no,track_id,vehicle_class,detected_label,vehicle_type_code,vehicle_type_label,golongan_code,golongan_label,source_label,count_line_order,count_line_name,direction,crossed_at_seconds,crossed_at_frame,confidence,video_id,site_id,site_code,site_name,location_description,latitude,longitude,analysis_job_id,video_filename,recorded_at
1,2,motorcycle,1motor,1motor,Motorcycle,1,Motorcycle / 3-wheel vehicle,1motor,1,Line 1,normal,2.8636,63,0.8116,51cbe36f-3fda-47ce-b171-25f02ffeeb3a,e2b5d1af-611f-418e-93d3-019b7b7ef4af,123,lembang,cikatomas pakidulan joszzz,,,973f2faa-6112-46fa-b6bf-4d49b6e745af,1_01_R_16082025020000.avi,2026-07-27T05:04:00+07:00
2,5,motorcycle,1motor,1motor,Motorcycle,1,Motorcycle / 3-wheel vehicle,1motor,1,Line 1,normal,13.7727,303,0.8343,51cbe36f-3fda-47ce-b171-25f02ffeeb3a,e2b5d1af-611f-418e-93d3-019b7b7ef4af,123,lembang,cikatomas pakidulan joszzz,,,973f2faa-6112-46fa-b6bf-4d49b6e745af,1_01_R_16082025020000.avi,2026-07-27T05:04:00+07:00
3,800001,motorcycle,1motor,1motor,Motorcycle,1,Motorcycle / 3-wheel vehicle,1motor,1,Line 1,normal,14.3182,315,0.3526,51cbe36f-3fda-47ce-b171-25f02ffeeb3a,e2b5d1af-611f-418e-93d3-019b7b7ef4af,123,lembang,cikatomas pakidulan joszzz,,,973f2faa-6112-46fa-b6bf-4d49b6e745af,1_01_R_16082025020000.avi,2026-07-27T05:04:00+07:00
4,6,motorcycle,1motor,1motor,Motorcycle,1,Motorcycle / 3-wheel vehicle,1motor,1,Line 1,normal,14.9545,329,0.6655,51cbe36f-3fda-47ce-b171-25f02ffeeb3a,e2b5d1af-611f-418e-93d3-019b7b7ef4af,123,lembang,cikatomas pakidulan joszzz,,,973f2faa-6112-46fa-b6bf-4d49b6e745af,1_01_R_16082025020000.avi,2026-07-27T05:04:00+07:00
5,6,motorcycle,1motor,1motor,Motorcycle,1,Motorcycle / 3-wheel vehicle,1motor,2,Line 2,opposite,16.3182,359,0.8419,51cbe36f-3fda-47ce-b171-25f02ffeeb3a,e2b5d1af-611f-418e-93d3-019b7b7ef4af,123,lembang,cikatomas pakidulan joszzz,,,973f2faa-6112-46fa-b6bf-4d49b6e745af,1_01_R_16082025020000.avi,2026-07-27T05:04:00+07:00
6,12,motorcycle,1motor,1motor,Motorcycle,1,Motorcycle / 3-wheel vehicle,1motor,1,Line 1,normal,26.3636,580,0.7717,51cbe36f-3fda-47ce-b171-25f02ffeeb3a,e2b5d1af-611f-418e-93d3-019b7b7ef4af,123,lembang,cikatomas pakidulan joszzz,,,973f2faa-6112-46fa-b6bf-4d49b6e745af,1_01_R_16082025020000.avi,2026-07-27T05:04:00+07:00
7,800002,motorcycle,1motor,1motor,Motorcycle,1,Motorcycle / 3-wheel vehicle,1motor,1,Line 1,opposite,34.3636,756,0.3439,51cbe36f-3fda-47ce-b171-25f02ffeeb3a,e2b5d1af-611f-418e-93d3-019b7b7ef4af,123,lembang,cikatomas pakidulan joszzz,,,973f2faa-6112-46fa-b6bf-4d49b6e745af,1_01_R_16082025020000.avi,2026-07-27T05:04:00+07:00
8,800002,motorcycle,1motor,1motor,Motorcycle,1,Motorcycle / 3-wheel vehicle,1motor,2,Line 2,normal,34.3636,756,0.3439,51cbe36f-3fda-47ce-b171-25f02ffeeb3a,e2b5d1af-611f-418e-93d3-019b7b7ef4af,123,lembang,cikatomas pakidulan joszzz,,,973f2faa-6112-46fa-b6bf-4d49b6e745af,1_01_R_16082025020000.avi,2026-07-27T05:04:00+07:00
9,13,motorcycle,1motor,1motor,Motorcycle,1,Motorcycle / 3-wheel vehicle,1motor,1,Line 1,opposite,34.8182,766,0.8167,51cbe36f-3fda-47ce-b171-25f02ffeeb3a,e2b5d1af-611f-418e-93d3-019b7b7ef4af,123,lembang,cikatomas pakidulan joszzz,,,973f2faa-6112-46fa-b6bf-4d49b6e745af,1_01_R_16082025020000.avi,2026-07-27T05:04:00+07:00
10,14,motorcycle,1motor,1motor,Motorcycle,1,Motorcycle / 3-wheel vehicle,1motor,1,Line 1,normal,36.0,792,0.8216,51cbe36f-3fda-47ce-b171-25f02ffeeb3a,e2b5d1af-611f-418e-93d3-019b7b7ef4af,123,lembang,cikatomas pakidulan joszzz,,,973f2faa-6112-46fa-b6bf-4d49b6e745af,1_01_R_16082025020000.avi,2026-07-27T05:04:00+07:00
11,14,motorcycle,1motor,1motor,Motorcycle,1,Motorcycle / 3-wheel vehicle,1motor,2,Line 2,opposite,36.9091,812,0.715,51cbe36f-3fda-47ce-b171-25f02ffeeb3a,e2b5d1af-611f-418e-93d3-019b7b7ef4af,123,lembang,cikatomas pakidulan joszzz,,,973f2faa-6112-46fa-b6bf-4d49b6e745af,1_01_R_16082025020000.avi,2026-07-27T05:04:00+07:00
12,800004,motorcycle,1motor,1motor,Motorcycle,1,Motorcycle / 3-wheel vehicle,1motor,2,Line 2,opposite,38.4545,846,0.2739,51cbe36f-3fda-47ce-b171-25f02ffeeb3a,e2b5d1af-611f-418e-93d3-019b7b7ef4af,123,lembang,cikatomas pakidulan joszzz,,,973f2faa-6112-46fa-b6bf-4d49b6e745af,1_01_R_16082025020000.avi,2026-07-27T05:04:00+07:00
13,16,motorcycle,1motor,1motor,Motorcycle,1,Motorcycle / 3-wheel vehicle,1motor,2,Line 2,normal,38.6818,851,0.8257,51cbe36f-3fda-47ce-b171-25f02ffeeb3a,e2b5d1af-611f-418e-93d3-019b7b7ef4af,123,lembang,cikatomas pakidulan joszzz,,,973f2faa-6112-46fa-b6bf-4d49b6e745af,1_01_R_16082025020000.avi,2026-07-27T05:04:00+07:00
14,16,motorcycle,1motor,1motor,Motorcycle,1,Motorcycle / 3-wheel vehicle,1motor,1,Line 1,opposite,39.3182,865,0.816,51cbe36f-3fda-47ce-b171-25f02ffeeb3a,e2b5d1af-611f-418e-93d3-019b7b7ef4af,123,lembang,cikatomas pakidulan joszzz,,,973f2faa-6112-46fa-b6bf-4d49b6e745af,1_01_R_16082025020000.avi,2026-07-27T05:04:00+07:00
15,17,motorcycle,1motor,1motor,Motorcycle,1,Motorcycle / 3-wheel vehicle,1motor,2,Line 2,normal,39.6818,873,0.8093,51cbe36f-3fda-47ce-b171-25f02ffeeb3a,e2b5d1af-611f-418e-93d3-019b7b7ef4af,123,lembang,cikatomas pakidulan joszzz,,,973f2faa-6112-46fa-b6bf-4d49b6e745af,1_01_R_16082025020000.avi,2026-07-27T05:04:00+07:00
16,17,motorcycle,1motor,1motor,Motorcycle,1,Motorcycle / 3-wheel vehicle,1motor,1,Line 1,opposite,40.2727,886,0.8352,51cbe36f-3fda-47ce-b171-25f02ffeeb3a,e2b5d1af-611f-418e-93d3-019b7b7ef4af,123,lembang,cikatomas pakidulan joszzz,,,973f2faa-6112-46fa-b6bf-4d49b6e745af,1_01_R_16082025020000.avi,2026-07-27T05:04:00+07:00
17,18,motorcycle,1motor,1motor,Motorcycle,1,Motorcycle / 3-wheel vehicle,1motor,2,Line 2,normal,40.2727,886,0.8188,51cbe36f-3fda-47ce-b171-25f02ffeeb3a,e2b5d1af-611f-418e-93d3-019b7b7ef4af,123,lembang,cikatomas pakidulan joszzz,,,973f2faa-6112-46fa-b6bf-4d49b6e745af,1_01_R_16082025020000.avi,2026-07-27T05:04:00+07:00
18,18,motorcycle,1motor,1motor,Motorcycle,1,Motorcycle / 3-wheel vehicle,1motor,1,Line 1,opposite,40.8636,899,0.8338,51cbe36f-3fda-47ce-b171-25f02ffeeb3a,e2b5d1af-611f-418e-93d3-019b7b7ef4af,123,lembang,cikatomas pakidulan joszzz,,,973f2faa-6112-46fa-b6bf-4d49b6e745af,1_01_R_16082025020000.avi,2026-07-27T05:04:00+07:00
19,20,motorcycle,1motor,1motor,Motorcycle,1,Motorcycle / 3-wheel vehicle,1motor,1,Line 1,opposite,41.7273,918,0.826,51cbe36f-3fda-47ce-b171-25f02ffeeb3a,e2b5d1af-611f-418e-93d3-019b7b7ef4af,123,lembang,cikatomas pakidulan joszzz,,,973f2faa-6112-46fa-b6bf-4d49b6e745af,1_01_R_16082025020000.avi,2026-07-27T05:04:00+07:00
20,800004,motorcycle,1motor,1motor,Motorcycle,1,Motorcycle / 3-wheel vehicle,1motor,1,Line 1,opposite,42.8182,942,0.3247,51cbe36f-3fda-47ce-b171-25f02ffeeb3a,e2b5d1af-611f-418e-93d3-019b7b7ef4af,123,lembang,cikatomas pakidulan joszzz,,,973f2faa-6112-46fa-b6bf-4d49b6e745af,1_01_R_16082025020000.avi,2026-07-27T05:04:00+07:00
21,23,motorcycle,1motor,1motor,Motorcycle,1,Motorcycle / 3-wheel vehicle,1motor,1,Line 1,opposite,43.8182,964,0.8413,51cbe36f-3fda-47ce-b171-25f02ffeeb3a,e2b5d1af-611f-418e-93d3-019b7b7ef4af,123,lembang,cikatomas pakidulan joszzz,,,973f2faa-6112-46fa-b6bf-4d49b6e745af,1_01_R_16082025020000.avi,2026-07-27T05:04:00+07:00
22,800005,motorcycle,1motor,1motor,Motorcycle,1,Motorcycle / 3-wheel vehicle,1motor,1,Line 1,normal,44.8636,987,0.504,51cbe36f-3fda-47ce-b171-25f02ffeeb3a,e2b5d1af-611f-418e-93d3-019b7b7ef4af,123,lembang,cikatomas pakidulan joszzz,,,973f2faa-6112-46fa-b6bf-4d49b6e745af,1_01_R_16082025020000.avi,2026-07-27T05:04:00+07:00
23,800005,motorcycle,1motor,1motor,Motorcycle,1,Motorcycle / 3-wheel vehicle,1motor,2,Line 2,opposite,44.8636,987,0.504,51cbe36f-3fda-47ce-b171-25f02ffeeb3a,e2b5d1af-611f-418e-93d3-019b7b7ef4af,123,lembang,cikatomas pakidulan joszzz,,,973f2faa-6112-46fa-b6bf-4d49b6e745af,1_01_R_16082025020000.avi,2026-07-27T05:04:00+07:00
24,26,motorcycle,1motor,1motor,Motorcycle,1,Motorcycle / 3-wheel vehicle,1motor,2,Line 2,normal,45.2727,996,0.7555,51cbe36f-3fda-47ce-b171-25f02ffeeb3a,e2b5d1af-611f-418e-93d3-019b7b7ef4af,123,lembang,cikatomas pakidulan joszzz,,,973f2faa-6112-46fa-b6bf-4d49b6e745af,1_01_R_16082025020000.avi,2026-07-27T05:04:00+07:00
25,24,motorcycle,1motor,1motor,Motorcycle,1,Motorcycle / 3-wheel vehicle,1motor,1,Line 1,normal,45.5455,1002,0.8155,51cbe36f-3fda-47ce-b171-25f02ffeeb3a,e2b5d1af-611f-418e-93d3-019b7b7ef4af,123,lembang,cikatomas pakidulan joszzz,,,973f2faa-6112-46fa-b6bf-4d49b6e745af,1_01_R_16082025020000.avi,2026-07-27T05:04:00+07:00
26,26,motorcycle,1motor,1motor,Motorcycle,1,Motorcycle / 3-wheel vehicle,1motor,1,Line 1,opposite,45.9545,1011,0.8539,51cbe36f-3fda-47ce-b171-25f02ffeeb3a,e2b5d1af-611f-418e-93d3-019b7b7ef4af,123,lembang,cikatomas pakidulan joszzz,,,973f2faa-6112-46fa-b6bf-4d49b6e745af,1_01_R_16082025020000.avi,2026-07-27T05:04:00+07:00
27,33,motorcycle,1motor,1motor,Motorcycle,1,Motorcycle / 3-wheel vehicle,1motor,2,Line 2,normal,47.5,1045,0.6478,51cbe36f-3fda-47ce-b171-25f02ffeeb3a,e2b5d1af-611f-418e-93d3-019b7b7ef4af,123,lembang,cikatomas pakidulan joszzz,,,973f2faa-6112-46fa-b6bf-4d49b6e745af,1_01_R_16082025020000.avi,2026-07-27T05:04:00+07:00
28,31,motorcycle,1motor,1motor,Motorcycle,1,Motorcycle / 3-wheel vehicle,1motor,2,Line 2,normal,47.8636,1053,0.7993,51cbe36f-3fda-47ce-b171-25f02ffeeb3a,e2b5d1af-611f-418e-93d3-019b7b7ef4af,123,lembang,cikatomas pakidulan joszzz,,,973f2faa-6112-46fa-b6bf-4d49b6e745af,1_01_R_16082025020000.avi,2026-07-27T05:04:00+07:00
29,36,motorcycle,1motor,1motor,Motorcycle,1,Motorcycle / 3-wheel vehicle,1motor,2,Line 2,normal,48.1364,1059,0.7745,51cbe36f-3fda-47ce-b171-25f02ffeeb3a,e2b5d1af-611f-418e-93d3-019b7b7ef4af,123,lembang,cikatomas pakidulan joszzz,,,973f2faa-6112-46fa-b6bf-4d49b6e745af,1_01_R_16082025020000.avi,2026-07-27T05:04:00+07:00
30,800006,motorcycle,1motor,1motor,Motorcycle,1,Motorcycle / 3-wheel vehicle,1motor,1,Line 1,normal,48.1364,1059,0.5499,51cbe36f-3fda-47ce-b171-25f02ffeeb3a,e2b5d1af-611f-418e-93d3-019b7b7ef4af,123,lembang,cikatomas pakidulan joszzz,,,973f2faa-6112-46fa-b6bf-4d49b6e745af,1_01_R_16082025020000.avi,2026-07-27T05:04:00+07:00
31,33,motorcycle,1motor,1motor,Motorcycle,1,Motorcycle / 3-wheel vehicle,1motor,1,Line 1,opposite,48.2273,1061,0.8223,51cbe36f-3fda-47ce-b171-25f02ffeeb3a,e2b5d1af-611f-418e-93d3-019b7b7ef4af,123,lembang,cikatomas pakidulan joszzz,,,973f2faa-6112-46fa-b6bf-4d49b6e745af,1_01_R_16082025020000.avi,2026-07-27T05:04:00+07:00
32,35,motorcycle,1motor,1motor,Motorcycle,1,Motorcycle / 3-wheel vehicle,1motor,2,Line 2,normal,48.2727,1062,0.7566,51cbe36f-3fda-47ce-b171-25f02ffeeb3a,e2b5d1af-611f-418e-93d3-019b7b7ef4af,123,lembang,cikatomas pakidulan joszzz,,,973f2faa-6112-46fa-b6bf-4d49b6e745af,1_01_R_16082025020000.avi,2026-07-27T05:04:00+07:00
33,31,motorcycle,1motor,1motor,Motorcycle,1,Motorcycle / 3-wheel vehicle,1motor,1,Line 1,opposite,48.5909,1069,0.8343,51cbe36f-3fda-47ce-b171-25f02ffeeb3a,e2b5d1af-611f-418e-93d3-019b7b7ef4af,123,lembang,cikatomas pakidulan joszzz,,,973f2faa-6112-46fa-b6bf-4d49b6e745af,1_01_R_16082025020000.avi,2026-07-27T05:04:00+07:00
34,36,motorcycle,1motor,1motor,Motorcycle,1,Motorcycle / 3-wheel vehicle,1motor,1,Line 1,opposite,48.8636,1075,0.8032,51cbe36f-3fda-47ce-b171-25f02ffeeb3a,e2b5d1af-611f-418e-93d3-019b7b7ef4af,123,lembang,cikatomas pakidulan joszzz,,,973f2faa-6112-46fa-b6bf-4d49b6e745af,1_01_R_16082025020000.avi,2026-07-27T05:04:00+07:00
35,35,motorcycle,1motor,1motor,Motorcycle,1,Motorcycle / 3-wheel vehicle,1motor,1,Line 1,opposite,48.9091,1076,0.4634,51cbe36f-3fda-47ce-b171-25f02ffeeb3a,e2b5d1af-611f-418e-93d3-019b7b7ef4af,123,lembang,cikatomas pakidulan joszzz,,,973f2faa-6112-46fa-b6bf-4d49b6e745af,1_01_R_16082025020000.avi,2026-07-27T05:04:00+07:00
36,800008,motorcycle,1motor,1motor,Motorcycle,1,Motorcycle / 3-wheel vehicle,1motor,1,Line 1,normal,50.7273,1116,0.1345,51cbe36f-3fda-47ce-b171-25f02ffeeb3a,e2b5d1af-611f-418e-93d3-019b7b7ef4af,123,lembang,cikatomas pakidulan joszzz,,,973f2faa-6112-46fa-b6bf-4d49b6e745af,1_01_R_16082025020000.avi,2026-07-27T05:04:00+07:00
37,800008,motorcycle,1motor,1motor,Motorcycle,1,Motorcycle / 3-wheel vehicle,1motor,2,Line 2,opposite,50.7273,1116,0.1345,51cbe36f-3fda-47ce-b171-25f02ffeeb3a,e2b5d1af-611f-418e-93d3-019b7b7ef4af,123,lembang,cikatomas pakidulan joszzz,,,973f2faa-6112-46fa-b6bf-4d49b6e745af,1_01_R_16082025020000.avi,2026-07-27T05:04:00+07:00
38,40,car,2mobil,2mobil,Car / Sedan,2,Sedan / jeep / station wagon,2mobil,2,Line 2,normal,50.8636,1119,0.8468,51cbe36f-3fda-47ce-b171-25f02ffeeb3a,e2b5d1af-611f-418e-93d3-019b7b7ef4af,123,lembang,cikatomas pakidulan joszzz,,,973f2faa-6112-46fa-b6bf-4d49b6e745af,1_01_R_16082025020000.avi,2026-07-27T05:04:00+07:00
39,44,motorcycle,1motor,1motor,Motorcycle,1,Motorcycle / 3-wheel vehicle,1motor,1,Line 1,opposite,51.5909,1135,0.8255,51cbe36f-3fda-47ce-b171-25f02ffeeb3a,e2b5d1af-611f-418e-93d3-019b7b7ef4af,123,lembang,cikatomas pakidulan joszzz,,,973f2faa-6112-46fa-b6bf-4d49b6e745af,1_01_R_16082025020000.avi,2026-07-27T05:04:00+07:00
40,40,car,2mobil,2mobil,Car / Sedan,2,Sedan / jeep / station wagon,2mobil,1,Line 1,opposite,51.6364,1136,0.8864,51cbe36f-3fda-47ce-b171-25f02ffeeb3a,e2b5d1af-611f-418e-93d3-019b7b7ef4af,123,lembang,cikatomas pakidulan joszzz,,,973f2faa-6112-46fa-b6bf-4d49b6e745af,1_01_R_16082025020000.avi,2026-07-27T05:04:00+07:00
41,45,car,2mobil,2mobil,Car / Sedan,2,Sedan / jeep / station wagon,2mobil,2,Line 2,normal,55.1818,1214,0.9257,51cbe36f-3fda-47ce-b171-25f02ffeeb3a,e2b5d1af-611f-418e-93d3-019b7b7ef4af,123,lembang,cikatomas pakidulan joszzz,,,973f2faa-6112-46fa-b6bf-4d49b6e745af,1_01_R_16082025020000.avi,2026-07-27T05:04:00+07:00
42,45,car,2mobil,2mobil,Car / Sedan,2,Sedan / jeep / station wagon,2mobil,1,Line 1,opposite,55.9545,1231,0.8987,51cbe36f-3fda-47ce-b171-25f02ffeeb3a,e2b5d1af-611f-418e-93d3-019b7b7ef4af,123,lembang,cikatomas pakidulan joszzz,,,973f2faa-6112-46fa-b6bf-4d49b6e745af,1_01_R_16082025020000.avi,2026-07-27T05:04:00+07:00
43,47,car,2mobil,2mobil,Car / Sedan,2,Sedan / jeep / station wagon,2mobil,2,Line 2,normal,57.7727,1271,0.9251,51cbe36f-3fda-47ce-b171-25f02ffeeb3a,e2b5d1af-611f-418e-93d3-019b7b7ef4af,123,lembang,cikatomas pakidulan joszzz,,,973f2faa-6112-46fa-b6bf-4d49b6e745af,1_01_R_16082025020000.avi,2026-07-27T05:04:00+07:00
44,47,car,2mobil,2mobil,Car / Sedan,2,Sedan / jeep / station wagon,2mobil,1,Line 1,opposite,58.4545,1286,0.8775,51cbe36f-3fda-47ce-b171-25f02ffeeb3a,e2b5d1af-611f-418e-93d3-019b7b7ef4af,123,lembang,cikatomas pakidulan joszzz,,,973f2faa-6112-46fa-b6bf-4d49b6e745af,1_01_R_16082025020000.avi,2026-07-27T05:04:00+07:00
45,50,motorcycle,1motor,1motor,Motorcycle,1,Motorcycle / 3-wheel vehicle,1motor,1,Line 1,normal,75.6818,1665,0.8289,51cbe36f-3fda-47ce-b171-25f02ffeeb3a,e2b5d1af-611f-418e-93d3-019b7b7ef4af,123,lembang,cikatomas pakidulan joszzz,,,973f2faa-6112-46fa-b6bf-4d49b6e745af,1_01_R_16082025020000.avi,2026-07-27T05:04:00+07:00
46,800011,motorcycle,1motor,1motor,Motorcycle,1,Motorcycle / 3-wheel vehicle,1motor,2,Line 2,opposite,76.6364,1686,0.6158,51cbe36f-3fda-47ce-b171-25f02ffeeb3a,e2b5d1af-611f-418e-93d3-019b7b7ef4af,123,lembang,cikatomas pakidulan joszzz,,,973f2faa-6112-46fa-b6bf-4d49b6e745af,1_01_R_16082025020000.avi,2026-07-27T05:04:00+07:00
47,53,motorcycle,1motor,1motor,Motorcycle,1,Motorcycle / 3-wheel vehicle,1motor,2,Line 2,normal,77.5455,1706,0.8378,51cbe36f-3fda-47ce-b171-25f02ffeeb3a,e2b5d1af-611f-418e-93d3-019b7b7ef4af,123,lembang,cikatomas pakidulan joszzz,,,973f2faa-6112-46fa-b6bf-4d49b6e745af,1_01_R_16082025020000.avi,2026-07-27T05:04:00+07:00
48,53,motorcycle,1motor,1motor,Motorcycle,1,Motorcycle / 3-wheel vehicle,1motor,1,Line 1,opposite,78.1364,1719,0.7864,51cbe36f-3fda-47ce-b171-25f02ffeeb3a,e2b5d1af-611f-418e-93d3-019b7b7ef4af,123,lembang,cikatomas pakidulan joszzz,,,973f2faa-6112-46fa-b6bf-4d49b6e745af,1_01_R_16082025020000.avi,2026-07-27T05:04:00+07:00
49,57,motorcycle,1motor,1motor,Motorcycle,1,Motorcycle / 3-wheel vehicle,1motor,1,Line 1,opposite,79.5909,1751,0.847,51cbe36f-3fda-47ce-b171-25f02ffeeb3a,e2b5d1af-611f-418e-93d3-019b7b7ef4af,123,lembang,cikatomas pakidulan joszzz,,,973f2faa-6112-46fa-b6bf-4d49b6e745af,1_01_R_16082025020000.avi,2026-07-27T05:04:00+07:00
50,54,motorcycle,1motor,1motor,Motorcycle,1,Motorcycle / 3-wheel vehicle,1motor,1,Line 1,normal,79.6364,1752,0.8237,51cbe36f-3fda-47ce-b171-25f02ffeeb3a,e2b5d1af-611f-418e-93d3-019b7b7ef4af,123,lembang,cikatomas pakidulan joszzz,,,973f2faa-6112-46fa-b6bf-4d49b6e745af,1_01_R_16082025020000.avi,2026-07-27T05:04:00+07:00
51,54,motorcycle,1motor,1motor,Motorcycle,1,Motorcycle / 3-wheel vehicle,1motor,2,Line 2,opposite,80.3636,1768,0.5906,51cbe36f-3fda-47ce-b171-25f02ffeeb3a,e2b5d1af-611f-418e-93d3-019b7b7ef4af,123,lembang,cikatomas pakidulan joszzz,,,973f2faa-6112-46fa-b6bf-4d49b6e745af,1_01_R_16082025020000.avi,2026-07-27T05:04:00+07:00
52,55,motorcycle,1motor,1motor,Motorcycle,1,Motorcycle / 3-wheel vehicle,1motor,1,Line 1,normal,80.5909,1773,0.8115,51cbe36f-3fda-47ce-b171-25f02ffeeb3a,e2b5d1af-611f-418e-93d3-019b7b7ef4af,123,lembang,cikatomas pakidulan joszzz,,,973f2faa-6112-46fa-b6bf-4d49b6e745af,1_01_R_16082025020000.avi,2026-07-27T05:04:00+07:00
53,55,motorcycle,1motor,1motor,Motorcycle,1,Motorcycle / 3-wheel vehicle,1motor,2,Line 2,opposite,81.1818,1786,0.8644,51cbe36f-3fda-47ce-b171-25f02ffeeb3a,e2b5d1af-611f-418e-93d3-019b7b7ef4af,123,lembang,cikatomas pakidulan joszzz,,,973f2faa-6112-46fa-b6bf-4d49b6e745af,1_01_R_16082025020000.avi,2026-07-27T05:04:00+07:00
54,62,motorcycle,1motor,1motor,Motorcycle,1,Motorcycle / 3-wheel vehicle,1motor,1,Line 1,normal,84.2273,1853,0.8167,51cbe36f-3fda-47ce-b171-25f02ffeeb3a,e2b5d1af-611f-418e-93d3-019b7b7ef4af,123,lembang,cikatomas pakidulan joszzz,,,973f2faa-6112-46fa-b6bf-4d49b6e745af,1_01_R_16082025020000.avi,2026-07-27T05:04:00+07:00
55,62,motorcycle,1motor,1motor,Motorcycle,1,Motorcycle / 3-wheel vehicle,1motor,2,Line 2,opposite,84.9091,1868,0.7879,51cbe36f-3fda-47ce-b171-25f02ffeeb3a,e2b5d1af-611f-418e-93d3-019b7b7ef4af,123,lembang,cikatomas pakidulan joszzz,,,973f2faa-6112-46fa-b6bf-4d49b6e745af,1_01_R_16082025020000.avi,2026-07-27T05:04:00+07:00
56,63,motorcycle,1motor,1motor,Motorcycle,1,Motorcycle / 3-wheel vehicle,1motor,1,Line 1,normal,85.5909,1883,0.7577,51cbe36f-3fda-47ce-b171-25f02ffeeb3a,e2b5d1af-611f-418e-93d3-019b7b7ef4af,123,lembang,cikatomas pakidulan joszzz,,,973f2faa-6112-46fa-b6bf-4d49b6e745af,1_01_R_16082025020000.avi,2026-07-27T05:04:00+07:00
57,63,motorcycle,1motor,1motor,Motorcycle,1,Motorcycle / 3-wheel vehicle,1motor,2,Line 2,opposite,86.4545,1902,0.7931,51cbe36f-3fda-47ce-b171-25f02ffeeb3a,e2b5d1af-611f-418e-93d3-019b7b7ef4af,123,lembang,cikatomas pakidulan joszzz,,,973f2faa-6112-46fa-b6bf-4d49b6e745af,1_01_R_16082025020000.avi,2026-07-27T05:04:00+07:00
58,800015,motorcycle,1motor,1motor,Motorcycle,1,Motorcycle / 3-wheel vehicle,1motor,2,Line 2,opposite,86.5909,1905,0.7882,51cbe36f-3fda-47ce-b171-25f02ffeeb3a,e2b5d1af-611f-418e-93d3-019b7b7ef4af,123,lembang,cikatomas pakidulan joszzz,,,973f2faa-6112-46fa-b6bf-4d49b6e745af,1_01_R_16082025020000.avi,2026-07-27T05:04:00+07:00
59,68,motorcycle,1motor,1motor,Motorcycle,1,Motorcycle / 3-wheel vehicle,1motor,1,Line 1,opposite,98.4091,2165,0.6414,51cbe36f-3fda-47ce-b171-25f02ffeeb3a,e2b5d1af-611f-418e-93d3-019b7b7ef4af,123,lembang,cikatomas pakidulan joszzz,,,973f2faa-6112-46fa-b6bf-4d49b6e745af,1_01_R_16082025020000.avi,2026-07-27T05:04:00+07:00
60,73,motorcycle,1motor,1motor,Motorcycle,1,Motorcycle / 3-wheel vehicle,1motor,1,Line 1,normal,99.0,2178,0.7714,51cbe36f-3fda-47ce-b171-25f02ffeeb3a,e2b5d1af-611f-418e-93d3-019b7b7ef4af,123,lembang,cikatomas pakidulan joszzz,,,973f2faa-6112-46fa-b6bf-4d49b6e745af,1_01_R_16082025020000.avi,2026-07-27T05:04:00+07:00
61,800017,motorcycle,1motor,1motor,Motorcycle,1,Motorcycle / 3-wheel vehicle,1motor,2,Line 2,normal,99.2727,2184,0.4859,51cbe36f-3fda-47ce-b171-25f02ffeeb3a,e2b5d1af-611f-418e-93d3-019b7b7ef4af,123,lembang,cikatomas pakidulan joszzz,,,973f2faa-6112-46fa-b6bf-4d49b6e745af,1_01_R_16082025020000.avi,2026-07-27T05:04:00+07:00
62,67,motorcycle,1motor,1motor,Motorcycle,1,Motorcycle / 3-wheel vehicle,1motor,1,Line 1,normal,99.4545,2188,0.8443,51cbe36f-3fda-47ce-b171-25f02ffeeb3a,e2b5d1af-611f-418e-93d3-019b7b7ef4af,123,lembang,cikatomas pakidulan joszzz,,,973f2faa-6112-46fa-b6bf-4d49b6e745af,1_01_R_16082025020000.avi,2026-07-27T05:04:00+07:00
63,76,car,2mobil,2mobil,Car / Sedan,2,Sedan / jeep / station wagon,2mobil,2,Line 2,normal,100.3182,2207,0.9268,51cbe36f-3fda-47ce-b171-25f02ffeeb3a,e2b5d1af-611f-418e-93d3-019b7b7ef4af,123,lembang,cikatomas pakidulan joszzz,,,973f2faa-6112-46fa-b6bf-4d49b6e745af,1_01_R_16082025020000.avi,2026-07-27T05:04:00+07:00
64,76,car,2mobil,2mobil,Car / Sedan,2,Sedan / jeep / station wagon,2mobil,1,Line 1,opposite,101.0,2222,0.8952,51cbe36f-3fda-47ce-b171-25f02ffeeb3a,e2b5d1af-611f-418e-93d3-019b7b7ef4af,123,lembang,cikatomas pakidulan joszzz,,,973f2faa-6112-46fa-b6bf-4d49b6e745af,1_01_R_16082025020000.avi,2026-07-27T05:04:00+07:00
65,80,motorcycle,1motor,1motor,Motorcycle,1,Motorcycle / 3-wheel vehicle,1motor,1,Line 1,normal,103.0455,2267,0.7434,51cbe36f-3fda-47ce-b171-25f02ffeeb3a,e2b5d1af-611f-418e-93d3-019b7b7ef4af,123,lembang,cikatomas pakidulan joszzz,,,973f2faa-6112-46fa-b6bf-4d49b6e745af,1_01_R_16082025020000.avi,2026-07-27T05:04:00+07:00
66,800019,motorcycle,1motor,1motor,Motorcycle,1,Motorcycle / 3-wheel vehicle,1motor,1,Line 1,normal,103.5,2277,0.6989,51cbe36f-3fda-47ce-b171-25f02ffeeb3a,e2b5d1af-611f-418e-93d3-019b7b7ef4af,123,lembang,cikatomas pakidulan joszzz,,,973f2faa-6112-46fa-b6bf-4d49b6e745af,1_01_R_16082025020000.avi,2026-07-27T05:04:00+07:00
67,86,motorcycle,1motor,1motor,Motorcycle,1,Motorcycle / 3-wheel vehicle,1motor,1,Line 1,normal,114.2273,2513,0.8237,51cbe36f-3fda-47ce-b171-25f02ffeeb3a,e2b5d1af-611f-418e-93d3-019b7b7ef4af,123,lembang,cikatomas pakidulan joszzz,,,973f2faa-6112-46fa-b6bf-4d49b6e745af,1_01_R_16082025020000.avi,2026-07-27T05:04:00+07:00
68,81,motorcycle,1motor,1motor,Motorcycle,1,Motorcycle / 3-wheel vehicle,1motor,1,Line 1,normal,115.0,2530,0.8167,51cbe36f-3fda-47ce-b171-25f02ffeeb3a,e2b5d1af-611f-418e-93d3-019b7b7ef4af,123,lembang,cikatomas pakidulan joszzz,,,973f2faa-6112-46fa-b6bf-4d49b6e745af,1_01_R_16082025020000.avi,2026-07-27T05:04:00+07:00
69,800020,motorcycle,1motor,1motor,Motorcycle,1,Motorcycle / 3-wheel vehicle,1motor,1,Line 1,normal,115.3636,2538,0.6467,51cbe36f-3fda-47ce-b171-25f02ffeeb3a,e2b5d1af-611f-418e-93d3-019b7b7ef4af,123,lembang,cikatomas pakidulan joszzz,,,973f2faa-6112-46fa-b6bf-4d49b6e745af,1_01_R_16082025020000.avi,2026-07-27T05:04:00+07:00
70,800020,motorcycle,1motor,1motor,Motorcycle,1,Motorcycle / 3-wheel vehicle,1motor,2,Line 2,opposite,115.3636,2538,0.6467,51cbe36f-3fda-47ce-b171-25f02ffeeb3a,e2b5d1af-611f-418e-93d3-019b7b7ef4af,123,lembang,cikatomas pakidulan joszzz,,,973f2faa-6112-46fa-b6bf-4d49b6e745af,1_01_R_16082025020000.avi,2026-07-27T05:04:00+07:00
71,88,motorcycle,1motor,1motor,Motorcycle,1,Motorcycle / 3-wheel vehicle,1motor,2,Line 2,normal,115.7727,2547,0.6076,51cbe36f-3fda-47ce-b171-25f02ffeeb3a,e2b5d1af-611f-418e-93d3-019b7b7ef4af,123,lembang,cikatomas pakidulan joszzz,,,973f2faa-6112-46fa-b6bf-4d49b6e745af,1_01_R_16082025020000.avi,2026-07-27T05:04:00+07:00
72,81,motorcycle,1motor,1motor,Motorcycle,1,Motorcycle / 3-wheel vehicle,1motor,2,Line 2,opposite,116.0,2552,0.7819,51cbe36f-3fda-47ce-b171-25f02ffeeb3a,e2b5d1af-611f-418e-93d3-019b7b7ef4af,123,lembang,cikatomas pakidulan joszzz,,,973f2faa-6112-46fa-b6bf-4d49b6e745af,1_01_R_16082025020000.avi,2026-07-27T05:04:00+07:00
73,88,motorcycle,1motor,1motor,Motorcycle,1,Motorcycle / 3-wheel vehicle,1motor,1,Line 1,opposite,116.5455,2564,0.8034,51cbe36f-3fda-47ce-b171-25f02ffeeb3a,e2b5d1af-611f-418e-93d3-019b7b7ef4af,123,lembang,cikatomas pakidulan joszzz,,,973f2faa-6112-46fa-b6bf-4d49b6e745af,1_01_R_16082025020000.avi,2026-07-27T05:04:00+07:00
74,89,motorcycle,1motor,1motor,Motorcycle,1,Motorcycle / 3-wheel vehicle,1motor,2,Line 2,normal,127.7727,2811,0.8518,51cbe36f-3fda-47ce-b171-25f02ffeeb3a,e2b5d1af-611f-418e-93d3-019b7b7ef4af,123,lembang,cikatomas pakidulan joszzz,,,973f2faa-6112-46fa-b6bf-4d49b6e745af,1_01_R_16082025020000.avi,2026-07-27T05:04:00+07:00
75,89,motorcycle,1motor,1motor,Motorcycle,1,Motorcycle / 3-wheel vehicle,1motor,1,Line 1,opposite,128.2727,2822,0.8716,51cbe36f-3fda-47ce-b171-25f02ffeeb3a,e2b5d1af-611f-418e-93d3-019b7b7ef4af,123,lembang,cikatomas pakidulan joszzz,,,973f2faa-6112-46fa-b6bf-4d49b6e745af,1_01_R_16082025020000.avi,2026-07-27T05:04:00+07:00
76,91,motorcycle,1motor,1motor,Motorcycle,1,Motorcycle / 3-wheel vehicle,1motor,2,Line 2,normal,132.6818,2919,0.7723,51cbe36f-3fda-47ce-b171-25f02ffeeb3a,e2b5d1af-611f-418e-93d3-019b7b7ef4af,123,lembang,cikatomas pakidulan joszzz,,,973f2faa-6112-46fa-b6bf-4d49b6e745af,1_01_R_16082025020000.avi,2026-07-27T05:04:00+07:00
77,91,motorcycle,1motor,1motor,Motorcycle,1,Motorcycle / 3-wheel vehicle,1motor,1,Line 1,opposite,133.6818,2941,0.7495,51cbe36f-3fda-47ce-b171-25f02ffeeb3a,e2b5d1af-611f-418e-93d3-019b7b7ef4af,123,lembang,cikatomas pakidulan joszzz,,,973f2faa-6112-46fa-b6bf-4d49b6e745af,1_01_R_16082025020000.avi,2026-07-27T05:04:00+07:00
78,92,motorcycle,1motor,1motor,Motorcycle,1,Motorcycle / 3-wheel vehicle,1motor,2,Line 2,normal,138.0,3036,0.8307,51cbe36f-3fda-47ce-b171-25f02ffeeb3a,e2b5d1af-611f-418e-93d3-019b7b7ef4af,123,lembang,cikatomas pakidulan joszzz,,,973f2faa-6112-46fa-b6bf-4d49b6e745af,1_01_R_16082025020000.avi,2026-07-27T05:04:00+07:00
79,93,motorcycle,1motor,1motor,Motorcycle,1,Motorcycle / 3-wheel vehicle,1motor,2,Line 2,normal,138.0455,3037,0.7761,51cbe36f-3fda-47ce-b171-25f02ffeeb3a,e2b5d1af-611f-418e-93d3-019b7b7ef4af,123,lembang,cikatomas pakidulan joszzz,,,973f2faa-6112-46fa-b6bf-4d49b6e745af,1_01_R_16082025020000.avi,2026-07-27T05:04:00+07:00
80,94,motorcycle,1motor,1motor,Motorcycle,1,Motorcycle / 3-wheel vehicle,1motor,2,Line 2,normal,138.7727,3053,0.8116,51cbe36f-3fda-47ce-b171-25f02ffeeb3a,e2b5d1af-611f-418e-93d3-019b7b7ef4af,123,lembang,cikatomas pakidulan joszzz,,,973f2faa-6112-46fa-b6bf-4d49b6e745af,1_01_R_16082025020000.avi,2026-07-27T05:04:00+07:00
81,93,motorcycle,1motor,1motor,Motorcycle,1,Motorcycle / 3-wheel vehicle,1motor,1,Line 1,opposite,138.8182,3054,0.85,51cbe36f-3fda-47ce-b171-25f02ffeeb3a,e2b5d1af-611f-418e-93d3-019b7b7ef4af,123,lembang,cikatomas pakidulan joszzz,,,973f2faa-6112-46fa-b6bf-4d49b6e745af,1_01_R_16082025020000.avi,2026-07-27T05:04:00+07:00
82,92,motorcycle,1motor,1motor,Motorcycle,1,Motorcycle / 3-wheel vehicle,1motor,1,Line 1,opposite,138.9091,3056,0.8335,51cbe36f-3fda-47ce-b171-25f02ffeeb3a,e2b5d1af-611f-418e-93d3-019b7b7ef4af,123,lembang,cikatomas pakidulan joszzz,,,973f2faa-6112-46fa-b6bf-4d49b6e745af,1_01_R_16082025020000.avi,2026-07-27T05:04:00+07:00
83,97,motorcycle,1motor,1motor,Motorcycle,1,Motorcycle / 3-wheel vehicle,1motor,2,Line 2,normal,139.0909,3060,0.7975,51cbe36f-3fda-47ce-b171-25f02ffeeb3a,e2b5d1af-611f-418e-93d3-019b7b7ef4af,123,lembang,cikatomas pakidulan joszzz,,,973f2faa-6112-46fa-b6bf-4d49b6e745af,1_01_R_16082025020000.avi,2026-07-27T05:04:00+07:00
84,94,motorcycle,1motor,1motor,Motorcycle,1,Motorcycle / 3-wheel vehicle,1motor,1,Line 1,opposite,139.7727,3075,0.7989,51cbe36f-3fda-47ce-b171-25f02ffeeb3a,e2b5d1af-611f-418e-93d3-019b7b7ef4af,123,lembang,cikatomas pakidulan joszzz,,,973f2faa-6112-46fa-b6bf-4d49b6e745af,1_01_R_16082025020000.avi,2026-07-27T05:04:00+07:00
85,97,motorcycle,1motor,1motor,Motorcycle,1,Motorcycle / 3-wheel vehicle,1motor,1,Line 1,opposite,139.9091,3078,0.8351,51cbe36f-3fda-47ce-b171-25f02ffeeb3a,e2b5d1af-611f-418e-93d3-019b7b7ef4af,123,lembang,cikatomas pakidulan joszzz,,,973f2faa-6112-46fa-b6bf-4d49b6e745af,1_01_R_16082025020000.avi,2026-07-27T05:04:00+07:00
86,100,car,2mobil,2mobil,Car / Sedan,2,Sedan / jeep / station wagon,2mobil,2,Line 2,normal,140.5909,3093,0.9233,51cbe36f-3fda-47ce-b171-25f02ffeeb3a,e2b5d1af-611f-418e-93d3-019b7b7ef4af,123,lembang,cikatomas pakidulan joszzz,,,973f2faa-6112-46fa-b6bf-4d49b6e745af,1_01_R_16082025020000.avi,2026-07-27T05:04:00+07:00
87,100,car,2mobil,2mobil,Car / Sedan,2,Sedan / jeep / station wagon,2mobil,1,Line 1,opposite,141.3636,3110,0.8761,51cbe36f-3fda-47ce-b171-25f02ffeeb3a,e2b5d1af-611f-418e-93d3-019b7b7ef4af,123,lembang,cikatomas pakidulan joszzz,,,973f2faa-6112-46fa-b6bf-4d49b6e745af,1_01_R_16082025020000.avi,2026-07-27T05:04:00+07:00
88,800027,motorcycle,1motor,1motor,Motorcycle,1,Motorcycle / 3-wheel vehicle,1motor,1,Line 1,opposite,141.9545,3123,0.3477,51cbe36f-3fda-47ce-b171-25f02ffeeb3a,e2b5d1af-611f-418e-93d3-019b7b7ef4af,123,lembang,cikatomas pakidulan joszzz,,,973f2faa-6112-46fa-b6bf-4d49b6e745af,1_01_R_16082025020000.avi,2026-07-27T05:04:00+07:00
89,104,motorcycle,1motor,1motor,Motorcycle,1,Motorcycle / 3-wheel vehicle,1motor,1,Line 1,normal,142.9091,3144,0.6585,51cbe36f-3fda-47ce-b171-25f02ffeeb3a,e2b5d1af-611f-418e-93d3-019b7b7ef4af,123,lembang,cikatomas pakidulan joszzz,,,973f2faa-6112-46fa-b6bf-4d49b6e745af,1_01_R_16082025020000.avi,2026-07-27T05:04:00+07:00
90,107,motorcycle,1motor,1motor,Motorcycle,1,Motorcycle / 3-wheel vehicle,1motor,1,Line 1,normal,148.0455,3257,0.8267,51cbe36f-3fda-47ce-b171-25f02ffeeb3a,e2b5d1af-611f-418e-93d3-019b7b7ef4af,123,lembang,cikatomas pakidulan joszzz,,,973f2faa-6112-46fa-b6bf-4d49b6e745af,1_01_R_16082025020000.avi,2026-07-27T05:04:00+07:00
91,108,car,2mobil,2mobil,Car / Sedan,2,Sedan / jeep / station wagon,2mobil,2,Line 2,normal,149.0909,3280,0.9228,51cbe36f-3fda-47ce-b171-25f02ffeeb3a,e2b5d1af-611f-418e-93d3-019b7b7ef4af,123,lembang,cikatomas pakidulan joszzz,,,973f2faa-6112-46fa-b6bf-4d49b6e745af,1_01_R_16082025020000.avi,2026-07-27T05:04:00+07:00
92,108,car,2mobil,2mobil,Car / Sedan,2,Sedan / jeep / station wagon,2mobil,1,Line 1,opposite,149.7273,3294,0.8903,51cbe36f-3fda-47ce-b171-25f02ffeeb3a,e2b5d1af-611f-418e-93d3-019b7b7ef4af,123,lembang,cikatomas pakidulan joszzz,,,973f2faa-6112-46fa-b6bf-4d49b6e745af,1_01_R_16082025020000.avi,2026-07-27T05:04:00+07:00
93,111,motorcycle,1motor,1motor,Motorcycle,1,Motorcycle / 3-wheel vehicle,1motor,1,Line 1,normal,151.3182,3329,0.8582,51cbe36f-3fda-47ce-b171-25f02ffeeb3a,e2b5d1af-611f-418e-93d3-019b7b7ef4af,123,lembang,cikatomas pakidulan joszzz,,,973f2faa-6112-46fa-b6bf-4d49b6e745af,1_01_R_16082025020000.avi,2026-07-27T05:04:00+07:00
94,800029,motorcycle,1motor,1motor,Motorcycle,1,Motorcycle / 3-wheel vehicle,1motor,1,Line 1,normal,152.1818,3348,0.4602,51cbe36f-3fda-47ce-b171-25f02ffeeb3a,e2b5d1af-611f-418e-93d3-019b7b7ef4af,123,lembang,cikatomas pakidulan joszzz,,,973f2faa-6112-46fa-b6bf-4d49b6e745af,1_01_R_16082025020000.avi,2026-07-27T05:04:00+07:00
95,119,motorcycle,1motor,1motor,Motorcycle,1,Motorcycle / 3-wheel vehicle,1motor,1,Line 1,normal,164.1364,3611,0.8005,51cbe36f-3fda-47ce-b171-25f02ffeeb3a,e2b5d1af-611f-418e-93d3-019b7b7ef4af,123,lembang,cikatomas pakidulan joszzz,,,973f2faa-6112-46fa-b6bf-4d49b6e745af,1_01_R_16082025020000.avi,2026-07-27T05:04:00+07:00
96,119,motorcycle,1motor,1motor,Motorcycle,1,Motorcycle / 3-wheel vehicle,1motor,2,Line 2,opposite,164.9545,3629,0.6878,51cbe36f-3fda-47ce-b171-25f02ffeeb3a,e2b5d1af-611f-418e-93d3-019b7b7ef4af,123,lembang,cikatomas pakidulan joszzz,,,973f2faa-6112-46fa-b6bf-4d49b6e745af,1_01_R_16082025020000.avi,2026-07-27T05:04:00+07:00
97,120,motorcycle,1motor,1motor,Motorcycle,1,Motorcycle / 3-wheel vehicle,1motor,1,Line 1,opposite,175.7273,3866,0.751,51cbe36f-3fda-47ce-b171-25f02ffeeb3a,e2b5d1af-611f-418e-93d3-019b7b7ef4af,123,lembang,cikatomas pakidulan joszzz,,,973f2faa-6112-46fa-b6bf-4d49b6e745af,1_01_R_16082025020000.avi,2026-07-27T05:04:00+07:00
98,800032,motorcycle,1motor,1motor,Motorcycle,1,Motorcycle / 3-wheel vehicle,1motor,1,Line 1,normal,177.5455,3906,0.6663,51cbe36f-3fda-47ce-b171-25f02ffeeb3a,e2b5d1af-611f-418e-93d3-019b7b7ef4af,123,lembang,cikatomas pakidulan joszzz,,,973f2faa-6112-46fa-b6bf-4d49b6e745af,1_01_R_16082025020000.avi,2026-07-27T05:04:00+07:00
99,136,motorcycle,1motor,1motor,Motorcycle,1,Motorcycle / 3-wheel vehicle,1motor,2,Line 2,normal,177.7273,3910,0.7329,51cbe36f-3fda-47ce-b171-25f02ffeeb3a,e2b5d1af-611f-418e-93d3-019b7b7ef4af,123,lembang,cikatomas pakidulan joszzz,,,973f2faa-6112-46fa-b6bf-4d49b6e745af,1_01_R_16082025020000.avi,2026-07-27T05:04:00+07:00
100,132,car,2mobil,2mobil,Car / Sedan,2,Sedan / jeep / station wagon,2mobil,2,Line 2,normal,178.1364,3919,0.9026,51cbe36f-3fda-47ce-b171-25f02ffeeb3a,e2b5d1af-611f-418e-93d3-019b7b7ef4af,123,lembang,cikatomas pakidulan joszzz,,,973f2faa-6112-46fa-b6bf-4d49b6e745af,1_01_R_16082025020000.avi,2026-07-27T05:04:00+07:00
101,136,motorcycle,1motor,1motor,Motorcycle,1,Motorcycle / 3-wheel vehicle,1motor,1,Line 1,opposite,178.2727,3922,0.8001,51cbe36f-3fda-47ce-b171-25f02ffeeb3a,e2b5d1af-611f-418e-93d3-019b7b7ef4af,123,lembang,cikatomas pakidulan joszzz,,,973f2faa-6112-46fa-b6bf-4d49b6e745af,1_01_R_16082025020000.avi,2026-07-27T05:04:00+07:00
102,121,truck,6tr_2sumbu,6TR_2sumbu,2-Axle Truck (Jumbo),6,2-Axle Truck,6TR_2sumbu,1,Line 1,normal,178.2727,3922,0.5269,51cbe36f-3fda-47ce-b171-25f02ffeeb3a,e2b5d1af-611f-418e-93d3-019b7b7ef4af,123,lembang,cikatomas pakidulan joszzz,,,973f2faa-6112-46fa-b6bf-4d49b6e745af,1_01_R_16082025020000.avi,2026-07-27T05:04:00+07:00
103,800032,motorcycle,1motor,1motor,Motorcycle,1,Motorcycle / 3-wheel vehicle,1motor,2,Line 2,opposite,178.7727,3933,0.6591,51cbe36f-3fda-47ce-b171-25f02ffeeb3a,e2b5d1af-611f-418e-93d3-019b7b7ef4af,123,lembang,cikatomas pakidulan joszzz,,,973f2faa-6112-46fa-b6bf-4d49b6e745af,1_01_R_16082025020000.avi,2026-07-27T05:04:00+07:00
104,132,car,2mobil,2mobil,Car / Sedan,2,Sedan / jeep / station wagon,2mobil,1,Line 1,opposite,178.9545,3937,0.8818,51cbe36f-3fda-47ce-b171-25f02ffeeb3a,e2b5d1af-611f-418e-93d3-019b7b7ef4af,123,lembang,cikatomas pakidulan joszzz,,,973f2faa-6112-46fa-b6bf-4d49b6e745af,1_01_R_16082025020000.avi,2026-07-27T05:04:00+07:00
105,121,truck,4pickupmicro,4PickupMicro,Pickup / Micro Truck,4,Pickup / micro truck / delivery,4PickupMicro,2,Line 2,opposite,179.3636,3946,0.8677,51cbe36f-3fda-47ce-b171-25f02ffeeb3a,e2b5d1af-611f-418e-93d3-019b7b7ef4af,123,lembang,cikatomas pakidulan joszzz,,,973f2faa-6112-46fa-b6bf-4d49b6e745af,1_01_R_16082025020000.avi,2026-07-27T05:04:00+07:00
106,143,car,2mobil,2mobil,Car / Sedan,2,Sedan / jeep / station wagon,2mobil,2,Line 2,normal,180.1364,3963,0.9267,51cbe36f-3fda-47ce-b171-25f02ffeeb3a,e2b5d1af-611f-418e-93d3-019b7b7ef4af,123,lembang,cikatomas pakidulan joszzz,,,973f2faa-6112-46fa-b6bf-4d49b6e745af,1_01_R_16082025020000.avi,2026-07-27T05:04:00+07:00
107,143,car,2mobil,2mobil,Car / Sedan,2,Sedan / jeep / station wagon,2mobil,1,Line 1,opposite,181.0,3982,0.8933,51cbe36f-3fda-47ce-b171-25f02ffeeb3a,e2b5d1af-611f-418e-93d3-019b7b7ef4af,123,lembang,cikatomas pakidulan joszzz,,,973f2faa-6112-46fa-b6bf-4d49b6e745af,1_01_R_16082025020000.avi,2026-07-27T05:04:00+07:00
108,144,car,2mobil,2mobil,Car / Sedan,2,Sedan / jeep / station wagon,2mobil,1,Line 1,normal,181.5455,3994,0.7407,51cbe36f-3fda-47ce-b171-25f02ffeeb3a,e2b5d1af-611f-418e-93d3-019b7b7ef4af,123,lembang,cikatomas pakidulan joszzz,,,973f2faa-6112-46fa-b6bf-4d49b6e745af,1_01_R_16082025020000.avi,2026-07-27T05:04:00+07:00
109,144,car,2mobil,2mobil,Car / Sedan,2,Sedan / jeep / station wagon,2mobil,2,Line 2,opposite,182.3182,4011,0.9264,51cbe36f-3fda-47ce-b171-25f02ffeeb3a,e2b5d1af-611f-418e-93d3-019b7b7ef4af,123,lembang,cikatomas pakidulan joszzz,,,973f2faa-6112-46fa-b6bf-4d49b6e745af,1_01_R_16082025020000.avi,2026-07-27T05:04:00+07:00
110,149,motorcycle,1motor,1motor,Motorcycle,1,Motorcycle / 3-wheel vehicle,1motor,1,Line 1,normal,184.2727,4054,0.8412,51cbe36f-3fda-47ce-b171-25f02ffeeb3a,e2b5d1af-611f-418e-93d3-019b7b7ef4af,123,lembang,cikatomas pakidulan joszzz,,,973f2faa-6112-46fa-b6bf-4d49b6e745af,1_01_R_16082025020000.avi,2026-07-27T05:04:00+07:00
111,149,motorcycle,1motor,1motor,Motorcycle,1,Motorcycle / 3-wheel vehicle,1motor,2,Line 2,opposite,185.0455,4071,0.782,51cbe36f-3fda-47ce-b171-25f02ffeeb3a,e2b5d1af-611f-418e-93d3-019b7b7ef4af,123,lembang,cikatomas pakidulan joszzz,,,973f2faa-6112-46fa-b6bf-4d49b6e745af,1_01_R_16082025020000.avi,2026-07-27T05:04:00+07:00
112,150,motorcycle,1motor,1motor,Motorcycle,1,Motorcycle / 3-wheel vehicle,1motor,2,Line 2,normal,186.3182,4099,0.7359,51cbe36f-3fda-47ce-b171-25f02ffeeb3a,e2b5d1af-611f-418e-93d3-019b7b7ef4af,123,lembang,cikatomas pakidulan joszzz,,,973f2faa-6112-46fa-b6bf-4d49b6e745af,1_01_R_16082025020000.avi,2026-07-27T05:04:00+07:00
113,150,motorcycle,1motor,1motor,Motorcycle,1,Motorcycle / 3-wheel vehicle,1motor,1,Line 1,opposite,187.5455,4126,0.8218,51cbe36f-3fda-47ce-b171-25f02ffeeb3a,e2b5d1af-611f-418e-93d3-019b7b7ef4af,123,lembang,cikatomas pakidulan joszzz,,,973f2faa-6112-46fa-b6bf-4d49b6e745af,1_01_R_16082025020000.avi,2026-07-27T05:04:00+07:00
114,155,car,2mobil,2mobil,Car / Sedan,2,Sedan / jeep / station wagon,2mobil,2,Line 2,normal,197.7727,4351,0.9184,51cbe36f-3fda-47ce-b171-25f02ffeeb3a,e2b5d1af-611f-418e-93d3-019b7b7ef4af,123,lembang,cikatomas pakidulan joszzz,,,973f2faa-6112-46fa-b6bf-4d49b6e745af,1_01_R_16082025020000.avi,2026-07-27T05:04:00+07:00
115,155,car,2mobil,2mobil,Car / Sedan,2,Sedan / jeep / station wagon,2mobil,1,Line 1,opposite,198.2273,4361,0.8699,51cbe36f-3fda-47ce-b171-25f02ffeeb3a,e2b5d1af-611f-418e-93d3-019b7b7ef4af,123,lembang,cikatomas pakidulan joszzz,,,973f2faa-6112-46fa-b6bf-4d49b6e745af,1_01_R_16082025020000.avi,2026-07-27T05:04:00+07:00
116,800036,motorcycle,1motor,1motor,Motorcycle,1,Motorcycle / 3-wheel vehicle,1motor,1,Line 1,normal,198.4091,4365,0.6313,51cbe36f-3fda-47ce-b171-25f02ffeeb3a,e2b5d1af-611f-418e-93d3-019b7b7ef4af,123,lembang,cikatomas pakidulan joszzz,,,973f2faa-6112-46fa-b6bf-4d49b6e745af,1_01_R_16082025020000.avi,2026-07-27T05:04:00+07:00
117,163,motorcycle,1motor,1motor,Motorcycle,1,Motorcycle / 3-wheel vehicle,1motor,1,Line 1,normal,199.7727,4395,0.7902,51cbe36f-3fda-47ce-b171-25f02ffeeb3a,e2b5d1af-611f-418e-93d3-019b7b7ef4af,123,lembang,cikatomas pakidulan joszzz,,,973f2faa-6112-46fa-b6bf-4d49b6e745af,1_01_R_16082025020000.avi,2026-07-27T05:04:00+07:00
118,800037,motorcycle,1motor,1motor,Motorcycle,1,Motorcycle / 3-wheel vehicle,1motor,1,Line 1,normal,200.1818,4404,0.4294,51cbe36f-3fda-47ce-b171-25f02ffeeb3a,e2b5d1af-611f-418e-93d3-019b7b7ef4af,123,lembang,cikatomas pakidulan joszzz,,,973f2faa-6112-46fa-b6bf-4d49b6e745af,1_01_R_16082025020000.avi,2026-07-27T05:04:00+07:00
119,800037,motorcycle,1motor,1motor,Motorcycle,1,Motorcycle / 3-wheel vehicle,1motor,2,Line 2,opposite,201.9545,4443,0.6013,51cbe36f-3fda-47ce-b171-25f02ffeeb3a,e2b5d1af-611f-418e-93d3-019b7b7ef4af,123,lembang,cikatomas pakidulan joszzz,,,973f2faa-6112-46fa-b6bf-4d49b6e745af,1_01_R_16082025020000.avi,2026-07-27T05:04:00+07:00
120,166,motorcycle,1motor,1motor,Motorcycle,1,Motorcycle / 3-wheel vehicle,1motor,1,Line 1,opposite,202.7727,4461,0.8151,51cbe36f-3fda-47ce-b171-25f02ffeeb3a,e2b5d1af-611f-418e-93d3-019b7b7ef4af,123,lembang,cikatomas pakidulan joszzz,,,973f2faa-6112-46fa-b6bf-4d49b6e745af,1_01_R_16082025020000.avi,2026-07-27T05:04:00+07:00
121,170,motorcycle,1motor,1motor,Motorcycle,1,Motorcycle / 3-wheel vehicle,1motor,2,Line 2,normal,203.9545,4487,0.8331,51cbe36f-3fda-47ce-b171-25f02ffeeb3a,e2b5d1af-611f-418e-93d3-019b7b7ef4af,123,lembang,cikatomas pakidulan joszzz,,,973f2faa-6112-46fa-b6bf-4d49b6e745af,1_01_R_16082025020000.avi,2026-07-27T05:04:00+07:00
122,170,motorcycle,1motor,1motor,Motorcycle,1,Motorcycle / 3-wheel vehicle,1motor,1,Line 1,opposite,204.6364,4502,0.856,51cbe36f-3fda-47ce-b171-25f02ffeeb3a,e2b5d1af-611f-418e-93d3-019b7b7ef4af,123,lembang,cikatomas pakidulan joszzz,,,973f2faa-6112-46fa-b6bf-4d49b6e745af,1_01_R_16082025020000.avi,2026-07-27T05:04:00+07:00
123,172,truck,4pickupmicro,4PickupMicro,Pickup / Micro Truck,4,Pickup / micro truck / delivery,4PickupMicro,2,Line 2,normal,208.3636,4584,0.9139,51cbe36f-3fda-47ce-b171-25f02ffeeb3a,e2b5d1af-611f-418e-93d3-019b7b7ef4af,123,lembang,cikatomas pakidulan joszzz,,,973f2faa-6112-46fa-b6bf-4d49b6e745af,1_01_R_16082025020000.avi,2026-07-27T05:04:00+07:00
124,172,truck,4pickupmicro,4PickupMicro,Pickup / Micro Truck,4,Pickup / micro truck / delivery,4PickupMicro,1,Line 1,opposite,208.9545,4597,0.9182,51cbe36f-3fda-47ce-b171-25f02ffeeb3a,e2b5d1af-611f-418e-93d3-019b7b7ef4af,123,lembang,cikatomas pakidulan joszzz,,,973f2faa-6112-46fa-b6bf-4d49b6e745af,1_01_R_16082025020000.avi,2026-07-27T05:04:00+07:00
125,177,motorcycle,1motor,1motor,Motorcycle,1,Motorcycle / 3-wheel vehicle,1motor,1,Line 1,opposite,212.8182,4682,0.8302,51cbe36f-3fda-47ce-b171-25f02ffeeb3a,e2b5d1af-611f-418e-93d3-019b7b7ef4af,123,lembang,cikatomas pakidulan joszzz,,,973f2faa-6112-46fa-b6bf-4d49b6e745af,1_01_R_16082025020000.avi,2026-07-27T05:04:00+07:00
126,179,motorcycle,1motor,1motor,Motorcycle,1,Motorcycle / 3-wheel vehicle,1motor,1,Line 1,opposite,214.8182,4726,0.8485,51cbe36f-3fda-47ce-b171-25f02ffeeb3a,e2b5d1af-611f-418e-93d3-019b7b7ef4af,123,lembang,cikatomas pakidulan joszzz,,,973f2faa-6112-46fa-b6bf-4d49b6e745af,1_01_R_16082025020000.avi,2026-07-27T05:04:00+07:00
127,180,truck,4pickupmicro,4PickupMicro,Pickup / Micro Truck,4,Pickup / micro truck / delivery,4PickupMicro,2,Line 2,normal,217.0,4774,0.889,51cbe36f-3fda-47ce-b171-25f02ffeeb3a,e2b5d1af-611f-418e-93d3-019b7b7ef4af,123,lembang,cikatomas pakidulan joszzz,,,973f2faa-6112-46fa-b6bf-4d49b6e745af,1_01_R_16082025020000.avi,2026-07-27T05:04:00+07:00
128,180,truck,4pickupmicro,4PickupMicro,Pickup / Micro Truck,4,Pickup / micro truck / delivery,4PickupMicro,1,Line 1,opposite,217.5909,4787,0.6854,51cbe36f-3fda-47ce-b171-25f02ffeeb3a,e2b5d1af-611f-418e-93d3-019b7b7ef4af,123,lembang,cikatomas pakidulan joszzz,,,973f2faa-6112-46fa-b6bf-4d49b6e745af,1_01_R_16082025020000.avi,2026-07-27T05:04:00+07:00
129,188,motorcycle,1motor,1motor,Motorcycle,1,Motorcycle / 3-wheel vehicle,1motor,1,Line 1,normal,222.1364,4887,0.8234,51cbe36f-3fda-47ce-b171-25f02ffeeb3a,e2b5d1af-611f-418e-93d3-019b7b7ef4af,123,lembang,cikatomas pakidulan joszzz,,,973f2faa-6112-46fa-b6bf-4d49b6e745af,1_01_R_16082025020000.avi,2026-07-27T05:04:00+07:00
130,800039,motorcycle,1motor,1motor,Motorcycle,1,Motorcycle / 3-wheel vehicle,1motor,1,Line 1,normal,222.4091,4893,0.615,51cbe36f-3fda-47ce-b171-25f02ffeeb3a,e2b5d1af-611f-418e-93d3-019b7b7ef4af,123,lembang,cikatomas pakidulan joszzz,,,973f2faa-6112-46fa-b6bf-4d49b6e745af,1_01_R_16082025020000.avi,2026-07-27T05:04:00+07:00
131,190,motorcycle,1motor,1motor,Motorcycle,1,Motorcycle / 3-wheel vehicle,1motor,2,Line 2,normal,222.5909,4897,0.7584,51cbe36f-3fda-47ce-b171-25f02ffeeb3a,e2b5d1af-611f-418e-93d3-019b7b7ef4af,123,lembang,cikatomas pakidulan joszzz,,,973f2faa-6112-46fa-b6bf-4d49b6e745af,1_01_R_16082025020000.avi,2026-07-27T05:04:00+07:00
132,188,motorcycle,1motor,1motor,Motorcycle,1,Motorcycle / 3-wheel vehicle,1motor,2,Line 2,opposite,222.8636,4903,0.8126,51cbe36f-3fda-47ce-b171-25f02ffeeb3a,e2b5d1af-611f-418e-93d3-019b7b7ef4af,123,lembang,cikatomas pakidulan joszzz,,,973f2faa-6112-46fa-b6bf-4d49b6e745af,1_01_R_16082025020000.avi,2026-07-27T05:04:00+07:00
133,800039,motorcycle,1motor,1motor,Motorcycle,1,Motorcycle / 3-wheel vehicle,1motor,2,Line 2,opposite,222.9545,4905,0.3422,51cbe36f-3fda-47ce-b171-25f02ffeeb3a,e2b5d1af-611f-418e-93d3-019b7b7ef4af,123,lembang,cikatomas pakidulan joszzz,,,973f2faa-6112-46fa-b6bf-4d49b6e745af,1_01_R_16082025020000.avi,2026-07-27T05:04:00+07:00
134,190,motorcycle,1motor,1motor,Motorcycle,1,Motorcycle / 3-wheel vehicle,1motor,1,Line 1,opposite,223.3636,4914,0.3902,51cbe36f-3fda-47ce-b171-25f02ffeeb3a,e2b5d1af-611f-418e-93d3-019b7b7ef4af,123,lembang,cikatomas pakidulan joszzz,,,973f2faa-6112-46fa-b6bf-4d49b6e745af,1_01_R_16082025020000.avi,2026-07-27T05:04:00+07:00
135,192,motorcycle,1motor,1motor,Motorcycle,1,Motorcycle / 3-wheel vehicle,1motor,2,Line 2,normal,223.4545,4916,0.8637,51cbe36f-3fda-47ce-b171-25f02ffeeb3a,e2b5d1af-611f-418e-93d3-019b7b7ef4af,123,lembang,cikatomas pakidulan joszzz,,,973f2faa-6112-46fa-b6bf-4d49b6e745af,1_01_R_16082025020000.avi,2026-07-27T05:04:00+07:00
136,192,motorcycle,1motor,1motor,Motorcycle,1,Motorcycle / 3-wheel vehicle,1motor,1,Line 1,opposite,224.1364,4931,0.8531,51cbe36f-3fda-47ce-b171-25f02ffeeb3a,e2b5d1af-611f-418e-93d3-019b7b7ef4af,123,lembang,cikatomas pakidulan joszzz,,,973f2faa-6112-46fa-b6bf-4d49b6e745af,1_01_R_16082025020000.avi,2026-07-27T05:04:00+07:00
137,195,motorcycle,1motor,1motor,Motorcycle,1,Motorcycle / 3-wheel vehicle,1motor,2,Line 2,normal,224.1364,4931,0.8255,51cbe36f-3fda-47ce-b171-25f02ffeeb3a,e2b5d1af-611f-418e-93d3-019b7b7ef4af,123,lembang,cikatomas pakidulan joszzz,,,973f2faa-6112-46fa-b6bf-4d49b6e745af,1_01_R_16082025020000.avi,2026-07-27T05:04:00+07:00
138,197,truck,6tr_2sumbu,6TR_2sumbu,2-Axle Truck (Jumbo),6,2-Axle Truck,6TR_2sumbu,2,Line 2,normal,225.0455,4951,0.9,51cbe36f-3fda-47ce-b171-25f02ffeeb3a,e2b5d1af-611f-418e-93d3-019b7b7ef4af,123,lembang,cikatomas pakidulan joszzz,,,973f2faa-6112-46fa-b6bf-4d49b6e745af,1_01_R_16082025020000.avi,2026-07-27T05:04:00+07:00
139,197,truck,6tr_2sumbu,6TR_2sumbu,2-Axle Truck (Jumbo),6,2-Axle Truck,6TR_2sumbu,1,Line 1,opposite,225.6818,4965,0.9223,51cbe36f-3fda-47ce-b171-25f02ffeeb3a,e2b5d1af-611f-418e-93d3-019b7b7ef4af,123,lembang,cikatomas pakidulan joszzz,,,973f2faa-6112-46fa-b6bf-4d49b6e745af,1_01_R_16082025020000.avi,2026-07-27T05:04:00+07:00
140,202,motorcycle,1motor,1motor,Motorcycle,1,Motorcycle / 3-wheel vehicle,1motor,2,Line 2,normal,226.0909,4974,0.8101,51cbe36f-3fda-47ce-b171-25f02ffeeb3a,e2b5d1af-611f-418e-93d3-019b7b7ef4af,123,lembang,cikatomas pakidulan joszzz,,,973f2faa-6112-46fa-b6bf-4d49b6e745af,1_01_R_16082025020000.avi,2026-07-27T05:04:00+07:00
141,202,motorcycle,1motor,1motor,Motorcycle,1,Motorcycle / 3-wheel vehicle,1motor,1,Line 1,opposite,226.6818,4987,0.5745,51cbe36f-3fda-47ce-b171-25f02ffeeb3a,e2b5d1af-611f-418e-93d3-019b7b7ef4af,123,lembang,cikatomas pakidulan joszzz,,,973f2faa-6112-46fa-b6bf-4d49b6e745af,1_01_R_16082025020000.avi,2026-07-27T05:04:00+07:00
142,800040,motorcycle,1motor,1motor,Motorcycle,1,Motorcycle / 3-wheel vehicle,1motor,1,Line 1,normal,228.1364,5019,0.5877,51cbe36f-3fda-47ce-b171-25f02ffeeb3a,e2b5d1af-611f-418e-93d3-019b7b7ef4af,123,lembang,cikatomas pakidulan joszzz,,,973f2faa-6112-46fa-b6bf-4d49b6e745af,1_01_R_16082025020000.avi,2026-07-27T05:04:00+07:00
143,800040,motorcycle,1motor,1motor,Motorcycle,1,Motorcycle / 3-wheel vehicle,1motor,2,Line 2,opposite,228.1364,5019,0.5877,51cbe36f-3fda-47ce-b171-25f02ffeeb3a,e2b5d1af-611f-418e-93d3-019b7b7ef4af,123,lembang,cikatomas pakidulan joszzz,,,973f2faa-6112-46fa-b6bf-4d49b6e745af,1_01_R_16082025020000.avi,2026-07-27T05:04:00+07:00
144,203,motorcycle,1motor,1motor,Motorcycle,1,Motorcycle / 3-wheel vehicle,1motor,2,Line 2,normal,228.5,5027,0.6546,51cbe36f-3fda-47ce-b171-25f02ffeeb3a,e2b5d1af-611f-418e-93d3-019b7b7ef4af,123,lembang,cikatomas pakidulan joszzz,,,973f2faa-6112-46fa-b6bf-4d49b6e745af,1_01_R_16082025020000.avi,2026-07-27T05:04:00+07:00
145,203,motorcycle,1motor,1motor,Motorcycle,1,Motorcycle / 3-wheel vehicle,1motor,1,Line 1,opposite,229.4091,5047,0.7993,51cbe36f-3fda-47ce-b171-25f02ffeeb3a,e2b5d1af-611f-418e-93d3-019b7b7ef4af,123,lembang,cikatomas pakidulan joszzz,,,973f2faa-6112-46fa-b6bf-4d49b6e745af,1_01_R_16082025020000.avi,2026-07-27T05:04:00+07:00
146,205,motorcycle,1motor,1motor,Motorcycle,1,Motorcycle / 3-wheel vehicle,1motor,1,Line 1,normal,230.1364,5063,0.8485,51cbe36f-3fda-47ce-b171-25f02ffeeb3a,e2b5d1af-611f-418e-93d3-019b7b7ef4af,123,lembang,cikatomas pakidulan joszzz,,,973f2faa-6112-46fa-b6bf-4d49b6e745af,1_01_R_16082025020000.avi,2026-07-27T05:04:00+07:00
147,800041,motorcycle,1motor,1motor,Motorcycle,1,Motorcycle / 3-wheel vehicle,1motor,1,Line 1,normal,230.5909,5073,0.4698,51cbe36f-3fda-47ce-b171-25f02ffeeb3a,e2b5d1af-611f-418e-93d3-019b7b7ef4af,123,lembang,cikatomas pakidulan joszzz,,,973f2faa-6112-46fa-b6bf-4d49b6e745af,1_01_R_16082025020000.avi,2026-07-27T05:04:00+07:00
148,206,car,2mobil,2mobil,Car / Sedan,2,Sedan / jeep / station wagon,2mobil,2,Line 2,normal,237.2273,5219,0.9178,51cbe36f-3fda-47ce-b171-25f02ffeeb3a,e2b5d1af-611f-418e-93d3-019b7b7ef4af,123,lembang,cikatomas pakidulan joszzz,,,973f2faa-6112-46fa-b6bf-4d49b6e745af,1_01_R_16082025020000.avi,2026-07-27T05:04:00+07:00
149,206,car,2mobil,2mobil,Car / Sedan,2,Sedan / jeep / station wagon,2mobil,1,Line 1,opposite,237.7273,5230,0.8936,51cbe36f-3fda-47ce-b171-25f02ffeeb3a,e2b5d1af-611f-418e-93d3-019b7b7ef4af,123,lembang,cikatomas pakidulan joszzz,,,973f2faa-6112-46fa-b6bf-4d49b6e745af,1_01_R_16082025020000.avi,2026-07-27T05:04:00+07:00
150,207,car,2mobil,2mobil,Car / Sedan,2,Sedan / jeep / station wagon,2mobil,1,Line 1,normal,242.3182,5331,0.8873,51cbe36f-3fda-47ce-b171-25f02ffeeb3a,e2b5d1af-611f-418e-93d3-019b7b7ef4af,123,lembang,cikatomas pakidulan joszzz,,,973f2faa-6112-46fa-b6bf-4d49b6e745af,1_01_R_16082025020000.avi,2026-07-27T05:04:00+07:00
151,207,car,2mobil,2mobil,Car / Sedan,2,Sedan / jeep / station wagon,2mobil,2,Line 2,opposite,243.0455,5347,0.9178,51cbe36f-3fda-47ce-b171-25f02ffeeb3a,e2b5d1af-611f-418e-93d3-019b7b7ef4af,123,lembang,cikatomas pakidulan joszzz,,,973f2faa-6112-46fa-b6bf-4d49b6e745af,1_01_R_16082025020000.avi,2026-07-27T05:04:00+07:00
152,800043,motorcycle,1motor,1motor,Motorcycle,1,Motorcycle / 3-wheel vehicle,1motor,2,Line 2,normal,247.7727,5451,0.7482,51cbe36f-3fda-47ce-b171-25f02ffeeb3a,e2b5d1af-611f-418e-93d3-019b7b7ef4af,123,lembang,cikatomas pakidulan joszzz,,,973f2faa-6112-46fa-b6bf-4d49b6e745af,1_01_R_16082025020000.avi,2026-07-27T05:04:00+07:00
153,212,motorcycle,1motor,1motor,Motorcycle,1,Motorcycle / 3-wheel vehicle,1motor,1,Line 1,opposite,248.2727,5462,0.8267,51cbe36f-3fda-47ce-b171-25f02ffeeb3a,e2b5d1af-611f-418e-93d3-019b7b7ef4af,123,lembang,cikatomas pakidulan joszzz,,,973f2faa-6112-46fa-b6bf-4d49b6e745af,1_01_R_16082025020000.avi,2026-07-27T05:04:00+07:00
154,213,motorcycle,1motor,1motor,Motorcycle,1,Motorcycle / 3-wheel vehicle,1motor,2,Line 2,normal,249.0,5478,0.8111,51cbe36f-3fda-47ce-b171-25f02ffeeb3a,e2b5d1af-611f-418e-93d3-019b7b7ef4af,123,lembang,cikatomas pakidulan joszzz,,,973f2faa-6112-46fa-b6bf-4d49b6e745af,1_01_R_16082025020000.avi,2026-07-27T05:04:00+07:00
155,213,motorcycle,1motor,1motor,Motorcycle,1,Motorcycle / 3-wheel vehicle,1motor,1,Line 1,opposite,250.3182,5507,0.8584,51cbe36f-3fda-47ce-b171-25f02ffeeb3a,e2b5d1af-611f-418e-93d3-019b7b7ef4af,123,lembang,cikatomas pakidulan joszzz,,,973f2faa-6112-46fa-b6bf-4d49b6e745af,1_01_R_16082025020000.avi,2026-07-27T05:04:00+07:00
156,214,motorcycle,1motor,1motor,Motorcycle,1,Motorcycle / 3-wheel vehicle,1motor,1,Line 1,normal,266.1818,5856,0.8068,51cbe36f-3fda-47ce-b171-25f02ffeeb3a,e2b5d1af-611f-418e-93d3-019b7b7ef4af,123,lembang,cikatomas pakidulan joszzz,,,973f2faa-6112-46fa-b6bf-4d49b6e745af,1_01_R_16082025020000.avi,2026-07-27T05:04:00+07:00
157,219,motorcycle,1motor,1motor,Motorcycle,1,Motorcycle / 3-wheel vehicle,1motor,1,Line 1,normal,266.9091,5872,0.8363,51cbe36f-3fda-47ce-b171-25f02ffeeb3a,e2b5d1af-611f-418e-93d3-019b7b7ef4af,123,lembang,cikatomas pakidulan joszzz,,,973f2faa-6112-46fa-b6bf-4d49b6e745af,1_01_R_16082025020000.avi,2026-07-27T05:04:00+07:00
158,221,motorcycle,1motor,1motor,Motorcycle,1,Motorcycle / 3-wheel vehicle,1motor,1,Line 1,normal,270.4545,5950,0.7916,51cbe36f-3fda-47ce-b171-25f02ffeeb3a,e2b5d1af-611f-418e-93d3-019b7b7ef4af,123,lembang,cikatomas pakidulan joszzz,,,973f2faa-6112-46fa-b6bf-4d49b6e745af,1_01_R_16082025020000.avi,2026-07-27T05:04:00+07:00
159,800045,motorcycle,1motor,1motor,Motorcycle,1,Motorcycle / 3-wheel vehicle,1motor,1,Line 1,normal,270.8182,5958,0.5658,51cbe36f-3fda-47ce-b171-25f02ffeeb3a,e2b5d1af-611f-418e-93d3-019b7b7ef4af,123,lembang,cikatomas pakidulan joszzz,,,973f2faa-6112-46fa-b6bf-4d49b6e745af,1_01_R_16082025020000.avi,2026-07-27T05:04:00+07:00
160,221,motorcycle,1motor,1motor,Motorcycle,1,Motorcycle / 3-wheel vehicle,1motor,2,Line 2,opposite,271.1364,5965,0.7223,51cbe36f-3fda-47ce-b171-25f02ffeeb3a,e2b5d1af-611f-418e-93d3-019b7b7ef4af,123,lembang,cikatomas pakidulan joszzz,,,973f2faa-6112-46fa-b6bf-4d49b6e745af,1_01_R_16082025020000.avi,2026-07-27T05:04:00+07:00
161,800045,motorcycle,1motor,1motor,Motorcycle,1,Motorcycle / 3-wheel vehicle,1motor,2,Line 2,opposite,271.2273,5967,0.3533,51cbe36f-3fda-47ce-b171-25f02ffeeb3a,e2b5d1af-611f-418e-93d3-019b7b7ef4af,123,lembang,cikatomas pakidulan joszzz,,,973f2faa-6112-46fa-b6bf-4d49b6e745af,1_01_R_16082025020000.avi,2026-07-27T05:04:00+07:00
162,227,motorcycle,1motor,1motor,Motorcycle,1,Motorcycle / 3-wheel vehicle,1motor,2,Line 2,normal,272.0,5984,0.8252,51cbe36f-3fda-47ce-b171-25f02ffeeb3a,e2b5d1af-611f-418e-93d3-019b7b7ef4af,123,lembang,cikatomas pakidulan joszzz,,,973f2faa-6112-46fa-b6bf-4d49b6e745af,1_01_R_16082025020000.avi,2026-07-27T05:04:00+07:00
163,227,motorcycle,1motor,1motor,Motorcycle,1,Motorcycle / 3-wheel vehicle,1motor,1,Line 1,opposite,272.5,5995,0.8484,51cbe36f-3fda-47ce-b171-25f02ffeeb3a,e2b5d1af-611f-418e-93d3-019b7b7ef4af,123,lembang,cikatomas pakidulan joszzz,,,973f2faa-6112-46fa-b6bf-4d49b6e745af,1_01_R_16082025020000.avi,2026-07-27T05:04:00+07:00
164,228,car,2mobil,2mobil,Car / Sedan,2,Sedan / jeep / station wagon,2mobil,1,Line 1,normal,275.4545,6060,0.8929,51cbe36f-3fda-47ce-b171-25f02ffeeb3a,e2b5d1af-611f-418e-93d3-019b7b7ef4af,123,lembang,cikatomas pakidulan joszzz,,,973f2faa-6112-46fa-b6bf-4d49b6e745af,1_01_R_16082025020000.avi,2026-07-27T05:04:00+07:00
165,229,motorcycle,1motor,1motor,Motorcycle,1,Motorcycle / 3-wheel vehicle,1motor,2,Line 2,normal,275.5455,6062,0.8056,51cbe36f-3fda-47ce-b171-25f02ffeeb3a,e2b5d1af-611f-418e-93d3-019b7b7ef4af,123,lembang,cikatomas pakidulan joszzz,,,973f2faa-6112-46fa-b6bf-4d49b6e745af,1_01_R_16082025020000.avi,2026-07-27T05:04:00+07:00
166,225,motorcycle,1motor,1motor,Motorcycle,1,Motorcycle / 3-wheel vehicle,1motor,1,Line 1,normal,276.1364,6075,0.8145,51cbe36f-3fda-47ce-b171-25f02ffeeb3a,e2b5d1af-611f-418e-93d3-019b7b7ef4af,123,lembang,cikatomas pakidulan joszzz,,,973f2faa-6112-46fa-b6bf-4d49b6e745af,1_01_R_16082025020000.avi,2026-07-27T05:04:00+07:00
167,228,car,2mobil,2mobil,Car / Sedan,2,Sedan / jeep / station wagon,2mobil,2,Line 2,opposite,276.1818,6076,0.9243,51cbe36f-3fda-47ce-b171-25f02ffeeb3a,e2b5d1af-611f-418e-93d3-019b7b7ef4af,123,lembang,cikatomas pakidulan joszzz,,,973f2faa-6112-46fa-b6bf-4d49b6e745af,1_01_R_16082025020000.avi,2026-07-27T05:04:00+07:00
168,229,motorcycle,1motor,1motor,Motorcycle,1,Motorcycle / 3-wheel vehicle,1motor,1,Line 1,opposite,276.2727,6078,0.7641,51cbe36f-3fda-47ce-b171-25f02ffeeb3a,e2b5d1af-611f-418e-93d3-019b7b7ef4af,123,lembang,cikatomas pakidulan joszzz,,,973f2faa-6112-46fa-b6bf-4d49b6e745af,1_01_R_16082025020000.avi,2026-07-27T05:04:00+07:00
169,800047,motorcycle,1motor,1motor,Motorcycle,1,Motorcycle / 3-wheel vehicle,1motor,1,Line 1,opposite,277.3636,6102,0.4669,51cbe36f-3fda-47ce-b171-25f02ffeeb3a,e2b5d1af-611f-418e-93d3-019b7b7ef4af,123,lembang,cikatomas pakidulan joszzz,,,973f2faa-6112-46fa-b6bf-4d49b6e745af,1_01_R_16082025020000.avi,2026-07-27T05:04:00+07:00
170,800047,motorcycle,1motor,1motor,Motorcycle,1,Motorcycle / 3-wheel vehicle,1motor,2,Line 2,normal,277.3636,6102,0.4669,51cbe36f-3fda-47ce-b171-25f02ffeeb3a,e2b5d1af-611f-418e-93d3-019b7b7ef4af,123,lembang,cikatomas pakidulan joszzz,,,973f2faa-6112-46fa-b6bf-4d49b6e745af,1_01_R_16082025020000.avi,2026-07-27T05:04:00+07:00
171,225,motorcycle,1motor,1motor,Motorcycle,1,Motorcycle / 3-wheel vehicle,1motor,2,Line 2,opposite,277.9545,6115,0.8193,51cbe36f-3fda-47ce-b171-25f02ffeeb3a,e2b5d1af-611f-418e-93d3-019b7b7ef4af,123,lembang,cikatomas pakidulan joszzz,,,973f2faa-6112-46fa-b6bf-4d49b6e745af,1_01_R_16082025020000.avi,2026-07-27T05:04:00+07:00
172,230,motorcycle,1motor,1motor,Motorcycle,1,Motorcycle / 3-wheel vehicle,1motor,1,Line 1,normal,286.2727,6298,0.8032,51cbe36f-3fda-47ce-b171-25f02ffeeb3a,e2b5d1af-611f-418e-93d3-019b7b7ef4af,123,lembang,cikatomas pakidulan joszzz,,,973f2faa-6112-46fa-b6bf-4d49b6e745af,1_01_R_16082025020000.avi,2026-07-27T05:04:00+07:00
173,230,motorcycle,1motor,1motor,Motorcycle,1,Motorcycle / 3-wheel vehicle,1motor,2,Line 2,opposite,287.0455,6315,0.8013,51cbe36f-3fda-47ce-b171-25f02ffeeb3a,e2b5d1af-611f-418e-93d3-019b7b7ef4af,123,lembang,cikatomas pakidulan joszzz,,,973f2faa-6112-46fa-b6bf-4d49b6e745af,1_01_R_16082025020000.avi,2026-07-27T05:04:00+07:00
174,231,motorcycle,1motor,1motor,Motorcycle,1,Motorcycle / 3-wheel vehicle,1motor,2,Line 2,normal,296.5909,6525,0.7857,51cbe36f-3fda-47ce-b171-25f02ffeeb3a,e2b5d1af-611f-418e-93d3-019b7b7ef4af,123,lembang,cikatomas pakidulan joszzz,,,973f2faa-6112-46fa-b6bf-4d49b6e745af,1_01_R_16082025020000.avi,2026-07-27T05:04:00+07:00
175,231,motorcycle,1motor,1motor,Motorcycle,1,Motorcycle / 3-wheel vehicle,1motor,1,Line 1,opposite,297.0909,6536,0.8253,51cbe36f-3fda-47ce-b171-25f02ffeeb3a,e2b5d1af-611f-418e-93d3-019b7b7ef4af,123,lembang,cikatomas pakidulan joszzz,,,973f2faa-6112-46fa-b6bf-4d49b6e745af,1_01_R_16082025020000.avi,2026-07-27T05:04:00+07:00
176,233,motorcycle,1motor,1motor,Motorcycle,1,Motorcycle / 3-wheel vehicle,1motor,1,Line 1,opposite,299.1364,6581,0.7974,51cbe36f-3fda-47ce-b171-25f02ffeeb3a,e2b5d1af-611f-418e-93d3-019b7b7ef4af,123,lembang,cikatomas pakidulan joszzz,,,973f2faa-6112-46fa-b6bf-4d49b6e745af,1_01_R_16082025020000.avi,2026-07-27T05:04:00+07:00
177,800051,motorcycle,1motor,1motor,Motorcycle,1,Motorcycle / 3-wheel vehicle,1motor,2,Line 2,normal,299.1818,6582,0.5201,51cbe36f-3fda-47ce-b171-25f02ffeeb3a,e2b5d1af-611f-418e-93d3-019b7b7ef4af,123,lembang,cikatomas pakidulan joszzz,,,973f2faa-6112-46fa-b6bf-4d49b6e745af,1_01_R_16082025020000.avi,2026-07-27T05:04:00+07:00
178,800051,motorcycle,1motor,1motor,Motorcycle,1,Motorcycle / 3-wheel vehicle,1motor,1,Line 1,opposite,300.1364,6603,0.4857,51cbe36f-3fda-47ce-b171-25f02ffeeb3a,e2b5d1af-611f-418e-93d3-019b7b7ef4af,123,lembang,cikatomas pakidulan joszzz,,,973f2faa-6112-46fa-b6bf-4d49b6e745af,1_01_R_16082025020000.avi,2026-07-27T05:04:00+07:00
179,240,motorcycle,1motor,1motor,Motorcycle,1,Motorcycle / 3-wheel vehicle,1motor,1,Line 1,normal,305.2273,6715,0.8184,51cbe36f-3fda-47ce-b171-25f02ffeeb3a,e2b5d1af-611f-418e-93d3-019b7b7ef4af,123,lembang,cikatomas pakidulan joszzz,,,973f2faa-6112-46fa-b6bf-4d49b6e745af,1_01_R_16082025020000.avi,2026-07-27T05:04:00+07:00
180,242,car,2mobil,2mobil,Car / Sedan,2,Sedan / jeep / station wagon,2mobil,2,Line 2,normal,310.2727,6826,0.8483,51cbe36f-3fda-47ce-b171-25f02ffeeb3a,e2b5d1af-611f-418e-93d3-019b7b7ef4af,123,lembang,cikatomas pakidulan joszzz,,,973f2faa-6112-46fa-b6bf-4d49b6e745af,1_01_R_16082025020000.avi,2026-07-27T05:04:00+07:00
181,242,car,2mobil,2mobil,Car / Sedan,2,Sedan / jeep / station wagon,2mobil,1,Line 1,opposite,310.8182,6838,0.8636,51cbe36f-3fda-47ce-b171-25f02ffeeb3a,e2b5d1af-611f-418e-93d3-019b7b7ef4af,123,lembang,cikatomas pakidulan joszzz,,,973f2faa-6112-46fa-b6bf-4d49b6e745af,1_01_R_16082025020000.avi,2026-07-27T05:04:00+07:00
182,244,motorcycle,1motor,1motor,Motorcycle,1,Motorcycle / 3-wheel vehicle,1motor,1,Line 1,normal,311.2273,6847,0.8068,51cbe36f-3fda-47ce-b171-25f02ffeeb3a,e2b5d1af-611f-418e-93d3-019b7b7ef4af,123,lembang,cikatomas pakidulan joszzz,,,973f2faa-6112-46fa-b6bf-4d49b6e745af,1_01_R_16082025020000.avi,2026-07-27T05:04:00+07:00
183,246,motorcycle,1motor,1motor,Motorcycle,1,Motorcycle / 3-wheel vehicle,1motor,2,Line 2,normal,314.9545,6929,0.7838,51cbe36f-3fda-47ce-b171-25f02ffeeb3a,e2b5d1af-611f-418e-93d3-019b7b7ef4af,123,lembang,cikatomas pakidulan joszzz,,,973f2faa-6112-46fa-b6bf-4d49b6e745af,1_01_R_16082025020000.avi,2026-07-27T05:04:00+07:00
184,246,motorcycle,1motor,1motor,Motorcycle,1,Motorcycle / 3-wheel vehicle,1motor,1,Line 1,opposite,315.6818,6945,0.8316,51cbe36f-3fda-47ce-b171-25f02ffeeb3a,e2b5d1af-611f-418e-93d3-019b7b7ef4af,123,lembang,cikatomas pakidulan joszzz,,,973f2faa-6112-46fa-b6bf-4d49b6e745af,1_01_R_16082025020000.avi,2026-07-27T05:04:00+07:00
185,247,truck,4pickupmicro,4PickupMicro,Pickup / Micro Truck,4,Pickup / micro truck / delivery,4PickupMicro,2,Line 2,normal,316.1818,6956,0.8881,51cbe36f-3fda-47ce-b171-25f02ffeeb3a,e2b5d1af-611f-418e-93d3-019b7b7ef4af,123,lembang,cikatomas pakidulan joszzz,,,973f2faa-6112-46fa-b6bf-4d49b6e745af,1_01_R_16082025020000.avi,2026-07-27T05:04:00+07:00
186,247,truck,4pickupmicro,4PickupMicro,Pickup / Micro Truck,4,Pickup / micro truck / delivery,4PickupMicro,1,Line 1,opposite,316.7727,6969,0.843,51cbe36f-3fda-47ce-b171-25f02ffeeb3a,e2b5d1af-611f-418e-93d3-019b7b7ef4af,123,lembang,cikatomas pakidulan joszzz,,,973f2faa-6112-46fa-b6bf-4d49b6e745af,1_01_R_16082025020000.avi,2026-07-27T05:04:00+07:00
187,250,motorcycle,1motor,1motor,Motorcycle,1,Motorcycle / 3-wheel vehicle,1motor,2,Line 2,normal,320.0909,7042,0.82,51cbe36f-3fda-47ce-b171-25f02ffeeb3a,e2b5d1af-611f-418e-93d3-019b7b7ef4af,123,lembang,cikatomas pakidulan joszzz,,,973f2faa-6112-46fa-b6bf-4d49b6e745af,1_01_R_16082025020000.avi,2026-07-27T05:04:00+07:00
188,250,motorcycle,1motor,1motor,Motorcycle,1,Motorcycle / 3-wheel vehicle,1motor,1,Line 1,opposite,320.8182,7058,0.835,51cbe36f-3fda-47ce-b171-25f02ffeeb3a,e2b5d1af-611f-418e-93d3-019b7b7ef4af,123,lembang,cikatomas pakidulan joszzz,,,973f2faa-6112-46fa-b6bf-4d49b6e745af,1_01_R_16082025020000.avi,2026-07-27T05:04:00+07:00
189,251,car,2mobil,2mobil,Car / Sedan,2,Sedan / jeep / station wagon,2mobil,2,Line 2,normal,322.1364,7087,0.9249,51cbe36f-3fda-47ce-b171-25f02ffeeb3a,e2b5d1af-611f-418e-93d3-019b7b7ef4af,123,lembang,cikatomas pakidulan joszzz,,,973f2faa-6112-46fa-b6bf-4d49b6e745af,1_01_R_16082025020000.avi,2026-07-27T05:04:00+07:00
190,251,car,2mobil,2mobil,Car / Sedan,2,Sedan / jeep / station wagon,2mobil,1,Line 1,opposite,322.9091,7104,0.892,51cbe36f-3fda-47ce-b171-25f02ffeeb3a,e2b5d1af-611f-418e-93d3-019b7b7ef4af,123,lembang,cikatomas pakidulan joszzz,,,973f2faa-6112-46fa-b6bf-4d49b6e745af,1_01_R_16082025020000.avi,2026-07-27T05:04:00+07:00
191,252,car,2mobil,2mobil,Car / Sedan,2,Sedan / jeep / station wagon,2mobil,2,Line 2,normal,325.6818,7165,0.9191,51cbe36f-3fda-47ce-b171-25f02ffeeb3a,e2b5d1af-611f-418e-93d3-019b7b7ef4af,123,lembang,cikatomas pakidulan joszzz,,,973f2faa-6112-46fa-b6bf-4d49b6e745af,1_01_R_16082025020000.avi,2026-07-27T05:04:00+07:00
192,252,car,2mobil,2mobil,Car / Sedan,2,Sedan / jeep / station wagon,2mobil,1,Line 1,opposite,326.1364,7175,0.8606,51cbe36f-3fda-47ce-b171-25f02ffeeb3a,e2b5d1af-611f-418e-93d3-019b7b7ef4af,123,lembang,cikatomas pakidulan joszzz,,,973f2faa-6112-46fa-b6bf-4d49b6e745af,1_01_R_16082025020000.avi,2026-07-27T05:04:00+07:00
193,800059,motorcycle,1motor,1motor,Motorcycle,1,Motorcycle / 3-wheel vehicle,1motor,1,Line 1,normal,327.6818,7209,0.4848,51cbe36f-3fda-47ce-b171-25f02ffeeb3a,e2b5d1af-611f-418e-93d3-019b7b7ef4af,123,lembang,cikatomas pakidulan joszzz,,,973f2faa-6112-46fa-b6bf-4d49b6e745af,1_01_R_16082025020000.avi,2026-07-27T05:04:00+07:00
194,800059,motorcycle,1motor,1motor,Motorcycle,1,Motorcycle / 3-wheel vehicle,1motor,2,Line 2,opposite,327.6818,7209,0.4848,51cbe36f-3fda-47ce-b171-25f02ffeeb3a,e2b5d1af-611f-418e-93d3-019b7b7ef4af,123,lembang,cikatomas pakidulan joszzz,,,973f2faa-6112-46fa-b6bf-4d49b6e745af,1_01_R_16082025020000.avi,2026-07-27T05:04:00+07:00
195,254,motorcycle,1motor,1motor,Motorcycle,1,Motorcycle / 3-wheel vehicle,1motor,2,Line 2,normal,328.1364,7219,0.8187,51cbe36f-3fda-47ce-b171-25f02ffeeb3a,e2b5d1af-611f-418e-93d3-019b7b7ef4af,123,lembang,cikatomas pakidulan joszzz,,,973f2faa-6112-46fa-b6bf-4d49b6e745af,1_01_R_16082025020000.avi,2026-07-27T05:04:00+07:00
196,254,motorcycle,1motor,1motor,Motorcycle,1,Motorcycle / 3-wheel vehicle,1motor,1,Line 1,opposite,328.7727,7233,0.8357,51cbe36f-3fda-47ce-b171-25f02ffeeb3a,e2b5d1af-611f-418e-93d3-019b7b7ef4af,123,lembang,cikatomas pakidulan joszzz,,,973f2faa-6112-46fa-b6bf-4d49b6e745af,1_01_R_16082025020000.avi,2026-07-27T05:04:00+07:00
197,255,truck,4pickupmicro,4PickupMicro,Pickup / Micro Truck,4,Pickup / micro truck / delivery,4PickupMicro,2,Line 2,normal,329.8182,7256,0.917,51cbe36f-3fda-47ce-b171-25f02ffeeb3a,e2b5d1af-611f-418e-93d3-019b7b7ef4af,123,lembang,cikatomas pakidulan joszzz,,,973f2faa-6112-46fa-b6bf-4d49b6e745af,1_01_R_16082025020000.avi,2026-07-27T05:04:00+07:00
198,255,truck,4pickupmicro,4PickupMicro,Pickup / Micro Truck,4,Pickup / micro truck / delivery,4PickupMicro,1,Line 1,opposite,330.6364,7274,0.902,51cbe36f-3fda-47ce-b171-25f02ffeeb3a,e2b5d1af-611f-418e-93d3-019b7b7ef4af,123,lembang,cikatomas pakidulan joszzz,,,973f2faa-6112-46fa-b6bf-4d49b6e745af,1_01_R_16082025020000.avi,2026-07-27T05:04:00+07:00
199,265,motorcycle,1motor,1motor,Motorcycle,1,Motorcycle / 3-wheel vehicle,1motor,2,Line 2,normal,335.6364,7384,0.8666,51cbe36f-3fda-47ce-b171-25f02ffeeb3a,e2b5d1af-611f-418e-93d3-019b7b7ef4af,123,lembang,cikatomas pakidulan joszzz,,,973f2faa-6112-46fa-b6bf-4d49b6e745af,1_01_R_16082025020000.avi,2026-07-27T05:04:00+07:00
200,265,motorcycle,1motor,1motor,Motorcycle,1,Motorcycle / 3-wheel vehicle,1motor,1,Line 1,opposite,336.3182,7399,0.841,51cbe36f-3fda-47ce-b171-25f02ffeeb3a,e2b5d1af-611f-418e-93d3-019b7b7ef4af,123,lembang,cikatomas pakidulan joszzz,,,973f2faa-6112-46fa-b6bf-4d49b6e745af,1_01_R_16082025020000.avi,2026-07-27T05:04:00+07:00
201,264,motorcycle,1motor,1motor,Motorcycle,1,Motorcycle / 3-wheel vehicle,1motor,1,Line 1,normal,336.7727,7409,0.8134,51cbe36f-3fda-47ce-b171-25f02ffeeb3a,e2b5d1af-611f-418e-93d3-019b7b7ef4af,123,lembang,cikatomas pakidulan joszzz,,,973f2faa-6112-46fa-b6bf-4d49b6e745af,1_01_R_16082025020000.avi,2026-07-27T05:04:00+07:00
202,800062,motorcycle,1motor,1motor,Motorcycle,1,Motorcycle / 3-wheel vehicle,1motor,2,Line 2,normal,366.8182,8070,0.6681,51cbe36f-3fda-47ce-b171-25f02ffeeb3a,e2b5d1af-611f-418e-93d3-019b7b7ef4af,123,lembang,cikatomas pakidulan joszzz,,,973f2faa-6112-46fa-b6bf-4d49b6e745af,1_01_R_16082025020000.avi,2026-07-27T05:04:00+07:00
203,279,motorcycle,1motor,1motor,Motorcycle,1,Motorcycle / 3-wheel vehicle,1motor,1,Line 1,opposite,367.1818,8078,0.8091,51cbe36f-3fda-47ce-b171-25f02ffeeb3a,e2b5d1af-611f-418e-93d3-019b7b7ef4af,123,lembang,cikatomas pakidulan joszzz,,,973f2faa-6112-46fa-b6bf-4d49b6e745af,1_01_R_16082025020000.avi,2026-07-27T05:04:00+07:00
204,800063,motorcycle,1motor,1motor,Motorcycle,1,Motorcycle / 3-wheel vehicle,1motor,2,Line 2,normal,372.6818,8199,0.6344,51cbe36f-3fda-47ce-b171-25f02ffeeb3a,e2b5d1af-611f-418e-93d3-019b7b7ef4af,123,lembang,cikatomas pakidulan joszzz,,,973f2faa-6112-46fa-b6bf-4d49b6e745af,1_01_R_16082025020000.avi,2026-07-27T05:04:00+07:00
205,800063,motorcycle,1motor,1motor,Motorcycle,1,Motorcycle / 3-wheel vehicle,1motor,1,Line 1,opposite,372.9545,8205,0.6988,51cbe36f-3fda-47ce-b171-25f02ffeeb3a,e2b5d1af-611f-418e-93d3-019b7b7ef4af,123,lembang,cikatomas pakidulan joszzz,,,973f2faa-6112-46fa-b6bf-4d49b6e745af,1_01_R_16082025020000.avi,2026-07-27T05:04:00+07:00
206,284,motorcycle,1motor,1motor,Motorcycle,1,Motorcycle / 3-wheel vehicle,1motor,1,Line 1,normal,374.4545,8238,0.7935,51cbe36f-3fda-47ce-b171-25f02ffeeb3a,e2b5d1af-611f-418e-93d3-019b7b7ef4af,123,lembang,cikatomas pakidulan joszzz,,,973f2faa-6112-46fa-b6bf-4d49b6e745af,1_01_R_16082025020000.avi,2026-07-27T05:04:00+07:00
207,290,motorcycle,1motor,1motor,Motorcycle,1,Motorcycle / 3-wheel vehicle,1motor,1,Line 1,opposite,376.7727,8289,0.7908,51cbe36f-3fda-47ce-b171-25f02ffeeb3a,e2b5d1af-611f-418e-93d3-019b7b7ef4af,123,lembang,cikatomas pakidulan joszzz,,,973f2faa-6112-46fa-b6bf-4d49b6e745af,1_01_R_16082025020000.avi,2026-07-27T05:04:00+07:00
208,800065,motorcycle,1motor,1motor,Motorcycle,1,Motorcycle / 3-wheel vehicle,1motor,1,Line 1,opposite,378.1364,8319,0.692,51cbe36f-3fda-47ce-b171-25f02ffeeb3a,e2b5d1af-611f-418e-93d3-019b7b7ef4af,123,lembang,cikatomas pakidulan joszzz,,,973f2faa-6112-46fa-b6bf-4d49b6e745af,1_01_R_16082025020000.avi,2026-07-27T05:04:00+07:00
209,295,motorcycle,1motor,1motor,Motorcycle,1,Motorcycle / 3-wheel vehicle,1motor,1,Line 1,opposite,378.1818,8320,0.8178,51cbe36f-3fda-47ce-b171-25f02ffeeb3a,e2b5d1af-611f-418e-93d3-019b7b7ef4af,123,lembang,cikatomas pakidulan joszzz,,,973f2faa-6112-46fa-b6bf-4d49b6e745af,1_01_R_16082025020000.avi,2026-07-27T05:04:00+07:00
210,303,motorcycle,1motor,1motor,Motorcycle,1,Motorcycle / 3-wheel vehicle,1motor,1,Line 1,normal,381.0455,8383,0.8281,51cbe36f-3fda-47ce-b171-25f02ffeeb3a,e2b5d1af-611f-418e-93d3-019b7b7ef4af,123,lembang,cikatomas pakidulan joszzz,,,973f2faa-6112-46fa-b6bf-4d49b6e745af,1_01_R_16082025020000.avi,2026-07-27T05:04:00+07:00
211,312,motorcycle,1motor,1motor,Motorcycle,1,Motorcycle / 3-wheel vehicle,1motor,1,Line 1,opposite,386.5909,8505,0.6564,51cbe36f-3fda-47ce-b171-25f02ffeeb3a,e2b5d1af-611f-418e-93d3-019b7b7ef4af,123,lembang,cikatomas pakidulan joszzz,,,973f2faa-6112-46fa-b6bf-4d49b6e745af,1_01_R_16082025020000.avi,2026-07-27T05:04:00+07:00
212,315,motorcycle,1motor,1motor,Motorcycle,1,Motorcycle / 3-wheel vehicle,1motor,2,Line 2,normal,390.4091,8589,0.844,51cbe36f-3fda-47ce-b171-25f02ffeeb3a,e2b5d1af-611f-418e-93d3-019b7b7ef4af,123,lembang,cikatomas pakidulan joszzz,,,973f2faa-6112-46fa-b6bf-4d49b6e745af,1_01_R_16082025020000.avi,2026-07-27T05:04:00+07:00
213,315,motorcycle,1motor,1motor,Motorcycle,1,Motorcycle / 3-wheel vehicle,1motor,1,Line 1,opposite,391.0909,8604,0.8293,51cbe36f-3fda-47ce-b171-25f02ffeeb3a,e2b5d1af-611f-418e-93d3-019b7b7ef4af,123,lembang,cikatomas pakidulan joszzz,,,973f2faa-6112-46fa-b6bf-4d49b6e745af,1_01_R_16082025020000.avi,2026-07-27T05:04:00+07:00
214,316,motorcycle,1motor,1motor,Motorcycle,1,Motorcycle / 3-wheel vehicle,1motor,2,Line 2,normal,403.6818,8881,0.8185,51cbe36f-3fda-47ce-b171-25f02ffeeb3a,e2b5d1af-611f-418e-93d3-019b7b7ef4af,123,lembang,cikatomas pakidulan joszzz,,,973f2faa-6112-46fa-b6bf-4d49b6e745af,1_01_R_16082025020000.avi,2026-07-27T05:04:00+07:00
215,316,motorcycle,1motor,1motor,Motorcycle,1,Motorcycle / 3-wheel vehicle,1motor,1,Line 1,opposite,404.6364,8902,0.8399,51cbe36f-3fda-47ce-b171-25f02ffeeb3a,e2b5d1af-611f-418e-93d3-019b7b7ef4af,123,lembang,cikatomas pakidulan joszzz,,,973f2faa-6112-46fa-b6bf-4d49b6e745af,1_01_R_16082025020000.avi,2026-07-27T05:04:00+07:00
216,317,truck,4pickupmicro,4PickupMicro,Pickup / Micro Truck,4,Pickup / micro truck / delivery,4PickupMicro,2,Line 2,normal,404.8636,8907,0.9166,51cbe36f-3fda-47ce-b171-25f02ffeeb3a,e2b5d1af-611f-418e-93d3-019b7b7ef4af,123,lembang,cikatomas pakidulan joszzz,,,973f2faa-6112-46fa-b6bf-4d49b6e745af,1_01_R_16082025020000.avi,2026-07-27T05:04:00+07:00
217,317,truck,4pickupmicro,4PickupMicro,Pickup / Micro Truck,4,Pickup / micro truck / delivery,4PickupMicro,1,Line 1,opposite,405.5455,8922,0.9097,51cbe36f-3fda-47ce-b171-25f02ffeeb3a,e2b5d1af-611f-418e-93d3-019b7b7ef4af,123,lembang,cikatomas pakidulan joszzz,,,973f2faa-6112-46fa-b6bf-4d49b6e745af,1_01_R_16082025020000.avi,2026-07-27T05:04:00+07:00
218,318,motorcycle,1motor,1motor,Motorcycle,1,Motorcycle / 3-wheel vehicle,1motor,1,Line 1,normal,407.1364,8957,0.8273,51cbe36f-3fda-47ce-b171-25f02ffeeb3a,e2b5d1af-611f-418e-93d3-019b7b7ef4af,123,lembang,cikatomas pakidulan joszzz,,,973f2faa-6112-46fa-b6bf-4d49b6e745af,1_01_R_16082025020000.avi,2026-07-27T05:04:00+07:00
219,318,motorcycle,1motor,1motor,Motorcycle,1,Motorcycle / 3-wheel vehicle,1motor,2,Line 2,opposite,408.1818,8980,0.7812,51cbe36f-3fda-47ce-b171-25f02ffeeb3a,e2b5d1af-611f-418e-93d3-019b7b7ef4af,123,lembang,cikatomas pakidulan joszzz,,,973f2faa-6112-46fa-b6bf-4d49b6e745af,1_01_R_16082025020000.avi,2026-07-27T05:04:00+07:00
220,320,motorcycle,1motor,1motor,Motorcycle,1,Motorcycle / 3-wheel vehicle,1motor,1,Line 1,normal,422.9091,9304,0.8361,51cbe36f-3fda-47ce-b171-25f02ffeeb3a,e2b5d1af-611f-418e-93d3-019b7b7ef4af,123,lembang,cikatomas pakidulan joszzz,,,973f2faa-6112-46fa-b6bf-4d49b6e745af,1_01_R_16082025020000.avi,2026-07-27T05:04:00+07:00
221,320,motorcycle,1motor,1motor,Motorcycle,1,Motorcycle / 3-wheel vehicle,1motor,2,Line 2,opposite,423.7273,9322,0.7962,51cbe36f-3fda-47ce-b171-25f02ffeeb3a,e2b5d1af-611f-418e-93d3-019b7b7ef4af,123,lembang,cikatomas pakidulan joszzz,,,973f2faa-6112-46fa-b6bf-4d49b6e745af,1_01_R_16082025020000.avi,2026-07-27T05:04:00+07:00
222,325,motorcycle,1motor,1motor,Motorcycle,1,Motorcycle / 3-wheel vehicle,1motor,1,Line 1,normal,436.0,9592,0.7699,51cbe36f-3fda-47ce-b171-25f02ffeeb3a,e2b5d1af-611f-418e-93d3-019b7b7ef4af,123,lembang,cikatomas pakidulan joszzz,,,973f2faa-6112-46fa-b6bf-4d49b6e745af,1_01_R_16082025020000.avi,2026-07-27T05:04:00+07:00
223,327,motorcycle,1motor,1motor,Motorcycle,1,Motorcycle / 3-wheel vehicle,1motor,1,Line 1,normal,437.1364,9617,0.5908,51cbe36f-3fda-47ce-b171-25f02ffeeb3a,e2b5d1af-611f-418e-93d3-019b7b7ef4af,123,lembang,cikatomas pakidulan joszzz,,,973f2faa-6112-46fa-b6bf-4d49b6e745af,1_01_R_16082025020000.avi,2026-07-27T05:04:00+07:00
224,800071,motorcycle,1motor,1motor,Motorcycle,1,Motorcycle / 3-wheel vehicle,1motor,1,Line 1,normal,437.3182,9621,0.7454,51cbe36f-3fda-47ce-b171-25f02ffeeb3a,e2b5d1af-611f-418e-93d3-019b7b7ef4af,123,lembang,cikatomas pakidulan joszzz,,,973f2faa-6112-46fa-b6bf-4d49b6e745af,1_01_R_16082025020000.avi,2026-07-27T05:04:00+07:00
225,325,motorcycle,1motor,1motor,Motorcycle,1,Motorcycle / 3-wheel vehicle,1motor,2,Line 2,opposite,438.1818,9640,0.7064,51cbe36f-3fda-47ce-b171-25f02ffeeb3a,e2b5d1af-611f-418e-93d3-019b7b7ef4af,123,lembang,cikatomas pakidulan joszzz,,,973f2faa-6112-46fa-b6bf-4d49b6e745af,1_01_R_16082025020000.avi,2026-07-27T05:04:00+07:00
226,800071,motorcycle,1motor,1motor,Motorcycle,1,Motorcycle / 3-wheel vehicle,1motor,2,Line 2,opposite,438.6818,9651,0.3842,51cbe36f-3fda-47ce-b171-25f02ffeeb3a,e2b5d1af-611f-418e-93d3-019b7b7ef4af,123,lembang,cikatomas pakidulan joszzz,,,973f2faa-6112-46fa-b6bf-4d49b6e745af,1_01_R_16082025020000.avi,2026-07-27T05:04:00+07:00
227,336,motorcycle,1motor,1motor,Motorcycle,1,Motorcycle / 3-wheel vehicle,1motor,1,Line 1,normal,442.1818,9728,0.8213,51cbe36f-3fda-47ce-b171-25f02ffeeb3a,e2b5d1af-611f-418e-93d3-019b7b7ef4af,123,lembang,cikatomas pakidulan joszzz,,,973f2faa-6112-46fa-b6bf-4d49b6e745af,1_01_R_16082025020000.avi,2026-07-27T05:04:00+07:00
228,800073,motorcycle,1motor,1motor,Motorcycle,1,Motorcycle / 3-wheel vehicle,1motor,1,Line 1,normal,442.7727,9741,0.6791,51cbe36f-3fda-47ce-b171-25f02ffeeb3a,e2b5d1af-611f-418e-93d3-019b7b7ef4af,123,lembang,cikatomas pakidulan joszzz,,,973f2faa-6112-46fa-b6bf-4d49b6e745af,1_01_R_16082025020000.avi,2026-07-27T05:04:00+07:00
229,337,motorcycle,1motor,1motor,Motorcycle,1,Motorcycle / 3-wheel vehicle,1motor,2,Line 2,normal,448.1364,9859,0.8297,51cbe36f-3fda-47ce-b171-25f02ffeeb3a,e2b5d1af-611f-418e-93d3-019b7b7ef4af,123,lembang,cikatomas pakidulan joszzz,,,973f2faa-6112-46fa-b6bf-4d49b6e745af,1_01_R_16082025020000.avi,2026-07-27T05:04:00+07:00
230,337,motorcycle,1motor,1motor,Motorcycle,1,Motorcycle / 3-wheel vehicle,1motor,1,Line 1,opposite,448.7273,9872,0.8304,51cbe36f-3fda-47ce-b171-25f02ffeeb3a,e2b5d1af-611f-418e-93d3-019b7b7ef4af,123,lembang,cikatomas pakidulan joszzz,,,973f2faa-6112-46fa-b6bf-4d49b6e745af,1_01_R_16082025020000.avi,2026-07-27T05:04:00+07:00
231,341,motorcycle,1motor,1motor,Motorcycle,1,Motorcycle / 3-wheel vehicle,1motor,1,Line 1,normal,450.0,9900,0.8384,51cbe36f-3fda-47ce-b171-25f02ffeeb3a,e2b5d1af-611f-418e-93d3-019b7b7ef4af,123,lembang,cikatomas pakidulan joszzz,,,973f2faa-6112-46fa-b6bf-4d49b6e745af,1_01_R_16082025020000.avi,2026-07-27T05:04:00+07:00
232,341,motorcycle,1motor,1motor,Motorcycle,1,Motorcycle / 3-wheel vehicle,1motor,2,Line 2,opposite,450.9091,9920,0.4827,51cbe36f-3fda-47ce-b171-25f02ffeeb3a,e2b5d1af-611f-418e-93d3-019b7b7ef4af,123,lembang,cikatomas pakidulan joszzz,,,973f2faa-6112-46fa-b6bf-4d49b6e745af,1_01_R_16082025020000.avi,2026-07-27T05:04:00+07:00
233,800075,motorcycle,1motor,1motor,Motorcycle,1,Motorcycle / 3-wheel vehicle,1motor,1,Line 1,normal,451.0909,9924,0.2089,51cbe36f-3fda-47ce-b171-25f02ffeeb3a,e2b5d1af-611f-418e-93d3-019b7b7ef4af,123,lembang,cikatomas pakidulan joszzz,,,973f2faa-6112-46fa-b6bf-4d49b6e745af,1_01_R_16082025020000.avi,2026-07-27T05:04:00+07:00
234,800075,motorcycle,1motor,1motor,Motorcycle,1,Motorcycle / 3-wheel vehicle,1motor,2,Line 2,opposite,451.2273,9927,0.2788,51cbe36f-3fda-47ce-b171-25f02ffeeb3a,e2b5d1af-611f-418e-93d3-019b7b7ef4af,123,lembang,cikatomas pakidulan joszzz,,,973f2faa-6112-46fa-b6bf-4d49b6e745af,1_01_R_16082025020000.avi,2026-07-27T05:04:00+07:00
235,344,car,2mobil,2mobil,Car / Sedan,2,Sedan / jeep / station wagon,2mobil,2,Line 2,normal,452.9545,9965,0.9156,51cbe36f-3fda-47ce-b171-25f02ffeeb3a,e2b5d1af-611f-418e-93d3-019b7b7ef4af,123,lembang,cikatomas pakidulan joszzz,,,973f2faa-6112-46fa-b6bf-4d49b6e745af,1_01_R_16082025020000.avi,2026-07-27T05:04:00+07:00
236,344,car,2mobil,2mobil,Car / Sedan,2,Sedan / jeep / station wagon,2mobil,1,Line 1,opposite,453.5909,9979,0.8567,51cbe36f-3fda-47ce-b171-25f02ffeeb3a,e2b5d1af-611f-418e-93d3-019b7b7ef4af,123,lembang,cikatomas pakidulan joszzz,,,973f2faa-6112-46fa-b6bf-4d49b6e745af,1_01_R_16082025020000.avi,2026-07-27T05:04:00+07:00
237,356,motorcycle,1motor,1motor,Motorcycle,1,Motorcycle / 3-wheel vehicle,1motor,1,Line 1,normal,459.7273,10114,0.8489,51cbe36f-3fda-47ce-b171-25f02ffeeb3a,e2b5d1af-611f-418e-93d3-019b7b7ef4af,123,lembang,cikatomas pakidulan joszzz,,,973f2faa-6112-46fa-b6bf-4d49b6e745af,1_01_R_16082025020000.avi,2026-07-27T05:04:00+07:00
238,356,motorcycle,1motor,1motor,Motorcycle,1,Motorcycle / 3-wheel vehicle,1motor,2,Line 2,opposite,460.5455,10132,0.7802,51cbe36f-3fda-47ce-b171-25f02ffeeb3a,e2b5d1af-611f-418e-93d3-019b7b7ef4af,123,lembang,cikatomas pakidulan joszzz,,,973f2faa-6112-46fa-b6bf-4d49b6e745af,1_01_R_16082025020000.avi,2026-07-27T05:04:00+07:00
239,357,car,2mobil,2mobil,Car / Sedan,2,Sedan / jeep / station wagon,2mobil,1,Line 1,normal,462.7273,10180,0.8523,51cbe36f-3fda-47ce-b171-25f02ffeeb3a,e2b5d1af-611f-418e-93d3-019b7b7ef4af,123,lembang,cikatomas pakidulan joszzz,,,973f2faa-6112-46fa-b6bf-4d49b6e745af,1_01_R_16082025020000.avi,2026-07-27T05:04:00+07:00
240,357,car,2mobil,2mobil,Car / Sedan,2,Sedan / jeep / station wagon,2mobil,2,Line 2,opposite,463.4091,10195,0.9312,51cbe36f-3fda-47ce-b171-25f02ffeeb3a,e2b5d1af-611f-418e-93d3-019b7b7ef4af,123,lembang,cikatomas pakidulan joszzz,,,973f2faa-6112-46fa-b6bf-4d49b6e745af,1_01_R_16082025020000.avi,2026-07-27T05:04:00+07:00
241,367,car,2mobil,2mobil,Car / Sedan,2,Sedan / jeep / station wagon,2mobil,1,Line 1,normal,463.8636,10205,0.4726,51cbe36f-3fda-47ce-b171-25f02ffeeb3a,e2b5d1af-611f-418e-93d3-019b7b7ef4af,123,lembang,cikatomas pakidulan joszzz,,,973f2faa-6112-46fa-b6bf-4d49b6e745af,1_01_R_16082025020000.avi,2026-07-27T05:04:00+07:00
242,367,truck,4pickupmicro,4PickupMicro,Pickup / Micro Truck,4,Pickup / micro truck / delivery,4PickupMicro,2,Line 2,opposite,464.4091,10217,0.8412,51cbe36f-3fda-47ce-b171-25f02ffeeb3a,e2b5d1af-611f-418e-93d3-019b7b7ef4af,123,lembang,cikatomas pakidulan joszzz,,,973f2faa-6112-46fa-b6bf-4d49b6e745af,1_01_R_16082025020000.avi,2026-07-27T05:04:00+07:00
243,800077,motorcycle,1motor,1motor,Motorcycle,1,Motorcycle / 3-wheel vehicle,1motor,1,Line 1,normal,464.4545,10218,0.1908,51cbe36f-3fda-47ce-b171-25f02ffeeb3a,e2b5d1af-611f-418e-93d3-019b7b7ef4af,123,lembang,cikatomas pakidulan joszzz,,,973f2faa-6112-46fa-b6bf-4d49b6e745af,1_01_R_16082025020000.avi,2026-07-27T05:04:00+07:00
244,800077,motorcycle,1motor,1motor,Motorcycle,1,Motorcycle / 3-wheel vehicle,1motor,2,Line 2,opposite,465.1364,10233,0.3782,51cbe36f-3fda-47ce-b171-25f02ffeeb3a,e2b5d1af-611f-418e-93d3-019b7b7ef4af,123,lembang,cikatomas pakidulan joszzz,,,973f2faa-6112-46fa-b6bf-4d49b6e745af,1_01_R_16082025020000.avi,2026-07-27T05:04:00+07:00
245,800078,motorcycle,1motor,1motor,Motorcycle,1,Motorcycle / 3-wheel vehicle,1motor,1,Line 1,normal,466.9091,10272,0.6359,51cbe36f-3fda-47ce-b171-25f02ffeeb3a,e2b5d1af-611f-418e-93d3-019b7b7ef4af,123,lembang,cikatomas pakidulan joszzz,,,973f2faa-6112-46fa-b6bf-4d49b6e745af,1_01_R_16082025020000.avi,2026-07-27T05:04:00+07:00
246,381,motorcycle,1motor,1motor,Motorcycle,1,Motorcycle / 3-wheel vehicle,1motor,1,Line 1,normal,467.0,10274,0.4958,51cbe36f-3fda-47ce-b171-25f02ffeeb3a,e2b5d1af-611f-418e-93d3-019b7b7ef4af,123,lembang,cikatomas pakidulan joszzz,,,973f2faa-6112-46fa-b6bf-4d49b6e745af,1_01_R_16082025020000.avi,2026-07-27T05:04:00+07:00
247,800078,motorcycle,1motor,1motor,Motorcycle,1,Motorcycle / 3-wheel vehicle,1motor,2,Line 2,opposite,467.7273,10290,0.2871,51cbe36f-3fda-47ce-b171-25f02ffeeb3a,e2b5d1af-611f-418e-93d3-019b7b7ef4af,123,lembang,cikatomas pakidulan joszzz,,,973f2faa-6112-46fa-b6bf-4d49b6e745af,1_01_R_16082025020000.avi,2026-07-27T05:04:00+07:00
248,385,car,2mobil,2mobil,Car / Sedan,2,Sedan / jeep / station wagon,2mobil,1,Line 1,normal,474.1364,10431,0.8879,51cbe36f-3fda-47ce-b171-25f02ffeeb3a,e2b5d1af-611f-418e-93d3-019b7b7ef4af,123,lembang,cikatomas pakidulan joszzz,,,973f2faa-6112-46fa-b6bf-4d49b6e745af,1_01_R_16082025020000.avi,2026-07-27T05:04:00+07:00
249,385,car,2mobil,2mobil,Car / Sedan,2,Sedan / jeep / station wagon,2mobil,2,Line 2,opposite,474.8182,10446,0.9282,51cbe36f-3fda-47ce-b171-25f02ffeeb3a,e2b5d1af-611f-418e-93d3-019b7b7ef4af,123,lembang,cikatomas pakidulan joszzz,,,973f2faa-6112-46fa-b6bf-4d49b6e745af,1_01_R_16082025020000.avi,2026-07-27T05:04:00+07:00
250,388,motorcycle,1motor,1motor,Motorcycle,1,Motorcycle / 3-wheel vehicle,1motor,1,Line 1,opposite,479.8636,10557,0.6007,51cbe36f-3fda-47ce-b171-25f02ffeeb3a,e2b5d1af-611f-418e-93d3-019b7b7ef4af,123,lembang,cikatomas pakidulan joszzz,,,973f2faa-6112-46fa-b6bf-4d49b6e745af,1_01_R_16082025020000.avi,2026-07-27T05:04:00+07:00
251,389,car,2mobil,2mobil,Car / Sedan,2,Sedan / jeep / station wagon,2mobil,2,Line 2,normal,481.0,10582,0.9283,51cbe36f-3fda-47ce-b171-25f02ffeeb3a,e2b5d1af-611f-418e-93d3-019b7b7ef4af,123,lembang,cikatomas pakidulan joszzz,,,973f2faa-6112-46fa-b6bf-4d49b6e745af,1_01_R_16082025020000.avi,2026-07-27T05:04:00+07:00
252,800079,motorcycle,1motor,1motor,Motorcycle,1,Motorcycle / 3-wheel vehicle,1motor,2,Line 2,normal,481.2273,10587,0.6289,51cbe36f-3fda-47ce-b171-25f02ffeeb3a,e2b5d1af-611f-418e-93d3-019b7b7ef4af,123,lembang,cikatomas pakidulan joszzz,,,973f2faa-6112-46fa-b6bf-4d49b6e745af,1_01_R_16082025020000.avi,2026-07-27T05:04:00+07:00
253,391,motorcycle,1motor,1motor,Motorcycle,1,Motorcycle / 3-wheel vehicle,1motor,1,Line 1,opposite,481.3182,10589,0.8011,51cbe36f-3fda-47ce-b171-25f02ffeeb3a,e2b5d1af-611f-418e-93d3-019b7b7ef4af,123,lembang,cikatomas pakidulan joszzz,,,973f2faa-6112-46fa-b6bf-4d49b6e745af,1_01_R_16082025020000.avi,2026-07-27T05:04:00+07:00
254,389,car,2mobil,2mobil,Car / Sedan,2,Sedan / jeep / station wagon,2mobil,1,Line 1,opposite,481.6364,10596,0.8787,51cbe36f-3fda-47ce-b171-25f02ffeeb3a,e2b5d1af-611f-418e-93d3-019b7b7ef4af,123,lembang,cikatomas pakidulan joszzz,,,973f2faa-6112-46fa-b6bf-4d49b6e745af,1_01_R_16082025020000.avi,2026-07-27T05:04:00+07:00
255,390,motorcycle,1motor,1motor,Motorcycle,1,Motorcycle / 3-wheel vehicle,1motor,1,Line 1,normal,482.3182,10611,0.8496,51cbe36f-3fda-47ce-b171-25f02ffeeb3a,e2b5d1af-611f-418e-93d3-019b7b7ef4af,123,lembang,cikatomas pakidulan joszzz,,,973f2faa-6112-46fa-b6bf-4d49b6e745af,1_01_R_16082025020000.avi,2026-07-27T05:04:00+07:00
256,800080,motorcycle,1motor,1motor,Motorcycle,1,Motorcycle / 3-wheel vehicle,1motor,1,Line 1,normal,482.7273,10620,0.6797,51cbe36f-3fda-47ce-b171-25f02ffeeb3a,e2b5d1af-611f-418e-93d3-019b7b7ef4af,123,lembang,cikatomas pakidulan joszzz,,,973f2faa-6112-46fa-b6bf-4d49b6e745af,1_01_R_16082025020000.avi,2026-07-27T05:04:00+07:00
257,397,truck,4pickupmicro,4PickupMicro,Pickup / Micro Truck,4,Pickup / micro truck / delivery,4PickupMicro,2,Line 2,normal,484.0909,10650,0.9115,51cbe36f-3fda-47ce-b171-25f02ffeeb3a,e2b5d1af-611f-418e-93d3-019b7b7ef4af,123,lembang,cikatomas pakidulan joszzz,,,973f2faa-6112-46fa-b6bf-4d49b6e745af,1_01_R_16082025020000.avi,2026-07-27T05:04:00+07:00
258,397,truck,4pickupmicro,4PickupMicro,Pickup / Micro Truck,4,Pickup / micro truck / delivery,4PickupMicro,1,Line 1,opposite,484.6818,10663,0.9076,51cbe36f-3fda-47ce-b171-25f02ffeeb3a,e2b5d1af-611f-418e-93d3-019b7b7ef4af,123,lembang,cikatomas pakidulan joszzz,,,973f2faa-6112-46fa-b6bf-4d49b6e745af,1_01_R_16082025020000.avi,2026-07-27T05:04:00+07:00
259,400,motorcycle,1motor,1motor,Motorcycle,1,Motorcycle / 3-wheel vehicle,1motor,1,Line 1,opposite,488.2727,10742,0.8112,51cbe36f-3fda-47ce-b171-25f02ffeeb3a,e2b5d1af-611f-418e-93d3-019b7b7ef4af,123,lembang,cikatomas pakidulan joszzz,,,973f2faa-6112-46fa-b6bf-4d49b6e745af,1_01_R_16082025020000.avi,2026-07-27T05:04:00+07:00
260,401,motorcycle,1motor,1motor,Motorcycle,1,Motorcycle / 3-wheel vehicle,1motor,2,Line 2,normal,490.4545,10790,0.7863,51cbe36f-3fda-47ce-b171-25f02ffeeb3a,e2b5d1af-611f-418e-93d3-019b7b7ef4af,123,lembang,cikatomas pakidulan joszzz,,,973f2faa-6112-46fa-b6bf-4d49b6e745af,1_01_R_16082025020000.avi,2026-07-27T05:04:00+07:00
261,401,motorcycle,1motor,1motor,Motorcycle,1,Motorcycle / 3-wheel vehicle,1motor,1,Line 1,opposite,491.2273,10807,0.8054,51cbe36f-3fda-47ce-b171-25f02ffeeb3a,e2b5d1af-611f-418e-93d3-019b7b7ef4af,123,lembang,cikatomas pakidulan joszzz,,,973f2faa-6112-46fa-b6bf-4d49b6e745af,1_01_R_16082025020000.avi,2026-07-27T05:04:00+07:00
262,402,car,2mobil,2mobil,Car / Sedan,2,Sedan / jeep / station wagon,2mobil,2,Line 2,normal,496.4091,10921,0.9232,51cbe36f-3fda-47ce-b171-25f02ffeeb3a,e2b5d1af-611f-418e-93d3-019b7b7ef4af,123,lembang,cikatomas pakidulan joszzz,,,973f2faa-6112-46fa-b6bf-4d49b6e745af,1_01_R_16082025020000.avi,2026-07-27T05:04:00+07:00
263,402,car,2mobil,2mobil,Car / Sedan,2,Sedan / jeep / station wagon,2mobil,1,Line 1,opposite,497.0455,10935,0.7767,51cbe36f-3fda-47ce-b171-25f02ffeeb3a,e2b5d1af-611f-418e-93d3-019b7b7ef4af,123,lembang,cikatomas pakidulan joszzz,,,973f2faa-6112-46fa-b6bf-4d49b6e745af,1_01_R_16082025020000.avi,2026-07-27T05:04:00+07:00
264,404,truck,4pickupmicro,4PickupMicro,Pickup / Micro Truck,4,Pickup / micro truck / delivery,4PickupMicro,2,Line 2,normal,500.0909,11002,0.7188,51cbe36f-3fda-47ce-b171-25f02ffeeb3a,e2b5d1af-611f-418e-93d3-019b7b7ef4af,123,lembang,cikatomas pakidulan joszzz,,,973f2faa-6112-46fa-b6bf-4d49b6e745af,1_01_R_16082025020000.avi,2026-07-27T05:04:00+07:00
265,404,truck,4pickupmicro,4PickupMicro,Pickup / Micro Truck,4,Pickup / micro truck / delivery,4PickupMicro,1,Line 1,opposite,501.0,11022,0.5459,51cbe36f-3fda-47ce-b171-25f02ffeeb3a,e2b5d1af-611f-418e-93d3-019b7b7ef4af,123,lembang,cikatomas pakidulan joszzz,,,973f2faa-6112-46fa-b6bf-4d49b6e745af,1_01_R_16082025020000.avi,2026-07-27T05:04:00+07:00
266,407,car,2mobil,2mobil,Car / Sedan,2,Sedan / jeep / station wagon,2mobil,2,Line 2,normal,501.6364,11036,0.929,51cbe36f-3fda-47ce-b171-25f02ffeeb3a,e2b5d1af-611f-418e-93d3-019b7b7ef4af,123,lembang,cikatomas pakidulan joszzz,,,973f2faa-6112-46fa-b6bf-4d49b6e745af,1_01_R_16082025020000.avi,2026-07-27T05:04:00+07:00
267,407,car,2mobil,2mobil,Car / Sedan,2,Sedan / jeep / station wagon,2mobil,1,Line 1,opposite,502.3636,11052,0.9028,51cbe36f-3fda-47ce-b171-25f02ffeeb3a,e2b5d1af-611f-418e-93d3-019b7b7ef4af,123,lembang,cikatomas pakidulan joszzz,,,973f2faa-6112-46fa-b6bf-4d49b6e745af,1_01_R_16082025020000.avi,2026-07-27T05:04:00+07:00
268,416,truck,6tr_2sumbu,6TR_2sumbu,2-Axle Truck (Jumbo),6,2-Axle Truck,6TR_2sumbu,2,Line 2,normal,506.5909,11145,0.911,51cbe36f-3fda-47ce-b171-25f02ffeeb3a,e2b5d1af-611f-418e-93d3-019b7b7ef4af,123,lembang,cikatomas pakidulan joszzz,,,973f2faa-6112-46fa-b6bf-4d49b6e745af,1_01_R_16082025020000.avi,2026-07-27T05:04:00+07:00
269,416,truck,6tr_2sumbu,6TR_2sumbu,2-Axle Truck (Jumbo),6,2-Axle Truck,6TR_2sumbu,1,Line 1,opposite,507.3636,11162,0.9067,51cbe36f-3fda-47ce-b171-25f02ffeeb3a,e2b5d1af-611f-418e-93d3-019b7b7ef4af,123,lembang,cikatomas pakidulan joszzz,,,973f2faa-6112-46fa-b6bf-4d49b6e745af,1_01_R_16082025020000.avi,2026-07-27T05:04:00+07:00
270,421,motorcycle,1motor,1motor,Motorcycle,1,Motorcycle / 3-wheel vehicle,1motor,2,Line 2,normal,512.8182,11282,0.8348,51cbe36f-3fda-47ce-b171-25f02ffeeb3a,e2b5d1af-611f-418e-93d3-019b7b7ef4af,123,lembang,cikatomas pakidulan joszzz,,,973f2faa-6112-46fa-b6bf-4d49b6e745af,1_01_R_16082025020000.avi,2026-07-27T05:04:00+07:00
271,421,motorcycle,1motor,1motor,Motorcycle,1,Motorcycle / 3-wheel vehicle,1motor,1,Line 1,opposite,513.4545,11296,0.8388,51cbe36f-3fda-47ce-b171-25f02ffeeb3a,e2b5d1af-611f-418e-93d3-019b7b7ef4af,123,lembang,cikatomas pakidulan joszzz,,,973f2faa-6112-46fa-b6bf-4d49b6e745af,1_01_R_16082025020000.avi,2026-07-27T05:04:00+07:00
272,422,motorcycle,1motor,1motor,Motorcycle,1,Motorcycle / 3-wheel vehicle,1motor,1,Line 1,normal,515.9545,11351,0.8384,51cbe36f-3fda-47ce-b171-25f02ffeeb3a,e2b5d1af-611f-418e-93d3-019b7b7ef4af,123,lembang,cikatomas pakidulan joszzz,,,973f2faa-6112-46fa-b6bf-4d49b6e745af,1_01_R_16082025020000.avi,2026-07-27T05:04:00+07:00
273,422,motorcycle,1motor,1motor,Motorcycle,1,Motorcycle / 3-wheel vehicle,1motor,2,Line 2,opposite,516.8636,11371,0.6985,51cbe36f-3fda-47ce-b171-25f02ffeeb3a,e2b5d1af-611f-418e-93d3-019b7b7ef4af,123,lembang,cikatomas pakidulan joszzz,,,973f2faa-6112-46fa-b6bf-4d49b6e745af,1_01_R_16082025020000.avi,2026-07-27T05:04:00+07:00
274,423,motorcycle,1motor,1motor,Motorcycle,1,Motorcycle / 3-wheel vehicle,1motor,1,Line 1,normal,519.4091,11427,0.8354,51cbe36f-3fda-47ce-b171-25f02ffeeb3a,e2b5d1af-611f-418e-93d3-019b7b7ef4af,123,lembang,cikatomas pakidulan joszzz,,,973f2faa-6112-46fa-b6bf-4d49b6e745af,1_01_R_16082025020000.avi,2026-07-27T05:04:00+07:00
275,426,motorcycle,1motor,1motor,Motorcycle,1,Motorcycle / 3-wheel vehicle,1motor,2,Line 2,normal,525.5,11561,0.573,51cbe36f-3fda-47ce-b171-25f02ffeeb3a,e2b5d1af-611f-418e-93d3-019b7b7ef4af,123,lembang,cikatomas pakidulan joszzz,,,973f2faa-6112-46fa-b6bf-4d49b6e745af,1_01_R_16082025020000.avi,2026-07-27T05:04:00+07:00
276,426,motorcycle,1motor,1motor,Motorcycle,1,Motorcycle / 3-wheel vehicle,1motor,1,Line 1,opposite,527.0455,11595,0.7654,51cbe36f-3fda-47ce-b171-25f02ffeeb3a,e2b5d1af-611f-418e-93d3-019b7b7ef4af,123,lembang,cikatomas pakidulan joszzz,,,973f2faa-6112-46fa-b6bf-4d49b6e745af,1_01_R_16082025020000.avi,2026-07-27T05:04:00+07:00
277,432,motorcycle,1motor,1motor,Motorcycle,1,Motorcycle / 3-wheel vehicle,1motor,1,Line 1,opposite,536.3182,11799,0.8486,51cbe36f-3fda-47ce-b171-25f02ffeeb3a,e2b5d1af-611f-418e-93d3-019b7b7ef4af,123,lembang,cikatomas pakidulan joszzz,,,973f2faa-6112-46fa-b6bf-4d49b6e745af,1_01_R_16082025020000.avi,2026-07-27T05:04:00+07:00
278,435,motorcycle,1motor,1motor,Motorcycle,1,Motorcycle / 3-wheel vehicle,1motor,1,Line 1,normal,543.0,11946,0.8456,51cbe36f-3fda-47ce-b171-25f02ffeeb3a,e2b5d1af-611f-418e-93d3-019b7b7ef4af,123,lembang,cikatomas pakidulan joszzz,,,973f2faa-6112-46fa-b6bf-4d49b6e745af,1_01_R_16082025020000.avi,2026-07-27T05:04:00+07:00
279,441,motorcycle,1motor,1motor,Motorcycle,1,Motorcycle / 3-wheel vehicle,1motor,1,Line 1,normal,548.8636,12075,0.8091,51cbe36f-3fda-47ce-b171-25f02ffeeb3a,e2b5d1af-611f-418e-93d3-019b7b7ef4af,123,lembang,cikatomas pakidulan joszzz,,,973f2faa-6112-46fa-b6bf-4d49b6e745af,1_01_R_16082025020000.avi,2026-07-27T05:04:00+07:00
280,445,motorcycle,1motor,1motor,Motorcycle,1,Motorcycle / 3-wheel vehicle,1motor,2,Line 2,normal,549.7273,12094,0.8515,51cbe36f-3fda-47ce-b171-25f02ffeeb3a,e2b5d1af-611f-418e-93d3-019b7b7ef4af,123,lembang,cikatomas pakidulan joszzz,,,973f2faa-6112-46fa-b6bf-4d49b6e745af,1_01_R_16082025020000.avi,2026-07-27T05:04:00+07:00
281,445,motorcycle,1motor,1motor,Motorcycle,1,Motorcycle / 3-wheel vehicle,1motor,1,Line 1,opposite,550.2727,12106,0.8489,51cbe36f-3fda-47ce-b171-25f02ffeeb3a,e2b5d1af-611f-418e-93d3-019b7b7ef4af,123,lembang,cikatomas pakidulan joszzz,,,973f2faa-6112-46fa-b6bf-4d49b6e745af,1_01_R_16082025020000.avi,2026-07-27T05:04:00+07:00
282,449,motorcycle,1motor,1motor,Motorcycle,1,Motorcycle / 3-wheel vehicle,1motor,2,Line 2,normal,553.0455,12167,0.8003,51cbe36f-3fda-47ce-b171-25f02ffeeb3a,e2b5d1af-611f-418e-93d3-019b7b7ef4af,123,lembang,cikatomas pakidulan joszzz,,,973f2faa-6112-46fa-b6bf-4d49b6e745af,1_01_R_16082025020000.avi,2026-07-27T05:04:00+07:00
283,449,motorcycle,1motor,1motor,Motorcycle,1,Motorcycle / 3-wheel vehicle,1motor,1,Line 1,opposite,554.3182,12195,0.8304,51cbe36f-3fda-47ce-b171-25f02ffeeb3a,e2b5d1af-611f-418e-93d3-019b7b7ef4af,123,lembang,cikatomas pakidulan joszzz,,,973f2faa-6112-46fa-b6bf-4d49b6e745af,1_01_R_16082025020000.avi,2026-07-27T05:04:00+07:00
284,452,car,2mobil,2mobil,Car / Sedan,2,Sedan / jeep / station wagon,2mobil,2,Line 2,opposite,559.4545,12308,0.9158,51cbe36f-3fda-47ce-b171-25f02ffeeb3a,e2b5d1af-611f-418e-93d3-019b7b7ef4af,123,lembang,cikatomas pakidulan joszzz,,,973f2faa-6112-46fa-b6bf-4d49b6e745af,1_01_R_16082025020000.avi,2026-07-27T05:04:00+07:00
285,800095,motorcycle,1motor,1motor,Motorcycle,1,Motorcycle / 3-wheel vehicle,1motor,1,Line 1,opposite,559.9091,12318,0.6026,51cbe36f-3fda-47ce-b171-25f02ffeeb3a,e2b5d1af-611f-418e-93d3-019b7b7ef4af,123,lembang,cikatomas pakidulan joszzz,,,973f2faa-6112-46fa-b6bf-4d49b6e745af,1_01_R_16082025020000.avi,2026-07-27T05:04:00+07:00
286,454,motorcycle,1motor,1motor,Motorcycle,1,Motorcycle / 3-wheel vehicle,1motor,1,Line 1,normal,560.0909,12322,0.6636,51cbe36f-3fda-47ce-b171-25f02ffeeb3a,e2b5d1af-611f-418e-93d3-019b7b7ef4af,123,lembang,cikatomas pakidulan joszzz,,,973f2faa-6112-46fa-b6bf-4d49b6e745af,1_01_R_16082025020000.avi,2026-07-27T05:04:00+07:00
287,459,motorcycle,1motor,1motor,Motorcycle,1,Motorcycle / 3-wheel vehicle,1motor,1,Line 1,normal,562.4091,12373,0.8376,51cbe36f-3fda-47ce-b171-25f02ffeeb3a,e2b5d1af-611f-418e-93d3-019b7b7ef4af,123,lembang,cikatomas pakidulan joszzz,,,973f2faa-6112-46fa-b6bf-4d49b6e745af,1_01_R_16082025020000.avi,2026-07-27T05:04:00+07:00
288,460,motorcycle,1motor,1motor,Motorcycle,1,Motorcycle / 3-wheel vehicle,1motor,1,Line 1,normal,562.8636,12383,0.8052,51cbe36f-3fda-47ce-b171-25f02ffeeb3a,e2b5d1af-611f-418e-93d3-019b7b7ef4af,123,lembang,cikatomas pakidulan joszzz,,,973f2faa-6112-46fa-b6bf-4d49b6e745af,1_01_R_16082025020000.avi,2026-07-27T05:04:00+07:00
289,800096,motorcycle,1motor,1motor,Motorcycle,1,Motorcycle / 3-wheel vehicle,1motor,1,Line 1,normal,563.3182,12393,0.3236,51cbe36f-3fda-47ce-b171-25f02ffeeb3a,e2b5d1af-611f-418e-93d3-019b7b7ef4af,123,lembang,cikatomas pakidulan joszzz,,,973f2faa-6112-46fa-b6bf-4d49b6e745af,1_01_R_16082025020000.avi,2026-07-27T05:04:00+07:00
290,460,motorcycle,1motor,1motor,Motorcycle,1,Motorcycle / 3-wheel vehicle,1motor,2,Line 2,opposite,563.6364,12400,0.7836,51cbe36f-3fda-47ce-b171-25f02ffeeb3a,e2b5d1af-611f-418e-93d3-019b7b7ef4af,123,lembang,cikatomas pakidulan joszzz,,,973f2faa-6112-46fa-b6bf-4d49b6e745af,1_01_R_16082025020000.avi,2026-07-27T05:04:00+07:00
291,468,motorcycle,1motor,1motor,Motorcycle,1,Motorcycle / 3-wheel vehicle,1motor,1,Line 1,normal,566.0909,12454,0.8459,51cbe36f-3fda-47ce-b171-25f02ffeeb3a,e2b5d1af-611f-418e-93d3-019b7b7ef4af,123,lembang,cikatomas pakidulan joszzz,,,973f2faa-6112-46fa-b6bf-4d49b6e745af,1_01_R_16082025020000.avi,2026-07-27T05:04:00+07:00
292,468,motorcycle,1motor,1motor,Motorcycle,1,Motorcycle / 3-wheel vehicle,1motor,2,Line 2,opposite,566.8636,12471,0.455,51cbe36f-3fda-47ce-b171-25f02ffeeb3a,e2b5d1af-611f-418e-93d3-019b7b7ef4af,123,lembang,cikatomas pakidulan joszzz,,,973f2faa-6112-46fa-b6bf-4d49b6e745af,1_01_R_16082025020000.avi,2026-07-27T05:04:00+07:00
293,800097,motorcycle,1motor,1motor,Motorcycle,1,Motorcycle / 3-wheel vehicle,1motor,2,Line 2,opposite,567.0,12474,0.5915,51cbe36f-3fda-47ce-b171-25f02ffeeb3a,e2b5d1af-611f-418e-93d3-019b7b7ef4af,123,lembang,cikatomas pakidulan joszzz,,,973f2faa-6112-46fa-b6bf-4d49b6e745af,1_01_R_16082025020000.avi,2026-07-27T05:04:00+07:00
294,469,motorcycle,1motor,1motor,Motorcycle,1,Motorcycle / 3-wheel vehicle,1motor,1,Line 1,normal,569.3636,12526,0.8443,51cbe36f-3fda-47ce-b171-25f02ffeeb3a,e2b5d1af-611f-418e-93d3-019b7b7ef4af,123,lembang,cikatomas pakidulan joszzz,,,973f2faa-6112-46fa-b6bf-4d49b6e745af,1_01_R_16082025020000.avi,2026-07-27T05:04:00+07:00
295,471,motorcycle,1motor,1motor,Motorcycle,1,Motorcycle / 3-wheel vehicle,1motor,1,Line 1,normal,572.9091,12604,0.7961,51cbe36f-3fda-47ce-b171-25f02ffeeb3a,e2b5d1af-611f-418e-93d3-019b7b7ef4af,123,lembang,cikatomas pakidulan joszzz,,,973f2faa-6112-46fa-b6bf-4d49b6e745af,1_01_R_16082025020000.avi,2026-07-27T05:04:00+07:00
296,800098,motorcycle,1motor,1motor,Motorcycle,1,Motorcycle / 3-wheel vehicle,1motor,1,Line 1,normal,573.6818,12621,0.6402,51cbe36f-3fda-47ce-b171-25f02ffeeb3a,e2b5d1af-611f-418e-93d3-019b7b7ef4af,123,lembang,cikatomas pakidulan joszzz,,,973f2faa-6112-46fa-b6bf-4d49b6e745af,1_01_R_16082025020000.avi,2026-07-27T05:04:00+07:00
297,472,motorcycle,1motor,1motor,Motorcycle,1,Motorcycle / 3-wheel vehicle,1motor,1,Line 1,opposite,574.3182,12635,0.8517,51cbe36f-3fda-47ce-b171-25f02ffeeb3a,e2b5d1af-611f-418e-93d3-019b7b7ef4af,123,lembang,cikatomas pakidulan joszzz,,,973f2faa-6112-46fa-b6bf-4d49b6e745af,1_01_R_16082025020000.avi,2026-07-27T05:04:00+07:00
298,471,motorcycle,1motor,1motor,Motorcycle,1,Motorcycle / 3-wheel vehicle,1motor,2,Line 2,opposite,574.4091,12637,0.6963,51cbe36f-3fda-47ce-b171-25f02ffeeb3a,e2b5d1af-611f-418e-93d3-019b7b7ef4af,123,lembang,cikatomas pakidulan joszzz,,,973f2faa-6112-46fa-b6bf-4d49b6e745af,1_01_R_16082025020000.avi,2026-07-27T05:04:00+07:00
299,473,motorcycle,1motor,1motor,Motorcycle,1,Motorcycle / 3-wheel vehicle,1motor,1,Line 1,opposite,575.4091,12659,0.8397,51cbe36f-3fda-47ce-b171-25f02ffeeb3a,e2b5d1af-611f-418e-93d3-019b7b7ef4af,123,lembang,cikatomas pakidulan joszzz,,,973f2faa-6112-46fa-b6bf-4d49b6e745af,1_01_R_16082025020000.avi,2026-07-27T05:04:00+07:00
300,474,motorcycle,1motor,1motor,Motorcycle,1,Motorcycle / 3-wheel vehicle,1motor,1,Line 1,normal,582.7273,12820,0.8539,51cbe36f-3fda-47ce-b171-25f02ffeeb3a,e2b5d1af-611f-418e-93d3-019b7b7ef4af,123,lembang,cikatomas pakidulan joszzz,,,973f2faa-6112-46fa-b6bf-4d49b6e745af,1_01_R_16082025020000.avi,2026-07-27T05:04:00+07:00
301,474,motorcycle,1motor,1motor,Motorcycle,1,Motorcycle / 3-wheel vehicle,1motor,2,Line 2,opposite,583.7727,12843,0.8712,51cbe36f-3fda-47ce-b171-25f02ffeeb3a,e2b5d1af-611f-418e-93d3-019b7b7ef4af,123,lembang,cikatomas pakidulan joszzz,,,973f2faa-6112-46fa-b6bf-4d49b6e745af,1_01_R_16082025020000.avi,2026-07-27T05:04:00+07:00
302,800099,motorcycle,1motor,1motor,Motorcycle,1,Motorcycle / 3-wheel vehicle,1motor,2,Line 2,normal,585.5455,12882,0.4284,51cbe36f-3fda-47ce-b171-25f02ffeeb3a,e2b5d1af-611f-418e-93d3-019b7b7ef4af,123,lembang,cikatomas pakidulan joszzz,,,973f2faa-6112-46fa-b6bf-4d49b6e745af,1_01_R_16082025020000.avi,2026-07-27T05:04:00+07:00
303,476,motorcycle,1motor,1motor,Motorcycle,1,Motorcycle / 3-wheel vehicle,1motor,1,Line 1,opposite,586.2273,12897,0.4983,51cbe36f-3fda-47ce-b171-25f02ffeeb3a,e2b5d1af-611f-418e-93d3-019b7b7ef4af,123,lembang,cikatomas pakidulan joszzz,,,973f2faa-6112-46fa-b6bf-4d49b6e745af,1_01_R_16082025020000.avi,2026-07-27T05:04:00+07:00
304,800099,motorcycle,1motor,1motor,Motorcycle,1,Motorcycle / 3-wheel vehicle,1motor,1,Line 1,opposite,586.3636,12900,0.7153,51cbe36f-3fda-47ce-b171-25f02ffeeb3a,e2b5d1af-611f-418e-93d3-019b7b7ef4af,123,lembang,cikatomas pakidulan joszzz,,,973f2faa-6112-46fa-b6bf-4d49b6e745af,1_01_R_16082025020000.avi,2026-07-27T05:04:00+07:00
305,480,car,2mobil,2mobil,Car / Sedan,2,Sedan / jeep / station wagon,2mobil,2,Line 2,normal,586.9091,12912,0.9281,51cbe36f-3fda-47ce-b171-25f02ffeeb3a,e2b5d1af-611f-418e-93d3-019b7b7ef4af,123,lembang,cikatomas pakidulan joszzz,,,973f2faa-6112-46fa-b6bf-4d49b6e745af,1_01_R_16082025020000.avi,2026-07-27T05:04:00+07:00
306,480,car,2mobil,2mobil,Car / Sedan,2,Sedan / jeep / station wagon,2mobil,1,Line 1,opposite,587.5455,12926,0.8808,51cbe36f-3fda-47ce-b171-25f02ffeeb3a,e2b5d1af-611f-418e-93d3-019b7b7ef4af,123,lembang,cikatomas pakidulan joszzz,,,973f2faa-6112-46fa-b6bf-4d49b6e745af,1_01_R_16082025020000.avi,2026-07-27T05:04:00+07:00
307,481,car,3ang_umum,3ang_umum,Public Transportation (Angkot),3,Medium passenger vehicle,3Ang_umum,2,Line 2,normal,587.9091,12934,0.9027,51cbe36f-3fda-47ce-b171-25f02ffeeb3a,e2b5d1af-611f-418e-93d3-019b7b7ef4af,123,lembang,cikatomas pakidulan joszzz,,,973f2faa-6112-46fa-b6bf-4d49b6e745af,1_01_R_16082025020000.avi,2026-07-27T05:04:00+07:00
308,481,car,3ang_umum,3ang_umum,Public Transportation (Angkot),3,Medium passenger vehicle,3Ang_umum,1,Line 1,opposite,588.5455,12948,0.9068,51cbe36f-3fda-47ce-b171-25f02ffeeb3a,e2b5d1af-611f-418e-93d3-019b7b7ef4af,123,lembang,cikatomas pakidulan joszzz,,,973f2faa-6112-46fa-b6bf-4d49b6e745af,1_01_R_16082025020000.avi,2026-07-27T05:04:00+07:00
309,486,motorcycle,1motor,1motor,Motorcycle,1,Motorcycle / 3-wheel vehicle,1motor,2,Line 2,normal,588.5455,12948,0.8104,51cbe36f-3fda-47ce-b171-25f02ffeeb3a,e2b5d1af-611f-418e-93d3-019b7b7ef4af,123,lembang,cikatomas pakidulan joszzz,,,973f2faa-6112-46fa-b6bf-4d49b6e745af,1_01_R_16082025020000.avi,2026-07-27T05:04:00+07:00
310,487,truck,4pickupmicro,4PickupMicro,Pickup / Micro Truck,4,Pickup / micro truck / delivery,4PickupMicro,2,Line 2,normal,589.0909,12960,0.9132,51cbe36f-3fda-47ce-b171-25f02ffeeb3a,e2b5d1af-611f-418e-93d3-019b7b7ef4af,123,lembang,cikatomas pakidulan joszzz,,,973f2faa-6112-46fa-b6bf-4d49b6e745af,1_01_R_16082025020000.avi,2026-07-27T05:04:00+07:00
311,486,motorcycle,1motor,1motor,Motorcycle,1,Motorcycle / 3-wheel vehicle,1motor,1,Line 1,opposite,589.2727,12964,0.4684,51cbe36f-3fda-47ce-b171-25f02ffeeb3a,e2b5d1af-611f-418e-93d3-019b7b7ef4af,123,lembang,cikatomas pakidulan joszzz,,,973f2faa-6112-46fa-b6bf-4d49b6e745af,1_01_R_16082025020000.avi,2026-07-27T05:04:00+07:00
312,800100,motorcycle,1motor,1motor,Motorcycle,1,Motorcycle / 3-wheel vehicle,1motor,1,Line 1,normal,589.6364,12972,0.4432,51cbe36f-3fda-47ce-b171-25f02ffeeb3a,e2b5d1af-611f-418e-93d3-019b7b7ef4af,123,lembang,cikatomas pakidulan joszzz,,,973f2faa-6112-46fa-b6bf-4d49b6e745af,1_01_R_16082025020000.avi,2026-07-27T05:04:00+07:00
313,487,truck,4pickupmicro,4PickupMicro,Pickup / Micro Truck,4,Pickup / micro truck / delivery,4PickupMicro,1,Line 1,opposite,589.7727,12975,0.643,51cbe36f-3fda-47ce-b171-25f02ffeeb3a,e2b5d1af-611f-418e-93d3-019b7b7ef4af,123,lembang,cikatomas pakidulan joszzz,,,973f2faa-6112-46fa-b6bf-4d49b6e745af,1_01_R_16082025020000.avi,2026-07-27T05:04:00+07:00
314,506,truck,6tr_2sumbu,6TR_2sumbu,2-Axle Truck (Jumbo),6,2-Axle Truck,6TR_2sumbu,1,Line 1,normal,592.1364,13027,0.9213,51cbe36f-3fda-47ce-b171-25f02ffeeb3a,e2b5d1af-611f-418e-93d3-019b7b7ef4af,123,lembang,cikatomas pakidulan joszzz,,,973f2faa-6112-46fa-b6bf-4d49b6e745af,1_01_R_16082025020000.avi,2026-07-27T05:04:00+07:00
315,508,motorcycle,1motor,1motor,Motorcycle,1,Motorcycle / 3-wheel vehicle,1motor,1,Line 1,normal,592.7273,13040,0.7846,51cbe36f-3fda-47ce-b171-25f02ffeeb3a,e2b5d1af-611f-418e-93d3-019b7b7ef4af,123,lembang,cikatomas pakidulan joszzz,,,973f2faa-6112-46fa-b6bf-4d49b6e745af,1_01_R_16082025020000.avi,2026-07-27T05:04:00+07:00
316,506,truck,6tr_2sumbu,6TR_2sumbu,2-Axle Truck (Jumbo),6,2-Axle Truck,6TR_2sumbu,2,Line 2,opposite,592.8182,13042,0.9092,51cbe36f-3fda-47ce-b171-25f02ffeeb3a,e2b5d1af-611f-418e-93d3-019b7b7ef4af,123,lembang,cikatomas pakidulan joszzz,,,973f2faa-6112-46fa-b6bf-4d49b6e745af,1_01_R_16082025020000.avi,2026-07-27T05:04:00+07:00
317,507,car,2mobil,2mobil,Car / Sedan,2,Sedan / jeep / station wagon,2mobil,2,Line 2,normal,593.0909,13048,0.9288,51cbe36f-3fda-47ce-b171-25f02ffeeb3a,e2b5d1af-611f-418e-93d3-019b7b7ef4af,123,lembang,cikatomas pakidulan joszzz,,,973f2faa-6112-46fa-b6bf-4d49b6e745af,1_01_R_16082025020000.avi,2026-07-27T05:04:00+07:00
318,507,car,2mobil,2mobil,Car / Sedan,2,Sedan / jeep / station wagon,2mobil,1,Line 1,opposite,593.7273,13062,0.8937,51cbe36f-3fda-47ce-b171-25f02ffeeb3a,e2b5d1af-611f-418e-93d3-019b7b7ef4af,123,lembang,cikatomas pakidulan joszzz,,,973f2faa-6112-46fa-b6bf-4d49b6e745af,1_01_R_16082025020000.avi,2026-07-27T05:04:00+07:00
319,513,truck,4pickupmicro,4PickupMicro,Pickup / Micro Truck,4,Pickup / micro truck / delivery,4PickupMicro,2,Line 2,normal,601.7727,13239,0.9015,51cbe36f-3fda-47ce-b171-25f02ffeeb3a,e2b5d1af-611f-418e-93d3-019b7b7ef4af,123,lembang,cikatomas pakidulan joszzz,,,973f2faa-6112-46fa-b6bf-4d49b6e745af,1_01_R_16082025020000.avi,2026-07-27T05:04:00+07:00
320,513,truck,4pickupmicro,4PickupMicro,Pickup / Micro Truck,4,Pickup / micro truck / delivery,4PickupMicro,1,Line 1,opposite,602.2273,13249,0.8823,51cbe36f-3fda-47ce-b171-25f02ffeeb3a,e2b5d1af-611f-418e-93d3-019b7b7ef4af,123,lembang,cikatomas pakidulan joszzz,,,973f2faa-6112-46fa-b6bf-4d49b6e745af,1_01_R_16082025020000.avi,2026-07-27T05:04:00+07:00
321,515,car,2mobil,2mobil,Car / Sedan,2,Sedan / jeep / station wagon,2mobil,2,Line 2,normal,607.0,13354,0.9256,51cbe36f-3fda-47ce-b171-25f02ffeeb3a,e2b5d1af-611f-418e-93d3-019b7b7ef4af,123,lembang,cikatomas pakidulan joszzz,,,973f2faa-6112-46fa-b6bf-4d49b6e745af,1_01_R_16082025020000.avi,2026-07-27T05:04:00+07:00
322,515,car,2mobil,2mobil,Car / Sedan,2,Sedan / jeep / station wagon,2mobil,1,Line 1,opposite,607.5455,13366,0.9135,51cbe36f-3fda-47ce-b171-25f02ffeeb3a,e2b5d1af-611f-418e-93d3-019b7b7ef4af,123,lembang,cikatomas pakidulan joszzz,,,973f2faa-6112-46fa-b6bf-4d49b6e745af,1_01_R_16082025020000.avi,2026-07-27T05:04:00+07:00
323,516,car,2mobil,2mobil,Car / Sedan,2,Sedan / jeep / station wagon,2mobil,2,Line 2,normal,610.0909,13422,0.9157,51cbe36f-3fda-47ce-b171-25f02ffeeb3a,e2b5d1af-611f-418e-93d3-019b7b7ef4af,123,lembang,cikatomas pakidulan joszzz,,,973f2faa-6112-46fa-b6bf-4d49b6e745af,1_01_R_16082025020000.avi,2026-07-27T05:04:00+07:00
324,516,car,2mobil,2mobil,Car / Sedan,2,Sedan / jeep / station wagon,2mobil,1,Line 1,opposite,611.7273,13458,0.87,51cbe36f-3fda-47ce-b171-25f02ffeeb3a,e2b5d1af-611f-418e-93d3-019b7b7ef4af,123,lembang,cikatomas pakidulan joszzz,,,973f2faa-6112-46fa-b6bf-4d49b6e745af,1_01_R_16082025020000.avi,2026-07-27T05:04:00+07:00
325,518,motorcycle,1motor,1motor,Motorcycle,1,Motorcycle / 3-wheel vehicle,1motor,2,Line 2,normal,613.4545,13496,0.7202,51cbe36f-3fda-47ce-b171-25f02ffeeb3a,e2b5d1af-611f-418e-93d3-019b7b7ef4af,123,lembang,cikatomas pakidulan joszzz,,,973f2faa-6112-46fa-b6bf-4d49b6e745af,1_01_R_16082025020000.avi,2026-07-27T05:04:00+07:00
326,518,motorcycle,1motor,1motor,Motorcycle,1,Motorcycle / 3-wheel vehicle,1motor,1,Line 1,opposite,614.0909,13510,0.8444,51cbe36f-3fda-47ce-b171-25f02ffeeb3a,e2b5d1af-611f-418e-93d3-019b7b7ef4af,123,lembang,cikatomas pakidulan joszzz,,,973f2faa-6112-46fa-b6bf-4d49b6e745af,1_01_R_16082025020000.avi,2026-07-27T05:04:00+07:00
327,519,car,2mobil,2mobil,Car / Sedan,2,Sedan / jeep / station wagon,2mobil,2,Line 2,normal,614.4091,13517,0.9224,51cbe36f-3fda-47ce-b171-25f02ffeeb3a,e2b5d1af-611f-418e-93d3-019b7b7ef4af,123,lembang,cikatomas pakidulan joszzz,,,973f2faa-6112-46fa-b6bf-4d49b6e745af,1_01_R_16082025020000.avi,2026-07-27T05:04:00+07:00
328,519,car,2mobil,2mobil,Car / Sedan,2,Sedan / jeep / station wagon,2mobil,1,Line 1,opposite,615.1818,13534,0.8853,51cbe36f-3fda-47ce-b171-25f02ffeeb3a,e2b5d1af-611f-418e-93d3-019b7b7ef4af,123,lembang,cikatomas pakidulan joszzz,,,973f2faa-6112-46fa-b6bf-4d49b6e745af,1_01_R_16082025020000.avi,2026-07-27T05:04:00+07:00
329,800109,motorcycle,1motor,1motor,Motorcycle,1,Motorcycle / 3-wheel vehicle,1motor,1,Line 1,normal,616.0909,13554,0.4359,51cbe36f-3fda-47ce-b171-25f02ffeeb3a,e2b5d1af-611f-418e-93d3-019b7b7ef4af,123,lembang,cikatomas pakidulan joszzz,,,973f2faa-6112-46fa-b6bf-4d49b6e745af,1_01_R_16082025020000.avi,2026-07-27T05:04:00+07:00
330,800109,motorcycle,1motor,1motor,Motorcycle,1,Motorcycle / 3-wheel vehicle,1motor,2,Line 2,opposite,616.0909,13554,0.4359,51cbe36f-3fda-47ce-b171-25f02ffeeb3a,e2b5d1af-611f-418e-93d3-019b7b7ef4af,123,lembang,cikatomas pakidulan joszzz,,,973f2faa-6112-46fa-b6bf-4d49b6e745af,1_01_R_16082025020000.avi,2026-07-27T05:04:00+07:00
331,525,motorcycle,1motor,1motor,Motorcycle,1,Motorcycle / 3-wheel vehicle,1motor,2,Line 2,normal,616.4545,13562,0.84,51cbe36f-3fda-47ce-b171-25f02ffeeb3a,e2b5d1af-611f-418e-93d3-019b7b7ef4af,123,lembang,cikatomas pakidulan joszzz,,,973f2faa-6112-46fa-b6bf-4d49b6e745af,1_01_R_16082025020000.avi,2026-07-27T05:04:00+07:00
332,525,motorcycle,1motor,1motor,Motorcycle,1,Motorcycle / 3-wheel vehicle,1motor,1,Line 1,opposite,617.1364,13577,0.8233,51cbe36f-3fda-47ce-b171-25f02ffeeb3a,e2b5d1af-611f-418e-93d3-019b7b7ef4af,123,lembang,cikatomas pakidulan joszzz,,,973f2faa-6112-46fa-b6bf-4d49b6e745af,1_01_R_16082025020000.avi,2026-07-27T05:04:00+07:00
333,532,motorcycle,1motor,1motor,Motorcycle,1,Motorcycle / 3-wheel vehicle,1motor,1,Line 1,normal,627.7273,13810,0.8482,51cbe36f-3fda-47ce-b171-25f02ffeeb3a,e2b5d1af-611f-418e-93d3-019b7b7ef4af,123,lembang,cikatomas pakidulan joszzz,,,973f2faa-6112-46fa-b6bf-4d49b6e745af,1_01_R_16082025020000.avi,2026-07-27T05:04:00+07:00
334,537,motorcycle,1motor,1motor,Motorcycle,1,Motorcycle / 3-wheel vehicle,1motor,1,Line 1,normal,640.6818,14095,0.8466,51cbe36f-3fda-47ce-b171-25f02ffeeb3a,e2b5d1af-611f-418e-93d3-019b7b7ef4af,123,lembang,cikatomas pakidulan joszzz,,,973f2faa-6112-46fa-b6bf-4d49b6e745af,1_01_R_16082025020000.avi,2026-07-27T05:04:00+07:00
335,540,motorcycle,1motor,1motor,Motorcycle,1,Motorcycle / 3-wheel vehicle,1motor,1,Line 1,normal,646.4545,14222,0.8218,51cbe36f-3fda-47ce-b171-25f02ffeeb3a,e2b5d1af-611f-418e-93d3-019b7b7ef4af,123,lembang,cikatomas pakidulan joszzz,,,973f2faa-6112-46fa-b6bf-4d49b6e745af,1_01_R_16082025020000.avi,2026-07-27T05:04:00+07:00
336,540,motorcycle,1motor,1motor,Motorcycle,1,Motorcycle / 3-wheel vehicle,1motor,2,Line 2,opposite,647.2727,14240,0.8069,51cbe36f-3fda-47ce-b171-25f02ffeeb3a,e2b5d1af-611f-418e-93d3-019b7b7ef4af,123,lembang,cikatomas pakidulan joszzz,,,973f2faa-6112-46fa-b6bf-4d49b6e745af,1_01_R_16082025020000.avi,2026-07-27T05:04:00+07:00
337,545,motorcycle,1motor,1motor,Motorcycle,1,Motorcycle / 3-wheel vehicle,1motor,1,Line 1,normal,654.1818,14392,0.7515,51cbe36f-3fda-47ce-b171-25f02ffeeb3a,e2b5d1af-611f-418e-93d3-019b7b7ef4af,123,lembang,cikatomas pakidulan joszzz,,,973f2faa-6112-46fa-b6bf-4d49b6e745af,1_01_R_16082025020000.avi,2026-07-27T05:04:00+07:00
338,549,truck,6tr_2sumbu,6TR_2sumbu,2-Axle Truck (Jumbo),6,2-Axle Truck,6TR_2sumbu,1,Line 1,normal,667.8636,14693,0.8966,51cbe36f-3fda-47ce-b171-25f02ffeeb3a,e2b5d1af-611f-418e-93d3-019b7b7ef4af,123,lembang,cikatomas pakidulan joszzz,,,973f2faa-6112-46fa-b6bf-4d49b6e745af,1_01_R_16082025020000.avi,2026-07-27T05:04:00+07:00
339,549,truck,6tr_2sumbu,6TR_2sumbu,2-Axle Truck (Jumbo),6,2-Axle Truck,6TR_2sumbu,2,Line 2,opposite,668.5455,14708,0.896,51cbe36f-3fda-47ce-b171-25f02ffeeb3a,e2b5d1af-611f-418e-93d3-019b7b7ef4af,123,lembang,cikatomas pakidulan joszzz,,,973f2faa-6112-46fa-b6bf-4d49b6e745af,1_01_R_16082025020000.avi,2026-07-27T05:04:00+07:00
340,553,motorcycle,1motor,1motor,Motorcycle,1,Motorcycle / 3-wheel vehicle,1motor,2,Line 2,opposite,669.3636,14726,0.5904,51cbe36f-3fda-47ce-b171-25f02ffeeb3a,e2b5d1af-611f-418e-93d3-019b7b7ef4af,123,lembang,cikatomas pakidulan joszzz,,,973f2faa-6112-46fa-b6bf-4d49b6e745af,1_01_R_16082025020000.avi,2026-07-27T05:04:00+07:00
341,556,motorcycle,1motor,1motor,Motorcycle,1,Motorcycle / 3-wheel vehicle,1motor,1,Line 1,normal,674.9545,14849,0.8232,51cbe36f-3fda-47ce-b171-25f02ffeeb3a,e2b5d1af-611f-418e-93d3-019b7b7ef4af,123,lembang,cikatomas pakidulan joszzz,,,973f2faa-6112-46fa-b6bf-4d49b6e745af,1_01_R_16082025020000.avi,2026-07-27T05:04:00+07:00
342,562,car,2mobil,2mobil,Car / Sedan,2,Sedan / jeep / station wagon,2mobil,2,Line 2,normal,675.2273,14855,0.9222,51cbe36f-3fda-47ce-b171-25f02ffeeb3a,e2b5d1af-611f-418e-93d3-019b7b7ef4af,123,lembang,cikatomas pakidulan joszzz,,,973f2faa-6112-46fa-b6bf-4d49b6e745af,1_01_R_16082025020000.avi,2026-07-27T05:04:00+07:00
343,562,car,2mobil,2mobil,Car / Sedan,2,Sedan / jeep / station wagon,2mobil,1,Line 1,opposite,675.9545,14871,0.8986,51cbe36f-3fda-47ce-b171-25f02ffeeb3a,e2b5d1af-611f-418e-93d3-019b7b7ef4af,123,lembang,cikatomas pakidulan joszzz,,,973f2faa-6112-46fa-b6bf-4d49b6e745af,1_01_R_16082025020000.avi,2026-07-27T05:04:00+07:00
344,800117,motorcycle,1motor,1motor,Motorcycle,1,Motorcycle / 3-wheel vehicle,1motor,1,Line 1,normal,676.0909,14874,0.7882,51cbe36f-3fda-47ce-b171-25f02ffeeb3a,e2b5d1af-611f-418e-93d3-019b7b7ef4af,123,lembang,cikatomas pakidulan joszzz,,,973f2faa-6112-46fa-b6bf-4d49b6e745af,1_01_R_16082025020000.avi,2026-07-27T05:04:00+07:00
345,563,motorcycle,1motor,1motor,Motorcycle,1,Motorcycle / 3-wheel vehicle,1motor,1,Line 1,opposite,676.5,14883,0.798,51cbe36f-3fda-47ce-b171-25f02ffeeb3a,e2b5d1af-611f-418e-93d3-019b7b7ef4af,123,lembang,cikatomas pakidulan joszzz,,,973f2faa-6112-46fa-b6bf-4d49b6e745af,1_01_R_16082025020000.avi,2026-07-27T05:04:00+07:00
346,561,motorcycle,1motor,1motor,Motorcycle,1,Motorcycle / 3-wheel vehicle,1motor,1,Line 1,normal,677.0909,14896,0.843,51cbe36f-3fda-47ce-b171-25f02ffeeb3a,e2b5d1af-611f-418e-93d3-019b7b7ef4af,123,lembang,cikatomas pakidulan joszzz,,,973f2faa-6112-46fa-b6bf-4d49b6e745af,1_01_R_16082025020000.avi,2026-07-27T05:04:00+07:00
347,561,motorcycle,1motor,1motor,Motorcycle,1,Motorcycle / 3-wheel vehicle,1motor,2,Line 2,opposite,678.0455,14917,0.7734,51cbe36f-3fda-47ce-b171-25f02ffeeb3a,e2b5d1af-611f-418e-93d3-019b7b7ef4af,123,lembang,cikatomas pakidulan joszzz,,,973f2faa-6112-46fa-b6bf-4d49b6e745af,1_01_R_16082025020000.avi,2026-07-27T05:04:00+07:00
348,800118,motorcycle,1motor,1motor,Motorcycle,1,Motorcycle / 3-wheel vehicle,1motor,1,Line 1,normal,678.2727,14922,0.2891,51cbe36f-3fda-47ce-b171-25f02ffeeb3a,e2b5d1af-611f-418e-93d3-019b7b7ef4af,123,lembang,cikatomas pakidulan joszzz,,,973f2faa-6112-46fa-b6bf-4d49b6e745af,1_01_R_16082025020000.avi,2026-07-27T05:04:00+07:00
349,567,motorcycle,1motor,1motor,Motorcycle,1,Motorcycle / 3-wheel vehicle,1motor,1,Line 1,normal,679.0,14938,0.8115,51cbe36f-3fda-47ce-b171-25f02ffeeb3a,e2b5d1af-611f-418e-93d3-019b7b7ef4af,123,lembang,cikatomas pakidulan joszzz,,,973f2faa-6112-46fa-b6bf-4d49b6e745af,1_01_R_16082025020000.avi,2026-07-27T05:04:00+07:00
350,567,motorcycle,1motor,1motor,Motorcycle,1,Motorcycle / 3-wheel vehicle,1motor,2,Line 2,opposite,679.9545,14959,0.7725,51cbe36f-3fda-47ce-b171-25f02ffeeb3a,e2b5d1af-611f-418e-93d3-019b7b7ef4af,123,lembang,cikatomas pakidulan joszzz,,,973f2faa-6112-46fa-b6bf-4d49b6e745af,1_01_R_16082025020000.avi,2026-07-27T05:04:00+07:00
351,800118,motorcycle,1motor,1motor,Motorcycle,1,Motorcycle / 3-wheel vehicle,1motor,2,Line 2,opposite,680.3182,14967,0.1654,51cbe36f-3fda-47ce-b171-25f02ffeeb3a,e2b5d1af-611f-418e-93d3-019b7b7ef4af,123,lembang,cikatomas pakidulan joszzz,,,973f2faa-6112-46fa-b6bf-4d49b6e745af,1_01_R_16082025020000.avi,2026-07-27T05:04:00+07:00
352,568,car,2mobil,2mobil,Car / Sedan,2,Sedan / jeep / station wagon,2mobil,2,Line 2,normal,681.9091,15002,0.9318,51cbe36f-3fda-47ce-b171-25f02ffeeb3a,e2b5d1af-611f-418e-93d3-019b7b7ef4af,123,lembang,cikatomas pakidulan joszzz,,,973f2faa-6112-46fa-b6bf-4d49b6e745af,1_01_R_16082025020000.avi,2026-07-27T05:04:00+07:00
353,568,car,2mobil,2mobil,Car / Sedan,2,Sedan / jeep / station wagon,2mobil,1,Line 1,opposite,682.6364,15018,0.8932,51cbe36f-3fda-47ce-b171-25f02ffeeb3a,e2b5d1af-611f-418e-93d3-019b7b7ef4af,123,lembang,cikatomas pakidulan joszzz,,,973f2faa-6112-46fa-b6bf-4d49b6e745af,1_01_R_16082025020000.avi,2026-07-27T05:04:00+07:00
354,569,motorcycle,1motor,1motor,Motorcycle,1,Motorcycle / 3-wheel vehicle,1motor,2,Line 2,normal,683.0909,15028,0.7379,51cbe36f-3fda-47ce-b171-25f02ffeeb3a,e2b5d1af-611f-418e-93d3-019b7b7ef4af,123,lembang,cikatomas pakidulan joszzz,,,973f2faa-6112-46fa-b6bf-4d49b6e745af,1_01_R_16082025020000.avi,2026-07-27T05:04:00+07:00
355,569,motorcycle,1motor,1motor,Motorcycle,1,Motorcycle / 3-wheel vehicle,1motor,1,Line 1,opposite,683.9091,15046,0.8019,51cbe36f-3fda-47ce-b171-25f02ffeeb3a,e2b5d1af-611f-418e-93d3-019b7b7ef4af,123,lembang,cikatomas pakidulan joszzz,,,973f2faa-6112-46fa-b6bf-4d49b6e745af,1_01_R_16082025020000.avi,2026-07-27T05:04:00+07:00
356,570,motorcycle,1motor,1motor,Motorcycle,1,Motorcycle / 3-wheel vehicle,1motor,2,Line 2,normal,684.1364,15051,0.7885,51cbe36f-3fda-47ce-b171-25f02ffeeb3a,e2b5d1af-611f-418e-93d3-019b7b7ef4af,123,lembang,cikatomas pakidulan joszzz,,,973f2faa-6112-46fa-b6bf-4d49b6e745af,1_01_R_16082025020000.avi,2026-07-27T05:04:00+07:00
357,571,motorcycle,1motor,1motor,Motorcycle,1,Motorcycle / 3-wheel vehicle,1motor,2,Line 2,normal,684.8636,15067,0.7465,51cbe36f-3fda-47ce-b171-25f02ffeeb3a,e2b5d1af-611f-418e-93d3-019b7b7ef4af,123,lembang,cikatomas pakidulan joszzz,,,973f2faa-6112-46fa-b6bf-4d49b6e745af,1_01_R_16082025020000.avi,2026-07-27T05:04:00+07:00
358,570,motorcycle,1motor,1motor,Motorcycle,1,Motorcycle / 3-wheel vehicle,1motor,1,Line 1,opposite,685.1818,15074,0.8277,51cbe36f-3fda-47ce-b171-25f02ffeeb3a,e2b5d1af-611f-418e-93d3-019b7b7ef4af,123,lembang,cikatomas pakidulan joszzz,,,973f2faa-6112-46fa-b6bf-4d49b6e745af,1_01_R_16082025020000.avi,2026-07-27T05:04:00+07:00
359,571,motorcycle,1motor,1motor,Motorcycle,1,Motorcycle / 3-wheel vehicle,1motor,1,Line 1,opposite,685.8636,15089,0.8225,51cbe36f-3fda-47ce-b171-25f02ffeeb3a,e2b5d1af-611f-418e-93d3-019b7b7ef4af,123,lembang,cikatomas pakidulan joszzz,,,973f2faa-6112-46fa-b6bf-4d49b6e745af,1_01_R_16082025020000.avi,2026-07-27T05:04:00+07:00
360,573,car,2mobil,2mobil,Car / Sedan,2,Sedan / jeep / station wagon,2mobil,2,Line 2,normal,686.3182,15099,0.9281,51cbe36f-3fda-47ce-b171-25f02ffeeb3a,e2b5d1af-611f-418e-93d3-019b7b7ef4af,123,lembang,cikatomas pakidulan joszzz,,,973f2faa-6112-46fa-b6bf-4d49b6e745af,1_01_R_16082025020000.avi,2026-07-27T05:04:00+07:00
361,573,car,2mobil,2mobil,Car / Sedan,2,Sedan / jeep / station wagon,2mobil,1,Line 1,opposite,687.1364,15117,0.8539,51cbe36f-3fda-47ce-b171-25f02ffeeb3a,e2b5d1af-611f-418e-93d3-019b7b7ef4af,123,lembang,cikatomas pakidulan joszzz,,,973f2faa-6112-46fa-b6bf-4d49b6e745af,1_01_R_16082025020000.avi,2026-07-27T05:04:00+07:00
362,800122,motorcycle,1motor,1motor,Motorcycle,1,Motorcycle / 3-wheel vehicle,1motor,2,Line 2,normal,687.4091,15123,0.2517,51cbe36f-3fda-47ce-b171-25f02ffeeb3a,e2b5d1af-611f-418e-93d3-019b7b7ef4af,123,lembang,cikatomas pakidulan joszzz,,,973f2faa-6112-46fa-b6bf-4d49b6e745af,1_01_R_16082025020000.avi,2026-07-27T05:04:00+07:00
363,574,motorcycle,1motor,1motor,Motorcycle,1,Motorcycle / 3-wheel vehicle,1motor,1,Line 1,normal,687.5455,15126,0.8324,51cbe36f-3fda-47ce-b171-25f02ffeeb3a,e2b5d1af-611f-418e-93d3-019b7b7ef4af,123,lembang,cikatomas pakidulan joszzz,,,973f2faa-6112-46fa-b6bf-4d49b6e745af,1_01_R_16082025020000.avi,2026-07-27T05:04:00+07:00
364,585,car,2mobil,2mobil,Car / Sedan,2,Sedan / jeep / station wagon,2mobil,1,Line 1,normal,696.8182,15330,0.3813,51cbe36f-3fda-47ce-b171-25f02ffeeb3a,e2b5d1af-611f-418e-93d3-019b7b7ef4af,123,lembang,cikatomas pakidulan joszzz,,,973f2faa-6112-46fa-b6bf-4d49b6e745af,1_01_R_16082025020000.avi,2026-07-27T05:04:00+07:00
365,586,motorcycle,1motor,1motor,Motorcycle,1,Motorcycle / 3-wheel vehicle,1motor,1,Line 1,normal,697.5,15345,0.8377,51cbe36f-3fda-47ce-b171-25f02ffeeb3a,e2b5d1af-611f-418e-93d3-019b7b7ef4af,123,lembang,cikatomas pakidulan joszzz,,,973f2faa-6112-46fa-b6bf-4d49b6e745af,1_01_R_16082025020000.avi,2026-07-27T05:04:00+07:00
366,585,car,2mobil,2mobil,Car / Sedan,2,Sedan / jeep / station wagon,2mobil,2,Line 2,opposite,697.7727,15351,0.8756,51cbe36f-3fda-47ce-b171-25f02ffeeb3a,e2b5d1af-611f-418e-93d3-019b7b7ef4af,123,lembang,cikatomas pakidulan joszzz,,,973f2faa-6112-46fa-b6bf-4d49b6e745af,1_01_R_16082025020000.avi,2026-07-27T05:04:00+07:00
367,800124,motorcycle,1motor,1motor,Motorcycle,1,Motorcycle / 3-wheel vehicle,1motor,1,Line 1,normal,697.9091,15354,0.4531,51cbe36f-3fda-47ce-b171-25f02ffeeb3a,e2b5d1af-611f-418e-93d3-019b7b7ef4af,123,lembang,cikatomas pakidulan joszzz,,,973f2faa-6112-46fa-b6bf-4d49b6e745af,1_01_R_16082025020000.avi,2026-07-27T05:04:00+07:00
368,596,car,2mobil,2mobil,Car / Sedan,2,Sedan / jeep / station wagon,2mobil,2,Line 2,normal,704.0909,15490,0.872,51cbe36f-3fda-47ce-b171-25f02ffeeb3a,e2b5d1af-611f-418e-93d3-019b7b7ef4af,123,lembang,cikatomas pakidulan joszzz,,,973f2faa-6112-46fa-b6bf-4d49b6e745af,1_01_R_16082025020000.avi,2026-07-27T05:04:00+07:00
369,596,car,2mobil,2mobil,Car / Sedan,2,Sedan / jeep / station wagon,2mobil,1,Line 1,opposite,704.8636,15507,0.8204,51cbe36f-3fda-47ce-b171-25f02ffeeb3a,e2b5d1af-611f-418e-93d3-019b7b7ef4af,123,lembang,cikatomas pakidulan joszzz,,,973f2faa-6112-46fa-b6bf-4d49b6e745af,1_01_R_16082025020000.avi,2026-07-27T05:04:00+07:00
370,609,car,2mobil,2mobil,Car / Sedan,2,Sedan / jeep / station wagon,2mobil,2,Line 2,normal,706.0909,15534,0.8866,51cbe36f-3fda-47ce-b171-25f02ffeeb3a,e2b5d1af-611f-418e-93d3-019b7b7ef4af,123,lembang,cikatomas pakidulan joszzz,,,973f2faa-6112-46fa-b6bf-4d49b6e745af,1_01_R_16082025020000.avi,2026-07-27T05:04:00+07:00
371,609,car,2mobil,2mobil,Car / Sedan,2,Sedan / jeep / station wagon,2mobil,1,Line 1,opposite,706.8636,15551,0.5223,51cbe36f-3fda-47ce-b171-25f02ffeeb3a,e2b5d1af-611f-418e-93d3-019b7b7ef4af,123,lembang,cikatomas pakidulan joszzz,,,973f2faa-6112-46fa-b6bf-4d49b6e745af,1_01_R_16082025020000.avi,2026-07-27T05:04:00+07:00
372,615,car,2mobil,2mobil,Car / Sedan,2,Sedan / jeep / station wagon,2mobil,1,Line 1,opposite,706.9091,15552,0.7127,51cbe36f-3fda-47ce-b171-25f02ffeeb3a,e2b5d1af-611f-418e-93d3-019b7b7ef4af,123,lembang,cikatomas pakidulan joszzz,,,973f2faa-6112-46fa-b6bf-4d49b6e745af,1_01_R_16082025020000.avi,2026-07-27T05:04:00+07:00
373,618,motorcycle,1motor,1motor,Motorcycle,1,Motorcycle / 3-wheel vehicle,1motor,1,Line 1,opposite,711.8182,15660,0.8478,51cbe36f-3fda-47ce-b171-25f02ffeeb3a,e2b5d1af-611f-418e-93d3-019b7b7ef4af,123,lembang,cikatomas pakidulan joszzz,,,973f2faa-6112-46fa-b6bf-4d49b6e745af,1_01_R_16082025020000.avi,2026-07-27T05:04:00+07:00
374,619,motorcycle,1motor,1motor,Motorcycle,1,Motorcycle / 3-wheel vehicle,1motor,2,Line 2,normal,719.5,15829,0.8141,51cbe36f-3fda-47ce-b171-25f02ffeeb3a,e2b5d1af-611f-418e-93d3-019b7b7ef4af,123,lembang,cikatomas pakidulan joszzz,,,973f2faa-6112-46fa-b6bf-4d49b6e745af,1_01_R_16082025020000.avi,2026-07-27T05:04:00+07:00
375,619,motorcycle,1motor,1motor,Motorcycle,1,Motorcycle / 3-wheel vehicle,1motor,1,Line 1,opposite,720.1818,15844,0.8415,51cbe36f-3fda-47ce-b171-25f02ffeeb3a,e2b5d1af-611f-418e-93d3-019b7b7ef4af,123,lembang,cikatomas pakidulan joszzz,,,973f2faa-6112-46fa-b6bf-4d49b6e745af,1_01_R_16082025020000.avi,2026-07-27T05:04:00+07:00
376,620,motorcycle,1motor,1motor,Motorcycle,1,Motorcycle / 3-wheel vehicle,1motor,2,Line 2,normal,720.4091,15849,0.7912,51cbe36f-3fda-47ce-b171-25f02ffeeb3a,e2b5d1af-611f-418e-93d3-019b7b7ef4af,123,lembang,cikatomas pakidulan joszzz,,,973f2faa-6112-46fa-b6bf-4d49b6e745af,1_01_R_16082025020000.avi,2026-07-27T05:04:00+07:00
377,621,car,2mobil,2mobil,Car / Sedan,2,Sedan / jeep / station wagon,2mobil,2,Line 2,normal,720.6818,15855,0.8467,51cbe36f-3fda-47ce-b171-25f02ffeeb3a,e2b5d1af-611f-418e-93d3-019b7b7ef4af,123,lembang,cikatomas pakidulan joszzz,,,973f2faa-6112-46fa-b6bf-4d49b6e745af,1_01_R_16082025020000.avi,2026-07-27T05:04:00+07:00
378,620,motorcycle,1motor,1motor,Motorcycle,1,Motorcycle / 3-wheel vehicle,1motor,1,Line 1,opposite,721.1364,15865,0.8155,51cbe36f-3fda-47ce-b171-25f02ffeeb3a,e2b5d1af-611f-418e-93d3-019b7b7ef4af,123,lembang,cikatomas pakidulan joszzz,,,973f2faa-6112-46fa-b6bf-4d49b6e745af,1_01_R_16082025020000.avi,2026-07-27T05:04:00+07:00
379,621,car,2mobil,2mobil,Car / Sedan,2,Sedan / jeep / station wagon,2mobil,1,Line 1,opposite,721.1818,15866,0.4931,51cbe36f-3fda-47ce-b171-25f02ffeeb3a,e2b5d1af-611f-418e-93d3-019b7b7ef4af,123,lembang,cikatomas pakidulan joszzz,,,973f2faa-6112-46fa-b6bf-4d49b6e745af,1_01_R_16082025020000.avi,2026-07-27T05:04:00+07:00
380,800127,motorcycle,1motor,1motor,Motorcycle,1,Motorcycle / 3-wheel vehicle,1motor,2,Line 2,normal,732.2727,16110,0.5245,51cbe36f-3fda-47ce-b171-25f02ffeeb3a,e2b5d1af-611f-418e-93d3-019b7b7ef4af,123,lembang,cikatomas pakidulan joszzz,,,973f2faa-6112-46fa-b6bf-4d49b6e745af,1_01_R_16082025020000.avi,2026-07-27T05:04:00+07:00
381,800127,motorcycle,1motor,1motor,Motorcycle,1,Motorcycle / 3-wheel vehicle,1motor,1,Line 1,opposite,732.9545,16125,0.7461,51cbe36f-3fda-47ce-b171-25f02ffeeb3a,e2b5d1af-611f-418e-93d3-019b7b7ef4af,123,lembang,cikatomas pakidulan joszzz,,,973f2faa-6112-46fa-b6bf-4d49b6e745af,1_01_R_16082025020000.avi,2026-07-27T05:04:00+07:00
382,631,motorcycle,1motor,1motor,Motorcycle,1,Motorcycle / 3-wheel vehicle,1motor,1,Line 1,opposite,733.0455,16127,0.3902,51cbe36f-3fda-47ce-b171-25f02ffeeb3a,e2b5d1af-611f-418e-93d3-019b7b7ef4af,123,lembang,cikatomas pakidulan joszzz,,,973f2faa-6112-46fa-b6bf-4d49b6e745af,1_01_R_16082025020000.avi,2026-07-27T05:04:00+07:00
383,635,motorcycle,1motor,1motor,Motorcycle,1,Motorcycle / 3-wheel vehicle,1motor,1,Line 1,normal,735.0455,16171,0.8162,51cbe36f-3fda-47ce-b171-25f02ffeeb3a,e2b5d1af-611f-418e-93d3-019b7b7ef4af,123,lembang,cikatomas pakidulan joszzz,,,973f2faa-6112-46fa-b6bf-4d49b6e745af,1_01_R_16082025020000.avi,2026-07-27T05:04:00+07:00
384,636,motorcycle,1motor,1motor,Motorcycle,1,Motorcycle / 3-wheel vehicle,1motor,2,Line 2,normal,736.5909,16205,0.8279,51cbe36f-3fda-47ce-b171-25f02ffeeb3a,e2b5d1af-611f-418e-93d3-019b7b7ef4af,123,lembang,cikatomas pakidulan joszzz,,,973f2faa-6112-46fa-b6bf-4d49b6e745af,1_01_R_16082025020000.avi,2026-07-27T05:04:00+07:00
385,636,motorcycle,1motor,1motor,Motorcycle,1,Motorcycle / 3-wheel vehicle,1motor,1,Line 1,opposite,737.4545,16224,0.8342,51cbe36f-3fda-47ce-b171-25f02ffeeb3a,e2b5d1af-611f-418e-93d3-019b7b7ef4af,123,lembang,cikatomas pakidulan joszzz,,,973f2faa-6112-46fa-b6bf-4d49b6e745af,1_01_R_16082025020000.avi,2026-07-27T05:04:00+07:00
386,640,motorcycle,1motor,1motor,Motorcycle,1,Motorcycle / 3-wheel vehicle,1motor,1,Line 1,opposite,743.4091,16355,0.8007,51cbe36f-3fda-47ce-b171-25f02ffeeb3a,e2b5d1af-611f-418e-93d3-019b7b7ef4af,123,lembang,cikatomas pakidulan joszzz,,,973f2faa-6112-46fa-b6bf-4d49b6e745af,1_01_R_16082025020000.avi,2026-07-27T05:04:00+07:00
387,800131,motorcycle,1motor,1motor,Motorcycle,1,Motorcycle / 3-wheel vehicle,1motor,2,Line 2,normal,743.8636,16365,0.3592,51cbe36f-3fda-47ce-b171-25f02ffeeb3a,e2b5d1af-611f-418e-93d3-019b7b7ef4af,123,lembang,cikatomas pakidulan joszzz,,,973f2faa-6112-46fa-b6bf-4d49b6e745af,1_01_R_16082025020000.avi,2026-07-27T05:04:00+07:00
388,800131,motorcycle,1motor,1motor,Motorcycle,1,Motorcycle / 3-wheel vehicle,1motor,1,Line 1,opposite,744.0,16368,0.413,51cbe36f-3fda-47ce-b171-25f02ffeeb3a,e2b5d1af-611f-418e-93d3-019b7b7ef4af,123,lembang,cikatomas pakidulan joszzz,,,973f2faa-6112-46fa-b6bf-4d49b6e745af,1_01_R_16082025020000.avi,2026-07-27T05:04:00+07:00
389,637,car,2mobil,2mobil,Car / Sedan,2,Sedan / jeep / station wagon,2mobil,1,Line 1,normal,744.7727,16385,0.754,51cbe36f-3fda-47ce-b171-25f02ffeeb3a,e2b5d1af-611f-418e-93d3-019b7b7ef4af,123,lembang,cikatomas pakidulan joszzz,,,973f2faa-6112-46fa-b6bf-4d49b6e745af,1_01_R_16082025020000.avi,2026-07-27T05:04:00+07:00
390,637,car,2mobil,2mobil,Car / Sedan,2,Sedan / jeep / station wagon,2mobil,2,Line 2,opposite,745.6818,16405,0.7922,51cbe36f-3fda-47ce-b171-25f02ffeeb3a,e2b5d1af-611f-418e-93d3-019b7b7ef4af,123,lembang,cikatomas pakidulan joszzz,,,973f2faa-6112-46fa-b6bf-4d49b6e745af,1_01_R_16082025020000.avi,2026-07-27T05:04:00+07:00
391,644,motorcycle,1motor,1motor,Motorcycle,1,Motorcycle / 3-wheel vehicle,1motor,1,Line 1,normal,746.6818,16427,0.821,51cbe36f-3fda-47ce-b171-25f02ffeeb3a,e2b5d1af-611f-418e-93d3-019b7b7ef4af,123,lembang,cikatomas pakidulan joszzz,,,973f2faa-6112-46fa-b6bf-4d49b6e745af,1_01_R_16082025020000.avi,2026-07-27T05:04:00+07:00
392,644,motorcycle,1motor,1motor,Motorcycle,1,Motorcycle / 3-wheel vehicle,1motor,2,Line 2,opposite,747.5,16445,0.6601,51cbe36f-3fda-47ce-b171-25f02ffeeb3a,e2b5d1af-611f-418e-93d3-019b7b7ef4af,123,lembang,cikatomas pakidulan joszzz,,,973f2faa-6112-46fa-b6bf-4d49b6e745af,1_01_R_16082025020000.avi,2026-07-27T05:04:00+07:00
393,649,motorcycle,1motor,1motor,Motorcycle,1,Motorcycle / 3-wheel vehicle,1motor,1,Line 1,normal,748.7273,16472,0.8038,51cbe36f-3fda-47ce-b171-25f02ffeeb3a,e2b5d1af-611f-418e-93d3-019b7b7ef4af,123,lembang,cikatomas pakidulan joszzz,,,973f2faa-6112-46fa-b6bf-4d49b6e745af,1_01_R_16082025020000.avi,2026-07-27T05:04:00+07:00
394,649,motorcycle,1motor,1motor,Motorcycle,1,Motorcycle / 3-wheel vehicle,1motor,2,Line 2,opposite,749.5455,16490,0.7882,51cbe36f-3fda-47ce-b171-25f02ffeeb3a,e2b5d1af-611f-418e-93d3-019b7b7ef4af,123,lembang,cikatomas pakidulan joszzz,,,973f2faa-6112-46fa-b6bf-4d49b6e745af,1_01_R_16082025020000.avi,2026-07-27T05:04:00+07:00
395,800132,motorcycle,1motor,1motor,Motorcycle,1,Motorcycle / 3-wheel vehicle,1motor,1,Line 1,normal,749.5909,16491,0.3173,51cbe36f-3fda-47ce-b171-25f02ffeeb3a,e2b5d1af-611f-418e-93d3-019b7b7ef4af,123,lembang,cikatomas pakidulan joszzz,,,973f2faa-6112-46fa-b6bf-4d49b6e745af,1_01_R_16082025020000.avi,2026-07-27T05:04:00+07:00
396,800133,motorcycle,1motor,1motor,Motorcycle,1,Motorcycle / 3-wheel vehicle,1motor,1,Line 1,normal,749.8636,16497,0.2148,51cbe36f-3fda-47ce-b171-25f02ffeeb3a,e2b5d1af-611f-418e-93d3-019b7b7ef4af,123,lembang,cikatomas pakidulan joszzz,,,973f2faa-6112-46fa-b6bf-4d49b6e745af,1_01_R_16082025020000.avi,2026-07-27T05:04:00+07:00
397,658,motorcycle,1motor,1motor,Motorcycle,1,Motorcycle / 3-wheel vehicle,1motor,1,Line 1,normal,750.5455,16512,0.7604,51cbe36f-3fda-47ce-b171-25f02ffeeb3a,e2b5d1af-611f-418e-93d3-019b7b7ef4af,123,lembang,cikatomas pakidulan joszzz,,,973f2faa-6112-46fa-b6bf-4d49b6e745af,1_01_R_16082025020000.avi,2026-07-27T05:04:00+07:00
398,658,motorcycle,1motor,1motor,Motorcycle,1,Motorcycle / 3-wheel vehicle,1motor,2,Line 2,opposite,752.3636,16552,0.7135,51cbe36f-3fda-47ce-b171-25f02ffeeb3a,e2b5d1af-611f-418e-93d3-019b7b7ef4af,123,lembang,cikatomas pakidulan joszzz,,,973f2faa-6112-46fa-b6bf-4d49b6e745af,1_01_R_16082025020000.avi,2026-07-27T05:04:00+07:00
399,661,motorcycle,1motor,1motor,Motorcycle,1,Motorcycle / 3-wheel vehicle,1motor,1,Line 1,normal,752.6364,16558,0.8353,51cbe36f-3fda-47ce-b171-25f02ffeeb3a,e2b5d1af-611f-418e-93d3-019b7b7ef4af,123,lembang,cikatomas pakidulan joszzz,,,973f2faa-6112-46fa-b6bf-4d49b6e745af,1_01_R_16082025020000.avi,2026-07-27T05:04:00+07:00
400,800132,motorcycle,1motor,1motor,Motorcycle,1,Motorcycle / 3-wheel vehicle,1motor,2,Line 2,opposite,752.8636,16563,0.3876,51cbe36f-3fda-47ce-b171-25f02ffeeb3a,e2b5d1af-611f-418e-93d3-019b7b7ef4af,123,lembang,cikatomas pakidulan joszzz,,,973f2faa-6112-46fa-b6bf-4d49b6e745af,1_01_R_16082025020000.avi,2026-07-27T05:04:00+07:00
401,661,motorcycle,1motor,1motor,Motorcycle,1,Motorcycle / 3-wheel vehicle,1motor,2,Line 2,opposite,753.4545,16576,0.813,51cbe36f-3fda-47ce-b171-25f02ffeeb3a,e2b5d1af-611f-418e-93d3-019b7b7ef4af,123,lembang,cikatomas pakidulan joszzz,,,973f2faa-6112-46fa-b6bf-4d49b6e745af,1_01_R_16082025020000.avi,2026-07-27T05:04:00+07:00
402,662,car,2mobil,2mobil,Car / Sedan,2,Sedan / jeep / station wagon,2mobil,1,Line 1,normal,755.2727,16616,0.8953,51cbe36f-3fda-47ce-b171-25f02ffeeb3a,e2b5d1af-611f-418e-93d3-019b7b7ef4af,123,lembang,cikatomas pakidulan joszzz,,,973f2faa-6112-46fa-b6bf-4d49b6e745af,1_01_R_16082025020000.avi,2026-07-27T05:04:00+07:00
403,662,car,2mobil,2mobil,Car / Sedan,2,Sedan / jeep / station wagon,2mobil,2,Line 2,opposite,756.1364,16635,0.9089,51cbe36f-3fda-47ce-b171-25f02ffeeb3a,e2b5d1af-611f-418e-93d3-019b7b7ef4af,123,lembang,cikatomas pakidulan joszzz,,,973f2faa-6112-46fa-b6bf-4d49b6e745af,1_01_R_16082025020000.avi,2026-07-27T05:04:00+07:00
404,664,car,2mobil,2mobil,Car / Sedan,2,Sedan / jeep / station wagon,2mobil,2,Line 2,normal,758.5455,16688,0.926,51cbe36f-3fda-47ce-b171-25f02ffeeb3a,e2b5d1af-611f-418e-93d3-019b7b7ef4af,123,lembang,cikatomas pakidulan joszzz,,,973f2faa-6112-46fa-b6bf-4d49b6e745af,1_01_R_16082025020000.avi,2026-07-27T05:04:00+07:00
405,664,car,2mobil,2mobil,Car / Sedan,2,Sedan / jeep / station wagon,2mobil,1,Line 1,opposite,759.1818,16702,0.9071,51cbe36f-3fda-47ce-b171-25f02ffeeb3a,e2b5d1af-611f-418e-93d3-019b7b7ef4af,123,lembang,cikatomas pakidulan joszzz,,,973f2faa-6112-46fa-b6bf-4d49b6e745af,1_01_R_16082025020000.avi,2026-07-27T05:04:00+07:00
406,800136,motorcycle,1motor,1motor,Motorcycle,1,Motorcycle / 3-wheel vehicle,1motor,2,Line 2,normal,764.3182,16815,0.1944,51cbe36f-3fda-47ce-b171-25f02ffeeb3a,e2b5d1af-611f-418e-93d3-019b7b7ef4af,123,lembang,cikatomas pakidulan joszzz,,,973f2faa-6112-46fa-b6bf-4d49b6e745af,1_01_R_16082025020000.avi,2026-07-27T05:04:00+07:00
407,800136,motorcycle,1motor,1motor,Motorcycle,1,Motorcycle / 3-wheel vehicle,1motor,1,Line 1,opposite,765.1364,16833,0.3128,51cbe36f-3fda-47ce-b171-25f02ffeeb3a,e2b5d1af-611f-418e-93d3-019b7b7ef4af,123,lembang,cikatomas pakidulan joszzz,,,973f2faa-6112-46fa-b6bf-4d49b6e745af,1_01_R_16082025020000.avi,2026-07-27T05:04:00+07:00
408,666,motorcycle,1motor,1motor,Motorcycle,1,Motorcycle / 3-wheel vehicle,1motor,1,Line 1,normal,767.2727,16880,0.8301,51cbe36f-3fda-47ce-b171-25f02ffeeb3a,e2b5d1af-611f-418e-93d3-019b7b7ef4af,123,lembang,cikatomas pakidulan joszzz,,,973f2faa-6112-46fa-b6bf-4d49b6e745af,1_01_R_16082025020000.avi,2026-07-27T05:04:00+07:00
409,667,car,3ang_umum,3ang_umum,Public Transportation (Angkot),3,Medium passenger vehicle,3Ang_umum,2,Line 2,normal,770.5,16951,0.9281,51cbe36f-3fda-47ce-b171-25f02ffeeb3a,e2b5d1af-611f-418e-93d3-019b7b7ef4af,123,lembang,cikatomas pakidulan joszzz,,,973f2faa-6112-46fa-b6bf-4d49b6e745af,1_01_R_16082025020000.avi,2026-07-27T05:04:00+07:00
410,667,car,3ang_umum,3ang_umum,Public Transportation (Angkot),3,Medium passenger vehicle,3Ang_umum,1,Line 1,opposite,771.0455,16963,0.9232,51cbe36f-3fda-47ce-b171-25f02ffeeb3a,e2b5d1af-611f-418e-93d3-019b7b7ef4af,123,lembang,cikatomas pakidulan joszzz,,,973f2faa-6112-46fa-b6bf-4d49b6e745af,1_01_R_16082025020000.avi,2026-07-27T05:04:00+07:00
411,668,motorcycle,1motor,1motor,Motorcycle,1,Motorcycle / 3-wheel vehicle,1motor,2,Line 2,normal,773.5455,17018,0.7288,51cbe36f-3fda-47ce-b171-25f02ffeeb3a,e2b5d1af-611f-418e-93d3-019b7b7ef4af,123,lembang,cikatomas pakidulan joszzz,,,973f2faa-6112-46fa-b6bf-4d49b6e745af,1_01_R_16082025020000.avi,2026-07-27T05:04:00+07:00
412,668,motorcycle,1motor,1motor,Motorcycle,1,Motorcycle / 3-wheel vehicle,1motor,1,Line 1,opposite,774.1818,17032,0.8003,51cbe36f-3fda-47ce-b171-25f02ffeeb3a,e2b5d1af-611f-418e-93d3-019b7b7ef4af,123,lembang,cikatomas pakidulan joszzz,,,973f2faa-6112-46fa-b6bf-4d49b6e745af,1_01_R_16082025020000.avi,2026-07-27T05:04:00+07:00
413,669,truck,4pickupmicro,4PickupMicro,Pickup / Micro Truck,4,Pickup / micro truck / delivery,4PickupMicro,2,Line 2,normal,775.4545,17060,0.9076,51cbe36f-3fda-47ce-b171-25f02ffeeb3a,e2b5d1af-611f-418e-93d3-019b7b7ef4af,123,lembang,cikatomas pakidulan joszzz,,,973f2faa-6112-46fa-b6bf-4d49b6e745af,1_01_R_16082025020000.avi,2026-07-27T05:04:00+07:00
414,669,truck,4pickupmicro,4PickupMicro,Pickup / Micro Truck,4,Pickup / micro truck / delivery,4PickupMicro,1,Line 1,opposite,776.0455,17073,0.9098,51cbe36f-3fda-47ce-b171-25f02ffeeb3a,e2b5d1af-611f-418e-93d3-019b7b7ef4af,123,lembang,cikatomas pakidulan joszzz,,,973f2faa-6112-46fa-b6bf-4d49b6e745af,1_01_R_16082025020000.avi,2026-07-27T05:04:00+07:00
415,800139,motorcycle,1motor,1motor,Motorcycle,1,Motorcycle / 3-wheel vehicle,1motor,1,Line 1,normal,777.4091,17103,0.0942,51cbe36f-3fda-47ce-b171-25f02ffeeb3a,e2b5d1af-611f-418e-93d3-019b7b7ef4af,123,lembang,cikatomas pakidulan joszzz,,,973f2faa-6112-46fa-b6bf-4d49b6e745af,1_01_R_16082025020000.avi,2026-07-27T05:04:00+07:00
416,674,car,3ang_umum,3ang_umum,Public Transportation (Angkot),3,Medium passenger vehicle,3Ang_umum,2,Line 2,normal,777.8636,17113,0.5024,51cbe36f-3fda-47ce-b171-25f02ffeeb3a,e2b5d1af-611f-418e-93d3-019b7b7ef4af,123,lembang,cikatomas pakidulan joszzz,,,973f2faa-6112-46fa-b6bf-4d49b6e745af,1_01_R_16082025020000.avi,2026-07-27T05:04:00+07:00
417,671,car,2mobil,2mobil,Car / Sedan,2,Sedan / jeep / station wagon,2mobil,2,Line 2,normal,777.9091,17114,0.3854,51cbe36f-3fda-47ce-b171-25f02ffeeb3a,e2b5d1af-611f-418e-93d3-019b7b7ef4af,123,lembang,cikatomas pakidulan joszzz,,,973f2faa-6112-46fa-b6bf-4d49b6e745af,1_01_R_16082025020000.avi,2026-07-27T05:04:00+07:00
418,676,motorcycle,1motor,1motor,Motorcycle,1,Motorcycle / 3-wheel vehicle,1motor,1,Line 1,opposite,779.2727,17144,0.8121,51cbe36f-3fda-47ce-b171-25f02ffeeb3a,e2b5d1af-611f-418e-93d3-019b7b7ef4af,123,lembang,cikatomas pakidulan joszzz,,,973f2faa-6112-46fa-b6bf-4d49b6e745af,1_01_R_16082025020000.avi,2026-07-27T05:04:00+07:00
419,671,car,3ang_umum,3ang_umum,Public Transportation (Angkot),3,Medium passenger vehicle,3Ang_umum,1,Line 1,opposite,779.6364,17152,0.6103,51cbe36f-3fda-47ce-b171-25f02ffeeb3a,e2b5d1af-611f-418e-93d3-019b7b7ef4af,123,lembang,cikatomas pakidulan joszzz,,,973f2faa-6112-46fa-b6bf-4d49b6e745af,1_01_R_16082025020000.avi,2026-07-27T05:04:00+07:00
420,686,car,3ang_umum,3ang_umum,Public Transportation (Angkot),3,Medium passenger vehicle,3Ang_umum,2,Line 2,normal,790.5909,17393,0.8378,51cbe36f-3fda-47ce-b171-25f02ffeeb3a,e2b5d1af-611f-418e-93d3-019b7b7ef4af,123,lembang,cikatomas pakidulan joszzz,,,973f2faa-6112-46fa-b6bf-4d49b6e745af,1_01_R_16082025020000.avi,2026-07-27T05:04:00+07:00
421,686,car,2mobil,2mobil,Car / Sedan,2,Sedan / jeep / station wagon,2mobil,1,Line 1,opposite,791.2273,17407,0.6941,51cbe36f-3fda-47ce-b171-25f02ffeeb3a,e2b5d1af-611f-418e-93d3-019b7b7ef4af,123,lembang,cikatomas pakidulan joszzz,,,973f2faa-6112-46fa-b6bf-4d49b6e745af,1_01_R_16082025020000.avi,2026-07-27T05:04:00+07:00
422,697,motorcycle,1motor,1motor,Motorcycle,1,Motorcycle / 3-wheel vehicle,1motor,1,Line 1,normal,791.8636,17421,0.8114,51cbe36f-3fda-47ce-b171-25f02ffeeb3a,e2b5d1af-611f-418e-93d3-019b7b7ef4af,123,lembang,cikatomas pakidulan joszzz,,,973f2faa-6112-46fa-b6bf-4d49b6e745af,1_01_R_16082025020000.avi,2026-07-27T05:04:00+07:00
423,697,motorcycle,1motor,1motor,Motorcycle,1,Motorcycle / 3-wheel vehicle,1motor,2,Line 2,opposite,792.3636,17432,0.7019,51cbe36f-3fda-47ce-b171-25f02ffeeb3a,e2b5d1af-611f-418e-93d3-019b7b7ef4af,123,lembang,cikatomas pakidulan joszzz,,,973f2faa-6112-46fa-b6bf-4d49b6e745af,1_01_R_16082025020000.avi,2026-07-27T05:04:00+07:00
424,707,motorcycle,1motor,1motor,Motorcycle,1,Motorcycle / 3-wheel vehicle,1motor,1,Line 1,normal,811.3636,17850,0.5912,51cbe36f-3fda-47ce-b171-25f02ffeeb3a,e2b5d1af-611f-418e-93d3-019b7b7ef4af,123,lembang,cikatomas pakidulan joszzz,,,973f2faa-6112-46fa-b6bf-4d49b6e745af,1_01_R_16082025020000.avi,2026-07-27T05:04:00+07:00
425,707,motorcycle,1motor,1motor,Motorcycle,1,Motorcycle / 3-wheel vehicle,1motor,2,Line 2,opposite,812.1364,17867,0.5053,51cbe36f-3fda-47ce-b171-25f02ffeeb3a,e2b5d1af-611f-418e-93d3-019b7b7ef4af,123,lembang,cikatomas pakidulan joszzz,,,973f2faa-6112-46fa-b6bf-4d49b6e745af,1_01_R_16082025020000.avi,2026-07-27T05:04:00+07:00
426,712,motorcycle,1motor,1motor,Motorcycle,1,Motorcycle / 3-wheel vehicle,1motor,2,Line 2,normal,816.7727,17969,0.7739,51cbe36f-3fda-47ce-b171-25f02ffeeb3a,e2b5d1af-611f-418e-93d3-019b7b7ef4af,123,lembang,cikatomas pakidulan joszzz,,,973f2faa-6112-46fa-b6bf-4d49b6e745af,1_01_R_16082025020000.avi,2026-07-27T05:04:00+07:00
427,712,motorcycle,1motor,1motor,Motorcycle,1,Motorcycle / 3-wheel vehicle,1motor,1,Line 1,opposite,817.4091,17983,0.8267,51cbe36f-3fda-47ce-b171-25f02ffeeb3a,e2b5d1af-611f-418e-93d3-019b7b7ef4af,123,lembang,cikatomas pakidulan joszzz,,,973f2faa-6112-46fa-b6bf-4d49b6e745af,1_01_R_16082025020000.avi,2026-07-27T05:04:00+07:00
428,720,motorcycle,1motor,1motor,Motorcycle,1,Motorcycle / 3-wheel vehicle,1motor,1,Line 1,opposite,829.5455,18250,0.6229,51cbe36f-3fda-47ce-b171-25f02ffeeb3a,e2b5d1af-611f-418e-93d3-019b7b7ef4af,123,lembang,cikatomas pakidulan joszzz,,,973f2faa-6112-46fa-b6bf-4d49b6e745af,1_01_R_16082025020000.avi,2026-07-27T05:04:00+07:00
429,800144,motorcycle,1motor,1motor,Motorcycle,1,Motorcycle / 3-wheel vehicle,1motor,1,Line 1,opposite,829.9091,18258,0.7206,51cbe36f-3fda-47ce-b171-25f02ffeeb3a,e2b5d1af-611f-418e-93d3-019b7b7ef4af,123,lembang,cikatomas pakidulan joszzz,,,973f2faa-6112-46fa-b6bf-4d49b6e745af,1_01_R_16082025020000.avi,2026-07-27T05:04:00+07:00
430,721,car,2mobil,2mobil,Car / Sedan,2,Sedan / jeep / station wagon,2mobil,1,Line 1,normal,831.0455,18283,0.6469,51cbe36f-3fda-47ce-b171-25f02ffeeb3a,e2b5d1af-611f-418e-93d3-019b7b7ef4af,123,lembang,cikatomas pakidulan joszzz,,,973f2faa-6112-46fa-b6bf-4d49b6e745af,1_01_R_16082025020000.avi,2026-07-27T05:04:00+07:00
431,721,car,2mobil,2mobil,Car / Sedan,2,Sedan / jeep / station wagon,2mobil,2,Line 2,opposite,831.6818,18297,0.5419,51cbe36f-3fda-47ce-b171-25f02ffeeb3a,e2b5d1af-611f-418e-93d3-019b7b7ef4af,123,lembang,cikatomas pakidulan joszzz,,,973f2faa-6112-46fa-b6bf-4d49b6e745af,1_01_R_16082025020000.avi,2026-07-27T05:04:00+07:00
432,722,motorcycle,1motor,1motor,Motorcycle,1,Motorcycle / 3-wheel vehicle,1motor,1,Line 1,normal,832.5455,18316,0.8341,51cbe36f-3fda-47ce-b171-25f02ffeeb3a,e2b5d1af-611f-418e-93d3-019b7b7ef4af,123,lembang,cikatomas pakidulan joszzz,,,973f2faa-6112-46fa-b6bf-4d49b6e745af,1_01_R_16082025020000.avi,2026-07-27T05:04:00+07:00
433,722,motorcycle,1motor,1motor,Motorcycle,1,Motorcycle / 3-wheel vehicle,1motor,2,Line 2,opposite,833.3636,18334,0.7443,51cbe36f-3fda-47ce-b171-25f02ffeeb3a,e2b5d1af-611f-418e-93d3-019b7b7ef4af,123,lembang,cikatomas pakidulan joszzz,,,973f2faa-6112-46fa-b6bf-4d49b6e745af,1_01_R_16082025020000.avi,2026-07-27T05:04:00+07:00
434,734,car,2mobil,2mobil,Car / Sedan,2,Sedan / jeep / station wagon,2mobil,2,Line 2,normal,845.1364,18593,0.9255,51cbe36f-3fda-47ce-b171-25f02ffeeb3a,e2b5d1af-611f-418e-93d3-019b7b7ef4af,123,lembang,cikatomas pakidulan joszzz,,,973f2faa-6112-46fa-b6bf-4d49b6e745af,1_01_R_16082025020000.avi,2026-07-27T05:04:00+07:00
435,734,car,2mobil,2mobil,Car / Sedan,2,Sedan / jeep / station wagon,2mobil,1,Line 1,opposite,845.6364,18604,0.8927,51cbe36f-3fda-47ce-b171-25f02ffeeb3a,e2b5d1af-611f-418e-93d3-019b7b7ef4af,123,lembang,cikatomas pakidulan joszzz,,,973f2faa-6112-46fa-b6bf-4d49b6e745af,1_01_R_16082025020000.avi,2026-07-27T05:04:00+07:00
436,735,motorcycle,1motor,1motor,Motorcycle,1,Motorcycle / 3-wheel vehicle,1motor,1,Line 1,normal,846.6364,18626,0.8332,51cbe36f-3fda-47ce-b171-25f02ffeeb3a,e2b5d1af-611f-418e-93d3-019b7b7ef4af,123,lembang,cikatomas pakidulan joszzz,,,973f2faa-6112-46fa-b6bf-4d49b6e745af,1_01_R_16082025020000.avi,2026-07-27T05:04:00+07:00
437,800148,motorcycle,1motor,1motor,Motorcycle,1,Motorcycle / 3-wheel vehicle,1motor,1,Line 1,normal,847.3636,18642,0.1898,51cbe36f-3fda-47ce-b171-25f02ffeeb3a,e2b5d1af-611f-418e-93d3-019b7b7ef4af,123,lembang,cikatomas pakidulan joszzz,,,973f2faa-6112-46fa-b6bf-4d49b6e745af,1_01_R_16082025020000.avi,2026-07-27T05:04:00+07:00
438,800148,motorcycle,1motor,1motor,Motorcycle,1,Motorcycle / 3-wheel vehicle,1motor,2,Line 2,opposite,848.7273,18672,0.4376,51cbe36f-3fda-47ce-b171-25f02ffeeb3a,e2b5d1af-611f-418e-93d3-019b7b7ef4af,123,lembang,cikatomas pakidulan joszzz,,,973f2faa-6112-46fa-b6bf-4d49b6e745af,1_01_R_16082025020000.avi,2026-07-27T05:04:00+07:00
439,740,car,2mobil,2mobil,Car / Sedan,2,Sedan / jeep / station wagon,2mobil,2,Line 2,normal,849.4091,18687,0.9225,51cbe36f-3fda-47ce-b171-25f02ffeeb3a,e2b5d1af-611f-418e-93d3-019b7b7ef4af,123,lembang,cikatomas pakidulan joszzz,,,973f2faa-6112-46fa-b6bf-4d49b6e745af,1_01_R_16082025020000.avi,2026-07-27T05:04:00+07:00
440,740,car,2mobil,2mobil,Car / Sedan,2,Sedan / jeep / station wagon,2mobil,1,Line 1,opposite,850.0,18700,0.8976,51cbe36f-3fda-47ce-b171-25f02ffeeb3a,e2b5d1af-611f-418e-93d3-019b7b7ef4af,123,lembang,cikatomas pakidulan joszzz,,,973f2faa-6112-46fa-b6bf-4d49b6e745af,1_01_R_16082025020000.avi,2026-07-27T05:04:00+07:00
441,742,motorcycle,1motor,1motor,Motorcycle,1,Motorcycle / 3-wheel vehicle,1motor,2,Line 2,normal,850.8182,18718,0.854,51cbe36f-3fda-47ce-b171-25f02ffeeb3a,e2b5d1af-611f-418e-93d3-019b7b7ef4af,123,lembang,cikatomas pakidulan joszzz,,,973f2faa-6112-46fa-b6bf-4d49b6e745af,1_01_R_16082025020000.avi,2026-07-27T05:04:00+07:00
442,741,truck,6tr_2sumbu,6TR_2sumbu,2-Axle Truck (Jumbo),6,2-Axle Truck,6TR_2sumbu,1,Line 1,normal,851.1818,18726,0.8958,51cbe36f-3fda-47ce-b171-25f02ffeeb3a,e2b5d1af-611f-418e-93d3-019b7b7ef4af,123,lembang,cikatomas pakidulan joszzz,,,973f2faa-6112-46fa-b6bf-4d49b6e745af,1_01_R_16082025020000.avi,2026-07-27T05:04:00+07:00
443,742,motorcycle,1motor,1motor,Motorcycle,1,Motorcycle / 3-wheel vehicle,1motor,1,Line 1,opposite,851.4091,18731,0.4295,51cbe36f-3fda-47ce-b171-25f02ffeeb3a,e2b5d1af-611f-418e-93d3-019b7b7ef4af,123,lembang,cikatomas pakidulan joszzz,,,973f2faa-6112-46fa-b6bf-4d49b6e745af,1_01_R_16082025020000.avi,2026-07-27T05:04:00+07:00
444,743,truck,4pickupmicro,4PickupMicro,Pickup / Micro Truck,4,Pickup / micro truck / delivery,4PickupMicro,2,Line 2,normal,851.7273,18738,0.8436,51cbe36f-3fda-47ce-b171-25f02ffeeb3a,e2b5d1af-611f-418e-93d3-019b7b7ef4af,123,lembang,cikatomas pakidulan joszzz,,,973f2faa-6112-46fa-b6bf-4d49b6e745af,1_01_R_16082025020000.avi,2026-07-27T05:04:00+07:00
445,741,truck,6tr_2sumbu,6TR_2sumbu,2-Axle Truck (Jumbo),6,2-Axle Truck,6TR_2sumbu,2,Line 2,opposite,851.7727,18739,0.9032,51cbe36f-3fda-47ce-b171-25f02ffeeb3a,e2b5d1af-611f-418e-93d3-019b7b7ef4af,123,lembang,cikatomas pakidulan joszzz,,,973f2faa-6112-46fa-b6bf-4d49b6e745af,1_01_R_16082025020000.avi,2026-07-27T05:04:00+07:00
446,743,truck,4pickupmicro,4PickupMicro,Pickup / Micro Truck,4,Pickup / micro truck / delivery,4PickupMicro,1,Line 1,opposite,852.3636,18752,0.8993,51cbe36f-3fda-47ce-b171-25f02ffeeb3a,e2b5d1af-611f-418e-93d3-019b7b7ef4af,123,lembang,cikatomas pakidulan joszzz,,,973f2faa-6112-46fa-b6bf-4d49b6e745af,1_01_R_16082025020000.avi,2026-07-27T05:04:00+07:00
447,749,motorcycle,1motor,1motor,Motorcycle,1,Motorcycle / 3-wheel vehicle,1motor,1,Line 1,normal,855.3636,18818,0.84,51cbe36f-3fda-47ce-b171-25f02ffeeb3a,e2b5d1af-611f-418e-93d3-019b7b7ef4af,123,lembang,cikatomas pakidulan joszzz,,,973f2faa-6112-46fa-b6bf-4d49b6e745af,1_01_R_16082025020000.avi,2026-07-27T05:04:00+07:00
448,750,car,2mobil,2mobil,Car / Sedan,2,Sedan / jeep / station wagon,2mobil,2,Line 2,normal,855.7727,18827,0.9265,51cbe36f-3fda-47ce-b171-25f02ffeeb3a,e2b5d1af-611f-418e-93d3-019b7b7ef4af,123,lembang,cikatomas pakidulan joszzz,,,973f2faa-6112-46fa-b6bf-4d49b6e745af,1_01_R_16082025020000.avi,2026-07-27T05:04:00+07:00
449,800151,motorcycle,1motor,1motor,Motorcycle,1,Motorcycle / 3-wheel vehicle,1motor,1,Line 1,normal,856.3636,18840,0.1583,51cbe36f-3fda-47ce-b171-25f02ffeeb3a,e2b5d1af-611f-418e-93d3-019b7b7ef4af,123,lembang,cikatomas pakidulan joszzz,,,973f2faa-6112-46fa-b6bf-4d49b6e745af,1_01_R_16082025020000.avi,2026-07-27T05:04:00+07:00
450,750,car,2mobil,2mobil,Car / Sedan,2,Sedan / jeep / station wagon,2mobil,1,Line 1,opposite,856.4091,18841,0.901,51cbe36f-3fda-47ce-b171-25f02ffeeb3a,e2b5d1af-611f-418e-93d3-019b7b7ef4af,123,lembang,cikatomas pakidulan joszzz,,,973f2faa-6112-46fa-b6bf-4d49b6e745af,1_01_R_16082025020000.avi,2026-07-27T05:04:00+07:00
451,749,motorcycle,1motor,1motor,Motorcycle,1,Motorcycle / 3-wheel vehicle,1motor,2,Line 2,opposite,856.4091,18841,0.797,51cbe36f-3fda-47ce-b171-25f02ffeeb3a,e2b5d1af-611f-418e-93d3-019b7b7ef4af,123,lembang,cikatomas pakidulan joszzz,,,973f2faa-6112-46fa-b6bf-4d49b6e745af,1_01_R_16082025020000.avi,2026-07-27T05:04:00+07:00
452,800151,motorcycle,1motor,1motor,Motorcycle,1,Motorcycle / 3-wheel vehicle,1motor,2,Line 2,opposite,857.0455,18855,0.203,51cbe36f-3fda-47ce-b171-25f02ffeeb3a,e2b5d1af-611f-418e-93d3-019b7b7ef4af,123,lembang,cikatomas pakidulan joszzz,,,973f2faa-6112-46fa-b6bf-4d49b6e745af,1_01_R_16082025020000.avi,2026-07-27T05:04:00+07:00
453,758,truck,4pickupmicro,4PickupMicro,Pickup / Micro Truck,4,Pickup / micro truck / delivery,4PickupMicro,1,Line 1,normal,860.7727,18937,0.8823,51cbe36f-3fda-47ce-b171-25f02ffeeb3a,e2b5d1af-611f-418e-93d3-019b7b7ef4af,123,lembang,cikatomas pakidulan joszzz,,,973f2faa-6112-46fa-b6bf-4d49b6e745af,1_01_R_16082025020000.avi,2026-07-27T05:04:00+07:00
454,758,truck,4pickupmicro,4PickupMicro,Pickup / Micro Truck,4,Pickup / micro truck / delivery,4PickupMicro,2,Line 2,opposite,861.9545,18963,0.6723,51cbe36f-3fda-47ce-b171-25f02ffeeb3a,e2b5d1af-611f-418e-93d3-019b7b7ef4af,123,lembang,cikatomas pakidulan joszzz,,,973f2faa-6112-46fa-b6bf-4d49b6e745af,1_01_R_16082025020000.avi,2026-07-27T05:04:00+07:00
455,762,car,2mobil,2mobil,Car / Sedan,2,Sedan / jeep / station wagon,2mobil,2,Line 2,normal,862.3636,18972,0.9231,51cbe36f-3fda-47ce-b171-25f02ffeeb3a,e2b5d1af-611f-418e-93d3-019b7b7ef4af,123,lembang,cikatomas pakidulan joszzz,,,973f2faa-6112-46fa-b6bf-4d49b6e745af,1_01_R_16082025020000.avi,2026-07-27T05:04:00+07:00
456,762,car,2mobil,2mobil,Car / Sedan,2,Sedan / jeep / station wagon,2mobil,1,Line 1,opposite,863.0909,18988,0.8539,51cbe36f-3fda-47ce-b171-25f02ffeeb3a,e2b5d1af-611f-418e-93d3-019b7b7ef4af,123,lembang,cikatomas pakidulan joszzz,,,973f2faa-6112-46fa-b6bf-4d49b6e745af,1_01_R_16082025020000.avi,2026-07-27T05:04:00+07:00
457,768,car,2mobil,2mobil,Car / Sedan,2,Sedan / jeep / station wagon,2mobil,2,Line 2,normal,866.8636,19071,0.9325,51cbe36f-3fda-47ce-b171-25f02ffeeb3a,e2b5d1af-611f-418e-93d3-019b7b7ef4af,123,lembang,cikatomas pakidulan joszzz,,,973f2faa-6112-46fa-b6bf-4d49b6e745af,1_01_R_16082025020000.avi,2026-07-27T05:04:00+07:00
458,764,car,2mobil,2mobil,Car / Sedan,2,Sedan / jeep / station wagon,2mobil,1,Line 1,normal,867.2727,19080,0.7668,51cbe36f-3fda-47ce-b171-25f02ffeeb3a,e2b5d1af-611f-418e-93d3-019b7b7ef4af,123,lembang,cikatomas pakidulan joszzz,,,973f2faa-6112-46fa-b6bf-4d49b6e745af,1_01_R_16082025020000.avi,2026-07-27T05:04:00+07:00
459,768,car,2mobil,2mobil,Car / Sedan,2,Sedan / jeep / station wagon,2mobil,1,Line 1,opposite,867.6364,19088,0.9075,51cbe36f-3fda-47ce-b171-25f02ffeeb3a,e2b5d1af-611f-418e-93d3-019b7b7ef4af,123,lembang,cikatomas pakidulan joszzz,,,973f2faa-6112-46fa-b6bf-4d49b6e745af,1_01_R_16082025020000.avi,2026-07-27T05:04:00+07:00
460,764,car,2mobil,2mobil,Car / Sedan,2,Sedan / jeep / station wagon,2mobil,2,Line 2,opposite,868.1818,19100,0.648,51cbe36f-3fda-47ce-b171-25f02ffeeb3a,e2b5d1af-611f-418e-93d3-019b7b7ef4af,123,lembang,cikatomas pakidulan joszzz,,,973f2faa-6112-46fa-b6bf-4d49b6e745af,1_01_R_16082025020000.avi,2026-07-27T05:04:00+07:00
461,773,car,2mobil,2mobil,Car / Sedan,2,Sedan / jeep / station wagon,2mobil,2,Line 2,normal,871.0,19162,0.9125,51cbe36f-3fda-47ce-b171-25f02ffeeb3a,e2b5d1af-611f-418e-93d3-019b7b7ef4af,123,lembang,cikatomas pakidulan joszzz,,,973f2faa-6112-46fa-b6bf-4d49b6e745af,1_01_R_16082025020000.avi,2026-07-27T05:04:00+07:00
462,773,car,2mobil,2mobil,Car / Sedan,2,Sedan / jeep / station wagon,2mobil,1,Line 1,opposite,871.7273,19178,0.6699,51cbe36f-3fda-47ce-b171-25f02ffeeb3a,e2b5d1af-611f-418e-93d3-019b7b7ef4af,123,lembang,cikatomas pakidulan joszzz,,,973f2faa-6112-46fa-b6bf-4d49b6e745af,1_01_R_16082025020000.avi,2026-07-27T05:04:00+07:00
463,777,car,2mobil,2mobil,Car / Sedan,2,Sedan / jeep / station wagon,2mobil,1,Line 1,opposite,872.1818,19188,0.5354,51cbe36f-3fda-47ce-b171-25f02ffeeb3a,e2b5d1af-611f-418e-93d3-019b7b7ef4af,123,lembang,cikatomas pakidulan joszzz,,,973f2faa-6112-46fa-b6bf-4d49b6e745af,1_01_R_16082025020000.avi,2026-07-27T05:04:00+07:00
464,781,car,3ang_umum,3ang_umum,Public Transportation (Angkot),3,Medium passenger vehicle,3Ang_umum,2,Line 2,normal,872.9545,19205,0.808,51cbe36f-3fda-47ce-b171-25f02ffeeb3a,e2b5d1af-611f-418e-93d3-019b7b7ef4af,123,lembang,cikatomas pakidulan joszzz,,,973f2faa-6112-46fa-b6bf-4d49b6e745af,1_01_R_16082025020000.avi,2026-07-27T05:04:00+07:00
465,781,car,2mobil,2mobil,Car / Sedan,2,Sedan / jeep / station wagon,2mobil,1,Line 1,opposite,873.6364,19220,0.6032,51cbe36f-3fda-47ce-b171-25f02ffeeb3a,e2b5d1af-611f-418e-93d3-019b7b7ef4af,123,lembang,cikatomas pakidulan joszzz,,,973f2faa-6112-46fa-b6bf-4d49b6e745af,1_01_R_16082025020000.avi,2026-07-27T05:04:00+07:00
466,793,car,2mobil,2mobil,Car / Sedan,2,Sedan / jeep / station wagon,2mobil,2,Line 2,normal,874.5909,19241,0.9301,51cbe36f-3fda-47ce-b171-25f02ffeeb3a,e2b5d1af-611f-418e-93d3-019b7b7ef4af,123,lembang,cikatomas pakidulan joszzz,,,973f2faa-6112-46fa-b6bf-4d49b6e745af,1_01_R_16082025020000.avi,2026-07-27T05:04:00+07:00
467,793,car,2mobil,2mobil,Car / Sedan,2,Sedan / jeep / station wagon,2mobil,1,Line 1,opposite,875.2273,19255,0.8875,51cbe36f-3fda-47ce-b171-25f02ffeeb3a,e2b5d1af-611f-418e-93d3-019b7b7ef4af,123,lembang,cikatomas pakidulan joszzz,,,973f2faa-6112-46fa-b6bf-4d49b6e745af,1_01_R_16082025020000.avi,2026-07-27T05:04:00+07:00
468,800156,motorcycle,1motor,1motor,Motorcycle,1,Motorcycle / 3-wheel vehicle,1motor,1,Line 1,opposite,876.5455,19284,0.4202,51cbe36f-3fda-47ce-b171-25f02ffeeb3a,e2b5d1af-611f-418e-93d3-019b7b7ef4af,123,lembang,cikatomas pakidulan joszzz,,,973f2faa-6112-46fa-b6bf-4d49b6e745af,1_01_R_16082025020000.avi,2026-07-27T05:04:00+07:00
469,800156,motorcycle,1motor,1motor,Motorcycle,1,Motorcycle / 3-wheel vehicle,1motor,2,Line 2,opposite,878.1818,19320,0.5908,51cbe36f-3fda-47ce-b171-25f02ffeeb3a,e2b5d1af-611f-418e-93d3-019b7b7ef4af,123,lembang,cikatomas pakidulan joszzz,,,973f2faa-6112-46fa-b6bf-4d49b6e745af,1_01_R_16082025020000.avi,2026-07-27T05:04:00+07:00
470,795,motorcycle,1motor,1motor,Motorcycle,1,Motorcycle / 3-wheel vehicle,1motor,1,Line 1,normal,878.4545,19326,0.8387,51cbe36f-3fda-47ce-b171-25f02ffeeb3a,e2b5d1af-611f-418e-93d3-019b7b7ef4af,123,lembang,cikatomas pakidulan joszzz,,,973f2faa-6112-46fa-b6bf-4d49b6e745af,1_01_R_16082025020000.avi,2026-07-27T05:04:00+07:00
471,798,motorcycle,1motor,1motor,Motorcycle,1,Motorcycle / 3-wheel vehicle,1motor,2,Line 2,normal,878.5455,19328,0.8476,51cbe36f-3fda-47ce-b171-25f02ffeeb3a,e2b5d1af-611f-418e-93d3-019b7b7ef4af,123,lembang,cikatomas pakidulan joszzz,,,973f2faa-6112-46fa-b6bf-4d49b6e745af,1_01_R_16082025020000.avi,2026-07-27T05:04:00+07:00
472,798,motorcycle,1motor,1motor,Motorcycle,1,Motorcycle / 3-wheel vehicle,1motor,1,Line 1,opposite,879.2727,19344,0.8358,51cbe36f-3fda-47ce-b171-25f02ffeeb3a,e2b5d1af-611f-418e-93d3-019b7b7ef4af,123,lembang,cikatomas pakidulan joszzz,,,973f2faa-6112-46fa-b6bf-4d49b6e745af,1_01_R_16082025020000.avi,2026-07-27T05:04:00+07:00
473,795,motorcycle,1motor,1motor,Motorcycle,1,Motorcycle / 3-wheel vehicle,1motor,2,Line 2,opposite,880.0,19360,0.7792,51cbe36f-3fda-47ce-b171-25f02ffeeb3a,e2b5d1af-611f-418e-93d3-019b7b7ef4af,123,lembang,cikatomas pakidulan joszzz,,,973f2faa-6112-46fa-b6bf-4d49b6e745af,1_01_R_16082025020000.avi,2026-07-27T05:04:00+07:00
474,799,motorcycle,1motor,1motor,Motorcycle,1,Motorcycle / 3-wheel vehicle,1motor,1,Line 1,normal,888.0,19536,0.8317,51cbe36f-3fda-47ce-b171-25f02ffeeb3a,e2b5d1af-611f-418e-93d3-019b7b7ef4af,123,lembang,cikatomas pakidulan joszzz,,,973f2faa-6112-46fa-b6bf-4d49b6e745af,1_01_R_16082025020000.avi,2026-07-27T05:04:00+07:00
475,813,motorcycle,1motor,1motor,Motorcycle,1,Motorcycle / 3-wheel vehicle,1motor,2,Line 2,normal,908.3182,19983,0.8128,51cbe36f-3fda-47ce-b171-25f02ffeeb3a,e2b5d1af-611f-418e-93d3-019b7b7ef4af,123,lembang,cikatomas pakidulan joszzz,,,973f2faa-6112-46fa-b6bf-4d49b6e745af,1_01_R_16082025020000.avi,2026-07-27T05:04:00+07:00
476,810,motorcycle,1motor,1motor,Motorcycle,1,Motorcycle / 3-wheel vehicle,1motor,2,Line 2,normal,908.4091,19985,0.8388,51cbe36f-3fda-47ce-b171-25f02ffeeb3a,e2b5d1af-611f-418e-93d3-019b7b7ef4af,123,lembang,cikatomas pakidulan joszzz,,,973f2faa-6112-46fa-b6bf-4d49b6e745af,1_01_R_16082025020000.avi,2026-07-27T05:04:00+07:00
477,800159,motorcycle,1motor,1motor,Motorcycle,1,Motorcycle / 3-wheel vehicle,1motor,2,Line 2,normal,909.2727,20004,0.69,51cbe36f-3fda-47ce-b171-25f02ffeeb3a,e2b5d1af-611f-418e-93d3-019b7b7ef4af,123,lembang,cikatomas pakidulan joszzz,,,973f2faa-6112-46fa-b6bf-4d49b6e745af,1_01_R_16082025020000.avi,2026-07-27T05:04:00+07:00
478,800159,motorcycle,1motor,1motor,Motorcycle,1,Motorcycle / 3-wheel vehicle,1motor,1,Line 1,opposite,909.4091,20007,0.56,51cbe36f-3fda-47ce-b171-25f02ffeeb3a,e2b5d1af-611f-418e-93d3-019b7b7ef4af,123,lembang,cikatomas pakidulan joszzz,,,973f2faa-6112-46fa-b6bf-4d49b6e745af,1_01_R_16082025020000.avi,2026-07-27T05:04:00+07:00
479,810,motorcycle,1motor,1motor,Motorcycle,1,Motorcycle / 3-wheel vehicle,1motor,1,Line 1,opposite,909.9091,20018,0.8336,51cbe36f-3fda-47ce-b171-25f02ffeeb3a,e2b5d1af-611f-418e-93d3-019b7b7ef4af,123,lembang,cikatomas pakidulan joszzz,,,973f2faa-6112-46fa-b6bf-4d49b6e745af,1_01_R_16082025020000.avi,2026-07-27T05:04:00+07:00
480,818,car,2mobil,2mobil,Car / Sedan,2,Sedan / jeep / station wagon,2mobil,2,Line 2,normal,910.9545,20041,0.9263,51cbe36f-3fda-47ce-b171-25f02ffeeb3a,e2b5d1af-611f-418e-93d3-019b7b7ef4af,123,lembang,cikatomas pakidulan joszzz,,,973f2faa-6112-46fa-b6bf-4d49b6e745af,1_01_R_16082025020000.avi,2026-07-27T05:04:00+07:00
481,818,car,2mobil,2mobil,Car / Sedan,2,Sedan / jeep / station wagon,2mobil,1,Line 1,opposite,911.5909,20055,0.8738,51cbe36f-3fda-47ce-b171-25f02ffeeb3a,e2b5d1af-611f-418e-93d3-019b7b7ef4af,123,lembang,cikatomas pakidulan joszzz,,,973f2faa-6112-46fa-b6bf-4d49b6e745af,1_01_R_16082025020000.avi,2026-07-27T05:04:00+07:00
482,821,motorcycle,1motor,1motor,Motorcycle,1,Motorcycle / 3-wheel vehicle,1motor,2,Line 2,normal,915.5909,20143,0.7035,51cbe36f-3fda-47ce-b171-25f02ffeeb3a,e2b5d1af-611f-418e-93d3-019b7b7ef4af,123,lembang,cikatomas pakidulan joszzz,,,973f2faa-6112-46fa-b6bf-4d49b6e745af,1_01_R_16082025020000.avi,2026-07-27T05:04:00+07:00
483,821,motorcycle,1motor,1motor,Motorcycle,1,Motorcycle / 3-wheel vehicle,1motor,1,Line 1,opposite,916.5455,20164,0.8399,51cbe36f-3fda-47ce-b171-25f02ffeeb3a,e2b5d1af-611f-418e-93d3-019b7b7ef4af,123,lembang,cikatomas pakidulan joszzz,,,973f2faa-6112-46fa-b6bf-4d49b6e745af,1_01_R_16082025020000.avi,2026-07-27T05:04:00+07:00
484,832,motorcycle,1motor,1motor,Motorcycle,1,Motorcycle / 3-wheel vehicle,1motor,1,Line 1,normal,922.7727,20301,0.7576,51cbe36f-3fda-47ce-b171-25f02ffeeb3a,e2b5d1af-611f-418e-93d3-019b7b7ef4af,123,lembang,cikatomas pakidulan joszzz,,,973f2faa-6112-46fa-b6bf-4d49b6e745af,1_01_R_16082025020000.avi,2026-07-27T05:04:00+07:00
485,800162,motorcycle,1motor,1motor,Motorcycle,1,Motorcycle / 3-wheel vehicle,1motor,1,Line 1,normal,922.9091,20304,0.2802,51cbe36f-3fda-47ce-b171-25f02ffeeb3a,e2b5d1af-611f-418e-93d3-019b7b7ef4af,123,lembang,cikatomas pakidulan joszzz,,,973f2faa-6112-46fa-b6bf-4d49b6e745af,1_01_R_16082025020000.avi,2026-07-27T05:04:00+07:00
486,842,motorcycle,1motor,1motor,Motorcycle,1,Motorcycle / 3-wheel vehicle,1motor,1,Line 1,opposite,932.1364,20507,0.7824,51cbe36f-3fda-47ce-b171-25f02ffeeb3a,e2b5d1af-611f-418e-93d3-019b7b7ef4af,123,lembang,cikatomas pakidulan joszzz,,,973f2faa-6112-46fa-b6bf-4d49b6e745af,1_01_R_16082025020000.avi,2026-07-27T05:04:00+07:00
487,800163,motorcycle,1motor,1motor,Motorcycle,1,Motorcycle / 3-wheel vehicle,1motor,1,Line 1,opposite,932.7273,20520,0.5718,51cbe36f-3fda-47ce-b171-25f02ffeeb3a,e2b5d1af-611f-418e-93d3-019b7b7ef4af,123,lembang,cikatomas pakidulan joszzz,,,973f2faa-6112-46fa-b6bf-4d49b6e745af,1_01_R_16082025020000.avi,2026-07-27T05:04:00+07:00
488,843,car,2mobil,2mobil,Car / Sedan,2,Sedan / jeep / station wagon,2mobil,2,Line 2,normal,939.2727,20664,0.9191,51cbe36f-3fda-47ce-b171-25f02ffeeb3a,e2b5d1af-611f-418e-93d3-019b7b7ef4af,123,lembang,cikatomas pakidulan joszzz,,,973f2faa-6112-46fa-b6bf-4d49b6e745af,1_01_R_16082025020000.avi,2026-07-27T05:04:00+07:00
489,843,car,2mobil,2mobil,Car / Sedan,2,Sedan / jeep / station wagon,2mobil,1,Line 1,opposite,939.7727,20675,0.8792,51cbe36f-3fda-47ce-b171-25f02ffeeb3a,e2b5d1af-611f-418e-93d3-019b7b7ef4af,123,lembang,cikatomas pakidulan joszzz,,,973f2faa-6112-46fa-b6bf-4d49b6e745af,1_01_R_16082025020000.avi,2026-07-27T05:04:00+07:00
490,844,car,2mobil,2mobil,Car / Sedan,2,Sedan / jeep / station wagon,2mobil,2,Line 2,normal,940.5,20691,0.9296,51cbe36f-3fda-47ce-b171-25f02ffeeb3a,e2b5d1af-611f-418e-93d3-019b7b7ef4af,123,lembang,cikatomas pakidulan joszzz,,,973f2faa-6112-46fa-b6bf-4d49b6e745af,1_01_R_16082025020000.avi,2026-07-27T05:04:00+07:00
491,844,car,2mobil,2mobil,Car / Sedan,2,Sedan / jeep / station wagon,2mobil,1,Line 1,opposite,941.0,20702,0.897,51cbe36f-3fda-47ce-b171-25f02ffeeb3a,e2b5d1af-611f-418e-93d3-019b7b7ef4af,123,lembang,cikatomas pakidulan joszzz,,,973f2faa-6112-46fa-b6bf-4d49b6e745af,1_01_R_16082025020000.avi,2026-07-27T05:04:00+07:00
492,847,motorcycle,1motor,1motor,Motorcycle,1,Motorcycle / 3-wheel vehicle,1motor,1,Line 1,opposite,943.3636,20754,0.8589,51cbe36f-3fda-47ce-b171-25f02ffeeb3a,e2b5d1af-611f-418e-93d3-019b7b7ef4af,123,lembang,cikatomas pakidulan joszzz,,,973f2faa-6112-46fa-b6bf-4d49b6e745af,1_01_R_16082025020000.avi,2026-07-27T05:04:00+07:00
493,849,car,2mobil,2mobil,Car / Sedan,2,Sedan / jeep / station wagon,2mobil,2,Line 2,normal,944.4545,20778,0.9216,51cbe36f-3fda-47ce-b171-25f02ffeeb3a,e2b5d1af-611f-418e-93d3-019b7b7ef4af,123,lembang,cikatomas pakidulan joszzz,,,973f2faa-6112-46fa-b6bf-4d49b6e745af,1_01_R_16082025020000.avi,2026-07-27T05:04:00+07:00
494,849,car,2mobil,2mobil,Car / Sedan,2,Sedan / jeep / station wagon,2mobil,1,Line 1,opposite,945.1364,20793,0.9005,51cbe36f-3fda-47ce-b171-25f02ffeeb3a,e2b5d1af-611f-418e-93d3-019b7b7ef4af,123,lembang,cikatomas pakidulan joszzz,,,973f2faa-6112-46fa-b6bf-4d49b6e745af,1_01_R_16082025020000.avi,2026-07-27T05:04:00+07:00
495,851,car,2mobil,2mobil,Car / Sedan,2,Sedan / jeep / station wagon,2mobil,2,Line 2,normal,945.8182,20808,0.8709,51cbe36f-3fda-47ce-b171-25f02ffeeb3a,e2b5d1af-611f-418e-93d3-019b7b7ef4af,123,lembang,cikatomas pakidulan joszzz,,,973f2faa-6112-46fa-b6bf-4d49b6e745af,1_01_R_16082025020000.avi,2026-07-27T05:04:00+07:00
496,851,car,2mobil,2mobil,Car / Sedan,2,Sedan / jeep / station wagon,2mobil,1,Line 1,opposite,946.2727,20818,0.6406,51cbe36f-3fda-47ce-b171-25f02ffeeb3a,e2b5d1af-611f-418e-93d3-019b7b7ef4af,123,lembang,cikatomas pakidulan joszzz,,,973f2faa-6112-46fa-b6bf-4d49b6e745af,1_01_R_16082025020000.avi,2026-07-27T05:04:00+07:00
497,852,car,2mobil,2mobil,Car / Sedan,2,Sedan / jeep / station wagon,2mobil,1,Line 1,opposite,946.2727,20818,0.8175,51cbe36f-3fda-47ce-b171-25f02ffeeb3a,e2b5d1af-611f-418e-93d3-019b7b7ef4af,123,lembang,cikatomas pakidulan joszzz,,,973f2faa-6112-46fa-b6bf-4d49b6e745af,1_01_R_16082025020000.avi,2026-07-27T05:04:00+07:00
498,853,car,2mobil,2mobil,Car / Sedan,2,Sedan / jeep / station wagon,2mobil,2,Line 2,normal,948.0909,20858,0.9304,51cbe36f-3fda-47ce-b171-25f02ffeeb3a,e2b5d1af-611f-418e-93d3-019b7b7ef4af,123,lembang,cikatomas pakidulan joszzz,,,973f2faa-6112-46fa-b6bf-4d49b6e745af,1_01_R_16082025020000.avi,2026-07-27T05:04:00+07:00
499,853,car,2mobil,2mobil,Car / Sedan,2,Sedan / jeep / station wagon,2mobil,1,Line 1,opposite,948.6818,20871,0.8997,51cbe36f-3fda-47ce-b171-25f02ffeeb3a,e2b5d1af-611f-418e-93d3-019b7b7ef4af,123,lembang,cikatomas pakidulan joszzz,,,973f2faa-6112-46fa-b6bf-4d49b6e745af,1_01_R_16082025020000.avi,2026-07-27T05:04:00+07:00
500,800166,motorcycle,1motor,1motor,Motorcycle,1,Motorcycle / 3-wheel vehicle,1motor,2,Line 2,normal,956.1818,21036,0.577,51cbe36f-3fda-47ce-b171-25f02ffeeb3a,e2b5d1af-611f-418e-93d3-019b7b7ef4af,123,lembang,cikatomas pakidulan joszzz,,,973f2faa-6112-46fa-b6bf-4d49b6e745af,1_01_R_16082025020000.avi,2026-07-27T05:04:00+07:00
501,864,motorcycle,1motor,1motor,Motorcycle,1,Motorcycle / 3-wheel vehicle,1motor,1,Line 1,opposite,959.5,21109,0.8157,51cbe36f-3fda-47ce-b171-25f02ffeeb3a,e2b5d1af-611f-418e-93d3-019b7b7ef4af,123,lembang,cikatomas pakidulan joszzz,,,973f2faa-6112-46fa-b6bf-4d49b6e745af,1_01_R_16082025020000.avi,2026-07-27T05:04:00+07:00
502,866,motorcycle,1motor,1motor,Motorcycle,1,Motorcycle / 3-wheel vehicle,1motor,2,Line 2,normal,962.5909,21177,0.8217,51cbe36f-3fda-47ce-b171-25f02ffeeb3a,e2b5d1af-611f-418e-93d3-019b7b7ef4af,123,lembang,cikatomas pakidulan joszzz,,,973f2faa-6112-46fa-b6bf-4d49b6e745af,1_01_R_16082025020000.avi,2026-07-27T05:04:00+07:00
503,866,motorcycle,1motor,1motor,Motorcycle,1,Motorcycle / 3-wheel vehicle,1motor,1,Line 1,opposite,963.4091,21195,0.8107,51cbe36f-3fda-47ce-b171-25f02ffeeb3a,e2b5d1af-611f-418e-93d3-019b7b7ef4af,123,lembang,cikatomas pakidulan joszzz,,,973f2faa-6112-46fa-b6bf-4d49b6e745af,1_01_R_16082025020000.avi,2026-07-27T05:04:00+07:00
504,867,motorcycle,1motor,1motor,Motorcycle,1,Motorcycle / 3-wheel vehicle,1motor,1,Line 1,normal,964.1364,21211,0.7977,51cbe36f-3fda-47ce-b171-25f02ffeeb3a,e2b5d1af-611f-418e-93d3-019b7b7ef4af,123,lembang,cikatomas pakidulan joszzz,,,973f2faa-6112-46fa-b6bf-4d49b6e745af,1_01_R_16082025020000.avi,2026-07-27T05:04:00+07:00
505,800168,motorcycle,1motor,1motor,Motorcycle,1,Motorcycle / 3-wheel vehicle,1motor,1,Line 1,normal,964.9091,21228,0.5244,51cbe36f-3fda-47ce-b171-25f02ffeeb3a,e2b5d1af-611f-418e-93d3-019b7b7ef4af,123,lembang,cikatomas pakidulan joszzz,,,973f2faa-6112-46fa-b6bf-4d49b6e745af,1_01_R_16082025020000.avi,2026-07-27T05:04:00+07:00
506,800168,motorcycle,1motor,1motor,Motorcycle,1,Motorcycle / 3-wheel vehicle,1motor,2,Line 2,opposite,965.0455,21231,0.4331,51cbe36f-3fda-47ce-b171-25f02ffeeb3a,e2b5d1af-611f-418e-93d3-019b7b7ef4af,123,lembang,cikatomas pakidulan joszzz,,,973f2faa-6112-46fa-b6bf-4d49b6e745af,1_01_R_16082025020000.avi,2026-07-27T05:04:00+07:00
507,800169,motorcycle,1motor,1motor,Motorcycle,1,Motorcycle / 3-wheel vehicle,1motor,1,Line 1,normal,969.8182,21336,0.4154,51cbe36f-3fda-47ce-b171-25f02ffeeb3a,e2b5d1af-611f-418e-93d3-019b7b7ef4af,123,lembang,cikatomas pakidulan joszzz,,,973f2faa-6112-46fa-b6bf-4d49b6e745af,1_01_R_16082025020000.avi,2026-07-27T05:04:00+07:00
508,800169,motorcycle,1motor,1motor,Motorcycle,1,Motorcycle / 3-wheel vehicle,1motor,2,Line 2,opposite,969.8182,21336,0.4154,51cbe36f-3fda-47ce-b171-25f02ffeeb3a,e2b5d1af-611f-418e-93d3-019b7b7ef4af,123,lembang,cikatomas pakidulan joszzz,,,973f2faa-6112-46fa-b6bf-4d49b6e745af,1_01_R_16082025020000.avi,2026-07-27T05:04:00+07:00
509,874,motorcycle,1motor,1motor,Motorcycle,1,Motorcycle / 3-wheel vehicle,1motor,2,Line 2,normal,970.7273,21356,0.8194,51cbe36f-3fda-47ce-b171-25f02ffeeb3a,e2b5d1af-611f-418e-93d3-019b7b7ef4af,123,lembang,cikatomas pakidulan joszzz,,,973f2faa-6112-46fa-b6bf-4d49b6e745af,1_01_R_16082025020000.avi,2026-07-27T05:04:00+07:00
510,874,motorcycle,1motor,1motor,Motorcycle,1,Motorcycle / 3-wheel vehicle,1motor,1,Line 1,opposite,972.0909,21386,0.8478,51cbe36f-3fda-47ce-b171-25f02ffeeb3a,e2b5d1af-611f-418e-93d3-019b7b7ef4af,123,lembang,cikatomas pakidulan joszzz,,,973f2faa-6112-46fa-b6bf-4d49b6e745af,1_01_R_16082025020000.avi,2026-07-27T05:04:00+07:00
511,876,truck,4pickupmicro,4PickupMicro,Pickup / Micro Truck,4,Pickup / micro truck / delivery,4PickupMicro,1,Line 1,normal,972.2273,21389,0.9036,51cbe36f-3fda-47ce-b171-25f02ffeeb3a,e2b5d1af-611f-418e-93d3-019b7b7ef4af,123,lembang,cikatomas pakidulan joszzz,,,973f2faa-6112-46fa-b6bf-4d49b6e745af,1_01_R_16082025020000.avi,2026-07-27T05:04:00+07:00
512,876,truck,4pickupmicro,4PickupMicro,Pickup / Micro Truck,4,Pickup / micro truck / delivery,4PickupMicro,2,Line 2,opposite,972.8636,21403,0.9199,51cbe36f-3fda-47ce-b171-25f02ffeeb3a,e2b5d1af-611f-418e-93d3-019b7b7ef4af,123,lembang,cikatomas pakidulan joszzz,,,973f2faa-6112-46fa-b6bf-4d49b6e745af,1_01_R_16082025020000.avi,2026-07-27T05:04:00+07:00
513,887,motorcycle,1motor,1motor,Motorcycle,1,Motorcycle / 3-wheel vehicle,1motor,1,Line 1,normal,974.0909,21430,0.8595,51cbe36f-3fda-47ce-b171-25f02ffeeb3a,e2b5d1af-611f-418e-93d3-019b7b7ef4af,123,lembang,cikatomas pakidulan joszzz,,,973f2faa-6112-46fa-b6bf-4d49b6e745af,1_01_R_16082025020000.avi,2026-07-27T05:04:00+07:00
514,883,car,2mobil,2mobil,Car / Sedan,2,Sedan / jeep / station wagon,2mobil,1,Line 1,normal,975.0455,21451,0.5293,51cbe36f-3fda-47ce-b171-25f02ffeeb3a,e2b5d1af-611f-418e-93d3-019b7b7ef4af,123,lembang,cikatomas pakidulan joszzz,,,973f2faa-6112-46fa-b6bf-4d49b6e745af,1_01_R_16082025020000.avi,2026-07-27T05:04:00+07:00
515,883,car,2mobil,2mobil,Car / Sedan,2,Sedan / jeep / station wagon,2mobil,2,Line 2,opposite,976.0455,21473,0.691,51cbe36f-3fda-47ce-b171-25f02ffeeb3a,e2b5d1af-611f-418e-93d3-019b7b7ef4af,123,lembang,cikatomas pakidulan joszzz,,,973f2faa-6112-46fa-b6bf-4d49b6e745af,1_01_R_16082025020000.avi,2026-07-27T05:04:00+07:00
516,900,car,2mobil,2mobil,Car / Sedan,2,Sedan / jeep / station wagon,2mobil,1,Line 1,normal,979.0455,21539,0.7631,51cbe36f-3fda-47ce-b171-25f02ffeeb3a,e2b5d1af-611f-418e-93d3-019b7b7ef4af,123,lembang,cikatomas pakidulan joszzz,,,973f2faa-6112-46fa-b6bf-4d49b6e745af,1_01_R_16082025020000.avi,2026-07-27T05:04:00+07:00
517,900,car,2mobil,2mobil,Car / Sedan,2,Sedan / jeep / station wagon,2mobil,2,Line 2,opposite,979.7273,21554,0.7316,51cbe36f-3fda-47ce-b171-25f02ffeeb3a,e2b5d1af-611f-418e-93d3-019b7b7ef4af,123,lembang,cikatomas pakidulan joszzz,,,973f2faa-6112-46fa-b6bf-4d49b6e745af,1_01_R_16082025020000.avi,2026-07-27T05:04:00+07:00
518,901,motorcycle,1motor,1motor,Motorcycle,1,Motorcycle / 3-wheel vehicle,1motor,1,Line 1,normal,980.0455,21561,0.8347,51cbe36f-3fda-47ce-b171-25f02ffeeb3a,e2b5d1af-611f-418e-93d3-019b7b7ef4af,123,lembang,cikatomas pakidulan joszzz,,,973f2faa-6112-46fa-b6bf-4d49b6e745af,1_01_R_16082025020000.avi,2026-07-27T05:04:00+07:00
519,800171,motorcycle,1motor,1motor,Motorcycle,1,Motorcycle / 3-wheel vehicle,1motor,1,Line 1,normal,980.7273,21576,0.3628,51cbe36f-3fda-47ce-b171-25f02ffeeb3a,e2b5d1af-611f-418e-93d3-019b7b7ef4af,123,lembang,cikatomas pakidulan joszzz,,,973f2faa-6112-46fa-b6bf-4d49b6e745af,1_01_R_16082025020000.avi,2026-07-27T05:04:00+07:00
520,905,car,2mobil,2mobil,Car / Sedan,2,Sedan / jeep / station wagon,2mobil,1,Line 1,normal,982.4091,21613,0.8813,51cbe36f-3fda-47ce-b171-25f02ffeeb3a,e2b5d1af-611f-418e-93d3-019b7b7ef4af,123,lembang,cikatomas pakidulan joszzz,,,973f2faa-6112-46fa-b6bf-4d49b6e745af,1_01_R_16082025020000.avi,2026-07-27T05:04:00+07:00
521,905,car,2mobil,2mobil,Car / Sedan,2,Sedan / jeep / station wagon,2mobil,2,Line 2,opposite,983.3636,21634,0.9204,51cbe36f-3fda-47ce-b171-25f02ffeeb3a,e2b5d1af-611f-418e-93d3-019b7b7ef4af,123,lembang,cikatomas pakidulan joszzz,,,973f2faa-6112-46fa-b6bf-4d49b6e745af,1_01_R_16082025020000.avi,2026-07-27T05:04:00+07:00
522,911,car,2mobil,2mobil,Car / Sedan,2,Sedan / jeep / station wagon,2mobil,1,Line 1,normal,986.9091,21712,0.807,51cbe36f-3fda-47ce-b171-25f02ffeeb3a,e2b5d1af-611f-418e-93d3-019b7b7ef4af,123,lembang,cikatomas pakidulan joszzz,,,973f2faa-6112-46fa-b6bf-4d49b6e745af,1_01_R_16082025020000.avi,2026-07-27T05:04:00+07:00
523,911,truck,4pickupmicro,4PickupMicro,Pickup / Micro Truck,4,Pickup / micro truck / delivery,4PickupMicro,2,Line 2,opposite,987.6364,21728,0.8551,51cbe36f-3fda-47ce-b171-25f02ffeeb3a,e2b5d1af-611f-418e-93d3-019b7b7ef4af,123,lembang,cikatomas pakidulan joszzz,,,973f2faa-6112-46fa-b6bf-4d49b6e745af,1_01_R_16082025020000.avi,2026-07-27T05:04:00+07:00
524,925,truck,4pickupmicro,4PickupMicro,Pickup / Micro Truck,4,Pickup / micro truck / delivery,4PickupMicro,1,Line 1,normal,991.6364,21816,0.5206,51cbe36f-3fda-47ce-b171-25f02ffeeb3a,e2b5d1af-611f-418e-93d3-019b7b7ef4af,123,lembang,cikatomas pakidulan joszzz,,,973f2faa-6112-46fa-b6bf-4d49b6e745af,1_01_R_16082025020000.avi,2026-07-27T05:04:00+07:00
525,925,truck,4pickupmicro,4PickupMicro,Pickup / Micro Truck,4,Pickup / micro truck / delivery,4PickupMicro,2,Line 2,opposite,992.3636,21832,0.7632,51cbe36f-3fda-47ce-b171-25f02ffeeb3a,e2b5d1af-611f-418e-93d3-019b7b7ef4af,123,lembang,cikatomas pakidulan joszzz,,,973f2faa-6112-46fa-b6bf-4d49b6e745af,1_01_R_16082025020000.avi,2026-07-27T05:04:00+07:00
526,935,car,2mobil,2mobil,Car / Sedan,2,Sedan / jeep / station wagon,2mobil,1,Line 1,normal,996.5909,21925,0.8874,51cbe36f-3fda-47ce-b171-25f02ffeeb3a,e2b5d1af-611f-418e-93d3-019b7b7ef4af,123,lembang,cikatomas pakidulan joszzz,,,973f2faa-6112-46fa-b6bf-4d49b6e745af,1_01_R_16082025020000.avi,2026-07-27T05:04:00+07:00
527,935,car,2mobil,2mobil,Car / Sedan,2,Sedan / jeep / station wagon,2mobil,2,Line 2,opposite,997.5,21945,0.9292,51cbe36f-3fda-47ce-b171-25f02ffeeb3a,e2b5d1af-611f-418e-93d3-019b7b7ef4af,123,lembang,cikatomas pakidulan joszzz,,,973f2faa-6112-46fa-b6bf-4d49b6e745af,1_01_R_16082025020000.avi,2026-07-27T05:04:00+07:00
528,936,motorcycle,1motor,1motor,Motorcycle,1,Motorcycle / 3-wheel vehicle,1motor,1,Line 1,normal,999.8636,21997,0.8149,51cbe36f-3fda-47ce-b171-25f02ffeeb3a,e2b5d1af-611f-418e-93d3-019b7b7ef4af,123,lembang,cikatomas pakidulan joszzz,,,973f2faa-6112-46fa-b6bf-4d49b6e745af,1_01_R_16082025020000.avi,2026-07-27T05:04:00+07:00
529,936,motorcycle,1motor,1motor,Motorcycle,1,Motorcycle / 3-wheel vehicle,1motor,2,Line 2,opposite,1000.6818,22015,0.6423,51cbe36f-3fda-47ce-b171-25f02ffeeb3a,e2b5d1af-611f-418e-93d3-019b7b7ef4af,123,lembang,cikatomas pakidulan joszzz,,,973f2faa-6112-46fa-b6bf-4d49b6e745af,1_01_R_16082025020000.avi,2026-07-27T05:04:00+07:00
530,946,motorcycle,1motor,1motor,Motorcycle,1,Motorcycle / 3-wheel vehicle,1motor,2,Line 2,normal,1002.5909,22057,0.7468,51cbe36f-3fda-47ce-b171-25f02ffeeb3a,e2b5d1af-611f-418e-93d3-019b7b7ef4af,123,lembang,cikatomas pakidulan joszzz,,,973f2faa-6112-46fa-b6bf-4d49b6e745af,1_01_R_16082025020000.avi,2026-07-27T05:04:00+07:00
531,946,motorcycle,1motor,1motor,Motorcycle,1,Motorcycle / 3-wheel vehicle,1motor,1,Line 1,opposite,1003.8182,22084,0.8109,51cbe36f-3fda-47ce-b171-25f02ffeeb3a,e2b5d1af-611f-418e-93d3-019b7b7ef4af,123,lembang,cikatomas pakidulan joszzz,,,973f2faa-6112-46fa-b6bf-4d49b6e745af,1_01_R_16082025020000.avi,2026-07-27T05:04:00+07:00
532,800173,motorcycle,1motor,1motor,Motorcycle,1,Motorcycle / 3-wheel vehicle,1motor,2,Line 2,normal,1003.9091,22086,0.3578,51cbe36f-3fda-47ce-b171-25f02ffeeb3a,e2b5d1af-611f-418e-93d3-019b7b7ef4af,123,lembang,cikatomas pakidulan joszzz,,,973f2faa-6112-46fa-b6bf-4d49b6e745af,1_01_R_16082025020000.avi,2026-07-27T05:04:00+07:00
533,950,motorcycle,1motor,1motor,Motorcycle,1,Motorcycle / 3-wheel vehicle,1motor,1,Line 1,normal,1005.5455,22122,0.8416,51cbe36f-3fda-47ce-b171-25f02ffeeb3a,e2b5d1af-611f-418e-93d3-019b7b7ef4af,123,lembang,cikatomas pakidulan joszzz,,,973f2faa-6112-46fa-b6bf-4d49b6e745af,1_01_R_16082025020000.avi,2026-07-27T05:04:00+07:00
534,800174,motorcycle,1motor,1motor,Motorcycle,1,Motorcycle / 3-wheel vehicle,1motor,1,Line 1,normal,1005.8182,22128,0.4748,51cbe36f-3fda-47ce-b171-25f02ffeeb3a,e2b5d1af-611f-418e-93d3-019b7b7ef4af,123,lembang,cikatomas pakidulan joszzz,,,973f2faa-6112-46fa-b6bf-4d49b6e745af,1_01_R_16082025020000.avi,2026-07-27T05:04:00+07:00
535,966,motorcycle,1motor,1motor,Motorcycle,1,Motorcycle / 3-wheel vehicle,1motor,1,Line 1,opposite,1024.6364,22542,0.7914,51cbe36f-3fda-47ce-b171-25f02ffeeb3a,e2b5d1af-611f-418e-93d3-019b7b7ef4af,123,lembang,cikatomas pakidulan joszzz,,,973f2faa-6112-46fa-b6bf-4d49b6e745af,1_01_R_16082025020000.avi,2026-07-27T05:04:00+07:00
536,967,car,2mobil,2mobil,Car / Sedan,2,Sedan / jeep / station wagon,2mobil,1,Line 1,normal,1030.0909,22662,0.4933,51cbe36f-3fda-47ce-b171-25f02ffeeb3a,e2b5d1af-611f-418e-93d3-019b7b7ef4af,123,lembang,cikatomas pakidulan joszzz,,,973f2faa-6112-46fa-b6bf-4d49b6e745af,1_01_R_16082025020000.avi,2026-07-27T05:04:00+07:00
537,967,car,2mobil,2mobil,Car / Sedan,2,Sedan / jeep / station wagon,2mobil,2,Line 2,opposite,1030.6364,22674,0.8748,51cbe36f-3fda-47ce-b171-25f02ffeeb3a,e2b5d1af-611f-418e-93d3-019b7b7ef4af,123,lembang,cikatomas pakidulan joszzz,,,973f2faa-6112-46fa-b6bf-4d49b6e745af,1_01_R_16082025020000.avi,2026-07-27T05:04:00+07:00
538,974,motorcycle,1motor,1motor,Motorcycle,1,Motorcycle / 3-wheel vehicle,1motor,1,Line 1,normal,1031.2273,22687,0.8056,51cbe36f-3fda-47ce-b171-25f02ffeeb3a,e2b5d1af-611f-418e-93d3-019b7b7ef4af,123,lembang,cikatomas pakidulan joszzz,,,973f2faa-6112-46fa-b6bf-4d49b6e745af,1_01_R_16082025020000.avi,2026-07-27T05:04:00+07:00
539,984,car,3ang_umum,3ang_umum,Public Transportation (Angkot),3,Medium passenger vehicle,3Ang_umum,2,Line 2,normal,1035.8182,22788,0.8996,51cbe36f-3fda-47ce-b171-25f02ffeeb3a,e2b5d1af-611f-418e-93d3-019b7b7ef4af,123,lembang,cikatomas pakidulan joszzz,,,973f2faa-6112-46fa-b6bf-4d49b6e745af,1_01_R_16082025020000.avi,2026-07-27T05:04:00+07:00
540,983,motorcycle,1motor,1motor,Motorcycle,1,Motorcycle / 3-wheel vehicle,1motor,1,Line 1,normal,1036.0455,22793,0.7211,51cbe36f-3fda-47ce-b171-25f02ffeeb3a,e2b5d1af-611f-418e-93d3-019b7b7ef4af,123,lembang,cikatomas pakidulan joszzz,,,973f2faa-6112-46fa-b6bf-4d49b6e745af,1_01_R_16082025020000.avi,2026-07-27T05:04:00+07:00
541,984,car,3ang_umum,3ang_umum,Public Transportation (Angkot),3,Medium passenger vehicle,3Ang_umum,1,Line 1,opposite,1036.4545,22802,0.9154,51cbe36f-3fda-47ce-b171-25f02ffeeb3a,e2b5d1af-611f-418e-93d3-019b7b7ef4af,123,lembang,cikatomas pakidulan joszzz,,,973f2faa-6112-46fa-b6bf-4d49b6e745af,1_01_R_16082025020000.avi,2026-07-27T05:04:00+07:00
542,983,motorcycle,1motor,1motor,Motorcycle,1,Motorcycle / 3-wheel vehicle,1motor,2,Line 2,opposite,1036.6818,22807,0.8313,51cbe36f-3fda-47ce-b171-25f02ffeeb3a,e2b5d1af-611f-418e-93d3-019b7b7ef4af,123,lembang,cikatomas pakidulan joszzz,,,973f2faa-6112-46fa-b6bf-4d49b6e745af,1_01_R_16082025020000.avi,2026-07-27T05:04:00+07:00
543,986,car,2mobil,2mobil,Car / Sedan,2,Sedan / jeep / station wagon,2mobil,2,Line 2,normal,1037.0909,22816,0.9199,51cbe36f-3fda-47ce-b171-25f02ffeeb3a,e2b5d1af-611f-418e-93d3-019b7b7ef4af,123,lembang,cikatomas pakidulan joszzz,,,973f2faa-6112-46fa-b6bf-4d49b6e745af,1_01_R_16082025020000.avi,2026-07-27T05:04:00+07:00
544,986,car,2mobil,2mobil,Car / Sedan,2,Sedan / jeep / station wagon,2mobil,1,Line 1,opposite,1038.0455,22837,0.897,51cbe36f-3fda-47ce-b171-25f02ffeeb3a,e2b5d1af-611f-418e-93d3-019b7b7ef4af,123,lembang,cikatomas pakidulan joszzz,,,973f2faa-6112-46fa-b6bf-4d49b6e745af,1_01_R_16082025020000.avi,2026-07-27T05:04:00+07:00
545,800178,motorcycle,1motor,1motor,Motorcycle,1,Motorcycle / 3-wheel vehicle,1motor,2,Line 2,normal,1040.3182,22887,0.5355,51cbe36f-3fda-47ce-b171-25f02ffeeb3a,e2b5d1af-611f-418e-93d3-019b7b7ef4af,123,lembang,cikatomas pakidulan joszzz,,,973f2faa-6112-46fa-b6bf-4d49b6e745af,1_01_R_16082025020000.avi,2026-07-27T05:04:00+07:00
546,992,motorcycle,1motor,1motor,Motorcycle,1,Motorcycle / 3-wheel vehicle,1motor,1,Line 1,opposite,1040.5455,22892,0.6706,51cbe36f-3fda-47ce-b171-25f02ffeeb3a,e2b5d1af-611f-418e-93d3-019b7b7ef4af,123,lembang,cikatomas pakidulan joszzz,,,973f2faa-6112-46fa-b6bf-4d49b6e745af,1_01_R_16082025020000.avi,2026-07-27T05:04:00+07:00
547,800178,motorcycle,1motor,1motor,Motorcycle,1,Motorcycle / 3-wheel vehicle,1motor,1,Line 1,opposite,1041.8182,22920,0.3441,51cbe36f-3fda-47ce-b171-25f02ffeeb3a,e2b5d1af-611f-418e-93d3-019b7b7ef4af,123,lembang,cikatomas pakidulan joszzz,,,973f2faa-6112-46fa-b6bf-4d49b6e745af,1_01_R_16082025020000.avi,2026-07-27T05:04:00+07:00
548,995,motorcycle,1motor,1motor,Motorcycle,1,Motorcycle / 3-wheel vehicle,1motor,1,Line 1,normal,1045.5455,23002,0.8136,51cbe36f-3fda-47ce-b171-25f02ffeeb3a,e2b5d1af-611f-418e-93d3-019b7b7ef4af,123,lembang,cikatomas pakidulan joszzz,,,973f2faa-6112-46fa-b6bf-4d49b6e745af,1_01_R_16082025020000.avi,2026-07-27T05:04:00+07:00
549,996,motorcycle,1motor,1motor,Motorcycle,1,Motorcycle / 3-wheel vehicle,1motor,1,Line 1,normal,1046.6364,23026,0.8351,51cbe36f-3fda-47ce-b171-25f02ffeeb3a,e2b5d1af-611f-418e-93d3-019b7b7ef4af,123,lembang,cikatomas pakidulan joszzz,,,973f2faa-6112-46fa-b6bf-4d49b6e745af,1_01_R_16082025020000.avi,2026-07-27T05:04:00+07:00
550,996,motorcycle,1motor,1motor,Motorcycle,1,Motorcycle / 3-wheel vehicle,1motor,2,Line 2,opposite,1047.5455,23046,0.7681,51cbe36f-3fda-47ce-b171-25f02ffeeb3a,e2b5d1af-611f-418e-93d3-019b7b7ef4af,123,lembang,cikatomas pakidulan joszzz,,,973f2faa-6112-46fa-b6bf-4d49b6e745af,1_01_R_16082025020000.avi,2026-07-27T05:04:00+07:00
551,997,car,2mobil,2mobil,Car / Sedan,2,Sedan / jeep / station wagon,2mobil,1,Line 1,normal,1047.9545,23055,0.5738,51cbe36f-3fda-47ce-b171-25f02ffeeb3a,e2b5d1af-611f-418e-93d3-019b7b7ef4af,123,lembang,cikatomas pakidulan joszzz,,,973f2faa-6112-46fa-b6bf-4d49b6e745af,1_01_R_16082025020000.avi,2026-07-27T05:04:00+07:00
552,1001,truck,4pickupmicro,4PickupMicro,Pickup / Micro Truck,4,Pickup / micro truck / delivery,4PickupMicro,2,Line 2,opposite,1048.5,23067,0.904,51cbe36f-3fda-47ce-b171-25f02ffeeb3a,e2b5d1af-611f-418e-93d3-019b7b7ef4af,123,lembang,cikatomas pakidulan joszzz,,,973f2faa-6112-46fa-b6bf-4d49b6e745af,1_01_R_16082025020000.avi,2026-07-27T05:04:00+07:00
553,1011,motorcycle,1motor,1motor,Motorcycle,1,Motorcycle / 3-wheel vehicle,1motor,1,Line 1,opposite,1052.5455,23156,0.806,51cbe36f-3fda-47ce-b171-25f02ffeeb3a,e2b5d1af-611f-418e-93d3-019b7b7ef4af,123,lembang,cikatomas pakidulan joszzz,,,973f2faa-6112-46fa-b6bf-4d49b6e745af,1_01_R_16082025020000.avi,2026-07-27T05:04:00+07:00
554,800179,motorcycle,1motor,1motor,Motorcycle,1,Motorcycle / 3-wheel vehicle,1motor,2,Line 2,normal,1052.8636,23163,0.4268,51cbe36f-3fda-47ce-b171-25f02ffeeb3a,e2b5d1af-611f-418e-93d3-019b7b7ef4af,123,lembang,cikatomas pakidulan joszzz,,,973f2faa-6112-46fa-b6bf-4d49b6e745af,1_01_R_16082025020000.avi,2026-07-27T05:04:00+07:00
555,1012,car,2mobil,2mobil,Car / Sedan,2,Sedan / jeep / station wagon,2mobil,2,Line 2,normal,1055.0909,23212,0.9264,51cbe36f-3fda-47ce-b171-25f02ffeeb3a,e2b5d1af-611f-418e-93d3-019b7b7ef4af,123,lembang,cikatomas pakidulan joszzz,,,973f2faa-6112-46fa-b6bf-4d49b6e745af,1_01_R_16082025020000.avi,2026-07-27T05:04:00+07:00
556,1012,car,2mobil,2mobil,Car / Sedan,2,Sedan / jeep / station wagon,2mobil,1,Line 1,opposite,1055.5,23221,0.896,51cbe36f-3fda-47ce-b171-25f02ffeeb3a,e2b5d1af-611f-418e-93d3-019b7b7ef4af,123,lembang,cikatomas pakidulan joszzz,,,973f2faa-6112-46fa-b6bf-4d49b6e745af,1_01_R_16082025020000.avi,2026-07-27T05:04:00+07:00
557,1014,car,2mobil,2mobil,Car / Sedan,2,Sedan / jeep / station wagon,2mobil,1,Line 1,normal,1060.8636,23339,0.897,51cbe36f-3fda-47ce-b171-25f02ffeeb3a,e2b5d1af-611f-418e-93d3-019b7b7ef4af,123,lembang,cikatomas pakidulan joszzz,,,973f2faa-6112-46fa-b6bf-4d49b6e745af,1_01_R_16082025020000.avi,2026-07-27T05:04:00+07:00
558,1014,car,2mobil,2mobil,Car / Sedan,2,Sedan / jeep / station wagon,2mobil,2,Line 2,opposite,1062.1364,23367,0.9236,51cbe36f-3fda-47ce-b171-25f02ffeeb3a,e2b5d1af-611f-418e-93d3-019b7b7ef4af,123,lembang,cikatomas pakidulan joszzz,,,973f2faa-6112-46fa-b6bf-4d49b6e745af,1_01_R_16082025020000.avi,2026-07-27T05:04:00+07:00
559,1022,motorcycle,1motor,1motor,Motorcycle,1,Motorcycle / 3-wheel vehicle,1motor,2,Line 2,normal,1070.2727,23546,0.7475,51cbe36f-3fda-47ce-b171-25f02ffeeb3a,e2b5d1af-611f-418e-93d3-019b7b7ef4af,123,lembang,cikatomas pakidulan joszzz,,,973f2faa-6112-46fa-b6bf-4d49b6e745af,1_01_R_16082025020000.avi,2026-07-27T05:04:00+07:00
560,800181,motorcycle,1motor,1motor,Motorcycle,1,Motorcycle / 3-wheel vehicle,1motor,2,Line 2,normal,1070.3182,23547,0.7661,51cbe36f-3fda-47ce-b171-25f02ffeeb3a,e2b5d1af-611f-418e-93d3-019b7b7ef4af,123,lembang,cikatomas pakidulan joszzz,,,973f2faa-6112-46fa-b6bf-4d49b6e745af,1_01_R_16082025020000.avi,2026-07-27T05:04:00+07:00
561,1021,motorcycle,1motor,1motor,Motorcycle,1,Motorcycle / 3-wheel vehicle,1motor,1,Line 1,normal,1070.6818,23555,0.8413,51cbe36f-3fda-47ce-b171-25f02ffeeb3a,e2b5d1af-611f-418e-93d3-019b7b7ef4af,123,lembang,cikatomas pakidulan joszzz,,,973f2faa-6112-46fa-b6bf-4d49b6e745af,1_01_R_16082025020000.avi,2026-07-27T05:04:00+07:00
562,1027,motorcycle,1motor,1motor,Motorcycle,1,Motorcycle / 3-wheel vehicle,1motor,1,Line 1,opposite,1070.8182,23558,0.7609,51cbe36f-3fda-47ce-b171-25f02ffeeb3a,e2b5d1af-611f-418e-93d3-019b7b7ef4af,123,lembang,cikatomas pakidulan joszzz,,,973f2faa-6112-46fa-b6bf-4d49b6e745af,1_01_R_16082025020000.avi,2026-07-27T05:04:00+07:00
563,1021,motorcycle,1motor,1motor,Motorcycle,1,Motorcycle / 3-wheel vehicle,1motor,2,Line 2,opposite,1071.2273,23567,0.732,51cbe36f-3fda-47ce-b171-25f02ffeeb3a,e2b5d1af-611f-418e-93d3-019b7b7ef4af,123,lembang,cikatomas pakidulan joszzz,,,973f2faa-6112-46fa-b6bf-4d49b6e745af,1_01_R_16082025020000.avi,2026-07-27T05:04:00+07:00
564,1022,motorcycle,1motor,1motor,Motorcycle,1,Motorcycle / 3-wheel vehicle,1motor,1,Line 1,opposite,1071.2273,23567,0.6067,51cbe36f-3fda-47ce-b171-25f02ffeeb3a,e2b5d1af-611f-418e-93d3-019b7b7ef4af,123,lembang,cikatomas pakidulan joszzz,,,973f2faa-6112-46fa-b6bf-4d49b6e745af,1_01_R_16082025020000.avi,2026-07-27T05:04:00+07:00
565,1026,motorcycle,1motor,1motor,Motorcycle,1,Motorcycle / 3-wheel vehicle,1motor,1,Line 1,opposite,1071.8182,23580,0.8522,51cbe36f-3fda-47ce-b171-25f02ffeeb3a,e2b5d1af-611f-418e-93d3-019b7b7ef4af,123,lembang,cikatomas pakidulan joszzz,,,973f2faa-6112-46fa-b6bf-4d49b6e745af,1_01_R_16082025020000.avi,2026-07-27T05:04:00+07:00
566,1031,motorcycle,1motor,1motor,Motorcycle,1,Motorcycle / 3-wheel vehicle,1motor,2,Line 2,normal,1072.4545,23594,0.7654,51cbe36f-3fda-47ce-b171-25f02ffeeb3a,e2b5d1af-611f-418e-93d3-019b7b7ef4af,123,lembang,cikatomas pakidulan joszzz,,,973f2faa-6112-46fa-b6bf-4d49b6e745af,1_01_R_16082025020000.avi,2026-07-27T05:04:00+07:00
567,1031,motorcycle,1motor,1motor,Motorcycle,1,Motorcycle / 3-wheel vehicle,1motor,1,Line 1,opposite,1073.1364,23609,0.804,51cbe36f-3fda-47ce-b171-25f02ffeeb3a,e2b5d1af-611f-418e-93d3-019b7b7ef4af,123,lembang,cikatomas pakidulan joszzz,,,973f2faa-6112-46fa-b6bf-4d49b6e745af,1_01_R_16082025020000.avi,2026-07-27T05:04:00+07:00
568,1043,car,2mobil,2mobil,Car / Sedan,2,Sedan / jeep / station wagon,2mobil,1,Line 1,normal,1091.2273,24007,0.8943,51cbe36f-3fda-47ce-b171-25f02ffeeb3a,e2b5d1af-611f-418e-93d3-019b7b7ef4af,123,lembang,cikatomas pakidulan joszzz,,,973f2faa-6112-46fa-b6bf-4d49b6e745af,1_01_R_16082025020000.avi,2026-07-27T05:04:00+07:00
569,1043,car,2mobil,2mobil,Car / Sedan,2,Sedan / jeep / station wagon,2mobil,2,Line 2,opposite,1092.0455,24025,0.9216,51cbe36f-3fda-47ce-b171-25f02ffeeb3a,e2b5d1af-611f-418e-93d3-019b7b7ef4af,123,lembang,cikatomas pakidulan joszzz,,,973f2faa-6112-46fa-b6bf-4d49b6e745af,1_01_R_16082025020000.avi,2026-07-27T05:04:00+07:00
570,1044,car,2mobil,2mobil,Car / Sedan,2,Sedan / jeep / station wagon,2mobil,1,Line 1,normal,1092.0455,24025,0.7002,51cbe36f-3fda-47ce-b171-25f02ffeeb3a,e2b5d1af-611f-418e-93d3-019b7b7ef4af,123,lembang,cikatomas pakidulan joszzz,,,973f2faa-6112-46fa-b6bf-4d49b6e745af,1_01_R_16082025020000.avi,2026-07-27T05:04:00+07:00
571,1044,car,2mobil,2mobil,Car / Sedan,2,Sedan / jeep / station wagon,2mobil,2,Line 2,opposite,1092.5455,24036,0.6017,51cbe36f-3fda-47ce-b171-25f02ffeeb3a,e2b5d1af-611f-418e-93d3-019b7b7ef4af,123,lembang,cikatomas pakidulan joszzz,,,973f2faa-6112-46fa-b6bf-4d49b6e745af,1_01_R_16082025020000.avi,2026-07-27T05:04:00+07:00
572,1046,motorcycle,1motor,1motor,Motorcycle,1,Motorcycle / 3-wheel vehicle,1motor,1,Line 1,normal,1092.7273,24040,0.6443,51cbe36f-3fda-47ce-b171-25f02ffeeb3a,e2b5d1af-611f-418e-93d3-019b7b7ef4af,123,lembang,cikatomas pakidulan joszzz,,,973f2faa-6112-46fa-b6bf-4d49b6e745af,1_01_R_16082025020000.avi,2026-07-27T05:04:00+07:00
573,1046,motorcycle,1motor,1motor,Motorcycle,1,Motorcycle / 3-wheel vehicle,1motor,2,Line 2,opposite,1093.3182,24053,0.8686,51cbe36f-3fda-47ce-b171-25f02ffeeb3a,e2b5d1af-611f-418e-93d3-019b7b7ef4af,123,lembang,cikatomas pakidulan joszzz,,,973f2faa-6112-46fa-b6bf-4d49b6e745af,1_01_R_16082025020000.avi,2026-07-27T05:04:00+07:00
574,1051,car,2mobil,2mobil,Car / Sedan,2,Sedan / jeep / station wagon,2mobil,1,Line 1,normal,1103.5909,24279,0.6363,51cbe36f-3fda-47ce-b171-25f02ffeeb3a,e2b5d1af-611f-418e-93d3-019b7b7ef4af,123,lembang,cikatomas pakidulan joszzz,,,973f2faa-6112-46fa-b6bf-4d49b6e745af,1_01_R_16082025020000.avi,2026-07-27T05:04:00+07:00
575,1051,car,2mobil,2mobil,Car / Sedan,2,Sedan / jeep / station wagon,2mobil,2,Line 2,opposite,1104.0455,24289,0.7896,51cbe36f-3fda-47ce-b171-25f02ffeeb3a,e2b5d1af-611f-418e-93d3-019b7b7ef4af,123,lembang,cikatomas pakidulan joszzz,,,973f2faa-6112-46fa-b6bf-4d49b6e745af,1_01_R_16082025020000.avi,2026-07-27T05:04:00+07:00
576,1054,car,2mobil,2mobil,Car / Sedan,2,Sedan / jeep / station wagon,2mobil,2,Line 2,normal,1116.4091,24561,0.8797,51cbe36f-3fda-47ce-b171-25f02ffeeb3a,e2b5d1af-611f-418e-93d3-019b7b7ef4af,123,lembang,cikatomas pakidulan joszzz,,,973f2faa-6112-46fa-b6bf-4d49b6e745af,1_01_R_16082025020000.avi,2026-07-27T05:04:00+07:00
577,1054,car,2mobil,2mobil,Car / Sedan,2,Sedan / jeep / station wagon,2mobil,1,Line 1,opposite,1116.8636,24571,0.8961,51cbe36f-3fda-47ce-b171-25f02ffeeb3a,e2b5d1af-611f-418e-93d3-019b7b7ef4af,123,lembang,cikatomas pakidulan joszzz,,,973f2faa-6112-46fa-b6bf-4d49b6e745af,1_01_R_16082025020000.avi,2026-07-27T05:04:00+07:00
578,1058,car,2mobil,2mobil,Car / Sedan,2,Sedan / jeep / station wagon,2mobil,2,Line 2,normal,1119.4545,24628,0.9251,51cbe36f-3fda-47ce-b171-25f02ffeeb3a,e2b5d1af-611f-418e-93d3-019b7b7ef4af,123,lembang,cikatomas pakidulan joszzz,,,973f2faa-6112-46fa-b6bf-4d49b6e745af,1_01_R_16082025020000.avi,2026-07-27T05:04:00+07:00
579,1058,car,2mobil,2mobil,Car / Sedan,2,Sedan / jeep / station wagon,2mobil,1,Line 1,opposite,1119.9545,24639,0.8948,51cbe36f-3fda-47ce-b171-25f02ffeeb3a,e2b5d1af-611f-418e-93d3-019b7b7ef4af,123,lembang,cikatomas pakidulan joszzz,,,973f2faa-6112-46fa-b6bf-4d49b6e745af,1_01_R_16082025020000.avi,2026-07-27T05:04:00+07:00
580,1057,truck,4pickupmicro,4PickupMicro,Pickup / Micro Truck,4,Pickup / micro truck / delivery,4PickupMicro,1,Line 1,normal,1120.7727,24657,0.845,51cbe36f-3fda-47ce-b171-25f02ffeeb3a,e2b5d1af-611f-418e-93d3-019b7b7ef4af,123,lembang,cikatomas pakidulan joszzz,,,973f2faa-6112-46fa-b6bf-4d49b6e745af,1_01_R_16082025020000.avi,2026-07-27T05:04:00+07:00
581,1062,car,2mobil,2mobil,Car / Sedan,2,Sedan / jeep / station wagon,2mobil,2,Line 2,normal,1121.3636,24670,0.925,51cbe36f-3fda-47ce-b171-25f02ffeeb3a,e2b5d1af-611f-418e-93d3-019b7b7ef4af,123,lembang,cikatomas pakidulan joszzz,,,973f2faa-6112-46fa-b6bf-4d49b6e745af,1_01_R_16082025020000.avi,2026-07-27T05:04:00+07:00
582,1057,truck,4pickupmicro,4PickupMicro,Pickup / Micro Truck,4,Pickup / micro truck / delivery,4PickupMicro,2,Line 2,opposite,1121.4545,24672,0.9039,51cbe36f-3fda-47ce-b171-25f02ffeeb3a,e2b5d1af-611f-418e-93d3-019b7b7ef4af,123,lembang,cikatomas pakidulan joszzz,,,973f2faa-6112-46fa-b6bf-4d49b6e745af,1_01_R_16082025020000.avi,2026-07-27T05:04:00+07:00
583,1062,car,2mobil,2mobil,Car / Sedan,2,Sedan / jeep / station wagon,2mobil,1,Line 1,opposite,1121.8636,24681,0.8901,51cbe36f-3fda-47ce-b171-25f02ffeeb3a,e2b5d1af-611f-418e-93d3-019b7b7ef4af,123,lembang,cikatomas pakidulan joszzz,,,973f2faa-6112-46fa-b6bf-4d49b6e745af,1_01_R_16082025020000.avi,2026-07-27T05:04:00+07:00
584,1070,motorcycle,1motor,1motor,Motorcycle,1,Motorcycle / 3-wheel vehicle,1motor,2,Line 2,normal,1123.4091,24715,0.7875,51cbe36f-3fda-47ce-b171-25f02ffeeb3a,e2b5d1af-611f-418e-93d3-019b7b7ef4af,123,lembang,cikatomas pakidulan joszzz,,,973f2faa-6112-46fa-b6bf-4d49b6e745af,1_01_R_16082025020000.avi,2026-07-27T05:04:00+07:00
585,1070,motorcycle,1motor,1motor,Motorcycle,1,Motorcycle / 3-wheel vehicle,1motor,1,Line 1,opposite,1124.0,24728,0.8254,51cbe36f-3fda-47ce-b171-25f02ffeeb3a,e2b5d1af-611f-418e-93d3-019b7b7ef4af,123,lembang,cikatomas pakidulan joszzz,,,973f2faa-6112-46fa-b6bf-4d49b6e745af,1_01_R_16082025020000.avi,2026-07-27T05:04:00+07:00
586,1071,motorcycle,1motor,1motor,Motorcycle,1,Motorcycle / 3-wheel vehicle,1motor,1,Line 1,normal,1138.4091,25045,0.8456,51cbe36f-3fda-47ce-b171-25f02ffeeb3a,e2b5d1af-611f-418e-93d3-019b7b7ef4af,123,lembang,cikatomas pakidulan joszzz,,,973f2faa-6112-46fa-b6bf-4d49b6e745af,1_01_R_16082025020000.avi,2026-07-27T05:04:00+07:00
587,1072,car,2mobil,2mobil,Car / Sedan,2,Sedan / jeep / station wagon,2mobil,2,Line 2,normal,1138.5455,25048,0.9076,51cbe36f-3fda-47ce-b171-25f02ffeeb3a,e2b5d1af-611f-418e-93d3-019b7b7ef4af,123,lembang,cikatomas pakidulan joszzz,,,973f2faa-6112-46fa-b6bf-4d49b6e745af,1_01_R_16082025020000.avi,2026-07-27T05:04:00+07:00
588,1072,car,2mobil,2mobil,Car / Sedan,2,Sedan / jeep / station wagon,2mobil,1,Line 1,opposite,1139.1818,25062,0.8549,51cbe36f-3fda-47ce-b171-25f02ffeeb3a,e2b5d1af-611f-418e-93d3-019b7b7ef4af,123,lembang,cikatomas pakidulan joszzz,,,973f2faa-6112-46fa-b6bf-4d49b6e745af,1_01_R_16082025020000.avi,2026-07-27T05:04:00+07:00
589,800185,motorcycle,1motor,1motor,Motorcycle,1,Motorcycle / 3-wheel vehicle,1motor,1,Line 1,opposite,1139.1818,25062,0.3727,51cbe36f-3fda-47ce-b171-25f02ffeeb3a,e2b5d1af-611f-418e-93d3-019b7b7ef4af,123,lembang,cikatomas pakidulan joszzz,,,973f2faa-6112-46fa-b6bf-4d49b6e745af,1_01_R_16082025020000.avi,2026-07-27T05:04:00+07:00
590,1071,motorcycle,1motor,1motor,Motorcycle,1,Motorcycle / 3-wheel vehicle,1motor,2,Line 2,opposite,1139.5,25069,0.8552,51cbe36f-3fda-47ce-b171-25f02ffeeb3a,e2b5d1af-611f-418e-93d3-019b7b7ef4af,123,lembang,cikatomas pakidulan joszzz,,,973f2faa-6112-46fa-b6bf-4d49b6e745af,1_01_R_16082025020000.avi,2026-07-27T05:04:00+07:00
591,1073,truck,4pickupmicro,4PickupMicro,Pickup / Micro Truck,4,Pickup / micro truck / delivery,4PickupMicro,1,Line 1,normal,1143.6818,25161,0.5089,51cbe36f-3fda-47ce-b171-25f02ffeeb3a,e2b5d1af-611f-418e-93d3-019b7b7ef4af,123,lembang,cikatomas pakidulan joszzz,,,973f2faa-6112-46fa-b6bf-4d49b6e745af,1_01_R_16082025020000.avi,2026-07-27T05:04:00+07:00
592,1073,car,3ang_umum,3ang_umum,Public Transportation (Angkot),3,Medium passenger vehicle,3Ang_umum,2,Line 2,opposite,1144.5455,25180,0.8548,51cbe36f-3fda-47ce-b171-25f02ffeeb3a,e2b5d1af-611f-418e-93d3-019b7b7ef4af,123,lembang,cikatomas pakidulan joszzz,,,973f2faa-6112-46fa-b6bf-4d49b6e745af,1_01_R_16082025020000.avi,2026-07-27T05:04:00+07:00
593,1093,car,2mobil,2mobil,Car / Sedan,2,Sedan / jeep / station wagon,2mobil,2,Line 2,normal,1156.9091,25452,0.8988,51cbe36f-3fda-47ce-b171-25f02ffeeb3a,e2b5d1af-611f-418e-93d3-019b7b7ef4af,123,lembang,cikatomas pakidulan joszzz,,,973f2faa-6112-46fa-b6bf-4d49b6e745af,1_01_R_16082025020000.avi,2026-07-27T05:04:00+07:00
594,1093,car,2mobil,2mobil,Car / Sedan,2,Sedan / jeep / station wagon,2mobil,1,Line 1,opposite,1157.5909,25467,0.8851,51cbe36f-3fda-47ce-b171-25f02ffeeb3a,e2b5d1af-611f-418e-93d3-019b7b7ef4af,123,lembang,cikatomas pakidulan joszzz,,,973f2faa-6112-46fa-b6bf-4d49b6e745af,1_01_R_16082025020000.avi,2026-07-27T05:04:00+07:00
595,1098,motorcycle,1motor,1motor,Motorcycle,1,Motorcycle / 3-wheel vehicle,1motor,1,Line 1,opposite,1165.0455,25631,0.7763,51cbe36f-3fda-47ce-b171-25f02ffeeb3a,e2b5d1af-611f-418e-93d3-019b7b7ef4af,123,lembang,cikatomas pakidulan joszzz,,,973f2faa-6112-46fa-b6bf-4d49b6e745af,1_01_R_16082025020000.avi,2026-07-27T05:04:00+07:00
596,1100,motorcycle,1motor,1motor,Motorcycle,1,Motorcycle / 3-wheel vehicle,1motor,1,Line 1,normal,1176.7727,25889,0.8101,51cbe36f-3fda-47ce-b171-25f02ffeeb3a,e2b5d1af-611f-418e-93d3-019b7b7ef4af,123,lembang,cikatomas pakidulan joszzz,,,973f2faa-6112-46fa-b6bf-4d49b6e745af,1_01_R_16082025020000.avi,2026-07-27T05:04:00+07:00
597,1100,motorcycle,1motor,1motor,Motorcycle,1,Motorcycle / 3-wheel vehicle,1motor,2,Line 2,opposite,1177.6364,25908,0.6955,51cbe36f-3fda-47ce-b171-25f02ffeeb3a,e2b5d1af-611f-418e-93d3-019b7b7ef4af,123,lembang,cikatomas pakidulan joszzz,,,973f2faa-6112-46fa-b6bf-4d49b6e745af,1_01_R_16082025020000.avi,2026-07-27T05:04:00+07:00
598,800188,motorcycle,1motor,1motor,Motorcycle,1,Motorcycle / 3-wheel vehicle,1motor,1,Line 1,normal,1177.7727,25911,0.6763,51cbe36f-3fda-47ce-b171-25f02ffeeb3a,e2b5d1af-611f-418e-93d3-019b7b7ef4af,123,lembang,cikatomas pakidulan joszzz,,,973f2faa-6112-46fa-b6bf-4d49b6e745af,1_01_R_16082025020000.avi,2026-07-27T05:04:00+07:00
599,1101,car,2mobil,2mobil,Car / Sedan,2,Sedan / jeep / station wagon,2mobil,1,Line 1,normal,1194.2727,26274,0.5306,51cbe36f-3fda-47ce-b171-25f02ffeeb3a,e2b5d1af-611f-418e-93d3-019b7b7ef4af,123,lembang,cikatomas pakidulan joszzz,,,973f2faa-6112-46fa-b6bf-4d49b6e745af,1_01_R_16082025020000.avi,2026-07-27T05:04:00+07:00
600,800189,motorcycle,1motor,1motor,Motorcycle,1,Motorcycle / 3-wheel vehicle,1motor,1,Line 1,normal,1194.4091,26277,0.225,51cbe36f-3fda-47ce-b171-25f02ffeeb3a,e2b5d1af-611f-418e-93d3-019b7b7ef4af,123,lembang,cikatomas pakidulan joszzz,,,973f2faa-6112-46fa-b6bf-4d49b6e745af,1_01_R_16082025020000.avi,2026-07-27T05:04:00+07:00
601,1101,car,2mobil,2mobil,Car / Sedan,2,Sedan / jeep / station wagon,2mobil,2,Line 2,opposite,1194.8636,26287,0.5737,51cbe36f-3fda-47ce-b171-25f02ffeeb3a,e2b5d1af-611f-418e-93d3-019b7b7ef4af,123,lembang,cikatomas pakidulan joszzz,,,973f2faa-6112-46fa-b6bf-4d49b6e745af,1_01_R_16082025020000.avi,2026-07-27T05:04:00+07:00
602,1105,motorcycle,1motor,1motor,Motorcycle,1,Motorcycle / 3-wheel vehicle,1motor,1,Line 1,normal,1195.2273,26295,0.8028,51cbe36f-3fda-47ce-b171-25f02ffeeb3a,e2b5d1af-611f-418e-93d3-019b7b7ef4af,123,lembang,cikatomas pakidulan joszzz,,,973f2faa-6112-46fa-b6bf-4d49b6e745af,1_01_R_16082025020000.avi,2026-07-27T05:04:00+07:00
603,1110,motorcycle,1motor,1motor,Motorcycle,1,Motorcycle / 3-wheel vehicle,1motor,2,Line 2,opposite,1195.9091,26310,0.771,51cbe36f-3fda-47ce-b171-25f02ffeeb3a,e2b5d1af-611f-418e-93d3-019b7b7ef4af,123,lembang,cikatomas pakidulan joszzz,,,973f2faa-6112-46fa-b6bf-4d49b6e745af,1_01_R_16082025020000.avi,2026-07-27T05:04:00+07:00
604,1112,car,2mobil,2mobil,Car / Sedan,2,Sedan / jeep / station wagon,2mobil,2,Line 2,normal,1212.0909,26666,0.9297,51cbe36f-3fda-47ce-b171-25f02ffeeb3a,e2b5d1af-611f-418e-93d3-019b7b7ef4af,123,lembang,cikatomas pakidulan joszzz,,,973f2faa-6112-46fa-b6bf-4d49b6e745af,1_01_R_16082025020000.avi,2026-07-27T05:04:00+07:00
605,1112,car,2mobil,2mobil,Car / Sedan,2,Sedan / jeep / station wagon,2mobil,1,Line 1,opposite,1212.5909,26677,0.8889,51cbe36f-3fda-47ce-b171-25f02ffeeb3a,e2b5d1af-611f-418e-93d3-019b7b7ef4af,123,lembang,cikatomas pakidulan joszzz,,,973f2faa-6112-46fa-b6bf-4d49b6e745af,1_01_R_16082025020000.avi,2026-07-27T05:04:00+07:00
606,1114,motorcycle,1motor,1motor,Motorcycle,1,Motorcycle / 3-wheel vehicle,1motor,2,Line 2,normal,1218.8636,26815,0.8404,51cbe36f-3fda-47ce-b171-25f02ffeeb3a,e2b5d1af-611f-418e-93d3-019b7b7ef4af,123,lembang,cikatomas pakidulan joszzz,,,973f2faa-6112-46fa-b6bf-4d49b6e745af,1_01_R_16082025020000.avi,2026-07-27T05:04:00+07:00
607,1114,motorcycle,1motor,1motor,Motorcycle,1,Motorcycle / 3-wheel vehicle,1motor,1,Line 1,opposite,1219.4545,26828,0.8168,51cbe36f-3fda-47ce-b171-25f02ffeeb3a,e2b5d1af-611f-418e-93d3-019b7b7ef4af,123,lembang,cikatomas pakidulan joszzz,,,973f2faa-6112-46fa-b6bf-4d49b6e745af,1_01_R_16082025020000.avi,2026-07-27T05:04:00+07:00
608,1116,motorcycle,1motor,1motor,Motorcycle,1,Motorcycle / 3-wheel vehicle,1motor,1,Line 1,normal,1220.6818,26855,0.811,51cbe36f-3fda-47ce-b171-25f02ffeeb3a,e2b5d1af-611f-418e-93d3-019b7b7ef4af,123,lembang,cikatomas pakidulan joszzz,,,973f2faa-6112-46fa-b6bf-4d49b6e745af,1_01_R_16082025020000.avi,2026-07-27T05:04:00+07:00
609,1117,car,2mobil,2mobil,Car / Sedan,2,Sedan / jeep / station wagon,2mobil,2,Line 2,normal,1223.3636,26914,0.9236,51cbe36f-3fda-47ce-b171-25f02ffeeb3a,e2b5d1af-611f-418e-93d3-019b7b7ef4af,123,lembang,cikatomas pakidulan joszzz,,,973f2faa-6112-46fa-b6bf-4d49b6e745af,1_01_R_16082025020000.avi,2026-07-27T05:04:00+07:00
610,1117,car,2mobil,2mobil,Car / Sedan,2,Sedan / jeep / station wagon,2mobil,1,Line 1,opposite,1223.8636,26925,0.8914,51cbe36f-3fda-47ce-b171-25f02ffeeb3a,e2b5d1af-611f-418e-93d3-019b7b7ef4af,123,lembang,cikatomas pakidulan joszzz,,,973f2faa-6112-46fa-b6bf-4d49b6e745af,1_01_R_16082025020000.avi,2026-07-27T05:04:00+07:00
611,1119,truck,6tr_2sumbu,6TR_2sumbu,2-Axle Truck (Jumbo),6,2-Axle Truck,6TR_2sumbu,2,Line 2,normal,1225.3636,26958,0.9028,51cbe36f-3fda-47ce-b171-25f02ffeeb3a,e2b5d1af-611f-418e-93d3-019b7b7ef4af,123,lembang,cikatomas pakidulan joszzz,,,973f2faa-6112-46fa-b6bf-4d49b6e745af,1_01_R_16082025020000.avi,2026-07-27T05:04:00+07:00
612,1119,truck,6tr_2sumbu,6TR_2sumbu,2-Axle Truck (Jumbo),6,2-Axle Truck,6TR_2sumbu,1,Line 1,opposite,1226.0909,26974,0.9219,51cbe36f-3fda-47ce-b171-25f02ffeeb3a,e2b5d1af-611f-418e-93d3-019b7b7ef4af,123,lembang,cikatomas pakidulan joszzz,,,973f2faa-6112-46fa-b6bf-4d49b6e745af,1_01_R_16082025020000.avi,2026-07-27T05:04:00+07:00
613,1124,motorcycle,1motor,1motor,Motorcycle,1,Motorcycle / 3-wheel vehicle,1motor,2,Line 2,normal,1230.0909,27062,0.7585,51cbe36f-3fda-47ce-b171-25f02ffeeb3a,e2b5d1af-611f-418e-93d3-019b7b7ef4af,123,lembang,cikatomas pakidulan joszzz,,,973f2faa-6112-46fa-b6bf-4d49b6e745af,1_01_R_16082025020000.avi,2026-07-27T05:04:00+07:00
614,1124,motorcycle,1motor,1motor,Motorcycle,1,Motorcycle / 3-wheel vehicle,1motor,1,Line 1,opposite,1230.5455,27072,0.8319,51cbe36f-3fda-47ce-b171-25f02ffeeb3a,e2b5d1af-611f-418e-93d3-019b7b7ef4af,123,lembang,cikatomas pakidulan joszzz,,,973f2faa-6112-46fa-b6bf-4d49b6e745af,1_01_R_16082025020000.avi,2026-07-27T05:04:00+07:00
615,1127,motorcycle,1motor,1motor,Motorcycle,1,Motorcycle / 3-wheel vehicle,1motor,2,Line 2,normal,1234.7273,27164,0.6438,51cbe36f-3fda-47ce-b171-25f02ffeeb3a,e2b5d1af-611f-418e-93d3-019b7b7ef4af,123,lembang,cikatomas pakidulan joszzz,,,973f2faa-6112-46fa-b6bf-4d49b6e745af,1_01_R_16082025020000.avi,2026-07-27T05:04:00+07:00
616,1127,motorcycle,1motor,1motor,Motorcycle,1,Motorcycle / 3-wheel vehicle,1motor,1,Line 1,opposite,1235.4091,27179,0.8287,51cbe36f-3fda-47ce-b171-25f02ffeeb3a,e2b5d1af-611f-418e-93d3-019b7b7ef4af,123,lembang,cikatomas pakidulan joszzz,,,973f2faa-6112-46fa-b6bf-4d49b6e745af,1_01_R_16082025020000.avi,2026-07-27T05:04:00+07:00
617,800195,motorcycle,1motor,1motor,Motorcycle,1,Motorcycle / 3-wheel vehicle,1motor,2,Line 2,normal,1240.6364,27294,0.5904,51cbe36f-3fda-47ce-b171-25f02ffeeb3a,e2b5d1af-611f-418e-93d3-019b7b7ef4af,123,lembang,cikatomas pakidulan joszzz,,,973f2faa-6112-46fa-b6bf-4d49b6e745af,1_01_R_16082025020000.avi,2026-07-27T05:04:00+07:00
618,1132,motorcycle,1motor,1motor,Motorcycle,1,Motorcycle / 3-wheel vehicle,1motor,1,Line 1,opposite,1241.1818,27306,0.6791,51cbe36f-3fda-47ce-b171-25f02ffeeb3a,e2b5d1af-611f-418e-93d3-019b7b7ef4af,123,lembang,cikatomas pakidulan joszzz,,,973f2faa-6112-46fa-b6bf-4d49b6e745af,1_01_R_16082025020000.avi,2026-07-27T05:04:00+07:00
619,800195,motorcycle,1motor,1motor,Motorcycle,1,Motorcycle / 3-wheel vehicle,1motor,1,Line 1,opposite,1241.5909,27315,0.4268,51cbe36f-3fda-47ce-b171-25f02ffeeb3a,e2b5d1af-611f-418e-93d3-019b7b7ef4af,123,lembang,cikatomas pakidulan joszzz,,,973f2faa-6112-46fa-b6bf-4d49b6e745af,1_01_R_16082025020000.avi,2026-07-27T05:04:00+07:00
620,1133,truck,6tr_2sumbu,6TR_2sumbu,2-Axle Truck (Jumbo),6,2-Axle Truck,6TR_2sumbu,1,Line 1,normal,1243.1364,27349,0.7052,51cbe36f-3fda-47ce-b171-25f02ffeeb3a,e2b5d1af-611f-418e-93d3-019b7b7ef4af,123,lembang,cikatomas pakidulan joszzz,,,973f2faa-6112-46fa-b6bf-4d49b6e745af,1_01_R_16082025020000.avi,2026-07-27T05:04:00+07:00
621,1133,truck,6tr_2sumbu,6TR_2sumbu,2-Axle Truck (Jumbo),6,2-Axle Truck,6TR_2sumbu,2,Line 2,opposite,1243.7727,27363,0.514,51cbe36f-3fda-47ce-b171-25f02ffeeb3a,e2b5d1af-611f-418e-93d3-019b7b7ef4af,123,lembang,cikatomas pakidulan joszzz,,,973f2faa-6112-46fa-b6bf-4d49b6e745af,1_01_R_16082025020000.avi,2026-07-27T05:04:00+07:00
622,1145,motorcycle,1motor,1motor,Motorcycle,1,Motorcycle / 3-wheel vehicle,1motor,1,Line 1,normal,1245.1364,27393,0.846,51cbe36f-3fda-47ce-b171-25f02ffeeb3a,e2b5d1af-611f-418e-93d3-019b7b7ef4af,123,lembang,cikatomas pakidulan joszzz,,,973f2faa-6112-46fa-b6bf-4d49b6e745af,1_01_R_16082025020000.avi,2026-07-27T05:04:00+07:00
623,1145,motorcycle,1motor,1motor,Motorcycle,1,Motorcycle / 3-wheel vehicle,1motor,2,Line 2,opposite,1246.0455,27413,0.4423,51cbe36f-3fda-47ce-b171-25f02ffeeb3a,e2b5d1af-611f-418e-93d3-019b7b7ef4af,123,lembang,cikatomas pakidulan joszzz,,,973f2faa-6112-46fa-b6bf-4d49b6e745af,1_01_R_16082025020000.avi,2026-07-27T05:04:00+07:00
624,1152,motorcycle,1motor,1motor,Motorcycle,1,Motorcycle / 3-wheel vehicle,1motor,1,Line 1,normal,1250.4545,27510,0.8238,51cbe36f-3fda-47ce-b171-25f02ffeeb3a,e2b5d1af-611f-418e-93d3-019b7b7ef4af,123,lembang,cikatomas pakidulan joszzz,,,973f2faa-6112-46fa-b6bf-4d49b6e745af,1_01_R_16082025020000.avi,2026-07-27T05:04:00+07:00
625,1152,motorcycle,1motor,1motor,Motorcycle,1,Motorcycle / 3-wheel vehicle,1motor,2,Line 2,opposite,1251.1818,27526,0.7488,51cbe36f-3fda-47ce-b171-25f02ffeeb3a,e2b5d1af-611f-418e-93d3-019b7b7ef4af,123,lembang,cikatomas pakidulan joszzz,,,973f2faa-6112-46fa-b6bf-4d49b6e745af,1_01_R_16082025020000.avi,2026-07-27T05:04:00+07:00
626,1154,motorcycle,1motor,1motor,Motorcycle,1,Motorcycle / 3-wheel vehicle,1motor,2,Line 2,normal,1257.4091,27663,0.813,51cbe36f-3fda-47ce-b171-25f02ffeeb3a,e2b5d1af-611f-418e-93d3-019b7b7ef4af,123,lembang,cikatomas pakidulan joszzz,,,973f2faa-6112-46fa-b6bf-4d49b6e745af,1_01_R_16082025020000.avi,2026-07-27T05:04:00+07:00
627,1154,motorcycle,1motor,1motor,Motorcycle,1,Motorcycle / 3-wheel vehicle,1motor,1,Line 1,opposite,1258.0455,27677,0.8384,51cbe36f-3fda-47ce-b171-25f02ffeeb3a,e2b5d1af-611f-418e-93d3-019b7b7ef4af,123,lembang,cikatomas pakidulan joszzz,,,973f2faa-6112-46fa-b6bf-4d49b6e745af,1_01_R_16082025020000.avi,2026-07-27T05:04:00+07:00
628,1156,motorcycle,1motor,1motor,Motorcycle,1,Motorcycle / 3-wheel vehicle,1motor,1,Line 1,opposite,1258.7727,27693,0.812,51cbe36f-3fda-47ce-b171-25f02ffeeb3a,e2b5d1af-611f-418e-93d3-019b7b7ef4af,123,lembang,cikatomas pakidulan joszzz,,,973f2faa-6112-46fa-b6bf-4d49b6e745af,1_01_R_16082025020000.avi,2026-07-27T05:04:00+07:00
629,1157,motorcycle,1motor,1motor,Motorcycle,1,Motorcycle / 3-wheel vehicle,1motor,1,Line 1,normal,1270.3636,27948,0.852,51cbe36f-3fda-47ce-b171-25f02ffeeb3a,e2b5d1af-611f-418e-93d3-019b7b7ef4af,123,lembang,cikatomas pakidulan joszzz,,,973f2faa-6112-46fa-b6bf-4d49b6e745af,1_01_R_16082025020000.avi,2026-07-27T05:04:00+07:00
630,1157,motorcycle,1motor,1motor,Motorcycle,1,Motorcycle / 3-wheel vehicle,1motor,2,Line 2,opposite,1271.2727,27968,0.868,51cbe36f-3fda-47ce-b171-25f02ffeeb3a,e2b5d1af-611f-418e-93d3-019b7b7ef4af,123,lembang,cikatomas pakidulan joszzz,,,973f2faa-6112-46fa-b6bf-4d49b6e745af,1_01_R_16082025020000.avi,2026-07-27T05:04:00+07:00
631,1159,motorcycle,1motor,1motor,Motorcycle,1,Motorcycle / 3-wheel vehicle,1motor,1,Line 1,opposite,1271.9545,27983,0.8397,51cbe36f-3fda-47ce-b171-25f02ffeeb3a,e2b5d1af-611f-418e-93d3-019b7b7ef4af,123,lembang,cikatomas pakidulan joszzz,,,973f2faa-6112-46fa-b6bf-4d49b6e745af,1_01_R_16082025020000.avi,2026-07-27T05:04:00+07:00
632,1164,motorcycle,1motor,1motor,Motorcycle,1,Motorcycle / 3-wheel vehicle,1motor,2,Line 2,normal,1276.6818,28087,0.8066,51cbe36f-3fda-47ce-b171-25f02ffeeb3a,e2b5d1af-611f-418e-93d3-019b7b7ef4af,123,lembang,cikatomas pakidulan joszzz,,,973f2faa-6112-46fa-b6bf-4d49b6e745af,1_01_R_16082025020000.avi,2026-07-27T05:04:00+07:00
633,1163,motorcycle,1motor,1motor,Motorcycle,1,Motorcycle / 3-wheel vehicle,1motor,2,Line 2,normal,1276.7273,28088,0.7848,51cbe36f-3fda-47ce-b171-25f02ffeeb3a,e2b5d1af-611f-418e-93d3-019b7b7ef4af,123,lembang,cikatomas pakidulan joszzz,,,973f2faa-6112-46fa-b6bf-4d49b6e745af,1_01_R_16082025020000.avi,2026-07-27T05:04:00+07:00
634,1165,motorcycle,1motor,1motor,Motorcycle,1,Motorcycle / 3-wheel vehicle,1motor,2,Line 2,normal,1276.7727,28089,0.7569,51cbe36f-3fda-47ce-b171-25f02ffeeb3a,e2b5d1af-611f-418e-93d3-019b7b7ef4af,123,lembang,cikatomas pakidulan joszzz,,,973f2faa-6112-46fa-b6bf-4d49b6e745af,1_01_R_16082025020000.avi,2026-07-27T05:04:00+07:00
635,1163,motorcycle,1motor,1motor,Motorcycle,1,Motorcycle / 3-wheel vehicle,1motor,1,Line 1,opposite,1277.2727,28100,0.8516,51cbe36f-3fda-47ce-b171-25f02ffeeb3a,e2b5d1af-611f-418e-93d3-019b7b7ef4af,123,lembang,cikatomas pakidulan joszzz,,,973f2faa-6112-46fa-b6bf-4d49b6e745af,1_01_R_16082025020000.avi,2026-07-27T05:04:00+07:00
636,1165,motorcycle,1motor,1motor,Motorcycle,1,Motorcycle / 3-wheel vehicle,1motor,1,Line 1,opposite,1277.3182,28101,0.8326,51cbe36f-3fda-47ce-b171-25f02ffeeb3a,e2b5d1af-611f-418e-93d3-019b7b7ef4af,123,lembang,cikatomas pakidulan joszzz,,,973f2faa-6112-46fa-b6bf-4d49b6e745af,1_01_R_16082025020000.avi,2026-07-27T05:04:00+07:00
637,1164,motorcycle,1motor,1motor,Motorcycle,1,Motorcycle / 3-wheel vehicle,1motor,1,Line 1,opposite,1277.3636,28102,0.8399,51cbe36f-3fda-47ce-b171-25f02ffeeb3a,e2b5d1af-611f-418e-93d3-019b7b7ef4af,123,lembang,cikatomas pakidulan joszzz,,,973f2faa-6112-46fa-b6bf-4d49b6e745af,1_01_R_16082025020000.avi,2026-07-27T05:04:00+07:00
638,800201,motorcycle,1motor,1motor,Motorcycle,1,Motorcycle / 3-wheel vehicle,1motor,2,Line 2,normal,1277.7273,28110,0.5445,51cbe36f-3fda-47ce-b171-25f02ffeeb3a,e2b5d1af-611f-418e-93d3-019b7b7ef4af,123,lembang,cikatomas pakidulan joszzz,,,973f2faa-6112-46fa-b6bf-4d49b6e745af,1_01_R_16082025020000.avi,2026-07-27T05:04:00+07:00
639,800201,motorcycle,1motor,1motor,Motorcycle,1,Motorcycle / 3-wheel vehicle,1motor,1,Line 1,opposite,1278.4091,28125,0.5678,51cbe36f-3fda-47ce-b171-25f02ffeeb3a,e2b5d1af-611f-418e-93d3-019b7b7ef4af,123,lembang,cikatomas pakidulan joszzz,,,973f2faa-6112-46fa-b6bf-4d49b6e745af,1_01_R_16082025020000.avi,2026-07-27T05:04:00+07:00
640,1170,car,2mobil,2mobil,Car / Sedan,2,Sedan / jeep / station wagon,2mobil,1,Line 1,normal,1284.6818,28263,0.8876,51cbe36f-3fda-47ce-b171-25f02ffeeb3a,e2b5d1af-611f-418e-93d3-019b7b7ef4af,123,lembang,cikatomas pakidulan joszzz,,,973f2faa-6112-46fa-b6bf-4d49b6e745af,1_01_R_16082025020000.avi,2026-07-27T05:04:00+07:00
641,1170,car,2mobil,2mobil,Car / Sedan,2,Sedan / jeep / station wagon,2mobil,2,Line 2,opposite,1285.4091,28279,0.9272,51cbe36f-3fda-47ce-b171-25f02ffeeb3a,e2b5d1af-611f-418e-93d3-019b7b7ef4af,123,lembang,cikatomas pakidulan joszzz,,,973f2faa-6112-46fa-b6bf-4d49b6e745af,1_01_R_16082025020000.avi,2026-07-27T05:04:00+07:00
642,1177,motorcycle,1motor,1motor,Motorcycle,1,Motorcycle / 3-wheel vehicle,1motor,1,Line 1,normal,1288.2273,28341,0.6903,51cbe36f-3fda-47ce-b171-25f02ffeeb3a,e2b5d1af-611f-418e-93d3-019b7b7ef4af,123,lembang,cikatomas pakidulan joszzz,,,973f2faa-6112-46fa-b6bf-4d49b6e745af,1_01_R_16082025020000.avi,2026-07-27T05:04:00+07:00
643,800203,motorcycle,1motor,1motor,Motorcycle,1,Motorcycle / 3-wheel vehicle,1motor,1,Line 1,normal,1288.6364,28350,0.3464,51cbe36f-3fda-47ce-b171-25f02ffeeb3a,e2b5d1af-611f-418e-93d3-019b7b7ef4af,123,lembang,cikatomas pakidulan joszzz,,,973f2faa-6112-46fa-b6bf-4d49b6e745af,1_01_R_16082025020000.avi,2026-07-27T05:04:00+07:00
644,1181,motorcycle,1motor,1motor,Motorcycle,1,Motorcycle / 3-wheel vehicle,1motor,1,Line 1,opposite,1293.8182,28464,0.6058,51cbe36f-3fda-47ce-b171-25f02ffeeb3a,e2b5d1af-611f-418e-93d3-019b7b7ef4af,123,lembang,cikatomas pakidulan joszzz,,,973f2faa-6112-46fa-b6bf-4d49b6e745af,1_01_R_16082025020000.avi,2026-07-27T05:04:00+07:00
645,800204,motorcycle,1motor,1motor,Motorcycle,1,Motorcycle / 3-wheel vehicle,1motor,1,Line 1,opposite,1293.8182,28464,0.3149,51cbe36f-3fda-47ce-b171-25f02ffeeb3a,e2b5d1af-611f-418e-93d3-019b7b7ef4af,123,lembang,cikatomas pakidulan joszzz,,,973f2faa-6112-46fa-b6bf-4d49b6e745af,1_01_R_16082025020000.avi,2026-07-27T05:04:00+07:00
646,1184,motorcycle,1motor,1motor,Motorcycle,1,Motorcycle / 3-wheel vehicle,1motor,1,Line 1,normal,1295.0909,28492,0.8349,51cbe36f-3fda-47ce-b171-25f02ffeeb3a,e2b5d1af-611f-418e-93d3-019b7b7ef4af,123,lembang,cikatomas pakidulan joszzz,,,973f2faa-6112-46fa-b6bf-4d49b6e745af,1_01_R_16082025020000.avi,2026-07-27T05:04:00+07:00
647,800205,motorcycle,1motor,1motor,Motorcycle,1,Motorcycle / 3-wheel vehicle,1motor,1,Line 1,normal,1296.0,28512,0.4274,51cbe36f-3fda-47ce-b171-25f02ffeeb3a,e2b5d1af-611f-418e-93d3-019b7b7ef4af,123,lembang,cikatomas pakidulan joszzz,,,973f2faa-6112-46fa-b6bf-4d49b6e745af,1_01_R_16082025020000.avi,2026-07-27T05:04:00+07:00
648,800205,motorcycle,1motor,1motor,Motorcycle,1,Motorcycle / 3-wheel vehicle,1motor,2,Line 2,opposite,1296.0,28512,0.4274,51cbe36f-3fda-47ce-b171-25f02ffeeb3a,e2b5d1af-611f-418e-93d3-019b7b7ef4af,123,lembang,cikatomas pakidulan joszzz,,,973f2faa-6112-46fa-b6bf-4d49b6e745af,1_01_R_16082025020000.avi,2026-07-27T05:04:00+07:00
649,1188,motorcycle,1motor,1motor,Motorcycle,1,Motorcycle / 3-wheel vehicle,1motor,2,Line 2,normal,1296.6818,28527,0.7481,51cbe36f-3fda-47ce-b171-25f02ffeeb3a,e2b5d1af-611f-418e-93d3-019b7b7ef4af,123,lembang,cikatomas pakidulan joszzz,,,973f2faa-6112-46fa-b6bf-4d49b6e745af,1_01_R_16082025020000.avi,2026-07-27T05:04:00+07:00
650,1188,motorcycle,1motor,1motor,Motorcycle,1,Motorcycle / 3-wheel vehicle,1motor,1,Line 1,opposite,1297.6818,28549,0.8291,51cbe36f-3fda-47ce-b171-25f02ffeeb3a,e2b5d1af-611f-418e-93d3-019b7b7ef4af,123,lembang,cikatomas pakidulan joszzz,,,973f2faa-6112-46fa-b6bf-4d49b6e745af,1_01_R_16082025020000.avi,2026-07-27T05:04:00+07:00
651,1192,motorcycle,1motor,1motor,Motorcycle,1,Motorcycle / 3-wheel vehicle,1motor,1,Line 1,opposite,1302.8636,28663,0.8547,51cbe36f-3fda-47ce-b171-25f02ffeeb3a,e2b5d1af-611f-418e-93d3-019b7b7ef4af,123,lembang,cikatomas pakidulan joszzz,,,973f2faa-6112-46fa-b6bf-4d49b6e745af,1_01_R_16082025020000.avi,2026-07-27T05:04:00+07:00
652,1196,motorcycle,1motor,1motor,Motorcycle,1,Motorcycle / 3-wheel vehicle,1motor,2,Line 2,normal,1305.9091,28730,0.8037,51cbe36f-3fda-47ce-b171-25f02ffeeb3a,e2b5d1af-611f-418e-93d3-019b7b7ef4af,123,lembang,cikatomas pakidulan joszzz,,,973f2faa-6112-46fa-b6bf-4d49b6e745af,1_01_R_16082025020000.avi,2026-07-27T05:04:00+07:00
653,1195,motorcycle,1motor,1motor,Motorcycle,1,Motorcycle / 3-wheel vehicle,1motor,1,Line 1,normal,1306.8636,28751,0.8329,51cbe36f-3fda-47ce-b171-25f02ffeeb3a,e2b5d1af-611f-418e-93d3-019b7b7ef4af,123,lembang,cikatomas pakidulan joszzz,,,973f2faa-6112-46fa-b6bf-4d49b6e745af,1_01_R_16082025020000.avi,2026-07-27T05:04:00+07:00
654,1196,motorcycle,1motor,1motor,Motorcycle,1,Motorcycle / 3-wheel vehicle,1motor,1,Line 1,opposite,1307.0455,28755,0.8328,51cbe36f-3fda-47ce-b171-25f02ffeeb3a,e2b5d1af-611f-418e-93d3-019b7b7ef4af,123,lembang,cikatomas pakidulan joszzz,,,973f2faa-6112-46fa-b6bf-4d49b6e745af,1_01_R_16082025020000.avi,2026-07-27T05:04:00+07:00
655,1195,motorcycle,1motor,1motor,Motorcycle,1,Motorcycle / 3-wheel vehicle,1motor,2,Line 2,opposite,1307.7273,28770,0.7855,51cbe36f-3fda-47ce-b171-25f02ffeeb3a,e2b5d1af-611f-418e-93d3-019b7b7ef4af,123,lembang,cikatomas pakidulan joszzz,,,973f2faa-6112-46fa-b6bf-4d49b6e745af,1_01_R_16082025020000.avi,2026-07-27T05:04:00+07:00
656,1200,motorcycle,1motor,1motor,Motorcycle,1,Motorcycle / 3-wheel vehicle,1motor,2,Line 2,normal,1308.8636,28795,0.8582,51cbe36f-3fda-47ce-b171-25f02ffeeb3a,e2b5d1af-611f-418e-93d3-019b7b7ef4af,123,lembang,cikatomas pakidulan joszzz,,,973f2faa-6112-46fa-b6bf-4d49b6e745af,1_01_R_16082025020000.avi,2026-07-27T05:04:00+07:00
657,1200,motorcycle,1motor,1motor,Motorcycle,1,Motorcycle / 3-wheel vehicle,1motor,1,Line 1,opposite,1309.4091,28807,0.8333,51cbe36f-3fda-47ce-b171-25f02ffeeb3a,e2b5d1af-611f-418e-93d3-019b7b7ef4af,123,lembang,cikatomas pakidulan joszzz,,,973f2faa-6112-46fa-b6bf-4d49b6e745af,1_01_R_16082025020000.avi,2026-07-27T05:04:00+07:00
658,1203,car,2mobil,2mobil,Car / Sedan,2,Sedan / jeep / station wagon,2mobil,2,Line 2,normal,1310.7273,28836,0.9245,51cbe36f-3fda-47ce-b171-25f02ffeeb3a,e2b5d1af-611f-418e-93d3-019b7b7ef4af,123,lembang,cikatomas pakidulan joszzz,,,973f2faa-6112-46fa-b6bf-4d49b6e745af,1_01_R_16082025020000.avi,2026-07-27T05:04:00+07:00
659,1203,car,2mobil,2mobil,Car / Sedan,2,Sedan / jeep / station wagon,2mobil,1,Line 1,opposite,1311.5,28853,0.8728,51cbe36f-3fda-47ce-b171-25f02ffeeb3a,e2b5d1af-611f-418e-93d3-019b7b7ef4af,123,lembang,cikatomas pakidulan joszzz,,,973f2faa-6112-46fa-b6bf-4d49b6e745af,1_01_R_16082025020000.avi,2026-07-27T05:04:00+07:00
660,1204,motorcycle,1motor,1motor,Motorcycle,1,Motorcycle / 3-wheel vehicle,1motor,2,Line 2,normal,1321.6818,29077,0.8064,51cbe36f-3fda-47ce-b171-25f02ffeeb3a,e2b5d1af-611f-418e-93d3-019b7b7ef4af,123,lembang,cikatomas pakidulan joszzz,,,973f2faa-6112-46fa-b6bf-4d49b6e745af,1_01_R_16082025020000.avi,2026-07-27T05:04:00+07:00
661,1204,motorcycle,1motor,1motor,Motorcycle,1,Motorcycle / 3-wheel vehicle,1motor,1,Line 1,opposite,1322.5,29095,0.8394,51cbe36f-3fda-47ce-b171-25f02ffeeb3a,e2b5d1af-611f-418e-93d3-019b7b7ef4af,123,lembang,cikatomas pakidulan joszzz,,,973f2faa-6112-46fa-b6bf-4d49b6e745af,1_01_R_16082025020000.avi,2026-07-27T05:04:00+07:00
662,1206,motorcycle,1motor,1motor,Motorcycle,1,Motorcycle / 3-wheel vehicle,1motor,1,Line 1,normal,1327.1364,29197,0.8343,51cbe36f-3fda-47ce-b171-25f02ffeeb3a,e2b5d1af-611f-418e-93d3-019b7b7ef4af,123,lembang,cikatomas pakidulan joszzz,,,973f2faa-6112-46fa-b6bf-4d49b6e745af,1_01_R_16082025020000.avi,2026-07-27T05:04:00+07:00
663,800212,motorcycle,1motor,1motor,Motorcycle,1,Motorcycle / 3-wheel vehicle,1motor,2,Line 2,opposite,1328.4545,29226,0.3812,51cbe36f-3fda-47ce-b171-25f02ffeeb3a,e2b5d1af-611f-418e-93d3-019b7b7ef4af,123,lembang,cikatomas pakidulan joszzz,,,973f2faa-6112-46fa-b6bf-4d49b6e745af,1_01_R_16082025020000.avi,2026-07-27T05:04:00+07:00
664,1212,car,2mobil,2mobil,Car / Sedan,2,Sedan / jeep / station wagon,2mobil,1,Line 1,normal,1340.0455,29481,0.8186,51cbe36f-3fda-47ce-b171-25f02ffeeb3a,e2b5d1af-611f-418e-93d3-019b7b7ef4af,123,lembang,cikatomas pakidulan joszzz,,,973f2faa-6112-46fa-b6bf-4d49b6e745af,1_01_R_16082025020000.avi,2026-07-27T05:04:00+07:00
665,1212,car,2mobil,2mobil,Car / Sedan,2,Sedan / jeep / station wagon,2mobil,2,Line 2,opposite,1340.7273,29496,0.9283,51cbe36f-3fda-47ce-b171-25f02ffeeb3a,e2b5d1af-611f-418e-93d3-019b7b7ef4af,123,lembang,cikatomas pakidulan joszzz,,,973f2faa-6112-46fa-b6bf-4d49b6e745af,1_01_R_16082025020000.avi,2026-07-27T05:04:00+07:00
666,1214,motorcycle,1motor,1motor,Motorcycle,1,Motorcycle / 3-wheel vehicle,1motor,1,Line 1,normal,1341.8182,29520,0.8454,51cbe36f-3fda-47ce-b171-25f02ffeeb3a,e2b5d1af-611f-418e-93d3-019b7b7ef4af,123,lembang,cikatomas pakidulan joszzz,,,973f2faa-6112-46fa-b6bf-4d49b6e745af,1_01_R_16082025020000.avi,2026-07-27T05:04:00+07:00
667,1214,motorcycle,1motor,1motor,Motorcycle,1,Motorcycle / 3-wheel vehicle,1motor,2,Line 2,opposite,1342.5,29535,0.8149,51cbe36f-3fda-47ce-b171-25f02ffeeb3a,e2b5d1af-611f-418e-93d3-019b7b7ef4af,123,lembang,cikatomas pakidulan joszzz,,,973f2faa-6112-46fa-b6bf-4d49b6e745af,1_01_R_16082025020000.avi,2026-07-27T05:04:00+07:00
668,1216,motorcycle,1motor,1motor,Motorcycle,1,Motorcycle / 3-wheel vehicle,1motor,1,Line 1,normal,1349.8182,29696,0.8321,51cbe36f-3fda-47ce-b171-25f02ffeeb3a,e2b5d1af-611f-418e-93d3-019b7b7ef4af,123,lembang,cikatomas pakidulan joszzz,,,973f2faa-6112-46fa-b6bf-4d49b6e745af,1_01_R_16082025020000.avi,2026-07-27T05:04:00+07:00
669,800215,motorcycle,1motor,1motor,Motorcycle,1,Motorcycle / 3-wheel vehicle,1motor,1,Line 1,normal,1350.8182,29718,0.1259,51cbe36f-3fda-47ce-b171-25f02ffeeb3a,e2b5d1af-611f-418e-93d3-019b7b7ef4af,123,lembang,cikatomas pakidulan joszzz,,,973f2faa-6112-46fa-b6bf-4d49b6e745af,1_01_R_16082025020000.avi,2026-07-27T05:04:00+07:00
670,1221,motorcycle,1motor,1motor,Motorcycle,1,Motorcycle / 3-wheel vehicle,1motor,1,Line 1,normal,1360.3636,29928,0.8517,51cbe36f-3fda-47ce-b171-25f02ffeeb3a,e2b5d1af-611f-418e-93d3-019b7b7ef4af,123,lembang,cikatomas pakidulan joszzz,,,973f2faa-6112-46fa-b6bf-4d49b6e745af,1_01_R_16082025020000.avi,2026-07-27T05:04:00+07:00
671,1223,motorcycle,1motor,1motor,Motorcycle,1,Motorcycle / 3-wheel vehicle,1motor,1,Line 1,normal,1364.7727,30025,0.8144,51cbe36f-3fda-47ce-b171-25f02ffeeb3a,e2b5d1af-611f-418e-93d3-019b7b7ef4af,123,lembang,cikatomas pakidulan joszzz,,,973f2faa-6112-46fa-b6bf-4d49b6e745af,1_01_R_16082025020000.avi,2026-07-27T05:04:00+07:00
672,1224,motorcycle,1motor,1motor,Motorcycle,1,Motorcycle / 3-wheel vehicle,1motor,1,Line 1,normal,1364.9091,30028,0.7701,51cbe36f-3fda-47ce-b171-25f02ffeeb3a,e2b5d1af-611f-418e-93d3-019b7b7ef4af,123,lembang,cikatomas pakidulan joszzz,,,973f2faa-6112-46fa-b6bf-4d49b6e745af,1_01_R_16082025020000.avi,2026-07-27T05:04:00+07:00
673,800217,motorcycle,1motor,1motor,Motorcycle,1,Motorcycle / 3-wheel vehicle,1motor,1,Line 1,normal,1365.1364,30033,0.6116,51cbe36f-3fda-47ce-b171-25f02ffeeb3a,e2b5d1af-611f-418e-93d3-019b7b7ef4af,123,lembang,cikatomas pakidulan joszzz,,,973f2faa-6112-46fa-b6bf-4d49b6e745af,1_01_R_16082025020000.avi,2026-07-27T05:04:00+07:00
674,1228,motorcycle,1motor,1motor,Motorcycle,1,Motorcycle / 3-wheel vehicle,1motor,2,Line 2,opposite,1365.5909,30043,0.6634,51cbe36f-3fda-47ce-b171-25f02ffeeb3a,e2b5d1af-611f-418e-93d3-019b7b7ef4af,123,lembang,cikatomas pakidulan joszzz,,,973f2faa-6112-46fa-b6bf-4d49b6e745af,1_01_R_16082025020000.avi,2026-07-27T05:04:00+07:00
675,1233,motorcycle,1motor,1motor,Motorcycle,1,Motorcycle / 3-wheel vehicle,1motor,1,Line 1,normal,1368.2273,30101,0.8537,51cbe36f-3fda-47ce-b171-25f02ffeeb3a,e2b5d1af-611f-418e-93d3-019b7b7ef4af,123,lembang,cikatomas pakidulan joszzz,,,973f2faa-6112-46fa-b6bf-4d49b6e745af,1_01_R_16082025020000.avi,2026-07-27T05:04:00+07:00
676,1233,motorcycle,1motor,1motor,Motorcycle,1,Motorcycle / 3-wheel vehicle,1motor,2,Line 2,opposite,1369.2727,30124,0.822,51cbe36f-3fda-47ce-b171-25f02ffeeb3a,e2b5d1af-611f-418e-93d3-019b7b7ef4af,123,lembang,cikatomas pakidulan joszzz,,,973f2faa-6112-46fa-b6bf-4d49b6e745af,1_01_R_16082025020000.avi,2026-07-27T05:04:00+07:00
677,1235,motorcycle,1motor,1motor,Motorcycle,1,Motorcycle / 3-wheel vehicle,1motor,2,Line 2,normal,1389.3636,30566,0.8102,51cbe36f-3fda-47ce-b171-25f02ffeeb3a,e2b5d1af-611f-418e-93d3-019b7b7ef4af,123,lembang,cikatomas pakidulan joszzz,,,973f2faa-6112-46fa-b6bf-4d49b6e745af,1_01_R_16082025020000.avi,2026-07-27T05:04:00+07:00
678,1235,motorcycle,1motor,1motor,Motorcycle,1,Motorcycle / 3-wheel vehicle,1motor,1,Line 1,opposite,1390.0455,30581,0.825,51cbe36f-3fda-47ce-b171-25f02ffeeb3a,e2b5d1af-611f-418e-93d3-019b7b7ef4af,123,lembang,cikatomas pakidulan joszzz,,,973f2faa-6112-46fa-b6bf-4d49b6e745af,1_01_R_16082025020000.avi,2026-07-27T05:04:00+07:00
679,1236,motorcycle,1motor,1motor,Motorcycle,1,Motorcycle / 3-wheel vehicle,1motor,1,Line 1,normal,1412.9091,31084,0.7125,51cbe36f-3fda-47ce-b171-25f02ffeeb3a,e2b5d1af-611f-418e-93d3-019b7b7ef4af,123,lembang,cikatomas pakidulan joszzz,,,973f2faa-6112-46fa-b6bf-4d49b6e745af,1_01_R_16082025020000.avi,2026-07-27T05:04:00+07:00
680,800221,motorcycle,1motor,1motor,Motorcycle,1,Motorcycle / 3-wheel vehicle,1motor,1,Line 1,normal,1413.5455,31098,0.1491,51cbe36f-3fda-47ce-b171-25f02ffeeb3a,e2b5d1af-611f-418e-93d3-019b7b7ef4af,123,lembang,cikatomas pakidulan joszzz,,,973f2faa-6112-46fa-b6bf-4d49b6e745af,1_01_R_16082025020000.avi,2026-07-27T05:04:00+07:00
681,1238,car,2mobil,2mobil,Car / Sedan,2,Sedan / jeep / station wagon,2mobil,2,Line 2,normal,1418.5,31207,0.9269,51cbe36f-3fda-47ce-b171-25f02ffeeb3a,e2b5d1af-611f-418e-93d3-019b7b7ef4af,123,lembang,cikatomas pakidulan joszzz,,,973f2faa-6112-46fa-b6bf-4d49b6e745af,1_01_R_16082025020000.avi,2026-07-27T05:04:00+07:00
682,1238,car,2mobil,2mobil,Car / Sedan,2,Sedan / jeep / station wagon,2mobil,1,Line 1,opposite,1419.1364,31221,0.9006,51cbe36f-3fda-47ce-b171-25f02ffeeb3a,e2b5d1af-611f-418e-93d3-019b7b7ef4af,123,lembang,cikatomas pakidulan joszzz,,,973f2faa-6112-46fa-b6bf-4d49b6e745af,1_01_R_16082025020000.avi,2026-07-27T05:04:00+07:00
683,1240,motorcycle,1motor,1motor,Motorcycle,1,Motorcycle / 3-wheel vehicle,1motor,1,Line 1,normal,1420.3636,31248,0.8347,51cbe36f-3fda-47ce-b171-25f02ffeeb3a,e2b5d1af-611f-418e-93d3-019b7b7ef4af,123,lembang,cikatomas pakidulan joszzz,,,973f2faa-6112-46fa-b6bf-4d49b6e745af,1_01_R_16082025020000.avi,2026-07-27T05:04:00+07:00
684,800222,motorcycle,1motor,1motor,Motorcycle,1,Motorcycle / 3-wheel vehicle,1motor,1,Line 1,normal,1420.9091,31260,0.2488,51cbe36f-3fda-47ce-b171-25f02ffeeb3a,e2b5d1af-611f-418e-93d3-019b7b7ef4af,123,lembang,cikatomas pakidulan joszzz,,,973f2faa-6112-46fa-b6bf-4d49b6e745af,1_01_R_16082025020000.avi,2026-07-27T05:04:00+07:00
685,800222,motorcycle,1motor,1motor,Motorcycle,1,Motorcycle / 3-wheel vehicle,1motor,2,Line 2,opposite,1421.0455,31263,0.3361,51cbe36f-3fda-47ce-b171-25f02ffeeb3a,e2b5d1af-611f-418e-93d3-019b7b7ef4af,123,lembang,cikatomas pakidulan joszzz,,,973f2faa-6112-46fa-b6bf-4d49b6e745af,1_01_R_16082025020000.avi,2026-07-27T05:04:00+07:00
686,1243,motorcycle,1motor,1motor,Motorcycle,1,Motorcycle / 3-wheel vehicle,1motor,1,Line 1,opposite,1422.0,31284,0.8218,51cbe36f-3fda-47ce-b171-25f02ffeeb3a,e2b5d1af-611f-418e-93d3-019b7b7ef4af,123,lembang,cikatomas pakidulan joszzz,,,973f2faa-6112-46fa-b6bf-4d49b6e745af,1_01_R_16082025020000.avi,2026-07-27T05:04:00+07:00
687,1245,truck,4pickupmicro,4PickupMicro,Pickup / Micro Truck,4,Pickup / micro truck / delivery,4PickupMicro,2,Line 2,normal,1422.1364,31287,0.8061,51cbe36f-3fda-47ce-b171-25f02ffeeb3a,e2b5d1af-611f-418e-93d3-019b7b7ef4af,123,lembang,cikatomas pakidulan joszzz,,,973f2faa-6112-46fa-b6bf-4d49b6e745af,1_01_R_16082025020000.avi,2026-07-27T05:04:00+07:00
688,1239,car,2mobil,2mobil,Car / Sedan,2,Sedan / jeep / station wagon,2mobil,1,Line 1,normal,1422.4545,31294,0.8958,51cbe36f-3fda-47ce-b171-25f02ffeeb3a,e2b5d1af-611f-418e-93d3-019b7b7ef4af,123,lembang,cikatomas pakidulan joszzz,,,973f2faa-6112-46fa-b6bf-4d49b6e745af,1_01_R_16082025020000.avi,2026-07-27T05:04:00+07:00
689,1245,truck,4pickupmicro,4PickupMicro,Pickup / Micro Truck,4,Pickup / micro truck / delivery,4PickupMicro,1,Line 1,opposite,1422.7273,31300,0.921,51cbe36f-3fda-47ce-b171-25f02ffeeb3a,e2b5d1af-611f-418e-93d3-019b7b7ef4af,123,lembang,cikatomas pakidulan joszzz,,,973f2faa-6112-46fa-b6bf-4d49b6e745af,1_01_R_16082025020000.avi,2026-07-27T05:04:00+07:00
690,1239,car,2mobil,2mobil,Car / Sedan,2,Sedan / jeep / station wagon,2mobil,2,Line 2,opposite,1423.5909,31319,0.8978,51cbe36f-3fda-47ce-b171-25f02ffeeb3a,e2b5d1af-611f-418e-93d3-019b7b7ef4af,123,lembang,cikatomas pakidulan joszzz,,,973f2faa-6112-46fa-b6bf-4d49b6e745af,1_01_R_16082025020000.avi,2026-07-27T05:04:00+07:00
691,1248,truck,4pickupmicro,4PickupMicro,Pickup / Micro Truck,4,Pickup / micro truck / delivery,4PickupMicro,2,Line 2,normal,1423.7273,31322,0.7775,51cbe36f-3fda-47ce-b171-25f02ffeeb3a,e2b5d1af-611f-418e-93d3-019b7b7ef4af,123,lembang,cikatomas pakidulan joszzz,,,973f2faa-6112-46fa-b6bf-4d49b6e745af,1_01_R_16082025020000.avi,2026-07-27T05:04:00+07:00
692,1248,car,2mobil,2mobil,Car / Sedan,2,Sedan / jeep / station wagon,2mobil,1,Line 1,opposite,1424.2727,31334,0.3808,51cbe36f-3fda-47ce-b171-25f02ffeeb3a,e2b5d1af-611f-418e-93d3-019b7b7ef4af,123,lembang,cikatomas pakidulan joszzz,,,973f2faa-6112-46fa-b6bf-4d49b6e745af,1_01_R_16082025020000.avi,2026-07-27T05:04:00+07:00
693,800224,motorcycle,1motor,1motor,Motorcycle,1,Motorcycle / 3-wheel vehicle,1motor,1,Line 1,normal,1434.5455,31560,0.0994,51cbe36f-3fda-47ce-b171-25f02ffeeb3a,e2b5d1af-611f-418e-93d3-019b7b7ef4af,123,lembang,cikatomas pakidulan joszzz,,,973f2faa-6112-46fa-b6bf-4d49b6e745af,1_01_R_16082025020000.avi,2026-07-27T05:04:00+07:00
694,1263,motorcycle,1motor,1motor,Motorcycle,1,Motorcycle / 3-wheel vehicle,1motor,1,Line 1,normal,1435.2273,31575,0.8469,51cbe36f-3fda-47ce-b171-25f02ffeeb3a,e2b5d1af-611f-418e-93d3-019b7b7ef4af,123,lembang,cikatomas pakidulan joszzz,,,973f2faa-6112-46fa-b6bf-4d49b6e745af,1_01_R_16082025020000.avi,2026-07-27T05:04:00+07:00
695,1264,motorcycle,1motor,1motor,Motorcycle,1,Motorcycle / 3-wheel vehicle,1motor,1,Line 1,opposite,1435.4545,31580,0.6396,51cbe36f-3fda-47ce-b171-25f02ffeeb3a,e2b5d1af-611f-418e-93d3-019b7b7ef4af,123,lembang,cikatomas pakidulan joszzz,,,973f2faa-6112-46fa-b6bf-4d49b6e745af,1_01_R_16082025020000.avi,2026-07-27T05:04:00+07:00
696,1263,motorcycle,1motor,1motor,Motorcycle,1,Motorcycle / 3-wheel vehicle,1motor,2,Line 2,opposite,1436.3182,31599,0.8624,51cbe36f-3fda-47ce-b171-25f02ffeeb3a,e2b5d1af-611f-418e-93d3-019b7b7ef4af,123,lembang,cikatomas pakidulan joszzz,,,973f2faa-6112-46fa-b6bf-4d49b6e745af,1_01_R_16082025020000.avi,2026-07-27T05:04:00+07:00
697,1268,motorcycle,1motor,1motor,Motorcycle,1,Motorcycle / 3-wheel vehicle,1motor,1,Line 1,normal,1438.0455,31637,0.8404,51cbe36f-3fda-47ce-b171-25f02ffeeb3a,e2b5d1af-611f-418e-93d3-019b7b7ef4af,123,lembang,cikatomas pakidulan joszzz,,,973f2faa-6112-46fa-b6bf-4d49b6e745af,1_01_R_16082025020000.avi,2026-07-27T05:04:00+07:00
698,1270,motorcycle,1motor,1motor,Motorcycle,1,Motorcycle / 3-wheel vehicle,1motor,1,Line 1,normal,1442.3182,31731,0.8415,51cbe36f-3fda-47ce-b171-25f02ffeeb3a,e2b5d1af-611f-418e-93d3-019b7b7ef4af,123,lembang,cikatomas pakidulan joszzz,,,973f2faa-6112-46fa-b6bf-4d49b6e745af,1_01_R_16082025020000.avi,2026-07-27T05:04:00+07:00
699,1271,motorcycle,1motor,1motor,Motorcycle,1,Motorcycle / 3-wheel vehicle,1motor,1,Line 1,normal,1443.9091,31766,0.8375,51cbe36f-3fda-47ce-b171-25f02ffeeb3a,e2b5d1af-611f-418e-93d3-019b7b7ef4af,123,lembang,cikatomas pakidulan joszzz,,,973f2faa-6112-46fa-b6bf-4d49b6e745af,1_01_R_16082025020000.avi,2026-07-27T05:04:00+07:00
700,1274,truck,4pickupmicro,4PickupMicro,Pickup / Micro Truck,4,Pickup / micro truck / delivery,4PickupMicro,2,Line 2,normal,1444.9091,31788,0.9154,51cbe36f-3fda-47ce-b171-25f02ffeeb3a,e2b5d1af-611f-418e-93d3-019b7b7ef4af,123,lembang,cikatomas pakidulan joszzz,,,973f2faa-6112-46fa-b6bf-4d49b6e745af,1_01_R_16082025020000.avi,2026-07-27T05:04:00+07:00
701,1274,truck,4pickupmicro,4PickupMicro,Pickup / Micro Truck,4,Pickup / micro truck / delivery,4PickupMicro,1,Line 1,opposite,1445.4545,31800,0.9209,51cbe36f-3fda-47ce-b171-25f02ffeeb3a,e2b5d1af-611f-418e-93d3-019b7b7ef4af,123,lembang,cikatomas pakidulan joszzz,,,973f2faa-6112-46fa-b6bf-4d49b6e745af,1_01_R_16082025020000.avi,2026-07-27T05:04:00+07:00
702,1279,motorcycle,1motor,1motor,Motorcycle,1,Motorcycle / 3-wheel vehicle,1motor,1,Line 1,opposite,1448.0,31856,0.857,51cbe36f-3fda-47ce-b171-25f02ffeeb3a,e2b5d1af-611f-418e-93d3-019b7b7ef4af,123,lembang,cikatomas pakidulan joszzz,,,973f2faa-6112-46fa-b6bf-4d49b6e745af,1_01_R_16082025020000.avi,2026-07-27T05:04:00+07:00
703,1281,motorcycle,1motor,1motor,Motorcycle,1,Motorcycle / 3-wheel vehicle,1motor,1,Line 1,opposite,1449.1818,31882,0.8253,51cbe36f-3fda-47ce-b171-25f02ffeeb3a,e2b5d1af-611f-418e-93d3-019b7b7ef4af,123,lembang,cikatomas pakidulan joszzz,,,973f2faa-6112-46fa-b6bf-4d49b6e745af,1_01_R_16082025020000.avi,2026-07-27T05:04:00+07:00
704,1282,motorcycle,1motor,1motor,Motorcycle,1,Motorcycle / 3-wheel vehicle,1motor,2,Line 2,normal,1461.5,32153,0.7661,51cbe36f-3fda-47ce-b171-25f02ffeeb3a,e2b5d1af-611f-418e-93d3-019b7b7ef4af,123,lembang,cikatomas pakidulan joszzz,,,973f2faa-6112-46fa-b6bf-4d49b6e745af,1_01_R_16082025020000.avi,2026-07-27T05:04:00+07:00
705,1285,motorcycle,1motor,1motor,Motorcycle,1,Motorcycle / 3-wheel vehicle,1motor,2,Line 2,normal,1462.9091,32184,0.8695,51cbe36f-3fda-47ce-b171-25f02ffeeb3a,e2b5d1af-611f-418e-93d3-019b7b7ef4af,123,lembang,cikatomas pakidulan joszzz,,,973f2faa-6112-46fa-b6bf-4d49b6e745af,1_01_R_16082025020000.avi,2026-07-27T05:04:00+07:00
706,1282,motorcycle,1motor,1motor,Motorcycle,1,Motorcycle / 3-wheel vehicle,1motor,1,Line 1,opposite,1463.0909,32188,0.6491,51cbe36f-3fda-47ce-b171-25f02ffeeb3a,e2b5d1af-611f-418e-93d3-019b7b7ef4af,123,lembang,cikatomas pakidulan joszzz,,,973f2faa-6112-46fa-b6bf-4d49b6e745af,1_01_R_16082025020000.avi,2026-07-27T05:04:00+07:00
707,1285,motorcycle,1motor,1motor,Motorcycle,1,Motorcycle / 3-wheel vehicle,1motor,1,Line 1,opposite,1463.5909,32199,0.8452,51cbe36f-3fda-47ce-b171-25f02ffeeb3a,e2b5d1af-611f-418e-93d3-019b7b7ef4af,123,lembang,cikatomas pakidulan joszzz,,,973f2faa-6112-46fa-b6bf-4d49b6e745af,1_01_R_16082025020000.avi,2026-07-27T05:04:00+07:00
708,1286,car,2mobil,2mobil,Car / Sedan,2,Sedan / jeep / station wagon,2mobil,2,Line 2,normal,1465.1364,32233,0.927,51cbe36f-3fda-47ce-b171-25f02ffeeb3a,e2b5d1af-611f-418e-93d3-019b7b7ef4af,123,lembang,cikatomas pakidulan joszzz,,,973f2faa-6112-46fa-b6bf-4d49b6e745af,1_01_R_16082025020000.avi,2026-07-27T05:04:00+07:00
709,1286,car,2mobil,2mobil,Car / Sedan,2,Sedan / jeep / station wagon,2mobil,1,Line 1,opposite,1465.6364,32244,0.8976,51cbe36f-3fda-47ce-b171-25f02ffeeb3a,e2b5d1af-611f-418e-93d3-019b7b7ef4af,123,lembang,cikatomas pakidulan joszzz,,,973f2faa-6112-46fa-b6bf-4d49b6e745af,1_01_R_16082025020000.avi,2026-07-27T05:04:00+07:00
710,1287,motorcycle,1motor,1motor,Motorcycle,1,Motorcycle / 3-wheel vehicle,1motor,1,Line 1,normal,1468.1364,32299,0.8208,51cbe36f-3fda-47ce-b171-25f02ffeeb3a,e2b5d1af-611f-418e-93d3-019b7b7ef4af,123,lembang,cikatomas pakidulan joszzz,,,973f2faa-6112-46fa-b6bf-4d49b6e745af,1_01_R_16082025020000.avi,2026-07-27T05:04:00+07:00
711,1287,motorcycle,1motor,1motor,Motorcycle,1,Motorcycle / 3-wheel vehicle,1motor,2,Line 2,opposite,1469.0455,32319,0.8507,51cbe36f-3fda-47ce-b171-25f02ffeeb3a,e2b5d1af-611f-418e-93d3-019b7b7ef4af,123,lembang,cikatomas pakidulan joszzz,,,973f2faa-6112-46fa-b6bf-4d49b6e745af,1_01_R_16082025020000.avi,2026-07-27T05:04:00+07:00
712,1288,motorcycle,1motor,1motor,Motorcycle,1,Motorcycle / 3-wheel vehicle,1motor,1,Line 1,normal,1472.1364,32387,0.8519,51cbe36f-3fda-47ce-b171-25f02ffeeb3a,e2b5d1af-611f-418e-93d3-019b7b7ef4af,123,lembang,cikatomas pakidulan joszzz,,,973f2faa-6112-46fa-b6bf-4d49b6e745af,1_01_R_16082025020000.avi,2026-07-27T05:04:00+07:00
713,1288,motorcycle,1motor,1motor,Motorcycle,1,Motorcycle / 3-wheel vehicle,1motor,2,Line 2,opposite,1473.0909,32408,0.7896,51cbe36f-3fda-47ce-b171-25f02ffeeb3a,e2b5d1af-611f-418e-93d3-019b7b7ef4af,123,lembang,cikatomas pakidulan joszzz,,,973f2faa-6112-46fa-b6bf-4d49b6e745af,1_01_R_16082025020000.avi,2026-07-27T05:04:00+07:00
714,800235,motorcycle,1motor,1motor,Motorcycle,1,Motorcycle / 3-wheel vehicle,1motor,1,Line 1,normal,1476.8182,32490,0.1982,51cbe36f-3fda-47ce-b171-25f02ffeeb3a,e2b5d1af-611f-418e-93d3-019b7b7ef4af,123,lembang,cikatomas pakidulan joszzz,,,973f2faa-6112-46fa-b6bf-4d49b6e745af,1_01_R_16082025020000.avi,2026-07-27T05:04:00+07:00
715,800235,motorcycle,1motor,1motor,Motorcycle,1,Motorcycle / 3-wheel vehicle,1motor,2,Line 2,opposite,1476.8182,32490,0.1982,51cbe36f-3fda-47ce-b171-25f02ffeeb3a,e2b5d1af-611f-418e-93d3-019b7b7ef4af,123,lembang,cikatomas pakidulan joszzz,,,973f2faa-6112-46fa-b6bf-4d49b6e745af,1_01_R_16082025020000.avi,2026-07-27T05:04:00+07:00
716,1296,motorcycle,1motor,1motor,Motorcycle,1,Motorcycle / 3-wheel vehicle,1motor,2,Line 2,normal,1477.1818,32498,0.8212,51cbe36f-3fda-47ce-b171-25f02ffeeb3a,e2b5d1af-611f-418e-93d3-019b7b7ef4af,123,lembang,cikatomas pakidulan joszzz,,,973f2faa-6112-46fa-b6bf-4d49b6e745af,1_01_R_16082025020000.avi,2026-07-27T05:04:00+07:00
717,1294,motorcycle,1motor,1motor,Motorcycle,1,Motorcycle / 3-wheel vehicle,1motor,1,Line 1,normal,1477.6364,32508,0.704,51cbe36f-3fda-47ce-b171-25f02ffeeb3a,e2b5d1af-611f-418e-93d3-019b7b7ef4af,123,lembang,cikatomas pakidulan joszzz,,,973f2faa-6112-46fa-b6bf-4d49b6e745af,1_01_R_16082025020000.avi,2026-07-27T05:04:00+07:00
718,1296,motorcycle,1motor,1motor,Motorcycle,1,Motorcycle / 3-wheel vehicle,1motor,1,Line 1,opposite,1477.7273,32510,0.8369,51cbe36f-3fda-47ce-b171-25f02ffeeb3a,e2b5d1af-611f-418e-93d3-019b7b7ef4af,123,lembang,cikatomas pakidulan joszzz,,,973f2faa-6112-46fa-b6bf-4d49b6e745af,1_01_R_16082025020000.avi,2026-07-27T05:04:00+07:00
719,1298,motorcycle,1motor,1motor,Motorcycle,1,Motorcycle / 3-wheel vehicle,1motor,1,Line 1,opposite,1484.5,32659,0.8601,51cbe36f-3fda-47ce-b171-25f02ffeeb3a,e2b5d1af-611f-418e-93d3-019b7b7ef4af,123,lembang,cikatomas pakidulan joszzz,,,973f2faa-6112-46fa-b6bf-4d49b6e745af,1_01_R_16082025020000.avi,2026-07-27T05:04:00+07:00
720,1302,car,2mobil,2mobil,Car / Sedan,2,Sedan / jeep / station wagon,2mobil,2,Line 2,normal,1486.3182,32699,0.88,51cbe36f-3fda-47ce-b171-25f02ffeeb3a,e2b5d1af-611f-418e-93d3-019b7b7ef4af,123,lembang,cikatomas pakidulan joszzz,,,973f2faa-6112-46fa-b6bf-4d49b6e745af,1_01_R_16082025020000.avi,2026-07-27T05:04:00+07:00
721,1302,car,2mobil,2mobil,Car / Sedan,2,Sedan / jeep / station wagon,2mobil,1,Line 1,opposite,1486.8182,32710,0.8807,51cbe36f-3fda-47ce-b171-25f02ffeeb3a,e2b5d1af-611f-418e-93d3-019b7b7ef4af,123,lembang,cikatomas pakidulan joszzz,,,973f2faa-6112-46fa-b6bf-4d49b6e745af,1_01_R_16082025020000.avi,2026-07-27T05:04:00+07:00
722,1301,motorcycle,1motor,1motor,Motorcycle,1,Motorcycle / 3-wheel vehicle,1motor,1,Line 1,normal,1486.8636,32711,0.807,51cbe36f-3fda-47ce-b171-25f02ffeeb3a,e2b5d1af-611f-418e-93d3-019b7b7ef4af,123,lembang,cikatomas pakidulan joszzz,,,973f2faa-6112-46fa-b6bf-4d49b6e745af,1_01_R_16082025020000.avi,2026-07-27T05:04:00+07:00
723,1301,motorcycle,1motor,1motor,Motorcycle,1,Motorcycle / 3-wheel vehicle,1motor,2,Line 2,opposite,1488.1818,32740,0.5825,51cbe36f-3fda-47ce-b171-25f02ffeeb3a,e2b5d1af-611f-418e-93d3-019b7b7ef4af,123,lembang,cikatomas pakidulan joszzz,,,973f2faa-6112-46fa-b6bf-4d49b6e745af,1_01_R_16082025020000.avi,2026-07-27T05:04:00+07:00
724,1305,car,2mobil,2mobil,Car / Sedan,2,Sedan / jeep / station wagon,2mobil,2,Line 2,normal,1490.9545,32801,0.9183,51cbe36f-3fda-47ce-b171-25f02ffeeb3a,e2b5d1af-611f-418e-93d3-019b7b7ef4af,123,lembang,cikatomas pakidulan joszzz,,,973f2faa-6112-46fa-b6bf-4d49b6e745af,1_01_R_16082025020000.avi,2026-07-27T05:04:00+07:00
725,1305,car,2mobil,2mobil,Car / Sedan,2,Sedan / jeep / station wagon,2mobil,1,Line 1,opposite,1491.4545,32812,0.8893,51cbe36f-3fda-47ce-b171-25f02ffeeb3a,e2b5d1af-611f-418e-93d3-019b7b7ef4af,123,lembang,cikatomas pakidulan joszzz,,,973f2faa-6112-46fa-b6bf-4d49b6e745af,1_01_R_16082025020000.avi,2026-07-27T05:04:00+07:00
726,1306,truck,6tr_2sumbu,6TR_2sumbu,2-Axle Truck (Jumbo),6,2-Axle Truck,6TR_2sumbu,2,Line 2,normal,1493.8182,32864,0.901,51cbe36f-3fda-47ce-b171-25f02ffeeb3a,e2b5d1af-611f-418e-93d3-019b7b7ef4af,123,lembang,cikatomas pakidulan joszzz,,,973f2faa-6112-46fa-b6bf-4d49b6e745af,1_01_R_16082025020000.avi,2026-07-27T05:04:00+07:00
727,1306,truck,6tr_2sumbu,6TR_2sumbu,2-Axle Truck (Jumbo),6,2-Axle Truck,6TR_2sumbu,1,Line 1,opposite,1494.7727,32885,0.8901,51cbe36f-3fda-47ce-b171-25f02ffeeb3a,e2b5d1af-611f-418e-93d3-019b7b7ef4af,123,lembang,cikatomas pakidulan joszzz,,,973f2faa-6112-46fa-b6bf-4d49b6e745af,1_01_R_16082025020000.avi,2026-07-27T05:04:00+07:00
728,1310,motorcycle,1motor,1motor,Motorcycle,1,Motorcycle / 3-wheel vehicle,1motor,2,Line 2,normal,1496.3636,32920,0.5054,51cbe36f-3fda-47ce-b171-25f02ffeeb3a,e2b5d1af-611f-418e-93d3-019b7b7ef4af,123,lembang,cikatomas pakidulan joszzz,,,973f2faa-6112-46fa-b6bf-4d49b6e745af,1_01_R_16082025020000.avi,2026-07-27T05:04:00+07:00
729,1310,motorcycle,1motor,1motor,Motorcycle,1,Motorcycle / 3-wheel vehicle,1motor,1,Line 1,opposite,1497.0455,32935,0.8076,51cbe36f-3fda-47ce-b171-25f02ffeeb3a,e2b5d1af-611f-418e-93d3-019b7b7ef4af,123,lembang,cikatomas pakidulan joszzz,,,973f2faa-6112-46fa-b6bf-4d49b6e745af,1_01_R_16082025020000.avi,2026-07-27T05:04:00+07:00
730,1311,motorcycle,1motor,1motor,Motorcycle,1,Motorcycle / 3-wheel vehicle,1motor,1,Line 1,normal,1497.7273,32950,0.8358,51cbe36f-3fda-47ce-b171-25f02ffeeb3a,e2b5d1af-611f-418e-93d3-019b7b7ef4af,123,lembang,cikatomas pakidulan joszzz,,,973f2faa-6112-46fa-b6bf-4d49b6e745af,1_01_R_16082025020000.avi,2026-07-27T05:04:00+07:00
731,1316,motorcycle,1motor,1motor,Motorcycle,1,Motorcycle / 3-wheel vehicle,1motor,1,Line 1,normal,1502.5,33055,0.8039,51cbe36f-3fda-47ce-b171-25f02ffeeb3a,e2b5d1af-611f-418e-93d3-019b7b7ef4af,123,lembang,cikatomas pakidulan joszzz,,,973f2faa-6112-46fa-b6bf-4d49b6e745af,1_01_R_16082025020000.avi,2026-07-27T05:04:00+07:00
732,1316,motorcycle,1motor,1motor,Motorcycle,1,Motorcycle / 3-wheel vehicle,1motor,2,Line 2,opposite,1503.5,33077,0.5847,51cbe36f-3fda-47ce-b171-25f02ffeeb3a,e2b5d1af-611f-418e-93d3-019b7b7ef4af,123,lembang,cikatomas pakidulan joszzz,,,973f2faa-6112-46fa-b6bf-4d49b6e745af,1_01_R_16082025020000.avi,2026-07-27T05:04:00+07:00
733,800243,motorcycle,1motor,1motor,Motorcycle,1,Motorcycle / 3-wheel vehicle,1motor,1,Line 1,normal,1504.7727,33105,0.4586,51cbe36f-3fda-47ce-b171-25f02ffeeb3a,e2b5d1af-611f-418e-93d3-019b7b7ef4af,123,lembang,cikatomas pakidulan joszzz,,,973f2faa-6112-46fa-b6bf-4d49b6e745af,1_01_R_16082025020000.avi,2026-07-27T05:04:00+07:00
734,800243,motorcycle,1motor,1motor,Motorcycle,1,Motorcycle / 3-wheel vehicle,1motor,2,Line 2,opposite,1504.9091,33108,0.6339,51cbe36f-3fda-47ce-b171-25f02ffeeb3a,e2b5d1af-611f-418e-93d3-019b7b7ef4af,123,lembang,cikatomas pakidulan joszzz,,,973f2faa-6112-46fa-b6bf-4d49b6e745af,1_01_R_16082025020000.avi,2026-07-27T05:04:00+07:00
735,1318,motorcycle,1motor,1motor,Motorcycle,1,Motorcycle / 3-wheel vehicle,1motor,2,Line 2,normal,1515.1364,33333,0.7508,51cbe36f-3fda-47ce-b171-25f02ffeeb3a,e2b5d1af-611f-418e-93d3-019b7b7ef4af,123,lembang,cikatomas pakidulan joszzz,,,973f2faa-6112-46fa-b6bf-4d49b6e745af,1_01_R_16082025020000.avi,2026-07-27T05:04:00+07:00
736,1318,motorcycle,1motor,1motor,Motorcycle,1,Motorcycle / 3-wheel vehicle,1motor,1,Line 1,opposite,1517.0,33374,0.7266,51cbe36f-3fda-47ce-b171-25f02ffeeb3a,e2b5d1af-611f-418e-93d3-019b7b7ef4af,123,lembang,cikatomas pakidulan joszzz,,,973f2faa-6112-46fa-b6bf-4d49b6e745af,1_01_R_16082025020000.avi,2026-07-27T05:04:00+07:00
737,1320,motorcycle,1motor,1motor,Motorcycle,1,Motorcycle / 3-wheel vehicle,1motor,1,Line 1,normal,1517.1364,33377,0.82,51cbe36f-3fda-47ce-b171-25f02ffeeb3a,e2b5d1af-611f-418e-93d3-019b7b7ef4af,123,lembang,cikatomas pakidulan joszzz,,,973f2faa-6112-46fa-b6bf-4d49b6e745af,1_01_R_16082025020000.avi,2026-07-27T05:04:00+07:00
738,1320,motorcycle,1motor,1motor,Motorcycle,1,Motorcycle / 3-wheel vehicle,1motor,2,Line 2,opposite,1518.1364,33399,0.5596,51cbe36f-3fda-47ce-b171-25f02ffeeb3a,e2b5d1af-611f-418e-93d3-019b7b7ef4af,123,lembang,cikatomas pakidulan joszzz,,,973f2faa-6112-46fa-b6bf-4d49b6e745af,1_01_R_16082025020000.avi,2026-07-27T05:04:00+07:00
739,800248,motorcycle,1motor,1motor,Motorcycle,1,Motorcycle / 3-wheel vehicle,1motor,2,Line 2,opposite,1518.4091,33405,0.17,51cbe36f-3fda-47ce-b171-25f02ffeeb3a,e2b5d1af-611f-418e-93d3-019b7b7ef4af,123,lembang,cikatomas pakidulan joszzz,,,973f2faa-6112-46fa-b6bf-4d49b6e745af,1_01_R_16082025020000.avi,2026-07-27T05:04:00+07:00
740,1322,car,2mobil,2mobil,Car / Sedan,2,Sedan / jeep / station wagon,2mobil,2,Line 2,normal,1524.4545,33538,0.9297,51cbe36f-3fda-47ce-b171-25f02ffeeb3a,e2b5d1af-611f-418e-93d3-019b7b7ef4af,123,lembang,cikatomas pakidulan joszzz,,,973f2faa-6112-46fa-b6bf-4d49b6e745af,1_01_R_16082025020000.avi,2026-07-27T05:04:00+07:00
741,1322,car,2mobil,2mobil,Car / Sedan,2,Sedan / jeep / station wagon,2mobil,1,Line 1,opposite,1525.0,33550,0.8946,51cbe36f-3fda-47ce-b171-25f02ffeeb3a,e2b5d1af-611f-418e-93d3-019b7b7ef4af,123,lembang,cikatomas pakidulan joszzz,,,973f2faa-6112-46fa-b6bf-4d49b6e745af,1_01_R_16082025020000.avi,2026-07-27T05:04:00+07:00
742,1324,motorcycle,1motor,1motor,Motorcycle,1,Motorcycle / 3-wheel vehicle,1motor,1,Line 1,normal,1527.1364,33597,0.8381,51cbe36f-3fda-47ce-b171-25f02ffeeb3a,e2b5d1af-611f-418e-93d3-019b7b7ef4af,123,lembang,cikatomas pakidulan joszzz,,,973f2faa-6112-46fa-b6bf-4d49b6e745af,1_01_R_16082025020000.avi,2026-07-27T05:04:00+07:00
743,1325,motorcycle,1motor,1motor,Motorcycle,1,Motorcycle / 3-wheel vehicle,1motor,1,Line 1,normal,1528.5909,33629,0.8085,51cbe36f-3fda-47ce-b171-25f02ffeeb3a,e2b5d1af-611f-418e-93d3-019b7b7ef4af,123,lembang,cikatomas pakidulan joszzz,,,973f2faa-6112-46fa-b6bf-4d49b6e745af,1_01_R_16082025020000.avi,2026-07-27T05:04:00+07:00
744,1325,motorcycle,1motor,1motor,Motorcycle,1,Motorcycle / 3-wheel vehicle,1motor,2,Line 2,opposite,1529.2273,33643,0.4372,51cbe36f-3fda-47ce-b171-25f02ffeeb3a,e2b5d1af-611f-418e-93d3-019b7b7ef4af,123,lembang,cikatomas pakidulan joszzz,,,973f2faa-6112-46fa-b6bf-4d49b6e745af,1_01_R_16082025020000.avi,2026-07-27T05:04:00+07:00
745,800250,motorcycle,1motor,1motor,Motorcycle,1,Motorcycle / 3-wheel vehicle,1motor,2,Line 2,opposite,1529.3182,33645,0.2734,51cbe36f-3fda-47ce-b171-25f02ffeeb3a,e2b5d1af-611f-418e-93d3-019b7b7ef4af,123,lembang,cikatomas pakidulan joszzz,,,973f2faa-6112-46fa-b6bf-4d49b6e745af,1_01_R_16082025020000.avi,2026-07-27T05:04:00+07:00
746,1330,car,2mobil,2mobil,Car / Sedan,2,Sedan / jeep / station wagon,2mobil,1,Line 1,normal,1535.5455,33782,0.865,51cbe36f-3fda-47ce-b171-25f02ffeeb3a,e2b5d1af-611f-418e-93d3-019b7b7ef4af,123,lembang,cikatomas pakidulan joszzz,,,973f2faa-6112-46fa-b6bf-4d49b6e745af,1_01_R_16082025020000.avi,2026-07-27T05:04:00+07:00
747,1330,car,2mobil,2mobil,Car / Sedan,2,Sedan / jeep / station wagon,2mobil,2,Line 2,opposite,1536.5455,33804,0.9184,51cbe36f-3fda-47ce-b171-25f02ffeeb3a,e2b5d1af-611f-418e-93d3-019b7b7ef4af,123,lembang,cikatomas pakidulan joszzz,,,973f2faa-6112-46fa-b6bf-4d49b6e745af,1_01_R_16082025020000.avi,2026-07-27T05:04:00+07:00
748,1333,motorcycle,1motor,1motor,Motorcycle,1,Motorcycle / 3-wheel vehicle,1motor,1,Line 1,normal,1537.8636,33833,0.8233,51cbe36f-3fda-47ce-b171-25f02ffeeb3a,e2b5d1af-611f-418e-93d3-019b7b7ef4af,123,lembang,cikatomas pakidulan joszzz,,,973f2faa-6112-46fa-b6bf-4d49b6e745af,1_01_R_16082025020000.avi,2026-07-27T05:04:00+07:00
749,1333,motorcycle,1motor,1motor,Motorcycle,1,Motorcycle / 3-wheel vehicle,1motor,2,Line 2,opposite,1538.8182,33854,0.8332,51cbe36f-3fda-47ce-b171-25f02ffeeb3a,e2b5d1af-611f-418e-93d3-019b7b7ef4af,123,lembang,cikatomas pakidulan joszzz,,,973f2faa-6112-46fa-b6bf-4d49b6e745af,1_01_R_16082025020000.avi,2026-07-27T05:04:00+07:00
750,1339,motorcycle,1motor,1motor,Motorcycle,1,Motorcycle / 3-wheel vehicle,1motor,1,Line 1,opposite,1544.8636,33987,0.8274,51cbe36f-3fda-47ce-b171-25f02ffeeb3a,e2b5d1af-611f-418e-93d3-019b7b7ef4af,123,lembang,cikatomas pakidulan joszzz,,,973f2faa-6112-46fa-b6bf-4d49b6e745af,1_01_R_16082025020000.avi,2026-07-27T05:04:00+07:00
751,1341,motorcycle,1motor,1motor,Motorcycle,1,Motorcycle / 3-wheel vehicle,1motor,1,Line 1,opposite,1563.4545,34396,0.8518,51cbe36f-3fda-47ce-b171-25f02ffeeb3a,e2b5d1af-611f-418e-93d3-019b7b7ef4af,123,lembang,cikatomas pakidulan joszzz,,,973f2faa-6112-46fa-b6bf-4d49b6e745af,1_01_R_16082025020000.avi,2026-07-27T05:04:00+07:00
752,1342,truck,4pickupmicro,4PickupMicro,Pickup / Micro Truck,4,Pickup / micro truck / delivery,4PickupMicro,2,Line 2,normal,1577.1818,34698,0.8992,51cbe36f-3fda-47ce-b171-25f02ffeeb3a,e2b5d1af-611f-418e-93d3-019b7b7ef4af,123,lembang,cikatomas pakidulan joszzz,,,973f2faa-6112-46fa-b6bf-4d49b6e745af,1_01_R_16082025020000.avi,2026-07-27T05:04:00+07:00
753,1342,truck,4pickupmicro,4PickupMicro,Pickup / Micro Truck,4,Pickup / micro truck / delivery,4PickupMicro,1,Line 1,opposite,1577.6364,34708,0.8984,51cbe36f-3fda-47ce-b171-25f02ffeeb3a,e2b5d1af-611f-418e-93d3-019b7b7ef4af,123,lembang,cikatomas pakidulan joszzz,,,973f2faa-6112-46fa-b6bf-4d49b6e745af,1_01_R_16082025020000.avi,2026-07-27T05:04:00+07:00
754,800253,motorcycle,1motor,1motor,Motorcycle,1,Motorcycle / 3-wheel vehicle,1motor,2,Line 2,normal,1578.2727,34722,0.2478,51cbe36f-3fda-47ce-b171-25f02ffeeb3a,e2b5d1af-611f-418e-93d3-019b7b7ef4af,123,lembang,cikatomas pakidulan joszzz,,,973f2faa-6112-46fa-b6bf-4d49b6e745af,1_01_R_16082025020000.avi,2026-07-27T05:04:00+07:00
755,1349,motorcycle,1motor,1motor,Motorcycle,1,Motorcycle / 3-wheel vehicle,1motor,2,Line 2,normal,1578.7727,34733,0.8513,51cbe36f-3fda-47ce-b171-25f02ffeeb3a,e2b5d1af-611f-418e-93d3-019b7b7ef4af,123,lembang,cikatomas pakidulan joszzz,,,973f2faa-6112-46fa-b6bf-4d49b6e745af,1_01_R_16082025020000.avi,2026-07-27T05:04:00+07:00
756,1348,motorcycle,1motor,1motor,Motorcycle,1,Motorcycle / 3-wheel vehicle,1motor,1,Line 1,opposite,1578.8182,34734,0.5602,51cbe36f-3fda-47ce-b171-25f02ffeeb3a,e2b5d1af-611f-418e-93d3-019b7b7ef4af,123,lembang,cikatomas pakidulan joszzz,,,973f2faa-6112-46fa-b6bf-4d49b6e745af,1_01_R_16082025020000.avi,2026-07-27T05:04:00+07:00
757,1349,motorcycle,1motor,1motor,Motorcycle,1,Motorcycle / 3-wheel vehicle,1motor,1,Line 1,opposite,1579.8636,34757,0.8218,51cbe36f-3fda-47ce-b171-25f02ffeeb3a,e2b5d1af-611f-418e-93d3-019b7b7ef4af,123,lembang,cikatomas pakidulan joszzz,,,973f2faa-6112-46fa-b6bf-4d49b6e745af,1_01_R_16082025020000.avi,2026-07-27T05:04:00+07:00
758,1352,motorcycle,1motor,1motor,Motorcycle,1,Motorcycle / 3-wheel vehicle,1motor,1,Line 1,normal,1580.0909,34762,0.8232,51cbe36f-3fda-47ce-b171-25f02ffeeb3a,e2b5d1af-611f-418e-93d3-019b7b7ef4af,123,lembang,cikatomas pakidulan joszzz,,,973f2faa-6112-46fa-b6bf-4d49b6e745af,1_01_R_16082025020000.avi,2026-07-27T05:04:00+07:00
759,800253,motorcycle,1motor,1motor,Motorcycle,1,Motorcycle / 3-wheel vehicle,1motor,1,Line 1,opposite,1580.5909,34773,0.2674,51cbe36f-3fda-47ce-b171-25f02ffeeb3a,e2b5d1af-611f-418e-93d3-019b7b7ef4af,123,lembang,cikatomas pakidulan joszzz,,,973f2faa-6112-46fa-b6bf-4d49b6e745af,1_01_R_16082025020000.avi,2026-07-27T05:04:00+07:00
760,1358,truck,6tr_2sumbu,6TR_2sumbu,2-Axle Truck (Jumbo),6,2-Axle Truck,6TR_2sumbu,2,Line 2,normal,1586.4091,34901,0.9167,51cbe36f-3fda-47ce-b171-25f02ffeeb3a,e2b5d1af-611f-418e-93d3-019b7b7ef4af,123,lembang,cikatomas pakidulan joszzz,,,973f2faa-6112-46fa-b6bf-4d49b6e745af,1_01_R_16082025020000.avi,2026-07-27T05:04:00+07:00
761,1358,truck,6tr_2sumbu,6TR_2sumbu,2-Axle Truck (Jumbo),6,2-Axle Truck,6TR_2sumbu,1,Line 1,opposite,1587.0909,34916,0.9322,51cbe36f-3fda-47ce-b171-25f02ffeeb3a,e2b5d1af-611f-418e-93d3-019b7b7ef4af,123,lembang,cikatomas pakidulan joszzz,,,973f2faa-6112-46fa-b6bf-4d49b6e745af,1_01_R_16082025020000.avi,2026-07-27T05:04:00+07:00
762,1360,motorcycle,1motor,1motor,Motorcycle,1,Motorcycle / 3-wheel vehicle,1motor,1,Line 1,opposite,1589.6364,34972,0.8487,51cbe36f-3fda-47ce-b171-25f02ffeeb3a,e2b5d1af-611f-418e-93d3-019b7b7ef4af,123,lembang,cikatomas pakidulan joszzz,,,973f2faa-6112-46fa-b6bf-4d49b6e745af,1_01_R_16082025020000.avi,2026-07-27T05:04:00+07:00
763,1367,motorcycle,1motor,1motor,Motorcycle,1,Motorcycle / 3-wheel vehicle,1motor,2,Line 2,normal,1594.7727,35085,0.8087,51cbe36f-3fda-47ce-b171-25f02ffeeb3a,e2b5d1af-611f-418e-93d3-019b7b7ef4af,123,lembang,cikatomas pakidulan joszzz,,,973f2faa-6112-46fa-b6bf-4d49b6e745af,1_01_R_16082025020000.avi,2026-07-27T05:04:00+07:00
764,1367,motorcycle,1motor,1motor,Motorcycle,1,Motorcycle / 3-wheel vehicle,1motor,1,Line 1,opposite,1595.6818,35105,0.8231,51cbe36f-3fda-47ce-b171-25f02ffeeb3a,e2b5d1af-611f-418e-93d3-019b7b7ef4af,123,lembang,cikatomas pakidulan joszzz,,,973f2faa-6112-46fa-b6bf-4d49b6e745af,1_01_R_16082025020000.avi,2026-07-27T05:04:00+07:00
765,1369,motorcycle,1motor,1motor,Motorcycle,1,Motorcycle / 3-wheel vehicle,1motor,2,Line 2,normal,1603.2273,35271,0.7402,51cbe36f-3fda-47ce-b171-25f02ffeeb3a,e2b5d1af-611f-418e-93d3-019b7b7ef4af,123,lembang,cikatomas pakidulan joszzz,,,973f2faa-6112-46fa-b6bf-4d49b6e745af,1_01_R_16082025020000.avi,2026-07-27T05:04:00+07:00
766,1369,motorcycle,1motor,1motor,Motorcycle,1,Motorcycle / 3-wheel vehicle,1motor,1,Line 1,opposite,1604.0455,35289,0.7516,51cbe36f-3fda-47ce-b171-25f02ffeeb3a,e2b5d1af-611f-418e-93d3-019b7b7ef4af,123,lembang,cikatomas pakidulan joszzz,,,973f2faa-6112-46fa-b6bf-4d49b6e745af,1_01_R_16082025020000.avi,2026-07-27T05:04:00+07:00
767,1371,car,2mobil,2mobil,Car / Sedan,2,Sedan / jeep / station wagon,2mobil,1,Line 1,normal,1610.5455,35432,0.8309,51cbe36f-3fda-47ce-b171-25f02ffeeb3a,e2b5d1af-611f-418e-93d3-019b7b7ef4af,123,lembang,cikatomas pakidulan joszzz,,,973f2faa-6112-46fa-b6bf-4d49b6e745af,1_01_R_16082025020000.avi,2026-07-27T05:04:00+07:00
768,1371,car,3ang_umum,3ang_umum,Public Transportation (Angkot),3,Medium passenger vehicle,3Ang_umum,2,Line 2,opposite,1611.2273,35447,0.608,51cbe36f-3fda-47ce-b171-25f02ffeeb3a,e2b5d1af-611f-418e-93d3-019b7b7ef4af,123,lembang,cikatomas pakidulan joszzz,,,973f2faa-6112-46fa-b6bf-4d49b6e745af,1_01_R_16082025020000.avi,2026-07-27T05:04:00+07:00
769,1378,car,2mobil,2mobil,Car / Sedan,2,Sedan / jeep / station wagon,2mobil,1,Line 1,normal,1612.6364,35478,0.8084,51cbe36f-3fda-47ce-b171-25f02ffeeb3a,e2b5d1af-611f-418e-93d3-019b7b7ef4af,123,lembang,cikatomas pakidulan joszzz,,,973f2faa-6112-46fa-b6bf-4d49b6e745af,1_01_R_16082025020000.avi,2026-07-27T05:04:00+07:00
770,1378,car,2mobil,2mobil,Car / Sedan,2,Sedan / jeep / station wagon,2mobil,2,Line 2,opposite,1613.3636,35494,0.8666,51cbe36f-3fda-47ce-b171-25f02ffeeb3a,e2b5d1af-611f-418e-93d3-019b7b7ef4af,123,lembang,cikatomas pakidulan joszzz,,,973f2faa-6112-46fa-b6bf-4d49b6e745af,1_01_R_16082025020000.avi,2026-07-27T05:04:00+07:00
771,1390,motorcycle,1motor,1motor,Motorcycle,1,Motorcycle / 3-wheel vehicle,1motor,1,Line 1,normal,1621.4091,35671,0.8178,51cbe36f-3fda-47ce-b171-25f02ffeeb3a,e2b5d1af-611f-418e-93d3-019b7b7ef4af,123,lembang,cikatomas pakidulan joszzz,,,973f2faa-6112-46fa-b6bf-4d49b6e745af,1_01_R_16082025020000.avi,2026-07-27T05:04:00+07:00
772,1390,motorcycle,1motor,1motor,Motorcycle,1,Motorcycle / 3-wheel vehicle,1motor,2,Line 2,opposite,1622.0455,35685,0.6219,51cbe36f-3fda-47ce-b171-25f02ffeeb3a,e2b5d1af-611f-418e-93d3-019b7b7ef4af,123,lembang,cikatomas pakidulan joszzz,,,973f2faa-6112-46fa-b6bf-4d49b6e745af,1_01_R_16082025020000.avi,2026-07-27T05:04:00+07:00
773,800260,motorcycle,1motor,1motor,Motorcycle,1,Motorcycle / 3-wheel vehicle,1motor,1,Line 1,normal,1624.0909,35730,0.76,51cbe36f-3fda-47ce-b171-25f02ffeeb3a,e2b5d1af-611f-418e-93d3-019b7b7ef4af,123,lembang,cikatomas pakidulan joszzz,,,973f2faa-6112-46fa-b6bf-4d49b6e745af,1_01_R_16082025020000.avi,2026-07-27T05:04:00+07:00
774,1393,motorcycle,1motor,1motor,Motorcycle,1,Motorcycle / 3-wheel vehicle,1motor,1,Line 1,normal,1624.1364,35731,0.8148,51cbe36f-3fda-47ce-b171-25f02ffeeb3a,e2b5d1af-611f-418e-93d3-019b7b7ef4af,123,lembang,cikatomas pakidulan joszzz,,,973f2faa-6112-46fa-b6bf-4d49b6e745af,1_01_R_16082025020000.avi,2026-07-27T05:04:00+07:00
775,1395,motorcycle,1motor,1motor,Motorcycle,1,Motorcycle / 3-wheel vehicle,1motor,2,Line 2,normal,1624.2273,35733,0.7569,51cbe36f-3fda-47ce-b171-25f02ffeeb3a,e2b5d1af-611f-418e-93d3-019b7b7ef4af,123,lembang,cikatomas pakidulan joszzz,,,973f2faa-6112-46fa-b6bf-4d49b6e745af,1_01_R_16082025020000.avi,2026-07-27T05:04:00+07:00
776,1395,motorcycle,1motor,1motor,Motorcycle,1,Motorcycle / 3-wheel vehicle,1motor,1,Line 1,opposite,1624.9545,35749,0.8445,51cbe36f-3fda-47ce-b171-25f02ffeeb3a,e2b5d1af-611f-418e-93d3-019b7b7ef4af,123,lembang,cikatomas pakidulan joszzz,,,973f2faa-6112-46fa-b6bf-4d49b6e745af,1_01_R_16082025020000.avi,2026-07-27T05:04:00+07:00
777,1393,motorcycle,1motor,1motor,Motorcycle,1,Motorcycle / 3-wheel vehicle,1motor,2,Line 2,opposite,1625.3636,35758,0.8345,51cbe36f-3fda-47ce-b171-25f02ffeeb3a,e2b5d1af-611f-418e-93d3-019b7b7ef4af,123,lembang,cikatomas pakidulan joszzz,,,973f2faa-6112-46fa-b6bf-4d49b6e745af,1_01_R_16082025020000.avi,2026-07-27T05:04:00+07:00
778,1396,motorcycle,1motor,1motor,Motorcycle,1,Motorcycle / 3-wheel vehicle,1motor,2,Line 2,opposite,1625.4091,35759,0.8054,51cbe36f-3fda-47ce-b171-25f02ffeeb3a,e2b5d1af-611f-418e-93d3-019b7b7ef4af,123,lembang,cikatomas pakidulan joszzz,,,973f2faa-6112-46fa-b6bf-4d49b6e745af,1_01_R_16082025020000.avi,2026-07-27T05:04:00+07:00
779,800260,motorcycle,1motor,1motor,Motorcycle,1,Motorcycle / 3-wheel vehicle,1motor,2,Line 2,opposite,1625.5909,35763,0.6124,51cbe36f-3fda-47ce-b171-25f02ffeeb3a,e2b5d1af-611f-418e-93d3-019b7b7ef4af,123,lembang,cikatomas pakidulan joszzz,,,973f2faa-6112-46fa-b6bf-4d49b6e745af,1_01_R_16082025020000.avi,2026-07-27T05:04:00+07:00
780,1399,motorcycle,1motor,1motor,Motorcycle,1,Motorcycle / 3-wheel vehicle,1motor,2,Line 2,normal,1625.9545,35771,0.8423,51cbe36f-3fda-47ce-b171-25f02ffeeb3a,e2b5d1af-611f-418e-93d3-019b7b7ef4af,123,lembang,cikatomas pakidulan joszzz,,,973f2faa-6112-46fa-b6bf-4d49b6e745af,1_01_R_16082025020000.avi,2026-07-27T05:04:00+07:00
781,1399,motorcycle,1motor,1motor,Motorcycle,1,Motorcycle / 3-wheel vehicle,1motor,1,Line 1,opposite,1626.6818,35787,0.8135,51cbe36f-3fda-47ce-b171-25f02ffeeb3a,e2b5d1af-611f-418e-93d3-019b7b7ef4af,123,lembang,cikatomas pakidulan joszzz,,,973f2faa-6112-46fa-b6bf-4d49b6e745af,1_01_R_16082025020000.avi,2026-07-27T05:04:00+07:00
782,1403,motorcycle,1motor,1motor,Motorcycle,1,Motorcycle / 3-wheel vehicle,1motor,1,Line 1,normal,1630.8182,35878,0.8449,51cbe36f-3fda-47ce-b171-25f02ffeeb3a,e2b5d1af-611f-418e-93d3-019b7b7ef4af,123,lembang,cikatomas pakidulan joszzz,,,973f2faa-6112-46fa-b6bf-4d49b6e745af,1_01_R_16082025020000.avi,2026-07-27T05:04:00+07:00
783,1403,motorcycle,1motor,1motor,Motorcycle,1,Motorcycle / 3-wheel vehicle,1motor,2,Line 2,opposite,1632.2727,35910,0.7732,51cbe36f-3fda-47ce-b171-25f02ffeeb3a,e2b5d1af-611f-418e-93d3-019b7b7ef4af,123,lembang,cikatomas pakidulan joszzz,,,973f2faa-6112-46fa-b6bf-4d49b6e745af,1_01_R_16082025020000.avi,2026-07-27T05:04:00+07:00
784,1405,motorcycle,1motor,1motor,Motorcycle,1,Motorcycle / 3-wheel vehicle,1motor,1,Line 1,normal,1635.4545,35980,0.8185,51cbe36f-3fda-47ce-b171-25f02ffeeb3a,e2b5d1af-611f-418e-93d3-019b7b7ef4af,123,lembang,cikatomas pakidulan joszzz,,,973f2faa-6112-46fa-b6bf-4d49b6e745af,1_01_R_16082025020000.avi,2026-07-27T05:04:00+07:00
785,1405,motorcycle,1motor,1motor,Motorcycle,1,Motorcycle / 3-wheel vehicle,1motor,2,Line 2,opposite,1636.6364,36006,0.8176,51cbe36f-3fda-47ce-b171-25f02ffeeb3a,e2b5d1af-611f-418e-93d3-019b7b7ef4af,123,lembang,cikatomas pakidulan joszzz,,,973f2faa-6112-46fa-b6bf-4d49b6e745af,1_01_R_16082025020000.avi,2026-07-27T05:04:00+07:00
786,800266,motorcycle,1motor,1motor,Motorcycle,1,Motorcycle / 3-wheel vehicle,1motor,1,Line 1,normal,1640.5909,36093,0.5099,51cbe36f-3fda-47ce-b171-25f02ffeeb3a,e2b5d1af-611f-418e-93d3-019b7b7ef4af,123,lembang,cikatomas pakidulan joszzz,,,973f2faa-6112-46fa-b6bf-4d49b6e745af,1_01_R_16082025020000.avi,2026-07-27T05:04:00+07:00
787,800266,motorcycle,1motor,1motor,Motorcycle,1,Motorcycle / 3-wheel vehicle,1motor,2,Line 2,opposite,1640.5909,36093,0.5099,51cbe36f-3fda-47ce-b171-25f02ffeeb3a,e2b5d1af-611f-418e-93d3-019b7b7ef4af,123,lembang,cikatomas pakidulan joszzz,,,973f2faa-6112-46fa-b6bf-4d49b6e745af,1_01_R_16082025020000.avi,2026-07-27T05:04:00+07:00
788,1409,motorcycle,1motor,1motor,Motorcycle,1,Motorcycle / 3-wheel vehicle,1motor,1,Line 1,normal,1640.7727,36097,0.7341,51cbe36f-3fda-47ce-b171-25f02ffeeb3a,e2b5d1af-611f-418e-93d3-019b7b7ef4af,123,lembang,cikatomas pakidulan joszzz,,,973f2faa-6112-46fa-b6bf-4d49b6e745af,1_01_R_16082025020000.avi,2026-07-27T05:04:00+07:00
789,1413,motorcycle,1motor,1motor,Motorcycle,1,Motorcycle / 3-wheel vehicle,1motor,2,Line 2,normal,1641.0,36102,0.8311,51cbe36f-3fda-47ce-b171-25f02ffeeb3a,e2b5d1af-611f-418e-93d3-019b7b7ef4af,123,lembang,cikatomas pakidulan joszzz,,,973f2faa-6112-46fa-b6bf-4d49b6e745af,1_01_R_16082025020000.avi,2026-07-27T05:04:00+07:00
790,1413,motorcycle,1motor,1motor,Motorcycle,1,Motorcycle / 3-wheel vehicle,1motor,1,Line 1,opposite,1641.7273,36118,0.862,51cbe36f-3fda-47ce-b171-25f02ffeeb3a,e2b5d1af-611f-418e-93d3-019b7b7ef4af,123,lembang,cikatomas pakidulan joszzz,,,973f2faa-6112-46fa-b6bf-4d49b6e745af,1_01_R_16082025020000.avi,2026-07-27T05:04:00+07:00
791,1409,motorcycle,1motor,1motor,Motorcycle,1,Motorcycle / 3-wheel vehicle,1motor,2,Line 2,opposite,1641.7727,36119,0.8313,51cbe36f-3fda-47ce-b171-25f02ffeeb3a,e2b5d1af-611f-418e-93d3-019b7b7ef4af,123,lembang,cikatomas pakidulan joszzz,,,973f2faa-6112-46fa-b6bf-4d49b6e745af,1_01_R_16082025020000.avi,2026-07-27T05:04:00+07:00
792,1421,motorcycle,1motor,1motor,Motorcycle,1,Motorcycle / 3-wheel vehicle,1motor,2,Line 2,normal,1642.1364,36127,0.76,51cbe36f-3fda-47ce-b171-25f02ffeeb3a,e2b5d1af-611f-418e-93d3-019b7b7ef4af,123,lembang,cikatomas pakidulan joszzz,,,973f2faa-6112-46fa-b6bf-4d49b6e745af,1_01_R_16082025020000.avi,2026-07-27T05:04:00+07:00
793,1419,motorcycle,1motor,1motor,Motorcycle,1,Motorcycle / 3-wheel vehicle,1motor,2,Line 2,normal,1642.2727,36130,0.8586,51cbe36f-3fda-47ce-b171-25f02ffeeb3a,e2b5d1af-611f-418e-93d3-019b7b7ef4af,123,lembang,cikatomas pakidulan joszzz,,,973f2faa-6112-46fa-b6bf-4d49b6e745af,1_01_R_16082025020000.avi,2026-07-27T05:04:00+07:00
794,1422,motorcycle,1motor,1motor,Motorcycle,1,Motorcycle / 3-wheel vehicle,1motor,2,Line 2,normal,1642.4091,36133,0.825,51cbe36f-3fda-47ce-b171-25f02ffeeb3a,e2b5d1af-611f-418e-93d3-019b7b7ef4af,123,lembang,cikatomas pakidulan joszzz,,,973f2faa-6112-46fa-b6bf-4d49b6e745af,1_01_R_16082025020000.avi,2026-07-27T05:04:00+07:00
795,1421,motorcycle,1motor,1motor,Motorcycle,1,Motorcycle / 3-wheel vehicle,1motor,1,Line 1,opposite,1642.8182,36142,0.8,51cbe36f-3fda-47ce-b171-25f02ffeeb3a,e2b5d1af-611f-418e-93d3-019b7b7ef4af,123,lembang,cikatomas pakidulan joszzz,,,973f2faa-6112-46fa-b6bf-4d49b6e745af,1_01_R_16082025020000.avi,2026-07-27T05:04:00+07:00
796,1425,motorcycle,1motor,1motor,Motorcycle,1,Motorcycle / 3-wheel vehicle,1motor,1,Line 1,opposite,1643.0,36146,0.7235,51cbe36f-3fda-47ce-b171-25f02ffeeb3a,e2b5d1af-611f-418e-93d3-019b7b7ef4af,123,lembang,cikatomas pakidulan joszzz,,,973f2faa-6112-46fa-b6bf-4d49b6e745af,1_01_R_16082025020000.avi,2026-07-27T05:04:00+07:00
797,1424,motorcycle,1motor,1motor,Motorcycle,1,Motorcycle / 3-wheel vehicle,1motor,1,Line 1,normal,1643.8636,36165,0.8509,51cbe36f-3fda-47ce-b171-25f02ffeeb3a,e2b5d1af-611f-418e-93d3-019b7b7ef4af,123,lembang,cikatomas pakidulan joszzz,,,973f2faa-6112-46fa-b6bf-4d49b6e745af,1_01_R_16082025020000.avi,2026-07-27T05:04:00+07:00
798,800269,motorcycle,1motor,1motor,Motorcycle,1,Motorcycle / 3-wheel vehicle,1motor,1,Line 1,normal,1644.4091,36177,0.288,51cbe36f-3fda-47ce-b171-25f02ffeeb3a,e2b5d1af-611f-418e-93d3-019b7b7ef4af,123,lembang,cikatomas pakidulan joszzz,,,973f2faa-6112-46fa-b6bf-4d49b6e745af,1_01_R_16082025020000.avi,2026-07-27T05:04:00+07:00
799,1434,car,2mobil,2mobil,Car / Sedan,2,Sedan / jeep / station wagon,2mobil,2,Line 2,normal,1657.5,36465,0.9238,51cbe36f-3fda-47ce-b171-25f02ffeeb3a,e2b5d1af-611f-418e-93d3-019b7b7ef4af,123,lembang,cikatomas pakidulan joszzz,,,973f2faa-6112-46fa-b6bf-4d49b6e745af,1_01_R_16082025020000.avi,2026-07-27T05:04:00+07:00
800,1434,car,2mobil,2mobil,Car / Sedan,2,Sedan / jeep / station wagon,2mobil,1,Line 1,opposite,1657.9545,36475,0.8955,51cbe36f-3fda-47ce-b171-25f02ffeeb3a,e2b5d1af-611f-418e-93d3-019b7b7ef4af,123,lembang,cikatomas pakidulan joszzz,,,973f2faa-6112-46fa-b6bf-4d49b6e745af,1_01_R_16082025020000.avi,2026-07-27T05:04:00+07:00
801,1435,motorcycle,1motor,1motor,Motorcycle,1,Motorcycle / 3-wheel vehicle,1motor,1,Line 1,normal,1659.6818,36513,0.845,51cbe36f-3fda-47ce-b171-25f02ffeeb3a,e2b5d1af-611f-418e-93d3-019b7b7ef4af,123,lembang,cikatomas pakidulan joszzz,,,973f2faa-6112-46fa-b6bf-4d49b6e745af,1_01_R_16082025020000.avi,2026-07-27T05:04:00+07:00
802,1435,motorcycle,1motor,1motor,Motorcycle,1,Motorcycle / 3-wheel vehicle,1motor,2,Line 2,opposite,1660.5,36531,0.7758,51cbe36f-3fda-47ce-b171-25f02ffeeb3a,e2b5d1af-611f-418e-93d3-019b7b7ef4af,123,lembang,cikatomas pakidulan joszzz,,,973f2faa-6112-46fa-b6bf-4d49b6e745af,1_01_R_16082025020000.avi,2026-07-27T05:04:00+07:00
803,1436,car,2mobil,2mobil,Car / Sedan,2,Sedan / jeep / station wagon,2mobil,2,Line 2,normal,1663.6818,36601,0.9243,51cbe36f-3fda-47ce-b171-25f02ffeeb3a,e2b5d1af-611f-418e-93d3-019b7b7ef4af,123,lembang,cikatomas pakidulan joszzz,,,973f2faa-6112-46fa-b6bf-4d49b6e745af,1_01_R_16082025020000.avi,2026-07-27T05:04:00+07:00
804,1436,car,2mobil,2mobil,Car / Sedan,2,Sedan / jeep / station wagon,2mobil,1,Line 1,opposite,1664.2273,36613,0.8968,51cbe36f-3fda-47ce-b171-25f02ffeeb3a,e2b5d1af-611f-418e-93d3-019b7b7ef4af,123,lembang,cikatomas pakidulan joszzz,,,973f2faa-6112-46fa-b6bf-4d49b6e745af,1_01_R_16082025020000.avi,2026-07-27T05:04:00+07:00
805,1437,car,2mobil,2mobil,Car / Sedan,2,Sedan / jeep / station wagon,2mobil,2,Line 2,normal,1664.2727,36614,0.9104,51cbe36f-3fda-47ce-b171-25f02ffeeb3a,e2b5d1af-611f-418e-93d3-019b7b7ef4af,123,lembang,cikatomas pakidulan joszzz,,,973f2faa-6112-46fa-b6bf-4d49b6e745af,1_01_R_16082025020000.avi,2026-07-27T05:04:00+07:00
806,1437,car,2mobil,2mobil,Car / Sedan,2,Sedan / jeep / station wagon,2mobil,1,Line 1,opposite,1664.9545,36629,0.8817,51cbe36f-3fda-47ce-b171-25f02ffeeb3a,e2b5d1af-611f-418e-93d3-019b7b7ef4af,123,lembang,cikatomas pakidulan joszzz,,,973f2faa-6112-46fa-b6bf-4d49b6e745af,1_01_R_16082025020000.avi,2026-07-27T05:04:00+07:00
807,1439,car,3ang_umum,3ang_umum,Public Transportation (Angkot),3,Medium passenger vehicle,3Ang_umum,2,Line 2,normal,1665.2273,36635,0.8988,51cbe36f-3fda-47ce-b171-25f02ffeeb3a,e2b5d1af-611f-418e-93d3-019b7b7ef4af,123,lembang,cikatomas pakidulan joszzz,,,973f2faa-6112-46fa-b6bf-4d49b6e745af,1_01_R_16082025020000.avi,2026-07-27T05:04:00+07:00
808,1439,car,3ang_umum,3ang_umum,Public Transportation (Angkot),3,Medium passenger vehicle,3Ang_umum,1,Line 1,opposite,1665.7273,36646,0.8843,51cbe36f-3fda-47ce-b171-25f02ffeeb3a,e2b5d1af-611f-418e-93d3-019b7b7ef4af,123,lembang,cikatomas pakidulan joszzz,,,973f2faa-6112-46fa-b6bf-4d49b6e745af,1_01_R_16082025020000.avi,2026-07-27T05:04:00+07:00
809,800274,motorcycle,1motor,1motor,Motorcycle,1,Motorcycle / 3-wheel vehicle,1motor,1,Line 1,opposite,1665.9545,36651,0.1762,51cbe36f-3fda-47ce-b171-25f02ffeeb3a,e2b5d1af-611f-418e-93d3-019b7b7ef4af,123,lembang,cikatomas pakidulan joszzz,,,973f2faa-6112-46fa-b6bf-4d49b6e745af,1_01_R_16082025020000.avi,2026-07-27T05:04:00+07:00
810,1445,car,2mobil,2mobil,Car / Sedan,2,Sedan / jeep / station wagon,2mobil,2,Line 2,normal,1670.1818,36744,0.9272,51cbe36f-3fda-47ce-b171-25f02ffeeb3a,e2b5d1af-611f-418e-93d3-019b7b7ef4af,123,lembang,cikatomas pakidulan joszzz,,,973f2faa-6112-46fa-b6bf-4d49b6e745af,1_01_R_16082025020000.avi,2026-07-27T05:04:00+07:00
811,1445,car,2mobil,2mobil,Car / Sedan,2,Sedan / jeep / station wagon,2mobil,1,Line 1,opposite,1670.9545,36761,0.8905,51cbe36f-3fda-47ce-b171-25f02ffeeb3a,e2b5d1af-611f-418e-93d3-019b7b7ef4af,123,lembang,cikatomas pakidulan joszzz,,,973f2faa-6112-46fa-b6bf-4d49b6e745af,1_01_R_16082025020000.avi,2026-07-27T05:04:00+07:00
812,1457,motorcycle,1motor,1motor,Motorcycle,1,Motorcycle / 3-wheel vehicle,1motor,1,Line 1,normal,1672.8182,36802,0.5906,51cbe36f-3fda-47ce-b171-25f02ffeeb3a,e2b5d1af-611f-418e-93d3-019b7b7ef4af,123,lembang,cikatomas pakidulan joszzz,,,973f2faa-6112-46fa-b6bf-4d49b6e745af,1_01_R_16082025020000.avi,2026-07-27T05:04:00+07:00
813,800275,motorcycle,1motor,1motor,Motorcycle,1,Motorcycle / 3-wheel vehicle,1motor,1,Line 1,normal,1673.0455,36807,0.3509,51cbe36f-3fda-47ce-b171-25f02ffeeb3a,e2b5d1af-611f-418e-93d3-019b7b7ef4af,123,lembang,cikatomas pakidulan joszzz,,,973f2faa-6112-46fa-b6bf-4d49b6e745af,1_01_R_16082025020000.avi,2026-07-27T05:04:00+07:00
814,1456,motorcycle,1motor,1motor,Motorcycle,1,Motorcycle / 3-wheel vehicle,1motor,1,Line 1,normal,1674.5,36839,0.8251,51cbe36f-3fda-47ce-b171-25f02ffeeb3a,e2b5d1af-611f-418e-93d3-019b7b7ef4af,123,lembang,cikatomas pakidulan joszzz,,,973f2faa-6112-46fa-b6bf-4d49b6e745af,1_01_R_16082025020000.avi,2026-07-27T05:04:00+07:00
815,1460,car,2mobil,2mobil,Car / Sedan,2,Sedan / jeep / station wagon,2mobil,1,Line 1,normal,1677.6818,36909,0.787,51cbe36f-3fda-47ce-b171-25f02ffeeb3a,e2b5d1af-611f-418e-93d3-019b7b7ef4af,123,lembang,cikatomas pakidulan joszzz,,,973f2faa-6112-46fa-b6bf-4d49b6e745af,1_01_R_16082025020000.avi,2026-07-27T05:04:00+07:00
816,1460,car,2mobil,2mobil,Car / Sedan,2,Sedan / jeep / station wagon,2mobil,2,Line 2,opposite,1678.3636,36924,0.8728,51cbe36f-3fda-47ce-b171-25f02ffeeb3a,e2b5d1af-611f-418e-93d3-019b7b7ef4af,123,lembang,cikatomas pakidulan joszzz,,,973f2faa-6112-46fa-b6bf-4d49b6e745af,1_01_R_16082025020000.avi,2026-07-27T05:04:00+07:00
817,800278,motorcycle,1motor,1motor,Motorcycle,1,Motorcycle / 3-wheel vehicle,1motor,1,Line 1,normal,1682.7273,37020,0.4196,51cbe36f-3fda-47ce-b171-25f02ffeeb3a,e2b5d1af-611f-418e-93d3-019b7b7ef4af,123,lembang,cikatomas pakidulan joszzz,,,973f2faa-6112-46fa-b6bf-4d49b6e745af,1_01_R_16082025020000.avi,2026-07-27T05:04:00+07:00
818,1473,motorcycle,1motor,1motor,Motorcycle,1,Motorcycle / 3-wheel vehicle,1motor,2,Line 2,normal,1697.4091,37343,0.5438,51cbe36f-3fda-47ce-b171-25f02ffeeb3a,e2b5d1af-611f-418e-93d3-019b7b7ef4af,123,lembang,cikatomas pakidulan joszzz,,,973f2faa-6112-46fa-b6bf-4d49b6e745af,1_01_R_16082025020000.avi,2026-07-27T05:04:00+07:00
819,800281,motorcycle,1motor,1motor,Motorcycle,1,Motorcycle / 3-wheel vehicle,1motor,2,Line 2,normal,1697.7273,37350,0.7398,51cbe36f-3fda-47ce-b171-25f02ffeeb3a,e2b5d1af-611f-418e-93d3-019b7b7ef4af,123,lembang,cikatomas pakidulan joszzz,,,973f2faa-6112-46fa-b6bf-4d49b6e745af,1_01_R_16082025020000.avi,2026-07-27T05:04:00+07:00
820,1473,motorcycle,1motor,1motor,Motorcycle,1,Motorcycle / 3-wheel vehicle,1motor,1,Line 1,opposite,1698.3182,37363,0.7593,51cbe36f-3fda-47ce-b171-25f02ffeeb3a,e2b5d1af-611f-418e-93d3-019b7b7ef4af,123,lembang,cikatomas pakidulan joszzz,,,973f2faa-6112-46fa-b6bf-4d49b6e745af,1_01_R_16082025020000.avi,2026-07-27T05:04:00+07:00
821,1471,car,2mobil,2mobil,Car / Sedan,2,Sedan / jeep / station wagon,2mobil,1,Line 1,normal,1698.8182,37374,0.8848,51cbe36f-3fda-47ce-b171-25f02ffeeb3a,e2b5d1af-611f-418e-93d3-019b7b7ef4af,123,lembang,cikatomas pakidulan joszzz,,,973f2faa-6112-46fa-b6bf-4d49b6e745af,1_01_R_16082025020000.avi,2026-07-27T05:04:00+07:00
822,1471,car,2mobil,2mobil,Car / Sedan,2,Sedan / jeep / station wagon,2mobil,2,Line 2,opposite,1699.7727,37395,0.9323,51cbe36f-3fda-47ce-b171-25f02ffeeb3a,e2b5d1af-611f-418e-93d3-019b7b7ef4af,123,lembang,cikatomas pakidulan joszzz,,,973f2faa-6112-46fa-b6bf-4d49b6e745af,1_01_R_16082025020000.avi,2026-07-27T05:04:00+07:00
823,800283,motorcycle,1motor,1motor,Motorcycle,1,Motorcycle / 3-wheel vehicle,1motor,2,Line 2,normal,1704.4091,37497,0.4647,51cbe36f-3fda-47ce-b171-25f02ffeeb3a,e2b5d1af-611f-418e-93d3-019b7b7ef4af,123,lembang,cikatomas pakidulan joszzz,,,973f2faa-6112-46fa-b6bf-4d49b6e745af,1_01_R_16082025020000.avi,2026-07-27T05:04:00+07:00
824,800283,motorcycle,1motor,1motor,Motorcycle,1,Motorcycle / 3-wheel vehicle,1motor,1,Line 1,opposite,1704.9545,37509,0.3596,51cbe36f-3fda-47ce-b171-25f02ffeeb3a,e2b5d1af-611f-418e-93d3-019b7b7ef4af,123,lembang,cikatomas pakidulan joszzz,,,973f2faa-6112-46fa-b6bf-4d49b6e745af,1_01_R_16082025020000.avi,2026-07-27T05:04:00+07:00
825,800284,motorcycle,1motor,1motor,Motorcycle,1,Motorcycle / 3-wheel vehicle,1motor,2,Line 2,normal,1712.7273,37680,0.7025,51cbe36f-3fda-47ce-b171-25f02ffeeb3a,e2b5d1af-611f-418e-93d3-019b7b7ef4af,123,lembang,cikatomas pakidulan joszzz,,,973f2faa-6112-46fa-b6bf-4d49b6e745af,1_01_R_16082025020000.avi,2026-07-27T05:04:00+07:00
826,1484,motorcycle,1motor,1motor,Motorcycle,1,Motorcycle / 3-wheel vehicle,1motor,1,Line 1,opposite,1713.1818,37690,0.8334,51cbe36f-3fda-47ce-b171-25f02ffeeb3a,e2b5d1af-611f-418e-93d3-019b7b7ef4af,123,lembang,cikatomas pakidulan joszzz,,,973f2faa-6112-46fa-b6bf-4d49b6e745af,1_01_R_16082025020000.avi,2026-07-27T05:04:00+07:00
827,800284,motorcycle,1motor,1motor,Motorcycle,1,Motorcycle / 3-wheel vehicle,1motor,1,Line 1,opposite,1713.8182,37704,0.6557,51cbe36f-3fda-47ce-b171-25f02ffeeb3a,e2b5d1af-611f-418e-93d3-019b7b7ef4af,123,lembang,cikatomas pakidulan joszzz,,,973f2faa-6112-46fa-b6bf-4d49b6e745af,1_01_R_16082025020000.avi,2026-07-27T05:04:00+07:00
828,1486,motorcycle,1motor,1motor,Motorcycle,1,Motorcycle / 3-wheel vehicle,1motor,1,Line 1,normal,1715.7273,37746,0.8306,51cbe36f-3fda-47ce-b171-25f02ffeeb3a,e2b5d1af-611f-418e-93d3-019b7b7ef4af,123,lembang,cikatomas pakidulan joszzz,,,973f2faa-6112-46fa-b6bf-4d49b6e745af,1_01_R_16082025020000.avi,2026-07-27T05:04:00+07:00
829,1486,motorcycle,1motor,1motor,Motorcycle,1,Motorcycle / 3-wheel vehicle,1motor,2,Line 2,opposite,1716.6364,37766,0.4881,51cbe36f-3fda-47ce-b171-25f02ffeeb3a,e2b5d1af-611f-418e-93d3-019b7b7ef4af,123,lembang,cikatomas pakidulan joszzz,,,973f2faa-6112-46fa-b6bf-4d49b6e745af,1_01_R_16082025020000.avi,2026-07-27T05:04:00+07:00
830,1488,motorcycle,1motor,1motor,Motorcycle,1,Motorcycle / 3-wheel vehicle,1motor,1,Line 1,opposite,1726.9545,37993,0.8025,51cbe36f-3fda-47ce-b171-25f02ffeeb3a,e2b5d1af-611f-418e-93d3-019b7b7ef4af,123,lembang,cikatomas pakidulan joszzz,,,973f2faa-6112-46fa-b6bf-4d49b6e745af,1_01_R_16082025020000.avi,2026-07-27T05:04:00+07:00
831,1492,motorcycle,1motor,1motor,Motorcycle,1,Motorcycle / 3-wheel vehicle,1motor,2,Line 2,normal,1727.8182,38012,0.8311,51cbe36f-3fda-47ce-b171-25f02ffeeb3a,e2b5d1af-611f-418e-93d3-019b7b7ef4af,123,lembang,cikatomas pakidulan joszzz,,,973f2faa-6112-46fa-b6bf-4d49b6e745af,1_01_R_16082025020000.avi,2026-07-27T05:04:00+07:00
832,1492,motorcycle,1motor,1motor,Motorcycle,1,Motorcycle / 3-wheel vehicle,1motor,1,Line 1,opposite,1728.5,38027,0.8499,51cbe36f-3fda-47ce-b171-25f02ffeeb3a,e2b5d1af-611f-418e-93d3-019b7b7ef4af,123,lembang,cikatomas pakidulan joszzz,,,973f2faa-6112-46fa-b6bf-4d49b6e745af,1_01_R_16082025020000.avi,2026-07-27T05:04:00+07:00
833,1494,motorcycle,1motor,1motor,Motorcycle,1,Motorcycle / 3-wheel vehicle,1motor,2,Line 2,normal,1729.0,38038,0.8127,51cbe36f-3fda-47ce-b171-25f02ffeeb3a,e2b5d1af-611f-418e-93d3-019b7b7ef4af,123,lembang,cikatomas pakidulan joszzz,,,973f2faa-6112-46fa-b6bf-4d49b6e745af,1_01_R_16082025020000.avi,2026-07-27T05:04:00+07:00
834,1494,motorcycle,1motor,1motor,Motorcycle,1,Motorcycle / 3-wheel vehicle,1motor,1,Line 1,opposite,1729.5455,38050,0.8248,51cbe36f-3fda-47ce-b171-25f02ffeeb3a,e2b5d1af-611f-418e-93d3-019b7b7ef4af,123,lembang,cikatomas pakidulan joszzz,,,973f2faa-6112-46fa-b6bf-4d49b6e745af,1_01_R_16082025020000.avi,2026-07-27T05:04:00+07:00
835,1495,motorcycle,1motor,1motor,Motorcycle,1,Motorcycle / 3-wheel vehicle,1motor,1,Line 1,normal,1736.2273,38197,0.386,51cbe36f-3fda-47ce-b171-25f02ffeeb3a,e2b5d1af-611f-418e-93d3-019b7b7ef4af,123,lembang,cikatomas pakidulan joszzz,,,973f2faa-6112-46fa-b6bf-4d49b6e745af,1_01_R_16082025020000.avi,2026-07-27T05:04:00+07:00
836,800287,motorcycle,1motor,1motor,Motorcycle,1,Motorcycle / 3-wheel vehicle,1motor,1,Line 1,normal,1737.2727,38220,0.4261,51cbe36f-3fda-47ce-b171-25f02ffeeb3a,e2b5d1af-611f-418e-93d3-019b7b7ef4af,123,lembang,cikatomas pakidulan joszzz,,,973f2faa-6112-46fa-b6bf-4d49b6e745af,1_01_R_16082025020000.avi,2026-07-27T05:04:00+07:00
837,800287,motorcycle,1motor,1motor,Motorcycle,1,Motorcycle / 3-wheel vehicle,1motor,2,Line 2,opposite,1737.4091,38223,0.228,51cbe36f-3fda-47ce-b171-25f02ffeeb3a,e2b5d1af-611f-418e-93d3-019b7b7ef4af,123,lembang,cikatomas pakidulan joszzz,,,973f2faa-6112-46fa-b6bf-4d49b6e745af,1_01_R_16082025020000.avi,2026-07-27T05:04:00+07:00
838,1496,motorcycle,1motor,1motor,Motorcycle,1,Motorcycle / 3-wheel vehicle,1motor,1,Line 1,normal,1740.4545,38290,0.8061,51cbe36f-3fda-47ce-b171-25f02ffeeb3a,e2b5d1af-611f-418e-93d3-019b7b7ef4af,123,lembang,cikatomas pakidulan joszzz,,,973f2faa-6112-46fa-b6bf-4d49b6e745af,1_01_R_16082025020000.avi,2026-07-27T05:04:00+07:00
839,1500,truck,4pickupmicro,4PickupMicro,Pickup / Micro Truck,4,Pickup / micro truck / delivery,4PickupMicro,2,Line 2,normal,1741.4545,38312,0.8257,51cbe36f-3fda-47ce-b171-25f02ffeeb3a,e2b5d1af-611f-418e-93d3-019b7b7ef4af,123,lembang,cikatomas pakidulan joszzz,,,973f2faa-6112-46fa-b6bf-4d49b6e745af,1_01_R_16082025020000.avi,2026-07-27T05:04:00+07:00
840,800288,motorcycle,1motor,1motor,Motorcycle,1,Motorcycle / 3-wheel vehicle,1motor,2,Line 2,normal,1741.6364,38316,0.2491,51cbe36f-3fda-47ce-b171-25f02ffeeb3a,e2b5d1af-611f-418e-93d3-019b7b7ef4af,123,lembang,cikatomas pakidulan joszzz,,,973f2faa-6112-46fa-b6bf-4d49b6e745af,1_01_R_16082025020000.avi,2026-07-27T05:04:00+07:00
841,1497,truck,4pickupmicro,4PickupMicro,Pickup / Micro Truck,4,Pickup / micro truck / delivery,4PickupMicro,1,Line 1,normal,1742.0455,38325,0.3759,51cbe36f-3fda-47ce-b171-25f02ffeeb3a,e2b5d1af-611f-418e-93d3-019b7b7ef4af,123,lembang,cikatomas pakidulan joszzz,,,973f2faa-6112-46fa-b6bf-4d49b6e745af,1_01_R_16082025020000.avi,2026-07-27T05:04:00+07:00
842,1509,truck,4pickupmicro,4PickupMicro,Pickup / Micro Truck,4,Pickup / micro truck / delivery,4PickupMicro,1,Line 1,opposite,1742.1364,38327,0.7805,51cbe36f-3fda-47ce-b171-25f02ffeeb3a,e2b5d1af-611f-418e-93d3-019b7b7ef4af,123,lembang,cikatomas pakidulan joszzz,,,973f2faa-6112-46fa-b6bf-4d49b6e745af,1_01_R_16082025020000.avi,2026-07-27T05:04:00+07:00
843,1497,truck,4pickupmicro,4PickupMicro,Pickup / Micro Truck,4,Pickup / micro truck / delivery,4PickupMicro,2,Line 2,opposite,1742.8182,38342,0.9182,51cbe36f-3fda-47ce-b171-25f02ffeeb3a,e2b5d1af-611f-418e-93d3-019b7b7ef4af,123,lembang,cikatomas pakidulan joszzz,,,973f2faa-6112-46fa-b6bf-4d49b6e745af,1_01_R_16082025020000.avi,2026-07-27T05:04:00+07:00
844,1506,motorcycle,1motor,1motor,Motorcycle,1,Motorcycle / 3-wheel vehicle,1motor,1,Line 1,normal,1742.8636,38343,0.7799,51cbe36f-3fda-47ce-b171-25f02ffeeb3a,e2b5d1af-611f-418e-93d3-019b7b7ef4af,123,lembang,cikatomas pakidulan joszzz,,,973f2faa-6112-46fa-b6bf-4d49b6e745af,1_01_R_16082025020000.avi,2026-07-27T05:04:00+07:00
845,800289,motorcycle,1motor,1motor,Motorcycle,1,Motorcycle / 3-wheel vehicle,1motor,1,Line 1,normal,1743.6818,38361,0.5866,51cbe36f-3fda-47ce-b171-25f02ffeeb3a,e2b5d1af-611f-418e-93d3-019b7b7ef4af,123,lembang,cikatomas pakidulan joszzz,,,973f2faa-6112-46fa-b6bf-4d49b6e745af,1_01_R_16082025020000.avi,2026-07-27T05:04:00+07:00
846,800289,motorcycle,1motor,1motor,Motorcycle,1,Motorcycle / 3-wheel vehicle,1motor,2,Line 2,opposite,1743.8182,38364,0.4229,51cbe36f-3fda-47ce-b171-25f02ffeeb3a,e2b5d1af-611f-418e-93d3-019b7b7ef4af,123,lembang,cikatomas pakidulan joszzz,,,973f2faa-6112-46fa-b6bf-4d49b6e745af,1_01_R_16082025020000.avi,2026-07-27T05:04:00+07:00
847,1513,car,2mobil,2mobil,Car / Sedan,2,Sedan / jeep / station wagon,2mobil,1,Line 1,normal,1744.7727,38385,0.7732,51cbe36f-3fda-47ce-b171-25f02ffeeb3a,e2b5d1af-611f-418e-93d3-019b7b7ef4af,123,lembang,cikatomas pakidulan joszzz,,,973f2faa-6112-46fa-b6bf-4d49b6e745af,1_01_R_16082025020000.avi,2026-07-27T05:04:00+07:00
848,1513,car,2mobil,2mobil,Car / Sedan,2,Sedan / jeep / station wagon,2mobil,2,Line 2,opposite,1745.5455,38402,0.5263,51cbe36f-3fda-47ce-b171-25f02ffeeb3a,e2b5d1af-611f-418e-93d3-019b7b7ef4af,123,lembang,cikatomas pakidulan joszzz,,,973f2faa-6112-46fa-b6bf-4d49b6e745af,1_01_R_16082025020000.avi,2026-07-27T05:04:00+07:00
849,1518,truck,4pickupmicro,4PickupMicro,Pickup / Micro Truck,4,Pickup / micro truck / delivery,4PickupMicro,2,Line 2,normal,1746.2727,38418,0.8901,51cbe36f-3fda-47ce-b171-25f02ffeeb3a,e2b5d1af-611f-418e-93d3-019b7b7ef4af,123,lembang,cikatomas pakidulan joszzz,,,973f2faa-6112-46fa-b6bf-4d49b6e745af,1_01_R_16082025020000.avi,2026-07-27T05:04:00+07:00
850,1518,truck,4pickupmicro,4PickupMicro,Pickup / Micro Truck,4,Pickup / micro truck / delivery,4PickupMicro,1,Line 1,opposite,1746.9091,38432,0.8786,51cbe36f-3fda-47ce-b171-25f02ffeeb3a,e2b5d1af-611f-418e-93d3-019b7b7ef4af,123,lembang,cikatomas pakidulan joszzz,,,973f2faa-6112-46fa-b6bf-4d49b6e745af,1_01_R_16082025020000.avi,2026-07-27T05:04:00+07:00
851,1523,motorcycle,1motor,1motor,Motorcycle,1,Motorcycle / 3-wheel vehicle,1motor,1,Line 1,normal,1750.0909,38502,0.8459,51cbe36f-3fda-47ce-b171-25f02ffeeb3a,e2b5d1af-611f-418e-93d3-019b7b7ef4af,123,lembang,cikatomas pakidulan joszzz,,,973f2faa-6112-46fa-b6bf-4d49b6e745af,1_01_R_16082025020000.avi,2026-07-27T05:04:00+07:00
852,1527,motorcycle,1motor,1motor,Motorcycle,1,Motorcycle / 3-wheel vehicle,1motor,2,Line 2,normal,1752.9545,38565,0.8117,51cbe36f-3fda-47ce-b171-25f02ffeeb3a,e2b5d1af-611f-418e-93d3-019b7b7ef4af,123,lembang,cikatomas pakidulan joszzz,,,973f2faa-6112-46fa-b6bf-4d49b6e745af,1_01_R_16082025020000.avi,2026-07-27T05:04:00+07:00
853,1527,motorcycle,1motor,1motor,Motorcycle,1,Motorcycle / 3-wheel vehicle,1motor,1,Line 1,opposite,1753.5455,38578,0.6678,51cbe36f-3fda-47ce-b171-25f02ffeeb3a,e2b5d1af-611f-418e-93d3-019b7b7ef4af,123,lembang,cikatomas pakidulan joszzz,,,973f2faa-6112-46fa-b6bf-4d49b6e745af,1_01_R_16082025020000.avi,2026-07-27T05:04:00+07:00
854,1529,motorcycle,1motor,1motor,Motorcycle,1,Motorcycle / 3-wheel vehicle,1motor,2,Line 2,normal,1759.3182,38705,0.8451,51cbe36f-3fda-47ce-b171-25f02ffeeb3a,e2b5d1af-611f-418e-93d3-019b7b7ef4af,123,lembang,cikatomas pakidulan joszzz,,,973f2faa-6112-46fa-b6bf-4d49b6e745af,1_01_R_16082025020000.avi,2026-07-27T05:04:00+07:00
855,1529,motorcycle,1motor,1motor,Motorcycle,1,Motorcycle / 3-wheel vehicle,1motor,1,Line 1,opposite,1759.8636,38717,0.848,51cbe36f-3fda-47ce-b171-25f02ffeeb3a,e2b5d1af-611f-418e-93d3-019b7b7ef4af,123,lembang,cikatomas pakidulan joszzz,,,973f2faa-6112-46fa-b6bf-4d49b6e745af,1_01_R_16082025020000.avi,2026-07-27T05:04:00+07:00
856,1532,motorcycle,1motor,1motor,Motorcycle,1,Motorcycle / 3-wheel vehicle,1motor,2,Line 2,normal,1760.3636,38728,0.8168,51cbe36f-3fda-47ce-b171-25f02ffeeb3a,e2b5d1af-611f-418e-93d3-019b7b7ef4af,123,lembang,cikatomas pakidulan joszzz,,,973f2faa-6112-46fa-b6bf-4d49b6e745af,1_01_R_16082025020000.avi,2026-07-27T05:04:00+07:00
857,1532,motorcycle,1motor,1motor,Motorcycle,1,Motorcycle / 3-wheel vehicle,1motor,1,Line 1,opposite,1760.8636,38739,0.8445,51cbe36f-3fda-47ce-b171-25f02ffeeb3a,e2b5d1af-611f-418e-93d3-019b7b7ef4af,123,lembang,cikatomas pakidulan joszzz,,,973f2faa-6112-46fa-b6bf-4d49b6e745af,1_01_R_16082025020000.avi,2026-07-27T05:04:00+07:00
858,1536,motorcycle,1motor,1motor,Motorcycle,1,Motorcycle / 3-wheel vehicle,1motor,1,Line 1,normal,1771.4091,38971,0.8018,51cbe36f-3fda-47ce-b171-25f02ffeeb3a,e2b5d1af-611f-418e-93d3-019b7b7ef4af,123,lembang,cikatomas pakidulan joszzz,,,973f2faa-6112-46fa-b6bf-4d49b6e745af,1_01_R_16082025020000.avi,2026-07-27T05:04:00+07:00
859,1536,motorcycle,1motor,1motor,Motorcycle,1,Motorcycle / 3-wheel vehicle,1motor,2,Line 2,opposite,1772.4091,38993,0.7744,51cbe36f-3fda-47ce-b171-25f02ffeeb3a,e2b5d1af-611f-418e-93d3-019b7b7ef4af,123,lembang,cikatomas pakidulan joszzz,,,973f2faa-6112-46fa-b6bf-4d49b6e745af,1_01_R_16082025020000.avi,2026-07-27T05:04:00+07:00
860,1537,motorcycle,1motor,1motor,Motorcycle,1,Motorcycle / 3-wheel vehicle,1motor,2,Line 2,normal,1782.8182,39222,0.7935,51cbe36f-3fda-47ce-b171-25f02ffeeb3a,e2b5d1af-611f-418e-93d3-019b7b7ef4af,123,lembang,cikatomas pakidulan joszzz,,,973f2faa-6112-46fa-b6bf-4d49b6e745af,1_01_R_16082025020000.avi,2026-07-27T05:04:00+07:00
861,1537,motorcycle,1motor,1motor,Motorcycle,1,Motorcycle / 3-wheel vehicle,1motor,1,Line 1,opposite,1783.5455,39238,0.8536,51cbe36f-3fda-47ce-b171-25f02ffeeb3a,e2b5d1af-611f-418e-93d3-019b7b7ef4af,123,lembang,cikatomas pakidulan joszzz,,,973f2faa-6112-46fa-b6bf-4d49b6e745af,1_01_R_16082025020000.avi,2026-07-27T05:04:00+07:00
862,1538,truck,6tr_2sumbu,6TR_2sumbu,2-Axle Truck (Jumbo),6,2-Axle Truck,6TR_2sumbu,2,Line 2,normal,1784.3636,39256,0.9192,51cbe36f-3fda-47ce-b171-25f02ffeeb3a,e2b5d1af-611f-418e-93d3-019b7b7ef4af,123,lembang,cikatomas pakidulan joszzz,,,973f2faa-6112-46fa-b6bf-4d49b6e745af,1_01_R_16082025020000.avi,2026-07-27T05:04:00+07:00
863,1538,truck,6tr_2sumbu,6TR_2sumbu,2-Axle Truck (Jumbo),6,2-Axle Truck,6TR_2sumbu,1,Line 1,opposite,1785.1364,39273,0.9136,51cbe36f-3fda-47ce-b171-25f02ffeeb3a,e2b5d1af-611f-418e-93d3-019b7b7ef4af,123,lembang,cikatomas pakidulan joszzz,,,973f2faa-6112-46fa-b6bf-4d49b6e745af,1_01_R_16082025020000.avi,2026-07-27T05:04:00+07:00
864,1540,car,2mobil,2mobil,Car / Sedan,2,Sedan / jeep / station wagon,2mobil,1,Line 1,normal,1790.5455,39392,0.8935,51cbe36f-3fda-47ce-b171-25f02ffeeb3a,e2b5d1af-611f-418e-93d3-019b7b7ef4af,123,lembang,cikatomas pakidulan joszzz,,,973f2faa-6112-46fa-b6bf-4d49b6e745af,1_01_R_16082025020000.avi,2026-07-27T05:04:00+07:00
865,1542,car,2mobil,2mobil,Car / Sedan,2,Sedan / jeep / station wagon,2mobil,1,Line 1,normal,1791.3182,39409,0.8924,51cbe36f-3fda-47ce-b171-25f02ffeeb3a,e2b5d1af-611f-418e-93d3-019b7b7ef4af,123,lembang,cikatomas pakidulan joszzz,,,973f2faa-6112-46fa-b6bf-4d49b6e745af,1_01_R_16082025020000.avi,2026-07-27T05:04:00+07:00
866,1540,car,2mobil,2mobil,Car / Sedan,2,Sedan / jeep / station wagon,2mobil,2,Line 2,opposite,1791.5,39413,0.9267,51cbe36f-3fda-47ce-b171-25f02ffeeb3a,e2b5d1af-611f-418e-93d3-019b7b7ef4af,123,lembang,cikatomas pakidulan joszzz,,,973f2faa-6112-46fa-b6bf-4d49b6e745af,1_01_R_16082025020000.avi,2026-07-27T05:04:00+07:00
867,1542,car,2mobil,2mobil,Car / Sedan,2,Sedan / jeep / station wagon,2mobil,2,Line 2,opposite,1792.2727,39430,0.9191,51cbe36f-3fda-47ce-b171-25f02ffeeb3a,e2b5d1af-611f-418e-93d3-019b7b7ef4af,123,lembang,cikatomas pakidulan joszzz,,,973f2faa-6112-46fa-b6bf-4d49b6e745af,1_01_R_16082025020000.avi,2026-07-27T05:04:00+07:00
868,1546,motorcycle,1motor,1motor,Motorcycle,1,Motorcycle / 3-wheel vehicle,1motor,1,Line 1,normal,1792.9091,39444,0.716,51cbe36f-3fda-47ce-b171-25f02ffeeb3a,e2b5d1af-611f-418e-93d3-019b7b7ef4af,123,lembang,cikatomas pakidulan joszzz,,,973f2faa-6112-46fa-b6bf-4d49b6e745af,1_01_R_16082025020000.avi,2026-07-27T05:04:00+07:00
869,800297,motorcycle,1motor,1motor,Motorcycle,1,Motorcycle / 3-wheel vehicle,1motor,1,Line 1,normal,1793.0455,39447,0.6898,51cbe36f-3fda-47ce-b171-25f02ffeeb3a,e2b5d1af-611f-418e-93d3-019b7b7ef4af,123,lembang,cikatomas pakidulan joszzz,,,973f2faa-6112-46fa-b6bf-4d49b6e745af,1_01_R_16082025020000.avi,2026-07-27T05:04:00+07:00
870,1546,motorcycle,1motor,1motor,Motorcycle,1,Motorcycle / 3-wheel vehicle,1motor,2,Line 2,opposite,1793.9091,39466,0.6661,51cbe36f-3fda-47ce-b171-25f02ffeeb3a,e2b5d1af-611f-418e-93d3-019b7b7ef4af,123,lembang,cikatomas pakidulan joszzz,,,973f2faa-6112-46fa-b6bf-4d49b6e745af,1_01_R_16082025020000.avi,2026-07-27T05:04:00+07:00
871,1553,car,2mobil,2mobil,Car / Sedan,2,Sedan / jeep / station wagon,2mobil,1,Line 1,normal,1795.0909,39492,0.8449,51cbe36f-3fda-47ce-b171-25f02ffeeb3a,e2b5d1af-611f-418e-93d3-019b7b7ef4af,123,lembang,cikatomas pakidulan joszzz,,,973f2faa-6112-46fa-b6bf-4d49b6e745af,1_01_R_16082025020000.avi,2026-07-27T05:04:00+07:00
872,1553,car,2mobil,2mobil,Car / Sedan,2,Sedan / jeep / station wagon,2mobil,2,Line 2,opposite,1795.7273,39506,0.6613,51cbe36f-3fda-47ce-b171-25f02ffeeb3a,e2b5d1af-611f-418e-93d3-019b7b7ef4af,123,lembang,cikatomas pakidulan joszzz,,,973f2faa-6112-46fa-b6bf-4d49b6e745af,1_01_R_16082025020000.avi,2026-07-27T05:04:00+07:00
873,1556,car,2mobil,2mobil,Car / Sedan,2,Sedan / jeep / station wagon,2mobil,1,Line 1,normal,1801.6364,39636,0.7738,51cbe36f-3fda-47ce-b171-25f02ffeeb3a,e2b5d1af-611f-418e-93d3-019b7b7ef4af,123,lembang,cikatomas pakidulan joszzz,,,973f2faa-6112-46fa-b6bf-4d49b6e745af,1_01_R_16082025020000.avi,2026-07-27T05:04:00+07:00
874,1556,car,2mobil,2mobil,Car / Sedan,2,Sedan / jeep / station wagon,2mobil,2,Line 2,opposite,1801.9091,39642,0.7864,51cbe36f-3fda-47ce-b171-25f02ffeeb3a,e2b5d1af-611f-418e-93d3-019b7b7ef4af,123,lembang,cikatomas pakidulan joszzz,,,973f2faa-6112-46fa-b6bf-4d49b6e745af,1_01_R_16082025020000.avi,2026-07-27T05:04:00+07:00
875,800299,motorcycle,1motor,1motor,Motorcycle,1,Motorcycle / 3-wheel vehicle,1motor,1,Line 1,normal,1801.9091,39642,0.611,51cbe36f-3fda-47ce-b171-25f02ffeeb3a,e2b5d1af-611f-418e-93d3-019b7b7ef4af,123,lembang,cikatomas pakidulan joszzz,,,973f2faa-6112-46fa-b6bf-4d49b6e745af,1_01_R_16082025020000.avi,2026-07-27T05:04:00+07:00
876,800299,motorcycle,1motor,1motor,Motorcycle,1,Motorcycle / 3-wheel vehicle,1motor,2,Line 2,opposite,1801.9091,39642,0.611,51cbe36f-3fda-47ce-b171-25f02ffeeb3a,e2b5d1af-611f-418e-93d3-019b7b7ef4af,123,lembang,cikatomas pakidulan joszzz,,,973f2faa-6112-46fa-b6bf-4d49b6e745af,1_01_R_16082025020000.avi,2026-07-27T05:04:00+07:00
877,1564,motorcycle,1motor,1motor,Motorcycle,1,Motorcycle / 3-wheel vehicle,1motor,2,Line 2,normal,1802.3182,39651,0.7869,51cbe36f-3fda-47ce-b171-25f02ffeeb3a,e2b5d1af-611f-418e-93d3-019b7b7ef4af,123,lembang,cikatomas pakidulan joszzz,,,973f2faa-6112-46fa-b6bf-4d49b6e745af,1_01_R_16082025020000.avi,2026-07-27T05:04:00+07:00
878,1558,motorcycle,1motor,1motor,Motorcycle,1,Motorcycle / 3-wheel vehicle,1motor,1,Line 1,normal,1802.5,39655,0.7948,51cbe36f-3fda-47ce-b171-25f02ffeeb3a,e2b5d1af-611f-418e-93d3-019b7b7ef4af,123,lembang,cikatomas pakidulan joszzz,,,973f2faa-6112-46fa-b6bf-4d49b6e745af,1_01_R_16082025020000.avi,2026-07-27T05:04:00+07:00
879,1564,motorcycle,1motor,1motor,Motorcycle,1,Motorcycle / 3-wheel vehicle,1motor,1,Line 1,opposite,1803.0,39666,0.8216,51cbe36f-3fda-47ce-b171-25f02ffeeb3a,e2b5d1af-611f-418e-93d3-019b7b7ef4af,123,lembang,cikatomas pakidulan joszzz,,,973f2faa-6112-46fa-b6bf-4d49b6e745af,1_01_R_16082025020000.avi,2026-07-27T05:04:00+07:00
880,1558,motorcycle,1motor,1motor,Motorcycle,1,Motorcycle / 3-wheel vehicle,1motor,2,Line 2,opposite,1803.4545,39676,0.8696,51cbe36f-3fda-47ce-b171-25f02ffeeb3a,e2b5d1af-611f-418e-93d3-019b7b7ef4af,123,lembang,cikatomas pakidulan joszzz,,,973f2faa-6112-46fa-b6bf-4d49b6e745af,1_01_R_16082025020000.avi,2026-07-27T05:04:00+07:00
881,1565,truck,6tr_2sumbu,6TR_2sumbu,2-Axle Truck (Jumbo),6,2-Axle Truck,6TR_2sumbu,2,Line 2,normal,1809.7273,39814,0.9064,51cbe36f-3fda-47ce-b171-25f02ffeeb3a,e2b5d1af-611f-418e-93d3-019b7b7ef4af,123,lembang,cikatomas pakidulan joszzz,,,973f2faa-6112-46fa-b6bf-4d49b6e745af,1_01_R_16082025020000.avi,2026-07-27T05:04:00+07:00
882,1565,truck,6tr_2sumbu,6TR_2sumbu,2-Axle Truck (Jumbo),6,2-Axle Truck,6TR_2sumbu,1,Line 1,opposite,1810.3182,39827,0.9125,51cbe36f-3fda-47ce-b171-25f02ffeeb3a,e2b5d1af-611f-418e-93d3-019b7b7ef4af,123,lembang,cikatomas pakidulan joszzz,,,973f2faa-6112-46fa-b6bf-4d49b6e745af,1_01_R_16082025020000.avi,2026-07-27T05:04:00+07:00
883,1567,motorcycle,1motor,1motor,Motorcycle,1,Motorcycle / 3-wheel vehicle,1motor,2,Line 2,normal,1810.7273,39836,0.7945,51cbe36f-3fda-47ce-b171-25f02ffeeb3a,e2b5d1af-611f-418e-93d3-019b7b7ef4af,123,lembang,cikatomas pakidulan joszzz,,,973f2faa-6112-46fa-b6bf-4d49b6e745af,1_01_R_16082025020000.avi,2026-07-27T05:04:00+07:00
884,800300,motorcycle,1motor,1motor,Motorcycle,1,Motorcycle / 3-wheel vehicle,1motor,2,Line 2,normal,1811.0455,39843,0.2454,51cbe36f-3fda-47ce-b171-25f02ffeeb3a,e2b5d1af-611f-418e-93d3-019b7b7ef4af,123,lembang,cikatomas pakidulan joszzz,,,973f2faa-6112-46fa-b6bf-4d49b6e745af,1_01_R_16082025020000.avi,2026-07-27T05:04:00+07:00
885,800300,motorcycle,1motor,1motor,Motorcycle,1,Motorcycle / 3-wheel vehicle,1motor,1,Line 1,opposite,1811.8636,39861,0.2817,51cbe36f-3fda-47ce-b171-25f02ffeeb3a,e2b5d1af-611f-418e-93d3-019b7b7ef4af,123,lembang,cikatomas pakidulan joszzz,,,973f2faa-6112-46fa-b6bf-4d49b6e745af,1_01_R_16082025020000.avi,2026-07-27T05:04:00+07:00
886,1571,motorcycle,1motor,1motor,Motorcycle,1,Motorcycle / 3-wheel vehicle,1motor,1,Line 1,normal,1827.0909,40196,0.8487,51cbe36f-3fda-47ce-b171-25f02ffeeb3a,e2b5d1af-611f-418e-93d3-019b7b7ef4af,123,lembang,cikatomas pakidulan joszzz,,,973f2faa-6112-46fa-b6bf-4d49b6e745af,1_01_R_16082025020000.avi,2026-07-27T05:04:00+07:00
887,1571,motorcycle,1motor,1motor,Motorcycle,1,Motorcycle / 3-wheel vehicle,1motor,2,Line 2,opposite,1828.0455,40217,0.7882,51cbe36f-3fda-47ce-b171-25f02ffeeb3a,e2b5d1af-611f-418e-93d3-019b7b7ef4af,123,lembang,cikatomas pakidulan joszzz,,,973f2faa-6112-46fa-b6bf-4d49b6e745af,1_01_R_16082025020000.avi,2026-07-27T05:04:00+07:00
888,1572,motorcycle,1motor,1motor,Motorcycle,1,Motorcycle / 3-wheel vehicle,1motor,2,Line 2,normal,1832.7273,40320,0.8278,51cbe36f-3fda-47ce-b171-25f02ffeeb3a,e2b5d1af-611f-418e-93d3-019b7b7ef4af,123,lembang,cikatomas pakidulan joszzz,,,973f2faa-6112-46fa-b6bf-4d49b6e745af,1_01_R_16082025020000.avi,2026-07-27T05:04:00+07:00
889,1572,motorcycle,1motor,1motor,Motorcycle,1,Motorcycle / 3-wheel vehicle,1motor,1,Line 1,opposite,1833.9545,40347,0.8304,51cbe36f-3fda-47ce-b171-25f02ffeeb3a,e2b5d1af-611f-418e-93d3-019b7b7ef4af,123,lembang,cikatomas pakidulan joszzz,,,973f2faa-6112-46fa-b6bf-4d49b6e745af,1_01_R_16082025020000.avi,2026-07-27T05:04:00+07:00
890,1573,car,2mobil,2mobil,Car / Sedan,2,Sedan / jeep / station wagon,2mobil,2,Line 2,normal,1841.4545,40512,0.9186,51cbe36f-3fda-47ce-b171-25f02ffeeb3a,e2b5d1af-611f-418e-93d3-019b7b7ef4af,123,lembang,cikatomas pakidulan joszzz,,,973f2faa-6112-46fa-b6bf-4d49b6e745af,1_01_R_16082025020000.avi,2026-07-27T05:04:00+07:00
891,1573,car,2mobil,2mobil,Car / Sedan,2,Sedan / jeep / station wagon,2mobil,1,Line 1,opposite,1841.9091,40522,0.8771,51cbe36f-3fda-47ce-b171-25f02ffeeb3a,e2b5d1af-611f-418e-93d3-019b7b7ef4af,123,lembang,cikatomas pakidulan joszzz,,,973f2faa-6112-46fa-b6bf-4d49b6e745af,1_01_R_16082025020000.avi,2026-07-27T05:04:00+07:00
892,1576,motorcycle,1motor,1motor,Motorcycle,1,Motorcycle / 3-wheel vehicle,1motor,1,Line 1,opposite,1843.0455,40547,0.8186,51cbe36f-3fda-47ce-b171-25f02ffeeb3a,e2b5d1af-611f-418e-93d3-019b7b7ef4af,123,lembang,cikatomas pakidulan joszzz,,,973f2faa-6112-46fa-b6bf-4d49b6e745af,1_01_R_16082025020000.avi,2026-07-27T05:04:00+07:00
893,1577,truck,4pickupmicro,4PickupMicro,Pickup / Micro Truck,4,Pickup / micro truck / delivery,4PickupMicro,2,Line 2,normal,1861.5455,40954,0.7599,51cbe36f-3fda-47ce-b171-25f02ffeeb3a,e2b5d1af-611f-418e-93d3-019b7b7ef4af,123,lembang,cikatomas pakidulan joszzz,,,973f2faa-6112-46fa-b6bf-4d49b6e745af,1_01_R_16082025020000.avi,2026-07-27T05:04:00+07:00
894,1578,car,2mobil,2mobil,Car / Sedan,2,Sedan / jeep / station wagon,2mobil,2,Line 2,normal,1861.9545,40963,0.9262,51cbe36f-3fda-47ce-b171-25f02ffeeb3a,e2b5d1af-611f-418e-93d3-019b7b7ef4af,123,lembang,cikatomas pakidulan joszzz,,,973f2faa-6112-46fa-b6bf-4d49b6e745af,1_01_R_16082025020000.avi,2026-07-27T05:04:00+07:00
895,1577,truck,4pickupmicro,4PickupMicro,Pickup / Micro Truck,4,Pickup / micro truck / delivery,4PickupMicro,1,Line 1,opposite,1862.0909,40966,0.8847,51cbe36f-3fda-47ce-b171-25f02ffeeb3a,e2b5d1af-611f-418e-93d3-019b7b7ef4af,123,lembang,cikatomas pakidulan joszzz,,,973f2faa-6112-46fa-b6bf-4d49b6e745af,1_01_R_16082025020000.avi,2026-07-27T05:04:00+07:00
896,1578,car,2mobil,2mobil,Car / Sedan,2,Sedan / jeep / station wagon,2mobil,1,Line 1,opposite,1862.5,40975,0.8774,51cbe36f-3fda-47ce-b171-25f02ffeeb3a,e2b5d1af-611f-418e-93d3-019b7b7ef4af,123,lembang,cikatomas pakidulan joszzz,,,973f2faa-6112-46fa-b6bf-4d49b6e745af,1_01_R_16082025020000.avi,2026-07-27T05:04:00+07:00
897,1582,motorcycle,1motor,1motor,Motorcycle,1,Motorcycle / 3-wheel vehicle,1motor,1,Line 1,opposite,1864.8636,41027,0.823,51cbe36f-3fda-47ce-b171-25f02ffeeb3a,e2b5d1af-611f-418e-93d3-019b7b7ef4af,123,lembang,cikatomas pakidulan joszzz,,,973f2faa-6112-46fa-b6bf-4d49b6e745af,1_01_R_16082025020000.avi,2026-07-27T05:04:00+07:00
898,1579,motorcycle,1motor,1motor,Motorcycle,1,Motorcycle / 3-wheel vehicle,1motor,1,Line 1,normal,1865.2273,41035,0.8338,51cbe36f-3fda-47ce-b171-25f02ffeeb3a,e2b5d1af-611f-418e-93d3-019b7b7ef4af,123,lembang,cikatomas pakidulan joszzz,,,973f2faa-6112-46fa-b6bf-4d49b6e745af,1_01_R_16082025020000.avi,2026-07-27T05:04:00+07:00
899,1579,motorcycle,1motor,1motor,Motorcycle,1,Motorcycle / 3-wheel vehicle,1motor,2,Line 2,opposite,1866.0909,41054,0.7786,51cbe36f-3fda-47ce-b171-25f02ffeeb3a,e2b5d1af-611f-418e-93d3-019b7b7ef4af,123,lembang,cikatomas pakidulan joszzz,,,973f2faa-6112-46fa-b6bf-4d49b6e745af,1_01_R_16082025020000.avi,2026-07-27T05:04:00+07:00
900,1583,car,2mobil,2mobil,Car / Sedan,2,Sedan / jeep / station wagon,2mobil,1,Line 1,normal,1875.1364,41253,0.858,51cbe36f-3fda-47ce-b171-25f02ffeeb3a,e2b5d1af-611f-418e-93d3-019b7b7ef4af,123,lembang,cikatomas pakidulan joszzz,,,973f2faa-6112-46fa-b6bf-4d49b6e745af,1_01_R_16082025020000.avi,2026-07-27T05:04:00+07:00
901,1583,car,2mobil,2mobil,Car / Sedan,2,Sedan / jeep / station wagon,2mobil,2,Line 2,opposite,1875.7273,41266,0.9189,51cbe36f-3fda-47ce-b171-25f02ffeeb3a,e2b5d1af-611f-418e-93d3-019b7b7ef4af,123,lembang,cikatomas pakidulan joszzz,,,973f2faa-6112-46fa-b6bf-4d49b6e745af,1_01_R_16082025020000.avi,2026-07-27T05:04:00+07:00
902,1584,car,2mobil,2mobil,Car / Sedan,2,Sedan / jeep / station wagon,2mobil,1,Line 1,normal,1880.9091,41380,0.8902,51cbe36f-3fda-47ce-b171-25f02ffeeb3a,e2b5d1af-611f-418e-93d3-019b7b7ef4af,123,lembang,cikatomas pakidulan joszzz,,,973f2faa-6112-46fa-b6bf-4d49b6e745af,1_01_R_16082025020000.avi,2026-07-27T05:04:00+07:00
903,1584,car,2mobil,2mobil,Car / Sedan,2,Sedan / jeep / station wagon,2mobil,2,Line 2,opposite,1881.7727,41399,0.9262,51cbe36f-3fda-47ce-b171-25f02ffeeb3a,e2b5d1af-611f-418e-93d3-019b7b7ef4af,123,lembang,cikatomas pakidulan joszzz,,,973f2faa-6112-46fa-b6bf-4d49b6e745af,1_01_R_16082025020000.avi,2026-07-27T05:04:00+07:00
904,1590,motorcycle,1motor,1motor,Motorcycle,1,Motorcycle / 3-wheel vehicle,1motor,1,Line 1,opposite,1883.1818,41430,0.8587,51cbe36f-3fda-47ce-b171-25f02ffeeb3a,e2b5d1af-611f-418e-93d3-019b7b7ef4af,123,lembang,cikatomas pakidulan joszzz,,,973f2faa-6112-46fa-b6bf-4d49b6e745af,1_01_R_16082025020000.avi,2026-07-27T05:04:00+07:00
905,1591,car,3ang_umum,3ang_umum,Public Transportation (Angkot),3,Medium passenger vehicle,3Ang_umum,2,Line 2,normal,1883.9545,41447,0.8072,51cbe36f-3fda-47ce-b171-25f02ffeeb3a,e2b5d1af-611f-418e-93d3-019b7b7ef4af,123,lembang,cikatomas pakidulan joszzz,,,973f2faa-6112-46fa-b6bf-4d49b6e745af,1_01_R_16082025020000.avi,2026-07-27T05:04:00+07:00
906,1591,car,3ang_umum,3ang_umum,Public Transportation (Angkot),3,Medium passenger vehicle,3Ang_umum,1,Line 1,opposite,1884.7273,41464,0.9078,51cbe36f-3fda-47ce-b171-25f02ffeeb3a,e2b5d1af-611f-418e-93d3-019b7b7ef4af,123,lembang,cikatomas pakidulan joszzz,,,973f2faa-6112-46fa-b6bf-4d49b6e745af,1_01_R_16082025020000.avi,2026-07-27T05:04:00+07:00
907,1605,motorcycle,1motor,1motor,Motorcycle,1,Motorcycle / 3-wheel vehicle,1motor,1,Line 1,opposite,1895.2273,41695,0.8266,51cbe36f-3fda-47ce-b171-25f02ffeeb3a,e2b5d1af-611f-418e-93d3-019b7b7ef4af,123,lembang,cikatomas pakidulan joszzz,,,973f2faa-6112-46fa-b6bf-4d49b6e745af,1_01_R_16082025020000.avi,2026-07-27T05:04:00+07:00
908,1609,motorcycle,1motor,1motor,Motorcycle,1,Motorcycle / 3-wheel vehicle,1motor,1,Line 1,opposite,1896.6364,41726,0.8377,51cbe36f-3fda-47ce-b171-25f02ffeeb3a,e2b5d1af-611f-418e-93d3-019b7b7ef4af,123,lembang,cikatomas pakidulan joszzz,,,973f2faa-6112-46fa-b6bf-4d49b6e745af,1_01_R_16082025020000.avi,2026-07-27T05:04:00+07:00
909,800311,motorcycle,1motor,1motor,Motorcycle,1,Motorcycle / 3-wheel vehicle,1motor,2,Line 2,normal,1905.4091,41919,0.59,51cbe36f-3fda-47ce-b171-25f02ffeeb3a,e2b5d1af-611f-418e-93d3-019b7b7ef4af,123,lembang,cikatomas pakidulan joszzz,,,973f2faa-6112-46fa-b6bf-4d49b6e745af,1_01_R_16082025020000.avi,2026-07-27T05:04:00+07:00
910,1615,motorcycle,1motor,1motor,Motorcycle,1,Motorcycle / 3-wheel vehicle,1motor,1,Line 1,opposite,1905.5909,41923,0.73,51cbe36f-3fda-47ce-b171-25f02ffeeb3a,e2b5d1af-611f-418e-93d3-019b7b7ef4af,123,lembang,cikatomas pakidulan joszzz,,,973f2faa-6112-46fa-b6bf-4d49b6e745af,1_01_R_16082025020000.avi,2026-07-27T05:04:00+07:00
911,1622,motorcycle,1motor,1motor,Motorcycle,1,Motorcycle / 3-wheel vehicle,1motor,1,Line 1,opposite,1905.9545,41931,0.6335,51cbe36f-3fda-47ce-b171-25f02ffeeb3a,e2b5d1af-611f-418e-93d3-019b7b7ef4af,123,lembang,cikatomas pakidulan joszzz,,,973f2faa-6112-46fa-b6bf-4d49b6e745af,1_01_R_16082025020000.avi,2026-07-27T05:04:00+07:00
912,1626,motorcycle,1motor,1motor,Motorcycle,1,Motorcycle / 3-wheel vehicle,1motor,1,Line 1,normal,1911.4091,42051,0.8197,51cbe36f-3fda-47ce-b171-25f02ffeeb3a,e2b5d1af-611f-418e-93d3-019b7b7ef4af,123,lembang,cikatomas pakidulan joszzz,,,973f2faa-6112-46fa-b6bf-4d49b6e745af,1_01_R_16082025020000.avi,2026-07-27T05:04:00+07:00
913,1626,motorcycle,1motor,1motor,Motorcycle,1,Motorcycle / 3-wheel vehicle,1motor,2,Line 2,opposite,1912.2727,42070,0.7906,51cbe36f-3fda-47ce-b171-25f02ffeeb3a,e2b5d1af-611f-418e-93d3-019b7b7ef4af,123,lembang,cikatomas pakidulan joszzz,,,973f2faa-6112-46fa-b6bf-4d49b6e745af,1_01_R_16082025020000.avi,2026-07-27T05:04:00+07:00
914,1630,motorcycle,1motor,1motor,Motorcycle,1,Motorcycle / 3-wheel vehicle,1motor,1,Line 1,normal,1928.0,42416,0.7109,51cbe36f-3fda-47ce-b171-25f02ffeeb3a,e2b5d1af-611f-418e-93d3-019b7b7ef4af,123,lembang,cikatomas pakidulan joszzz,,,973f2faa-6112-46fa-b6bf-4d49b6e745af,1_01_R_16082025020000.avi,2026-07-27T05:04:00+07:00
915,1632,car,2mobil,2mobil,Car / Sedan,2,Sedan / jeep / station wagon,2mobil,2,Line 2,normal,1930.6818,42475,0.9235,51cbe36f-3fda-47ce-b171-25f02ffeeb3a,e2b5d1af-611f-418e-93d3-019b7b7ef4af,123,lembang,cikatomas pakidulan joszzz,,,973f2faa-6112-46fa-b6bf-4d49b6e745af,1_01_R_16082025020000.avi,2026-07-27T05:04:00+07:00
916,1632,car,2mobil,2mobil,Car / Sedan,2,Sedan / jeep / station wagon,2mobil,1,Line 1,opposite,1931.2727,42488,0.8398,51cbe36f-3fda-47ce-b171-25f02ffeeb3a,e2b5d1af-611f-418e-93d3-019b7b7ef4af,123,lembang,cikatomas pakidulan joszzz,,,973f2faa-6112-46fa-b6bf-4d49b6e745af,1_01_R_16082025020000.avi,2026-07-27T05:04:00+07:00
917,1637,car,2mobil,2mobil,Car / Sedan,2,Sedan / jeep / station wagon,2mobil,2,Line 2,normal,1933.1364,42529,0.9275,51cbe36f-3fda-47ce-b171-25f02ffeeb3a,e2b5d1af-611f-418e-93d3-019b7b7ef4af,123,lembang,cikatomas pakidulan joszzz,,,973f2faa-6112-46fa-b6bf-4d49b6e745af,1_01_R_16082025020000.avi,2026-07-27T05:04:00+07:00
918,1637,car,2mobil,2mobil,Car / Sedan,2,Sedan / jeep / station wagon,2mobil,1,Line 1,opposite,1933.7727,42543,0.9001,51cbe36f-3fda-47ce-b171-25f02ffeeb3a,e2b5d1af-611f-418e-93d3-019b7b7ef4af,123,lembang,cikatomas pakidulan joszzz,,,973f2faa-6112-46fa-b6bf-4d49b6e745af,1_01_R_16082025020000.avi,2026-07-27T05:04:00+07:00
919,1639,motorcycle,1motor,1motor,Motorcycle,1,Motorcycle / 3-wheel vehicle,1motor,1,Line 1,normal,1944.0909,42770,0.8377,51cbe36f-3fda-47ce-b171-25f02ffeeb3a,e2b5d1af-611f-418e-93d3-019b7b7ef4af,123,lembang,cikatomas pakidulan joszzz,,,973f2faa-6112-46fa-b6bf-4d49b6e745af,1_01_R_16082025020000.avi,2026-07-27T05:04:00+07:00
920,1640,motorcycle,1motor,1motor,Motorcycle,1,Motorcycle / 3-wheel vehicle,1motor,1,Line 1,opposite,1946.1818,42816,0.7676,51cbe36f-3fda-47ce-b171-25f02ffeeb3a,e2b5d1af-611f-418e-93d3-019b7b7ef4af,123,lembang,cikatomas pakidulan joszzz,,,973f2faa-6112-46fa-b6bf-4d49b6e745af,1_01_R_16082025020000.avi,2026-07-27T05:04:00+07:00
921,800316,motorcycle,1motor,1motor,Motorcycle,1,Motorcycle / 3-wheel vehicle,1motor,1,Line 1,opposite,1946.7273,42828,0.5142,51cbe36f-3fda-47ce-b171-25f02ffeeb3a,e2b5d1af-611f-418e-93d3-019b7b7ef4af,123,lembang,cikatomas pakidulan joszzz,,,973f2faa-6112-46fa-b6bf-4d49b6e745af,1_01_R_16082025020000.avi,2026-07-27T05:04:00+07:00
922,1641,car,2mobil,2mobil,Car / Sedan,2,Sedan / jeep / station wagon,2mobil,1,Line 1,normal,1949.2273,42883,0.8369,51cbe36f-3fda-47ce-b171-25f02ffeeb3a,e2b5d1af-611f-418e-93d3-019b7b7ef4af,123,lembang,cikatomas pakidulan joszzz,,,973f2faa-6112-46fa-b6bf-4d49b6e745af,1_01_R_16082025020000.avi,2026-07-27T05:04:00+07:00
923,1641,car,2mobil,2mobil,Car / Sedan,2,Sedan / jeep / station wagon,2mobil,2,Line 2,opposite,1950.0455,42901,0.9113,51cbe36f-3fda-47ce-b171-25f02ffeeb3a,e2b5d1af-611f-418e-93d3-019b7b7ef4af,123,lembang,cikatomas pakidulan joszzz,,,973f2faa-6112-46fa-b6bf-4d49b6e745af,1_01_R_16082025020000.avi,2026-07-27T05:04:00+07:00
924,1644,car,2mobil,2mobil,Car / Sedan,2,Sedan / jeep / station wagon,2mobil,2,Line 2,normal,1950.5,42911,0.9269,51cbe36f-3fda-47ce-b171-25f02ffeeb3a,e2b5d1af-611f-418e-93d3-019b7b7ef4af,123,lembang,cikatomas pakidulan joszzz,,,973f2faa-6112-46fa-b6bf-4d49b6e745af,1_01_R_16082025020000.avi,2026-07-27T05:04:00+07:00
925,1644,car,2mobil,2mobil,Car / Sedan,2,Sedan / jeep / station wagon,2mobil,1,Line 1,opposite,1951.1818,42926,0.8975,51cbe36f-3fda-47ce-b171-25f02ffeeb3a,e2b5d1af-611f-418e-93d3-019b7b7ef4af,123,lembang,cikatomas pakidulan joszzz,,,973f2faa-6112-46fa-b6bf-4d49b6e745af,1_01_R_16082025020000.avi,2026-07-27T05:04:00+07:00
926,1646,motorcycle,1motor,1motor,Motorcycle,1,Motorcycle / 3-wheel vehicle,1motor,2,Line 2,normal,1954.0909,42990,0.7161,51cbe36f-3fda-47ce-b171-25f02ffeeb3a,e2b5d1af-611f-418e-93d3-019b7b7ef4af,123,lembang,cikatomas pakidulan joszzz,,,973f2faa-6112-46fa-b6bf-4d49b6e745af,1_01_R_16082025020000.avi,2026-07-27T05:04:00+07:00
927,1646,motorcycle,1motor,1motor,Motorcycle,1,Motorcycle / 3-wheel vehicle,1motor,1,Line 1,opposite,1954.5909,43001,0.6656,51cbe36f-3fda-47ce-b171-25f02ffeeb3a,e2b5d1af-611f-418e-93d3-019b7b7ef4af,123,lembang,cikatomas pakidulan joszzz,,,973f2faa-6112-46fa-b6bf-4d49b6e745af,1_01_R_16082025020000.avi,2026-07-27T05:04:00+07:00
928,1647,motorcycle,1motor,1motor,Motorcycle,1,Motorcycle / 3-wheel vehicle,1motor,1,Line 1,normal,1959.0909,43100,0.7331,51cbe36f-3fda-47ce-b171-25f02ffeeb3a,e2b5d1af-611f-418e-93d3-019b7b7ef4af,123,lembang,cikatomas pakidulan joszzz,,,973f2faa-6112-46fa-b6bf-4d49b6e745af,1_01_R_16082025020000.avi,2026-07-27T05:04:00+07:00
929,1650,car,2mobil,2mobil,Car / Sedan,2,Sedan / jeep / station wagon,2mobil,1,Line 1,normal,1961.8182,43160,0.7676,51cbe36f-3fda-47ce-b171-25f02ffeeb3a,e2b5d1af-611f-418e-93d3-019b7b7ef4af,123,lembang,cikatomas pakidulan joszzz,,,973f2faa-6112-46fa-b6bf-4d49b6e745af,1_01_R_16082025020000.avi,2026-07-27T05:04:00+07:00
930,1650,car,2mobil,2mobil,Car / Sedan,2,Sedan / jeep / station wagon,2mobil,2,Line 2,opposite,1962.4545,43174,0.8244,51cbe36f-3fda-47ce-b171-25f02ffeeb3a,e2b5d1af-611f-418e-93d3-019b7b7ef4af,123,lembang,cikatomas pakidulan joszzz,,,973f2faa-6112-46fa-b6bf-4d49b6e745af,1_01_R_16082025020000.avi,2026-07-27T05:04:00+07:00
931,1656,motorcycle,1motor,1motor,Motorcycle,1,Motorcycle / 3-wheel vehicle,1motor,1,Line 1,normal,1964.5,43219,0.8143,51cbe36f-3fda-47ce-b171-25f02ffeeb3a,e2b5d1af-611f-418e-93d3-019b7b7ef4af,123,lembang,cikatomas pakidulan joszzz,,,973f2faa-6112-46fa-b6bf-4d49b6e745af,1_01_R_16082025020000.avi,2026-07-27T05:04:00+07:00
932,1656,motorcycle,1motor,1motor,Motorcycle,1,Motorcycle / 3-wheel vehicle,1motor,2,Line 2,opposite,1965.8182,43248,0.6446,51cbe36f-3fda-47ce-b171-25f02ffeeb3a,e2b5d1af-611f-418e-93d3-019b7b7ef4af,123,lembang,cikatomas pakidulan joszzz,,,973f2faa-6112-46fa-b6bf-4d49b6e745af,1_01_R_16082025020000.avi,2026-07-27T05:04:00+07:00
933,1660,truck,6tr_2sumbu,6TR_2sumbu,2-Axle Truck (Jumbo),6,2-Axle Truck,6TR_2sumbu,1,Line 1,normal,1973.5,43417,0.8709,51cbe36f-3fda-47ce-b171-25f02ffeeb3a,e2b5d1af-611f-418e-93d3-019b7b7ef4af,123,lembang,cikatomas pakidulan joszzz,,,973f2faa-6112-46fa-b6bf-4d49b6e745af,1_01_R_16082025020000.avi,2026-07-27T05:04:00+07:00
934,1660,truck,6tr_2sumbu,6TR_2sumbu,2-Axle Truck (Jumbo),6,2-Axle Truck,6TR_2sumbu,2,Line 2,opposite,1974.3636,43436,0.9186,51cbe36f-3fda-47ce-b171-25f02ffeeb3a,e2b5d1af-611f-418e-93d3-019b7b7ef4af,123,lembang,cikatomas pakidulan joszzz,,,973f2faa-6112-46fa-b6bf-4d49b6e745af,1_01_R_16082025020000.avi,2026-07-27T05:04:00+07:00
935,1662,motorcycle,1motor,1motor,Motorcycle,1,Motorcycle / 3-wheel vehicle,1motor,1,Line 1,normal,1979.8636,43557,0.8439,51cbe36f-3fda-47ce-b171-25f02ffeeb3a,e2b5d1af-611f-418e-93d3-019b7b7ef4af,123,lembang,cikatomas pakidulan joszzz,,,973f2faa-6112-46fa-b6bf-4d49b6e745af,1_01_R_16082025020000.avi,2026-07-27T05:04:00+07:00
936,1662,motorcycle,1motor,1motor,Motorcycle,1,Motorcycle / 3-wheel vehicle,1motor,2,Line 2,opposite,1980.6818,43575,0.8633,51cbe36f-3fda-47ce-b171-25f02ffeeb3a,e2b5d1af-611f-418e-93d3-019b7b7ef4af,123,lembang,cikatomas pakidulan joszzz,,,973f2faa-6112-46fa-b6bf-4d49b6e745af,1_01_R_16082025020000.avi,2026-07-27T05:04:00+07:00
937,1663,motorcycle,1motor,1motor,Motorcycle,1,Motorcycle / 3-wheel vehicle,1motor,1,Line 1,normal,1986.7727,43709,0.8385,51cbe36f-3fda-47ce-b171-25f02ffeeb3a,e2b5d1af-611f-418e-93d3-019b7b7ef4af,123,lembang,cikatomas pakidulan joszzz,,,973f2faa-6112-46fa-b6bf-4d49b6e745af,1_01_R_16082025020000.avi,2026-07-27T05:04:00+07:00
938,1667,car,2mobil,2mobil,Car / Sedan,2,Sedan / jeep / station wagon,2mobil,1,Line 1,normal,2015.2727,44336,0.8755,51cbe36f-3fda-47ce-b171-25f02ffeeb3a,e2b5d1af-611f-418e-93d3-019b7b7ef4af,123,lembang,cikatomas pakidulan joszzz,,,973f2faa-6112-46fa-b6bf-4d49b6e745af,1_01_R_16082025020000.avi,2026-07-27T05:04:00+07:00
939,1667,car,2mobil,2mobil,Car / Sedan,2,Sedan / jeep / station wagon,2mobil,2,Line 2,opposite,2016.1818,44356,0.9285,51cbe36f-3fda-47ce-b171-25f02ffeeb3a,e2b5d1af-611f-418e-93d3-019b7b7ef4af,123,lembang,cikatomas pakidulan joszzz,,,973f2faa-6112-46fa-b6bf-4d49b6e745af,1_01_R_16082025020000.avi,2026-07-27T05:04:00+07:00
940,1670,truck,6tr_2sumbu,6TR_2sumbu,2-Axle Truck (Jumbo),6,2-Axle Truck,6TR_2sumbu,1,Line 1,normal,2020.6364,44454,0.9172,51cbe36f-3fda-47ce-b171-25f02ffeeb3a,e2b5d1af-611f-418e-93d3-019b7b7ef4af,123,lembang,cikatomas pakidulan joszzz,,,973f2faa-6112-46fa-b6bf-4d49b6e745af,1_01_R_16082025020000.avi,2026-07-27T05:04:00+07:00
941,1670,truck,6tr_2sumbu,6TR_2sumbu,2-Axle Truck (Jumbo),6,2-Axle Truck,6TR_2sumbu,2,Line 2,opposite,2021.4091,44471,0.9193,51cbe36f-3fda-47ce-b171-25f02ffeeb3a,e2b5d1af-611f-418e-93d3-019b7b7ef4af,123,lembang,cikatomas pakidulan joszzz,,,973f2faa-6112-46fa-b6bf-4d49b6e745af,1_01_R_16082025020000.avi,2026-07-27T05:04:00+07:00
942,1671,motorcycle,1motor,1motor,Motorcycle,1,Motorcycle / 3-wheel vehicle,1motor,1,Line 1,normal,2021.6364,44476,0.8139,51cbe36f-3fda-47ce-b171-25f02ffeeb3a,e2b5d1af-611f-418e-93d3-019b7b7ef4af,123,lembang,cikatomas pakidulan joszzz,,,973f2faa-6112-46fa-b6bf-4d49b6e745af,1_01_R_16082025020000.avi,2026-07-27T05:04:00+07:00
943,1671,motorcycle,1motor,1motor,Motorcycle,1,Motorcycle / 3-wheel vehicle,1motor,2,Line 2,opposite,2022.9545,44505,0.7347,51cbe36f-3fda-47ce-b171-25f02ffeeb3a,e2b5d1af-611f-418e-93d3-019b7b7ef4af,123,lembang,cikatomas pakidulan joszzz,,,973f2faa-6112-46fa-b6bf-4d49b6e745af,1_01_R_16082025020000.avi,2026-07-27T05:04:00+07:00
944,1672,motorcycle,1motor,1motor,Motorcycle,1,Motorcycle / 3-wheel vehicle,1motor,1,Line 1,normal,2023.5455,44518,0.8371,51cbe36f-3fda-47ce-b171-25f02ffeeb3a,e2b5d1af-611f-418e-93d3-019b7b7ef4af,123,lembang,cikatomas pakidulan joszzz,,,973f2faa-6112-46fa-b6bf-4d49b6e745af,1_01_R_16082025020000.avi,2026-07-27T05:04:00+07:00
945,1672,motorcycle,1motor,1motor,Motorcycle,1,Motorcycle / 3-wheel vehicle,1motor,2,Line 2,opposite,2024.2727,44534,0.8338,51cbe36f-3fda-47ce-b171-25f02ffeeb3a,e2b5d1af-611f-418e-93d3-019b7b7ef4af,123,lembang,cikatomas pakidulan joszzz,,,973f2faa-6112-46fa-b6bf-4d49b6e745af,1_01_R_16082025020000.avi,2026-07-27T05:04:00+07:00
946,1674,motorcycle,1motor,1motor,Motorcycle,1,Motorcycle / 3-wheel vehicle,1motor,1,Line 1,opposite,2024.8182,44546,0.8294,51cbe36f-3fda-47ce-b171-25f02ffeeb3a,e2b5d1af-611f-418e-93d3-019b7b7ef4af,123,lembang,cikatomas pakidulan joszzz,,,973f2faa-6112-46fa-b6bf-4d49b6e745af,1_01_R_16082025020000.avi,2026-07-27T05:04:00+07:00
947,800326,motorcycle,1motor,1motor,Motorcycle,1,Motorcycle / 3-wheel vehicle,1motor,2,Line 2,normal,2025.0,44550,0.7767,51cbe36f-3fda-47ce-b171-25f02ffeeb3a,e2b5d1af-611f-418e-93d3-019b7b7ef4af,123,lembang,cikatomas pakidulan joszzz,,,973f2faa-6112-46fa-b6bf-4d49b6e745af,1_01_R_16082025020000.avi,2026-07-27T05:04:00+07:00
948,1675,car,2mobil,2mobil,Car / Sedan,2,Sedan / jeep / station wagon,2mobil,2,Line 2,normal,2027.3636,44602,0.9312,51cbe36f-3fda-47ce-b171-25f02ffeeb3a,e2b5d1af-611f-418e-93d3-019b7b7ef4af,123,lembang,cikatomas pakidulan joszzz,,,973f2faa-6112-46fa-b6bf-4d49b6e745af,1_01_R_16082025020000.avi,2026-07-27T05:04:00+07:00
949,1675,car,2mobil,2mobil,Car / Sedan,2,Sedan / jeep / station wagon,2mobil,1,Line 1,opposite,2027.9091,44614,0.8992,51cbe36f-3fda-47ce-b171-25f02ffeeb3a,e2b5d1af-611f-418e-93d3-019b7b7ef4af,123,lembang,cikatomas pakidulan joszzz,,,973f2faa-6112-46fa-b6bf-4d49b6e745af,1_01_R_16082025020000.avi,2026-07-27T05:04:00+07:00
950,1678,motorcycle,1motor,1motor,Motorcycle,1,Motorcycle / 3-wheel vehicle,1motor,2,Line 2,normal,2033.0455,44727,0.8112,51cbe36f-3fda-47ce-b171-25f02ffeeb3a,e2b5d1af-611f-418e-93d3-019b7b7ef4af,123,lembang,cikatomas pakidulan joszzz,,,973f2faa-6112-46fa-b6bf-4d49b6e745af,1_01_R_16082025020000.avi,2026-07-27T05:04:00+07:00
951,1677,motorcycle,1motor,1motor,Motorcycle,1,Motorcycle / 3-wheel vehicle,1motor,1,Line 1,normal,2033.2273,44731,0.8458,51cbe36f-3fda-47ce-b171-25f02ffeeb3a,e2b5d1af-611f-418e-93d3-019b7b7ef4af,123,lembang,cikatomas pakidulan joszzz,,,973f2faa-6112-46fa-b6bf-4d49b6e745af,1_01_R_16082025020000.avi,2026-07-27T05:04:00+07:00
952,1678,motorcycle,1motor,1motor,Motorcycle,1,Motorcycle / 3-wheel vehicle,1motor,1,Line 1,opposite,2033.7273,44742,0.8349,51cbe36f-3fda-47ce-b171-25f02ffeeb3a,e2b5d1af-611f-418e-93d3-019b7b7ef4af,123,lembang,cikatomas pakidulan joszzz,,,973f2faa-6112-46fa-b6bf-4d49b6e745af,1_01_R_16082025020000.avi,2026-07-27T05:04:00+07:00
953,1677,motorcycle,1motor,1motor,Motorcycle,1,Motorcycle / 3-wheel vehicle,1motor,2,Line 2,opposite,2035.4545,44780,0.8721,51cbe36f-3fda-47ce-b171-25f02ffeeb3a,e2b5d1af-611f-418e-93d3-019b7b7ef4af,123,lembang,cikatomas pakidulan joszzz,,,973f2faa-6112-46fa-b6bf-4d49b6e745af,1_01_R_16082025020000.avi,2026-07-27T05:04:00+07:00
954,1679,car,2mobil,2mobil,Car / Sedan,2,Sedan / jeep / station wagon,2mobil,1,Line 1,normal,2036.9545,44813,0.6199,51cbe36f-3fda-47ce-b171-25f02ffeeb3a,e2b5d1af-611f-418e-93d3-019b7b7ef4af,123,lembang,cikatomas pakidulan joszzz,,,973f2faa-6112-46fa-b6bf-4d49b6e745af,1_01_R_16082025020000.avi,2026-07-27T05:04:00+07:00
955,1679,car,2mobil,2mobil,Car / Sedan,2,Sedan / jeep / station wagon,2mobil,2,Line 2,opposite,2037.6364,44828,0.913,51cbe36f-3fda-47ce-b171-25f02ffeeb3a,e2b5d1af-611f-418e-93d3-019b7b7ef4af,123,lembang,cikatomas pakidulan joszzz,,,973f2faa-6112-46fa-b6bf-4d49b6e745af,1_01_R_16082025020000.avi,2026-07-27T05:04:00+07:00
956,1681,motorcycle,1motor,1motor,Motorcycle,1,Motorcycle / 3-wheel vehicle,1motor,1,Line 1,normal,2038.9545,44857,0.8296,51cbe36f-3fda-47ce-b171-25f02ffeeb3a,e2b5d1af-611f-418e-93d3-019b7b7ef4af,123,lembang,cikatomas pakidulan joszzz,,,973f2faa-6112-46fa-b6bf-4d49b6e745af,1_01_R_16082025020000.avi,2026-07-27T05:04:00+07:00
957,1689,truck,4pickupmicro,4PickupMicro,Pickup / Micro Truck,4,Pickup / micro truck / delivery,4PickupMicro,2,Line 2,normal,2043.0455,44947,0.6048,51cbe36f-3fda-47ce-b171-25f02ffeeb3a,e2b5d1af-611f-418e-93d3-019b7b7ef4af,123,lembang,cikatomas pakidulan joszzz,,,973f2faa-6112-46fa-b6bf-4d49b6e745af,1_01_R_16082025020000.avi,2026-07-27T05:04:00+07:00
958,1689,truck,4pickupmicro,4PickupMicro,Pickup / Micro Truck,4,Pickup / micro truck / delivery,4PickupMicro,1,Line 1,opposite,2043.5455,44958,0.7624,51cbe36f-3fda-47ce-b171-25f02ffeeb3a,e2b5d1af-611f-418e-93d3-019b7b7ef4af,123,lembang,cikatomas pakidulan joszzz,,,973f2faa-6112-46fa-b6bf-4d49b6e745af,1_01_R_16082025020000.avi,2026-07-27T05:04:00+07:00
959,1688,motorcycle,1motor,1motor,Motorcycle,1,Motorcycle / 3-wheel vehicle,1motor,1,Line 1,normal,2044.3182,44975,0.7858,51cbe36f-3fda-47ce-b171-25f02ffeeb3a,e2b5d1af-611f-418e-93d3-019b7b7ef4af,123,lembang,cikatomas pakidulan joszzz,,,973f2faa-6112-46fa-b6bf-4d49b6e745af,1_01_R_16082025020000.avi,2026-07-27T05:04:00+07:00
960,1687,motorcycle,1motor,1motor,Motorcycle,1,Motorcycle / 3-wheel vehicle,1motor,1,Line 1,normal,2044.4091,44977,0.8529,51cbe36f-3fda-47ce-b171-25f02ffeeb3a,e2b5d1af-611f-418e-93d3-019b7b7ef4af,123,lembang,cikatomas pakidulan joszzz,,,973f2faa-6112-46fa-b6bf-4d49b6e745af,1_01_R_16082025020000.avi,2026-07-27T05:04:00+07:00
961,800332,motorcycle,1motor,1motor,Motorcycle,1,Motorcycle / 3-wheel vehicle,1motor,1,Line 1,normal,2045.0455,44991,0.1876,51cbe36f-3fda-47ce-b171-25f02ffeeb3a,e2b5d1af-611f-418e-93d3-019b7b7ef4af,123,lembang,cikatomas pakidulan joszzz,,,973f2faa-6112-46fa-b6bf-4d49b6e745af,1_01_R_16082025020000.avi,2026-07-27T05:04:00+07:00
962,1687,motorcycle,1motor,1motor,Motorcycle,1,Motorcycle / 3-wheel vehicle,1motor,2,Line 2,opposite,2045.1818,44994,0.7719,51cbe36f-3fda-47ce-b171-25f02ffeeb3a,e2b5d1af-611f-418e-93d3-019b7b7ef4af,123,lembang,cikatomas pakidulan joszzz,,,973f2faa-6112-46fa-b6bf-4d49b6e745af,1_01_R_16082025020000.avi,2026-07-27T05:04:00+07:00
963,1688,motorcycle,1motor,1motor,Motorcycle,1,Motorcycle / 3-wheel vehicle,1motor,2,Line 2,opposite,2045.4545,45000,0.5325,51cbe36f-3fda-47ce-b171-25f02ffeeb3a,e2b5d1af-611f-418e-93d3-019b7b7ef4af,123,lembang,cikatomas pakidulan joszzz,,,973f2faa-6112-46fa-b6bf-4d49b6e745af,1_01_R_16082025020000.avi,2026-07-27T05:04:00+07:00
964,1697,motorcycle,1motor,1motor,Motorcycle,1,Motorcycle / 3-wheel vehicle,1motor,2,Line 2,normal,2048.7273,45072,0.61,51cbe36f-3fda-47ce-b171-25f02ffeeb3a,e2b5d1af-611f-418e-93d3-019b7b7ef4af,123,lembang,cikatomas pakidulan joszzz,,,973f2faa-6112-46fa-b6bf-4d49b6e745af,1_01_R_16082025020000.avi,2026-07-27T05:04:00+07:00
965,1697,motorcycle,1motor,1motor,Motorcycle,1,Motorcycle / 3-wheel vehicle,1motor,1,Line 1,opposite,2049.5,45089,0.8008,51cbe36f-3fda-47ce-b171-25f02ffeeb3a,e2b5d1af-611f-418e-93d3-019b7b7ef4af,123,lembang,cikatomas pakidulan joszzz,,,973f2faa-6112-46fa-b6bf-4d49b6e745af,1_01_R_16082025020000.avi,2026-07-27T05:04:00+07:00
966,1698,car,2mobil,2mobil,Car / Sedan,2,Sedan / jeep / station wagon,2mobil,2,Line 2,normal,2064.0909,45410,0.9276,51cbe36f-3fda-47ce-b171-25f02ffeeb3a,e2b5d1af-611f-418e-93d3-019b7b7ef4af,123,lembang,cikatomas pakidulan joszzz,,,973f2faa-6112-46fa-b6bf-4d49b6e745af,1_01_R_16082025020000.avi,2026-07-27T05:04:00+07:00
967,1698,car,2mobil,2mobil,Car / Sedan,2,Sedan / jeep / station wagon,2mobil,1,Line 1,opposite,2064.5909,45421,0.8999,51cbe36f-3fda-47ce-b171-25f02ffeeb3a,e2b5d1af-611f-418e-93d3-019b7b7ef4af,123,lembang,cikatomas pakidulan joszzz,,,973f2faa-6112-46fa-b6bf-4d49b6e745af,1_01_R_16082025020000.avi,2026-07-27T05:04:00+07:00
968,1700,motorcycle,1motor,1motor,Motorcycle,1,Motorcycle / 3-wheel vehicle,1motor,1,Line 1,normal,2070.0909,45542,0.8329,51cbe36f-3fda-47ce-b171-25f02ffeeb3a,e2b5d1af-611f-418e-93d3-019b7b7ef4af,123,lembang,cikatomas pakidulan joszzz,,,973f2faa-6112-46fa-b6bf-4d49b6e745af,1_01_R_16082025020000.avi,2026-07-27T05:04:00+07:00
969,1700,motorcycle,1motor,1motor,Motorcycle,1,Motorcycle / 3-wheel vehicle,1motor,2,Line 2,opposite,2071.0455,45563,0.8449,51cbe36f-3fda-47ce-b171-25f02ffeeb3a,e2b5d1af-611f-418e-93d3-019b7b7ef4af,123,lembang,cikatomas pakidulan joszzz,,,973f2faa-6112-46fa-b6bf-4d49b6e745af,1_01_R_16082025020000.avi,2026-07-27T05:04:00+07:00
970,1701,truck,4pickupmicro,4PickupMicro,Pickup / Micro Truck,4,Pickup / micro truck / delivery,4PickupMicro,1,Line 1,normal,2082.1364,45807,0.8729,51cbe36f-3fda-47ce-b171-25f02ffeeb3a,e2b5d1af-611f-418e-93d3-019b7b7ef4af,123,lembang,cikatomas pakidulan joszzz,,,973f2faa-6112-46fa-b6bf-4d49b6e745af,1_01_R_16082025020000.avi,2026-07-27T05:04:00+07:00
971,1701,truck,4pickupmicro,4PickupMicro,Pickup / Micro Truck,4,Pickup / micro truck / delivery,4PickupMicro,2,Line 2,opposite,2082.8636,45823,0.7669,51cbe36f-3fda-47ce-b171-25f02ffeeb3a,e2b5d1af-611f-418e-93d3-019b7b7ef4af,123,lembang,cikatomas pakidulan joszzz,,,973f2faa-6112-46fa-b6bf-4d49b6e745af,1_01_R_16082025020000.avi,2026-07-27T05:04:00+07:00
972,1708,car,2mobil,2mobil,Car / Sedan,2,Sedan / jeep / station wagon,2mobil,1,Line 1,normal,2083.6364,45840,0.7984,51cbe36f-3fda-47ce-b171-25f02ffeeb3a,e2b5d1af-611f-418e-93d3-019b7b7ef4af,123,lembang,cikatomas pakidulan joszzz,,,973f2faa-6112-46fa-b6bf-4d49b6e745af,1_01_R_16082025020000.avi,2026-07-27T05:04:00+07:00
973,1708,car,2mobil,2mobil,Car / Sedan,2,Sedan / jeep / station wagon,2mobil,2,Line 2,opposite,2084.2727,45854,0.8482,51cbe36f-3fda-47ce-b171-25f02ffeeb3a,e2b5d1af-611f-418e-93d3-019b7b7ef4af,123,lembang,cikatomas pakidulan joszzz,,,973f2faa-6112-46fa-b6bf-4d49b6e745af,1_01_R_16082025020000.avi,2026-07-27T05:04:00+07:00
974,1716,motorcycle,1motor,1motor,Motorcycle,1,Motorcycle / 3-wheel vehicle,1motor,1,Line 1,normal,2084.2727,45854,0.7931,51cbe36f-3fda-47ce-b171-25f02ffeeb3a,e2b5d1af-611f-418e-93d3-019b7b7ef4af,123,lembang,cikatomas pakidulan joszzz,,,973f2faa-6112-46fa-b6bf-4d49b6e745af,1_01_R_16082025020000.avi,2026-07-27T05:04:00+07:00
975,1714,motorcycle,1motor,1motor,Motorcycle,1,Motorcycle / 3-wheel vehicle,1motor,1,Line 1,normal,2084.7273,45864,0.8233,51cbe36f-3fda-47ce-b171-25f02ffeeb3a,e2b5d1af-611f-418e-93d3-019b7b7ef4af,123,lembang,cikatomas pakidulan joszzz,,,973f2faa-6112-46fa-b6bf-4d49b6e745af,1_01_R_16082025020000.avi,2026-07-27T05:04:00+07:00
976,1716,motorcycle,1motor,1motor,Motorcycle,1,Motorcycle / 3-wheel vehicle,1motor,2,Line 2,opposite,2085.2727,45876,0.8305,51cbe36f-3fda-47ce-b171-25f02ffeeb3a,e2b5d1af-611f-418e-93d3-019b7b7ef4af,123,lembang,cikatomas pakidulan joszzz,,,973f2faa-6112-46fa-b6bf-4d49b6e745af,1_01_R_16082025020000.avi,2026-07-27T05:04:00+07:00
977,1714,motorcycle,1motor,1motor,Motorcycle,1,Motorcycle / 3-wheel vehicle,1motor,2,Line 2,opposite,2085.8182,45888,0.7148,51cbe36f-3fda-47ce-b171-25f02ffeeb3a,e2b5d1af-611f-418e-93d3-019b7b7ef4af,123,lembang,cikatomas pakidulan joszzz,,,973f2faa-6112-46fa-b6bf-4d49b6e745af,1_01_R_16082025020000.avi,2026-07-27T05:04:00+07:00
978,800337,motorcycle,1motor,1motor,Motorcycle,1,Motorcycle / 3-wheel vehicle,1motor,1,Line 1,normal,2086.2273,45897,0.2076,51cbe36f-3fda-47ce-b171-25f02ffeeb3a,e2b5d1af-611f-418e-93d3-019b7b7ef4af,123,lembang,cikatomas pakidulan joszzz,,,973f2faa-6112-46fa-b6bf-4d49b6e745af,1_01_R_16082025020000.avi,2026-07-27T05:04:00+07:00
979,800337,motorcycle,1motor,1motor,Motorcycle,1,Motorcycle / 3-wheel vehicle,1motor,2,Line 2,opposite,2086.2273,45897,0.2076,51cbe36f-3fda-47ce-b171-25f02ffeeb3a,e2b5d1af-611f-418e-93d3-019b7b7ef4af,123,lembang,cikatomas pakidulan joszzz,,,973f2faa-6112-46fa-b6bf-4d49b6e745af,1_01_R_16082025020000.avi,2026-07-27T05:04:00+07:00
980,1718,car,2mobil,2mobil,Car / Sedan,2,Sedan / jeep / station wagon,2mobil,1,Line 1,normal,2094.4545,46078,0.8902,51cbe36f-3fda-47ce-b171-25f02ffeeb3a,e2b5d1af-611f-418e-93d3-019b7b7ef4af,123,lembang,cikatomas pakidulan joszzz,,,973f2faa-6112-46fa-b6bf-4d49b6e745af,1_01_R_16082025020000.avi,2026-07-27T05:04:00+07:00
981,1718,car,2mobil,2mobil,Car / Sedan,2,Sedan / jeep / station wagon,2mobil,2,Line 2,opposite,2094.9091,46088,0.922,51cbe36f-3fda-47ce-b171-25f02ffeeb3a,e2b5d1af-611f-418e-93d3-019b7b7ef4af,123,lembang,cikatomas pakidulan joszzz,,,973f2faa-6112-46fa-b6bf-4d49b6e745af,1_01_R_16082025020000.avi,2026-07-27T05:04:00+07:00
982,1721,motorcycle,1motor,1motor,Motorcycle,1,Motorcycle / 3-wheel vehicle,1motor,1,Line 1,normal,2100.4091,46209,0.8372,51cbe36f-3fda-47ce-b171-25f02ffeeb3a,e2b5d1af-611f-418e-93d3-019b7b7ef4af,123,lembang,cikatomas pakidulan joszzz,,,973f2faa-6112-46fa-b6bf-4d49b6e745af,1_01_R_16082025020000.avi,2026-07-27T05:04:00+07:00
983,1721,motorcycle,1motor,1motor,Motorcycle,1,Motorcycle / 3-wheel vehicle,1motor,2,Line 2,opposite,2101.2273,46227,0.5924,51cbe36f-3fda-47ce-b171-25f02ffeeb3a,e2b5d1af-611f-418e-93d3-019b7b7ef4af,123,lembang,cikatomas pakidulan joszzz,,,973f2faa-6112-46fa-b6bf-4d49b6e745af,1_01_R_16082025020000.avi,2026-07-27T05:04:00+07:00
984,1725,motorcycle,1motor,1motor,Motorcycle,1,Motorcycle / 3-wheel vehicle,1motor,1,Line 1,normal,2104.7273,46304,0.8095,51cbe36f-3fda-47ce-b171-25f02ffeeb3a,e2b5d1af-611f-418e-93d3-019b7b7ef4af,123,lembang,cikatomas pakidulan joszzz,,,973f2faa-6112-46fa-b6bf-4d49b6e745af,1_01_R_16082025020000.avi,2026-07-27T05:04:00+07:00
985,1729,car,2mobil,2mobil,Car / Sedan,2,Sedan / jeep / station wagon,2mobil,2,Line 2,normal,2104.9091,46308,0.9238,51cbe36f-3fda-47ce-b171-25f02ffeeb3a,e2b5d1af-611f-418e-93d3-019b7b7ef4af,123,lembang,cikatomas pakidulan joszzz,,,973f2faa-6112-46fa-b6bf-4d49b6e745af,1_01_R_16082025020000.avi,2026-07-27T05:04:00+07:00
986,1729,car,2mobil,2mobil,Car / Sedan,2,Sedan / jeep / station wagon,2mobil,1,Line 1,opposite,2105.6818,46325,0.8823,51cbe36f-3fda-47ce-b171-25f02ffeeb3a,e2b5d1af-611f-418e-93d3-019b7b7ef4af,123,lembang,cikatomas pakidulan joszzz,,,973f2faa-6112-46fa-b6bf-4d49b6e745af,1_01_R_16082025020000.avi,2026-07-27T05:04:00+07:00
987,1725,motorcycle,1motor,1motor,Motorcycle,1,Motorcycle / 3-wheel vehicle,1motor,2,Line 2,opposite,2105.7273,46326,0.8377,51cbe36f-3fda-47ce-b171-25f02ffeeb3a,e2b5d1af-611f-418e-93d3-019b7b7ef4af,123,lembang,cikatomas pakidulan joszzz,,,973f2faa-6112-46fa-b6bf-4d49b6e745af,1_01_R_16082025020000.avi,2026-07-27T05:04:00+07:00
988,1731,motorcycle,1motor,1motor,Motorcycle,1,Motorcycle / 3-wheel vehicle,1motor,1,Line 1,opposite,2107.4091,46363,0.8577,51cbe36f-3fda-47ce-b171-25f02ffeeb3a,e2b5d1af-611f-418e-93d3-019b7b7ef4af,123,lembang,cikatomas pakidulan joszzz,,,973f2faa-6112-46fa-b6bf-4d49b6e745af,1_01_R_16082025020000.avi,2026-07-27T05:04:00+07:00
989,1732,motorcycle,1motor,1motor,Motorcycle,1,Motorcycle / 3-wheel vehicle,1motor,2,Line 2,normal,2118.6364,46610,0.6854,51cbe36f-3fda-47ce-b171-25f02ffeeb3a,e2b5d1af-611f-418e-93d3-019b7b7ef4af,123,lembang,cikatomas pakidulan joszzz,,,973f2faa-6112-46fa-b6bf-4d49b6e745af,1_01_R_16082025020000.avi,2026-07-27T05:04:00+07:00
990,1732,motorcycle,1motor,1motor,Motorcycle,1,Motorcycle / 3-wheel vehicle,1motor,1,Line 1,opposite,2119.3182,46625,0.8146,51cbe36f-3fda-47ce-b171-25f02ffeeb3a,e2b5d1af-611f-418e-93d3-019b7b7ef4af,123,lembang,cikatomas pakidulan joszzz,,,973f2faa-6112-46fa-b6bf-4d49b6e745af,1_01_R_16082025020000.avi,2026-07-27T05:04:00+07:00
991,800343,motorcycle,1motor,1motor,Motorcycle,1,Motorcycle / 3-wheel vehicle,1motor,1,Line 1,normal,2123.4545,46716,0.5444,51cbe36f-3fda-47ce-b171-25f02ffeeb3a,e2b5d1af-611f-418e-93d3-019b7b7ef4af,123,lembang,cikatomas pakidulan joszzz,,,973f2faa-6112-46fa-b6bf-4d49b6e745af,1_01_R_16082025020000.avi,2026-07-27T05:04:00+07:00
992,800343,motorcycle,1motor,1motor,Motorcycle,1,Motorcycle / 3-wheel vehicle,1motor,2,Line 2,opposite,2123.4545,46716,0.5444,51cbe36f-3fda-47ce-b171-25f02ffeeb3a,e2b5d1af-611f-418e-93d3-019b7b7ef4af,123,lembang,cikatomas pakidulan joszzz,,,973f2faa-6112-46fa-b6bf-4d49b6e745af,1_01_R_16082025020000.avi,2026-07-27T05:04:00+07:00
993,1734,motorcycle,1motor,1motor,Motorcycle,1,Motorcycle / 3-wheel vehicle,1motor,2,Line 2,normal,2123.9091,46726,0.835,51cbe36f-3fda-47ce-b171-25f02ffeeb3a,e2b5d1af-611f-418e-93d3-019b7b7ef4af,123,lembang,cikatomas pakidulan joszzz,,,973f2faa-6112-46fa-b6bf-4d49b6e745af,1_01_R_16082025020000.avi,2026-07-27T05:04:00+07:00
994,1734,motorcycle,1motor,1motor,Motorcycle,1,Motorcycle / 3-wheel vehicle,1motor,1,Line 1,opposite,2124.5909,46741,0.8302,51cbe36f-3fda-47ce-b171-25f02ffeeb3a,e2b5d1af-611f-418e-93d3-019b7b7ef4af,123,lembang,cikatomas pakidulan joszzz,,,973f2faa-6112-46fa-b6bf-4d49b6e745af,1_01_R_16082025020000.avi,2026-07-27T05:04:00+07:00
995,800344,motorcycle,1motor,1motor,Motorcycle,1,Motorcycle / 3-wheel vehicle,1motor,1,Line 1,normal,2135.7273,46986,0.1856,51cbe36f-3fda-47ce-b171-25f02ffeeb3a,e2b5d1af-611f-418e-93d3-019b7b7ef4af,123,lembang,cikatomas pakidulan joszzz,,,973f2faa-6112-46fa-b6bf-4d49b6e745af,1_01_R_16082025020000.avi,2026-07-27T05:04:00+07:00
996,800344,motorcycle,1motor,1motor,Motorcycle,1,Motorcycle / 3-wheel vehicle,1motor,2,Line 2,opposite,2135.7273,46986,0.1856,51cbe36f-3fda-47ce-b171-25f02ffeeb3a,e2b5d1af-611f-418e-93d3-019b7b7ef4af,123,lembang,cikatomas pakidulan joszzz,,,973f2faa-6112-46fa-b6bf-4d49b6e745af,1_01_R_16082025020000.avi,2026-07-27T05:04:00+07:00
997,1742,motorcycle,1motor,1motor,Motorcycle,1,Motorcycle / 3-wheel vehicle,1motor,2,Line 2,normal,2136.0909,46994,0.7623,51cbe36f-3fda-47ce-b171-25f02ffeeb3a,e2b5d1af-611f-418e-93d3-019b7b7ef4af,123,lembang,cikatomas pakidulan joszzz,,,973f2faa-6112-46fa-b6bf-4d49b6e745af,1_01_R_16082025020000.avi,2026-07-27T05:04:00+07:00
998,1742,motorcycle,1motor,1motor,Motorcycle,1,Motorcycle / 3-wheel vehicle,1motor,1,Line 1,opposite,2136.8182,47010,0.8325,51cbe36f-3fda-47ce-b171-25f02ffeeb3a,e2b5d1af-611f-418e-93d3-019b7b7ef4af,123,lembang,cikatomas pakidulan joszzz,,,973f2faa-6112-46fa-b6bf-4d49b6e745af,1_01_R_16082025020000.avi,2026-07-27T05:04:00+07:00
999,1738,motorcycle,1motor,1motor,Motorcycle,1,Motorcycle / 3-wheel vehicle,1motor,1,Line 1,normal,2137.8636,47033,0.8242,51cbe36f-3fda-47ce-b171-25f02ffeeb3a,e2b5d1af-611f-418e-93d3-019b7b7ef4af,123,lembang,cikatomas pakidulan joszzz,,,973f2faa-6112-46fa-b6bf-4d49b6e745af,1_01_R_16082025020000.avi,2026-07-27T05:04:00+07:00
1000,1746,car,2mobil,2mobil,Car / Sedan,2,Sedan / jeep / station wagon,2mobil,1,Line 1,normal,2160.0909,47522,0.8101,51cbe36f-3fda-47ce-b171-25f02ffeeb3a,e2b5d1af-611f-418e-93d3-019b7b7ef4af,123,lembang,cikatomas pakidulan joszzz,,,973f2faa-6112-46fa-b6bf-4d49b6e745af,1_01_R_16082025020000.avi,2026-07-27T05:04:00+07:00
1001,1746,car,2mobil,2mobil,Car / Sedan,2,Sedan / jeep / station wagon,2mobil,2,Line 2,opposite,2160.8636,47539,0.6865,51cbe36f-3fda-47ce-b171-25f02ffeeb3a,e2b5d1af-611f-418e-93d3-019b7b7ef4af,123,lembang,cikatomas pakidulan joszzz,,,973f2faa-6112-46fa-b6bf-4d49b6e745af,1_01_R_16082025020000.avi,2026-07-27T05:04:00+07:00
1002,1748,car,2mobil,2mobil,Car / Sedan,2,Sedan / jeep / station wagon,2mobil,1,Line 1,normal,2161.7273,47558,0.8326,51cbe36f-3fda-47ce-b171-25f02ffeeb3a,e2b5d1af-611f-418e-93d3-019b7b7ef4af,123,lembang,cikatomas pakidulan joszzz,,,973f2faa-6112-46fa-b6bf-4d49b6e745af,1_01_R_16082025020000.avi,2026-07-27T05:04:00+07:00
1003,1748,car,2mobil,2mobil,Car / Sedan,2,Sedan / jeep / station wagon,2mobil,2,Line 2,opposite,2162.2727,47570,0.7792,51cbe36f-3fda-47ce-b171-25f02ffeeb3a,e2b5d1af-611f-418e-93d3-019b7b7ef4af,123,lembang,cikatomas pakidulan joszzz,,,973f2faa-6112-46fa-b6bf-4d49b6e745af,1_01_R_16082025020000.avi,2026-07-27T05:04:00+07:00
1004,1757,motorcycle,1motor,1motor,Motorcycle,1,Motorcycle / 3-wheel vehicle,1motor,1,Line 1,normal,2166.1364,47655,0.6484,51cbe36f-3fda-47ce-b171-25f02ffeeb3a,e2b5d1af-611f-418e-93d3-019b7b7ef4af,123,lembang,cikatomas pakidulan joszzz,,,973f2faa-6112-46fa-b6bf-4d49b6e745af,1_01_R_16082025020000.avi,2026-07-27T05:04:00+07:00
1005,1757,motorcycle,1motor,1motor,Motorcycle,1,Motorcycle / 3-wheel vehicle,1motor,2,Line 2,opposite,2167.8182,47692,0.8212,51cbe36f-3fda-47ce-b171-25f02ffeeb3a,e2b5d1af-611f-418e-93d3-019b7b7ef4af,123,lembang,cikatomas pakidulan joszzz,,,973f2faa-6112-46fa-b6bf-4d49b6e745af,1_01_R_16082025020000.avi,2026-07-27T05:04:00+07:00
1006,1758,truck,4pickupmicro,4PickupMicro,Pickup / Micro Truck,4,Pickup / micro truck / delivery,4PickupMicro,1,Line 1,normal,2176.5455,47884,0.8326,51cbe36f-3fda-47ce-b171-25f02ffeeb3a,e2b5d1af-611f-418e-93d3-019b7b7ef4af,123,lembang,cikatomas pakidulan joszzz,,,973f2faa-6112-46fa-b6bf-4d49b6e745af,1_01_R_16082025020000.avi,2026-07-27T05:04:00+07:00
1007,1758,truck,4pickupmicro,4PickupMicro,Pickup / Micro Truck,4,Pickup / micro truck / delivery,4PickupMicro,2,Line 2,opposite,2177.1818,47898,0.8944,51cbe36f-3fda-47ce-b171-25f02ffeeb3a,e2b5d1af-611f-418e-93d3-019b7b7ef4af,123,lembang,cikatomas pakidulan joszzz,,,973f2faa-6112-46fa-b6bf-4d49b6e745af,1_01_R_16082025020000.avi,2026-07-27T05:04:00+07:00
1008,1761,motorcycle,1motor,1motor,Motorcycle,1,Motorcycle / 3-wheel vehicle,1motor,2,Line 2,normal,2203.8182,48484,0.7656,51cbe36f-3fda-47ce-b171-25f02ffeeb3a,e2b5d1af-611f-418e-93d3-019b7b7ef4af,123,lembang,cikatomas pakidulan joszzz,,,973f2faa-6112-46fa-b6bf-4d49b6e745af,1_01_R_16082025020000.avi,2026-07-27T05:04:00+07:00
1009,1761,motorcycle,1motor,1motor,Motorcycle,1,Motorcycle / 3-wheel vehicle,1motor,1,Line 1,opposite,2204.4091,48497,0.8278,51cbe36f-3fda-47ce-b171-25f02ffeeb3a,e2b5d1af-611f-418e-93d3-019b7b7ef4af,123,lembang,cikatomas pakidulan joszzz,,,973f2faa-6112-46fa-b6bf-4d49b6e745af,1_01_R_16082025020000.avi,2026-07-27T05:04:00+07:00
1010,1763,car,2mobil,2mobil,Car / Sedan,2,Sedan / jeep / station wagon,2mobil,1,Line 1,normal,2208.5455,48588,0.8985,51cbe36f-3fda-47ce-b171-25f02ffeeb3a,e2b5d1af-611f-418e-93d3-019b7b7ef4af,123,lembang,cikatomas pakidulan joszzz,,,973f2faa-6112-46fa-b6bf-4d49b6e745af,1_01_R_16082025020000.avi,2026-07-27T05:04:00+07:00
1011,1763,car,2mobil,2mobil,Car / Sedan,2,Sedan / jeep / station wagon,2mobil,2,Line 2,opposite,2209.6818,48613,0.9268,51cbe36f-3fda-47ce-b171-25f02ffeeb3a,e2b5d1af-611f-418e-93d3-019b7b7ef4af,123,lembang,cikatomas pakidulan joszzz,,,973f2faa-6112-46fa-b6bf-4d49b6e745af,1_01_R_16082025020000.avi,2026-07-27T05:04:00+07:00
1012,1764,car,2mobil,2mobil,Car / Sedan,2,Sedan / jeep / station wagon,2mobil,1,Line 1,normal,2211.9091,48662,0.8595,51cbe36f-3fda-47ce-b171-25f02ffeeb3a,e2b5d1af-611f-418e-93d3-019b7b7ef4af,123,lembang,cikatomas pakidulan joszzz,,,973f2faa-6112-46fa-b6bf-4d49b6e745af,1_01_R_16082025020000.avi,2026-07-27T05:04:00+07:00
1013,1764,car,2mobil,2mobil,Car / Sedan,2,Sedan / jeep / station wagon,2mobil,2,Line 2,opposite,2212.8636,48683,0.8896,51cbe36f-3fda-47ce-b171-25f02ffeeb3a,e2b5d1af-611f-418e-93d3-019b7b7ef4af,123,lembang,cikatomas pakidulan joszzz,,,973f2faa-6112-46fa-b6bf-4d49b6e745af,1_01_R_16082025020000.avi,2026-07-27T05:04:00+07:00
1014,1767,motorcycle,1motor,1motor,Motorcycle,1,Motorcycle / 3-wheel vehicle,1motor,1,Line 1,normal,2242.7273,49340,0.8095,51cbe36f-3fda-47ce-b171-25f02ffeeb3a,e2b5d1af-611f-418e-93d3-019b7b7ef4af,123,lembang,cikatomas pakidulan joszzz,,,973f2faa-6112-46fa-b6bf-4d49b6e745af,1_01_R_16082025020000.avi,2026-07-27T05:04:00+07:00
1015,1768,motorcycle,1motor,1motor,Motorcycle,1,Motorcycle / 3-wheel vehicle,1motor,1,Line 1,normal,2245.5,49401,0.8476,51cbe36f-3fda-47ce-b171-25f02ffeeb3a,e2b5d1af-611f-418e-93d3-019b7b7ef4af,123,lembang,cikatomas pakidulan joszzz,,,973f2faa-6112-46fa-b6bf-4d49b6e745af,1_01_R_16082025020000.avi,2026-07-27T05:04:00+07:00
1016,1770,motorcycle,1motor,1motor,Motorcycle,1,Motorcycle / 3-wheel vehicle,1motor,2,Line 2,normal,2245.5909,49403,0.8197,51cbe36f-3fda-47ce-b171-25f02ffeeb3a,e2b5d1af-611f-418e-93d3-019b7b7ef4af,123,lembang,cikatomas pakidulan joszzz,,,973f2faa-6112-46fa-b6bf-4d49b6e745af,1_01_R_16082025020000.avi,2026-07-27T05:04:00+07:00
1017,1770,motorcycle,1motor,1motor,Motorcycle,1,Motorcycle / 3-wheel vehicle,1motor,1,Line 1,opposite,2246.0909,49414,0.6619,51cbe36f-3fda-47ce-b171-25f02ffeeb3a,e2b5d1af-611f-418e-93d3-019b7b7ef4af,123,lembang,cikatomas pakidulan joszzz,,,973f2faa-6112-46fa-b6bf-4d49b6e745af,1_01_R_16082025020000.avi,2026-07-27T05:04:00+07:00
1018,1768,motorcycle,1motor,1motor,Motorcycle,1,Motorcycle / 3-wheel vehicle,1motor,2,Line 2,opposite,2246.4545,49422,0.68,51cbe36f-3fda-47ce-b171-25f02ffeeb3a,e2b5d1af-611f-418e-93d3-019b7b7ef4af,123,lembang,cikatomas pakidulan joszzz,,,973f2faa-6112-46fa-b6bf-4d49b6e745af,1_01_R_16082025020000.avi,2026-07-27T05:04:00+07:00
1019,1772,motorcycle,1motor,1motor,Motorcycle,1,Motorcycle / 3-wheel vehicle,1motor,2,Line 2,normal,2247.3636,49442,0.7901,51cbe36f-3fda-47ce-b171-25f02ffeeb3a,e2b5d1af-611f-418e-93d3-019b7b7ef4af,123,lembang,cikatomas pakidulan joszzz,,,973f2faa-6112-46fa-b6bf-4d49b6e745af,1_01_R_16082025020000.avi,2026-07-27T05:04:00+07:00
1020,1772,motorcycle,1motor,1motor,Motorcycle,1,Motorcycle / 3-wheel vehicle,1motor,1,Line 1,opposite,2247.9091,49454,0.8271,51cbe36f-3fda-47ce-b171-25f02ffeeb3a,e2b5d1af-611f-418e-93d3-019b7b7ef4af,123,lembang,cikatomas pakidulan joszzz,,,973f2faa-6112-46fa-b6bf-4d49b6e745af,1_01_R_16082025020000.avi,2026-07-27T05:04:00+07:00
1021,1776,motorcycle,1motor,1motor,Motorcycle,1,Motorcycle / 3-wheel vehicle,1motor,1,Line 1,opposite,2261.1364,49745,0.848,51cbe36f-3fda-47ce-b171-25f02ffeeb3a,e2b5d1af-611f-418e-93d3-019b7b7ef4af,123,lembang,cikatomas pakidulan joszzz,,,973f2faa-6112-46fa-b6bf-4d49b6e745af,1_01_R_16082025020000.avi,2026-07-27T05:04:00+07:00
1022,1777,car,2mobil,2mobil,Car / Sedan,2,Sedan / jeep / station wagon,2mobil,1,Line 1,normal,2266.0455,49853,0.7054,51cbe36f-3fda-47ce-b171-25f02ffeeb3a,e2b5d1af-611f-418e-93d3-019b7b7ef4af,123,lembang,cikatomas pakidulan joszzz,,,973f2faa-6112-46fa-b6bf-4d49b6e745af,1_01_R_16082025020000.avi,2026-07-27T05:04:00+07:00
1023,1777,car,2mobil,2mobil,Car / Sedan,2,Sedan / jeep / station wagon,2mobil,2,Line 2,opposite,2266.6818,49867,0.7633,51cbe36f-3fda-47ce-b171-25f02ffeeb3a,e2b5d1af-611f-418e-93d3-019b7b7ef4af,123,lembang,cikatomas pakidulan joszzz,,,973f2faa-6112-46fa-b6bf-4d49b6e745af,1_01_R_16082025020000.avi,2026-07-27T05:04:00+07:00
1024,1783,motorcycle,1motor,1motor,Motorcycle,1,Motorcycle / 3-wheel vehicle,1motor,1,Line 1,normal,2274.5455,50040,0.8343,51cbe36f-3fda-47ce-b171-25f02ffeeb3a,e2b5d1af-611f-418e-93d3-019b7b7ef4af,123,lembang,cikatomas pakidulan joszzz,,,973f2faa-6112-46fa-b6bf-4d49b6e745af,1_01_R_16082025020000.avi,2026-07-27T05:04:00+07:00
1025,1784,motorcycle,1motor,1motor,Motorcycle,1,Motorcycle / 3-wheel vehicle,1motor,1,Line 1,normal,2282.0455,50205,0.8394,51cbe36f-3fda-47ce-b171-25f02ffeeb3a,e2b5d1af-611f-418e-93d3-019b7b7ef4af,123,lembang,cikatomas pakidulan joszzz,,,973f2faa-6112-46fa-b6bf-4d49b6e745af,1_01_R_16082025020000.avi,2026-07-27T05:04:00+07:00
1026,800357,motorcycle,1motor,1motor,Motorcycle,1,Motorcycle / 3-wheel vehicle,1motor,1,Line 1,normal,2282.8636,50223,0.6856,51cbe36f-3fda-47ce-b171-25f02ffeeb3a,e2b5d1af-611f-418e-93d3-019b7b7ef4af,123,lembang,cikatomas pakidulan joszzz,,,973f2faa-6112-46fa-b6bf-4d49b6e745af,1_01_R_16082025020000.avi,2026-07-27T05:04:00+07:00
1027,1784,motorcycle,1motor,1motor,Motorcycle,1,Motorcycle / 3-wheel vehicle,1motor,2,Line 2,opposite,2283.1364,50229,0.7142,51cbe36f-3fda-47ce-b171-25f02ffeeb3a,e2b5d1af-611f-418e-93d3-019b7b7ef4af,123,lembang,cikatomas pakidulan joszzz,,,973f2faa-6112-46fa-b6bf-4d49b6e745af,1_01_R_16082025020000.avi,2026-07-27T05:04:00+07:00
1028,800357,motorcycle,1motor,1motor,Motorcycle,1,Motorcycle / 3-wheel vehicle,1motor,2,Line 2,opposite,2283.5455,50238,0.3964,51cbe36f-3fda-47ce-b171-25f02ffeeb3a,e2b5d1af-611f-418e-93d3-019b7b7ef4af,123,lembang,cikatomas pakidulan joszzz,,,973f2faa-6112-46fa-b6bf-4d49b6e745af,1_01_R_16082025020000.avi,2026-07-27T05:04:00+07:00
1029,1787,motorcycle,1motor,1motor,Motorcycle,1,Motorcycle / 3-wheel vehicle,1motor,1,Line 1,opposite,2292.8182,50442,0.8166,51cbe36f-3fda-47ce-b171-25f02ffeeb3a,e2b5d1af-611f-418e-93d3-019b7b7ef4af,123,lembang,cikatomas pakidulan joszzz,,,973f2faa-6112-46fa-b6bf-4d49b6e745af,1_01_R_16082025020000.avi,2026-07-27T05:04:00+07:00
1030,1788,car,2mobil,2mobil,Car / Sedan,2,Sedan / jeep / station wagon,2mobil,2,Line 2,normal,2294.6364,50482,0.9292,51cbe36f-3fda-47ce-b171-25f02ffeeb3a,e2b5d1af-611f-418e-93d3-019b7b7ef4af,123,lembang,cikatomas pakidulan joszzz,,,973f2faa-6112-46fa-b6bf-4d49b6e745af,1_01_R_16082025020000.avi,2026-07-27T05:04:00+07:00
1031,1788,car,2mobil,2mobil,Car / Sedan,2,Sedan / jeep / station wagon,2mobil,1,Line 1,opposite,2295.2273,50495,0.8936,51cbe36f-3fda-47ce-b171-25f02ffeeb3a,e2b5d1af-611f-418e-93d3-019b7b7ef4af,123,lembang,cikatomas pakidulan joszzz,,,973f2faa-6112-46fa-b6bf-4d49b6e745af,1_01_R_16082025020000.avi,2026-07-27T05:04:00+07:00
1032,1790,motorcycle,1motor,1motor,Motorcycle,1,Motorcycle / 3-wheel vehicle,1motor,2,Line 2,normal,2295.2273,50495,0.7959,51cbe36f-3fda-47ce-b171-25f02ffeeb3a,e2b5d1af-611f-418e-93d3-019b7b7ef4af,123,lembang,cikatomas pakidulan joszzz,,,973f2faa-6112-46fa-b6bf-4d49b6e745af,1_01_R_16082025020000.avi,2026-07-27T05:04:00+07:00
1033,1790,motorcycle,1motor,1motor,Motorcycle,1,Motorcycle / 3-wheel vehicle,1motor,1,Line 1,opposite,2295.8182,50508,0.8284,51cbe36f-3fda-47ce-b171-25f02ffeeb3a,e2b5d1af-611f-418e-93d3-019b7b7ef4af,123,lembang,cikatomas pakidulan joszzz,,,973f2faa-6112-46fa-b6bf-4d49b6e745af,1_01_R_16082025020000.avi,2026-07-27T05:04:00+07:00
1034,1791,motorcycle,1motor,1motor,Motorcycle,1,Motorcycle / 3-wheel vehicle,1motor,1,Line 1,normal,2300.7273,50616,0.7647,51cbe36f-3fda-47ce-b171-25f02ffeeb3a,e2b5d1af-611f-418e-93d3-019b7b7ef4af,123,lembang,cikatomas pakidulan joszzz,,,973f2faa-6112-46fa-b6bf-4d49b6e745af,1_01_R_16082025020000.avi,2026-07-27T05:04:00+07:00
1035,1791,motorcycle,1motor,1motor,Motorcycle,1,Motorcycle / 3-wheel vehicle,1motor,2,Line 2,opposite,2301.7273,50638,0.7596,51cbe36f-3fda-47ce-b171-25f02ffeeb3a,e2b5d1af-611f-418e-93d3-019b7b7ef4af,123,lembang,cikatomas pakidulan joszzz,,,973f2faa-6112-46fa-b6bf-4d49b6e745af,1_01_R_16082025020000.avi,2026-07-27T05:04:00+07:00
1036,1795,car,2mobil,2mobil,Car / Sedan,2,Sedan / jeep / station wagon,2mobil,2,Line 2,normal,2306.5,50743,0.9313,51cbe36f-3fda-47ce-b171-25f02ffeeb3a,e2b5d1af-611f-418e-93d3-019b7b7ef4af,123,lembang,cikatomas pakidulan joszzz,,,973f2faa-6112-46fa-b6bf-4d49b6e745af,1_01_R_16082025020000.avi,2026-07-27T05:04:00+07:00
1037,1794,motorcycle,1motor,1motor,Motorcycle,1,Motorcycle / 3-wheel vehicle,1motor,1,Line 1,normal,2307.0909,50756,0.788,51cbe36f-3fda-47ce-b171-25f02ffeeb3a,e2b5d1af-611f-418e-93d3-019b7b7ef4af,123,lembang,cikatomas pakidulan joszzz,,,973f2faa-6112-46fa-b6bf-4d49b6e745af,1_01_R_16082025020000.avi,2026-07-27T05:04:00+07:00
1038,1795,car,2mobil,2mobil,Car / Sedan,2,Sedan / jeep / station wagon,2mobil,1,Line 1,opposite,2307.2273,50759,0.9039,51cbe36f-3fda-47ce-b171-25f02ffeeb3a,e2b5d1af-611f-418e-93d3-019b7b7ef4af,123,lembang,cikatomas pakidulan joszzz,,,973f2faa-6112-46fa-b6bf-4d49b6e745af,1_01_R_16082025020000.avi,2026-07-27T05:04:00+07:00
1039,800362,motorcycle,1motor,1motor,Motorcycle,1,Motorcycle / 3-wheel vehicle,1motor,1,Line 1,normal,2307.4091,50763,0.3992,51cbe36f-3fda-47ce-b171-25f02ffeeb3a,e2b5d1af-611f-418e-93d3-019b7b7ef4af,123,lembang,cikatomas pakidulan joszzz,,,973f2faa-6112-46fa-b6bf-4d49b6e745af,1_01_R_16082025020000.avi,2026-07-27T05:04:00+07:00
1040,1797,motorcycle,1motor,1motor,Motorcycle,1,Motorcycle / 3-wheel vehicle,1motor,1,Line 1,opposite,2308.0455,50777,0.6943,51cbe36f-3fda-47ce-b171-25f02ffeeb3a,e2b5d1af-611f-418e-93d3-019b7b7ef4af,123,lembang,cikatomas pakidulan joszzz,,,973f2faa-6112-46fa-b6bf-4d49b6e745af,1_01_R_16082025020000.avi,2026-07-27T05:04:00+07:00
1041,1794,motorcycle,1motor,1motor,Motorcycle,1,Motorcycle / 3-wheel vehicle,1motor,2,Line 2,opposite,2308.0909,50778,0.8283,51cbe36f-3fda-47ce-b171-25f02ffeeb3a,e2b5d1af-611f-418e-93d3-019b7b7ef4af,123,lembang,cikatomas pakidulan joszzz,,,973f2faa-6112-46fa-b6bf-4d49b6e745af,1_01_R_16082025020000.avi,2026-07-27T05:04:00+07:00
1042,800362,motorcycle,1motor,1motor,Motorcycle,1,Motorcycle / 3-wheel vehicle,1motor,2,Line 2,opposite,2308.3636,50784,0.4296,51cbe36f-3fda-47ce-b171-25f02ffeeb3a,e2b5d1af-611f-418e-93d3-019b7b7ef4af,123,lembang,cikatomas pakidulan joszzz,,,973f2faa-6112-46fa-b6bf-4d49b6e745af,1_01_R_16082025020000.avi,2026-07-27T05:04:00+07:00
1043,1805,motorcycle,1motor,1motor,Motorcycle,1,Motorcycle / 3-wheel vehicle,1motor,2,Line 2,normal,2320.7273,51056,0.8162,51cbe36f-3fda-47ce-b171-25f02ffeeb3a,e2b5d1af-611f-418e-93d3-019b7b7ef4af,123,lembang,cikatomas pakidulan joszzz,,,973f2faa-6112-46fa-b6bf-4d49b6e745af,1_01_R_16082025020000.avi,2026-07-27T05:04:00+07:00
1044,1805,motorcycle,1motor,1motor,Motorcycle,1,Motorcycle / 3-wheel vehicle,1motor,1,Line 1,opposite,2321.3182,51069,0.8376,51cbe36f-3fda-47ce-b171-25f02ffeeb3a,e2b5d1af-611f-418e-93d3-019b7b7ef4af,123,lembang,cikatomas pakidulan joszzz,,,973f2faa-6112-46fa-b6bf-4d49b6e745af,1_01_R_16082025020000.avi,2026-07-27T05:04:00+07:00
1045,1800,truck,6tr_2sumbu,6TR_2sumbu,2-Axle Truck (Jumbo),6,2-Axle Truck,6TR_2sumbu,1,Line 1,normal,2322.2273,51089,0.7125,51cbe36f-3fda-47ce-b171-25f02ffeeb3a,e2b5d1af-611f-418e-93d3-019b7b7ef4af,123,lembang,cikatomas pakidulan joszzz,,,973f2faa-6112-46fa-b6bf-4d49b6e745af,1_01_R_16082025020000.avi,2026-07-27T05:04:00+07:00
1046,1800,truck,6tr_2sumbu,6TR_2sumbu,2-Axle Truck (Jumbo),6,2-Axle Truck,6TR_2sumbu,2,Line 2,opposite,2323.4091,51115,0.8438,51cbe36f-3fda-47ce-b171-25f02ffeeb3a,e2b5d1af-611f-418e-93d3-019b7b7ef4af,123,lembang,cikatomas pakidulan joszzz,,,973f2faa-6112-46fa-b6bf-4d49b6e745af,1_01_R_16082025020000.avi,2026-07-27T05:04:00+07:00
1047,1811,car,2mobil,2mobil,Car / Sedan,2,Sedan / jeep / station wagon,2mobil,2,Line 2,normal,2325.7273,51166,0.9183,51cbe36f-3fda-47ce-b171-25f02ffeeb3a,e2b5d1af-611f-418e-93d3-019b7b7ef4af,123,lembang,cikatomas pakidulan joszzz,,,973f2faa-6112-46fa-b6bf-4d49b6e745af,1_01_R_16082025020000.avi,2026-07-27T05:04:00+07:00
1048,1811,car,2mobil,2mobil,Car / Sedan,2,Sedan / jeep / station wagon,2mobil,1,Line 1,opposite,2326.8636,51191,0.8783,51cbe36f-3fda-47ce-b171-25f02ffeeb3a,e2b5d1af-611f-418e-93d3-019b7b7ef4af,123,lembang,cikatomas pakidulan joszzz,,,973f2faa-6112-46fa-b6bf-4d49b6e745af,1_01_R_16082025020000.avi,2026-07-27T05:04:00+07:00
1049,1812,car,2mobil,2mobil,Car / Sedan,2,Sedan / jeep / station wagon,2mobil,2,Line 2,normal,2332.2727,51310,0.9295,51cbe36f-3fda-47ce-b171-25f02ffeeb3a,e2b5d1af-611f-418e-93d3-019b7b7ef4af,123,lembang,cikatomas pakidulan joszzz,,,973f2faa-6112-46fa-b6bf-4d49b6e745af,1_01_R_16082025020000.avi,2026-07-27T05:04:00+07:00
1050,1812,car,2mobil,2mobil,Car / Sedan,2,Sedan / jeep / station wagon,2mobil,1,Line 1,opposite,2333.1364,51329,0.8972,51cbe36f-3fda-47ce-b171-25f02ffeeb3a,e2b5d1af-611f-418e-93d3-019b7b7ef4af,123,lembang,cikatomas pakidulan joszzz,,,973f2faa-6112-46fa-b6bf-4d49b6e745af,1_01_R_16082025020000.avi,2026-07-27T05:04:00+07:00
1051,1813,car,2mobil,2mobil,Car / Sedan,2,Sedan / jeep / station wagon,2mobil,1,Line 1,normal,2338.1364,51439,0.8637,51cbe36f-3fda-47ce-b171-25f02ffeeb3a,e2b5d1af-611f-418e-93d3-019b7b7ef4af,123,lembang,cikatomas pakidulan joszzz,,,973f2faa-6112-46fa-b6bf-4d49b6e745af,1_01_R_16082025020000.avi,2026-07-27T05:04:00+07:00
1052,1813,car,2mobil,2mobil,Car / Sedan,2,Sedan / jeep / station wagon,2mobil,2,Line 2,opposite,2338.9091,51456,0.8415,51cbe36f-3fda-47ce-b171-25f02ffeeb3a,e2b5d1af-611f-418e-93d3-019b7b7ef4af,123,lembang,cikatomas pakidulan joszzz,,,973f2faa-6112-46fa-b6bf-4d49b6e745af,1_01_R_16082025020000.avi,2026-07-27T05:04:00+07:00
1053,1820,truck,6tr_2sumbu,6TR_2sumbu,2-Axle Truck (Jumbo),6,2-Axle Truck,6TR_2sumbu,1,Line 1,normal,2340.4091,51489,0.9218,51cbe36f-3fda-47ce-b171-25f02ffeeb3a,e2b5d1af-611f-418e-93d3-019b7b7ef4af,123,lembang,cikatomas pakidulan joszzz,,,973f2faa-6112-46fa-b6bf-4d49b6e745af,1_01_R_16082025020000.avi,2026-07-27T05:04:00+07:00
1054,1820,truck,6tr_2sumbu,6TR_2sumbu,2-Axle Truck (Jumbo),6,2-Axle Truck,6TR_2sumbu,2,Line 2,opposite,2341.0909,51504,0.8986,51cbe36f-3fda-47ce-b171-25f02ffeeb3a,e2b5d1af-611f-418e-93d3-019b7b7ef4af,123,lembang,cikatomas pakidulan joszzz,,,973f2faa-6112-46fa-b6bf-4d49b6e745af,1_01_R_16082025020000.avi,2026-07-27T05:04:00+07:00
1055,1823,motorcycle,1motor,1motor,Motorcycle,1,Motorcycle / 3-wheel vehicle,1motor,1,Line 1,normal,2341.6364,51516,0.801,51cbe36f-3fda-47ce-b171-25f02ffeeb3a,e2b5d1af-611f-418e-93d3-019b7b7ef4af,123,lembang,cikatomas pakidulan joszzz,,,973f2faa-6112-46fa-b6bf-4d49b6e745af,1_01_R_16082025020000.avi,2026-07-27T05:04:00+07:00
1056,800367,motorcycle,1motor,1motor,Motorcycle,1,Motorcycle / 3-wheel vehicle,1motor,1,Line 1,normal,2342.0455,51525,0.1991,51cbe36f-3fda-47ce-b171-25f02ffeeb3a,e2b5d1af-611f-418e-93d3-019b7b7ef4af,123,lembang,cikatomas pakidulan joszzz,,,973f2faa-6112-46fa-b6bf-4d49b6e745af,1_01_R_16082025020000.avi,2026-07-27T05:04:00+07:00
1057,1832,motorcycle,1motor,1motor,Motorcycle,1,Motorcycle / 3-wheel vehicle,1motor,1,Line 1,normal,2345.7727,51607,0.8412,51cbe36f-3fda-47ce-b171-25f02ffeeb3a,e2b5d1af-611f-418e-93d3-019b7b7ef4af,123,lembang,cikatomas pakidulan joszzz,,,973f2faa-6112-46fa-b6bf-4d49b6e745af,1_01_R_16082025020000.avi,2026-07-27T05:04:00+07:00
1058,1832,motorcycle,1motor,1motor,Motorcycle,1,Motorcycle / 3-wheel vehicle,1motor,2,Line 2,opposite,2346.4091,51621,0.8315,51cbe36f-3fda-47ce-b171-25f02ffeeb3a,e2b5d1af-611f-418e-93d3-019b7b7ef4af,123,lembang,cikatomas pakidulan joszzz,,,973f2faa-6112-46fa-b6bf-4d49b6e745af,1_01_R_16082025020000.avi,2026-07-27T05:04:00+07:00
1059,1833,car,2mobil,2mobil,Car / Sedan,2,Sedan / jeep / station wagon,2mobil,1,Line 1,normal,2349.4545,51688,0.5939,51cbe36f-3fda-47ce-b171-25f02ffeeb3a,e2b5d1af-611f-418e-93d3-019b7b7ef4af,123,lembang,cikatomas pakidulan joszzz,,,973f2faa-6112-46fa-b6bf-4d49b6e745af,1_01_R_16082025020000.avi,2026-07-27T05:04:00+07:00
1060,1833,car,2mobil,2mobil,Car / Sedan,2,Sedan / jeep / station wagon,2mobil,2,Line 2,opposite,2350.1818,51704,0.8759,51cbe36f-3fda-47ce-b171-25f02ffeeb3a,e2b5d1af-611f-418e-93d3-019b7b7ef4af,123,lembang,cikatomas pakidulan joszzz,,,973f2faa-6112-46fa-b6bf-4d49b6e745af,1_01_R_16082025020000.avi,2026-07-27T05:04:00+07:00
1061,1850,car,2mobil,2mobil,Car / Sedan,2,Sedan / jeep / station wagon,2mobil,1,Line 1,normal,2358.6364,51890,0.5691,51cbe36f-3fda-47ce-b171-25f02ffeeb3a,e2b5d1af-611f-418e-93d3-019b7b7ef4af,123,lembang,cikatomas pakidulan joszzz,,,973f2faa-6112-46fa-b6bf-4d49b6e745af,1_01_R_16082025020000.avi,2026-07-27T05:04:00+07:00
1062,1850,car,2mobil,2mobil,Car / Sedan,2,Sedan / jeep / station wagon,2mobil,2,Line 2,opposite,2359.9091,51918,0.9087,51cbe36f-3fda-47ce-b171-25f02ffeeb3a,e2b5d1af-611f-418e-93d3-019b7b7ef4af,123,lembang,cikatomas pakidulan joszzz,,,973f2faa-6112-46fa-b6bf-4d49b6e745af,1_01_R_16082025020000.avi,2026-07-27T05:04:00+07:00
1063,1857,motorcycle,1motor,1motor,Motorcycle,1,Motorcycle / 3-wheel vehicle,1motor,2,Line 2,normal,2368.6364,52110,0.8623,51cbe36f-3fda-47ce-b171-25f02ffeeb3a,e2b5d1af-611f-418e-93d3-019b7b7ef4af,123,lembang,cikatomas pakidulan joszzz,,,973f2faa-6112-46fa-b6bf-4d49b6e745af,1_01_R_16082025020000.avi,2026-07-27T05:04:00+07:00
1064,1857,motorcycle,1motor,1motor,Motorcycle,1,Motorcycle / 3-wheel vehicle,1motor,1,Line 1,opposite,2369.1818,52122,0.8286,51cbe36f-3fda-47ce-b171-25f02ffeeb3a,e2b5d1af-611f-418e-93d3-019b7b7ef4af,123,lembang,cikatomas pakidulan joszzz,,,973f2faa-6112-46fa-b6bf-4d49b6e745af,1_01_R_16082025020000.avi,2026-07-27T05:04:00+07:00
1065,1858,motorcycle,1motor,1motor,Motorcycle,1,Motorcycle / 3-wheel vehicle,1motor,1,Line 1,normal,2371.5,52173,0.8012,51cbe36f-3fda-47ce-b171-25f02ffeeb3a,e2b5d1af-611f-418e-93d3-019b7b7ef4af,123,lembang,cikatomas pakidulan joszzz,,,973f2faa-6112-46fa-b6bf-4d49b6e745af,1_01_R_16082025020000.avi,2026-07-27T05:04:00+07:00
1066,1858,motorcycle,1motor,1motor,Motorcycle,1,Motorcycle / 3-wheel vehicle,1motor,2,Line 2,opposite,2372.3182,52191,0.62,51cbe36f-3fda-47ce-b171-25f02ffeeb3a,e2b5d1af-611f-418e-93d3-019b7b7ef4af,123,lembang,cikatomas pakidulan joszzz,,,973f2faa-6112-46fa-b6bf-4d49b6e745af,1_01_R_16082025020000.avi,2026-07-27T05:04:00+07:00
1067,800372,motorcycle,1motor,1motor,Motorcycle,1,Motorcycle / 3-wheel vehicle,1motor,2,Line 2,normal,2377.2273,52299,0.4591,51cbe36f-3fda-47ce-b171-25f02ffeeb3a,e2b5d1af-611f-418e-93d3-019b7b7ef4af,123,lembang,cikatomas pakidulan joszzz,,,973f2faa-6112-46fa-b6bf-4d49b6e745af,1_01_R_16082025020000.avi,2026-07-27T05:04:00+07:00
1068,1867,motorcycle,1motor,1motor,Motorcycle,1,Motorcycle / 3-wheel vehicle,1motor,1,Line 1,opposite,2377.6364,52308,0.701,51cbe36f-3fda-47ce-b171-25f02ffeeb3a,e2b5d1af-611f-418e-93d3-019b7b7ef4af,123,lembang,cikatomas pakidulan joszzz,,,973f2faa-6112-46fa-b6bf-4d49b6e745af,1_01_R_16082025020000.avi,2026-07-27T05:04:00+07:00
1069,800372,motorcycle,1motor,1motor,Motorcycle,1,Motorcycle / 3-wheel vehicle,1motor,1,Line 1,opposite,2377.7727,52311,0.3015,51cbe36f-3fda-47ce-b171-25f02ffeeb3a,e2b5d1af-611f-418e-93d3-019b7b7ef4af,123,lembang,cikatomas pakidulan joszzz,,,973f2faa-6112-46fa-b6bf-4d49b6e745af,1_01_R_16082025020000.avi,2026-07-27T05:04:00+07:00
1070,1870,motorcycle,1motor,1motor,Motorcycle,1,Motorcycle / 3-wheel vehicle,1motor,2,Line 2,normal,2378.6364,52330,0.7701,51cbe36f-3fda-47ce-b171-25f02ffeeb3a,e2b5d1af-611f-418e-93d3-019b7b7ef4af,123,lembang,cikatomas pakidulan joszzz,,,973f2faa-6112-46fa-b6bf-4d49b6e745af,1_01_R_16082025020000.avi,2026-07-27T05:04:00+07:00
1071,1868,motorcycle,1motor,1motor,Motorcycle,1,Motorcycle / 3-wheel vehicle,1motor,1,Line 1,normal,2379.3182,52345,0.8431,51cbe36f-3fda-47ce-b171-25f02ffeeb3a,e2b5d1af-611f-418e-93d3-019b7b7ef4af,123,lembang,cikatomas pakidulan joszzz,,,973f2faa-6112-46fa-b6bf-4d49b6e745af,1_01_R_16082025020000.avi,2026-07-27T05:04:00+07:00
1072,1870,motorcycle,1motor,1motor,Motorcycle,1,Motorcycle / 3-wheel vehicle,1motor,1,Line 1,opposite,2379.4091,52347,0.7972,51cbe36f-3fda-47ce-b171-25f02ffeeb3a,e2b5d1af-611f-418e-93d3-019b7b7ef4af,123,lembang,cikatomas pakidulan joszzz,,,973f2faa-6112-46fa-b6bf-4d49b6e745af,1_01_R_16082025020000.avi,2026-07-27T05:04:00+07:00
1073,1868,motorcycle,1motor,1motor,Motorcycle,1,Motorcycle / 3-wheel vehicle,1motor,2,Line 2,opposite,2380.0455,52361,0.8459,51cbe36f-3fda-47ce-b171-25f02ffeeb3a,e2b5d1af-611f-418e-93d3-019b7b7ef4af,123,lembang,cikatomas pakidulan joszzz,,,973f2faa-6112-46fa-b6bf-4d49b6e745af,1_01_R_16082025020000.avi,2026-07-27T05:04:00+07:00
1074,1873,motorcycle,1motor,1motor,Motorcycle,1,Motorcycle / 3-wheel vehicle,1motor,2,Line 2,normal,2382.4545,52414,0.7278,51cbe36f-3fda-47ce-b171-25f02ffeeb3a,e2b5d1af-611f-418e-93d3-019b7b7ef4af,123,lembang,cikatomas pakidulan joszzz,,,973f2faa-6112-46fa-b6bf-4d49b6e745af,1_01_R_16082025020000.avi,2026-07-27T05:04:00+07:00
1075,800373,motorcycle,1motor,1motor,Motorcycle,1,Motorcycle / 3-wheel vehicle,1motor,2,Line 2,normal,2382.8182,52422,0.7176,51cbe36f-3fda-47ce-b171-25f02ffeeb3a,e2b5d1af-611f-418e-93d3-019b7b7ef4af,123,lembang,cikatomas pakidulan joszzz,,,973f2faa-6112-46fa-b6bf-4d49b6e745af,1_01_R_16082025020000.avi,2026-07-27T05:04:00+07:00
1076,1873,motorcycle,1motor,1motor,Motorcycle,1,Motorcycle / 3-wheel vehicle,1motor,1,Line 1,opposite,2383.2273,52431,0.6816,51cbe36f-3fda-47ce-b171-25f02ffeeb3a,e2b5d1af-611f-418e-93d3-019b7b7ef4af,123,lembang,cikatomas pakidulan joszzz,,,973f2faa-6112-46fa-b6bf-4d49b6e745af,1_01_R_16082025020000.avi,2026-07-27T05:04:00+07:00
1077,1871,truck,4pickupmicro,4PickupMicro,Pickup / Micro Truck,4,Pickup / micro truck / delivery,4PickupMicro,1,Line 1,normal,2383.9545,52447,0.9106,51cbe36f-3fda-47ce-b171-25f02ffeeb3a,e2b5d1af-611f-418e-93d3-019b7b7ef4af,123,lembang,cikatomas pakidulan joszzz,,,973f2faa-6112-46fa-b6bf-4d49b6e745af,1_01_R_16082025020000.avi,2026-07-27T05:04:00+07:00
1078,800373,motorcycle,1motor,1motor,Motorcycle,1,Motorcycle / 3-wheel vehicle,1motor,1,Line 1,opposite,2384.4545,52458,0.2685,51cbe36f-3fda-47ce-b171-25f02ffeeb3a,e2b5d1af-611f-418e-93d3-019b7b7ef4af,123,lembang,cikatomas pakidulan joszzz,,,973f2faa-6112-46fa-b6bf-4d49b6e745af,1_01_R_16082025020000.avi,2026-07-27T05:04:00+07:00
1079,1871,truck,4pickupmicro,4PickupMicro,Pickup / Micro Truck,4,Pickup / micro truck / delivery,4PickupMicro,2,Line 2,opposite,2385.0,52470,0.9191,51cbe36f-3fda-47ce-b171-25f02ffeeb3a,e2b5d1af-611f-418e-93d3-019b7b7ef4af,123,lembang,cikatomas pakidulan joszzz,,,973f2faa-6112-46fa-b6bf-4d49b6e745af,1_01_R_16082025020000.avi,2026-07-27T05:04:00+07:00
1080,1885,car,2mobil,2mobil,Car / Sedan,2,Sedan / jeep / station wagon,2mobil,2,Line 2,normal,2385.9091,52490,0.9266,51cbe36f-3fda-47ce-b171-25f02ffeeb3a,e2b5d1af-611f-418e-93d3-019b7b7ef4af,123,lembang,cikatomas pakidulan joszzz,,,973f2faa-6112-46fa-b6bf-4d49b6e745af,1_01_R_16082025020000.avi,2026-07-27T05:04:00+07:00
1081,1885,car,2mobil,2mobil,Car / Sedan,2,Sedan / jeep / station wagon,2mobil,1,Line 1,opposite,2386.5909,52505,0.9094,51cbe36f-3fda-47ce-b171-25f02ffeeb3a,e2b5d1af-611f-418e-93d3-019b7b7ef4af,123,lembang,cikatomas pakidulan joszzz,,,973f2faa-6112-46fa-b6bf-4d49b6e745af,1_01_R_16082025020000.avi,2026-07-27T05:04:00+07:00
1082,1887,motorcycle,1motor,1motor,Motorcycle,1,Motorcycle / 3-wheel vehicle,1motor,1,Line 1,normal,2389.4545,52568,0.7797,51cbe36f-3fda-47ce-b171-25f02ffeeb3a,e2b5d1af-611f-418e-93d3-019b7b7ef4af,123,lembang,cikatomas pakidulan joszzz,,,973f2faa-6112-46fa-b6bf-4d49b6e745af,1_01_R_16082025020000.avi,2026-07-27T05:04:00+07:00
1083,1889,car,2mobil,2mobil,Car / Sedan,2,Sedan / jeep / station wagon,2mobil,2,Line 2,normal,2389.4545,52568,0.9259,51cbe36f-3fda-47ce-b171-25f02ffeeb3a,e2b5d1af-611f-418e-93d3-019b7b7ef4af,123,lembang,cikatomas pakidulan joszzz,,,973f2faa-6112-46fa-b6bf-4d49b6e745af,1_01_R_16082025020000.avi,2026-07-27T05:04:00+07:00
1084,1889,car,2mobil,2mobil,Car / Sedan,2,Sedan / jeep / station wagon,2mobil,1,Line 1,opposite,2390.0,52580,0.9038,51cbe36f-3fda-47ce-b171-25f02ffeeb3a,e2b5d1af-611f-418e-93d3-019b7b7ef4af,123,lembang,cikatomas pakidulan joszzz,,,973f2faa-6112-46fa-b6bf-4d49b6e745af,1_01_R_16082025020000.avi,2026-07-27T05:04:00+07:00
1085,1892,motorcycle,1motor,1motor,Motorcycle,1,Motorcycle / 3-wheel vehicle,1motor,1,Line 1,normal,2392.2727,52630,0.8438,51cbe36f-3fda-47ce-b171-25f02ffeeb3a,e2b5d1af-611f-418e-93d3-019b7b7ef4af,123,lembang,cikatomas pakidulan joszzz,,,973f2faa-6112-46fa-b6bf-4d49b6e745af,1_01_R_16082025020000.avi,2026-07-27T05:04:00+07:00
1086,1892,motorcycle,1motor,1motor,Motorcycle,1,Motorcycle / 3-wheel vehicle,1motor,2,Line 2,opposite,2393.1818,52650,0.6161,51cbe36f-3fda-47ce-b171-25f02ffeeb3a,e2b5d1af-611f-418e-93d3-019b7b7ef4af,123,lembang,cikatomas pakidulan joszzz,,,973f2faa-6112-46fa-b6bf-4d49b6e745af,1_01_R_16082025020000.avi,2026-07-27T05:04:00+07:00
1087,1893,truck,4pickupmicro,4PickupMicro,Pickup / Micro Truck,4,Pickup / micro truck / delivery,4PickupMicro,1,Line 1,normal,2396.6818,52727,0.8132,51cbe36f-3fda-47ce-b171-25f02ffeeb3a,e2b5d1af-611f-418e-93d3-019b7b7ef4af,123,lembang,cikatomas pakidulan joszzz,,,973f2faa-6112-46fa-b6bf-4d49b6e745af,1_01_R_16082025020000.avi,2026-07-27T05:04:00+07:00
1088,1893,truck,4pickupmicro,4PickupMicro,Pickup / Micro Truck,4,Pickup / micro truck / delivery,4PickupMicro,2,Line 2,opposite,2397.3182,52741,0.9037,51cbe36f-3fda-47ce-b171-25f02ffeeb3a,e2b5d1af-611f-418e-93d3-019b7b7ef4af,123,lembang,cikatomas pakidulan joszzz,,,973f2faa-6112-46fa-b6bf-4d49b6e745af,1_01_R_16082025020000.avi,2026-07-27T05:04:00+07:00
1089,1894,car,2mobil,2mobil,Car / Sedan,2,Sedan / jeep / station wagon,2mobil,2,Line 2,normal,2398.9091,52776,0.9213,51cbe36f-3fda-47ce-b171-25f02ffeeb3a,e2b5d1af-611f-418e-93d3-019b7b7ef4af,123,lembang,cikatomas pakidulan joszzz,,,973f2faa-6112-46fa-b6bf-4d49b6e745af,1_01_R_16082025020000.avi,2026-07-27T05:04:00+07:00
1090,1894,car,2mobil,2mobil,Car / Sedan,2,Sedan / jeep / station wagon,2mobil,1,Line 1,opposite,2399.5909,52791,0.9014,51cbe36f-3fda-47ce-b171-25f02ffeeb3a,e2b5d1af-611f-418e-93d3-019b7b7ef4af,123,lembang,cikatomas pakidulan joszzz,,,973f2faa-6112-46fa-b6bf-4d49b6e745af,1_01_R_16082025020000.avi,2026-07-27T05:04:00+07:00
1091,1896,motorcycle,1motor,1motor,Motorcycle,1,Motorcycle / 3-wheel vehicle,1motor,1,Line 1,opposite,2401.1818,52826,0.5781,51cbe36f-3fda-47ce-b171-25f02ffeeb3a,e2b5d1af-611f-418e-93d3-019b7b7ef4af,123,lembang,cikatomas pakidulan joszzz,,,973f2faa-6112-46fa-b6bf-4d49b6e745af,1_01_R_16082025020000.avi,2026-07-27T05:04:00+07:00
1092,1904,truck,6tr_2sumbu,6TR_2sumbu,2-Axle Truck (Jumbo),6,2-Axle Truck,6TR_2sumbu,2,Line 2,normal,2410.2273,53025,0.8861,51cbe36f-3fda-47ce-b171-25f02ffeeb3a,e2b5d1af-611f-418e-93d3-019b7b7ef4af,123,lembang,cikatomas pakidulan joszzz,,,973f2faa-6112-46fa-b6bf-4d49b6e745af,1_01_R_16082025020000.avi,2026-07-27T05:04:00+07:00
1093,800379,motorcycle,1motor,1motor,Motorcycle,1,Motorcycle / 3-wheel vehicle,1motor,1,Line 1,normal,2411.1818,53046,0.738,51cbe36f-3fda-47ce-b171-25f02ffeeb3a,e2b5d1af-611f-418e-93d3-019b7b7ef4af,123,lembang,cikatomas pakidulan joszzz,,,973f2faa-6112-46fa-b6bf-4d49b6e745af,1_01_R_16082025020000.avi,2026-07-27T05:04:00+07:00
1094,1914,motorcycle,1motor,1motor,Motorcycle,1,Motorcycle / 3-wheel vehicle,1motor,2,Line 2,opposite,2411.2273,53047,0.6616,51cbe36f-3fda-47ce-b171-25f02ffeeb3a,e2b5d1af-611f-418e-93d3-019b7b7ef4af,123,lembang,cikatomas pakidulan joszzz,,,973f2faa-6112-46fa-b6bf-4d49b6e745af,1_01_R_16082025020000.avi,2026-07-27T05:04:00+07:00
1095,1904,truck,6tr_2sumbu,6TR_2sumbu,2-Axle Truck (Jumbo),6,2-Axle Truck,6TR_2sumbu,1,Line 1,opposite,2411.3182,53049,0.9022,51cbe36f-3fda-47ce-b171-25f02ffeeb3a,e2b5d1af-611f-418e-93d3-019b7b7ef4af,123,lembang,cikatomas pakidulan joszzz,,,973f2faa-6112-46fa-b6bf-4d49b6e745af,1_01_R_16082025020000.avi,2026-07-27T05:04:00+07:00
1096,800379,motorcycle,1motor,1motor,Motorcycle,1,Motorcycle / 3-wheel vehicle,1motor,2,Line 2,opposite,2411.4545,53052,0.7862,51cbe36f-3fda-47ce-b171-25f02ffeeb3a,e2b5d1af-611f-418e-93d3-019b7b7ef4af,123,lembang,cikatomas pakidulan joszzz,,,973f2faa-6112-46fa-b6bf-4d49b6e745af,1_01_R_16082025020000.avi,2026-07-27T05:04:00+07:00
1097,1917,motorcycle,1motor,1motor,Motorcycle,1,Motorcycle / 3-wheel vehicle,1motor,2,Line 2,normal,2414.5455,53120,0.8349,51cbe36f-3fda-47ce-b171-25f02ffeeb3a,e2b5d1af-611f-418e-93d3-019b7b7ef4af,123,lembang,cikatomas pakidulan joszzz,,,973f2faa-6112-46fa-b6bf-4d49b6e745af,1_01_R_16082025020000.avi,2026-07-27T05:04:00+07:00
1098,800380,motorcycle,1motor,1motor,Motorcycle,1,Motorcycle / 3-wheel vehicle,1motor,2,Line 2,normal,2414.8636,53127,0.4877,51cbe36f-3fda-47ce-b171-25f02ffeeb3a,e2b5d1af-611f-418e-93d3-019b7b7ef4af,123,lembang,cikatomas pakidulan joszzz,,,973f2faa-6112-46fa-b6bf-4d49b6e745af,1_01_R_16082025020000.avi,2026-07-27T05:04:00+07:00
1099,1915,truck,6tr_2sumbu,6TR_2sumbu,2-Axle Truck (Jumbo),6,2-Axle Truck,6TR_2sumbu,1,Line 1,normal,2415.2273,53135,0.9107,51cbe36f-3fda-47ce-b171-25f02ffeeb3a,e2b5d1af-611f-418e-93d3-019b7b7ef4af,123,lembang,cikatomas pakidulan joszzz,,,973f2faa-6112-46fa-b6bf-4d49b6e745af,1_01_R_16082025020000.avi,2026-07-27T05:04:00+07:00
1100,1918,motorcycle,1motor,1motor,Motorcycle,1,Motorcycle / 3-wheel vehicle,1motor,1,Line 1,opposite,2415.3182,53137,0.7467,51cbe36f-3fda-47ce-b171-25f02ffeeb3a,e2b5d1af-611f-418e-93d3-019b7b7ef4af,123,lembang,cikatomas pakidulan joszzz,,,973f2faa-6112-46fa-b6bf-4d49b6e745af,1_01_R_16082025020000.avi,2026-07-27T05:04:00+07:00
1101,800380,motorcycle,1motor,1motor,Motorcycle,1,Motorcycle / 3-wheel vehicle,1motor,1,Line 1,opposite,2415.6818,53145,0.336,51cbe36f-3fda-47ce-b171-25f02ffeeb3a,e2b5d1af-611f-418e-93d3-019b7b7ef4af,123,lembang,cikatomas pakidulan joszzz,,,973f2faa-6112-46fa-b6bf-4d49b6e745af,1_01_R_16082025020000.avi,2026-07-27T05:04:00+07:00
1102,1915,truck,6tr_2sumbu,6TR_2sumbu,2-Axle Truck (Jumbo),6,2-Axle Truck,6TR_2sumbu,2,Line 2,opposite,2416.1818,53156,0.8911,51cbe36f-3fda-47ce-b171-25f02ffeeb3a,e2b5d1af-611f-418e-93d3-019b7b7ef4af,123,lembang,cikatomas pakidulan joszzz,,,973f2faa-6112-46fa-b6bf-4d49b6e745af,1_01_R_16082025020000.avi,2026-07-27T05:04:00+07:00
1103,1919,truck,4pickupmicro,4PickupMicro,Pickup / Micro Truck,4,Pickup / micro truck / delivery,4PickupMicro,2,Line 2,normal,2428.8636,53435,0.8487,51cbe36f-3fda-47ce-b171-25f02ffeeb3a,e2b5d1af-611f-418e-93d3-019b7b7ef4af,123,lembang,cikatomas pakidulan joszzz,,,973f2faa-6112-46fa-b6bf-4d49b6e745af,1_01_R_16082025020000.avi,2026-07-27T05:04:00+07:00
1104,1919,truck,4pickupmicro,4PickupMicro,Pickup / Micro Truck,4,Pickup / micro truck / delivery,4PickupMicro,1,Line 1,opposite,2429.5455,53450,0.892,51cbe36f-3fda-47ce-b171-25f02ffeeb3a,e2b5d1af-611f-418e-93d3-019b7b7ef4af,123,lembang,cikatomas pakidulan joszzz,,,973f2faa-6112-46fa-b6bf-4d49b6e745af,1_01_R_16082025020000.avi,2026-07-27T05:04:00+07:00
1105,1925,motorcycle,1motor,1motor,Motorcycle,1,Motorcycle / 3-wheel vehicle,1motor,2,Line 2,normal,2442.6364,53738,0.6499,51cbe36f-3fda-47ce-b171-25f02ffeeb3a,e2b5d1af-611f-418e-93d3-019b7b7ef4af,123,lembang,cikatomas pakidulan joszzz,,,973f2faa-6112-46fa-b6bf-4d49b6e745af,1_01_R_16082025020000.avi,2026-07-27T05:04:00+07:00
1106,1925,motorcycle,1motor,1motor,Motorcycle,1,Motorcycle / 3-wheel vehicle,1motor,1,Line 1,opposite,2443.5909,53759,0.7999,51cbe36f-3fda-47ce-b171-25f02ffeeb3a,e2b5d1af-611f-418e-93d3-019b7b7ef4af,123,lembang,cikatomas pakidulan joszzz,,,973f2faa-6112-46fa-b6bf-4d49b6e745af,1_01_R_16082025020000.avi,2026-07-27T05:04:00+07:00
1107,1927,motorcycle,1motor,1motor,Motorcycle,1,Motorcycle / 3-wheel vehicle,1motor,2,Line 2,normal,2466.8636,54271,0.8352,51cbe36f-3fda-47ce-b171-25f02ffeeb3a,e2b5d1af-611f-418e-93d3-019b7b7ef4af,123,lembang,cikatomas pakidulan joszzz,,,973f2faa-6112-46fa-b6bf-4d49b6e745af,1_01_R_16082025020000.avi,2026-07-27T05:04:00+07:00
1108,1927,motorcycle,1motor,1motor,Motorcycle,1,Motorcycle / 3-wheel vehicle,1motor,1,Line 1,opposite,2467.5,54285,0.8426,51cbe36f-3fda-47ce-b171-25f02ffeeb3a,e2b5d1af-611f-418e-93d3-019b7b7ef4af,123,lembang,cikatomas pakidulan joszzz,,,973f2faa-6112-46fa-b6bf-4d49b6e745af,1_01_R_16082025020000.avi,2026-07-27T05:04:00+07:00
1109,1931,motorcycle,1motor,1motor,Motorcycle,1,Motorcycle / 3-wheel vehicle,1motor,1,Line 1,normal,2469.3636,54326,0.8359,51cbe36f-3fda-47ce-b171-25f02ffeeb3a,e2b5d1af-611f-418e-93d3-019b7b7ef4af,123,lembang,cikatomas pakidulan joszzz,,,973f2faa-6112-46fa-b6bf-4d49b6e745af,1_01_R_16082025020000.avi,2026-07-27T05:04:00+07:00
1110,800384,motorcycle,1motor,1motor,Motorcycle,1,Motorcycle / 3-wheel vehicle,1motor,1,Line 1,normal,2469.6818,54333,0.5821,51cbe36f-3fda-47ce-b171-25f02ffeeb3a,e2b5d1af-611f-418e-93d3-019b7b7ef4af,123,lembang,cikatomas pakidulan joszzz,,,973f2faa-6112-46fa-b6bf-4d49b6e745af,1_01_R_16082025020000.avi,2026-07-27T05:04:00+07:00
1111,1935,motorcycle,1motor,1motor,Motorcycle,1,Motorcycle / 3-wheel vehicle,1motor,1,Line 1,opposite,2475.5909,54463,0.8612,51cbe36f-3fda-47ce-b171-25f02ffeeb3a,e2b5d1af-611f-418e-93d3-019b7b7ef4af,123,lembang,cikatomas pakidulan joszzz,,,973f2faa-6112-46fa-b6bf-4d49b6e745af,1_01_R_16082025020000.avi,2026-07-27T05:04:00+07:00
1112,1936,truck,6tr_2sumbu,6TR_2sumbu,2-Axle Truck (Jumbo),6,2-Axle Truck,6TR_2sumbu,2,Line 2,normal,2476.9091,54492,0.9102,51cbe36f-3fda-47ce-b171-25f02ffeeb3a,e2b5d1af-611f-418e-93d3-019b7b7ef4af,123,lembang,cikatomas pakidulan joszzz,,,973f2faa-6112-46fa-b6bf-4d49b6e745af,1_01_R_16082025020000.avi,2026-07-27T05:04:00+07:00
1113,1936,truck,6tr_2sumbu,6TR_2sumbu,2-Axle Truck (Jumbo),6,2-Axle Truck,6TR_2sumbu,1,Line 1,opposite,2477.5909,54507,0.9227,51cbe36f-3fda-47ce-b171-25f02ffeeb3a,e2b5d1af-611f-418e-93d3-019b7b7ef4af,123,lembang,cikatomas pakidulan joszzz,,,973f2faa-6112-46fa-b6bf-4d49b6e745af,1_01_R_16082025020000.avi,2026-07-27T05:04:00+07:00
1114,1944,truck,4pickupmicro,4PickupMicro,Pickup / Micro Truck,4,Pickup / micro truck / delivery,4PickupMicro,2,Line 2,normal,2484.2273,54653,0.9018,51cbe36f-3fda-47ce-b171-25f02ffeeb3a,e2b5d1af-611f-418e-93d3-019b7b7ef4af,123,lembang,cikatomas pakidulan joszzz,,,973f2faa-6112-46fa-b6bf-4d49b6e745af,1_01_R_16082025020000.avi,2026-07-27T05:04:00+07:00
1115,1944,truck,4pickupmicro,4PickupMicro,Pickup / Micro Truck,4,Pickup / micro truck / delivery,4PickupMicro,1,Line 1,opposite,2484.7273,54664,0.875,51cbe36f-3fda-47ce-b171-25f02ffeeb3a,e2b5d1af-611f-418e-93d3-019b7b7ef4af,123,lembang,cikatomas pakidulan joszzz,,,973f2faa-6112-46fa-b6bf-4d49b6e745af,1_01_R_16082025020000.avi,2026-07-27T05:04:00+07:00
1116,1946,motorcycle,1motor,1motor,Motorcycle,1,Motorcycle / 3-wheel vehicle,1motor,1,Line 1,normal,2492.5,54835,0.8254,51cbe36f-3fda-47ce-b171-25f02ffeeb3a,e2b5d1af-611f-418e-93d3-019b7b7ef4af,123,lembang,cikatomas pakidulan joszzz,,,973f2faa-6112-46fa-b6bf-4d49b6e745af,1_01_R_16082025020000.avi,2026-07-27T05:04:00+07:00
1117,1946,motorcycle,1motor,1motor,Motorcycle,1,Motorcycle / 3-wheel vehicle,1motor,2,Line 2,opposite,2493.1818,54850,0.5785,51cbe36f-3fda-47ce-b171-25f02ffeeb3a,e2b5d1af-611f-418e-93d3-019b7b7ef4af,123,lembang,cikatomas pakidulan joszzz,,,973f2faa-6112-46fa-b6bf-4d49b6e745af,1_01_R_16082025020000.avi,2026-07-27T05:04:00+07:00
1118,1949,motorcycle,1motor,1motor,Motorcycle,1,Motorcycle / 3-wheel vehicle,1motor,2,Line 2,normal,2498.6364,54970,0.8389,51cbe36f-3fda-47ce-b171-25f02ffeeb3a,e2b5d1af-611f-418e-93d3-019b7b7ef4af,123,lembang,cikatomas pakidulan joszzz,,,973f2faa-6112-46fa-b6bf-4d49b6e745af,1_01_R_16082025020000.avi,2026-07-27T05:04:00+07:00
1119,1949,motorcycle,1motor,1motor,Motorcycle,1,Motorcycle / 3-wheel vehicle,1motor,1,Line 1,opposite,2499.2727,54984,0.8256,51cbe36f-3fda-47ce-b171-25f02ffeeb3a,e2b5d1af-611f-418e-93d3-019b7b7ef4af,123,lembang,cikatomas pakidulan joszzz,,,973f2faa-6112-46fa-b6bf-4d49b6e745af,1_01_R_16082025020000.avi,2026-07-27T05:04:00+07:00
1120,1950,motorcycle,1motor,1motor,Motorcycle,1,Motorcycle / 3-wheel vehicle,1motor,1,Line 1,normal,2507.0455,55155,0.8356,51cbe36f-3fda-47ce-b171-25f02ffeeb3a,e2b5d1af-611f-418e-93d3-019b7b7ef4af,123,lembang,cikatomas pakidulan joszzz,,,973f2faa-6112-46fa-b6bf-4d49b6e745af,1_01_R_16082025020000.avi,2026-07-27T05:04:00+07:00
1121,1951,motorcycle,1motor,1motor,Motorcycle,1,Motorcycle / 3-wheel vehicle,1motor,1,Line 1,normal,2507.8182,55172,0.821,51cbe36f-3fda-47ce-b171-25f02ffeeb3a,e2b5d1af-611f-418e-93d3-019b7b7ef4af,123,lembang,cikatomas pakidulan joszzz,,,973f2faa-6112-46fa-b6bf-4d49b6e745af,1_01_R_16082025020000.avi,2026-07-27T05:04:00+07:00
1122,800388,motorcycle,1motor,1motor,Motorcycle,1,Motorcycle / 3-wheel vehicle,1motor,1,Line 1,normal,2507.8636,55173,0.3396,51cbe36f-3fda-47ce-b171-25f02ffeeb3a,e2b5d1af-611f-418e-93d3-019b7b7ef4af,123,lembang,cikatomas pakidulan joszzz,,,973f2faa-6112-46fa-b6bf-4d49b6e745af,1_01_R_16082025020000.avi,2026-07-27T05:04:00+07:00
1123,1950,motorcycle,1motor,1motor,Motorcycle,1,Motorcycle / 3-wheel vehicle,1motor,2,Line 2,opposite,2507.9545,55175,0.8328,51cbe36f-3fda-47ce-b171-25f02ffeeb3a,e2b5d1af-611f-418e-93d3-019b7b7ef4af,123,lembang,cikatomas pakidulan joszzz,,,973f2faa-6112-46fa-b6bf-4d49b6e745af,1_01_R_16082025020000.avi,2026-07-27T05:04:00+07:00
1124,1958,motorcycle,1motor,1motor,Motorcycle,1,Motorcycle / 3-wheel vehicle,1motor,1,Line 1,opposite,2511.8636,55261,0.8473,51cbe36f-3fda-47ce-b171-25f02ffeeb3a,e2b5d1af-611f-418e-93d3-019b7b7ef4af,123,lembang,cikatomas pakidulan joszzz,,,973f2faa-6112-46fa-b6bf-4d49b6e745af,1_01_R_16082025020000.avi,2026-07-27T05:04:00+07:00
1125,1961,motorcycle,1motor,1motor,Motorcycle,1,Motorcycle / 3-wheel vehicle,1motor,2,Line 2,normal,2523.8636,55525,0.862,51cbe36f-3fda-47ce-b171-25f02ffeeb3a,e2b5d1af-611f-418e-93d3-019b7b7ef4af,123,lembang,cikatomas pakidulan joszzz,,,973f2faa-6112-46fa-b6bf-4d49b6e745af,1_01_R_16082025020000.avi,2026-07-27T05:04:00+07:00
1126,1961,motorcycle,1motor,1motor,Motorcycle,1,Motorcycle / 3-wheel vehicle,1motor,1,Line 1,opposite,2524.6818,55543,0.8578,51cbe36f-3fda-47ce-b171-25f02ffeeb3a,e2b5d1af-611f-418e-93d3-019b7b7ef4af,123,lembang,cikatomas pakidulan joszzz,,,973f2faa-6112-46fa-b6bf-4d49b6e745af,1_01_R_16082025020000.avi,2026-07-27T05:04:00+07:00
1127,1965,motorcycle,1motor,1motor,Motorcycle,1,Motorcycle / 3-wheel vehicle,1motor,2,Line 2,normal,2525.3182,55557,0.8547,51cbe36f-3fda-47ce-b171-25f02ffeeb3a,e2b5d1af-611f-418e-93d3-019b7b7ef4af,123,lembang,cikatomas pakidulan joszzz,,,973f2faa-6112-46fa-b6bf-4d49b6e745af,1_01_R_16082025020000.avi,2026-07-27T05:04:00+07:00
1128,1965,motorcycle,1motor,1motor,Motorcycle,1,Motorcycle / 3-wheel vehicle,1motor,1,Line 1,opposite,2526.1364,55575,0.8389,51cbe36f-3fda-47ce-b171-25f02ffeeb3a,e2b5d1af-611f-418e-93d3-019b7b7ef4af,123,lembang,cikatomas pakidulan joszzz,,,973f2faa-6112-46fa-b6bf-4d49b6e745af,1_01_R_16082025020000.avi,2026-07-27T05:04:00+07:00
1129,1969,motorcycle,1motor,1motor,Motorcycle,1,Motorcycle / 3-wheel vehicle,1motor,2,Line 2,normal,2526.2273,55577,0.8474,51cbe36f-3fda-47ce-b171-25f02ffeeb3a,e2b5d1af-611f-418e-93d3-019b7b7ef4af,123,lembang,cikatomas pakidulan joszzz,,,973f2faa-6112-46fa-b6bf-4d49b6e745af,1_01_R_16082025020000.avi,2026-07-27T05:04:00+07:00
1130,1969,motorcycle,1motor,1motor,Motorcycle,1,Motorcycle / 3-wheel vehicle,1motor,1,Line 1,opposite,2527.1818,55598,0.7716,51cbe36f-3fda-47ce-b171-25f02ffeeb3a,e2b5d1af-611f-418e-93d3-019b7b7ef4af,123,lembang,cikatomas pakidulan joszzz,,,973f2faa-6112-46fa-b6bf-4d49b6e745af,1_01_R_16082025020000.avi,2026-07-27T05:04:00+07:00
1131,1971,motorcycle,1motor,1motor,Motorcycle,1,Motorcycle / 3-wheel vehicle,1motor,1,Line 1,opposite,2558.2727,56282,0.8601,51cbe36f-3fda-47ce-b171-25f02ffeeb3a,e2b5d1af-611f-418e-93d3-019b7b7ef4af,123,lembang,cikatomas pakidulan joszzz,,,973f2faa-6112-46fa-b6bf-4d49b6e745af,1_01_R_16082025020000.avi,2026-07-27T05:04:00+07:00
1132,1972,truck,4pickupmicro,4PickupMicro,Pickup / Micro Truck,4,Pickup / micro truck / delivery,4PickupMicro,2,Line 2,normal,2561.2273,56347,0.9145,51cbe36f-3fda-47ce-b171-25f02ffeeb3a,e2b5d1af-611f-418e-93d3-019b7b7ef4af,123,lembang,cikatomas pakidulan joszzz,,,973f2faa-6112-46fa-b6bf-4d49b6e745af,1_01_R_16082025020000.avi,2026-07-27T05:04:00+07:00
1133,1972,truck,4pickupmicro,4PickupMicro,Pickup / Micro Truck,4,Pickup / micro truck / delivery,4PickupMicro,1,Line 1,opposite,2561.7273,56358,0.9108,51cbe36f-3fda-47ce-b171-25f02ffeeb3a,e2b5d1af-611f-418e-93d3-019b7b7ef4af,123,lembang,cikatomas pakidulan joszzz,,,973f2faa-6112-46fa-b6bf-4d49b6e745af,1_01_R_16082025020000.avi,2026-07-27T05:04:00+07:00
1134,1973,car,2mobil,2mobil,Car / Sedan,2,Sedan / jeep / station wagon,2mobil,2,Line 2,normal,2565.0455,56431,0.9252,51cbe36f-3fda-47ce-b171-25f02ffeeb3a,e2b5d1af-611f-418e-93d3-019b7b7ef4af,123,lembang,cikatomas pakidulan joszzz,,,973f2faa-6112-46fa-b6bf-4d49b6e745af,1_01_R_16082025020000.avi,2026-07-27T05:04:00+07:00
1135,1973,car,2mobil,2mobil,Car / Sedan,2,Sedan / jeep / station wagon,2mobil,1,Line 1,opposite,2565.5455,56442,0.894,51cbe36f-3fda-47ce-b171-25f02ffeeb3a,e2b5d1af-611f-418e-93d3-019b7b7ef4af,123,lembang,cikatomas pakidulan joszzz,,,973f2faa-6112-46fa-b6bf-4d49b6e745af,1_01_R_16082025020000.avi,2026-07-27T05:04:00+07:00
1136,800393,motorcycle,1motor,1motor,Motorcycle,1,Motorcycle / 3-wheel vehicle,1motor,1,Line 1,normal,2567.1818,56478,0.1708,51cbe36f-3fda-47ce-b171-25f02ffeeb3a,e2b5d1af-611f-418e-93d3-019b7b7ef4af,123,lembang,cikatomas pakidulan joszzz,,,973f2faa-6112-46fa-b6bf-4d49b6e745af,1_01_R_16082025020000.avi,2026-07-27T05:04:00+07:00
1137,800393,motorcycle,1motor,1motor,Motorcycle,1,Motorcycle / 3-wheel vehicle,1motor,2,Line 2,opposite,2567.1818,56478,0.1708,51cbe36f-3fda-47ce-b171-25f02ffeeb3a,e2b5d1af-611f-418e-93d3-019b7b7ef4af,123,lembang,cikatomas pakidulan joszzz,,,973f2faa-6112-46fa-b6bf-4d49b6e745af,1_01_R_16082025020000.avi,2026-07-27T05:04:00+07:00
1138,1975,motorcycle,1motor,1motor,Motorcycle,1,Motorcycle / 3-wheel vehicle,1motor,1,Line 1,opposite,2567.9091,56494,0.8461,51cbe36f-3fda-47ce-b171-25f02ffeeb3a,e2b5d1af-611f-418e-93d3-019b7b7ef4af,123,lembang,cikatomas pakidulan joszzz,,,973f2faa-6112-46fa-b6bf-4d49b6e745af,1_01_R_16082025020000.avi,2026-07-27T05:04:00+07:00
1139,1976,car,3ang_umum,3ang_umum,Public Transportation (Angkot),3,Medium passenger vehicle,3Ang_umum,1,Line 1,normal,2570.1364,56543,0.9131,51cbe36f-3fda-47ce-b171-25f02ffeeb3a,e2b5d1af-611f-418e-93d3-019b7b7ef4af,123,lembang,cikatomas pakidulan joszzz,,,973f2faa-6112-46fa-b6bf-4d49b6e745af,1_01_R_16082025020000.avi,2026-07-27T05:04:00+07:00
1140,1976,car,3ang_umum,3ang_umum,Public Transportation (Angkot),3,Medium passenger vehicle,3Ang_umum,2,Line 2,opposite,2571.0455,56563,0.6776,51cbe36f-3fda-47ce-b171-25f02ffeeb3a,e2b5d1af-611f-418e-93d3-019b7b7ef4af,123,lembang,cikatomas pakidulan joszzz,,,973f2faa-6112-46fa-b6bf-4d49b6e745af,1_01_R_16082025020000.avi,2026-07-27T05:04:00+07:00
1141,1986,car,2mobil,2mobil,Car / Sedan,2,Sedan / jeep / station wagon,2mobil,2,Line 2,normal,2571.4091,56571,0.9304,51cbe36f-3fda-47ce-b171-25f02ffeeb3a,e2b5d1af-611f-418e-93d3-019b7b7ef4af,123,lembang,cikatomas pakidulan joszzz,,,973f2faa-6112-46fa-b6bf-4d49b6e745af,1_01_R_16082025020000.avi,2026-07-27T05:04:00+07:00
1142,1986,car,2mobil,2mobil,Car / Sedan,2,Sedan / jeep / station wagon,2mobil,1,Line 1,opposite,2572.0455,56585,0.908,51cbe36f-3fda-47ce-b171-25f02ffeeb3a,e2b5d1af-611f-418e-93d3-019b7b7ef4af,123,lembang,cikatomas pakidulan joszzz,,,973f2faa-6112-46fa-b6bf-4d49b6e745af,1_01_R_16082025020000.avi,2026-07-27T05:04:00+07:00
1143,1988,motorcycle,1motor,1motor,Motorcycle,1,Motorcycle / 3-wheel vehicle,1motor,2,Line 2,normal,2575.2273,56655,0.8467,51cbe36f-3fda-47ce-b171-25f02ffeeb3a,e2b5d1af-611f-418e-93d3-019b7b7ef4af,123,lembang,cikatomas pakidulan joszzz,,,973f2faa-6112-46fa-b6bf-4d49b6e745af,1_01_R_16082025020000.avi,2026-07-27T05:04:00+07:00
1144,1988,motorcycle,1motor,1motor,Motorcycle,1,Motorcycle / 3-wheel vehicle,1motor,1,Line 1,opposite,2575.8182,56668,0.8556,51cbe36f-3fda-47ce-b171-25f02ffeeb3a,e2b5d1af-611f-418e-93d3-019b7b7ef4af,123,lembang,cikatomas pakidulan joszzz,,,973f2faa-6112-46fa-b6bf-4d49b6e745af,1_01_R_16082025020000.avi,2026-07-27T05:04:00+07:00
1145,1989,motorcycle,1motor,1motor,Motorcycle,1,Motorcycle / 3-wheel vehicle,1motor,2,Line 2,normal,2577.2273,56699,0.8361,51cbe36f-3fda-47ce-b171-25f02ffeeb3a,e2b5d1af-611f-418e-93d3-019b7b7ef4af,123,lembang,cikatomas pakidulan joszzz,,,973f2faa-6112-46fa-b6bf-4d49b6e745af,1_01_R_16082025020000.avi,2026-07-27T05:04:00+07:00
1146,1989,motorcycle,1motor,1motor,Motorcycle,1,Motorcycle / 3-wheel vehicle,1motor,1,Line 1,opposite,2578.3636,56724,0.8306,51cbe36f-3fda-47ce-b171-25f02ffeeb3a,e2b5d1af-611f-418e-93d3-019b7b7ef4af,123,lembang,cikatomas pakidulan joszzz,,,973f2faa-6112-46fa-b6bf-4d49b6e745af,1_01_R_16082025020000.avi,2026-07-27T05:04:00+07:00
1147,1990,motorcycle,1motor,1motor,Motorcycle,1,Motorcycle / 3-wheel vehicle,1motor,2,Line 2,normal,2589.3182,56965,0.8546,51cbe36f-3fda-47ce-b171-25f02ffeeb3a,e2b5d1af-611f-418e-93d3-019b7b7ef4af,123,lembang,cikatomas pakidulan joszzz,,,973f2faa-6112-46fa-b6bf-4d49b6e745af,1_01_R_16082025020000.avi,2026-07-27T05:04:00+07:00
1148,1990,motorcycle,1motor,1motor,Motorcycle,1,Motorcycle / 3-wheel vehicle,1motor,1,Line 1,opposite,2590.3636,56988,0.852,51cbe36f-3fda-47ce-b171-25f02ffeeb3a,e2b5d1af-611f-418e-93d3-019b7b7ef4af,123,lembang,cikatomas pakidulan joszzz,,,973f2faa-6112-46fa-b6bf-4d49b6e745af,1_01_R_16082025020000.avi,2026-07-27T05:04:00+07:00
1149,800398,motorcycle,1motor,1motor,Motorcycle,1,Motorcycle / 3-wheel vehicle,1motor,2,Line 2,normal,2592.2727,57030,0.4728,51cbe36f-3fda-47ce-b171-25f02ffeeb3a,e2b5d1af-611f-418e-93d3-019b7b7ef4af,123,lembang,cikatomas pakidulan joszzz,,,973f2faa-6112-46fa-b6bf-4d49b6e745af,1_01_R_16082025020000.avi,2026-07-27T05:04:00+07:00
1150,2000,motorcycle,1motor,1motor,Motorcycle,1,Motorcycle / 3-wheel vehicle,1motor,1,Line 1,opposite,2592.4091,57033,0.7151,51cbe36f-3fda-47ce-b171-25f02ffeeb3a,e2b5d1af-611f-418e-93d3-019b7b7ef4af,123,lembang,cikatomas pakidulan joszzz,,,973f2faa-6112-46fa-b6bf-4d49b6e745af,1_01_R_16082025020000.avi,2026-07-27T05:04:00+07:00
1151,800398,motorcycle,1motor,1motor,Motorcycle,1,Motorcycle / 3-wheel vehicle,1motor,1,Line 1,opposite,2593.6364,57060,0.4474,51cbe36f-3fda-47ce-b171-25f02ffeeb3a,e2b5d1af-611f-418e-93d3-019b7b7ef4af,123,lembang,cikatomas pakidulan joszzz,,,973f2faa-6112-46fa-b6bf-4d49b6e745af,1_01_R_16082025020000.avi,2026-07-27T05:04:00+07:00
1152,2006,motorcycle,1motor,1motor,Motorcycle,1,Motorcycle / 3-wheel vehicle,1motor,2,Line 2,normal,2599.5455,57190,0.7789,51cbe36f-3fda-47ce-b171-25f02ffeeb3a,e2b5d1af-611f-418e-93d3-019b7b7ef4af,123,lembang,cikatomas pakidulan joszzz,,,973f2faa-6112-46fa-b6bf-4d49b6e745af,1_01_R_16082025020000.avi,2026-07-27T05:04:00+07:00
1153,800399,motorcycle,1motor,1motor,Motorcycle,1,Motorcycle / 3-wheel vehicle,1motor,2,Line 2,normal,2599.7727,57195,0.8253,51cbe36f-3fda-47ce-b171-25f02ffeeb3a,e2b5d1af-611f-418e-93d3-019b7b7ef4af,123,lembang,cikatomas pakidulan joszzz,,,973f2faa-6112-46fa-b6bf-4d49b6e745af,1_01_R_16082025020000.avi,2026-07-27T05:04:00+07:00
1154,2006,motorcycle,1motor,1motor,Motorcycle,1,Motorcycle / 3-wheel vehicle,1motor,1,Line 1,opposite,2600.5,57211,0.7374,51cbe36f-3fda-47ce-b171-25f02ffeeb3a,e2b5d1af-611f-418e-93d3-019b7b7ef4af,123,lembang,cikatomas pakidulan joszzz,,,973f2faa-6112-46fa-b6bf-4d49b6e745af,1_01_R_16082025020000.avi,2026-07-27T05:04:00+07:00
1155,2016,motorcycle,1motor,1motor,Motorcycle,1,Motorcycle / 3-wheel vehicle,1motor,1,Line 1,normal,2617.1364,57577,0.8139,51cbe36f-3fda-47ce-b171-25f02ffeeb3a,e2b5d1af-611f-418e-93d3-019b7b7ef4af,123,lembang,cikatomas pakidulan joszzz,,,973f2faa-6112-46fa-b6bf-4d49b6e745af,1_01_R_16082025020000.avi,2026-07-27T05:04:00+07:00
1156,2016,motorcycle,1motor,1motor,Motorcycle,1,Motorcycle / 3-wheel vehicle,1motor,2,Line 2,opposite,2618.0909,57598,0.7739,51cbe36f-3fda-47ce-b171-25f02ffeeb3a,e2b5d1af-611f-418e-93d3-019b7b7ef4af,123,lembang,cikatomas pakidulan joszzz,,,973f2faa-6112-46fa-b6bf-4d49b6e745af,1_01_R_16082025020000.avi,2026-07-27T05:04:00+07:00
1157,2017,motorcycle,1motor,1motor,Motorcycle,1,Motorcycle / 3-wheel vehicle,1motor,2,Line 2,normal,2622.3182,57691,0.8129,51cbe36f-3fda-47ce-b171-25f02ffeeb3a,e2b5d1af-611f-418e-93d3-019b7b7ef4af,123,lembang,cikatomas pakidulan joszzz,,,973f2faa-6112-46fa-b6bf-4d49b6e745af,1_01_R_16082025020000.avi,2026-07-27T05:04:00+07:00
1158,2017,motorcycle,1motor,1motor,Motorcycle,1,Motorcycle / 3-wheel vehicle,1motor,1,Line 1,opposite,2623.2273,57711,0.8372,51cbe36f-3fda-47ce-b171-25f02ffeeb3a,e2b5d1af-611f-418e-93d3-019b7b7ef4af,123,lembang,cikatomas pakidulan joszzz,,,973f2faa-6112-46fa-b6bf-4d49b6e745af,1_01_R_16082025020000.avi,2026-07-27T05:04:00+07:00
1159,2018,car,2mobil,2mobil,Car / Sedan,2,Sedan / jeep / station wagon,2mobil,1,Line 1,normal,2633.5,57937,0.8067,51cbe36f-3fda-47ce-b171-25f02ffeeb3a,e2b5d1af-611f-418e-93d3-019b7b7ef4af,123,lembang,cikatomas pakidulan joszzz,,,973f2faa-6112-46fa-b6bf-4d49b6e745af,1_01_R_16082025020000.avi,2026-07-27T05:04:00+07:00
1160,2018,car,2mobil,2mobil,Car / Sedan,2,Sedan / jeep / station wagon,2mobil,2,Line 2,opposite,2634.3182,57955,0.8531,51cbe36f-3fda-47ce-b171-25f02ffeeb3a,e2b5d1af-611f-418e-93d3-019b7b7ef4af,123,lembang,cikatomas pakidulan joszzz,,,973f2faa-6112-46fa-b6bf-4d49b6e745af,1_01_R_16082025020000.avi,2026-07-27T05:04:00+07:00
1161,2025,truck,4pickupmicro,4PickupMicro,Pickup / Micro Truck,4,Pickup / micro truck / delivery,4PickupMicro,1,Line 1,normal,2642.0455,58125,0.8623,51cbe36f-3fda-47ce-b171-25f02ffeeb3a,e2b5d1af-611f-418e-93d3-019b7b7ef4af,123,lembang,cikatomas pakidulan joszzz,,,973f2faa-6112-46fa-b6bf-4d49b6e745af,1_01_R_16082025020000.avi,2026-07-27T05:04:00+07:00
1162,2025,car,3ang_umum,3ang_umum,Public Transportation (Angkot),3,Medium passenger vehicle,3Ang_umum,2,Line 2,opposite,2642.6818,58139,0.4844,51cbe36f-3fda-47ce-b171-25f02ffeeb3a,e2b5d1af-611f-418e-93d3-019b7b7ef4af,123,lembang,cikatomas pakidulan joszzz,,,973f2faa-6112-46fa-b6bf-4d49b6e745af,1_01_R_16082025020000.avi,2026-07-27T05:04:00+07:00
1163,2034,truck,6tr_2sumbu,6TR_2sumbu,2-Axle Truck (Jumbo),6,2-Axle Truck,6TR_2sumbu,2,Line 2,normal,2645.2727,58196,0.922,51cbe36f-3fda-47ce-b171-25f02ffeeb3a,e2b5d1af-611f-418e-93d3-019b7b7ef4af,123,lembang,cikatomas pakidulan joszzz,,,973f2faa-6112-46fa-b6bf-4d49b6e745af,1_01_R_16082025020000.avi,2026-07-27T05:04:00+07:00
1164,2034,truck,6tr_2sumbu,6TR_2sumbu,2-Axle Truck (Jumbo),6,2-Axle Truck,6TR_2sumbu,1,Line 1,opposite,2646.3182,58219,0.906,51cbe36f-3fda-47ce-b171-25f02ffeeb3a,e2b5d1af-611f-418e-93d3-019b7b7ef4af,123,lembang,cikatomas pakidulan joszzz,,,973f2faa-6112-46fa-b6bf-4d49b6e745af,1_01_R_16082025020000.avi,2026-07-27T05:04:00+07:00
1165,2038,car,2mobil,2mobil,Car / Sedan,2,Sedan / jeep / station wagon,2mobil,2,Line 2,normal,2648.2727,58262,0.9346,51cbe36f-3fda-47ce-b171-25f02ffeeb3a,e2b5d1af-611f-418e-93d3-019b7b7ef4af,123,lembang,cikatomas pakidulan joszzz,,,973f2faa-6112-46fa-b6bf-4d49b6e745af,1_01_R_16082025020000.avi,2026-07-27T05:04:00+07:00
1166,2038,car,2mobil,2mobil,Car / Sedan,2,Sedan / jeep / station wagon,2mobil,1,Line 1,opposite,2649.0455,58279,0.8998,51cbe36f-3fda-47ce-b171-25f02ffeeb3a,e2b5d1af-611f-418e-93d3-019b7b7ef4af,123,lembang,cikatomas pakidulan joszzz,,,973f2faa-6112-46fa-b6bf-4d49b6e745af,1_01_R_16082025020000.avi,2026-07-27T05:04:00+07:00
1167,2044,motorcycle,1motor,1motor,Motorcycle,1,Motorcycle / 3-wheel vehicle,1motor,2,Line 2,normal,2656.0909,58434,0.7539,51cbe36f-3fda-47ce-b171-25f02ffeeb3a,e2b5d1af-611f-418e-93d3-019b7b7ef4af,123,lembang,cikatomas pakidulan joszzz,,,973f2faa-6112-46fa-b6bf-4d49b6e745af,1_01_R_16082025020000.avi,2026-07-27T05:04:00+07:00
1168,2044,motorcycle,1motor,1motor,Motorcycle,1,Motorcycle / 3-wheel vehicle,1motor,1,Line 1,opposite,2656.9545,58453,0.8254,51cbe36f-3fda-47ce-b171-25f02ffeeb3a,e2b5d1af-611f-418e-93d3-019b7b7ef4af,123,lembang,cikatomas pakidulan joszzz,,,973f2faa-6112-46fa-b6bf-4d49b6e745af,1_01_R_16082025020000.avi,2026-07-27T05:04:00+07:00
1169,2045,truck,4pickupmicro,4PickupMicro,Pickup / Micro Truck,4,Pickup / micro truck / delivery,4PickupMicro,2,Line 2,normal,2658.8182,58494,0.902,51cbe36f-3fda-47ce-b171-25f02ffeeb3a,e2b5d1af-611f-418e-93d3-019b7b7ef4af,123,lembang,cikatomas pakidulan joszzz,,,973f2faa-6112-46fa-b6bf-4d49b6e745af,1_01_R_16082025020000.avi,2026-07-27T05:04:00+07:00
1170,2045,truck,4pickupmicro,4PickupMicro,Pickup / Micro Truck,4,Pickup / micro truck / delivery,4PickupMicro,1,Line 1,opposite,2659.5,58509,0.9009,51cbe36f-3fda-47ce-b171-25f02ffeeb3a,e2b5d1af-611f-418e-93d3-019b7b7ef4af,123,lembang,cikatomas pakidulan joszzz,,,973f2faa-6112-46fa-b6bf-4d49b6e745af,1_01_R_16082025020000.avi,2026-07-27T05:04:00+07:00
1171,2056,car,3ang_umum,3ang_umum,Public Transportation (Angkot),3,Medium passenger vehicle,3Ang_umum,2,Line 2,normal,2662.6818,58579,0.5253,51cbe36f-3fda-47ce-b171-25f02ffeeb3a,e2b5d1af-611f-418e-93d3-019b7b7ef4af,123,lembang,cikatomas pakidulan joszzz,,,973f2faa-6112-46fa-b6bf-4d49b6e745af,1_01_R_16082025020000.avi,2026-07-27T05:04:00+07:00
1172,2050,car,3ang_umum,3ang_umum,Public Transportation (Angkot),3,Medium passenger vehicle,3Ang_umum,2,Line 2,normal,2662.7273,58580,0.6445,51cbe36f-3fda-47ce-b171-25f02ffeeb3a,e2b5d1af-611f-418e-93d3-019b7b7ef4af,123,lembang,cikatomas pakidulan joszzz,,,973f2faa-6112-46fa-b6bf-4d49b6e745af,1_01_R_16082025020000.avi,2026-07-27T05:04:00+07:00
1173,2057,car,3ang_umum,3ang_umum,Public Transportation (Angkot),3,Medium passenger vehicle,3Ang_umum,1,Line 1,opposite,2663.4091,58595,0.7851,51cbe36f-3fda-47ce-b171-25f02ffeeb3a,e2b5d1af-611f-418e-93d3-019b7b7ef4af,123,lembang,cikatomas pakidulan joszzz,,,973f2faa-6112-46fa-b6bf-4d49b6e745af,1_01_R_16082025020000.avi,2026-07-27T05:04:00+07:00
1174,2056,car,3ang_umum,3ang_umum,Public Transportation (Angkot),3,Medium passenger vehicle,3Ang_umum,1,Line 1,opposite,2663.4091,58595,0.4631,51cbe36f-3fda-47ce-b171-25f02ffeeb3a,e2b5d1af-611f-418e-93d3-019b7b7ef4af,123,lembang,cikatomas pakidulan joszzz,,,973f2faa-6112-46fa-b6bf-4d49b6e745af,1_01_R_16082025020000.avi,2026-07-27T05:04:00+07:00
1175,2047,car,2mobil,2mobil,Car / Sedan,2,Sedan / jeep / station wagon,2mobil,1,Line 1,normal,2664.9091,58628,0.7753,51cbe36f-3fda-47ce-b171-25f02ffeeb3a,e2b5d1af-611f-418e-93d3-019b7b7ef4af,123,lembang,cikatomas pakidulan joszzz,,,973f2faa-6112-46fa-b6bf-4d49b6e745af,1_01_R_16082025020000.avi,2026-07-27T05:04:00+07:00
1176,2067,car,2mobil,2mobil,Car / Sedan,2,Sedan / jeep / station wagon,2mobil,2,Line 2,normal,2665.5455,58642,0.9091,51cbe36f-3fda-47ce-b171-25f02ffeeb3a,e2b5d1af-611f-418e-93d3-019b7b7ef4af,123,lembang,cikatomas pakidulan joszzz,,,973f2faa-6112-46fa-b6bf-4d49b6e745af,1_01_R_16082025020000.avi,2026-07-27T05:04:00+07:00
1177,2069,motorcycle,1motor,1motor,Motorcycle,1,Motorcycle / 3-wheel vehicle,1motor,1,Line 1,opposite,2665.8636,58649,0.7878,51cbe36f-3fda-47ce-b171-25f02ffeeb3a,e2b5d1af-611f-418e-93d3-019b7b7ef4af,123,lembang,cikatomas pakidulan joszzz,,,973f2faa-6112-46fa-b6bf-4d49b6e745af,1_01_R_16082025020000.avi,2026-07-27T05:04:00+07:00
1178,800406,motorcycle,1motor,1motor,Motorcycle,1,Motorcycle / 3-wheel vehicle,1motor,2,Line 2,normal,2666.0455,58653,0.3157,51cbe36f-3fda-47ce-b171-25f02ffeeb3a,e2b5d1af-611f-418e-93d3-019b7b7ef4af,123,lembang,cikatomas pakidulan joszzz,,,973f2faa-6112-46fa-b6bf-4d49b6e745af,1_01_R_16082025020000.avi,2026-07-27T05:04:00+07:00
1179,2067,car,2mobil,2mobil,Car / Sedan,2,Sedan / jeep / station wagon,2mobil,1,Line 1,opposite,2666.3182,58659,0.8844,51cbe36f-3fda-47ce-b171-25f02ffeeb3a,e2b5d1af-611f-418e-93d3-019b7b7ef4af,123,lembang,cikatomas pakidulan joszzz,,,973f2faa-6112-46fa-b6bf-4d49b6e745af,1_01_R_16082025020000.avi,2026-07-27T05:04:00+07:00
1180,800406,motorcycle,1motor,1motor,Motorcycle,1,Motorcycle / 3-wheel vehicle,1motor,1,Line 1,opposite,2666.4545,58662,0.2161,51cbe36f-3fda-47ce-b171-25f02ffeeb3a,e2b5d1af-611f-418e-93d3-019b7b7ef4af,123,lembang,cikatomas pakidulan joszzz,,,973f2faa-6112-46fa-b6bf-4d49b6e745af,1_01_R_16082025020000.avi,2026-07-27T05:04:00+07:00
1181,2047,car,2mobil,2mobil,Car / Sedan,2,Sedan / jeep / station wagon,2mobil,2,Line 2,opposite,2666.7727,58669,0.9116,51cbe36f-3fda-47ce-b171-25f02ffeeb3a,e2b5d1af-611f-418e-93d3-019b7b7ef4af,123,lembang,cikatomas pakidulan joszzz,,,973f2faa-6112-46fa-b6bf-4d49b6e745af,1_01_R_16082025020000.avi,2026-07-27T05:04:00+07:00
1182,2075,motorcycle,1motor,1motor,Motorcycle,1,Motorcycle / 3-wheel vehicle,1motor,2,Line 2,normal,2679.6818,58953,0.8469,51cbe36f-3fda-47ce-b171-25f02ffeeb3a,e2b5d1af-611f-418e-93d3-019b7b7ef4af,123,lembang,cikatomas pakidulan joszzz,,,973f2faa-6112-46fa-b6bf-4d49b6e745af,1_01_R_16082025020000.avi,2026-07-27T05:04:00+07:00
1183,2075,motorcycle,1motor,1motor,Motorcycle,1,Motorcycle / 3-wheel vehicle,1motor,1,Line 1,opposite,2680.3182,58967,0.8621,51cbe36f-3fda-47ce-b171-25f02ffeeb3a,e2b5d1af-611f-418e-93d3-019b7b7ef4af,123,lembang,cikatomas pakidulan joszzz,,,973f2faa-6112-46fa-b6bf-4d49b6e745af,1_01_R_16082025020000.avi,2026-07-27T05:04:00+07:00
1184,2076,car,2mobil,2mobil,Car / Sedan,2,Sedan / jeep / station wagon,2mobil,1,Line 1,normal,2687.0455,59115,0.8849,51cbe36f-3fda-47ce-b171-25f02ffeeb3a,e2b5d1af-611f-418e-93d3-019b7b7ef4af,123,lembang,cikatomas pakidulan joszzz,,,973f2faa-6112-46fa-b6bf-4d49b6e745af,1_01_R_16082025020000.avi,2026-07-27T05:04:00+07:00
1185,2076,car,2mobil,2mobil,Car / Sedan,2,Sedan / jeep / station wagon,2mobil,2,Line 2,opposite,2687.6818,59129,0.9323,51cbe36f-3fda-47ce-b171-25f02ffeeb3a,e2b5d1af-611f-418e-93d3-019b7b7ef4af,123,lembang,cikatomas pakidulan joszzz,,,973f2faa-6112-46fa-b6bf-4d49b6e745af,1_01_R_16082025020000.avi,2026-07-27T05:04:00+07:00
1186,2079,car,2mobil,2mobil,Car / Sedan,2,Sedan / jeep / station wagon,2mobil,1,Line 1,normal,2709.8636,59617,0.9021,51cbe36f-3fda-47ce-b171-25f02ffeeb3a,e2b5d1af-611f-418e-93d3-019b7b7ef4af,123,lembang,cikatomas pakidulan joszzz,,,973f2faa-6112-46fa-b6bf-4d49b6e745af,1_01_R_16082025020000.avi,2026-07-27T05:04:00+07:00
1187,2079,car,2mobil,2mobil,Car / Sedan,2,Sedan / jeep / station wagon,2mobil,2,Line 2,opposite,2711.2727,59648,0.9356,51cbe36f-3fda-47ce-b171-25f02ffeeb3a,e2b5d1af-611f-418e-93d3-019b7b7ef4af,123,lembang,cikatomas pakidulan joszzz,,,973f2faa-6112-46fa-b6bf-4d49b6e745af,1_01_R_16082025020000.avi,2026-07-27T05:04:00+07:00
1188,2082,car,3ang_umum,3ang_umum,Public Transportation (Angkot),3,Medium passenger vehicle,3Ang_umum,1,Line 1,opposite,2712.9091,59684,0.4955,51cbe36f-3fda-47ce-b171-25f02ffeeb3a,e2b5d1af-611f-418e-93d3-019b7b7ef4af,123,lembang,cikatomas pakidulan joszzz,,,973f2faa-6112-46fa-b6bf-4d49b6e745af,1_01_R_16082025020000.avi,2026-07-27T05:04:00+07:00
1189,2086,car,2mobil,2mobil,Car / Sedan,2,Sedan / jeep / station wagon,2mobil,2,Line 2,normal,2745.9545,60411,0.9268,51cbe36f-3fda-47ce-b171-25f02ffeeb3a,e2b5d1af-611f-418e-93d3-019b7b7ef4af,123,lembang,cikatomas pakidulan joszzz,,,973f2faa-6112-46fa-b6bf-4d49b6e745af,1_01_R_16082025020000.avi,2026-07-27T05:04:00+07:00
1190,2086,car,2mobil,2mobil,Car / Sedan,2,Sedan / jeep / station wagon,2mobil,1,Line 1,opposite,2746.5,60423,0.9009,51cbe36f-3fda-47ce-b171-25f02ffeeb3a,e2b5d1af-611f-418e-93d3-019b7b7ef4af,123,lembang,cikatomas pakidulan joszzz,,,973f2faa-6112-46fa-b6bf-4d49b6e745af,1_01_R_16082025020000.avi,2026-07-27T05:04:00+07:00
1191,2087,motorcycle,1motor,1motor,Motorcycle,1,Motorcycle / 3-wheel vehicle,1motor,2,Line 2,normal,2748.8636,60475,0.764,51cbe36f-3fda-47ce-b171-25f02ffeeb3a,e2b5d1af-611f-418e-93d3-019b7b7ef4af,123,lembang,cikatomas pakidulan joszzz,,,973f2faa-6112-46fa-b6bf-4d49b6e745af,1_01_R_16082025020000.avi,2026-07-27T05:04:00+07:00
1192,2087,motorcycle,1motor,1motor,Motorcycle,1,Motorcycle / 3-wheel vehicle,1motor,1,Line 1,opposite,2749.5455,60490,0.8394,51cbe36f-3fda-47ce-b171-25f02ffeeb3a,e2b5d1af-611f-418e-93d3-019b7b7ef4af,123,lembang,cikatomas pakidulan joszzz,,,973f2faa-6112-46fa-b6bf-4d49b6e745af,1_01_R_16082025020000.avi,2026-07-27T05:04:00+07:00
1193,2089,truck,6tr_2sumbu,6TR_2sumbu,2-Axle Truck (Jumbo),6,2-Axle Truck,6TR_2sumbu,2,Line 2,normal,2761.1818,60746,0.7495,51cbe36f-3fda-47ce-b171-25f02ffeeb3a,e2b5d1af-611f-418e-93d3-019b7b7ef4af,123,lembang,cikatomas pakidulan joszzz,,,973f2faa-6112-46fa-b6bf-4d49b6e745af,1_01_R_16082025020000.avi,2026-07-27T05:04:00+07:00
1194,2089,truck,6tr_2sumbu,6TR_2sumbu,2-Axle Truck (Jumbo),6,2-Axle Truck,6TR_2sumbu,1,Line 1,opposite,2762.0909,60766,0.9086,51cbe36f-3fda-47ce-b171-25f02ffeeb3a,e2b5d1af-611f-418e-93d3-019b7b7ef4af,123,lembang,cikatomas pakidulan joszzz,,,973f2faa-6112-46fa-b6bf-4d49b6e745af,1_01_R_16082025020000.avi,2026-07-27T05:04:00+07:00
1195,2090,motorcycle,1motor,1motor,Motorcycle,1,Motorcycle / 3-wheel vehicle,1motor,1,Line 1,normal,2763.1364,60789,0.8357,51cbe36f-3fda-47ce-b171-25f02ffeeb3a,e2b5d1af-611f-418e-93d3-019b7b7ef4af,123,lembang,cikatomas pakidulan joszzz,,,973f2faa-6112-46fa-b6bf-4d49b6e745af,1_01_R_16082025020000.avi,2026-07-27T05:04:00+07:00
1196,800412,motorcycle,1motor,1motor,Motorcycle,1,Motorcycle / 3-wheel vehicle,1motor,1,Line 1,normal,2763.9545,60807,0.128,51cbe36f-3fda-47ce-b171-25f02ffeeb3a,e2b5d1af-611f-418e-93d3-019b7b7ef4af,123,lembang,cikatomas pakidulan joszzz,,,973f2faa-6112-46fa-b6bf-4d49b6e745af,1_01_R_16082025020000.avi,2026-07-27T05:04:00+07:00
1197,2090,motorcycle,1motor,1motor,Motorcycle,1,Motorcycle / 3-wheel vehicle,1motor,2,Line 2,opposite,2764.0,60808,0.632,51cbe36f-3fda-47ce-b171-25f02ffeeb3a,e2b5d1af-611f-418e-93d3-019b7b7ef4af,123,lembang,cikatomas pakidulan joszzz,,,973f2faa-6112-46fa-b6bf-4d49b6e745af,1_01_R_16082025020000.avi,2026-07-27T05:04:00+07:00
1198,2092,car,2mobil,2mobil,Car / Sedan,2,Sedan / jeep / station wagon,2mobil,1,Line 1,normal,2780.2727,61166,0.8839,51cbe36f-3fda-47ce-b171-25f02ffeeb3a,e2b5d1af-611f-418e-93d3-019b7b7ef4af,123,lembang,cikatomas pakidulan joszzz,,,973f2faa-6112-46fa-b6bf-4d49b6e745af,1_01_R_16082025020000.avi,2026-07-27T05:04:00+07:00
1199,2092,car,2mobil,2mobil,Car / Sedan,2,Sedan / jeep / station wagon,2mobil,2,Line 2,opposite,2781.0455,61183,0.931,51cbe36f-3fda-47ce-b171-25f02ffeeb3a,e2b5d1af-611f-418e-93d3-019b7b7ef4af,123,lembang,cikatomas pakidulan joszzz,,,973f2faa-6112-46fa-b6bf-4d49b6e745af,1_01_R_16082025020000.avi,2026-07-27T05:04:00+07:00
1200,2094,car,2mobil,2mobil,Car / Sedan,2,Sedan / jeep / station wagon,2mobil,1,Line 1,normal,2792.5,61435,0.9014,51cbe36f-3fda-47ce-b171-25f02ffeeb3a,e2b5d1af-611f-418e-93d3-019b7b7ef4af,123,lembang,cikatomas pakidulan joszzz,,,973f2faa-6112-46fa-b6bf-4d49b6e745af,1_01_R_16082025020000.avi,2026-07-27T05:04:00+07:00
1201,2094,car,2mobil,2mobil,Car / Sedan,2,Sedan / jeep / station wagon,2mobil,2,Line 2,opposite,2793.2727,61452,0.9285,51cbe36f-3fda-47ce-b171-25f02ffeeb3a,e2b5d1af-611f-418e-93d3-019b7b7ef4af,123,lembang,cikatomas pakidulan joszzz,,,973f2faa-6112-46fa-b6bf-4d49b6e745af,1_01_R_16082025020000.avi,2026-07-27T05:04:00+07:00
1202,2095,truck,6tr_2sumbu,6TR_2sumbu,2-Axle Truck (Jumbo),6,2-Axle Truck,6TR_2sumbu,1,Line 1,normal,2801.3636,61630,0.9206,51cbe36f-3fda-47ce-b171-25f02ffeeb3a,e2b5d1af-611f-418e-93d3-019b7b7ef4af,123,lembang,cikatomas pakidulan joszzz,,,973f2faa-6112-46fa-b6bf-4d49b6e745af,1_01_R_16082025020000.avi,2026-07-27T05:04:00+07:00
1203,2095,truck,6tr_2sumbu,6TR_2sumbu,2-Axle Truck (Jumbo),6,2-Axle Truck,6TR_2sumbu,2,Line 2,opposite,2802.2273,61649,0.6293,51cbe36f-3fda-47ce-b171-25f02ffeeb3a,e2b5d1af-611f-418e-93d3-019b7b7ef4af,123,lembang,cikatomas pakidulan joszzz,,,973f2faa-6112-46fa-b6bf-4d49b6e745af,1_01_R_16082025020000.avi,2026-07-27T05:04:00+07:00
1204,2096,car,2mobil,2mobil,Car / Sedan,2,Sedan / jeep / station wagon,2mobil,1,Line 1,normal,2804.0,61688,0.8576,51cbe36f-3fda-47ce-b171-25f02ffeeb3a,e2b5d1af-611f-418e-93d3-019b7b7ef4af,123,lembang,cikatomas pakidulan joszzz,,,973f2faa-6112-46fa-b6bf-4d49b6e745af,1_01_R_16082025020000.avi,2026-07-27T05:04:00+07:00
1205,2104,motorcycle,1motor,1motor,Motorcycle,1,Motorcycle / 3-wheel vehicle,1motor,2,Line 2,opposite,2804.3182,61695,0.8534,51cbe36f-3fda-47ce-b171-25f02ffeeb3a,e2b5d1af-611f-418e-93d3-019b7b7ef4af,123,lembang,cikatomas pakidulan joszzz,,,973f2faa-6112-46fa-b6bf-4d49b6e745af,1_01_R_16082025020000.avi,2026-07-27T05:04:00+07:00
1206,800415,motorcycle,1motor,1motor,Motorcycle,1,Motorcycle / 3-wheel vehicle,1motor,1,Line 1,normal,2804.5909,61701,0.4617,51cbe36f-3fda-47ce-b171-25f02ffeeb3a,e2b5d1af-611f-418e-93d3-019b7b7ef4af,123,lembang,cikatomas pakidulan joszzz,,,973f2faa-6112-46fa-b6bf-4d49b6e745af,1_01_R_16082025020000.avi,2026-07-27T05:04:00+07:00
1207,2096,car,2mobil,2mobil,Car / Sedan,2,Sedan / jeep / station wagon,2mobil,2,Line 2,opposite,2804.9091,61708,0.8691,51cbe36f-3fda-47ce-b171-25f02ffeeb3a,e2b5d1af-611f-418e-93d3-019b7b7ef4af,123,lembang,cikatomas pakidulan joszzz,,,973f2faa-6112-46fa-b6bf-4d49b6e745af,1_01_R_16082025020000.avi,2026-07-27T05:04:00+07:00
1208,800415,motorcycle,1motor,1motor,Motorcycle,1,Motorcycle / 3-wheel vehicle,1motor,2,Line 2,opposite,2805.4091,61719,0.1624,51cbe36f-3fda-47ce-b171-25f02ffeeb3a,e2b5d1af-611f-418e-93d3-019b7b7ef4af,123,lembang,cikatomas pakidulan joszzz,,,973f2faa-6112-46fa-b6bf-4d49b6e745af,1_01_R_16082025020000.avi,2026-07-27T05:04:00+07:00
1209,2115,motorcycle,1motor,1motor,Motorcycle,1,Motorcycle / 3-wheel vehicle,1motor,1,Line 1,opposite,2814.3636,61916,0.5675,51cbe36f-3fda-47ce-b171-25f02ffeeb3a,e2b5d1af-611f-418e-93d3-019b7b7ef4af,123,lembang,cikatomas pakidulan joszzz,,,973f2faa-6112-46fa-b6bf-4d49b6e745af,1_01_R_16082025020000.avi,2026-07-27T05:04:00+07:00
1210,2116,motorcycle,1motor,1motor,Motorcycle,1,Motorcycle / 3-wheel vehicle,1motor,2,Line 2,normal,2814.5909,61921,0.8367,51cbe36f-3fda-47ce-b171-25f02ffeeb3a,e2b5d1af-611f-418e-93d3-019b7b7ef4af,123,lembang,cikatomas pakidulan joszzz,,,973f2faa-6112-46fa-b6bf-4d49b6e745af,1_01_R_16082025020000.avi,2026-07-27T05:04:00+07:00
1211,2119,motorcycle,1motor,1motor,Motorcycle,1,Motorcycle / 3-wheel vehicle,1motor,2,Line 2,normal,2814.7273,61924,0.8476,51cbe36f-3fda-47ce-b171-25f02ffeeb3a,e2b5d1af-611f-418e-93d3-019b7b7ef4af,123,lembang,cikatomas pakidulan joszzz,,,973f2faa-6112-46fa-b6bf-4d49b6e745af,1_01_R_16082025020000.avi,2026-07-27T05:04:00+07:00
1212,2112,car,2mobil,2mobil,Car / Sedan,2,Sedan / jeep / station wagon,2mobil,1,Line 1,normal,2815.2727,61936,0.8923,51cbe36f-3fda-47ce-b171-25f02ffeeb3a,e2b5d1af-611f-418e-93d3-019b7b7ef4af,123,lembang,cikatomas pakidulan joszzz,,,973f2faa-6112-46fa-b6bf-4d49b6e745af,1_01_R_16082025020000.avi,2026-07-27T05:04:00+07:00
1213,2116,motorcycle,1motor,1motor,Motorcycle,1,Motorcycle / 3-wheel vehicle,1motor,1,Line 1,opposite,2815.2727,61936,0.8114,51cbe36f-3fda-47ce-b171-25f02ffeeb3a,e2b5d1af-611f-418e-93d3-019b7b7ef4af,123,lembang,cikatomas pakidulan joszzz,,,973f2faa-6112-46fa-b6bf-4d49b6e745af,1_01_R_16082025020000.avi,2026-07-27T05:04:00+07:00
1214,2119,motorcycle,1motor,1motor,Motorcycle,1,Motorcycle / 3-wheel vehicle,1motor,1,Line 1,opposite,2815.2727,61936,0.731,51cbe36f-3fda-47ce-b171-25f02ffeeb3a,e2b5d1af-611f-418e-93d3-019b7b7ef4af,123,lembang,cikatomas pakidulan joszzz,,,973f2faa-6112-46fa-b6bf-4d49b6e745af,1_01_R_16082025020000.avi,2026-07-27T05:04:00+07:00
1215,2112,car,2mobil,2mobil,Car / Sedan,2,Sedan / jeep / station wagon,2mobil,2,Line 2,opposite,2816.3636,61960,0.921,51cbe36f-3fda-47ce-b171-25f02ffeeb3a,e2b5d1af-611f-418e-93d3-019b7b7ef4af,123,lembang,cikatomas pakidulan joszzz,,,973f2faa-6112-46fa-b6bf-4d49b6e745af,1_01_R_16082025020000.avi,2026-07-27T05:04:00+07:00
1216,2122,motorcycle,1motor,1motor,Motorcycle,1,Motorcycle / 3-wheel vehicle,1motor,1,Line 1,normal,2823.2727,62112,0.8211,51cbe36f-3fda-47ce-b171-25f02ffeeb3a,e2b5d1af-611f-418e-93d3-019b7b7ef4af,123,lembang,cikatomas pakidulan joszzz,,,973f2faa-6112-46fa-b6bf-4d49b6e745af,1_01_R_16082025020000.avi,2026-07-27T05:04:00+07:00
1217,800421,motorcycle,1motor,1motor,Motorcycle,1,Motorcycle / 3-wheel vehicle,1motor,1,Line 1,normal,2828.3182,62223,0.1755,51cbe36f-3fda-47ce-b171-25f02ffeeb3a,e2b5d1af-611f-418e-93d3-019b7b7ef4af,123,lembang,cikatomas pakidulan joszzz,,,973f2faa-6112-46fa-b6bf-4d49b6e745af,1_01_R_16082025020000.avi,2026-07-27T05:04:00+07:00
1218,2126,bus,5bus,5Bus,Bus,5,Bus,5Bus,2,Line 2,normal,2831.6818,62297,0.888,51cbe36f-3fda-47ce-b171-25f02ffeeb3a,e2b5d1af-611f-418e-93d3-019b7b7ef4af,123,lembang,cikatomas pakidulan joszzz,,,973f2faa-6112-46fa-b6bf-4d49b6e745af,1_01_R_16082025020000.avi,2026-07-27T05:04:00+07:00
1219,2126,bus,5bus,5Bus,Bus,5,Bus,5Bus,1,Line 1,opposite,2833.9545,62347,0.8924,51cbe36f-3fda-47ce-b171-25f02ffeeb3a,e2b5d1af-611f-418e-93d3-019b7b7ef4af,123,lembang,cikatomas pakidulan joszzz,,,973f2faa-6112-46fa-b6bf-4d49b6e745af,1_01_R_16082025020000.avi,2026-07-27T05:04:00+07:00
1220,2140,motorcycle,1motor,1motor,Motorcycle,1,Motorcycle / 3-wheel vehicle,1motor,2,Line 2,normal,2846.4545,62622,0.7235,51cbe36f-3fda-47ce-b171-25f02ffeeb3a,e2b5d1af-611f-418e-93d3-019b7b7ef4af,123,lembang,cikatomas pakidulan joszzz,,,973f2faa-6112-46fa-b6bf-4d49b6e745af,1_01_R_16082025020000.avi,2026-07-27T05:04:00+07:00
1221,2140,motorcycle,1motor,1motor,Motorcycle,1,Motorcycle / 3-wheel vehicle,1motor,1,Line 1,opposite,2847.2727,62640,0.8033,51cbe36f-3fda-47ce-b171-25f02ffeeb3a,e2b5d1af-611f-418e-93d3-019b7b7ef4af,123,lembang,cikatomas pakidulan joszzz,,,973f2faa-6112-46fa-b6bf-4d49b6e745af,1_01_R_16082025020000.avi,2026-07-27T05:04:00+07:00
1222,2144,motorcycle,1motor,1motor,Motorcycle,1,Motorcycle / 3-wheel vehicle,1motor,2,Line 2,normal,2847.7273,62650,0.8294,51cbe36f-3fda-47ce-b171-25f02ffeeb3a,e2b5d1af-611f-418e-93d3-019b7b7ef4af,123,lembang,cikatomas pakidulan joszzz,,,973f2faa-6112-46fa-b6bf-4d49b6e745af,1_01_R_16082025020000.avi,2026-07-27T05:04:00+07:00
1223,2139,motorcycle,1motor,1motor,Motorcycle,1,Motorcycle / 3-wheel vehicle,1motor,1,Line 1,normal,2848.2727,62662,0.8043,51cbe36f-3fda-47ce-b171-25f02ffeeb3a,e2b5d1af-611f-418e-93d3-019b7b7ef4af,123,lembang,cikatomas pakidulan joszzz,,,973f2faa-6112-46fa-b6bf-4d49b6e745af,1_01_R_16082025020000.avi,2026-07-27T05:04:00+07:00
1224,2144,motorcycle,1motor,1motor,Motorcycle,1,Motorcycle / 3-wheel vehicle,1motor,1,Line 1,opposite,2848.7727,62673,0.7178,51cbe36f-3fda-47ce-b171-25f02ffeeb3a,e2b5d1af-611f-418e-93d3-019b7b7ef4af,123,lembang,cikatomas pakidulan joszzz,,,973f2faa-6112-46fa-b6bf-4d49b6e745af,1_01_R_16082025020000.avi,2026-07-27T05:04:00+07:00
1225,2139,motorcycle,1motor,1motor,Motorcycle,1,Motorcycle / 3-wheel vehicle,1motor,2,Line 2,opposite,2849.5,62689,0.8387,51cbe36f-3fda-47ce-b171-25f02ffeeb3a,e2b5d1af-611f-418e-93d3-019b7b7ef4af,123,lembang,cikatomas pakidulan joszzz,,,973f2faa-6112-46fa-b6bf-4d49b6e745af,1_01_R_16082025020000.avi,2026-07-27T05:04:00+07:00
1226,2147,motorcycle,1motor,1motor,Motorcycle,1,Motorcycle / 3-wheel vehicle,1motor,2,Line 2,normal,2854.9091,62808,0.7935,51cbe36f-3fda-47ce-b171-25f02ffeeb3a,e2b5d1af-611f-418e-93d3-019b7b7ef4af,123,lembang,cikatomas pakidulan joszzz,,,973f2faa-6112-46fa-b6bf-4d49b6e745af,1_01_R_16082025020000.avi,2026-07-27T05:04:00+07:00
1227,2147,motorcycle,1motor,1motor,Motorcycle,1,Motorcycle / 3-wheel vehicle,1motor,1,Line 1,opposite,2855.7273,62826,0.8201,51cbe36f-3fda-47ce-b171-25f02ffeeb3a,e2b5d1af-611f-418e-93d3-019b7b7ef4af,123,lembang,cikatomas pakidulan joszzz,,,973f2faa-6112-46fa-b6bf-4d49b6e745af,1_01_R_16082025020000.avi,2026-07-27T05:04:00+07:00
1228,2148,motorcycle,1motor,1motor,Motorcycle,1,Motorcycle / 3-wheel vehicle,1motor,1,Line 1,normal,2862.5909,62977,0.8525,51cbe36f-3fda-47ce-b171-25f02ffeeb3a,e2b5d1af-611f-418e-93d3-019b7b7ef4af,123,lembang,cikatomas pakidulan joszzz,,,973f2faa-6112-46fa-b6bf-4d49b6e745af,1_01_R_16082025020000.avi,2026-07-27T05:04:00+07:00
1229,800425,motorcycle,1motor,1motor,Motorcycle,1,Motorcycle / 3-wheel vehicle,1motor,1,Line 1,normal,2862.9545,62985,0.3761,51cbe36f-3fda-47ce-b171-25f02ffeeb3a,e2b5d1af-611f-418e-93d3-019b7b7ef4af,123,lembang,cikatomas pakidulan joszzz,,,973f2faa-6112-46fa-b6bf-4d49b6e745af,1_01_R_16082025020000.avi,2026-07-27T05:04:00+07:00
1230,2153,motorcycle,1motor,1motor,Motorcycle,1,Motorcycle / 3-wheel vehicle,1motor,1,Line 1,normal,2865.4091,63039,0.8044,51cbe36f-3fda-47ce-b171-25f02ffeeb3a,e2b5d1af-611f-418e-93d3-019b7b7ef4af,123,lembang,cikatomas pakidulan joszzz,,,973f2faa-6112-46fa-b6bf-4d49b6e745af,1_01_R_16082025020000.avi,2026-07-27T05:04:00+07:00
1231,2153,motorcycle,1motor,1motor,Motorcycle,1,Motorcycle / 3-wheel vehicle,1motor,2,Line 2,opposite,2866.0455,63053,0.8207,51cbe36f-3fda-47ce-b171-25f02ffeeb3a,e2b5d1af-611f-418e-93d3-019b7b7ef4af,123,lembang,cikatomas pakidulan joszzz,,,973f2faa-6112-46fa-b6bf-4d49b6e745af,1_01_R_16082025020000.avi,2026-07-27T05:04:00+07:00
1232,2156,motorcycle,1motor,1motor,Motorcycle,1,Motorcycle / 3-wheel vehicle,1motor,1,Line 1,opposite,2866.1818,63056,0.8174,51cbe36f-3fda-47ce-b171-25f02ffeeb3a,e2b5d1af-611f-418e-93d3-019b7b7ef4af,123,lembang,cikatomas pakidulan joszzz,,,973f2faa-6112-46fa-b6bf-4d49b6e745af,1_01_R_16082025020000.avi,2026-07-27T05:04:00+07:00
1233,800426,motorcycle,1motor,1motor,Motorcycle,1,Motorcycle / 3-wheel vehicle,1motor,1,Line 1,normal,2866.2273,63057,0.1675,51cbe36f-3fda-47ce-b171-25f02ffeeb3a,e2b5d1af-611f-418e-93d3-019b7b7ef4af,123,lembang,cikatomas pakidulan joszzz,,,973f2faa-6112-46fa-b6bf-4d49b6e745af,1_01_R_16082025020000.avi,2026-07-27T05:04:00+07:00
1234,2160,car,2mobil,2mobil,Car / Sedan,2,Sedan / jeep / station wagon,2mobil,2,Line 2,normal,2869.3182,63125,0.5291,51cbe36f-3fda-47ce-b171-25f02ffeeb3a,e2b5d1af-611f-418e-93d3-019b7b7ef4af,123,lembang,cikatomas pakidulan joszzz,,,973f2faa-6112-46fa-b6bf-4d49b6e745af,1_01_R_16082025020000.avi,2026-07-27T05:04:00+07:00
1235,2160,car,2mobil,2mobil,Car / Sedan,2,Sedan / jeep / station wagon,2mobil,1,Line 1,opposite,2869.8636,63137,0.3079,51cbe36f-3fda-47ce-b171-25f02ffeeb3a,e2b5d1af-611f-418e-93d3-019b7b7ef4af,123,lembang,cikatomas pakidulan joszzz,,,973f2faa-6112-46fa-b6bf-4d49b6e745af,1_01_R_16082025020000.avi,2026-07-27T05:04:00+07:00
1236,2173,motorcycle,1motor,1motor,Motorcycle,1,Motorcycle / 3-wheel vehicle,1motor,1,Line 1,normal,2880.8182,63378,0.82,51cbe36f-3fda-47ce-b171-25f02ffeeb3a,e2b5d1af-611f-418e-93d3-019b7b7ef4af,123,lembang,cikatomas pakidulan joszzz,,,973f2faa-6112-46fa-b6bf-4d49b6e745af,1_01_R_16082025020000.avi,2026-07-27T05:04:00+07:00
1237,2176,car,3ang_umum,3ang_umum,Public Transportation (Angkot),3,Medium passenger vehicle,3Ang_umum,2,Line 2,normal,2882.8182,63422,0.3838,51cbe36f-3fda-47ce-b171-25f02ffeeb3a,e2b5d1af-611f-418e-93d3-019b7b7ef4af,123,lembang,cikatomas pakidulan joszzz,,,973f2faa-6112-46fa-b6bf-4d49b6e745af,1_01_R_16082025020000.avi,2026-07-27T05:04:00+07:00
1238,2176,car,2mobil,2mobil,Car / Sedan,2,Sedan / jeep / station wagon,2mobil,1,Line 1,opposite,2883.2273,63431,0.4575,51cbe36f-3fda-47ce-b171-25f02ffeeb3a,e2b5d1af-611f-418e-93d3-019b7b7ef4af,123,lembang,cikatomas pakidulan joszzz,,,973f2faa-6112-46fa-b6bf-4d49b6e745af,1_01_R_16082025020000.avi,2026-07-27T05:04:00+07:00
1239,2181,motorcycle,1motor,1motor,Motorcycle,1,Motorcycle / 3-wheel vehicle,1motor,2,Line 2,normal,2900.1364,63803,0.5828,51cbe36f-3fda-47ce-b171-25f02ffeeb3a,e2b5d1af-611f-418e-93d3-019b7b7ef4af,123,lembang,cikatomas pakidulan joszzz,,,973f2faa-6112-46fa-b6bf-4d49b6e745af,1_01_R_16082025020000.avi,2026-07-27T05:04:00+07:00
1240,2182,motorcycle,1motor,1motor,Motorcycle,1,Motorcycle / 3-wheel vehicle,1motor,1,Line 1,opposite,2900.6818,63815,0.6384,51cbe36f-3fda-47ce-b171-25f02ffeeb3a,e2b5d1af-611f-418e-93d3-019b7b7ef4af,123,lembang,cikatomas pakidulan joszzz,,,973f2faa-6112-46fa-b6bf-4d49b6e745af,1_01_R_16082025020000.avi,2026-07-27T05:04:00+07:00
1241,800430,motorcycle,1motor,1motor,Motorcycle,1,Motorcycle / 3-wheel vehicle,1motor,2,Line 2,normal,2900.7273,63816,0.431,51cbe36f-3fda-47ce-b171-25f02ffeeb3a,e2b5d1af-611f-418e-93d3-019b7b7ef4af,123,lembang,cikatomas pakidulan joszzz,,,973f2faa-6112-46fa-b6bf-4d49b6e745af,1_01_R_16082025020000.avi,2026-07-27T05:04:00+07:00
1242,800430,motorcycle,1motor,1motor,Motorcycle,1,Motorcycle / 3-wheel vehicle,1motor,1,Line 1,opposite,2901.8182,63840,0.6074,51cbe36f-3fda-47ce-b171-25f02ffeeb3a,e2b5d1af-611f-418e-93d3-019b7b7ef4af,123,lembang,cikatomas pakidulan joszzz,,,973f2faa-6112-46fa-b6bf-4d49b6e745af,1_01_R_16082025020000.avi,2026-07-27T05:04:00+07:00
1243,800431,motorcycle,1motor,1motor,Motorcycle,1,Motorcycle / 3-wheel vehicle,1motor,1,Line 1,normal,2920.2273,64245,0.7285,51cbe36f-3fda-47ce-b171-25f02ffeeb3a,e2b5d1af-611f-418e-93d3-019b7b7ef4af,123,lembang,cikatomas pakidulan joszzz,,,973f2faa-6112-46fa-b6bf-4d49b6e745af,1_01_R_16082025020000.avi,2026-07-27T05:04:00+07:00
1244,800432,motorcycle,1motor,1motor,Motorcycle,1,Motorcycle / 3-wheel vehicle,1motor,1,Line 1,normal,2920.5,64251,0.4376,51cbe36f-3fda-47ce-b171-25f02ffeeb3a,e2b5d1af-611f-418e-93d3-019b7b7ef4af,123,lembang,cikatomas pakidulan joszzz,,,973f2faa-6112-46fa-b6bf-4d49b6e745af,1_01_R_16082025020000.avi,2026-07-27T05:04:00+07:00
1245,2208,motorcycle,1motor,1motor,Motorcycle,1,Motorcycle / 3-wheel vehicle,1motor,1,Line 1,normal,2920.9091,64260,0.7541,51cbe36f-3fda-47ce-b171-25f02ffeeb3a,e2b5d1af-611f-418e-93d3-019b7b7ef4af,123,lembang,cikatomas pakidulan joszzz,,,973f2faa-6112-46fa-b6bf-4d49b6e745af,1_01_R_16082025020000.avi,2026-07-27T05:04:00+07:00
1246,2213,car,2mobil,2mobil,Car / Sedan,2,Sedan / jeep / station wagon,2mobil,2,Line 2,normal,2921.5,64273,0.926,51cbe36f-3fda-47ce-b171-25f02ffeeb3a,e2b5d1af-611f-418e-93d3-019b7b7ef4af,123,lembang,cikatomas pakidulan joszzz,,,973f2faa-6112-46fa-b6bf-4d49b6e745af,1_01_R_16082025020000.avi,2026-07-27T05:04:00+07:00
1247,2213,car,2mobil,2mobil,Car / Sedan,2,Sedan / jeep / station wagon,2mobil,1,Line 1,opposite,2922.0909,64286,0.891,51cbe36f-3fda-47ce-b171-25f02ffeeb3a,e2b5d1af-611f-418e-93d3-019b7b7ef4af,123,lembang,cikatomas pakidulan joszzz,,,973f2faa-6112-46fa-b6bf-4d49b6e745af,1_01_R_16082025020000.avi,2026-07-27T05:04:00+07:00
1248,2208,motorcycle,1motor,1motor,Motorcycle,1,Motorcycle / 3-wheel vehicle,1motor,2,Line 2,opposite,2922.7273,64300,0.7776,51cbe36f-3fda-47ce-b171-25f02ffeeb3a,e2b5d1af-611f-418e-93d3-019b7b7ef4af,123,lembang,cikatomas pakidulan joszzz,,,973f2faa-6112-46fa-b6bf-4d49b6e745af,1_01_R_16082025020000.avi,2026-07-27T05:04:00+07:00
1249,800432,motorcycle,1motor,1motor,Motorcycle,1,Motorcycle / 3-wheel vehicle,1motor,2,Line 2,opposite,2923.3636,64314,0.244,51cbe36f-3fda-47ce-b171-25f02ffeeb3a,e2b5d1af-611f-418e-93d3-019b7b7ef4af,123,lembang,cikatomas pakidulan joszzz,,,973f2faa-6112-46fa-b6bf-4d49b6e745af,1_01_R_16082025020000.avi,2026-07-27T05:04:00+07:00
1250,2214,motorcycle,1motor,1motor,Motorcycle,1,Motorcycle / 3-wheel vehicle,1motor,2,Line 2,normal,2930.0455,64461,0.7821,51cbe36f-3fda-47ce-b171-25f02ffeeb3a,e2b5d1af-611f-418e-93d3-019b7b7ef4af,123,lembang,cikatomas pakidulan joszzz,,,973f2faa-6112-46fa-b6bf-4d49b6e745af,1_01_R_16082025020000.avi,2026-07-27T05:04:00+07:00
1251,2214,motorcycle,1motor,1motor,Motorcycle,1,Motorcycle / 3-wheel vehicle,1motor,1,Line 1,opposite,2930.8636,64479,0.8202,51cbe36f-3fda-47ce-b171-25f02ffeeb3a,e2b5d1af-611f-418e-93d3-019b7b7ef4af,123,lembang,cikatomas pakidulan joszzz,,,973f2faa-6112-46fa-b6bf-4d49b6e745af,1_01_R_16082025020000.avi,2026-07-27T05:04:00+07:00
1252,800434,motorcycle,1motor,1motor,Motorcycle,1,Motorcycle / 3-wheel vehicle,1motor,1,Line 1,normal,2932.6364,64518,0.2278,51cbe36f-3fda-47ce-b171-25f02ffeeb3a,e2b5d1af-611f-418e-93d3-019b7b7ef4af,123,lembang,cikatomas pakidulan joszzz,,,973f2faa-6112-46fa-b6bf-4d49b6e745af,1_01_R_16082025020000.avi,2026-07-27T05:04:00+07:00
1253,800434,motorcycle,1motor,1motor,Motorcycle,1,Motorcycle / 3-wheel vehicle,1motor,2,Line 2,opposite,2932.6364,64518,0.2278,51cbe36f-3fda-47ce-b171-25f02ffeeb3a,e2b5d1af-611f-418e-93d3-019b7b7ef4af,123,lembang,cikatomas pakidulan joszzz,,,973f2faa-6112-46fa-b6bf-4d49b6e745af,1_01_R_16082025020000.avi,2026-07-27T05:04:00+07:00
1254,2215,motorcycle,1motor,1motor,Motorcycle,1,Motorcycle / 3-wheel vehicle,1motor,2,Line 2,normal,2932.9091,64524,0.837,51cbe36f-3fda-47ce-b171-25f02ffeeb3a,e2b5d1af-611f-418e-93d3-019b7b7ef4af,123,lembang,cikatomas pakidulan joszzz,,,973f2faa-6112-46fa-b6bf-4d49b6e745af,1_01_R_16082025020000.avi,2026-07-27T05:04:00+07:00
1255,2215,motorcycle,1motor,1motor,Motorcycle,1,Motorcycle / 3-wheel vehicle,1motor,1,Line 1,opposite,2933.4545,64536,0.8436,51cbe36f-3fda-47ce-b171-25f02ffeeb3a,e2b5d1af-611f-418e-93d3-019b7b7ef4af,123,lembang,cikatomas pakidulan joszzz,,,973f2faa-6112-46fa-b6bf-4d49b6e745af,1_01_R_16082025020000.avi,2026-07-27T05:04:00+07:00
1256,2216,car,2mobil,2mobil,Car / Sedan,2,Sedan / jeep / station wagon,2mobil,1,Line 1,normal,2964.2727,65214,0.5659,51cbe36f-3fda-47ce-b171-25f02ffeeb3a,e2b5d1af-611f-418e-93d3-019b7b7ef4af,123,lembang,cikatomas pakidulan joszzz,,,973f2faa-6112-46fa-b6bf-4d49b6e745af,1_01_R_16082025020000.avi,2026-07-27T05:04:00+07:00
1257,2216,car,2mobil,2mobil,Car / Sedan,2,Sedan / jeep / station wagon,2mobil,2,Line 2,opposite,2965.0,65230,0.899,51cbe36f-3fda-47ce-b171-25f02ffeeb3a,e2b5d1af-611f-418e-93d3-019b7b7ef4af,123,lembang,cikatomas pakidulan joszzz,,,973f2faa-6112-46fa-b6bf-4d49b6e745af,1_01_R_16082025020000.avi,2026-07-27T05:04:00+07:00
1258,2221,motorcycle,1motor,1motor,Motorcycle,1,Motorcycle / 3-wheel vehicle,1motor,2,Line 2,normal,2981.0,65582,0.8574,51cbe36f-3fda-47ce-b171-25f02ffeeb3a,e2b5d1af-611f-418e-93d3-019b7b7ef4af,123,lembang,cikatomas pakidulan joszzz,,,973f2faa-6112-46fa-b6bf-4d49b6e745af,1_01_R_16082025020000.avi,2026-07-27T05:04:00+07:00
1259,2221,motorcycle,1motor,1motor,Motorcycle,1,Motorcycle / 3-wheel vehicle,1motor,1,Line 1,opposite,2981.5455,65594,0.7805,51cbe36f-3fda-47ce-b171-25f02ffeeb3a,e2b5d1af-611f-418e-93d3-019b7b7ef4af,123,lembang,cikatomas pakidulan joszzz,,,973f2faa-6112-46fa-b6bf-4d49b6e745af,1_01_R_16082025020000.avi,2026-07-27T05:04:00+07:00
1260,2223,motorcycle,1motor,1motor,Motorcycle,1,Motorcycle / 3-wheel vehicle,1motor,1,Line 1,normal,2986.9091,65712,0.8347,51cbe36f-3fda-47ce-b171-25f02ffeeb3a,e2b5d1af-611f-418e-93d3-019b7b7ef4af,123,lembang,cikatomas pakidulan joszzz,,,973f2faa-6112-46fa-b6bf-4d49b6e745af,1_01_R_16082025020000.avi,2026-07-27T05:04:00+07:00
1261,800435,motorcycle,1motor,1motor,Motorcycle,1,Motorcycle / 3-wheel vehicle,1motor,2,Line 2,opposite,2987.7273,65730,0.2055,51cbe36f-3fda-47ce-b171-25f02ffeeb3a,e2b5d1af-611f-418e-93d3-019b7b7ef4af,123,lembang,cikatomas pakidulan joszzz,,,973f2faa-6112-46fa-b6bf-4d49b6e745af,1_01_R_16082025020000.avi,2026-07-27T05:04:00+07:00
1262,2225,motorcycle,1motor,1motor,Motorcycle,1,Motorcycle / 3-wheel vehicle,1motor,2,Line 2,normal,2989.6364,65772,0.7486,51cbe36f-3fda-47ce-b171-25f02ffeeb3a,e2b5d1af-611f-418e-93d3-019b7b7ef4af,123,lembang,cikatomas pakidulan joszzz,,,973f2faa-6112-46fa-b6bf-4d49b6e745af,1_01_R_16082025020000.avi,2026-07-27T05:04:00+07:00
1263,2225,motorcycle,1motor,1motor,Motorcycle,1,Motorcycle / 3-wheel vehicle,1motor,1,Line 1,opposite,2990.3636,65788,0.8217,51cbe36f-3fda-47ce-b171-25f02ffeeb3a,e2b5d1af-611f-418e-93d3-019b7b7ef4af,123,lembang,cikatomas pakidulan joszzz,,,973f2faa-6112-46fa-b6bf-4d49b6e745af,1_01_R_16082025020000.avi,2026-07-27T05:04:00+07:00
1264,2226,motorcycle,1motor,1motor,Motorcycle,1,Motorcycle / 3-wheel vehicle,1motor,2,Line 2,normal,3009.4091,66207,0.7633,51cbe36f-3fda-47ce-b171-25f02ffeeb3a,e2b5d1af-611f-418e-93d3-019b7b7ef4af,123,lembang,cikatomas pakidulan joszzz,,,973f2faa-6112-46fa-b6bf-4d49b6e745af,1_01_R_16082025020000.avi,2026-07-27T05:04:00+07:00
1265,800437,motorcycle,1motor,1motor,Motorcycle,1,Motorcycle / 3-wheel vehicle,1motor,1,Line 1,normal,3011.5909,66255,0.2861,51cbe36f-3fda-47ce-b171-25f02ffeeb3a,e2b5d1af-611f-418e-93d3-019b7b7ef4af,123,lembang,cikatomas pakidulan joszzz,,,973f2faa-6112-46fa-b6bf-4d49b6e745af,1_01_R_16082025020000.avi,2026-07-27T05:04:00+07:00
1266,2228,motorcycle,1motor,1motor,Motorcycle,1,Motorcycle / 3-wheel vehicle,1motor,1,Line 1,normal,3012.1818,66268,0.7481,51cbe36f-3fda-47ce-b171-25f02ffeeb3a,e2b5d1af-611f-418e-93d3-019b7b7ef4af,123,lembang,cikatomas pakidulan joszzz,,,973f2faa-6112-46fa-b6bf-4d49b6e745af,1_01_R_16082025020000.avi,2026-07-27T05:04:00+07:00
1267,800438,motorcycle,1motor,1motor,Motorcycle,1,Motorcycle / 3-wheel vehicle,1motor,1,Line 1,opposite,3012.6818,66279,0.6436,51cbe36f-3fda-47ce-b171-25f02ffeeb3a,e2b5d1af-611f-418e-93d3-019b7b7ef4af,123,lembang,cikatomas pakidulan joszzz,,,973f2faa-6112-46fa-b6bf-4d49b6e745af,1_01_R_16082025020000.avi,2026-07-27T05:04:00+07:00
1268,2232,car,2mobil,2mobil,Car / Sedan,2,Sedan / jeep / station wagon,2mobil,1,Line 1,normal,3014.8636,66327,0.7918,51cbe36f-3fda-47ce-b171-25f02ffeeb3a,e2b5d1af-611f-418e-93d3-019b7b7ef4af,123,lembang,cikatomas pakidulan joszzz,,,973f2faa-6112-46fa-b6bf-4d49b6e745af,1_01_R_16082025020000.avi,2026-07-27T05:04:00+07:00
1269,2232,car,2mobil,2mobil,Car / Sedan,2,Sedan / jeep / station wagon,2mobil,2,Line 2,opposite,3015.2273,66335,0.6995,51cbe36f-3fda-47ce-b171-25f02ffeeb3a,e2b5d1af-611f-418e-93d3-019b7b7ef4af,123,lembang,cikatomas pakidulan joszzz,,,973f2faa-6112-46fa-b6bf-4d49b6e745af,1_01_R_16082025020000.avi,2026-07-27T05:04:00+07:00
1270,800438,motorcycle,1motor,1motor,Motorcycle,1,Motorcycle / 3-wheel vehicle,1motor,2,Line 2,opposite,3020.8636,66459,0.4,51cbe36f-3fda-47ce-b171-25f02ffeeb3a,e2b5d1af-611f-418e-93d3-019b7b7ef4af,123,lembang,cikatomas pakidulan joszzz,,,973f2faa-6112-46fa-b6bf-4d49b6e745af,1_01_R_16082025020000.avi,2026-07-27T05:04:00+07:00
1271,2235,motorcycle,1motor,1motor,Motorcycle,1,Motorcycle / 3-wheel vehicle,1motor,2,Line 2,normal,3021.3636,66470,0.804,51cbe36f-3fda-47ce-b171-25f02ffeeb3a,e2b5d1af-611f-418e-93d3-019b7b7ef4af,123,lembang,cikatomas pakidulan joszzz,,,973f2faa-6112-46fa-b6bf-4d49b6e745af,1_01_R_16082025020000.avi,2026-07-27T05:04:00+07:00
1272,2235,motorcycle,1motor,1motor,Motorcycle,1,Motorcycle / 3-wheel vehicle,1motor,1,Line 1,opposite,3022.0,66484,0.835,51cbe36f-3fda-47ce-b171-25f02ffeeb3a,e2b5d1af-611f-418e-93d3-019b7b7ef4af,123,lembang,cikatomas pakidulan joszzz,,,973f2faa-6112-46fa-b6bf-4d49b6e745af,1_01_R_16082025020000.avi,2026-07-27T05:04:00+07:00
1273,2240,motorcycle,1motor,1motor,Motorcycle,1,Motorcycle / 3-wheel vehicle,1motor,2,Line 2,normal,3024.0455,66529,0.7977,51cbe36f-3fda-47ce-b171-25f02ffeeb3a,e2b5d1af-611f-418e-93d3-019b7b7ef4af,123,lembang,cikatomas pakidulan joszzz,,,973f2faa-6112-46fa-b6bf-4d49b6e745af,1_01_R_16082025020000.avi,2026-07-27T05:04:00+07:00
1274,2240,motorcycle,1motor,1motor,Motorcycle,1,Motorcycle / 3-wheel vehicle,1motor,1,Line 1,opposite,3025.0,66550,0.822,51cbe36f-3fda-47ce-b171-25f02ffeeb3a,e2b5d1af-611f-418e-93d3-019b7b7ef4af,123,lembang,cikatomas pakidulan joszzz,,,973f2faa-6112-46fa-b6bf-4d49b6e745af,1_01_R_16082025020000.avi,2026-07-27T05:04:00+07:00
1275,2241,motorcycle,1motor,1motor,Motorcycle,1,Motorcycle / 3-wheel vehicle,1motor,1,Line 1,normal,3028.0,66616,0.5248,51cbe36f-3fda-47ce-b171-25f02ffeeb3a,e2b5d1af-611f-418e-93d3-019b7b7ef4af,123,lembang,cikatomas pakidulan joszzz,,,973f2faa-6112-46fa-b6bf-4d49b6e745af,1_01_R_16082025020000.avi,2026-07-27T05:04:00+07:00
1276,800441,motorcycle,1motor,1motor,Motorcycle,1,Motorcycle / 3-wheel vehicle,1motor,1,Line 1,normal,3028.2273,66621,0.223,51cbe36f-3fda-47ce-b171-25f02ffeeb3a,e2b5d1af-611f-418e-93d3-019b7b7ef4af,123,lembang,cikatomas pakidulan joszzz,,,973f2faa-6112-46fa-b6bf-4d49b6e745af,1_01_R_16082025020000.avi,2026-07-27T05:04:00+07:00
1277,800441,motorcycle,1motor,1motor,Motorcycle,1,Motorcycle / 3-wheel vehicle,1motor,2,Line 2,opposite,3028.5,66627,0.1577,51cbe36f-3fda-47ce-b171-25f02ffeeb3a,e2b5d1af-611f-418e-93d3-019b7b7ef4af,123,lembang,cikatomas pakidulan joszzz,,,973f2faa-6112-46fa-b6bf-4d49b6e745af,1_01_R_16082025020000.avi,2026-07-27T05:04:00+07:00
1278,2245,motorcycle,1motor,1motor,Motorcycle,1,Motorcycle / 3-wheel vehicle,1motor,2,Line 2,normal,3028.7727,66633,0.7956,51cbe36f-3fda-47ce-b171-25f02ffeeb3a,e2b5d1af-611f-418e-93d3-019b7b7ef4af,123,lembang,cikatomas pakidulan joszzz,,,973f2faa-6112-46fa-b6bf-4d49b6e745af,1_01_R_16082025020000.avi,2026-07-27T05:04:00+07:00
1279,2244,car,2mobil,2mobil,Car / Sedan,2,Sedan / jeep / station wagon,2mobil,2,Line 2,normal,3029.0,66638,0.9172,51cbe36f-3fda-47ce-b171-25f02ffeeb3a,e2b5d1af-611f-418e-93d3-019b7b7ef4af,123,lembang,cikatomas pakidulan joszzz,,,973f2faa-6112-46fa-b6bf-4d49b6e745af,1_01_R_16082025020000.avi,2026-07-27T05:04:00+07:00
1280,2245,motorcycle,1motor,1motor,Motorcycle,1,Motorcycle / 3-wheel vehicle,1motor,1,Line 1,opposite,3029.3182,66645,0.8327,51cbe36f-3fda-47ce-b171-25f02ffeeb3a,e2b5d1af-611f-418e-93d3-019b7b7ef4af,123,lembang,cikatomas pakidulan joszzz,,,973f2faa-6112-46fa-b6bf-4d49b6e745af,1_01_R_16082025020000.avi,2026-07-27T05:04:00+07:00
1281,2244,car,2mobil,2mobil,Car / Sedan,2,Sedan / jeep / station wagon,2mobil,1,Line 1,opposite,3029.5909,66651,0.8947,51cbe36f-3fda-47ce-b171-25f02ffeeb3a,e2b5d1af-611f-418e-93d3-019b7b7ef4af,123,lembang,cikatomas pakidulan joszzz,,,973f2faa-6112-46fa-b6bf-4d49b6e745af,1_01_R_16082025020000.avi,2026-07-27T05:04:00+07:00
1282,2247,motorcycle,1motor,1motor,Motorcycle,1,Motorcycle / 3-wheel vehicle,1motor,2,Line 2,normal,3035.0455,66771,0.7711,51cbe36f-3fda-47ce-b171-25f02ffeeb3a,e2b5d1af-611f-418e-93d3-019b7b7ef4af,123,lembang,cikatomas pakidulan joszzz,,,973f2faa-6112-46fa-b6bf-4d49b6e745af,1_01_R_16082025020000.avi,2026-07-27T05:04:00+07:00
1283,2247,motorcycle,1motor,1motor,Motorcycle,1,Motorcycle / 3-wheel vehicle,1motor,1,Line 1,opposite,3035.7273,66786,0.8172,51cbe36f-3fda-47ce-b171-25f02ffeeb3a,e2b5d1af-611f-418e-93d3-019b7b7ef4af,123,lembang,cikatomas pakidulan joszzz,,,973f2faa-6112-46fa-b6bf-4d49b6e745af,1_01_R_16082025020000.avi,2026-07-27T05:04:00+07:00
1284,800443,motorcycle,1motor,1motor,Motorcycle,1,Motorcycle / 3-wheel vehicle,1motor,2,Line 2,normal,3036.6818,66807,0.213,51cbe36f-3fda-47ce-b171-25f02ffeeb3a,e2b5d1af-611f-418e-93d3-019b7b7ef4af,123,lembang,cikatomas pakidulan joszzz,,,973f2faa-6112-46fa-b6bf-4d49b6e745af,1_01_R_16082025020000.avi,2026-07-27T05:04:00+07:00
1285,800444,motorcycle,1motor,1motor,Motorcycle,1,Motorcycle / 3-wheel vehicle,1motor,1,Line 1,normal,3038.5909,66849,0.3911,51cbe36f-3fda-47ce-b171-25f02ffeeb3a,e2b5d1af-611f-418e-93d3-019b7b7ef4af,123,lembang,cikatomas pakidulan joszzz,,,973f2faa-6112-46fa-b6bf-4d49b6e745af,1_01_R_16082025020000.avi,2026-07-27T05:04:00+07:00
1286,800444,motorcycle,1motor,1motor,Motorcycle,1,Motorcycle / 3-wheel vehicle,1motor,2,Line 2,opposite,3038.5909,66849,0.3911,51cbe36f-3fda-47ce-b171-25f02ffeeb3a,e2b5d1af-611f-418e-93d3-019b7b7ef4af,123,lembang,cikatomas pakidulan joszzz,,,973f2faa-6112-46fa-b6bf-4d49b6e745af,1_01_R_16082025020000.avi,2026-07-27T05:04:00+07:00
1287,2250,motorcycle,1motor,1motor,Motorcycle,1,Motorcycle / 3-wheel vehicle,1motor,2,Line 2,normal,3039.0,66858,0.8363,51cbe36f-3fda-47ce-b171-25f02ffeeb3a,e2b5d1af-611f-418e-93d3-019b7b7ef4af,123,lembang,cikatomas pakidulan joszzz,,,973f2faa-6112-46fa-b6bf-4d49b6e745af,1_01_R_16082025020000.avi,2026-07-27T05:04:00+07:00
1288,2250,motorcycle,1motor,1motor,Motorcycle,1,Motorcycle / 3-wheel vehicle,1motor,1,Line 1,opposite,3039.6364,66872,0.8352,51cbe36f-3fda-47ce-b171-25f02ffeeb3a,e2b5d1af-611f-418e-93d3-019b7b7ef4af,123,lembang,cikatomas pakidulan joszzz,,,973f2faa-6112-46fa-b6bf-4d49b6e745af,1_01_R_16082025020000.avi,2026-07-27T05:04:00+07:00
1289,800446,motorcycle,1motor,1motor,Motorcycle,1,Motorcycle / 3-wheel vehicle,1motor,1,Line 1,normal,3048.4091,67065,0.6554,51cbe36f-3fda-47ce-b171-25f02ffeeb3a,e2b5d1af-611f-418e-93d3-019b7b7ef4af,123,lembang,cikatomas pakidulan joszzz,,,973f2faa-6112-46fa-b6bf-4d49b6e745af,1_01_R_16082025020000.avi,2026-07-27T05:04:00+07:00
1290,2256,truck,4pickupmicro,4PickupMicro,Pickup / Micro Truck,4,Pickup / micro truck / delivery,4PickupMicro,2,Line 2,normal,3060.0,67320,0.8728,51cbe36f-3fda-47ce-b171-25f02ffeeb3a,e2b5d1af-611f-418e-93d3-019b7b7ef4af,123,lembang,cikatomas pakidulan joszzz,,,973f2faa-6112-46fa-b6bf-4d49b6e745af,1_01_R_16082025020000.avi,2026-07-27T05:04:00+07:00
1291,2256,truck,4pickupmicro,4PickupMicro,Pickup / Micro Truck,4,Pickup / micro truck / delivery,4PickupMicro,1,Line 1,opposite,3060.5909,67333,0.7331,51cbe36f-3fda-47ce-b171-25f02ffeeb3a,e2b5d1af-611f-418e-93d3-019b7b7ef4af,123,lembang,cikatomas pakidulan joszzz,,,973f2faa-6112-46fa-b6bf-4d49b6e745af,1_01_R_16082025020000.avi,2026-07-27T05:04:00+07:00
1292,2265,motorcycle,1motor,1motor,Motorcycle,1,Motorcycle / 3-wheel vehicle,1motor,2,Line 2,normal,3067.4545,67484,0.8543,51cbe36f-3fda-47ce-b171-25f02ffeeb3a,e2b5d1af-611f-418e-93d3-019b7b7ef4af,123,lembang,cikatomas pakidulan joszzz,,,973f2faa-6112-46fa-b6bf-4d49b6e745af,1_01_R_16082025020000.avi,2026-07-27T05:04:00+07:00
1293,2265,motorcycle,1motor,1motor,Motorcycle,1,Motorcycle / 3-wheel vehicle,1motor,1,Line 1,opposite,3067.9545,67495,0.8392,51cbe36f-3fda-47ce-b171-25f02ffeeb3a,e2b5d1af-611f-418e-93d3-019b7b7ef4af,123,lembang,cikatomas pakidulan joszzz,,,973f2faa-6112-46fa-b6bf-4d49b6e745af,1_01_R_16082025020000.avi,2026-07-27T05:04:00+07:00
1294,800447,motorcycle,1motor,1motor,Motorcycle,1,Motorcycle / 3-wheel vehicle,1motor,2,Line 2,normal,3068.4545,67506,0.3323,51cbe36f-3fda-47ce-b171-25f02ffeeb3a,e2b5d1af-611f-418e-93d3-019b7b7ef4af,123,lembang,cikatomas pakidulan joszzz,,,973f2faa-6112-46fa-b6bf-4d49b6e745af,1_01_R_16082025020000.avi,2026-07-27T05:04:00+07:00
1295,2266,motorcycle,1motor,1motor,Motorcycle,1,Motorcycle / 3-wheel vehicle,1motor,2,Line 2,normal,3083.9545,67847,0.7958,51cbe36f-3fda-47ce-b171-25f02ffeeb3a,e2b5d1af-611f-418e-93d3-019b7b7ef4af,123,lembang,cikatomas pakidulan joszzz,,,973f2faa-6112-46fa-b6bf-4d49b6e745af,1_01_R_16082025020000.avi,2026-07-27T05:04:00+07:00
1296,2266,motorcycle,1motor,1motor,Motorcycle,1,Motorcycle / 3-wheel vehicle,1motor,1,Line 1,opposite,3084.5,67859,0.8401,51cbe36f-3fda-47ce-b171-25f02ffeeb3a,e2b5d1af-611f-418e-93d3-019b7b7ef4af,123,lembang,cikatomas pakidulan joszzz,,,973f2faa-6112-46fa-b6bf-4d49b6e745af,1_01_R_16082025020000.avi,2026-07-27T05:04:00+07:00
1297,2268,motorcycle,1motor,1motor,Motorcycle,1,Motorcycle / 3-wheel vehicle,1motor,2,Line 2,normal,3089.8182,67976,0.7883,51cbe36f-3fda-47ce-b171-25f02ffeeb3a,e2b5d1af-611f-418e-93d3-019b7b7ef4af,123,lembang,cikatomas pakidulan joszzz,,,973f2faa-6112-46fa-b6bf-4d49b6e745af,1_01_R_16082025020000.avi,2026-07-27T05:04:00+07:00
1298,2268,motorcycle,1motor,1motor,Motorcycle,1,Motorcycle / 3-wheel vehicle,1motor,1,Line 1,opposite,3090.3636,67988,0.8397,51cbe36f-3fda-47ce-b171-25f02ffeeb3a,e2b5d1af-611f-418e-93d3-019b7b7ef4af,123,lembang,cikatomas pakidulan joszzz,,,973f2faa-6112-46fa-b6bf-4d49b6e745af,1_01_R_16082025020000.avi,2026-07-27T05:04:00+07:00
1299,2270,car,2mobil,2mobil,Car / Sedan,2,Sedan / jeep / station wagon,2mobil,2,Line 2,normal,3108.4545,68386,0.9224,51cbe36f-3fda-47ce-b171-25f02ffeeb3a,e2b5d1af-611f-418e-93d3-019b7b7ef4af,123,lembang,cikatomas pakidulan joszzz,,,973f2faa-6112-46fa-b6bf-4d49b6e745af,1_01_R_16082025020000.avi,2026-07-27T05:04:00+07:00
1300,2270,car,2mobil,2mobil,Car / Sedan,2,Sedan / jeep / station wagon,2mobil,1,Line 1,opposite,3109.1364,68401,0.8999,51cbe36f-3fda-47ce-b171-25f02ffeeb3a,e2b5d1af-611f-418e-93d3-019b7b7ef4af,123,lembang,cikatomas pakidulan joszzz,,,973f2faa-6112-46fa-b6bf-4d49b6e745af,1_01_R_16082025020000.avi,2026-07-27T05:04:00+07:00
1301,2276,motorcycle,1motor,1motor,Motorcycle,1,Motorcycle / 3-wheel vehicle,1motor,1,Line 1,opposite,3116.6364,68566,0.8344,51cbe36f-3fda-47ce-b171-25f02ffeeb3a,e2b5d1af-611f-418e-93d3-019b7b7ef4af,123,lembang,cikatomas pakidulan joszzz,,,973f2faa-6112-46fa-b6bf-4d49b6e745af,1_01_R_16082025020000.avi,2026-07-27T05:04:00+07:00
1302,2277,truck,4pickupmicro,4PickupMicro,Pickup / Micro Truck,4,Pickup / micro truck / delivery,4PickupMicro,2,Line 2,normal,3117.6818,68589,0.897,51cbe36f-3fda-47ce-b171-25f02ffeeb3a,e2b5d1af-611f-418e-93d3-019b7b7ef4af,123,lembang,cikatomas pakidulan joszzz,,,973f2faa-6112-46fa-b6bf-4d49b6e745af,1_01_R_16082025020000.avi,2026-07-27T05:04:00+07:00
1303,2277,truck,4pickupmicro,4PickupMicro,Pickup / Micro Truck,4,Pickup / micro truck / delivery,4PickupMicro,1,Line 1,opposite,3118.4545,68606,0.8174,51cbe36f-3fda-47ce-b171-25f02ffeeb3a,e2b5d1af-611f-418e-93d3-019b7b7ef4af,123,lembang,cikatomas pakidulan joszzz,,,973f2faa-6112-46fa-b6bf-4d49b6e745af,1_01_R_16082025020000.avi,2026-07-27T05:04:00+07:00
1304,2280,motorcycle,1motor,1motor,Motorcycle,1,Motorcycle / 3-wheel vehicle,1motor,2,Line 2,normal,3123.6818,68721,0.7967,51cbe36f-3fda-47ce-b171-25f02ffeeb3a,e2b5d1af-611f-418e-93d3-019b7b7ef4af,123,lembang,cikatomas pakidulan joszzz,,,973f2faa-6112-46fa-b6bf-4d49b6e745af,1_01_R_16082025020000.avi,2026-07-27T05:04:00+07:00
1305,2280,motorcycle,1motor,1motor,Motorcycle,1,Motorcycle / 3-wheel vehicle,1motor,1,Line 1,opposite,3124.2727,68734,0.8626,51cbe36f-3fda-47ce-b171-25f02ffeeb3a,e2b5d1af-611f-418e-93d3-019b7b7ef4af,123,lembang,cikatomas pakidulan joszzz,,,973f2faa-6112-46fa-b6bf-4d49b6e745af,1_01_R_16082025020000.avi,2026-07-27T05:04:00+07:00
1306,2281,motorcycle,1motor,1motor,Motorcycle,1,Motorcycle / 3-wheel vehicle,1motor,1,Line 1,normal,3125.3636,68758,0.8116,51cbe36f-3fda-47ce-b171-25f02ffeeb3a,e2b5d1af-611f-418e-93d3-019b7b7ef4af,123,lembang,cikatomas pakidulan joszzz,,,973f2faa-6112-46fa-b6bf-4d49b6e745af,1_01_R_16082025020000.avi,2026-07-27T05:04:00+07:00
1307,2281,motorcycle,1motor,1motor,Motorcycle,1,Motorcycle / 3-wheel vehicle,1motor,2,Line 2,opposite,3126.3182,68779,0.6874,51cbe36f-3fda-47ce-b171-25f02ffeeb3a,e2b5d1af-611f-418e-93d3-019b7b7ef4af,123,lembang,cikatomas pakidulan joszzz,,,973f2faa-6112-46fa-b6bf-4d49b6e745af,1_01_R_16082025020000.avi,2026-07-27T05:04:00+07:00
1308,2284,car,2mobil,2mobil,Car / Sedan,2,Sedan / jeep / station wagon,2mobil,2,Line 2,normal,3128.2727,68822,0.9185,51cbe36f-3fda-47ce-b171-25f02ffeeb3a,e2b5d1af-611f-418e-93d3-019b7b7ef4af,123,lembang,cikatomas pakidulan joszzz,,,973f2faa-6112-46fa-b6bf-4d49b6e745af,1_01_R_16082025020000.avi,2026-07-27T05:04:00+07:00
1309,2284,car,2mobil,2mobil,Car / Sedan,2,Sedan / jeep / station wagon,2mobil,1,Line 1,opposite,3129.0909,68840,0.8855,51cbe36f-3fda-47ce-b171-25f02ffeeb3a,e2b5d1af-611f-418e-93d3-019b7b7ef4af,123,lembang,cikatomas pakidulan joszzz,,,973f2faa-6112-46fa-b6bf-4d49b6e745af,1_01_R_16082025020000.avi,2026-07-27T05:04:00+07:00
1310,2286,motorcycle,1motor,1motor,Motorcycle,1,Motorcycle / 3-wheel vehicle,1motor,2,Line 2,normal,3133.5,68937,0.8112,51cbe36f-3fda-47ce-b171-25f02ffeeb3a,e2b5d1af-611f-418e-93d3-019b7b7ef4af,123,lembang,cikatomas pakidulan joszzz,,,973f2faa-6112-46fa-b6bf-4d49b6e745af,1_01_R_16082025020000.avi,2026-07-27T05:04:00+07:00
1311,2286,motorcycle,1motor,1motor,Motorcycle,1,Motorcycle / 3-wheel vehicle,1motor,1,Line 1,opposite,3134.2273,68953,0.8247,51cbe36f-3fda-47ce-b171-25f02ffeeb3a,e2b5d1af-611f-418e-93d3-019b7b7ef4af,123,lembang,cikatomas pakidulan joszzz,,,973f2faa-6112-46fa-b6bf-4d49b6e745af,1_01_R_16082025020000.avi,2026-07-27T05:04:00+07:00
1312,2289,motorcycle,1motor,1motor,Motorcycle,1,Motorcycle / 3-wheel vehicle,1motor,2,Line 2,normal,3139.1364,69061,0.3954,51cbe36f-3fda-47ce-b171-25f02ffeeb3a,e2b5d1af-611f-418e-93d3-019b7b7ef4af,123,lembang,cikatomas pakidulan joszzz,,,973f2faa-6112-46fa-b6bf-4d49b6e745af,1_01_R_16082025020000.avi,2026-07-27T05:04:00+07:00
1313,2287,car,3ang_umum,3ang_umum,Public Transportation (Angkot),3,Medium passenger vehicle,3Ang_umum,1,Line 1,normal,3139.8636,69077,0.9219,51cbe36f-3fda-47ce-b171-25f02ffeeb3a,e2b5d1af-611f-418e-93d3-019b7b7ef4af,123,lembang,cikatomas pakidulan joszzz,,,973f2faa-6112-46fa-b6bf-4d49b6e745af,1_01_R_16082025020000.avi,2026-07-27T05:04:00+07:00
1314,2289,motorcycle,1motor,1motor,Motorcycle,1,Motorcycle / 3-wheel vehicle,1motor,1,Line 1,opposite,3139.9545,69079,0.8161,51cbe36f-3fda-47ce-b171-25f02ffeeb3a,e2b5d1af-611f-418e-93d3-019b7b7ef4af,123,lembang,cikatomas pakidulan joszzz,,,973f2faa-6112-46fa-b6bf-4d49b6e745af,1_01_R_16082025020000.avi,2026-07-27T05:04:00+07:00
1315,2287,car,3ang_umum,3ang_umum,Public Transportation (Angkot),3,Medium passenger vehicle,3Ang_umum,2,Line 2,opposite,3140.4091,69089,0.8916,51cbe36f-3fda-47ce-b171-25f02ffeeb3a,e2b5d1af-611f-418e-93d3-019b7b7ef4af,123,lembang,cikatomas pakidulan joszzz,,,973f2faa-6112-46fa-b6bf-4d49b6e745af,1_01_R_16082025020000.avi,2026-07-27T05:04:00+07:00
1316,2291,motorcycle,1motor,1motor,Motorcycle,1,Motorcycle / 3-wheel vehicle,1motor,2,Line 2,normal,3150.7727,69317,0.7576,51cbe36f-3fda-47ce-b171-25f02ffeeb3a,e2b5d1af-611f-418e-93d3-019b7b7ef4af,123,lembang,cikatomas pakidulan joszzz,,,973f2faa-6112-46fa-b6bf-4d49b6e745af,1_01_R_16082025020000.avi,2026-07-27T05:04:00+07:00
1317,2291,motorcycle,1motor,1motor,Motorcycle,1,Motorcycle / 3-wheel vehicle,1motor,1,Line 1,opposite,3151.8182,69340,0.8133,51cbe36f-3fda-47ce-b171-25f02ffeeb3a,e2b5d1af-611f-418e-93d3-019b7b7ef4af,123,lembang,cikatomas pakidulan joszzz,,,973f2faa-6112-46fa-b6bf-4d49b6e745af,1_01_R_16082025020000.avi,2026-07-27T05:04:00+07:00
1318,2292,motorcycle,1motor,1motor,Motorcycle,1,Motorcycle / 3-wheel vehicle,1motor,1,Line 1,opposite,3151.9545,69343,0.846,51cbe36f-3fda-47ce-b171-25f02ffeeb3a,e2b5d1af-611f-418e-93d3-019b7b7ef4af,123,lembang,cikatomas pakidulan joszzz,,,973f2faa-6112-46fa-b6bf-4d49b6e745af,1_01_R_16082025020000.avi,2026-07-27T05:04:00+07:00
1319,2298,motorcycle,1motor,1motor,Motorcycle,1,Motorcycle / 3-wheel vehicle,1motor,1,Line 1,normal,3157.1364,69457,0.8238,51cbe36f-3fda-47ce-b171-25f02ffeeb3a,e2b5d1af-611f-418e-93d3-019b7b7ef4af,123,lembang,cikatomas pakidulan joszzz,,,973f2faa-6112-46fa-b6bf-4d49b6e745af,1_01_R_16082025020000.avi,2026-07-27T05:04:00+07:00
1320,2301,car,2mobil,2mobil,Car / Sedan,2,Sedan / jeep / station wagon,2mobil,1,Line 1,normal,3159.0,69498,0.5863,51cbe36f-3fda-47ce-b171-25f02ffeeb3a,e2b5d1af-611f-418e-93d3-019b7b7ef4af,123,lembang,cikatomas pakidulan joszzz,,,973f2faa-6112-46fa-b6bf-4d49b6e745af,1_01_R_16082025020000.avi,2026-07-27T05:04:00+07:00
1321,2301,car,2mobil,2mobil,Car / Sedan,2,Sedan / jeep / station wagon,2mobil,2,Line 2,opposite,3159.8182,69516,0.7891,51cbe36f-3fda-47ce-b171-25f02ffeeb3a,e2b5d1af-611f-418e-93d3-019b7b7ef4af,123,lembang,cikatomas pakidulan joszzz,,,973f2faa-6112-46fa-b6bf-4d49b6e745af,1_01_R_16082025020000.avi,2026-07-27T05:04:00+07:00
1322,2314,truck,4pickupmicro,4PickupMicro,Pickup / Micro Truck,4,Pickup / micro truck / delivery,4PickupMicro,1,Line 1,normal,3162.5455,69576,0.8359,51cbe36f-3fda-47ce-b171-25f02ffeeb3a,e2b5d1af-611f-418e-93d3-019b7b7ef4af,123,lembang,cikatomas pakidulan joszzz,,,973f2faa-6112-46fa-b6bf-4d49b6e745af,1_01_R_16082025020000.avi,2026-07-27T05:04:00+07:00
1323,2314,truck,4pickupmicro,4PickupMicro,Pickup / Micro Truck,4,Pickup / micro truck / delivery,4PickupMicro,2,Line 2,opposite,3163.3182,69593,0.9166,51cbe36f-3fda-47ce-b171-25f02ffeeb3a,e2b5d1af-611f-418e-93d3-019b7b7ef4af,123,lembang,cikatomas pakidulan joszzz,,,973f2faa-6112-46fa-b6bf-4d49b6e745af,1_01_R_16082025020000.avi,2026-07-27T05:04:00+07:00
1324,2323,car,2mobil,2mobil,Car / Sedan,2,Sedan / jeep / station wagon,2mobil,1,Line 1,normal,3164.5455,69620,0.8939,51cbe36f-3fda-47ce-b171-25f02ffeeb3a,e2b5d1af-611f-418e-93d3-019b7b7ef4af,123,lembang,cikatomas pakidulan joszzz,,,973f2faa-6112-46fa-b6bf-4d49b6e745af,1_01_R_16082025020000.avi,2026-07-27T05:04:00+07:00
1325,2323,truck,4pickupmicro,4PickupMicro,Pickup / Micro Truck,4,Pickup / micro truck / delivery,4PickupMicro,2,Line 2,opposite,3165.3182,69637,0.9124,51cbe36f-3fda-47ce-b171-25f02ffeeb3a,e2b5d1af-611f-418e-93d3-019b7b7ef4af,123,lembang,cikatomas pakidulan joszzz,,,973f2faa-6112-46fa-b6bf-4d49b6e745af,1_01_R_16082025020000.avi,2026-07-27T05:04:00+07:00
1326,800461,motorcycle,1motor,1motor,Motorcycle,1,Motorcycle / 3-wheel vehicle,1motor,1,Line 1,normal,3173.0455,69807,0.1454,51cbe36f-3fda-47ce-b171-25f02ffeeb3a,e2b5d1af-611f-418e-93d3-019b7b7ef4af,123,lembang,cikatomas pakidulan joszzz,,,973f2faa-6112-46fa-b6bf-4d49b6e745af,1_01_R_16082025020000.avi,2026-07-27T05:04:00+07:00
1327,800461,motorcycle,1motor,1motor,Motorcycle,1,Motorcycle / 3-wheel vehicle,1motor,2,Line 2,opposite,3173.0455,69807,0.1454,51cbe36f-3fda-47ce-b171-25f02ffeeb3a,e2b5d1af-611f-418e-93d3-019b7b7ef4af,123,lembang,cikatomas pakidulan joszzz,,,973f2faa-6112-46fa-b6bf-4d49b6e745af,1_01_R_16082025020000.avi,2026-07-27T05:04:00+07:00
1328,2327,motorcycle,1motor,1motor,Motorcycle,1,Motorcycle / 3-wheel vehicle,1motor,2,Line 2,normal,3173.5,69817,0.3969,51cbe36f-3fda-47ce-b171-25f02ffeeb3a,e2b5d1af-611f-418e-93d3-019b7b7ef4af,123,lembang,cikatomas pakidulan joszzz,,,973f2faa-6112-46fa-b6bf-4d49b6e745af,1_01_R_16082025020000.avi,2026-07-27T05:04:00+07:00
1329,2327,motorcycle,1motor,1motor,Motorcycle,1,Motorcycle / 3-wheel vehicle,1motor,1,Line 1,opposite,3174.1818,69832,0.7731,51cbe36f-3fda-47ce-b171-25f02ffeeb3a,e2b5d1af-611f-418e-93d3-019b7b7ef4af,123,lembang,cikatomas pakidulan joszzz,,,973f2faa-6112-46fa-b6bf-4d49b6e745af,1_01_R_16082025020000.avi,2026-07-27T05:04:00+07:00
1330,2326,motorcycle,1motor,1motor,Motorcycle,1,Motorcycle / 3-wheel vehicle,1motor,1,Line 1,normal,3176.0,69872,0.8293,51cbe36f-3fda-47ce-b171-25f02ffeeb3a,e2b5d1af-611f-418e-93d3-019b7b7ef4af,123,lembang,cikatomas pakidulan joszzz,,,973f2faa-6112-46fa-b6bf-4d49b6e745af,1_01_R_16082025020000.avi,2026-07-27T05:04:00+07:00
1331,2326,motorcycle,1motor,1motor,Motorcycle,1,Motorcycle / 3-wheel vehicle,1motor,2,Line 2,opposite,3177.5909,69907,0.8761,51cbe36f-3fda-47ce-b171-25f02ffeeb3a,e2b5d1af-611f-418e-93d3-019b7b7ef4af,123,lembang,cikatomas pakidulan joszzz,,,973f2faa-6112-46fa-b6bf-4d49b6e745af,1_01_R_16082025020000.avi,2026-07-27T05:04:00+07:00
1332,2329,motorcycle,1motor,1motor,Motorcycle,1,Motorcycle / 3-wheel vehicle,1motor,2,Line 2,normal,3178.5909,69929,0.6695,51cbe36f-3fda-47ce-b171-25f02ffeeb3a,e2b5d1af-611f-418e-93d3-019b7b7ef4af,123,lembang,cikatomas pakidulan joszzz,,,973f2faa-6112-46fa-b6bf-4d49b6e745af,1_01_R_16082025020000.avi,2026-07-27T05:04:00+07:00
1333,2329,motorcycle,1motor,1motor,Motorcycle,1,Motorcycle / 3-wheel vehicle,1motor,1,Line 1,opposite,3179.2273,69943,0.8509,51cbe36f-3fda-47ce-b171-25f02ffeeb3a,e2b5d1af-611f-418e-93d3-019b7b7ef4af,123,lembang,cikatomas pakidulan joszzz,,,973f2faa-6112-46fa-b6bf-4d49b6e745af,1_01_R_16082025020000.avi,2026-07-27T05:04:00+07:00
1334,800463,motorcycle,1motor,1motor,Motorcycle,1,Motorcycle / 3-wheel vehicle,1motor,1,Line 1,normal,3181.6364,69996,0.1517,51cbe36f-3fda-47ce-b171-25f02ffeeb3a,e2b5d1af-611f-418e-93d3-019b7b7ef4af,123,lembang,cikatomas pakidulan joszzz,,,973f2faa-6112-46fa-b6bf-4d49b6e745af,1_01_R_16082025020000.avi,2026-07-27T05:04:00+07:00
1335,800463,motorcycle,1motor,1motor,Motorcycle,1,Motorcycle / 3-wheel vehicle,1motor,2,Line 2,opposite,3181.6364,69996,0.1517,51cbe36f-3fda-47ce-b171-25f02ffeeb3a,e2b5d1af-611f-418e-93d3-019b7b7ef4af,123,lembang,cikatomas pakidulan joszzz,,,973f2faa-6112-46fa-b6bf-4d49b6e745af,1_01_R_16082025020000.avi,2026-07-27T05:04:00+07:00
1336,2332,motorcycle,1motor,1motor,Motorcycle,1,Motorcycle / 3-wheel vehicle,1motor,2,Line 2,normal,3182.0909,70006,0.83,51cbe36f-3fda-47ce-b171-25f02ffeeb3a,e2b5d1af-611f-418e-93d3-019b7b7ef4af,123,lembang,cikatomas pakidulan joszzz,,,973f2faa-6112-46fa-b6bf-4d49b6e745af,1_01_R_16082025020000.avi,2026-07-27T05:04:00+07:00
1337,2332,motorcycle,1motor,1motor,Motorcycle,1,Motorcycle / 3-wheel vehicle,1motor,1,Line 1,opposite,3182.7273,70020,0.8443,51cbe36f-3fda-47ce-b171-25f02ffeeb3a,e2b5d1af-611f-418e-93d3-019b7b7ef4af,123,lembang,cikatomas pakidulan joszzz,,,973f2faa-6112-46fa-b6bf-4d49b6e745af,1_01_R_16082025020000.avi,2026-07-27T05:04:00+07:00
1338,2334,motorcycle,1motor,1motor,Motorcycle,1,Motorcycle / 3-wheel vehicle,1motor,1,Line 1,opposite,3192.8636,70243,0.7652,51cbe36f-3fda-47ce-b171-25f02ffeeb3a,e2b5d1af-611f-418e-93d3-019b7b7ef4af,123,lembang,cikatomas pakidulan joszzz,,,973f2faa-6112-46fa-b6bf-4d49b6e745af,1_01_R_16082025020000.avi,2026-07-27T05:04:00+07:00
1339,2335,car,2mobil,2mobil,Car / Sedan,2,Sedan / jeep / station wagon,2mobil,2,Line 2,normal,3194.2727,70274,0.9285,51cbe36f-3fda-47ce-b171-25f02ffeeb3a,e2b5d1af-611f-418e-93d3-019b7b7ef4af,123,lembang,cikatomas pakidulan joszzz,,,973f2faa-6112-46fa-b6bf-4d49b6e745af,1_01_R_16082025020000.avi,2026-07-27T05:04:00+07:00
1340,2335,car,2mobil,2mobil,Car / Sedan,2,Sedan / jeep / station wagon,2mobil,1,Line 1,opposite,3194.9091,70288,0.9026,51cbe36f-3fda-47ce-b171-25f02ffeeb3a,e2b5d1af-611f-418e-93d3-019b7b7ef4af,123,lembang,cikatomas pakidulan joszzz,,,973f2faa-6112-46fa-b6bf-4d49b6e745af,1_01_R_16082025020000.avi,2026-07-27T05:04:00+07:00
1341,2337,car,2mobil,2mobil,Car / Sedan,2,Sedan / jeep / station wagon,2mobil,2,Line 2,normal,3196.6364,70326,0.932,51cbe36f-3fda-47ce-b171-25f02ffeeb3a,e2b5d1af-611f-418e-93d3-019b7b7ef4af,123,lembang,cikatomas pakidulan joszzz,,,973f2faa-6112-46fa-b6bf-4d49b6e745af,1_01_R_16082025020000.avi,2026-07-27T05:04:00+07:00
1342,2337,car,2mobil,2mobil,Car / Sedan,2,Sedan / jeep / station wagon,2mobil,1,Line 1,opposite,3197.3182,70341,0.9001,51cbe36f-3fda-47ce-b171-25f02ffeeb3a,e2b5d1af-611f-418e-93d3-019b7b7ef4af,123,lembang,cikatomas pakidulan joszzz,,,973f2faa-6112-46fa-b6bf-4d49b6e745af,1_01_R_16082025020000.avi,2026-07-27T05:04:00+07:00
1343,2340,motorcycle,1motor,1motor,Motorcycle,1,Motorcycle / 3-wheel vehicle,1motor,1,Line 1,normal,3206.0,70532,0.838,51cbe36f-3fda-47ce-b171-25f02ffeeb3a,e2b5d1af-611f-418e-93d3-019b7b7ef4af,123,lembang,cikatomas pakidulan joszzz,,,973f2faa-6112-46fa-b6bf-4d49b6e745af,1_01_R_16082025020000.avi,2026-07-27T05:04:00+07:00
1344,2340,motorcycle,1motor,1motor,Motorcycle,1,Motorcycle / 3-wheel vehicle,1motor,2,Line 2,opposite,3207.2273,70559,0.6336,51cbe36f-3fda-47ce-b171-25f02ffeeb3a,e2b5d1af-611f-418e-93d3-019b7b7ef4af,123,lembang,cikatomas pakidulan joszzz,,,973f2faa-6112-46fa-b6bf-4d49b6e745af,1_01_R_16082025020000.avi,2026-07-27T05:04:00+07:00
1345,2341,motorcycle,1motor,1motor,Motorcycle,1,Motorcycle / 3-wheel vehicle,1motor,1,Line 1,normal,3232.0,71104,0.8318,51cbe36f-3fda-47ce-b171-25f02ffeeb3a,e2b5d1af-611f-418e-93d3-019b7b7ef4af,123,lembang,cikatomas pakidulan joszzz,,,973f2faa-6112-46fa-b6bf-4d49b6e745af,1_01_R_16082025020000.avi,2026-07-27T05:04:00+07:00
1346,2341,motorcycle,1motor,1motor,Motorcycle,1,Motorcycle / 3-wheel vehicle,1motor,2,Line 2,opposite,3233.3636,71134,0.5923,51cbe36f-3fda-47ce-b171-25f02ffeeb3a,e2b5d1af-611f-418e-93d3-019b7b7ef4af,123,lembang,cikatomas pakidulan joszzz,,,973f2faa-6112-46fa-b6bf-4d49b6e745af,1_01_R_16082025020000.avi,2026-07-27T05:04:00+07:00
1347,2342,motorcycle,1motor,1motor,Motorcycle,1,Motorcycle / 3-wheel vehicle,1motor,2,Line 2,normal,3233.4545,71136,0.8257,51cbe36f-3fda-47ce-b171-25f02ffeeb3a,e2b5d1af-611f-418e-93d3-019b7b7ef4af,123,lembang,cikatomas pakidulan joszzz,,,973f2faa-6112-46fa-b6bf-4d49b6e745af,1_01_R_16082025020000.avi,2026-07-27T05:04:00+07:00
1348,2342,motorcycle,1motor,1motor,Motorcycle,1,Motorcycle / 3-wheel vehicle,1motor,1,Line 1,opposite,3234.1364,71151,0.8367,51cbe36f-3fda-47ce-b171-25f02ffeeb3a,e2b5d1af-611f-418e-93d3-019b7b7ef4af,123,lembang,cikatomas pakidulan joszzz,,,973f2faa-6112-46fa-b6bf-4d49b6e745af,1_01_R_16082025020000.avi,2026-07-27T05:04:00+07:00
1349,2343,car,2mobil,2mobil,Car / Sedan,2,Sedan / jeep / station wagon,2mobil,2,Line 2,normal,3235.3182,71177,0.9293,51cbe36f-3fda-47ce-b171-25f02ffeeb3a,e2b5d1af-611f-418e-93d3-019b7b7ef4af,123,lembang,cikatomas pakidulan joszzz,,,973f2faa-6112-46fa-b6bf-4d49b6e745af,1_01_R_16082025020000.avi,2026-07-27T05:04:00+07:00
1350,2343,car,2mobil,2mobil,Car / Sedan,2,Sedan / jeep / station wagon,2mobil,1,Line 1,opposite,3235.7727,71187,0.905,51cbe36f-3fda-47ce-b171-25f02ffeeb3a,e2b5d1af-611f-418e-93d3-019b7b7ef4af,123,lembang,cikatomas pakidulan joszzz,,,973f2faa-6112-46fa-b6bf-4d49b6e745af,1_01_R_16082025020000.avi,2026-07-27T05:04:00+07:00
1351,2346,motorcycle,1motor,1motor,Motorcycle,1,Motorcycle / 3-wheel vehicle,1motor,2,Line 2,normal,3237.9545,71235,0.8454,51cbe36f-3fda-47ce-b171-25f02ffeeb3a,e2b5d1af-611f-418e-93d3-019b7b7ef4af,123,lembang,cikatomas pakidulan joszzz,,,973f2faa-6112-46fa-b6bf-4d49b6e745af,1_01_R_16082025020000.avi,2026-07-27T05:04:00+07:00
1352,2346,motorcycle,1motor,1motor,Motorcycle,1,Motorcycle / 3-wheel vehicle,1motor,1,Line 1,opposite,3238.4545,71246,0.8501,51cbe36f-3fda-47ce-b171-25f02ffeeb3a,e2b5d1af-611f-418e-93d3-019b7b7ef4af,123,lembang,cikatomas pakidulan joszzz,,,973f2faa-6112-46fa-b6bf-4d49b6e745af,1_01_R_16082025020000.avi,2026-07-27T05:04:00+07:00
1353,2347,car,2mobil,2mobil,Car / Sedan,2,Sedan / jeep / station wagon,2mobil,2,Line 2,normal,3240.6818,71295,0.9278,51cbe36f-3fda-47ce-b171-25f02ffeeb3a,e2b5d1af-611f-418e-93d3-019b7b7ef4af,123,lembang,cikatomas pakidulan joszzz,,,973f2faa-6112-46fa-b6bf-4d49b6e745af,1_01_R_16082025020000.avi,2026-07-27T05:04:00+07:00
1354,2347,car,2mobil,2mobil,Car / Sedan,2,Sedan / jeep / station wagon,2mobil,1,Line 1,opposite,3241.4545,71312,0.8949,51cbe36f-3fda-47ce-b171-25f02ffeeb3a,e2b5d1af-611f-418e-93d3-019b7b7ef4af,123,lembang,cikatomas pakidulan joszzz,,,973f2faa-6112-46fa-b6bf-4d49b6e745af,1_01_R_16082025020000.avi,2026-07-27T05:04:00+07:00
1355,2348,motorcycle,1motor,1motor,Motorcycle,1,Motorcycle / 3-wheel vehicle,1motor,2,Line 2,normal,3241.7273,71318,0.7676,51cbe36f-3fda-47ce-b171-25f02ffeeb3a,e2b5d1af-611f-418e-93d3-019b7b7ef4af,123,lembang,cikatomas pakidulan joszzz,,,973f2faa-6112-46fa-b6bf-4d49b6e745af,1_01_R_16082025020000.avi,2026-07-27T05:04:00+07:00
1356,2351,motorcycle,1motor,1motor,Motorcycle,1,Motorcycle / 3-wheel vehicle,1motor,2,Line 2,normal,3242.2273,71329,0.6374,51cbe36f-3fda-47ce-b171-25f02ffeeb3a,e2b5d1af-611f-418e-93d3-019b7b7ef4af,123,lembang,cikatomas pakidulan joszzz,,,973f2faa-6112-46fa-b6bf-4d49b6e745af,1_01_R_16082025020000.avi,2026-07-27T05:04:00+07:00
1357,2348,motorcycle,1motor,1motor,Motorcycle,1,Motorcycle / 3-wheel vehicle,1motor,1,Line 1,opposite,3242.3636,71332,0.7839,51cbe36f-3fda-47ce-b171-25f02ffeeb3a,e2b5d1af-611f-418e-93d3-019b7b7ef4af,123,lembang,cikatomas pakidulan joszzz,,,973f2faa-6112-46fa-b6bf-4d49b6e745af,1_01_R_16082025020000.avi,2026-07-27T05:04:00+07:00
1358,2351,motorcycle,1motor,1motor,Motorcycle,1,Motorcycle / 3-wheel vehicle,1motor,1,Line 1,opposite,3242.7727,71341,0.8637,51cbe36f-3fda-47ce-b171-25f02ffeeb3a,e2b5d1af-611f-418e-93d3-019b7b7ef4af,123,lembang,cikatomas pakidulan joszzz,,,973f2faa-6112-46fa-b6bf-4d49b6e745af,1_01_R_16082025020000.avi,2026-07-27T05:04:00+07:00
1359,800472,motorcycle,1motor,1motor,Motorcycle,1,Motorcycle / 3-wheel vehicle,1motor,1,Line 1,opposite,3243.0,71346,0.6636,51cbe36f-3fda-47ce-b171-25f02ffeeb3a,e2b5d1af-611f-418e-93d3-019b7b7ef4af,123,lembang,cikatomas pakidulan joszzz,,,973f2faa-6112-46fa-b6bf-4d49b6e745af,1_01_R_16082025020000.avi,2026-07-27T05:04:00+07:00
1360,2353,motorcycle,1motor,1motor,Motorcycle,1,Motorcycle / 3-wheel vehicle,1motor,1,Line 1,normal,3250.3182,71507,0.7522,51cbe36f-3fda-47ce-b171-25f02ffeeb3a,e2b5d1af-611f-418e-93d3-019b7b7ef4af,123,lembang,cikatomas pakidulan joszzz,,,973f2faa-6112-46fa-b6bf-4d49b6e745af,1_01_R_16082025020000.avi,2026-07-27T05:04:00+07:00
1361,800473,motorcycle,1motor,1motor,Motorcycle,1,Motorcycle / 3-wheel vehicle,1motor,1,Line 1,normal,3250.5,71511,0.5966,51cbe36f-3fda-47ce-b171-25f02ffeeb3a,e2b5d1af-611f-418e-93d3-019b7b7ef4af,123,lembang,cikatomas pakidulan joszzz,,,973f2faa-6112-46fa-b6bf-4d49b6e745af,1_01_R_16082025020000.avi,2026-07-27T05:04:00+07:00
1362,2360,car,2mobil,2mobil,Car / Sedan,2,Sedan / jeep / station wagon,2mobil,2,Line 2,normal,3253.8182,71584,0.9087,51cbe36f-3fda-47ce-b171-25f02ffeeb3a,e2b5d1af-611f-418e-93d3-019b7b7ef4af,123,lembang,cikatomas pakidulan joszzz,,,973f2faa-6112-46fa-b6bf-4d49b6e745af,1_01_R_16082025020000.avi,2026-07-27T05:04:00+07:00
1363,2360,car,2mobil,2mobil,Car / Sedan,2,Sedan / jeep / station wagon,2mobil,1,Line 1,opposite,3254.4545,71598,0.6061,51cbe36f-3fda-47ce-b171-25f02ffeeb3a,e2b5d1af-611f-418e-93d3-019b7b7ef4af,123,lembang,cikatomas pakidulan joszzz,,,973f2faa-6112-46fa-b6bf-4d49b6e745af,1_01_R_16082025020000.avi,2026-07-27T05:04:00+07:00
1364,2361,car,3ang_umum,3ang_umum,Public Transportation (Angkot),3,Medium passenger vehicle,3Ang_umum,1,Line 1,opposite,3254.5,71599,0.8616,51cbe36f-3fda-47ce-b171-25f02ffeeb3a,e2b5d1af-611f-418e-93d3-019b7b7ef4af,123,lembang,cikatomas pakidulan joszzz,,,973f2faa-6112-46fa-b6bf-4d49b6e745af,1_01_R_16082025020000.avi,2026-07-27T05:04:00+07:00
1365,2364,motorcycle,1motor,1motor,Motorcycle,1,Motorcycle / 3-wheel vehicle,1motor,1,Line 1,normal,3266.0,71852,0.8474,51cbe36f-3fda-47ce-b171-25f02ffeeb3a,e2b5d1af-611f-418e-93d3-019b7b7ef4af,123,lembang,cikatomas pakidulan joszzz,,,973f2faa-6112-46fa-b6bf-4d49b6e745af,1_01_R_16082025020000.avi,2026-07-27T05:04:00+07:00
1366,800474,motorcycle,1motor,1motor,Motorcycle,1,Motorcycle / 3-wheel vehicle,1motor,1,Line 1,normal,3266.3182,71859,0.3643,51cbe36f-3fda-47ce-b171-25f02ffeeb3a,e2b5d1af-611f-418e-93d3-019b7b7ef4af,123,lembang,cikatomas pakidulan joszzz,,,973f2faa-6112-46fa-b6bf-4d49b6e745af,1_01_R_16082025020000.avi,2026-07-27T05:04:00+07:00
1367,800475,motorcycle,1motor,1motor,Motorcycle,1,Motorcycle / 3-wheel vehicle,1motor,1,Line 1,normal,3275.8636,72069,0.2117,51cbe36f-3fda-47ce-b171-25f02ffeeb3a,e2b5d1af-611f-418e-93d3-019b7b7ef4af,123,lembang,cikatomas pakidulan joszzz,,,973f2faa-6112-46fa-b6bf-4d49b6e745af,1_01_R_16082025020000.avi,2026-07-27T05:04:00+07:00
1368,2366,car,2mobil,2mobil,Car / Sedan,2,Sedan / jeep / station wagon,2mobil,1,Line 1,normal,3276.3636,72080,0.8857,51cbe36f-3fda-47ce-b171-25f02ffeeb3a,e2b5d1af-611f-418e-93d3-019b7b7ef4af,123,lembang,cikatomas pakidulan joszzz,,,973f2faa-6112-46fa-b6bf-4d49b6e745af,1_01_R_16082025020000.avi,2026-07-27T05:04:00+07:00
1369,2370,motorcycle,1motor,1motor,Motorcycle,1,Motorcycle / 3-wheel vehicle,1motor,1,Line 1,opposite,3276.5455,72084,0.8338,51cbe36f-3fda-47ce-b171-25f02ffeeb3a,e2b5d1af-611f-418e-93d3-019b7b7ef4af,123,lembang,cikatomas pakidulan joszzz,,,973f2faa-6112-46fa-b6bf-4d49b6e745af,1_01_R_16082025020000.avi,2026-07-27T05:04:00+07:00
1370,2371,truck,4pickupmicro,4PickupMicro,Pickup / Micro Truck,4,Pickup / micro truck / delivery,4PickupMicro,2,Line 2,normal,3276.9545,72093,0.8767,51cbe36f-3fda-47ce-b171-25f02ffeeb3a,e2b5d1af-611f-418e-93d3-019b7b7ef4af,123,lembang,cikatomas pakidulan joszzz,,,973f2faa-6112-46fa-b6bf-4d49b6e745af,1_01_R_16082025020000.avi,2026-07-27T05:04:00+07:00
1371,2366,car,2mobil,2mobil,Car / Sedan,2,Sedan / jeep / station wagon,2mobil,2,Line 2,opposite,3277.1364,72097,0.9224,51cbe36f-3fda-47ce-b171-25f02ffeeb3a,e2b5d1af-611f-418e-93d3-019b7b7ef4af,123,lembang,cikatomas pakidulan joszzz,,,973f2faa-6112-46fa-b6bf-4d49b6e745af,1_01_R_16082025020000.avi,2026-07-27T05:04:00+07:00
1372,2371,truck,4pickupmicro,4PickupMicro,Pickup / Micro Truck,4,Pickup / micro truck / delivery,4PickupMicro,1,Line 1,opposite,3277.5455,72106,0.902,51cbe36f-3fda-47ce-b171-25f02ffeeb3a,e2b5d1af-611f-418e-93d3-019b7b7ef4af,123,lembang,cikatomas pakidulan joszzz,,,973f2faa-6112-46fa-b6bf-4d49b6e745af,1_01_R_16082025020000.avi,2026-07-27T05:04:00+07:00
1373,2377,motorcycle,1motor,1motor,Motorcycle,1,Motorcycle / 3-wheel vehicle,1motor,2,Line 2,normal,3279.3182,72145,0.8562,51cbe36f-3fda-47ce-b171-25f02ffeeb3a,e2b5d1af-611f-418e-93d3-019b7b7ef4af,123,lembang,cikatomas pakidulan joszzz,,,973f2faa-6112-46fa-b6bf-4d49b6e745af,1_01_R_16082025020000.avi,2026-07-27T05:04:00+07:00
1374,2377,motorcycle,1motor,1motor,Motorcycle,1,Motorcycle / 3-wheel vehicle,1motor,1,Line 1,opposite,3279.8636,72157,0.8029,51cbe36f-3fda-47ce-b171-25f02ffeeb3a,e2b5d1af-611f-418e-93d3-019b7b7ef4af,123,lembang,cikatomas pakidulan joszzz,,,973f2faa-6112-46fa-b6bf-4d49b6e745af,1_01_R_16082025020000.avi,2026-07-27T05:04:00+07:00
1375,2382,motorcycle,1motor,1motor,Motorcycle,1,Motorcycle / 3-wheel vehicle,1motor,2,Line 2,normal,3279.8636,72157,0.8447,51cbe36f-3fda-47ce-b171-25f02ffeeb3a,e2b5d1af-611f-418e-93d3-019b7b7ef4af,123,lembang,cikatomas pakidulan joszzz,,,973f2faa-6112-46fa-b6bf-4d49b6e745af,1_01_R_16082025020000.avi,2026-07-27T05:04:00+07:00
1376,2381,car,2mobil,2mobil,Car / Sedan,2,Sedan / jeep / station wagon,2mobil,2,Line 2,normal,3280.3182,72167,0.9284,51cbe36f-3fda-47ce-b171-25f02ffeeb3a,e2b5d1af-611f-418e-93d3-019b7b7ef4af,123,lembang,cikatomas pakidulan joszzz,,,973f2faa-6112-46fa-b6bf-4d49b6e745af,1_01_R_16082025020000.avi,2026-07-27T05:04:00+07:00
1377,2382,motorcycle,1motor,1motor,Motorcycle,1,Motorcycle / 3-wheel vehicle,1motor,1,Line 1,opposite,3280.4091,72169,0.8383,51cbe36f-3fda-47ce-b171-25f02ffeeb3a,e2b5d1af-611f-418e-93d3-019b7b7ef4af,123,lembang,cikatomas pakidulan joszzz,,,973f2faa-6112-46fa-b6bf-4d49b6e745af,1_01_R_16082025020000.avi,2026-07-27T05:04:00+07:00
1378,800476,motorcycle,1motor,1motor,Motorcycle,1,Motorcycle / 3-wheel vehicle,1motor,2,Line 2,normal,3280.6364,72174,0.7719,51cbe36f-3fda-47ce-b171-25f02ffeeb3a,e2b5d1af-611f-418e-93d3-019b7b7ef4af,123,lembang,cikatomas pakidulan joszzz,,,973f2faa-6112-46fa-b6bf-4d49b6e745af,1_01_R_16082025020000.avi,2026-07-27T05:04:00+07:00
1379,2381,car,2mobil,2mobil,Car / Sedan,2,Sedan / jeep / station wagon,2mobil,1,Line 1,opposite,3280.9091,72180,0.8905,51cbe36f-3fda-47ce-b171-25f02ffeeb3a,e2b5d1af-611f-418e-93d3-019b7b7ef4af,123,lembang,cikatomas pakidulan joszzz,,,973f2faa-6112-46fa-b6bf-4d49b6e745af,1_01_R_16082025020000.avi,2026-07-27T05:04:00+07:00
1380,2385,car,2mobil,2mobil,Car / Sedan,2,Sedan / jeep / station wagon,2mobil,1,Line 1,normal,3282.0909,72206,0.5642,51cbe36f-3fda-47ce-b171-25f02ffeeb3a,e2b5d1af-611f-418e-93d3-019b7b7ef4af,123,lembang,cikatomas pakidulan joszzz,,,973f2faa-6112-46fa-b6bf-4d49b6e745af,1_01_R_16082025020000.avi,2026-07-27T05:04:00+07:00
1381,2385,car,2mobil,2mobil,Car / Sedan,2,Sedan / jeep / station wagon,2mobil,2,Line 2,opposite,3282.8182,72222,0.7946,51cbe36f-3fda-47ce-b171-25f02ffeeb3a,e2b5d1af-611f-418e-93d3-019b7b7ef4af,123,lembang,cikatomas pakidulan joszzz,,,973f2faa-6112-46fa-b6bf-4d49b6e745af,1_01_R_16082025020000.avi,2026-07-27T05:04:00+07:00
1382,800477,motorcycle,1motor,1motor,Motorcycle,1,Motorcycle / 3-wheel vehicle,1motor,1,Line 1,normal,3282.8182,72222,0.1691,51cbe36f-3fda-47ce-b171-25f02ffeeb3a,e2b5d1af-611f-418e-93d3-019b7b7ef4af,123,lembang,cikatomas pakidulan joszzz,,,973f2faa-6112-46fa-b6bf-4d49b6e745af,1_01_R_16082025020000.avi,2026-07-27T05:04:00+07:00
1383,800477,motorcycle,1motor,1motor,Motorcycle,1,Motorcycle / 3-wheel vehicle,1motor,2,Line 2,opposite,3283.5,72237,0.496,51cbe36f-3fda-47ce-b171-25f02ffeeb3a,e2b5d1af-611f-418e-93d3-019b7b7ef4af,123,lembang,cikatomas pakidulan joszzz,,,973f2faa-6112-46fa-b6bf-4d49b6e745af,1_01_R_16082025020000.avi,2026-07-27T05:04:00+07:00
1384,2389,motorcycle,1motor,1motor,Motorcycle,1,Motorcycle / 3-wheel vehicle,1motor,2,Line 2,normal,3284.0909,72250,0.785,51cbe36f-3fda-47ce-b171-25f02ffeeb3a,e2b5d1af-611f-418e-93d3-019b7b7ef4af,123,lembang,cikatomas pakidulan joszzz,,,973f2faa-6112-46fa-b6bf-4d49b6e745af,1_01_R_16082025020000.avi,2026-07-27T05:04:00+07:00
1385,2389,motorcycle,1motor,1motor,Motorcycle,1,Motorcycle / 3-wheel vehicle,1motor,1,Line 1,opposite,3284.9091,72268,0.8144,51cbe36f-3fda-47ce-b171-25f02ffeeb3a,e2b5d1af-611f-418e-93d3-019b7b7ef4af,123,lembang,cikatomas pakidulan joszzz,,,973f2faa-6112-46fa-b6bf-4d49b6e745af,1_01_R_16082025020000.avi,2026-07-27T05:04:00+07:00
1386,2391,car,2mobil,2mobil,Car / Sedan,2,Sedan / jeep / station wagon,2mobil,2,Line 2,normal,3285.0,72270,0.9242,51cbe36f-3fda-47ce-b171-25f02ffeeb3a,e2b5d1af-611f-418e-93d3-019b7b7ef4af,123,lembang,cikatomas pakidulan joszzz,,,973f2faa-6112-46fa-b6bf-4d49b6e745af,1_01_R_16082025020000.avi,2026-07-27T05:04:00+07:00
1387,2392,motorcycle,1motor,1motor,Motorcycle,1,Motorcycle / 3-wheel vehicle,1motor,1,Line 1,normal,3285.0455,72271,0.7533,51cbe36f-3fda-47ce-b171-25f02ffeeb3a,e2b5d1af-611f-418e-93d3-019b7b7ef4af,123,lembang,cikatomas pakidulan joszzz,,,973f2faa-6112-46fa-b6bf-4d49b6e745af,1_01_R_16082025020000.avi,2026-07-27T05:04:00+07:00
1388,2390,motorcycle,1motor,1motor,Motorcycle,1,Motorcycle / 3-wheel vehicle,1motor,1,Line 1,normal,3285.5455,72282,0.8339,51cbe36f-3fda-47ce-b171-25f02ffeeb3a,e2b5d1af-611f-418e-93d3-019b7b7ef4af,123,lembang,cikatomas pakidulan joszzz,,,973f2faa-6112-46fa-b6bf-4d49b6e745af,1_01_R_16082025020000.avi,2026-07-27T05:04:00+07:00
1389,2391,car,2mobil,2mobil,Car / Sedan,2,Sedan / jeep / station wagon,2mobil,1,Line 1,opposite,3285.6364,72284,0.8969,51cbe36f-3fda-47ce-b171-25f02ffeeb3a,e2b5d1af-611f-418e-93d3-019b7b7ef4af,123,lembang,cikatomas pakidulan joszzz,,,973f2faa-6112-46fa-b6bf-4d49b6e745af,1_01_R_16082025020000.avi,2026-07-27T05:04:00+07:00
1390,2390,motorcycle,1motor,1motor,Motorcycle,1,Motorcycle / 3-wheel vehicle,1motor,2,Line 2,opposite,3286.2273,72297,0.842,51cbe36f-3fda-47ce-b171-25f02ffeeb3a,e2b5d1af-611f-418e-93d3-019b7b7ef4af,123,lembang,cikatomas pakidulan joszzz,,,973f2faa-6112-46fa-b6bf-4d49b6e745af,1_01_R_16082025020000.avi,2026-07-27T05:04:00+07:00
1391,800479,motorcycle,1motor,1motor,Motorcycle,1,Motorcycle / 3-wheel vehicle,1motor,1,Line 1,normal,3286.5,72303,0.2428,51cbe36f-3fda-47ce-b171-25f02ffeeb3a,e2b5d1af-611f-418e-93d3-019b7b7ef4af,123,lembang,cikatomas pakidulan joszzz,,,973f2faa-6112-46fa-b6bf-4d49b6e745af,1_01_R_16082025020000.avi,2026-07-27T05:04:00+07:00
1392,2398,car,2mobil,2mobil,Car / Sedan,2,Sedan / jeep / station wagon,2mobil,1,Line 1,normal,3287.9545,72335,0.3385,51cbe36f-3fda-47ce-b171-25f02ffeeb3a,e2b5d1af-611f-418e-93d3-019b7b7ef4af,123,lembang,cikatomas pakidulan joszzz,,,973f2faa-6112-46fa-b6bf-4d49b6e745af,1_01_R_16082025020000.avi,2026-07-27T05:04:00+07:00
1393,2398,car,2mobil,2mobil,Car / Sedan,2,Sedan / jeep / station wagon,2mobil,2,Line 2,opposite,3288.7273,72352,0.8586,51cbe36f-3fda-47ce-b171-25f02ffeeb3a,e2b5d1af-611f-418e-93d3-019b7b7ef4af,123,lembang,cikatomas pakidulan joszzz,,,973f2faa-6112-46fa-b6bf-4d49b6e745af,1_01_R_16082025020000.avi,2026-07-27T05:04:00+07:00
1394,2406,motorcycle,1motor,1motor,Motorcycle,1,Motorcycle / 3-wheel vehicle,1motor,1,Line 1,normal,3290.4091,72389,0.8156,51cbe36f-3fda-47ce-b171-25f02ffeeb3a,e2b5d1af-611f-418e-93d3-019b7b7ef4af,123,lembang,cikatomas pakidulan joszzz,,,973f2faa-6112-46fa-b6bf-4d49b6e745af,1_01_R_16082025020000.avi,2026-07-27T05:04:00+07:00
1395,2406,motorcycle,1motor,1motor,Motorcycle,1,Motorcycle / 3-wheel vehicle,1motor,2,Line 2,opposite,3291.1818,72406,0.5932,51cbe36f-3fda-47ce-b171-25f02ffeeb3a,e2b5d1af-611f-418e-93d3-019b7b7ef4af,123,lembang,cikatomas pakidulan joszzz,,,973f2faa-6112-46fa-b6bf-4d49b6e745af,1_01_R_16082025020000.avi,2026-07-27T05:04:00+07:00
1396,2407,car,2mobil,2mobil,Car / Sedan,2,Sedan / jeep / station wagon,2mobil,1,Line 1,normal,3293.7727,72463,0.431,51cbe36f-3fda-47ce-b171-25f02ffeeb3a,e2b5d1af-611f-418e-93d3-019b7b7ef4af,123,lembang,cikatomas pakidulan joszzz,,,973f2faa-6112-46fa-b6bf-4d49b6e745af,1_01_R_16082025020000.avi,2026-07-27T05:04:00+07:00
1397,800481,motorcycle,1motor,1motor,Motorcycle,1,Motorcycle / 3-wheel vehicle,1motor,1,Line 1,normal,3294.0,72468,0.2135,51cbe36f-3fda-47ce-b171-25f02ffeeb3a,e2b5d1af-611f-418e-93d3-019b7b7ef4af,123,lembang,cikatomas pakidulan joszzz,,,973f2faa-6112-46fa-b6bf-4d49b6e745af,1_01_R_16082025020000.avi,2026-07-27T05:04:00+07:00
1398,2407,car,2mobil,2mobil,Car / Sedan,2,Sedan / jeep / station wagon,2mobil,2,Line 2,opposite,3294.5455,72480,0.8306,51cbe36f-3fda-47ce-b171-25f02ffeeb3a,e2b5d1af-611f-418e-93d3-019b7b7ef4af,123,lembang,cikatomas pakidulan joszzz,,,973f2faa-6112-46fa-b6bf-4d49b6e745af,1_01_R_16082025020000.avi,2026-07-27T05:04:00+07:00
1399,2412,truck,6tr_2sumbu,6TR_2sumbu,2-Axle Truck (Jumbo),6,2-Axle Truck,6TR_2sumbu,1,Line 1,normal,3297.0,72534,0.9166,51cbe36f-3fda-47ce-b171-25f02ffeeb3a,e2b5d1af-611f-418e-93d3-019b7b7ef4af,123,lembang,cikatomas pakidulan joszzz,,,973f2faa-6112-46fa-b6bf-4d49b6e745af,1_01_R_16082025020000.avi,2026-07-27T05:04:00+07:00
1400,2412,truck,6tr_2sumbu,6TR_2sumbu,2-Axle Truck (Jumbo),6,2-Axle Truck,6TR_2sumbu,2,Line 2,opposite,3297.7273,72550,0.9114,51cbe36f-3fda-47ce-b171-25f02ffeeb3a,e2b5d1af-611f-418e-93d3-019b7b7ef4af,123,lembang,cikatomas pakidulan joszzz,,,973f2faa-6112-46fa-b6bf-4d49b6e745af,1_01_R_16082025020000.avi,2026-07-27T05:04:00+07:00
1401,2419,motorcycle,1motor,1motor,Motorcycle,1,Motorcycle / 3-wheel vehicle,1motor,1,Line 1,opposite,3310.0909,72822,0.846,51cbe36f-3fda-47ce-b171-25f02ffeeb3a,e2b5d1af-611f-418e-93d3-019b7b7ef4af,123,lembang,cikatomas pakidulan joszzz,,,973f2faa-6112-46fa-b6bf-4d49b6e745af,1_01_R_16082025020000.avi,2026-07-27T05:04:00+07:00
1402,2420,car,2mobil,2mobil,Car / Sedan,2,Sedan / jeep / station wagon,2mobil,2,Line 2,normal,3312.5455,72876,0.9207,51cbe36f-3fda-47ce-b171-25f02ffeeb3a,e2b5d1af-611f-418e-93d3-019b7b7ef4af,123,lembang,cikatomas pakidulan joszzz,,,973f2faa-6112-46fa-b6bf-4d49b6e745af,1_01_R_16082025020000.avi,2026-07-27T05:04:00+07:00
1403,2420,car,2mobil,2mobil,Car / Sedan,2,Sedan / jeep / station wagon,2mobil,1,Line 1,opposite,3313.1364,72889,0.8058,51cbe36f-3fda-47ce-b171-25f02ffeeb3a,e2b5d1af-611f-418e-93d3-019b7b7ef4af,123,lembang,cikatomas pakidulan joszzz,,,973f2faa-6112-46fa-b6bf-4d49b6e745af,1_01_R_16082025020000.avi,2026-07-27T05:04:00+07:00
1404,800485,motorcycle,1motor,1motor,Motorcycle,1,Motorcycle / 3-wheel vehicle,1motor,1,Line 1,normal,3313.2273,72891,0.3714,51cbe36f-3fda-47ce-b171-25f02ffeeb3a,e2b5d1af-611f-418e-93d3-019b7b7ef4af,123,lembang,cikatomas pakidulan joszzz,,,973f2faa-6112-46fa-b6bf-4d49b6e745af,1_01_R_16082025020000.avi,2026-07-27T05:04:00+07:00
1405,2423,motorcycle,1motor,1motor,Motorcycle,1,Motorcycle / 3-wheel vehicle,1motor,1,Line 1,opposite,3314.0,72908,0.7306,51cbe36f-3fda-47ce-b171-25f02ffeeb3a,e2b5d1af-611f-418e-93d3-019b7b7ef4af,123,lembang,cikatomas pakidulan joszzz,,,973f2faa-6112-46fa-b6bf-4d49b6e745af,1_01_R_16082025020000.avi,2026-07-27T05:04:00+07:00
1406,800484,motorcycle,1motor,1motor,Motorcycle,1,Motorcycle / 3-wheel vehicle,1motor,2,Line 2,normal,3314.1818,72912,0.254,51cbe36f-3fda-47ce-b171-25f02ffeeb3a,e2b5d1af-611f-418e-93d3-019b7b7ef4af,123,lembang,cikatomas pakidulan joszzz,,,973f2faa-6112-46fa-b6bf-4d49b6e745af,1_01_R_16082025020000.avi,2026-07-27T05:04:00+07:00
1407,800485,motorcycle,1motor,1motor,Motorcycle,1,Motorcycle / 3-wheel vehicle,1motor,2,Line 2,opposite,3314.5909,72921,0.4962,51cbe36f-3fda-47ce-b171-25f02ffeeb3a,e2b5d1af-611f-418e-93d3-019b7b7ef4af,123,lembang,cikatomas pakidulan joszzz,,,973f2faa-6112-46fa-b6bf-4d49b6e745af,1_01_R_16082025020000.avi,2026-07-27T05:04:00+07:00
1408,2427,motorcycle,1motor,1motor,Motorcycle,1,Motorcycle / 3-wheel vehicle,1motor,2,Line 2,normal,3315.0,72930,0.7464,51cbe36f-3fda-47ce-b171-25f02ffeeb3a,e2b5d1af-611f-418e-93d3-019b7b7ef4af,123,lembang,cikatomas pakidulan joszzz,,,973f2faa-6112-46fa-b6bf-4d49b6e745af,1_01_R_16082025020000.avi,2026-07-27T05:04:00+07:00
1409,2427,motorcycle,1motor,1motor,Motorcycle,1,Motorcycle / 3-wheel vehicle,1motor,1,Line 1,opposite,3315.6364,72944,0.8317,51cbe36f-3fda-47ce-b171-25f02ffeeb3a,e2b5d1af-611f-418e-93d3-019b7b7ef4af,123,lembang,cikatomas pakidulan joszzz,,,973f2faa-6112-46fa-b6bf-4d49b6e745af,1_01_R_16082025020000.avi,2026-07-27T05:04:00+07:00
1410,2435,car,2mobil,2mobil,Car / Sedan,2,Sedan / jeep / station wagon,2mobil,1,Line 1,normal,3317.3182,72981,0.5059,51cbe36f-3fda-47ce-b171-25f02ffeeb3a,e2b5d1af-611f-418e-93d3-019b7b7ef4af,123,lembang,cikatomas pakidulan joszzz,,,973f2faa-6112-46fa-b6bf-4d49b6e745af,1_01_R_16082025020000.avi,2026-07-27T05:04:00+07:00
1411,2435,car,2mobil,2mobil,Car / Sedan,2,Sedan / jeep / station wagon,2mobil,2,Line 2,opposite,3317.9545,72995,0.5382,51cbe36f-3fda-47ce-b171-25f02ffeeb3a,e2b5d1af-611f-418e-93d3-019b7b7ef4af,123,lembang,cikatomas pakidulan joszzz,,,973f2faa-6112-46fa-b6bf-4d49b6e745af,1_01_R_16082025020000.avi,2026-07-27T05:04:00+07:00
1412,2442,car,2mobil,2mobil,Car / Sedan,2,Sedan / jeep / station wagon,2mobil,2,Line 2,normal,3327.6364,73208,0.9271,51cbe36f-3fda-47ce-b171-25f02ffeeb3a,e2b5d1af-611f-418e-93d3-019b7b7ef4af,123,lembang,cikatomas pakidulan joszzz,,,973f2faa-6112-46fa-b6bf-4d49b6e745af,1_01_R_16082025020000.avi,2026-07-27T05:04:00+07:00
1413,2442,car,2mobil,2mobil,Car / Sedan,2,Sedan / jeep / station wagon,2mobil,1,Line 1,opposite,3328.4545,73226,0.8936,51cbe36f-3fda-47ce-b171-25f02ffeeb3a,e2b5d1af-611f-418e-93d3-019b7b7ef4af,123,lembang,cikatomas pakidulan joszzz,,,973f2faa-6112-46fa-b6bf-4d49b6e745af,1_01_R_16082025020000.avi,2026-07-27T05:04:00+07:00
1414,2443,car,2mobil,2mobil,Car / Sedan,2,Sedan / jeep / station wagon,2mobil,1,Line 1,normal,3329.0455,73239,0.8911,51cbe36f-3fda-47ce-b171-25f02ffeeb3a,e2b5d1af-611f-418e-93d3-019b7b7ef4af,123,lembang,cikatomas pakidulan joszzz,,,973f2faa-6112-46fa-b6bf-4d49b6e745af,1_01_R_16082025020000.avi,2026-07-27T05:04:00+07:00
1415,2443,car,2mobil,2mobil,Car / Sedan,2,Sedan / jeep / station wagon,2mobil,2,Line 2,opposite,3329.6364,73252,0.9145,51cbe36f-3fda-47ce-b171-25f02ffeeb3a,e2b5d1af-611f-418e-93d3-019b7b7ef4af,123,lembang,cikatomas pakidulan joszzz,,,973f2faa-6112-46fa-b6bf-4d49b6e745af,1_01_R_16082025020000.avi,2026-07-27T05:04:00+07:00
1416,2446,truck,4pickupmicro,4PickupMicro,Pickup / Micro Truck,4,Pickup / micro truck / delivery,4PickupMicro,2,Line 2,normal,3340.9091,73500,0.8977,51cbe36f-3fda-47ce-b171-25f02ffeeb3a,e2b5d1af-611f-418e-93d3-019b7b7ef4af,123,lembang,cikatomas pakidulan joszzz,,,973f2faa-6112-46fa-b6bf-4d49b6e745af,1_01_R_16082025020000.avi,2026-07-27T05:04:00+07:00
1417,2446,truck,4pickupmicro,4PickupMicro,Pickup / Micro Truck,4,Pickup / micro truck / delivery,4PickupMicro,1,Line 1,opposite,3341.3636,73510,0.7858,51cbe36f-3fda-47ce-b171-25f02ffeeb3a,e2b5d1af-611f-418e-93d3-019b7b7ef4af,123,lembang,cikatomas pakidulan joszzz,,,973f2faa-6112-46fa-b6bf-4d49b6e745af,1_01_R_16082025020000.avi,2026-07-27T05:04:00+07:00
1418,2445,motorcycle,1motor,1motor,Motorcycle,1,Motorcycle / 3-wheel vehicle,1motor,1,Line 1,normal,3343.3182,73553,0.7797,51cbe36f-3fda-47ce-b171-25f02ffeeb3a,e2b5d1af-611f-418e-93d3-019b7b7ef4af,123,lembang,cikatomas pakidulan joszzz,,,973f2faa-6112-46fa-b6bf-4d49b6e745af,1_01_R_16082025020000.avi,2026-07-27T05:04:00+07:00
1419,2445,motorcycle,1motor,1motor,Motorcycle,1,Motorcycle / 3-wheel vehicle,1motor,2,Line 2,opposite,3344.4091,73577,0.7147,51cbe36f-3fda-47ce-b171-25f02ffeeb3a,e2b5d1af-611f-418e-93d3-019b7b7ef4af,123,lembang,cikatomas pakidulan joszzz,,,973f2faa-6112-46fa-b6bf-4d49b6e745af,1_01_R_16082025020000.avi,2026-07-27T05:04:00+07:00
1420,2448,motorcycle,1motor,1motor,Motorcycle,1,Motorcycle / 3-wheel vehicle,1motor,1,Line 1,normal,3345.6364,73604,0.8246,51cbe36f-3fda-47ce-b171-25f02ffeeb3a,e2b5d1af-611f-418e-93d3-019b7b7ef4af,123,lembang,cikatomas pakidulan joszzz,,,973f2faa-6112-46fa-b6bf-4d49b6e745af,1_01_R_16082025020000.avi,2026-07-27T05:04:00+07:00
1421,2453,motorcycle,1motor,1motor,Motorcycle,1,Motorcycle / 3-wheel vehicle,1motor,1,Line 1,normal,3348.4545,73666,0.7851,51cbe36f-3fda-47ce-b171-25f02ffeeb3a,e2b5d1af-611f-418e-93d3-019b7b7ef4af,123,lembang,cikatomas pakidulan joszzz,,,973f2faa-6112-46fa-b6bf-4d49b6e745af,1_01_R_16082025020000.avi,2026-07-27T05:04:00+07:00
1422,800489,motorcycle,1motor,1motor,Motorcycle,1,Motorcycle / 3-wheel vehicle,1motor,1,Line 1,normal,3348.8182,73674,0.2273,51cbe36f-3fda-47ce-b171-25f02ffeeb3a,e2b5d1af-611f-418e-93d3-019b7b7ef4af,123,lembang,cikatomas pakidulan joszzz,,,973f2faa-6112-46fa-b6bf-4d49b6e745af,1_01_R_16082025020000.avi,2026-07-27T05:04:00+07:00
1423,800489,motorcycle,1motor,1motor,Motorcycle,1,Motorcycle / 3-wheel vehicle,1motor,2,Line 2,opposite,3350.4545,73710,0.3949,51cbe36f-3fda-47ce-b171-25f02ffeeb3a,e2b5d1af-611f-418e-93d3-019b7b7ef4af,123,lembang,cikatomas pakidulan joszzz,,,973f2faa-6112-46fa-b6bf-4d49b6e745af,1_01_R_16082025020000.avi,2026-07-27T05:04:00+07:00
1424,2454,motorcycle,1motor,1motor,Motorcycle,1,Motorcycle / 3-wheel vehicle,1motor,2,Line 2,normal,3350.6818,73715,0.7742,51cbe36f-3fda-47ce-b171-25f02ffeeb3a,e2b5d1af-611f-418e-93d3-019b7b7ef4af,123,lembang,cikatomas pakidulan joszzz,,,973f2faa-6112-46fa-b6bf-4d49b6e745af,1_01_R_16082025020000.avi,2026-07-27T05:04:00+07:00
1425,2454,motorcycle,1motor,1motor,Motorcycle,1,Motorcycle / 3-wheel vehicle,1motor,1,Line 1,opposite,3351.2727,73728,0.8461,51cbe36f-3fda-47ce-b171-25f02ffeeb3a,e2b5d1af-611f-418e-93d3-019b7b7ef4af,123,lembang,cikatomas pakidulan joszzz,,,973f2faa-6112-46fa-b6bf-4d49b6e745af,1_01_R_16082025020000.avi,2026-07-27T05:04:00+07:00
1426,2462,motorcycle,1motor,1motor,Motorcycle,1,Motorcycle / 3-wheel vehicle,1motor,1,Line 1,opposite,3372.5455,74196,0.8424,51cbe36f-3fda-47ce-b171-25f02ffeeb3a,e2b5d1af-611f-418e-93d3-019b7b7ef4af,123,lembang,cikatomas pakidulan joszzz,,,973f2faa-6112-46fa-b6bf-4d49b6e745af,1_01_R_16082025020000.avi,2026-07-27T05:04:00+07:00
1427,2463,truck,4pickupmicro,4PickupMicro,Pickup / Micro Truck,4,Pickup / micro truck / delivery,4PickupMicro,2,Line 2,normal,3375.2273,74255,0.6116,51cbe36f-3fda-47ce-b171-25f02ffeeb3a,e2b5d1af-611f-418e-93d3-019b7b7ef4af,123,lembang,cikatomas pakidulan joszzz,,,973f2faa-6112-46fa-b6bf-4d49b6e745af,1_01_R_16082025020000.avi,2026-07-27T05:04:00+07:00
1428,2468,motorcycle,1motor,1motor,Motorcycle,1,Motorcycle / 3-wheel vehicle,1motor,2,Line 2,normal,3375.3636,74258,0.8067,51cbe36f-3fda-47ce-b171-25f02ffeeb3a,e2b5d1af-611f-418e-93d3-019b7b7ef4af,123,lembang,cikatomas pakidulan joszzz,,,973f2faa-6112-46fa-b6bf-4d49b6e745af,1_01_R_16082025020000.avi,2026-07-27T05:04:00+07:00
1429,2468,motorcycle,1motor,1motor,Motorcycle,1,Motorcycle / 3-wheel vehicle,1motor,1,Line 1,opposite,3376.1364,74275,0.7408,51cbe36f-3fda-47ce-b171-25f02ffeeb3a,e2b5d1af-611f-418e-93d3-019b7b7ef4af,123,lembang,cikatomas pakidulan joszzz,,,973f2faa-6112-46fa-b6bf-4d49b6e745af,1_01_R_16082025020000.avi,2026-07-27T05:04:00+07:00
1430,2463,car,3ang_umum,3ang_umum,Public Transportation (Angkot),3,Medium passenger vehicle,3Ang_umum,1,Line 1,opposite,3376.1364,74275,0.7845,51cbe36f-3fda-47ce-b171-25f02ffeeb3a,e2b5d1af-611f-418e-93d3-019b7b7ef4af,123,lembang,cikatomas pakidulan joszzz,,,973f2faa-6112-46fa-b6bf-4d49b6e745af,1_01_R_16082025020000.avi,2026-07-27T05:04:00+07:00
1431,800492,motorcycle,1motor,1motor,Motorcycle,1,Motorcycle / 3-wheel vehicle,1motor,1,Line 1,normal,3377.5909,74307,0.2206,51cbe36f-3fda-47ce-b171-25f02ffeeb3a,e2b5d1af-611f-418e-93d3-019b7b7ef4af,123,lembang,cikatomas pakidulan joszzz,,,973f2faa-6112-46fa-b6bf-4d49b6e745af,1_01_R_16082025020000.avi,2026-07-27T05:04:00+07:00
1432,800492,motorcycle,1motor,1motor,Motorcycle,1,Motorcycle / 3-wheel vehicle,1motor,2,Line 2,opposite,3377.5909,74307,0.2206,51cbe36f-3fda-47ce-b171-25f02ffeeb3a,e2b5d1af-611f-418e-93d3-019b7b7ef4af,123,lembang,cikatomas pakidulan joszzz,,,973f2faa-6112-46fa-b6bf-4d49b6e745af,1_01_R_16082025020000.avi,2026-07-27T05:04:00+07:00
1433,2491,motorcycle,1motor,1motor,Motorcycle,1,Motorcycle / 3-wheel vehicle,1motor,2,Line 2,normal,3378.0,74316,0.8067,51cbe36f-3fda-47ce-b171-25f02ffeeb3a,e2b5d1af-611f-418e-93d3-019b7b7ef4af,123,lembang,cikatomas pakidulan joszzz,,,973f2faa-6112-46fa-b6bf-4d49b6e745af,1_01_R_16082025020000.avi,2026-07-27T05:04:00+07:00
1434,2491,motorcycle,1motor,1motor,Motorcycle,1,Motorcycle / 3-wheel vehicle,1motor,1,Line 1,opposite,3378.7727,74333,0.8283,51cbe36f-3fda-47ce-b171-25f02ffeeb3a,e2b5d1af-611f-418e-93d3-019b7b7ef4af,123,lembang,cikatomas pakidulan joszzz,,,973f2faa-6112-46fa-b6bf-4d49b6e745af,1_01_R_16082025020000.avi,2026-07-27T05:04:00+07:00
1435,2495,motorcycle,1motor,1motor,Motorcycle,1,Motorcycle / 3-wheel vehicle,1motor,2,Line 2,normal,3383.5455,74438,0.8288,51cbe36f-3fda-47ce-b171-25f02ffeeb3a,e2b5d1af-611f-418e-93d3-019b7b7ef4af,123,lembang,cikatomas pakidulan joszzz,,,973f2faa-6112-46fa-b6bf-4d49b6e745af,1_01_R_16082025020000.avi,2026-07-27T05:04:00+07:00
1436,2495,motorcycle,1motor,1motor,Motorcycle,1,Motorcycle / 3-wheel vehicle,1motor,1,Line 1,opposite,3384.2273,74453,0.838,51cbe36f-3fda-47ce-b171-25f02ffeeb3a,e2b5d1af-611f-418e-93d3-019b7b7ef4af,123,lembang,cikatomas pakidulan joszzz,,,973f2faa-6112-46fa-b6bf-4d49b6e745af,1_01_R_16082025020000.avi,2026-07-27T05:04:00+07:00
1437,2503,truck,4pickupmicro,4PickupMicro,Pickup / Micro Truck,4,Pickup / micro truck / delivery,4PickupMicro,2,Line 2,normal,3387.4091,74523,0.9104,51cbe36f-3fda-47ce-b171-25f02ffeeb3a,e2b5d1af-611f-418e-93d3-019b7b7ef4af,123,lembang,cikatomas pakidulan joszzz,,,973f2faa-6112-46fa-b6bf-4d49b6e745af,1_01_R_16082025020000.avi,2026-07-27T05:04:00+07:00
1438,2503,truck,4pickupmicro,4PickupMicro,Pickup / Micro Truck,4,Pickup / micro truck / delivery,4PickupMicro,1,Line 1,opposite,3387.9091,74534,0.7382,51cbe36f-3fda-47ce-b171-25f02ffeeb3a,e2b5d1af-611f-418e-93d3-019b7b7ef4af,123,lembang,cikatomas pakidulan joszzz,,,973f2faa-6112-46fa-b6bf-4d49b6e745af,1_01_R_16082025020000.avi,2026-07-27T05:04:00+07:00
1439,800495,motorcycle,1motor,1motor,Motorcycle,1,Motorcycle / 3-wheel vehicle,1motor,1,Line 1,normal,3389.5909,74571,0.5673,51cbe36f-3fda-47ce-b171-25f02ffeeb3a,e2b5d1af-611f-418e-93d3-019b7b7ef4af,123,lembang,cikatomas pakidulan joszzz,,,973f2faa-6112-46fa-b6bf-4d49b6e745af,1_01_R_16082025020000.avi,2026-07-27T05:04:00+07:00
1440,800495,motorcycle,1motor,1motor,Motorcycle,1,Motorcycle / 3-wheel vehicle,1motor,2,Line 2,opposite,3389.8636,74577,0.2925,51cbe36f-3fda-47ce-b171-25f02ffeeb3a,e2b5d1af-611f-418e-93d3-019b7b7ef4af,123,lembang,cikatomas pakidulan joszzz,,,973f2faa-6112-46fa-b6bf-4d49b6e745af,1_01_R_16082025020000.avi,2026-07-27T05:04:00+07:00
1441,2514,motorcycle,1motor,1motor,Motorcycle,1,Motorcycle / 3-wheel vehicle,1motor,2,Line 2,normal,3390.1818,74584,0.7651,51cbe36f-3fda-47ce-b171-25f02ffeeb3a,e2b5d1af-611f-418e-93d3-019b7b7ef4af,123,lembang,cikatomas pakidulan joszzz,,,973f2faa-6112-46fa-b6bf-4d49b6e745af,1_01_R_16082025020000.avi,2026-07-27T05:04:00+07:00
1442,2515,car,2mobil,2mobil,Car / Sedan,2,Sedan / jeep / station wagon,2mobil,2,Line 2,normal,3390.4545,74590,0.9281,51cbe36f-3fda-47ce-b171-25f02ffeeb3a,e2b5d1af-611f-418e-93d3-019b7b7ef4af,123,lembang,cikatomas pakidulan joszzz,,,973f2faa-6112-46fa-b6bf-4d49b6e745af,1_01_R_16082025020000.avi,2026-07-27T05:04:00+07:00
1443,2514,motorcycle,1motor,1motor,Motorcycle,1,Motorcycle / 3-wheel vehicle,1motor,1,Line 1,opposite,3390.7727,74597,0.8221,51cbe36f-3fda-47ce-b171-25f02ffeeb3a,e2b5d1af-611f-418e-93d3-019b7b7ef4af,123,lembang,cikatomas pakidulan joszzz,,,973f2faa-6112-46fa-b6bf-4d49b6e745af,1_01_R_16082025020000.avi,2026-07-27T05:04:00+07:00
1444,2512,motorcycle,1motor,1motor,Motorcycle,1,Motorcycle / 3-wheel vehicle,1motor,2,Line 2,opposite,3390.8636,74599,0.7944,51cbe36f-3fda-47ce-b171-25f02ffeeb3a,e2b5d1af-611f-418e-93d3-019b7b7ef4af,123,lembang,cikatomas pakidulan joszzz,,,973f2faa-6112-46fa-b6bf-4d49b6e745af,1_01_R_16082025020000.avi,2026-07-27T05:04:00+07:00
1445,2515,car,2mobil,2mobil,Car / Sedan,2,Sedan / jeep / station wagon,2mobil,1,Line 1,opposite,3390.8636,74599,0.9054,51cbe36f-3fda-47ce-b171-25f02ffeeb3a,e2b5d1af-611f-418e-93d3-019b7b7ef4af,123,lembang,cikatomas pakidulan joszzz,,,973f2faa-6112-46fa-b6bf-4d49b6e745af,1_01_R_16082025020000.avi,2026-07-27T05:04:00+07:00
1446,2519,truck,6tr_2sumbu,6TR_2sumbu,2-Axle Truck (Jumbo),6,2-Axle Truck,6TR_2sumbu,2,Line 2,normal,3392.6364,74638,0.8964,51cbe36f-3fda-47ce-b171-25f02ffeeb3a,e2b5d1af-611f-418e-93d3-019b7b7ef4af,123,lembang,cikatomas pakidulan joszzz,,,973f2faa-6112-46fa-b6bf-4d49b6e745af,1_01_R_16082025020000.avi,2026-07-27T05:04:00+07:00
1447,2519,truck,6tr_2sumbu,6TR_2sumbu,2-Axle Truck (Jumbo),6,2-Axle Truck,6TR_2sumbu,1,Line 1,opposite,3393.2727,74652,0.9213,51cbe36f-3fda-47ce-b171-25f02ffeeb3a,e2b5d1af-611f-418e-93d3-019b7b7ef4af,123,lembang,cikatomas pakidulan joszzz,,,973f2faa-6112-46fa-b6bf-4d49b6e745af,1_01_R_16082025020000.avi,2026-07-27T05:04:00+07:00
1448,2521,car,3ang_umum,3ang_umum,Public Transportation (Angkot),3,Medium passenger vehicle,3Ang_umum,2,Line 2,normal,3399.0,74778,0.7442,51cbe36f-3fda-47ce-b171-25f02ffeeb3a,e2b5d1af-611f-418e-93d3-019b7b7ef4af,123,lembang,cikatomas pakidulan joszzz,,,973f2faa-6112-46fa-b6bf-4d49b6e745af,1_01_R_16082025020000.avi,2026-07-27T05:04:00+07:00
1449,2521,car,3ang_umum,3ang_umum,Public Transportation (Angkot),3,Medium passenger vehicle,3Ang_umum,1,Line 1,opposite,3399.6364,74792,0.7206,51cbe36f-3fda-47ce-b171-25f02ffeeb3a,e2b5d1af-611f-418e-93d3-019b7b7ef4af,123,lembang,cikatomas pakidulan joszzz,,,973f2faa-6112-46fa-b6bf-4d49b6e745af,1_01_R_16082025020000.avi,2026-07-27T05:04:00+07:00
1450,2538,motorcycle,1motor,1motor,Motorcycle,1,Motorcycle / 3-wheel vehicle,1motor,2,Line 2,normal,3402.4545,74854,0.8549,51cbe36f-3fda-47ce-b171-25f02ffeeb3a,e2b5d1af-611f-418e-93d3-019b7b7ef4af,123,lembang,cikatomas pakidulan joszzz,,,973f2faa-6112-46fa-b6bf-4d49b6e745af,1_01_R_16082025020000.avi,2026-07-27T05:04:00+07:00
1451,2538,motorcycle,1motor,1motor,Motorcycle,1,Motorcycle / 3-wheel vehicle,1motor,1,Line 1,opposite,3403.1818,74870,0.841,51cbe36f-3fda-47ce-b171-25f02ffeeb3a,e2b5d1af-611f-418e-93d3-019b7b7ef4af,123,lembang,cikatomas pakidulan joszzz,,,973f2faa-6112-46fa-b6bf-4d49b6e745af,1_01_R_16082025020000.avi,2026-07-27T05:04:00+07:00
1452,2539,car,2mobil,2mobil,Car / Sedan,2,Sedan / jeep / station wagon,2mobil,2,Line 2,normal,3403.3636,74874,0.9289,51cbe36f-3fda-47ce-b171-25f02ffeeb3a,e2b5d1af-611f-418e-93d3-019b7b7ef4af,123,lembang,cikatomas pakidulan joszzz,,,973f2faa-6112-46fa-b6bf-4d49b6e745af,1_01_R_16082025020000.avi,2026-07-27T05:04:00+07:00
1453,2539,car,2mobil,2mobil,Car / Sedan,2,Sedan / jeep / station wagon,2mobil,1,Line 1,opposite,3404.0455,74889,0.8976,51cbe36f-3fda-47ce-b171-25f02ffeeb3a,e2b5d1af-611f-418e-93d3-019b7b7ef4af,123,lembang,cikatomas pakidulan joszzz,,,973f2faa-6112-46fa-b6bf-4d49b6e745af,1_01_R_16082025020000.avi,2026-07-27T05:04:00+07:00
1454,2541,motorcycle,1motor,1motor,Motorcycle,1,Motorcycle / 3-wheel vehicle,1motor,1,Line 1,opposite,3409.5909,75011,0.7839,51cbe36f-3fda-47ce-b171-25f02ffeeb3a,e2b5d1af-611f-418e-93d3-019b7b7ef4af,123,lembang,cikatomas pakidulan joszzz,,,973f2faa-6112-46fa-b6bf-4d49b6e745af,1_01_R_16082025020000.avi,2026-07-27T05:04:00+07:00
1455,2544,motorcycle,1motor,1motor,Motorcycle,1,Motorcycle / 3-wheel vehicle,1motor,1,Line 1,normal,3413.3182,75093,0.7764,51cbe36f-3fda-47ce-b171-25f02ffeeb3a,e2b5d1af-611f-418e-93d3-019b7b7ef4af,123,lembang,cikatomas pakidulan joszzz,,,973f2faa-6112-46fa-b6bf-4d49b6e745af,1_01_R_16082025020000.avi,2026-07-27T05:04:00+07:00
1456,2544,motorcycle,1motor,1motor,Motorcycle,1,Motorcycle / 3-wheel vehicle,1motor,2,Line 2,opposite,3414.1818,75112,0.6895,51cbe36f-3fda-47ce-b171-25f02ffeeb3a,e2b5d1af-611f-418e-93d3-019b7b7ef4af,123,lembang,cikatomas pakidulan joszzz,,,973f2faa-6112-46fa-b6bf-4d49b6e745af,1_01_R_16082025020000.avi,2026-07-27T05:04:00+07:00
1457,2547,motorcycle,1motor,1motor,Motorcycle,1,Motorcycle / 3-wheel vehicle,1motor,2,Line 2,normal,3431.1818,75486,0.8027,51cbe36f-3fda-47ce-b171-25f02ffeeb3a,e2b5d1af-611f-418e-93d3-019b7b7ef4af,123,lembang,cikatomas pakidulan joszzz,,,973f2faa-6112-46fa-b6bf-4d49b6e745af,1_01_R_16082025020000.avi,2026-07-27T05:04:00+07:00
1458,2547,motorcycle,1motor,1motor,Motorcycle,1,Motorcycle / 3-wheel vehicle,1motor,1,Line 1,opposite,3431.7727,75499,0.8351,51cbe36f-3fda-47ce-b171-25f02ffeeb3a,e2b5d1af-611f-418e-93d3-019b7b7ef4af,123,lembang,cikatomas pakidulan joszzz,,,973f2faa-6112-46fa-b6bf-4d49b6e745af,1_01_R_16082025020000.avi,2026-07-27T05:04:00+07:00
1459,800500,motorcycle,1motor,1motor,Motorcycle,1,Motorcycle / 3-wheel vehicle,1motor,2,Line 2,normal,3433.2273,75531,0.5331,51cbe36f-3fda-47ce-b171-25f02ffeeb3a,e2b5d1af-611f-418e-93d3-019b7b7ef4af,123,lembang,cikatomas pakidulan joszzz,,,973f2faa-6112-46fa-b6bf-4d49b6e745af,1_01_R_16082025020000.avi,2026-07-27T05:04:00+07:00
1460,2561,motorcycle,1motor,1motor,Motorcycle,1,Motorcycle / 3-wheel vehicle,1motor,1,Line 1,opposite,3433.5,75537,0.7935,51cbe36f-3fda-47ce-b171-25f02ffeeb3a,e2b5d1af-611f-418e-93d3-019b7b7ef4af,123,lembang,cikatomas pakidulan joszzz,,,973f2faa-6112-46fa-b6bf-4d49b6e745af,1_01_R_16082025020000.avi,2026-07-27T05:04:00+07:00
1461,2562,motorcycle,1motor,1motor,Motorcycle,1,Motorcycle / 3-wheel vehicle,1motor,1,Line 1,opposite,3433.7727,75543,0.8071,51cbe36f-3fda-47ce-b171-25f02ffeeb3a,e2b5d1af-611f-418e-93d3-019b7b7ef4af,123,lembang,cikatomas pakidulan joszzz,,,973f2faa-6112-46fa-b6bf-4d49b6e745af,1_01_R_16082025020000.avi,2026-07-27T05:04:00+07:00
1462,2563,motorcycle,1motor,1motor,Motorcycle,1,Motorcycle / 3-wheel vehicle,1motor,2,Line 2,normal,3434.7273,75564,0.8188,51cbe36f-3fda-47ce-b171-25f02ffeeb3a,e2b5d1af-611f-418e-93d3-019b7b7ef4af,123,lembang,cikatomas pakidulan joszzz,,,973f2faa-6112-46fa-b6bf-4d49b6e745af,1_01_R_16082025020000.avi,2026-07-27T05:04:00+07:00
1463,2563,motorcycle,1motor,1motor,Motorcycle,1,Motorcycle / 3-wheel vehicle,1motor,1,Line 1,opposite,3435.3636,75578,0.8627,51cbe36f-3fda-47ce-b171-25f02ffeeb3a,e2b5d1af-611f-418e-93d3-019b7b7ef4af,123,lembang,cikatomas pakidulan joszzz,,,973f2faa-6112-46fa-b6bf-4d49b6e745af,1_01_R_16082025020000.avi,2026-07-27T05:04:00+07:00
1464,2564,car,2mobil,2mobil,Car / Sedan,2,Sedan / jeep / station wagon,2mobil,1,Line 1,normal,3448.4091,75865,0.6318,51cbe36f-3fda-47ce-b171-25f02ffeeb3a,e2b5d1af-611f-418e-93d3-019b7b7ef4af,123,lembang,cikatomas pakidulan joszzz,,,973f2faa-6112-46fa-b6bf-4d49b6e745af,1_01_R_16082025020000.avi,2026-07-27T05:04:00+07:00
1465,2564,car,2mobil,2mobil,Car / Sedan,2,Sedan / jeep / station wagon,2mobil,2,Line 2,opposite,3448.9091,75876,0.9082,51cbe36f-3fda-47ce-b171-25f02ffeeb3a,e2b5d1af-611f-418e-93d3-019b7b7ef4af,123,lembang,cikatomas pakidulan joszzz,,,973f2faa-6112-46fa-b6bf-4d49b6e745af,1_01_R_16082025020000.avi,2026-07-27T05:04:00+07:00
1466,2569,car,2mobil,2mobil,Car / Sedan,2,Sedan / jeep / station wagon,2mobil,2,Line 2,normal,3457.5,76065,0.9019,51cbe36f-3fda-47ce-b171-25f02ffeeb3a,e2b5d1af-611f-418e-93d3-019b7b7ef4af,123,lembang,cikatomas pakidulan joszzz,,,973f2faa-6112-46fa-b6bf-4d49b6e745af,1_01_R_16082025020000.avi,2026-07-27T05:04:00+07:00
1467,2569,car,2mobil,2mobil,Car / Sedan,2,Sedan / jeep / station wagon,2mobil,1,Line 1,opposite,3458.0909,76078,0.8718,51cbe36f-3fda-47ce-b171-25f02ffeeb3a,e2b5d1af-611f-418e-93d3-019b7b7ef4af,123,lembang,cikatomas pakidulan joszzz,,,973f2faa-6112-46fa-b6bf-4d49b6e745af,1_01_R_16082025020000.avi,2026-07-27T05:04:00+07:00
1468,2568,motorcycle,1motor,1motor,Motorcycle,1,Motorcycle / 3-wheel vehicle,1motor,1,Line 1,normal,3458.7273,76092,0.8261,51cbe36f-3fda-47ce-b171-25f02ffeeb3a,e2b5d1af-611f-418e-93d3-019b7b7ef4af,123,lembang,cikatomas pakidulan joszzz,,,973f2faa-6112-46fa-b6bf-4d49b6e745af,1_01_R_16082025020000.avi,2026-07-27T05:04:00+07:00
1469,2568,motorcycle,1motor,1motor,Motorcycle,1,Motorcycle / 3-wheel vehicle,1motor,2,Line 2,opposite,3459.7273,76114,0.6104,51cbe36f-3fda-47ce-b171-25f02ffeeb3a,e2b5d1af-611f-418e-93d3-019b7b7ef4af,123,lembang,cikatomas pakidulan joszzz,,,973f2faa-6112-46fa-b6bf-4d49b6e745af,1_01_R_16082025020000.avi,2026-07-27T05:04:00+07:00
1470,2572,motorcycle,1motor,1motor,Motorcycle,1,Motorcycle / 3-wheel vehicle,1motor,2,Line 2,normal,3464.0,76208,0.8307,51cbe36f-3fda-47ce-b171-25f02ffeeb3a,e2b5d1af-611f-418e-93d3-019b7b7ef4af,123,lembang,cikatomas pakidulan joszzz,,,973f2faa-6112-46fa-b6bf-4d49b6e745af,1_01_R_16082025020000.avi,2026-07-27T05:04:00+07:00
1471,2572,motorcycle,1motor,1motor,Motorcycle,1,Motorcycle / 3-wheel vehicle,1motor,1,Line 1,opposite,3464.7727,76225,0.8516,51cbe36f-3fda-47ce-b171-25f02ffeeb3a,e2b5d1af-611f-418e-93d3-019b7b7ef4af,123,lembang,cikatomas pakidulan joszzz,,,973f2faa-6112-46fa-b6bf-4d49b6e745af,1_01_R_16082025020000.avi,2026-07-27T05:04:00+07:00
1472,2573,truck,4pickupmicro,4PickupMicro,Pickup / Micro Truck,4,Pickup / micro truck / delivery,4PickupMicro,2,Line 2,normal,3464.9545,76229,0.9029,51cbe36f-3fda-47ce-b171-25f02ffeeb3a,e2b5d1af-611f-418e-93d3-019b7b7ef4af,123,lembang,cikatomas pakidulan joszzz,,,973f2faa-6112-46fa-b6bf-4d49b6e745af,1_01_R_16082025020000.avi,2026-07-27T05:04:00+07:00
1473,2573,truck,4pickupmicro,4PickupMicro,Pickup / Micro Truck,4,Pickup / micro truck / delivery,4PickupMicro,1,Line 1,opposite,3465.4545,76240,0.9177,51cbe36f-3fda-47ce-b171-25f02ffeeb3a,e2b5d1af-611f-418e-93d3-019b7b7ef4af,123,lembang,cikatomas pakidulan joszzz,,,973f2faa-6112-46fa-b6bf-4d49b6e745af,1_01_R_16082025020000.avi,2026-07-27T05:04:00+07:00
1474,2574,car,2mobil,2mobil,Car / Sedan,2,Sedan / jeep / station wagon,2mobil,2,Line 2,normal,3467.1364,76277,0.9278,51cbe36f-3fda-47ce-b171-25f02ffeeb3a,e2b5d1af-611f-418e-93d3-019b7b7ef4af,123,lembang,cikatomas pakidulan joszzz,,,973f2faa-6112-46fa-b6bf-4d49b6e745af,1_01_R_16082025020000.avi,2026-07-27T05:04:00+07:00
1475,2574,car,2mobil,2mobil,Car / Sedan,2,Sedan / jeep / station wagon,2mobil,1,Line 1,opposite,3467.8636,76293,0.8922,51cbe36f-3fda-47ce-b171-25f02ffeeb3a,e2b5d1af-611f-418e-93d3-019b7b7ef4af,123,lembang,cikatomas pakidulan joszzz,,,973f2faa-6112-46fa-b6bf-4d49b6e745af,1_01_R_16082025020000.avi,2026-07-27T05:04:00+07:00
1476,2575,car,2mobil,2mobil,Car / Sedan,2,Sedan / jeep / station wagon,2mobil,2,Line 2,normal,3468.5,76307,0.9292,51cbe36f-3fda-47ce-b171-25f02ffeeb3a,e2b5d1af-611f-418e-93d3-019b7b7ef4af,123,lembang,cikatomas pakidulan joszzz,,,973f2faa-6112-46fa-b6bf-4d49b6e745af,1_01_R_16082025020000.avi,2026-07-27T05:04:00+07:00
1477,2575,car,2mobil,2mobil,Car / Sedan,2,Sedan / jeep / station wagon,2mobil,1,Line 1,opposite,3469.1818,76322,0.9025,51cbe36f-3fda-47ce-b171-25f02ffeeb3a,e2b5d1af-611f-418e-93d3-019b7b7ef4af,123,lembang,cikatomas pakidulan joszzz,,,973f2faa-6112-46fa-b6bf-4d49b6e745af,1_01_R_16082025020000.avi,2026-07-27T05:04:00+07:00
1478,2576,car,2mobil,2mobil,Car / Sedan,2,Sedan / jeep / station wagon,2mobil,2,Line 2,normal,3469.5909,76331,0.9299,51cbe36f-3fda-47ce-b171-25f02ffeeb3a,e2b5d1af-611f-418e-93d3-019b7b7ef4af,123,lembang,cikatomas pakidulan joszzz,,,973f2faa-6112-46fa-b6bf-4d49b6e745af,1_01_R_16082025020000.avi,2026-07-27T05:04:00+07:00
1479,2576,car,2mobil,2mobil,Car / Sedan,2,Sedan / jeep / station wagon,2mobil,1,Line 1,opposite,3470.3182,76347,0.9111,51cbe36f-3fda-47ce-b171-25f02ffeeb3a,e2b5d1af-611f-418e-93d3-019b7b7ef4af,123,lembang,cikatomas pakidulan joszzz,,,973f2faa-6112-46fa-b6bf-4d49b6e745af,1_01_R_16082025020000.avi,2026-07-27T05:04:00+07:00
1480,2579,motorcycle,1motor,1motor,Motorcycle,1,Motorcycle / 3-wheel vehicle,1motor,1,Line 1,normal,3483.2273,76631,0.8016,51cbe36f-3fda-47ce-b171-25f02ffeeb3a,e2b5d1af-611f-418e-93d3-019b7b7ef4af,123,lembang,cikatomas pakidulan joszzz,,,973f2faa-6112-46fa-b6bf-4d49b6e745af,1_01_R_16082025020000.avi,2026-07-27T05:04:00+07:00
1481,2579,motorcycle,1motor,1motor,Motorcycle,1,Motorcycle / 3-wheel vehicle,1motor,2,Line 2,opposite,3483.9091,76646,0.5682,51cbe36f-3fda-47ce-b171-25f02ffeeb3a,e2b5d1af-611f-418e-93d3-019b7b7ef4af,123,lembang,cikatomas pakidulan joszzz,,,973f2faa-6112-46fa-b6bf-4d49b6e745af,1_01_R_16082025020000.avi,2026-07-27T05:04:00+07:00
1482,2581,car,2mobil,2mobil,Car / Sedan,2,Sedan / jeep / station wagon,2mobil,2,Line 2,normal,3493.0455,76847,0.8414,51cbe36f-3fda-47ce-b171-25f02ffeeb3a,e2b5d1af-611f-418e-93d3-019b7b7ef4af,123,lembang,cikatomas pakidulan joszzz,,,973f2faa-6112-46fa-b6bf-4d49b6e745af,1_01_R_16082025020000.avi,2026-07-27T05:04:00+07:00
1483,2581,car,2mobil,2mobil,Car / Sedan,2,Sedan / jeep / station wagon,2mobil,1,Line 1,opposite,3493.5,76857,0.8668,51cbe36f-3fda-47ce-b171-25f02ffeeb3a,e2b5d1af-611f-418e-93d3-019b7b7ef4af,123,lembang,cikatomas pakidulan joszzz,,,973f2faa-6112-46fa-b6bf-4d49b6e745af,1_01_R_16082025020000.avi,2026-07-27T05:04:00+07:00
1484,2583,motorcycle,1motor,1motor,Motorcycle,1,Motorcycle / 3-wheel vehicle,1motor,1,Line 1,normal,3501.5,77033,0.822,51cbe36f-3fda-47ce-b171-25f02ffeeb3a,e2b5d1af-611f-418e-93d3-019b7b7ef4af,123,lembang,cikatomas pakidulan joszzz,,,973f2faa-6112-46fa-b6bf-4d49b6e745af,1_01_R_16082025020000.avi,2026-07-27T05:04:00+07:00
1485,2590,motorcycle,1motor,1motor,Motorcycle,1,Motorcycle / 3-wheel vehicle,1motor,1,Line 1,normal,3519.7727,77435,0.8348,51cbe36f-3fda-47ce-b171-25f02ffeeb3a,e2b5d1af-611f-418e-93d3-019b7b7ef4af,123,lembang,cikatomas pakidulan joszzz,,,973f2faa-6112-46fa-b6bf-4d49b6e745af,1_01_R_16082025020000.avi,2026-07-27T05:04:00+07:00
1486,2590,motorcycle,1motor,1motor,Motorcycle,1,Motorcycle / 3-wheel vehicle,1motor,2,Line 2,opposite,3520.8182,77458,0.745,51cbe36f-3fda-47ce-b171-25f02ffeeb3a,e2b5d1af-611f-418e-93d3-019b7b7ef4af,123,lembang,cikatomas pakidulan joszzz,,,973f2faa-6112-46fa-b6bf-4d49b6e745af,1_01_R_16082025020000.avi,2026-07-27T05:04:00+07:00
1487,2594,motorcycle,1motor,1motor,Motorcycle,1,Motorcycle / 3-wheel vehicle,1motor,1,Line 1,normal,3535.0455,77771,0.8382,51cbe36f-3fda-47ce-b171-25f02ffeeb3a,e2b5d1af-611f-418e-93d3-019b7b7ef4af,123,lembang,cikatomas pakidulan joszzz,,,973f2faa-6112-46fa-b6bf-4d49b6e745af,1_01_R_16082025020000.avi,2026-07-27T05:04:00+07:00
1488,2595,motorcycle,1motor,1motor,Motorcycle,1,Motorcycle / 3-wheel vehicle,1motor,2,Line 2,normal,3536.0455,77793,0.8218,51cbe36f-3fda-47ce-b171-25f02ffeeb3a,e2b5d1af-611f-418e-93d3-019b7b7ef4af,123,lembang,cikatomas pakidulan joszzz,,,973f2faa-6112-46fa-b6bf-4d49b6e745af,1_01_R_16082025020000.avi,2026-07-27T05:04:00+07:00
1489,2595,motorcycle,1motor,1motor,Motorcycle,1,Motorcycle / 3-wheel vehicle,1motor,1,Line 1,opposite,3536.8636,77811,0.8307,51cbe36f-3fda-47ce-b171-25f02ffeeb3a,e2b5d1af-611f-418e-93d3-019b7b7ef4af,123,lembang,cikatomas pakidulan joszzz,,,973f2faa-6112-46fa-b6bf-4d49b6e745af,1_01_R_16082025020000.avi,2026-07-27T05:04:00+07:00
1490,2597,motorcycle,1motor,1motor,Motorcycle,1,Motorcycle / 3-wheel vehicle,1motor,1,Line 1,normal,3544.5455,77980,0.8284,51cbe36f-3fda-47ce-b171-25f02ffeeb3a,e2b5d1af-611f-418e-93d3-019b7b7ef4af,123,lembang,cikatomas pakidulan joszzz,,,973f2faa-6112-46fa-b6bf-4d49b6e745af,1_01_R_16082025020000.avi,2026-07-27T05:04:00+07:00
1491,800514,motorcycle,1motor,1motor,Motorcycle,1,Motorcycle / 3-wheel vehicle,1motor,1,Line 1,normal,3545.5909,78003,0.5774,51cbe36f-3fda-47ce-b171-25f02ffeeb3a,e2b5d1af-611f-418e-93d3-019b7b7ef4af,123,lembang,cikatomas pakidulan joszzz,,,973f2faa-6112-46fa-b6bf-4d49b6e745af,1_01_R_16082025020000.avi,2026-07-27T05:04:00+07:00
1492,2598,car,2mobil,2mobil,Car / Sedan,2,Sedan / jeep / station wagon,2mobil,2,Line 2,normal,3545.6818,78005,0.9117,51cbe36f-3fda-47ce-b171-25f02ffeeb3a,e2b5d1af-611f-418e-93d3-019b7b7ef4af,123,lembang,cikatomas pakidulan joszzz,,,973f2faa-6112-46fa-b6bf-4d49b6e745af,1_01_R_16082025020000.avi,2026-07-27T05:04:00+07:00
1493,2598,car,2mobil,2mobil,Car / Sedan,2,Sedan / jeep / station wagon,2mobil,1,Line 1,opposite,3546.1818,78016,0.8764,51cbe36f-3fda-47ce-b171-25f02ffeeb3a,e2b5d1af-611f-418e-93d3-019b7b7ef4af,123,lembang,cikatomas pakidulan joszzz,,,973f2faa-6112-46fa-b6bf-4d49b6e745af,1_01_R_16082025020000.avi,2026-07-27T05:04:00+07:00
1494,800515,motorcycle,1motor,1motor,Motorcycle,1,Motorcycle / 3-wheel vehicle,1motor,1,Line 1,normal,3546.6818,78027,0.2401,51cbe36f-3fda-47ce-b171-25f02ffeeb3a,e2b5d1af-611f-418e-93d3-019b7b7ef4af,123,lembang,cikatomas pakidulan joszzz,,,973f2faa-6112-46fa-b6bf-4d49b6e745af,1_01_R_16082025020000.avi,2026-07-27T05:04:00+07:00
1495,800515,motorcycle,1motor,1motor,Motorcycle,1,Motorcycle / 3-wheel vehicle,1motor,2,Line 2,opposite,3546.6818,78027,0.2401,51cbe36f-3fda-47ce-b171-25f02ffeeb3a,e2b5d1af-611f-418e-93d3-019b7b7ef4af,123,lembang,cikatomas pakidulan joszzz,,,973f2faa-6112-46fa-b6bf-4d49b6e745af,1_01_R_16082025020000.avi,2026-07-27T05:04:00+07:00
1496,2603,motorcycle,1motor,1motor,Motorcycle,1,Motorcycle / 3-wheel vehicle,1motor,2,Line 2,normal,3547.1818,78038,0.7667,51cbe36f-3fda-47ce-b171-25f02ffeeb3a,e2b5d1af-611f-418e-93d3-019b7b7ef4af,123,lembang,cikatomas pakidulan joszzz,,,973f2faa-6112-46fa-b6bf-4d49b6e745af,1_01_R_16082025020000.avi,2026-07-27T05:04:00+07:00
1497,2603,motorcycle,1motor,1motor,Motorcycle,1,Motorcycle / 3-wheel vehicle,1motor,1,Line 1,opposite,3548.0455,78057,0.8473,51cbe36f-3fda-47ce-b171-25f02ffeeb3a,e2b5d1af-611f-418e-93d3-019b7b7ef4af,123,lembang,cikatomas pakidulan joszzz,,,973f2faa-6112-46fa-b6bf-4d49b6e745af,1_01_R_16082025020000.avi,2026-07-27T05:04:00+07:00
1498,2604,car,2mobil,2mobil,Car / Sedan,2,Sedan / jeep / station wagon,2mobil,2,Line 2,normal,3549.1364,78081,0.9131,51cbe36f-3fda-47ce-b171-25f02ffeeb3a,e2b5d1af-611f-418e-93d3-019b7b7ef4af,123,lembang,cikatomas pakidulan joszzz,,,973f2faa-6112-46fa-b6bf-4d49b6e745af,1_01_R_16082025020000.avi,2026-07-27T05:04:00+07:00
1499,2604,car,2mobil,2mobil,Car / Sedan,2,Sedan / jeep / station wagon,2mobil,1,Line 1,opposite,3549.6818,78093,0.883,51cbe36f-3fda-47ce-b171-25f02ffeeb3a,e2b5d1af-611f-418e-93d3-019b7b7ef4af,123,lembang,cikatomas pakidulan joszzz,,,973f2faa-6112-46fa-b6bf-4d49b6e745af,1_01_R_16082025020000.avi,2026-07-27T05:04:00+07:00
1500,2607,car,2mobil,2mobil,Car / Sedan,2,Sedan / jeep / station wagon,2mobil,2,Line 2,normal,3558.7727,78293,0.9184,51cbe36f-3fda-47ce-b171-25f02ffeeb3a,e2b5d1af-611f-418e-93d3-019b7b7ef4af,123,lembang,cikatomas pakidulan joszzz,,,973f2faa-6112-46fa-b6bf-4d49b6e745af,1_01_R_16082025020000.avi,2026-07-27T05:04:00+07:00
1501,2606,motorcycle,1motor,1motor,Motorcycle,1,Motorcycle / 3-wheel vehicle,1motor,1,Line 1,normal,3559.3636,78306,0.8148,51cbe36f-3fda-47ce-b171-25f02ffeeb3a,e2b5d1af-611f-418e-93d3-019b7b7ef4af,123,lembang,cikatomas pakidulan joszzz,,,973f2faa-6112-46fa-b6bf-4d49b6e745af,1_01_R_16082025020000.avi,2026-07-27T05:04:00+07:00
1502,2607,car,2mobil,2mobil,Car / Sedan,2,Sedan / jeep / station wagon,2mobil,1,Line 1,opposite,3559.4545,78308,0.8731,51cbe36f-3fda-47ce-b171-25f02ffeeb3a,e2b5d1af-611f-418e-93d3-019b7b7ef4af,123,lembang,cikatomas pakidulan joszzz,,,973f2faa-6112-46fa-b6bf-4d49b6e745af,1_01_R_16082025020000.avi,2026-07-27T05:04:00+07:00
1503,2606,motorcycle,1motor,1motor,Motorcycle,1,Motorcycle / 3-wheel vehicle,1motor,2,Line 2,opposite,3560.0909,78322,0.651,51cbe36f-3fda-47ce-b171-25f02ffeeb3a,e2b5d1af-611f-418e-93d3-019b7b7ef4af,123,lembang,cikatomas pakidulan joszzz,,,973f2faa-6112-46fa-b6bf-4d49b6e745af,1_01_R_16082025020000.avi,2026-07-27T05:04:00+07:00
1504,2610,motorcycle,1motor,1motor,Motorcycle,1,Motorcycle / 3-wheel vehicle,1motor,1,Line 1,normal,3569.7727,78535,0.8241,51cbe36f-3fda-47ce-b171-25f02ffeeb3a,e2b5d1af-611f-418e-93d3-019b7b7ef4af,123,lembang,cikatomas pakidulan joszzz,,,973f2faa-6112-46fa-b6bf-4d49b6e745af,1_01_R_16082025020000.avi,2026-07-27T05:04:00+07:00
1505,2610,motorcycle,1motor,1motor,Motorcycle,1,Motorcycle / 3-wheel vehicle,1motor,2,Line 2,opposite,3570.2727,78546,0.823,51cbe36f-3fda-47ce-b171-25f02ffeeb3a,e2b5d1af-611f-418e-93d3-019b7b7ef4af,123,lembang,cikatomas pakidulan joszzz,,,973f2faa-6112-46fa-b6bf-4d49b6e745af,1_01_R_16082025020000.avi,2026-07-27T05:04:00+07:00
1506,2613,motorcycle,1motor,1motor,Motorcycle,1,Motorcycle / 3-wheel vehicle,1motor,1,Line 1,normal,3586.5,78903,0.7985,51cbe36f-3fda-47ce-b171-25f02ffeeb3a,e2b5d1af-611f-418e-93d3-019b7b7ef4af,123,lembang,cikatomas pakidulan joszzz,,,973f2faa-6112-46fa-b6bf-4d49b6e745af,1_01_R_16082025020000.avi,2026-07-27T05:04:00+07:00
1507,2613,motorcycle,1motor,1motor,Motorcycle,1,Motorcycle / 3-wheel vehicle,1motor,2,Line 2,opposite,3587.9545,78935,0.8296,51cbe36f-3fda-47ce-b171-25f02ffeeb3a,e2b5d1af-611f-418e-93d3-019b7b7ef4af,123,lembang,cikatomas pakidulan joszzz,,,973f2faa-6112-46fa-b6bf-4d49b6e745af,1_01_R_16082025020000.avi,2026-07-27T05:04:00+07:00
1508,2615,motorcycle,1motor,1motor,Motorcycle,1,Motorcycle / 3-wheel vehicle,1motor,2,Line 2,normal,3589.5,78969,0.8032,51cbe36f-3fda-47ce-b171-25f02ffeeb3a,e2b5d1af-611f-418e-93d3-019b7b7ef4af,123,lembang,cikatomas pakidulan joszzz,,,973f2faa-6112-46fa-b6bf-4d49b6e745af,1_01_R_16082025020000.avi,2026-07-27T05:04:00+07:00
1509,2615,motorcycle,1motor,1motor,Motorcycle,1,Motorcycle / 3-wheel vehicle,1motor,1,Line 1,opposite,3590.3182,78987,0.8297,51cbe36f-3fda-47ce-b171-25f02ffeeb3a,e2b5d1af-611f-418e-93d3-019b7b7ef4af,123,lembang,cikatomas pakidulan joszzz,,,973f2faa-6112-46fa-b6bf-4d49b6e745af,1_01_R_16082025020000.avi,2026-07-27T05:04:00+07:00
1510,2616,motorcycle,1motor,1motor,Motorcycle,1,Motorcycle / 3-wheel vehicle,1motor,1,Line 1,normal,3597.8182,79152,0.8541,51cbe36f-3fda-47ce-b171-25f02ffeeb3a,e2b5d1af-611f-418e-93d3-019b7b7ef4af,123,lembang,cikatomas pakidulan joszzz,,,973f2faa-6112-46fa-b6bf-4d49b6e745af,1_01_R_16082025020000.avi,2026-07-27T05:04:00+07:00
1511,2616,motorcycle,1motor,1motor,Motorcycle,1,Motorcycle / 3-wheel vehicle,1motor,2,Line 2,opposite,3598.6364,79170,0.7786,51cbe36f-3fda-47ce-b171-25f02ffeeb3a,e2b5d1af-611f-418e-93d3-019b7b7ef4af,123,lembang,cikatomas pakidulan joszzz,,,973f2faa-6112-46fa-b6bf-4d49b6e745af,1_01_R_16082025020000.avi,2026-07-27T05:04:00+07:00
