sequence_no,track_id,vehicle_class,detected_label,vehicle_type_code,vehicle_type_label,golongan_code,golongan_label,source_label,count_line_order,count_line_name,direction,crossed_at_seconds,crossed_at_frame,confidence,video_id,site_id,site_code,site_name,location_description,latitude,longitude,analysis_job_id,video_filename,recorded_at
1,46,motorcycle,1motor,1motor,Motorcycle,1,Motorcycle / 3-wheel vehicle,1motor,2,Line 2,normal,10.6992,214,0.4783,aa4719c1-f9e6-43f3-801f-c47d1b6cc05f,e2b5d1af-611f-418e-93d3-019b7b7ef4af,123,lembang,cikatomas pakidulan joszzz,,,ffa3dbf4-959a-424a-bec7-45b96eecb1ab,ch01_00000000121000000.mp4,
2,143,motorcycle,1motor,1motor,Motorcycle,1,Motorcycle / 3-wheel vehicle,1motor,2,Line 2,opposite,21.5484,431,0.8626,aa4719c1-f9e6-43f3-801f-c47d1b6cc05f,e2b5d1af-611f-418e-93d3-019b7b7ef4af,123,lembang,cikatomas pakidulan joszzz,,,ffa3dbf4-959a-424a-bec7-45b96eecb1ab,ch01_00000000121000000.mp4,
3,157,motorcycle,1motor,1motor,Motorcycle,1,Motorcycle / 3-wheel vehicle,1motor,1,Line 1,normal,23.9483,479,0.6573,aa4719c1-f9e6-43f3-801f-c47d1b6cc05f,e2b5d1af-611f-418e-93d3-019b7b7ef4af,123,lembang,cikatomas pakidulan joszzz,,,ffa3dbf4-959a-424a-bec7-45b96eecb1ab,ch01_00000000121000000.mp4,
4,166,motorcycle,1motor,1motor,Motorcycle,1,Motorcycle / 3-wheel vehicle,1motor,2,Line 2,normal,27.398,548,0.5128,aa4719c1-f9e6-43f3-801f-c47d1b6cc05f,e2b5d1af-611f-418e-93d3-019b7b7ef4af,123,lembang,cikatomas pakidulan joszzz,,,ffa3dbf4-959a-424a-bec7-45b96eecb1ab,ch01_00000000121000000.mp4,
5,173,motorcycle,1motor,1motor,Motorcycle,1,Motorcycle / 3-wheel vehicle,1motor,1,Line 1,normal,29.0479,581,0.8397,aa4719c1-f9e6-43f3-801f-c47d1b6cc05f,e2b5d1af-611f-418e-93d3-019b7b7ef4af,123,lembang,cikatomas pakidulan joszzz,,,ffa3dbf4-959a-424a-bec7-45b96eecb1ab,ch01_00000000121000000.mp4,
6,184,motorcycle,1motor,1motor,Motorcycle,1,Motorcycle / 3-wheel vehicle,1motor,1,Line 1,opposite,29.1479,583,0.6442,aa4719c1-f9e6-43f3-801f-c47d1b6cc05f,e2b5d1af-611f-418e-93d3-019b7b7ef4af,123,lembang,cikatomas pakidulan joszzz,,,ffa3dbf4-959a-424a-bec7-45b96eecb1ab,ch01_00000000121000000.mp4,
7,184,motorcycle,1motor,1motor,Motorcycle,1,Motorcycle / 3-wheel vehicle,1motor,2,Line 2,opposite,29.9978,600,0.8349,aa4719c1-f9e6-43f3-801f-c47d1b6cc05f,e2b5d1af-611f-418e-93d3-019b7b7ef4af,123,lembang,cikatomas pakidulan joszzz,,,ffa3dbf4-959a-424a-bec7-45b96eecb1ab,ch01_00000000121000000.mp4,
8,209,motorcycle,1motor,1motor,Motorcycle,1,Motorcycle / 3-wheel vehicle,1motor,1,Line 1,normal,32.1477,643,0.6806,aa4719c1-f9e6-43f3-801f-c47d1b6cc05f,e2b5d1af-611f-418e-93d3-019b7b7ef4af,123,lembang,cikatomas pakidulan joszzz,,,ffa3dbf4-959a-424a-bec7-45b96eecb1ab,ch01_00000000121000000.mp4,
9,374,motorcycle,1motor,1motor,Motorcycle,1,Motorcycle / 3-wheel vehicle,1motor,2,Line 2,normal,49.3964,988,0.7184,aa4719c1-f9e6-43f3-801f-c47d1b6cc05f,e2b5d1af-611f-418e-93d3-019b7b7ef4af,123,lembang,cikatomas pakidulan joszzz,,,ffa3dbf4-959a-424a-bec7-45b96eecb1ab,ch01_00000000121000000.mp4,
10,374,motorcycle,1motor,1motor,Motorcycle,1,Motorcycle / 3-wheel vehicle,1motor,1,Line 1,normal,50.6463,1013,0.8962,aa4719c1-f9e6-43f3-801f-c47d1b6cc05f,e2b5d1af-611f-418e-93d3-019b7b7ef4af,123,lembang,cikatomas pakidulan joszzz,,,ffa3dbf4-959a-424a-bec7-45b96eecb1ab,ch01_00000000121000000.mp4,
11,496,car,2mobil,2mobil,Car / Sedan,2,Sedan / jeep / station wagon,2mobil,2,Line 2,normal,59.0457,1181,0.7996,aa4719c1-f9e6-43f3-801f-c47d1b6cc05f,e2b5d1af-611f-418e-93d3-019b7b7ef4af,123,lembang,cikatomas pakidulan joszzz,,,ffa3dbf4-959a-424a-bec7-45b96eecb1ab,ch01_00000000121000000.mp4,
12,496,car,2mobil,2mobil,Car / Sedan,2,Sedan / jeep / station wagon,2mobil,1,Line 1,normal,59.7457,1195,0.9081,aa4719c1-f9e6-43f3-801f-c47d1b6cc05f,e2b5d1af-611f-418e-93d3-019b7b7ef4af,123,lembang,cikatomas pakidulan joszzz,,,ffa3dbf4-959a-424a-bec7-45b96eecb1ab,ch01_00000000121000000.mp4,
13,566,motorcycle,1motor,1motor,Motorcycle,1,Motorcycle / 3-wheel vehicle,1motor,2,Line 2,normal,64.6453,1293,0.8454,aa4719c1-f9e6-43f3-801f-c47d1b6cc05f,e2b5d1af-611f-418e-93d3-019b7b7ef4af,123,lembang,cikatomas pakidulan joszzz,,,ffa3dbf4-959a-424a-bec7-45b96eecb1ab,ch01_00000000121000000.mp4,
14,566,motorcycle,1motor,1motor,Motorcycle,1,Motorcycle / 3-wheel vehicle,1motor,1,Line 1,normal,65.6952,1314,0.7922,aa4719c1-f9e6-43f3-801f-c47d1b6cc05f,e2b5d1af-611f-418e-93d3-019b7b7ef4af,123,lembang,cikatomas pakidulan joszzz,,,ffa3dbf4-959a-424a-bec7-45b96eecb1ab,ch01_00000000121000000.mp4,
15,900,motorcycle,1motor,1motor,Motorcycle,1,Motorcycle / 3-wheel vehicle,1motor,2,Line 2,opposite,101.1927,2024,0.8827,aa4719c1-f9e6-43f3-801f-c47d1b6cc05f,e2b5d1af-611f-418e-93d3-019b7b7ef4af,123,lembang,cikatomas pakidulan joszzz,,,ffa3dbf4-959a-424a-bec7-45b96eecb1ab,ch01_00000000121000000.mp4,
16,919,motorcycle,1motor,1motor,Motorcycle,1,Motorcycle / 3-wheel vehicle,1motor,1,Line 1,opposite,102.5426,2051,0.7285,aa4719c1-f9e6-43f3-801f-c47d1b6cc05f,e2b5d1af-611f-418e-93d3-019b7b7ef4af,123,lembang,cikatomas pakidulan joszzz,,,ffa3dbf4-959a-424a-bec7-45b96eecb1ab,ch01_00000000121000000.mp4,
17,919,motorcycle,1motor,1motor,Motorcycle,1,Motorcycle / 3-wheel vehicle,1motor,2,Line 2,opposite,103.0925,2062,0.7421,aa4719c1-f9e6-43f3-801f-c47d1b6cc05f,e2b5d1af-611f-418e-93d3-019b7b7ef4af,123,lembang,cikatomas pakidulan joszzz,,,ffa3dbf4-959a-424a-bec7-45b96eecb1ab,ch01_00000000121000000.mp4,
18,939,motorcycle,1motor,1motor,Motorcycle,1,Motorcycle / 3-wheel vehicle,1motor,2,Line 2,opposite,103.2925,2066,0.8054,aa4719c1-f9e6-43f3-801f-c47d1b6cc05f,e2b5d1af-611f-418e-93d3-019b7b7ef4af,123,lembang,cikatomas pakidulan joszzz,,,ffa3dbf4-959a-424a-bec7-45b96eecb1ab,ch01_00000000121000000.mp4,
19,983,motorcycle,1motor,1motor,Motorcycle,1,Motorcycle / 3-wheel vehicle,1motor,2,Line 2,opposite,105.7423,2115,0.878,aa4719c1-f9e6-43f3-801f-c47d1b6cc05f,e2b5d1af-611f-418e-93d3-019b7b7ef4af,123,lembang,cikatomas pakidulan joszzz,,,ffa3dbf4-959a-424a-bec7-45b96eecb1ab,ch01_00000000121000000.mp4,
20,1000,motorcycle,1motor,1motor,Motorcycle,1,Motorcycle / 3-wheel vehicle,1motor,2,Line 2,normal,106.1423,2123,0.6203,aa4719c1-f9e6-43f3-801f-c47d1b6cc05f,e2b5d1af-611f-418e-93d3-019b7b7ef4af,123,lembang,cikatomas pakidulan joszzz,,,ffa3dbf4-959a-424a-bec7-45b96eecb1ab,ch01_00000000121000000.mp4,
21,1000,motorcycle,1motor,1motor,Motorcycle,1,Motorcycle / 3-wheel vehicle,1motor,1,Line 1,normal,107.1922,2144,0.8316,aa4719c1-f9e6-43f3-801f-c47d1b6cc05f,e2b5d1af-611f-418e-93d3-019b7b7ef4af,123,lembang,cikatomas pakidulan joszzz,,,ffa3dbf4-959a-424a-bec7-45b96eecb1ab,ch01_00000000121000000.mp4,
22,1019,motorcycle,1motor,1motor,Motorcycle,1,Motorcycle / 3-wheel vehicle,1motor,1,Line 1,opposite,107.8922,2158,0.8646,aa4719c1-f9e6-43f3-801f-c47d1b6cc05f,e2b5d1af-611f-418e-93d3-019b7b7ef4af,123,lembang,cikatomas pakidulan joszzz,,,ffa3dbf4-959a-424a-bec7-45b96eecb1ab,ch01_00000000121000000.mp4,
23,1023,motorcycle,1motor,1motor,Motorcycle,1,Motorcycle / 3-wheel vehicle,1motor,1,Line 1,opposite,108.0922,2162,0.8724,aa4719c1-f9e6-43f3-801f-c47d1b6cc05f,e2b5d1af-611f-418e-93d3-019b7b7ef4af,123,lembang,cikatomas pakidulan joszzz,,,ffa3dbf4-959a-424a-bec7-45b96eecb1ab,ch01_00000000121000000.mp4,
24,1019,motorcycle,1motor,1motor,Motorcycle,1,Motorcycle / 3-wheel vehicle,1motor,2,Line 2,opposite,108.4421,2169,0.8257,aa4719c1-f9e6-43f3-801f-c47d1b6cc05f,e2b5d1af-611f-418e-93d3-019b7b7ef4af,123,lembang,cikatomas pakidulan joszzz,,,ffa3dbf4-959a-424a-bec7-45b96eecb1ab,ch01_00000000121000000.mp4,
25,1026,motorcycle,1motor,1motor,Motorcycle,1,Motorcycle / 3-wheel vehicle,1motor,1,Line 1,opposite,108.4421,2169,0.8789,aa4719c1-f9e6-43f3-801f-c47d1b6cc05f,e2b5d1af-611f-418e-93d3-019b7b7ef4af,123,lembang,cikatomas pakidulan joszzz,,,ffa3dbf4-959a-424a-bec7-45b96eecb1ab,ch01_00000000121000000.mp4,
26,1023,motorcycle,1motor,1motor,Motorcycle,1,Motorcycle / 3-wheel vehicle,1motor,2,Line 2,opposite,108.6921,2174,0.7459,aa4719c1-f9e6-43f3-801f-c47d1b6cc05f,e2b5d1af-611f-418e-93d3-019b7b7ef4af,123,lembang,cikatomas pakidulan joszzz,,,ffa3dbf4-959a-424a-bec7-45b96eecb1ab,ch01_00000000121000000.mp4,
27,1026,motorcycle,1motor,1motor,Motorcycle,1,Motorcycle / 3-wheel vehicle,1motor,2,Line 2,opposite,109.0921,2182,0.8785,aa4719c1-f9e6-43f3-801f-c47d1b6cc05f,e2b5d1af-611f-418e-93d3-019b7b7ef4af,123,lembang,cikatomas pakidulan joszzz,,,ffa3dbf4-959a-424a-bec7-45b96eecb1ab,ch01_00000000121000000.mp4,
28,1036,car,2mobil,2mobil,Car / Sedan,2,Sedan / jeep / station wagon,2mobil,1,Line 1,opposite,110.9919,2220,0.9148,aa4719c1-f9e6-43f3-801f-c47d1b6cc05f,e2b5d1af-611f-418e-93d3-019b7b7ef4af,123,lembang,cikatomas pakidulan joszzz,,,ffa3dbf4-959a-424a-bec7-45b96eecb1ab,ch01_00000000121000000.mp4,
29,1036,car,2mobil,2mobil,Car / Sedan,2,Sedan / jeep / station wagon,2mobil,2,Line 2,opposite,111.4419,2229,0.9077,aa4719c1-f9e6-43f3-801f-c47d1b6cc05f,e2b5d1af-611f-418e-93d3-019b7b7ef4af,123,lembang,cikatomas pakidulan joszzz,,,ffa3dbf4-959a-424a-bec7-45b96eecb1ab,ch01_00000000121000000.mp4,
30,1056,car,2mobil,2mobil,Car / Sedan,2,Sedan / jeep / station wagon,2mobil,1,Line 1,opposite,112.6918,2254,0.9314,aa4719c1-f9e6-43f3-801f-c47d1b6cc05f,e2b5d1af-611f-418e-93d3-019b7b7ef4af,123,lembang,cikatomas pakidulan joszzz,,,ffa3dbf4-959a-424a-bec7-45b96eecb1ab,ch01_00000000121000000.mp4,
31,1056,car,2mobil,2mobil,Car / Sedan,2,Sedan / jeep / station wagon,2mobil,2,Line 2,opposite,113.1418,2263,0.9155,aa4719c1-f9e6-43f3-801f-c47d1b6cc05f,e2b5d1af-611f-418e-93d3-019b7b7ef4af,123,lembang,cikatomas pakidulan joszzz,,,ffa3dbf4-959a-424a-bec7-45b96eecb1ab,ch01_00000000121000000.mp4,
32,1069,motorcycle,1motor,1motor,Motorcycle,1,Motorcycle / 3-wheel vehicle,1motor,2,Line 2,normal,113.8417,2277,0.5606,aa4719c1-f9e6-43f3-801f-c47d1b6cc05f,e2b5d1af-611f-418e-93d3-019b7b7ef4af,123,lembang,cikatomas pakidulan joszzz,,,ffa3dbf4-959a-424a-bec7-45b96eecb1ab,ch01_00000000121000000.mp4,
33,1099,motorcycle,1motor,1motor,Motorcycle,1,Motorcycle / 3-wheel vehicle,1motor,1,Line 1,opposite,119.8413,2397,0.8706,aa4719c1-f9e6-43f3-801f-c47d1b6cc05f,e2b5d1af-611f-418e-93d3-019b7b7ef4af,123,lembang,cikatomas pakidulan joszzz,,,ffa3dbf4-959a-424a-bec7-45b96eecb1ab,ch01_00000000121000000.mp4,
34,1099,motorcycle,1motor,1motor,Motorcycle,1,Motorcycle / 3-wheel vehicle,1motor,2,Line 2,opposite,120.6912,2414,0.7507,aa4719c1-f9e6-43f3-801f-c47d1b6cc05f,e2b5d1af-611f-418e-93d3-019b7b7ef4af,123,lembang,cikatomas pakidulan joszzz,,,ffa3dbf4-959a-424a-bec7-45b96eecb1ab,ch01_00000000121000000.mp4,
35,1129,motorcycle,1motor,1motor,Motorcycle,1,Motorcycle / 3-wheel vehicle,1motor,1,Line 1,opposite,122.0911,2442,0.8842,aa4719c1-f9e6-43f3-801f-c47d1b6cc05f,e2b5d1af-611f-418e-93d3-019b7b7ef4af,123,lembang,cikatomas pakidulan joszzz,,,ffa3dbf4-959a-424a-bec7-45b96eecb1ab,ch01_00000000121000000.mp4,
36,1129,motorcycle,1motor,1motor,Motorcycle,1,Motorcycle / 3-wheel vehicle,1motor,2,Line 2,opposite,123.0411,2461,0.8715,aa4719c1-f9e6-43f3-801f-c47d1b6cc05f,e2b5d1af-611f-418e-93d3-019b7b7ef4af,123,lembang,cikatomas pakidulan joszzz,,,ffa3dbf4-959a-424a-bec7-45b96eecb1ab,ch01_00000000121000000.mp4,
37,1210,truck,6tr_2sumbu,6TR_2sumbu,2-Axle Truck (Jumbo),6,2-Axle Truck,6TR_2sumbu,2,Line 2,normal,130.1406,2603,0.7885,aa4719c1-f9e6-43f3-801f-c47d1b6cc05f,e2b5d1af-611f-418e-93d3-019b7b7ef4af,123,lembang,cikatomas pakidulan joszzz,,,ffa3dbf4-959a-424a-bec7-45b96eecb1ab,ch01_00000000121000000.mp4,
38,1231,truck,7tr-3sumbu,7TR-3sumbu,3-Axle Truck (Jumbo),7,3-Axle Truck,7TR-3sumbu,2,Line 2,normal,130.1406,2603,0.3941,aa4719c1-f9e6-43f3-801f-c47d1b6cc05f,e2b5d1af-611f-418e-93d3-019b7b7ef4af,123,lembang,cikatomas pakidulan joszzz,,,ffa3dbf4-959a-424a-bec7-45b96eecb1ab,ch01_00000000121000000.mp4,
39,1229,motorcycle,1motor,1motor,Motorcycle,1,Motorcycle / 3-wheel vehicle,1motor,1,Line 1,opposite,130.4405,2609,0.823,aa4719c1-f9e6-43f3-801f-c47d1b6cc05f,e2b5d1af-611f-418e-93d3-019b7b7ef4af,123,lembang,cikatomas pakidulan joszzz,,,ffa3dbf4-959a-424a-bec7-45b96eecb1ab,ch01_00000000121000000.mp4,
40,1210,truck,6tr_2sumbu,6TR_2sumbu,2-Axle Truck (Jumbo),6,2-Axle Truck,6TR_2sumbu,1,Line 1,normal,130.8405,2617,0.8386,aa4719c1-f9e6-43f3-801f-c47d1b6cc05f,e2b5d1af-611f-418e-93d3-019b7b7ef4af,123,lembang,cikatomas pakidulan joszzz,,,ffa3dbf4-959a-424a-bec7-45b96eecb1ab,ch01_00000000121000000.mp4,
41,1229,motorcycle,1motor,1motor,Motorcycle,1,Motorcycle / 3-wheel vehicle,1motor,2,Line 2,opposite,131.2905,2626,0.3487,aa4719c1-f9e6-43f3-801f-c47d1b6cc05f,e2b5d1af-611f-418e-93d3-019b7b7ef4af,123,lembang,cikatomas pakidulan joszzz,,,ffa3dbf4-959a-424a-bec7-45b96eecb1ab,ch01_00000000121000000.mp4,
42,1257,motorcycle,1motor,1motor,Motorcycle,1,Motorcycle / 3-wheel vehicle,1motor,2,Line 2,opposite,133.7903,2676,0.8273,aa4719c1-f9e6-43f3-801f-c47d1b6cc05f,e2b5d1af-611f-418e-93d3-019b7b7ef4af,123,lembang,cikatomas pakidulan joszzz,,,ffa3dbf4-959a-424a-bec7-45b96eecb1ab,ch01_00000000121000000.mp4,
43,1274,motorcycle,1motor,1motor,Motorcycle,1,Motorcycle / 3-wheel vehicle,1motor,1,Line 1,opposite,135.4902,2710,0.8817,aa4719c1-f9e6-43f3-801f-c47d1b6cc05f,e2b5d1af-611f-418e-93d3-019b7b7ef4af,123,lembang,cikatomas pakidulan joszzz,,,ffa3dbf4-959a-424a-bec7-45b96eecb1ab,ch01_00000000121000000.mp4,
44,1274,motorcycle,1motor,1motor,Motorcycle,1,Motorcycle / 3-wheel vehicle,1motor,2,Line 2,opposite,136.5901,2732,0.8535,aa4719c1-f9e6-43f3-801f-c47d1b6cc05f,e2b5d1af-611f-418e-93d3-019b7b7ef4af,123,lembang,cikatomas pakidulan joszzz,,,ffa3dbf4-959a-424a-bec7-45b96eecb1ab,ch01_00000000121000000.mp4,
45,1356,motorcycle,1motor,1motor,Motorcycle,1,Motorcycle / 3-wheel vehicle,1motor,1,Line 1,opposite,142.0397,2841,0.8572,aa4719c1-f9e6-43f3-801f-c47d1b6cc05f,e2b5d1af-611f-418e-93d3-019b7b7ef4af,123,lembang,cikatomas pakidulan joszzz,,,ffa3dbf4-959a-424a-bec7-45b96eecb1ab,ch01_00000000121000000.mp4,
46,1356,motorcycle,1motor,1motor,Motorcycle,1,Motorcycle / 3-wheel vehicle,1motor,2,Line 2,opposite,142.5397,2851,0.8685,aa4719c1-f9e6-43f3-801f-c47d1b6cc05f,e2b5d1af-611f-418e-93d3-019b7b7ef4af,123,lembang,cikatomas pakidulan joszzz,,,ffa3dbf4-959a-424a-bec7-45b96eecb1ab,ch01_00000000121000000.mp4,
47,1408,motorcycle,1motor,1motor,Motorcycle,1,Motorcycle / 3-wheel vehicle,1motor,1,Line 1,opposite,147.8393,2957,0.5842,aa4719c1-f9e6-43f3-801f-c47d1b6cc05f,e2b5d1af-611f-418e-93d3-019b7b7ef4af,123,lembang,cikatomas pakidulan joszzz,,,ffa3dbf4-959a-424a-bec7-45b96eecb1ab,ch01_00000000121000000.mp4,
48,1408,motorcycle,1motor,1motor,Motorcycle,1,Motorcycle / 3-wheel vehicle,1motor,2,Line 2,opposite,149.2392,2985,0.8492,aa4719c1-f9e6-43f3-801f-c47d1b6cc05f,e2b5d1af-611f-418e-93d3-019b7b7ef4af,123,lembang,cikatomas pakidulan joszzz,,,ffa3dbf4-959a-424a-bec7-45b96eecb1ab,ch01_00000000121000000.mp4,
49,1499,motorcycle,1motor,1motor,Motorcycle,1,Motorcycle / 3-wheel vehicle,1motor,1,Line 1,opposite,157.2886,3146,0.8851,aa4719c1-f9e6-43f3-801f-c47d1b6cc05f,e2b5d1af-611f-418e-93d3-019b7b7ef4af,123,lembang,cikatomas pakidulan joszzz,,,ffa3dbf4-959a-424a-bec7-45b96eecb1ab,ch01_00000000121000000.mp4,
50,1499,motorcycle,1motor,1motor,Motorcycle,1,Motorcycle / 3-wheel vehicle,1motor,2,Line 2,opposite,158.0885,3162,0.8501,aa4719c1-f9e6-43f3-801f-c47d1b6cc05f,e2b5d1af-611f-418e-93d3-019b7b7ef4af,123,lembang,cikatomas pakidulan joszzz,,,ffa3dbf4-959a-424a-bec7-45b96eecb1ab,ch01_00000000121000000.mp4,
51,1557,motorcycle,1motor,1motor,Motorcycle,1,Motorcycle / 3-wheel vehicle,1motor,2,Line 2,opposite,163.6881,3274,0.8016,aa4719c1-f9e6-43f3-801f-c47d1b6cc05f,e2b5d1af-611f-418e-93d3-019b7b7ef4af,123,lembang,cikatomas pakidulan joszzz,,,ffa3dbf4-959a-424a-bec7-45b96eecb1ab,ch01_00000000121000000.mp4,
52,1618,car,2mobil,2mobil,Car / Sedan,2,Sedan / jeep / station wagon,2mobil,1,Line 1,opposite,168.9377,3379,0.904,aa4719c1-f9e6-43f3-801f-c47d1b6cc05f,e2b5d1af-611f-418e-93d3-019b7b7ef4af,123,lembang,cikatomas pakidulan joszzz,,,ffa3dbf4-959a-424a-bec7-45b96eecb1ab,ch01_00000000121000000.mp4,
53,1618,car,2mobil,2mobil,Car / Sedan,2,Sedan / jeep / station wagon,2mobil,2,Line 2,opposite,169.5377,3391,0.912,aa4719c1-f9e6-43f3-801f-c47d1b6cc05f,e2b5d1af-611f-418e-93d3-019b7b7ef4af,123,lembang,cikatomas pakidulan joszzz,,,ffa3dbf4-959a-424a-bec7-45b96eecb1ab,ch01_00000000121000000.mp4,
54,1843,motorcycle,1motor,1motor,Motorcycle,1,Motorcycle / 3-wheel vehicle,1motor,2,Line 2,opposite,187.3364,3747,0.8599,aa4719c1-f9e6-43f3-801f-c47d1b6cc05f,e2b5d1af-611f-418e-93d3-019b7b7ef4af,123,lembang,cikatomas pakidulan joszzz,,,ffa3dbf4-959a-424a-bec7-45b96eecb1ab,ch01_00000000121000000.mp4,
55,1896,motorcycle,1motor,1motor,Motorcycle,1,Motorcycle / 3-wheel vehicle,1motor,2,Line 2,normal,194.2859,3886,0.7677,aa4719c1-f9e6-43f3-801f-c47d1b6cc05f,e2b5d1af-611f-418e-93d3-019b7b7ef4af,123,lembang,cikatomas pakidulan joszzz,,,ffa3dbf4-959a-424a-bec7-45b96eecb1ab,ch01_00000000121000000.mp4,
56,1896,motorcycle,1motor,1motor,Motorcycle,1,Motorcycle / 3-wheel vehicle,1motor,1,Line 1,normal,196.4357,3929,0.8815,aa4719c1-f9e6-43f3-801f-c47d1b6cc05f,e2b5d1af-611f-418e-93d3-019b7b7ef4af,123,lembang,cikatomas pakidulan joszzz,,,ffa3dbf4-959a-424a-bec7-45b96eecb1ab,ch01_00000000121000000.mp4,
57,2120,motorcycle,1motor,1motor,Motorcycle,1,Motorcycle / 3-wheel vehicle,1motor,2,Line 2,normal,213.8845,4278,0.8157,aa4719c1-f9e6-43f3-801f-c47d1b6cc05f,e2b5d1af-611f-418e-93d3-019b7b7ef4af,123,lembang,cikatomas pakidulan joszzz,,,ffa3dbf4-959a-424a-bec7-45b96eecb1ab,ch01_00000000121000000.mp4,
58,2168,motorcycle,1motor,1motor,Motorcycle,1,Motorcycle / 3-wheel vehicle,1motor,1,Line 1,opposite,221.1339,4423,0.9065,aa4719c1-f9e6-43f3-801f-c47d1b6cc05f,e2b5d1af-611f-418e-93d3-019b7b7ef4af,123,lembang,cikatomas pakidulan joszzz,,,ffa3dbf4-959a-424a-bec7-45b96eecb1ab,ch01_00000000121000000.mp4,
59,2168,motorcycle,1motor,1motor,Motorcycle,1,Motorcycle / 3-wheel vehicle,1motor,2,Line 2,opposite,221.9839,4440,0.8498,aa4719c1-f9e6-43f3-801f-c47d1b6cc05f,e2b5d1af-611f-418e-93d3-019b7b7ef4af,123,lembang,cikatomas pakidulan joszzz,,,ffa3dbf4-959a-424a-bec7-45b96eecb1ab,ch01_00000000121000000.mp4,
60,2247,car,2mobil,2mobil,Car / Sedan,2,Sedan / jeep / station wagon,2mobil,2,Line 2,normal,225.2836,4506,0.7188,aa4719c1-f9e6-43f3-801f-c47d1b6cc05f,e2b5d1af-611f-418e-93d3-019b7b7ef4af,123,lembang,cikatomas pakidulan joszzz,,,ffa3dbf4-959a-424a-bec7-45b96eecb1ab,ch01_00000000121000000.mp4,
61,2247,car,2mobil,2mobil,Car / Sedan,2,Sedan / jeep / station wagon,2mobil,1,Line 1,normal,226.0836,4522,0.8938,aa4719c1-f9e6-43f3-801f-c47d1b6cc05f,e2b5d1af-611f-418e-93d3-019b7b7ef4af,123,lembang,cikatomas pakidulan joszzz,,,ffa3dbf4-959a-424a-bec7-45b96eecb1ab,ch01_00000000121000000.mp4,
62,2340,motorcycle,1motor,1motor,Motorcycle,1,Motorcycle / 3-wheel vehicle,1motor,2,Line 2,normal,236.6328,4733,0.5598,aa4719c1-f9e6-43f3-801f-c47d1b6cc05f,e2b5d1af-611f-418e-93d3-019b7b7ef4af,123,lembang,cikatomas pakidulan joszzz,,,ffa3dbf4-959a-424a-bec7-45b96eecb1ab,ch01_00000000121000000.mp4,
63,2340,motorcycle,1motor,1motor,Motorcycle,1,Motorcycle / 3-wheel vehicle,1motor,1,Line 1,normal,238.0327,4761,0.6251,aa4719c1-f9e6-43f3-801f-c47d1b6cc05f,e2b5d1af-611f-418e-93d3-019b7b7ef4af,123,lembang,cikatomas pakidulan joszzz,,,ffa3dbf4-959a-424a-bec7-45b96eecb1ab,ch01_00000000121000000.mp4,
64,2621,car,2mobil,2mobil,Car / Sedan,2,Sedan / jeep / station wagon,2mobil,1,Line 1,opposite,261.0311,5221,0.9182,aa4719c1-f9e6-43f3-801f-c47d1b6cc05f,e2b5d1af-611f-418e-93d3-019b7b7ef4af,123,lembang,cikatomas pakidulan joszzz,,,ffa3dbf4-959a-424a-bec7-45b96eecb1ab,ch01_00000000121000000.mp4,
65,2637,car,3ang_umum,3ang_umum,Public Transportation (Angkot),3,Medium passenger vehicle,3Ang_umum,2,Line 2,opposite,261.481,5230,0.7395,aa4719c1-f9e6-43f3-801f-c47d1b6cc05f,e2b5d1af-611f-418e-93d3-019b7b7ef4af,123,lembang,cikatomas pakidulan joszzz,,,ffa3dbf4-959a-424a-bec7-45b96eecb1ab,ch01_00000000121000000.mp4,
66,2636,motorcycle,1motor,1motor,Motorcycle,1,Motorcycle / 3-wheel vehicle,1motor,2,Line 2,opposite,261.631,5233,0.6406,aa4719c1-f9e6-43f3-801f-c47d1b6cc05f,e2b5d1af-611f-418e-93d3-019b7b7ef4af,123,lembang,cikatomas pakidulan joszzz,,,ffa3dbf4-959a-424a-bec7-45b96eecb1ab,ch01_00000000121000000.mp4,
67,2702,motorcycle,1motor,1motor,Motorcycle,1,Motorcycle / 3-wheel vehicle,1motor,1,Line 1,opposite,267.5306,5351,0.9029,aa4719c1-f9e6-43f3-801f-c47d1b6cc05f,e2b5d1af-611f-418e-93d3-019b7b7ef4af,123,lembang,cikatomas pakidulan joszzz,,,ffa3dbf4-959a-424a-bec7-45b96eecb1ab,ch01_00000000121000000.mp4,
68,2702,motorcycle,1motor,1motor,Motorcycle,1,Motorcycle / 3-wheel vehicle,1motor,2,Line 2,opposite,268.1305,5363,0.8438,aa4719c1-f9e6-43f3-801f-c47d1b6cc05f,e2b5d1af-611f-418e-93d3-019b7b7ef4af,123,lembang,cikatomas pakidulan joszzz,,,ffa3dbf4-959a-424a-bec7-45b96eecb1ab,ch01_00000000121000000.mp4,
69,2750,motorcycle,1motor,1motor,Motorcycle,1,Motorcycle / 3-wheel vehicle,1motor,1,Line 1,opposite,271.6303,5433,0.7927,aa4719c1-f9e6-43f3-801f-c47d1b6cc05f,e2b5d1af-611f-418e-93d3-019b7b7ef4af,123,lembang,cikatomas pakidulan joszzz,,,ffa3dbf4-959a-424a-bec7-45b96eecb1ab,ch01_00000000121000000.mp4,
70,2750,motorcycle,1motor,1motor,Motorcycle,1,Motorcycle / 3-wheel vehicle,1motor,2,Line 2,opposite,272.4302,5449,0.8328,aa4719c1-f9e6-43f3-801f-c47d1b6cc05f,e2b5d1af-611f-418e-93d3-019b7b7ef4af,123,lembang,cikatomas pakidulan joszzz,,,ffa3dbf4-959a-424a-bec7-45b96eecb1ab,ch01_00000000121000000.mp4,
71,2756,motorcycle,1motor,1motor,Motorcycle,1,Motorcycle / 3-wheel vehicle,1motor,1,Line 1,opposite,272.4302,5449,0.8332,aa4719c1-f9e6-43f3-801f-c47d1b6cc05f,e2b5d1af-611f-418e-93d3-019b7b7ef4af,123,lembang,cikatomas pakidulan joszzz,,,ffa3dbf4-959a-424a-bec7-45b96eecb1ab,ch01_00000000121000000.mp4,
72,2756,motorcycle,1motor,1motor,Motorcycle,1,Motorcycle / 3-wheel vehicle,1motor,2,Line 2,opposite,273.0802,5462,0.8739,aa4719c1-f9e6-43f3-801f-c47d1b6cc05f,e2b5d1af-611f-418e-93d3-019b7b7ef4af,123,lembang,cikatomas pakidulan joszzz,,,ffa3dbf4-959a-424a-bec7-45b96eecb1ab,ch01_00000000121000000.mp4,
73,2830,motorcycle,1motor,1motor,Motorcycle,1,Motorcycle / 3-wheel vehicle,1motor,2,Line 2,normal,278.9797,5580,0.8399,aa4719c1-f9e6-43f3-801f-c47d1b6cc05f,e2b5d1af-611f-418e-93d3-019b7b7ef4af,123,lembang,cikatomas pakidulan joszzz,,,ffa3dbf4-959a-424a-bec7-45b96eecb1ab,ch01_00000000121000000.mp4,
74,2835,motorcycle,1motor,1motor,Motorcycle,1,Motorcycle / 3-wheel vehicle,1motor,1,Line 1,opposite,279.7797,5596,0.8939,aa4719c1-f9e6-43f3-801f-c47d1b6cc05f,e2b5d1af-611f-418e-93d3-019b7b7ef4af,123,lembang,cikatomas pakidulan joszzz,,,ffa3dbf4-959a-424a-bec7-45b96eecb1ab,ch01_00000000121000000.mp4,
75,2835,motorcycle,1motor,1motor,Motorcycle,1,Motorcycle / 3-wheel vehicle,1motor,2,Line 2,opposite,280.7796,5616,0.8126,aa4719c1-f9e6-43f3-801f-c47d1b6cc05f,e2b5d1af-611f-418e-93d3-019b7b7ef4af,123,lembang,cikatomas pakidulan joszzz,,,ffa3dbf4-959a-424a-bec7-45b96eecb1ab,ch01_00000000121000000.mp4,
76,2878,motorcycle,1motor,1motor,Motorcycle,1,Motorcycle / 3-wheel vehicle,1motor,1,Line 1,opposite,283.4794,5670,0.8629,aa4719c1-f9e6-43f3-801f-c47d1b6cc05f,e2b5d1af-611f-418e-93d3-019b7b7ef4af,123,lembang,cikatomas pakidulan joszzz,,,ffa3dbf4-959a-424a-bec7-45b96eecb1ab,ch01_00000000121000000.mp4,
77,2878,motorcycle,1motor,1motor,Motorcycle,1,Motorcycle / 3-wheel vehicle,1motor,2,Line 2,opposite,284.0294,5681,0.8243,aa4719c1-f9e6-43f3-801f-c47d1b6cc05f,e2b5d1af-611f-418e-93d3-019b7b7ef4af,123,lembang,cikatomas pakidulan joszzz,,,ffa3dbf4-959a-424a-bec7-45b96eecb1ab,ch01_00000000121000000.mp4,
78,2892,motorcycle,1motor,1motor,Motorcycle,1,Motorcycle / 3-wheel vehicle,1motor,2,Line 2,opposite,284.6793,5694,0.8556,aa4719c1-f9e6-43f3-801f-c47d1b6cc05f,e2b5d1af-611f-418e-93d3-019b7b7ef4af,123,lembang,cikatomas pakidulan joszzz,,,ffa3dbf4-959a-424a-bec7-45b96eecb1ab,ch01_00000000121000000.mp4,
79,2901,motorcycle,1motor,1motor,Motorcycle,1,Motorcycle / 3-wheel vehicle,1motor,2,Line 2,opposite,285.8293,5717,0.8148,aa4719c1-f9e6-43f3-801f-c47d1b6cc05f,e2b5d1af-611f-418e-93d3-019b7b7ef4af,123,lembang,cikatomas pakidulan joszzz,,,ffa3dbf4-959a-424a-bec7-45b96eecb1ab,ch01_00000000121000000.mp4,
80,2913,motorcycle,1motor,1motor,Motorcycle,1,Motorcycle / 3-wheel vehicle,1motor,1,Line 1,opposite,286.0792,5722,0.883,aa4719c1-f9e6-43f3-801f-c47d1b6cc05f,e2b5d1af-611f-418e-93d3-019b7b7ef4af,123,lembang,cikatomas pakidulan joszzz,,,ffa3dbf4-959a-424a-bec7-45b96eecb1ab,ch01_00000000121000000.mp4,
81,2913,motorcycle,1motor,1motor,Motorcycle,1,Motorcycle / 3-wheel vehicle,1motor,2,Line 2,opposite,286.6292,5733,0.834,aa4719c1-f9e6-43f3-801f-c47d1b6cc05f,e2b5d1af-611f-418e-93d3-019b7b7ef4af,123,lembang,cikatomas pakidulan joszzz,,,ffa3dbf4-959a-424a-bec7-45b96eecb1ab,ch01_00000000121000000.mp4,
82,2940,motorcycle,1motor,1motor,Motorcycle,1,Motorcycle / 3-wheel vehicle,1motor,2,Line 2,opposite,287.2291,5745,0.749,aa4719c1-f9e6-43f3-801f-c47d1b6cc05f,e2b5d1af-611f-418e-93d3-019b7b7ef4af,123,lembang,cikatomas pakidulan joszzz,,,ffa3dbf4-959a-424a-bec7-45b96eecb1ab,ch01_00000000121000000.mp4,
83,2972,car,2mobil,2mobil,Car / Sedan,2,Sedan / jeep / station wagon,2mobil,1,Line 1,opposite,288.829,5777,0.8588,aa4719c1-f9e6-43f3-801f-c47d1b6cc05f,e2b5d1af-611f-418e-93d3-019b7b7ef4af,123,lembang,cikatomas pakidulan joszzz,,,ffa3dbf4-959a-424a-bec7-45b96eecb1ab,ch01_00000000121000000.mp4,
84,2972,car,2mobil,2mobil,Car / Sedan,2,Sedan / jeep / station wagon,2mobil,2,Line 2,opposite,289.429,5789,0.9173,aa4719c1-f9e6-43f3-801f-c47d1b6cc05f,e2b5d1af-611f-418e-93d3-019b7b7ef4af,123,lembang,cikatomas pakidulan joszzz,,,ffa3dbf4-959a-424a-bec7-45b96eecb1ab,ch01_00000000121000000.mp4,
85,3005,motorcycle,1motor,1motor,Motorcycle,1,Motorcycle / 3-wheel vehicle,1motor,2,Line 2,opposite,293.0787,5862,0.6946,aa4719c1-f9e6-43f3-801f-c47d1b6cc05f,e2b5d1af-611f-418e-93d3-019b7b7ef4af,123,lembang,cikatomas pakidulan joszzz,,,ffa3dbf4-959a-424a-bec7-45b96eecb1ab,ch01_00000000121000000.mp4,
86,3010,motorcycle,1motor,1motor,Motorcycle,1,Motorcycle / 3-wheel vehicle,1motor,2,Line 2,opposite,294.3286,5887,0.8418,aa4719c1-f9e6-43f3-801f-c47d1b6cc05f,e2b5d1af-611f-418e-93d3-019b7b7ef4af,123,lembang,cikatomas pakidulan joszzz,,,ffa3dbf4-959a-424a-bec7-45b96eecb1ab,ch01_00000000121000000.mp4,
87,3034,motorcycle,1motor,1motor,Motorcycle,1,Motorcycle / 3-wheel vehicle,1motor,2,Line 2,normal,296.2785,5926,0.73,aa4719c1-f9e6-43f3-801f-c47d1b6cc05f,e2b5d1af-611f-418e-93d3-019b7b7ef4af,123,lembang,cikatomas pakidulan joszzz,,,ffa3dbf4-959a-424a-bec7-45b96eecb1ab,ch01_00000000121000000.mp4,
88,3144,motorcycle,1motor,1motor,Motorcycle,1,Motorcycle / 3-wheel vehicle,1motor,2,Line 2,normal,307.6277,6153,0.6071,aa4719c1-f9e6-43f3-801f-c47d1b6cc05f,e2b5d1af-611f-418e-93d3-019b7b7ef4af,123,lembang,cikatomas pakidulan joszzz,,,ffa3dbf4-959a-424a-bec7-45b96eecb1ab,ch01_00000000121000000.mp4,
89,3144,motorcycle,1motor,1motor,Motorcycle,1,Motorcycle / 3-wheel vehicle,1motor,1,Line 1,normal,309.2775,6186,0.8667,aa4719c1-f9e6-43f3-801f-c47d1b6cc05f,e2b5d1af-611f-418e-93d3-019b7b7ef4af,123,lembang,cikatomas pakidulan joszzz,,,ffa3dbf4-959a-424a-bec7-45b96eecb1ab,ch01_00000000121000000.mp4,
90,3230,motorcycle,1motor,1motor,Motorcycle,1,Motorcycle / 3-wheel vehicle,1motor,1,Line 1,opposite,317.377,6348,0.7955,aa4719c1-f9e6-43f3-801f-c47d1b6cc05f,e2b5d1af-611f-418e-93d3-019b7b7ef4af,123,lembang,cikatomas pakidulan joszzz,,,ffa3dbf4-959a-424a-bec7-45b96eecb1ab,ch01_00000000121000000.mp4,
91,3230,motorcycle,1motor,1motor,Motorcycle,1,Motorcycle / 3-wheel vehicle,1motor,2,Line 2,opposite,317.9769,6360,0.7881,aa4719c1-f9e6-43f3-801f-c47d1b6cc05f,e2b5d1af-611f-418e-93d3-019b7b7ef4af,123,lembang,cikatomas pakidulan joszzz,,,ffa3dbf4-959a-424a-bec7-45b96eecb1ab,ch01_00000000121000000.mp4,
92,3350,motorcycle,1motor,1motor,Motorcycle,1,Motorcycle / 3-wheel vehicle,1motor,1,Line 1,opposite,326.6263,6533,0.8743,aa4719c1-f9e6-43f3-801f-c47d1b6cc05f,e2b5d1af-611f-418e-93d3-019b7b7ef4af,123,lembang,cikatomas pakidulan joszzz,,,ffa3dbf4-959a-424a-bec7-45b96eecb1ab,ch01_00000000121000000.mp4,
93,3350,motorcycle,1motor,1motor,Motorcycle,1,Motorcycle / 3-wheel vehicle,1motor,2,Line 2,opposite,327.1762,6544,0.8551,aa4719c1-f9e6-43f3-801f-c47d1b6cc05f,e2b5d1af-611f-418e-93d3-019b7b7ef4af,123,lembang,cikatomas pakidulan joszzz,,,ffa3dbf4-959a-424a-bec7-45b96eecb1ab,ch01_00000000121000000.mp4,
94,3414,motorcycle,1motor,1motor,Motorcycle,1,Motorcycle / 3-wheel vehicle,1motor,2,Line 2,normal,335.1757,6704,0.6972,aa4719c1-f9e6-43f3-801f-c47d1b6cc05f,e2b5d1af-611f-418e-93d3-019b7b7ef4af,123,lembang,cikatomas pakidulan joszzz,,,ffa3dbf4-959a-424a-bec7-45b96eecb1ab,ch01_00000000121000000.mp4,
95,3425,truck,4pickupmicro,4PickupMicro,Pickup / Micro Truck,4,Pickup / micro truck / delivery,4PickupMicro,1,Line 1,opposite,336.3756,6728,0.9237,aa4719c1-f9e6-43f3-801f-c47d1b6cc05f,e2b5d1af-611f-418e-93d3-019b7b7ef4af,123,lembang,cikatomas pakidulan joszzz,,,ffa3dbf4-959a-424a-bec7-45b96eecb1ab,ch01_00000000121000000.mp4,
96,3425,truck,4pickupmicro,4PickupMicro,Pickup / Micro Truck,4,Pickup / micro truck / delivery,4PickupMicro,2,Line 2,opposite,336.9755,6740,0.9169,aa4719c1-f9e6-43f3-801f-c47d1b6cc05f,e2b5d1af-611f-418e-93d3-019b7b7ef4af,123,lembang,cikatomas pakidulan joszzz,,,ffa3dbf4-959a-424a-bec7-45b96eecb1ab,ch01_00000000121000000.mp4,
97,3504,car,2mobil,2mobil,Car / Sedan,2,Sedan / jeep / station wagon,2mobil,1,Line 1,opposite,344.175,6884,0.8814,aa4719c1-f9e6-43f3-801f-c47d1b6cc05f,e2b5d1af-611f-418e-93d3-019b7b7ef4af,123,lembang,cikatomas pakidulan joszzz,,,ffa3dbf4-959a-424a-bec7-45b96eecb1ab,ch01_00000000121000000.mp4,
98,3509,car,2mobil,2mobil,Car / Sedan,2,Sedan / jeep / station wagon,2mobil,2,Line 2,opposite,344.775,6896,0.918,aa4719c1-f9e6-43f3-801f-c47d1b6cc05f,e2b5d1af-611f-418e-93d3-019b7b7ef4af,123,lembang,cikatomas pakidulan joszzz,,,ffa3dbf4-959a-424a-bec7-45b96eecb1ab,ch01_00000000121000000.mp4,
99,3575,motorcycle,1motor,1motor,Motorcycle,1,Motorcycle / 3-wheel vehicle,1motor,1,Line 1,opposite,350.8245,7017,0.8388,aa4719c1-f9e6-43f3-801f-c47d1b6cc05f,e2b5d1af-611f-418e-93d3-019b7b7ef4af,123,lembang,cikatomas pakidulan joszzz,,,ffa3dbf4-959a-424a-bec7-45b96eecb1ab,ch01_00000000121000000.mp4,
100,3575,motorcycle,1motor,1motor,Motorcycle,1,Motorcycle / 3-wheel vehicle,1motor,2,Line 2,opposite,351.4245,7029,0.8366,aa4719c1-f9e6-43f3-801f-c47d1b6cc05f,e2b5d1af-611f-418e-93d3-019b7b7ef4af,123,lembang,cikatomas pakidulan joszzz,,,ffa3dbf4-959a-424a-bec7-45b96eecb1ab,ch01_00000000121000000.mp4,
101,3677,truck,6tr_2sumbu,6TR_2sumbu,2-Axle Truck (Jumbo),6,2-Axle Truck,6TR_2sumbu,2,Line 2,normal,361.6737,7234,0.7993,aa4719c1-f9e6-43f3-801f-c47d1b6cc05f,e2b5d1af-611f-418e-93d3-019b7b7ef4af,123,lembang,cikatomas pakidulan joszzz,,,ffa3dbf4-959a-424a-bec7-45b96eecb1ab,ch01_00000000121000000.mp4,
102,3677,truck,6tr_2sumbu,6TR_2sumbu,2-Axle Truck (Jumbo),6,2-Axle Truck,6TR_2sumbu,1,Line 1,normal,362.3737,7248,0.9315,aa4719c1-f9e6-43f3-801f-c47d1b6cc05f,e2b5d1af-611f-418e-93d3-019b7b7ef4af,123,lembang,cikatomas pakidulan joszzz,,,ffa3dbf4-959a-424a-bec7-45b96eecb1ab,ch01_00000000121000000.mp4,
103,3736,motorcycle,1motor,1motor,Motorcycle,1,Motorcycle / 3-wheel vehicle,1motor,1,Line 1,opposite,364.2236,7285,0.82,aa4719c1-f9e6-43f3-801f-c47d1b6cc05f,e2b5d1af-611f-418e-93d3-019b7b7ef4af,123,lembang,cikatomas pakidulan joszzz,,,ffa3dbf4-959a-424a-bec7-45b96eecb1ab,ch01_00000000121000000.mp4,
104,3736,motorcycle,1motor,1motor,Motorcycle,1,Motorcycle / 3-wheel vehicle,1motor,2,Line 2,opposite,365.0735,7302,0.8672,aa4719c1-f9e6-43f3-801f-c47d1b6cc05f,e2b5d1af-611f-418e-93d3-019b7b7ef4af,123,lembang,cikatomas pakidulan joszzz,,,ffa3dbf4-959a-424a-bec7-45b96eecb1ab,ch01_00000000121000000.mp4,
105,3813,motorcycle,1motor,1motor,Motorcycle,1,Motorcycle / 3-wheel vehicle,1motor,1,Line 1,normal,369.2232,7385,0.5543,aa4719c1-f9e6-43f3-801f-c47d1b6cc05f,e2b5d1af-611f-418e-93d3-019b7b7ef4af,123,lembang,cikatomas pakidulan joszzz,,,ffa3dbf4-959a-424a-bec7-45b96eecb1ab,ch01_00000000121000000.mp4,
106,3862,car,2mobil,2mobil,Car / Sedan,2,Sedan / jeep / station wagon,2mobil,1,Line 1,normal,372.7229,7455,0.9309,aa4719c1-f9e6-43f3-801f-c47d1b6cc05f,e2b5d1af-611f-418e-93d3-019b7b7ef4af,123,lembang,cikatomas pakidulan joszzz,,,ffa3dbf4-959a-424a-bec7-45b96eecb1ab,ch01_00000000121000000.mp4,
107,3883,car,3ang_umum,3ang_umum,Public Transportation (Angkot),3,Medium passenger vehicle,3Ang_umum,1,Line 1,normal,373.6729,7474,0.7475,aa4719c1-f9e6-43f3-801f-c47d1b6cc05f,e2b5d1af-611f-418e-93d3-019b7b7ef4af,123,lembang,cikatomas pakidulan joszzz,,,ffa3dbf4-959a-424a-bec7-45b96eecb1ab,ch01_00000000121000000.mp4,
108,3936,car,2mobil,2mobil,Car / Sedan,2,Sedan / jeep / station wagon,2mobil,1,Line 1,normal,379.2725,7586,0.8697,aa4719c1-f9e6-43f3-801f-c47d1b6cc05f,e2b5d1af-611f-418e-93d3-019b7b7ef4af,123,lembang,cikatomas pakidulan joszzz,,,ffa3dbf4-959a-424a-bec7-45b96eecb1ab,ch01_00000000121000000.mp4,
109,4110,motorcycle,1motor,1motor,Motorcycle,1,Motorcycle / 3-wheel vehicle,1motor,2,Line 2,opposite,400.3709,8008,0.8435,aa4719c1-f9e6-43f3-801f-c47d1b6cc05f,e2b5d1af-611f-418e-93d3-019b7b7ef4af,123,lembang,cikatomas pakidulan joszzz,,,ffa3dbf4-959a-424a-bec7-45b96eecb1ab,ch01_00000000121000000.mp4,
110,4115,motorcycle,1motor,1motor,Motorcycle,1,Motorcycle / 3-wheel vehicle,1motor,1,Line 1,normal,402.5208,8051,0.7296,aa4719c1-f9e6-43f3-801f-c47d1b6cc05f,e2b5d1af-611f-418e-93d3-019b7b7ef4af,123,lembang,cikatomas pakidulan joszzz,,,ffa3dbf4-959a-424a-bec7-45b96eecb1ab,ch01_00000000121000000.mp4,
111,4184,car,2mobil,2mobil,Car / Sedan,2,Sedan / jeep / station wagon,2mobil,2,Line 2,normal,406.8705,8138,0.8989,aa4719c1-f9e6-43f3-801f-c47d1b6cc05f,e2b5d1af-611f-418e-93d3-019b7b7ef4af,123,lembang,cikatomas pakidulan joszzz,,,ffa3dbf4-959a-424a-bec7-45b96eecb1ab,ch01_00000000121000000.mp4,
112,4184,car,2mobil,2mobil,Car / Sedan,2,Sedan / jeep / station wagon,2mobil,1,Line 1,normal,407.6204,8153,0.9306,aa4719c1-f9e6-43f3-801f-c47d1b6cc05f,e2b5d1af-611f-418e-93d3-019b7b7ef4af,123,lembang,cikatomas pakidulan joszzz,,,ffa3dbf4-959a-424a-bec7-45b96eecb1ab,ch01_00000000121000000.mp4,
113,4188,motorcycle,1motor,1motor,Motorcycle,1,Motorcycle / 3-wheel vehicle,1motor,2,Line 2,opposite,407.8704,8158,0.7472,aa4719c1-f9e6-43f3-801f-c47d1b6cc05f,e2b5d1af-611f-418e-93d3-019b7b7ef4af,123,lembang,cikatomas pakidulan joszzz,,,ffa3dbf4-959a-424a-bec7-45b96eecb1ab,ch01_00000000121000000.mp4,
114,4220,motorcycle,1motor,1motor,Motorcycle,1,Motorcycle / 3-wheel vehicle,1motor,2,Line 2,opposite,412.77,8256,0.6873,aa4719c1-f9e6-43f3-801f-c47d1b6cc05f,e2b5d1af-611f-418e-93d3-019b7b7ef4af,123,lembang,cikatomas pakidulan joszzz,,,ffa3dbf4-959a-424a-bec7-45b96eecb1ab,ch01_00000000121000000.mp4,
115,4228,motorcycle,1motor,1motor,Motorcycle,1,Motorcycle / 3-wheel vehicle,1motor,1,Line 1,opposite,413.9699,8280,0.4395,aa4719c1-f9e6-43f3-801f-c47d1b6cc05f,e2b5d1af-611f-418e-93d3-019b7b7ef4af,123,lembang,cikatomas pakidulan joszzz,,,ffa3dbf4-959a-424a-bec7-45b96eecb1ab,ch01_00000000121000000.mp4,
116,4228,motorcycle,1motor,1motor,Motorcycle,1,Motorcycle / 3-wheel vehicle,1motor,2,Line 2,opposite,415.6198,8313,0.8509,aa4719c1-f9e6-43f3-801f-c47d1b6cc05f,e2b5d1af-611f-418e-93d3-019b7b7ef4af,123,lembang,cikatomas pakidulan joszzz,,,ffa3dbf4-959a-424a-bec7-45b96eecb1ab,ch01_00000000121000000.mp4,
117,4296,motorcycle,1motor,1motor,Motorcycle,1,Motorcycle / 3-wheel vehicle,1motor,1,Line 1,opposite,417.8197,8357,0.8916,aa4719c1-f9e6-43f3-801f-c47d1b6cc05f,e2b5d1af-611f-418e-93d3-019b7b7ef4af,123,lembang,cikatomas pakidulan joszzz,,,ffa3dbf4-959a-424a-bec7-45b96eecb1ab,ch01_00000000121000000.mp4,
118,4295,motorcycle,1motor,1motor,Motorcycle,1,Motorcycle / 3-wheel vehicle,1motor,2,Line 2,opposite,418.4196,8369,0.8677,aa4719c1-f9e6-43f3-801f-c47d1b6cc05f,e2b5d1af-611f-418e-93d3-019b7b7ef4af,123,lembang,cikatomas pakidulan joszzz,,,ffa3dbf4-959a-424a-bec7-45b96eecb1ab,ch01_00000000121000000.mp4,
119,4296,motorcycle,1motor,1motor,Motorcycle,1,Motorcycle / 3-wheel vehicle,1motor,2,Line 2,opposite,418.4696,8370,0.8384,aa4719c1-f9e6-43f3-801f-c47d1b6cc05f,e2b5d1af-611f-418e-93d3-019b7b7ef4af,123,lembang,cikatomas pakidulan joszzz,,,ffa3dbf4-959a-424a-bec7-45b96eecb1ab,ch01_00000000121000000.mp4,
120,4319,motorcycle,1motor,1motor,Motorcycle,1,Motorcycle / 3-wheel vehicle,1motor,2,Line 2,normal,419.2696,8386,0.6006,aa4719c1-f9e6-43f3-801f-c47d1b6cc05f,e2b5d1af-611f-418e-93d3-019b7b7ef4af,123,lembang,cikatomas pakidulan joszzz,,,ffa3dbf4-959a-424a-bec7-45b96eecb1ab,ch01_00000000121000000.mp4,
121,4319,motorcycle,1motor,1motor,Motorcycle,1,Motorcycle / 3-wheel vehicle,1motor,1,Line 1,normal,421.6194,8433,0.5002,aa4719c1-f9e6-43f3-801f-c47d1b6cc05f,e2b5d1af-611f-418e-93d3-019b7b7ef4af,123,lembang,cikatomas pakidulan joszzz,,,ffa3dbf4-959a-424a-bec7-45b96eecb1ab,ch01_00000000121000000.mp4,
122,4393,motorcycle,1motor,1motor,Motorcycle,1,Motorcycle / 3-wheel vehicle,1motor,1,Line 1,opposite,422.0694,8442,0.8143,aa4719c1-f9e6-43f3-801f-c47d1b6cc05f,e2b5d1af-611f-418e-93d3-019b7b7ef4af,123,lembang,cikatomas pakidulan joszzz,,,ffa3dbf4-959a-424a-bec7-45b96eecb1ab,ch01_00000000121000000.mp4,
123,4393,motorcycle,1motor,1motor,Motorcycle,1,Motorcycle / 3-wheel vehicle,1motor,2,Line 2,opposite,422.6193,8453,0.8811,aa4719c1-f9e6-43f3-801f-c47d1b6cc05f,e2b5d1af-611f-418e-93d3-019b7b7ef4af,123,lembang,cikatomas pakidulan joszzz,,,ffa3dbf4-959a-424a-bec7-45b96eecb1ab,ch01_00000000121000000.mp4,
124,4460,motorcycle,1motor,1motor,Motorcycle,1,Motorcycle / 3-wheel vehicle,1motor,1,Line 1,opposite,430.2688,8606,0.8299,aa4719c1-f9e6-43f3-801f-c47d1b6cc05f,e2b5d1af-611f-418e-93d3-019b7b7ef4af,123,lembang,cikatomas pakidulan joszzz,,,ffa3dbf4-959a-424a-bec7-45b96eecb1ab,ch01_00000000121000000.mp4,
125,4468,truck,4pickupmicro,4PickupMicro,Pickup / Micro Truck,4,Pickup / micro truck / delivery,4PickupMicro,1,Line 1,opposite,430.9187,8619,0.9179,aa4719c1-f9e6-43f3-801f-c47d1b6cc05f,e2b5d1af-611f-418e-93d3-019b7b7ef4af,123,lembang,cikatomas pakidulan joszzz,,,ffa3dbf4-959a-424a-bec7-45b96eecb1ab,ch01_00000000121000000.mp4,
126,4460,motorcycle,1motor,1motor,Motorcycle,1,Motorcycle / 3-wheel vehicle,1motor,2,Line 2,opposite,431.1187,8623,0.7825,aa4719c1-f9e6-43f3-801f-c47d1b6cc05f,e2b5d1af-611f-418e-93d3-019b7b7ef4af,123,lembang,cikatomas pakidulan joszzz,,,ffa3dbf4-959a-424a-bec7-45b96eecb1ab,ch01_00000000121000000.mp4,
127,4468,truck,4pickupmicro,4PickupMicro,Pickup / Micro Truck,4,Pickup / micro truck / delivery,4PickupMicro,2,Line 2,opposite,431.5187,8631,0.9022,aa4719c1-f9e6-43f3-801f-c47d1b6cc05f,e2b5d1af-611f-418e-93d3-019b7b7ef4af,123,lembang,cikatomas pakidulan joszzz,,,ffa3dbf4-959a-424a-bec7-45b96eecb1ab,ch01_00000000121000000.mp4,
128,4473,truck,6tr_2sumbu,6TR_2sumbu,2-Axle Truck (Jumbo),6,2-Axle Truck,6TR_2sumbu,1,Line 1,opposite,432.2686,8646,0.9175,aa4719c1-f9e6-43f3-801f-c47d1b6cc05f,e2b5d1af-611f-418e-93d3-019b7b7ef4af,123,lembang,cikatomas pakidulan joszzz,,,ffa3dbf4-959a-424a-bec7-45b96eecb1ab,ch01_00000000121000000.mp4,
129,4473,truck,6tr_2sumbu,6TR_2sumbu,2-Axle Truck (Jumbo),6,2-Axle Truck,6TR_2sumbu,2,Line 2,opposite,432.8686,8658,0.9074,aa4719c1-f9e6-43f3-801f-c47d1b6cc05f,e2b5d1af-611f-418e-93d3-019b7b7ef4af,123,lembang,cikatomas pakidulan joszzz,,,ffa3dbf4-959a-424a-bec7-45b96eecb1ab,ch01_00000000121000000.mp4,
130,4490,motorcycle,1motor,1motor,Motorcycle,1,Motorcycle / 3-wheel vehicle,1motor,2,Line 2,normal,434.0185,8681,0.6287,aa4719c1-f9e6-43f3-801f-c47d1b6cc05f,e2b5d1af-611f-418e-93d3-019b7b7ef4af,123,lembang,cikatomas pakidulan joszzz,,,ffa3dbf4-959a-424a-bec7-45b96eecb1ab,ch01_00000000121000000.mp4,
131,4536,car,2mobil,2mobil,Car / Sedan,2,Sedan / jeep / station wagon,2mobil,1,Line 1,opposite,437.3183,8747,0.9328,aa4719c1-f9e6-43f3-801f-c47d1b6cc05f,e2b5d1af-611f-418e-93d3-019b7b7ef4af,123,lembang,cikatomas pakidulan joszzz,,,ffa3dbf4-959a-424a-bec7-45b96eecb1ab,ch01_00000000121000000.mp4,
132,4536,car,2mobil,2mobil,Car / Sedan,2,Sedan / jeep / station wagon,2mobil,2,Line 2,opposite,438.0182,8761,0.9133,aa4719c1-f9e6-43f3-801f-c47d1b6cc05f,e2b5d1af-611f-418e-93d3-019b7b7ef4af,123,lembang,cikatomas pakidulan joszzz,,,ffa3dbf4-959a-424a-bec7-45b96eecb1ab,ch01_00000000121000000.mp4,
133,4549,motorcycle,1motor,1motor,Motorcycle,1,Motorcycle / 3-wheel vehicle,1motor,2,Line 2,opposite,438.1682,8764,0.8345,aa4719c1-f9e6-43f3-801f-c47d1b6cc05f,e2b5d1af-611f-418e-93d3-019b7b7ef4af,123,lembang,cikatomas pakidulan joszzz,,,ffa3dbf4-959a-424a-bec7-45b96eecb1ab,ch01_00000000121000000.mp4,
134,4546,motorcycle,1motor,1motor,Motorcycle,1,Motorcycle / 3-wheel vehicle,1motor,1,Line 1,opposite,438.3682,8768,0.8819,aa4719c1-f9e6-43f3-801f-c47d1b6cc05f,e2b5d1af-611f-418e-93d3-019b7b7ef4af,123,lembang,cikatomas pakidulan joszzz,,,ffa3dbf4-959a-424a-bec7-45b96eecb1ab,ch01_00000000121000000.mp4,
135,4546,motorcycle,1motor,1motor,Motorcycle,1,Motorcycle / 3-wheel vehicle,1motor,2,Line 2,opposite,438.8681,8778,0.8415,aa4719c1-f9e6-43f3-801f-c47d1b6cc05f,e2b5d1af-611f-418e-93d3-019b7b7ef4af,123,lembang,cikatomas pakidulan joszzz,,,ffa3dbf4-959a-424a-bec7-45b96eecb1ab,ch01_00000000121000000.mp4,
136,4685,motorcycle,1motor,1motor,Motorcycle,1,Motorcycle / 3-wheel vehicle,1motor,1,Line 1,opposite,457.3168,9147,0.8435,aa4719c1-f9e6-43f3-801f-c47d1b6cc05f,e2b5d1af-611f-418e-93d3-019b7b7ef4af,123,lembang,cikatomas pakidulan joszzz,,,ffa3dbf4-959a-424a-bec7-45b96eecb1ab,ch01_00000000121000000.mp4,
137,4679,motorcycle,1motor,1motor,Motorcycle,1,Motorcycle / 3-wheel vehicle,1motor,2,Line 2,opposite,457.4168,9149,0.7532,aa4719c1-f9e6-43f3-801f-c47d1b6cc05f,e2b5d1af-611f-418e-93d3-019b7b7ef4af,123,lembang,cikatomas pakidulan joszzz,,,ffa3dbf4-959a-424a-bec7-45b96eecb1ab,ch01_00000000121000000.mp4,
138,4685,motorcycle,1motor,1motor,Motorcycle,1,Motorcycle / 3-wheel vehicle,1motor,2,Line 2,opposite,457.7668,9156,0.8479,aa4719c1-f9e6-43f3-801f-c47d1b6cc05f,e2b5d1af-611f-418e-93d3-019b7b7ef4af,123,lembang,cikatomas pakidulan joszzz,,,ffa3dbf4-959a-424a-bec7-45b96eecb1ab,ch01_00000000121000000.mp4,
139,4696,car,3ang_umum,3ang_umum,Public Transportation (Angkot),3,Medium passenger vehicle,3Ang_umum,1,Line 1,opposite,458.2667,9166,0.9132,aa4719c1-f9e6-43f3-801f-c47d1b6cc05f,e2b5d1af-611f-418e-93d3-019b7b7ef4af,123,lembang,cikatomas pakidulan joszzz,,,ffa3dbf4-959a-424a-bec7-45b96eecb1ab,ch01_00000000121000000.mp4,
140,4709,car,2mobil,2mobil,Car / Sedan,2,Sedan / jeep / station wagon,2mobil,2,Line 2,opposite,459.1167,9183,0.9178,aa4719c1-f9e6-43f3-801f-c47d1b6cc05f,e2b5d1af-611f-418e-93d3-019b7b7ef4af,123,lembang,cikatomas pakidulan joszzz,,,ffa3dbf4-959a-424a-bec7-45b96eecb1ab,ch01_00000000121000000.mp4,
141,4923,motorcycle,1motor,1motor,Motorcycle,1,Motorcycle / 3-wheel vehicle,1motor,2,Line 2,normal,471.8657,9438,0.768,aa4719c1-f9e6-43f3-801f-c47d1b6cc05f,e2b5d1af-611f-418e-93d3-019b7b7ef4af,123,lembang,cikatomas pakidulan joszzz,,,ffa3dbf4-959a-424a-bec7-45b96eecb1ab,ch01_00000000121000000.mp4,
142,4933,motorcycle,1motor,1motor,Motorcycle,1,Motorcycle / 3-wheel vehicle,1motor,2,Line 2,normal,472.6157,9453,0.661,aa4719c1-f9e6-43f3-801f-c47d1b6cc05f,e2b5d1af-611f-418e-93d3-019b7b7ef4af,123,lembang,cikatomas pakidulan joszzz,,,ffa3dbf4-959a-424a-bec7-45b96eecb1ab,ch01_00000000121000000.mp4,
143,4991,motorcycle,1motor,1motor,Motorcycle,1,Motorcycle / 3-wheel vehicle,1motor,1,Line 1,opposite,474.6155,9493,0.8714,aa4719c1-f9e6-43f3-801f-c47d1b6cc05f,e2b5d1af-611f-418e-93d3-019b7b7ef4af,123,lembang,cikatomas pakidulan joszzz,,,ffa3dbf4-959a-424a-bec7-45b96eecb1ab,ch01_00000000121000000.mp4,
144,4991,motorcycle,1motor,1motor,Motorcycle,1,Motorcycle / 3-wheel vehicle,1motor,2,Line 2,opposite,475.1655,9504,0.8763,aa4719c1-f9e6-43f3-801f-c47d1b6cc05f,e2b5d1af-611f-418e-93d3-019b7b7ef4af,123,lembang,cikatomas pakidulan joszzz,,,ffa3dbf4-959a-424a-bec7-45b96eecb1ab,ch01_00000000121000000.mp4,
145,5039,motorcycle,1motor,1motor,Motorcycle,1,Motorcycle / 3-wheel vehicle,1motor,1,Line 1,opposite,479.0152,9581,0.8839,aa4719c1-f9e6-43f3-801f-c47d1b6cc05f,e2b5d1af-611f-418e-93d3-019b7b7ef4af,123,lembang,cikatomas pakidulan joszzz,,,ffa3dbf4-959a-424a-bec7-45b96eecb1ab,ch01_00000000121000000.mp4,
146,5039,motorcycle,1motor,1motor,Motorcycle,1,Motorcycle / 3-wheel vehicle,1motor,2,Line 2,opposite,479.6152,9593,0.8379,aa4719c1-f9e6-43f3-801f-c47d1b6cc05f,e2b5d1af-611f-418e-93d3-019b7b7ef4af,123,lembang,cikatomas pakidulan joszzz,,,ffa3dbf4-959a-424a-bec7-45b96eecb1ab,ch01_00000000121000000.mp4,
147,5062,motorcycle,1motor,1motor,Motorcycle,1,Motorcycle / 3-wheel vehicle,1motor,1,Line 1,opposite,480.2151,9605,0.8853,aa4719c1-f9e6-43f3-801f-c47d1b6cc05f,e2b5d1af-611f-418e-93d3-019b7b7ef4af,123,lembang,cikatomas pakidulan joszzz,,,ffa3dbf4-959a-424a-bec7-45b96eecb1ab,ch01_00000000121000000.mp4,
148,5062,motorcycle,1motor,1motor,Motorcycle,1,Motorcycle / 3-wheel vehicle,1motor,2,Line 2,opposite,481.0651,9622,0.8638,aa4719c1-f9e6-43f3-801f-c47d1b6cc05f,e2b5d1af-611f-418e-93d3-019b7b7ef4af,123,lembang,cikatomas pakidulan joszzz,,,ffa3dbf4-959a-424a-bec7-45b96eecb1ab,ch01_00000000121000000.mp4,
149,5095,motorcycle,1motor,1motor,Motorcycle,1,Motorcycle / 3-wheel vehicle,1motor,1,Line 1,opposite,483.6149,9673,0.8637,aa4719c1-f9e6-43f3-801f-c47d1b6cc05f,e2b5d1af-611f-418e-93d3-019b7b7ef4af,123,lembang,cikatomas pakidulan joszzz,,,ffa3dbf4-959a-424a-bec7-45b96eecb1ab,ch01_00000000121000000.mp4,
150,5095,motorcycle,1motor,1motor,Motorcycle,1,Motorcycle / 3-wheel vehicle,1motor,2,Line 2,opposite,484.3148,9687,0.6014,aa4719c1-f9e6-43f3-801f-c47d1b6cc05f,e2b5d1af-611f-418e-93d3-019b7b7ef4af,123,lembang,cikatomas pakidulan joszzz,,,ffa3dbf4-959a-424a-bec7-45b96eecb1ab,ch01_00000000121000000.mp4,
151,5131,motorcycle,1motor,1motor,Motorcycle,1,Motorcycle / 3-wheel vehicle,1motor,1,Line 1,opposite,484.5648,9692,0.8931,aa4719c1-f9e6-43f3-801f-c47d1b6cc05f,e2b5d1af-611f-418e-93d3-019b7b7ef4af,123,lembang,cikatomas pakidulan joszzz,,,ffa3dbf4-959a-424a-bec7-45b96eecb1ab,ch01_00000000121000000.mp4,
152,5131,motorcycle,1motor,1motor,Motorcycle,1,Motorcycle / 3-wheel vehicle,1motor,2,Line 2,opposite,485.1148,9703,0.884,aa4719c1-f9e6-43f3-801f-c47d1b6cc05f,e2b5d1af-611f-418e-93d3-019b7b7ef4af,123,lembang,cikatomas pakidulan joszzz,,,ffa3dbf4-959a-424a-bec7-45b96eecb1ab,ch01_00000000121000000.mp4,
153,5251,motorcycle,1motor,1motor,Motorcycle,1,Motorcycle / 3-wheel vehicle,1motor,1,Line 1,opposite,495.514,9911,0.8973,aa4719c1-f9e6-43f3-801f-c47d1b6cc05f,e2b5d1af-611f-418e-93d3-019b7b7ef4af,123,lembang,cikatomas pakidulan joszzz,,,ffa3dbf4-959a-424a-bec7-45b96eecb1ab,ch01_00000000121000000.mp4,
154,5251,motorcycle,1motor,1motor,Motorcycle,1,Motorcycle / 3-wheel vehicle,1motor,2,Line 2,opposite,496.514,9931,0.8264,aa4719c1-f9e6-43f3-801f-c47d1b6cc05f,e2b5d1af-611f-418e-93d3-019b7b7ef4af,123,lembang,cikatomas pakidulan joszzz,,,ffa3dbf4-959a-424a-bec7-45b96eecb1ab,ch01_00000000121000000.mp4,
155,5423,motorcycle,1motor,1motor,Motorcycle,1,Motorcycle / 3-wheel vehicle,1motor,2,Line 2,normal,508.8131,10177,0.7575,aa4719c1-f9e6-43f3-801f-c47d1b6cc05f,e2b5d1af-611f-418e-93d3-019b7b7ef4af,123,lembang,cikatomas pakidulan joszzz,,,ffa3dbf4-959a-424a-bec7-45b96eecb1ab,ch01_00000000121000000.mp4,
156,5481,motorcycle,1motor,1motor,Motorcycle,1,Motorcycle / 3-wheel vehicle,1motor,2,Line 2,normal,509.713,10195,0.8496,aa4719c1-f9e6-43f3-801f-c47d1b6cc05f,e2b5d1af-611f-418e-93d3-019b7b7ef4af,123,lembang,cikatomas pakidulan joszzz,,,ffa3dbf4-959a-424a-bec7-45b96eecb1ab,ch01_00000000121000000.mp4,
157,5423,motorcycle,1motor,1motor,Motorcycle,1,Motorcycle / 3-wheel vehicle,1motor,1,Line 1,normal,510.263,10206,0.8486,aa4719c1-f9e6-43f3-801f-c47d1b6cc05f,e2b5d1af-611f-418e-93d3-019b7b7ef4af,123,lembang,cikatomas pakidulan joszzz,,,ffa3dbf4-959a-424a-bec7-45b96eecb1ab,ch01_00000000121000000.mp4,
158,5612,motorcycle,1motor,1motor,Motorcycle,1,Motorcycle / 3-wheel vehicle,1motor,1,Line 1,normal,518.9623,10380,0.8121,aa4719c1-f9e6-43f3-801f-c47d1b6cc05f,e2b5d1af-611f-418e-93d3-019b7b7ef4af,123,lembang,cikatomas pakidulan joszzz,,,ffa3dbf4-959a-424a-bec7-45b96eecb1ab,ch01_00000000121000000.mp4,
159,5696,car,2mobil,2mobil,Car / Sedan,2,Sedan / jeep / station wagon,2mobil,2,Line 2,normal,526.7618,10536,0.9045,aa4719c1-f9e6-43f3-801f-c47d1b6cc05f,e2b5d1af-611f-418e-93d3-019b7b7ef4af,123,lembang,cikatomas pakidulan joszzz,,,ffa3dbf4-959a-424a-bec7-45b96eecb1ab,ch01_00000000121000000.mp4,
160,5696,car,2mobil,2mobil,Car / Sedan,2,Sedan / jeep / station wagon,2mobil,1,Line 1,normal,527.3617,10548,0.6494,aa4719c1-f9e6-43f3-801f-c47d1b6cc05f,e2b5d1af-611f-418e-93d3-019b7b7ef4af,123,lembang,cikatomas pakidulan joszzz,,,ffa3dbf4-959a-424a-bec7-45b96eecb1ab,ch01_00000000121000000.mp4,
161,5700,car,2mobil,2mobil,Car / Sedan,2,Sedan / jeep / station wagon,2mobil,2,Line 2,normal,527.4617,10550,0.8765,aa4719c1-f9e6-43f3-801f-c47d1b6cc05f,e2b5d1af-611f-418e-93d3-019b7b7ef4af,123,lembang,cikatomas pakidulan joszzz,,,ffa3dbf4-959a-424a-bec7-45b96eecb1ab,ch01_00000000121000000.mp4,
162,5700,car,2mobil,2mobil,Car / Sedan,2,Sedan / jeep / station wagon,2mobil,1,Line 1,normal,528.0117,10561,0.8969,aa4719c1-f9e6-43f3-801f-c47d1b6cc05f,e2b5d1af-611f-418e-93d3-019b7b7ef4af,123,lembang,cikatomas pakidulan joszzz,,,ffa3dbf4-959a-424a-bec7-45b96eecb1ab,ch01_00000000121000000.mp4,
163,5775,motorcycle,1motor,1motor,Motorcycle,1,Motorcycle / 3-wheel vehicle,1motor,2,Line 2,normal,535.0112,10701,0.6369,aa4719c1-f9e6-43f3-801f-c47d1b6cc05f,e2b5d1af-611f-418e-93d3-019b7b7ef4af,123,lembang,cikatomas pakidulan joszzz,,,ffa3dbf4-959a-424a-bec7-45b96eecb1ab,ch01_00000000121000000.mp4,
164,5817,motorcycle,1motor,1motor,Motorcycle,1,Motorcycle / 3-wheel vehicle,1motor,2,Line 2,opposite,538.6109,10773,0.8705,aa4719c1-f9e6-43f3-801f-c47d1b6cc05f,e2b5d1af-611f-418e-93d3-019b7b7ef4af,123,lembang,cikatomas pakidulan joszzz,,,ffa3dbf4-959a-424a-bec7-45b96eecb1ab,ch01_00000000121000000.mp4,
165,5883,motorcycle,1motor,1motor,Motorcycle,1,Motorcycle / 3-wheel vehicle,1motor,2,Line 2,normal,544.4605,10890,0.7646,aa4719c1-f9e6-43f3-801f-c47d1b6cc05f,e2b5d1af-611f-418e-93d3-019b7b7ef4af,123,lembang,cikatomas pakidulan joszzz,,,ffa3dbf4-959a-424a-bec7-45b96eecb1ab,ch01_00000000121000000.mp4,
166,5905,motorcycle,1motor,1motor,Motorcycle,1,Motorcycle / 3-wheel vehicle,1motor,2,Line 2,normal,547.2603,10946,0.84,aa4719c1-f9e6-43f3-801f-c47d1b6cc05f,e2b5d1af-611f-418e-93d3-019b7b7ef4af,123,lembang,cikatomas pakidulan joszzz,,,ffa3dbf4-959a-424a-bec7-45b96eecb1ab,ch01_00000000121000000.mp4,
167,5905,motorcycle,1motor,1motor,Motorcycle,1,Motorcycle / 3-wheel vehicle,1motor,1,Line 1,normal,548.0602,10962,0.8732,aa4719c1-f9e6-43f3-801f-c47d1b6cc05f,e2b5d1af-611f-418e-93d3-019b7b7ef4af,123,lembang,cikatomas pakidulan joszzz,,,ffa3dbf4-959a-424a-bec7-45b96eecb1ab,ch01_00000000121000000.mp4,
168,5988,motorcycle,1motor,1motor,Motorcycle,1,Motorcycle / 3-wheel vehicle,1motor,2,Line 2,normal,558.8594,11178,0.7802,aa4719c1-f9e6-43f3-801f-c47d1b6cc05f,e2b5d1af-611f-418e-93d3-019b7b7ef4af,123,lembang,cikatomas pakidulan joszzz,,,ffa3dbf4-959a-424a-bec7-45b96eecb1ab,ch01_00000000121000000.mp4,
169,6004,motorcycle,1motor,1motor,Motorcycle,1,Motorcycle / 3-wheel vehicle,1motor,1,Line 1,normal,559.7594,11196,0.6147,aa4719c1-f9e6-43f3-801f-c47d1b6cc05f,e2b5d1af-611f-418e-93d3-019b7b7ef4af,123,lembang,cikatomas pakidulan joszzz,,,ffa3dbf4-959a-424a-bec7-45b96eecb1ab,ch01_00000000121000000.mp4,
170,6048,car,2mobil,2mobil,Car / Sedan,2,Sedan / jeep / station wagon,2mobil,2,Line 2,normal,564.359,11288,0.895,aa4719c1-f9e6-43f3-801f-c47d1b6cc05f,e2b5d1af-611f-418e-93d3-019b7b7ef4af,123,lembang,cikatomas pakidulan joszzz,,,ffa3dbf4-959a-424a-bec7-45b96eecb1ab,ch01_00000000121000000.mp4,
171,6048,car,2mobil,2mobil,Car / Sedan,2,Sedan / jeep / station wagon,2mobil,1,Line 1,normal,565.259,11306,0.9281,aa4719c1-f9e6-43f3-801f-c47d1b6cc05f,e2b5d1af-611f-418e-93d3-019b7b7ef4af,123,lembang,cikatomas pakidulan joszzz,,,ffa3dbf4-959a-424a-bec7-45b96eecb1ab,ch01_00000000121000000.mp4,
172,6142,motorcycle,1motor,1motor,Motorcycle,1,Motorcycle / 3-wheel vehicle,1motor,1,Line 1,opposite,574.3083,11487,0.7756,aa4719c1-f9e6-43f3-801f-c47d1b6cc05f,e2b5d1af-611f-418e-93d3-019b7b7ef4af,123,lembang,cikatomas pakidulan joszzz,,,ffa3dbf4-959a-424a-bec7-45b96eecb1ab,ch01_00000000121000000.mp4,
173,6142,motorcycle,1motor,1motor,Motorcycle,1,Motorcycle / 3-wheel vehicle,1motor,2,Line 2,opposite,574.8583,11498,0.8347,aa4719c1-f9e6-43f3-801f-c47d1b6cc05f,e2b5d1af-611f-418e-93d3-019b7b7ef4af,123,lembang,cikatomas pakidulan joszzz,,,ffa3dbf4-959a-424a-bec7-45b96eecb1ab,ch01_00000000121000000.mp4,
174,6183,motorcycle,1motor,1motor,Motorcycle,1,Motorcycle / 3-wheel vehicle,1motor,1,Line 1,opposite,580.9078,11619,0.88,aa4719c1-f9e6-43f3-801f-c47d1b6cc05f,e2b5d1af-611f-418e-93d3-019b7b7ef4af,123,lembang,cikatomas pakidulan joszzz,,,ffa3dbf4-959a-424a-bec7-45b96eecb1ab,ch01_00000000121000000.mp4,
175,6183,motorcycle,1motor,1motor,Motorcycle,1,Motorcycle / 3-wheel vehicle,1motor,2,Line 2,opposite,581.5078,11631,0.8039,aa4719c1-f9e6-43f3-801f-c47d1b6cc05f,e2b5d1af-611f-418e-93d3-019b7b7ef4af,123,lembang,cikatomas pakidulan joszzz,,,ffa3dbf4-959a-424a-bec7-45b96eecb1ab,ch01_00000000121000000.mp4,
176,6191,truck,6tr_2sumbu,6TR_2sumbu,2-Axle Truck (Jumbo),6,2-Axle Truck,6TR_2sumbu,2,Line 2,normal,583.5576,11672,0.6013,aa4719c1-f9e6-43f3-801f-c47d1b6cc05f,e2b5d1af-611f-418e-93d3-019b7b7ef4af,123,lembang,cikatomas pakidulan joszzz,,,ffa3dbf4-959a-424a-bec7-45b96eecb1ab,ch01_00000000121000000.mp4,
177,6210,motorcycle,1motor,1motor,Motorcycle,1,Motorcycle / 3-wheel vehicle,1motor,1,Line 1,opposite,583.8076,11677,0.8771,aa4719c1-f9e6-43f3-801f-c47d1b6cc05f,e2b5d1af-611f-418e-93d3-019b7b7ef4af,123,lembang,cikatomas pakidulan joszzz,,,ffa3dbf4-959a-424a-bec7-45b96eecb1ab,ch01_00000000121000000.mp4,
178,6191,truck,6tr_2sumbu,6TR_2sumbu,2-Axle Truck (Jumbo),6,2-Axle Truck,6TR_2sumbu,1,Line 1,normal,584.3576,11688,0.9237,aa4719c1-f9e6-43f3-801f-c47d1b6cc05f,e2b5d1af-611f-418e-93d3-019b7b7ef4af,123,lembang,cikatomas pakidulan joszzz,,,ffa3dbf4-959a-424a-bec7-45b96eecb1ab,ch01_00000000121000000.mp4,
179,6210,motorcycle,1motor,1motor,Motorcycle,1,Motorcycle / 3-wheel vehicle,1motor,2,Line 2,opposite,584.5076,11691,0.8531,aa4719c1-f9e6-43f3-801f-c47d1b6cc05f,e2b5d1af-611f-418e-93d3-019b7b7ef4af,123,lembang,cikatomas pakidulan joszzz,,,ffa3dbf4-959a-424a-bec7-45b96eecb1ab,ch01_00000000121000000.mp4,
180,6251,motorcycle,1motor,1motor,Motorcycle,1,Motorcycle / 3-wheel vehicle,1motor,1,Line 1,opposite,586.6574,11734,0.8561,aa4719c1-f9e6-43f3-801f-c47d1b6cc05f,e2b5d1af-611f-418e-93d3-019b7b7ef4af,123,lembang,cikatomas pakidulan joszzz,,,ffa3dbf4-959a-424a-bec7-45b96eecb1ab,ch01_00000000121000000.mp4,
181,6251,motorcycle,1motor,1motor,Motorcycle,1,Motorcycle / 3-wheel vehicle,1motor,2,Line 2,opposite,587.3074,11747,0.8459,aa4719c1-f9e6-43f3-801f-c47d1b6cc05f,e2b5d1af-611f-418e-93d3-019b7b7ef4af,123,lembang,cikatomas pakidulan joszzz,,,ffa3dbf4-959a-424a-bec7-45b96eecb1ab,ch01_00000000121000000.mp4,
182,6265,motorcycle,1motor,1motor,Motorcycle,1,Motorcycle / 3-wheel vehicle,1motor,2,Line 2,opposite,587.5573,11752,0.8235,aa4719c1-f9e6-43f3-801f-c47d1b6cc05f,e2b5d1af-611f-418e-93d3-019b7b7ef4af,123,lembang,cikatomas pakidulan joszzz,,,ffa3dbf4-959a-424a-bec7-45b96eecb1ab,ch01_00000000121000000.mp4,
183,6310,truck,4pickupmicro,4PickupMicro,Pickup / Micro Truck,4,Pickup / micro truck / delivery,4PickupMicro,1,Line 1,opposite,588.9572,11780,0.5071,aa4719c1-f9e6-43f3-801f-c47d1b6cc05f,e2b5d1af-611f-418e-93d3-019b7b7ef4af,123,lembang,cikatomas pakidulan joszzz,,,ffa3dbf4-959a-424a-bec7-45b96eecb1ab,ch01_00000000121000000.mp4,
184,6306,motorcycle,1motor,1motor,Motorcycle,1,Motorcycle / 3-wheel vehicle,1motor,1,Line 1,opposite,588.9572,11780,0.6528,aa4719c1-f9e6-43f3-801f-c47d1b6cc05f,e2b5d1af-611f-418e-93d3-019b7b7ef4af,123,lembang,cikatomas pakidulan joszzz,,,ffa3dbf4-959a-424a-bec7-45b96eecb1ab,ch01_00000000121000000.mp4,
185,6318,motorcycle,1motor,1motor,Motorcycle,1,Motorcycle / 3-wheel vehicle,1motor,1,Line 1,opposite,589.4072,11789,0.8404,aa4719c1-f9e6-43f3-801f-c47d1b6cc05f,e2b5d1af-611f-418e-93d3-019b7b7ef4af,123,lembang,cikatomas pakidulan joszzz,,,ffa3dbf4-959a-424a-bec7-45b96eecb1ab,ch01_00000000121000000.mp4,
186,6306,motorcycle,1motor,1motor,Motorcycle,1,Motorcycle / 3-wheel vehicle,1motor,2,Line 2,opposite,589.8572,11798,0.828,aa4719c1-f9e6-43f3-801f-c47d1b6cc05f,e2b5d1af-611f-418e-93d3-019b7b7ef4af,123,lembang,cikatomas pakidulan joszzz,,,ffa3dbf4-959a-424a-bec7-45b96eecb1ab,ch01_00000000121000000.mp4,
187,6310,motorcycle,1motor,1motor,Motorcycle,1,Motorcycle / 3-wheel vehicle,1motor,2,Line 2,opposite,589.9072,11799,0.8365,aa4719c1-f9e6-43f3-801f-c47d1b6cc05f,e2b5d1af-611f-418e-93d3-019b7b7ef4af,123,lembang,cikatomas pakidulan joszzz,,,ffa3dbf4-959a-424a-bec7-45b96eecb1ab,ch01_00000000121000000.mp4,
188,6318,motorcycle,1motor,1motor,Motorcycle,1,Motorcycle / 3-wheel vehicle,1motor,2,Line 2,opposite,590.0572,11802,0.8527,aa4719c1-f9e6-43f3-801f-c47d1b6cc05f,e2b5d1af-611f-418e-93d3-019b7b7ef4af,123,lembang,cikatomas pakidulan joszzz,,,ffa3dbf4-959a-424a-bec7-45b96eecb1ab,ch01_00000000121000000.mp4,
189,6348,car,2mobil,2mobil,Car / Sedan,2,Sedan / jeep / station wagon,2mobil,1,Line 1,opposite,592.207,11845,0.9285,aa4719c1-f9e6-43f3-801f-c47d1b6cc05f,e2b5d1af-611f-418e-93d3-019b7b7ef4af,123,lembang,cikatomas pakidulan joszzz,,,ffa3dbf4-959a-424a-bec7-45b96eecb1ab,ch01_00000000121000000.mp4,
190,6360,car,2mobil,2mobil,Car / Sedan,2,Sedan / jeep / station wagon,2mobil,2,Line 2,opposite,592.907,11859,0.8999,aa4719c1-f9e6-43f3-801f-c47d1b6cc05f,e2b5d1af-611f-418e-93d3-019b7b7ef4af,123,lembang,cikatomas pakidulan joszzz,,,ffa3dbf4-959a-424a-bec7-45b96eecb1ab,ch01_00000000121000000.mp4,
191,6385,car,2mobil,2mobil,Car / Sedan,2,Sedan / jeep / station wagon,2mobil,1,Line 1,opposite,595.6568,11914,0.8681,aa4719c1-f9e6-43f3-801f-c47d1b6cc05f,e2b5d1af-611f-418e-93d3-019b7b7ef4af,123,lembang,cikatomas pakidulan joszzz,,,ffa3dbf4-959a-424a-bec7-45b96eecb1ab,ch01_00000000121000000.mp4,
192,6385,car,2mobil,2mobil,Car / Sedan,2,Sedan / jeep / station wagon,2mobil,2,Line 2,opposite,596.3567,11928,0.9165,aa4719c1-f9e6-43f3-801f-c47d1b6cc05f,e2b5d1af-611f-418e-93d3-019b7b7ef4af,123,lembang,cikatomas pakidulan joszzz,,,ffa3dbf4-959a-424a-bec7-45b96eecb1ab,ch01_00000000121000000.mp4,
193,6427,motorcycle,1motor,1motor,Motorcycle,1,Motorcycle / 3-wheel vehicle,1motor,1,Line 1,opposite,599.6565,11994,0.8807,aa4719c1-f9e6-43f3-801f-c47d1b6cc05f,e2b5d1af-611f-418e-93d3-019b7b7ef4af,123,lembang,cikatomas pakidulan joszzz,,,ffa3dbf4-959a-424a-bec7-45b96eecb1ab,ch01_00000000121000000.mp4,
194,6427,motorcycle,1motor,1motor,Motorcycle,1,Motorcycle / 3-wheel vehicle,1motor,2,Line 2,opposite,600.2564,12006,0.8258,aa4719c1-f9e6-43f3-801f-c47d1b6cc05f,e2b5d1af-611f-418e-93d3-019b7b7ef4af,123,lembang,cikatomas pakidulan joszzz,,,ffa3dbf4-959a-424a-bec7-45b96eecb1ab,ch01_00000000121000000.mp4,
195,6630,car,2mobil,2mobil,Car / Sedan,2,Sedan / jeep / station wagon,2mobil,1,Line 1,opposite,624.5047,12491,0.9015,aa4719c1-f9e6-43f3-801f-c47d1b6cc05f,e2b5d1af-611f-418e-93d3-019b7b7ef4af,123,lembang,cikatomas pakidulan joszzz,,,ffa3dbf4-959a-424a-bec7-45b96eecb1ab,ch01_00000000121000000.mp4,
196,6630,car,2mobil,2mobil,Car / Sedan,2,Sedan / jeep / station wagon,2mobil,2,Line 2,opposite,625.0546,12502,0.9191,aa4719c1-f9e6-43f3-801f-c47d1b6cc05f,e2b5d1af-611f-418e-93d3-019b7b7ef4af,123,lembang,cikatomas pakidulan joszzz,,,ffa3dbf4-959a-424a-bec7-45b96eecb1ab,ch01_00000000121000000.mp4,
197,6652,truck,4pickupmicro,4PickupMicro,Pickup / Micro Truck,4,Pickup / micro truck / delivery,4PickupMicro,1,Line 1,opposite,626.8045,12537,0.9005,aa4719c1-f9e6-43f3-801f-c47d1b6cc05f,e2b5d1af-611f-418e-93d3-019b7b7ef4af,123,lembang,cikatomas pakidulan joszzz,,,ffa3dbf4-959a-424a-bec7-45b96eecb1ab,ch01_00000000121000000.mp4,
198,6652,car,2mobil,2mobil,Car / Sedan,2,Sedan / jeep / station wagon,2mobil,2,Line 2,opposite,627.3545,12548,0.9194,aa4719c1-f9e6-43f3-801f-c47d1b6cc05f,e2b5d1af-611f-418e-93d3-019b7b7ef4af,123,lembang,cikatomas pakidulan joszzz,,,ffa3dbf4-959a-424a-bec7-45b96eecb1ab,ch01_00000000121000000.mp4,
199,6712,motorcycle,1motor,1motor,Motorcycle,1,Motorcycle / 3-wheel vehicle,1motor,2,Line 2,opposite,631.8541,12638,0.8449,aa4719c1-f9e6-43f3-801f-c47d1b6cc05f,e2b5d1af-611f-418e-93d3-019b7b7ef4af,123,lembang,cikatomas pakidulan joszzz,,,ffa3dbf4-959a-424a-bec7-45b96eecb1ab,ch01_00000000121000000.mp4,
200,6778,car,2mobil,2mobil,Car / Sedan,2,Sedan / jeep / station wagon,2mobil,1,Line 1,opposite,642.0034,12841,0.896,aa4719c1-f9e6-43f3-801f-c47d1b6cc05f,e2b5d1af-611f-418e-93d3-019b7b7ef4af,123,lembang,cikatomas pakidulan joszzz,,,ffa3dbf4-959a-424a-bec7-45b96eecb1ab,ch01_00000000121000000.mp4,
201,6778,car,2mobil,2mobil,Car / Sedan,2,Sedan / jeep / station wagon,2mobil,2,Line 2,opposite,642.4534,12850,0.9094,aa4719c1-f9e6-43f3-801f-c47d1b6cc05f,e2b5d1af-611f-418e-93d3-019b7b7ef4af,123,lembang,cikatomas pakidulan joszzz,,,ffa3dbf4-959a-424a-bec7-45b96eecb1ab,ch01_00000000121000000.mp4,
202,6804,car,2mobil,2mobil,Car / Sedan,2,Sedan / jeep / station wagon,2mobil,2,Line 2,normal,646.3031,12927,0.9133,aa4719c1-f9e6-43f3-801f-c47d1b6cc05f,e2b5d1af-611f-418e-93d3-019b7b7ef4af,123,lembang,cikatomas pakidulan joszzz,,,ffa3dbf4-959a-424a-bec7-45b96eecb1ab,ch01_00000000121000000.mp4,
203,6804,car,2mobil,2mobil,Car / Sedan,2,Sedan / jeep / station wagon,2mobil,1,Line 1,normal,647.003,12941,0.8846,aa4719c1-f9e6-43f3-801f-c47d1b6cc05f,e2b5d1af-611f-418e-93d3-019b7b7ef4af,123,lembang,cikatomas pakidulan joszzz,,,ffa3dbf4-959a-424a-bec7-45b96eecb1ab,ch01_00000000121000000.mp4,
204,6899,motorcycle,1motor,1motor,Motorcycle,1,Motorcycle / 3-wheel vehicle,1motor,1,Line 1,opposite,654.4525,13090,0.8368,aa4719c1-f9e6-43f3-801f-c47d1b6cc05f,e2b5d1af-611f-418e-93d3-019b7b7ef4af,123,lembang,cikatomas pakidulan joszzz,,,ffa3dbf4-959a-424a-bec7-45b96eecb1ab,ch01_00000000121000000.mp4,
205,6903,car,2mobil,2mobil,Car / Sedan,2,Sedan / jeep / station wagon,2mobil,1,Line 1,normal,654.6025,13093,0.9251,aa4719c1-f9e6-43f3-801f-c47d1b6cc05f,e2b5d1af-611f-418e-93d3-019b7b7ef4af,123,lembang,cikatomas pakidulan joszzz,,,ffa3dbf4-959a-424a-bec7-45b96eecb1ab,ch01_00000000121000000.mp4,
206,6908,motorcycle,1motor,1motor,Motorcycle,1,Motorcycle / 3-wheel vehicle,1motor,2,Line 2,opposite,655.6524,13114,0.8296,aa4719c1-f9e6-43f3-801f-c47d1b6cc05f,e2b5d1af-611f-418e-93d3-019b7b7ef4af,123,lembang,cikatomas pakidulan joszzz,,,ffa3dbf4-959a-424a-bec7-45b96eecb1ab,ch01_00000000121000000.mp4,
207,6911,motorcycle,1motor,1motor,Motorcycle,1,Motorcycle / 3-wheel vehicle,1motor,2,Line 2,opposite,655.7524,13116,0.8369,aa4719c1-f9e6-43f3-801f-c47d1b6cc05f,e2b5d1af-611f-418e-93d3-019b7b7ef4af,123,lembang,cikatomas pakidulan joszzz,,,ffa3dbf4-959a-424a-bec7-45b96eecb1ab,ch01_00000000121000000.mp4,
208,6983,motorcycle,1motor,1motor,Motorcycle,1,Motorcycle / 3-wheel vehicle,1motor,2,Line 2,opposite,662.6519,13254,0.8512,aa4719c1-f9e6-43f3-801f-c47d1b6cc05f,e2b5d1af-611f-418e-93d3-019b7b7ef4af,123,lembang,cikatomas pakidulan joszzz,,,ffa3dbf4-959a-424a-bec7-45b96eecb1ab,ch01_00000000121000000.mp4,
209,7225,motorcycle,1motor,1motor,Motorcycle,1,Motorcycle / 3-wheel vehicle,1motor,1,Line 1,opposite,682.0005,13641,0.887,aa4719c1-f9e6-43f3-801f-c47d1b6cc05f,e2b5d1af-611f-418e-93d3-019b7b7ef4af,123,lembang,cikatomas pakidulan joszzz,,,ffa3dbf4-959a-424a-bec7-45b96eecb1ab,ch01_00000000121000000.mp4,
210,7225,motorcycle,1motor,1motor,Motorcycle,1,Motorcycle / 3-wheel vehicle,1motor,2,Line 2,opposite,682.8004,13657,0.8501,aa4719c1-f9e6-43f3-801f-c47d1b6cc05f,e2b5d1af-611f-418e-93d3-019b7b7ef4af,123,lembang,cikatomas pakidulan joszzz,,,ffa3dbf4-959a-424a-bec7-45b96eecb1ab,ch01_00000000121000000.mp4,
211,7543,motorcycle,1motor,1motor,Motorcycle,1,Motorcycle / 3-wheel vehicle,1motor,1,Line 1,opposite,712.2483,14246,0.874,aa4719c1-f9e6-43f3-801f-c47d1b6cc05f,e2b5d1af-611f-418e-93d3-019b7b7ef4af,123,lembang,cikatomas pakidulan joszzz,,,ffa3dbf4-959a-424a-bec7-45b96eecb1ab,ch01_00000000121000000.mp4,
212,7543,motorcycle,1motor,1motor,Motorcycle,1,Motorcycle / 3-wheel vehicle,1motor,2,Line 2,opposite,712.6983,14255,0.8589,aa4719c1-f9e6-43f3-801f-c47d1b6cc05f,e2b5d1af-611f-418e-93d3-019b7b7ef4af,123,lembang,cikatomas pakidulan joszzz,,,ffa3dbf4-959a-424a-bec7-45b96eecb1ab,ch01_00000000121000000.mp4,
213,7581,truck,4pickupmicro,4PickupMicro,Pickup / Micro Truck,4,Pickup / micro truck / delivery,4PickupMicro,1,Line 1,opposite,714.4981,14291,0.9206,aa4719c1-f9e6-43f3-801f-c47d1b6cc05f,e2b5d1af-611f-418e-93d3-019b7b7ef4af,123,lembang,cikatomas pakidulan joszzz,,,ffa3dbf4-959a-424a-bec7-45b96eecb1ab,ch01_00000000121000000.mp4,
214,7581,truck,4pickupmicro,4PickupMicro,Pickup / Micro Truck,4,Pickup / micro truck / delivery,4PickupMicro,2,Line 2,opposite,715.0981,14303,0.9186,aa4719c1-f9e6-43f3-801f-c47d1b6cc05f,e2b5d1af-611f-418e-93d3-019b7b7ef4af,123,lembang,cikatomas pakidulan joszzz,,,ffa3dbf4-959a-424a-bec7-45b96eecb1ab,ch01_00000000121000000.mp4,
215,7764,motorcycle,1motor,1motor,Motorcycle,1,Motorcycle / 3-wheel vehicle,1motor,1,Line 1,opposite,731.3469,14628,0.8952,aa4719c1-f9e6-43f3-801f-c47d1b6cc05f,e2b5d1af-611f-418e-93d3-019b7b7ef4af,123,lembang,cikatomas pakidulan joszzz,,,ffa3dbf4-959a-424a-bec7-45b96eecb1ab,ch01_00000000121000000.mp4,
216,7764,motorcycle,1motor,1motor,Motorcycle,1,Motorcycle / 3-wheel vehicle,1motor,2,Line 2,opposite,732.1469,14644,0.8437,aa4719c1-f9e6-43f3-801f-c47d1b6cc05f,e2b5d1af-611f-418e-93d3-019b7b7ef4af,123,lembang,cikatomas pakidulan joszzz,,,ffa3dbf4-959a-424a-bec7-45b96eecb1ab,ch01_00000000121000000.mp4,
217,7800,truck,4pickupmicro,4PickupMicro,Pickup / Micro Truck,4,Pickup / micro truck / delivery,4PickupMicro,1,Line 1,opposite,734.7967,14697,0.911,aa4719c1-f9e6-43f3-801f-c47d1b6cc05f,e2b5d1af-611f-418e-93d3-019b7b7ef4af,123,lembang,cikatomas pakidulan joszzz,,,ffa3dbf4-959a-424a-bec7-45b96eecb1ab,ch01_00000000121000000.mp4,
218,7800,truck,4pickupmicro,4PickupMicro,Pickup / Micro Truck,4,Pickup / micro truck / delivery,4PickupMicro,2,Line 2,opposite,735.1966,14705,0.9144,aa4719c1-f9e6-43f3-801f-c47d1b6cc05f,e2b5d1af-611f-418e-93d3-019b7b7ef4af,123,lembang,cikatomas pakidulan joszzz,,,ffa3dbf4-959a-424a-bec7-45b96eecb1ab,ch01_00000000121000000.mp4,
219,7820,motorcycle,1motor,1motor,Motorcycle,1,Motorcycle / 3-wheel vehicle,1motor,1,Line 1,opposite,736.5965,14733,0.8788,aa4719c1-f9e6-43f3-801f-c47d1b6cc05f,e2b5d1af-611f-418e-93d3-019b7b7ef4af,123,lembang,cikatomas pakidulan joszzz,,,ffa3dbf4-959a-424a-bec7-45b96eecb1ab,ch01_00000000121000000.mp4,
220,7820,motorcycle,1motor,1motor,Motorcycle,1,Motorcycle / 3-wheel vehicle,1motor,2,Line 2,opposite,737.0965,14743,0.851,aa4719c1-f9e6-43f3-801f-c47d1b6cc05f,e2b5d1af-611f-418e-93d3-019b7b7ef4af,123,lembang,cikatomas pakidulan joszzz,,,ffa3dbf4-959a-424a-bec7-45b96eecb1ab,ch01_00000000121000000.mp4,
221,7840,motorcycle,1motor,1motor,Motorcycle,1,Motorcycle / 3-wheel vehicle,1motor,2,Line 2,normal,739.4963,14791,0.7385,aa4719c1-f9e6-43f3-801f-c47d1b6cc05f,e2b5d1af-611f-418e-93d3-019b7b7ef4af,123,lembang,cikatomas pakidulan joszzz,,,ffa3dbf4-959a-424a-bec7-45b96eecb1ab,ch01_00000000121000000.mp4,
222,7960,motorcycle,1motor,1motor,Motorcycle,1,Motorcycle / 3-wheel vehicle,1motor,1,Line 1,opposite,748.4957,14971,0.8535,aa4719c1-f9e6-43f3-801f-c47d1b6cc05f,e2b5d1af-611f-418e-93d3-019b7b7ef4af,123,lembang,cikatomas pakidulan joszzz,,,ffa3dbf4-959a-424a-bec7-45b96eecb1ab,ch01_00000000121000000.mp4,
223,7960,motorcycle,1motor,1motor,Motorcycle,1,Motorcycle / 3-wheel vehicle,1motor,2,Line 2,opposite,749.1956,14985,0.8615,aa4719c1-f9e6-43f3-801f-c47d1b6cc05f,e2b5d1af-611f-418e-93d3-019b7b7ef4af,123,lembang,cikatomas pakidulan joszzz,,,ffa3dbf4-959a-424a-bec7-45b96eecb1ab,ch01_00000000121000000.mp4,
224,7982,motorcycle,1motor,1motor,Motorcycle,1,Motorcycle / 3-wheel vehicle,1motor,2,Line 2,opposite,749.6456,14994,0.8327,aa4719c1-f9e6-43f3-801f-c47d1b6cc05f,e2b5d1af-611f-418e-93d3-019b7b7ef4af,123,lembang,cikatomas pakidulan joszzz,,,ffa3dbf4-959a-424a-bec7-45b96eecb1ab,ch01_00000000121000000.mp4,
225,8016,car,2mobil,2mobil,Car / Sedan,2,Sedan / jeep / station wagon,2mobil,1,Line 1,opposite,750.4455,15010,0.828,aa4719c1-f9e6-43f3-801f-c47d1b6cc05f,e2b5d1af-611f-418e-93d3-019b7b7ef4af,123,lembang,cikatomas pakidulan joszzz,,,ffa3dbf4-959a-424a-bec7-45b96eecb1ab,ch01_00000000121000000.mp4,
226,8016,car,2mobil,2mobil,Car / Sedan,2,Sedan / jeep / station wagon,2mobil,2,Line 2,opposite,750.9455,15020,0.923,aa4719c1-f9e6-43f3-801f-c47d1b6cc05f,e2b5d1af-611f-418e-93d3-019b7b7ef4af,123,lembang,cikatomas pakidulan joszzz,,,ffa3dbf4-959a-424a-bec7-45b96eecb1ab,ch01_00000000121000000.mp4,
227,8035,car,3ang_umum,3ang_umum,Public Transportation (Angkot),3,Medium passenger vehicle,3Ang_umum,2,Line 2,normal,752.9953,15061,0.9254,aa4719c1-f9e6-43f3-801f-c47d1b6cc05f,e2b5d1af-611f-418e-93d3-019b7b7ef4af,123,lembang,cikatomas pakidulan joszzz,,,ffa3dbf4-959a-424a-bec7-45b96eecb1ab,ch01_00000000121000000.mp4,
228,8035,car,3ang_umum,3ang_umum,Public Transportation (Angkot),3,Medium passenger vehicle,3Ang_umum,1,Line 1,normal,753.8453,15078,0.9288,aa4719c1-f9e6-43f3-801f-c47d1b6cc05f,e2b5d1af-611f-418e-93d3-019b7b7ef4af,123,lembang,cikatomas pakidulan joszzz,,,ffa3dbf4-959a-424a-bec7-45b96eecb1ab,ch01_00000000121000000.mp4,
229,8077,truck,4pickupmicro,4PickupMicro,Pickup / Micro Truck,4,Pickup / micro truck / delivery,4PickupMicro,1,Line 1,opposite,754.3452,15088,0.7222,aa4719c1-f9e6-43f3-801f-c47d1b6cc05f,e2b5d1af-611f-418e-93d3-019b7b7ef4af,123,lembang,cikatomas pakidulan joszzz,,,ffa3dbf4-959a-424a-bec7-45b96eecb1ab,ch01_00000000121000000.mp4,
230,8077,car,2mobil,2mobil,Car / Sedan,2,Sedan / jeep / station wagon,2mobil,2,Line 2,opposite,754.8452,15098,0.9078,aa4719c1-f9e6-43f3-801f-c47d1b6cc05f,e2b5d1af-611f-418e-93d3-019b7b7ef4af,123,lembang,cikatomas pakidulan joszzz,,,ffa3dbf4-959a-424a-bec7-45b96eecb1ab,ch01_00000000121000000.mp4,
231,8098,car,2mobil,2mobil,Car / Sedan,2,Sedan / jeep / station wagon,2mobil,1,Line 1,opposite,757.145,15144,0.766,aa4719c1-f9e6-43f3-801f-c47d1b6cc05f,e2b5d1af-611f-418e-93d3-019b7b7ef4af,123,lembang,cikatomas pakidulan joszzz,,,ffa3dbf4-959a-424a-bec7-45b96eecb1ab,ch01_00000000121000000.mp4,
232,8106,car,2mobil,2mobil,Car / Sedan,2,Sedan / jeep / station wagon,2mobil,2,Line 2,opposite,757.745,15156,0.9135,aa4719c1-f9e6-43f3-801f-c47d1b6cc05f,e2b5d1af-611f-418e-93d3-019b7b7ef4af,123,lembang,cikatomas pakidulan joszzz,,,ffa3dbf4-959a-424a-bec7-45b96eecb1ab,ch01_00000000121000000.mp4,
233,8148,car,3ang_umum,3ang_umum,Public Transportation (Angkot),3,Medium passenger vehicle,3Ang_umum,1,Line 1,opposite,760.5948,15213,0.9264,aa4719c1-f9e6-43f3-801f-c47d1b6cc05f,e2b5d1af-611f-418e-93d3-019b7b7ef4af,123,lembang,cikatomas pakidulan joszzz,,,ffa3dbf4-959a-424a-bec7-45b96eecb1ab,ch01_00000000121000000.mp4,
234,8148,car,3ang_umum,3ang_umum,Public Transportation (Angkot),3,Medium passenger vehicle,3Ang_umum,2,Line 2,opposite,761.1947,15225,0.8985,aa4719c1-f9e6-43f3-801f-c47d1b6cc05f,e2b5d1af-611f-418e-93d3-019b7b7ef4af,123,lembang,cikatomas pakidulan joszzz,,,ffa3dbf4-959a-424a-bec7-45b96eecb1ab,ch01_00000000121000000.mp4,
235,8238,truck,6tr_2sumbu,6TR_2sumbu,2-Axle Truck (Jumbo),6,2-Axle Truck,6TR_2sumbu,2,Line 2,normal,774.1938,15485,0.8938,aa4719c1-f9e6-43f3-801f-c47d1b6cc05f,e2b5d1af-611f-418e-93d3-019b7b7ef4af,123,lembang,cikatomas pakidulan joszzz,,,ffa3dbf4-959a-424a-bec7-45b96eecb1ab,ch01_00000000121000000.mp4,
236,8238,truck,6tr_2sumbu,6TR_2sumbu,2-Axle Truck (Jumbo),6,2-Axle Truck,6TR_2sumbu,1,Line 1,normal,775.2437,15506,0.9236,aa4719c1-f9e6-43f3-801f-c47d1b6cc05f,e2b5d1af-611f-418e-93d3-019b7b7ef4af,123,lembang,cikatomas pakidulan joszzz,,,ffa3dbf4-959a-424a-bec7-45b96eecb1ab,ch01_00000000121000000.mp4,
237,8268,motorcycle,1motor,1motor,Motorcycle,1,Motorcycle / 3-wheel vehicle,1motor,1,Line 1,opposite,775.2937,15507,0.87,aa4719c1-f9e6-43f3-801f-c47d1b6cc05f,e2b5d1af-611f-418e-93d3-019b7b7ef4af,123,lembang,cikatomas pakidulan joszzz,,,ffa3dbf4-959a-424a-bec7-45b96eecb1ab,ch01_00000000121000000.mp4,
238,8271,motorcycle,1motor,1motor,Motorcycle,1,Motorcycle / 3-wheel vehicle,1motor,1,Line 1,opposite,775.5437,15512,0.8502,aa4719c1-f9e6-43f3-801f-c47d1b6cc05f,e2b5d1af-611f-418e-93d3-019b7b7ef4af,123,lembang,cikatomas pakidulan joszzz,,,ffa3dbf4-959a-424a-bec7-45b96eecb1ab,ch01_00000000121000000.mp4,
239,8268,motorcycle,1motor,1motor,Motorcycle,1,Motorcycle / 3-wheel vehicle,1motor,2,Line 2,opposite,776.3436,15528,0.6766,aa4719c1-f9e6-43f3-801f-c47d1b6cc05f,e2b5d1af-611f-418e-93d3-019b7b7ef4af,123,lembang,cikatomas pakidulan joszzz,,,ffa3dbf4-959a-424a-bec7-45b96eecb1ab,ch01_00000000121000000.mp4,
240,8271,motorcycle,1motor,1motor,Motorcycle,1,Motorcycle / 3-wheel vehicle,1motor,2,Line 2,opposite,776.5936,15533,0.8286,aa4719c1-f9e6-43f3-801f-c47d1b6cc05f,e2b5d1af-611f-418e-93d3-019b7b7ef4af,123,lembang,cikatomas pakidulan joszzz,,,ffa3dbf4-959a-424a-bec7-45b96eecb1ab,ch01_00000000121000000.mp4,
241,8277,motorcycle,1motor,1motor,Motorcycle,1,Motorcycle / 3-wheel vehicle,1motor,2,Line 2,opposite,777.3436,15548,0.8304,aa4719c1-f9e6-43f3-801f-c47d1b6cc05f,e2b5d1af-611f-418e-93d3-019b7b7ef4af,123,lembang,cikatomas pakidulan joszzz,,,ffa3dbf4-959a-424a-bec7-45b96eecb1ab,ch01_00000000121000000.mp4,
242,8291,motorcycle,1motor,1motor,Motorcycle,1,Motorcycle / 3-wheel vehicle,1motor,1,Line 1,opposite,780.9933,15621,0.8656,aa4719c1-f9e6-43f3-801f-c47d1b6cc05f,e2b5d1af-611f-418e-93d3-019b7b7ef4af,123,lembang,cikatomas pakidulan joszzz,,,ffa3dbf4-959a-424a-bec7-45b96eecb1ab,ch01_00000000121000000.mp4,
243,8291,motorcycle,1motor,1motor,Motorcycle,1,Motorcycle / 3-wheel vehicle,1motor,2,Line 2,opposite,782.4932,15651,0.8262,aa4719c1-f9e6-43f3-801f-c47d1b6cc05f,e2b5d1af-611f-418e-93d3-019b7b7ef4af,123,lembang,cikatomas pakidulan joszzz,,,ffa3dbf4-959a-424a-bec7-45b96eecb1ab,ch01_00000000121000000.mp4,
244,8392,truck,6tr_2sumbu,6TR_2sumbu,2-Axle Truck (Jumbo),6,2-Axle Truck,6TR_2sumbu,2,Line 2,normal,796.5422,15932,0.9009,aa4719c1-f9e6-43f3-801f-c47d1b6cc05f,e2b5d1af-611f-418e-93d3-019b7b7ef4af,123,lembang,cikatomas pakidulan joszzz,,,ffa3dbf4-959a-424a-bec7-45b96eecb1ab,ch01_00000000121000000.mp4,
245,8392,truck,6tr_2sumbu,6TR_2sumbu,2-Axle Truck (Jumbo),6,2-Axle Truck,6TR_2sumbu,1,Line 1,normal,797.1421,15944,0.9348,aa4719c1-f9e6-43f3-801f-c47d1b6cc05f,e2b5d1af-611f-418e-93d3-019b7b7ef4af,123,lembang,cikatomas pakidulan joszzz,,,ffa3dbf4-959a-424a-bec7-45b96eecb1ab,ch01_00000000121000000.mp4,
246,8599,motorcycle,1motor,1motor,Motorcycle,1,Motorcycle / 3-wheel vehicle,1motor,1,Line 1,opposite,813.5909,16273,0.876,aa4719c1-f9e6-43f3-801f-c47d1b6cc05f,e2b5d1af-611f-418e-93d3-019b7b7ef4af,123,lembang,cikatomas pakidulan joszzz,,,ffa3dbf4-959a-424a-bec7-45b96eecb1ab,ch01_00000000121000000.mp4,
247,8599,motorcycle,1motor,1motor,Motorcycle,1,Motorcycle / 3-wheel vehicle,1motor,2,Line 2,opposite,814.1409,16284,0.8042,aa4719c1-f9e6-43f3-801f-c47d1b6cc05f,e2b5d1af-611f-418e-93d3-019b7b7ef4af,123,lembang,cikatomas pakidulan joszzz,,,ffa3dbf4-959a-424a-bec7-45b96eecb1ab,ch01_00000000121000000.mp4,
248,8742,motorcycle,1motor,1motor,Motorcycle,1,Motorcycle / 3-wheel vehicle,1motor,1,Line 1,normal,824.7401,16496,0.8651,aa4719c1-f9e6-43f3-801f-c47d1b6cc05f,e2b5d1af-611f-418e-93d3-019b7b7ef4af,123,lembang,cikatomas pakidulan joszzz,,,ffa3dbf4-959a-424a-bec7-45b96eecb1ab,ch01_00000000121000000.mp4,
249,8802,truck,4pickupmicro,4PickupMicro,Pickup / Micro Truck,4,Pickup / micro truck / delivery,4PickupMicro,1,Line 1,opposite,826.64,16534,0.9038,aa4719c1-f9e6-43f3-801f-c47d1b6cc05f,e2b5d1af-611f-418e-93d3-019b7b7ef4af,123,lembang,cikatomas pakidulan joszzz,,,ffa3dbf4-959a-424a-bec7-45b96eecb1ab,ch01_00000000121000000.mp4,
250,8802,car,2mobil,2mobil,Car / Sedan,2,Sedan / jeep / station wagon,2mobil,2,Line 2,opposite,827.09,16543,0.9214,aa4719c1-f9e6-43f3-801f-c47d1b6cc05f,e2b5d1af-611f-418e-93d3-019b7b7ef4af,123,lembang,cikatomas pakidulan joszzz,,,ffa3dbf4-959a-424a-bec7-45b96eecb1ab,ch01_00000000121000000.mp4,
251,8863,motorcycle,1motor,1motor,Motorcycle,1,Motorcycle / 3-wheel vehicle,1motor,1,Line 1,opposite,834.4894,16691,0.8872,aa4719c1-f9e6-43f3-801f-c47d1b6cc05f,e2b5d1af-611f-418e-93d3-019b7b7ef4af,123,lembang,cikatomas pakidulan joszzz,,,ffa3dbf4-959a-424a-bec7-45b96eecb1ab,ch01_00000000121000000.mp4,
252,8863,motorcycle,1motor,1motor,Motorcycle,1,Motorcycle / 3-wheel vehicle,1motor,2,Line 2,opposite,835.0394,16702,0.8448,aa4719c1-f9e6-43f3-801f-c47d1b6cc05f,e2b5d1af-611f-418e-93d3-019b7b7ef4af,123,lembang,cikatomas pakidulan joszzz,,,ffa3dbf4-959a-424a-bec7-45b96eecb1ab,ch01_00000000121000000.mp4,
253,9004,motorcycle,1motor,1motor,Motorcycle,1,Motorcycle / 3-wheel vehicle,1motor,1,Line 1,opposite,850.6383,17014,0.8646,aa4719c1-f9e6-43f3-801f-c47d1b6cc05f,e2b5d1af-611f-418e-93d3-019b7b7ef4af,123,lembang,cikatomas pakidulan joszzz,,,ffa3dbf4-959a-424a-bec7-45b96eecb1ab,ch01_00000000121000000.mp4,
254,9050,car,2mobil,2mobil,Car / Sedan,2,Sedan / jeep / station wagon,2mobil,2,Line 2,normal,856.1878,17125,0.7532,aa4719c1-f9e6-43f3-801f-c47d1b6cc05f,e2b5d1af-611f-418e-93d3-019b7b7ef4af,123,lembang,cikatomas pakidulan joszzz,,,ffa3dbf4-959a-424a-bec7-45b96eecb1ab,ch01_00000000121000000.mp4,
255,9050,car,2mobil,2mobil,Car / Sedan,2,Sedan / jeep / station wagon,2mobil,1,Line 1,normal,857.0378,17142,0.8334,aa4719c1-f9e6-43f3-801f-c47d1b6cc05f,e2b5d1af-611f-418e-93d3-019b7b7ef4af,123,lembang,cikatomas pakidulan joszzz,,,ffa3dbf4-959a-424a-bec7-45b96eecb1ab,ch01_00000000121000000.mp4,
256,9203,car,3ang_umum,3ang_umum,Public Transportation (Angkot),3,Medium passenger vehicle,3Ang_umum,1,Line 1,normal,868.487,17371,0.5863,aa4719c1-f9e6-43f3-801f-c47d1b6cc05f,e2b5d1af-611f-418e-93d3-019b7b7ef4af,123,lembang,cikatomas pakidulan joszzz,,,ffa3dbf4-959a-424a-bec7-45b96eecb1ab,ch01_00000000121000000.mp4,
257,9277,motorcycle,1motor,1motor,Motorcycle,1,Motorcycle / 3-wheel vehicle,1motor,1,Line 1,opposite,873.4866,17471,0.8812,aa4719c1-f9e6-43f3-801f-c47d1b6cc05f,e2b5d1af-611f-418e-93d3-019b7b7ef4af,123,lembang,cikatomas pakidulan joszzz,,,ffa3dbf4-959a-424a-bec7-45b96eecb1ab,ch01_00000000121000000.mp4,
258,9277,motorcycle,1motor,1motor,Motorcycle,1,Motorcycle / 3-wheel vehicle,1motor,2,Line 2,opposite,874.1365,17484,0.8045,aa4719c1-f9e6-43f3-801f-c47d1b6cc05f,e2b5d1af-611f-418e-93d3-019b7b7ef4af,123,lembang,cikatomas pakidulan joszzz,,,ffa3dbf4-959a-424a-bec7-45b96eecb1ab,ch01_00000000121000000.mp4,
259,9430,truck,4pickupmicro,4PickupMicro,Pickup / Micro Truck,4,Pickup / micro truck / delivery,4PickupMicro,1,Line 1,normal,884.5858,17693,0.8283,aa4719c1-f9e6-43f3-801f-c47d1b6cc05f,e2b5d1af-611f-418e-93d3-019b7b7ef4af,123,lembang,cikatomas pakidulan joszzz,,,ffa3dbf4-959a-424a-bec7-45b96eecb1ab,ch01_00000000121000000.mp4,
260,9483,motorcycle,1motor,1motor,Motorcycle,1,Motorcycle / 3-wheel vehicle,1motor,2,Line 2,opposite,888.4355,17770,0.7979,aa4719c1-f9e6-43f3-801f-c47d1b6cc05f,e2b5d1af-611f-418e-93d3-019b7b7ef4af,123,lembang,cikatomas pakidulan joszzz,,,ffa3dbf4-959a-424a-bec7-45b96eecb1ab,ch01_00000000121000000.mp4,
261,9552,motorcycle,1motor,1motor,Motorcycle,1,Motorcycle / 3-wheel vehicle,1motor,2,Line 2,opposite,892.6852,17855,0.7951,aa4719c1-f9e6-43f3-801f-c47d1b6cc05f,e2b5d1af-611f-418e-93d3-019b7b7ef4af,123,lembang,cikatomas pakidulan joszzz,,,ffa3dbf4-959a-424a-bec7-45b96eecb1ab,ch01_00000000121000000.mp4,
262,9550,motorcycle,1motor,1motor,Motorcycle,1,Motorcycle / 3-wheel vehicle,1motor,2,Line 2,opposite,892.7852,17857,0.8355,aa4719c1-f9e6-43f3-801f-c47d1b6cc05f,e2b5d1af-611f-418e-93d3-019b7b7ef4af,123,lembang,cikatomas pakidulan joszzz,,,ffa3dbf4-959a-424a-bec7-45b96eecb1ab,ch01_00000000121000000.mp4,
263,9568,motorcycle,1motor,1motor,Motorcycle,1,Motorcycle / 3-wheel vehicle,1motor,2,Line 2,opposite,894.735,17896,0.6497,aa4719c1-f9e6-43f3-801f-c47d1b6cc05f,e2b5d1af-611f-418e-93d3-019b7b7ef4af,123,lembang,cikatomas pakidulan joszzz,,,ffa3dbf4-959a-424a-bec7-45b96eecb1ab,ch01_00000000121000000.mp4,
264,9592,motorcycle,1motor,1motor,Motorcycle,1,Motorcycle / 3-wheel vehicle,1motor,1,Line 1,opposite,896.085,17923,0.8922,aa4719c1-f9e6-43f3-801f-c47d1b6cc05f,e2b5d1af-611f-418e-93d3-019b7b7ef4af,123,lembang,cikatomas pakidulan joszzz,,,ffa3dbf4-959a-424a-bec7-45b96eecb1ab,ch01_00000000121000000.mp4,
265,9592,motorcycle,1motor,1motor,Motorcycle,1,Motorcycle / 3-wheel vehicle,1motor,2,Line 2,opposite,896.6849,17935,0.8583,aa4719c1-f9e6-43f3-801f-c47d1b6cc05f,e2b5d1af-611f-418e-93d3-019b7b7ef4af,123,lembang,cikatomas pakidulan joszzz,,,ffa3dbf4-959a-424a-bec7-45b96eecb1ab,ch01_00000000121000000.mp4,
266,9626,motorcycle,1motor,1motor,Motorcycle,1,Motorcycle / 3-wheel vehicle,1motor,1,Line 1,opposite,897.3849,17949,0.8841,aa4719c1-f9e6-43f3-801f-c47d1b6cc05f,e2b5d1af-611f-418e-93d3-019b7b7ef4af,123,lembang,cikatomas pakidulan joszzz,,,ffa3dbf4-959a-424a-bec7-45b96eecb1ab,ch01_00000000121000000.mp4,
267,9626,motorcycle,1motor,1motor,Motorcycle,1,Motorcycle / 3-wheel vehicle,1motor,2,Line 2,opposite,897.9848,17961,0.8072,aa4719c1-f9e6-43f3-801f-c47d1b6cc05f,e2b5d1af-611f-418e-93d3-019b7b7ef4af,123,lembang,cikatomas pakidulan joszzz,,,ffa3dbf4-959a-424a-bec7-45b96eecb1ab,ch01_00000000121000000.mp4,
268,9675,motorcycle,1motor,1motor,Motorcycle,1,Motorcycle / 3-wheel vehicle,1motor,1,Line 1,opposite,900.3346,18008,0.8734,aa4719c1-f9e6-43f3-801f-c47d1b6cc05f,e2b5d1af-611f-418e-93d3-019b7b7ef4af,123,lembang,cikatomas pakidulan joszzz,,,ffa3dbf4-959a-424a-bec7-45b96eecb1ab,ch01_00000000121000000.mp4,
269,9675,motorcycle,1motor,1motor,Motorcycle,1,Motorcycle / 3-wheel vehicle,1motor,2,Line 2,opposite,900.9846,18021,0.8565,aa4719c1-f9e6-43f3-801f-c47d1b6cc05f,e2b5d1af-611f-418e-93d3-019b7b7ef4af,123,lembang,cikatomas pakidulan joszzz,,,ffa3dbf4-959a-424a-bec7-45b96eecb1ab,ch01_00000000121000000.mp4,
270,9771,motorcycle,1motor,1motor,Motorcycle,1,Motorcycle / 3-wheel vehicle,1motor,1,Line 1,opposite,904.4843,18091,0.8908,aa4719c1-f9e6-43f3-801f-c47d1b6cc05f,e2b5d1af-611f-418e-93d3-019b7b7ef4af,123,lembang,cikatomas pakidulan joszzz,,,ffa3dbf4-959a-424a-bec7-45b96eecb1ab,ch01_00000000121000000.mp4,
271,9771,motorcycle,1motor,1motor,Motorcycle,1,Motorcycle / 3-wheel vehicle,1motor,2,Line 2,opposite,905.2343,18106,0.8648,aa4719c1-f9e6-43f3-801f-c47d1b6cc05f,e2b5d1af-611f-418e-93d3-019b7b7ef4af,123,lembang,cikatomas pakidulan joszzz,,,ffa3dbf4-959a-424a-bec7-45b96eecb1ab,ch01_00000000121000000.mp4,
272,9833,motorcycle,1motor,1motor,Motorcycle,1,Motorcycle / 3-wheel vehicle,1motor,1,Line 1,opposite,907.5841,18153,0.827,aa4719c1-f9e6-43f3-801f-c47d1b6cc05f,e2b5d1af-611f-418e-93d3-019b7b7ef4af,123,lembang,cikatomas pakidulan joszzz,,,ffa3dbf4-959a-424a-bec7-45b96eecb1ab,ch01_00000000121000000.mp4,
273,9833,motorcycle,1motor,1motor,Motorcycle,1,Motorcycle / 3-wheel vehicle,1motor,2,Line 2,opposite,908.0841,18163,0.8635,aa4719c1-f9e6-43f3-801f-c47d1b6cc05f,e2b5d1af-611f-418e-93d3-019b7b7ef4af,123,lembang,cikatomas pakidulan joszzz,,,ffa3dbf4-959a-424a-bec7-45b96eecb1ab,ch01_00000000121000000.mp4,
274,9843,motorcycle,1motor,1motor,Motorcycle,1,Motorcycle / 3-wheel vehicle,1motor,1,Line 1,opposite,908.1841,18165,0.8618,aa4719c1-f9e6-43f3-801f-c47d1b6cc05f,e2b5d1af-611f-418e-93d3-019b7b7ef4af,123,lembang,cikatomas pakidulan joszzz,,,ffa3dbf4-959a-424a-bec7-45b96eecb1ab,ch01_00000000121000000.mp4,
275,9834,car,3ang_umum,3ang_umum,Public Transportation (Angkot),3,Medium passenger vehicle,3Ang_umum,2,Line 2,normal,908.2341,18166,0.421,aa4719c1-f9e6-43f3-801f-c47d1b6cc05f,e2b5d1af-611f-418e-93d3-019b7b7ef4af,123,lembang,cikatomas pakidulan joszzz,,,ffa3dbf4-959a-424a-bec7-45b96eecb1ab,ch01_00000000121000000.mp4,
276,9861,motorcycle,1motor,1motor,Motorcycle,1,Motorcycle / 3-wheel vehicle,1motor,1,Line 1,opposite,908.734,18176,0.8076,aa4719c1-f9e6-43f3-801f-c47d1b6cc05f,e2b5d1af-611f-418e-93d3-019b7b7ef4af,123,lembang,cikatomas pakidulan joszzz,,,ffa3dbf4-959a-424a-bec7-45b96eecb1ab,ch01_00000000121000000.mp4,
277,9843,motorcycle,1motor,1motor,Motorcycle,1,Motorcycle / 3-wheel vehicle,1motor,2,Line 2,opposite,909.034,18182,0.7509,aa4719c1-f9e6-43f3-801f-c47d1b6cc05f,e2b5d1af-611f-418e-93d3-019b7b7ef4af,123,lembang,cikatomas pakidulan joszzz,,,ffa3dbf4-959a-424a-bec7-45b96eecb1ab,ch01_00000000121000000.mp4,
278,9834,car,3ang_umum,3ang_umum,Public Transportation (Angkot),3,Medium passenger vehicle,3Ang_umum,1,Line 1,normal,909.484,18191,0.9237,aa4719c1-f9e6-43f3-801f-c47d1b6cc05f,e2b5d1af-611f-418e-93d3-019b7b7ef4af,123,lembang,cikatomas pakidulan joszzz,,,ffa3dbf4-959a-424a-bec7-45b96eecb1ab,ch01_00000000121000000.mp4,
279,9861,motorcycle,1motor,1motor,Motorcycle,1,Motorcycle / 3-wheel vehicle,1motor,2,Line 2,opposite,909.534,18192,0.7404,aa4719c1-f9e6-43f3-801f-c47d1b6cc05f,e2b5d1af-611f-418e-93d3-019b7b7ef4af,123,lembang,cikatomas pakidulan joszzz,,,ffa3dbf4-959a-424a-bec7-45b96eecb1ab,ch01_00000000121000000.mp4,
280,10027,motorcycle,1motor,1motor,Motorcycle,1,Motorcycle / 3-wheel vehicle,1motor,2,Line 2,normal,927.1827,18545,0.8092,aa4719c1-f9e6-43f3-801f-c47d1b6cc05f,e2b5d1af-611f-418e-93d3-019b7b7ef4af,123,lembang,cikatomas pakidulan joszzz,,,ffa3dbf4-959a-424a-bec7-45b96eecb1ab,ch01_00000000121000000.mp4,
281,10027,motorcycle,1motor,1motor,Motorcycle,1,Motorcycle / 3-wheel vehicle,1motor,1,Line 1,normal,928.7326,18576,0.7897,aa4719c1-f9e6-43f3-801f-c47d1b6cc05f,e2b5d1af-611f-418e-93d3-019b7b7ef4af,123,lembang,cikatomas pakidulan joszzz,,,ffa3dbf4-959a-424a-bec7-45b96eecb1ab,ch01_00000000121000000.mp4,
282,10124,motorcycle,1motor,1motor,Motorcycle,1,Motorcycle / 3-wheel vehicle,1motor,1,Line 1,opposite,934.3822,18689,0.8889,aa4719c1-f9e6-43f3-801f-c47d1b6cc05f,e2b5d1af-611f-418e-93d3-019b7b7ef4af,123,lembang,cikatomas pakidulan joszzz,,,ffa3dbf4-959a-424a-bec7-45b96eecb1ab,ch01_00000000121000000.mp4,
283,10124,motorcycle,1motor,1motor,Motorcycle,1,Motorcycle / 3-wheel vehicle,1motor,2,Line 2,opposite,935.0821,18703,0.8657,aa4719c1-f9e6-43f3-801f-c47d1b6cc05f,e2b5d1af-611f-418e-93d3-019b7b7ef4af,123,lembang,cikatomas pakidulan joszzz,,,ffa3dbf4-959a-424a-bec7-45b96eecb1ab,ch01_00000000121000000.mp4,
284,10187,motorcycle,1motor,1motor,Motorcycle,1,Motorcycle / 3-wheel vehicle,1motor,2,Line 2,normal,938.5819,18773,0.7871,aa4719c1-f9e6-43f3-801f-c47d1b6cc05f,e2b5d1af-611f-418e-93d3-019b7b7ef4af,123,lembang,cikatomas pakidulan joszzz,,,ffa3dbf4-959a-424a-bec7-45b96eecb1ab,ch01_00000000121000000.mp4,
285,10251,car,2mobil,2mobil,Car / Sedan,2,Sedan / jeep / station wagon,2mobil,2,Line 2,normal,944.7814,18897,0.7452,aa4719c1-f9e6-43f3-801f-c47d1b6cc05f,e2b5d1af-611f-418e-93d3-019b7b7ef4af,123,lembang,cikatomas pakidulan joszzz,,,ffa3dbf4-959a-424a-bec7-45b96eecb1ab,ch01_00000000121000000.mp4,
286,10407,car,2mobil,2mobil,Car / Sedan,2,Sedan / jeep / station wagon,2mobil,1,Line 1,opposite,959.0804,19183,0.9294,aa4719c1-f9e6-43f3-801f-c47d1b6cc05f,e2b5d1af-611f-418e-93d3-019b7b7ef4af,123,lembang,cikatomas pakidulan joszzz,,,ffa3dbf4-959a-424a-bec7-45b96eecb1ab,ch01_00000000121000000.mp4,
287,10407,car,2mobil,2mobil,Car / Sedan,2,Sedan / jeep / station wagon,2mobil,2,Line 2,opposite,959.5803,19193,0.9196,aa4719c1-f9e6-43f3-801f-c47d1b6cc05f,e2b5d1af-611f-418e-93d3-019b7b7ef4af,123,lembang,cikatomas pakidulan joszzz,,,ffa3dbf4-959a-424a-bec7-45b96eecb1ab,ch01_00000000121000000.mp4,
288,10452,motorcycle,1motor,1motor,Motorcycle,1,Motorcycle / 3-wheel vehicle,1motor,2,Line 2,normal,962.9801,19261,0.5773,aa4719c1-f9e6-43f3-801f-c47d1b6cc05f,e2b5d1af-611f-418e-93d3-019b7b7ef4af,123,lembang,cikatomas pakidulan joszzz,,,ffa3dbf4-959a-424a-bec7-45b96eecb1ab,ch01_00000000121000000.mp4,
289,10465,motorcycle,1motor,1motor,Motorcycle,1,Motorcycle / 3-wheel vehicle,1motor,2,Line 2,normal,965.1299,19304,0.6208,aa4719c1-f9e6-43f3-801f-c47d1b6cc05f,e2b5d1af-611f-418e-93d3-019b7b7ef4af,123,lembang,cikatomas pakidulan joszzz,,,ffa3dbf4-959a-424a-bec7-45b96eecb1ab,ch01_00000000121000000.mp4,
290,10465,motorcycle,1motor,1motor,Motorcycle,1,Motorcycle / 3-wheel vehicle,1motor,1,Line 1,normal,966.8798,19339,0.7822,aa4719c1-f9e6-43f3-801f-c47d1b6cc05f,e2b5d1af-611f-418e-93d3-019b7b7ef4af,123,lembang,cikatomas pakidulan joszzz,,,ffa3dbf4-959a-424a-bec7-45b96eecb1ab,ch01_00000000121000000.mp4,
291,10591,motorcycle,1motor,1motor,Motorcycle,1,Motorcycle / 3-wheel vehicle,1motor,1,Line 1,normal,975.1292,19504,0.8526,aa4719c1-f9e6-43f3-801f-c47d1b6cc05f,e2b5d1af-611f-418e-93d3-019b7b7ef4af,123,lembang,cikatomas pakidulan joszzz,,,ffa3dbf4-959a-424a-bec7-45b96eecb1ab,ch01_00000000121000000.mp4,
292,10667,motorcycle,1motor,1motor,Motorcycle,1,Motorcycle / 3-wheel vehicle,1motor,1,Line 1,opposite,982.2287,19646,0.7741,aa4719c1-f9e6-43f3-801f-c47d1b6cc05f,e2b5d1af-611f-418e-93d3-019b7b7ef4af,123,lembang,cikatomas pakidulan joszzz,,,ffa3dbf4-959a-424a-bec7-45b96eecb1ab,ch01_00000000121000000.mp4,
293,10667,motorcycle,1motor,1motor,Motorcycle,1,Motorcycle / 3-wheel vehicle,1motor,2,Line 2,opposite,982.8787,19659,0.7994,aa4719c1-f9e6-43f3-801f-c47d1b6cc05f,e2b5d1af-611f-418e-93d3-019b7b7ef4af,123,lembang,cikatomas pakidulan joszzz,,,ffa3dbf4-959a-424a-bec7-45b96eecb1ab,ch01_00000000121000000.mp4,
294,10682,car,2mobil,2mobil,Car / Sedan,2,Sedan / jeep / station wagon,2mobil,2,Line 2,normal,984.0286,19682,0.7125,aa4719c1-f9e6-43f3-801f-c47d1b6cc05f,e2b5d1af-611f-418e-93d3-019b7b7ef4af,123,lembang,cikatomas pakidulan joszzz,,,ffa3dbf4-959a-424a-bec7-45b96eecb1ab,ch01_00000000121000000.mp4,
295,10682,car,2mobil,2mobil,Car / Sedan,2,Sedan / jeep / station wagon,2mobil,1,Line 1,normal,984.6285,19694,0.9252,aa4719c1-f9e6-43f3-801f-c47d1b6cc05f,e2b5d1af-611f-418e-93d3-019b7b7ef4af,123,lembang,cikatomas pakidulan joszzz,,,ffa3dbf4-959a-424a-bec7-45b96eecb1ab,ch01_00000000121000000.mp4,
296,10860,motorcycle,1motor,1motor,Motorcycle,1,Motorcycle / 3-wheel vehicle,1motor,2,Line 2,opposite,1002.9272,20060,0.843,aa4719c1-f9e6-43f3-801f-c47d1b6cc05f,e2b5d1af-611f-418e-93d3-019b7b7ef4af,123,lembang,cikatomas pakidulan joszzz,,,ffa3dbf4-959a-424a-bec7-45b96eecb1ab,ch01_00000000121000000.mp4,
297,10910,truck,4pickupmicro,4PickupMicro,Pickup / Micro Truck,4,Pickup / micro truck / delivery,4PickupMicro,1,Line 1,opposite,1008.8768,20179,0.8842,aa4719c1-f9e6-43f3-801f-c47d1b6cc05f,e2b5d1af-611f-418e-93d3-019b7b7ef4af,123,lembang,cikatomas pakidulan joszzz,,,ffa3dbf4-959a-424a-bec7-45b96eecb1ab,ch01_00000000121000000.mp4,
298,10910,car,2mobil,2mobil,Car / Sedan,2,Sedan / jeep / station wagon,2mobil,2,Line 2,opposite,1009.4767,20191,0.9209,aa4719c1-f9e6-43f3-801f-c47d1b6cc05f,e2b5d1af-611f-418e-93d3-019b7b7ef4af,123,lembang,cikatomas pakidulan joszzz,,,ffa3dbf4-959a-424a-bec7-45b96eecb1ab,ch01_00000000121000000.mp4,
299,11006,car,2mobil,2mobil,Car / Sedan,2,Sedan / jeep / station wagon,2mobil,2,Line 2,normal,1021.8758,20439,0.8977,aa4719c1-f9e6-43f3-801f-c47d1b6cc05f,e2b5d1af-611f-418e-93d3-019b7b7ef4af,123,lembang,cikatomas pakidulan joszzz,,,ffa3dbf4-959a-424a-bec7-45b96eecb1ab,ch01_00000000121000000.mp4,
300,11006,car,2mobil,2mobil,Car / Sedan,2,Sedan / jeep / station wagon,2mobil,1,Line 1,normal,1022.5758,20453,0.925,aa4719c1-f9e6-43f3-801f-c47d1b6cc05f,e2b5d1af-611f-418e-93d3-019b7b7ef4af,123,lembang,cikatomas pakidulan joszzz,,,ffa3dbf4-959a-424a-bec7-45b96eecb1ab,ch01_00000000121000000.mp4,
301,11087,motorcycle,1motor,1motor,Motorcycle,1,Motorcycle / 3-wheel vehicle,1motor,2,Line 2,normal,1027.2254,20546,0.4921,aa4719c1-f9e6-43f3-801f-c47d1b6cc05f,e2b5d1af-611f-418e-93d3-019b7b7ef4af,123,lembang,cikatomas pakidulan joszzz,,,ffa3dbf4-959a-424a-bec7-45b96eecb1ab,ch01_00000000121000000.mp4,
302,11146,motorcycle,1motor,1motor,Motorcycle,1,Motorcycle / 3-wheel vehicle,1motor,2,Line 2,normal,1030.9752,20621,0.8473,aa4719c1-f9e6-43f3-801f-c47d1b6cc05f,e2b5d1af-611f-418e-93d3-019b7b7ef4af,123,lembang,cikatomas pakidulan joszzz,,,ffa3dbf4-959a-424a-bec7-45b96eecb1ab,ch01_00000000121000000.mp4,
303,11408,motorcycle,1motor,1motor,Motorcycle,1,Motorcycle / 3-wheel vehicle,1motor,1,Line 1,opposite,1052.8736,21059,0.8703,aa4719c1-f9e6-43f3-801f-c47d1b6cc05f,e2b5d1af-611f-418e-93d3-019b7b7ef4af,123,lembang,cikatomas pakidulan joszzz,,,ffa3dbf4-959a-424a-bec7-45b96eecb1ab,ch01_00000000121000000.mp4,
304,11408,motorcycle,1motor,1motor,Motorcycle,1,Motorcycle / 3-wheel vehicle,1motor,2,Line 2,opposite,1053.3735,21069,0.8586,aa4719c1-f9e6-43f3-801f-c47d1b6cc05f,e2b5d1af-611f-418e-93d3-019b7b7ef4af,123,lembang,cikatomas pakidulan joszzz,,,ffa3dbf4-959a-424a-bec7-45b96eecb1ab,ch01_00000000121000000.mp4,
305,11451,motorcycle,1motor,1motor,Motorcycle,1,Motorcycle / 3-wheel vehicle,1motor,1,Line 1,opposite,1055.9233,21120,0.8843,aa4719c1-f9e6-43f3-801f-c47d1b6cc05f,e2b5d1af-611f-418e-93d3-019b7b7ef4af,123,lembang,cikatomas pakidulan joszzz,,,ffa3dbf4-959a-424a-bec7-45b96eecb1ab,ch01_00000000121000000.mp4,
306,11451,motorcycle,1motor,1motor,Motorcycle,1,Motorcycle / 3-wheel vehicle,1motor,2,Line 2,opposite,1056.5733,21133,0.8348,aa4719c1-f9e6-43f3-801f-c47d1b6cc05f,e2b5d1af-611f-418e-93d3-019b7b7ef4af,123,lembang,cikatomas pakidulan joszzz,,,ffa3dbf4-959a-424a-bec7-45b96eecb1ab,ch01_00000000121000000.mp4,
307,11469,truck,6tr_2sumbu,6TR_2sumbu,2-Axle Truck (Jumbo),6,2-Axle Truck,6TR_2sumbu,1,Line 1,opposite,1058.1232,21164,0.8919,aa4719c1-f9e6-43f3-801f-c47d1b6cc05f,e2b5d1af-611f-418e-93d3-019b7b7ef4af,123,lembang,cikatomas pakidulan joszzz,,,ffa3dbf4-959a-424a-bec7-45b96eecb1ab,ch01_00000000121000000.mp4,
308,11469,truck,6tr_2sumbu,6TR_2sumbu,2-Axle Truck (Jumbo),6,2-Axle Truck,6TR_2sumbu,2,Line 2,opposite,1058.6232,21174,0.5459,aa4719c1-f9e6-43f3-801f-c47d1b6cc05f,e2b5d1af-611f-418e-93d3-019b7b7ef4af,123,lembang,cikatomas pakidulan joszzz,,,ffa3dbf4-959a-424a-bec7-45b96eecb1ab,ch01_00000000121000000.mp4,
309,11490,truck,4pickupmicro,4PickupMicro,Pickup / Micro Truck,4,Pickup / micro truck / delivery,4PickupMicro,1,Line 1,normal,1060.823,21218,0.9074,aa4719c1-f9e6-43f3-801f-c47d1b6cc05f,e2b5d1af-611f-418e-93d3-019b7b7ef4af,123,lembang,cikatomas pakidulan joszzz,,,ffa3dbf4-959a-424a-bec7-45b96eecb1ab,ch01_00000000121000000.mp4,
310,11511,motorcycle,1motor,1motor,Motorcycle,1,Motorcycle / 3-wheel vehicle,1motor,1,Line 1,opposite,1061.9229,21240,0.872,aa4719c1-f9e6-43f3-801f-c47d1b6cc05f,e2b5d1af-611f-418e-93d3-019b7b7ef4af,123,lembang,cikatomas pakidulan joszzz,,,ffa3dbf4-959a-424a-bec7-45b96eecb1ab,ch01_00000000121000000.mp4,
311,11511,motorcycle,1motor,1motor,Motorcycle,1,Motorcycle / 3-wheel vehicle,1motor,2,Line 2,opposite,1062.6229,21254,0.7592,aa4719c1-f9e6-43f3-801f-c47d1b6cc05f,e2b5d1af-611f-418e-93d3-019b7b7ef4af,123,lembang,cikatomas pakidulan joszzz,,,ffa3dbf4-959a-424a-bec7-45b96eecb1ab,ch01_00000000121000000.mp4,
312,11610,motorcycle,1motor,1motor,Motorcycle,1,Motorcycle / 3-wheel vehicle,1motor,1,Line 1,opposite,1073.1221,21464,0.8903,aa4719c1-f9e6-43f3-801f-c47d1b6cc05f,e2b5d1af-611f-418e-93d3-019b7b7ef4af,123,lembang,cikatomas pakidulan joszzz,,,ffa3dbf4-959a-424a-bec7-45b96eecb1ab,ch01_00000000121000000.mp4,
313,11610,motorcycle,1motor,1motor,Motorcycle,1,Motorcycle / 3-wheel vehicle,1motor,2,Line 2,opposite,1073.6221,21474,0.8367,aa4719c1-f9e6-43f3-801f-c47d1b6cc05f,e2b5d1af-611f-418e-93d3-019b7b7ef4af,123,lembang,cikatomas pakidulan joszzz,,,ffa3dbf4-959a-424a-bec7-45b96eecb1ab,ch01_00000000121000000.mp4,
314,11621,motorcycle,1motor,1motor,Motorcycle,1,Motorcycle / 3-wheel vehicle,1motor,1,Line 1,normal,1073.872,21479,0.8117,aa4719c1-f9e6-43f3-801f-c47d1b6cc05f,e2b5d1af-611f-418e-93d3-019b7b7ef4af,123,lembang,cikatomas pakidulan joszzz,,,ffa3dbf4-959a-424a-bec7-45b96eecb1ab,ch01_00000000121000000.mp4,
315,11716,motorcycle,1motor,1motor,Motorcycle,1,Motorcycle / 3-wheel vehicle,1motor,1,Line 1,opposite,1080.8215,21618,0.8942,aa4719c1-f9e6-43f3-801f-c47d1b6cc05f,e2b5d1af-611f-418e-93d3-019b7b7ef4af,123,lembang,cikatomas pakidulan joszzz,,,ffa3dbf4-959a-424a-bec7-45b96eecb1ab,ch01_00000000121000000.mp4,
316,11716,motorcycle,1motor,1motor,Motorcycle,1,Motorcycle / 3-wheel vehicle,1motor,2,Line 2,opposite,1081.9715,21641,0.8504,aa4719c1-f9e6-43f3-801f-c47d1b6cc05f,e2b5d1af-611f-418e-93d3-019b7b7ef4af,123,lembang,cikatomas pakidulan joszzz,,,ffa3dbf4-959a-424a-bec7-45b96eecb1ab,ch01_00000000121000000.mp4,
317,11792,motorcycle,1motor,1motor,Motorcycle,1,Motorcycle / 3-wheel vehicle,1motor,1,Line 1,opposite,1088.171,21765,0.8745,aa4719c1-f9e6-43f3-801f-c47d1b6cc05f,e2b5d1af-611f-418e-93d3-019b7b7ef4af,123,lembang,cikatomas pakidulan joszzz,,,ffa3dbf4-959a-424a-bec7-45b96eecb1ab,ch01_00000000121000000.mp4,
318,11792,motorcycle,1motor,1motor,Motorcycle,1,Motorcycle / 3-wheel vehicle,1motor,2,Line 2,opposite,1089.5709,21793,0.8305,aa4719c1-f9e6-43f3-801f-c47d1b6cc05f,e2b5d1af-611f-418e-93d3-019b7b7ef4af,123,lembang,cikatomas pakidulan joszzz,,,ffa3dbf4-959a-424a-bec7-45b96eecb1ab,ch01_00000000121000000.mp4,
319,12060,car,3ang_umum,3ang_umum,Public Transportation (Angkot),3,Medium passenger vehicle,3Ang_umum,1,Line 1,opposite,1106.8696,22139,0.9191,aa4719c1-f9e6-43f3-801f-c47d1b6cc05f,e2b5d1af-611f-418e-93d3-019b7b7ef4af,123,lembang,cikatomas pakidulan joszzz,,,ffa3dbf4-959a-424a-bec7-45b96eecb1ab,ch01_00000000121000000.mp4,
320,12060,car,2mobil,2mobil,Car / Sedan,2,Sedan / jeep / station wagon,2mobil,2,Line 2,opposite,1107.5696,22153,0.8521,aa4719c1-f9e6-43f3-801f-c47d1b6cc05f,e2b5d1af-611f-418e-93d3-019b7b7ef4af,123,lembang,cikatomas pakidulan joszzz,,,ffa3dbf4-959a-424a-bec7-45b96eecb1ab,ch01_00000000121000000.mp4,
321,12128,car,3ang_umum,3ang_umum,Public Transportation (Angkot),3,Medium passenger vehicle,3Ang_umum,1,Line 1,normal,1110.5194,22212,0.9269,aa4719c1-f9e6-43f3-801f-c47d1b6cc05f,e2b5d1af-611f-418e-93d3-019b7b7ef4af,123,lembang,cikatomas pakidulan joszzz,,,ffa3dbf4-959a-424a-bec7-45b96eecb1ab,ch01_00000000121000000.mp4,
322,12139,motorcycle,1motor,1motor,Motorcycle,1,Motorcycle / 3-wheel vehicle,1motor,1,Line 1,opposite,1111.4193,22230,0.8483,aa4719c1-f9e6-43f3-801f-c47d1b6cc05f,e2b5d1af-611f-418e-93d3-019b7b7ef4af,123,lembang,cikatomas pakidulan joszzz,,,ffa3dbf4-959a-424a-bec7-45b96eecb1ab,ch01_00000000121000000.mp4,
323,12139,motorcycle,1motor,1motor,Motorcycle,1,Motorcycle / 3-wheel vehicle,1motor,2,Line 2,opposite,1112.1193,22244,0.6203,aa4719c1-f9e6-43f3-801f-c47d1b6cc05f,e2b5d1af-611f-418e-93d3-019b7b7ef4af,123,lembang,cikatomas pakidulan joszzz,,,ffa3dbf4-959a-424a-bec7-45b96eecb1ab,ch01_00000000121000000.mp4,
324,12159,motorcycle,1motor,1motor,Motorcycle,1,Motorcycle / 3-wheel vehicle,1motor,2,Line 2,normal,1114.1191,22284,0.4605,aa4719c1-f9e6-43f3-801f-c47d1b6cc05f,e2b5d1af-611f-418e-93d3-019b7b7ef4af,123,lembang,cikatomas pakidulan joszzz,,,ffa3dbf4-959a-424a-bec7-45b96eecb1ab,ch01_00000000121000000.mp4,
325,12159,motorcycle,1motor,1motor,Motorcycle,1,Motorcycle / 3-wheel vehicle,1motor,1,Line 1,normal,1116.369,22329,0.7673,aa4719c1-f9e6-43f3-801f-c47d1b6cc05f,e2b5d1af-611f-418e-93d3-019b7b7ef4af,123,lembang,cikatomas pakidulan joszzz,,,ffa3dbf4-959a-424a-bec7-45b96eecb1ab,ch01_00000000121000000.mp4,
326,12324,motorcycle,1motor,1motor,Motorcycle,1,Motorcycle / 3-wheel vehicle,1motor,2,Line 2,opposite,1127.3682,22549,0.8152,aa4719c1-f9e6-43f3-801f-c47d1b6cc05f,e2b5d1af-611f-418e-93d3-019b7b7ef4af,123,lembang,cikatomas pakidulan joszzz,,,ffa3dbf4-959a-424a-bec7-45b96eecb1ab,ch01_00000000121000000.mp4,
327,12583,car,2mobil,2mobil,Car / Sedan,2,Sedan / jeep / station wagon,2mobil,2,Line 2,normal,1156.866,23139,0.8755,aa4719c1-f9e6-43f3-801f-c47d1b6cc05f,e2b5d1af-611f-418e-93d3-019b7b7ef4af,123,lembang,cikatomas pakidulan joszzz,,,ffa3dbf4-959a-424a-bec7-45b96eecb1ab,ch01_00000000121000000.mp4,
328,12583,car,2mobil,2mobil,Car / Sedan,2,Sedan / jeep / station wagon,2mobil,1,Line 1,normal,1157.766,23157,0.6341,aa4719c1-f9e6-43f3-801f-c47d1b6cc05f,e2b5d1af-611f-418e-93d3-019b7b7ef4af,123,lembang,cikatomas pakidulan joszzz,,,ffa3dbf4-959a-424a-bec7-45b96eecb1ab,ch01_00000000121000000.mp4,
329,12692,motorcycle,1motor,1motor,Motorcycle,1,Motorcycle / 3-wheel vehicle,1motor,2,Line 2,normal,1165.3154,23308,0.7236,aa4719c1-f9e6-43f3-801f-c47d1b6cc05f,e2b5d1af-611f-418e-93d3-019b7b7ef4af,123,lembang,cikatomas pakidulan joszzz,,,ffa3dbf4-959a-424a-bec7-45b96eecb1ab,ch01_00000000121000000.mp4,
330,12697,motorcycle,1motor,1motor,Motorcycle,1,Motorcycle / 3-wheel vehicle,1motor,1,Line 1,opposite,1165.8154,23318,0.8675,aa4719c1-f9e6-43f3-801f-c47d1b6cc05f,e2b5d1af-611f-418e-93d3-019b7b7ef4af,123,lembang,cikatomas pakidulan joszzz,,,ffa3dbf4-959a-424a-bec7-45b96eecb1ab,ch01_00000000121000000.mp4,
331,12697,motorcycle,1motor,1motor,Motorcycle,1,Motorcycle / 3-wheel vehicle,1motor,2,Line 2,opposite,1166.6153,23334,0.5657,aa4719c1-f9e6-43f3-801f-c47d1b6cc05f,e2b5d1af-611f-418e-93d3-019b7b7ef4af,123,lembang,cikatomas pakidulan joszzz,,,ffa3dbf4-959a-424a-bec7-45b96eecb1ab,ch01_00000000121000000.mp4,
332,12723,car,2mobil,2mobil,Car / Sedan,2,Sedan / jeep / station wagon,2mobil,1,Line 1,normal,1169.2151,23386,0.9156,aa4719c1-f9e6-43f3-801f-c47d1b6cc05f,e2b5d1af-611f-418e-93d3-019b7b7ef4af,123,lembang,cikatomas pakidulan joszzz,,,ffa3dbf4-959a-424a-bec7-45b96eecb1ab,ch01_00000000121000000.mp4,
333,12813,car,2mobil,2mobil,Car / Sedan,2,Sedan / jeep / station wagon,2mobil,1,Line 1,normal,1176.5146,23532,0.5767,aa4719c1-f9e6-43f3-801f-c47d1b6cc05f,e2b5d1af-611f-418e-93d3-019b7b7ef4af,123,lembang,cikatomas pakidulan joszzz,,,ffa3dbf4-959a-424a-bec7-45b96eecb1ab,ch01_00000000121000000.mp4,
334,12861,car,2mobil,2mobil,Car / Sedan,2,Sedan / jeep / station wagon,2mobil,1,Line 1,normal,1179.9143,23600,0.5908,aa4719c1-f9e6-43f3-801f-c47d1b6cc05f,e2b5d1af-611f-418e-93d3-019b7b7ef4af,123,lembang,cikatomas pakidulan joszzz,,,ffa3dbf4-959a-424a-bec7-45b96eecb1ab,ch01_00000000121000000.mp4,
335,13123,truck,6tr_2sumbu,6TR_2sumbu,2-Axle Truck (Jumbo),6,2-Axle Truck,6TR_2sumbu,2,Line 2,normal,1199.5629,23993,0.7387,aa4719c1-f9e6-43f3-801f-c47d1b6cc05f,e2b5d1af-611f-418e-93d3-019b7b7ef4af,123,lembang,cikatomas pakidulan joszzz,,,ffa3dbf4-959a-424a-bec7-45b96eecb1ab,ch01_00000000121000000.mp4,
336,13123,truck,6tr_2sumbu,6TR_2sumbu,2-Axle Truck (Jumbo),6,2-Axle Truck,6TR_2sumbu,1,Line 1,normal,1200.5628,24013,0.824,aa4719c1-f9e6-43f3-801f-c47d1b6cc05f,e2b5d1af-611f-418e-93d3-019b7b7ef4af,123,lembang,cikatomas pakidulan joszzz,,,ffa3dbf4-959a-424a-bec7-45b96eecb1ab,ch01_00000000121000000.mp4,
337,13250,motorcycle,1motor,1motor,Motorcycle,1,Motorcycle / 3-wheel vehicle,1motor,2,Line 2,opposite,1207.3624,24149,0.8605,aa4719c1-f9e6-43f3-801f-c47d1b6cc05f,e2b5d1af-611f-418e-93d3-019b7b7ef4af,123,lembang,cikatomas pakidulan joszzz,,,ffa3dbf4-959a-424a-bec7-45b96eecb1ab,ch01_00000000121000000.mp4,
338,13302,motorcycle,1motor,1motor,Motorcycle,1,Motorcycle / 3-wheel vehicle,1motor,2,Line 2,opposite,1210.0622,24203,0.5309,aa4719c1-f9e6-43f3-801f-c47d1b6cc05f,e2b5d1af-611f-418e-93d3-019b7b7ef4af,123,lembang,cikatomas pakidulan joszzz,,,ffa3dbf4-959a-424a-bec7-45b96eecb1ab,ch01_00000000121000000.mp4,
339,13317,motorcycle,1motor,1motor,Motorcycle,1,Motorcycle / 3-wheel vehicle,1motor,2,Line 2,opposite,1210.7121,24216,0.8855,aa4719c1-f9e6-43f3-801f-c47d1b6cc05f,e2b5d1af-611f-418e-93d3-019b7b7ef4af,123,lembang,cikatomas pakidulan joszzz,,,ffa3dbf4-959a-424a-bec7-45b96eecb1ab,ch01_00000000121000000.mp4,
340,13309,motorcycle,1motor,1motor,Motorcycle,1,Motorcycle / 3-wheel vehicle,1motor,2,Line 2,opposite,1210.7621,24217,0.8407,aa4719c1-f9e6-43f3-801f-c47d1b6cc05f,e2b5d1af-611f-418e-93d3-019b7b7ef4af,123,lembang,cikatomas pakidulan joszzz,,,ffa3dbf4-959a-424a-bec7-45b96eecb1ab,ch01_00000000121000000.mp4,
341,13371,motorcycle,1motor,1motor,Motorcycle,1,Motorcycle / 3-wheel vehicle,1motor,2,Line 2,opposite,1213.7119,24276,0.823,aa4719c1-f9e6-43f3-801f-c47d1b6cc05f,e2b5d1af-611f-418e-93d3-019b7b7ef4af,123,lembang,cikatomas pakidulan joszzz,,,ffa3dbf4-959a-424a-bec7-45b96eecb1ab,ch01_00000000121000000.mp4,
342,13408,car,3ang_umum,3ang_umum,Public Transportation (Angkot),3,Medium passenger vehicle,3Ang_umum,1,Line 1,opposite,1214.9618,24301,0.8188,aa4719c1-f9e6-43f3-801f-c47d1b6cc05f,e2b5d1af-611f-418e-93d3-019b7b7ef4af,123,lembang,cikatomas pakidulan joszzz,,,ffa3dbf4-959a-424a-bec7-45b96eecb1ab,ch01_00000000121000000.mp4,
343,13414,car,2mobil,2mobil,Car / Sedan,2,Sedan / jeep / station wagon,2mobil,1,Line 1,opposite,1215.0118,24302,0.6493,aa4719c1-f9e6-43f3-801f-c47d1b6cc05f,e2b5d1af-611f-418e-93d3-019b7b7ef4af,123,lembang,cikatomas pakidulan joszzz,,,ffa3dbf4-959a-424a-bec7-45b96eecb1ab,ch01_00000000121000000.mp4,
344,13414,car,3ang_umum,3ang_umum,Public Transportation (Angkot),3,Medium passenger vehicle,3Ang_umum,2,Line 2,opposite,1215.4618,24311,0.8565,aa4719c1-f9e6-43f3-801f-c47d1b6cc05f,e2b5d1af-611f-418e-93d3-019b7b7ef4af,123,lembang,cikatomas pakidulan joszzz,,,ffa3dbf4-959a-424a-bec7-45b96eecb1ab,ch01_00000000121000000.mp4,
345,13472,motorcycle,1motor,1motor,Motorcycle,1,Motorcycle / 3-wheel vehicle,1motor,1,Line 1,opposite,1216.8117,24338,0.8687,aa4719c1-f9e6-43f3-801f-c47d1b6cc05f,e2b5d1af-611f-418e-93d3-019b7b7ef4af,123,lembang,cikatomas pakidulan joszzz,,,ffa3dbf4-959a-424a-bec7-45b96eecb1ab,ch01_00000000121000000.mp4,
346,13472,motorcycle,1motor,1motor,Motorcycle,1,Motorcycle / 3-wheel vehicle,1motor,2,Line 2,opposite,1217.4116,24350,0.8427,aa4719c1-f9e6-43f3-801f-c47d1b6cc05f,e2b5d1af-611f-418e-93d3-019b7b7ef4af,123,lembang,cikatomas pakidulan joszzz,,,ffa3dbf4-959a-424a-bec7-45b96eecb1ab,ch01_00000000121000000.mp4,
347,13502,motorcycle,1motor,1motor,Motorcycle,1,Motorcycle / 3-wheel vehicle,1motor,1,Line 1,opposite,1218.5615,24373,0.8871,aa4719c1-f9e6-43f3-801f-c47d1b6cc05f,e2b5d1af-611f-418e-93d3-019b7b7ef4af,123,lembang,cikatomas pakidulan joszzz,,,ffa3dbf4-959a-424a-bec7-45b96eecb1ab,ch01_00000000121000000.mp4,
348,13502,motorcycle,1motor,1motor,Motorcycle,1,Motorcycle / 3-wheel vehicle,1motor,2,Line 2,opposite,1219.3115,24388,0.8697,aa4719c1-f9e6-43f3-801f-c47d1b6cc05f,e2b5d1af-611f-418e-93d3-019b7b7ef4af,123,lembang,cikatomas pakidulan joszzz,,,ffa3dbf4-959a-424a-bec7-45b96eecb1ab,ch01_00000000121000000.mp4,
349,13538,motorcycle,1motor,1motor,Motorcycle,1,Motorcycle / 3-wheel vehicle,1motor,1,Line 1,opposite,1221.3113,24428,0.8902,aa4719c1-f9e6-43f3-801f-c47d1b6cc05f,e2b5d1af-611f-418e-93d3-019b7b7ef4af,123,lembang,cikatomas pakidulan joszzz,,,ffa3dbf4-959a-424a-bec7-45b96eecb1ab,ch01_00000000121000000.mp4,
350,13538,motorcycle,1motor,1motor,Motorcycle,1,Motorcycle / 3-wheel vehicle,1motor,2,Line 2,opposite,1222.0113,24442,0.8375,aa4719c1-f9e6-43f3-801f-c47d1b6cc05f,e2b5d1af-611f-418e-93d3-019b7b7ef4af,123,lembang,cikatomas pakidulan joszzz,,,ffa3dbf4-959a-424a-bec7-45b96eecb1ab,ch01_00000000121000000.mp4,
351,13557,motorcycle,1motor,1motor,Motorcycle,1,Motorcycle / 3-wheel vehicle,1motor,1,Line 1,opposite,1222.7112,24456,0.8612,aa4719c1-f9e6-43f3-801f-c47d1b6cc05f,e2b5d1af-611f-418e-93d3-019b7b7ef4af,123,lembang,cikatomas pakidulan joszzz,,,ffa3dbf4-959a-424a-bec7-45b96eecb1ab,ch01_00000000121000000.mp4,
352,13557,motorcycle,1motor,1motor,Motorcycle,1,Motorcycle / 3-wheel vehicle,1motor,2,Line 2,opposite,1223.4112,24470,0.7452,aa4719c1-f9e6-43f3-801f-c47d1b6cc05f,e2b5d1af-611f-418e-93d3-019b7b7ef4af,123,lembang,cikatomas pakidulan joszzz,,,ffa3dbf4-959a-424a-bec7-45b96eecb1ab,ch01_00000000121000000.mp4,
353,13606,motorcycle,1motor,1motor,Motorcycle,1,Motorcycle / 3-wheel vehicle,1motor,1,Line 1,opposite,1226.711,24536,0.8968,aa4719c1-f9e6-43f3-801f-c47d1b6cc05f,e2b5d1af-611f-418e-93d3-019b7b7ef4af,123,lembang,cikatomas pakidulan joszzz,,,ffa3dbf4-959a-424a-bec7-45b96eecb1ab,ch01_00000000121000000.mp4,
354,13606,motorcycle,1motor,1motor,Motorcycle,1,Motorcycle / 3-wheel vehicle,1motor,2,Line 2,opposite,1227.6109,24554,0.8048,aa4719c1-f9e6-43f3-801f-c47d1b6cc05f,e2b5d1af-611f-418e-93d3-019b7b7ef4af,123,lembang,cikatomas pakidulan joszzz,,,ffa3dbf4-959a-424a-bec7-45b96eecb1ab,ch01_00000000121000000.mp4,
355,13749,motorcycle,1motor,1motor,Motorcycle,1,Motorcycle / 3-wheel vehicle,1motor,2,Line 2,normal,1234.7104,24696,0.715,aa4719c1-f9e6-43f3-801f-c47d1b6cc05f,e2b5d1af-611f-418e-93d3-019b7b7ef4af,123,lembang,cikatomas pakidulan joszzz,,,ffa3dbf4-959a-424a-bec7-45b96eecb1ab,ch01_00000000121000000.mp4,
356,13749,motorcycle,1motor,1motor,Motorcycle,1,Motorcycle / 3-wheel vehicle,1motor,1,Line 1,normal,1235.6603,24715,0.701,aa4719c1-f9e6-43f3-801f-c47d1b6cc05f,e2b5d1af-611f-418e-93d3-019b7b7ef4af,123,lembang,cikatomas pakidulan joszzz,,,ffa3dbf4-959a-424a-bec7-45b96eecb1ab,ch01_00000000121000000.mp4,
357,13863,motorcycle,1motor,1motor,Motorcycle,1,Motorcycle / 3-wheel vehicle,1motor,1,Line 1,opposite,1242.3598,24849,0.8647,aa4719c1-f9e6-43f3-801f-c47d1b6cc05f,e2b5d1af-611f-418e-93d3-019b7b7ef4af,123,lembang,cikatomas pakidulan joszzz,,,ffa3dbf4-959a-424a-bec7-45b96eecb1ab,ch01_00000000121000000.mp4,
358,13863,motorcycle,1motor,1motor,Motorcycle,1,Motorcycle / 3-wheel vehicle,1motor,2,Line 2,opposite,1243.2597,24867,0.8563,aa4719c1-f9e6-43f3-801f-c47d1b6cc05f,e2b5d1af-611f-418e-93d3-019b7b7ef4af,123,lembang,cikatomas pakidulan joszzz,,,ffa3dbf4-959a-424a-bec7-45b96eecb1ab,ch01_00000000121000000.mp4,
359,13908,motorcycle,1motor,1motor,Motorcycle,1,Motorcycle / 3-wheel vehicle,1motor,1,Line 1,opposite,1249.5593,24993,0.8759,aa4719c1-f9e6-43f3-801f-c47d1b6cc05f,e2b5d1af-611f-418e-93d3-019b7b7ef4af,123,lembang,cikatomas pakidulan joszzz,,,ffa3dbf4-959a-424a-bec7-45b96eecb1ab,ch01_00000000121000000.mp4,
360,13908,motorcycle,1motor,1motor,Motorcycle,1,Motorcycle / 3-wheel vehicle,1motor,2,Line 2,opposite,1250.0093,25002,0.8498,aa4719c1-f9e6-43f3-801f-c47d1b6cc05f,e2b5d1af-611f-418e-93d3-019b7b7ef4af,123,lembang,cikatomas pakidulan joszzz,,,ffa3dbf4-959a-424a-bec7-45b96eecb1ab,ch01_00000000121000000.mp4,
361,13918,car,3ang_umum,3ang_umum,Public Transportation (Angkot),3,Medium passenger vehicle,3Ang_umum,1,Line 1,opposite,1251.3092,25028,0.9324,aa4719c1-f9e6-43f3-801f-c47d1b6cc05f,e2b5d1af-611f-418e-93d3-019b7b7ef4af,123,lembang,cikatomas pakidulan joszzz,,,ffa3dbf4-959a-424a-bec7-45b96eecb1ab,ch01_00000000121000000.mp4,
362,13918,car,3ang_umum,3ang_umum,Public Transportation (Angkot),3,Medium passenger vehicle,3Ang_umum,2,Line 2,opposite,1251.8591,25039,0.9235,aa4719c1-f9e6-43f3-801f-c47d1b6cc05f,e2b5d1af-611f-418e-93d3-019b7b7ef4af,123,lembang,cikatomas pakidulan joszzz,,,ffa3dbf4-959a-424a-bec7-45b96eecb1ab,ch01_00000000121000000.mp4,
363,13946,truck,4pickupmicro,4PickupMicro,Pickup / Micro Truck,4,Pickup / micro truck / delivery,4PickupMicro,1,Line 1,opposite,1253.459,25071,0.7728,aa4719c1-f9e6-43f3-801f-c47d1b6cc05f,e2b5d1af-611f-418e-93d3-019b7b7ef4af,123,lembang,cikatomas pakidulan joszzz,,,ffa3dbf4-959a-424a-bec7-45b96eecb1ab,ch01_00000000121000000.mp4,
364,13946,car,2mobil,2mobil,Car / Sedan,2,Sedan / jeep / station wagon,2mobil,2,Line 2,opposite,1253.909,25080,0.9276,aa4719c1-f9e6-43f3-801f-c47d1b6cc05f,e2b5d1af-611f-418e-93d3-019b7b7ef4af,123,lembang,cikatomas pakidulan joszzz,,,ffa3dbf4-959a-424a-bec7-45b96eecb1ab,ch01_00000000121000000.mp4,
365,13996,car,2mobil,2mobil,Car / Sedan,2,Sedan / jeep / station wagon,2mobil,2,Line 2,normal,1260.8085,25218,0.8784,aa4719c1-f9e6-43f3-801f-c47d1b6cc05f,e2b5d1af-611f-418e-93d3-019b7b7ef4af,123,lembang,cikatomas pakidulan joszzz,,,ffa3dbf4-959a-424a-bec7-45b96eecb1ab,ch01_00000000121000000.mp4,
366,13996,car,2mobil,2mobil,Car / Sedan,2,Sedan / jeep / station wagon,2mobil,1,Line 1,normal,1261.3584,25229,0.901,aa4719c1-f9e6-43f3-801f-c47d1b6cc05f,e2b5d1af-611f-418e-93d3-019b7b7ef4af,123,lembang,cikatomas pakidulan joszzz,,,ffa3dbf4-959a-424a-bec7-45b96eecb1ab,ch01_00000000121000000.mp4,
367,14024,car,2mobil,2mobil,Car / Sedan,2,Sedan / jeep / station wagon,2mobil,2,Line 2,normal,1262.1584,25245,0.8091,aa4719c1-f9e6-43f3-801f-c47d1b6cc05f,e2b5d1af-611f-418e-93d3-019b7b7ef4af,123,lembang,cikatomas pakidulan joszzz,,,ffa3dbf4-959a-424a-bec7-45b96eecb1ab,ch01_00000000121000000.mp4,
368,14024,car,2mobil,2mobil,Car / Sedan,2,Sedan / jeep / station wagon,2mobil,1,Line 1,normal,1262.7083,25256,0.8884,aa4719c1-f9e6-43f3-801f-c47d1b6cc05f,e2b5d1af-611f-418e-93d3-019b7b7ef4af,123,lembang,cikatomas pakidulan joszzz,,,ffa3dbf4-959a-424a-bec7-45b96eecb1ab,ch01_00000000121000000.mp4,
369,14080,motorcycle,1motor,1motor,Motorcycle,1,Motorcycle / 3-wheel vehicle,1motor,1,Line 1,opposite,1266.908,25340,0.8893,aa4719c1-f9e6-43f3-801f-c47d1b6cc05f,e2b5d1af-611f-418e-93d3-019b7b7ef4af,123,lembang,cikatomas pakidulan joszzz,,,ffa3dbf4-959a-424a-bec7-45b96eecb1ab,ch01_00000000121000000.mp4,
370,14080,motorcycle,1motor,1motor,Motorcycle,1,Motorcycle / 3-wheel vehicle,1motor,2,Line 2,opposite,1267.558,25353,0.8443,aa4719c1-f9e6-43f3-801f-c47d1b6cc05f,e2b5d1af-611f-418e-93d3-019b7b7ef4af,123,lembang,cikatomas pakidulan joszzz,,,ffa3dbf4-959a-424a-bec7-45b96eecb1ab,ch01_00000000121000000.mp4,
371,14087,motorcycle,1motor,1motor,Motorcycle,1,Motorcycle / 3-wheel vehicle,1motor,1,Line 1,opposite,1267.558,25353,0.826,aa4719c1-f9e6-43f3-801f-c47d1b6cc05f,e2b5d1af-611f-418e-93d3-019b7b7ef4af,123,lembang,cikatomas pakidulan joszzz,,,ffa3dbf4-959a-424a-bec7-45b96eecb1ab,ch01_00000000121000000.mp4,
372,14089,motorcycle,1motor,1motor,Motorcycle,1,Motorcycle / 3-wheel vehicle,1motor,1,Line 1,opposite,1267.708,25356,0.8631,aa4719c1-f9e6-43f3-801f-c47d1b6cc05f,e2b5d1af-611f-418e-93d3-019b7b7ef4af,123,lembang,cikatomas pakidulan joszzz,,,ffa3dbf4-959a-424a-bec7-45b96eecb1ab,ch01_00000000121000000.mp4,
373,14087,motorcycle,1motor,1motor,Motorcycle,1,Motorcycle / 3-wheel vehicle,1motor,2,Line 2,opposite,1268.3579,25369,0.8156,aa4719c1-f9e6-43f3-801f-c47d1b6cc05f,e2b5d1af-611f-418e-93d3-019b7b7ef4af,123,lembang,cikatomas pakidulan joszzz,,,ffa3dbf4-959a-424a-bec7-45b96eecb1ab,ch01_00000000121000000.mp4,
374,14089,motorcycle,1motor,1motor,Motorcycle,1,Motorcycle / 3-wheel vehicle,1motor,2,Line 2,opposite,1268.5079,25372,0.7883,aa4719c1-f9e6-43f3-801f-c47d1b6cc05f,e2b5d1af-611f-418e-93d3-019b7b7ef4af,123,lembang,cikatomas pakidulan joszzz,,,ffa3dbf4-959a-424a-bec7-45b96eecb1ab,ch01_00000000121000000.mp4,
375,14112,motorcycle,1motor,1motor,Motorcycle,1,Motorcycle / 3-wheel vehicle,1motor,1,Line 1,opposite,1271.8577,25439,0.8944,aa4719c1-f9e6-43f3-801f-c47d1b6cc05f,e2b5d1af-611f-418e-93d3-019b7b7ef4af,123,lembang,cikatomas pakidulan joszzz,,,ffa3dbf4-959a-424a-bec7-45b96eecb1ab,ch01_00000000121000000.mp4,
376,14112,motorcycle,1motor,1motor,Motorcycle,1,Motorcycle / 3-wheel vehicle,1motor,2,Line 2,opposite,1272.9076,25460,0.8588,aa4719c1-f9e6-43f3-801f-c47d1b6cc05f,e2b5d1af-611f-418e-93d3-019b7b7ef4af,123,lembang,cikatomas pakidulan joszzz,,,ffa3dbf4-959a-424a-bec7-45b96eecb1ab,ch01_00000000121000000.mp4,
377,14143,motorcycle,1motor,1motor,Motorcycle,1,Motorcycle / 3-wheel vehicle,1motor,1,Line 1,opposite,1275.0074,25502,0.8999,aa4719c1-f9e6-43f3-801f-c47d1b6cc05f,e2b5d1af-611f-418e-93d3-019b7b7ef4af,123,lembang,cikatomas pakidulan joszzz,,,ffa3dbf4-959a-424a-bec7-45b96eecb1ab,ch01_00000000121000000.mp4,
378,14143,motorcycle,1motor,1motor,Motorcycle,1,Motorcycle / 3-wheel vehicle,1motor,2,Line 2,opposite,1276.1074,25524,0.8415,aa4719c1-f9e6-43f3-801f-c47d1b6cc05f,e2b5d1af-611f-418e-93d3-019b7b7ef4af,123,lembang,cikatomas pakidulan joszzz,,,ffa3dbf4-959a-424a-bec7-45b96eecb1ab,ch01_00000000121000000.mp4,
379,14276,car,2mobil,2mobil,Car / Sedan,2,Sedan / jeep / station wagon,2mobil,2,Line 2,normal,1282.7069,25656,0.4912,aa4719c1-f9e6-43f3-801f-c47d1b6cc05f,e2b5d1af-611f-418e-93d3-019b7b7ef4af,123,lembang,cikatomas pakidulan joszzz,,,ffa3dbf4-959a-424a-bec7-45b96eecb1ab,ch01_00000000121000000.mp4,
380,14276,truck,4pickupmicro,4PickupMicro,Pickup / Micro Truck,4,Pickup / micro truck / delivery,4PickupMicro,1,Line 1,normal,1283.3568,25669,0.9173,aa4719c1-f9e6-43f3-801f-c47d1b6cc05f,e2b5d1af-611f-418e-93d3-019b7b7ef4af,123,lembang,cikatomas pakidulan joszzz,,,ffa3dbf4-959a-424a-bec7-45b96eecb1ab,ch01_00000000121000000.mp4,
381,14738,car,2mobil,2mobil,Car / Sedan,2,Sedan / jeep / station wagon,2mobil,2,Line 2,normal,1315.1545,26305,0.8669,aa4719c1-f9e6-43f3-801f-c47d1b6cc05f,e2b5d1af-611f-418e-93d3-019b7b7ef4af,123,lembang,cikatomas pakidulan joszzz,,,ffa3dbf4-959a-424a-bec7-45b96eecb1ab,ch01_00000000121000000.mp4,
382,14738,car,2mobil,2mobil,Car / Sedan,2,Sedan / jeep / station wagon,2mobil,1,Line 1,normal,1315.7545,26317,0.9142,aa4719c1-f9e6-43f3-801f-c47d1b6cc05f,e2b5d1af-611f-418e-93d3-019b7b7ef4af,123,lembang,cikatomas pakidulan joszzz,,,ffa3dbf4-959a-424a-bec7-45b96eecb1ab,ch01_00000000121000000.mp4,
383,14780,car,2mobil,2mobil,Car / Sedan,2,Sedan / jeep / station wagon,2mobil,1,Line 1,opposite,1318.5543,26373,0.5252,aa4719c1-f9e6-43f3-801f-c47d1b6cc05f,e2b5d1af-611f-418e-93d3-019b7b7ef4af,123,lembang,cikatomas pakidulan joszzz,,,ffa3dbf4-959a-424a-bec7-45b96eecb1ab,ch01_00000000121000000.mp4,
384,14780,car,2mobil,2mobil,Car / Sedan,2,Sedan / jeep / station wagon,2mobil,2,Line 2,opposite,1319.1042,26384,0.9049,aa4719c1-f9e6-43f3-801f-c47d1b6cc05f,e2b5d1af-611f-418e-93d3-019b7b7ef4af,123,lembang,cikatomas pakidulan joszzz,,,ffa3dbf4-959a-424a-bec7-45b96eecb1ab,ch01_00000000121000000.mp4,
385,14786,motorcycle,1motor,1motor,Motorcycle,1,Motorcycle / 3-wheel vehicle,1motor,2,Line 2,opposite,1319.2042,26386,0.6279,aa4719c1-f9e6-43f3-801f-c47d1b6cc05f,e2b5d1af-611f-418e-93d3-019b7b7ef4af,123,lembang,cikatomas pakidulan joszzz,,,ffa3dbf4-959a-424a-bec7-45b96eecb1ab,ch01_00000000121000000.mp4,
386,15072,motorcycle,1motor,1motor,Motorcycle,1,Motorcycle / 3-wheel vehicle,1motor,1,Line 1,opposite,1338.4528,26771,0.8804,aa4719c1-f9e6-43f3-801f-c47d1b6cc05f,e2b5d1af-611f-418e-93d3-019b7b7ef4af,123,lembang,cikatomas pakidulan joszzz,,,ffa3dbf4-959a-424a-bec7-45b96eecb1ab,ch01_00000000121000000.mp4,
387,15072,motorcycle,1motor,1motor,Motorcycle,1,Motorcycle / 3-wheel vehicle,1motor,2,Line 2,opposite,1339.1028,26784,0.8214,aa4719c1-f9e6-43f3-801f-c47d1b6cc05f,e2b5d1af-611f-418e-93d3-019b7b7ef4af,123,lembang,cikatomas pakidulan joszzz,,,ffa3dbf4-959a-424a-bec7-45b96eecb1ab,ch01_00000000121000000.mp4,
388,15131,motorcycle,1motor,1motor,Motorcycle,1,Motorcycle / 3-wheel vehicle,1motor,1,Line 1,normal,1347.4022,26950,0.6757,aa4719c1-f9e6-43f3-801f-c47d1b6cc05f,e2b5d1af-611f-418e-93d3-019b7b7ef4af,123,lembang,cikatomas pakidulan joszzz,,,ffa3dbf4-959a-424a-bec7-45b96eecb1ab,ch01_00000000121000000.mp4,
389,15130,motorcycle,1motor,1motor,Motorcycle,1,Motorcycle / 3-wheel vehicle,1motor,1,Line 1,normal,1347.7522,26957,0.7755,aa4719c1-f9e6-43f3-801f-c47d1b6cc05f,e2b5d1af-611f-418e-93d3-019b7b7ef4af,123,lembang,cikatomas pakidulan joszzz,,,ffa3dbf4-959a-424a-bec7-45b96eecb1ab,ch01_00000000121000000.mp4,
390,15230,car,2mobil,2mobil,Car / Sedan,2,Sedan / jeep / station wagon,2mobil,1,Line 1,opposite,1354.0017,27082,0.8909,aa4719c1-f9e6-43f3-801f-c47d1b6cc05f,e2b5d1af-611f-418e-93d3-019b7b7ef4af,123,lembang,cikatomas pakidulan joszzz,,,ffa3dbf4-959a-424a-bec7-45b96eecb1ab,ch01_00000000121000000.mp4,
391,15230,car,2mobil,2mobil,Car / Sedan,2,Sedan / jeep / station wagon,2mobil,2,Line 2,opposite,1354.5517,27093,0.9177,aa4719c1-f9e6-43f3-801f-c47d1b6cc05f,e2b5d1af-611f-418e-93d3-019b7b7ef4af,123,lembang,cikatomas pakidulan joszzz,,,ffa3dbf4-959a-424a-bec7-45b96eecb1ab,ch01_00000000121000000.mp4,
392,15351,car,2mobil,2mobil,Car / Sedan,2,Sedan / jeep / station wagon,2mobil,1,Line 1,opposite,1366.5508,27333,0.8833,aa4719c1-f9e6-43f3-801f-c47d1b6cc05f,e2b5d1af-611f-418e-93d3-019b7b7ef4af,123,lembang,cikatomas pakidulan joszzz,,,ffa3dbf4-959a-424a-bec7-45b96eecb1ab,ch01_00000000121000000.mp4,
393,15351,car,2mobil,2mobil,Car / Sedan,2,Sedan / jeep / station wagon,2mobil,2,Line 2,opposite,1367.1008,27344,0.8872,aa4719c1-f9e6-43f3-801f-c47d1b6cc05f,e2b5d1af-611f-418e-93d3-019b7b7ef4af,123,lembang,cikatomas pakidulan joszzz,,,ffa3dbf4-959a-424a-bec7-45b96eecb1ab,ch01_00000000121000000.mp4,
394,15401,motorcycle,1motor,1motor,Motorcycle,1,Motorcycle / 3-wheel vehicle,1motor,1,Line 1,opposite,1370.7005,27416,0.8038,aa4719c1-f9e6-43f3-801f-c47d1b6cc05f,e2b5d1af-611f-418e-93d3-019b7b7ef4af,123,lembang,cikatomas pakidulan joszzz,,,ffa3dbf4-959a-424a-bec7-45b96eecb1ab,ch01_00000000121000000.mp4,
395,15401,motorcycle,1motor,1motor,Motorcycle,1,Motorcycle / 3-wheel vehicle,1motor,2,Line 2,opposite,1371.2005,27426,0.8571,aa4719c1-f9e6-43f3-801f-c47d1b6cc05f,e2b5d1af-611f-418e-93d3-019b7b7ef4af,123,lembang,cikatomas pakidulan joszzz,,,ffa3dbf4-959a-424a-bec7-45b96eecb1ab,ch01_00000000121000000.mp4,
396,15416,motorcycle,1motor,1motor,Motorcycle,1,Motorcycle / 3-wheel vehicle,1motor,1,Line 1,opposite,1375.0002,27502,0.873,aa4719c1-f9e6-43f3-801f-c47d1b6cc05f,e2b5d1af-611f-418e-93d3-019b7b7ef4af,123,lembang,cikatomas pakidulan joszzz,,,ffa3dbf4-959a-424a-bec7-45b96eecb1ab,ch01_00000000121000000.mp4,
397,15416,motorcycle,1motor,1motor,Motorcycle,1,Motorcycle / 3-wheel vehicle,1motor,2,Line 2,opposite,1375.6001,27514,0.7017,aa4719c1-f9e6-43f3-801f-c47d1b6cc05f,e2b5d1af-611f-418e-93d3-019b7b7ef4af,123,lembang,cikatomas pakidulan joszzz,,,ffa3dbf4-959a-424a-bec7-45b96eecb1ab,ch01_00000000121000000.mp4,
398,15456,motorcycle,1motor,1motor,Motorcycle,1,Motorcycle / 3-wheel vehicle,1motor,2,Line 2,normal,1382.9496,27661,0.7149,aa4719c1-f9e6-43f3-801f-c47d1b6cc05f,e2b5d1af-611f-418e-93d3-019b7b7ef4af,123,lembang,cikatomas pakidulan joszzz,,,ffa3dbf4-959a-424a-bec7-45b96eecb1ab,ch01_00000000121000000.mp4,
399,15459,motorcycle,1motor,1motor,Motorcycle,1,Motorcycle / 3-wheel vehicle,1motor,1,Line 1,opposite,1383.2496,27667,0.8909,aa4719c1-f9e6-43f3-801f-c47d1b6cc05f,e2b5d1af-611f-418e-93d3-019b7b7ef4af,123,lembang,cikatomas pakidulan joszzz,,,ffa3dbf4-959a-424a-bec7-45b96eecb1ab,ch01_00000000121000000.mp4,
400,15459,motorcycle,1motor,1motor,Motorcycle,1,Motorcycle / 3-wheel vehicle,1motor,2,Line 2,opposite,1383.9995,27682,0.8552,aa4719c1-f9e6-43f3-801f-c47d1b6cc05f,e2b5d1af-611f-418e-93d3-019b7b7ef4af,123,lembang,cikatomas pakidulan joszzz,,,ffa3dbf4-959a-424a-bec7-45b96eecb1ab,ch01_00000000121000000.mp4,
401,15523,motorcycle,1motor,1motor,Motorcycle,1,Motorcycle / 3-wheel vehicle,1motor,1,Line 1,opposite,1388.7492,27777,0.8955,aa4719c1-f9e6-43f3-801f-c47d1b6cc05f,e2b5d1af-611f-418e-93d3-019b7b7ef4af,123,lembang,cikatomas pakidulan joszzz,,,ffa3dbf4-959a-424a-bec7-45b96eecb1ab,ch01_00000000121000000.mp4,
402,15523,motorcycle,1motor,1motor,Motorcycle,1,Motorcycle / 3-wheel vehicle,1motor,2,Line 2,opposite,1389.6491,27795,0.8542,aa4719c1-f9e6-43f3-801f-c47d1b6cc05f,e2b5d1af-611f-418e-93d3-019b7b7ef4af,123,lembang,cikatomas pakidulan joszzz,,,ffa3dbf4-959a-424a-bec7-45b96eecb1ab,ch01_00000000121000000.mp4,
403,15543,car,3ang_umum,3ang_umum,Public Transportation (Angkot),3,Medium passenger vehicle,3Ang_umum,1,Line 1,opposite,1391.899,27840,0.6628,aa4719c1-f9e6-43f3-801f-c47d1b6cc05f,e2b5d1af-611f-418e-93d3-019b7b7ef4af,123,lembang,cikatomas pakidulan joszzz,,,ffa3dbf4-959a-424a-bec7-45b96eecb1ab,ch01_00000000121000000.mp4,
404,15543,car,2mobil,2mobil,Car / Sedan,2,Sedan / jeep / station wagon,2mobil,2,Line 2,opposite,1392.7489,27857,0.9105,aa4719c1-f9e6-43f3-801f-c47d1b6cc05f,e2b5d1af-611f-418e-93d3-019b7b7ef4af,123,lembang,cikatomas pakidulan joszzz,,,ffa3dbf4-959a-424a-bec7-45b96eecb1ab,ch01_00000000121000000.mp4,
405,15609,motorcycle,1motor,1motor,Motorcycle,1,Motorcycle / 3-wheel vehicle,1motor,2,Line 2,normal,1395.2487,27907,0.7843,aa4719c1-f9e6-43f3-801f-c47d1b6cc05f,e2b5d1af-611f-418e-93d3-019b7b7ef4af,123,lembang,cikatomas pakidulan joszzz,,,ffa3dbf4-959a-424a-bec7-45b96eecb1ab,ch01_00000000121000000.mp4,
406,15609,motorcycle,1motor,1motor,Motorcycle,1,Motorcycle / 3-wheel vehicle,1motor,1,Line 1,normal,1396.1986,27926,0.7376,aa4719c1-f9e6-43f3-801f-c47d1b6cc05f,e2b5d1af-611f-418e-93d3-019b7b7ef4af,123,lembang,cikatomas pakidulan joszzz,,,ffa3dbf4-959a-424a-bec7-45b96eecb1ab,ch01_00000000121000000.mp4,
407,15753,motorcycle,1motor,1motor,Motorcycle,1,Motorcycle / 3-wheel vehicle,1motor,1,Line 1,opposite,1403.5981,28074,0.878,aa4719c1-f9e6-43f3-801f-c47d1b6cc05f,e2b5d1af-611f-418e-93d3-019b7b7ef4af,123,lembang,cikatomas pakidulan joszzz,,,ffa3dbf4-959a-424a-bec7-45b96eecb1ab,ch01_00000000121000000.mp4,
408,15753,motorcycle,1motor,1motor,Motorcycle,1,Motorcycle / 3-wheel vehicle,1motor,2,Line 2,opposite,1404.1481,28085,0.8536,aa4719c1-f9e6-43f3-801f-c47d1b6cc05f,e2b5d1af-611f-418e-93d3-019b7b7ef4af,123,lembang,cikatomas pakidulan joszzz,,,ffa3dbf4-959a-424a-bec7-45b96eecb1ab,ch01_00000000121000000.mp4,
409,15863,car,2mobil,2mobil,Car / Sedan,2,Sedan / jeep / station wagon,2mobil,1,Line 1,opposite,1413.4474,28271,0.9186,aa4719c1-f9e6-43f3-801f-c47d1b6cc05f,e2b5d1af-611f-418e-93d3-019b7b7ef4af,123,lembang,cikatomas pakidulan joszzz,,,ffa3dbf4-959a-424a-bec7-45b96eecb1ab,ch01_00000000121000000.mp4,
410,15855,motorcycle,1motor,1motor,Motorcycle,1,Motorcycle / 3-wheel vehicle,1motor,1,Line 1,normal,1414.2473,28287,0.7509,aa4719c1-f9e6-43f3-801f-c47d1b6cc05f,e2b5d1af-611f-418e-93d3-019b7b7ef4af,123,lembang,cikatomas pakidulan joszzz,,,ffa3dbf4-959a-424a-bec7-45b96eecb1ab,ch01_00000000121000000.mp4,
411,15863,car,2mobil,2mobil,Car / Sedan,2,Sedan / jeep / station wagon,2mobil,2,Line 2,opposite,1414.7473,28297,0.9122,aa4719c1-f9e6-43f3-801f-c47d1b6cc05f,e2b5d1af-611f-418e-93d3-019b7b7ef4af,123,lembang,cikatomas pakidulan joszzz,,,ffa3dbf4-959a-424a-bec7-45b96eecb1ab,ch01_00000000121000000.mp4,
412,15899,motorcycle,1motor,1motor,Motorcycle,1,Motorcycle / 3-wheel vehicle,1motor,2,Line 2,normal,1414.7973,28298,0.7939,aa4719c1-f9e6-43f3-801f-c47d1b6cc05f,e2b5d1af-611f-418e-93d3-019b7b7ef4af,123,lembang,cikatomas pakidulan joszzz,,,ffa3dbf4-959a-424a-bec7-45b96eecb1ab,ch01_00000000121000000.mp4,
413,15899,motorcycle,1motor,1motor,Motorcycle,1,Motorcycle / 3-wheel vehicle,1motor,1,Line 1,normal,1416.1972,28326,0.7325,aa4719c1-f9e6-43f3-801f-c47d1b6cc05f,e2b5d1af-611f-418e-93d3-019b7b7ef4af,123,lembang,cikatomas pakidulan joszzz,,,ffa3dbf4-959a-424a-bec7-45b96eecb1ab,ch01_00000000121000000.mp4,
414,15919,car,3ang_umum,3ang_umum,Public Transportation (Angkot),3,Medium passenger vehicle,3Ang_umum,1,Line 1,opposite,1416.5972,28334,0.9244,aa4719c1-f9e6-43f3-801f-c47d1b6cc05f,e2b5d1af-611f-418e-93d3-019b7b7ef4af,123,lembang,cikatomas pakidulan joszzz,,,ffa3dbf4-959a-424a-bec7-45b96eecb1ab,ch01_00000000121000000.mp4,
415,15919,car,2mobil,2mobil,Car / Sedan,2,Sedan / jeep / station wagon,2mobil,2,Line 2,opposite,1417.3971,28350,0.9227,aa4719c1-f9e6-43f3-801f-c47d1b6cc05f,e2b5d1af-611f-418e-93d3-019b7b7ef4af,123,lembang,cikatomas pakidulan joszzz,,,ffa3dbf4-959a-424a-bec7-45b96eecb1ab,ch01_00000000121000000.mp4,
416,16067,motorcycle,1motor,1motor,Motorcycle,1,Motorcycle / 3-wheel vehicle,1motor,1,Line 1,opposite,1427.1964,28546,0.7841,aa4719c1-f9e6-43f3-801f-c47d1b6cc05f,e2b5d1af-611f-418e-93d3-019b7b7ef4af,123,lembang,cikatomas pakidulan joszzz,,,ffa3dbf4-959a-424a-bec7-45b96eecb1ab,ch01_00000000121000000.mp4,
417,16067,motorcycle,1motor,1motor,Motorcycle,1,Motorcycle / 3-wheel vehicle,1motor,2,Line 2,opposite,1428.5963,28574,0.8957,aa4719c1-f9e6-43f3-801f-c47d1b6cc05f,e2b5d1af-611f-418e-93d3-019b7b7ef4af,123,lembang,cikatomas pakidulan joszzz,,,ffa3dbf4-959a-424a-bec7-45b96eecb1ab,ch01_00000000121000000.mp4,
418,16233,truck,6tr_2sumbu,6TR_2sumbu,2-Axle Truck (Jumbo),6,2-Axle Truck,6TR_2sumbu,1,Line 1,opposite,1440.5954,28814,0.9228,aa4719c1-f9e6-43f3-801f-c47d1b6cc05f,e2b5d1af-611f-418e-93d3-019b7b7ef4af,123,lembang,cikatomas pakidulan joszzz,,,ffa3dbf4-959a-424a-bec7-45b96eecb1ab,ch01_00000000121000000.mp4,
419,16233,truck,6tr_2sumbu,6TR_2sumbu,2-Axle Truck (Jumbo),6,2-Axle Truck,6TR_2sumbu,2,Line 2,opposite,1441.2454,28827,0.7241,aa4719c1-f9e6-43f3-801f-c47d1b6cc05f,e2b5d1af-611f-418e-93d3-019b7b7ef4af,123,lembang,cikatomas pakidulan joszzz,,,ffa3dbf4-959a-424a-bec7-45b96eecb1ab,ch01_00000000121000000.mp4,
420,16253,car,3ang_umum,3ang_umum,Public Transportation (Angkot),3,Medium passenger vehicle,3Ang_umum,2,Line 2,opposite,1441.2954,28828,0.7883,aa4719c1-f9e6-43f3-801f-c47d1b6cc05f,e2b5d1af-611f-418e-93d3-019b7b7ef4af,123,lembang,cikatomas pakidulan joszzz,,,ffa3dbf4-959a-424a-bec7-45b96eecb1ab,ch01_00000000121000000.mp4,
421,16261,car,2mobil,2mobil,Car / Sedan,2,Sedan / jeep / station wagon,2mobil,1,Line 1,normal,1442.1453,28845,0.9309,aa4719c1-f9e6-43f3-801f-c47d1b6cc05f,e2b5d1af-611f-418e-93d3-019b7b7ef4af,123,lembang,cikatomas pakidulan joszzz,,,ffa3dbf4-959a-424a-bec7-45b96eecb1ab,ch01_00000000121000000.mp4,
422,16293,motorcycle,1motor,1motor,Motorcycle,1,Motorcycle / 3-wheel vehicle,1motor,1,Line 1,opposite,1444.8951,28900,0.886,aa4719c1-f9e6-43f3-801f-c47d1b6cc05f,e2b5d1af-611f-418e-93d3-019b7b7ef4af,123,lembang,cikatomas pakidulan joszzz,,,ffa3dbf4-959a-424a-bec7-45b96eecb1ab,ch01_00000000121000000.mp4,
423,16293,motorcycle,1motor,1motor,Motorcycle,1,Motorcycle / 3-wheel vehicle,1motor,2,Line 2,opposite,1445.995,28922,0.8301,aa4719c1-f9e6-43f3-801f-c47d1b6cc05f,e2b5d1af-611f-418e-93d3-019b7b7ef4af,123,lembang,cikatomas pakidulan joszzz,,,ffa3dbf4-959a-424a-bec7-45b96eecb1ab,ch01_00000000121000000.mp4,
424,16375,truck,6tr_2sumbu,6TR_2sumbu,2-Axle Truck (Jumbo),6,2-Axle Truck,6TR_2sumbu,1,Line 1,opposite,1451.3446,29029,0.9322,aa4719c1-f9e6-43f3-801f-c47d1b6cc05f,e2b5d1af-611f-418e-93d3-019b7b7ef4af,123,lembang,cikatomas pakidulan joszzz,,,ffa3dbf4-959a-424a-bec7-45b96eecb1ab,ch01_00000000121000000.mp4,
425,16375,truck,6tr_2sumbu,6TR_2sumbu,2-Axle Truck (Jumbo),6,2-Axle Truck,6TR_2sumbu,2,Line 2,opposite,1451.9946,29042,0.9274,aa4719c1-f9e6-43f3-801f-c47d1b6cc05f,e2b5d1af-611f-418e-93d3-019b7b7ef4af,123,lembang,cikatomas pakidulan joszzz,,,ffa3dbf4-959a-424a-bec7-45b96eecb1ab,ch01_00000000121000000.mp4,
426,16532,motorcycle,1motor,1motor,Motorcycle,1,Motorcycle / 3-wheel vehicle,1motor,2,Line 2,normal,1468.3934,29370,0.7725,aa4719c1-f9e6-43f3-801f-c47d1b6cc05f,e2b5d1af-611f-418e-93d3-019b7b7ef4af,123,lembang,cikatomas pakidulan joszzz,,,ffa3dbf4-959a-424a-bec7-45b96eecb1ab,ch01_00000000121000000.mp4,
427,16532,motorcycle,1motor,1motor,Motorcycle,1,Motorcycle / 3-wheel vehicle,1motor,1,Line 1,normal,1469.0934,29384,0.7539,aa4719c1-f9e6-43f3-801f-c47d1b6cc05f,e2b5d1af-611f-418e-93d3-019b7b7ef4af,123,lembang,cikatomas pakidulan joszzz,,,ffa3dbf4-959a-424a-bec7-45b96eecb1ab,ch01_00000000121000000.mp4,
428,16623,car,2mobil,2mobil,Car / Sedan,2,Sedan / jeep / station wagon,2mobil,1,Line 1,normal,1472.5931,29454,0.9071,aa4719c1-f9e6-43f3-801f-c47d1b6cc05f,e2b5d1af-611f-418e-93d3-019b7b7ef4af,123,lembang,cikatomas pakidulan joszzz,,,ffa3dbf4-959a-424a-bec7-45b96eecb1ab,ch01_00000000121000000.mp4,
429,16630,motorcycle,1motor,1motor,Motorcycle,1,Motorcycle / 3-wheel vehicle,1motor,2,Line 2,normal,1473.0931,29464,0.7574,aa4719c1-f9e6-43f3-801f-c47d1b6cc05f,e2b5d1af-611f-418e-93d3-019b7b7ef4af,123,lembang,cikatomas pakidulan joszzz,,,ffa3dbf4-959a-424a-bec7-45b96eecb1ab,ch01_00000000121000000.mp4,
430,16707,motorcycle,1motor,1motor,Motorcycle,1,Motorcycle / 3-wheel vehicle,1motor,2,Line 2,opposite,1480.9925,29622,0.7642,aa4719c1-f9e6-43f3-801f-c47d1b6cc05f,e2b5d1af-611f-418e-93d3-019b7b7ef4af,123,lembang,cikatomas pakidulan joszzz,,,ffa3dbf4-959a-424a-bec7-45b96eecb1ab,ch01_00000000121000000.mp4,
431,16751,motorcycle,1motor,1motor,Motorcycle,1,Motorcycle / 3-wheel vehicle,1motor,1,Line 1,opposite,1486.3421,29729,0.8356,aa4719c1-f9e6-43f3-801f-c47d1b6cc05f,e2b5d1af-611f-418e-93d3-019b7b7ef4af,123,lembang,cikatomas pakidulan joszzz,,,ffa3dbf4-959a-424a-bec7-45b96eecb1ab,ch01_00000000121000000.mp4,
432,16806,motorcycle,1motor,1motor,Motorcycle,1,Motorcycle / 3-wheel vehicle,1motor,1,Line 1,opposite,1487.842,29759,0.8825,aa4719c1-f9e6-43f3-801f-c47d1b6cc05f,e2b5d1af-611f-418e-93d3-019b7b7ef4af,123,lembang,cikatomas pakidulan joszzz,,,ffa3dbf4-959a-424a-bec7-45b96eecb1ab,ch01_00000000121000000.mp4,
433,16806,motorcycle,1motor,1motor,Motorcycle,1,Motorcycle / 3-wheel vehicle,1motor,2,Line 2,opposite,1488.342,29769,0.8541,aa4719c1-f9e6-43f3-801f-c47d1b6cc05f,e2b5d1af-611f-418e-93d3-019b7b7ef4af,123,lembang,cikatomas pakidulan joszzz,,,ffa3dbf4-959a-424a-bec7-45b96eecb1ab,ch01_00000000121000000.mp4,
434,16751,motorcycle,1motor,1motor,Motorcycle,1,Motorcycle / 3-wheel vehicle,1motor,2,Line 2,opposite,1488.6919,29776,0.8822,aa4719c1-f9e6-43f3-801f-c47d1b6cc05f,e2b5d1af-611f-418e-93d3-019b7b7ef4af,123,lembang,cikatomas pakidulan joszzz,,,ffa3dbf4-959a-424a-bec7-45b96eecb1ab,ch01_00000000121000000.mp4,
435,17048,car,2mobil,2mobil,Car / Sedan,2,Sedan / jeep / station wagon,2mobil,1,Line 1,normal,1505.9907,30122,0.8248,aa4719c1-f9e6-43f3-801f-c47d1b6cc05f,e2b5d1af-611f-418e-93d3-019b7b7ef4af,123,lembang,cikatomas pakidulan joszzz,,,ffa3dbf4-959a-424a-bec7-45b96eecb1ab,ch01_00000000121000000.mp4,
436,17045,motorcycle,1motor,1motor,Motorcycle,1,Motorcycle / 3-wheel vehicle,1motor,2,Line 2,normal,1506.7906,30138,0.7395,aa4719c1-f9e6-43f3-801f-c47d1b6cc05f,e2b5d1af-611f-418e-93d3-019b7b7ef4af,123,lembang,cikatomas pakidulan joszzz,,,ffa3dbf4-959a-424a-bec7-45b96eecb1ab,ch01_00000000121000000.mp4,
437,17068,motorcycle,1motor,1motor,Motorcycle,1,Motorcycle / 3-wheel vehicle,1motor,1,Line 1,opposite,1507.9905,30162,0.6498,aa4719c1-f9e6-43f3-801f-c47d1b6cc05f,e2b5d1af-611f-418e-93d3-019b7b7ef4af,123,lembang,cikatomas pakidulan joszzz,,,ffa3dbf4-959a-424a-bec7-45b96eecb1ab,ch01_00000000121000000.mp4,
438,17045,motorcycle,1motor,1motor,Motorcycle,1,Motorcycle / 3-wheel vehicle,1motor,1,Line 1,normal,1509.4904,30192,0.8825,aa4719c1-f9e6-43f3-801f-c47d1b6cc05f,e2b5d1af-611f-418e-93d3-019b7b7ef4af,123,lembang,cikatomas pakidulan joszzz,,,ffa3dbf4-959a-424a-bec7-45b96eecb1ab,ch01_00000000121000000.mp4,
439,17068,motorcycle,1motor,1motor,Motorcycle,1,Motorcycle / 3-wheel vehicle,1motor,2,Line 2,opposite,1509.6404,30195,0.7663,aa4719c1-f9e6-43f3-801f-c47d1b6cc05f,e2b5d1af-611f-418e-93d3-019b7b7ef4af,123,lembang,cikatomas pakidulan joszzz,,,ffa3dbf4-959a-424a-bec7-45b96eecb1ab,ch01_00000000121000000.mp4,
440,17121,car,3ang_umum,3ang_umum,Public Transportation (Angkot),3,Medium passenger vehicle,3Ang_umum,1,Line 1,opposite,1512.6402,30255,0.7922,aa4719c1-f9e6-43f3-801f-c47d1b6cc05f,e2b5d1af-611f-418e-93d3-019b7b7ef4af,123,lembang,cikatomas pakidulan joszzz,,,ffa3dbf4-959a-424a-bec7-45b96eecb1ab,ch01_00000000121000000.mp4,
441,17121,car,2mobil,2mobil,Car / Sedan,2,Sedan / jeep / station wagon,2mobil,2,Line 2,opposite,1513.3901,30270,0.9162,aa4719c1-f9e6-43f3-801f-c47d1b6cc05f,e2b5d1af-611f-418e-93d3-019b7b7ef4af,123,lembang,cikatomas pakidulan joszzz,,,ffa3dbf4-959a-424a-bec7-45b96eecb1ab,ch01_00000000121000000.mp4,
442,17299,truck,4pickupmicro,4PickupMicro,Pickup / Micro Truck,4,Pickup / micro truck / delivery,4PickupMicro,1,Line 1,opposite,1526.9892,30542,0.9058,aa4719c1-f9e6-43f3-801f-c47d1b6cc05f,e2b5d1af-611f-418e-93d3-019b7b7ef4af,123,lembang,cikatomas pakidulan joszzz,,,ffa3dbf4-959a-424a-bec7-45b96eecb1ab,ch01_00000000121000000.mp4,
443,17299,truck,4pickupmicro,4PickupMicro,Pickup / Micro Truck,4,Pickup / micro truck / delivery,4PickupMicro,2,Line 2,opposite,1527.4891,30552,0.9021,aa4719c1-f9e6-43f3-801f-c47d1b6cc05f,e2b5d1af-611f-418e-93d3-019b7b7ef4af,123,lembang,cikatomas pakidulan joszzz,,,ffa3dbf4-959a-424a-bec7-45b96eecb1ab,ch01_00000000121000000.mp4,
444,17356,truck,4pickupmicro,4PickupMicro,Pickup / Micro Truck,4,Pickup / micro truck / delivery,4PickupMicro,1,Line 1,opposite,1530.1389,30605,0.9202,aa4719c1-f9e6-43f3-801f-c47d1b6cc05f,e2b5d1af-611f-418e-93d3-019b7b7ef4af,123,lembang,cikatomas pakidulan joszzz,,,ffa3dbf4-959a-424a-bec7-45b96eecb1ab,ch01_00000000121000000.mp4,
445,17356,truck,4pickupmicro,4PickupMicro,Pickup / Micro Truck,4,Pickup / micro truck / delivery,4PickupMicro,2,Line 2,opposite,1530.6889,30616,0.7468,aa4719c1-f9e6-43f3-801f-c47d1b6cc05f,e2b5d1af-611f-418e-93d3-019b7b7ef4af,123,lembang,cikatomas pakidulan joszzz,,,ffa3dbf4-959a-424a-bec7-45b96eecb1ab,ch01_00000000121000000.mp4,
446,17382,motorcycle,1motor,1motor,Motorcycle,1,Motorcycle / 3-wheel vehicle,1motor,2,Line 2,opposite,1532.1388,30645,0.8544,aa4719c1-f9e6-43f3-801f-c47d1b6cc05f,e2b5d1af-611f-418e-93d3-019b7b7ef4af,123,lembang,cikatomas pakidulan joszzz,,,ffa3dbf4-959a-424a-bec7-45b96eecb1ab,ch01_00000000121000000.mp4,
447,17456,car,2mobil,2mobil,Car / Sedan,2,Sedan / jeep / station wagon,2mobil,1,Line 1,opposite,1535.5385,30713,0.914,aa4719c1-f9e6-43f3-801f-c47d1b6cc05f,e2b5d1af-611f-418e-93d3-019b7b7ef4af,123,lembang,cikatomas pakidulan joszzz,,,ffa3dbf4-959a-424a-bec7-45b96eecb1ab,ch01_00000000121000000.mp4,
448,17456,car,2mobil,2mobil,Car / Sedan,2,Sedan / jeep / station wagon,2mobil,2,Line 2,opposite,1536.0385,30723,0.9142,aa4719c1-f9e6-43f3-801f-c47d1b6cc05f,e2b5d1af-611f-418e-93d3-019b7b7ef4af,123,lembang,cikatomas pakidulan joszzz,,,ffa3dbf4-959a-424a-bec7-45b96eecb1ab,ch01_00000000121000000.mp4,
449,17524,motorcycle,1motor,1motor,Motorcycle,1,Motorcycle / 3-wheel vehicle,1motor,2,Line 2,opposite,1539.7882,30798,0.8545,aa4719c1-f9e6-43f3-801f-c47d1b6cc05f,e2b5d1af-611f-418e-93d3-019b7b7ef4af,123,lembang,cikatomas pakidulan joszzz,,,ffa3dbf4-959a-424a-bec7-45b96eecb1ab,ch01_00000000121000000.mp4,
450,17722,motorcycle,1motor,1motor,Motorcycle,1,Motorcycle / 3-wheel vehicle,1motor,1,Line 1,opposite,1554.7371,31097,0.8852,aa4719c1-f9e6-43f3-801f-c47d1b6cc05f,e2b5d1af-611f-418e-93d3-019b7b7ef4af,123,lembang,cikatomas pakidulan joszzz,,,ffa3dbf4-959a-424a-bec7-45b96eecb1ab,ch01_00000000121000000.mp4,
451,17722,motorcycle,1motor,1motor,Motorcycle,1,Motorcycle / 3-wheel vehicle,1motor,2,Line 2,opposite,1555.6871,31116,0.8598,aa4719c1-f9e6-43f3-801f-c47d1b6cc05f,e2b5d1af-611f-418e-93d3-019b7b7ef4af,123,lembang,cikatomas pakidulan joszzz,,,ffa3dbf4-959a-424a-bec7-45b96eecb1ab,ch01_00000000121000000.mp4,
452,17856,motorcycle,1motor,1motor,Motorcycle,1,Motorcycle / 3-wheel vehicle,1motor,1,Line 1,opposite,1570.536,31413,0.8569,aa4719c1-f9e6-43f3-801f-c47d1b6cc05f,e2b5d1af-611f-418e-93d3-019b7b7ef4af,123,lembang,cikatomas pakidulan joszzz,,,ffa3dbf4-959a-424a-bec7-45b96eecb1ab,ch01_00000000121000000.mp4,
453,17858,motorcycle,1motor,1motor,Motorcycle,1,Motorcycle / 3-wheel vehicle,1motor,1,Line 1,opposite,1570.986,31422,0.8887,aa4719c1-f9e6-43f3-801f-c47d1b6cc05f,e2b5d1af-611f-418e-93d3-019b7b7ef4af,123,lembang,cikatomas pakidulan joszzz,,,ffa3dbf4-959a-424a-bec7-45b96eecb1ab,ch01_00000000121000000.mp4,
454,17858,motorcycle,1motor,1motor,Motorcycle,1,Motorcycle / 3-wheel vehicle,1motor,2,Line 2,opposite,1571.6859,31436,0.8345,aa4719c1-f9e6-43f3-801f-c47d1b6cc05f,e2b5d1af-611f-418e-93d3-019b7b7ef4af,123,lembang,cikatomas pakidulan joszzz,,,ffa3dbf4-959a-424a-bec7-45b96eecb1ab,ch01_00000000121000000.mp4,
455,17900,car,2mobil,2mobil,Car / Sedan,2,Sedan / jeep / station wagon,2mobil,2,Line 2,normal,1577.1355,31545,0.7499,aa4719c1-f9e6-43f3-801f-c47d1b6cc05f,e2b5d1af-611f-418e-93d3-019b7b7ef4af,123,lembang,cikatomas pakidulan joszzz,,,ffa3dbf4-959a-424a-bec7-45b96eecb1ab,ch01_00000000121000000.mp4,
456,17993,motorcycle,1motor,1motor,Motorcycle,1,Motorcycle / 3-wheel vehicle,1motor,2,Line 2,opposite,1583.535,31673,0.879,aa4719c1-f9e6-43f3-801f-c47d1b6cc05f,e2b5d1af-611f-418e-93d3-019b7b7ef4af,123,lembang,cikatomas pakidulan joszzz,,,ffa3dbf4-959a-424a-bec7-45b96eecb1ab,ch01_00000000121000000.mp4,
457,18014,motorcycle,1motor,1motor,Motorcycle,1,Motorcycle / 3-wheel vehicle,1motor,2,Line 2,opposite,1585.9349,31721,0.7246,aa4719c1-f9e6-43f3-801f-c47d1b6cc05f,e2b5d1af-611f-418e-93d3-019b7b7ef4af,123,lembang,cikatomas pakidulan joszzz,,,ffa3dbf4-959a-424a-bec7-45b96eecb1ab,ch01_00000000121000000.mp4,
458,18015,motorcycle,1motor,1motor,Motorcycle,1,Motorcycle / 3-wheel vehicle,1motor,2,Line 2,opposite,1585.9849,31722,0.8441,aa4719c1-f9e6-43f3-801f-c47d1b6cc05f,e2b5d1af-611f-418e-93d3-019b7b7ef4af,123,lembang,cikatomas pakidulan joszzz,,,ffa3dbf4-959a-424a-bec7-45b96eecb1ab,ch01_00000000121000000.mp4,
459,18092,car,2mobil,2mobil,Car / Sedan,2,Sedan / jeep / station wagon,2mobil,2,Line 2,normal,1595.2342,31907,0.9008,aa4719c1-f9e6-43f3-801f-c47d1b6cc05f,e2b5d1af-611f-418e-93d3-019b7b7ef4af,123,lembang,cikatomas pakidulan joszzz,,,ffa3dbf4-959a-424a-bec7-45b96eecb1ab,ch01_00000000121000000.mp4,
460,18092,car,2mobil,2mobil,Car / Sedan,2,Sedan / jeep / station wagon,2mobil,1,Line 1,normal,1596.0841,31924,0.8608,aa4719c1-f9e6-43f3-801f-c47d1b6cc05f,e2b5d1af-611f-418e-93d3-019b7b7ef4af,123,lembang,cikatomas pakidulan joszzz,,,ffa3dbf4-959a-424a-bec7-45b96eecb1ab,ch01_00000000121000000.mp4,
461,18296,truck,4pickupmicro,4PickupMicro,Pickup / Micro Truck,4,Pickup / micro truck / delivery,4PickupMicro,1,Line 1,opposite,1605.9834,32122,0.6872,aa4719c1-f9e6-43f3-801f-c47d1b6cc05f,e2b5d1af-611f-418e-93d3-019b7b7ef4af,123,lembang,cikatomas pakidulan joszzz,,,ffa3dbf4-959a-424a-bec7-45b96eecb1ab,ch01_00000000121000000.mp4,
462,18296,car,2mobil,2mobil,Car / Sedan,2,Sedan / jeep / station wagon,2mobil,2,Line 2,opposite,1606.9333,32141,0.9086,aa4719c1-f9e6-43f3-801f-c47d1b6cc05f,e2b5d1af-611f-418e-93d3-019b7b7ef4af,123,lembang,cikatomas pakidulan joszzz,,,ffa3dbf4-959a-424a-bec7-45b96eecb1ab,ch01_00000000121000000.mp4,
463,18344,motorcycle,1motor,1motor,Motorcycle,1,Motorcycle / 3-wheel vehicle,1motor,1,Line 1,opposite,1608.4832,32172,0.875,aa4719c1-f9e6-43f3-801f-c47d1b6cc05f,e2b5d1af-611f-418e-93d3-019b7b7ef4af,123,lembang,cikatomas pakidulan joszzz,,,ffa3dbf4-959a-424a-bec7-45b96eecb1ab,ch01_00000000121000000.mp4,
464,18344,motorcycle,1motor,1motor,Motorcycle,1,Motorcycle / 3-wheel vehicle,1motor,2,Line 2,opposite,1609.2832,32188,0.8625,aa4719c1-f9e6-43f3-801f-c47d1b6cc05f,e2b5d1af-611f-418e-93d3-019b7b7ef4af,123,lembang,cikatomas pakidulan joszzz,,,ffa3dbf4-959a-424a-bec7-45b96eecb1ab,ch01_00000000121000000.mp4,
465,18425,bus,5bus,5Bus,Bus,5,Bus,5Bus,2,Line 2,normal,1616.9826,32342,0.6778,aa4719c1-f9e6-43f3-801f-c47d1b6cc05f,e2b5d1af-611f-418e-93d3-019b7b7ef4af,123,lembang,cikatomas pakidulan joszzz,,,ffa3dbf4-959a-424a-bec7-45b96eecb1ab,ch01_00000000121000000.mp4,
466,18425,bus,5bus,5Bus,Bus,5,Bus,5Bus,1,Line 1,normal,1619.3324,32389,0.9057,aa4719c1-f9e6-43f3-801f-c47d1b6cc05f,e2b5d1af-611f-418e-93d3-019b7b7ef4af,123,lembang,cikatomas pakidulan joszzz,,,ffa3dbf4-959a-424a-bec7-45b96eecb1ab,ch01_00000000121000000.mp4,
467,18543,motorcycle,1motor,1motor,Motorcycle,1,Motorcycle / 3-wheel vehicle,1motor,1,Line 1,opposite,1627.6818,32556,0.8736,aa4719c1-f9e6-43f3-801f-c47d1b6cc05f,e2b5d1af-611f-418e-93d3-019b7b7ef4af,123,lembang,cikatomas pakidulan joszzz,,,ffa3dbf4-959a-424a-bec7-45b96eecb1ab,ch01_00000000121000000.mp4,
468,18543,motorcycle,1motor,1motor,Motorcycle,1,Motorcycle / 3-wheel vehicle,1motor,2,Line 2,opposite,1628.3818,32570,0.8541,aa4719c1-f9e6-43f3-801f-c47d1b6cc05f,e2b5d1af-611f-418e-93d3-019b7b7ef4af,123,lembang,cikatomas pakidulan joszzz,,,ffa3dbf4-959a-424a-bec7-45b96eecb1ab,ch01_00000000121000000.mp4,
469,18770,motorcycle,1motor,1motor,Motorcycle,1,Motorcycle / 3-wheel vehicle,1motor,2,Line 2,normal,1643.0307,32863,0.7957,aa4719c1-f9e6-43f3-801f-c47d1b6cc05f,e2b5d1af-611f-418e-93d3-019b7b7ef4af,123,lembang,cikatomas pakidulan joszzz,,,ffa3dbf4-959a-424a-bec7-45b96eecb1ab,ch01_00000000121000000.mp4,
470,18976,truck,4pickupmicro,4PickupMicro,Pickup / Micro Truck,4,Pickup / micro truck / delivery,4PickupMicro,1,Line 1,opposite,1660.5295,33213,0.898,aa4719c1-f9e6-43f3-801f-c47d1b6cc05f,e2b5d1af-611f-418e-93d3-019b7b7ef4af,123,lembang,cikatomas pakidulan joszzz,,,ffa3dbf4-959a-424a-bec7-45b96eecb1ab,ch01_00000000121000000.mp4,
471,18976,car,2mobil,2mobil,Car / Sedan,2,Sedan / jeep / station wagon,2mobil,2,Line 2,opposite,1661.4294,33231,0.9102,aa4719c1-f9e6-43f3-801f-c47d1b6cc05f,e2b5d1af-611f-418e-93d3-019b7b7ef4af,123,lembang,cikatomas pakidulan joszzz,,,ffa3dbf4-959a-424a-bec7-45b96eecb1ab,ch01_00000000121000000.mp4,
472,19048,motorcycle,1motor,1motor,Motorcycle,1,Motorcycle / 3-wheel vehicle,1motor,2,Line 2,opposite,1664.7791,33298,0.8795,aa4719c1-f9e6-43f3-801f-c47d1b6cc05f,e2b5d1af-611f-418e-93d3-019b7b7ef4af,123,lembang,cikatomas pakidulan joszzz,,,ffa3dbf4-959a-424a-bec7-45b96eecb1ab,ch01_00000000121000000.mp4,
473,19290,motorcycle,1motor,1motor,Motorcycle,1,Motorcycle / 3-wheel vehicle,1motor,2,Line 2,normal,1681.3779,33630,0.6437,aa4719c1-f9e6-43f3-801f-c47d1b6cc05f,e2b5d1af-611f-418e-93d3-019b7b7ef4af,123,lembang,cikatomas pakidulan joszzz,,,ffa3dbf4-959a-424a-bec7-45b96eecb1ab,ch01_00000000121000000.mp4,
474,19290,motorcycle,1motor,1motor,Motorcycle,1,Motorcycle / 3-wheel vehicle,1motor,1,Line 1,normal,1683.5278,33673,0.8597,aa4719c1-f9e6-43f3-801f-c47d1b6cc05f,e2b5d1af-611f-418e-93d3-019b7b7ef4af,123,lembang,cikatomas pakidulan joszzz,,,ffa3dbf4-959a-424a-bec7-45b96eecb1ab,ch01_00000000121000000.mp4,
475,19358,motorcycle,1motor,1motor,Motorcycle,1,Motorcycle / 3-wheel vehicle,1motor,2,Line 2,normal,1684.9277,33701,0.8329,aa4719c1-f9e6-43f3-801f-c47d1b6cc05f,e2b5d1af-611f-418e-93d3-019b7b7ef4af,123,lembang,cikatomas pakidulan joszzz,,,ffa3dbf4-959a-424a-bec7-45b96eecb1ab,ch01_00000000121000000.mp4,
476,19429,motorcycle,1motor,1motor,Motorcycle,1,Motorcycle / 3-wheel vehicle,1motor,1,Line 1,opposite,1694.077,33884,0.8878,aa4719c1-f9e6-43f3-801f-c47d1b6cc05f,e2b5d1af-611f-418e-93d3-019b7b7ef4af,123,lembang,cikatomas pakidulan joszzz,,,ffa3dbf4-959a-424a-bec7-45b96eecb1ab,ch01_00000000121000000.mp4,
477,19429,motorcycle,1motor,1motor,Motorcycle,1,Motorcycle / 3-wheel vehicle,1motor,2,Line 2,opposite,1694.827,33899,0.8396,aa4719c1-f9e6-43f3-801f-c47d1b6cc05f,e2b5d1af-611f-418e-93d3-019b7b7ef4af,123,lembang,cikatomas pakidulan joszzz,,,ffa3dbf4-959a-424a-bec7-45b96eecb1ab,ch01_00000000121000000.mp4,
478,19430,car,2mobil,2mobil,Car / Sedan,2,Sedan / jeep / station wagon,2mobil,2,Line 2,normal,1695.6769,33916,0.9169,aa4719c1-f9e6-43f3-801f-c47d1b6cc05f,e2b5d1af-611f-418e-93d3-019b7b7ef4af,123,lembang,cikatomas pakidulan joszzz,,,ffa3dbf4-959a-424a-bec7-45b96eecb1ab,ch01_00000000121000000.mp4,
479,19430,car,2mobil,2mobil,Car / Sedan,2,Sedan / jeep / station wagon,2mobil,1,Line 1,normal,1696.4269,33931,0.9274,aa4719c1-f9e6-43f3-801f-c47d1b6cc05f,e2b5d1af-611f-418e-93d3-019b7b7ef4af,123,lembang,cikatomas pakidulan joszzz,,,ffa3dbf4-959a-424a-bec7-45b96eecb1ab,ch01_00000000121000000.mp4,
480,19457,motorcycle,1motor,1motor,Motorcycle,1,Motorcycle / 3-wheel vehicle,1motor,2,Line 2,normal,1698.0767,33964,0.8509,aa4719c1-f9e6-43f3-801f-c47d1b6cc05f,e2b5d1af-611f-418e-93d3-019b7b7ef4af,123,lembang,cikatomas pakidulan joszzz,,,ffa3dbf4-959a-424a-bec7-45b96eecb1ab,ch01_00000000121000000.mp4,
481,19515,truck,4pickupmicro,4PickupMicro,Pickup / Micro Truck,4,Pickup / micro truck / delivery,4PickupMicro,1,Line 1,opposite,1703.0264,34063,0.9115,aa4719c1-f9e6-43f3-801f-c47d1b6cc05f,e2b5d1af-611f-418e-93d3-019b7b7ef4af,123,lembang,cikatomas pakidulan joszzz,,,ffa3dbf4-959a-424a-bec7-45b96eecb1ab,ch01_00000000121000000.mp4,
482,19515,truck,4pickupmicro,4PickupMicro,Pickup / Micro Truck,4,Pickup / micro truck / delivery,4PickupMicro,2,Line 2,opposite,1703.6263,34075,0.8331,aa4719c1-f9e6-43f3-801f-c47d1b6cc05f,e2b5d1af-611f-418e-93d3-019b7b7ef4af,123,lembang,cikatomas pakidulan joszzz,,,ffa3dbf4-959a-424a-bec7-45b96eecb1ab,ch01_00000000121000000.mp4,
483,19596,truck,6tr_2sumbu,6TR_2sumbu,2-Axle Truck (Jumbo),6,2-Axle Truck,6TR_2sumbu,1,Line 1,opposite,1710.7258,34217,0.8928,aa4719c1-f9e6-43f3-801f-c47d1b6cc05f,e2b5d1af-611f-418e-93d3-019b7b7ef4af,123,lembang,cikatomas pakidulan joszzz,,,ffa3dbf4-959a-424a-bec7-45b96eecb1ab,ch01_00000000121000000.mp4,
484,19596,truck,6tr_2sumbu,6TR_2sumbu,2-Axle Truck (Jumbo),6,2-Axle Truck,6TR_2sumbu,2,Line 2,opposite,1711.3758,34230,0.8528,aa4719c1-f9e6-43f3-801f-c47d1b6cc05f,e2b5d1af-611f-418e-93d3-019b7b7ef4af,123,lembang,cikatomas pakidulan joszzz,,,ffa3dbf4-959a-424a-bec7-45b96eecb1ab,ch01_00000000121000000.mp4,
485,19627,car,2mobil,2mobil,Car / Sedan,2,Sedan / jeep / station wagon,2mobil,1,Line 1,opposite,1713.4756,34272,0.9271,aa4719c1-f9e6-43f3-801f-c47d1b6cc05f,e2b5d1af-611f-418e-93d3-019b7b7ef4af,123,lembang,cikatomas pakidulan joszzz,,,ffa3dbf4-959a-424a-bec7-45b96eecb1ab,ch01_00000000121000000.mp4,
486,19627,car,2mobil,2mobil,Car / Sedan,2,Sedan / jeep / station wagon,2mobil,2,Line 2,opposite,1714.1756,34286,0.8868,aa4719c1-f9e6-43f3-801f-c47d1b6cc05f,e2b5d1af-611f-418e-93d3-019b7b7ef4af,123,lembang,cikatomas pakidulan joszzz,,,ffa3dbf4-959a-424a-bec7-45b96eecb1ab,ch01_00000000121000000.mp4,
487,19711,car,2mobil,2mobil,Car / Sedan,2,Sedan / jeep / station wagon,2mobil,2,Line 2,normal,1719.2752,34388,0.4114,aa4719c1-f9e6-43f3-801f-c47d1b6cc05f,e2b5d1af-611f-418e-93d3-019b7b7ef4af,123,lembang,cikatomas pakidulan joszzz,,,ffa3dbf4-959a-424a-bec7-45b96eecb1ab,ch01_00000000121000000.mp4,
488,19711,car,2mobil,2mobil,Car / Sedan,2,Sedan / jeep / station wagon,2mobil,1,Line 1,normal,1719.9751,34402,0.8356,aa4719c1-f9e6-43f3-801f-c47d1b6cc05f,e2b5d1af-611f-418e-93d3-019b7b7ef4af,123,lembang,cikatomas pakidulan joszzz,,,ffa3dbf4-959a-424a-bec7-45b96eecb1ab,ch01_00000000121000000.mp4,
489,19838,motorcycle,1motor,1motor,Motorcycle,1,Motorcycle / 3-wheel vehicle,1motor,2,Line 2,opposite,1729.2745,34588,0.8418,aa4719c1-f9e6-43f3-801f-c47d1b6cc05f,e2b5d1af-611f-418e-93d3-019b7b7ef4af,123,lembang,cikatomas pakidulan joszzz,,,ffa3dbf4-959a-424a-bec7-45b96eecb1ab,ch01_00000000121000000.mp4,
490,19875,truck,4pickupmicro,4PickupMicro,Pickup / Micro Truck,4,Pickup / micro truck / delivery,4PickupMicro,1,Line 1,normal,1733.2242,34667,0.9044,aa4719c1-f9e6-43f3-801f-c47d1b6cc05f,e2b5d1af-611f-418e-93d3-019b7b7ef4af,123,lembang,cikatomas pakidulan joszzz,,,ffa3dbf4-959a-424a-bec7-45b96eecb1ab,ch01_00000000121000000.mp4,
491,19894,truck,4pickupmicro,4PickupMicro,Pickup / Micro Truck,4,Pickup / micro truck / delivery,4PickupMicro,1,Line 1,opposite,1733.6242,34675,0.9188,aa4719c1-f9e6-43f3-801f-c47d1b6cc05f,e2b5d1af-611f-418e-93d3-019b7b7ef4af,123,lembang,cikatomas pakidulan joszzz,,,ffa3dbf4-959a-424a-bec7-45b96eecb1ab,ch01_00000000121000000.mp4,
492,19894,car,2mobil,2mobil,Car / Sedan,2,Sedan / jeep / station wagon,2mobil,2,Line 2,opposite,1734.1741,34686,0.9191,aa4719c1-f9e6-43f3-801f-c47d1b6cc05f,e2b5d1af-611f-418e-93d3-019b7b7ef4af,123,lembang,cikatomas pakidulan joszzz,,,ffa3dbf4-959a-424a-bec7-45b96eecb1ab,ch01_00000000121000000.mp4,
493,20071,car,3ang_umum,3ang_umum,Public Transportation (Angkot),3,Medium passenger vehicle,3Ang_umum,1,Line 1,opposite,1748.0731,34964,0.7352,aa4719c1-f9e6-43f3-801f-c47d1b6cc05f,e2b5d1af-611f-418e-93d3-019b7b7ef4af,123,lembang,cikatomas pakidulan joszzz,,,ffa3dbf4-959a-424a-bec7-45b96eecb1ab,ch01_00000000121000000.mp4,
494,20071,car,3ang_umum,3ang_umum,Public Transportation (Angkot),3,Medium passenger vehicle,3Ang_umum,2,Line 2,opposite,1748.5231,34973,0.7007,aa4719c1-f9e6-43f3-801f-c47d1b6cc05f,e2b5d1af-611f-418e-93d3-019b7b7ef4af,123,lembang,cikatomas pakidulan joszzz,,,ffa3dbf4-959a-424a-bec7-45b96eecb1ab,ch01_00000000121000000.mp4,
495,20116,car,2mobil,2mobil,Car / Sedan,2,Sedan / jeep / station wagon,2mobil,1,Line 1,opposite,1751.6728,35036,0.9283,aa4719c1-f9e6-43f3-801f-c47d1b6cc05f,e2b5d1af-611f-418e-93d3-019b7b7ef4af,123,lembang,cikatomas pakidulan joszzz,,,ffa3dbf4-959a-424a-bec7-45b96eecb1ab,ch01_00000000121000000.mp4,
496,20116,car,2mobil,2mobil,Car / Sedan,2,Sedan / jeep / station wagon,2mobil,2,Line 2,opposite,1752.3228,35049,0.9202,aa4719c1-f9e6-43f3-801f-c47d1b6cc05f,e2b5d1af-611f-418e-93d3-019b7b7ef4af,123,lembang,cikatomas pakidulan joszzz,,,ffa3dbf4-959a-424a-bec7-45b96eecb1ab,ch01_00000000121000000.mp4,
497,20153,car,2mobil,2mobil,Car / Sedan,2,Sedan / jeep / station wagon,2mobil,1,Line 1,opposite,1753.5227,35073,0.9332,aa4719c1-f9e6-43f3-801f-c47d1b6cc05f,e2b5d1af-611f-418e-93d3-019b7b7ef4af,123,lembang,cikatomas pakidulan joszzz,,,ffa3dbf4-959a-424a-bec7-45b96eecb1ab,ch01_00000000121000000.mp4,
498,20153,car,2mobil,2mobil,Car / Sedan,2,Sedan / jeep / station wagon,2mobil,2,Line 2,opposite,1754.1227,35085,0.922,aa4719c1-f9e6-43f3-801f-c47d1b6cc05f,e2b5d1af-611f-418e-93d3-019b7b7ef4af,123,lembang,cikatomas pakidulan joszzz,,,ffa3dbf4-959a-424a-bec7-45b96eecb1ab,ch01_00000000121000000.mp4,
499,20250,motorcycle,1motor,1motor,Motorcycle,1,Motorcycle / 3-wheel vehicle,1motor,2,Line 2,normal,1762.722,35257,0.6455,aa4719c1-f9e6-43f3-801f-c47d1b6cc05f,e2b5d1af-611f-418e-93d3-019b7b7ef4af,123,lembang,cikatomas pakidulan joszzz,,,ffa3dbf4-959a-424a-bec7-45b96eecb1ab,ch01_00000000121000000.mp4,
500,20294,motorcycle,1motor,1motor,Motorcycle,1,Motorcycle / 3-wheel vehicle,1motor,1,Line 1,normal,1763.622,35275,0.6633,aa4719c1-f9e6-43f3-801f-c47d1b6cc05f,e2b5d1af-611f-418e-93d3-019b7b7ef4af,123,lembang,cikatomas pakidulan joszzz,,,ffa3dbf4-959a-424a-bec7-45b96eecb1ab,ch01_00000000121000000.mp4,
501,20583,motorcycle,1motor,1motor,Motorcycle,1,Motorcycle / 3-wheel vehicle,1motor,1,Line 1,opposite,1784.6205,35695,0.8919,aa4719c1-f9e6-43f3-801f-c47d1b6cc05f,e2b5d1af-611f-418e-93d3-019b7b7ef4af,123,lembang,cikatomas pakidulan joszzz,,,ffa3dbf4-959a-424a-bec7-45b96eecb1ab,ch01_00000000121000000.mp4,
502,20583,motorcycle,1motor,1motor,Motorcycle,1,Motorcycle / 3-wheel vehicle,1motor,2,Line 2,opposite,1785.4204,35711,0.8532,aa4719c1-f9e6-43f3-801f-c47d1b6cc05f,e2b5d1af-611f-418e-93d3-019b7b7ef4af,123,lembang,cikatomas pakidulan joszzz,,,ffa3dbf4-959a-424a-bec7-45b96eecb1ab,ch01_00000000121000000.mp4,
503,20614,motorcycle,1motor,1motor,Motorcycle,1,Motorcycle / 3-wheel vehicle,1motor,2,Line 2,normal,1786.4203,35731,0.7685,aa4719c1-f9e6-43f3-801f-c47d1b6cc05f,e2b5d1af-611f-418e-93d3-019b7b7ef4af,123,lembang,cikatomas pakidulan joszzz,,,ffa3dbf4-959a-424a-bec7-45b96eecb1ab,ch01_00000000121000000.mp4,
504,20633,motorcycle,1motor,1motor,Motorcycle,1,Motorcycle / 3-wheel vehicle,1motor,2,Line 2,opposite,1787.6702,35756,0.8701,aa4719c1-f9e6-43f3-801f-c47d1b6cc05f,e2b5d1af-611f-418e-93d3-019b7b7ef4af,123,lembang,cikatomas pakidulan joszzz,,,ffa3dbf4-959a-424a-bec7-45b96eecb1ab,ch01_00000000121000000.mp4,
505,20740,car,3ang_umum,3ang_umum,Public Transportation (Angkot),3,Medium passenger vehicle,3Ang_umum,1,Line 1,opposite,1797.2695,35948,0.9349,aa4719c1-f9e6-43f3-801f-c47d1b6cc05f,e2b5d1af-611f-418e-93d3-019b7b7ef4af,123,lembang,cikatomas pakidulan joszzz,,,ffa3dbf4-959a-424a-bec7-45b96eecb1ab,ch01_00000000121000000.mp4,
506,20740,car,3ang_umum,3ang_umum,Public Transportation (Angkot),3,Medium passenger vehicle,3Ang_umum,2,Line 2,opposite,1797.9195,35961,0.8308,aa4719c1-f9e6-43f3-801f-c47d1b6cc05f,e2b5d1af-611f-418e-93d3-019b7b7ef4af,123,lembang,cikatomas pakidulan joszzz,,,ffa3dbf4-959a-424a-bec7-45b96eecb1ab,ch01_00000000121000000.mp4,
506,20821,car,2mobil,2mobil,Car / Sedan,2,Sedan / jeep / station wagon,2mobil,2,Line 2,normal,1806.8688,36140,0.8639,aa4719c1-f9e6-43f3-801f-c47d1b6cc05f,e2b5d1af-611f-418e-93d3-019b7b7ef4af,123,lembang,cikatomas pakidulan joszzz,,,ffa3dbf4-959a-424a-bec7-45b96eecb1ab,ch01_00000000121000000.mp4,
507,20821,car,2mobil,2mobil,Car / Sedan,2,Sedan / jeep / station wagon,2mobil,1,Line 1,normal,1807.9188,36161,0.8322,aa4719c1-f9e6-43f3-801f-c47d1b6cc05f,e2b5d1af-611f-418e-93d3-019b7b7ef4af,123,lembang,cikatomas pakidulan joszzz,,,ffa3dbf4-959a-424a-bec7-45b96eecb1ab,ch01_00000000121000000.mp4,
508,20931,motorcycle,1motor,1motor,Motorcycle,1,Motorcycle / 3-wheel vehicle,1motor,1,Line 1,opposite,1816.1182,36325,0.8904,aa4719c1-f9e6-43f3-801f-c47d1b6cc05f,e2b5d1af-611f-418e-93d3-019b7b7ef4af,123,lembang,cikatomas pakidulan joszzz,,,ffa3dbf4-959a-424a-bec7-45b96eecb1ab,ch01_00000000121000000.mp4,
509,20931,motorcycle,1motor,1motor,Motorcycle,1,Motorcycle / 3-wheel vehicle,1motor,2,Line 2,opposite,1816.9181,36341,0.8401,aa4719c1-f9e6-43f3-801f-c47d1b6cc05f,e2b5d1af-611f-418e-93d3-019b7b7ef4af,123,lembang,cikatomas pakidulan joszzz,,,ffa3dbf4-959a-424a-bec7-45b96eecb1ab,ch01_00000000121000000.mp4,
510,20976,motorcycle,1motor,1motor,Motorcycle,1,Motorcycle / 3-wheel vehicle,1motor,2,Line 2,normal,1819.7179,36397,0.7974,aa4719c1-f9e6-43f3-801f-c47d1b6cc05f,e2b5d1af-611f-418e-93d3-019b7b7ef4af,123,lembang,cikatomas pakidulan joszzz,,,ffa3dbf4-959a-424a-bec7-45b96eecb1ab,ch01_00000000121000000.mp4,
511,21053,motorcycle,1motor,1motor,Motorcycle,1,Motorcycle / 3-wheel vehicle,1motor,2,Line 2,normal,1828.4673,36572,0.7305,aa4719c1-f9e6-43f3-801f-c47d1b6cc05f,e2b5d1af-611f-418e-93d3-019b7b7ef4af,123,lembang,cikatomas pakidulan joszzz,,,ffa3dbf4-959a-424a-bec7-45b96eecb1ab,ch01_00000000121000000.mp4,
512,21258,car,2mobil,2mobil,Car / Sedan,2,Sedan / jeep / station wagon,2mobil,1,Line 1,normal,1844.4661,36892,0.9014,aa4719c1-f9e6-43f3-801f-c47d1b6cc05f,e2b5d1af-611f-418e-93d3-019b7b7ef4af,123,lembang,cikatomas pakidulan joszzz,,,ffa3dbf4-959a-424a-bec7-45b96eecb1ab,ch01_00000000121000000.mp4,
513,21356,motorcycle,1motor,1motor,Motorcycle,1,Motorcycle / 3-wheel vehicle,1motor,1,Line 1,opposite,1847.4159,36951,0.877,aa4719c1-f9e6-43f3-801f-c47d1b6cc05f,e2b5d1af-611f-418e-93d3-019b7b7ef4af,123,lembang,cikatomas pakidulan joszzz,,,ffa3dbf4-959a-424a-bec7-45b96eecb1ab,ch01_00000000121000000.mp4,
514,21356,motorcycle,1motor,1motor,Motorcycle,1,Motorcycle / 3-wheel vehicle,1motor,2,Line 2,opposite,1847.9659,36962,0.7819,aa4719c1-f9e6-43f3-801f-c47d1b6cc05f,e2b5d1af-611f-418e-93d3-019b7b7ef4af,123,lembang,cikatomas pakidulan joszzz,,,ffa3dbf4-959a-424a-bec7-45b96eecb1ab,ch01_00000000121000000.mp4,
515,21405,motorcycle,1motor,1motor,Motorcycle,1,Motorcycle / 3-wheel vehicle,1motor,1,Line 1,opposite,1854.0654,37084,0.8831,aa4719c1-f9e6-43f3-801f-c47d1b6cc05f,e2b5d1af-611f-418e-93d3-019b7b7ef4af,123,lembang,cikatomas pakidulan joszzz,,,ffa3dbf4-959a-424a-bec7-45b96eecb1ab,ch01_00000000121000000.mp4,
516,21405,motorcycle,1motor,1motor,Motorcycle,1,Motorcycle / 3-wheel vehicle,1motor,2,Line 2,opposite,1854.7154,37097,0.8616,aa4719c1-f9e6-43f3-801f-c47d1b6cc05f,e2b5d1af-611f-418e-93d3-019b7b7ef4af,123,lembang,cikatomas pakidulan joszzz,,,ffa3dbf4-959a-424a-bec7-45b96eecb1ab,ch01_00000000121000000.mp4,
517,21408,car,2mobil,2mobil,Car / Sedan,2,Sedan / jeep / station wagon,2mobil,2,Line 2,normal,1855.0153,37103,0.7528,aa4719c1-f9e6-43f3-801f-c47d1b6cc05f,e2b5d1af-611f-418e-93d3-019b7b7ef4af,123,lembang,cikatomas pakidulan joszzz,,,ffa3dbf4-959a-424a-bec7-45b96eecb1ab,ch01_00000000121000000.mp4,
518,21408,car,2mobil,2mobil,Car / Sedan,2,Sedan / jeep / station wagon,2mobil,1,Line 1,normal,1855.8153,37119,0.6772,aa4719c1-f9e6-43f3-801f-c47d1b6cc05f,e2b5d1af-611f-418e-93d3-019b7b7ef4af,123,lembang,cikatomas pakidulan joszzz,,,ffa3dbf4-959a-424a-bec7-45b96eecb1ab,ch01_00000000121000000.mp4,
519,21452,truck,4pickupmicro,4PickupMicro,Pickup / Micro Truck,4,Pickup / micro truck / delivery,4pickupmicro,1,Line 1,opposite,1856.7152,37137,0.7901,aa4719c1-f9e6-43f3-801f-c47d1b6cc05f,e2b5d1af-611f-418e-93d3-019b7b7ef4af,123,lembang,cikatomas pakidulan joszzz,,,ffa3dbf4-959a-424a-bec7-45b96eecb1ab,ch01_00000000121000000.mp4,
520,21470,motorcycle,1motor,1motor,Motorcycle,1,Motorcycle / 3-wheel vehicle,1motor,2,Line 2,opposite,1857.4152,37151,0.6005,aa4719c1-f9e6-43f3-801f-c47d1b6cc05f,e2b5d1af-611f-418e-93d3-019b7b7ef4af,123,lembang,cikatomas pakidulan joszzz,,,ffa3dbf4-959a-424a-bec7-45b96eecb1ab,ch01_00000000121000000.mp4,
521,21478,motorcycle,1motor,1motor,Motorcycle,1,Motorcycle / 3-wheel vehicle,1motor,2,Line 2,opposite,1857.5652,37154,0.613,aa4719c1-f9e6-43f3-801f-c47d1b6cc05f,e2b5d1af-611f-418e-93d3-019b7b7ef4af,123,lembang,cikatomas pakidulan joszzz,,,ffa3dbf4-959a-424a-bec7-45b96eecb1ab,ch01_00000000121000000.mp4,
522,21479,car,2mobil,2mobil,Car / Sedan,2,Sedan / jeep / station wagon,2mobil,1,Line 1,opposite,1857.9151,37161,0.9141,aa4719c1-f9e6-43f3-801f-c47d1b6cc05f,e2b5d1af-611f-418e-93d3-019b7b7ef4af,123,lembang,cikatomas pakidulan joszzz,,,ffa3dbf4-959a-424a-bec7-45b96eecb1ab,ch01_00000000121000000.mp4,
523,21491,truck,4pickupmicro,4PickupMicro,Pickup / Micro Truck,4,Pickup / micro truck / delivery,4pickupmicro,1,Line 1,opposite,1858.6651,37176,0.6139,aa4719c1-f9e6-43f3-801f-c47d1b6cc05f,e2b5d1af-611f-418e-93d3-019b7b7ef4af,123,lembang,cikatomas pakidulan joszzz,,,ffa3dbf4-959a-424a-bec7-45b96eecb1ab,ch01_00000000121000000.mp4,
524,21484,car,3ang_umum,3ang_umum,Public Transportation (Angkot),3,Medium passenger vehicle,3ang_umum,2,Line 2,opposite,1858.7151,37177,0.8645,aa4719c1-f9e6-43f3-801f-c47d1b6cc05f,e2b5d1af-611f-418e-93d3-019b7b7ef4af,123,lembang,cikatomas pakidulan joszzz,,,ffa3dbf4-959a-424a-bec7-45b96eecb1ab,ch01_00000000121000000.mp4,
525,21491,truck,4pickupmicro,4PickupMicro,Pickup / Micro Truck,4,Pickup / micro truck / delivery,4pickupmicro,2,Line 2,opposite,1859.215,37187,0.8978,aa4719c1-f9e6-43f3-801f-c47d1b6cc05f,e2b5d1af-611f-418e-93d3-019b7b7ef4af,123,lembang,cikatomas pakidulan joszzz,,,ffa3dbf4-959a-424a-bec7-45b96eecb1ab,ch01_00000000121000000.mp4,
526,21513,motorcycle,1motor,1motor,Motorcycle,1,Motorcycle / 3-wheel vehicle,1motor,2,Line 2,opposite,1859.665,37196,0.5306,aa4719c1-f9e6-43f3-801f-c47d1b6cc05f,e2b5d1af-611f-418e-93d3-019b7b7ef4af,123,lembang,cikatomas pakidulan joszzz,,,ffa3dbf4-959a-424a-bec7-45b96eecb1ab,ch01_00000000121000000.mp4,
527,21524,truck,6tr_2sumbu,6TR_2sumbu,2-Axle Truck (Jumbo),6,2-Axle Truck,6tr_2sumbu,1,Line 1,opposite,1860.8149,37219,0.9287,aa4719c1-f9e6-43f3-801f-c47d1b6cc05f,e2b5d1af-611f-418e-93d3-019b7b7ef4af,123,lembang,cikatomas pakidulan joszzz,,,ffa3dbf4-959a-424a-bec7-45b96eecb1ab,ch01_00000000121000000.mp4,
528,21524,truck,6tr_2sumbu,6TR_2sumbu,2-Axle Truck (Jumbo),6,2-Axle Truck,6tr_2sumbu,2,Line 2,opposite,1861.4649,37232,0.8754,aa4719c1-f9e6-43f3-801f-c47d1b6cc05f,e2b5d1af-611f-418e-93d3-019b7b7ef4af,123,lembang,cikatomas pakidulan joszzz,,,ffa3dbf4-959a-424a-bec7-45b96eecb1ab,ch01_00000000121000000.mp4,
529,21535,truck,6tr_2sumbu,6TR_2sumbu,2-Axle Truck (Jumbo),6,2-Axle Truck,6tr_2sumbu,1,Line 1,opposite,1862.0648,37244,0.9316,aa4719c1-f9e6-43f3-801f-c47d1b6cc05f,e2b5d1af-611f-418e-93d3-019b7b7ef4af,123,lembang,cikatomas pakidulan joszzz,,,ffa3dbf4-959a-424a-bec7-45b96eecb1ab,ch01_00000000121000000.mp4,
530,21535,truck,6tr_2sumbu,6TR_2sumbu,2-Axle Truck (Jumbo),6,2-Axle Truck,6tr_2sumbu,2,Line 2,opposite,1862.9148,37261,0.8418,aa4719c1-f9e6-43f3-801f-c47d1b6cc05f,e2b5d1af-611f-418e-93d3-019b7b7ef4af,123,lembang,cikatomas pakidulan joszzz,,,ffa3dbf4-959a-424a-bec7-45b96eecb1ab,ch01_00000000121000000.mp4,
531,21551,truck,4pickupmicro,4PickupMicro,Pickup / Micro Truck,4,Pickup / micro truck / delivery,4pickupmicro,2,Line 2,opposite,1862.9648,37262,0.4301,aa4719c1-f9e6-43f3-801f-c47d1b6cc05f,e2b5d1af-611f-418e-93d3-019b7b7ef4af,123,lembang,cikatomas pakidulan joszzz,,,ffa3dbf4-959a-424a-bec7-45b96eecb1ab,ch01_00000000121000000.mp4,
532,21571,motorcycle,1motor,1motor,Motorcycle,1,Motorcycle / 3-wheel vehicle,1motor,2,Line 2,opposite,1865.6646,37316,0.8073,aa4719c1-f9e6-43f3-801f-c47d1b6cc05f,e2b5d1af-611f-418e-93d3-019b7b7ef4af,123,lembang,cikatomas pakidulan joszzz,,,ffa3dbf4-959a-424a-bec7-45b96eecb1ab,ch01_00000000121000000.mp4,
533,21579,truck,4pickupmicro,4PickupMicro,Pickup / Micro Truck,4,Pickup / micro truck / delivery,4pickupmicro,1,Line 1,opposite,1867.1145,37345,0.9247,aa4719c1-f9e6-43f3-801f-c47d1b6cc05f,e2b5d1af-611f-418e-93d3-019b7b7ef4af,123,lembang,cikatomas pakidulan joszzz,,,ffa3dbf4-959a-424a-bec7-45b96eecb1ab,ch01_00000000121000000.mp4,
534,21579,truck,4pickupmicro,4PickupMicro,Pickup / Micro Truck,4,Pickup / micro truck / delivery,4pickupmicro,2,Line 2,opposite,1867.6644,37356,0.9212,aa4719c1-f9e6-43f3-801f-c47d1b6cc05f,e2b5d1af-611f-418e-93d3-019b7b7ef4af,123,lembang,cikatomas pakidulan joszzz,,,ffa3dbf4-959a-424a-bec7-45b96eecb1ab,ch01_00000000121000000.mp4,
535,21598,motorcycle,1motor,1motor,Motorcycle,1,Motorcycle / 3-wheel vehicle,1motor,1,Line 1,opposite,1872.5141,37453,0.9081,aa4719c1-f9e6-43f3-801f-c47d1b6cc05f,e2b5d1af-611f-418e-93d3-019b7b7ef4af,123,lembang,cikatomas pakidulan joszzz,,,ffa3dbf4-959a-424a-bec7-45b96eecb1ab,ch01_00000000121000000.mp4,
536,21598,motorcycle,1motor,1motor,Motorcycle,1,Motorcycle / 3-wheel vehicle,1motor,2,Line 2,opposite,1873.164,37466,0.8606,aa4719c1-f9e6-43f3-801f-c47d1b6cc05f,e2b5d1af-611f-418e-93d3-019b7b7ef4af,123,lembang,cikatomas pakidulan joszzz,,,ffa3dbf4-959a-424a-bec7-45b96eecb1ab,ch01_00000000121000000.mp4,
537,21620,motorcycle,1motor,1motor,Motorcycle,1,Motorcycle / 3-wheel vehicle,1motor,2,Line 2,opposite,1875.7138,37517,0.8758,aa4719c1-f9e6-43f3-801f-c47d1b6cc05f,e2b5d1af-611f-418e-93d3-019b7b7ef4af,123,lembang,cikatomas pakidulan joszzz,,,ffa3dbf4-959a-424a-bec7-45b96eecb1ab,ch01_00000000121000000.mp4,
538,21682,motorcycle,1motor,1motor,Motorcycle,1,Motorcycle / 3-wheel vehicle,1motor,2,Line 2,opposite,1883.6633,37676,0.864,aa4719c1-f9e6-43f3-801f-c47d1b6cc05f,e2b5d1af-611f-418e-93d3-019b7b7ef4af,123,lembang,cikatomas pakidulan joszzz,,,ffa3dbf4-959a-424a-bec7-45b96eecb1ab,ch01_00000000121000000.mp4,
539,21711,car,2mobil,2mobil,Car / Sedan,2,Sedan / jeep / station wagon,2mobil,1,Line 1,opposite,1888.7129,37777,0.9169,aa4719c1-f9e6-43f3-801f-c47d1b6cc05f,e2b5d1af-611f-418e-93d3-019b7b7ef4af,123,lembang,cikatomas pakidulan joszzz,,,ffa3dbf4-959a-424a-bec7-45b96eecb1ab,ch01_00000000121000000.mp4,
540,21725,car,2mobil,2mobil,Car / Sedan,2,Sedan / jeep / station wagon,2mobil,2,Line 2,opposite,1889.2129,37787,0.9096,aa4719c1-f9e6-43f3-801f-c47d1b6cc05f,e2b5d1af-611f-418e-93d3-019b7b7ef4af,123,lembang,cikatomas pakidulan joszzz,,,ffa3dbf4-959a-424a-bec7-45b96eecb1ab,ch01_00000000121000000.mp4,
541,21777,motorcycle,1motor,1motor,Motorcycle,1,Motorcycle / 3-wheel vehicle,1motor,2,Line 2,normal,1896.8623,37940,0.4337,aa4719c1-f9e6-43f3-801f-c47d1b6cc05f,e2b5d1af-611f-418e-93d3-019b7b7ef4af,123,lembang,cikatomas pakidulan joszzz,,,ffa3dbf4-959a-424a-bec7-45b96eecb1ab,ch01_00000000121000000.mp4,
542,21814,motorcycle,1motor,1motor,Motorcycle,1,Motorcycle / 3-wheel vehicle,1motor,1,Line 1,normal,1898.3122,37969,0.7323,aa4719c1-f9e6-43f3-801f-c47d1b6cc05f,e2b5d1af-611f-418e-93d3-019b7b7ef4af,123,lembang,cikatomas pakidulan joszzz,,,ffa3dbf4-959a-424a-bec7-45b96eecb1ab,ch01_00000000121000000.mp4,
543,21887,motorcycle,1motor,1motor,Motorcycle,1,Motorcycle / 3-wheel vehicle,1motor,2,Line 2,normal,1906.0616,38124,0.7263,aa4719c1-f9e6-43f3-801f-c47d1b6cc05f,e2b5d1af-611f-418e-93d3-019b7b7ef4af,123,lembang,cikatomas pakidulan joszzz,,,ffa3dbf4-959a-424a-bec7-45b96eecb1ab,ch01_00000000121000000.mp4,
544,21906,car,2mobil,2mobil,Car / Sedan,2,Sedan / jeep / station wagon,2mobil,2,Line 2,normal,1907.9115,38161,0.9059,aa4719c1-f9e6-43f3-801f-c47d1b6cc05f,e2b5d1af-611f-418e-93d3-019b7b7ef4af,123,lembang,cikatomas pakidulan joszzz,,,ffa3dbf4-959a-424a-bec7-45b96eecb1ab,ch01_00000000121000000.mp4,
545,21906,car,2mobil,2mobil,Car / Sedan,2,Sedan / jeep / station wagon,2mobil,1,Line 1,normal,1908.6614,38176,0.8997,aa4719c1-f9e6-43f3-801f-c47d1b6cc05f,e2b5d1af-611f-418e-93d3-019b7b7ef4af,123,lembang,cikatomas pakidulan joszzz,,,ffa3dbf4-959a-424a-bec7-45b96eecb1ab,ch01_00000000121000000.mp4,
546,22016,motorcycle,1motor,1motor,Motorcycle,1,Motorcycle / 3-wheel vehicle,1motor,2,Line 2,normal,1917.8108,38359,0.7079,aa4719c1-f9e6-43f3-801f-c47d1b6cc05f,e2b5d1af-611f-418e-93d3-019b7b7ef4af,123,lembang,cikatomas pakidulan joszzz,,,ffa3dbf4-959a-424a-bec7-45b96eecb1ab,ch01_00000000121000000.mp4,
547,22051,motorcycle,1motor,1motor,Motorcycle,1,Motorcycle / 3-wheel vehicle,1motor,1,Line 1,opposite,1918.6107,38375,0.8693,aa4719c1-f9e6-43f3-801f-c47d1b6cc05f,e2b5d1af-611f-418e-93d3-019b7b7ef4af,123,lembang,cikatomas pakidulan joszzz,,,ffa3dbf4-959a-424a-bec7-45b96eecb1ab,ch01_00000000121000000.mp4,
548,22051,motorcycle,1motor,1motor,Motorcycle,1,Motorcycle / 3-wheel vehicle,1motor,2,Line 2,opposite,1919.2107,38387,0.7725,aa4719c1-f9e6-43f3-801f-c47d1b6cc05f,e2b5d1af-611f-418e-93d3-019b7b7ef4af,123,lembang,cikatomas pakidulan joszzz,,,ffa3dbf4-959a-424a-bec7-45b96eecb1ab,ch01_00000000121000000.mp4,
549,22024,car,3ang_umum,3ang_umum,Public Transportation (Angkot),3,Medium passenger vehicle,3ang_umum,2,Line 2,normal,1919.4607,38392,0.8798,aa4719c1-f9e6-43f3-801f-c47d1b6cc05f,e2b5d1af-611f-418e-93d3-019b7b7ef4af,123,lembang,cikatomas pakidulan joszzz,,,ffa3dbf4-959a-424a-bec7-45b96eecb1ab,ch01_00000000121000000.mp4,
550,22024,car,3ang_umum,3ang_umum,Public Transportation (Angkot),3,Medium passenger vehicle,3ang_umum,1,Line 1,normal,1920.5106,38413,0.9172,aa4719c1-f9e6-43f3-801f-c47d1b6cc05f,e2b5d1af-611f-418e-93d3-019b7b7ef4af,123,lembang,cikatomas pakidulan joszzz,,,ffa3dbf4-959a-424a-bec7-45b96eecb1ab,ch01_00000000121000000.mp4,
551,22160,motorcycle,1motor,1motor,Motorcycle,1,Motorcycle / 3-wheel vehicle,1motor,1,Line 1,opposite,1926.3102,38529,0.5726,aa4719c1-f9e6-43f3-801f-c47d1b6cc05f,e2b5d1af-611f-418e-93d3-019b7b7ef4af,123,lembang,cikatomas pakidulan joszzz,,,ffa3dbf4-959a-424a-bec7-45b96eecb1ab,ch01_00000000121000000.mp4,
552,22160,motorcycle,1motor,1motor,Motorcycle,1,Motorcycle / 3-wheel vehicle,1motor,2,Line 2,opposite,1926.9601,38542,0.6167,aa4719c1-f9e6-43f3-801f-c47d1b6cc05f,e2b5d1af-611f-418e-93d3-019b7b7ef4af,123,lembang,cikatomas pakidulan joszzz,,,ffa3dbf4-959a-424a-bec7-45b96eecb1ab,ch01_00000000121000000.mp4,
553,22610,motorcycle,1motor,1motor,Motorcycle,1,Motorcycle / 3-wheel vehicle,1motor,2,Line 2,normal,1953.7582,39078,0.7814,aa4719c1-f9e6-43f3-801f-c47d1b6cc05f,e2b5d1af-611f-418e-93d3-019b7b7ef4af,123,lembang,cikatomas pakidulan joszzz,,,ffa3dbf4-959a-424a-bec7-45b96eecb1ab,ch01_00000000121000000.mp4,
554,23048,motorcycle,1motor,1motor,Motorcycle,1,Motorcycle / 3-wheel vehicle,1motor,2,Line 2,normal,1991.0055,39823,0.6276,aa4719c1-f9e6-43f3-801f-c47d1b6cc05f,e2b5d1af-611f-418e-93d3-019b7b7ef4af,123,lembang,cikatomas pakidulan joszzz,,,ffa3dbf4-959a-424a-bec7-45b96eecb1ab,ch01_00000000121000000.mp4,
555,23079,motorcycle,1motor,1motor,Motorcycle,1,Motorcycle / 3-wheel vehicle,1motor,1,Line 1,normal,1992.3054,39849,0.7329,aa4719c1-f9e6-43f3-801f-c47d1b6cc05f,e2b5d1af-611f-418e-93d3-019b7b7ef4af,123,lembang,cikatomas pakidulan joszzz,,,ffa3dbf4-959a-424a-bec7-45b96eecb1ab,ch01_00000000121000000.mp4,
556,23112,motorcycle,1motor,1motor,Motorcycle,1,Motorcycle / 3-wheel vehicle,1motor,2,Line 2,normal,1995.7551,39918,0.5616,aa4719c1-f9e6-43f3-801f-c47d1b6cc05f,e2b5d1af-611f-418e-93d3-019b7b7ef4af,123,lembang,cikatomas pakidulan joszzz,,,ffa3dbf4-959a-424a-bec7-45b96eecb1ab,ch01_00000000121000000.mp4,
557,23153,motorcycle,1motor,1motor,Motorcycle,1,Motorcycle / 3-wheel vehicle,1motor,1,Line 1,opposite,1999.4049,39991,0.8338,aa4719c1-f9e6-43f3-801f-c47d1b6cc05f,e2b5d1af-611f-418e-93d3-019b7b7ef4af,123,lembang,cikatomas pakidulan joszzz,,,ffa3dbf4-959a-424a-bec7-45b96eecb1ab,ch01_00000000121000000.mp4,
558,23153,motorcycle,1motor,1motor,Motorcycle,1,Motorcycle / 3-wheel vehicle,1motor,2,Line 2,opposite,1999.9548,40002,0.8507,aa4719c1-f9e6-43f3-801f-c47d1b6cc05f,e2b5d1af-611f-418e-93d3-019b7b7ef4af,123,lembang,cikatomas pakidulan joszzz,,,ffa3dbf4-959a-424a-bec7-45b96eecb1ab,ch01_00000000121000000.mp4,
559,23160,truck,4pickupmicro,4PickupMicro,Pickup / Micro Truck,4,Pickup / micro truck / delivery,4pickupmicro,1,Line 1,normal,2000.1048,40005,0.8373,aa4719c1-f9e6-43f3-801f-c47d1b6cc05f,e2b5d1af-611f-418e-93d3-019b7b7ef4af,123,lembang,cikatomas pakidulan joszzz,,,ffa3dbf4-959a-424a-bec7-45b96eecb1ab,ch01_00000000121000000.mp4,
560,23196,car,2mobil,2mobil,Car / Sedan,2,Sedan / jeep / station wagon,2mobil,1,Line 1,opposite,2002.1547,40046,0.9229,aa4719c1-f9e6-43f3-801f-c47d1b6cc05f,e2b5d1af-611f-418e-93d3-019b7b7ef4af,123,lembang,cikatomas pakidulan joszzz,,,ffa3dbf4-959a-424a-bec7-45b96eecb1ab,ch01_00000000121000000.mp4,
561,23196,car,2mobil,2mobil,Car / Sedan,2,Sedan / jeep / station wagon,2mobil,2,Line 2,opposite,2002.7046,40057,0.9074,aa4719c1-f9e6-43f3-801f-c47d1b6cc05f,e2b5d1af-611f-418e-93d3-019b7b7ef4af,123,lembang,cikatomas pakidulan joszzz,,,ffa3dbf4-959a-424a-bec7-45b96eecb1ab,ch01_00000000121000000.mp4,
562,23249,motorcycle,1motor,1motor,Motorcycle,1,Motorcycle / 3-wheel vehicle,1motor,2,Line 2,opposite,2005.9044,40121,0.8261,aa4719c1-f9e6-43f3-801f-c47d1b6cc05f,e2b5d1af-611f-418e-93d3-019b7b7ef4af,123,lembang,cikatomas pakidulan joszzz,,,ffa3dbf4-959a-424a-bec7-45b96eecb1ab,ch01_00000000121000000.mp4,
563,23255,car,2mobil,2mobil,Car / Sedan,2,Sedan / jeep / station wagon,2mobil,1,Line 1,opposite,2006.1044,40125,0.5934,aa4719c1-f9e6-43f3-801f-c47d1b6cc05f,e2b5d1af-611f-418e-93d3-019b7b7ef4af,123,lembang,cikatomas pakidulan joszzz,,,ffa3dbf4-959a-424a-bec7-45b96eecb1ab,ch01_00000000121000000.mp4,
564,23270,motorcycle,1motor,1motor,Motorcycle,1,Motorcycle / 3-wheel vehicle,1motor,1,Line 1,opposite,2006.5043,40133,0.6876,aa4719c1-f9e6-43f3-801f-c47d1b6cc05f,e2b5d1af-611f-418e-93d3-019b7b7ef4af,123,lembang,cikatomas pakidulan joszzz,,,ffa3dbf4-959a-424a-bec7-45b96eecb1ab,ch01_00000000121000000.mp4,
565,23255,car,2mobil,2mobil,Car / Sedan,2,Sedan / jeep / station wagon,2mobil,2,Line 2,opposite,2006.6543,40136,0.7888,aa4719c1-f9e6-43f3-801f-c47d1b6cc05f,e2b5d1af-611f-418e-93d3-019b7b7ef4af,123,lembang,cikatomas pakidulan joszzz,,,ffa3dbf4-959a-424a-bec7-45b96eecb1ab,ch01_00000000121000000.mp4,
566,23270,motorcycle,1motor,1motor,Motorcycle,1,Motorcycle / 3-wheel vehicle,1motor,2,Line 2,opposite,2007.1043,40145,0.7881,aa4719c1-f9e6-43f3-801f-c47d1b6cc05f,e2b5d1af-611f-418e-93d3-019b7b7ef4af,123,lembang,cikatomas pakidulan joszzz,,,ffa3dbf4-959a-424a-bec7-45b96eecb1ab,ch01_00000000121000000.mp4,
567,23316,car,2mobil,2mobil,Car / Sedan,2,Sedan / jeep / station wagon,2mobil,1,Line 1,opposite,2010.4541,40212,0.9052,aa4719c1-f9e6-43f3-801f-c47d1b6cc05f,e2b5d1af-611f-418e-93d3-019b7b7ef4af,123,lembang,cikatomas pakidulan joszzz,,,ffa3dbf4-959a-424a-bec7-45b96eecb1ab,ch01_00000000121000000.mp4,
568,23316,car,2mobil,2mobil,Car / Sedan,2,Sedan / jeep / station wagon,2mobil,2,Line 2,opposite,2010.954,40222,0.9216,aa4719c1-f9e6-43f3-801f-c47d1b6cc05f,e2b5d1af-611f-418e-93d3-019b7b7ef4af,123,lembang,cikatomas pakidulan joszzz,,,ffa3dbf4-959a-424a-bec7-45b96eecb1ab,ch01_00000000121000000.mp4,
569,23342,car,2mobil,2mobil,Car / Sedan,2,Sedan / jeep / station wagon,2mobil,1,Line 1,opposite,2012.3539,40250,0.8904,aa4719c1-f9e6-43f3-801f-c47d1b6cc05f,e2b5d1af-611f-418e-93d3-019b7b7ef4af,123,lembang,cikatomas pakidulan joszzz,,,ffa3dbf4-959a-424a-bec7-45b96eecb1ab,ch01_00000000121000000.mp4,
570,23350,car,2mobil,2mobil,Car / Sedan,2,Sedan / jeep / station wagon,2mobil,2,Line 2,opposite,2012.9039,40261,0.9028,aa4719c1-f9e6-43f3-801f-c47d1b6cc05f,e2b5d1af-611f-418e-93d3-019b7b7ef4af,123,lembang,cikatomas pakidulan joszzz,,,ffa3dbf4-959a-424a-bec7-45b96eecb1ab,ch01_00000000121000000.mp4,
571,23441,motorcycle,1motor,1motor,Motorcycle,1,Motorcycle / 3-wheel vehicle,1motor,1,Line 1,opposite,2018.8035,40379,0.8899,aa4719c1-f9e6-43f3-801f-c47d1b6cc05f,e2b5d1af-611f-418e-93d3-019b7b7ef4af,123,lembang,cikatomas pakidulan joszzz,,,ffa3dbf4-959a-424a-bec7-45b96eecb1ab,ch01_00000000121000000.mp4,
572,23441,motorcycle,1motor,1motor,Motorcycle,1,Motorcycle / 3-wheel vehicle,1motor,2,Line 2,opposite,2019.5034,40393,0.7053,aa4719c1-f9e6-43f3-801f-c47d1b6cc05f,e2b5d1af-611f-418e-93d3-019b7b7ef4af,123,lembang,cikatomas pakidulan joszzz,,,ffa3dbf4-959a-424a-bec7-45b96eecb1ab,ch01_00000000121000000.mp4,
573,23452,motorcycle,1motor,1motor,Motorcycle,1,Motorcycle / 3-wheel vehicle,1motor,1,Line 1,opposite,2019.7534,40398,0.8525,aa4719c1-f9e6-43f3-801f-c47d1b6cc05f,e2b5d1af-611f-418e-93d3-019b7b7ef4af,123,lembang,cikatomas pakidulan joszzz,,,ffa3dbf4-959a-424a-bec7-45b96eecb1ab,ch01_00000000121000000.mp4,
574,23452,motorcycle,1motor,1motor,Motorcycle,1,Motorcycle / 3-wheel vehicle,1motor,2,Line 2,opposite,2021.7032,40437,0.8357,aa4719c1-f9e6-43f3-801f-c47d1b6cc05f,e2b5d1af-611f-418e-93d3-019b7b7ef4af,123,lembang,cikatomas pakidulan joszzz,,,ffa3dbf4-959a-424a-bec7-45b96eecb1ab,ch01_00000000121000000.mp4,
575,23525,truck,4pickupmicro,4PickupMicro,Pickup / Micro Truck,4,Pickup / micro truck / delivery,4pickupmicro,2,Line 2,normal,2023.8031,40479,0.6593,aa4719c1-f9e6-43f3-801f-c47d1b6cc05f,e2b5d1af-611f-418e-93d3-019b7b7ef4af,123,lembang,cikatomas pakidulan joszzz,,,ffa3dbf4-959a-424a-bec7-45b96eecb1ab,ch01_00000000121000000.mp4,
576,23525,truck,4pickupmicro,4PickupMicro,Pickup / Micro Truck,4,Pickup / micro truck / delivery,4pickupmicro,1,Line 1,normal,2024.653,40496,0.8306,aa4719c1-f9e6-43f3-801f-c47d1b6cc05f,e2b5d1af-611f-418e-93d3-019b7b7ef4af,123,lembang,cikatomas pakidulan joszzz,,,ffa3dbf4-959a-424a-bec7-45b96eecb1ab,ch01_00000000121000000.mp4,
577,23537,motorcycle,1motor,1motor,Motorcycle,1,Motorcycle / 3-wheel vehicle,1motor,1,Line 1,opposite,2024.703,40497,0.8643,aa4719c1-f9e6-43f3-801f-c47d1b6cc05f,e2b5d1af-611f-418e-93d3-019b7b7ef4af,123,lembang,cikatomas pakidulan joszzz,,,ffa3dbf4-959a-424a-bec7-45b96eecb1ab,ch01_00000000121000000.mp4,
578,23537,motorcycle,1motor,1motor,Motorcycle,1,Motorcycle / 3-wheel vehicle,1motor,2,Line 2,opposite,2025.603,40515,0.6939,aa4719c1-f9e6-43f3-801f-c47d1b6cc05f,e2b5d1af-611f-418e-93d3-019b7b7ef4af,123,lembang,cikatomas pakidulan joszzz,,,ffa3dbf4-959a-424a-bec7-45b96eecb1ab,ch01_00000000121000000.mp4,
579,23723,motorcycle,1motor,1motor,Motorcycle,1,Motorcycle / 3-wheel vehicle,1motor,2,Line 2,opposite,2039.9519,40802,0.8381,aa4719c1-f9e6-43f3-801f-c47d1b6cc05f,e2b5d1af-611f-418e-93d3-019b7b7ef4af,123,lembang,cikatomas pakidulan joszzz,,,ffa3dbf4-959a-424a-bec7-45b96eecb1ab,ch01_00000000121000000.mp4,
580,23740,car,3ang_umum,3ang_umum,Public Transportation (Angkot),3,Medium passenger vehicle,3ang_umum,1,Line 1,opposite,2041.9018,40841,0.934,aa4719c1-f9e6-43f3-801f-c47d1b6cc05f,e2b5d1af-611f-418e-93d3-019b7b7ef4af,123,lembang,cikatomas pakidulan joszzz,,,ffa3dbf4-959a-424a-bec7-45b96eecb1ab,ch01_00000000121000000.mp4,
581,23740,car,3ang_umum,3ang_umum,Public Transportation (Angkot),3,Medium passenger vehicle,3ang_umum,2,Line 2,opposite,2042.7017,40857,0.9196,aa4719c1-f9e6-43f3-801f-c47d1b6cc05f,e2b5d1af-611f-418e-93d3-019b7b7ef4af,123,lembang,cikatomas pakidulan joszzz,,,ffa3dbf4-959a-424a-bec7-45b96eecb1ab,ch01_00000000121000000.mp4,
582,23774,car,2mobil,2mobil,Car / Sedan,2,Sedan / jeep / station wagon,2mobil,1,Line 1,opposite,2044.1516,40886,0.9319,aa4719c1-f9e6-43f3-801f-c47d1b6cc05f,e2b5d1af-611f-418e-93d3-019b7b7ef4af,123,lembang,cikatomas pakidulan joszzz,,,ffa3dbf4-959a-424a-bec7-45b96eecb1ab,ch01_00000000121000000.mp4,
583,23774,car,2mobil,2mobil,Car / Sedan,2,Sedan / jeep / station wagon,2mobil,2,Line 2,opposite,2044.7016,40897,0.9079,aa4719c1-f9e6-43f3-801f-c47d1b6cc05f,e2b5d1af-611f-418e-93d3-019b7b7ef4af,123,lembang,cikatomas pakidulan joszzz,,,ffa3dbf4-959a-424a-bec7-45b96eecb1ab,ch01_00000000121000000.mp4,
584,23791,motorcycle,1motor,1motor,Motorcycle,1,Motorcycle / 3-wheel vehicle,1motor,2,Line 2,normal,2046.3015,40929,0.8391,aa4719c1-f9e6-43f3-801f-c47d1b6cc05f,e2b5d1af-611f-418e-93d3-019b7b7ef4af,123,lembang,cikatomas pakidulan joszzz,,,ffa3dbf4-959a-424a-bec7-45b96eecb1ab,ch01_00000000121000000.mp4,
585,23869,motorcycle,1motor,1motor,Motorcycle,1,Motorcycle / 3-wheel vehicle,1motor,2,Line 2,normal,2055.1008,41105,0.7187,aa4719c1-f9e6-43f3-801f-c47d1b6cc05f,e2b5d1af-611f-418e-93d3-019b7b7ef4af,123,lembang,cikatomas pakidulan joszzz,,,ffa3dbf4-959a-424a-bec7-45b96eecb1ab,ch01_00000000121000000.mp4,
586,23880,motorcycle,1motor,1motor,Motorcycle,1,Motorcycle / 3-wheel vehicle,1motor,2,Line 2,normal,2055.6508,41116,0.5485,aa4719c1-f9e6-43f3-801f-c47d1b6cc05f,e2b5d1af-611f-418e-93d3-019b7b7ef4af,123,lembang,cikatomas pakidulan joszzz,,,ffa3dbf4-959a-424a-bec7-45b96eecb1ab,ch01_00000000121000000.mp4,
587,23869,motorcycle,1motor,1motor,Motorcycle,1,Motorcycle / 3-wheel vehicle,1motor,1,Line 1,normal,2057.2007,41147,0.84,aa4719c1-f9e6-43f3-801f-c47d1b6cc05f,e2b5d1af-611f-418e-93d3-019b7b7ef4af,123,lembang,cikatomas pakidulan joszzz,,,ffa3dbf4-959a-424a-bec7-45b96eecb1ab,ch01_00000000121000000.mp4,
588,23907,motorcycle,1motor,1motor,Motorcycle,1,Motorcycle / 3-wheel vehicle,1motor,1,Line 1,opposite,2057.3507,41150,0.8575,aa4719c1-f9e6-43f3-801f-c47d1b6cc05f,e2b5d1af-611f-418e-93d3-019b7b7ef4af,123,lembang,cikatomas pakidulan joszzz,,,ffa3dbf4-959a-424a-bec7-45b96eecb1ab,ch01_00000000121000000.mp4,
589,23907,motorcycle,1motor,1motor,Motorcycle,1,Motorcycle / 3-wheel vehicle,1motor,2,Line 2,opposite,2058.0506,41164,0.8496,aa4719c1-f9e6-43f3-801f-c47d1b6cc05f,e2b5d1af-611f-418e-93d3-019b7b7ef4af,123,lembang,cikatomas pakidulan joszzz,,,ffa3dbf4-959a-424a-bec7-45b96eecb1ab,ch01_00000000121000000.mp4,
590,23880,motorcycle,1motor,1motor,Motorcycle,1,Motorcycle / 3-wheel vehicle,1motor,1,Line 1,normal,2058.3506,41170,0.5615,aa4719c1-f9e6-43f3-801f-c47d1b6cc05f,e2b5d1af-611f-418e-93d3-019b7b7ef4af,123,lembang,cikatomas pakidulan joszzz,,,ffa3dbf4-959a-424a-bec7-45b96eecb1ab,ch01_00000000121000000.mp4,
591,23964,motorcycle,1motor,1motor,Motorcycle,1,Motorcycle / 3-wheel vehicle,1motor,1,Line 1,opposite,2061.6003,41235,0.8892,aa4719c1-f9e6-43f3-801f-c47d1b6cc05f,e2b5d1af-611f-418e-93d3-019b7b7ef4af,123,lembang,cikatomas pakidulan joszzz,,,ffa3dbf4-959a-424a-bec7-45b96eecb1ab,ch01_00000000121000000.mp4,
592,23964,motorcycle,1motor,1motor,Motorcycle,1,Motorcycle / 3-wheel vehicle,1motor,2,Line 2,opposite,2062.4503,41252,0.8102,aa4719c1-f9e6-43f3-801f-c47d1b6cc05f,e2b5d1af-611f-418e-93d3-019b7b7ef4af,123,lembang,cikatomas pakidulan joszzz,,,ffa3dbf4-959a-424a-bec7-45b96eecb1ab,ch01_00000000121000000.mp4,
593,23981,car,2mobil,2mobil,Car / Sedan,2,Sedan / jeep / station wagon,2mobil,2,Line 2,normal,2065.1501,41306,0.433,aa4719c1-f9e6-43f3-801f-c47d1b6cc05f,e2b5d1af-611f-418e-93d3-019b7b7ef4af,123,lembang,cikatomas pakidulan joszzz,,,ffa3dbf4-959a-424a-bec7-45b96eecb1ab,ch01_00000000121000000.mp4,
594,23981,car,2mobil,2mobil,Car / Sedan,2,Sedan / jeep / station wagon,2mobil,1,Line 1,normal,2065.85,41320,0.5901,aa4719c1-f9e6-43f3-801f-c47d1b6cc05f,e2b5d1af-611f-418e-93d3-019b7b7ef4af,123,lembang,cikatomas pakidulan joszzz,,,ffa3dbf4-959a-424a-bec7-45b96eecb1ab,ch01_00000000121000000.mp4,
595,24112,motorcycle,1motor,1motor,Motorcycle,1,Motorcycle / 3-wheel vehicle,1motor,1,Line 1,normal,2077.5992,41555,0.666,aa4719c1-f9e6-43f3-801f-c47d1b6cc05f,e2b5d1af-611f-418e-93d3-019b7b7ef4af,123,lembang,cikatomas pakidulan joszzz,,,ffa3dbf4-959a-424a-bec7-45b96eecb1ab,ch01_00000000121000000.mp4,
596,24204,car,2mobil,2mobil,Car / Sedan,2,Sedan / jeep / station wagon,2mobil,2,Line 2,normal,2083.9487,41682,0.6402,aa4719c1-f9e6-43f3-801f-c47d1b6cc05f,e2b5d1af-611f-418e-93d3-019b7b7ef4af,123,lembang,cikatomas pakidulan joszzz,,,ffa3dbf4-959a-424a-bec7-45b96eecb1ab,ch01_00000000121000000.mp4,
597,24204,car,2mobil,2mobil,Car / Sedan,2,Sedan / jeep / station wagon,2mobil,1,Line 1,normal,2084.7487,41698,0.9193,aa4719c1-f9e6-43f3-801f-c47d1b6cc05f,e2b5d1af-611f-418e-93d3-019b7b7ef4af,123,lembang,cikatomas pakidulan joszzz,,,ffa3dbf4-959a-424a-bec7-45b96eecb1ab,ch01_00000000121000000.mp4,
598,24299,car,2mobil,2mobil,Car / Sedan,2,Sedan / jeep / station wagon,2mobil,1,Line 1,opposite,2094.298,41889,0.7976,aa4719c1-f9e6-43f3-801f-c47d1b6cc05f,e2b5d1af-611f-418e-93d3-019b7b7ef4af,123,lembang,cikatomas pakidulan joszzz,,,ffa3dbf4-959a-424a-bec7-45b96eecb1ab,ch01_00000000121000000.mp4,
599,24302,car,2mobil,2mobil,Car / Sedan,2,Sedan / jeep / station wagon,2mobil,2,Line 2,opposite,2094.8979,41901,0.9133,aa4719c1-f9e6-43f3-801f-c47d1b6cc05f,e2b5d1af-611f-418e-93d3-019b7b7ef4af,123,lembang,cikatomas pakidulan joszzz,,,ffa3dbf4-959a-424a-bec7-45b96eecb1ab,ch01_00000000121000000.mp4,
600,24367,truck,6tr_2sumbu,6TR_2sumbu,2-Axle Truck (Jumbo),6,2-Axle Truck,6tr_2sumbu,2,Line 2,normal,2101.5474,42034,0.8736,aa4719c1-f9e6-43f3-801f-c47d1b6cc05f,e2b5d1af-611f-418e-93d3-019b7b7ef4af,123,lembang,cikatomas pakidulan joszzz,,,ffa3dbf4-959a-424a-bec7-45b96eecb1ab,ch01_00000000121000000.mp4,
601,24367,truck,6tr_2sumbu,6TR_2sumbu,2-Axle Truck (Jumbo),6,2-Axle Truck,6tr_2sumbu,1,Line 1,normal,2103.1473,42066,0.8497,aa4719c1-f9e6-43f3-801f-c47d1b6cc05f,e2b5d1af-611f-418e-93d3-019b7b7ef4af,123,lembang,cikatomas pakidulan joszzz,,,ffa3dbf4-959a-424a-bec7-45b96eecb1ab,ch01_00000000121000000.mp4,
602,24436,truck,6tr_2sumbu,6TR_2sumbu,2-Axle Truck (Jumbo),6,2-Axle Truck,6tr_2sumbu,2,Line 2,normal,2107.997,42163,0.9046,aa4719c1-f9e6-43f3-801f-c47d1b6cc05f,e2b5d1af-611f-418e-93d3-019b7b7ef4af,123,lembang,cikatomas pakidulan joszzz,,,ffa3dbf4-959a-424a-bec7-45b96eecb1ab,ch01_00000000121000000.mp4,
603,24436,truck,6tr_2sumbu,6TR_2sumbu,2-Axle Truck (Jumbo),6,2-Axle Truck,6tr_2sumbu,1,Line 1,normal,2109.4469,42192,0.9227,aa4719c1-f9e6-43f3-801f-c47d1b6cc05f,e2b5d1af-611f-418e-93d3-019b7b7ef4af,123,lembang,cikatomas pakidulan joszzz,,,ffa3dbf4-959a-424a-bec7-45b96eecb1ab,ch01_00000000121000000.mp4,
604,24796,motorcycle,1motor,1motor,Motorcycle,1,Motorcycle / 3-wheel vehicle,1motor,2,Line 2,normal,2136.8449,42740,0.8053,aa4719c1-f9e6-43f3-801f-c47d1b6cc05f,e2b5d1af-611f-418e-93d3-019b7b7ef4af,123,lembang,cikatomas pakidulan joszzz,,,ffa3dbf4-959a-424a-bec7-45b96eecb1ab,ch01_00000000121000000.mp4,
605,24796,motorcycle,1motor,1motor,Motorcycle,1,Motorcycle / 3-wheel vehicle,1motor,1,Line 1,normal,2138.3448,42770,0.3708,aa4719c1-f9e6-43f3-801f-c47d1b6cc05f,e2b5d1af-611f-418e-93d3-019b7b7ef4af,123,lembang,cikatomas pakidulan joszzz,,,ffa3dbf4-959a-424a-bec7-45b96eecb1ab,ch01_00000000121000000.mp4,
606,24968,motorcycle,1motor,1motor,Motorcycle,1,Motorcycle / 3-wheel vehicle,1motor,2,Line 2,normal,2147.3941,42951,0.7684,aa4719c1-f9e6-43f3-801f-c47d1b6cc05f,e2b5d1af-611f-418e-93d3-019b7b7ef4af,123,lembang,cikatomas pakidulan joszzz,,,ffa3dbf4-959a-424a-bec7-45b96eecb1ab,ch01_00000000121000000.mp4,
607,25060,truck,6tr_2sumbu,6TR_2sumbu,2-Axle Truck (Jumbo),6,2-Axle Truck,6tr_2sumbu,2,Line 2,normal,2153.7937,43079,0.8441,aa4719c1-f9e6-43f3-801f-c47d1b6cc05f,e2b5d1af-611f-418e-93d3-019b7b7ef4af,123,lembang,cikatomas pakidulan joszzz,,,ffa3dbf4-959a-424a-bec7-45b96eecb1ab,ch01_00000000121000000.mp4,
608,25060,truck,6tr_2sumbu,6TR_2sumbu,2-Axle Truck (Jumbo),6,2-Axle Truck,6tr_2sumbu,1,Line 1,normal,2154.9936,43103,0.9321,aa4719c1-f9e6-43f3-801f-c47d1b6cc05f,e2b5d1af-611f-418e-93d3-019b7b7ef4af,123,lembang,cikatomas pakidulan joszzz,,,ffa3dbf4-959a-424a-bec7-45b96eecb1ab,ch01_00000000121000000.mp4,
609,25128,truck,6tr_2sumbu,6TR_2sumbu,2-Axle Truck (Jumbo),6,2-Axle Truck,6tr_2sumbu,2,Line 2,normal,2156.8934,43141,0.6046,aa4719c1-f9e6-43f3-801f-c47d1b6cc05f,e2b5d1af-611f-418e-93d3-019b7b7ef4af,123,lembang,cikatomas pakidulan joszzz,,,ffa3dbf4-959a-424a-bec7-45b96eecb1ab,ch01_00000000121000000.mp4,
610,25128,truck,6tr_2sumbu,6TR_2sumbu,2-Axle Truck (Jumbo),6,2-Axle Truck,6tr_2sumbu,1,Line 1,normal,2157.9933,43163,0.8776,aa4719c1-f9e6-43f3-801f-c47d1b6cc05f,e2b5d1af-611f-418e-93d3-019b7b7ef4af,123,lembang,cikatomas pakidulan joszzz,,,ffa3dbf4-959a-424a-bec7-45b96eecb1ab,ch01_00000000121000000.mp4,
611,25208,motorcycle,1motor,1motor,Motorcycle,1,Motorcycle / 3-wheel vehicle,1motor,1,Line 1,opposite,2159.0933,43185,0.8761,aa4719c1-f9e6-43f3-801f-c47d1b6cc05f,e2b5d1af-611f-418e-93d3-019b7b7ef4af,123,lembang,cikatomas pakidulan joszzz,,,ffa3dbf4-959a-424a-bec7-45b96eecb1ab,ch01_00000000121000000.mp4,
612,25208,motorcycle,1motor,1motor,Motorcycle,1,Motorcycle / 3-wheel vehicle,1motor,2,Line 2,opposite,2159.8432,43200,0.8247,aa4719c1-f9e6-43f3-801f-c47d1b6cc05f,e2b5d1af-611f-418e-93d3-019b7b7ef4af,123,lembang,cikatomas pakidulan joszzz,,,ffa3dbf4-959a-424a-bec7-45b96eecb1ab,ch01_00000000121000000.mp4,
613,25227,bus,5bus,5Bus,Bus,5,Bus,5bus,2,Line 2,normal,2160.8931,43221,0.9222,aa4719c1-f9e6-43f3-801f-c47d1b6cc05f,e2b5d1af-611f-418e-93d3-019b7b7ef4af,123,lembang,cikatomas pakidulan joszzz,,,ffa3dbf4-959a-424a-bec7-45b96eecb1ab,ch01_00000000121000000.mp4,
614,25227,bus,5bus,5Bus,Bus,5,Bus,5bus,1,Line 1,normal,2161.6431,43236,0.8986,aa4719c1-f9e6-43f3-801f-c47d1b6cc05f,e2b5d1af-611f-418e-93d3-019b7b7ef4af,123,lembang,cikatomas pakidulan joszzz,,,ffa3dbf4-959a-424a-bec7-45b96eecb1ab,ch01_00000000121000000.mp4,
615,25269,motorcycle,1motor,1motor,Motorcycle,1,Motorcycle / 3-wheel vehicle,1motor,2,Line 2,opposite,2162.293,43249,0.4912,aa4719c1-f9e6-43f3-801f-c47d1b6cc05f,e2b5d1af-611f-418e-93d3-019b7b7ef4af,123,lembang,cikatomas pakidulan joszzz,,,ffa3dbf4-959a-424a-bec7-45b96eecb1ab,ch01_00000000121000000.mp4,
616,25316,motorcycle,1motor,1motor,Motorcycle,1,Motorcycle / 3-wheel vehicle,1motor,1,Line 1,opposite,2164.7429,43298,0.8204,aa4719c1-f9e6-43f3-801f-c47d1b6cc05f,e2b5d1af-611f-418e-93d3-019b7b7ef4af,123,lembang,cikatomas pakidulan joszzz,,,ffa3dbf4-959a-424a-bec7-45b96eecb1ab,ch01_00000000121000000.mp4,
617,25334,motorcycle,1motor,1motor,Motorcycle,1,Motorcycle / 3-wheel vehicle,1motor,2,Line 2,opposite,2165.4928,43313,0.7487,aa4719c1-f9e6-43f3-801f-c47d1b6cc05f,e2b5d1af-611f-418e-93d3-019b7b7ef4af,123,lembang,cikatomas pakidulan joszzz,,,ffa3dbf4-959a-424a-bec7-45b96eecb1ab,ch01_00000000121000000.mp4,
618,25330,motorcycle,1motor,1motor,Motorcycle,1,Motorcycle / 3-wheel vehicle,1motor,1,Line 1,opposite,2165.5428,43314,0.8116,aa4719c1-f9e6-43f3-801f-c47d1b6cc05f,e2b5d1af-611f-418e-93d3-019b7b7ef4af,123,lembang,cikatomas pakidulan joszzz,,,ffa3dbf4-959a-424a-bec7-45b96eecb1ab,ch01_00000000121000000.mp4,
619,25315,car,2mobil,2mobil,Car / Sedan,2,Sedan / jeep / station wagon,2mobil,2,Line 2,normal,2165.6928,43317,0.8809,aa4719c1-f9e6-43f3-801f-c47d1b6cc05f,e2b5d1af-611f-418e-93d3-019b7b7ef4af,123,lembang,cikatomas pakidulan joszzz,,,ffa3dbf4-959a-424a-bec7-45b96eecb1ab,ch01_00000000121000000.mp4,
620,25330,motorcycle,1motor,1motor,Motorcycle,1,Motorcycle / 3-wheel vehicle,1motor,2,Line 2,opposite,2166.2927,43329,0.7007,aa4719c1-f9e6-43f3-801f-c47d1b6cc05f,e2b5d1af-611f-418e-93d3-019b7b7ef4af,123,lembang,cikatomas pakidulan joszzz,,,ffa3dbf4-959a-424a-bec7-45b96eecb1ab,ch01_00000000121000000.mp4,
621,25315,car,2mobil,2mobil,Car / Sedan,2,Sedan / jeep / station wagon,2mobil,1,Line 1,normal,2166.5427,43334,0.8257,aa4719c1-f9e6-43f3-801f-c47d1b6cc05f,e2b5d1af-611f-418e-93d3-019b7b7ef4af,123,lembang,cikatomas pakidulan joszzz,,,ffa3dbf4-959a-424a-bec7-45b96eecb1ab,ch01_00000000121000000.mp4,
622,25352,motorcycle,1motor,1motor,Motorcycle,1,Motorcycle / 3-wheel vehicle,1motor,2,Line 2,opposite,2166.5427,43334,0.8401,aa4719c1-f9e6-43f3-801f-c47d1b6cc05f,e2b5d1af-611f-418e-93d3-019b7b7ef4af,123,lembang,cikatomas pakidulan joszzz,,,ffa3dbf4-959a-424a-bec7-45b96eecb1ab,ch01_00000000121000000.mp4,
623,25396,motorcycle,1motor,1motor,Motorcycle,1,Motorcycle / 3-wheel vehicle,1motor,1,Line 1,opposite,2169.4925,43393,0.8255,aa4719c1-f9e6-43f3-801f-c47d1b6cc05f,e2b5d1af-611f-418e-93d3-019b7b7ef4af,123,lembang,cikatomas pakidulan joszzz,,,ffa3dbf4-959a-424a-bec7-45b96eecb1ab,ch01_00000000121000000.mp4,
624,25397,motorcycle,1motor,1motor,Motorcycle,1,Motorcycle / 3-wheel vehicle,1motor,1,Line 1,opposite,2170.0425,43404,0.9018,aa4719c1-f9e6-43f3-801f-c47d1b6cc05f,e2b5d1af-611f-418e-93d3-019b7b7ef4af,123,lembang,cikatomas pakidulan joszzz,,,ffa3dbf4-959a-424a-bec7-45b96eecb1ab,ch01_00000000121000000.mp4,
625,25396,motorcycle,1motor,1motor,Motorcycle,1,Motorcycle / 3-wheel vehicle,1motor,2,Line 2,opposite,2170.1925,43407,0.8258,aa4719c1-f9e6-43f3-801f-c47d1b6cc05f,e2b5d1af-611f-418e-93d3-019b7b7ef4af,123,lembang,cikatomas pakidulan joszzz,,,ffa3dbf4-959a-424a-bec7-45b96eecb1ab,ch01_00000000121000000.mp4,
626,25397,motorcycle,1motor,1motor,Motorcycle,1,Motorcycle / 3-wheel vehicle,1motor,2,Line 2,opposite,2170.6924,43417,0.8265,aa4719c1-f9e6-43f3-801f-c47d1b6cc05f,e2b5d1af-611f-418e-93d3-019b7b7ef4af,123,lembang,cikatomas pakidulan joszzz,,,ffa3dbf4-959a-424a-bec7-45b96eecb1ab,ch01_00000000121000000.mp4,
627,25423,truck,6tr_2sumbu,6TR_2sumbu,2-Axle Truck (Jumbo),6,2-Axle Truck,6tr_2sumbu,2,Line 2,normal,2173.7422,43478,0.8491,aa4719c1-f9e6-43f3-801f-c47d1b6cc05f,e2b5d1af-611f-418e-93d3-019b7b7ef4af,123,lembang,cikatomas pakidulan joszzz,,,ffa3dbf4-959a-424a-bec7-45b96eecb1ab,ch01_00000000121000000.mp4,
628,25442,car,2mobil,2mobil,Car / Sedan,2,Sedan / jeep / station wagon,2mobil,1,Line 1,opposite,2173.8922,43481,0.8952,aa4719c1-f9e6-43f3-801f-c47d1b6cc05f,e2b5d1af-611f-418e-93d3-019b7b7ef4af,123,lembang,cikatomas pakidulan joszzz,,,ffa3dbf4-959a-424a-bec7-45b96eecb1ab,ch01_00000000121000000.mp4,
629,25442,car,2mobil,2mobil,Car / Sedan,2,Sedan / jeep / station wagon,2mobil,2,Line 2,opposite,2174.5421,43494,0.8238,aa4719c1-f9e6-43f3-801f-c47d1b6cc05f,e2b5d1af-611f-418e-93d3-019b7b7ef4af,123,lembang,cikatomas pakidulan joszzz,,,ffa3dbf4-959a-424a-bec7-45b96eecb1ab,ch01_00000000121000000.mp4,
630,25423,truck,6tr_2sumbu,6TR_2sumbu,2-Axle Truck (Jumbo),6,2-Axle Truck,6tr_2sumbu,1,Line 1,normal,2175.2421,43508,0.9256,aa4719c1-f9e6-43f3-801f-c47d1b6cc05f,e2b5d1af-611f-418e-93d3-019b7b7ef4af,123,lembang,cikatomas pakidulan joszzz,,,ffa3dbf4-959a-424a-bec7-45b96eecb1ab,ch01_00000000121000000.mp4,
631,25482,truck,6tr_2sumbu,6TR_2sumbu,2-Axle Truck (Jumbo),6,2-Axle Truck,6tr_2sumbu,2,Line 2,normal,2175.942,43522,0.7585,aa4719c1-f9e6-43f3-801f-c47d1b6cc05f,e2b5d1af-611f-418e-93d3-019b7b7ef4af,123,lembang,cikatomas pakidulan joszzz,,,ffa3dbf4-959a-424a-bec7-45b96eecb1ab,ch01_00000000121000000.mp4,
632,25482,truck,6tr_2sumbu,6TR_2sumbu,2-Axle Truck (Jumbo),6,2-Axle Truck,6tr_2sumbu,1,Line 1,normal,2177.9419,43562,0.848,aa4719c1-f9e6-43f3-801f-c47d1b6cc05f,e2b5d1af-611f-418e-93d3-019b7b7ef4af,123,lembang,cikatomas pakidulan joszzz,,,ffa3dbf4-959a-424a-bec7-45b96eecb1ab,ch01_00000000121000000.mp4,
633,25514,truck,4pickupmicro,4PickupMicro,Pickup / Micro Truck,4,Pickup / micro truck / delivery,4pickupmicro,1,Line 1,opposite,2177.9919,43563,0.7386,aa4719c1-f9e6-43f3-801f-c47d1b6cc05f,e2b5d1af-611f-418e-93d3-019b7b7ef4af,123,lembang,cikatomas pakidulan joszzz,,,ffa3dbf4-959a-424a-bec7-45b96eecb1ab,ch01_00000000121000000.mp4,
634,25514,truck,4pickupmicro,4PickupMicro,Pickup / Micro Truck,4,Pickup / micro truck / delivery,4pickupmicro,2,Line 2,opposite,2178.7918,43579,0.8973,aa4719c1-f9e6-43f3-801f-c47d1b6cc05f,e2b5d1af-611f-418e-93d3-019b7b7ef4af,123,lembang,cikatomas pakidulan joszzz,,,ffa3dbf4-959a-424a-bec7-45b96eecb1ab,ch01_00000000121000000.mp4,
635,25524,truck,4pickupmicro,4PickupMicro,Pickup / Micro Truck,4,Pickup / micro truck / delivery,4pickupmicro,2,Line 2,opposite,2178.8918,43581,0.5364,aa4719c1-f9e6-43f3-801f-c47d1b6cc05f,e2b5d1af-611f-418e-93d3-019b7b7ef4af,123,lembang,cikatomas pakidulan joszzz,,,ffa3dbf4-959a-424a-bec7-45b96eecb1ab,ch01_00000000121000000.mp4,
636,25534,motorcycle,1motor,1motor,Motorcycle,1,Motorcycle / 3-wheel vehicle,1motor,1,Line 1,opposite,2179.0918,43585,0.8808,aa4719c1-f9e6-43f3-801f-c47d1b6cc05f,e2b5d1af-611f-418e-93d3-019b7b7ef4af,123,lembang,cikatomas pakidulan joszzz,,,ffa3dbf4-959a-424a-bec7-45b96eecb1ab,ch01_00000000121000000.mp4,
637,25534,motorcycle,1motor,1motor,Motorcycle,1,Motorcycle / 3-wheel vehicle,1motor,2,Line 2,opposite,2180.0417,43604,0.8345,aa4719c1-f9e6-43f3-801f-c47d1b6cc05f,e2b5d1af-611f-418e-93d3-019b7b7ef4af,123,lembang,cikatomas pakidulan joszzz,,,ffa3dbf4-959a-424a-bec7-45b96eecb1ab,ch01_00000000121000000.mp4,
638,25560,motorcycle,1motor,1motor,Motorcycle,1,Motorcycle / 3-wheel vehicle,1motor,1,Line 1,opposite,2181.0917,43625,0.8815,aa4719c1-f9e6-43f3-801f-c47d1b6cc05f,e2b5d1af-611f-418e-93d3-019b7b7ef4af,123,lembang,cikatomas pakidulan joszzz,,,ffa3dbf4-959a-424a-bec7-45b96eecb1ab,ch01_00000000121000000.mp4,
639,25560,motorcycle,1motor,1motor,Motorcycle,1,Motorcycle / 3-wheel vehicle,1motor,2,Line 2,opposite,2181.9916,43643,0.8328,aa4719c1-f9e6-43f3-801f-c47d1b6cc05f,e2b5d1af-611f-418e-93d3-019b7b7ef4af,123,lembang,cikatomas pakidulan joszzz,,,ffa3dbf4-959a-424a-bec7-45b96eecb1ab,ch01_00000000121000000.mp4,
640,25609,car,2mobil,2mobil,Car / Sedan,2,Sedan / jeep / station wagon,2mobil,1,Line 1,opposite,2185.3414,43710,0.9256,aa4719c1-f9e6-43f3-801f-c47d1b6cc05f,e2b5d1af-611f-418e-93d3-019b7b7ef4af,123,lembang,cikatomas pakidulan joszzz,,,ffa3dbf4-959a-424a-bec7-45b96eecb1ab,ch01_00000000121000000.mp4,
641,25609,car,2mobil,2mobil,Car / Sedan,2,Sedan / jeep / station wagon,2mobil,2,Line 2,opposite,2185.8913,43721,0.9152,aa4719c1-f9e6-43f3-801f-c47d1b6cc05f,e2b5d1af-611f-418e-93d3-019b7b7ef4af,123,lembang,cikatomas pakidulan joszzz,,,ffa3dbf4-959a-424a-bec7-45b96eecb1ab,ch01_00000000121000000.mp4,
642,25934,motorcycle,1motor,1motor,Motorcycle,1,Motorcycle / 3-wheel vehicle,1motor,1,Line 1,opposite,2210.7395,44218,0.8,aa4719c1-f9e6-43f3-801f-c47d1b6cc05f,e2b5d1af-611f-418e-93d3-019b7b7ef4af,123,lembang,cikatomas pakidulan joszzz,,,ffa3dbf4-959a-424a-bec7-45b96eecb1ab,ch01_00000000121000000.mp4,
643,25934,motorcycle,1motor,1motor,Motorcycle,1,Motorcycle / 3-wheel vehicle,1motor,2,Line 2,opposite,2211.4395,44232,0.8414,aa4719c1-f9e6-43f3-801f-c47d1b6cc05f,e2b5d1af-611f-418e-93d3-019b7b7ef4af,123,lembang,cikatomas pakidulan joszzz,,,ffa3dbf4-959a-424a-bec7-45b96eecb1ab,ch01_00000000121000000.mp4,
644,26153,motorcycle,1motor,1motor,Motorcycle,1,Motorcycle / 3-wheel vehicle,1motor,2,Line 2,normal,2228.7382,44578,0.8095,aa4719c1-f9e6-43f3-801f-c47d1b6cc05f,e2b5d1af-611f-418e-93d3-019b7b7ef4af,123,lembang,cikatomas pakidulan joszzz,,,ffa3dbf4-959a-424a-bec7-45b96eecb1ab,ch01_00000000121000000.mp4,
645,26153,motorcycle,1motor,1motor,Motorcycle,1,Motorcycle / 3-wheel vehicle,1motor,1,Line 1,normal,2229.9381,44602,0.8177,aa4719c1-f9e6-43f3-801f-c47d1b6cc05f,e2b5d1af-611f-418e-93d3-019b7b7ef4af,123,lembang,cikatomas pakidulan joszzz,,,ffa3dbf4-959a-424a-bec7-45b96eecb1ab,ch01_00000000121000000.mp4,
646,26201,motorcycle,1motor,1motor,Motorcycle,1,Motorcycle / 3-wheel vehicle,1motor,1,Line 1,opposite,2233.3879,44671,0.8154,aa4719c1-f9e6-43f3-801f-c47d1b6cc05f,e2b5d1af-611f-418e-93d3-019b7b7ef4af,123,lembang,cikatomas pakidulan joszzz,,,ffa3dbf4-959a-424a-bec7-45b96eecb1ab,ch01_00000000121000000.mp4,
647,26201,motorcycle,1motor,1motor,Motorcycle,1,Motorcycle / 3-wheel vehicle,1motor,2,Line 2,opposite,2234.0378,44684,0.8455,aa4719c1-f9e6-43f3-801f-c47d1b6cc05f,e2b5d1af-611f-418e-93d3-019b7b7ef4af,123,lembang,cikatomas pakidulan joszzz,,,ffa3dbf4-959a-424a-bec7-45b96eecb1ab,ch01_00000000121000000.mp4,
648,26207,motorcycle,1motor,1motor,Motorcycle,1,Motorcycle / 3-wheel vehicle,1motor,2,Line 2,opposite,2234.4878,44693,0.8589,aa4719c1-f9e6-43f3-801f-c47d1b6cc05f,e2b5d1af-611f-418e-93d3-019b7b7ef4af,123,lembang,cikatomas pakidulan joszzz,,,ffa3dbf4-959a-424a-bec7-45b96eecb1ab,ch01_00000000121000000.mp4,
649,26271,motorcycle,1motor,1motor,Motorcycle,1,Motorcycle / 3-wheel vehicle,1motor,2,Line 2,normal,2240.1874,44807,0.6908,aa4719c1-f9e6-43f3-801f-c47d1b6cc05f,e2b5d1af-611f-418e-93d3-019b7b7ef4af,123,lembang,cikatomas pakidulan joszzz,,,ffa3dbf4-959a-424a-bec7-45b96eecb1ab,ch01_00000000121000000.mp4,
650,26289,motorcycle,1motor,1motor,Motorcycle,1,Motorcycle / 3-wheel vehicle,1motor,1,Line 1,normal,2241.0373,44824,0.6571,aa4719c1-f9e6-43f3-801f-c47d1b6cc05f,e2b5d1af-611f-418e-93d3-019b7b7ef4af,123,lembang,cikatomas pakidulan joszzz,,,ffa3dbf4-959a-424a-bec7-45b96eecb1ab,ch01_00000000121000000.mp4,
651,26406,motorcycle,1motor,1motor,Motorcycle,1,Motorcycle / 3-wheel vehicle,1motor,2,Line 2,normal,2248.5868,44975,0.8037,aa4719c1-f9e6-43f3-801f-c47d1b6cc05f,e2b5d1af-611f-418e-93d3-019b7b7ef4af,123,lembang,cikatomas pakidulan joszzz,,,ffa3dbf4-959a-424a-bec7-45b96eecb1ab,ch01_00000000121000000.mp4,
652,26577,motorcycle,1motor,1motor,Motorcycle,1,Motorcycle / 3-wheel vehicle,1motor,2,Line 2,normal,2257.2861,45149,0.8348,aa4719c1-f9e6-43f3-801f-c47d1b6cc05f,e2b5d1af-611f-418e-93d3-019b7b7ef4af,123,lembang,cikatomas pakidulan joszzz,,,ffa3dbf4-959a-424a-bec7-45b96eecb1ab,ch01_00000000121000000.mp4,
653,26613,motorcycle,1motor,1motor,Motorcycle,1,Motorcycle / 3-wheel vehicle,1motor,1,Line 1,normal,2259.386,45191,0.807,aa4719c1-f9e6-43f3-801f-c47d1b6cc05f,e2b5d1af-611f-418e-93d3-019b7b7ef4af,123,lembang,cikatomas pakidulan joszzz,,,ffa3dbf4-959a-424a-bec7-45b96eecb1ab,ch01_00000000121000000.mp4,
654,26656,motorcycle,1motor,1motor,Motorcycle,1,Motorcycle / 3-wheel vehicle,1motor,2,Line 2,normal,2263.5857,45275,0.7816,aa4719c1-f9e6-43f3-801f-c47d1b6cc05f,e2b5d1af-611f-418e-93d3-019b7b7ef4af,123,lembang,cikatomas pakidulan joszzz,,,ffa3dbf4-959a-424a-bec7-45b96eecb1ab,ch01_00000000121000000.mp4,
655,26677,motorcycle,1motor,1motor,Motorcycle,1,Motorcycle / 3-wheel vehicle,1motor,2,Line 2,normal,2266.6855,45337,0.8534,aa4719c1-f9e6-43f3-801f-c47d1b6cc05f,e2b5d1af-611f-418e-93d3-019b7b7ef4af,123,lembang,cikatomas pakidulan joszzz,,,ffa3dbf4-959a-424a-bec7-45b96eecb1ab,ch01_00000000121000000.mp4,
656,26696,motorcycle,1motor,1motor,Motorcycle,1,Motorcycle / 3-wheel vehicle,1motor,1,Line 1,normal,2268.2853,45369,0.5984,aa4719c1-f9e6-43f3-801f-c47d1b6cc05f,e2b5d1af-611f-418e-93d3-019b7b7ef4af,123,lembang,cikatomas pakidulan joszzz,,,ffa3dbf4-959a-424a-bec7-45b96eecb1ab,ch01_00000000121000000.mp4,
657,26831,truck,6tr_2sumbu,6TR_2sumbu,2-Axle Truck (Jumbo),6,2-Axle Truck,6tr_2sumbu,2,Line 2,normal,2279.4845,45593,0.9109,aa4719c1-f9e6-43f3-801f-c47d1b6cc05f,e2b5d1af-611f-418e-93d3-019b7b7ef4af,123,lembang,cikatomas pakidulan joszzz,,,ffa3dbf4-959a-424a-bec7-45b96eecb1ab,ch01_00000000121000000.mp4,
658,26869,motorcycle,1motor,1motor,Motorcycle,1,Motorcycle / 3-wheel vehicle,1motor,1,Line 1,opposite,2280.0345,45604,0.784,aa4719c1-f9e6-43f3-801f-c47d1b6cc05f,e2b5d1af-611f-418e-93d3-019b7b7ef4af,123,lembang,cikatomas pakidulan joszzz,,,ffa3dbf4-959a-424a-bec7-45b96eecb1ab,ch01_00000000121000000.mp4,
659,26869,motorcycle,1motor,1motor,Motorcycle,1,Motorcycle / 3-wheel vehicle,1motor,2,Line 2,opposite,2280.7844,45619,0.8089,aa4719c1-f9e6-43f3-801f-c47d1b6cc05f,e2b5d1af-611f-418e-93d3-019b7b7ef4af,123,lembang,cikatomas pakidulan joszzz,,,ffa3dbf4-959a-424a-bec7-45b96eecb1ab,ch01_00000000121000000.mp4,
660,26831,truck,6tr_2sumbu,6TR_2sumbu,2-Axle Truck (Jumbo),6,2-Axle Truck,6tr_2sumbu,1,Line 1,normal,2281.1844,45627,0.929,aa4719c1-f9e6-43f3-801f-c47d1b6cc05f,e2b5d1af-611f-418e-93d3-019b7b7ef4af,123,lembang,cikatomas pakidulan joszzz,,,ffa3dbf4-959a-424a-bec7-45b96eecb1ab,ch01_00000000121000000.mp4,
661,27074,motorcycle,1motor,1motor,Motorcycle,1,Motorcycle / 3-wheel vehicle,1motor,2,Line 2,normal,2297.0333,45944,0.7697,aa4719c1-f9e6-43f3-801f-c47d1b6cc05f,e2b5d1af-611f-418e-93d3-019b7b7ef4af,123,lembang,cikatomas pakidulan joszzz,,,ffa3dbf4-959a-424a-bec7-45b96eecb1ab,ch01_00000000121000000.mp4,
662,27074,motorcycle,1motor,1motor,Motorcycle,1,Motorcycle / 3-wheel vehicle,1motor,1,Line 1,normal,2298.0332,45964,0.8209,aa4719c1-f9e6-43f3-801f-c47d1b6cc05f,e2b5d1af-611f-418e-93d3-019b7b7ef4af,123,lembang,cikatomas pakidulan joszzz,,,ffa3dbf4-959a-424a-bec7-45b96eecb1ab,ch01_00000000121000000.mp4,
663,27215,car,2mobil,2mobil,Car / Sedan,2,Sedan / jeep / station wagon,2mobil,1,Line 1,opposite,2314.132,46286,0.8657,aa4719c1-f9e6-43f3-801f-c47d1b6cc05f,e2b5d1af-611f-418e-93d3-019b7b7ef4af,123,lembang,cikatomas pakidulan joszzz,,,ffa3dbf4-959a-424a-bec7-45b96eecb1ab,ch01_00000000121000000.mp4,
664,27215,car,2mobil,2mobil,Car / Sedan,2,Sedan / jeep / station wagon,2mobil,2,Line 2,opposite,2314.482,46293,0.7852,aa4719c1-f9e6-43f3-801f-c47d1b6cc05f,e2b5d1af-611f-418e-93d3-019b7b7ef4af,123,lembang,cikatomas pakidulan joszzz,,,ffa3dbf4-959a-424a-bec7-45b96eecb1ab,ch01_00000000121000000.mp4,
665,27248,motorcycle,1motor,1motor,Motorcycle,1,Motorcycle / 3-wheel vehicle,1motor,1,Line 1,opposite,2316.1319,46326,0.8768,aa4719c1-f9e6-43f3-801f-c47d1b6cc05f,e2b5d1af-611f-418e-93d3-019b7b7ef4af,123,lembang,cikatomas pakidulan joszzz,,,ffa3dbf4-959a-424a-bec7-45b96eecb1ab,ch01_00000000121000000.mp4,
666,27248,motorcycle,1motor,1motor,Motorcycle,1,Motorcycle / 3-wheel vehicle,1motor,2,Line 2,opposite,2316.7318,46338,0.6649,aa4719c1-f9e6-43f3-801f-c47d1b6cc05f,e2b5d1af-611f-418e-93d3-019b7b7ef4af,123,lembang,cikatomas pakidulan joszzz,,,ffa3dbf4-959a-424a-bec7-45b96eecb1ab,ch01_00000000121000000.mp4,
667,27280,motorcycle,1motor,1motor,Motorcycle,1,Motorcycle / 3-wheel vehicle,1motor,1,Line 1,opposite,2319.5316,46394,0.8854,aa4719c1-f9e6-43f3-801f-c47d1b6cc05f,e2b5d1af-611f-418e-93d3-019b7b7ef4af,123,lembang,cikatomas pakidulan joszzz,,,ffa3dbf4-959a-424a-bec7-45b96eecb1ab,ch01_00000000121000000.mp4,
668,27280,motorcycle,1motor,1motor,Motorcycle,1,Motorcycle / 3-wheel vehicle,1motor,2,Line 2,opposite,2320.1816,46407,0.8512,aa4719c1-f9e6-43f3-801f-c47d1b6cc05f,e2b5d1af-611f-418e-93d3-019b7b7ef4af,123,lembang,cikatomas pakidulan joszzz,,,ffa3dbf4-959a-424a-bec7-45b96eecb1ab,ch01_00000000121000000.mp4,
669,27295,motorcycle,1motor,1motor,Motorcycle,1,Motorcycle / 3-wheel vehicle,1motor,1,Line 1,opposite,2320.3816,46411,0.8757,aa4719c1-f9e6-43f3-801f-c47d1b6cc05f,e2b5d1af-611f-418e-93d3-019b7b7ef4af,123,lembang,cikatomas pakidulan joszzz,,,ffa3dbf4-959a-424a-bec7-45b96eecb1ab,ch01_00000000121000000.mp4,
670,27303,motorcycle,1motor,1motor,Motorcycle,1,Motorcycle / 3-wheel vehicle,1motor,1,Line 1,opposite,2320.9315,46422,0.8447,aa4719c1-f9e6-43f3-801f-c47d1b6cc05f,e2b5d1af-611f-418e-93d3-019b7b7ef4af,123,lembang,cikatomas pakidulan joszzz,,,ffa3dbf4-959a-424a-bec7-45b96eecb1ab,ch01_00000000121000000.mp4,
671,27295,motorcycle,1motor,1motor,Motorcycle,1,Motorcycle / 3-wheel vehicle,1motor,2,Line 2,opposite,2321.0315,46424,0.8398,aa4719c1-f9e6-43f3-801f-c47d1b6cc05f,e2b5d1af-611f-418e-93d3-019b7b7ef4af,123,lembang,cikatomas pakidulan joszzz,,,ffa3dbf4-959a-424a-bec7-45b96eecb1ab,ch01_00000000121000000.mp4,
672,27303,motorcycle,1motor,1motor,Motorcycle,1,Motorcycle / 3-wheel vehicle,1motor,2,Line 2,opposite,2321.5815,46435,0.8402,aa4719c1-f9e6-43f3-801f-c47d1b6cc05f,e2b5d1af-611f-418e-93d3-019b7b7ef4af,123,lembang,cikatomas pakidulan joszzz,,,ffa3dbf4-959a-424a-bec7-45b96eecb1ab,ch01_00000000121000000.mp4,
673,27311,motorcycle,1motor,1motor,Motorcycle,1,Motorcycle / 3-wheel vehicle,1motor,2,Line 2,opposite,2321.5815,46435,0.8469,aa4719c1-f9e6-43f3-801f-c47d1b6cc05f,e2b5d1af-611f-418e-93d3-019b7b7ef4af,123,lembang,cikatomas pakidulan joszzz,,,ffa3dbf4-959a-424a-bec7-45b96eecb1ab,ch01_00000000121000000.mp4,
674,27302,motorcycle,1motor,1motor,Motorcycle,1,Motorcycle / 3-wheel vehicle,1motor,1,Line 1,opposite,2321.9314,46442,0.8932,aa4719c1-f9e6-43f3-801f-c47d1b6cc05f,e2b5d1af-611f-418e-93d3-019b7b7ef4af,123,lembang,cikatomas pakidulan joszzz,,,ffa3dbf4-959a-424a-bec7-45b96eecb1ab,ch01_00000000121000000.mp4,
675,27302,motorcycle,1motor,1motor,Motorcycle,1,Motorcycle / 3-wheel vehicle,1motor,2,Line 2,opposite,2322.5314,46454,0.8685,aa4719c1-f9e6-43f3-801f-c47d1b6cc05f,e2b5d1af-611f-418e-93d3-019b7b7ef4af,123,lembang,cikatomas pakidulan joszzz,,,ffa3dbf4-959a-424a-bec7-45b96eecb1ab,ch01_00000000121000000.mp4,
676,27391,car,2mobil,2mobil,Car / Sedan,2,Sedan / jeep / station wagon,2mobil,1,Line 1,opposite,2327.781,46559,0.7303,aa4719c1-f9e6-43f3-801f-c47d1b6cc05f,e2b5d1af-611f-418e-93d3-019b7b7ef4af,123,lembang,cikatomas pakidulan joszzz,,,ffa3dbf4-959a-424a-bec7-45b96eecb1ab,ch01_00000000121000000.mp4,
677,27391,car,2mobil,2mobil,Car / Sedan,2,Sedan / jeep / station wagon,2mobil,2,Line 2,opposite,2328.281,46569,0.9109,aa4719c1-f9e6-43f3-801f-c47d1b6cc05f,e2b5d1af-611f-418e-93d3-019b7b7ef4af,123,lembang,cikatomas pakidulan joszzz,,,ffa3dbf4-959a-424a-bec7-45b96eecb1ab,ch01_00000000121000000.mp4,
678,27410,motorcycle,1motor,1motor,Motorcycle,1,Motorcycle / 3-wheel vehicle,1motor,1,Line 1,opposite,2328.731,46578,0.8874,aa4719c1-f9e6-43f3-801f-c47d1b6cc05f,e2b5d1af-611f-418e-93d3-019b7b7ef4af,123,lembang,cikatomas pakidulan joszzz,,,ffa3dbf4-959a-424a-bec7-45b96eecb1ab,ch01_00000000121000000.mp4,
679,27410,motorcycle,1motor,1motor,Motorcycle,1,Motorcycle / 3-wheel vehicle,1motor,2,Line 2,opposite,2329.1809,46587,0.8698,aa4719c1-f9e6-43f3-801f-c47d1b6cc05f,e2b5d1af-611f-418e-93d3-019b7b7ef4af,123,lembang,cikatomas pakidulan joszzz,,,ffa3dbf4-959a-424a-bec7-45b96eecb1ab,ch01_00000000121000000.mp4,
680,27478,truck,6tr_2sumbu,6TR_2sumbu,2-Axle Truck (Jumbo),6,2-Axle Truck,6tr_2sumbu,1,Line 1,opposite,2334.2805,46689,0.7076,aa4719c1-f9e6-43f3-801f-c47d1b6cc05f,e2b5d1af-611f-418e-93d3-019b7b7ef4af,123,lembang,cikatomas pakidulan joszzz,,,ffa3dbf4-959a-424a-bec7-45b96eecb1ab,ch01_00000000121000000.mp4,
681,27488,bus,5bus,5Bus,Bus,5,Bus,5bus,2,Line 2,opposite,2334.9805,46703,0.9139,aa4719c1-f9e6-43f3-801f-c47d1b6cc05f,e2b5d1af-611f-418e-93d3-019b7b7ef4af,123,lembang,cikatomas pakidulan joszzz,,,ffa3dbf4-959a-424a-bec7-45b96eecb1ab,ch01_00000000121000000.mp4,
682,27506,car,3ang_umum,3ang_umum,Public Transportation (Angkot),3,Medium passenger vehicle,3ang_umum,1,Line 1,opposite,2335.6804,46717,0.6815,aa4719c1-f9e6-43f3-801f-c47d1b6cc05f,e2b5d1af-611f-418e-93d3-019b7b7ef4af,123,lembang,cikatomas pakidulan joszzz,,,ffa3dbf4-959a-424a-bec7-45b96eecb1ab,ch01_00000000121000000.mp4,
683,27518,car,2mobil,2mobil,Car / Sedan,2,Sedan / jeep / station wagon,2mobil,2,Line 2,opposite,2336.3804,46731,0.9004,aa4719c1-f9e6-43f3-801f-c47d1b6cc05f,e2b5d1af-611f-418e-93d3-019b7b7ef4af,123,lembang,cikatomas pakidulan joszzz,,,ffa3dbf4-959a-424a-bec7-45b96eecb1ab,ch01_00000000121000000.mp4,
684,27532,motorcycle,1motor,1motor,Motorcycle,1,Motorcycle / 3-wheel vehicle,1motor,1,Line 1,opposite,2337.5303,46754,0.8531,aa4719c1-f9e6-43f3-801f-c47d1b6cc05f,e2b5d1af-611f-418e-93d3-019b7b7ef4af,123,lembang,cikatomas pakidulan joszzz,,,ffa3dbf4-959a-424a-bec7-45b96eecb1ab,ch01_00000000121000000.mp4,
685,27532,motorcycle,1motor,1motor,Motorcycle,1,Motorcycle / 3-wheel vehicle,1motor,2,Line 2,opposite,2338.1803,46767,0.8663,aa4719c1-f9e6-43f3-801f-c47d1b6cc05f,e2b5d1af-611f-418e-93d3-019b7b7ef4af,123,lembang,cikatomas pakidulan joszzz,,,ffa3dbf4-959a-424a-bec7-45b96eecb1ab,ch01_00000000121000000.mp4,
686,27555,car,2mobil,2mobil,Car / Sedan,2,Sedan / jeep / station wagon,2mobil,1,Line 1,opposite,2340.3301,46810,0.9367,aa4719c1-f9e6-43f3-801f-c47d1b6cc05f,e2b5d1af-611f-418e-93d3-019b7b7ef4af,123,lembang,cikatomas pakidulan joszzz,,,ffa3dbf4-959a-424a-bec7-45b96eecb1ab,ch01_00000000121000000.mp4,
687,27555,car,2mobil,2mobil,Car / Sedan,2,Sedan / jeep / station wagon,2mobil,2,Line 2,opposite,2341.1301,46826,0.919,aa4719c1-f9e6-43f3-801f-c47d1b6cc05f,e2b5d1af-611f-418e-93d3-019b7b7ef4af,123,lembang,cikatomas pakidulan joszzz,,,ffa3dbf4-959a-424a-bec7-45b96eecb1ab,ch01_00000000121000000.mp4,
688,27635,motorcycle,1motor,1motor,Motorcycle,1,Motorcycle / 3-wheel vehicle,1motor,2,Line 2,opposite,2346.8296,46940,0.5526,aa4719c1-f9e6-43f3-801f-c47d1b6cc05f,e2b5d1af-611f-418e-93d3-019b7b7ef4af,123,lembang,cikatomas pakidulan joszzz,,,ffa3dbf4-959a-424a-bec7-45b96eecb1ab,ch01_00000000121000000.mp4,
689,27735,motorcycle,1motor,1motor,Motorcycle,1,Motorcycle / 3-wheel vehicle,1motor,2,Line 2,opposite,2350.3794,47011,0.6587,aa4719c1-f9e6-43f3-801f-c47d1b6cc05f,e2b5d1af-611f-418e-93d3-019b7b7ef4af,123,lembang,cikatomas pakidulan joszzz,,,ffa3dbf4-959a-424a-bec7-45b96eecb1ab,ch01_00000000121000000.mp4,
690,27846,car,2mobil,2mobil,Car / Sedan,2,Sedan / jeep / station wagon,2mobil,2,Line 2,normal,2358.2788,47169,0.7035,aa4719c1-f9e6-43f3-801f-c47d1b6cc05f,e2b5d1af-611f-418e-93d3-019b7b7ef4af,123,lembang,cikatomas pakidulan joszzz,,,ffa3dbf4-959a-424a-bec7-45b96eecb1ab,ch01_00000000121000000.mp4,
691,27846,car,2mobil,2mobil,Car / Sedan,2,Sedan / jeep / station wagon,2mobil,1,Line 1,normal,2358.9288,47182,0.8383,aa4719c1-f9e6-43f3-801f-c47d1b6cc05f,e2b5d1af-611f-418e-93d3-019b7b7ef4af,123,lembang,cikatomas pakidulan joszzz,,,ffa3dbf4-959a-424a-bec7-45b96eecb1ab,ch01_00000000121000000.mp4,
692,27952,motorcycle,1motor,1motor,Motorcycle,1,Motorcycle / 3-wheel vehicle,1motor,2,Line 2,normal,2369.478,47393,0.7654,aa4719c1-f9e6-43f3-801f-c47d1b6cc05f,e2b5d1af-611f-418e-93d3-019b7b7ef4af,123,lembang,cikatomas pakidulan joszzz,,,ffa3dbf4-959a-424a-bec7-45b96eecb1ab,ch01_00000000121000000.mp4,
693,27985,motorcycle,1motor,1motor,Motorcycle,1,Motorcycle / 3-wheel vehicle,1motor,2,Line 2,normal,2371.3279,47430,0.8216,aa4719c1-f9e6-43f3-801f-c47d1b6cc05f,e2b5d1af-611f-418e-93d3-019b7b7ef4af,123,lembang,cikatomas pakidulan joszzz,,,ffa3dbf4-959a-424a-bec7-45b96eecb1ab,ch01_00000000121000000.mp4,
694,28041,motorcycle,1motor,1motor,Motorcycle,1,Motorcycle / 3-wheel vehicle,1motor,2,Line 2,normal,2374.4276,47492,0.5895,aa4719c1-f9e6-43f3-801f-c47d1b6cc05f,e2b5d1af-611f-418e-93d3-019b7b7ef4af,123,lembang,cikatomas pakidulan joszzz,,,ffa3dbf4-959a-424a-bec7-45b96eecb1ab,ch01_00000000121000000.mp4,
695,28125,motorcycle,1motor,1motor,Motorcycle,1,Motorcycle / 3-wheel vehicle,1motor,1,Line 1,opposite,2381.7771,47639,0.6115,aa4719c1-f9e6-43f3-801f-c47d1b6cc05f,e2b5d1af-611f-418e-93d3-019b7b7ef4af,123,lembang,cikatomas pakidulan joszzz,,,ffa3dbf4-959a-424a-bec7-45b96eecb1ab,ch01_00000000121000000.mp4,
696,28125,motorcycle,1motor,1motor,Motorcycle,1,Motorcycle / 3-wheel vehicle,1motor,2,Line 2,opposite,2382.627,47656,0.7839,aa4719c1-f9e6-43f3-801f-c47d1b6cc05f,e2b5d1af-611f-418e-93d3-019b7b7ef4af,123,lembang,cikatomas pakidulan joszzz,,,ffa3dbf4-959a-424a-bec7-45b96eecb1ab,ch01_00000000121000000.mp4,
697,28167,motorcycle,1motor,1motor,Motorcycle,1,Motorcycle / 3-wheel vehicle,1motor,2,Line 2,normal,2384.2769,47689,0.805,aa4719c1-f9e6-43f3-801f-c47d1b6cc05f,e2b5d1af-611f-418e-93d3-019b7b7ef4af,123,lembang,cikatomas pakidulan joszzz,,,ffa3dbf4-959a-424a-bec7-45b96eecb1ab,ch01_00000000121000000.mp4,
698,28201,motorcycle,1motor,1motor,Motorcycle,1,Motorcycle / 3-wheel vehicle,1motor,2,Line 2,normal,2388.3266,47770,0.8471,aa4719c1-f9e6-43f3-801f-c47d1b6cc05f,e2b5d1af-611f-418e-93d3-019b7b7ef4af,123,lembang,cikatomas pakidulan joszzz,,,ffa3dbf4-959a-424a-bec7-45b96eecb1ab,ch01_00000000121000000.mp4,
699,28201,motorcycle,1motor,1motor,Motorcycle,1,Motorcycle / 3-wheel vehicle,1motor,1,Line 1,normal,2389.6765,47797,0.8909,aa4719c1-f9e6-43f3-801f-c47d1b6cc05f,e2b5d1af-611f-418e-93d3-019b7b7ef4af,123,lembang,cikatomas pakidulan joszzz,,,ffa3dbf4-959a-424a-bec7-45b96eecb1ab,ch01_00000000121000000.mp4,
700,28268,motorcycle,1motor,1motor,Motorcycle,1,Motorcycle / 3-wheel vehicle,1motor,1,Line 1,opposite,2392.4763,47853,0.8827,aa4719c1-f9e6-43f3-801f-c47d1b6cc05f,e2b5d1af-611f-418e-93d3-019b7b7ef4af,123,lembang,cikatomas pakidulan joszzz,,,ffa3dbf4-959a-424a-bec7-45b96eecb1ab,ch01_00000000121000000.mp4,
701,28268,motorcycle,1motor,1motor,Motorcycle,1,Motorcycle / 3-wheel vehicle,1motor,2,Line 2,opposite,2393.2763,47869,0.8444,aa4719c1-f9e6-43f3-801f-c47d1b6cc05f,e2b5d1af-611f-418e-93d3-019b7b7ef4af,123,lembang,cikatomas pakidulan joszzz,,,ffa3dbf4-959a-424a-bec7-45b96eecb1ab,ch01_00000000121000000.mp4,
702,28323,motorcycle,1motor,1motor,Motorcycle,1,Motorcycle / 3-wheel vehicle,1motor,2,Line 2,normal,2399.7758,47999,0.7947,aa4719c1-f9e6-43f3-801f-c47d1b6cc05f,e2b5d1af-611f-418e-93d3-019b7b7ef4af,123,lembang,cikatomas pakidulan joszzz,,,ffa3dbf4-959a-424a-bec7-45b96eecb1ab,ch01_00000000121000000.mp4,
703,28354,motorcycle,1motor,1motor,Motorcycle,1,Motorcycle / 3-wheel vehicle,1motor,2,Line 2,normal,2401.6757,48037,0.8099,aa4719c1-f9e6-43f3-801f-c47d1b6cc05f,e2b5d1af-611f-418e-93d3-019b7b7ef4af,123,lembang,cikatomas pakidulan joszzz,,,ffa3dbf4-959a-424a-bec7-45b96eecb1ab,ch01_00000000121000000.mp4,
704,28636,motorcycle,1motor,1motor,Motorcycle,1,Motorcycle / 3-wheel vehicle,1motor,2,Line 2,opposite,2423.0741,48465,0.8732,aa4719c1-f9e6-43f3-801f-c47d1b6cc05f,e2b5d1af-611f-418e-93d3-019b7b7ef4af,123,lembang,cikatomas pakidulan joszzz,,,ffa3dbf4-959a-424a-bec7-45b96eecb1ab,ch01_00000000121000000.mp4,
705,28672,motorcycle,1motor,1motor,Motorcycle,1,Motorcycle / 3-wheel vehicle,1motor,1,Line 1,normal,2424.924,48502,0.8711,aa4719c1-f9e6-43f3-801f-c47d1b6cc05f,e2b5d1af-611f-418e-93d3-019b7b7ef4af,123,lembang,cikatomas pakidulan joszzz,,,ffa3dbf4-959a-424a-bec7-45b96eecb1ab,ch01_00000000121000000.mp4,
706,28747,car,2mobil,2mobil,Car / Sedan,2,Sedan / jeep / station wagon,2mobil,1,Line 1,normal,2430.0736,48605,0.9241,aa4719c1-f9e6-43f3-801f-c47d1b6cc05f,e2b5d1af-611f-418e-93d3-019b7b7ef4af,123,lembang,cikatomas pakidulan joszzz,,,ffa3dbf4-959a-424a-bec7-45b96eecb1ab,ch01_00000000121000000.mp4,
707,28765,motorcycle,1motor,1motor,Motorcycle,1,Motorcycle / 3-wheel vehicle,1motor,1,Line 1,opposite,2432.6234,48656,0.8996,aa4719c1-f9e6-43f3-801f-c47d1b6cc05f,e2b5d1af-611f-418e-93d3-019b7b7ef4af,123,lembang,cikatomas pakidulan joszzz,,,ffa3dbf4-959a-424a-bec7-45b96eecb1ab,ch01_00000000121000000.mp4,
708,28765,motorcycle,1motor,1motor,Motorcycle,1,Motorcycle / 3-wheel vehicle,1motor,2,Line 2,opposite,2433.5733,48675,0.8673,aa4719c1-f9e6-43f3-801f-c47d1b6cc05f,e2b5d1af-611f-418e-93d3-019b7b7ef4af,123,lembang,cikatomas pakidulan joszzz,,,ffa3dbf4-959a-424a-bec7-45b96eecb1ab,ch01_00000000121000000.mp4,
709,28810,motorcycle,1motor,1motor,Motorcycle,1,Motorcycle / 3-wheel vehicle,1motor,2,Line 2,normal,2435.8732,48721,0.826,aa4719c1-f9e6-43f3-801f-c47d1b6cc05f,e2b5d1af-611f-418e-93d3-019b7b7ef4af,123,lembang,cikatomas pakidulan joszzz,,,ffa3dbf4-959a-424a-bec7-45b96eecb1ab,ch01_00000000121000000.mp4,
710,28822,motorcycle,1motor,1motor,Motorcycle,1,Motorcycle / 3-wheel vehicle,1motor,1,Line 1,normal,2436.6731,48737,0.8318,aa4719c1-f9e6-43f3-801f-c47d1b6cc05f,e2b5d1af-611f-418e-93d3-019b7b7ef4af,123,lembang,cikatomas pakidulan joszzz,,,ffa3dbf4-959a-424a-bec7-45b96eecb1ab,ch01_00000000121000000.mp4,
711,28891,motorcycle,1motor,1motor,Motorcycle,1,Motorcycle / 3-wheel vehicle,1motor,1,Line 1,opposite,2444.9725,48903,0.8974,aa4719c1-f9e6-43f3-801f-c47d1b6cc05f,e2b5d1af-611f-418e-93d3-019b7b7ef4af,123,lembang,cikatomas pakidulan joszzz,,,ffa3dbf4-959a-424a-bec7-45b96eecb1ab,ch01_00000000121000000.mp4,
712,28891,motorcycle,1motor,1motor,Motorcycle,1,Motorcycle / 3-wheel vehicle,1motor,2,Line 2,opposite,2445.7225,48918,0.8613,aa4719c1-f9e6-43f3-801f-c47d1b6cc05f,e2b5d1af-611f-418e-93d3-019b7b7ef4af,123,lembang,cikatomas pakidulan joszzz,,,ffa3dbf4-959a-424a-bec7-45b96eecb1ab,ch01_00000000121000000.mp4,
713,29065,motorcycle,1motor,1motor,Motorcycle,1,Motorcycle / 3-wheel vehicle,1motor,1,Line 1,opposite,2458.3215,49170,0.6995,aa4719c1-f9e6-43f3-801f-c47d1b6cc05f,e2b5d1af-611f-418e-93d3-019b7b7ef4af,123,lembang,cikatomas pakidulan joszzz,,,ffa3dbf4-959a-424a-bec7-45b96eecb1ab,ch01_00000000121000000.mp4,
714,29065,motorcycle,1motor,1motor,Motorcycle,1,Motorcycle / 3-wheel vehicle,1motor,2,Line 2,opposite,2460.1714,49207,0.9009,aa4719c1-f9e6-43f3-801f-c47d1b6cc05f,e2b5d1af-611f-418e-93d3-019b7b7ef4af,123,lembang,cikatomas pakidulan joszzz,,,ffa3dbf4-959a-424a-bec7-45b96eecb1ab,ch01_00000000121000000.mp4,
715,29258,car,2mobil,2mobil,Car / Sedan,2,Sedan / jeep / station wagon,2mobil,1,Line 1,normal,2467.8709,49361,0.8055,aa4719c1-f9e6-43f3-801f-c47d1b6cc05f,e2b5d1af-611f-418e-93d3-019b7b7ef4af,123,lembang,cikatomas pakidulan joszzz,,,ffa3dbf4-959a-424a-bec7-45b96eecb1ab,ch01_00000000121000000.mp4,
716,29316,truck,4pickupmicro,4PickupMicro,Pickup / Micro Truck,4,Pickup / micro truck / delivery,4pickupmicro,2,Line 2,normal,2472.1705,49447,0.8726,aa4719c1-f9e6-43f3-801f-c47d1b6cc05f,e2b5d1af-611f-418e-93d3-019b7b7ef4af,123,lembang,cikatomas pakidulan joszzz,,,ffa3dbf4-959a-424a-bec7-45b96eecb1ab,ch01_00000000121000000.mp4,
717,29316,truck,4pickupmicro,4PickupMicro,Pickup / Micro Truck,4,Pickup / micro truck / delivery,4pickupmicro,1,Line 1,normal,2475.5703,49515,0.901,aa4719c1-f9e6-43f3-801f-c47d1b6cc05f,e2b5d1af-611f-418e-93d3-019b7b7ef4af,123,lembang,cikatomas pakidulan joszzz,,,ffa3dbf4-959a-424a-bec7-45b96eecb1ab,ch01_00000000121000000.mp4,
718,29440,motorcycle,1motor,1motor,Motorcycle,1,Motorcycle / 3-wheel vehicle,1motor,2,Line 2,opposite,2477.7201,49558,0.8111,aa4719c1-f9e6-43f3-801f-c47d1b6cc05f,e2b5d1af-611f-418e-93d3-019b7b7ef4af,123,lembang,cikatomas pakidulan joszzz,,,ffa3dbf4-959a-424a-bec7-45b96eecb1ab,ch01_00000000121000000.mp4,
719,29446,motorcycle,1motor,1motor,Motorcycle,1,Motorcycle / 3-wheel vehicle,1motor,1,Line 1,opposite,2477.7701,49559,0.8829,aa4719c1-f9e6-43f3-801f-c47d1b6cc05f,e2b5d1af-611f-418e-93d3-019b7b7ef4af,123,lembang,cikatomas pakidulan joszzz,,,ffa3dbf4-959a-424a-bec7-45b96eecb1ab,ch01_00000000121000000.mp4,
720,29446,motorcycle,1motor,1motor,Motorcycle,1,Motorcycle / 3-wheel vehicle,1motor,2,Line 2,opposite,2478.3701,49571,0.8451,aa4719c1-f9e6-43f3-801f-c47d1b6cc05f,e2b5d1af-611f-418e-93d3-019b7b7ef4af,123,lembang,cikatomas pakidulan joszzz,,,ffa3dbf4-959a-424a-bec7-45b96eecb1ab,ch01_00000000121000000.mp4,
721,29472,car,2mobil,2mobil,Car / Sedan,2,Sedan / jeep / station wagon,2mobil,1,Line 1,opposite,2478.7701,49579,0.6551,aa4719c1-f9e6-43f3-801f-c47d1b6cc05f,e2b5d1af-611f-418e-93d3-019b7b7ef4af,123,lembang,cikatomas pakidulan joszzz,,,ffa3dbf4-959a-424a-bec7-45b96eecb1ab,ch01_00000000121000000.mp4,
722,29472,car,2mobil,2mobil,Car / Sedan,2,Sedan / jeep / station wagon,2mobil,2,Line 2,opposite,2479.27,49589,0.8982,aa4719c1-f9e6-43f3-801f-c47d1b6cc05f,e2b5d1af-611f-418e-93d3-019b7b7ef4af,123,lembang,cikatomas pakidulan joszzz,,,ffa3dbf4-959a-424a-bec7-45b96eecb1ab,ch01_00000000121000000.mp4,
723,29570,motorcycle,1motor,1motor,Motorcycle,1,Motorcycle / 3-wheel vehicle,1motor,1,Line 1,opposite,2484.6696,49697,0.8979,aa4719c1-f9e6-43f3-801f-c47d1b6cc05f,e2b5d1af-611f-418e-93d3-019b7b7ef4af,123,lembang,cikatomas pakidulan joszzz,,,ffa3dbf4-959a-424a-bec7-45b96eecb1ab,ch01_00000000121000000.mp4,
724,29570,motorcycle,1motor,1motor,Motorcycle,1,Motorcycle / 3-wheel vehicle,1motor,2,Line 2,opposite,2485.3196,49710,0.862,aa4719c1-f9e6-43f3-801f-c47d1b6cc05f,e2b5d1af-611f-418e-93d3-019b7b7ef4af,123,lembang,cikatomas pakidulan joszzz,,,ffa3dbf4-959a-424a-bec7-45b96eecb1ab,ch01_00000000121000000.mp4,
725,29618,motorcycle,1motor,1motor,Motorcycle,1,Motorcycle / 3-wheel vehicle,1motor,1,Line 1,opposite,2488.7193,49778,0.8695,aa4719c1-f9e6-43f3-801f-c47d1b6cc05f,e2b5d1af-611f-418e-93d3-019b7b7ef4af,123,lembang,cikatomas pakidulan joszzz,,,ffa3dbf4-959a-424a-bec7-45b96eecb1ab,ch01_00000000121000000.mp4,
726,29618,motorcycle,1motor,1motor,Motorcycle,1,Motorcycle / 3-wheel vehicle,1motor,2,Line 2,opposite,2489.5693,49795,0.8583,aa4719c1-f9e6-43f3-801f-c47d1b6cc05f,e2b5d1af-611f-418e-93d3-019b7b7ef4af,123,lembang,cikatomas pakidulan joszzz,,,ffa3dbf4-959a-424a-bec7-45b96eecb1ab,ch01_00000000121000000.mp4,
727,29628,truck,4pickupmicro,4PickupMicro,Pickup / Micro Truck,4,Pickup / micro truck / delivery,4pickupmicro,1,Line 1,opposite,2490.1192,49806,0.9156,aa4719c1-f9e6-43f3-801f-c47d1b6cc05f,e2b5d1af-611f-418e-93d3-019b7b7ef4af,123,lembang,cikatomas pakidulan joszzz,,,ffa3dbf4-959a-424a-bec7-45b96eecb1ab,ch01_00000000121000000.mp4,
728,29636,motorcycle,1motor,1motor,Motorcycle,1,Motorcycle / 3-wheel vehicle,1motor,1,Line 1,opposite,2490.6192,49816,0.8568,aa4719c1-f9e6-43f3-801f-c47d1b6cc05f,e2b5d1af-611f-418e-93d3-019b7b7ef4af,123,lembang,cikatomas pakidulan joszzz,,,ffa3dbf4-959a-424a-bec7-45b96eecb1ab,ch01_00000000121000000.mp4,
729,29628,truck,4pickupmicro,4PickupMicro,Pickup / Micro Truck,4,Pickup / micro truck / delivery,4pickupmicro,2,Line 2,opposite,2490.7192,49818,0.786,aa4719c1-f9e6-43f3-801f-c47d1b6cc05f,e2b5d1af-611f-418e-93d3-019b7b7ef4af,123,lembang,cikatomas pakidulan joszzz,,,ffa3dbf4-959a-424a-bec7-45b96eecb1ab,ch01_00000000121000000.mp4,
730,29636,motorcycle,1motor,1motor,Motorcycle,1,Motorcycle / 3-wheel vehicle,1motor,2,Line 2,opposite,2491.4191,49832,0.8283,aa4719c1-f9e6-43f3-801f-c47d1b6cc05f,e2b5d1af-611f-418e-93d3-019b7b7ef4af,123,lembang,cikatomas pakidulan joszzz,,,ffa3dbf4-959a-424a-bec7-45b96eecb1ab,ch01_00000000121000000.mp4,
731,29736,motorcycle,1motor,1motor,Motorcycle,1,Motorcycle / 3-wheel vehicle,1motor,2,Line 2,opposite,2504.2682,50089,0.8663,aa4719c1-f9e6-43f3-801f-c47d1b6cc05f,e2b5d1af-611f-418e-93d3-019b7b7ef4af,123,lembang,cikatomas pakidulan joszzz,,,ffa3dbf4-959a-424a-bec7-45b96eecb1ab,ch01_00000000121000000.mp4,
732,29941,motorcycle,1motor,1motor,Motorcycle,1,Motorcycle / 3-wheel vehicle,1motor,2,Line 2,normal,2527.4665,50553,0.7301,aa4719c1-f9e6-43f3-801f-c47d1b6cc05f,e2b5d1af-611f-418e-93d3-019b7b7ef4af,123,lembang,cikatomas pakidulan joszzz,,,ffa3dbf4-959a-424a-bec7-45b96eecb1ab,ch01_00000000121000000.mp4,
733,29980,motorcycle,1motor,1motor,Motorcycle,1,Motorcycle / 3-wheel vehicle,1motor,1,Line 1,opposite,2530.7163,50618,0.8304,aa4719c1-f9e6-43f3-801f-c47d1b6cc05f,e2b5d1af-611f-418e-93d3-019b7b7ef4af,123,lembang,cikatomas pakidulan joszzz,,,ffa3dbf4-959a-424a-bec7-45b96eecb1ab,ch01_00000000121000000.mp4,
734,29980,motorcycle,1motor,1motor,Motorcycle,1,Motorcycle / 3-wheel vehicle,1motor,2,Line 2,opposite,2531.4162,50632,0.7944,aa4719c1-f9e6-43f3-801f-c47d1b6cc05f,e2b5d1af-611f-418e-93d3-019b7b7ef4af,123,lembang,cikatomas pakidulan joszzz,,,ffa3dbf4-959a-424a-bec7-45b96eecb1ab,ch01_00000000121000000.mp4,
735,29988,car,2mobil,2mobil,Car / Sedan,2,Sedan / jeep / station wagon,2mobil,2,Line 2,normal,2532.7661,50659,0.8254,aa4719c1-f9e6-43f3-801f-c47d1b6cc05f,e2b5d1af-611f-418e-93d3-019b7b7ef4af,123,lembang,cikatomas pakidulan joszzz,,,ffa3dbf4-959a-424a-bec7-45b96eecb1ab,ch01_00000000121000000.mp4,
736,29988,car,2mobil,2mobil,Car / Sedan,2,Sedan / jeep / station wagon,2mobil,1,Line 1,normal,2533.5161,50674,0.8874,aa4719c1-f9e6-43f3-801f-c47d1b6cc05f,e2b5d1af-611f-418e-93d3-019b7b7ef4af,123,lembang,cikatomas pakidulan joszzz,,,ffa3dbf4-959a-424a-bec7-45b96eecb1ab,ch01_00000000121000000.mp4,
737,30079,motorcycle,1motor,1motor,Motorcycle,1,Motorcycle / 3-wheel vehicle,1motor,2,Line 2,normal,2539.8656,50801,0.8126,aa4719c1-f9e6-43f3-801f-c47d1b6cc05f,e2b5d1af-611f-418e-93d3-019b7b7ef4af,123,lembang,cikatomas pakidulan joszzz,,,ffa3dbf4-959a-424a-bec7-45b96eecb1ab,ch01_00000000121000000.mp4,
738,30156,truck,4pickupmicro,4PickupMicro,Pickup / Micro Truck,4,Pickup / micro truck / delivery,4pickupmicro,1,Line 1,opposite,2545.7152,50918,0.9177,aa4719c1-f9e6-43f3-801f-c47d1b6cc05f,e2b5d1af-611f-418e-93d3-019b7b7ef4af,123,lembang,cikatomas pakidulan joszzz,,,ffa3dbf4-959a-424a-bec7-45b96eecb1ab,ch01_00000000121000000.mp4,
739,30156,truck,4pickupmicro,4PickupMicro,Pickup / Micro Truck,4,Pickup / micro truck / delivery,4pickupmicro,2,Line 2,opposite,2546.1652,50927,0.913,aa4719c1-f9e6-43f3-801f-c47d1b6cc05f,e2b5d1af-611f-418e-93d3-019b7b7ef4af,123,lembang,cikatomas pakidulan joszzz,,,ffa3dbf4-959a-424a-bec7-45b96eecb1ab,ch01_00000000121000000.mp4,
740,30178,car,2mobil,2mobil,Car / Sedan,2,Sedan / jeep / station wagon,2mobil,2,Line 2,normal,2549.065,50985,0.9114,aa4719c1-f9e6-43f3-801f-c47d1b6cc05f,e2b5d1af-611f-418e-93d3-019b7b7ef4af,123,lembang,cikatomas pakidulan joszzz,,,ffa3dbf4-959a-424a-bec7-45b96eecb1ab,ch01_00000000121000000.mp4,
741,30178,car,2mobil,2mobil,Car / Sedan,2,Sedan / jeep / station wagon,2mobil,1,Line 1,normal,2550.0649,51005,0.9284,aa4719c1-f9e6-43f3-801f-c47d1b6cc05f,e2b5d1af-611f-418e-93d3-019b7b7ef4af,123,lembang,cikatomas pakidulan joszzz,,,ffa3dbf4-959a-424a-bec7-45b96eecb1ab,ch01_00000000121000000.mp4,
742,30329,truck,6tr_2sumbu,6TR_2sumbu,2-Axle Truck (Jumbo),6,2-Axle Truck,6tr_2sumbu,2,Line 2,normal,2566.0137,51324,0.905,aa4719c1-f9e6-43f3-801f-c47d1b6cc05f,e2b5d1af-611f-418e-93d3-019b7b7ef4af,123,lembang,cikatomas pakidulan joszzz,,,ffa3dbf4-959a-424a-bec7-45b96eecb1ab,ch01_00000000121000000.mp4,
743,30329,truck,6tr_2sumbu,6TR_2sumbu,2-Axle Truck (Jumbo),6,2-Axle Truck,6tr_2sumbu,1,Line 1,normal,2567.1636,51347,0.8852,aa4719c1-f9e6-43f3-801f-c47d1b6cc05f,e2b5d1af-611f-418e-93d3-019b7b7ef4af,123,lembang,cikatomas pakidulan joszzz,,,ffa3dbf4-959a-424a-bec7-45b96eecb1ab,ch01_00000000121000000.mp4,
744,30426,car,2mobil,2mobil,Car / Sedan,2,Sedan / jeep / station wagon,2mobil,1,Line 1,normal,2573.8632,51481,0.9181,aa4719c1-f9e6-43f3-801f-c47d1b6cc05f,e2b5d1af-611f-418e-93d3-019b7b7ef4af,123,lembang,cikatomas pakidulan joszzz,,,ffa3dbf4-959a-424a-bec7-45b96eecb1ab,ch01_00000000121000000.mp4,
745,30641,motorcycle,1motor,1motor,Motorcycle,1,Motorcycle / 3-wheel vehicle,1motor,2,Line 2,normal,2589.912,51802,0.6819,aa4719c1-f9e6-43f3-801f-c47d1b6cc05f,e2b5d1af-611f-418e-93d3-019b7b7ef4af,123,lembang,cikatomas pakidulan joszzz,,,ffa3dbf4-959a-424a-bec7-45b96eecb1ab,ch01_00000000121000000.mp4,
746,30849,motorcycle,1motor,1motor,Motorcycle,1,Motorcycle / 3-wheel vehicle,1motor,2,Line 2,normal,2604.3109,52090,0.6897,aa4719c1-f9e6-43f3-801f-c47d1b6cc05f,e2b5d1af-611f-418e-93d3-019b7b7ef4af,123,lembang,cikatomas pakidulan joszzz,,,ffa3dbf4-959a-424a-bec7-45b96eecb1ab,ch01_00000000121000000.mp4,
747,30864,motorcycle,1motor,1motor,Motorcycle,1,Motorcycle / 3-wheel vehicle,1motor,1,Line 1,opposite,2605.0609,52105,0.8732,aa4719c1-f9e6-43f3-801f-c47d1b6cc05f,e2b5d1af-611f-418e-93d3-019b7b7ef4af,123,lembang,cikatomas pakidulan joszzz,,,ffa3dbf4-959a-424a-bec7-45b96eecb1ab,ch01_00000000121000000.mp4,
748,30864,motorcycle,1motor,1motor,Motorcycle,1,Motorcycle / 3-wheel vehicle,1motor,2,Line 2,opposite,2605.9108,52122,0.8271,aa4719c1-f9e6-43f3-801f-c47d1b6cc05f,e2b5d1af-611f-418e-93d3-019b7b7ef4af,123,lembang,cikatomas pakidulan joszzz,,,ffa3dbf4-959a-424a-bec7-45b96eecb1ab,ch01_00000000121000000.mp4,
