track_id,Detected Type,Class Code,Class Label,Direction,Confidence,line1_time_s,line2_time_s,dt_s,speed_kph
12,Motorcycle,1,Motorcycle / 3-wheel vehicle,opposite,88.3%,1.05,1.55,0.5,36.0
18,Bus,5,Bus,opposite,89.1%,2.3,2.8,0.5,36.0
30,Public Transportation (Angkot),3,Medium passenger vehicle,opposite,92.6%,3.85,4.35,0.5,36.0
40,Public Transportation (Angkot),3,Medium passenger vehicle,opposite,68.7%,5.25,5.85,0.6,30.0
70,Motorcycle,1,Motorcycle / 3-wheel vehicle,opposite,87.8%,22.399,6.85,15.549,1.2
129,Car / Sedan,2,Sedan / jeep / station wagon,opposite,76.6%,12.249,12.649,0.4,45.0
172,Motorcycle,1,Motorcycle / 3-wheel vehicle,opposite,70.7%,15.449,15.899,0.45,40.0
176,Motorcycle,1,Motorcycle / 3-wheel vehicle,opposite,87.2%,15.999,16.449,0.45,40.0
189,Motorcycle,1,Motorcycle / 3-wheel vehicle,opposite,59.8%,17.299,17.749,0.45,40.0
223,Motorcycle,1,Motorcycle / 3-wheel vehicle,opposite,78.5%,19.249,19.749,0.5,36.0
236,Motorcycle,1,Motorcycle / 3-wheel vehicle,opposite,85.9%,19.899,20.449,0.55,32.7
17,Car / Sedan,2,Sedan / jeep / station wagon,opposite,87.6%,21.449,22.099,0.65,27.7
76,Motorcycle,1,Motorcycle / 3-wheel vehicle,opposite,71.7%,22.799,23.249,0.45,40.0
67,Public Transportation (Angkot),3,Medium passenger vehicle,opposite,89.5%,23.399,23.949,0.55,32.7
94,Car / Sedan,2,Sedan / jeep / station wagon,opposite,45.8%,24.499,25.049,0.55,32.7
125,Public Transportation (Angkot),3,Medium passenger vehicle,opposite,92.8%,26.149,26.599,0.45,40.0
182,Motorcycle,1,Motorcycle / 3-wheel vehicle,opposite,78.7%,27.698,28.098,0.4,45.0
245,Car / Sedan,2,Sedan / jeep / station wagon,opposite,81.8%,29.798,30.098,0.3,60.0
261,Car / Sedan,2,Sedan / jeep / station wagon,opposite,52.6%,30.748,31.148,0.4,45.0
276,Car / Sedan,2,Sedan / jeep / station wagon,opposite,45.0%,31.798,32.248,0.45,40.0
114,Motorcycle,1,Motorcycle / 3-wheel vehicle,opposite,68.8%,35.898,36.298,0.4,45.0
143,Public Transportation (Angkot),3,Medium passenger vehicle,opposite,85.6%,38.898,39.448,0.55,32.7
148,Motorcycle,1,Motorcycle / 3-wheel vehicle,normal,85.2%,39.298,39.798,0.5,36.0
198,Motorcycle,1,Motorcycle / 3-wheel vehicle,opposite,76.1%,40.398,40.848,0.45,40.0
206,Car / Sedan,2,Sedan / jeep / station wagon,opposite,91.5%,42.498,43.698,1.2,15.0
62,Motorcycle,1,Motorcycle / 3-wheel vehicle,opposite,71.9%,45.447,45.597,0.15,120.0
59,Motorcycle,1,Motorcycle / 3-wheel vehicle,opposite,86.8%,46.097,46.597,0.5,36.0
111,Motorcycle,1,Motorcycle / 3-wheel vehicle,opposite,86.6%,48.747,49.397,0.65,27.7
268,Car / Sedan,2,Sedan / jeep / station wagon,opposite,75.3%,56.097,56.397,0.3,60.0
316,Car / Sedan,2,Sedan / jeep / station wagon,opposite,64.0%,58.497,58.747,0.25,72.0
330,Motorcycle,1,Motorcycle / 3-wheel vehicle,opposite,86.7%,59.047,59.547,0.5,36.0
342,Motorcycle,1,Motorcycle / 3-wheel vehicle,opposite,73.7%,60.497,60.997,0.5,36.0
379,Motorcycle,1,Motorcycle / 3-wheel vehicle,opposite,88.5%,61.347,61.847,0.5,36.0
437,Public Transportation (Angkot),3,Medium passenger vehicle,opposite,38.8%,64.846,65.346,0.5,36.0
457,Car / Sedan,2,Sedan / jeep / station wagon,opposite,81.3%,64.996,65.446,0.45,40.0
564,Motorcycle,1,Motorcycle / 3-wheel vehicle,opposite,83.9%,67.996,68.396,0.4,45.0
654,Public Transportation (Angkot),3,Medium passenger vehicle,opposite,92.5%,72.346,72.846,0.5,36.0
690,Motorcycle,1,Motorcycle / 3-wheel vehicle,opposite,81.1%,74.346,74.796,0.45,40.0
687,Car / Sedan,2,Sedan / jeep / station wagon,opposite,74.1%,74.446,74.946,0.5,36.0
723,Car / Sedan,2,Sedan / jeep / station wagon,opposite,58.0%,75.946,76.446,0.5,36.0
761,Car / Sedan,2,Sedan / jeep / station wagon,opposite,83.2%,78.946,79.396,0.45,40.0
785,Motorcycle,1,Motorcycle / 3-wheel vehicle,opposite,71.7%,79.046,79.646,0.6,30.0
823,Motorcycle,1,Motorcycle / 3-wheel vehicle,opposite,68.8%,79.746,80.246,0.5,36.0
804,Public Transportation (Angkot),3,Medium passenger vehicle,opposite,92.7%,80.695,81.296,0.6,30.0
909,Car / Sedan,2,Sedan / jeep / station wagon,opposite,87.4%,83.045,83.645,0.6,30.0
983,Motorcycle,1,Motorcycle / 3-wheel vehicle,opposite,77.2%,85.795,86.395,0.6,30.0
1013,Car / Sedan,2,Sedan / jeep / station wagon,opposite,56.0%,86.345,86.895,0.55,32.7
1112,Pickup / Micro Truck,4,Pickup / micro truck / delivery,opposite,91.0%,90.845,91.345,0.5,36.0
1161,Car / Sedan,2,Sedan / jeep / station wagon,opposite,83.5%,91.895,92.245,0.35,51.4
1250,Public Transportation (Angkot),3,Medium passenger vehicle,opposite,88.0%,94.345,94.795,0.45,40.0
1251,Public Transportation (Angkot),3,Medium passenger vehicle,opposite,90.5%,94.545,95.095,0.55,32.7
1274,Car / Sedan,2,Sedan / jeep / station wagon,opposite,60.9%,95.545,95.945,0.4,45.0
1476,Motorcycle,1,Motorcycle / 3-wheel vehicle,opposite,86.7%,100.994,101.344,0.35,51.4
1522,Car / Sedan,2,Sedan / jeep / station wagon,opposite,60.1%,102.444,102.944,0.5,36.0
1551,Car / Sedan,2,Sedan / jeep / station wagon,opposite,92.5%,103.494,103.944,0.45,40.0
1700,Public Transportation (Angkot),3,Medium passenger vehicle,normal,74.5%,108.994,109.594,0.6,30.0
1855,Public Transportation (Angkot),3,Medium passenger vehicle,opposite,47.2%,115.044,118.493,3.45,5.2
1851,Motorcycle,1,Motorcycle / 3-wheel vehicle,opposite,83.3%,115.344,115.944,0.6,30.0
1910,Public Transportation (Angkot),3,Medium passenger vehicle,opposite,92.8%,117.394,117.894,0.5,36.0
1963,Public Transportation (Angkot),3,Medium passenger vehicle,opposite,48.8%,118.793,119.243,0.45,40.0
2041,Public Transportation (Angkot),3,Medium passenger vehicle,opposite,55.0%,122.293,122.693,0.4,45.0
2047,Car / Sedan,2,Sedan / jeep / station wagon,opposite,63.0%,122.343,122.793,0.45,40.0
1932,Car / Sedan,2,Sedan / jeep / station wagon,opposite,67.4%,122.943,125.543,2.6,6.9
2118,Car / Sedan,2,Sedan / jeep / station wagon,opposite,90.2%,124.743,125.293,0.55,32.7
2139,Car / Sedan,2,Sedan / jeep / station wagon,opposite,67.4%,124.793,125.243,0.45,40.0
2157,Car / Sedan,2,Sedan / jeep / station wagon,normal,51.3%,126.293,126.843,0.55,32.7
2221,Motorcycle,1,Motorcycle / 3-wheel vehicle,opposite,40.2%,126.993,127.493,0.5,36.0
2209,Car / Sedan,2,Sedan / jeep / station wagon,opposite,71.9%,127.593,128.093,0.5,36.0
2247,Motorcycle,1,Motorcycle / 3-wheel vehicle,opposite,85.3%,127.893,128.543,0.65,27.7
2234,Car / Sedan,2,Sedan / jeep / station wagon,opposite,79.5%,128.343,128.993,0.65,27.7
2310,Motorcycle,1,Motorcycle / 3-wheel vehicle,opposite,87.3%,131.743,132.293,0.55,32.7
2334,Public Transportation (Angkot),3,Medium passenger vehicle,opposite,92.1%,132.643,133.143,0.5,36.0
2375,Motorcycle,1,Motorcycle / 3-wheel vehicle,opposite,79.1%,133.293,133.643,0.35,51.4
2379,Car / Sedan,2,Sedan / jeep / station wagon,opposite,65.3%,134.093,134.643,0.55,32.7
2439,Motorcycle,1,Motorcycle / 3-wheel vehicle,opposite,82.2%,136.192,136.593,0.4,45.0
2437,Motorcycle,1,Motorcycle / 3-wheel vehicle,opposite,53.5%,136.343,136.593,0.25,72.0
2494,Car / Sedan,2,Sedan / jeep / station wagon,opposite,66.5%,138.492,139.142,0.65,27.7
2524,Car / Sedan,2,Sedan / jeep / station wagon,opposite,50.9%,139.242,139.642,0.4,45.0
2596,Car / Sedan,2,Sedan / jeep / station wagon,opposite,88.0%,141.142,141.492,0.35,51.4
2636,Motorcycle,1,Motorcycle / 3-wheel vehicle,opposite,61.4%,142.092,142.692,0.6,30.0
2662,Motorcycle,1,Motorcycle / 3-wheel vehicle,opposite,85.7%,142.692,143.142,0.45,40.0
2707,Car / Sedan,2,Sedan / jeep / station wagon,opposite,50.6%,145.342,145.692,0.35,51.4
2755,Car / Sedan,2,Sedan / jeep / station wagon,opposite,43.0%,147.892,148.192,0.3,60.0
2830,Car / Sedan,2,Sedan / jeep / station wagon,opposite,93.0%,151.692,152.292,0.6,30.0
2883,Motorcycle,1,Motorcycle / 3-wheel vehicle,opposite,81.4%,153.492,153.941,0.45,40.0
2905,Motorcycle,1,Motorcycle / 3-wheel vehicle,opposite,64.5%,154.142,154.492,0.35,51.4
2928,Car / Sedan,2,Sedan / jeep / station wagon,opposite,83.1%,155.841,156.341,0.5,36.0
2911,Public Transportation (Angkot),3,Medium passenger vehicle,opposite,92.2%,156.041,157.091,1.05,17.1
2980,Car / Sedan,2,Sedan / jeep / station wagon,opposite,47.5%,157.491,157.841,0.35,51.4
3018,2-Axle Truck (Jumbo),6,2-Axle Truck,opposite,88.7%,159.091,159.591,0.5,36.0
2974,Car / Sedan,2,Sedan / jeep / station wagon,opposite,93.5%,159.341,163.191,3.85,4.7
3035,Motorcycle,1,Motorcycle / 3-wheel vehicle,opposite,84.5%,162.241,164.541,2.3,7.8
3222,Motorcycle,1,Motorcycle / 3-wheel vehicle,opposite,87.0%,168.441,170.491,2.05,8.8
3407,Motorcycle,1,Motorcycle / 3-wheel vehicle,opposite,86.3%,175.99,177.09,1.1,16.4
3505,Car / Sedan,2,Sedan / jeep / station wagon,opposite,89.9%,178.49,178.89,0.4,45.0
3574,Car / Sedan,2,Sedan / jeep / station wagon,opposite,84.3%,180.39,180.79,0.4,45.0
3666,Car / Sedan,2,Sedan / jeep / station wagon,opposite,56.2%,184.09,184.54,0.45,40.0
3716,Motorcycle,1,Motorcycle / 3-wheel vehicle,opposite,84.8%,185.29,185.69,0.4,45.0
3745,Motorcycle,1,Motorcycle / 3-wheel vehicle,opposite,86.4%,186.39,186.89,0.5,36.0
3777,Motorcycle,1,Motorcycle / 3-wheel vehicle,opposite,57.1%,186.54,186.89,0.35,51.4
3812,Motorcycle,1,Motorcycle / 3-wheel vehicle,opposite,82.2%,187.44,187.89,0.45,40.0
3892,Motorcycle,1,Motorcycle / 3-wheel vehicle,opposite,79.9%,189.339,189.739,0.4,45.0
3913,Public Transportation (Angkot),3,Medium passenger vehicle,opposite,55.3%,190.04,190.54,0.5,36.0
3929,Motorcycle,1,Motorcycle / 3-wheel vehicle,opposite,86.2%,191.04,191.439,0.4,45.0
3937,Public Transportation (Angkot),3,Medium passenger vehicle,opposite,92.5%,191.889,192.539,0.65,27.7
3978,Car / Sedan,2,Sedan / jeep / station wagon,opposite,53.0%,193.039,193.289,0.25,72.0
4034,Motorcycle,1,Motorcycle / 3-wheel vehicle,opposite,79.0%,193.539,194.089,0.55,32.7
4116,Car / Sedan,2,Sedan / jeep / station wagon,opposite,83.9%,196.739,197.189,0.45,40.0
4183,Motorcycle,1,Motorcycle / 3-wheel vehicle,opposite,62.0%,199.739,200.139,0.4,45.0
4268,Motorcycle,1,Motorcycle / 3-wheel vehicle,opposite,83.9%,203.789,204.239,0.45,40.0
4391,2-Axle Truck (Jumbo),6,2-Axle Truck,opposite,88.7%,209.138,209.588,0.45,40.0
4417,Public Transportation (Angkot),3,Medium passenger vehicle,opposite,66.7%,209.738,210.138,0.4,45.0
4453,Motorcycle,1,Motorcycle / 3-wheel vehicle,opposite,85.0%,212.088,212.688,0.6,30.0
4493,Public Transportation (Angkot),3,Medium passenger vehicle,opposite,91.2%,213.538,213.938,0.4,45.0
4601,Motorcycle,1,Motorcycle / 3-wheel vehicle,opposite,81.0%,216.488,216.888,0.4,45.0
4613,Public Transportation (Angkot),3,Medium passenger vehicle,opposite,92.5%,217.788,218.188,0.4,45.0
4651,Car / Sedan,2,Sedan / jeep / station wagon,opposite,79.5%,218.938,219.288,0.35,51.4
4694,Car / Sedan,2,Sedan / jeep / station wagon,opposite,83.1%,221.338,221.838,0.5,36.0
4778,Car / Sedan,2,Sedan / jeep / station wagon,opposite,76.9%,223.738,224.138,0.4,45.0
4892,Public Transportation (Angkot),3,Medium passenger vehicle,opposite,75.8%,227.338,227.687,0.35,51.4
4971,Motorcycle,1,Motorcycle / 3-wheel vehicle,opposite,74.2%,229.337,229.687,0.35,51.4
5033,Motorcycle,1,Motorcycle / 3-wheel vehicle,opposite,86.2%,232.187,232.737,0.55,32.7
5028,Public Transportation (Angkot),3,Medium passenger vehicle,opposite,91.7%,232.237,232.687,0.45,40.0
5082,Car / Sedan,2,Sedan / jeep / station wagon,opposite,88.9%,233.787,234.187,0.4,45.0
5194,Motorcycle,1,Motorcycle / 3-wheel vehicle,opposite,81.5%,236.537,237.037,0.5,36.0
5328,Public Transportation (Angkot),3,Medium passenger vehicle,opposite,92.0%,240.487,240.887,0.4,45.0
5559,Motorcycle,1,Motorcycle / 3-wheel vehicle,opposite,76.8%,246.886,247.236,0.35,51.4
5532,3-Axle Truck (Jumbo),7,3-Axle Truck,opposite,91.2%,247.386,248.136,0.75,24.0
5589,Car / Sedan,2,Sedan / jeep / station wagon,opposite,72.7%,248.686,249.136,0.45,40.0
5682,Public Transportation (Angkot),3,Medium passenger vehicle,opposite,91.8%,252.286,253.186,0.9,20.0
5745,Car / Sedan,2,Sedan / jeep / station wagon,opposite,74.1%,252.536,253.036,0.5,36.0
5781,Public Transportation (Angkot),3,Medium passenger vehicle,opposite,51.7%,253.786,254.186,0.4,45.0
5832,Car / Sedan,2,Sedan / jeep / station wagon,opposite,83.8%,255.086,255.486,0.4,45.0
5843,Motorcycle,1,Motorcycle / 3-wheel vehicle,opposite,84.6%,255.386,255.886,0.5,36.0
5874,Public Transportation (Angkot),3,Medium passenger vehicle,opposite,91.6%,257.886,259.336,1.45,12.4
5984,Car / Sedan,2,Sedan / jeep / station wagon,opposite,82.0%,258.536,258.986,0.45,40.0
5961,Motorcycle,1,Motorcycle / 3-wheel vehicle,opposite,83.9%,258.686,260.386,1.7,10.6
6058,Car / Sedan,2,Sedan / jeep / station wagon,opposite,80.4%,260.586,261.086,0.5,36.0
6159,Car / Sedan,2,Sedan / jeep / station wagon,opposite,84.4%,264.335,264.935,0.6,30.0
6218,Car / Sedan,2,Sedan / jeep / station wagon,opposite,54.5%,265.885,266.285,0.4,45.0
6264,Car / Sedan,2,Sedan / jeep / station wagon,opposite,91.8%,267.135,267.735,0.6,30.0
6318,Motorcycle,1,Motorcycle / 3-wheel vehicle,opposite,78.8%,267.985,268.785,0.8,22.5
6322,Car / Sedan,2,Sedan / jeep / station wagon,opposite,51.5%,268.985,269.635,0.65,27.7
6393,Motorcycle,1,Motorcycle / 3-wheel vehicle,opposite,86.0%,270.135,270.685,0.55,32.7
6440,Pickup / Micro Truck,4,Pickup / micro truck / delivery,opposite,77.3%,271.535,272.085,0.55,32.7
6483,Motorcycle,1,Motorcycle / 3-wheel vehicle,opposite,85.6%,271.685,272.135,0.45,40.0
6517,Public Transportation (Angkot),3,Medium passenger vehicle,opposite,56.6%,273.235,273.885,0.65,27.7
6538,Car / Sedan,2,Sedan / jeep / station wagon,opposite,52.9%,274.135,274.685,0.55,32.7
6607,Car / Sedan,2,Sedan / jeep / station wagon,opposite,89.2%,275.735,276.285,0.55,32.7
6670,Motorcycle,1,Motorcycle / 3-wheel vehicle,opposite,83.7%,276.985,277.485,0.5,36.0
6662,Public Transportation (Angkot),3,Medium passenger vehicle,opposite,90.9%,277.635,278.185,0.55,32.7
6687,Motorcycle,1,Motorcycle / 3-wheel vehicle,opposite,79.9%,278.135,278.585,0.45,40.0
6725,Public Transportation (Angkot),3,Medium passenger vehicle,opposite,92.8%,280.834,281.485,0.65,27.7
6822,2-Axle Truck (Jumbo),6,2-Axle Truck,opposite,93.0%,283.734,284.284,0.55,32.7
6858,Motorcycle,1,Motorcycle / 3-wheel vehicle,opposite,82.1%,284.434,284.784,0.35,51.4
6886,Bus,5,Bus,opposite,83.6%,285.884,286.384,0.5,36.0
6966,Car / Sedan,2,Sedan / jeep / station wagon,opposite,74.3%,287.834,288.384,0.55,32.7
7038,Motorcycle,1,Motorcycle / 3-wheel vehicle,opposite,84.8%,289.634,290.084,0.45,40.0
7072,Car / Sedan,2,Sedan / jeep / station wagon,opposite,82.7%,290.884,291.334,0.45,40.0
7136,Motorcycle,1,Motorcycle / 3-wheel vehicle,opposite,77.2%,291.684,292.084,0.4,45.0
7141,Car / Sedan,2,Sedan / jeep / station wagon,opposite,55.5%,292.084,292.484,0.4,45.0
7266,Car / Sedan,2,Sedan / jeep / station wagon,opposite,71.3%,295.384,295.834,0.45,40.0
7288,Motorcycle,1,Motorcycle / 3-wheel vehicle,opposite,82.0%,295.684,296.084,0.4,45.0
7310,Motorcycle,1,Motorcycle / 3-wheel vehicle,normal,69.2%,296.084,296.584,0.5,36.0
7446,Car / Sedan,2,Sedan / jeep / station wagon,opposite,52.1%,300.033,300.333,0.3,60.0
7490,2-Axle Truck (Jumbo),6,2-Axle Truck,opposite,83.5%,301.383,301.783,0.4,45.0
7564,Motorcycle,1,Motorcycle / 3-wheel vehicle,opposite,69.9%,302.083,302.433,0.35,51.4
7606,Motorcycle,1,Motorcycle / 3-wheel vehicle,opposite,76.2%,303.383,303.733,0.35,51.4
7696,Public Transportation (Angkot),3,Medium passenger vehicle,opposite,92.8%,306.433,306.833,0.4,45.0
7938,Motorcycle,1,Motorcycle / 3-wheel vehicle,opposite,87.4%,312.483,312.933,0.45,40.0
8092,Public Transportation (Angkot),3,Medium passenger vehicle,opposite,60.2%,316.632,317.033,0.4,45.0
8102,Car / Sedan,2,Sedan / jeep / station wagon,opposite,69.6%,317.082,317.533,0.45,40.0
8214,Motorcycle,1,Motorcycle / 3-wheel vehicle,opposite,78.8%,320.382,320.782,0.4,45.0
8212,Car / Sedan,2,Sedan / jeep / station wagon,opposite,87.5%,320.782,321.182,0.4,45.0
8403,Motorcycle,1,Motorcycle / 3-wheel vehicle,opposite,79.4%,326.032,326.482,0.45,40.0
8400,Motorcycle,1,Motorcycle / 3-wheel vehicle,opposite,81.6%,326.082,326.532,0.45,40.0
8427,Motorcycle,1,Motorcycle / 3-wheel vehicle,opposite,75.3%,326.882,327.332,0.45,40.0
8393,Motorcycle,1,Motorcycle / 3-wheel vehicle,opposite,78.5%,327.182,327.632,0.45,40.0
8445,Car / Sedan,2,Sedan / jeep / station wagon,opposite,84.0%,328.382,328.932,0.55,32.7
8471,Motorcycle,1,Motorcycle / 3-wheel vehicle,opposite,80.4%,329.332,329.782,0.45,40.0
8488,Motorcycle,1,Motorcycle / 3-wheel vehicle,opposite,88.1%,330.632,331.132,0.5,36.0
8521,Car / Sedan,2,Sedan / jeep / station wagon,opposite,59.4%,331.332,331.832,0.5,36.0
8572,Public Transportation (Angkot),3,Medium passenger vehicle,opposite,89.3%,333.582,334.132,0.55,32.7
8655,Car / Sedan,2,Sedan / jeep / station wagon,opposite,90.6%,335.432,336.031,0.6,30.0
8721,Public Transportation (Angkot),3,Medium passenger vehicle,opposite,92.3%,337.481,338.031,0.55,32.7
8783,Motorcycle,1,Motorcycle / 3-wheel vehicle,opposite,64.7%,339.231,339.631,0.4,45.0
8846,Car / Sedan,2,Sedan / jeep / station wagon,opposite,92.4%,340.581,341.131,0.55,32.7
9101,Public Transportation (Angkot),3,Medium passenger vehicle,opposite,88.6%,349.481,349.881,0.4,45.0
9236,Car / Sedan,2,Sedan / jeep / station wagon,opposite,58.0%,353.18,353.68,0.5,36.0
9309,Public Transportation (Angkot),3,Medium passenger vehicle,opposite,35.6%,355.53,356.08,0.55,32.7
9379,Public Transportation (Angkot),3,Medium passenger vehicle,opposite,54.2%,357.08,357.58,0.5,36.0
9441,Motorcycle,1,Motorcycle / 3-wheel vehicle,opposite,85.9%,358.18,358.63,0.45,40.0
9526,Car / Sedan,2,Sedan / jeep / station wagon,opposite,91.2%,360.53,361.03,0.5,36.0
9563,Motorcycle,1,Motorcycle / 3-wheel vehicle,opposite,73.0%,361.33,361.68,0.35,51.4
9547,Car / Sedan,2,Sedan / jeep / station wagon,opposite,80.1%,361.53,362.03,0.5,36.0
9626,Motorcycle,1,Motorcycle / 3-wheel vehicle,opposite,88.7%,362.78,363.13,0.35,51.4
9633,Car / Sedan,2,Sedan / jeep / station wagon,opposite,67.5%,363.43,364.13,0.7,25.7
9640,Motorcycle,1,Motorcycle / 3-wheel vehicle,opposite,86.5%,363.48,363.98,0.5,36.0
9710,Car / Sedan,2,Sedan / jeep / station wagon,opposite,91.5%,365.58,366.03,0.45,40.0
9778,Public Transportation (Angkot),3,Medium passenger vehicle,opposite,92.3%,367.18,367.63,0.45,40.0
10048,Motorcycle,1,Motorcycle / 3-wheel vehicle,opposite,86.3%,374.279,374.629,0.35,51.4
10125,Car / Sedan,2,Sedan / jeep / station wagon,opposite,89.5%,376.179,376.579,0.4,45.0
10242,Car / Sedan,2,Sedan / jeep / station wagon,opposite,74.2%,380.329,380.729,0.4,45.0
10298,Motorcycle,1,Motorcycle / 3-wheel vehicle,opposite,86.3%,381.629,382.029,0.4,45.0
10399,3-Axle Truck (Jumbo),7,3-Axle Truck,opposite,90.5%,386.279,387.379,1.1,16.4
10491,Public Transportation (Angkot),3,Medium passenger vehicle,opposite,88.9%,387.329,387.879,0.55,32.7
10535,Public Transportation (Angkot),3,Medium passenger vehicle,opposite,92.0%,390.279,391.028,0.75,24.0
10657,Motorcycle,1,Motorcycle / 3-wheel vehicle,opposite,68.4%,391.728,392.028,0.3,60.0
10595,Car / Sedan,2,Sedan / jeep / station wagon,opposite,56.6%,392.828,393.278,0.45,40.0
10705,Motorcycle,1,Motorcycle / 3-wheel vehicle,opposite,87.8%,394.428,394.978,0.55,32.7
10764,Motorcycle,1,Motorcycle / 3-wheel vehicle,opposite,86.2%,395.428,395.828,0.4,45.0
10777,Car / Sedan,2,Sedan / jeep / station wagon,opposite,92.2%,396.778,397.328,0.55,32.7
10831,Motorcycle,1,Motorcycle / 3-wheel vehicle,opposite,85.9%,398.478,399.028,0.55,32.7
10859,Public Transportation (Angkot),3,Medium passenger vehicle,opposite,86.5%,399.428,399.878,0.45,40.0
10869,Motorcycle,1,Motorcycle / 3-wheel vehicle,opposite,83.8%,400.378,400.878,0.5,36.0
10951,Car / Sedan,2,Sedan / jeep / station wagon,opposite,39.9%,403.428,403.828,0.4,45.0
10987,Car / Sedan,2,Sedan / jeep / station wagon,opposite,84.0%,403.778,404.178,0.4,45.0
10988,Car / Sedan,2,Sedan / jeep / station wagon,opposite,92.2%,404.478,405.078,0.6,30.0
11072,Motorcycle,1,Motorcycle / 3-wheel vehicle,opposite,77.6%,407.627,408.077,0.45,40.0
11152,Motorcycle,1,Motorcycle / 3-wheel vehicle,opposite,69.4%,409.077,409.577,0.5,36.0
11216,Motorcycle,1,Motorcycle / 3-wheel vehicle,opposite,74.1%,410.877,411.377,0.5,36.0
11300,Motorcycle,1,Motorcycle / 3-wheel vehicle,opposite,68.1%,414.627,416.177,1.55,11.6
11335,Motorcycle,1,Motorcycle / 3-wheel vehicle,opposite,79.5%,414.877,415.177,0.3,60.0
11344,Car / Sedan,2,Sedan / jeep / station wagon,opposite,56.8%,415.827,416.277,0.45,40.0
11459,Motorcycle,1,Motorcycle / 3-wheel vehicle,opposite,84.7%,419.127,419.577,0.45,40.0
11505,Public Transportation (Angkot),3,Medium passenger vehicle,opposite,54.4%,420.727,421.127,0.4,45.0
11713,Bus,5,Bus,opposite,92.5%,427.676,428.176,0.5,36.0
11932,Motorcycle,1,Motorcycle / 3-wheel vehicle,opposite,87.2%,432.276,432.626,0.35,51.4
11958,Public Transportation (Angkot),3,Medium passenger vehicle,opposite,45.7%,433.276,433.626,0.35,51.4
12031,Motorcycle,1,Motorcycle / 3-wheel vehicle,opposite,79.6%,434.776,435.126,0.35,51.4
12066,Public Transportation (Angkot),3,Medium passenger vehicle,opposite,91.7%,436.626,437.026,0.4,45.0
12144,Motorcycle,1,Motorcycle / 3-wheel vehicle,opposite,36.3%,440.576,441.326,0.75,24.0
12130,Motorcycle,1,Motorcycle / 3-wheel vehicle,opposite,69.3%,440.676,441.476,0.8,22.5
12156,Public Transportation (Angkot),3,Medium passenger vehicle,opposite,85.6%,441.326,441.676,0.35,51.4
12337,Car / Sedan,2,Sedan / jeep / station wagon,opposite,64.9%,449.475,449.875,0.4,45.0
12450,Car / Sedan,2,Sedan / jeep / station wagon,opposite,78.8%,456.675,460.725,4.05,4.4
12521,Car / Sedan,2,Sedan / jeep / station wagon,opposite,91.2%,457.325,457.875,0.55,32.7
12712,Public Transportation (Angkot),3,Medium passenger vehicle,opposite,89.2%,462.625,463.124,0.5,36.0
12936,Car / Sedan,2,Sedan / jeep / station wagon,opposite,31.6%,470.024,470.374,0.35,51.4
12983,Car / Sedan,2,Sedan / jeep / station wagon,opposite,92.8%,471.824,472.424,0.6,30.0
13068,Motorcycle,1,Motorcycle / 3-wheel vehicle,opposite,87.8%,472.674,473.274,0.6,30.0
13074,Car / Sedan,2,Sedan / jeep / station wagon,opposite,92.9%,473.774,474.324,0.55,32.7
13265,Public Transportation (Angkot),3,Medium passenger vehicle,opposite,80.2%,479.673,480.074,0.4,45.0
13326,Motorcycle,1,Motorcycle / 3-wheel vehicle,opposite,78.2%,480.923,481.273,0.35,51.4
13316,Car / Sedan,2,Sedan / jeep / station wagon,opposite,42.0%,481.023,481.473,0.45,40.0
13381,Motorcycle,1,Motorcycle / 3-wheel vehicle,opposite,83.5%,482.573,482.823,0.25,72.0
13368,Car / Sedan,2,Sedan / jeep / station wagon,opposite,89.7%,482.873,483.423,0.55,32.7
13374,Car / Sedan,2,Sedan / jeep / station wagon,opposite,65.8%,482.923,483.373,0.45,40.0
13399,Car / Sedan,2,Sedan / jeep / station wagon,opposite,65.3%,483.923,484.373,0.45,40.0
13441,Motorcycle,1,Motorcycle / 3-wheel vehicle,opposite,82.5%,484.423,484.823,0.4,45.0
13453,Motorcycle,1,Motorcycle / 3-wheel vehicle,opposite,78.3%,484.573,484.973,0.4,45.0
13473,Motorcycle,1,Motorcycle / 3-wheel vehicle,opposite,74.1%,485.273,485.623,0.35,51.4
13459,Car / Sedan,2,Sedan / jeep / station wagon,opposite,74.2%,485.373,485.923,0.55,32.7
13525,2-Axle Truck (Jumbo),6,2-Axle Truck,opposite,92.7%,487.523,487.973,0.45,40.0
13596,Motorcycle,1,Motorcycle / 3-wheel vehicle,opposite,83.3%,488.873,489.123,0.25,72.0
13592,Car / Sedan,2,Sedan / jeep / station wagon,opposite,83.8%,489.273,489.673,0.4,45.0
13661,Public Transportation (Angkot),3,Medium passenger vehicle,opposite,58.4%,491.823,492.223,0.4,45.0
13705,Motorcycle,1,Motorcycle / 3-wheel vehicle,opposite,85.1%,492.523,492.873,0.35,51.4
13754,Public Transportation (Angkot),3,Medium passenger vehicle,opposite,92.6%,495.073,495.473,0.4,45.0
13879,Motorcycle,1,Motorcycle / 3-wheel vehicle,opposite,80.9%,499.672,499.972,0.3,60.0
13886,Car / Sedan,2,Sedan / jeep / station wagon,opposite,65.7%,501.172,501.472,0.3,60.0
13930,Car / Sedan,2,Sedan / jeep / station wagon,opposite,79.8%,501.722,502.122,0.4,45.0
13955,Pickup / Micro Truck,4,Pickup / micro truck / delivery,opposite,82.0%,502.572,503.222,0.65,27.7
14030,Public Transportation (Angkot),3,Medium passenger vehicle,opposite,74.4%,504.672,505.072,0.4,45.0
14071,Motorcycle,1,Motorcycle / 3-wheel vehicle,opposite,85.1%,506.872,507.422,0.55,32.7
14169,Car / Sedan,2,Sedan / jeep / station wagon,opposite,83.3%,509.472,509.872,0.4,45.0
14185,Car / Sedan,2,Sedan / jeep / station wagon,opposite,91.0%,510.172,510.672,0.5,36.0
14234,Car / Sedan,2,Sedan / jeep / station wagon,opposite,48.0%,511.972,512.122,0.15,120.0
14268,Car / Sedan,2,Sedan / jeep / station wagon,opposite,81.7%,513.622,514.072,0.45,40.0
14331,Motorcycle,1,Motorcycle / 3-wheel vehicle,opposite,81.8%,516.521,516.871,0.35,51.4
14326,Motorcycle,1,Motorcycle / 3-wheel vehicle,opposite,86.2%,516.871,517.421,0.55,32.7
14380,Public Transportation (Angkot),3,Medium passenger vehicle,opposite,92.8%,519.871,520.421,0.55,32.7
14394,Public Transportation (Angkot),3,Medium passenger vehicle,opposite,91.7%,520.871,521.371,0.5,36.0
14483,Motorcycle,1,Motorcycle / 3-wheel vehicle,opposite,82.2%,525.021,525.321,0.3,60.0
14481,Public Transportation (Angkot),3,Medium passenger vehicle,opposite,91.5%,525.721,526.221,0.5,36.0
14489,Motorcycle,1,Motorcycle / 3-wheel vehicle,opposite,86.3%,525.921,526.471,0.55,32.7
14556,Public Transportation (Angkot),3,Medium passenger vehicle,opposite,88.5%,527.871,528.371,0.5,36.0
14584,Car / Sedan,2,Sedan / jeep / station wagon,opposite,38.0%,529.171,529.571,0.4,45.0
14598,Motorcycle,1,Motorcycle / 3-wheel vehicle,opposite,85.7%,530.071,530.671,0.6,30.0
14622,Public Transportation (Angkot),3,Medium passenger vehicle,opposite,89.3%,530.721,531.271,0.55,32.7
14654,Motorcycle,1,Motorcycle / 3-wheel vehicle,opposite,75.0%,532.021,532.171,0.15,120.0
14650,Car / Sedan,2,Sedan / jeep / station wagon,opposite,76.3%,532.321,532.771,0.45,40.0
14708,Motorcycle,1,Motorcycle / 3-wheel vehicle,opposite,80.9%,533.971,534.321,0.35,51.4
14733,Public Transportation (Angkot),3,Medium passenger vehicle,opposite,92.5%,537.27,537.72,0.45,40.0
14749,Car / Sedan,2,Sedan / jeep / station wagon,opposite,49.8%,537.92,538.27,0.35,51.4
14831,Motorcycle,1,Motorcycle / 3-wheel vehicle,opposite,87.2%,542.07,542.67,0.6,30.0
14878,Car / Sedan,2,Sedan / jeep / station wagon,opposite,63.2%,543.67,543.92,0.25,72.0
14976,2-Axle Truck (Jumbo),6,2-Axle Truck,opposite,83.7%,547.97,548.47,0.5,36.0
15050,Motorcycle,1,Motorcycle / 3-wheel vehicle,opposite,82.6%,550.92,551.47,0.55,32.7
15099,Motorcycle,1,Motorcycle / 3-wheel vehicle,opposite,83.5%,552.519,552.819,0.3,60.0
15157,Public Transportation (Angkot),3,Medium passenger vehicle,opposite,91.6%,554.219,554.619,0.4,45.0
15230,Motorcycle,1,Motorcycle / 3-wheel vehicle,opposite,86.2%,557.919,559.369,1.45,12.4
15307,Motorcycle,1,Motorcycle / 3-wheel vehicle,opposite,75.8%,558.269,558.469,0.2,90.0
15430,Motorcycle,1,Motorcycle / 3-wheel vehicle,opposite,81.1%,563.569,564.169,0.6,30.0
15525,Motorcycle,1,Motorcycle / 3-wheel vehicle,opposite,83.5%,565.369,565.769,0.4,45.0
15591,Car / Sedan,2,Sedan / jeep / station wagon,opposite,91.0%,567.869,568.369,0.5,36.0
15701,2-Axle Truck (Jumbo),6,2-Axle Truck,opposite,88.3%,572.568,573.168,0.6,30.0
15735,Bus,5,Bus,opposite,83.9%,572.918,573.518,0.6,30.0
15845,Motorcycle,1,Motorcycle / 3-wheel vehicle,opposite,81.6%,575.968,576.318,0.35,51.4
15863,Car / Sedan,2,Sedan / jeep / station wagon,opposite,55.4%,577.218,577.518,0.3,60.0
16028,Motorcycle,1,Motorcycle / 3-wheel vehicle,opposite,78.0%,582.068,582.468,0.4,45.0
16137,Car / Sedan,2,Sedan / jeep / station wagon,opposite,61.8%,587.768,588.268,0.5,36.0
16172,2-Axle Truck (Jumbo),6,2-Axle Truck,opposite,82.6%,588.467,588.918,0.45,40.0
16201,Motorcycle,1,Motorcycle / 3-wheel vehicle,opposite,88.0%,589.418,589.817,0.4,45.0
16209,Motorcycle,1,Motorcycle / 3-wheel vehicle,opposite,87.7%,590.267,590.817,0.55,32.7
16256,Motorcycle,1,Motorcycle / 3-wheel vehicle,opposite,85.0%,591.067,591.417,0.35,51.4
16420,Public Transportation (Angkot),3,Medium passenger vehicle,opposite,78.1%,598.017,598.317,0.3,60.0
16430,Car / Sedan,2,Sedan / jeep / station wagon,opposite,84.8%,598.467,598.917,0.45,40.0
16457,Motorcycle,1,Motorcycle / 3-wheel vehicle,opposite,85.1%,599.617,600.267,0.65,27.7
16523,Car / Sedan,2,Sedan / jeep / station wagon,opposite,37.1%,602.867,603.317,0.45,40.0
16570,Car / Sedan,2,Sedan / jeep / station wagon,opposite,81.5%,604.867,605.267,0.4,45.0
16594,2-Axle Truck (Jumbo),6,2-Axle Truck,opposite,90.9%,605.517,605.867,0.35,51.4
16848,2-Axle Truck (Jumbo),6,2-Axle Truck,opposite,91.3%,614.616,615.066,0.45,40.0
16930,2-Axle Truck (Jumbo),6,2-Axle Truck,opposite,48.2%,619.116,619.766,0.65,27.7
16963,Car / Sedan,2,Sedan / jeep / station wagon,opposite,51.3%,620.466,621.016,0.55,32.7
16988,Car / Sedan,2,Sedan / jeep / station wagon,opposite,80.7%,621.516,621.966,0.45,40.0
17003,Car / Sedan,2,Sedan / jeep / station wagon,opposite,90.9%,622.266,622.716,0.45,40.0
17042,Motorcycle,1,Motorcycle / 3-wheel vehicle,opposite,84.4%,623.266,623.616,0.35,51.4
17050,Public Transportation (Angkot),3,Medium passenger vehicle,opposite,92.1%,624.365,624.915,0.55,32.7
17092,Motorcycle,1,Motorcycle / 3-wheel vehicle,opposite,86.4%,625.466,625.816,0.35,51.4
17140,Motorcycle,1,Motorcycle / 3-wheel vehicle,opposite,60.5%,626.165,626.565,0.4,45.0
17137,Motorcycle,1,Motorcycle / 3-wheel vehicle,opposite,63.4%,626.465,626.765,0.3,60.0
17130,Car / Sedan,2,Sedan / jeep / station wagon,opposite,91.0%,626.665,627.165,0.5,36.0
17159,Public Transportation (Angkot),3,Medium passenger vehicle,opposite,84.0%,626.765,627.265,0.5,36.0
17173,Car / Sedan,2,Sedan / jeep / station wagon,opposite,88.5%,628.215,628.765,0.55,32.7
17188,Public Transportation (Angkot),3,Medium passenger vehicle,opposite,90.1%,629.065,629.515,0.45,40.0
17238,Car / Sedan,2,Sedan / jeep / station wagon,opposite,47.0%,629.915,630.365,0.45,40.0
17207,Car / Sedan,2,Sedan / jeep / station wagon,opposite,92.8%,630.715,631.815,1.1,16.4
17272,Public Transportation (Angkot),3,Medium passenger vehicle,opposite,74.7%,631.315,631.865,0.55,32.7
17310,Motorcycle,1,Motorcycle / 3-wheel vehicle,opposite,81.7%,631.565,632.065,0.5,36.0
17271,Motorcycle,1,Motorcycle / 3-wheel vehicle,opposite,82.0%,631.615,633.015,1.4,12.9
17339,Motorcycle,1,Motorcycle / 3-wheel vehicle,opposite,56.9%,632.715,633.215,0.5,36.0
17350,Motorcycle,1,Motorcycle / 3-wheel vehicle,opposite,85.6%,633.015,633.515,0.5,36.0
17381,Public Transportation (Angkot),3,Medium passenger vehicle,opposite,83.4%,634.165,634.665,0.5,36.0
17538,Car / Sedan,2,Sedan / jeep / station wagon,opposite,84.6%,641.165,641.665,0.5,36.0
17634,Public Transportation (Angkot),3,Medium passenger vehicle,opposite,93.0%,645.464,646.064,0.6,30.0
17659,Public Transportation (Angkot),3,Medium passenger vehicle,opposite,90.8%,646.464,647.014,0.55,32.7
17673,Public Transportation (Angkot),3,Medium passenger vehicle,opposite,92.3%,647.864,648.464,0.6,30.0
17724,Car / Sedan,2,Sedan / jeep / station wagon,opposite,47.3%,648.164,648.664,0.5,36.0
17746,Car / Sedan,2,Sedan / jeep / station wagon,opposite,79.5%,649.514,650.114,0.6,30.0
17801,Car / Sedan,2,Sedan / jeep / station wagon,opposite,91.7%,651.464,652.264,0.8,22.5
17823,Motorcycle,1,Motorcycle / 3-wheel vehicle,opposite,85.5%,651.664,652.064,0.4,45.0
17820,Car / Sedan,2,Sedan / jeep / station wagon,opposite,71.5%,652.364,652.964,0.6,30.0
17879,Motorcycle,1,Motorcycle / 3-wheel vehicle,opposite,82.1%,653.514,654.014,0.5,36.0
17853,Motorcycle,1,Motorcycle / 3-wheel vehicle,opposite,85.9%,653.564,654.414,0.85,21.2
17896,Car / Sedan,2,Sedan / jeep / station wagon,opposite,46.9%,655.014,655.614,0.6,30.0
17915,Public Transportation (Angkot),3,Medium passenger vehicle,opposite,85.5%,656.264,656.864,0.6,30.0
18034,Car / Sedan,2,Sedan / jeep / station wagon,opposite,57.2%,659.464,659.864,0.4,45.0
18168,Motorcycle,1,Motorcycle / 3-wheel vehicle,opposite,71.8%,664.663,665.113,0.45,40.0
18256,Motorcycle,1,Motorcycle / 3-wheel vehicle,opposite,71.7%,667.513,667.913,0.4,45.0
18269,Motorcycle,1,Motorcycle / 3-wheel vehicle,opposite,80.3%,669.463,670.663,1.2,15.0
18293,Public Transportation (Angkot),3,Medium passenger vehicle,opposite,91.3%,669.863,670.363,0.5,36.0
18462,Car / Sedan,2,Sedan / jeep / station wagon,opposite,93.3%,676.363,676.913,0.55,32.7
18673,Car / Sedan,2,Sedan / jeep / station wagon,opposite,92.5%,686.862,687.862,1.0,18.0
18767,Motorcycle,1,Motorcycle / 3-wheel vehicle,opposite,61.6%,690.112,690.462,0.35,51.4
18783,Car / Sedan,2,Sedan / jeep / station wagon,opposite,73.7%,691.612,692.062,0.45,40.0
18974,Car / Sedan,2,Sedan / jeep / station wagon,opposite,93.1%,700.661,701.661,1.0,18.0
19091,Motorcycle,1,Motorcycle / 3-wheel vehicle,opposite,76.0%,704.111,704.661,0.55,32.7
19123,Motorcycle,1,Motorcycle / 3-wheel vehicle,opposite,87.5%,707.011,707.661,0.65,27.7
19202,Car / Sedan,2,Sedan / jeep / station wagon,opposite,63.2%,710.211,710.661,0.45,40.0
19295,Motorcycle,1,Motorcycle / 3-wheel vehicle,opposite,77.5%,713.461,713.811,0.35,51.4
19396,Car / Sedan,2,Sedan / jeep / station wagon,opposite,80.3%,718.86,719.21,0.35,51.4
19430,Car / Sedan,2,Sedan / jeep / station wagon,opposite,60.8%,721.11,721.41,0.3,60.0
19463,Motorcycle,1,Motorcycle / 3-wheel vehicle,opposite,72.3%,722.91,723.51,0.6,30.0
19508,Public Transportation (Angkot),3,Medium passenger vehicle,opposite,80.7%,723.61,723.96,0.35,51.4
19546,Car / Sedan,2,Sedan / jeep / station wagon,opposite,76.5%,725.91,726.21,0.3,60.0
19596,Car / Sedan,2,Sedan / jeep / station wagon,opposite,70.0%,728.81,729.16,0.35,51.4
19644,Car / Sedan,2,Sedan / jeep / station wagon,opposite,93.0%,731.36,731.86,0.5,36.0
19712,Motorcycle,1,Motorcycle / 3-wheel vehicle,opposite,86.7%,734.36,734.759,0.4,45.0
19729,Car / Sedan,2,Sedan / jeep / station wagon,opposite,87.8%,735.709,736.209,0.5,36.0
19834,Car / Sedan,2,Sedan / jeep / station wagon,opposite,89.6%,739.209,739.609,0.4,45.0
19865,Car / Sedan,2,Sedan / jeep / station wagon,opposite,92.5%,740.709,741.159,0.45,40.0
19894,Car / Sedan,2,Sedan / jeep / station wagon,opposite,76.4%,741.609,742.009,0.4,45.0
19977,Car / Sedan,2,Sedan / jeep / station wagon,opposite,54.9%,743.409,743.809,0.4,45.0
20035,Car / Sedan,2,Sedan / jeep / station wagon,opposite,80.9%,745.359,745.859,0.5,36.0
20045,Motorcycle,1,Motorcycle / 3-wheel vehicle,opposite,80.1%,745.359,745.759,0.4,45.0
20071,Motorcycle,1,Motorcycle / 3-wheel vehicle,opposite,81.1%,745.709,746.159,0.45,40.0
20130,Car / Sedan,2,Sedan / jeep / station wagon,opposite,57.7%,748.959,749.159,0.2,90.0
20212,Motorcycle,1,Motorcycle / 3-wheel vehicle,opposite,86.3%,752.009,752.409,0.4,45.0
20231,Public Transportation (Angkot),3,Medium passenger vehicle,opposite,50.5%,753.108,753.358,0.25,72.0
20268,Motorcycle,1,Motorcycle / 3-wheel vehicle,opposite,85.1%,753.458,753.858,0.4,45.0
20425,Motorcycle,1,Motorcycle / 3-wheel vehicle,opposite,88.5%,760.358,760.708,0.35,51.4
20488,Car / Sedan,2,Sedan / jeep / station wagon,opposite,79.8%,762.608,763.008,0.4,45.0
20586,Motorcycle,1,Motorcycle / 3-wheel vehicle,opposite,88.2%,766.758,767.158,0.4,45.0
20608,Motorcycle,1,Motorcycle / 3-wheel vehicle,opposite,78.5%,767.208,767.658,0.45,40.0
20610,Car / Sedan,2,Sedan / jeep / station wagon,opposite,81.8%,767.908,768.358,0.45,40.0
20713,Public Transportation (Angkot),3,Medium passenger vehicle,opposite,60.5%,770.558,770.857,0.3,60.0
20762,Motorcycle,1,Motorcycle / 3-wheel vehicle,opposite,87.4%,771.707,772.057,0.35,51.4
20825,Car / Sedan,2,Sedan / jeep / station wagon,opposite,47.8%,773.907,774.307,0.4,45.0
20840,Public Transportation (Angkot),3,Medium passenger vehicle,opposite,92.8%,774.757,775.057,0.3,60.0
20858,Car / Sedan,2,Sedan / jeep / station wagon,opposite,77.5%,775.857,776.257,0.4,45.0
20963,Motorcycle,1,Motorcycle / 3-wheel vehicle,opposite,66.9%,781.107,781.457,0.35,51.4
20982,Car / Sedan,2,Sedan / jeep / station wagon,opposite,87.9%,782.857,783.257,0.4,45.0
21028,Car / Sedan,2,Sedan / jeep / station wagon,opposite,70.8%,784.407,784.757,0.35,51.4
21080,Car / Sedan,2,Sedan / jeep / station wagon,opposite,71.6%,786.107,786.557,0.45,40.0
21101,Motorcycle,1,Motorcycle / 3-wheel vehicle,opposite,86.2%,787.106,787.506,0.4,45.0
21121,Car / Sedan,2,Sedan / jeep / station wagon,opposite,81.4%,787.907,788.307,0.4,45.0
21149,Car / Sedan,2,Sedan / jeep / station wagon,opposite,63.7%,789.006,789.406,0.4,45.0
21206,Car / Sedan,2,Sedan / jeep / station wagon,opposite,92.6%,791.906,792.306,0.4,45.0
21234,Public Transportation (Angkot),3,Medium passenger vehicle,opposite,53.0%,792.906,793.106,0.2,90.0
21296,Car / Sedan,2,Sedan / jeep / station wagon,opposite,85.0%,794.656,795.056,0.4,45.0
21308,Public Transportation (Angkot),3,Medium passenger vehicle,opposite,92.6%,795.406,795.756,0.35,51.4
21341,Motorcycle,1,Motorcycle / 3-wheel vehicle,opposite,83.6%,795.956,796.356,0.4,45.0
21367,Car / Sedan,2,Sedan / jeep / station wagon,opposite,73.6%,796.706,797.106,0.4,45.0
21482,Motorcycle,1,Motorcycle / 3-wheel vehicle,opposite,86.4%,799.906,800.456,0.55,32.7
21579,Motorcycle,1,Motorcycle / 3-wheel vehicle,opposite,88.2%,802.456,802.856,0.4,45.0
21669,Car / Sedan,2,Sedan / jeep / station wagon,opposite,67.2%,805.255,805.655,0.4,45.0
21730,Car / Sedan,2,Sedan / jeep / station wagon,opposite,44.5%,807.705,808.055,0.35,51.4
21795,Public Transportation (Angkot),3,Medium passenger vehicle,opposite,92.7%,809.855,810.355,0.5,36.0
21957,Car / Sedan,2,Sedan / jeep / station wagon,opposite,90.9%,816.655,817.055,0.4,45.0
21987,Car / Sedan,2,Sedan / jeep / station wagon,opposite,38.9%,817.005,817.355,0.35,51.4
22024,Motorcycle,1,Motorcycle / 3-wheel vehicle,opposite,85.9%,818.305,818.805,0.5,36.0
22044,Motorcycle,1,Motorcycle / 3-wheel vehicle,opposite,76.7%,818.455,818.855,0.4,45.0
22027,Car / Sedan,2,Sedan / jeep / station wagon,opposite,75.1%,819.555,819.905,0.35,51.4
22139,Public Transportation (Angkot),3,Medium passenger vehicle,opposite,92.7%,822.005,822.405,0.4,45.0
22220,Motorcycle,1,Motorcycle / 3-wheel vehicle,opposite,85.0%,823.705,824.054,0.35,51.4
22255,Motorcycle,1,Motorcycle / 3-wheel vehicle,opposite,84.2%,824.654,825.005,0.35,51.4
22254,Car / Sedan,2,Sedan / jeep / station wagon,opposite,81.3%,825.054,825.454,0.4,45.0
22286,Public Transportation (Angkot),3,Medium passenger vehicle,opposite,92.7%,826.404,826.854,0.45,40.0
22339,Car / Sedan,2,Sedan / jeep / station wagon,opposite,47.1%,828.004,828.404,0.4,45.0
22364,Motorcycle,1,Motorcycle / 3-wheel vehicle,opposite,75.1%,829.254,829.654,0.4,45.0
22371,Public Transportation (Angkot),3,Medium passenger vehicle,opposite,90.1%,829.954,830.354,0.4,45.0
22474,Motorcycle,1,Motorcycle / 3-wheel vehicle,opposite,83.4%,832.704,833.104,0.4,45.0
22465,Motorcycle,1,Motorcycle / 3-wheel vehicle,opposite,84.1%,833.154,833.554,0.4,45.0
22501,Motorcycle,1,Motorcycle / 3-wheel vehicle,opposite,86.1%,833.754,834.154,0.4,45.0
22547,Motorcycle,1,Motorcycle / 3-wheel vehicle,opposite,76.8%,835.154,835.554,0.4,45.0
22553,Motorcycle,1,Motorcycle / 3-wheel vehicle,opposite,87.9%,835.504,835.954,0.45,40.0
22554,Motorcycle,1,Motorcycle / 3-wheel vehicle,opposite,61.7%,836.004,836.404,0.4,45.0
22538,Motorcycle,1,Motorcycle / 3-wheel vehicle,opposite,80.6%,837.254,837.554,0.3,60.0
22606,Motorcycle,1,Motorcycle / 3-wheel vehicle,opposite,81.0%,837.804,838.154,0.35,51.4
22636,Car / Sedan,2,Sedan / jeep / station wagon,opposite,39.3%,838.154,838.554,0.4,45.0
22651,Motorcycle,1,Motorcycle / 3-wheel vehicle,opposite,52.3%,838.904,839.204,0.3,60.0
22786,Car / Sedan,2,Sedan / jeep / station wagon,opposite,55.5%,842.654,843.004,0.35,51.4
22850,Motorcycle,1,Motorcycle / 3-wheel vehicle,opposite,82.3%,844.903,845.303,0.4,45.0
22899,Motorcycle,1,Motorcycle / 3-wheel vehicle,opposite,85.2%,849.003,849.753,0.75,24.0
22910,Car / Sedan,2,Sedan / jeep / station wagon,opposite,92.7%,850.453,851.603,1.15,15.7
23024,Motorcycle,1,Motorcycle / 3-wheel vehicle,opposite,87.8%,853.653,854.153,0.5,36.0
23102,Motorcycle,1,Motorcycle / 3-wheel vehicle,opposite,83.2%,856.153,856.803,0.65,27.7
23170,Motorcycle,1,Motorcycle / 3-wheel vehicle,opposite,65.8%,857.653,857.953,0.3,60.0
23239,Public Transportation (Angkot),3,Medium passenger vehicle,opposite,92.7%,860.053,860.653,0.6,30.0
23292,Motorcycle,1,Motorcycle / 3-wheel vehicle,opposite,64.8%,861.003,861.652,0.65,27.7
23440,Car / Sedan,2,Sedan / jeep / station wagon,opposite,90.8%,865.802,866.352,0.55,32.7
23505,Motorcycle,1,Motorcycle / 3-wheel vehicle,opposite,85.9%,867.902,868.652,0.75,24.0
23611,Car / Sedan,2,Sedan / jeep / station wagon,opposite,68.6%,871.452,872.002,0.55,32.7
23653,Motorcycle,1,Motorcycle / 3-wheel vehicle,opposite,86.2%,872.452,873.102,0.65,27.7
23684,Car / Sedan,2,Sedan / jeep / station wagon,opposite,86.6%,873.052,873.652,0.6,30.0
23780,Car / Sedan,2,Sedan / jeep / station wagon,opposite,70.3%,875.702,876.002,0.3,60.0
23828,Public Transportation (Angkot),3,Medium passenger vehicle,opposite,50.6%,876.602,877.002,0.4,45.0
23871,Car / Sedan,2,Sedan / jeep / station wagon,opposite,86.0%,877.802,878.202,0.4,45.0
23967,Motorcycle,1,Motorcycle / 3-wheel vehicle,opposite,83.5%,880.101,880.401,0.3,60.0
24051,Car / Sedan,2,Sedan / jeep / station wagon,opposite,85.2%,882.751,883.151,0.4,45.0
24124,Car / Sedan,2,Sedan / jeep / station wagon,opposite,43.9%,884.701,885.001,0.3,60.0
24154,Car / Sedan,2,Sedan / jeep / station wagon,opposite,90.1%,885.751,886.201,0.45,40.0
24279,Car / Sedan,2,Sedan / jeep / station wagon,opposite,62.2%,888.651,889.101,0.45,40.0
24316,Motorcycle,1,Motorcycle / 3-wheel vehicle,opposite,89.6%,889.801,890.151,0.35,51.4
24347,Car / Sedan,2,Sedan / jeep / station wagon,opposite,36.2%,890.451,890.701,0.25,72.0
24390,Motorcycle,1,Motorcycle / 3-wheel vehicle,opposite,81.1%,891.451,891.851,0.4,45.0
24408,Car / Sedan,2,Sedan / jeep / station wagon,opposite,57.4%,892.501,892.851,0.35,51.4
24476,Car / Sedan,2,Sedan / jeep / station wagon,opposite,43.1%,894.801,895.101,0.3,60.0
24474,Car / Sedan,2,Sedan / jeep / station wagon,opposite,91.3%,895.651,896.65,1.0,18.0
24626,Motorcycle,1,Motorcycle / 3-wheel vehicle,opposite,84.9%,898.55,898.85,0.3,60.0
24647,Motorcycle,1,Motorcycle / 3-wheel vehicle,opposite,84.6%,898.85,899.1,0.25,72.0
24990,Car / Sedan,2,Sedan / jeep / station wagon,opposite,76.7%,910.1,910.45,0.35,51.4
25040,Car / Sedan,2,Sedan / jeep / station wagon,opposite,90.4%,912.65,913.1,0.45,40.0
25065,Public Transportation (Angkot),3,Medium passenger vehicle,opposite,92.4%,913.949,914.449,0.5,36.0
25106,Motorcycle,1,Motorcycle / 3-wheel vehicle,opposite,87.3%,915.149,915.699,0.55,32.7
25130,Car / Sedan,2,Sedan / jeep / station wagon,opposite,93.2%,916.349,916.849,0.5,36.0
25182,Car / Sedan,2,Sedan / jeep / station wagon,opposite,45.5%,918.249,918.449,0.2,90.0
25257,Car / Sedan,2,Sedan / jeep / station wagon,opposite,77.1%,920.349,920.749,0.4,45.0
25333,Car / Sedan,2,Sedan / jeep / station wagon,opposite,53.8%,923.249,923.649,0.4,45.0
25386,Motorcycle,1,Motorcycle / 3-wheel vehicle,opposite,86.9%,925.249,925.549,0.3,60.0
25441,Motorcycle,1,Motorcycle / 3-wheel vehicle,opposite,86.7%,926.649,926.949,0.3,60.0
25564,Motorcycle,1,Motorcycle / 3-wheel vehicle,opposite,81.1%,931.499,931.949,0.45,40.0
25609,Motorcycle,1,Motorcycle / 3-wheel vehicle,opposite,83.5%,933.499,933.898,0.4,45.0
25656,Car / Sedan,2,Sedan / jeep / station wagon,opposite,72.7%,935.048,935.248,0.2,90.0
25708,Car / Sedan,2,Sedan / jeep / station wagon,opposite,77.0%,937.948,938.298,0.35,51.4
25746,Motorcycle,1,Motorcycle / 3-wheel vehicle,opposite,84.4%,938.248,938.698,0.45,40.0
25702,Motorcycle,1,Motorcycle / 3-wheel vehicle,opposite,85.6%,938.448,939.398,0.95,18.9
25784,Car / Sedan,2,Sedan / jeep / station wagon,opposite,59.3%,939.398,939.748,0.35,51.4
25831,Motorcycle,1,Motorcycle / 3-wheel vehicle,opposite,83.9%,941.098,941.498,0.4,45.0
25898,Car / Sedan,2,Sedan / jeep / station wagon,opposite,75.9%,943.298,943.598,0.3,60.0
25922,Car / Sedan,2,Sedan / jeep / station wagon,opposite,88.0%,945.198,945.698,0.5,36.0
25957,Car / Sedan,2,Sedan / jeep / station wagon,opposite,67.3%,945.898,946.248,0.35,51.4
26066,Car / Sedan,2,Sedan / jeep / station wagon,opposite,72.5%,950.497,950.847,0.35,51.4
26082,Motorcycle,1,Motorcycle / 3-wheel vehicle,opposite,79.8%,950.898,951.148,0.25,72.0
26194,Car / Sedan,2,Sedan / jeep / station wagon,opposite,72.4%,954.897,955.247,0.35,51.4
26190,Motorcycle,1,Motorcycle / 3-wheel vehicle,opposite,86.2%,955.097,955.497,0.4,45.0
26205,Car / Sedan,2,Sedan / jeep / station wagon,opposite,70.6%,955.547,955.847,0.3,60.0
26315,Motorcycle,1,Motorcycle / 3-wheel vehicle,opposite,75.8%,958.447,958.797,0.35,51.4
26301,Car / Sedan,2,Sedan / jeep / station wagon,opposite,77.1%,958.647,959.097,0.45,40.0
26321,2-Axle Truck (Jumbo),6,2-Axle Truck,opposite,92.3%,959.847,960.497,0.65,27.7
26427,Motorcycle,1,Motorcycle / 3-wheel vehicle,opposite,83.7%,963.147,963.597,0.45,40.0
26521,Public Transportation (Angkot),3,Medium passenger vehicle,opposite,92.8%,966.847,967.297,0.45,40.0
26537,2-Axle Truck (Jumbo),6,2-Axle Truck,opposite,92.5%,967.397,967.847,0.45,40.0
26641,Car / Sedan,2,Sedan / jeep / station wagon,opposite,85.1%,971.446,971.946,0.5,36.0
26668,Motorcycle,1,Motorcycle / 3-wheel vehicle,opposite,84.2%,971.546,972.146,0.6,30.0
26707,Motorcycle,1,Motorcycle / 3-wheel vehicle,opposite,86.4%,972.896,973.446,0.55,32.7
26703,Motorcycle,1,Motorcycle / 3-wheel vehicle,opposite,51.5%,973.946,974.346,0.4,45.0
26737,Motorcycle,1,Motorcycle / 3-wheel vehicle,opposite,85.2%,974.096,974.696,0.6,30.0
26786,Car / Sedan,2,Sedan / jeep / station wagon,opposite,44.2%,975.946,976.246,0.3,60.0
26821,Car / Sedan,2,Sedan / jeep / station wagon,opposite,43.9%,976.246,976.796,0.55,32.7
26851,Car / Sedan,2,Sedan / jeep / station wagon,opposite,89.3%,978.046,978.546,0.5,36.0
26852,Motorcycle,1,Motorcycle / 3-wheel vehicle,opposite,85.9%,978.096,978.796,0.7,25.7
26896,Car / Sedan,2,Sedan / jeep / station wagon,opposite,93.0%,979.046,979.496,0.45,40.0
26976,Car / Sedan,2,Sedan / jeep / station wagon,opposite,42.0%,980.946,981.446,0.5,36.0
26987,Motorcycle,1,Motorcycle / 3-wheel vehicle,opposite,86.9%,981.196,981.646,0.45,40.0
27017,Car / Sedan,2,Sedan / jeep / station wagon,opposite,58.5%,982.746,983.246,0.5,36.0
27081,Motorcycle,1,Motorcycle / 3-wheel vehicle,opposite,71.1%,984.046,984.396,0.35,51.4
27074,Car / Sedan,2,Sedan / jeep / station wagon,opposite,92.6%,984.746,985.296,0.55,32.7
27060,Public Transportation (Angkot),3,Medium passenger vehicle,opposite,90.9%,985.196,985.646,0.45,40.0
27234,Public Transportation (Angkot),3,Medium passenger vehicle,opposite,92.8%,990.295,990.695,0.4,45.0
27328,Car / Sedan,2,Sedan / jeep / station wagon,opposite,73.3%,993.395,993.845,0.45,40.0
27338,Car / Sedan,2,Sedan / jeep / station wagon,opposite,93.0%,994.995,995.945,0.95,18.9
27395,Car / Sedan,2,Sedan / jeep / station wagon,opposite,55.5%,995.045,995.395,0.35,51.4
27449,Car / Sedan,2,Sedan / jeep / station wagon,opposite,61.9%,997.195,997.445,0.25,72.0
27491,Motorcycle,1,Motorcycle / 3-wheel vehicle,opposite,82.8%,998.245,998.645,0.4,45.0
27490,Public Transportation (Angkot),3,Medium passenger vehicle,opposite,91.1%,998.595,999.045,0.45,40.0
27521,Motorcycle,1,Motorcycle / 3-wheel vehicle,opposite,81.0%,999.495,999.945,0.45,40.0
27474,Car / Sedan,2,Sedan / jeep / station wagon,opposite,90.5%,999.645,1000.045,0.4,45.0
27563,Car / Sedan,2,Sedan / jeep / station wagon,opposite,79.1%,1000.845,1001.245,0.4,45.0
27609,Public Transportation (Angkot),3,Medium passenger vehicle,opposite,49.4%,1002.195,1002.645,0.45,40.0
27662,Car / Sedan,2,Sedan / jeep / station wagon,opposite,64.9%,1004.145,1004.644,0.5,36.0
27694,Public Transportation (Angkot),3,Medium passenger vehicle,opposite,90.1%,1004.845,1005.345,0.5,36.0
27714,Car / Sedan,2,Sedan / jeep / station wagon,opposite,79.8%,1005.544,1006.044,0.5,36.0
27753,Motorcycle,1,Motorcycle / 3-wheel vehicle,opposite,82.0%,1006.194,1006.994,0.8,22.5
27779,Public Transportation (Angkot),3,Medium passenger vehicle,opposite,92.1%,1007.594,1008.044,0.45,40.0
27884,Motorcycle,1,Motorcycle / 3-wheel vehicle,opposite,82.6%,1010.744,1011.144,0.4,45.0
27938,Public Transportation (Angkot),3,Medium passenger vehicle,opposite,92.2%,1011.894,1012.294,0.4,45.0
28024,Motorcycle,1,Motorcycle / 3-wheel vehicle,opposite,82.0%,1014.294,1014.694,0.4,45.0
28005,Public Transportation (Angkot),3,Medium passenger vehicle,opposite,90.3%,1014.444,1014.894,0.45,40.0
28104,Public Transportation (Angkot),3,Medium passenger vehicle,opposite,92.5%,1017.594,1017.994,0.4,45.0
28345,Motorcycle,1,Motorcycle / 3-wheel vehicle,opposite,86.8%,1026.893,1027.293,0.4,45.0
28394,Motorcycle,1,Motorcycle / 3-wheel vehicle,opposite,63.8%,1028.793,1029.143,0.35,51.4
28482,Motorcycle,1,Motorcycle / 3-wheel vehicle,opposite,86.7%,1031.643,1031.943,0.3,60.0
28507,Motorcycle,1,Motorcycle / 3-wheel vehicle,opposite,72.4%,1033.493,1033.893,0.4,45.0
28569,Motorcycle,1,Motorcycle / 3-wheel vehicle,opposite,70.0%,1034.143,1034.643,0.5,36.0
28616,Motorcycle,1,Motorcycle / 3-wheel vehicle,opposite,87.3%,1035.493,1035.893,0.4,45.0
28619,Motorcycle,1,Motorcycle / 3-wheel vehicle,opposite,79.4%,1036.443,1036.943,0.5,36.0
28710,Pickup / Micro Truck,4,Pickup / micro truck / delivery,opposite,91.6%,1040.293,1040.793,0.5,36.0
28751,Car / Sedan,2,Sedan / jeep / station wagon,opposite,63.5%,1041.443,1041.642,0.2,90.0
28779,Public Transportation (Angkot),3,Medium passenger vehicle,opposite,73.9%,1042.642,1043.042,0.4,45.0
28937,Motorcycle,1,Motorcycle / 3-wheel vehicle,opposite,87.4%,1049.192,1049.642,0.45,40.0
28972,Motorcycle,1,Motorcycle / 3-wheel vehicle,opposite,74.0%,1050.492,1050.942,0.45,40.0
29015,Motorcycle,1,Motorcycle / 3-wheel vehicle,opposite,56.5%,1052.492,1052.892,0.4,45.0
29044,Motorcycle,1,Motorcycle / 3-wheel vehicle,opposite,83.6%,1053.442,1053.692,0.25,72.0
29058,Car / Sedan,2,Sedan / jeep / station wagon,opposite,40.8%,1053.892,1054.292,0.4,45.0
29089,Car / Sedan,2,Sedan / jeep / station wagon,opposite,73.9%,1055.292,1055.792,0.5,36.0
29110,Car / Sedan,2,Sedan / jeep / station wagon,opposite,91.0%,1056.242,1056.642,0.4,45.0
29142,Car / Sedan,2,Sedan / jeep / station wagon,opposite,38.5%,1057.992,1058.442,0.45,40.0
29158,Motorcycle,1,Motorcycle / 3-wheel vehicle,opposite,86.9%,1058.841,1059.341,0.5,36.0
29179,Car / Sedan,2,Sedan / jeep / station wagon,opposite,90.0%,1059.242,1059.641,0.4,45.0
29213,Car / Sedan,2,Sedan / jeep / station wagon,opposite,91.6%,1060.691,1061.191,0.5,36.0
29291,Motorcycle,1,Motorcycle / 3-wheel vehicle,opposite,70.3%,1062.941,1063.441,0.5,36.0
29389,Motorcycle,1,Motorcycle / 3-wheel vehicle,opposite,72.2%,1064.891,1065.241,0.35,51.4
29393,Public Transportation (Angkot),3,Medium passenger vehicle,opposite,72.1%,1065.091,1065.491,0.4,45.0
29451,Motorcycle,1,Motorcycle / 3-wheel vehicle,opposite,87.4%,1067.191,1067.591,0.4,45.0
29464,Public Transportation (Angkot),3,Medium passenger vehicle,opposite,91.8%,1069.041,1069.891,0.85,21.2
29580,Car / Sedan,2,Sedan / jeep / station wagon,opposite,39.2%,1070.441,1070.791,0.35,51.4
29648,Motorcycle,1,Motorcycle / 3-wheel vehicle,opposite,57.5%,1072.441,1072.841,0.4,45.0
29721,Car / Sedan,2,Sedan / jeep / station wagon,opposite,91.8%,1078.99,1080.14,1.15,15.7
29844,Motorcycle,1,Motorcycle / 3-wheel vehicle,opposite,85.8%,1079.29,1079.99,0.7,25.7
29939,Car / Sedan,2,Sedan / jeep / station wagon,opposite,83.4%,1081.04,1081.69,0.65,27.7
30001,Motorcycle,1,Motorcycle / 3-wheel vehicle,opposite,83.5%,1081.84,1082.34,0.5,36.0
29991,Car / Sedan,2,Sedan / jeep / station wagon,opposite,57.1%,1081.89,1082.29,0.4,45.0
30050,Public Transportation (Angkot),3,Medium passenger vehicle,opposite,92.4%,1085.04,1085.89,0.85,21.2
30160,Motorcycle,1,Motorcycle / 3-wheel vehicle,opposite,78.5%,1086.29,1086.74,0.45,40.0
30212,Car / Sedan,2,Sedan / jeep / station wagon,opposite,52.3%,1087.59,1088.04,0.45,40.0
30224,Motorcycle,1,Motorcycle / 3-wheel vehicle,opposite,84.4%,1087.79,1088.24,0.45,40.0
30214,Motorcycle,1,Motorcycle / 3-wheel vehicle,opposite,87.3%,1088.79,1089.49,0.7,25.7
30343,Motorcycle,1,Motorcycle / 3-wheel vehicle,opposite,84.2%,1090.94,1091.39,0.45,40.0
30365,Car / Sedan,2,Sedan / jeep / station wagon,opposite,92.2%,1092.44,1093.04,0.6,30.0
30400,Car / Sedan,2,Sedan / jeep / station wagon,opposite,91.3%,1092.79,1093.24,0.45,40.0
30559,Motorcycle,1,Motorcycle / 3-wheel vehicle,opposite,87.5%,1096.54,1096.939,0.4,45.0
30610,Pickup / Micro Truck,4,Pickup / micro truck / delivery,opposite,92.1%,1098.039,1098.589,0.55,32.7
30668,Car / Sedan,2,Sedan / jeep / station wagon,opposite,91.6%,1099.739,1100.239,0.5,36.0
30706,3-Axle Truck (Jumbo),7,3-Axle Truck,opposite,82.7%,1100.639,1101.189,0.55,32.7
30725,Motorcycle,1,Motorcycle / 3-wheel vehicle,opposite,73.8%,1100.639,1100.989,0.35,51.4
30813,Motorcycle,1,Motorcycle / 3-wheel vehicle,opposite,86.5%,1103.789,1104.239,0.45,40.0
30842,Car / Sedan,2,Sedan / jeep / station wagon,opposite,62.3%,1104.339,1104.839,0.5,36.0
30835,Motorcycle,1,Motorcycle / 3-wheel vehicle,opposite,69.7%,1105.439,1105.839,0.4,45.0
30955,Car / Sedan,2,Sedan / jeep / station wagon,opposite,61.0%,1107.489,1107.689,0.2,90.0
31023,Public Transportation (Angkot),3,Medium passenger vehicle,opposite,92.6%,1108.889,1109.289,0.4,45.0
31068,Public Transportation (Angkot),3,Medium passenger vehicle,opposite,78.8%,1110.539,1110.939,0.4,45.0
31255,Motorcycle,1,Motorcycle / 3-wheel vehicle,opposite,82.0%,1115.788,1116.438,0.65,27.7
31323,Car / Sedan,2,Sedan / jeep / station wagon,opposite,39.4%,1118.388,1118.838,0.45,40.0
31751,Motorcycle,1,Motorcycle / 3-wheel vehicle,opposite,86.8%,1130.288,1130.788,0.5,36.0
32141,Motorcycle,1,Motorcycle / 3-wheel vehicle,opposite,78.4%,1141.237,1141.637,0.4,45.0
32255,Public Transportation (Angkot),3,Medium passenger vehicle,opposite,90.2%,1145.287,1145.737,0.45,40.0
32410,Motorcycle,1,Motorcycle / 3-wheel vehicle,opposite,85.0%,1150.836,1151.986,1.15,15.7
32491,Motorcycle,1,Motorcycle / 3-wheel vehicle,opposite,86.5%,1151.686,1152.286,0.6,30.0
32585,Motorcycle,1,Motorcycle / 3-wheel vehicle,opposite,68.1%,1153.136,1153.486,0.35,51.4
32574,Car / Sedan,2,Sedan / jeep / station wagon,opposite,92.4%,1154.236,1154.886,0.65,27.7
32640,Public Transportation (Angkot),3,Medium passenger vehicle,opposite,93.6%,1155.836,1156.486,0.65,27.7
32757,Motorcycle,1,Motorcycle / 3-wheel vehicle,opposite,80.3%,1158.086,1158.536,0.45,40.0
32775,Motorcycle,1,Motorcycle / 3-wheel vehicle,opposite,86.1%,1158.736,1159.386,0.65,27.7
32787,Motorcycle,1,Motorcycle / 3-wheel vehicle,normal,44.2%,1160.686,1159.636,1.05,17.1
32774,Car / Sedan,2,Sedan / jeep / station wagon,opposite,88.7%,1160.136,1160.536,0.4,45.0
32844,Motorcycle,1,Motorcycle / 3-wheel vehicle,opposite,86.4%,1161.186,1161.636,0.45,40.0
32884,Car / Sedan,2,Sedan / jeep / station wagon,opposite,53.3%,1162.186,1162.436,0.25,72.0
32971,Motorcycle,1,Motorcycle / 3-wheel vehicle,opposite,78.3%,1166.286,1166.986,0.7,25.7
33027,Motorcycle,1,Motorcycle / 3-wheel vehicle,opposite,79.8%,1167.835,1168.236,0.4,45.0
33046,Motorcycle,1,Motorcycle / 3-wheel vehicle,opposite,79.8%,1168.686,1169.035,0.35,51.4
33064,Car / Sedan,2,Sedan / jeep / station wagon,opposite,86.1%,1169.985,1170.385,0.4,45.0
33073,Car / Sedan,2,Sedan / jeep / station wagon,opposite,86.9%,1170.235,1170.685,0.45,40.0
33246,Public Transportation (Angkot),3,Medium passenger vehicle,opposite,92.2%,1174.835,1175.435,0.6,30.0
33331,Car / Sedan,2,Sedan / jeep / station wagon,opposite,85.7%,1176.485,1176.885,0.4,45.0
33363,Motorcycle,1,Motorcycle / 3-wheel vehicle,opposite,74.0%,1177.185,1177.635,0.45,40.0
33384,Car / Sedan,2,Sedan / jeep / station wagon,opposite,66.6%,1178.135,1178.435,0.3,60.0
33447,Motorcycle,1,Motorcycle / 3-wheel vehicle,opposite,84.4%,1179.735,1180.185,0.45,40.0
33530,Motorcycle,1,Motorcycle / 3-wheel vehicle,opposite,87.2%,1182.585,1182.885,0.3,60.0
33560,Motorcycle,1,Motorcycle / 3-wheel vehicle,opposite,78.4%,1183.435,1183.785,0.35,51.4
33622,Car / Sedan,2,Sedan / jeep / station wagon,opposite,76.2%,1185.935,1186.134,0.2,90.0
33687,Car / Sedan,2,Sedan / jeep / station wagon,opposite,91.3%,1188.134,1188.634,0.5,36.0
33718,Car / Sedan,2,Sedan / jeep / station wagon,opposite,52.0%,1188.784,1189.034,0.25,72.0
33761,Motorcycle,1,Motorcycle / 3-wheel vehicle,opposite,86.6%,1189.884,1190.434,0.55,32.7
33788,Motorcycle,1,Motorcycle / 3-wheel vehicle,opposite,82.8%,1190.234,1190.684,0.45,40.0
33908,Motorcycle,1,Motorcycle / 3-wheel vehicle,opposite,85.2%,1193.534,1193.884,0.35,51.4
33931,2-Axle Truck (Jumbo),6,2-Axle Truck,opposite,81.7%,1195.634,1196.184,0.55,32.7
34033,Car / Sedan,2,Sedan / jeep / station wagon,opposite,80.8%,1199.184,1199.534,0.35,51.4
34064,Motorcycle,1,Motorcycle / 3-wheel vehicle,opposite,74.9%,1199.634,1199.884,0.25,72.0
34094,Motorcycle,1,Motorcycle / 3-wheel vehicle,opposite,83.0%,1199.934,1200.284,0.35,51.4
34081,Car / Sedan,2,Sedan / jeep / station wagon,opposite,89.4%,1200.684,1201.234,0.55,32.7
34152,Motorcycle,1,Motorcycle / 3-wheel vehicle,opposite,77.1%,1201.334,1201.734,0.4,45.0
34142,Car / Sedan,2,Sedan / jeep / station wagon,opposite,77.4%,1202.134,1202.734,0.6,30.0
34202,Car / Sedan,2,Sedan / jeep / station wagon,opposite,87.6%,1203.334,1203.784,0.45,40.0
34232,Motorcycle,1,Motorcycle / 3-wheel vehicle,opposite,81.8%,1203.534,1203.883,0.35,51.4
34240,Motorcycle,1,Motorcycle / 3-wheel vehicle,opposite,77.5%,1203.833,1204.133,0.3,60.0
34235,Public Transportation (Angkot),3,Medium passenger vehicle,opposite,93.1%,1204.383,1204.784,0.4,45.0
34298,Motorcycle,1,Motorcycle / 3-wheel vehicle,opposite,79.2%,1205.733,1206.183,0.45,40.0
34362,Motorcycle,1,Motorcycle / 3-wheel vehicle,opposite,84.1%,1207.883,1208.283,0.4,45.0
34427,Public Transportation (Angkot),3,Medium passenger vehicle,opposite,88.5%,1211.333,1211.833,0.5,36.0
34460,Public Transportation (Angkot),3,Medium passenger vehicle,opposite,70.0%,1213.883,1214.283,0.4,45.0
34490,Car / Sedan,2,Sedan / jeep / station wagon,opposite,81.0%,1215.083,1215.483,0.4,45.0
34558,Public Transportation (Angkot),3,Medium passenger vehicle,opposite,72.4%,1217.683,1218.083,0.4,45.0
34604,Motorcycle,1,Motorcycle / 3-wheel vehicle,opposite,61.4%,1218.833,1219.233,0.4,45.0
34658,Car / Sedan,2,Sedan / jeep / station wagon,opposite,81.6%,1221.083,1221.433,0.35,51.4
34692,Pickup / Micro Truck,4,Pickup / micro truck / delivery,opposite,87.2%,1222.783,1223.182,0.4,45.0
34744,Motorcycle,1,Motorcycle / 3-wheel vehicle,opposite,80.2%,1224.232,1224.582,0.35,51.4
34711,Motorcycle,1,Motorcycle / 3-wheel vehicle,opposite,70.4%,1226.082,1227.632,1.55,11.6
34820,Car / Sedan,2,Sedan / jeep / station wagon,opposite,62.6%,1227.832,1228.132,0.3,60.0
34907,Car / Sedan,2,Sedan / jeep / station wagon,opposite,72.5%,1231.232,1231.582,0.35,51.4
34933,Motorcycle,1,Motorcycle / 3-wheel vehicle,opposite,87.0%,1232.432,1232.882,0.45,40.0
34987,Motorcycle,1,Motorcycle / 3-wheel vehicle,opposite,86.4%,1232.982,1233.382,0.4,45.0
35028,Public Transportation (Angkot),3,Medium passenger vehicle,opposite,92.4%,1235.482,1236.082,0.6,30.0
35109,Motorcycle,1,Motorcycle / 3-wheel vehicle,opposite,88.6%,1237.482,1237.832,0.35,51.4
35122,Car / Sedan,2,Sedan / jeep / station wagon,opposite,83.6%,1238.682,1239.032,0.35,51.4
35137,Motorcycle,1,Motorcycle / 3-wheel vehicle,opposite,83.9%,1239.232,1240.131,0.9,20.0
35194,Motorcycle,1,Motorcycle / 3-wheel vehicle,opposite,56.3%,1240.232,1240.631,0.4,45.0
35231,Public Transportation (Angkot),3,Medium passenger vehicle,opposite,90.3%,1241.631,1242.081,0.45,40.0
35289,Car / Sedan,2,Sedan / jeep / station wagon,opposite,91.0%,1243.481,1243.931,0.45,40.0
35351,Car / Sedan,2,Sedan / jeep / station wagon,opposite,59.2%,1245.131,1245.581,0.45,40.0
35368,Public Transportation (Angkot),3,Medium passenger vehicle,opposite,85.2%,1246.881,1247.481,0.6,30.0
35469,Motorcycle,1,Motorcycle / 3-wheel vehicle,opposite,82.5%,1251.031,1251.381,0.35,51.4
35596,Public Transportation (Angkot),3,Medium passenger vehicle,opposite,48.2%,1258.581,1259.43,0.85,21.2
35653,Motorcycle,1,Motorcycle / 3-wheel vehicle,opposite,72.6%,1261.18,1261.83,0.65,27.7
35715,Car / Sedan,2,Sedan / jeep / station wagon,opposite,84.3%,1263.08,1263.53,0.45,40.0
35832,Motorcycle,1,Motorcycle / 3-wheel vehicle,opposite,77.4%,1267.68,1268.23,0.55,32.7
35848,Motorcycle,1,Motorcycle / 3-wheel vehicle,opposite,86.4%,1268.68,1269.08,0.4,45.0
35835,Car / Sedan,2,Sedan / jeep / station wagon,opposite,89.1%,1269.58,1270.08,0.5,36.0
35977,Car / Sedan,2,Sedan / jeep / station wagon,opposite,89.4%,1275.48,1276.429,0.95,18.9
36011,Car / Sedan,2,Sedan / jeep / station wagon,opposite,92.4%,1278.129,1280.079,1.95,9.2
36055,Motorcycle,1,Motorcycle / 3-wheel vehicle,opposite,83.4%,1279.079,1279.529,0.45,40.0
36075,Motorcycle,1,Motorcycle / 3-wheel vehicle,opposite,49.5%,1279.779,1280.279,0.5,36.0
36086,Motorcycle,1,Motorcycle / 3-wheel vehicle,opposite,81.7%,1280.129,1280.529,0.4,45.0
36112,Car / Sedan,2,Sedan / jeep / station wagon,opposite,77.5%,1282.879,1283.629,0.75,24.0
36151,Motorcycle,1,Motorcycle / 3-wheel vehicle,opposite,64.2%,1284.529,1285.029,0.5,36.0
36185,Motorcycle,1,Motorcycle / 3-wheel vehicle,opposite,84.4%,1284.979,1285.629,0.65,27.7
36294,Motorcycle,1,Motorcycle / 3-wheel vehicle,opposite,82.3%,1289.779,1290.179,0.4,45.0
36302,Car / Sedan,2,Sedan / jeep / station wagon,opposite,83.2%,1290.779,1291.329,0.55,32.7
36299,Motorcycle,1,Motorcycle / 3-wheel vehicle,opposite,86.1%,1291.579,1291.979,0.4,45.0
36331,Car / Sedan,2,Sedan / jeep / station wagon,opposite,63.7%,1291.729,1292.029,0.3,60.0
36354,Motorcycle,1,Motorcycle / 3-wheel vehicle,opposite,77.0%,1292.079,1292.479,0.4,45.0
36372,Motorcycle,1,Motorcycle / 3-wheel vehicle,opposite,87.1%,1294.029,1294.728,0.7,25.7
36430,Motorcycle,1,Motorcycle / 3-wheel vehicle,opposite,87.6%,1295.629,1296.079,0.45,40.0
36483,Motorcycle,1,Motorcycle / 3-wheel vehicle,opposite,71.9%,1297.928,1298.328,0.4,45.0
36484,Car / Sedan,2,Sedan / jeep / station wagon,opposite,89.8%,1298.028,1298.378,0.35,51.4
36617,Car / Sedan,2,Sedan / jeep / station wagon,opposite,87.3%,1303.828,1304.228,0.4,45.0
36703,Motorcycle,1,Motorcycle / 3-wheel vehicle,opposite,83.5%,1310.178,1310.678,0.5,36.0
36771,Car / Sedan,2,Sedan / jeep / station wagon,opposite,74.2%,1311.678,1311.928,0.25,72.0
36818,Motorcycle,1,Motorcycle / 3-wheel vehicle,opposite,84.8%,1314.727,1315.427,0.7,25.7
36853,Car / Sedan,2,Sedan / jeep / station wagon,opposite,83.3%,1316.077,1316.627,0.55,32.7
36889,Pickup / Micro Truck,4,Pickup / micro truck / delivery,opposite,91.6%,1317.127,1317.627,0.5,36.0
36930,Motorcycle,1,Motorcycle / 3-wheel vehicle,opposite,81.6%,1318.227,1318.677,0.45,40.0
36936,Motorcycle,1,Motorcycle / 3-wheel vehicle,opposite,88.1%,1319.577,1319.927,0.35,51.4
37012,Car / Sedan,2,Sedan / jeep / station wagon,opposite,90.0%,1321.727,1322.177,0.45,40.0
37047,Motorcycle,1,Motorcycle / 3-wheel vehicle,opposite,78.6%,1322.827,1323.177,0.35,51.4
37034,Car / Sedan,2,Sedan / jeep / station wagon,opposite,87.6%,1322.927,1323.277,0.35,51.4
37155,Public Transportation (Angkot),3,Medium passenger vehicle,opposite,86.2%,1327.727,1328.127,0.4,45.0
37199,Car / Sedan,2,Sedan / jeep / station wagon,opposite,85.5%,1329.827,1330.277,0.45,40.0
37248,Motorcycle,1,Motorcycle / 3-wheel vehicle,opposite,84.3%,1330.627,1330.976,0.35,51.4
37319,Public Transportation (Angkot),3,Medium passenger vehicle,opposite,92.2%,1334.976,1335.676,0.7,25.7
37370,Car / Sedan,2,Sedan / jeep / station wagon,opposite,84.2%,1336.776,1337.126,0.35,51.4
37428,Car / Sedan,2,Sedan / jeep / station wagon,opposite,64.3%,1340.076,1340.626,0.55,32.7
37470,Public Transportation (Angkot),3,Medium passenger vehicle,opposite,63.2%,1341.076,1341.426,0.35,51.4
37603,Motorcycle,1,Motorcycle / 3-wheel vehicle,opposite,89.0%,1346.376,1346.726,0.35,51.4
37750,Public Transportation (Angkot),3,Medium passenger vehicle,opposite,85.1%,1354.075,1354.475,0.4,45.0
37781,Motorcycle,1,Motorcycle / 3-wheel vehicle,opposite,54.3%,1354.325,1354.775,0.45,40.0
37807,Motorcycle,1,Motorcycle / 3-wheel vehicle,opposite,74.6%,1355.075,1355.475,0.4,45.0
37828,Motorcycle,1,Motorcycle / 3-wheel vehicle,opposite,85.7%,1356.775,1357.475,0.7,25.7
37960,Motorcycle,1,Motorcycle / 3-wheel vehicle,opposite,87.8%,1360.325,1360.675,0.35,51.4
37971,Car / Sedan,2,Sedan / jeep / station wagon,opposite,80.9%,1361.375,1361.825,0.45,40.0
38002,Motorcycle,1,Motorcycle / 3-wheel vehicle,opposite,84.5%,1361.825,1362.225,0.4,45.0
38131,Motorcycle,1,Motorcycle / 3-wheel vehicle,opposite,79.3%,1365.025,1365.425,0.4,45.0
38156,Car / Sedan,2,Sedan / jeep / station wagon,opposite,82.2%,1366.774,1367.124,0.35,51.4
38158,Public Transportation (Angkot),3,Medium passenger vehicle,opposite,91.2%,1367.024,1367.574,0.55,32.7
38217,Car / Sedan,2,Sedan / jeep / station wagon,opposite,86.4%,1369.224,1369.724,0.5,36.0
38254,Public Transportation (Angkot),3,Medium passenger vehicle,opposite,91.9%,1371.474,1372.074,0.6,30.0
38265,Car / Sedan,2,Sedan / jeep / station wagon,opposite,85.0%,1371.774,1372.224,0.45,40.0
38324,Motorcycle,1,Motorcycle / 3-wheel vehicle,opposite,81.5%,1373.424,1373.824,0.4,45.0
38345,Car / Sedan,2,Sedan / jeep / station wagon,opposite,88.0%,1374.824,1375.224,0.4,45.0
38367,Motorcycle,1,Motorcycle / 3-wheel vehicle,opposite,83.8%,1375.824,1376.224,0.4,45.0
38398,Car / Sedan,2,Sedan / jeep / station wagon,opposite,60.1%,1377.874,1378.324,0.45,40.0
38459,Motorcycle,1,Motorcycle / 3-wheel vehicle,opposite,84.9%,1379.224,1379.574,0.35,51.4
38532,Motorcycle,1,Motorcycle / 3-wheel vehicle,opposite,84.3%,1382.624,1383.024,0.4,45.0
38546,Motorcycle,1,Motorcycle / 3-wheel vehicle,opposite,86.8%,1383.274,1383.624,0.35,51.4
38603,Motorcycle,1,Motorcycle / 3-wheel vehicle,opposite,71.8%,1386.024,1386.474,0.45,40.0
38631,Car / Sedan,2,Sedan / jeep / station wagon,opposite,74.2%,1387.673,1388.073,0.4,45.0
38746,Public Transportation (Angkot),3,Medium passenger vehicle,opposite,44.4%,1391.423,1391.823,0.4,45.0
38575,Car / Sedan,2,Sedan / jeep / station wagon,opposite,93.0%,1391.523,1394.323,2.8,6.4
38755,Public Transportation (Angkot),3,Medium passenger vehicle,opposite,82.4%,1392.373,1392.723,0.35,51.4
38777,Car / Sedan,2,Sedan / jeep / station wagon,opposite,89.8%,1393.023,1393.473,0.45,40.0
38801,Motorcycle,1,Motorcycle / 3-wheel vehicle,opposite,87.4%,1393.423,1393.823,0.4,45.0
38798,Public Transportation (Angkot),3,Medium passenger vehicle,opposite,89.8%,1393.573,1393.973,0.4,45.0
38817,Public Transportation (Angkot),3,Medium passenger vehicle,opposite,92.6%,1394.523,1395.023,0.5,36.0
38863,Car / Sedan,2,Sedan / jeep / station wagon,opposite,60.4%,1396.223,1396.673,0.45,40.0
38882,Public Transportation (Angkot),3,Medium passenger vehicle,opposite,63.7%,1396.323,1396.673,0.35,51.4
38937,Motorcycle,1,Motorcycle / 3-wheel vehicle,opposite,84.9%,1398.573,1399.073,0.5,36.0
38940,Car / Sedan,2,Sedan / jeep / station wagon,opposite,87.9%,1398.923,1399.323,0.4,45.0
39018,Car / Sedan,2,Sedan / jeep / station wagon,opposite,92.4%,1402.423,1403.023,0.6,30.0
39030,Car / Sedan,2,Sedan / jeep / station wagon,opposite,75.8%,1402.523,1403.023,0.5,36.0
39073,Car / Sedan,2,Sedan / jeep / station wagon,opposite,59.4%,1404.322,1404.773,0.45,40.0
39111,Motorcycle,1,Motorcycle / 3-wheel vehicle,opposite,56.0%,1405.722,1406.072,0.35,51.4
39100,Public Transportation (Angkot),3,Medium passenger vehicle,opposite,86.8%,1405.772,1406.372,0.6,30.0
39158,Car / Sedan,2,Sedan / jeep / station wagon,opposite,89.8%,1408.572,1409.072,0.5,36.0
39204,Motorcycle,1,Motorcycle / 3-wheel vehicle,opposite,84.5%,1409.472,1409.972,0.5,36.0
39232,Motorcycle,1,Motorcycle / 3-wheel vehicle,opposite,87.8%,1410.672,1411.272,0.6,30.0
39401,Motorcycle,1,Motorcycle / 3-wheel vehicle,opposite,85.8%,1416.122,1416.422,0.3,60.0
39562,Motorcycle,1,Motorcycle / 3-wheel vehicle,opposite,85.2%,1423.171,1423.671,0.5,36.0
39597,Car / Sedan,2,Sedan / jeep / station wagon,opposite,84.9%,1423.721,1424.121,0.4,45.0
39623,Public Transportation (Angkot),3,Medium passenger vehicle,opposite,90.8%,1425.771,1426.571,0.8,22.5
39707,Car / Sedan,2,Sedan / jeep / station wagon,opposite,90.9%,1426.971,1427.371,0.4,45.0
39749,Car / Sedan,2,Sedan / jeep / station wagon,opposite,77.2%,1428.121,1428.521,0.4,45.0
39813,Car / Sedan,2,Sedan / jeep / station wagon,opposite,89.7%,1430.771,1431.271,0.5,36.0
39861,Car / Sedan,2,Sedan / jeep / station wagon,opposite,69.7%,1432.171,1432.721,0.55,32.7
39897,Car / Sedan,2,Sedan / jeep / station wagon,opposite,79.8%,1433.771,1434.371,0.6,30.0
39926,Car / Sedan,2,Sedan / jeep / station wagon,opposite,89.3%,1434.821,1435.321,0.5,36.0
39952,Public Transportation (Angkot),3,Medium passenger vehicle,opposite,90.0%,1435.921,1436.421,0.5,36.0
39932,Car / Sedan,2,Sedan / jeep / station wagon,opposite,92.2%,1437.271,1439.47,2.2,8.2
39995,Car / Sedan,2,Sedan / jeep / station wagon,opposite,89.9%,1437.371,1437.871,0.5,36.0
40021,Car / Sedan,2,Sedan / jeep / station wagon,opposite,92.2%,1438.421,1438.971,0.55,32.7
40095,Motorcycle,1,Motorcycle / 3-wheel vehicle,opposite,78.7%,1439.72,1440.22,0.5,36.0
40082,Motorcycle,1,Motorcycle / 3-wheel vehicle,opposite,85.3%,1441.021,1441.87,0.85,21.2
40137,Car / Sedan,2,Sedan / jeep / station wagon,opposite,86.2%,1441.57,1441.92,0.35,51.4
40174,Car / Sedan,2,Sedan / jeep / station wagon,opposite,85.6%,1443.42,1444.02,0.6,30.0
40206,Public Transportation (Angkot),3,Medium passenger vehicle,opposite,92.3%,1444.57,1445.22,0.65,27.7
40239,Car / Sedan,2,Sedan / jeep / station wagon,opposite,85.0%,1445.72,1446.32,0.6,30.0
40269,Car / Sedan,2,Sedan / jeep / station wagon,opposite,91.9%,1446.62,1447.02,0.4,45.0
40326,Public Transportation (Angkot),3,Medium passenger vehicle,opposite,83.5%,1448.32,1448.72,0.4,45.0
40346,Motorcycle,1,Motorcycle / 3-wheel vehicle,opposite,79.2%,1448.92,1449.57,0.65,27.7
40463,Public Transportation (Angkot),3,Medium passenger vehicle,opposite,45.7%,1452.72,1453.17,0.45,40.0
40544,Car / Sedan,2,Sedan / jeep / station wagon,opposite,56.0%,1454.22,1454.67,0.45,40.0
40629,Car / Sedan,2,Sedan / jeep / station wagon,opposite,89.0%,1456.62,1457.02,0.4,45.0
40664,Motorcycle,1,Motorcycle / 3-wheel vehicle,opposite,85.4%,1457.669,1458.12,0.45,40.0
40684,Car / Sedan,2,Sedan / jeep / station wagon,opposite,35.6%,1458.77,1459.169,0.4,45.0
40718,Car / Sedan,2,Sedan / jeep / station wagon,opposite,71.0%,1459.769,1460.169,0.4,45.0
40779,Public Transportation (Angkot),3,Medium passenger vehicle,opposite,90.2%,1462.019,1462.619,0.6,30.0
40765,Motorcycle,1,Motorcycle / 3-wheel vehicle,opposite,79.9%,1462.219,1463.069,0.85,21.2
40808,Car / Sedan,2,Sedan / jeep / station wagon,opposite,87.4%,1462.369,1462.819,0.45,40.0
40824,Motorcycle,1,Motorcycle / 3-wheel vehicle,opposite,85.8%,1462.769,1463.369,0.6,30.0
40852,Car / Sedan,2,Sedan / jeep / station wagon,opposite,77.9%,1464.019,1464.569,0.55,32.7
40897,Motorcycle,1,Motorcycle / 3-wheel vehicle,opposite,80.2%,1464.969,1465.519,0.55,32.7
40886,Car / Sedan,2,Sedan / jeep / station wagon,opposite,81.2%,1465.269,1465.719,0.45,40.0
40885,Car / Sedan,2,Sedan / jeep / station wagon,opposite,81.2%,1466.819,1467.369,0.55,32.7
41056,Public Transportation (Angkot),3,Medium passenger vehicle,opposite,91.5%,1470.519,1471.069,0.55,32.7
41143,Motorcycle,1,Motorcycle / 3-wheel vehicle,opposite,85.9%,1472.769,1473.419,0.65,27.7
41241,Motorcycle,1,Motorcycle / 3-wheel vehicle,opposite,56.6%,1475.369,1475.819,0.45,40.0
41391,Car / Sedan,2,Sedan / jeep / station wagon,opposite,90.6%,1479.218,1479.668,0.45,40.0
41471,Motorcycle,1,Motorcycle / 3-wheel vehicle,opposite,72.4%,1481.618,1482.068,0.45,40.0
41523,Motorcycle,1,Motorcycle / 3-wheel vehicle,opposite,84.0%,1482.918,1483.268,0.35,51.4
41572,Car / Sedan,2,Sedan / jeep / station wagon,opposite,90.3%,1484.918,1485.318,0.4,45.0
41629,Car / Sedan,2,Sedan / jeep / station wagon,opposite,92.1%,1490.318,1493.468,3.15,5.7
41794,Motorcycle,1,Motorcycle / 3-wheel vehicle,opposite,67.7%,1492.768,1497.267,4.5,4.0
41755,Motorcycle,1,Motorcycle / 3-wheel vehicle,opposite,87.1%,1494.017,1497.567,3.55,5.1
41895,Car / Sedan,2,Sedan / jeep / station wagon,opposite,88.7%,1494.767,1495.217,0.45,40.0
41979,Motorcycle,1,Motorcycle / 3-wheel vehicle,opposite,85.7%,1497.067,1497.617,0.55,32.7
42079,Motorcycle,1,Motorcycle / 3-wheel vehicle,opposite,87.4%,1501.967,1502.917,0.95,18.9
42200,Motorcycle,1,Motorcycle / 3-wheel vehicle,opposite,80.7%,1503.667,1504.067,0.4,45.0
42256,Car / Sedan,2,Sedan / jeep / station wagon,opposite,89.1%,1507.517,1507.867,0.35,51.4
42471,Public Transportation (Angkot),3,Medium passenger vehicle,opposite,77.6%,1517.366,1517.816,0.45,40.0
42500,Car / Sedan,2,Sedan / jeep / station wagon,opposite,80.9%,1518.166,1518.566,0.4,45.0
42587,Car / Sedan,2,Sedan / jeep / station wagon,opposite,87.2%,1522.516,1522.866,0.35,51.4
42604,Motorcycle,1,Motorcycle / 3-wheel vehicle,opposite,86.3%,1523.716,1524.216,0.5,36.0
42722,Motorcycle,1,Motorcycle / 3-wheel vehicle,opposite,88.5%,1530.216,1530.916,0.7,25.7
42774,Motorcycle,1,Motorcycle / 3-wheel vehicle,opposite,61.9%,1532.665,1533.265,0.6,30.0
42822,Motorcycle,1,Motorcycle / 3-wheel vehicle,opposite,84.7%,1533.415,1533.915,0.5,36.0
42777,Motorcycle,1,Motorcycle / 3-wheel vehicle,opposite,85.8%,1534.165,1534.715,0.55,32.7
42868,Motorcycle,1,Motorcycle / 3-wheel vehicle,opposite,72.0%,1535.015,1535.615,0.6,30.0
43007,Motorcycle,1,Motorcycle / 3-wheel vehicle,opposite,78.8%,1540.815,1541.215,0.4,45.0
43046,Car / Sedan,2,Sedan / jeep / station wagon,opposite,48.1%,1542.715,1543.065,0.35,51.4
43097,Motorcycle,1,Motorcycle / 3-wheel vehicle,opposite,81.1%,1544.515,1545.015,0.5,36.0
43166,Public Transportation (Angkot),3,Medium passenger vehicle,opposite,92.7%,1547.915,1548.614,0.7,25.7
43248,Motorcycle,1,Motorcycle / 3-wheel vehicle,opposite,75.1%,1548.764,1549.165,0.4,45.0
43234,Car / Sedan,2,Sedan / jeep / station wagon,opposite,90.4%,1549.165,1549.614,0.45,40.0
43283,Car / Sedan,2,Sedan / jeep / station wagon,opposite,64.4%,1550.614,1551.064,0.45,40.0
43397,Motorcycle,1,Motorcycle / 3-wheel vehicle,opposite,66.0%,1553.764,1554.164,0.4,45.0
43392,Motorcycle,1,Motorcycle / 3-wheel vehicle,opposite,86.7%,1554.114,1554.564,0.45,40.0
43486,Motorcycle,1,Motorcycle / 3-wheel vehicle,opposite,68.1%,1557.964,1559.164,1.2,15.0
43553,Motorcycle,1,Motorcycle / 3-wheel vehicle,opposite,64.9%,1558.814,1559.264,0.45,40.0
43606,Motorcycle,1,Motorcycle / 3-wheel vehicle,opposite,88.0%,1560.864,1561.164,0.3,60.0
43622,Car / Sedan,2,Sedan / jeep / station wagon,opposite,72.9%,1562.614,1563.164,0.55,32.7
43702,Car / Sedan,2,Sedan / jeep / station wagon,opposite,86.1%,1565.014,1565.464,0.45,40.0
43723,Motorcycle,1,Motorcycle / 3-wheel vehicle,opposite,86.0%,1566.063,1566.464,0.4,45.0
43752,Motorcycle,1,Motorcycle / 3-wheel vehicle,opposite,85.0%,1566.613,1567.063,0.45,40.0
43769,Motorcycle,1,Motorcycle / 3-wheel vehicle,opposite,84.3%,1567.813,1568.313,0.5,36.0
43785,Car / Sedan,2,Sedan / jeep / station wagon,opposite,89.3%,1569.013,1569.563,0.55,32.7
43798,Public Transportation (Angkot),3,Medium passenger vehicle,opposite,48.9%,1569.063,1569.663,0.6,30.0
43810,Car / Sedan,2,Sedan / jeep / station wagon,opposite,76.8%,1569.713,1570.163,0.45,40.0
43857,Car / Sedan,2,Sedan / jeep / station wagon,opposite,84.5%,1571.113,1571.563,0.45,40.0
43902,Motorcycle,1,Motorcycle / 3-wheel vehicle,opposite,87.2%,1573.513,1574.013,0.5,36.0
43939,Motorcycle,1,Motorcycle / 3-wheel vehicle,opposite,59.3%,1574.013,1574.463,0.45,40.0
43981,2-Axle Truck (Jumbo),6,2-Axle Truck,opposite,91.3%,1575.713,1576.063,0.35,51.4
44033,Car / Sedan,2,Sedan / jeep / station wagon,opposite,74.7%,1577.063,1577.413,0.35,51.4
44088,Motorcycle,1,Motorcycle / 3-wheel vehicle,opposite,79.8%,1578.613,1578.963,0.35,51.4
44174,Car / Sedan,2,Sedan / jeep / station wagon,opposite,49.4%,1582.363,1582.863,0.5,36.0
44184,Motorcycle,1,Motorcycle / 3-wheel vehicle,opposite,87.5%,1582.563,1583.263,0.7,25.7
44171,Motorcycle,1,Motorcycle / 3-wheel vehicle,opposite,87.5%,1582.913,1583.463,0.55,32.7
44219,Car / Sedan,2,Sedan / jeep / station wagon,opposite,93.1%,1584.812,1585.362,0.55,32.7
44250,Car / Sedan,2,Sedan / jeep / station wagon,opposite,74.3%,1585.662,1586.062,0.4,45.0
44269,Car / Sedan,2,Sedan / jeep / station wagon,opposite,92.0%,1586.862,1587.462,0.6,30.0
44304,Motorcycle,1,Motorcycle / 3-wheel vehicle,opposite,74.9%,1587.912,1588.362,0.45,40.0
44367,Motorcycle,1,Motorcycle / 3-wheel vehicle,opposite,76.1%,1590.412,1590.712,0.3,60.0
44393,Car / Sedan,2,Sedan / jeep / station wagon,opposite,83.5%,1592.162,1592.612,0.45,40.0
44482,Motorcycle,1,Motorcycle / 3-wheel vehicle,opposite,85.2%,1594.712,1595.112,0.4,45.0
44554,Motorcycle,1,Motorcycle / 3-wheel vehicle,opposite,87.0%,1597.762,1598.212,0.45,40.0
44604,Motorcycle,1,Motorcycle / 3-wheel vehicle,opposite,82.9%,1599.412,1599.812,0.4,45.0
44644,Car / Sedan,2,Sedan / jeep / station wagon,opposite,88.4%,1601.862,1602.512,0.65,27.7
44778,Car / Sedan,2,Sedan / jeep / station wagon,opposite,86.9%,1607.011,1607.461,0.45,40.0
44808,Motorcycle,1,Motorcycle / 3-wheel vehicle,opposite,77.2%,1607.661,1607.961,0.3,60.0
44829,Motorcycle,1,Motorcycle / 3-wheel vehicle,opposite,86.9%,1608.311,1608.661,0.35,51.4
44893,Motorcycle,1,Motorcycle / 3-wheel vehicle,opposite,88.2%,1610.411,1610.811,0.4,45.0
44924,Motorcycle,1,Motorcycle / 3-wheel vehicle,opposite,84.9%,1612.011,1612.361,0.35,51.4
44949,Motorcycle,1,Motorcycle / 3-wheel vehicle,opposite,87.4%,1612.511,1612.911,0.4,45.0
44971,Motorcycle,1,Motorcycle / 3-wheel vehicle,opposite,87.6%,1613.861,1614.261,0.4,45.0
44991,Car / Sedan,2,Sedan / jeep / station wagon,opposite,48.8%,1615.011,1615.261,0.25,72.0
45045,Car / Sedan,2,Sedan / jeep / station wagon,opposite,90.0%,1617.411,1617.861,0.45,40.0
45062,Car / Sedan,2,Sedan / jeep / station wagon,opposite,85.9%,1618.411,1618.711,0.3,60.0
45128,Motorcycle,1,Motorcycle / 3-wheel vehicle,opposite,81.4%,1622.41,1623.06,0.65,27.7
45217,Car / Sedan,2,Sedan / jeep / station wagon,opposite,77.1%,1626.71,1627.26,0.55,32.7
45265,Motorcycle,1,Motorcycle / 3-wheel vehicle,opposite,87.9%,1627.81,1628.26,0.45,40.0
45288,Motorcycle,1,Motorcycle / 3-wheel vehicle,opposite,78.3%,1628.36,1628.71,0.35,51.4
45317,Car / Sedan,2,Sedan / jeep / station wagon,opposite,82.5%,1629.66,1630.06,0.4,45.0
45348,Motorcycle,1,Motorcycle / 3-wheel vehicle,opposite,84.8%,1629.86,1630.21,0.35,51.4
45336,Pickup / Micro Truck,4,Pickup / micro truck / delivery,opposite,87.2%,1630.16,1630.66,0.5,36.0
45368,Motorcycle,1,Motorcycle / 3-wheel vehicle,opposite,87.7%,1631.86,1632.41,0.55,32.7
45390,Car / Sedan,2,Sedan / jeep / station wagon,opposite,62.9%,1632.41,1632.81,0.4,45.0
45530,Motorcycle,1,Motorcycle / 3-wheel vehicle,opposite,87.2%,1637.81,1638.26,0.45,40.0
45599,Car / Sedan,2,Sedan / jeep / station wagon,opposite,80.4%,1641.309,1641.759,0.45,40.0
45653,Car / Sedan,2,Sedan / jeep / station wagon,opposite,87.3%,1645.109,1646.009,0.9,20.0
45748,Car / Sedan,2,Sedan / jeep / station wagon,opposite,81.2%,1647.109,1647.409,0.3,60.0
45763,2-Axle Truck (Jumbo),6,2-Axle Truck,opposite,91.4%,1648.059,1648.509,0.45,40.0
45828,Car / Sedan,2,Sedan / jeep / station wagon,opposite,66.3%,1649.509,1649.909,0.4,45.0
45854,Motorcycle,1,Motorcycle / 3-wheel vehicle,opposite,68.0%,1650.359,1650.659,0.3,60.0
45860,Public Transportation (Angkot),3,Medium passenger vehicle,opposite,91.9%,1651.109,1651.559,0.45,40.0
45930,Motorcycle,1,Motorcycle / 3-wheel vehicle,opposite,86.5%,1652.259,1652.659,0.4,45.0
45913,Public Transportation (Angkot),3,Medium passenger vehicle,opposite,92.9%,1652.909,1653.409,0.5,36.0
46047,Motorcycle,1,Motorcycle / 3-wheel vehicle,opposite,87.3%,1656.609,1656.958,0.35,51.4
46032,Car / Sedan,2,Sedan / jeep / station wagon,opposite,57.6%,1656.758,1657.109,0.35,51.4
46075,Public Transportation (Angkot),3,Medium passenger vehicle,opposite,81.0%,1657.758,1658.258,0.5,36.0
46118,Car / Sedan,2,Sedan / jeep / station wagon,opposite,88.7%,1660.108,1660.608,0.5,36.0
46177,Car / Sedan,2,Sedan / jeep / station wagon,opposite,88.9%,1662.408,1662.958,0.55,32.7
46263,Bus,5,Bus,opposite,90.9%,1666.058,1666.558,0.5,36.0
46335,Car / Sedan,2,Sedan / jeep / station wagon,opposite,91.3%,1668.208,1668.608,0.4,45.0
46371,Motorcycle,1,Motorcycle / 3-wheel vehicle,opposite,87.6%,1669.608,1670.008,0.4,45.0
46386,Car / Sedan,2,Sedan / jeep / station wagon,opposite,90.0%,1670.408,1670.858,0.45,40.0
46405,Car / Sedan,2,Sedan / jeep / station wagon,opposite,89.1%,1671.058,1671.558,0.5,36.0
46424,Motorcycle,1,Motorcycle / 3-wheel vehicle,opposite,70.3%,1671.908,1672.258,0.35,51.4
46488,Motorcycle,1,Motorcycle / 3-wheel vehicle,opposite,68.8%,1673.158,1673.608,0.45,40.0
46474,Motorcycle,1,Motorcycle / 3-wheel vehicle,opposite,84.7%,1673.558,1674.358,0.8,22.5
46506,Motorcycle,1,Motorcycle / 3-wheel vehicle,opposite,87.4%,1673.908,1674.458,0.55,32.7
46585,Car / Sedan,2,Sedan / jeep / station wagon,opposite,91.9%,1676.307,1676.807,0.5,36.0
46589,Car / Sedan,2,Sedan / jeep / station wagon,opposite,42.7%,1676.707,1677.157,0.45,40.0
46608,Car / Sedan,2,Sedan / jeep / station wagon,opposite,89.9%,1677.607,1678.057,0.45,40.0
46653,Public Transportation (Angkot),3,Medium passenger vehicle,opposite,92.8%,1679.707,1680.207,0.5,36.0
46675,Car / Sedan,2,Sedan / jeep / station wagon,opposite,79.4%,1680.607,1681.057,0.45,40.0
46712,Car / Sedan,2,Sedan / jeep / station wagon,opposite,76.9%,1681.757,1682.257,0.5,36.0
46707,Car / Sedan,2,Sedan / jeep / station wagon,opposite,93.3%,1681.807,1682.507,0.7,25.7
46748,Motorcycle,1,Motorcycle / 3-wheel vehicle,opposite,86.6%,1682.957,1683.557,0.6,30.0
46814,Car / Sedan,2,Sedan / jeep / station wagon,opposite,59.1%,1684.657,1685.157,0.5,36.0
46790,Car / Sedan,2,Sedan / jeep / station wagon,opposite,92.8%,1684.707,1685.257,0.55,32.7
46822,Car / Sedan,2,Sedan / jeep / station wagon,opposite,68.5%,1685.607,1686.157,0.55,32.7
46879,Motorcycle,1,Motorcycle / 3-wheel vehicle,opposite,77.8%,1686.157,1686.657,0.5,36.0
46913,Motorcycle,1,Motorcycle / 3-wheel vehicle,opposite,74.8%,1686.807,1687.207,0.4,45.0
46888,Car / Sedan,2,Sedan / jeep / station wagon,opposite,41.3%,1686.857,1687.407,0.55,32.7
46926,Car / Sedan,2,Sedan / jeep / station wagon,opposite,88.8%,1688.007,1688.557,0.55,32.7
46977,Motorcycle,1,Motorcycle / 3-wheel vehicle,opposite,50.9%,1690.457,1690.807,0.35,51.4
46967,Car / Sedan,2,Sedan / jeep / station wagon,opposite,69.1%,1690.607,1691.257,0.65,27.7
46988,Public Transportation (Angkot),3,Medium passenger vehicle,opposite,92.9%,1691.807,1692.357,0.55,32.7
47006,2-Axle Truck (Jumbo),6,2-Axle Truck,opposite,86.1%,1693.006,1693.657,0.65,27.7
47042,Car / Sedan,2,Sedan / jeep / station wagon,opposite,92.6%,1694.006,1694.506,0.5,36.0
47092,Motorcycle,1,Motorcycle / 3-wheel vehicle,opposite,87.0%,1695.756,1696.106,0.35,51.4
47113,Car / Sedan,2,Sedan / jeep / station wagon,opposite,55.8%,1696.806,1697.306,0.5,36.0
47128,Motorcycle,1,Motorcycle / 3-wheel vehicle,opposite,86.7%,1696.806,1697.006,0.2,90.0
47126,Car / Sedan,2,Sedan / jeep / station wagon,opposite,91.7%,1697.606,1698.106,0.5,36.0
47186,2-Axle Truck (Jumbo),6,2-Axle Truck,opposite,93.5%,1699.806,1700.356,0.55,32.7
47227,Car / Sedan,2,Sedan / jeep / station wagon,opposite,91.7%,1701.606,1702.156,0.55,32.7
47271,Motorcycle,1,Motorcycle / 3-wheel vehicle,opposite,88.6%,1704.206,1704.656,0.45,40.0
47301,Car / Sedan,2,Sedan / jeep / station wagon,opposite,68.5%,1705.506,1706.006,0.5,36.0
47317,Motorcycle,1,Motorcycle / 3-wheel vehicle,opposite,87.0%,1705.856,1706.256,0.4,45.0
47365,Motorcycle,1,Motorcycle / 3-wheel vehicle,opposite,61.2%,1707.306,1707.706,0.4,45.0
47442,Motorcycle,1,Motorcycle / 3-wheel vehicle,opposite,88.1%,1710.356,1710.756,0.4,45.0
47470,Motorcycle,1,Motorcycle / 3-wheel vehicle,opposite,85.1%,1710.406,1710.756,0.35,51.4
47491,Motorcycle,1,Motorcycle / 3-wheel vehicle,opposite,88.3%,1711.156,1711.605,0.45,40.0
47490,Car / Sedan,2,Sedan / jeep / station wagon,opposite,87.4%,1711.456,1711.805,0.35,51.4
47631,Car / Sedan,2,Sedan / jeep / station wagon,opposite,80.0%,1715.855,1716.255,0.4,45.0
47698,Public Transportation (Angkot),3,Medium passenger vehicle,opposite,84.8%,1718.755,1719.055,0.3,60.0
47730,Car / Sedan,2,Sedan / jeep / station wagon,opposite,82.4%,1719.305,1719.655,0.35,51.4
47828,Car / Sedan,2,Sedan / jeep / station wagon,opposite,86.5%,1722.255,1722.705,0.45,40.0
47872,Motorcycle,1,Motorcycle / 3-wheel vehicle,opposite,72.6%,1723.555,1723.855,0.3,60.0
47855,Car / Sedan,2,Sedan / jeep / station wagon,opposite,91.6%,1723.605,1724.105,0.5,36.0
47897,Car / Sedan,2,Sedan / jeep / station wagon,opposite,90.2%,1724.855,1725.205,0.35,51.4
47916,Car / Sedan,2,Sedan / jeep / station wagon,opposite,83.1%,1725.205,1725.655,0.45,40.0
48000,Car / Sedan,2,Sedan / jeep / station wagon,opposite,76.4%,1728.255,1728.605,0.35,51.4
48075,Motorcycle,1,Motorcycle / 3-wheel vehicle,opposite,86.5%,1731.004,1731.454,0.45,40.0
48275,Car / Sedan,2,Sedan / jeep / station wagon,opposite,92.0%,1737.854,1738.354,0.5,36.0
48360,Public Transportation (Angkot),3,Medium passenger vehicle,opposite,92.3%,1740.604,1741.054,0.45,40.0
48403,Car / Sedan,2,Sedan / jeep / station wagon,opposite,88.8%,1741.854,1742.254,0.4,45.0
48566,Public Transportation (Angkot),3,Medium passenger vehicle,opposite,92.9%,1745.654,1746.104,0.45,40.0
48620,2-Axle Truck (Jumbo),6,2-Axle Truck,opposite,90.6%,1747.353,1747.803,0.45,40.0
48646,Car / Sedan,2,Sedan / jeep / station wagon,opposite,91.5%,1748.103,1748.653,0.55,32.7
48813,Car / Sedan,2,Sedan / jeep / station wagon,opposite,88.8%,1751.953,1752.353,0.4,45.0
48891,Motorcycle,1,Motorcycle / 3-wheel vehicle,opposite,57.0%,1754.353,1754.853,0.5,36.0
48970,Car / Sedan,2,Sedan / jeep / station wagon,opposite,86.7%,1756.553,1757.003,0.45,40.0
49028,Public Transportation (Angkot),3,Medium passenger vehicle,opposite,93.5%,1758.903,1759.453,0.55,32.7
49132,Public Transportation (Angkot),3,Medium passenger vehicle,opposite,90.7%,1760.253,1760.803,0.55,32.7
49190,Motorcycle,1,Motorcycle / 3-wheel vehicle,opposite,89.9%,1761.403,1761.903,0.5,36.0
49175,Car / Sedan,2,Sedan / jeep / station wagon,opposite,84.9%,1761.853,1762.403,0.55,32.7
49217,Motorcycle,1,Motorcycle / 3-wheel vehicle,opposite,83.6%,1762.003,1762.603,0.6,30.0
49244,Car / Sedan,2,Sedan / jeep / station wagon,opposite,72.1%,1762.903,1763.553,0.65,27.7
49291,Motorcycle,1,Motorcycle / 3-wheel vehicle,opposite,79.2%,1764.103,1764.803,0.7,25.7
49292,Public Transportation (Angkot),3,Medium passenger vehicle,opposite,92.7%,1765.003,1765.602,0.6,30.0
49344,Car / Sedan,2,Sedan / jeep / station wagon,opposite,89.8%,1765.902,1766.402,0.5,36.0
49424,Public Transportation (Angkot),3,Medium passenger vehicle,opposite,93.6%,1767.602,1768.002,0.4,45.0
49551,Motorcycle,1,Motorcycle / 3-wheel vehicle,opposite,87.7%,1770.302,1770.652,0.35,51.4
49658,Pickup / Micro Truck,4,Pickup / micro truck / delivery,opposite,75.2%,1772.552,1772.902,0.35,51.4
49854,Motorcycle,1,Motorcycle / 3-wheel vehicle,opposite,87.7%,1777.252,1777.602,0.35,51.4
49938,Car / Sedan,2,Sedan / jeep / station wagon,opposite,65.3%,1780.252,1780.602,0.35,51.4
50000,Car / Sedan,2,Sedan / jeep / station wagon,opposite,92.2%,1781.452,1782.052,0.6,30.0
50011,Car / Sedan,2,Sedan / jeep / station wagon,opposite,81.3%,1781.602,1781.902,0.3,60.0
50040,Motorcycle,1,Motorcycle / 3-wheel vehicle,opposite,85.9%,1782.002,1782.402,0.4,45.0
50104,Motorcycle,1,Motorcycle / 3-wheel vehicle,opposite,75.9%,1783.701,1784.052,0.35,51.4
50263,Motorcycle,1,Motorcycle / 3-wheel vehicle,opposite,84.9%,1787.601,1788.151,0.55,32.7
50370,Motorcycle,1,Motorcycle / 3-wheel vehicle,opposite,87.0%,1789.951,1790.351,0.4,45.0
50646,Motorcycle,1,Motorcycle / 3-wheel vehicle,opposite,79.9%,1796.601,1797.051,0.45,40.0
50752,Public Transportation (Angkot),3,Medium passenger vehicle,opposite,48.9%,1800.601,1800.801,0.2,90.0
50795,Motorcycle,1,Motorcycle / 3-wheel vehicle,opposite,88.1%,1801.9,1802.4,0.5,36.0
50839,Motorcycle,1,Motorcycle / 3-wheel vehicle,opposite,88.9%,1802.7,1803.2,0.5,36.0
50849,Motorcycle,1,Motorcycle / 3-wheel vehicle,opposite,75.5%,1803.251,1803.75,0.5,36.0
50848,Car / Sedan,2,Sedan / jeep / station wagon,opposite,83.8%,1803.5,1804.0,0.5,36.0
50894,Motorcycle,1,Motorcycle / 3-wheel vehicle,opposite,88.8%,1804.4,1804.8,0.4,45.0
51016,Motorcycle,1,Motorcycle / 3-wheel vehicle,opposite,84.0%,1808.35,1808.8,0.45,40.0
51169,Motorcycle,1,Motorcycle / 3-wheel vehicle,opposite,77.5%,1812.25,1812.65,0.4,45.0
51229,Motorcycle,1,Motorcycle / 3-wheel vehicle,opposite,87.5%,1812.75,1813.1,0.35,51.4
51337,2-Axle Truck (Jumbo),6,2-Axle Truck,opposite,92.7%,1816.8,1817.15,0.35,51.4
51360,Car / Sedan,2,Sedan / jeep / station wagon,opposite,66.1%,1817.5,1817.85,0.35,51.4
51380,Public Transportation (Angkot),3,Medium passenger vehicle,opposite,54.9%,1818.3,1818.65,0.35,51.4
51570,Motorcycle,1,Motorcycle / 3-wheel vehicle,opposite,88.7%,1822.999,1823.349,0.35,51.4
51638,Car / Sedan,2,Sedan / jeep / station wagon,opposite,90.5%,1826.199,1826.449,0.25,72.0
51655,Motorcycle,1,Motorcycle / 3-wheel vehicle,opposite,87.7%,1827.699,1828.099,0.4,45.0
51667,Pickup / Micro Truck,4,Pickup / micro truck / delivery,opposite,56.4%,1827.999,1828.399,0.4,45.0
51771,Car / Sedan,2,Sedan / jeep / station wagon,opposite,75.6%,1830.849,1831.199,0.35,51.4
51849,Car / Sedan,2,Sedan / jeep / station wagon,opposite,84.7%,1833.449,1833.849,0.4,45.0
51861,Motorcycle,1,Motorcycle / 3-wheel vehicle,opposite,78.6%,1833.499,1833.899,0.4,45.0
51911,Motorcycle,1,Motorcycle / 3-wheel vehicle,opposite,67.2%,1835.599,1835.899,0.3,60.0
51897,Car / Sedan,2,Sedan / jeep / station wagon,opposite,59.5%,1835.649,1836.049,0.4,45.0
51958,Car / Sedan,2,Sedan / jeep / station wagon,opposite,73.7%,1837.449,1837.799,0.35,51.4
52034,Car / Sedan,2,Sedan / jeep / station wagon,opposite,86.4%,1839.549,1840.098,0.55,32.7
52062,Car / Sedan,2,Sedan / jeep / station wagon,opposite,57.5%,1840.248,1840.698,0.45,40.0
52090,Car / Sedan,2,Sedan / jeep / station wagon,opposite,92.2%,1841.448,1841.998,0.55,32.7
52106,Public Transportation (Angkot),3,Medium passenger vehicle,opposite,86.7%,1841.648,1842.198,0.55,32.7
52164,Car / Sedan,2,Sedan / jeep / station wagon,opposite,83.7%,1844.048,1844.498,0.45,40.0
52206,Car / Sedan,2,Sedan / jeep / station wagon,opposite,64.2%,1846.348,1846.848,0.5,36.0
52259,Public Transportation (Angkot),3,Medium passenger vehicle,opposite,92.1%,1848.148,1848.748,0.6,30.0
52305,Motorcycle,1,Motorcycle / 3-wheel vehicle,opposite,85.4%,1849.298,1849.648,0.35,51.4
52352,Motorcycle,1,Motorcycle / 3-wheel vehicle,opposite,84.2%,1852.698,1853.048,0.35,51.4
52358,Car / Sedan,2,Sedan / jeep / station wagon,opposite,86.1%,1852.798,1853.298,0.5,36.0
52464,Public Transportation (Angkot),3,Medium passenger vehicle,opposite,91.8%,1855.947,1856.398,0.45,40.0
52468,Motorcycle,1,Motorcycle / 3-wheel vehicle,opposite,87.8%,1857.047,1857.547,0.5,36.0
52513,Motorcycle,1,Motorcycle / 3-wheel vehicle,opposite,80.4%,1857.697,1858.147,0.45,40.0
52520,Motorcycle,1,Motorcycle / 3-wheel vehicle,opposite,89.8%,1858.297,1858.797,0.5,36.0
52565,Motorcycle,1,Motorcycle / 3-wheel vehicle,opposite,85.9%,1859.347,1859.797,0.45,40.0
52594,Motorcycle,1,Motorcycle / 3-wheel vehicle,opposite,89.2%,1860.197,1860.597,0.4,45.0
52597,Car / Sedan,2,Sedan / jeep / station wagon,opposite,86.6%,1860.947,1861.547,0.6,30.0
52641,Motorcycle,1,Motorcycle / 3-wheel vehicle,opposite,88.9%,1862.547,1863.197,0.65,27.7
52677,Motorcycle,1,Motorcycle / 3-wheel vehicle,opposite,86.5%,1863.397,1863.797,0.4,45.0
52653,Bus,5,Bus,opposite,92.1%,1863.547,1864.097,0.55,32.7
52689,Car / Sedan,2,Sedan / jeep / station wagon,opposite,83.0%,1865.147,1865.647,0.5,36.0
52724,Car / Sedan,2,Sedan / jeep / station wagon,opposite,87.6%,1866.747,1867.197,0.45,40.0
52761,Motorcycle,1,Motorcycle / 3-wheel vehicle,opposite,88.0%,1869.247,1869.697,0.45,40.0
52770,Motorcycle,1,Motorcycle / 3-wheel vehicle,opposite,80.2%,1869.347,1869.747,0.4,45.0
52752,Motorcycle,1,Motorcycle / 3-wheel vehicle,opposite,89.8%,1869.897,1870.397,0.5,36.0
52775,Motorcycle,1,Motorcycle / 3-wheel vehicle,opposite,87.5%,1870.147,1870.747,0.6,30.0
52779,Motorcycle,1,Motorcycle / 3-wheel vehicle,opposite,88.7%,1870.697,1871.197,0.5,36.0
52788,Motorcycle,1,Motorcycle / 3-wheel vehicle,opposite,88.6%,1871.197,1871.647,0.45,40.0
52803,Public Transportation (Angkot),3,Medium passenger vehicle,opposite,90.2%,1872.397,1872.897,0.5,36.0
52837,Motorcycle,1,Motorcycle / 3-wheel vehicle,opposite,82.7%,1872.747,1873.197,0.45,40.0
52841,Car / Sedan,2,Sedan / jeep / station wagon,opposite,88.5%,1873.247,1873.547,0.3,60.0
52843,Motorcycle,1,Motorcycle / 3-wheel vehicle,opposite,82.6%,1874.447,1875.097,0.65,27.7
52995,Car / Sedan,2,Sedan / jeep / station wagon,opposite,87.4%,1880.346,1880.896,0.55,32.7
53004,Car / Sedan,2,Sedan / jeep / station wagon,opposite,73.3%,1881.146,1881.796,0.65,27.7
53029,Motorcycle,1,Motorcycle / 3-wheel vehicle,opposite,75.6%,1881.396,1881.796,0.4,45.0
53033,Motorcycle,1,Motorcycle / 3-wheel vehicle,opposite,81.0%,1881.596,1882.046,0.45,40.0
53083,Car / Sedan,2,Sedan / jeep / station wagon,opposite,91.7%,1883.896,1884.346,0.45,40.0
53132,Car / Sedan,2,Sedan / jeep / station wagon,opposite,71.9%,1885.996,1886.396,0.4,45.0
53180,Motorcycle,1,Motorcycle / 3-wheel vehicle,opposite,69.6%,1888.446,1889.196,0.75,24.0
53333,Car / Sedan,2,Sedan / jeep / station wagon,opposite,50.2%,1893.146,1893.595,0.45,40.0
53362,Motorcycle,1,Motorcycle / 3-wheel vehicle,opposite,88.4%,1894.395,1894.795,0.4,45.0
53387,Motorcycle,1,Motorcycle / 3-wheel vehicle,opposite,58.8%,1894.695,1894.995,0.3,60.0
53394,Public Transportation (Angkot),3,Medium passenger vehicle,opposite,92.8%,1895.445,1895.795,0.35,51.4
53420,Motorcycle,1,Motorcycle / 3-wheel vehicle,opposite,89.1%,1896.795,1897.245,0.45,40.0
53492,Motorcycle,1,Motorcycle / 3-wheel vehicle,opposite,85.3%,1898.995,1899.295,0.3,60.0
53489,Car / Sedan,2,Sedan / jeep / station wagon,opposite,31.1%,1899.345,1899.795,0.45,40.0
53503,Public Transportation (Angkot),3,Medium passenger vehicle,opposite,54.7%,1899.745,1900.095,0.35,51.4
53593,Motorcycle,1,Motorcycle / 3-wheel vehicle,opposite,70.3%,1902.245,1902.595,0.35,51.4
53646,Car / Sedan,2,Sedan / jeep / station wagon,opposite,91.0%,1904.195,1904.645,0.45,40.0
53655,Motorcycle,1,Motorcycle / 3-wheel vehicle,opposite,87.3%,1904.895,1905.445,0.55,32.7
53738,Car / Sedan,2,Sedan / jeep / station wagon,opposite,89.3%,1907.495,1907.895,0.4,45.0
53717,Motorcycle,1,Motorcycle / 3-wheel vehicle,opposite,89.2%,1907.545,1908.095,0.55,32.7
53752,Motorcycle,1,Motorcycle / 3-wheel vehicle,opposite,88.7%,1909.045,1909.745,0.7,25.7
53842,Car / Sedan,2,Sedan / jeep / station wagon,opposite,87.8%,1911.695,1912.094,0.4,45.0
53878,Motorcycle,1,Motorcycle / 3-wheel vehicle,opposite,86.4%,1912.944,1913.394,0.45,40.0
53929,Car / Sedan,2,Sedan / jeep / station wagon,opposite,91.0%,1915.844,1916.344,0.5,36.0
54005,Car / Sedan,2,Sedan / jeep / station wagon,opposite,81.7%,1918.794,1919.244,0.45,40.0
54024,Motorcycle,1,Motorcycle / 3-wheel vehicle,opposite,87.1%,1919.094,1919.644,0.55,32.7
54119,Motorcycle,1,Motorcycle / 3-wheel vehicle,opposite,82.9%,1923.344,1923.694,0.35,51.4
54176,Motorcycle,1,Motorcycle / 3-wheel vehicle,opposite,89.0%,1926.694,1927.194,0.5,36.0
54195,Motorcycle,1,Motorcycle / 3-wheel vehicle,opposite,82.7%,1927.544,1927.994,0.45,40.0
54245,Motorcycle,1,Motorcycle / 3-wheel vehicle,opposite,84.1%,1929.593,1929.893,0.3,60.0
54259,Car / Sedan,2,Sedan / jeep / station wagon,opposite,90.0%,1930.593,1930.993,0.4,45.0
54277,Motorcycle,1,Motorcycle / 3-wheel vehicle,opposite,83.0%,1931.193,1931.593,0.4,45.0
54299,Car / Sedan,2,Sedan / jeep / station wagon,opposite,72.9%,1932.393,1932.843,0.45,40.0
54357,Motorcycle,1,Motorcycle / 3-wheel vehicle,opposite,84.9%,1933.593,1933.943,0.35,51.4
54345,Car / Sedan,2,Sedan / jeep / station wagon,opposite,50.4%,1933.643,1933.993,0.35,51.4
54382,Car / Sedan,2,Sedan / jeep / station wagon,opposite,83.3%,1934.943,1935.343,0.4,45.0
54430,Car / Sedan,2,Sedan / jeep / station wagon,opposite,63.7%,1936.493,1936.843,0.35,51.4
54449,Public Transportation (Angkot),3,Medium passenger vehicle,opposite,92.5%,1938.993,1939.843,0.85,21.2
54522,Pickup / Micro Truck,4,Pickup / micro truck / delivery,opposite,87.9%,1940.043,1940.543,0.5,36.0
54636,Car / Sedan,2,Sedan / jeep / station wagon,opposite,87.4%,1944.943,1945.393,0.45,40.0
54670,Pickup / Micro Truck,4,Pickup / micro truck / delivery,opposite,91.2%,1947.193,1948.043,0.85,21.2
54708,Car / Sedan,2,Sedan / jeep / station wagon,opposite,78.1%,1947.443,1947.943,0.5,36.0
54775,Public Transportation (Angkot),3,Medium passenger vehicle,opposite,92.0%,1950.192,1950.742,0.55,32.7
54785,Motorcycle,1,Motorcycle / 3-wheel vehicle,opposite,61.5%,1950.192,1950.792,0.6,30.0
54825,Motorcycle,1,Motorcycle / 3-wheel vehicle,opposite,85.4%,1950.992,1951.342,0.35,51.4
54837,Motorcycle,1,Motorcycle / 3-wheel vehicle,opposite,87.1%,1951.392,1951.792,0.4,45.0
54870,Motorcycle,1,Motorcycle / 3-wheel vehicle,opposite,87.7%,1952.492,1952.992,0.5,36.0
54823,Motorcycle,1,Motorcycle / 3-wheel vehicle,opposite,88.2%,1953.442,1954.392,0.95,18.9
54886,Car / Sedan,2,Sedan / jeep / station wagon,opposite,81.8%,1953.492,1953.992,0.5,36.0
54987,Motorcycle,1,Motorcycle / 3-wheel vehicle,opposite,86.4%,1956.042,1956.442,0.4,45.0
54983,Car / Sedan,2,Sedan / jeep / station wagon,opposite,84.6%,1957.292,1957.992,0.7,25.7
55083,Motorcycle,1,Motorcycle / 3-wheel vehicle,opposite,86.5%,1958.642,1959.042,0.4,45.0
55112,Motorcycle,1,Motorcycle / 3-wheel vehicle,opposite,86.2%,1959.692,1960.092,0.4,45.0
55063,Car / Sedan,2,Sedan / jeep / station wagon,opposite,90.0%,1960.142,1960.542,0.4,45.0
55159,Motorcycle,1,Motorcycle / 3-wheel vehicle,opposite,83.6%,1960.942,1961.342,0.4,45.0
55310,Car / Sedan,2,Sedan / jeep / station wagon,opposite,86.2%,1966.491,1966.891,0.4,45.0
55334,Car / Sedan,2,Sedan / jeep / station wagon,opposite,89.6%,1967.341,1967.791,0.45,40.0
55422,Motorcycle,1,Motorcycle / 3-wheel vehicle,opposite,89.4%,1970.391,1970.741,0.35,51.4
55478,Motorcycle,1,Motorcycle / 3-wheel vehicle,opposite,88.0%,1972.591,1972.991,0.4,45.0
55596,Motorcycle,1,Motorcycle / 3-wheel vehicle,opposite,88.3%,1976.191,1976.541,0.35,51.4
55676,Motorcycle,1,Motorcycle / 3-wheel vehicle,opposite,88.4%,1978.741,1979.191,0.45,40.0
55746,2-Axle Truck (Jumbo),6,2-Axle Truck,opposite,92.6%,1981.141,1981.591,0.45,40.0
55839,Car / Sedan,2,Sedan / jeep / station wagon,opposite,77.0%,1983.64,1983.991,0.35,51.4
56013,Car / Sedan,2,Sedan / jeep / station wagon,opposite,47.7%,1988.84,1989.29,0.45,40.0
56008,Public Transportation (Angkot),3,Medium passenger vehicle,opposite,87.2%,1989.74,1990.04,0.3,60.0
56120,Motorcycle,1,Motorcycle / 3-wheel vehicle,opposite,73.1%,1992.09,1992.39,0.3,60.0
56258,Motorcycle,1,Motorcycle / 3-wheel vehicle,opposite,86.0%,1997.99,1998.34,0.35,51.4
56276,Car / Sedan,2,Sedan / jeep / station wagon,opposite,76.0%,1999.09,1999.49,0.4,45.0
56385,Motorcycle,1,Motorcycle / 3-wheel vehicle,opposite,86.2%,2002.239,2002.689,0.45,40.0
56428,Motorcycle,1,Motorcycle / 3-wheel vehicle,opposite,88.4%,2004.989,2005.739,0.75,24.0
56439,Car / Sedan,2,Sedan / jeep / station wagon,opposite,85.9%,2005.089,2005.489,0.4,45.0
56491,Motorcycle,1,Motorcycle / 3-wheel vehicle,opposite,85.4%,2007.139,2007.889,0.75,24.0
56519,Bus,5,Bus,opposite,91.1%,2007.439,2007.839,0.4,45.0
56538,Motorcycle,1,Motorcycle / 3-wheel vehicle,opposite,83.1%,2007.589,2008.089,0.5,36.0
56575,Car / Sedan,2,Sedan / jeep / station wagon,opposite,48.6%,2008.989,2009.389,0.4,45.0
56630,Motorcycle,1,Motorcycle / 3-wheel vehicle,opposite,86.4%,2010.189,2010.689,0.5,36.0
56644,Car / Sedan,2,Sedan / jeep / station wagon,opposite,90.7%,2011.239,2011.989,0.75,24.0
56666,Car / Sedan,2,Sedan / jeep / station wagon,opposite,88.8%,2011.789,2012.189,0.4,45.0
56682,Car / Sedan,2,Sedan / jeep / station wagon,opposite,92.5%,2013.389,2013.989,0.6,30.0
56782,Motorcycle,1,Motorcycle / 3-wheel vehicle,opposite,85.2%,2016.389,2016.789,0.4,45.0
56772,Car / Sedan,2,Sedan / jeep / station wagon,opposite,88.8%,2016.589,2017.139,0.55,32.7
56788,Motorcycle,1,Motorcycle / 3-wheel vehicle,opposite,74.3%,2016.989,2017.439,0.45,40.0
56806,Motorcycle,1,Motorcycle / 3-wheel vehicle,normal,66.4%,2018.839,2018.189,0.65,27.7
56839,Motorcycle,1,Motorcycle / 3-wheel vehicle,opposite,89.5%,2019.089,2019.539,0.45,40.0
56865,Car / Sedan,2,Sedan / jeep / station wagon,opposite,93.1%,2020.389,2020.838,0.45,40.0
56885,Motorcycle,1,Motorcycle / 3-wheel vehicle,opposite,88.6%,2021.188,2021.588,0.4,45.0
56974,Car / Sedan,2,Sedan / jeep / station wagon,opposite,92.9%,2024.038,2024.538,0.5,36.0
57048,Motorcycle,1,Motorcycle / 3-wheel vehicle,opposite,86.2%,2025.888,2026.338,0.45,40.0
57063,Car / Sedan,2,Sedan / jeep / station wagon,opposite,68.1%,2026.588,2026.938,0.35,51.4
57088,Motorcycle,1,Motorcycle / 3-wheel vehicle,opposite,88.8%,2027.688,2028.288,0.6,30.0
57110,Motorcycle,1,Motorcycle / 3-wheel vehicle,opposite,89.0%,2028.138,2028.588,0.45,40.0
57180,Car / Sedan,2,Sedan / jeep / station wagon,opposite,91.5%,2030.638,2031.088,0.45,40.0
57208,Motorcycle,1,Motorcycle / 3-wheel vehicle,opposite,86.7%,2031.588,2031.988,0.4,45.0
57218,Motorcycle,1,Motorcycle / 3-wheel vehicle,opposite,84.7%,2031.788,2032.188,0.4,45.0
57222,Public Transportation (Angkot),3,Medium passenger vehicle,opposite,93.7%,2033.188,2033.688,0.5,36.0
57291,Pickup / Micro Truck,4,Pickup / micro truck / delivery,opposite,50.7%,2034.588,2034.988,0.4,45.0
57321,Motorcycle,1,Motorcycle / 3-wheel vehicle,opposite,69.2%,2035.888,2036.238,0.35,51.4
57335,Car / Sedan,2,Sedan / jeep / station wagon,opposite,83.7%,2036.938,2037.338,0.4,45.0
57391,Motorcycle,1,Motorcycle / 3-wheel vehicle,opposite,87.2%,2037.737,2038.088,0.35,51.4
57419,Motorcycle,1,Motorcycle / 3-wheel vehicle,opposite,87.6%,2038.588,2038.937,0.35,51.4
57525,Car / Sedan,2,Sedan / jeep / station wagon,opposite,48.8%,2042.737,2043.187,0.45,40.0
57538,Motorcycle,1,Motorcycle / 3-wheel vehicle,opposite,88.1%,2043.237,2043.737,0.5,36.0
57594,Car / Sedan,2,Sedan / jeep / station wagon,opposite,90.9%,2044.837,2045.237,0.4,45.0
57557,Public Transportation (Angkot),3,Medium passenger vehicle,opposite,93.0%,2044.987,2045.837,0.85,21.2
57622,Motorcycle,1,Motorcycle / 3-wheel vehicle,opposite,88.1%,2046.237,2047.237,1.0,18.0
57634,Car / Sedan,2,Sedan / jeep / station wagon,opposite,93.6%,2047.837,2049.387,1.55,11.6
57688,Motorcycle,1,Motorcycle / 3-wheel vehicle,opposite,86.5%,2048.937,2050.037,1.1,16.4
57812,Car / Sedan,2,Sedan / jeep / station wagon,opposite,88.9%,2051.837,2052.387,0.55,32.7
57844,Public Transportation (Angkot),3,Medium passenger vehicle,opposite,92.7%,2052.787,2053.337,0.55,32.7
57890,Motorcycle,1,Motorcycle / 3-wheel vehicle,opposite,89.6%,2053.837,2054.387,0.55,32.7
57955,Motorcycle,1,Motorcycle / 3-wheel vehicle,opposite,83.6%,2054.737,2055.336,0.6,30.0
57973,Motorcycle,1,Motorcycle / 3-wheel vehicle,opposite,76.3%,2054.837,2055.387,0.55,32.7
57990,Motorcycle,1,Motorcycle / 3-wheel vehicle,opposite,88.9%,2056.387,2056.887,0.5,36.0
58027,Motorcycle,1,Motorcycle / 3-wheel vehicle,opposite,70.1%,2056.637,2057.036,0.4,45.0
58040,Public Transportation (Angkot),3,Medium passenger vehicle,opposite,92.0%,2057.586,2058.136,0.55,32.7
58103,Car / Sedan,2,Sedan / jeep / station wagon,opposite,55.2%,2059.086,2059.486,0.4,45.0
58173,Motorcycle,1,Motorcycle / 3-wheel vehicle,opposite,86.0%,2060.286,2060.736,0.45,40.0
58201,Motorcycle,1,Motorcycle / 3-wheel vehicle,opposite,89.3%,2060.936,2061.436,0.5,36.0
58207,Car / Sedan,2,Sedan / jeep / station wagon,opposite,72.2%,2061.036,2061.536,0.5,36.0
58231,Motorcycle,1,Motorcycle / 3-wheel vehicle,opposite,84.0%,2061.586,2062.036,0.45,40.0
58241,Car / Sedan,2,Sedan / jeep / station wagon,opposite,69.8%,2061.786,2062.186,0.4,45.0
58240,Public Transportation (Angkot),3,Medium passenger vehicle,opposite,92.7%,2062.836,2063.536,0.7,25.7
58288,Car / Sedan,2,Sedan / jeep / station wagon,opposite,87.8%,2063.636,2064.186,0.55,32.7
58289,Motorcycle,1,Motorcycle / 3-wheel vehicle,opposite,55.3%,2064.086,2064.586,0.5,36.0
58351,Motorcycle,1,Motorcycle / 3-wheel vehicle,opposite,88.6%,2065.336,2066.036,0.7,25.7
58373,Car / Sedan,2,Sedan / jeep / station wagon,opposite,88.8%,2065.536,2065.986,0.45,40.0
58379,Car / Sedan,2,Sedan / jeep / station wagon,opposite,87.4%,2065.936,2066.436,0.5,36.0
58469,Car / Sedan,2,Sedan / jeep / station wagon,opposite,86.0%,2067.886,2068.236,0.35,51.4
58493,Car / Sedan,2,Sedan / jeep / station wagon,opposite,88.3%,2069.236,2069.736,0.5,36.0
58548,Car / Sedan,2,Sedan / jeep / station wagon,opposite,85.7%,2070.936,2071.436,0.5,36.0
58608,Motorcycle,1,Motorcycle / 3-wheel vehicle,opposite,89.1%,2072.386,2072.886,0.5,36.0
58607,Car / Sedan,2,Sedan / jeep / station wagon,opposite,87.6%,2072.636,2073.186,0.55,32.7
58652,Motorcycle,1,Motorcycle / 3-wheel vehicle,opposite,89.4%,2073.936,2074.385,0.45,40.0
58668,Motorcycle,1,Motorcycle / 3-wheel vehicle,opposite,85.9%,2074.535,2075.135,0.6,30.0
58678,Car / Sedan,2,Sedan / jeep / station wagon,opposite,66.3%,2075.085,2075.635,0.55,32.7
58724,Motorcycle,1,Motorcycle / 3-wheel vehicle,opposite,81.2%,2075.785,2076.235,0.45,40.0
58740,Motorcycle,1,Motorcycle / 3-wheel vehicle,opposite,85.5%,2075.985,2076.385,0.4,45.0
58801,Motorcycle,1,Motorcycle / 3-wheel vehicle,opposite,87.9%,2078.085,2078.585,0.5,36.0
58856,Motorcycle,1,Motorcycle / 3-wheel vehicle,opposite,85.3%,2079.285,2079.685,0.4,45.0
58869,Motorcycle,1,Motorcycle / 3-wheel vehicle,opposite,85.9%,2079.835,2080.285,0.45,40.0
59025,Car / Sedan,2,Sedan / jeep / station wagon,opposite,69.6%,2083.985,2084.535,0.55,32.7
59008,Car / Sedan,2,Sedan / jeep / station wagon,opposite,76.4%,2084.235,2085.035,0.8,22.5
59159,Motorcycle,1,Motorcycle / 3-wheel vehicle,opposite,88.5%,2088.385,2089.135,0.75,24.0
59408,Motorcycle,1,Motorcycle / 3-wheel vehicle,opposite,89.7%,2094.984,2095.684,0.7,25.7
59555,Car / Sedan,2,Sedan / jeep / station wagon,opposite,72.7%,2098.584,2099.084,0.5,36.0
59569,Pickup / Micro Truck,4,Pickup / micro truck / delivery,opposite,69.2%,2099.234,2099.784,0.55,32.7
59564,Motorcycle,1,Motorcycle / 3-wheel vehicle,opposite,88.2%,2099.484,2100.284,0.8,22.5
59614,Car / Sedan,2,Sedan / jeep / station wagon,opposite,86.0%,2101.134,2101.684,0.55,32.7
59673,Motorcycle,1,Motorcycle / 3-wheel vehicle,opposite,89.2%,2103.284,2103.884,0.6,30.0
59730,Motorcycle,1,Motorcycle / 3-wheel vehicle,opposite,88.9%,2104.584,2105.134,0.55,32.7
59789,Motorcycle,1,Motorcycle / 3-wheel vehicle,opposite,88.5%,2106.734,2107.534,0.8,22.5
59863,Car / Sedan,2,Sedan / jeep / station wagon,opposite,66.4%,2108.684,2109.084,0.4,45.0
59956,Car / Sedan,2,Sedan / jeep / station wagon,opposite,81.5%,2111.533,2112.083,0.55,32.7
59981,Motorcycle,1,Motorcycle / 3-wheel vehicle,opposite,86.9%,2112.283,2112.783,0.5,36.0
59992,2-Axle Truck (Jumbo),6,2-Axle Truck,opposite,93.8%,2113.383,2113.983,0.6,30.0
60122,Motorcycle,1,Motorcycle / 3-wheel vehicle,opposite,83.8%,2117.233,2117.683,0.45,40.0
60251,Motorcycle,1,Motorcycle / 3-wheel vehicle,opposite,87.5%,2120.983,2121.283,0.3,60.0
60261,Motorcycle,1,Motorcycle / 3-wheel vehicle,opposite,89.4%,2121.983,2122.483,0.5,36.0
60359,Motorcycle,1,Motorcycle / 3-wheel vehicle,opposite,86.2%,2124.033,2124.483,0.45,40.0
60439,Car / Sedan,2,Sedan / jeep / station wagon,opposite,60.0%,2126.133,2126.433,0.3,60.0
60592,Motorcycle,1,Motorcycle / 3-wheel vehicle,opposite,86.2%,2130.282,2130.732,0.45,40.0
60581,Motorcycle,1,Motorcycle / 3-wheel vehicle,opposite,88.4%,2131.182,2132.332,1.15,15.7
60640,Motorcycle,1,Motorcycle / 3-wheel vehicle,opposite,89.3%,2133.982,2134.982,1.0,18.0
60810,Motorcycle,1,Motorcycle / 3-wheel vehicle,opposite,88.5%,2140.882,2141.382,0.5,36.0
60901,Motorcycle,1,Motorcycle / 3-wheel vehicle,opposite,86.1%,2143.282,2143.682,0.4,45.0
60923,Motorcycle,1,Motorcycle / 3-wheel vehicle,opposite,83.8%,2143.732,2144.032,0.3,60.0
60899,Motorcycle,1,Motorcycle / 3-wheel vehicle,opposite,87.4%,2144.632,2144.982,0.35,51.4
60963,Car / Sedan,2,Sedan / jeep / station wagon,opposite,85.5%,2145.532,2146.032,0.5,36.0
61073,Motorcycle,1,Motorcycle / 3-wheel vehicle,opposite,79.0%,2150.031,2150.381,0.35,51.4
61128,Motorcycle,1,Motorcycle / 3-wheel vehicle,opposite,88.5%,2152.031,2152.531,0.5,36.0
61168,Public Transportation (Angkot),3,Medium passenger vehicle,opposite,93.0%,2153.581,2154.031,0.45,40.0
61215,Motorcycle,1,Motorcycle / 3-wheel vehicle,opposite,86.7%,2154.781,2155.131,0.35,51.4
61221,Motorcycle,1,Motorcycle / 3-wheel vehicle,opposite,89.3%,2155.681,2156.281,0.6,30.0
61261,Public Transportation (Angkot),3,Medium passenger vehicle,opposite,93.2%,2157.281,2157.731,0.45,40.0
61283,Car / Sedan,2,Sedan / jeep / station wagon,opposite,40.7%,2157.831,2158.081,0.25,72.0
61312,Motorcycle,1,Motorcycle / 3-wheel vehicle,opposite,88.1%,2158.331,2158.731,0.4,45.0
61315,Motorcycle,1,Motorcycle / 3-wheel vehicle,opposite,77.2%,2158.431,2158.881,0.45,40.0
61332,Motorcycle,1,Motorcycle / 3-wheel vehicle,opposite,85.6%,2159.431,2159.831,0.4,45.0
61363,Motorcycle,1,Motorcycle / 3-wheel vehicle,opposite,87.8%,2160.631,2161.031,0.4,45.0
61381,Motorcycle,1,Motorcycle / 3-wheel vehicle,opposite,82.7%,2161.481,2161.831,0.35,51.4
61405,Car / Sedan,2,Sedan / jeep / station wagon,opposite,64.8%,2162.831,2163.131,0.3,60.0
61481,Car / Sedan,2,Sedan / jeep / station wagon,opposite,41.7%,2164.581,2164.881,0.3,60.0
61513,Car / Sedan,2,Sedan / jeep / station wagon,opposite,87.5%,2166.23,2166.58,0.35,51.4
61562,Car / Sedan,2,Sedan / jeep / station wagon,opposite,88.1%,2167.68,2168.08,0.4,45.0
61591,Car / Sedan,2,Sedan / jeep / station wagon,opposite,86.7%,2168.98,2169.38,0.4,45.0
61659,Car / Sedan,2,Sedan / jeep / station wagon,opposite,92.3%,2171.98,2172.68,0.7,25.7
61689,Car / Sedan,2,Sedan / jeep / station wagon,opposite,92.3%,2172.53,2172.98,0.45,40.0
61775,Car / Sedan,2,Sedan / jeep / station wagon,opposite,51.6%,2174.68,2175.23,0.55,32.7
61792,Motorcycle,1,Motorcycle / 3-wheel vehicle,opposite,89.6%,2175.23,2175.68,0.45,40.0
61770,Car / Sedan,2,Sedan / jeep / station wagon,opposite,89.0%,2176.18,2176.58,0.4,45.0
61822,Motorcycle,1,Motorcycle / 3-wheel vehicle,opposite,80.1%,2176.78,2177.23,0.45,40.0
61829,Car / Sedan,2,Sedan / jeep / station wagon,opposite,90.7%,2177.08,2177.48,0.4,45.0
61870,Pickup / Micro Truck,4,Pickup / micro truck / delivery,opposite,82.1%,2178.38,2178.78,0.4,45.0
61885,Car / Sedan,2,Sedan / jeep / station wagon,opposite,93.6%,2179.68,2180.43,0.75,24.0
61932,Motorcycle,1,Motorcycle / 3-wheel vehicle,opposite,89.0%,2180.48,2180.98,0.5,36.0
61958,Motorcycle,1,Motorcycle / 3-wheel vehicle,opposite,85.1%,2181.33,2181.73,0.4,45.0
61965,Car / Sedan,2,Sedan / jeep / station wagon,opposite,87.4%,2182.079,2182.53,0.45,40.0
62070,Car / Sedan,2,Sedan / jeep / station wagon,opposite,83.7%,2186.529,2187.029,0.5,36.0
62098,Public Transportation (Angkot),3,Medium passenger vehicle,opposite,92.2%,2188.179,2188.729,0.55,32.7
62102,Motorcycle,1,Motorcycle / 3-wheel vehicle,opposite,87.2%,2188.629,2189.429,0.8,22.5
62123,Car / Sedan,2,Sedan / jeep / station wagon,opposite,74.3%,2189.679,2190.129,0.45,40.0
62206,Car / Sedan,2,Sedan / jeep / station wagon,opposite,56.4%,2192.379,2192.779,0.4,45.0
62205,Motorcycle,1,Motorcycle / 3-wheel vehicle,opposite,82.4%,2192.779,2193.379,0.6,30.0
62264,Motorcycle,1,Motorcycle / 3-wheel vehicle,opposite,84.4%,2194.429,2194.829,0.4,45.0
62302,Car / Sedan,2,Sedan / jeep / station wagon,opposite,89.5%,2196.329,2196.729,0.4,45.0
62335,Motorcycle,1,Motorcycle / 3-wheel vehicle,opposite,88.6%,2197.429,2197.829,0.4,45.0
62395,Car / Sedan,2,Sedan / jeep / station wagon,opposite,84.9%,2200.329,2200.729,0.4,45.0
62440,Motorcycle,1,Motorcycle / 3-wheel vehicle,opposite,89.3%,2202.128,2202.478,0.35,51.4
62489,Car / Sedan,2,Sedan / jeep / station wagon,opposite,48.9%,2204.778,2205.178,0.4,45.0
62554,Motorcycle,1,Motorcycle / 3-wheel vehicle,opposite,86.9%,2206.678,2207.028,0.35,51.4
62555,Car / Sedan,2,Sedan / jeep / station wagon,opposite,75.2%,2207.028,2207.378,0.35,51.4
62590,Car / Sedan,2,Sedan / jeep / station wagon,opposite,81.5%,2209.028,2209.428,0.4,45.0
62610,Motorcycle,1,Motorcycle / 3-wheel vehicle,opposite,89.1%,2210.278,2210.828,0.55,32.7
62634,Motorcycle,1,Motorcycle / 3-wheel vehicle,opposite,88.9%,2210.828,2211.178,0.35,51.4
62720,Motorcycle,1,Motorcycle / 3-wheel vehicle,opposite,86.8%,2215.028,2215.378,0.35,51.4
62745,Motorcycle,1,Motorcycle / 3-wheel vehicle,opposite,86.3%,2215.578,2215.928,0.35,51.4
62746,Car / Sedan,2,Sedan / jeep / station wagon,opposite,89.2%,2216.228,2216.678,0.45,40.0
62785,Car / Sedan,2,Sedan / jeep / station wagon,opposite,89.0%,2217.028,2217.428,0.4,45.0
62809,Car / Sedan,2,Sedan / jeep / station wagon,opposite,92.5%,2217.778,2218.177,0.4,45.0
62853,Car / Sedan,2,Sedan / jeep / station wagon,opposite,87.8%,2218.677,2219.128,0.45,40.0
62826,Motorcycle,1,Motorcycle / 3-wheel vehicle,opposite,89.2%,2219.427,2220.177,0.75,24.0
62937,Motorcycle,1,Motorcycle / 3-wheel vehicle,opposite,69.8%,2221.027,2221.377,0.35,51.4
62940,Car / Sedan,2,Sedan / jeep / station wagon,opposite,92.2%,2221.577,2222.027,0.45,40.0
62973,Public Transportation (Angkot),3,Medium passenger vehicle,opposite,91.8%,2222.977,2223.327,0.35,51.4
63000,Motorcycle,1,Motorcycle / 3-wheel vehicle,opposite,88.5%,2224.177,2224.577,0.4,45.0
63049,Pickup / Micro Truck,4,Pickup / micro truck / delivery,opposite,75.3%,2225.427,2225.977,0.55,32.7
63073,Motorcycle,1,Motorcycle / 3-wheel vehicle,opposite,87.8%,2226.427,2226.827,0.4,45.0
63152,Motorcycle,1,Motorcycle / 3-wheel vehicle,opposite,86.9%,2231.077,2231.427,0.35,51.4
63165,Motorcycle,1,Motorcycle / 3-wheel vehicle,opposite,83.7%,2231.527,2231.877,0.35,51.4
63213,Motorcycle,1,Motorcycle / 3-wheel vehicle,opposite,87.8%,2232.927,2233.277,0.35,51.4
63198,Public Transportation (Angkot),3,Medium passenger vehicle,opposite,92.7%,2233.027,2233.477,0.45,40.0
63205,Motorcycle,1,Motorcycle / 3-wheel vehicle,opposite,65.8%,2233.577,2233.677,0.1,180.0
63237,Car / Sedan,2,Sedan / jeep / station wagon,opposite,74.8%,2234.377,2234.777,0.4,45.0
63252,Motorcycle,1,Motorcycle / 3-wheel vehicle,opposite,83.4%,2234.877,2235.277,0.4,45.0
63268,Car / Sedan,2,Sedan / jeep / station wagon,opposite,85.3%,2235.577,2236.027,0.45,40.0
63318,Car / Sedan,2,Sedan / jeep / station wagon,opposite,90.6%,2237.526,2237.977,0.45,40.0
63327,Motorcycle,1,Motorcycle / 3-wheel vehicle,opposite,71.1%,2238.026,2238.576,0.55,32.7
63420,Motorcycle,1,Motorcycle / 3-wheel vehicle,opposite,82.3%,2240.726,2241.026,0.3,60.0
63433,Public Transportation (Angkot),3,Medium passenger vehicle,opposite,92.5%,2242.776,2243.226,0.45,40.0
63483,Car / Sedan,2,Sedan / jeep / station wagon,opposite,86.3%,2244.376,2244.726,0.35,51.4
63527,Motorcycle,1,Motorcycle / 3-wheel vehicle,opposite,79.8%,2246.076,2246.526,0.45,40.0
63525,Car / Sedan,2,Sedan / jeep / station wagon,opposite,89.6%,2246.176,2246.576,0.4,45.0
63574,Motorcycle,1,Motorcycle / 3-wheel vehicle,opposite,87.3%,2247.326,2248.076,0.75,24.0
63570,Motorcycle,1,Motorcycle / 3-wheel vehicle,opposite,89.3%,2247.426,2247.826,0.4,45.0
63578,Public Transportation (Angkot),3,Medium passenger vehicle,opposite,92.5%,2248.176,2248.576,0.4,45.0
63637,Motorcycle,1,Motorcycle / 3-wheel vehicle,opposite,87.0%,2249.576,2249.926,0.35,51.4
63641,Motorcycle,1,Motorcycle / 3-wheel vehicle,opposite,87.5%,2249.926,2250.376,0.45,40.0
63662,Public Transportation (Angkot),3,Medium passenger vehicle,opposite,91.2%,2251.826,2252.176,0.35,51.4
63721,Motorcycle,1,Motorcycle / 3-wheel vehicle,opposite,89.8%,2254.526,2255.175,0.65,27.7
63751,Pickup / Micro Truck,4,Pickup / micro truck / delivery,opposite,86.5%,2254.776,2255.226,0.45,40.0
63797,Public Transportation (Angkot),3,Medium passenger vehicle,opposite,92.4%,2256.975,2257.625,0.65,27.7
63843,Motorcycle,1,Motorcycle / 3-wheel vehicle,opposite,86.3%,2258.175,2258.675,0.5,36.0
63822,Bus,5,Bus,opposite,92.1%,2258.625,2259.075,0.45,40.0
63860,Motorcycle,1,Motorcycle / 3-wheel vehicle,opposite,88.4%,2258.975,2259.525,0.55,32.7
63898,Public Transportation (Angkot),3,Medium passenger vehicle,opposite,92.7%,2261.275,2261.825,0.55,32.7
63938,Car / Sedan,2,Sedan / jeep / station wagon,opposite,93.1%,2262.825,2263.275,0.45,40.0
63956,Public Transportation (Angkot),3,Medium passenger vehicle,opposite,91.9%,2263.275,2263.775,0.5,36.0
63978,Motorcycle,1,Motorcycle / 3-wheel vehicle,opposite,87.8%,2264.175,2264.725,0.55,32.7
63992,Motorcycle,1,Motorcycle / 3-wheel vehicle,opposite,85.9%,2264.375,2264.875,0.5,36.0
64010,Motorcycle,1,Motorcycle / 3-wheel vehicle,opposite,68.5%,2264.925,2265.275,0.35,51.4
64023,2-Axle Truck (Jumbo),6,2-Axle Truck,opposite,92.6%,2266.525,2267.175,0.65,27.7
64039,Public Transportation (Angkot),3,Medium passenger vehicle,opposite,91.7%,2266.725,2267.225,0.5,36.0
64090,Motorcycle,1,Motorcycle / 3-wheel vehicle,opposite,89.5%,2268.125,2268.675,0.55,32.7
64135,Car / Sedan,2,Sedan / jeep / station wagon,opposite,90.6%,2270.325,2270.875,0.55,32.7
64191,Motorcycle,1,Motorcycle / 3-wheel vehicle,opposite,78.5%,2271.125,2271.575,0.45,40.0
64294,Car / Sedan,2,Sedan / jeep / station wagon,opposite,89.1%,2275.074,2275.574,0.5,36.0
64249,Car / Sedan,2,Sedan / jeep / station wagon,opposite,85.9%,2276.924,2278.524,1.6,11.3
64330,Car / Sedan,2,Sedan / jeep / station wagon,opposite,91.2%,2280.074,2282.374,2.3,7.8
64391,Motorcycle,1,Motorcycle / 3-wheel vehicle,opposite,87.3%,2281.224,2282.474,1.25,14.4
64465,Motorcycle,1,Motorcycle / 3-wheel vehicle,opposite,88.6%,2282.224,2283.224,1.0,18.0
64530,Car / Sedan,2,Sedan / jeep / station wagon,opposite,89.4%,2282.774,2283.324,0.55,32.7
64566,Motorcycle,1,Motorcycle / 3-wheel vehicle,opposite,82.0%,2283.174,2283.624,0.45,40.0
64556,Motorcycle,1,Motorcycle / 3-wheel vehicle,opposite,81.5%,2283.274,2283.974,0.7,25.7
64618,Car / Sedan,2,Sedan / jeep / station wagon,opposite,90.2%,2285.224,2285.724,0.5,36.0
64572,Motorcycle,1,Motorcycle / 3-wheel vehicle,opposite,79.6%,2285.374,2286.874,1.5,12.0
64677,Motorcycle,1,Motorcycle / 3-wheel vehicle,opposite,84.6%,2286.124,2286.624,0.5,36.0
64676,Motorcycle,1,Motorcycle / 3-wheel vehicle,opposite,86.6%,2287.724,2289.174,1.45,12.4
64687,Car / Sedan,2,Sedan / jeep / station wagon,opposite,89.8%,2287.974,2289.274,1.3,13.8
64800,Motorcycle,1,Motorcycle / 3-wheel vehicle,opposite,88.7%,2289.574,2290.074,0.5,36.0
64815,Motorcycle,1,Motorcycle / 3-wheel vehicle,opposite,89.3%,2290.823,2291.423,0.6,30.0
64961,Motorcycle,1,Motorcycle / 3-wheel vehicle,opposite,80.5%,2294.723,2295.523,0.8,22.5
64994,Motorcycle,1,Motorcycle / 3-wheel vehicle,opposite,89.3%,2295.273,2295.873,0.6,30.0
65013,Motorcycle,1,Motorcycle / 3-wheel vehicle,opposite,87.2%,2295.723,2296.273,0.55,32.7
65016,Car / Sedan,2,Sedan / jeep / station wagon,opposite,92.3%,2296.623,2297.273,0.65,27.7
65049,Motorcycle,1,Motorcycle / 3-wheel vehicle,opposite,88.0%,2297.073,2297.723,0.65,27.7
65056,Motorcycle,1,Motorcycle / 3-wheel vehicle,opposite,87.6%,2297.623,2298.123,0.5,36.0
65084,Motorcycle,1,Motorcycle / 3-wheel vehicle,opposite,75.5%,2297.623,2298.273,0.65,27.7
65110,Motorcycle,1,Motorcycle / 3-wheel vehicle,opposite,80.8%,2298.973,2299.473,0.5,36.0
65180,Car / Sedan,2,Sedan / jeep / station wagon,opposite,89.8%,2301.373,2301.723,0.35,51.4
65140,Car / Sedan,2,Sedan / jeep / station wagon,opposite,86.0%,2305.073,2307.923,2.85,6.3
65323,Public Transportation (Angkot),3,Medium passenger vehicle,opposite,92.2%,2306.523,2307.073,0.55,32.7
65294,Motorcycle,1,Motorcycle / 3-wheel vehicle,opposite,88.1%,2307.423,2309.573,2.15,8.4
65348,Motorcycle,1,Motorcycle / 3-wheel vehicle,opposite,86.9%,2307.773,2308.323,0.55,32.7
65384,Motorcycle,1,Motorcycle / 3-wheel vehicle,opposite,85.7%,2308.773,2309.323,0.55,32.7
65428,Motorcycle,1,Motorcycle / 3-wheel vehicle,opposite,85.2%,2310.173,2310.572,0.4,45.0
65492,Motorcycle,1,Motorcycle / 3-wheel vehicle,opposite,82.0%,2313.322,2313.722,0.4,45.0
65511,Bus,5,Bus,opposite,91.5%,2315.022,2315.472,0.45,40.0
65528,Motorcycle,1,Motorcycle / 3-wheel vehicle,opposite,88.1%,2315.472,2316.122,0.65,27.7
65552,Car / Sedan,2,Sedan / jeep / station wagon,opposite,79.5%,2315.572,2316.022,0.45,40.0
65569,Motorcycle,1,Motorcycle / 3-wheel vehicle,opposite,86.4%,2316.922,2317.872,0.95,18.9
65577,Bus,5,Bus,opposite,91.2%,2317.722,2318.222,0.5,36.0
65606,Motorcycle,1,Motorcycle / 3-wheel vehicle,opposite,85.6%,2319.272,2319.922,0.65,27.7
65621,Car / Sedan,2,Sedan / jeep / station wagon,opposite,89.2%,2319.372,2319.972,0.6,30.0
65640,Motorcycle,1,Motorcycle / 3-wheel vehicle,opposite,89.4%,2320.372,2320.922,0.55,32.7
65648,Car / Sedan,2,Sedan / jeep / station wagon,opposite,45.1%,2320.822,2321.222,0.4,45.0
65674,Motorcycle,1,Motorcycle / 3-wheel vehicle,opposite,86.7%,2321.022,2321.572,0.55,32.7
65704,Car / Sedan,2,Sedan / jeep / station wagon,opposite,89.7%,2322.822,2323.422,0.6,30.0
65740,Motorcycle,1,Motorcycle / 3-wheel vehicle,opposite,69.7%,2324.122,2324.622,0.5,36.0
65819,Motorcycle,1,Motorcycle / 3-wheel vehicle,opposite,87.1%,2325.622,2326.022,0.4,45.0
65822,Motorcycle,1,Motorcycle / 3-wheel vehicle,opposite,88.8%,2326.222,2326.672,0.45,40.0
65835,Car / Sedan,2,Sedan / jeep / station wagon,opposite,85.5%,2326.472,2326.972,0.5,36.0
65884,Car / Sedan,2,Sedan / jeep / station wagon,opposite,85.1%,2328.222,2328.771,0.55,32.7
65935,Car / Sedan,2,Sedan / jeep / station wagon,opposite,88.2%,2329.971,2330.471,0.5,36.0
65999,Car / Sedan,2,Sedan / jeep / station wagon,opposite,83.3%,2331.971,2332.471,0.5,36.0
65984,Motorcycle,1,Motorcycle / 3-wheel vehicle,opposite,88.4%,2332.021,2332.621,0.6,30.0
65979,Motorcycle,1,Motorcycle / 3-wheel vehicle,opposite,88.2%,2332.121,2332.871,0.75,24.0
66037,Motorcycle,1,Motorcycle / 3-wheel vehicle,opposite,45.8%,2332.871,2333.471,0.6,30.0
66027,Car / Sedan,2,Sedan / jeep / station wagon,opposite,83.3%,2332.971,2333.571,0.6,30.0
66050,Car / Sedan,2,Sedan / jeep / station wagon,opposite,84.9%,2333.771,2334.221,0.45,40.0
66106,Car / Sedan,2,Sedan / jeep / station wagon,opposite,92.8%,2335.271,2335.871,0.6,30.0
66144,Motorcycle,1,Motorcycle / 3-wheel vehicle,opposite,88.9%,2336.071,2336.571,0.5,36.0
66190,Car / Sedan,2,Sedan / jeep / station wagon,opposite,47.4%,2337.121,2337.671,0.55,32.7
66173,Car / Sedan,2,Sedan / jeep / station wagon,opposite,41.0%,2337.371,2337.721,0.35,51.4
66201,Motorcycle,1,Motorcycle / 3-wheel vehicle,opposite,89.2%,2337.621,2338.071,0.45,40.0
66221,Car / Sedan,2,Sedan / jeep / station wagon,opposite,90.6%,2338.921,2339.371,0.45,40.0
66241,Car / Sedan,2,Sedan / jeep / station wagon,opposite,92.3%,2339.971,2340.471,0.5,36.0
66295,Motorcycle,1,Motorcycle / 3-wheel vehicle,opposite,86.3%,2341.171,2341.571,0.4,45.0
66292,Public Transportation (Angkot),3,Medium passenger vehicle,opposite,91.1%,2341.571,2342.071,0.5,36.0
66336,Motorcycle,1,Motorcycle / 3-wheel vehicle,opposite,84.0%,2342.171,2342.471,0.3,60.0
66357,Motorcycle,1,Motorcycle / 3-wheel vehicle,opposite,85.1%,2343.171,2343.571,0.4,45.0
66367,Public Transportation (Angkot),3,Medium passenger vehicle,opposite,89.3%,2343.971,2344.421,0.45,40.0
66397,Motorcycle,1,Motorcycle / 3-wheel vehicle,opposite,89.0%,2344.821,2345.271,0.45,40.0
66416,Motorcycle,1,Motorcycle / 3-wheel vehicle,opposite,84.1%,2345.271,2345.771,0.5,36.0
66443,Motorcycle,1,Motorcycle / 3-wheel vehicle,opposite,89.7%,2346.72,2347.12,0.4,45.0
66471,2-Axle Truck (Jumbo),6,2-Axle Truck,opposite,89.3%,2348.47,2349.17,0.7,25.7
66512,Motorcycle,1,Motorcycle / 3-wheel vehicle,opposite,88.0%,2349.62,2350.07,0.45,40.0
66531,Motorcycle,1,Motorcycle / 3-wheel vehicle,opposite,87.1%,2349.72,2350.27,0.55,32.7
66535,Motorcycle,1,Motorcycle / 3-wheel vehicle,opposite,89.5%,2350.27,2350.77,0.5,36.0
66495,Motorcycle,1,Motorcycle / 3-wheel vehicle,opposite,88.4%,2351.07,2351.57,0.5,36.0
66563,Car / Sedan,2,Sedan / jeep / station wagon,opposite,75.2%,2351.47,2351.97,0.5,36.0
66605,Motorcycle,1,Motorcycle / 3-wheel vehicle,opposite,89.2%,2352.47,2352.97,0.5,36.0
66637,Motorcycle,1,Motorcycle / 3-wheel vehicle,opposite,88.3%,2352.77,2353.17,0.4,45.0
66640,Car / Sedan,2,Sedan / jeep / station wagon,opposite,86.0%,2353.42,2353.92,0.5,36.0
66677,Motorcycle,1,Motorcycle / 3-wheel vehicle,opposite,86.1%,2353.87,2354.32,0.45,40.0
