track_id,Detected Type,Class Code,Class Label,Direction,Confidence,line1_time_s,line2_time_s,dt_s,speed_kph
5,Motorcycle,1,Motorcycle / 3-wheel vehicle,opposite,87.9%,0.25,2.25,2.0,9.0
7,Motorcycle,1,Motorcycle / 3-wheel vehicle,opposite,89.6%,0.5,1.5,1.0,18.0
11,Motorcycle,1,Motorcycle / 3-wheel vehicle,opposite,85.5%,1.15,3.15,2.0,9.0
32,Motorcycle,1,Motorcycle / 3-wheel vehicle,opposite,89.3%,1.85,3.1,1.25,14.4
88,Motorcycle,1,Motorcycle / 3-wheel vehicle,opposite,90.3%,3.15,4.5,1.35,13.3
13,Car / Sedan,2,Sedan / jeep / station wagon,opposite,93.3%,4.15,6.4,2.25,8.0
183,Motorcycle,1,Motorcycle / 3-wheel vehicle,opposite,87.1%,4.65,5.8,1.15,15.7
73,Motorcycle,1,Motorcycle / 3-wheel vehicle,opposite,83.3%,6.2,7.6,1.4,12.9
164,Car / Sedan,2,Sedan / jeep / station wagon,opposite,63.9%,6.8,7.95,1.15,15.7
55,Motorcycle,1,Motorcycle / 3-wheel vehicle,opposite,90.5%,7.25,8.95,1.7,10.6
154,Motorcycle,1,Motorcycle / 3-wheel vehicle,opposite,89.5%,7.6,8.75,1.15,15.7
145,Motorcycle,1,Motorcycle / 3-wheel vehicle,normal,62.5%,9.899,7.65,2.25,8.0
100,Motorcycle,1,Motorcycle / 3-wheel vehicle,opposite,80.0%,8.0,9.649,1.65,10.9
188,Motorcycle,1,Motorcycle / 3-wheel vehicle,opposite,90.0%,8.85,10.35,1.5,12.0
255,Motorcycle,1,Motorcycle / 3-wheel vehicle,opposite,88.6%,8.85,9.85,1.0,18.0
269,Motorcycle,1,Motorcycle / 3-wheel vehicle,normal,70.3%,11.149,9.649,1.5,12.0
312,Public Transportation (Angkot),3,Medium passenger vehicle,opposite,92.9%,10.3,12.399,2.1,8.6
256,Car / Sedan,2,Sedan / jeep / station wagon,opposite,92.7%,11.099,12.699,1.6,11.2
392,Motorcycle,1,Motorcycle / 3-wheel vehicle,opposite,79.8%,11.349,12.999,1.65,10.9
262,Car / Sedan,2,Sedan / jeep / station wagon,normal,82.6%,13.899,11.499,2.4,7.5
455,Motorcycle,1,Motorcycle / 3-wheel vehicle,opposite,88.7%,11.799,13.099,1.3,13.8
496,Motorcycle,1,Motorcycle / 3-wheel vehicle,opposite,87.5%,12.299,14.049,1.75,10.3
509,Motorcycle,1,Motorcycle / 3-wheel vehicle,opposite,88.9%,12.549,13.949,1.4,12.9
572,Motorcycle,1,Motorcycle / 3-wheel vehicle,opposite,88.8%,13.649,15.049,1.4,12.9
592,Motorcycle,1,Motorcycle / 3-wheel vehicle,opposite,91.0%,13.749,14.699,0.95,18.9
671,Motorcycle,1,Motorcycle / 3-wheel vehicle,opposite,86.2%,14.799,16.149,1.35,13.3
688,Public Transportation (Angkot),3,Medium passenger vehicle,opposite,93.2%,15.849,17.349,1.5,12.0
653,Motorcycle,1,Motorcycle / 3-wheel vehicle,opposite,83.3%,16.149,17.749,1.6,11.3
826,Motorcycle,1,Motorcycle / 3-wheel vehicle,opposite,87.4%,16.749,17.599,0.85,21.2
835,Motorcycle,1,Motorcycle / 3-wheel vehicle,opposite,89.1%,17.049,18.649,1.6,11.2
872,Motorcycle,1,Motorcycle / 3-wheel vehicle,opposite,88.6%,17.599,18.799,1.2,15.0
915,Motorcycle,1,Motorcycle / 3-wheel vehicle,normal,58.8%,19.049,17.599,1.45,12.4
926,Motorcycle,1,Motorcycle / 3-wheel vehicle,opposite,87.9%,18.399,19.699,1.3,13.8
892,Car / Sedan,2,Sedan / jeep / station wagon,opposite,93.4%,18.549,20.099,1.55,11.6
958,Motorcycle,1,Motorcycle / 3-wheel vehicle,normal,84.5%,20.149,18.949,1.2,15.0
1020,Motorcycle,1,Motorcycle / 3-wheel vehicle,opposite,85.8%,19.849,21.099,1.25,14.4
1055,Motorcycle,1,Motorcycle / 3-wheel vehicle,opposite,86.7%,20.249,21.199,0.95,18.9
1094,Motorcycle,1,Motorcycle / 3-wheel vehicle,opposite,83.4%,20.899,21.949,1.05,17.1
1068,Car / Sedan,2,Sedan / jeep / station wagon,opposite,92.4%,20.949,22.249,1.3,13.8
1103,Motorcycle,1,Motorcycle / 3-wheel vehicle,opposite,88.7%,21.249,22.349,1.1,16.4
1083,Motorcycle,1,Motorcycle / 3-wheel vehicle,opposite,89.2%,21.999,23.099,1.1,16.4
1229,Motorcycle,1,Motorcycle / 3-wheel vehicle,opposite,89.5%,22.599,23.749,1.15,15.7
1236,Car / Sedan,2,Sedan / jeep / station wagon,opposite,93.4%,23.249,24.749,1.5,12.0
1286,Motorcycle,1,Motorcycle / 3-wheel vehicle,opposite,88.0%,23.499,24.849,1.35,13.3
1357,Motorcycle,1,Motorcycle / 3-wheel vehicle,opposite,88.9%,24.349,25.499,1.15,15.7
1358,Motorcycle,1,Motorcycle / 3-wheel vehicle,opposite,89.1%,24.349,25.599,1.25,14.4
1403,Motorcycle,1,Motorcycle / 3-wheel vehicle,opposite,87.5%,25.049,26.349,1.3,13.8
1472,Motorcycle,1,Motorcycle / 3-wheel vehicle,opposite,86.3%,25.699,26.999,1.3,13.8
1396,2-Axle Truck (Jumbo),6,2-Axle Truck,opposite,92.6%,25.899,27.499,1.6,11.3
1494,Motorcycle,1,Motorcycle / 3-wheel vehicle,opposite,86.3%,26.249,27.599,1.35,13.3
1493,Motorcycle,1,Motorcycle / 3-wheel vehicle,opposite,87.7%,26.599,27.999,1.4,12.9
1561,Motorcycle,1,Motorcycle / 3-wheel vehicle,opposite,87.5%,27.399,28.748,1.35,13.3
1636,Motorcycle,1,Motorcycle / 3-wheel vehicle,opposite,88.2%,28.748,30.049,1.3,13.8
1696,Motorcycle,1,Motorcycle / 3-wheel vehicle,normal,82.8%,29.799,28.748,1.05,17.1
1664,Motorcycle,1,Motorcycle / 3-wheel vehicle,opposite,88.9%,28.849,29.948,1.1,16.4
1717,Motorcycle,1,Motorcycle / 3-wheel vehicle,normal,56.6%,31.448,29.849,1.6,11.3
1756,Motorcycle,1,Motorcycle / 3-wheel vehicle,opposite,89.3%,29.948,30.898,0.95,18.9
1769,Motorcycle,1,Motorcycle / 3-wheel vehicle,normal,80.3%,30.998,29.948,1.05,17.1
1761,Car / Sedan,2,Sedan / jeep / station wagon,opposite,94.0%,30.448,31.698,1.25,14.4
1858,Motorcycle,1,Motorcycle / 3-wheel vehicle,opposite,87.3%,31.298,31.998,0.7,25.7
1802,Motorcycle,1,Motorcycle / 3-wheel vehicle,normal,85.4%,32.398,31.648,0.75,24.0
1921,Motorcycle,1,Motorcycle / 3-wheel vehicle,opposite,88.2%,32.648,33.498,0.85,21.2
1916,Motorcycle,1,Motorcycle / 3-wheel vehicle,normal,82.8%,34.248,33.148,1.1,16.4
1999,Motorcycle,1,Motorcycle / 3-wheel vehicle,opposite,89.2%,33.798,34.648,0.85,21.2
2057,Motorcycle,1,Motorcycle / 3-wheel vehicle,opposite,87.6%,34.248,34.998,0.75,24.0
1991,Car / Sedan,2,Sedan / jeep / station wagon,opposite,93.0%,34.348,35.398,1.05,17.1
2041,Motorcycle,1,Motorcycle / 3-wheel vehicle,normal,84.1%,35.748,34.798,0.95,18.9
2105,Motorcycle,1,Motorcycle / 3-wheel vehicle,opposite,85.4%,34.898,35.598,0.7,25.7
2092,Motorcycle,1,Motorcycle / 3-wheel vehicle,opposite,89.3%,35.098,35.998,0.9,20.0
2135,Motorcycle,1,Motorcycle / 3-wheel vehicle,normal,46.7%,37.398,35.648,1.75,10.3
2151,Motorcycle,1,Motorcycle / 3-wheel vehicle,opposite,85.9%,35.798,36.698,0.9,20.0
2152,Motorcycle,1,Motorcycle / 3-wheel vehicle,opposite,90.0%,35.848,36.748,0.9,20.0
2110,Motorcycle,1,Motorcycle / 3-wheel vehicle,normal,85.1%,37.198,36.098,1.1,16.4
2282,Motorcycle,1,Motorcycle / 3-wheel vehicle,opposite,89.2%,37.498,38.398,0.9,20.0
2343,Car / Sedan,2,Sedan / jeep / station wagon,opposite,93.2%,38.548,39.398,0.85,21.2
2379,Motorcycle,1,Motorcycle / 3-wheel vehicle,opposite,87.8%,38.648,39.598,0.95,18.9
2303,Motorcycle,1,Motorcycle / 3-wheel vehicle,normal,54.8%,39.948,38.998,0.95,18.9
2415,Motorcycle,1,Motorcycle / 3-wheel vehicle,opposite,86.6%,39.298,40.148,0.85,21.2
2445,Motorcycle,1,Motorcycle / 3-wheel vehicle,opposite,86.4%,39.648,40.498,0.85,21.2
2472,Motorcycle,1,Motorcycle / 3-wheel vehicle,normal,83.6%,40.648,39.798,0.85,21.2
2476,Motorcycle,1,Motorcycle / 3-wheel vehicle,opposite,89.5%,40.048,40.898,0.85,21.2
2499,Motorcycle,1,Motorcycle / 3-wheel vehicle,normal,85.2%,40.998,40.248,0.75,24.0
2498,Motorcycle,1,Motorcycle / 3-wheel vehicle,opposite,88.9%,40.298,40.998,0.7,25.7
2519,Motorcycle,1,Motorcycle / 3-wheel vehicle,opposite,84.3%,40.848,41.948,1.1,16.4
2554,Motorcycle,1,Motorcycle / 3-wheel vehicle,normal,86.4%,41.998,41.298,0.7,25.7
2593,Motorcycle,1,Motorcycle / 3-wheel vehicle,opposite,81.6%,41.848,42.848,1.0,18.0
2614,Motorcycle,1,Motorcycle / 3-wheel vehicle,normal,85.1%,43.298,42.398,0.9,20.0
2676,Motorcycle,1,Motorcycle / 3-wheel vehicle,opposite,86.6%,43.048,43.898,0.85,21.2
2653,Car / Sedan,2,Sedan / jeep / station wagon,opposite,92.9%,43.148,44.098,0.95,18.9
2718,Motorcycle,1,Motorcycle / 3-wheel vehicle,opposite,88.3%,43.948,44.798,0.85,21.2
2732,Car / Sedan,2,Sedan / jeep / station wagon,opposite,87.7%,44.098,44.948,0.85,21.2
2740,Motorcycle,1,Motorcycle / 3-wheel vehicle,normal,70.4%,45.998,44.248,1.75,10.3
2764,Motorcycle,1,Motorcycle / 3-wheel vehicle,normal,82.2%,46.098,45.048,1.05,17.1
2784,Motorcycle,1,Motorcycle / 3-wheel vehicle,opposite,90.5%,45.148,45.848,0.7,25.7
2775,Motorcycle,1,Motorcycle / 3-wheel vehicle,normal,84.7%,46.998,45.198,1.8,10.0
2819,Motorcycle,1,Motorcycle / 3-wheel vehicle,normal,77.4%,47.598,45.948,1.65,10.9
2846,Motorcycle,1,Motorcycle / 3-wheel vehicle,opposite,85.8%,45.998,46.798,0.8,22.5
2862,Motorcycle,1,Motorcycle / 3-wheel vehicle,opposite,76.6%,45.998,46.698,0.7,25.7
2883,Motorcycle,1,Motorcycle / 3-wheel vehicle,opposite,87.9%,46.498,47.348,0.85,21.2
2943,Motorcycle,1,Motorcycle / 3-wheel vehicle,opposite,88.8%,47.348,47.998,0.65,27.7
2929,Motorcycle,1,Motorcycle / 3-wheel vehicle,normal,73.0%,49.547,47.648,1.9,9.5
2965,Motorcycle,1,Motorcycle / 3-wheel vehicle,opposite,88.7%,47.948,48.797,0.85,21.2
2964,Motorcycle,1,Motorcycle / 3-wheel vehicle,opposite,89.0%,48.098,48.898,0.8,22.5
2984,Motorcycle,1,Motorcycle / 3-wheel vehicle,opposite,90.7%,48.248,48.947,0.7,25.7
3043,Motorcycle,1,Motorcycle / 3-wheel vehicle,normal,67.8%,49.797,49.047,0.75,24.0
3033,Car / Sedan,2,Sedan / jeep / station wagon,opposite,93.6%,49.498,50.447,0.95,18.9
3072,Motorcycle,1,Motorcycle / 3-wheel vehicle,opposite,76.4%,49.697,50.597,0.9,20.0
2970,Car / Sedan,2,Sedan / jeep / station wagon,normal,61.2%,51.047,49.998,1.05,17.1
3095,Motorcycle,1,Motorcycle / 3-wheel vehicle,opposite,90.3%,50.248,51.147,0.9,20.0
3110,Motorcycle,1,Motorcycle / 3-wheel vehicle,opposite,88.3%,50.248,51.197,0.95,18.9
3144,Motorcycle,1,Motorcycle / 3-wheel vehicle,opposite,88.5%,50.847,51.747,0.9,20.0
3152,Motorcycle,1,Motorcycle / 3-wheel vehicle,opposite,86.3%,50.897,51.897,1.0,18.0
3158,Motorcycle,1,Motorcycle / 3-wheel vehicle,opposite,86.1%,51.047,51.897,0.85,21.2
3112,Motorcycle,1,Motorcycle / 3-wheel vehicle,opposite,89.6%,51.247,52.097,0.85,21.2
3191,Motorcycle,1,Motorcycle / 3-wheel vehicle,opposite,89.8%,51.697,52.547,0.85,21.2
3241,Motorcycle,1,Motorcycle / 3-wheel vehicle,opposite,88.3%,52.147,52.997,0.85,21.2
3257,Motorcycle,1,Motorcycle / 3-wheel vehicle,opposite,85.5%,52.197,53.147,0.95,18.9
3249,Pickup / Micro Truck,4,Pickup / micro truck / delivery,normal,72.4%,53.547,52.397,1.15,15.7
3276,Pickup / Micro Truck,4,Pickup / micro truck / delivery,opposite,91.7%,53.247,54.247,1.0,18.0
3333,Motorcycle,1,Motorcycle / 3-wheel vehicle,opposite,86.5%,54.147,54.997,0.85,21.2
3328,Motorcycle,1,Motorcycle / 3-wheel vehicle,opposite,89.1%,54.247,55.097,0.85,21.2
3376,Motorcycle,1,Motorcycle / 3-wheel vehicle,normal,81.0%,55.647,54.647,1.0,18.0
3372,Motorcycle,1,Motorcycle / 3-wheel vehicle,opposite,87.9%,54.797,55.547,0.75,24.0
3313,Car / Sedan,2,Sedan / jeep / station wagon,normal,91.3%,56.047,54.947,1.1,16.4
3345,Car / Sedan,2,Sedan / jeep / station wagon,opposite,93.5%,55.047,55.997,0.95,18.9
3435,Motorcycle,1,Motorcycle / 3-wheel vehicle,opposite,88.8%,55.747,56.547,0.8,22.5
3485,Motorcycle,1,Motorcycle / 3-wheel vehicle,normal,85.1%,57.047,56.047,1.0,18.0
3422,Motorcycle,1,Motorcycle / 3-wheel vehicle,normal,84.5%,57.947,56.597,1.35,13.3
3523,Motorcycle,1,Motorcycle / 3-wheel vehicle,opposite,89.9%,56.697,57.447,0.75,24.0
3571,Motorcycle,1,Motorcycle / 3-wheel vehicle,opposite,86.9%,57.597,58.447,0.85,21.2
3572,Car / Sedan,2,Sedan / jeep / station wagon,opposite,93.4%,58.197,59.197,1.0,18.0
3614,Motorcycle,1,Motorcycle / 3-wheel vehicle,opposite,86.4%,58.297,59.047,0.75,24.0
3534,Car / Sedan,2,Sedan / jeep / station wagon,normal,84.7%,64.197,58.447,5.75,3.1
3698,Motorcycle,1,Motorcycle / 3-wheel vehicle,opposite,88.6%,59.447,60.247,0.8,22.5
3699,Car / Sedan,2,Sedan / jeep / station wagon,opposite,93.4%,59.947,60.947,1.0,18.0
3498,Motorcycle,1,Motorcycle / 3-wheel vehicle,normal,45.4%,60.097,67.097,7.0,2.6
3743,Motorcycle,1,Motorcycle / 3-wheel vehicle,opposite,88.8%,60.147,60.897,0.75,24.0
3691,Motorcycle,1,Motorcycle / 3-wheel vehicle,opposite,90.8%,60.397,61.947,1.55,11.6
3826,Motorcycle,1,Motorcycle / 3-wheel vehicle,opposite,87.0%,61.247,62.047,0.8,22.5
3825,Motorcycle,1,Motorcycle / 3-wheel vehicle,opposite,84.0%,61.397,62.247,0.85,21.2
3866,Motorcycle,1,Motorcycle / 3-wheel vehicle,opposite,87.4%,61.947,62.747,0.8,22.5
3675,Motorcycle,1,Motorcycle / 3-wheel vehicle,opposite,74.2%,63.247,65.297,2.05,8.8
3908,Car / Sedan,2,Sedan / jeep / station wagon,opposite,41.9%,63.447,64.547,1.1,16.4
4008,Motorcycle,1,Motorcycle / 3-wheel vehicle,opposite,86.4%,63.997,64.547,0.55,32.7
4218,Motorcycle,1,Motorcycle / 3-wheel vehicle,opposite,82.1%,67.347,68.597,1.25,14.4
4153,Motorcycle,1,Motorcycle / 3-wheel vehicle,opposite,89.7%,67.997,69.347,1.35,13.3
3822,Car / Sedan,2,Sedan / jeep / station wagon,opposite,93.2%,68.347,71.046,2.7,6.7
4163,Motorcycle,1,Motorcycle / 3-wheel vehicle,normal,85.7%,73.446,70.746,2.7,6.7
4426,Car / Sedan,2,Sedan / jeep / station wagon,opposite,89.7%,71.446,72.646,1.2,15.0
4496,Car / Sedan,2,Sedan / jeep / station wagon,opposite,92.5%,71.646,73.446,1.8,10.0
4528,Motorcycle,1,Motorcycle / 3-wheel vehicle,opposite,79.1%,72.046,73.696,1.65,10.9
4530,Motorcycle,1,Motorcycle / 3-wheel vehicle,opposite,87.9%,72.196,73.346,1.15,15.7
4538,Motorcycle,1,Motorcycle / 3-wheel vehicle,opposite,87.2%,72.346,73.446,1.1,16.4
4658,Motorcycle,1,Motorcycle / 3-wheel vehicle,normal,72.0%,74.596,72.896,1.7,10.6
4605,Motorcycle,1,Motorcycle / 3-wheel vehicle,opposite,84.9%,73.046,74.446,1.4,12.9
4683,Motorcycle,1,Motorcycle / 3-wheel vehicle,opposite,88.1%,73.946,74.946,1.0,18.0
4731,Motorcycle,1,Motorcycle / 3-wheel vehicle,normal,85.1%,75.496,74.346,1.15,15.7
4784,Motorcycle,1,Motorcycle / 3-wheel vehicle,opposite,86.4%,74.796,75.796,1.0,18.0
4743,Car / Sedan,2,Sedan / jeep / station wagon,opposite,82.1%,74.896,76.096,1.2,15.0
4646,Motorcycle,1,Motorcycle / 3-wheel vehicle,normal,80.4%,76.496,75.196,1.3,13.8
4793,Motorcycle,1,Motorcycle / 3-wheel vehicle,normal,83.9%,76.996,75.696,1.3,13.8
4875,Motorcycle,1,Motorcycle / 3-wheel vehicle,normal,84.1%,77.796,76.546,1.25,14.4
4950,Motorcycle,1,Motorcycle / 3-wheel vehicle,opposite,80.1%,77.396,78.296,0.9,20.0
4888,Motorcycle,1,Motorcycle / 3-wheel vehicle,normal,84.1%,79.046,77.646,1.4,12.9
4937,Motorcycle,1,Motorcycle / 3-wheel vehicle,normal,86.7%,79.796,78.196,1.6,11.2
4965,Motorcycle,1,Motorcycle / 3-wheel vehicle,normal,87.0%,80.446,78.746,1.7,10.6
5055,Motorcycle,1,Motorcycle / 3-wheel vehicle,opposite,89.5%,79.446,80.396,0.95,18.9
5062,Car / Sedan,2,Sedan / jeep / station wagon,opposite,93.7%,80.046,81.046,1.0,18.0
5176,Motorcycle,1,Motorcycle / 3-wheel vehicle,opposite,89.6%,80.796,81.796,1.0,18.0
5196,Motorcycle,1,Motorcycle / 3-wheel vehicle,opposite,90.1%,81.146,82.146,1.0,18.0
5231,Motorcycle,1,Motorcycle / 3-wheel vehicle,opposite,89.8%,81.446,82.246,0.8,22.5
5297,Public Transportation (Angkot),3,Medium passenger vehicle,opposite,93.2%,83.246,84.746,1.5,12.0
5333,Car / Sedan,2,Sedan / jeep / station wagon,opposite,89.3%,83.246,84.296,1.05,17.1
5296,Motorcycle,1,Motorcycle / 3-wheel vehicle,normal,46.5%,86.446,83.746,2.7,6.7
5395,Motorcycle,1,Motorcycle / 3-wheel vehicle,opposite,89.1%,83.996,84.946,0.95,18.9
5014,Motorcycle,1,Motorcycle / 3-wheel vehicle,opposite,88.8%,84.446,86.046,1.6,11.3
5386,Motorcycle,1,Motorcycle / 3-wheel vehicle,opposite,65.8%,85.196,86.596,1.4,12.9
5145,Car / Sedan,2,Sedan / jeep / station wagon,normal,76.1%,89.795,85.596,4.2,4.3
5343,Motorcycle,1,Motorcycle / 3-wheel vehicle,opposite,86.1%,85.646,87.546,1.9,9.5
5458,Motorcycle,1,Motorcycle / 3-wheel vehicle,opposite,88.9%,86.496,87.996,1.5,12.0
5521,Motorcycle,1,Motorcycle / 3-wheel vehicle,opposite,88.9%,86.896,88.546,1.65,10.9
5635,Motorcycle,1,Motorcycle / 3-wheel vehicle,opposite,87.0%,87.446,88.945,1.5,12.0
5541,Car / Sedan,2,Sedan / jeep / station wagon,normal,89.6%,91.995,88.496,3.5,5.1
5798,Motorcycle,1,Motorcycle / 3-wheel vehicle,normal,78.7%,92.245,89.695,2.55,7.1
5760,Car / Sedan,2,Sedan / jeep / station wagon,opposite,93.8%,89.895,91.195,1.3,13.8
5780,Motorcycle,1,Motorcycle / 3-wheel vehicle,normal,74.5%,92.895,90.445,2.45,7.3
5911,Motorcycle,1,Motorcycle / 3-wheel vehicle,normal,68.9%,96.295,91.895,4.4,4.1
5962,Motorcycle,1,Motorcycle / 3-wheel vehicle,normal,78.7%,94.595,92.945,1.65,10.9
5994,Motorcycle,1,Motorcycle / 3-wheel vehicle,opposite,88.3%,92.995,93.795,0.8,22.5
6025,Motorcycle,1,Motorcycle / 3-wheel vehicle,normal,78.7%,95.145,93.995,1.15,15.7
6099,Motorcycle,1,Motorcycle / 3-wheel vehicle,normal,84.9%,96.145,94.595,1.55,11.6
5925,Car / Sedan,2,Sedan / jeep / station wagon,normal,42.7%,99.595,94.845,4.75,3.8
6135,Motorcycle,1,Motorcycle / 3-wheel vehicle,normal,81.7%,96.995,95.795,1.2,15.0
6032,Motorcycle,1,Motorcycle / 3-wheel vehicle,normal,77.5%,97.045,95.995,1.05,17.1
6020,Car / Sedan,2,Sedan / jeep / station wagon,normal,82.4%,102.895,97.145,5.75,3.1
6201,Car / Sedan,2,Sedan / jeep / station wagon,opposite,93.8%,97.645,98.445,0.8,22.5
6314,Motorcycle,1,Motorcycle / 3-wheel vehicle,normal,59.2%,101.495,99.145,2.35,7.7
6335,Motorcycle,1,Motorcycle / 3-wheel vehicle,opposite,90.0%,101.095,102.145,1.05,17.1
6407,Motorcycle,1,Motorcycle / 3-wheel vehicle,normal,56.9%,103.545,101.245,2.3,7.8
6416,Motorcycle,1,Motorcycle / 3-wheel vehicle,opposite,89.8%,101.995,103.145,1.15,15.7
6484,Motorcycle,1,Motorcycle / 3-wheel vehicle,opposite,91.2%,102.195,103.545,1.35,13.3
6476,Motorcycle,1,Motorcycle / 3-wheel vehicle,normal,81.6%,105.345,102.745,2.6,6.9
6472,Motorcycle,1,Motorcycle / 3-wheel vehicle,opposite,89.1%,103.545,105.045,1.5,12.0
6582,Motorcycle,1,Motorcycle / 3-wheel vehicle,opposite,86.7%,103.945,104.945,1.0,18.0
6601,Motorcycle,1,Motorcycle / 3-wheel vehicle,normal,75.9%,106.495,104.345,2.15,8.4
6117,Car / Sedan,2,Sedan / jeep / station wagon,normal,82.2%,107.945,105.245,2.7,6.7
6848,Motorcycle,1,Motorcycle / 3-wheel vehicle,opposite,89.4%,107.594,108.344,0.75,24.0
6312,2-Axle Truck (Jumbo),6,2-Axle Truck,normal,77.1%,109.894,107.745,2.15,8.4
6795,Motorcycle,1,Motorcycle / 3-wheel vehicle,normal,84.1%,109.094,108.094,1.0,18.0
6981,Motorcycle,1,Motorcycle / 3-wheel vehicle,normal,65.1%,112.344,110.244,2.1,8.6
6774,Car / Sedan,2,Sedan / jeep / station wagon,normal,90.8%,112.594,110.644,1.95,9.2
7016,Motorcycle,1,Motorcycle / 3-wheel vehicle,normal,85.2%,111.894,110.994,0.9,20.0
7134,Motorcycle,1,Motorcycle / 3-wheel vehicle,normal,84.7%,113.644,111.994,1.65,10.9
6941,Motorcycle,1,Motorcycle / 3-wheel vehicle,normal,85.2%,114.144,112.594,1.55,11.6
7248,Motorcycle,1,Motorcycle / 3-wheel vehicle,normal,74.0%,114.844,113.544,1.3,13.8
7061,Public Transportation (Angkot),3,Medium passenger vehicle,normal,35.8%,115.994,113.694,2.3,7.8
7033,Car / Sedan,2,Sedan / jeep / station wagon,normal,87.8%,115.294,113.794,1.5,12.0
7304,Motorcycle,1,Motorcycle / 3-wheel vehicle,opposite,85.1%,114.544,115.744,1.2,15.0
7280,Motorcycle,1,Motorcycle / 3-wheel vehicle,normal,85.5%,115.944,114.744,1.2,15.0
7341,Motorcycle,1,Motorcycle / 3-wheel vehicle,normal,85.3%,116.644,115.394,1.25,14.4
7397,Motorcycle,1,Motorcycle / 3-wheel vehicle,normal,60.5%,117.444,115.794,1.65,10.9
7327,Motorcycle,1,Motorcycle / 3-wheel vehicle,normal,47.6%,118.744,116.544,2.2,8.2
7458,Motorcycle,1,Motorcycle / 3-wheel vehicle,normal,80.2%,119.944,116.944,3.0,6.0
7362,Car / Sedan,2,Sedan / jeep / station wagon,normal,90.1%,118.894,117.644,1.25,14.4
7415,Motorcycle,1,Motorcycle / 3-wheel vehicle,normal,86.8%,119.694,118.444,1.25,14.4
7582,Motorcycle,1,Motorcycle / 3-wheel vehicle,normal,74.4%,120.294,118.994,1.3,13.8
7501,Motorcycle,1,Motorcycle / 3-wheel vehicle,normal,87.0%,120.494,119.094,1.4,12.9
7622,Motorcycle,1,Motorcycle / 3-wheel vehicle,normal,77.3%,122.544,119.944,2.6,6.9
7581,Motorcycle,1,Motorcycle / 3-wheel vehicle,normal,86.7%,122.794,120.544,2.25,8.0
7702,Motorcycle,1,Motorcycle / 3-wheel vehicle,normal,84.8%,124.744,122.544,2.2,8.2
7790,Motorcycle,1,Motorcycle / 3-wheel vehicle,opposite,89.1%,122.794,123.394,0.6,30.0
7734,Motorcycle,1,Motorcycle / 3-wheel vehicle,normal,81.9%,125.144,123.194,1.95,9.2
7823,Motorcycle,1,Motorcycle / 3-wheel vehicle,normal,78.5%,125.644,123.744,1.9,9.5
7707,Car / Sedan,2,Sedan / jeep / station wagon,normal,90.4%,126.294,124.644,1.65,10.9
7909,Motorcycle,1,Motorcycle / 3-wheel vehicle,opposite,90.4%,124.944,125.344,0.4,45.0
7950,Motorcycle,1,Motorcycle / 3-wheel vehicle,opposite,88.5%,125.644,126.244,0.6,30.0
7984,Motorcycle,1,Motorcycle / 3-wheel vehicle,normal,67.2%,127.444,125.794,1.65,10.9
8042,Motorcycle,1,Motorcycle / 3-wheel vehicle,opposite,88.4%,126.794,127.244,0.45,40.0
7963,Motorcycle,1,Motorcycle / 3-wheel vehicle,normal,79.5%,129.493,127.244,2.25,8.0
7947,Car / Sedan,2,Sedan / jeep / station wagon,opposite,93.6%,127.644,128.494,0.85,21.2
7913,Motorcycle,1,Motorcycle / 3-wheel vehicle,normal,85.7%,129.393,128.194,1.2,15.0
8132,Car / Sedan,2,Sedan / jeep / station wagon,opposite,93.5%,128.494,129.094,0.6,30.0
8143,Motorcycle,1,Motorcycle / 3-wheel vehicle,normal,82.2%,132.393,130.193,2.2,8.2
8342,Motorcycle,1,Motorcycle / 3-wheel vehicle,opposite,89.8%,131.843,132.293,0.45,40.0
8286,Motorcycle,1,Motorcycle / 3-wheel vehicle,normal,85.5%,134.093,132.043,2.05,8.8
8268,Motorcycle,1,Motorcycle / 3-wheel vehicle,normal,87.0%,133.443,132.493,0.95,18.9
8301,Motorcycle,1,Motorcycle / 3-wheel vehicle,normal,86.6%,134.243,133.293,0.95,18.9
8432,Motorcycle,1,Motorcycle / 3-wheel vehicle,normal,84.9%,136.193,134.943,1.25,14.4
8468,Motorcycle,1,Motorcycle / 3-wheel vehicle,normal,84.4%,137.993,136.493,1.5,12.0
8625,Car / Sedan,2,Sedan / jeep / station wagon,opposite,93.9%,137.943,138.743,0.8,22.5
8566,Motorcycle,1,Motorcycle / 3-wheel vehicle,normal,77.9%,139.343,138.193,1.15,15.7
8729,Car / Sedan,2,Sedan / jeep / station wagon,opposite,92.8%,139.393,140.143,0.75,24.0
8704,Motorcycle,1,Motorcycle / 3-wheel vehicle,normal,84.4%,141.543,140.043,1.5,12.0
8789,Pickup / Micro Truck,4,Pickup / micro truck / delivery,opposite,92.5%,140.343,141.143,0.8,22.5
8814,Motorcycle,1,Motorcycle / 3-wheel vehicle,opposite,84.3%,140.343,141.093,0.75,24.0
8397,Motorcycle,1,Motorcycle / 3-wheel vehicle,opposite,89.8%,140.543,142.243,1.7,10.6
8815,Motorcycle,1,Motorcycle / 3-wheel vehicle,opposite,88.7%,140.693,141.443,0.75,24.0
8806,Motorcycle,1,Motorcycle / 3-wheel vehicle,opposite,89.6%,141.793,142.593,0.8,22.5
8851,Motorcycle,1,Motorcycle / 3-wheel vehicle,normal,71.8%,142.843,141.793,1.05,17.1
8906,Motorcycle,1,Motorcycle / 3-wheel vehicle,opposite,88.9%,142.143,142.643,0.5,36.0
8961,Motorcycle,1,Motorcycle / 3-wheel vehicle,normal,81.6%,145.243,143.443,1.8,10.0
9015,Motorcycle,1,Motorcycle / 3-wheel vehicle,opposite,88.2%,143.843,144.493,0.65,27.7
8965,2-Axle Truck (Jumbo),6,2-Axle Truck,normal,91.5%,144.693,144.043,0.65,27.7
9049,Motorcycle,1,Motorcycle / 3-wheel vehicle,opposite,89.3%,144.243,144.943,0.7,25.7
9078,Motorcycle,1,Motorcycle / 3-wheel vehicle,opposite,89.3%,144.993,145.543,0.55,32.7
9064,Motorcycle,1,Motorcycle / 3-wheel vehicle,normal,85.0%,147.093,146.043,1.05,17.1
9201,Motorcycle,1,Motorcycle / 3-wheel vehicle,normal,85.6%,149.092,148.093,1.0,18.0
9477,Motorcycle,1,Motorcycle / 3-wheel vehicle,opposite,88.2%,150.592,151.392,0.8,22.5
9471,Motorcycle,1,Motorcycle / 3-wheel vehicle,normal,85.6%,153.592,151.742,1.85,9.7
9573,Car / Sedan,2,Sedan / jeep / station wagon,opposite,93.5%,152.592,153.192,0.6,30.0
9614,Motorcycle,1,Motorcycle / 3-wheel vehicle,opposite,86.9%,152.842,153.392,0.55,32.7
9631,Motorcycle,1,Motorcycle / 3-wheel vehicle,opposite,90.2%,153.042,153.642,0.6,30.0
9656,Motorcycle,1,Motorcycle / 3-wheel vehicle,opposite,89.9%,153.642,154.642,1.0,18.0
9655,Motorcycle,1,Motorcycle / 3-wheel vehicle,opposite,89.4%,153.692,154.342,0.65,27.7
9680,Motorcycle,1,Motorcycle / 3-wheel vehicle,opposite,89.7%,153.792,154.392,0.6,30.0
9717,Motorcycle,1,Motorcycle / 3-wheel vehicle,opposite,89.8%,154.092,154.592,0.5,36.0
9753,Motorcycle,1,Motorcycle / 3-wheel vehicle,opposite,87.9%,154.792,155.542,0.75,24.0
9759,Motorcycle,1,Motorcycle / 3-wheel vehicle,opposite,88.9%,154.842,155.542,0.7,25.7
9837,Motorcycle,1,Motorcycle / 3-wheel vehicle,opposite,87.8%,156.292,156.942,0.65,27.7
9863,Motorcycle,1,Motorcycle / 3-wheel vehicle,opposite,89.5%,156.592,157.142,0.55,32.7
9902,Motorcycle,1,Motorcycle / 3-wheel vehicle,opposite,84.1%,157.492,158.142,0.65,27.7
9801,Car / Sedan,2,Sedan / jeep / station wagon,opposite,88.2%,157.942,160.242,2.3,7.8
9795,Car / Sedan,2,Sedan / jeep / station wagon,normal,86.8%,160.542,158.492,2.05,8.8
9866,Motorcycle,1,Motorcycle / 3-wheel vehicle,opposite,89.0%,158.742,160.642,1.9,9.5
10006,Motorcycle,1,Motorcycle / 3-wheel vehicle,opposite,87.0%,159.192,159.942,0.75,24.0
10055,Motorcycle,1,Motorcycle / 3-wheel vehicle,opposite,88.1%,160.092,161.242,1.15,15.7
9838,Public Transportation (Angkot),3,Medium passenger vehicle,normal,81.5%,161.542,160.092,1.45,12.4
10117,Motorcycle,1,Motorcycle / 3-wheel vehicle,opposite,90.6%,160.942,162.092,1.15,15.7
9969,Car / Sedan,2,Sedan / jeep / station wagon,normal,91.0%,163.192,161.642,1.55,11.6
10201,Car / Sedan,2,Sedan / jeep / station wagon,opposite,93.8%,162.392,163.392,1.0,18.0
10107,Car / Sedan,2,Sedan / jeep / station wagon,normal,78.3%,165.442,164.142,1.3,13.8
10487,Motorcycle,1,Motorcycle / 3-wheel vehicle,opposite,88.6%,166.242,166.792,0.55,32.7
10488,Motorcycle,1,Motorcycle / 3-wheel vehicle,normal,55.4%,167.392,166.342,1.05,17.1
10501,Motorcycle,1,Motorcycle / 3-wheel vehicle,opposite,87.8%,166.841,167.492,0.65,27.7
10606,Motorcycle,1,Motorcycle / 3-wheel vehicle,opposite,86.7%,168.191,168.891,0.7,25.7
10639,Motorcycle,1,Motorcycle / 3-wheel vehicle,opposite,88.8%,168.691,169.241,0.55,32.7
10682,Motorcycle,1,Motorcycle / 3-wheel vehicle,opposite,89.2%,169.191,169.741,0.55,32.7
10681,Motorcycle,1,Motorcycle / 3-wheel vehicle,opposite,87.9%,169.241,169.841,0.6,30.0
10697,Motorcycle,1,Motorcycle / 3-wheel vehicle,opposite,89.7%,169.691,170.391,0.7,25.7
10716,Motorcycle,1,Motorcycle / 3-wheel vehicle,opposite,89.2%,170.041,170.691,0.65,27.7
10745,Motorcycle,1,Motorcycle / 3-wheel vehicle,opposite,88.5%,170.591,171.241,0.65,27.7
10746,Motorcycle,1,Motorcycle / 3-wheel vehicle,opposite,89.1%,170.741,171.391,0.65,27.7
10772,Motorcycle,1,Motorcycle / 3-wheel vehicle,opposite,89.8%,171.641,172.241,0.6,30.0
10822,Motorcycle,1,Motorcycle / 3-wheel vehicle,opposite,71.4%,172.391,173.191,0.8,22.5
10830,Motorcycle,1,Motorcycle / 3-wheel vehicle,opposite,90.2%,172.591,173.241,0.65,27.7
10881,Motorcycle,1,Motorcycle / 3-wheel vehicle,opposite,89.0%,173.091,173.841,0.75,24.0
10779,Car / Sedan,2,Sedan / jeep / station wagon,opposite,75.4%,174.191,175.891,1.7,10.6
10861,Motorcycle,1,Motorcycle / 3-wheel vehicle,opposite,88.4%,174.391,175.541,1.15,15.7
10940,Motorcycle,1,Motorcycle / 3-wheel vehicle,opposite,91.4%,175.091,176.341,1.25,14.4
11034,Motorcycle,1,Motorcycle / 3-wheel vehicle,opposite,86.3%,175.841,177.141,1.3,13.8
11064,Motorcycle,1,Motorcycle / 3-wheel vehicle,opposite,89.2%,176.391,177.391,1.0,18.0
11073,Motorcycle,1,Motorcycle / 3-wheel vehicle,opposite,86.4%,176.391,177.691,1.3,13.8
11114,Motorcycle,1,Motorcycle / 3-wheel vehicle,opposite,79.8%,177.191,178.391,1.2,15.0
11118,Motorcycle,1,Motorcycle / 3-wheel vehicle,opposite,87.5%,177.191,177.991,0.8,22.5
10973,Car / Sedan,2,Sedan / jeep / station wagon,opposite,91.5%,177.441,179.291,1.85,9.7
11061,Motorcycle,1,Motorcycle / 3-wheel vehicle,opposite,88.4%,177.641,178.791,1.15,15.7
11195,Motorcycle,1,Motorcycle / 3-wheel vehicle,opposite,87.1%,178.291,179.641,1.35,13.3
11219,Motorcycle,1,Motorcycle / 3-wheel vehicle,opposite,77.0%,178.991,180.191,1.2,15.0
11271,Motorcycle,1,Motorcycle / 3-wheel vehicle,opposite,88.3%,179.641,180.841,1.2,15.0
11206,Car / Sedan,2,Sedan / jeep / station wagon,opposite,91.2%,180.441,183.141,2.7,6.7
11324,Motorcycle,1,Motorcycle / 3-wheel vehicle,opposite,88.5%,180.541,181.491,0.95,18.9
11242,Motorcycle,1,Motorcycle / 3-wheel vehicle,opposite,89.0%,181.191,182.941,1.75,10.3
11356,Motorcycle,1,Motorcycle / 3-wheel vehicle,opposite,79.5%,181.441,182.741,1.3,13.8
11313,Motorcycle,1,Motorcycle / 3-wheel vehicle,opposite,89.1%,181.641,184.191,2.55,7.1
11401,Motorcycle,1,Motorcycle / 3-wheel vehicle,opposite,82.0%,181.941,183.041,1.1,16.4
11484,Motorcycle,1,Motorcycle / 3-wheel vehicle,opposite,74.0%,183.141,184.491,1.35,13.3
11482,Motorcycle,1,Motorcycle / 3-wheel vehicle,opposite,89.0%,183.191,184.141,0.95,18.9
11347,Motorcycle,1,Motorcycle / 3-wheel vehicle,normal,85.1%,186.891,183.191,3.7,4.9
11503,Motorcycle,1,Motorcycle / 3-wheel vehicle,opposite,85.8%,183.691,184.941,1.25,14.4
11513,Motorcycle,1,Motorcycle / 3-wheel vehicle,normal,73.4%,187.34,184.041,3.3,5.5
11539,Motorcycle,1,Motorcycle / 3-wheel vehicle,opposite,87.6%,184.141,185.291,1.15,15.7
11379,Pickup / Micro Truck,4,Pickup / micro truck / delivery,opposite,86.5%,184.541,186.391,1.85,9.7
11561,Motorcycle,1,Motorcycle / 3-wheel vehicle,normal,78.9%,187.641,184.791,2.85,6.3
11635,Motorcycle,1,Motorcycle / 3-wheel vehicle,opposite,70.9%,185.541,186.891,1.35,13.3
11316,Public Transportation (Angkot),3,Medium passenger vehicle,normal,84.2%,189.39,185.841,3.55,5.1
11686,Motorcycle,1,Motorcycle / 3-wheel vehicle,opposite,88.4%,186.091,187.34,1.25,14.4
11697,Motorcycle,1,Motorcycle / 3-wheel vehicle,opposite,82.0%,186.091,187.49,1.4,12.9
11543,Car / Sedan,2,Sedan / jeep / station wagon,opposite,92.8%,186.541,188.49,1.95,9.2
11681,Motorcycle,1,Motorcycle / 3-wheel vehicle,opposite,65.4%,186.94,188.64,1.7,10.6
11735,Motorcycle,1,Motorcycle / 3-wheel vehicle,opposite,86.7%,187.09,188.69,1.6,11.3
11706,Motorcycle,1,Motorcycle / 3-wheel vehicle,opposite,87.9%,187.34,188.69,1.35,13.3
11615,Motorcycle,1,Motorcycle / 3-wheel vehicle,normal,61.1%,189.34,187.59,1.75,10.3
11751,Motorcycle,1,Motorcycle / 3-wheel vehicle,normal,75.4%,190.14,188.391,1.75,10.3
11861,Motorcycle,1,Motorcycle / 3-wheel vehicle,normal,65.2%,190.59,188.99,1.6,11.3
11849,Motorcycle,1,Motorcycle / 3-wheel vehicle,opposite,81.6%,189.14,190.39,1.25,14.4
11858,Motorcycle,1,Motorcycle / 3-wheel vehicle,opposite,85.7%,189.29,190.09,0.8,22.5
11869,Motorcycle,1,Motorcycle / 3-wheel vehicle,normal,62.8%,191.04,189.69,1.35,13.3
11882,Motorcycle,1,Motorcycle / 3-wheel vehicle,opposite,82.0%,189.74,190.89,1.15,15.7
11878,Motorcycle,1,Motorcycle / 3-wheel vehicle,opposite,90.3%,189.79,190.79,1.0,18.0
11897,Motorcycle,1,Motorcycle / 3-wheel vehicle,opposite,81.7%,190.24,191.14,0.9,20.0
11903,Motorcycle,1,Motorcycle / 3-wheel vehicle,normal,47.3%,191.49,190.29,1.2,15.0
11943,Motorcycle,1,Motorcycle / 3-wheel vehicle,normal,70.2%,193.24,191.09,2.15,8.4
11942,Motorcycle,1,Motorcycle / 3-wheel vehicle,opposite,87.8%,191.14,191.99,0.85,21.2
11947,Motorcycle,1,Motorcycle / 3-wheel vehicle,opposite,86.7%,191.29,192.34,1.05,17.1
11971,Motorcycle,1,Motorcycle / 3-wheel vehicle,normal,82.2%,193.84,192.34,1.5,12.0
12000,Motorcycle,1,Motorcycle / 3-wheel vehicle,opposite,87.8%,192.44,193.54,1.1,16.4
12064,Motorcycle,1,Motorcycle / 3-wheel vehicle,opposite,89.5%,193.64,194.29,0.65,27.7
12031,Motorcycle,1,Motorcycle / 3-wheel vehicle,normal,85.7%,194.54,193.64,0.9,20.0
12083,Motorcycle,1,Motorcycle / 3-wheel vehicle,opposite,90.4%,193.94,194.44,0.5,36.0
12112,Motorcycle,1,Motorcycle / 3-wheel vehicle,opposite,90.0%,194.39,195.09,0.7,25.7
12147,Motorcycle,1,Motorcycle / 3-wheel vehicle,normal,76.3%,195.79,194.99,0.8,22.5
12153,Motorcycle,1,Motorcycle / 3-wheel vehicle,opposite,87.8%,195.34,196.59,1.25,14.4
12162,Motorcycle,1,Motorcycle / 3-wheel vehicle,normal,68.3%,199.49,196.49,3.0,6.0
12202,Car / Sedan,2,Sedan / jeep / station wagon,opposite,93.7%,196.59,197.74,1.15,15.7
12204,Motorcycle,1,Motorcycle / 3-wheel vehicle,normal,67.9%,198.24,197.34,0.9,20.0
12305,Car / Sedan,2,Sedan / jeep / station wagon,opposite,92.8%,197.99,199.09,1.1,16.4
12375,Motorcycle,1,Motorcycle / 3-wheel vehicle,opposite,89.1%,199.09,199.89,0.8,22.5
12330,Motorcycle,1,Motorcycle / 3-wheel vehicle,normal,83.5%,201.19,199.49,1.7,10.6
12413,Motorcycle,1,Motorcycle / 3-wheel vehicle,opposite,87.9%,199.69,200.44,0.75,24.0
12464,Motorcycle,1,Motorcycle / 3-wheel vehicle,opposite,89.7%,200.24,200.94,0.7,25.7
12494,Motorcycle,1,Motorcycle / 3-wheel vehicle,opposite,89.7%,200.69,201.49,0.8,22.5
12569,Motorcycle,1,Motorcycle / 3-wheel vehicle,opposite,87.7%,201.54,202.14,0.6,30.0
12509,Motorcycle,1,Motorcycle / 3-wheel vehicle,normal,83.5%,203.79,201.54,2.25,8.0
12549,Motorcycle,1,Motorcycle / 3-wheel vehicle,opposite,88.3%,201.59,202.29,0.7,25.7
12588,Motorcycle,1,Motorcycle / 3-wheel vehicle,opposite,87.6%,202.34,203.14,0.8,22.5
12666,Motorcycle,1,Motorcycle / 3-wheel vehicle,opposite,87.9%,203.39,204.14,0.75,24.0
12521,Car / Sedan,2,Sedan / jeep / station wagon,normal,84.9%,206.339,203.89,2.45,7.3
12703,Motorcycle,1,Motorcycle / 3-wheel vehicle,opposite,70.1%,204.04,204.79,0.75,24.0
12674,Car / Sedan,2,Sedan / jeep / station wagon,opposite,93.7%,204.24,205.54,1.3,13.8
12736,Motorcycle,1,Motorcycle / 3-wheel vehicle,opposite,66.0%,204.49,205.14,0.65,27.7
12638,Motorcycle,1,Motorcycle / 3-wheel vehicle,normal,82.0%,207.589,204.74,2.85,6.3
12780,Motorcycle,1,Motorcycle / 3-wheel vehicle,normal,40.3%,207.69,205.19,2.5,7.2
12783,Motorcycle,1,Motorcycle / 3-wheel vehicle,opposite,90.2%,205.84,206.94,1.1,16.4
12827,Motorcycle,1,Motorcycle / 3-wheel vehicle,opposite,85.6%,206.04,206.79,0.75,24.0
12451,Car / Sedan,2,Sedan / jeep / station wagon,opposite,61.4%,206.09,208.339,2.25,8.0
12813,Motorcycle,1,Motorcycle / 3-wheel vehicle,opposite,86.2%,206.29,207.239,0.95,18.9
12871,Motorcycle,1,Motorcycle / 3-wheel vehicle,opposite,90.4%,207.69,208.789,1.1,16.4
12885,Motorcycle,1,Motorcycle / 3-wheel vehicle,normal,79.0%,209.639,208.339,1.3,13.8
13012,Motorcycle,1,Motorcycle / 3-wheel vehicle,opposite,87.6%,210.289,211.589,1.3,13.8
13085,Motorcycle,1,Motorcycle / 3-wheel vehicle,normal,80.8%,212.289,210.539,1.75,10.3
13095,Car / Sedan,2,Sedan / jeep / station wagon,opposite,91.9%,210.639,211.689,1.05,17.1
13127,Motorcycle,1,Motorcycle / 3-wheel vehicle,opposite,82.0%,211.439,212.689,1.25,14.4
13084,Motorcycle,1,Motorcycle / 3-wheel vehicle,opposite,85.6%,211.489,212.789,1.3,13.8
13161,Motorcycle,1,Motorcycle / 3-wheel vehicle,opposite,87.5%,211.489,212.489,1.0,18.0
13168,Motorcycle,1,Motorcycle / 3-wheel vehicle,opposite,89.5%,212.039,213.389,1.35,13.3
13174,Motorcycle,1,Motorcycle / 3-wheel vehicle,opposite,88.5%,212.039,213.189,1.15,15.7
13226,Motorcycle,1,Motorcycle / 3-wheel vehicle,opposite,87.2%,212.789,213.889,1.1,16.4
13261,Motorcycle,1,Motorcycle / 3-wheel vehicle,opposite,89.1%,212.889,213.939,1.05,17.1
13224,Motorcycle,1,Motorcycle / 3-wheel vehicle,opposite,80.7%,213.289,215.939,2.65,6.8
13329,Motorcycle,1,Motorcycle / 3-wheel vehicle,opposite,89.8%,213.939,214.989,1.05,17.1
13380,Motorcycle,1,Motorcycle / 3-wheel vehicle,opposite,88.5%,214.339,215.239,0.9,20.0
13363,Motorcycle,1,Motorcycle / 3-wheel vehicle,opposite,86.8%,214.539,215.989,1.45,12.4
13425,Motorcycle,1,Motorcycle / 3-wheel vehicle,opposite,89.5%,214.689,215.589,0.9,20.0
13449,Motorcycle,1,Motorcycle / 3-wheel vehicle,opposite,90.1%,215.239,216.139,0.9,20.0
13514,Motorcycle,1,Motorcycle / 3-wheel vehicle,opposite,88.4%,216.089,217.139,1.05,17.1
13526,Motorcycle,1,Motorcycle / 3-wheel vehicle,opposite,87.3%,216.089,217.189,1.1,16.4
13527,Motorcycle,1,Motorcycle / 3-wheel vehicle,normal,72.2%,219.289,216.339,2.95,6.1
13573,Motorcycle,1,Motorcycle / 3-wheel vehicle,opposite,90.3%,216.739,217.639,0.9,20.0
13618,Motorcycle,1,Motorcycle / 3-wheel vehicle,opposite,87.0%,217.189,218.189,1.0,18.0
13615,Motorcycle,1,Motorcycle / 3-wheel vehicle,opposite,90.1%,217.289,218.139,0.85,21.2
13697,Motorcycle,1,Motorcycle / 3-wheel vehicle,normal,84.3%,221.789,218.139,3.65,4.9
13687,Motorcycle,1,Motorcycle / 3-wheel vehicle,opposite,81.5%,218.189,218.989,0.8,22.5
13702,Motorcycle,1,Motorcycle / 3-wheel vehicle,opposite,83.7%,218.339,219.239,0.9,20.0
13674,Car / Sedan,2,Sedan / jeep / station wagon,opposite,88.8%,218.489,219.489,1.0,18.0
13606,Motorcycle,1,Motorcycle / 3-wheel vehicle,opposite,77.7%,218.539,220.989,2.45,7.3
13718,Motorcycle,1,Motorcycle / 3-wheel vehicle,opposite,87.2%,218.639,219.539,0.9,20.0
13717,Motorcycle,1,Motorcycle / 3-wheel vehicle,opposite,85.9%,219.189,220.039,0.85,21.2
13698,Car / Sedan,2,Sedan / jeep / station wagon,opposite,93.4%,221.939,223.839,1.9,9.5
13959,Motorcycle,1,Motorcycle / 3-wheel vehicle,opposite,90.3%,223.139,224.589,1.45,12.4
14021,Motorcycle,1,Motorcycle / 3-wheel vehicle,opposite,87.0%,223.289,224.439,1.15,15.7
14100,Motorcycle,1,Motorcycle / 3-wheel vehicle,opposite,75.3%,224.589,225.939,1.35,13.3
14138,Motorcycle,1,Motorcycle / 3-wheel vehicle,opposite,87.3%,225.189,226.439,1.25,14.4
14121,Motorcycle,1,Motorcycle / 3-wheel vehicle,opposite,87.9%,225.339,226.689,1.35,13.3
14336,Motorcycle,1,Motorcycle / 3-wheel vehicle,normal,85.5%,229.288,227.439,1.85,9.7
14360,Motorcycle,1,Motorcycle / 3-wheel vehicle,normal,52.8%,230.338,228.088,2.25,8.0
14019,Car / Sedan,2,Sedan / jeep / station wagon,opposite,93.4%,228.988,236.138,7.15,2.5
14314,Motorcycle,1,Motorcycle / 3-wheel vehicle,normal,84.1%,231.238,228.988,2.25,8.0
14448,Motorcycle,1,Motorcycle / 3-wheel vehicle,normal,82.2%,231.538,229.188,2.35,7.7
14547,Motorcycle,1,Motorcycle / 3-wheel vehicle,normal,81.5%,232.438,230.688,1.75,10.3
14661,Motorcycle,1,Motorcycle / 3-wheel vehicle,normal,53.8%,238.388,234.038,4.35,4.1
14122,Car / Sedan,2,Sedan / jeep / station wagon,opposite,91.2%,236.088,239.188,3.1,5.8
15379,Motorcycle,1,Motorcycle / 3-wheel vehicle,opposite,72.8%,242.588,246.238,3.65,4.9
15289,Car / Sedan,2,Sedan / jeep / station wagon,opposite,83.7%,243.538,246.738,3.2,5.6
15080,Motorcycle,1,Motorcycle / 3-wheel vehicle,opposite,34.9%,245.288,247.687,2.4,7.5
15648,Motorcycle,1,Motorcycle / 3-wheel vehicle,normal,77.3%,249.287,245.588,3.7,4.9
15529,Motorcycle,1,Motorcycle / 3-wheel vehicle,opposite,70.5%,245.787,247.987,2.2,8.2
15612,Motorcycle,1,Motorcycle / 3-wheel vehicle,opposite,81.1%,247.287,249.187,1.9,9.5
15690,Motorcycle,1,Motorcycle / 3-wheel vehicle,opposite,76.6%,247.338,249.487,2.15,8.4
15811,Motorcycle,1,Motorcycle / 3-wheel vehicle,opposite,64.5%,247.687,249.787,2.1,8.6
15885,Motorcycle,1,Motorcycle / 3-wheel vehicle,opposite,81.2%,249.587,251.237,1.65,10.9
15774,Motorcycle,1,Motorcycle / 3-wheel vehicle,opposite,60.4%,249.787,251.487,1.7,10.6
15542,Car / Sedan,2,Sedan / jeep / station wagon,opposite,92.0%,250.387,252.137,1.75,10.3
15939,Motorcycle,1,Motorcycle / 3-wheel vehicle,opposite,86.1%,250.637,251.737,1.1,16.4
16017,Motorcycle,1,Motorcycle / 3-wheel vehicle,opposite,79.0%,251.337,252.837,1.5,12.0
16081,Motorcycle,1,Motorcycle / 3-wheel vehicle,opposite,81.8%,251.537,253.737,2.2,8.2
16120,Motorcycle,1,Motorcycle / 3-wheel vehicle,opposite,85.6%,252.387,254.237,1.85,9.7
16130,Motorcycle,1,Motorcycle / 3-wheel vehicle,opposite,82.8%,252.737,253.937,1.2,15.0
16124,Motorcycle,1,Motorcycle / 3-wheel vehicle,opposite,88.0%,252.837,254.287,1.45,12.4
16177,Motorcycle,1,Motorcycle / 3-wheel vehicle,opposite,87.0%,253.787,255.437,1.65,10.9
16086,Pickup / Micro Truck,4,Pickup / micro truck / delivery,opposite,89.3%,253.887,255.587,1.7,10.6
16214,Motorcycle,1,Motorcycle / 3-wheel vehicle,opposite,86.5%,254.437,256.087,1.65,10.9
16264,Motorcycle,1,Motorcycle / 3-wheel vehicle,opposite,88.9%,255.237,256.537,1.3,13.8
16313,Motorcycle,1,Motorcycle / 3-wheel vehicle,opposite,87.6%,255.387,256.737,1.35,13.3
16342,Motorcycle,1,Motorcycle / 3-wheel vehicle,normal,78.9%,258.687,255.587,3.1,5.8
16345,Motorcycle,1,Motorcycle / 3-wheel vehicle,opposite,84.8%,255.987,257.437,1.45,12.4
16370,Motorcycle,1,Motorcycle / 3-wheel vehicle,opposite,88.0%,256.237,257.237,1.0,18.0
16394,Motorcycle,1,Motorcycle / 3-wheel vehicle,opposite,88.8%,257.237,258.787,1.55,11.6
16424,Car / Sedan,2,Sedan / jeep / station wagon,opposite,93.4%,257.937,259.287,1.35,13.3
16446,Motorcycle,1,Motorcycle / 3-wheel vehicle,opposite,87.2%,257.987,259.287,1.3,13.8
16467,Car / Sedan,2,Sedan / jeep / station wagon,opposite,93.5%,259.637,261.287,1.65,10.9
16580,Car / Sedan,2,Sedan / jeep / station wagon,opposite,93.3%,260.237,261.537,1.3,13.8
16567,Car / Sedan,2,Sedan / jeep / station wagon,normal,91.0%,263.237,261.237,2.0,9.0
16590,Pickup / Micro Truck,4,Pickup / micro truck / delivery,opposite,91.7%,261.437,262.987,1.55,11.6
16688,Motorcycle,1,Motorcycle / 3-wheel vehicle,opposite,85.6%,261.687,262.787,1.1,16.4
16744,Motorcycle,1,Motorcycle / 3-wheel vehicle,opposite,87.4%,262.437,263.687,1.25,14.4
16773,Car / Sedan,2,Sedan / jeep / station wagon,opposite,51.5%,263.187,264.387,1.2,15.0
16863,Pickup / Micro Truck,4,Pickup / micro truck / delivery,normal,89.0%,266.387,263.787,2.6,6.9
16848,Car / Sedan,2,Sedan / jeep / station wagon,opposite,90.8%,264.187,265.786,1.6,11.3
16905,Car / Sedan,2,Sedan / jeep / station wagon,opposite,92.0%,264.687,265.986,1.3,13.8
16967,Motorcycle,1,Motorcycle / 3-wheel vehicle,opposite,79.2%,264.837,265.986,1.15,15.7
16994,Motorcycle,1,Motorcycle / 3-wheel vehicle,opposite,89.1%,265.486,266.687,1.2,15.0
16926,Motorcycle,1,Motorcycle / 3-wheel vehicle,normal,67.6%,266.736,270.036,3.3,5.5
16934,Car / Sedan,2,Sedan / jeep / station wagon,normal,84.8%,273.086,266.937,6.15,2.9
17096,Motorcycle,1,Motorcycle / 3-wheel vehicle,opposite,88.3%,267.236,268.336,1.1,16.4
17069,Car / Sedan,2,Sedan / jeep / station wagon,opposite,94.0%,267.586,268.986,1.4,12.9
17144,Motorcycle,1,Motorcycle / 3-wheel vehicle,opposite,88.5%,268.036,269.086,1.05,17.1
17107,Motorcycle,1,Motorcycle / 3-wheel vehicle,opposite,90.4%,269.086,270.536,1.45,12.4
17250,Motorcycle,1,Motorcycle / 3-wheel vehicle,opposite,80.3%,269.486,270.386,0.9,20.0
16933,3-Axle Truck (Jumbo),7,3-Axle Truck,normal,37.6%,274.086,269.886,4.2,4.3
17527,Car / Sedan,2,Sedan / jeep / station wagon,opposite,92.2%,274.786,276.236,1.45,12.4
17576,Motorcycle,1,Motorcycle / 3-wheel vehicle,opposite,87.3%,275.586,276.986,1.4,12.9
17579,Motorcycle,1,Motorcycle / 3-wheel vehicle,normal,83.0%,276.986,275.686,1.3,13.8
17583,Motorcycle,1,Motorcycle / 3-wheel vehicle,opposite,88.8%,275.836,276.886,1.05,17.1
17562,Motorcycle,1,Motorcycle / 3-wheel vehicle,normal,71.9%,277.736,276.386,1.35,13.3
17623,Motorcycle,1,Motorcycle / 3-wheel vehicle,opposite,87.1%,276.436,277.736,1.3,13.8
17650,Motorcycle,1,Motorcycle / 3-wheel vehicle,opposite,81.0%,277.186,278.186,1.0,18.0
17420,Public Transportation (Angkot),3,Medium passenger vehicle,normal,90.5%,281.686,277.436,4.25,4.2
17338,Motorcycle,1,Motorcycle / 3-wheel vehicle,normal,90.0%,281.586,278.286,3.3,5.5
17634,Motorcycle,1,Motorcycle / 3-wheel vehicle,normal,83.2%,280.786,278.736,2.05,8.8
17747,Public Transportation (Angkot),3,Medium passenger vehicle,opposite,93.9%,279.136,280.536,1.4,12.9
17861,Car / Sedan,2,Sedan / jeep / station wagon,opposite,93.6%,280.736,281.736,1.0,18.0
17978,Car / Sedan,2,Sedan / jeep / station wagon,opposite,93.2%,281.986,282.986,1.0,18.0
17610,Car / Sedan,2,Sedan / jeep / station wagon,normal,90.5%,285.336,282.336,3.0,6.0
18088,Car / Sedan,2,Sedan / jeep / station wagon,opposite,92.3%,284.036,285.086,1.05,17.1
18105,Motorcycle,1,Motorcycle / 3-wheel vehicle,opposite,89.7%,284.536,285.385,0.85,21.2
18107,Pickup / Micro Truck,4,Pickup / micro truck / delivery,opposite,93.0%,285.185,286.236,1.05,17.1
18166,Motorcycle,1,Motorcycle / 3-wheel vehicle,opposite,87.4%,285.736,286.635,0.9,20.0
18170,Motorcycle,1,Motorcycle / 3-wheel vehicle,opposite,85.7%,285.736,286.685,0.95,18.9
18196,Motorcycle,1,Motorcycle / 3-wheel vehicle,normal,74.0%,288.535,286.036,2.5,7.2
18208,Motorcycle,1,Motorcycle / 3-wheel vehicle,opposite,40.2%,286.385,287.335,0.95,18.9
18234,Motorcycle,1,Motorcycle / 3-wheel vehicle,opposite,88.3%,287.085,287.985,0.9,20.0
18216,Car / Sedan,2,Sedan / jeep / station wagon,opposite,93.7%,287.135,288.135,1.0,18.0
18294,Motorcycle,1,Motorcycle / 3-wheel vehicle,opposite,85.5%,287.685,289.385,1.7,10.6
18293,Motorcycle,1,Motorcycle / 3-wheel vehicle,opposite,88.5%,287.785,288.985,1.2,15.0
17896,Car / Sedan,2,Sedan / jeep / station wagon,normal,79.6%,290.185,287.985,2.2,8.2
18334,Motorcycle,1,Motorcycle / 3-wheel vehicle,opposite,87.7%,288.435,289.435,1.0,18.0
18374,Motorcycle,1,Motorcycle / 3-wheel vehicle,opposite,85.1%,289.035,290.135,1.1,16.4
18394,Car / Sedan,2,Sedan / jeep / station wagon,opposite,93.2%,289.585,290.435,0.85,21.2
18287,Car / Sedan,2,Sedan / jeep / station wagon,normal,88.8%,291.985,290.035,1.95,9.2
18459,Motorcycle,1,Motorcycle / 3-wheel vehicle,opposite,85.7%,290.535,291.485,0.95,18.9
18458,Car / Sedan,2,Sedan / jeep / station wagon,opposite,92.1%,290.985,292.135,1.15,15.7
18491,Motorcycle,1,Motorcycle / 3-wheel vehicle,opposite,86.3%,291.135,292.185,1.05,17.1
18497,Motorcycle,1,Motorcycle / 3-wheel vehicle,opposite,87.9%,291.235,292.135,0.9,20.0
18518,Motorcycle,1,Motorcycle / 3-wheel vehicle,opposite,85.8%,291.935,292.835,0.9,20.0
18513,Motorcycle,1,Motorcycle / 3-wheel vehicle,normal,83.0%,294.585,292.435,2.15,8.4
18556,Motorcycle,1,Motorcycle / 3-wheel vehicle,opposite,87.5%,292.685,293.785,1.1,16.4
18462,Car / Sedan,2,Sedan / jeep / station wagon,normal,90.4%,296.335,293.485,2.85,6.3
18614,Motorcycle,1,Motorcycle / 3-wheel vehicle,opposite,85.8%,293.785,294.785,1.0,18.0
18632,Motorcycle,1,Motorcycle / 3-wheel vehicle,normal,85.5%,295.635,294.485,1.15,15.7
18684,Motorcycle,1,Motorcycle / 3-wheel vehicle,opposite,88.6%,295.035,296.385,1.35,13.3
18699,Motorcycle,1,Motorcycle / 3-wheel vehicle,opposite,88.5%,295.485,296.335,0.85,21.2
18475,Car / Sedan,2,Sedan / jeep / station wagon,normal,91.8%,299.035,296.185,2.85,6.3
18709,Car / Sedan,2,Sedan / jeep / station wagon,opposite,93.4%,296.385,297.585,1.2,15.0
18805,Motorcycle,1,Motorcycle / 3-wheel vehicle,opposite,76.9%,297.835,298.735,0.9,20.0
18751,2-Axle Truck (Jumbo),6,2-Axle Truck,opposite,93.7%,298.285,299.385,1.1,16.4
18859,Motorcycle,1,Motorcycle / 3-wheel vehicle,opposite,87.4%,298.885,299.985,1.1,16.4
18819,Car / Sedan,2,Sedan / jeep / station wagon,opposite,93.4%,298.935,300.035,1.1,16.4
18904,Motorcycle,1,Motorcycle / 3-wheel vehicle,opposite,85.3%,299.785,300.985,1.2,15.0
18672,Car / Sedan,2,Sedan / jeep / station wagon,normal,91.5%,305.685,300.185,5.5,3.3
18970,Motorcycle,1,Motorcycle / 3-wheel vehicle,opposite,91.7%,301.985,304.985,3.0,6.0
19046,Public Transportation (Angkot),3,Medium passenger vehicle,opposite,92.9%,302.935,303.935,1.0,18.0
18983,Motorcycle,1,Motorcycle / 3-wheel vehicle,opposite,89.4%,303.185,304.985,1.8,10.0
19130,Motorcycle,1,Motorcycle / 3-wheel vehicle,opposite,88.0%,303.385,304.435,1.05,17.1
19085,Motorcycle,1,Motorcycle / 3-wheel vehicle,opposite,90.5%,304.135,306.034,1.9,9.5
18949,Car / Sedan,2,Sedan / jeep / station wagon,normal,82.9%,309.484,304.435,5.05,3.6
19278,Car / Sedan,2,Sedan / jeep / station wagon,opposite,93.6%,306.584,307.834,1.25,14.4
19505,Motorcycle,1,Motorcycle / 3-wheel vehicle,normal,84.0%,309.734,308.184,1.55,11.6
19523,Motorcycle,1,Motorcycle / 3-wheel vehicle,normal,84.2%,311.634,309.734,1.9,9.5
19604,Motorcycle,1,Motorcycle / 3-wheel vehicle,normal,83.1%,311.634,310.484,1.15,15.7
19642,Motorcycle,1,Motorcycle / 3-wheel vehicle,normal,84.2%,312.734,311.534,1.2,15.0
19720,Motorcycle,1,Motorcycle / 3-wheel vehicle,normal,68.2%,317.084,312.234,4.85,3.7
19766,Motorcycle,1,Motorcycle / 3-wheel vehicle,normal,83.7%,315.384,312.384,3.0,6.0
19813,Car / Sedan,2,Sedan / jeep / station wagon,opposite,93.2%,313.284,314.234,0.95,18.9
19774,Motorcycle,1,Motorcycle / 3-wheel vehicle,opposite,88.6%,315.484,317.084,1.6,11.3
19841,Motorcycle,1,Motorcycle / 3-wheel vehicle,opposite,89.2%,316.284,317.734,1.45,12.4
19962,Motorcycle,1,Motorcycle / 3-wheel vehicle,normal,80.1%,319.434,317.034,2.4,7.5
20058,Motorcycle,1,Motorcycle / 3-wheel vehicle,opposite,86.5%,317.434,318.934,1.5,12.0
19984,Motorcycle,1,Motorcycle / 3-wheel vehicle,opposite,90.9%,317.484,318.934,1.45,12.4
20003,Motorcycle,1,Motorcycle / 3-wheel vehicle,normal,67.1%,320.734,317.734,3.0,6.0
19879,Car / Sedan,2,Sedan / jeep / station wagon,normal,82.8%,323.584,318.534,5.05,3.6
20122,Motorcycle,1,Motorcycle / 3-wheel vehicle,opposite,90.1%,320.084,321.534,1.45,12.4
20171,Car / Sedan,2,Sedan / jeep / station wagon,opposite,93.1%,321.034,322.934,1.9,9.5
20230,Motorcycle,1,Motorcycle / 3-wheel vehicle,opposite,89.2%,321.934,323.134,1.2,15.0
20389,Motorcycle,1,Motorcycle / 3-wheel vehicle,opposite,86.0%,322.484,323.284,0.8,22.5
20179,Car / Sedan,2,Sedan / jeep / station wagon,normal,60.1%,326.633,322.784,3.85,4.7
20423,Motorcycle,1,Motorcycle / 3-wheel vehicle,opposite,90.7%,323.134,323.834,0.7,25.7
20592,Motorcycle,1,Motorcycle / 3-wheel vehicle,opposite,88.0%,325.284,326.183,0.9,20.0
20660,Motorcycle,1,Motorcycle / 3-wheel vehicle,normal,44.1%,328.583,326.183,2.4,7.5
20267,Car / Sedan,2,Sedan / jeep / station wagon,normal,91.8%,328.983,326.284,2.7,6.7
20718,Motorcycle,1,Motorcycle / 3-wheel vehicle,normal,84.5%,329.883,328.383,1.5,12.0
20728,Motorcycle,1,Motorcycle / 3-wheel vehicle,normal,80.2%,330.383,328.933,1.45,12.4
20943,Motorcycle,1,Motorcycle / 3-wheel vehicle,opposite,87.5%,331.183,331.933,0.75,24.0
20866,Motorcycle,1,Motorcycle / 3-wheel vehicle,normal,85.2%,333.433,331.433,2.0,9.0
20804,Car / Sedan,2,Sedan / jeep / station wagon,normal,84.4%,333.433,332.183,1.25,14.4
21063,Motorcycle,1,Motorcycle / 3-wheel vehicle,opposite,88.4%,333.383,333.933,0.55,32.7
21018,Motorcycle,1,Motorcycle / 3-wheel vehicle,normal,86.2%,335.233,334.183,1.05,17.1
21138,Motorcycle,1,Motorcycle / 3-wheel vehicle,normal,83.0%,336.783,335.133,1.65,10.9
21059,Car / Sedan,2,Sedan / jeep / station wagon,normal,92.1%,336.883,335.783,1.1,16.4
21267,Motorcycle,1,Motorcycle / 3-wheel vehicle,opposite,86.8%,336.583,337.333,0.75,24.0
21259,Motorcycle,1,Motorcycle / 3-wheel vehicle,normal,71.9%,339.033,336.933,2.1,8.6
21243,Motorcycle,1,Motorcycle / 3-wheel vehicle,normal,85.4%,340.583,338.183,2.4,7.5
21285,Car / Sedan,2,Sedan / jeep / station wagon,normal,91.5%,339.883,338.783,1.1,16.4
21491,Motorcycle,1,Motorcycle / 3-wheel vehicle,normal,81.9%,341.633,339.733,1.9,9.5
21385,Motorcycle,1,Motorcycle / 3-wheel vehicle,normal,84.8%,341.333,340.133,1.2,15.0
21535,Motorcycle,1,Motorcycle / 3-wheel vehicle,opposite,89.8%,340.483,341.033,0.55,32.7
21499,Car / Sedan,2,Sedan / jeep / station wagon,opposite,93.1%,340.583,341.483,0.9,20.0
21575,Motorcycle,1,Motorcycle / 3-wheel vehicle,opposite,88.0%,341.233,341.783,0.55,32.7
21576,Motorcycle,1,Motorcycle / 3-wheel vehicle,opposite,89.8%,341.733,342.683,0.95,18.9
21638,Motorcycle,1,Motorcycle / 3-wheel vehicle,normal,70.2%,344.632,342.283,2.35,7.7
21702,Motorcycle,1,Motorcycle / 3-wheel vehicle,opposite,90.6%,343.233,344.133,0.9,20.0
21739,Car / Sedan,2,Sedan / jeep / station wagon,opposite,93.1%,343.933,344.882,0.95,18.9
21675,Motorcycle,1,Motorcycle / 3-wheel vehicle,normal,70.9%,345.882,344.382,1.5,12.0
21846,Motorcycle,1,Motorcycle / 3-wheel vehicle,opposite,87.3%,345.033,345.632,0.6,30.0
21838,Motorcycle,1,Motorcycle / 3-wheel vehicle,normal,79.8%,346.632,345.433,1.2,15.0
21890,Motorcycle,1,Motorcycle / 3-wheel vehicle,opposite,88.9%,345.632,346.183,0.55,32.7
21822,Motorcycle,1,Motorcycle / 3-wheel vehicle,opposite,91.7%,346.682,348.182,1.5,12.0
21969,Motorcycle,1,Motorcycle / 3-wheel vehicle,normal,76.9%,348.982,347.182,1.8,10.0
22058,Motorcycle,1,Motorcycle / 3-wheel vehicle,opposite,89.8%,348.882,349.732,0.85,21.2
22055,Car / Sedan,2,Sedan / jeep / station wagon,opposite,93.2%,349.182,349.982,0.8,22.5
22088,Motorcycle,1,Motorcycle / 3-wheel vehicle,opposite,86.0%,349.532,350.282,0.75,24.0
22106,Motorcycle,1,Motorcycle / 3-wheel vehicle,opposite,89.4%,349.982,350.782,0.8,22.5
22132,Motorcycle,1,Motorcycle / 3-wheel vehicle,normal,70.1%,351.832,350.732,1.1,16.4
22131,Motorcycle,1,Motorcycle / 3-wheel vehicle,normal,79.5%,352.982,350.832,2.15,8.4
22096,Motorcycle,1,Motorcycle / 3-wheel vehicle,normal,83.4%,352.032,351.032,1.0,18.0
22191,Motorcycle,1,Motorcycle / 3-wheel vehicle,opposite,89.4%,351.982,352.832,0.85,21.2
22342,Motorcycle,1,Motorcycle / 3-wheel vehicle,normal,85.9%,355.532,354.832,0.7,25.7
22489,Motorcycle,1,Motorcycle / 3-wheel vehicle,normal,78.2%,361.282,357.832,3.45,5.2
22595,Motorcycle,1,Motorcycle / 3-wheel vehicle,opposite,88.0%,358.382,358.982,0.6,30.0
22603,Motorcycle,1,Motorcycle / 3-wheel vehicle,opposite,89.6%,358.882,359.632,0.75,24.0
22676,Car / Sedan,2,Sedan / jeep / station wagon,opposite,93.2%,359.782,360.532,0.75,24.0
22622,Motorcycle,1,Motorcycle / 3-wheel vehicle,normal,72.1%,362.682,360.282,2.4,7.5
22793,Motorcycle,1,Motorcycle / 3-wheel vehicle,opposite,85.1%,360.982,361.432,0.45,40.0
22703,Motorcycle,1,Motorcycle / 3-wheel vehicle,opposite,89.8%,361.732,363.432,1.7,10.6
22794,Motorcycle,1,Motorcycle / 3-wheel vehicle,opposite,91.0%,362.532,364.031,1.5,12.0
22795,Motorcycle,1,Motorcycle / 3-wheel vehicle,opposite,89.1%,363.532,365.231,1.7,10.6
23042,Motorcycle,1,Motorcycle / 3-wheel vehicle,opposite,87.1%,365.531,366.281,0.75,24.0
22847,Car / Sedan,2,Sedan / jeep / station wagon,opposite,93.3%,365.632,367.431,1.8,10.0
23093,Motorcycle,1,Motorcycle / 3-wheel vehicle,opposite,87.5%,366.631,367.481,0.85,21.2
22991,Motorcycle,1,Motorcycle / 3-wheel vehicle,opposite,87.9%,366.981,368.531,1.55,11.6
23071,Motorcycle,1,Motorcycle / 3-wheel vehicle,opposite,89.0%,367.881,369.131,1.25,14.4
23122,Motorcycle,1,Motorcycle / 3-wheel vehicle,opposite,87.2%,368.981,370.331,1.35,13.3
23310,Motorcycle,1,Motorcycle / 3-wheel vehicle,opposite,88.2%,370.481,371.031,0.55,32.7
23330,Motorcycle,1,Motorcycle / 3-wheel vehicle,opposite,87.9%,370.881,371.431,0.55,32.7
23254,Motorcycle,1,Motorcycle / 3-wheel vehicle,normal,84.9%,374.481,371.581,2.9,6.2
23379,Motorcycle,1,Motorcycle / 3-wheel vehicle,opposite,84.0%,371.681,372.331,0.65,27.7
23405,Motorcycle,1,Motorcycle / 3-wheel vehicle,opposite,88.2%,372.081,372.731,0.65,27.7
23380,Motorcycle,1,Motorcycle / 3-wheel vehicle,normal,84.2%,375.931,372.581,3.35,5.4
23466,Motorcycle,1,Motorcycle / 3-wheel vehicle,opposite,86.6%,372.781,373.481,0.7,25.7
23485,Motorcycle,1,Motorcycle / 3-wheel vehicle,opposite,87.2%,373.331,374.131,0.8,22.5
23284,Pickup / Micro Truck,4,Pickup / micro truck / delivery,opposite,92.3%,373.681,375.731,2.05,8.8
23514,Motorcycle,1,Motorcycle / 3-wheel vehicle,opposite,82.8%,373.781,374.581,0.8,22.5
23581,Motorcycle,1,Motorcycle / 3-wheel vehicle,opposite,80.8%,374.531,376.681,2.15,8.4
23551,Motorcycle,1,Motorcycle / 3-wheel vehicle,opposite,87.3%,374.581,375.331,0.75,24.0
23582,Motorcycle,1,Motorcycle / 3-wheel vehicle,opposite,85.2%,375.031,376.331,1.3,13.8
23491,Motorcycle,1,Motorcycle / 3-wheel vehicle,opposite,88.9%,375.531,377.231,1.7,10.6
23417,Motorcycle,1,Motorcycle / 3-wheel vehicle,normal,70.5%,377.331,375.781,1.55,11.6
23653,Motorcycle,1,Motorcycle / 3-wheel vehicle,opposite,87.5%,375.981,377.031,1.05,17.1
23684,Motorcycle,1,Motorcycle / 3-wheel vehicle,opposite,87.6%,376.481,377.431,0.95,18.9
23492,Motorcycle,1,Motorcycle / 3-wheel vehicle,normal,82.3%,378.731,376.531,2.2,8.2
23774,Motorcycle,1,Motorcycle / 3-wheel vehicle,normal,52.4%,379.181,377.631,1.55,11.6
23754,Motorcycle,1,Motorcycle / 3-wheel vehicle,normal,78.3%,379.431,377.781,1.65,10.9
23799,Motorcycle,1,Motorcycle / 3-wheel vehicle,opposite,82.4%,377.931,378.831,0.9,20.0
23808,Motorcycle,1,Motorcycle / 3-wheel vehicle,opposite,90.1%,378.281,379.031,0.75,24.0
23818,Motorcycle,1,Motorcycle / 3-wheel vehicle,opposite,85.4%,378.431,379.181,0.75,24.0
23862,Motorcycle,1,Motorcycle / 3-wheel vehicle,opposite,77.6%,378.681,379.531,0.85,21.2
23781,Motorcycle,1,Motorcycle / 3-wheel vehicle,normal,71.4%,380.231,378.781,1.45,12.4
23888,Motorcycle,1,Motorcycle / 3-wheel vehicle,normal,50.4%,381.281,378.931,2.35,7.7
23872,Motorcycle,1,Motorcycle / 3-wheel vehicle,opposite,90.3%,378.981,379.731,0.75,24.0
23912,Motorcycle,1,Motorcycle / 3-wheel vehicle,normal,82.3%,380.931,379.481,1.45,12.4
23943,Motorcycle,1,Motorcycle / 3-wheel vehicle,opposite,67.3%,379.681,380.531,0.85,21.2
23903,Motorcycle,1,Motorcycle / 3-wheel vehicle,opposite,88.5%,379.781,380.531,0.75,24.0
23941,Motorcycle,1,Motorcycle / 3-wheel vehicle,normal,83.1%,381.531,380.131,1.4,12.9
23989,Motorcycle,1,Motorcycle / 3-wheel vehicle,normal,84.7%,381.681,380.631,1.05,17.1
24000,Motorcycle,1,Motorcycle / 3-wheel vehicle,opposite,80.8%,380.781,381.531,0.75,24.0
24029,Motorcycle,1,Motorcycle / 3-wheel vehicle,opposite,87.5%,381.081,381.981,0.9,20.0
24022,Motorcycle,1,Motorcycle / 3-wheel vehicle,normal,82.1%,382.231,381.131,1.1,16.4
24054,Motorcycle,1,Motorcycle / 3-wheel vehicle,normal,68.5%,383.231,381.931,1.3,13.8
24133,Motorcycle,1,Motorcycle / 3-wheel vehicle,opposite,88.7%,382.481,383.181,0.7,25.7
24079,Motorcycle,1,Motorcycle / 3-wheel vehicle,normal,84.9%,383.731,382.681,1.05,17.1
24169,Motorcycle,1,Motorcycle / 3-wheel vehicle,opposite,87.0%,382.931,383.681,0.75,24.0
24173,Motorcycle,1,Motorcycle / 3-wheel vehicle,normal,85.3%,388.88,383.981,4.9,3.7
24283,Motorcycle,1,Motorcycle / 3-wheel vehicle,opposite,89.4%,384.731,385.33,0.6,30.0
24202,Motorcycle,1,Motorcycle / 3-wheel vehicle,normal,85.2%,388.83,385.33,3.5,5.1
24324,Car / Sedan,2,Sedan / jeep / station wagon,opposite,93.0%,385.63,386.48,0.85,21.2
24366,Motorcycle,1,Motorcycle / 3-wheel vehicle,opposite,86.6%,385.83,386.43,0.6,30.0
24322,Motorcycle,1,Motorcycle / 3-wheel vehicle,opposite,90.6%,386.13,387.53,1.4,12.9
24468,Car / Sedan,2,Sedan / jeep / station wagon,opposite,93.4%,388.83,389.78,0.95,18.9
24398,Motorcycle,1,Motorcycle / 3-wheel vehicle,opposite,82.8%,388.88,390.63,1.75,10.3
24531,Motorcycle,1,Motorcycle / 3-wheel vehicle,opposite,85.5%,389.13,389.83,0.7,25.7
24556,Motorcycle,1,Motorcycle / 3-wheel vehicle,opposite,90.1%,389.48,390.13,0.65,27.7
24585,Motorcycle,1,Motorcycle / 3-wheel vehicle,opposite,89.8%,389.83,390.53,0.7,25.7
24590,Motorcycle,1,Motorcycle / 3-wheel vehicle,opposite,80.2%,389.83,390.68,0.85,21.2
24580,Motorcycle,1,Motorcycle / 3-wheel vehicle,opposite,88.9%,389.93,390.68,0.75,24.0
24604,Motorcycle,1,Motorcycle / 3-wheel vehicle,opposite,88.1%,391.48,393.38,1.9,9.5
24726,Motorcycle,1,Motorcycle / 3-wheel vehicle,opposite,87.4%,391.83,392.58,0.75,24.0
24659,Motorcycle,1,Motorcycle / 3-wheel vehicle,opposite,88.3%,392.23,393.93,1.7,10.6
24775,Motorcycle,1,Motorcycle / 3-wheel vehicle,opposite,90.2%,393.33,394.23,0.9,20.0
24837,Motorcycle,1,Motorcycle / 3-wheel vehicle,opposite,87.5%,394.33,395.18,0.85,21.2
24736,Motorcycle,1,Motorcycle / 3-wheel vehicle,opposite,70.4%,394.43,396.03,1.6,11.3
24898,Motorcycle,1,Motorcycle / 3-wheel vehicle,opposite,87.9%,395.18,396.03,0.85,21.2
24797,Car / Sedan,2,Sedan / jeep / station wagon,opposite,93.2%,396.48,397.73,1.25,14.4
25040,Motorcycle,1,Motorcycle / 3-wheel vehicle,opposite,88.6%,397.03,398.03,1.0,18.0
24953,Motorcycle,1,Motorcycle / 3-wheel vehicle,opposite,88.7%,397.33,398.63,1.3,13.8
25071,Motorcycle,1,Motorcycle / 3-wheel vehicle,opposite,86.6%,398.43,399.93,1.5,12.0
25006,Motorcycle,1,Motorcycle / 3-wheel vehicle,opposite,88.4%,399.13,400.43,1.3,13.8
25160,Motorcycle,1,Motorcycle / 3-wheel vehicle,opposite,88.3%,399.73,401.13,1.4,12.9
25094,Car / Sedan,2,Sedan / jeep / station wagon,opposite,93.2%,400.38,402.38,2.0,9.0
25291,Motorcycle,1,Motorcycle / 3-wheel vehicle,opposite,80.1%,401.23,403.579,2.35,7.7
25386,Motorcycle,1,Motorcycle / 3-wheel vehicle,opposite,74.1%,402.13,403.529,1.4,12.9
25418,Motorcycle,1,Motorcycle / 3-wheel vehicle,opposite,67.3%,402.38,404.279,1.9,9.5
25325,Car / Sedan,2,Sedan / jeep / station wagon,opposite,93.8%,402.53,404.18,1.65,10.9
25467,Motorcycle,1,Motorcycle / 3-wheel vehicle,opposite,59.7%,403.38,404.729,1.35,13.3
25494,Motorcycle,1,Motorcycle / 3-wheel vehicle,opposite,89.3%,403.93,405.229,1.3,13.8
25517,Motorcycle,1,Motorcycle / 3-wheel vehicle,opposite,84.0%,404.18,405.579,1.4,12.9
25340,2-Axle Truck (Jumbo),6,2-Axle Truck,opposite,91.8%,404.68,406.529,1.85,9.7
25534,Motorcycle,1,Motorcycle / 3-wheel vehicle,opposite,81.3%,405.029,406.029,1.0,18.0
25598,Motorcycle,1,Motorcycle / 3-wheel vehicle,opposite,86.3%,405.329,406.629,1.3,13.8
25704,Motorcycle,1,Motorcycle / 3-wheel vehicle,opposite,85.5%,406.629,407.979,1.35,13.3
25794,Motorcycle,1,Motorcycle / 3-wheel vehicle,opposite,84.3%,407.629,408.979,1.35,13.3
25776,Car / Sedan,2,Sedan / jeep / station wagon,normal,89.1%,410.629,407.779,2.85,6.3
25838,Motorcycle,1,Motorcycle / 3-wheel vehicle,normal,85.1%,411.829,409.729,2.1,8.6
25840,Car / Sedan,2,Sedan / jeep / station wagon,normal,42.5%,413.579,411.179,2.4,7.5
25894,Motorcycle,1,Motorcycle / 3-wheel vehicle,normal,45.7%,412.479,411.229,1.25,14.4
25995,Motorcycle,1,Motorcycle / 3-wheel vehicle,opposite,90.6%,411.529,412.179,0.65,27.7
26131,Motorcycle,1,Motorcycle / 3-wheel vehicle,opposite,85.9%,413.229,413.879,0.65,27.7
25910,Car / Sedan,2,Sedan / jeep / station wagon,normal,90.1%,415.879,413.579,2.3,7.8
26064,Motorcycle,1,Motorcycle / 3-wheel vehicle,normal,83.6%,414.829,413.679,1.15,15.7
26138,Motorcycle,1,Motorcycle / 3-wheel vehicle,normal,86.0%,415.529,414.329,1.2,15.0
26228,Motorcycle,1,Motorcycle / 3-wheel vehicle,opposite,86.9%,414.479,415.379,0.9,20.0
26287,Motorcycle,1,Motorcycle / 3-wheel vehicle,opposite,56.4%,419.329,415.129,4.2,4.3
26141,Motorcycle,1,Motorcycle / 3-wheel vehicle,normal,86.4%,416.879,415.329,1.55,11.6
26299,Motorcycle,1,Motorcycle / 3-wheel vehicle,opposite,89.2%,415.729,416.379,0.65,27.7
26321,Car / Sedan,2,Sedan / jeep / station wagon,opposite,89.2%,416.229,417.129,0.9,20.0
26336,Motorcycle,1,Motorcycle / 3-wheel vehicle,opposite,74.7%,416.379,417.429,1.05,17.1
26330,Motorcycle,1,Motorcycle / 3-wheel vehicle,opposite,85.9%,416.429,417.179,0.75,24.0
26374,Motorcycle,1,Motorcycle / 3-wheel vehicle,opposite,80.5%,417.129,418.029,0.9,20.0
26389,Motorcycle,1,Motorcycle / 3-wheel vehicle,opposite,89.0%,417.179,417.929,0.75,24.0
26112,Public Transportation (Angkot),3,Medium passenger vehicle,normal,92.1%,420.779,417.729,3.05,5.9
26467,Motorcycle,1,Motorcycle / 3-wheel vehicle,opposite,87.9%,418.379,419.179,0.8,22.5
26391,Motorcycle,1,Motorcycle / 3-wheel vehicle,normal,84.9%,420.429,418.579,1.85,9.7
26481,Pickup / Micro Truck,4,Pickup / micro truck / delivery,opposite,92.0%,419.079,419.929,0.85,21.2
26490,Motorcycle,1,Motorcycle / 3-wheel vehicle,normal,79.0%,421.079,419.429,1.65,10.9
26548,Motorcycle,1,Motorcycle / 3-wheel vehicle,opposite,86.4%,419.579,420.529,0.95,18.9
26549,Motorcycle,1,Motorcycle / 3-wheel vehicle,opposite,88.3%,419.679,420.479,0.8,22.5
26547,Motorcycle,1,Motorcycle / 3-wheel vehicle,opposite,89.8%,419.779,420.579,0.8,22.5
26591,Motorcycle,1,Motorcycle / 3-wheel vehicle,opposite,87.4%,420.229,421.179,0.95,18.9
26581,Motorcycle,1,Motorcycle / 3-wheel vehicle,opposite,89.8%,420.329,421.179,0.85,21.2
26616,Motorcycle,1,Motorcycle / 3-wheel vehicle,normal,81.5%,423.678,421.079,2.6,6.9
26513,Motorcycle,1,Motorcycle / 3-wheel vehicle,opposite,89.0%,422.629,424.279,1.65,10.9
26835,Motorcycle,1,Motorcycle / 3-wheel vehicle,opposite,87.5%,423.878,424.779,0.9,20.0
26763,Motorcycle,1,Motorcycle / 3-wheel vehicle,normal,55.8%,426.478,424.178,2.3,7.8
26643,Car / Sedan,2,Sedan / jeep / station wagon,normal,88.7%,427.578,424.329,3.25,5.5
26896,Motorcycle,1,Motorcycle / 3-wheel vehicle,opposite,87.1%,424.878,425.778,0.9,20.0
26894,2-Axle Truck (Jumbo),6,2-Axle Truck,opposite,92.4%,425.378,426.528,1.15,15.7
26927,Motorcycle,1,Motorcycle / 3-wheel vehicle,opposite,84.9%,425.378,426.328,0.95,18.9
26948,Car / Sedan,2,Sedan / jeep / station wagon,opposite,85.3%,425.828,426.728,0.9,20.0
26991,Motorcycle,1,Motorcycle / 3-wheel vehicle,opposite,86.9%,426.178,427.228,1.05,17.1
27056,Motorcycle,1,Motorcycle / 3-wheel vehicle,opposite,88.1%,427.428,428.528,1.1,16.4
27059,Car / Sedan,2,Sedan / jeep / station wagon,opposite,93.1%,427.678,428.778,1.1,16.4
27130,Motorcycle,1,Motorcycle / 3-wheel vehicle,opposite,87.8%,428.278,429.378,1.1,16.4
27124,Motorcycle,1,Motorcycle / 3-wheel vehicle,opposite,86.6%,428.328,429.528,1.2,15.0
27134,Motorcycle,1,Motorcycle / 3-wheel vehicle,opposite,88.4%,428.728,429.928,1.2,15.0
27133,Motorcycle,1,Motorcycle / 3-wheel vehicle,opposite,90.6%,428.828,429.828,1.0,18.0
27158,Motorcycle,1,Motorcycle / 3-wheel vehicle,opposite,63.6%,429.328,430.578,1.25,14.4
27082,Car / Sedan,2,Sedan / jeep / station wagon,normal,87.2%,431.828,429.378,2.45,7.3
27189,Motorcycle,1,Motorcycle / 3-wheel vehicle,opposite,78.1%,429.678,430.928,1.25,14.4
27202,Motorcycle,1,Motorcycle / 3-wheel vehicle,opposite,90.1%,430.078,431.228,1.15,15.7
27262,Motorcycle,1,Motorcycle / 3-wheel vehicle,opposite,89.3%,430.578,431.728,1.15,15.7
27273,Motorcycle,1,Motorcycle / 3-wheel vehicle,opposite,87.8%,430.578,431.678,1.1,16.4
27230,Motorcycle,1,Motorcycle / 3-wheel vehicle,normal,67.2%,433.028,431.178,1.85,9.7
27320,Car / Sedan,2,Sedan / jeep / station wagon,opposite,90.8%,431.778,432.928,1.15,15.7
27389,Motorcycle,1,Motorcycle / 3-wheel vehicle,opposite,86.5%,432.478,433.728,1.25,14.4
26920,Car / Sedan,2,Sedan / jeep / station wagon,normal,63.0%,434.278,432.528,1.75,10.3
27391,Motorcycle,1,Motorcycle / 3-wheel vehicle,opposite,88.2%,432.578,433.678,1.1,16.4
27528,Motorcycle,1,Motorcycle / 3-wheel vehicle,normal,86.6%,435.378,433.478,1.9,9.5
27497,Motorcycle,1,Motorcycle / 3-wheel vehicle,opposite,88.1%,433.678,435.128,1.45,12.4
27573,Motorcycle,1,Motorcycle / 3-wheel vehicle,opposite,89.1%,434.278,435.078,0.8,22.5
27548,Motorcycle,1,Motorcycle / 3-wheel vehicle,opposite,89.5%,434.478,435.778,1.3,13.8
27575,Motorcycle,1,Motorcycle / 3-wheel vehicle,opposite,89.3%,434.678,435.728,1.05,17.1
27587,Motorcycle,1,Motorcycle / 3-wheel vehicle,normal,57.1%,436.928,434.728,2.2,8.2
27588,Motorcycle,1,Motorcycle / 3-wheel vehicle,opposite,86.2%,434.828,435.778,0.95,18.9
27474,Motorcycle,1,Motorcycle / 3-wheel vehicle,normal,81.0%,436.978,435.578,1.4,12.9
27696,Motorcycle,1,Motorcycle / 3-wheel vehicle,opposite,88.0%,436.278,437.528,1.25,14.4
27728,Motorcycle,1,Motorcycle / 3-wheel vehicle,opposite,89.2%,436.528,437.228,0.7,25.7
27704,Motorcycle,1,Motorcycle / 3-wheel vehicle,normal,84.6%,440.028,437.028,3.0,6.0
27809,Car / Sedan,2,Sedan / jeep / station wagon,opposite,92.1%,437.928,439.128,1.2,15.0
27920,Car / Sedan,2,Sedan / jeep / station wagon,opposite,92.7%,439.178,440.278,1.1,16.4
27970,Motorcycle,1,Motorcycle / 3-wheel vehicle,opposite,78.8%,439.378,440.078,0.7,25.7
27968,Motorcycle,1,Motorcycle / 3-wheel vehicle,opposite,90.0%,439.428,440.278,0.85,21.2
27982,Motorcycle,1,Motorcycle / 3-wheel vehicle,opposite,90.5%,439.878,440.928,1.05,17.1
27683,Motorcycle,1,Motorcycle / 3-wheel vehicle,normal,65.0%,448.577,439.878,8.7,2.1
28057,Motorcycle,1,Motorcycle / 3-wheel vehicle,opposite,84.0%,440.678,441.578,0.9,20.0
28115,Motorcycle,1,Motorcycle / 3-wheel vehicle,opposite,79.5%,441.578,442.128,0.55,32.7
27955,Motorcycle,1,Motorcycle / 3-wheel vehicle,opposite,91.1%,441.778,443.377,1.6,11.3
28129,Motorcycle,1,Motorcycle / 3-wheel vehicle,opposite,88.5%,441.878,442.678,0.8,22.5
28203,Motorcycle,1,Motorcycle / 3-wheel vehicle,opposite,85.9%,442.978,443.728,0.75,24.0
28187,Pickup / Micro Truck,4,Pickup / micro truck / delivery,opposite,91.6%,443.377,444.527,1.15,15.7
28241,Motorcycle,1,Motorcycle / 3-wheel vehicle,opposite,88.8%,443.728,444.527,0.8,22.5
28264,Motorcycle,1,Motorcycle / 3-wheel vehicle,opposite,90.4%,444.127,444.927,0.8,22.5
28304,Motorcycle,1,Motorcycle / 3-wheel vehicle,opposite,87.9%,444.627,445.527,0.9,20.0
28306,Motorcycle,1,Motorcycle / 3-wheel vehicle,opposite,90.1%,444.777,445.677,0.9,20.0
28404,Motorcycle,1,Motorcycle / 3-wheel vehicle,opposite,83.5%,445.877,446.827,0.95,18.9
28099,Car / Sedan,2,Sedan / jeep / station wagon,opposite,90.7%,445.977,447.977,2.0,9.0
28305,Motorcycle,1,Motorcycle / 3-wheel vehicle,opposite,89.9%,446.377,447.827,1.45,12.4
28473,Motorcycle,1,Motorcycle / 3-wheel vehicle,opposite,71.9%,447.027,447.977,0.95,18.9
28524,Motorcycle,1,Motorcycle / 3-wheel vehicle,opposite,88.9%,448.077,449.027,0.95,18.9
28155,Motorcycle,1,Motorcycle / 3-wheel vehicle,normal,49.7%,450.827,448.427,2.4,7.5
28589,Motorcycle,1,Motorcycle / 3-wheel vehicle,opposite,78.6%,448.927,449.627,0.7,25.7
28585,Motorcycle,1,Motorcycle / 3-wheel vehicle,opposite,87.8%,449.177,450.077,0.9,20.0
28673,Motorcycle,1,Motorcycle / 3-wheel vehicle,opposite,88.2%,450.127,450.927,0.8,22.5
28639,Pickup / Micro Truck,4,Pickup / micro truck / delivery,opposite,93.0%,450.427,451.527,1.1,16.4
28699,Motorcycle,1,Motorcycle / 3-wheel vehicle,opposite,87.4%,450.677,451.777,1.1,16.4
28732,Motorcycle,1,Motorcycle / 3-wheel vehicle,opposite,86.2%,451.127,452.127,1.0,18.0
28742,Motorcycle,1,Motorcycle / 3-wheel vehicle,normal,92.8%,451.327,455.027,3.7,4.9
28793,Motorcycle,1,Motorcycle / 3-wheel vehicle,normal,84.3%,453.327,451.777,1.55,11.6
28775,Motorcycle,1,Motorcycle / 3-wheel vehicle,opposite,85.3%,452.077,453.227,1.15,15.7
28807,Motorcycle,1,Motorcycle / 3-wheel vehicle,opposite,80.7%,452.077,453.077,1.0,18.0
28812,Motorcycle,1,Motorcycle / 3-wheel vehicle,opposite,89.7%,452.427,453.277,0.85,21.2
28845,Motorcycle,1,Motorcycle / 3-wheel vehicle,normal,83.8%,454.927,453.327,1.6,11.3
28928,Car / Sedan,2,Sedan / jeep / station wagon,opposite,92.4%,453.677,454.577,0.9,20.0
28924,Pickup / Micro Truck,4,Pickup / micro truck / delivery,normal,89.8%,456.127,454.777,1.35,13.3
29019,Motorcycle,1,Motorcycle / 3-wheel vehicle,opposite,85.2%,455.127,456.027,0.9,20.0
29051,Motorcycle,1,Motorcycle / 3-wheel vehicle,opposite,55.1%,455.627,456.377,0.75,24.0
29085,Motorcycle,1,Motorcycle / 3-wheel vehicle,opposite,84.5%,455.777,456.727,0.95,18.9
29088,Motorcycle,1,Motorcycle / 3-wheel vehicle,opposite,88.9%,456.077,456.977,0.9,20.0
29089,Car / Sedan,2,Sedan / jeep / station wagon,normal,88.5%,457.427,456.227,1.2,15.0
29105,Motorcycle,1,Motorcycle / 3-wheel vehicle,opposite,88.3%,456.527,457.377,0.85,21.2
29133,Motorcycle,1,Motorcycle / 3-wheel vehicle,opposite,84.6%,456.527,457.577,1.05,17.1
29155,Motorcycle,1,Motorcycle / 3-wheel vehicle,opposite,86.9%,456.827,457.777,0.95,18.9
29166,Motorcycle,1,Motorcycle / 3-wheel vehicle,opposite,89.2%,457.027,457.977,0.95,18.9
29129,Motorcycle,1,Motorcycle / 3-wheel vehicle,opposite,89.1%,457.227,458.127,0.9,20.0
29190,Motorcycle,1,Motorcycle / 3-wheel vehicle,normal,79.6%,458.327,457.227,1.1,16.4
29196,Motorcycle,1,Motorcycle / 3-wheel vehicle,opposite,90.7%,457.627,458.427,0.8,22.5
29102,Motorcycle,1,Motorcycle / 3-wheel vehicle,normal,65.6%,460.527,457.927,2.6,6.9
29165,Car / Sedan,2,Sedan / jeep / station wagon,normal,87.1%,460.977,458.627,2.35,7.7
29311,Car / Sedan,2,Sedan / jeep / station wagon,opposite,94.1%,460.177,461.077,0.9,20.0
29337,Motorcycle,1,Motorcycle / 3-wheel vehicle,normal,79.4%,464.876,461.977,2.9,6.2
29372,Motorcycle,1,Motorcycle / 3-wheel vehicle,normal,85.5%,465.676,462.726,2.95,6.1
29493,Motorcycle,1,Motorcycle / 3-wheel vehicle,opposite,88.1%,463.026,463.676,0.65,27.7
29498,Motorcycle,1,Motorcycle / 3-wheel vehicle,opposite,89.8%,463.526,464.377,0.85,21.2
29503,Motorcycle,1,Motorcycle / 3-wheel vehicle,opposite,89.0%,463.776,464.577,0.8,22.5
29567,Motorcycle,1,Motorcycle / 3-wheel vehicle,opposite,88.5%,465.126,466.026,0.9,20.0
29624,Motorcycle,1,Motorcycle / 3-wheel vehicle,opposite,89.0%,466.226,467.026,0.8,22.5
29529,Motorcycle,1,Motorcycle / 3-wheel vehicle,normal,86.9%,468.576,466.526,2.05,8.8
29683,Car / Sedan,2,Sedan / jeep / station wagon,opposite,93.2%,467.776,468.576,0.8,22.5
29694,Motorcycle,1,Motorcycle / 3-wheel vehicle,opposite,87.5%,467.776,468.626,0.85,21.2
29650,Motorcycle,1,Motorcycle / 3-wheel vehicle,normal,83.9%,469.076,468.126,0.95,18.9
29703,Motorcycle,1,Motorcycle / 3-wheel vehicle,opposite,88.3%,468.176,469.026,0.85,21.2
29688,Motorcycle,1,Motorcycle / 3-wheel vehicle,opposite,88.2%,468.426,469.976,1.55,11.6
29827,Car / Sedan,2,Sedan / jeep / station wagon,opposite,93.1%,470.376,471.576,1.2,15.0
29792,Motorcycle,1,Motorcycle / 3-wheel vehicle,opposite,91.6%,470.926,472.526,1.6,11.3
29700,Car / Sedan,2,Sedan / jeep / station wagon,normal,82.6%,474.576,471.576,3.0,6.0
29826,Motorcycle,1,Motorcycle / 3-wheel vehicle,normal,84.1%,472.526,471.926,0.6,30.0
29975,Motorcycle,1,Motorcycle / 3-wheel vehicle,opposite,89.8%,472.326,473.226,0.9,20.0
29971,Motorcycle,1,Motorcycle / 3-wheel vehicle,opposite,90.2%,472.476,473.476,1.0,18.0
29927,Motorcycle,1,Motorcycle / 3-wheel vehicle,normal,48.2%,473.676,472.776,0.9,20.0
29994,Motorcycle,1,Motorcycle / 3-wheel vehicle,normal,79.6%,474.176,472.776,1.4,12.9
30063,Motorcycle,1,Motorcycle / 3-wheel vehicle,opposite,84.4%,473.676,474.576,0.9,20.0
30044,Motorcycle,1,Motorcycle / 3-wheel vehicle,normal,59.4%,477.676,474.276,3.4,5.3
30093,Motorcycle,1,Motorcycle / 3-wheel vehicle,opposite,88.2%,474.526,475.326,0.8,22.5
30046,Motorcycle,1,Motorcycle / 3-wheel vehicle,normal,84.1%,475.826,474.576,1.25,14.4
30118,Motorcycle,1,Motorcycle / 3-wheel vehicle,opposite,90.9%,474.776,475.376,0.6,30.0
30161,Motorcycle,1,Motorcycle / 3-wheel vehicle,opposite,89.0%,475.476,476.126,0.65,27.7
30162,Motorcycle,1,Motorcycle / 3-wheel vehicle,opposite,88.4%,475.476,476.426,0.95,18.9
30090,Motorcycle,1,Motorcycle / 3-wheel vehicle,normal,84.9%,476.876,475.776,1.1,16.4
30173,Motorcycle,1,Motorcycle / 3-wheel vehicle,normal,85.5%,477.626,476.576,1.05,17.1
30259,Motorcycle,1,Motorcycle / 3-wheel vehicle,opposite,88.5%,477.426,478.126,0.7,25.7
30266,Motorcycle,1,Motorcycle / 3-wheel vehicle,opposite,78.7%,477.826,478.726,0.9,20.0
30275,Motorcycle,1,Motorcycle / 3-wheel vehicle,opposite,89.0%,478.026,478.676,0.65,27.7
30260,Car / Sedan,2,Sedan / jeep / station wagon,opposite,91.2%,478.326,479.276,0.95,18.9
30287,Motorcycle,1,Motorcycle / 3-wheel vehicle,opposite,52.3%,478.426,479.126,0.7,25.7
30339,Motorcycle,1,Motorcycle / 3-wheel vehicle,opposite,87.6%,479.376,480.226,0.85,21.2
30163,Public Transportation (Angkot),3,Medium passenger vehicle,normal,91.1%,481.676,479.626,2.05,8.8
30334,Car / Sedan,2,Sedan / jeep / station wagon,opposite,93.8%,480.376,481.276,0.9,20.0
30422,Motorcycle,1,Motorcycle / 3-wheel vehicle,opposite,66.6%,480.576,481.176,0.6,30.0
30416,Motorcycle,1,Motorcycle / 3-wheel vehicle,opposite,83.0%,480.876,481.726,0.85,21.2
30437,Motorcycle,1,Motorcycle / 3-wheel vehicle,opposite,89.7%,481.076,481.826,0.75,24.0
30409,Motorcycle,1,Motorcycle / 3-wheel vehicle,normal,59.7%,482.176,481.426,0.75,24.0
30404,Motorcycle,1,Motorcycle / 3-wheel vehicle,opposite,90.2%,481.926,482.726,0.8,22.5
30482,Motorcycle,1,Motorcycle / 3-wheel vehicle,opposite,90.4%,482.076,482.825,0.75,24.0
30463,Motorcycle,1,Motorcycle / 3-wheel vehicle,normal,80.3%,485.575,482.776,2.8,6.4
30551,Motorcycle,1,Motorcycle / 3-wheel vehicle,opposite,88.4%,483.226,484.125,0.9,20.0
30378,Car / Sedan,2,Sedan / jeep / station wagon,normal,91.4%,484.575,483.375,1.2,15.0
30577,Motorcycle,1,Motorcycle / 3-wheel vehicle,opposite,87.4%,483.675,484.675,1.0,18.0
30575,Motorcycle,1,Motorcycle / 3-wheel vehicle,opposite,88.0%,483.726,484.525,0.8,22.5
30599,Motorcycle,1,Motorcycle / 3-wheel vehicle,normal,78.7%,485.225,484.125,1.1,16.4
30688,Motorcycle,1,Motorcycle / 3-wheel vehicle,normal,64.4%,486.325,485.175,1.15,15.7
30725,Motorcycle,1,Motorcycle / 3-wheel vehicle,opposite,87.6%,485.525,486.275,0.75,24.0
30576,2-Axle Truck (Jumbo),6,2-Axle Truck,normal,91.4%,487.375,485.825,1.55,11.6
30730,Car / Sedan,2,Sedan / jeep / station wagon,opposite,94.0%,486.025,487.025,1.0,18.0
30765,Motorcycle,1,Motorcycle / 3-wheel vehicle,opposite,90.6%,486.175,487.175,1.0,18.0
30802,Motorcycle,1,Motorcycle / 3-wheel vehicle,opposite,88.3%,486.925,487.725,0.8,22.5
30828,Car / Sedan,2,Sedan / jeep / station wagon,opposite,93.3%,487.675,488.625,0.95,18.9
30872,Motorcycle,1,Motorcycle / 3-wheel vehicle,opposite,87.2%,487.675,488.575,0.9,20.0
30885,Motorcycle,1,Motorcycle / 3-wheel vehicle,opposite,88.2%,487.925,488.675,0.75,24.0
30824,Motorcycle,1,Motorcycle / 3-wheel vehicle,normal,49.7%,489.725,488.275,1.45,12.4
30922,Motorcycle,1,Motorcycle / 3-wheel vehicle,opposite,77.8%,488.525,489.425,0.9,20.0
30927,Motorcycle,1,Motorcycle / 3-wheel vehicle,opposite,89.2%,488.725,489.525,0.8,22.5
30967,Motorcycle,1,Motorcycle / 3-wheel vehicle,opposite,87.8%,489.175,490.125,0.95,18.9
31019,Motorcycle,1,Motorcycle / 3-wheel vehicle,opposite,64.8%,490.275,491.225,0.95,18.9
31068,Motorcycle,1,Motorcycle / 3-wheel vehicle,opposite,62.1%,491.025,491.925,0.9,20.0
31084,Motorcycle,1,Motorcycle / 3-wheel vehicle,opposite,87.0%,491.175,491.975,0.8,22.5
31052,Car / Sedan,2,Sedan / jeep / station wagon,opposite,92.6%,491.275,492.375,1.1,16.4
31085,Motorcycle,1,Motorcycle / 3-wheel vehicle,opposite,86.2%,491.525,492.725,1.2,15.0
31122,Motorcycle,1,Motorcycle / 3-wheel vehicle,opposite,78.4%,491.675,492.625,0.95,18.9
31126,Motorcycle,1,Motorcycle / 3-wheel vehicle,opposite,43.2%,491.975,492.875,0.9,20.0
30939,Car / Sedan,2,Sedan / jeep / station wagon,normal,78.5%,492.925,492.025,0.9,20.0
31133,Motorcycle,1,Motorcycle / 3-wheel vehicle,opposite,84.9%,492.175,493.175,1.0,18.0
31152,Motorcycle,1,Motorcycle / 3-wheel vehicle,opposite,88.2%,492.325,493.275,0.95,18.9
31145,Motorcycle,1,Motorcycle / 3-wheel vehicle,normal,73.5%,494.175,492.625,1.55,11.6
31159,Motorcycle,1,Motorcycle / 3-wheel vehicle,opposite,89.1%,492.775,493.825,1.05,17.1
31201,Motorcycle,1,Motorcycle / 3-wheel vehicle,opposite,76.2%,492.925,493.875,0.95,18.9
31254,Car / Sedan,2,Sedan / jeep / station wagon,opposite,93.3%,494.375,495.425,1.05,17.1
31281,Motorcycle,1,Motorcycle / 3-wheel vehicle,opposite,87.2%,494.425,495.325,0.9,20.0
31345,Motorcycle,1,Motorcycle / 3-wheel vehicle,normal,54.5%,496.875,495.475,1.4,12.9
31340,Motorcycle,1,Motorcycle / 3-wheel vehicle,opposite,86.2%,495.675,496.475,0.8,22.5
31296,Car / Sedan,2,Sedan / jeep / station wagon,normal,90.1%,497.925,496.325,1.6,11.2
31357,Car / Sedan,2,Sedan / jeep / station wagon,opposite,93.1%,496.625,497.575,0.95,18.9
31424,Car / Sedan,2,Sedan / jeep / station wagon,opposite,93.3%,497.425,498.375,0.95,18.9
31533,Car / Sedan,2,Sedan / jeep / station wagon,opposite,93.0%,498.875,499.875,1.0,18.0
31542,Car / Sedan,2,Sedan / jeep / station wagon,opposite,42.4%,499.075,500.075,1.0,18.0
31551,Motorcycle,1,Motorcycle / 3-wheel vehicle,opposite,84.0%,499.175,500.125,0.95,18.9
31515,Motorcycle,1,Motorcycle / 3-wheel vehicle,normal,79.3%,501.125,499.675,1.45,12.4
31535,Motorcycle,1,Motorcycle / 3-wheel vehicle,normal,82.9%,501.575,499.925,1.65,10.9
31634,Motorcycle,1,Motorcycle / 3-wheel vehicle,opposite,87.8%,500.125,501.075,0.95,18.9
31658,Motorcycle,1,Motorcycle / 3-wheel vehicle,normal,69.3%,504.474,500.775,3.7,4.9
31668,Car / Sedan,2,Sedan / jeep / station wagon,opposite,93.5%,501.025,502.025,1.0,18.0
31800,Car / Sedan,2,Sedan / jeep / station wagon,opposite,92.8%,502.274,503.175,0.9,20.0
31786,Car / Sedan,2,Sedan / jeep / station wagon,opposite,90.0%,502.325,503.325,1.0,18.0
31855,Motorcycle,1,Motorcycle / 3-wheel vehicle,opposite,89.7%,502.974,503.925,0.95,18.9
31823,Motorcycle,1,Motorcycle / 3-wheel vehicle,opposite,88.9%,503.024,504.674,1.65,10.9
31896,Motorcycle,1,Motorcycle / 3-wheel vehicle,opposite,79.9%,503.474,504.374,0.9,20.0
31926,Motorcycle,1,Motorcycle / 3-wheel vehicle,opposite,89.8%,503.774,504.674,0.9,20.0
32002,Pickup / Micro Truck,4,Pickup / micro truck / delivery,opposite,92.1%,505.874,507.574,1.7,10.6
32087,Motorcycle,1,Motorcycle / 3-wheel vehicle,opposite,87.5%,506.424,507.374,0.95,18.9
32095,Motorcycle,1,Motorcycle / 3-wheel vehicle,opposite,86.1%,506.474,507.574,1.1,16.4
31940,Motorcycle,1,Motorcycle / 3-wheel vehicle,opposite,89.2%,506.974,509.274,2.3,7.8
32093,Motorcycle,1,Motorcycle / 3-wheel vehicle,opposite,89.8%,507.724,509.124,1.4,12.9
32038,Car / Sedan,2,Sedan / jeep / station wagon,opposite,92.8%,509.274,511.374,2.1,8.6
32190,Motorcycle,1,Motorcycle / 3-wheel vehicle,opposite,91.1%,510.174,512.674,2.5,7.2
32396,Car / Sedan,2,Sedan / jeep / station wagon,opposite,89.3%,511.674,513.274,1.6,11.3
32289,Car / Sedan,2,Sedan / jeep / station wagon,opposite,90.6%,512.424,514.724,2.3,7.8
32437,Motorcycle,1,Motorcycle / 3-wheel vehicle,opposite,87.7%,512.424,513.824,1.4,12.9
32497,Motorcycle,1,Motorcycle / 3-wheel vehicle,opposite,85.2%,512.774,514.324,1.55,11.6
32530,Motorcycle,1,Motorcycle / 3-wheel vehicle,opposite,88.9%,513.274,514.724,1.45,12.4
32639,Motorcycle,1,Motorcycle / 3-wheel vehicle,opposite,84.6%,514.724,516.374,1.65,10.9
32702,Motorcycle,1,Motorcycle / 3-wheel vehicle,opposite,81.3%,515.374,516.474,1.1,16.4
32504,2-Axle Truck (Jumbo),6,2-Axle Truck,opposite,94.2%,515.624,518.324,2.7,6.7
32789,Motorcycle,1,Motorcycle / 3-wheel vehicle,opposite,88.5%,516.674,517.574,0.9,20.0
32651,Public Transportation (Angkot),3,Medium passenger vehicle,opposite,93.5%,518.374,520.574,2.2,8.2
32948,Car / Sedan,2,Sedan / jeep / station wagon,opposite,93.8%,519.674,521.024,1.35,13.3
33062,Motorcycle,1,Motorcycle / 3-wheel vehicle,opposite,86.6%,520.874,522.124,1.25,14.4
33034,Car / Sedan,2,Sedan / jeep / station wagon,opposite,92.3%,520.974,523.323,2.35,7.7
33083,Motorcycle,1,Motorcycle / 3-wheel vehicle,opposite,87.9%,521.224,522.573,1.35,13.3
33133,Motorcycle,1,Motorcycle / 3-wheel vehicle,opposite,89.8%,522.124,523.473,1.35,13.3
33221,Car / Sedan,2,Sedan / jeep / station wagon,opposite,93.2%,523.624,524.973,1.35,13.3
33170,Motorcycle,1,Motorcycle / 3-wheel vehicle,normal,85.2%,525.773,523.873,1.9,9.5
33302,Motorcycle,1,Motorcycle / 3-wheel vehicle,normal,78.7%,528.323,525.173,3.15,5.7
33369,Car / Sedan,2,Sedan / jeep / station wagon,opposite,93.5%,525.873,527.123,1.25,14.4
33405,Car / Sedan,2,Sedan / jeep / station wagon,normal,90.7%,531.023,527.623,3.4,5.3
33457,Car / Sedan,2,Sedan / jeep / station wagon,opposite,92.8%,527.673,529.123,1.45,12.4
33567,Car / Sedan,2,Sedan / jeep / station wagon,opposite,93.2%,527.773,528.923,1.15,15.7
33657,Motorcycle,1,Motorcycle / 3-wheel vehicle,opposite,90.9%,529.023,530.023,1.0,18.0
33730,Motorcycle,1,Motorcycle / 3-wheel vehicle,opposite,89.8%,529.973,530.973,1.0,18.0
33574,Motorcycle,1,Motorcycle / 3-wheel vehicle,opposite,53.3%,530.123,531.923,1.8,10.0
33780,Motorcycle,1,Motorcycle / 3-wheel vehicle,opposite,84.0%,530.323,531.273,0.95,18.9
33738,Car / Sedan,2,Sedan / jeep / station wagon,normal,74.3%,532.373,530.773,1.6,11.3
33781,Motorcycle,1,Motorcycle / 3-wheel vehicle,opposite,57.8%,531.123,532.373,1.25,14.4
33873,Motorcycle,1,Motorcycle / 3-wheel vehicle,opposite,88.9%,531.373,532.423,1.05,17.1
33892,Car / Sedan,2,Sedan / jeep / station wagon,opposite,93.9%,532.123,533.673,1.55,11.6
33998,Car / Sedan,2,Sedan / jeep / station wagon,opposite,92.7%,534.273,535.723,1.45,12.4
34103,Motorcycle,1,Motorcycle / 3-wheel vehicle,opposite,88.7%,534.423,535.523,1.1,16.4
34132,Motorcycle,1,Motorcycle / 3-wheel vehicle,opposite,89.9%,534.923,535.823,0.9,20.0
34100,Motorcycle,1,Motorcycle / 3-wheel vehicle,normal,72.0%,536.673,534.923,1.75,10.3
34142,Car / Sedan,2,Sedan / jeep / station wagon,normal,84.9%,540.273,537.073,3.2,5.6
34281,Motorcycle,1,Motorcycle / 3-wheel vehicle,opposite,89.0%,537.123,538.273,1.15,15.7
34339,Motorcycle,1,Motorcycle / 3-wheel vehicle,opposite,83.4%,537.923,538.923,1.0,18.0
34333,Public Transportation (Angkot),3,Medium passenger vehicle,opposite,94.1%,539.073,540.973,1.9,9.5
34540,Motorcycle,1,Motorcycle / 3-wheel vehicle,normal,78.2%,543.772,540.723,3.05,5.9
34521,Car / Sedan,2,Sedan / jeep / station wagon,opposite,92.4%,540.823,543.273,2.45,7.3
34440,Motorcycle,1,Motorcycle / 3-wheel vehicle,normal,43.1%,544.172,541.023,3.15,5.7
34602,Motorcycle,1,Motorcycle / 3-wheel vehicle,opposite,89.1%,541.523,542.322,0.8,22.5
34618,Motorcycle,1,Motorcycle / 3-wheel vehicle,opposite,86.1%,541.923,543.972,2.05,8.8
34565,Motorcycle,1,Motorcycle / 3-wheel vehicle,opposite,83.5%,543.523,545.072,1.55,11.6
34889,Motorcycle,1,Motorcycle / 3-wheel vehicle,opposite,86.8%,545.372,546.322,0.95,18.9
34824,Motorcycle,1,Motorcycle / 3-wheel vehicle,normal,84.9%,549.222,546.272,2.95,6.1
34965,Motorcycle,1,Motorcycle / 3-wheel vehicle,normal,83.6%,549.722,547.222,2.5,7.2
34595,Car / Sedan,2,Sedan / jeep / station wagon,opposite,87.0%,547.572,549.572,2.0,9.0
34818,Car / Sedan,2,Sedan / jeep / station wagon,normal,80.3%,550.472,549.122,1.35,13.3
34986,Car / Sedan,2,Sedan / jeep / station wagon,opposite,93.5%,549.522,551.222,1.7,10.6
35302,Motorcycle,1,Motorcycle / 3-wheel vehicle,normal,83.6%,551.672,550.722,0.95,18.9
35166,Car / Sedan,2,Sedan / jeep / station wagon,normal,88.5%,553.172,551.822,1.35,13.3
35383,Motorcycle,1,Motorcycle / 3-wheel vehicle,opposite,90.0%,552.522,553.372,0.85,21.2
35348,Motorcycle,1,Motorcycle / 3-wheel vehicle,normal,84.9%,554.072,552.772,1.3,13.8
35384,Motorcycle,1,Motorcycle / 3-wheel vehicle,normal,84.6%,555.072,553.922,1.15,15.7
35510,Motorcycle,1,Motorcycle / 3-wheel vehicle,normal,85.7%,555.572,554.372,1.2,15.0
35484,Motorcycle,1,Motorcycle / 3-wheel vehicle,normal,84.8%,555.922,554.922,1.0,18.0
35498,Motorcycle,1,Motorcycle / 3-wheel vehicle,normal,87.2%,556.422,555.422,1.0,18.0
35612,Motorcycle,1,Motorcycle / 3-wheel vehicle,normal,84.7%,557.222,555.972,1.25,14.4
35566,Motorcycle,1,Motorcycle / 3-wheel vehicle,normal,84.4%,557.372,556.572,0.8,22.5
35529,Motorcycle,1,Motorcycle / 3-wheel vehicle,normal,48.4%,558.072,556.922,1.15,15.7
35666,Motorcycle,1,Motorcycle / 3-wheel vehicle,normal,49.8%,559.872,557.072,2.8,6.4
35719,Motorcycle,1,Motorcycle / 3-wheel vehicle,normal,84.1%,558.622,557.572,1.05,17.1
35733,Motorcycle,1,Motorcycle / 3-wheel vehicle,normal,82.9%,561.822,558.522,3.3,5.5
35846,Motorcycle,1,Motorcycle / 3-wheel vehicle,normal,62.9%,561.322,558.522,2.8,6.4
35782,Motorcycle,1,Motorcycle / 3-wheel vehicle,normal,81.8%,562.521,559.072,3.45,5.2
35980,Motorcycle,1,Motorcycle / 3-wheel vehicle,opposite,90.6%,560.072,560.572,0.5,36.0
35592,Motorcycle,1,Motorcycle / 3-wheel vehicle,opposite,87.3%,560.172,561.521,1.35,13.3
35932,Motorcycle,1,Motorcycle / 3-wheel vehicle,normal,82.1%,565.271,560.522,4.75,3.8
35754,Motorcycle,1,Motorcycle / 3-wheel vehicle,normal,87.4%,565.621,560.722,4.9,3.7
35830,Motorcycle,1,Motorcycle / 3-wheel vehicle,opposite,84.0%,561.272,562.971,1.7,10.6
35940,Motorcycle,1,Motorcycle / 3-wheel vehicle,normal,84.9%,565.921,561.922,4.0,4.5
36005,Motorcycle,1,Motorcycle / 3-wheel vehicle,opposite,90.0%,561.971,563.421,1.45,12.4
36061,Motorcycle,1,Motorcycle / 3-wheel vehicle,opposite,88.8%,562.521,564.421,1.9,9.5
36059,Motorcycle,1,Motorcycle / 3-wheel vehicle,opposite,44.8%,563.621,565.121,1.5,12.0
36170,Motorcycle,1,Motorcycle / 3-wheel vehicle,opposite,82.7%,563.721,564.721,1.0,18.0
36085,Motorcycle,1,Motorcycle / 3-wheel vehicle,normal,75.1%,566.921,564.071,2.85,6.3
36252,Public Transportation (Angkot),3,Medium passenger vehicle,opposite,93.5%,565.571,567.421,1.85,9.7
36301,Motorcycle,1,Motorcycle / 3-wheel vehicle,opposite,89.5%,565.921,568.171,2.25,8.0
36390,Motorcycle,1,Motorcycle / 3-wheel vehicle,normal,82.2%,567.821,566.321,1.5,12.0
36309,Motorcycle,1,Motorcycle / 3-wheel vehicle,opposite,90.6%,566.921,568.671,1.75,10.3
36407,Motorcycle,1,Motorcycle / 3-wheel vehicle,normal,84.6%,568.471,566.921,1.55,11.6
36451,Motorcycle,1,Motorcycle / 3-wheel vehicle,opposite,89.3%,568.121,569.621,1.5,12.0
36591,Motorcycle,1,Motorcycle / 3-wheel vehicle,normal,76.2%,571.171,569.771,1.4,12.9
36599,Motorcycle,1,Motorcycle / 3-wheel vehicle,opposite,89.8%,569.971,571.021,1.05,17.1
36635,Motorcycle,1,Motorcycle / 3-wheel vehicle,normal,69.9%,572.121,570.871,1.25,14.4
36596,Car / Sedan,2,Sedan / jeep / station wagon,normal,91.2%,572.721,571.421,1.3,13.8
36845,Motorcycle,1,Motorcycle / 3-wheel vehicle,normal,85.0%,576.971,574.321,2.65,6.8
36990,Motorcycle,1,Motorcycle / 3-wheel vehicle,opposite,89.6%,575.971,576.771,0.8,22.5
36941,Motorcycle,1,Motorcycle / 3-wheel vehicle,normal,82.8%,578.321,575.971,2.35,7.7
36873,Car / Sedan,2,Sedan / jeep / station wagon,normal,91.8%,579.821,576.721,3.1,5.8
36914,Motorcycle,1,Motorcycle / 3-wheel vehicle,opposite,89.5%,577.171,577.671,0.5,36.0
37080,Motorcycle,1,Motorcycle / 3-wheel vehicle,opposite,90.3%,577.471,578.771,1.3,13.8
37083,Motorcycle,1,Motorcycle / 3-wheel vehicle,opposite,87.4%,577.571,578.721,1.15,15.7
37068,Motorcycle,1,Motorcycle / 3-wheel vehicle,opposite,88.2%,578.321,578.821,0.5,36.0
37015,Motorcycle,1,Motorcycle / 3-wheel vehicle,opposite,88.3%,578.371,579.821,1.45,12.4
37148,Motorcycle,1,Motorcycle / 3-wheel vehicle,opposite,86.7%,579.121,579.921,0.8,22.5
37023,Pickup / Micro Truck,4,Pickup / micro truck / delivery,normal,48.0%,581.77,579.521,2.25,8.0
37197,Motorcycle,1,Motorcycle / 3-wheel vehicle,normal,83.7%,582.17,580.371,1.8,10.0
37231,Motorcycle,1,Motorcycle / 3-wheel vehicle,opposite,89.1%,580.471,581.17,0.7,25.7
37221,Motorcycle,1,Motorcycle / 3-wheel vehicle,opposite,87.5%,580.771,581.92,1.15,15.7
37179,Motorcycle,1,Motorcycle / 3-wheel vehicle,normal,74.8%,582.571,580.921,1.65,10.9
37300,Motorcycle,1,Motorcycle / 3-wheel vehicle,normal,84.6%,583.57,581.821,1.75,10.3
37312,Motorcycle,1,Motorcycle / 3-wheel vehicle,opposite,82.7%,582.17,583.17,1.0,18.0
37162,Car / Sedan,2,Sedan / jeep / station wagon,normal,87.9%,584.12,582.221,1.9,9.5
37330,Motorcycle,1,Motorcycle / 3-wheel vehicle,opposite,88.7%,582.62,583.62,1.0,18.0
37395,Motorcycle,1,Motorcycle / 3-wheel vehicle,opposite,88.8%,583.62,584.47,0.85,21.2
37232,Car / Sedan,2,Sedan / jeep / station wagon,normal,86.1%,585.67,583.92,1.75,10.3
37465,Motorcycle,1,Motorcycle / 3-wheel vehicle,opposite,88.1%,584.92,585.62,0.7,25.7
37331,Car / Sedan,2,Sedan / jeep / station wagon,normal,91.4%,587.77,585.97,1.8,10.0
37531,Motorcycle,1,Motorcycle / 3-wheel vehicle,opposite,88.4%,586.17,586.82,0.65,27.7
37536,Motorcycle,1,Motorcycle / 3-wheel vehicle,opposite,90.0%,586.32,587.02,0.7,25.7
37600,Motorcycle,1,Motorcycle / 3-wheel vehicle,opposite,88.7%,587.57,588.32,0.75,24.0
37497,Pickup / Micro Truck,4,Pickup / micro truck / delivery,normal,91.7%,589.52,587.62,1.9,9.5
37561,Motorcycle,1,Motorcycle / 3-wheel vehicle,normal,86.9%,589.07,587.92,1.15,15.7
37659,Motorcycle,1,Motorcycle / 3-wheel vehicle,opposite,80.3%,588.52,589.12,0.6,30.0
37702,Motorcycle,1,Motorcycle / 3-wheel vehicle,opposite,88.3%,589.22,589.97,0.75,24.0
37490,Car / Sedan,2,Sedan / jeep / station wagon,normal,91.4%,591.12,589.32,1.8,10.0
37728,Motorcycle,1,Motorcycle / 3-wheel vehicle,normal,67.8%,590.72,589.62,1.1,16.4
37640,Motorcycle,1,Motorcycle / 3-wheel vehicle,normal,83.7%,591.32,590.17,1.15,15.7
37814,Motorcycle,1,Motorcycle / 3-wheel vehicle,opposite,85.8%,590.52,591.12,0.6,30.0
37774,Motorcycle,1,Motorcycle / 3-wheel vehicle,normal,76.9%,593.42,590.67,2.75,6.5
37797,Motorcycle,1,Motorcycle / 3-wheel vehicle,normal,85.0%,592.97,591.57,1.4,12.9
37899,Motorcycle,1,Motorcycle / 3-wheel vehicle,opposite,89.5%,591.92,592.42,0.5,36.0
37884,Motorcycle,1,Motorcycle / 3-wheel vehicle,normal,70.3%,595.42,592.32,3.1,5.8
37790,Motorcycle,1,Motorcycle / 3-wheel vehicle,normal,83.8%,593.82,592.62,1.2,15.0
37901,Motorcycle,1,Motorcycle / 3-wheel vehicle,normal,86.6%,594.42,593.52,0.9,20.0
38093,Motorcycle,1,Motorcycle / 3-wheel vehicle,opposite,88.0%,595.62,596.22,0.6,30.0
38017,Motorcycle,1,Motorcycle / 3-wheel vehicle,normal,80.3%,598.82,595.92,2.9,6.2
38132,Motorcycle,1,Motorcycle / 3-wheel vehicle,opposite,81.2%,596.32,596.87,0.55,32.7
38148,Motorcycle,1,Motorcycle / 3-wheel vehicle,opposite,88.7%,596.72,597.42,0.7,25.7
37955,Car / Sedan,2,Sedan / jeep / station wagon,normal,90.3%,601.169,596.72,4.45,4.0
37942,Motorcycle,1,Motorcycle / 3-wheel vehicle,opposite,89.8%,597.02,598.57,1.55,11.6
38199,Motorcycle,1,Motorcycle / 3-wheel vehicle,opposite,89.9%,597.62,598.17,0.55,32.7
38057,Motorcycle,1,Motorcycle / 3-wheel vehicle,opposite,88.0%,598.42,600.32,1.9,9.5
38272,Motorcycle,1,Motorcycle / 3-wheel vehicle,opposite,89.4%,598.62,599.42,0.8,22.5
38168,Motorcycle,1,Motorcycle / 3-wheel vehicle,opposite,89.2%,599.17,601.019,1.85,9.7
38297,Motorcycle,1,Motorcycle / 3-wheel vehicle,opposite,86.3%,599.32,600.02,0.7,25.7
38343,Motorcycle,1,Motorcycle / 3-wheel vehicle,opposite,88.7%,600.02,600.72,0.7,25.7
38248,Motorcycle,1,Motorcycle / 3-wheel vehicle,opposite,88.4%,600.32,602.019,1.7,10.6
38378,Motorcycle,1,Motorcycle / 3-wheel vehicle,opposite,86.2%,600.67,601.419,0.75,24.0
38396,Motorcycle,1,Motorcycle / 3-wheel vehicle,opposite,90.2%,601.47,602.62,1.15,15.7
38481,2-Axle Truck (Jumbo),6,2-Axle Truck,opposite,91.5%,602.869,604.069,1.2,15.0
38537,Motorcycle,1,Motorcycle / 3-wheel vehicle,opposite,89.3%,603.069,603.869,0.8,22.5
38521,Motorcycle,1,Motorcycle / 3-wheel vehicle,opposite,87.8%,603.119,604.169,1.05,17.1
38582,Motorcycle,1,Motorcycle / 3-wheel vehicle,opposite,88.5%,603.819,604.969,1.15,15.7
38609,Car / Sedan,2,Sedan / jeep / station wagon,opposite,93.0%,604.619,605.619,1.0,18.0
38645,Motorcycle,1,Motorcycle / 3-wheel vehicle,opposite,89.9%,604.869,605.719,0.85,21.2
38667,Motorcycle,1,Motorcycle / 3-wheel vehicle,opposite,87.9%,605.169,606.169,1.0,18.0
38681,Motorcycle,1,Motorcycle / 3-wheel vehicle,normal,59.8%,607.419,605.169,2.25,8.0
38728,Motorcycle,1,Motorcycle / 3-wheel vehicle,opposite,86.6%,606.069,607.419,1.35,13.3
38750,Motorcycle,1,Motorcycle / 3-wheel vehicle,opposite,87.3%,606.769,607.769,1.0,18.0
38717,Motorcycle,1,Motorcycle / 3-wheel vehicle,normal,88.9%,609.469,606.919,2.55,7.1
38753,Motorcycle,1,Motorcycle / 3-wheel vehicle,opposite,89.8%,606.969,608.219,1.25,14.4
38828,Motorcycle,1,Motorcycle / 3-wheel vehicle,opposite,89.8%,607.969,608.719,0.75,24.0
38862,Car / Sedan,2,Sedan / jeep / station wagon,opposite,90.3%,609.019,610.019,1.0,18.0
38870,Motorcycle,1,Motorcycle / 3-wheel vehicle,opposite,89.7%,609.219,610.219,1.0,18.0
38689,Motorcycle,1,Motorcycle / 3-wheel vehicle,opposite,82.8%,609.519,610.419,0.9,20.0
38875,Motorcycle,1,Motorcycle / 3-wheel vehicle,normal,67.8%,611.119,609.869,1.25,14.4
38965,Motorcycle,1,Motorcycle / 3-wheel vehicle,opposite,89.1%,610.219,611.169,0.95,18.9
38983,Motorcycle,1,Motorcycle / 3-wheel vehicle,opposite,67.4%,610.669,611.669,1.0,18.0
39049,Motorcycle,1,Motorcycle / 3-wheel vehicle,opposite,85.7%,611.319,612.269,0.95,18.9
38942,Motorcycle,1,Motorcycle / 3-wheel vehicle,normal,55.5%,612.769,611.719,1.05,17.1
39120,Car / Sedan,2,Sedan / jeep / station wagon,opposite,93.3%,612.269,613.619,1.35,13.3
39133,Motorcycle,1,Motorcycle / 3-wheel vehicle,opposite,89.5%,612.519,613.669,1.15,15.7
39153,Motorcycle,1,Motorcycle / 3-wheel vehicle,opposite,88.6%,612.869,614.069,1.2,15.0
39207,Motorcycle,1,Motorcycle / 3-wheel vehicle,normal,72.1%,614.069,613.019,1.05,17.1
39199,Motorcycle,1,Motorcycle / 3-wheel vehicle,opposite,88.5%,613.469,614.569,1.1,16.4
39221,Motorcycle,1,Motorcycle / 3-wheel vehicle,opposite,87.0%,613.519,614.719,1.2,15.0
39228,Motorcycle,1,Motorcycle / 3-wheel vehicle,opposite,87.5%,613.519,614.469,0.95,18.9
39319,Motorcycle,1,Motorcycle / 3-wheel vehicle,normal,72.8%,614.969,614.169,0.8,22.5
39276,Motorcycle,1,Motorcycle / 3-wheel vehicle,opposite,89.0%,614.419,615.569,1.15,15.7
39268,Motorcycle,1,Motorcycle / 3-wheel vehicle,normal,72.9%,616.269,614.669,1.6,11.2
39257,Car / Sedan,2,Sedan / jeep / station wagon,normal,90.7%,616.869,615.719,1.15,15.7
39401,Car / Sedan,2,Sedan / jeep / station wagon,opposite,89.7%,616.269,617.319,1.05,17.1
39437,Motorcycle,1,Motorcycle / 3-wheel vehicle,opposite,89.6%,616.919,617.869,0.95,18.9
39386,2-Axle Truck (Jumbo),6,2-Axle Truck,normal,77.9%,618.019,616.919,1.1,16.4
39503,Motorcycle,1,Motorcycle / 3-wheel vehicle,opposite,89.2%,617.969,618.819,0.85,21.2
39511,Motorcycle,1,Motorcycle / 3-wheel vehicle,normal,61.1%,620.469,618.169,2.3,7.8
39513,Motorcycle,1,Motorcycle / 3-wheel vehicle,opposite,89.4%,618.419,619.569,1.15,15.7
39454,Car / Sedan,2,Sedan / jeep / station wagon,normal,87.1%,619.719,618.569,1.15,15.7
39530,Motorcycle,1,Motorcycle / 3-wheel vehicle,opposite,89.5%,618.919,620.119,1.2,15.0
39493,Car / Sedan,2,Sedan / jeep / station wagon,normal,91.0%,620.918,619.719,1.2,15.0
39583,Motorcycle,1,Motorcycle / 3-wheel vehicle,opposite,87.6%,620.619,621.918,1.3,13.8
39642,Motorcycle,1,Motorcycle / 3-wheel vehicle,normal,41.6%,623.318,620.818,2.5,7.2
39702,Motorcycle,1,Motorcycle / 3-wheel vehicle,normal,84.4%,622.968,621.968,1.0,18.0
39733,Motorcycle,1,Motorcycle / 3-wheel vehicle,normal,80.3%,626.668,622.918,3.75,4.8
39776,Motorcycle,1,Motorcycle / 3-wheel vehicle,normal,38.9%,625.768,623.468,2.3,7.8
39750,Motorcycle,1,Motorcycle / 3-wheel vehicle,opposite,69.7%,624.668,629.718,5.05,3.6
39618,Motorcycle,1,Motorcycle / 3-wheel vehicle,opposite,88.1%,627.968,630.418,2.45,7.3
39923,Motorcycle,1,Motorcycle / 3-wheel vehicle,opposite,86.5%,628.318,630.718,2.4,7.5
39687,Motorcycle,1,Motorcycle / 3-wheel vehicle,opposite,76.5%,629.968,632.318,2.35,7.7
40330,Motorcycle,1,Motorcycle / 3-wheel vehicle,opposite,59.7%,630.468,631.968,1.5,12.0
40294,Motorcycle,1,Motorcycle / 3-wheel vehicle,opposite,88.2%,630.518,631.718,1.2,15.0
40376,Motorcycle,1,Motorcycle / 3-wheel vehicle,opposite,84.7%,630.918,632.868,1.95,9.2
40511,Motorcycle,1,Motorcycle / 3-wheel vehicle,opposite,85.1%,632.318,634.218,1.9,9.5
40569,Motorcycle,1,Motorcycle / 3-wheel vehicle,opposite,85.2%,632.768,634.268,1.5,12.0
40494,Motorcycle,1,Motorcycle / 3-wheel vehicle,opposite,67.9%,633.618,635.918,2.3,7.8
40603,Motorcycle,1,Motorcycle / 3-wheel vehicle,opposite,86.9%,634.018,635.318,1.3,13.8
40523,Car / Sedan,2,Sedan / jeep / station wagon,opposite,91.1%,634.218,636.568,2.35,7.7
40649,Motorcycle,1,Motorcycle / 3-wheel vehicle,opposite,77.2%,634.218,635.618,1.4,12.9
40732,Motorcycle,1,Motorcycle / 3-wheel vehicle,opposite,87.5%,635.118,636.718,1.6,11.3
40782,Motorcycle,1,Motorcycle / 3-wheel vehicle,opposite,79.1%,635.268,636.668,1.4,12.9
40697,Motorcycle,1,Motorcycle / 3-wheel vehicle,opposite,87.8%,635.418,636.618,1.2,15.0
40830,Motorcycle,1,Motorcycle / 3-wheel vehicle,opposite,78.0%,636.168,638.018,1.85,9.7
40874,Motorcycle,1,Motorcycle / 3-wheel vehicle,opposite,61.2%,637.118,638.918,1.8,10.0
40794,Car / Sedan,2,Sedan / jeep / station wagon,opposite,92.0%,637.468,639.418,1.95,9.2
40979,Motorcycle,1,Motorcycle / 3-wheel vehicle,opposite,82.5%,638.268,640.068,1.8,10.0
41072,Motorcycle,1,Motorcycle / 3-wheel vehicle,opposite,90.9%,638.518,640.018,1.5,12.0
41108,Motorcycle,1,Motorcycle / 3-wheel vehicle,opposite,78.1%,639.418,640.967,1.55,11.6
41183,Motorcycle,1,Motorcycle / 3-wheel vehicle,opposite,84.9%,640.567,642.018,1.45,12.4
40927,Car / Sedan,2,Sedan / jeep / station wagon,opposite,86.7%,641.717,643.917,2.2,8.2
41322,Motorcycle,1,Motorcycle / 3-wheel vehicle,opposite,72.1%,642.817,644.267,1.45,12.4
41311,Motorcycle,1,Motorcycle / 3-wheel vehicle,opposite,51.5%,643.067,644.917,1.85,9.7
41478,Motorcycle,1,Motorcycle / 3-wheel vehicle,opposite,46.9%,643.667,645.567,1.9,9.5
41441,Motorcycle,1,Motorcycle / 3-wheel vehicle,opposite,89.3%,643.967,645.467,1.5,12.0
41518,Motorcycle,1,Motorcycle / 3-wheel vehicle,opposite,83.5%,644.017,645.667,1.65,10.9
41529,Motorcycle,1,Motorcycle / 3-wheel vehicle,opposite,62.7%,646.467,648.017,1.55,11.6
41737,Motorcycle,1,Motorcycle / 3-wheel vehicle,opposite,89.3%,646.667,648.167,1.5,12.0
41732,Motorcycle,1,Motorcycle / 3-wheel vehicle,opposite,86.6%,647.217,648.667,1.45,12.4
41744,Motorcycle,1,Motorcycle / 3-wheel vehicle,opposite,86.6%,647.367,648.817,1.45,12.4
41856,Motorcycle,1,Motorcycle / 3-wheel vehicle,opposite,89.6%,648.367,649.667,1.3,13.8
41971,Motorcycle,1,Motorcycle / 3-wheel vehicle,opposite,85.7%,649.617,650.517,0.9,20.0
41482,Car / Sedan,2,Sedan / jeep / station wagon,normal,91.2%,652.567,650.167,2.4,7.5
41995,Car / Sedan,2,Sedan / jeep / station wagon,opposite,93.4%,650.717,652.117,1.4,12.9
42064,Motorcycle,1,Motorcycle / 3-wheel vehicle,opposite,89.8%,650.917,651.867,0.95,18.9
42119,Motorcycle,1,Motorcycle / 3-wheel vehicle,normal,83.6%,653.817,652.317,1.5,12.0
42137,Car / Sedan,2,Sedan / jeep / station wagon,opposite,93.4%,653.717,654.917,1.2,15.0
42215,Motorcycle,1,Motorcycle / 3-wheel vehicle,opposite,89.0%,654.667,655.367,0.7,25.7
42249,Motorcycle,1,Motorcycle / 3-wheel vehicle,opposite,88.4%,655.267,655.967,0.7,25.7
42234,Motorcycle,1,Motorcycle / 3-wheel vehicle,normal,54.7%,657.167,655.417,1.75,10.3
42272,Motorcycle,1,Motorcycle / 3-wheel vehicle,opposite,88.7%,655.617,656.567,0.95,18.9
42292,Motorcycle,1,Motorcycle / 3-wheel vehicle,opposite,81.8%,655.967,656.667,0.7,25.7
42308,Motorcycle,1,Motorcycle / 3-wheel vehicle,normal,66.5%,657.667,656.417,1.25,14.4
42328,Car / Sedan,2,Sedan / jeep / station wagon,opposite,71.0%,657.017,657.967,0.95,18.9
42366,Motorcycle,1,Motorcycle / 3-wheel vehicle,opposite,86.5%,657.017,657.717,0.7,25.7
42362,Motorcycle,1,Motorcycle / 3-wheel vehicle,normal,49.2%,658.817,657.167,1.65,10.9
42105,Car / Sedan,2,Sedan / jeep / station wagon,normal,44.1%,659.617,657.617,2.0,9.0
42395,Motorcycle,1,Motorcycle / 3-wheel vehicle,opposite,89.5%,657.967,658.767,0.8,22.5
42359,Motorcycle,1,Motorcycle / 3-wheel vehicle,opposite,88.5%,658.567,659.867,1.3,13.8
42469,Motorcycle,1,Motorcycle / 3-wheel vehicle,opposite,85.5%,658.667,659.567,0.9,20.0
42438,Motorcycle,1,Motorcycle / 3-wheel vehicle,opposite,89.5%,658.717,659.317,0.6,30.0
42481,Motorcycle,1,Motorcycle / 3-wheel vehicle,normal,75.1%,660.866,658.967,1.9,9.5
42455,Car / Sedan,2,Sedan / jeep / station wagon,opposite,92.9%,660.167,661.167,1.0,18.0
42180,Public Transportation (Angkot),3,Medium passenger vehicle,normal,68.6%,665.666,660.366,5.3,3.4
42628,Motorcycle,1,Motorcycle / 3-wheel vehicle,opposite,89.3%,660.966,662.016,1.05,17.1
42626,Motorcycle,1,Motorcycle / 3-wheel vehicle,opposite,88.4%,661.016,661.917,0.9,20.0
42637,Motorcycle,1,Motorcycle / 3-wheel vehicle,opposite,87.5%,661.417,662.516,1.1,16.4
42724,Motorcycle,1,Motorcycle / 3-wheel vehicle,opposite,82.7%,662.366,663.566,1.2,15.0
42607,Car / Sedan,2,Sedan / jeep / station wagon,opposite,93.0%,662.516,663.766,1.25,14.4
42776,Motorcycle,1,Motorcycle / 3-wheel vehicle,opposite,90.0%,663.216,664.216,1.0,18.0
42819,Motorcycle,1,Motorcycle / 3-wheel vehicle,opposite,88.6%,663.666,664.616,0.95,18.9
42800,Motorcycle,1,Motorcycle / 3-wheel vehicle,opposite,90.2%,663.716,664.916,1.2,15.0
42806,Motorcycle,1,Motorcycle / 3-wheel vehicle,opposite,89.2%,663.766,664.816,1.05,17.1
42712,Motorcycle,1,Motorcycle / 3-wheel vehicle,opposite,80.1%,664.016,668.166,4.15,4.3
42526,Car / Sedan,2,Sedan / jeep / station wagon,normal,91.2%,670.616,664.066,6.55,2.7
42844,Motorcycle,1,Motorcycle / 3-wheel vehicle,opposite,89.7%,664.166,665.116,0.95,18.9
42878,Motorcycle,1,Motorcycle / 3-wheel vehicle,opposite,89.7%,664.766,665.766,1.0,18.0
42916,Car / Sedan,2,Sedan / jeep / station wagon,opposite,89.8%,665.616,667.066,1.45,12.4
42976,Motorcycle,1,Motorcycle / 3-wheel vehicle,opposite,88.6%,666.516,667.666,1.15,15.7
42999,Motorcycle,1,Motorcycle / 3-wheel vehicle,opposite,88.7%,666.616,668.566,1.95,9.2
43014,Car / Sedan,2,Sedan / jeep / station wagon,opposite,93.1%,667.666,669.166,1.5,12.0
43233,Motorcycle,1,Motorcycle / 3-wheel vehicle,opposite,70.8%,669.316,670.966,1.65,10.9
43258,Car / Sedan,2,Sedan / jeep / station wagon,opposite,93.0%,670.516,672.566,2.05,8.8
43342,Motorcycle,1,Motorcycle / 3-wheel vehicle,opposite,86.9%,671.266,673.166,1.9,9.5
43364,Motorcycle,1,Motorcycle / 3-wheel vehicle,normal,70.0%,673.866,671.566,2.3,7.8
43402,Motorcycle,1,Motorcycle / 3-wheel vehicle,opposite,87.1%,672.516,674.666,2.15,8.4
43440,Motorcycle,1,Motorcycle / 3-wheel vehicle,opposite,82.5%,672.916,676.516,3.6,5.0
43475,Car / Sedan,2,Sedan / jeep / station wagon,opposite,91.4%,675.616,682.265,6.65,2.7
43620,Motorcycle,1,Motorcycle / 3-wheel vehicle,normal,66.8%,677.716,675.716,2.0,9.0
43660,Car / Sedan,2,Sedan / jeep / station wagon,opposite,93.5%,678.766,682.115,3.35,5.4
43769,Motorcycle,1,Motorcycle / 3-wheel vehicle,opposite,90.3%,680.165,683.715,3.55,5.1
43807,Motorcycle,1,Motorcycle / 3-wheel vehicle,opposite,90.1%,681.165,684.515,3.35,5.4
43821,Car / Sedan,2,Sedan / jeep / station wagon,opposite,91.8%,682.615,685.015,2.4,7.5
43956,Motorcycle,1,Motorcycle / 3-wheel vehicle,opposite,87.1%,683.915,686.215,2.3,7.8
44006,Motorcycle,1,Motorcycle / 3-wheel vehicle,opposite,87.4%,686.515,688.315,1.8,10.0
44135,Motorcycle,1,Motorcycle / 3-wheel vehicle,normal,73.7%,688.865,686.715,2.15,8.4
44193,Motorcycle,1,Motorcycle / 3-wheel vehicle,opposite,78.4%,687.665,689.015,1.35,13.3
44031,Car / Sedan,2,Sedan / jeep / station wagon,opposite,93.0%,687.815,689.665,1.85,9.7
44282,Motorcycle,1,Motorcycle / 3-wheel vehicle,opposite,89.4%,688.865,690.315,1.45,12.4
44224,Car / Sedan,2,Sedan / jeep / station wagon,opposite,93.1%,689.115,690.715,1.6,11.3
44309,Motorcycle,1,Motorcycle / 3-wheel vehicle,normal,83.5%,692.615,689.365,3.25,5.5
44283,Car / Sedan,2,Sedan / jeep / station wagon,opposite,92.7%,690.415,692.365,1.95,9.2
44446,Car / Sedan,2,Sedan / jeep / station wagon,opposite,93.0%,691.315,692.915,1.6,11.3
44489,Car / Sedan,2,Sedan / jeep / station wagon,opposite,90.8%,693.015,694.715,1.7,10.6
44584,Car / Sedan,2,Sedan / jeep / station wagon,opposite,92.4%,693.715,695.415,1.7,10.6
44615,Motorcycle,1,Motorcycle / 3-wheel vehicle,opposite,91.9%,693.965,695.265,1.3,13.8
44695,Car / Sedan,2,Sedan / jeep / station wagon,opposite,93.6%,695.315,696.815,1.5,12.0
44736,Motorcycle,1,Motorcycle / 3-wheel vehicle,opposite,87.7%,695.515,697.115,1.6,11.2
44765,Motorcycle,1,Motorcycle / 3-wheel vehicle,opposite,84.7%,695.515,697.265,1.75,10.3
44657,Motorcycle,1,Motorcycle / 3-wheel vehicle,opposite,88.9%,696.015,698.315,2.3,7.8
44802,Motorcycle,1,Motorcycle / 3-wheel vehicle,opposite,89.5%,697.015,698.165,1.15,15.7
44871,Motorcycle,1,Motorcycle / 3-wheel vehicle,opposite,90.0%,697.565,698.865,1.3,13.8
44651,Car / Sedan,2,Sedan / jeep / station wagon,opposite,92.8%,699.365,701.664,2.3,7.8
45269,Car / Sedan,2,Sedan / jeep / station wagon,opposite,51.8%,706.614,708.764,2.15,8.4
45261,Motorcycle,1,Motorcycle / 3-wheel vehicle,opposite,82.3%,707.764,709.564,1.8,10.0
45179,Car / Sedan,2,Sedan / jeep / station wagon,opposite,77.8%,708.014,710.264,2.25,8.0
45210,Motorcycle,1,Motorcycle / 3-wheel vehicle,opposite,58.0%,708.214,711.364,3.15,5.7
45229,Car / Sedan,2,Sedan / jeep / station wagon,opposite,91.3%,711.514,713.664,2.15,8.4
45618,Motorcycle,1,Motorcycle / 3-wheel vehicle,opposite,83.2%,711.664,713.564,1.9,9.5
45671,Motorcycle,1,Motorcycle / 3-wheel vehicle,opposite,78.7%,712.914,714.814,1.9,9.5
45736,Motorcycle,1,Motorcycle / 3-wheel vehicle,opposite,87.3%,713.514,715.064,1.55,11.6
45831,Motorcycle,1,Motorcycle / 3-wheel vehicle,opposite,84.9%,714.214,715.564,1.35,13.3
45945,Motorcycle,1,Motorcycle / 3-wheel vehicle,opposite,86.6%,715.864,716.964,1.1,16.4
45559,Car / Sedan,2,Sedan / jeep / station wagon,opposite,81.1%,716.414,718.664,2.25,8.0
46045,Motorcycle,1,Motorcycle / 3-wheel vehicle,opposite,78.4%,717.564,719.264,1.7,10.6
46117,Motorcycle,1,Motorcycle / 3-wheel vehicle,opposite,50.3%,718.114,720.813,2.7,6.7
45902,Car / Sedan,2,Sedan / jeep / station wagon,opposite,85.5%,718.264,720.163,1.9,9.5
46160,Motorcycle,1,Motorcycle / 3-wheel vehicle,opposite,85.0%,719.213,721.413,2.2,8.2
46049,Motorcycle,1,Motorcycle / 3-wheel vehicle,opposite,87.6%,719.313,720.913,1.6,11.2
45985,Car / Sedan,2,Sedan / jeep / station wagon,opposite,93.4%,720.663,722.963,2.3,7.8
46276,Car / Sedan,2,Sedan / jeep / station wagon,opposite,92.8%,721.563,723.163,1.6,11.3
46502,Motorcycle,1,Motorcycle / 3-wheel vehicle,normal,39.6%,726.513,723.263,3.25,5.5
46275,Car / Sedan,2,Sedan / jeep / station wagon,opposite,88.9%,723.563,725.413,1.85,9.7
46550,Motorcycle,1,Motorcycle / 3-wheel vehicle,normal,32.0%,726.113,723.563,2.55,7.1
46477,Car / Sedan,2,Sedan / jeep / station wagon,opposite,93.5%,723.713,725.013,1.3,13.8
46570,Motorcycle,1,Motorcycle / 3-wheel vehicle,opposite,83.7%,724.213,725.513,1.3,13.8
46663,Motorcycle,1,Motorcycle / 3-wheel vehicle,opposite,83.6%,725.013,726.363,1.35,13.3
46739,Motorcycle,1,Motorcycle / 3-wheel vehicle,opposite,84.9%,725.863,727.063,1.2,15.0
46576,Car / Sedan,2,Sedan / jeep / station wagon,opposite,92.3%,725.963,727.513,1.55,11.6
46797,Motorcycle,1,Motorcycle / 3-wheel vehicle,opposite,83.7%,726.813,728.113,1.3,13.8
46794,Car / Sedan,2,Sedan / jeep / station wagon,opposite,92.4%,727.013,728.563,1.55,11.6
46833,Motorcycle,1,Motorcycle / 3-wheel vehicle,opposite,89.2%,727.713,729.163,1.45,12.4
46829,Motorcycle,1,Motorcycle / 3-wheel vehicle,opposite,90.7%,727.913,729.413,1.5,12.0
46897,Motorcycle,1,Motorcycle / 3-wheel vehicle,opposite,85.1%,728.763,730.313,1.55,11.6
46861,Car / Sedan,2,Sedan / jeep / station wagon,opposite,91.9%,729.163,730.963,1.8,10.0
46961,Car / Sedan,2,Sedan / jeep / station wagon,opposite,93.6%,729.913,731.213,1.3,13.8
47035,Motorcycle,1,Motorcycle / 3-wheel vehicle,opposite,89.3%,730.313,731.513,1.2,15.0
47078,Motorcycle,1,Motorcycle / 3-wheel vehicle,opposite,86.4%,730.713,732.063,1.35,13.3
47057,Car / Sedan,2,Sedan / jeep / station wagon,opposite,93.5%,731.263,732.963,1.7,10.6
47126,Motorcycle,1,Motorcycle / 3-wheel vehicle,opposite,87.4%,731.563,732.813,1.25,14.4
47158,Motorcycle,1,Motorcycle / 3-wheel vehicle,opposite,82.7%,731.963,733.163,1.2,15.0
47221,Motorcycle,1,Motorcycle / 3-wheel vehicle,opposite,77.4%,732.263,733.563,1.3,13.8
47185,Motorcycle,1,Motorcycle / 3-wheel vehicle,normal,66.9%,734.713,732.513,2.2,8.2
47373,Public Transportation (Angkot),3,Medium passenger vehicle,opposite,93.7%,735.213,736.813,1.6,11.3
47374,Motorcycle,1,Motorcycle / 3-wheel vehicle,opposite,89.9%,735.913,737.663,1.75,10.3
47437,Motorcycle,1,Motorcycle / 3-wheel vehicle,opposite,87.4%,736.563,738.563,2.0,9.0
47500,Motorcycle,1,Motorcycle / 3-wheel vehicle,opposite,90.3%,737.713,739.312,1.6,11.3
47618,Car / Sedan,2,Sedan / jeep / station wagon,opposite,92.4%,739.112,740.712,1.6,11.2
47120,Pickup / Micro Truck,4,Pickup / micro truck / delivery,opposite,90.7%,739.163,741.412,2.25,8.0
47669,Motorcycle,1,Motorcycle / 3-wheel vehicle,opposite,85.7%,739.763,740.962,1.2,15.0
47683,Motorcycle,1,Motorcycle / 3-wheel vehicle,opposite,84.3%,739.763,741.412,1.65,10.9
47602,Motorcycle,1,Motorcycle / 3-wheel vehicle,opposite,84.3%,740.112,742.212,2.1,8.6
47732,Motorcycle,1,Motorcycle / 3-wheel vehicle,opposite,86.7%,740.513,741.912,1.4,12.9
47811,Motorcycle,1,Motorcycle / 3-wheel vehicle,opposite,87.8%,741.612,742.912,1.3,13.8
47828,Pickup / Micro Truck,4,Pickup / micro truck / delivery,opposite,91.9%,742.562,744.012,1.45,12.4
47977,Motorcycle,1,Motorcycle / 3-wheel vehicle,opposite,86.2%,744.312,745.562,1.25,14.4
47671,Car / Sedan,2,Sedan / jeep / station wagon,opposite,88.4%,744.812,746.912,2.1,8.6
47888,Motorcycle,1,Motorcycle / 3-wheel vehicle,opposite,89.0%,745.062,746.612,1.55,11.6
47983,Motorcycle,1,Motorcycle / 3-wheel vehicle,opposite,89.7%,745.662,747.512,1.85,9.7
48008,Motorcycle,1,Motorcycle / 3-wheel vehicle,opposite,90.2%,746.362,747.962,1.6,11.3
48198,Motorcycle,1,Motorcycle / 3-wheel vehicle,opposite,76.4%,747.362,749.062,1.7,10.6
48050,Motorcycle,1,Motorcycle / 3-wheel vehicle,opposite,79.4%,747.962,749.762,1.8,10.0
48186,Car / Sedan,2,Sedan / jeep / station wagon,opposite,93.4%,748.262,749.962,1.7,10.6
48201,Car / Sedan,2,Sedan / jeep / station wagon,opposite,87.6%,750.162,752.562,2.4,7.5
48341,Car / Sedan,2,Sedan / jeep / station wagon,opposite,93.3%,750.262,751.912,1.65,10.9
48365,Car / Sedan,2,Sedan / jeep / station wagon,opposite,91.6%,752.312,754.662,2.35,7.7
48519,Car / Sedan,2,Sedan / jeep / station wagon,opposite,93.0%,752.862,754.112,1.25,14.4
48566,Motorcycle,1,Motorcycle / 3-wheel vehicle,opposite,88.3%,753.362,754.762,1.4,12.9
48602,Motorcycle,1,Motorcycle / 3-wheel vehicle,opposite,85.1%,753.362,754.712,1.35,13.3
48653,Motorcycle,1,Motorcycle / 3-wheel vehicle,opposite,85.9%,754.462,755.712,1.25,14.4
48616,2-Axle Truck (Jumbo),6,2-Axle Truck,opposite,93.8%,755.162,756.812,1.65,10.9
48759,2-Axle Truck (Jumbo),6,2-Axle Truck,normal,93.4%,756.212,760.661,4.45,4.0
48877,Motorcycle,1,Motorcycle / 3-wheel vehicle,opposite,87.1%,758.112,759.011,0.9,20.0
48988,Motorcycle,1,Motorcycle / 3-wheel vehicle,opposite,87.3%,759.662,760.312,0.65,27.7
48839,Car / Sedan,2,Sedan / jeep / station wagon,normal,72.5%,763.211,760.011,3.2,5.6
49045,Motorcycle,1,Motorcycle / 3-wheel vehicle,opposite,88.1%,760.611,761.411,0.8,22.5
48990,Car / Sedan,2,Sedan / jeep / station wagon,opposite,90.8%,760.961,762.661,1.7,10.6
49100,Motorcycle,1,Motorcycle / 3-wheel vehicle,opposite,88.5%,761.861,762.511,0.65,27.7
49210,Motorcycle,1,Motorcycle / 3-wheel vehicle,normal,80.3%,766.111,763.911,2.2,8.2
49164,Motorcycle,1,Motorcycle / 3-wheel vehicle,normal,88.5%,764.761,769.111,4.35,4.1
49107,Car / Sedan,2,Sedan / jeep / station wagon,normal,88.3%,767.811,764.811,3.0,6.0
49325,Motorcycle,1,Motorcycle / 3-wheel vehicle,opposite,90.3%,765.411,766.211,0.8,22.5
49407,Public Transportation (Angkot),3,Medium passenger vehicle,opposite,91.5%,767.111,768.161,1.05,17.1
49573,Motorcycle,1,Motorcycle / 3-wheel vehicle,opposite,80.6%,768.411,769.711,1.3,13.8
49562,Motorcycle,1,Motorcycle / 3-wheel vehicle,normal,85.5%,771.411,769.361,2.05,8.8
49795,Pickup / Micro Truck,4,Pickup / micro truck / delivery,opposite,90.8%,773.411,775.761,2.35,7.7
49924,Car / Sedan,2,Sedan / jeep / station wagon,opposite,93.1%,775.411,777.511,2.1,8.6
49866,Motorcycle,1,Motorcycle / 3-wheel vehicle,opposite,76.0%,776.611,778.611,2.0,9.0
49973,Motorcycle,1,Motorcycle / 3-wheel vehicle,opposite,88.9%,777.411,779.16,1.75,10.3
49368,Public Transportation (Angkot),3,Medium passenger vehicle,opposite,91.5%,780.81,782.91,2.1,8.6
50435,Motorcycle,1,Motorcycle / 3-wheel vehicle,opposite,88.8%,782.06,782.71,0.65,27.7
50313,Public Transportation (Angkot),3,Medium passenger vehicle,opposite,93.1%,782.71,784.61,1.9,9.5
50509,Motorcycle,1,Motorcycle / 3-wheel vehicle,opposite,89.3%,783.76,785.06,1.3,13.8
50460,Pickup / Micro Truck,4,Pickup / micro truck / delivery,opposite,92.9%,785.36,787.01,1.65,10.9
50564,Motorcycle,1,Motorcycle / 3-wheel vehicle,opposite,90.4%,786.26,787.76,1.5,12.0
50630,Motorcycle,1,Motorcycle / 3-wheel vehicle,opposite,87.8%,787.06,788.41,1.35,13.3
50589,Motorcycle,1,Motorcycle / 3-wheel vehicle,opposite,90.0%,787.36,788.86,1.5,12.0
50726,Motorcycle,1,Motorcycle / 3-wheel vehicle,opposite,85.0%,788.31,789.21,0.9,20.0
50837,Motorcycle,1,Motorcycle / 3-wheel vehicle,opposite,90.5%,789.66,790.36,0.7,25.7
50774,Car / Sedan,2,Sedan / jeep / station wagon,normal,85.7%,791.16,789.71,1.45,12.4
50842,Motorcycle,1,Motorcycle / 3-wheel vehicle,opposite,90.5%,790.06,790.81,0.75,24.0
50280,Car / Sedan,2,Sedan / jeep / station wagon,normal,81.5%,793.66,790.36,3.3,5.5
50914,Motorcycle,1,Motorcycle / 3-wheel vehicle,opposite,88.7%,790.71,791.41,0.7,25.7
50915,Motorcycle,1,Motorcycle / 3-wheel vehicle,opposite,90.0%,790.81,791.51,0.7,25.7
51107,Motorcycle,1,Motorcycle / 3-wheel vehicle,opposite,88.5%,793.26,793.91,0.65,27.7
51101,Motorcycle,1,Motorcycle / 3-wheel vehicle,opposite,87.7%,793.31,793.91,0.6,30.0
51103,Motorcycle,1,Motorcycle / 3-wheel vehicle,normal,72.7%,795.51,793.51,2.0,9.0
51148,Motorcycle,1,Motorcycle / 3-wheel vehicle,opposite,86.4%,793.91,794.51,0.6,30.0
51154,Motorcycle,1,Motorcycle / 3-wheel vehicle,normal,57.2%,796.06,793.91,2.15,8.4
51100,Car / Sedan,2,Sedan / jeep / station wagon,opposite,93.0%,794.16,794.91,0.75,24.0
51190,Motorcycle,1,Motorcycle / 3-wheel vehicle,opposite,88.8%,794.46,795.06,0.6,30.0
50870,2-Axle Truck (Jumbo),6,2-Axle Truck,normal,90.2%,797.11,795.51,1.6,11.3
51287,Motorcycle,1,Motorcycle / 3-wheel vehicle,opposite,89.2%,795.96,796.56,0.6,30.0
51313,Motorcycle,1,Motorcycle / 3-wheel vehicle,opposite,89.7%,796.41,797.16,0.75,24.0
51396,Motorcycle,1,Motorcycle / 3-wheel vehicle,opposite,89.5%,797.56,798.21,0.65,27.7
51227,Car / Sedan,2,Sedan / jeep / station wagon,normal,77.2%,799.51,797.91,1.6,11.3
51449,Motorcycle,1,Motorcycle / 3-wheel vehicle,opposite,88.2%,798.409,799.159,0.75,24.0
51474,Motorcycle,1,Motorcycle / 3-wheel vehicle,opposite,88.3%,798.909,799.659,0.75,24.0
51239,Pickup / Micro Truck,4,Pickup / micro truck / delivery,normal,87.7%,800.809,799.309,1.5,12.0
51513,Motorcycle,1,Motorcycle / 3-wheel vehicle,opposite,90.6%,799.409,800.059,0.65,27.7
51553,Pickup / Micro Truck,4,Pickup / micro truck / delivery,opposite,91.2%,800.259,800.909,0.65,27.7
51586,Motorcycle,1,Motorcycle / 3-wheel vehicle,opposite,86.4%,800.459,801.109,0.65,27.7
51529,Motorcycle,1,Motorcycle / 3-wheel vehicle,normal,83.9%,801.859,800.659,1.2,15.0
51677,Motorcycle,1,Motorcycle / 3-wheel vehicle,opposite,87.9%,801.709,802.309,0.6,30.0
51381,Car / Sedan,2,Sedan / jeep / station wagon,normal,84.2%,803.209,801.759,1.45,12.4
51729,Motorcycle,1,Motorcycle / 3-wheel vehicle,opposite,90.1%,801.959,802.609,0.65,27.7
51778,Motorcycle,1,Motorcycle / 3-wheel vehicle,opposite,87.1%,802.359,803.009,0.65,27.7
51791,Car / Sedan,2,Sedan / jeep / station wagon,normal,84.1%,805.859,803.309,2.55,7.1
51854,Motorcycle,1,Motorcycle / 3-wheel vehicle,opposite,88.2%,803.409,804.009,0.6,30.0
51773,Motorcycle,1,Motorcycle / 3-wheel vehicle,opposite,89.4%,803.459,804.259,0.8,22.5
51948,Motorcycle,1,Motorcycle / 3-wheel vehicle,opposite,88.5%,804.759,805.409,0.65,27.7
51559,2-Axle Truck (Jumbo),6,2-Axle Truck,normal,92.6%,806.559,804.959,1.6,11.3
51960,Motorcycle,1,Motorcycle / 3-wheel vehicle,opposite,86.0%,805.359,806.059,0.7,25.7
51891,Car / Sedan,2,Sedan / jeep / station wagon,normal,90.1%,808.509,806.659,1.85,9.7
52071,Motorcycle,1,Motorcycle / 3-wheel vehicle,opposite,75.0%,807.009,807.709,0.7,25.7
52056,Public Transportation (Angkot),3,Medium passenger vehicle,opposite,88.2%,807.209,807.909,0.7,25.7
52089,Motorcycle,1,Motorcycle / 3-wheel vehicle,opposite,86.0%,807.509,808.359,0.85,21.2
52042,Car / Sedan,2,Sedan / jeep / station wagon,normal,91.1%,810.559,808.559,2.0,9.0
52195,Motorcycle,1,Motorcycle / 3-wheel vehicle,opposite,88.1%,809.359,810.009,0.65,27.7
52093,Car / Sedan,2,Sedan / jeep / station wagon,normal,78.8%,813.059,810.709,2.35,7.7
52302,Car / Sedan,2,Sedan / jeep / station wagon,opposite,93.0%,811.109,811.759,0.65,27.7
52177,Motorcycle,1,Motorcycle / 3-wheel vehicle,normal,80.2%,812.959,811.309,1.65,10.9
52345,Motorcycle,1,Motorcycle / 3-wheel vehicle,opposite,88.4%,811.709,812.359,0.65,27.7
52351,Motorcycle,1,Motorcycle / 3-wheel vehicle,opposite,86.9%,811.859,812.559,0.7,25.7
52361,Motorcycle,1,Motorcycle / 3-wheel vehicle,normal,68.5%,813.759,811.909,1.85,9.7
52242,Motorcycle,1,Motorcycle / 3-wheel vehicle,normal,86.3%,814.109,812.359,1.75,10.3
52415,Motorcycle,1,Motorcycle / 3-wheel vehicle,opposite,88.7%,812.859,813.559,0.7,25.7
52268,Car / Sedan,2,Sedan / jeep / station wagon,normal,58.1%,816.009,813.009,3.0,6.0
52421,Motorcycle,1,Motorcycle / 3-wheel vehicle,opposite,88.9%,813.159,813.809,0.65,27.7
52321,Motorcycle,1,Motorcycle / 3-wheel vehicle,normal,81.3%,814.809,813.509,1.3,13.8
52336,Motorcycle,1,Motorcycle / 3-wheel vehicle,normal,85.1%,816.659,813.559,3.1,5.8
52482,Motorcycle,1,Motorcycle / 3-wheel vehicle,normal,83.9%,820.608,814.359,6.25,2.9
52478,Motorcycle,1,Motorcycle / 3-wheel vehicle,opposite,89.6%,814.409,814.959,0.55,32.7
52586,Motorcycle,1,Motorcycle / 3-wheel vehicle,opposite,77.6%,815.959,816.959,1.0,18.0
52543,Motorcycle,1,Motorcycle / 3-wheel vehicle,opposite,91.4%,816.309,817.958,1.65,10.9
52709,Motorcycle,1,Motorcycle / 3-wheel vehicle,opposite,89.3%,818.058,818.958,0.9,20.0
52568,Motorcycle,1,Motorcycle / 3-wheel vehicle,opposite,88.8%,818.509,820.608,2.1,8.6
52739,Motorcycle,1,Motorcycle / 3-wheel vehicle,opposite,88.6%,818.609,819.409,0.8,22.5
52633,Motorcycle,1,Motorcycle / 3-wheel vehicle,normal,49.5%,824.908,819.409,5.5,3.3
52805,Motorcycle,1,Motorcycle / 3-wheel vehicle,opposite,84.2%,819.609,820.508,0.9,20.0
52669,Pickup / Micro Truck,4,Pickup / micro truck / delivery,opposite,90.1%,820.808,822.708,1.9,9.5
52899,Motorcycle,1,Motorcycle / 3-wheel vehicle,opposite,88.5%,820.808,821.908,1.1,16.4
52967,Motorcycle,1,Motorcycle / 3-wheel vehicle,opposite,82.8%,821.608,823.058,1.45,12.4
53048,Motorcycle,1,Motorcycle / 3-wheel vehicle,opposite,79.7%,822.808,824.158,1.35,13.3
53067,Motorcycle,1,Motorcycle / 3-wheel vehicle,opposite,83.9%,822.908,824.308,1.4,12.9
53033,Pickup / Micro Truck,4,Pickup / micro truck / delivery,opposite,92.4%,824.008,825.858,1.85,9.7
53207,Motorcycle,1,Motorcycle / 3-wheel vehicle,opposite,85.9%,824.608,825.908,1.3,13.8
53128,Motorcycle,1,Motorcycle / 3-wheel vehicle,opposite,87.5%,825.108,826.458,1.35,13.3
53173,Motorcycle,1,Motorcycle / 3-wheel vehicle,opposite,88.7%,825.558,827.208,1.65,10.9
53311,Motorcycle,1,Motorcycle / 3-wheel vehicle,normal,64.2%,828.758,826.558,2.2,8.2
53400,Motorcycle,1,Motorcycle / 3-wheel vehicle,opposite,85.1%,827.358,828.408,1.05,17.1
53374,Motorcycle,1,Motorcycle / 3-wheel vehicle,opposite,87.0%,827.658,828.858,1.2,15.0
53390,Motorcycle,1,Motorcycle / 3-wheel vehicle,normal,36.3%,830.108,828.008,2.1,8.6
53378,Car / Sedan,2,Sedan / jeep / station wagon,opposite,93.2%,828.508,830.008,1.5,12.0
53445,Motorcycle,1,Motorcycle / 3-wheel vehicle,opposite,87.3%,828.858,829.858,1.0,18.0
53518,Motorcycle,1,Motorcycle / 3-wheel vehicle,opposite,82.0%,830.008,830.908,0.9,20.0
53478,Car / Sedan,2,Sedan / jeep / station wagon,opposite,92.3%,830.058,831.408,1.35,13.3
53502,Pickup / Micro Truck,4,Pickup / micro truck / delivery,opposite,92.0%,830.208,831.258,1.05,17.1
53532,Motorcycle,1,Motorcycle / 3-wheel vehicle,opposite,90.1%,830.758,831.808,1.05,17.1
53560,Motorcycle,1,Motorcycle / 3-wheel vehicle,opposite,75.3%,830.858,831.758,0.9,20.0
53568,Motorcycle,1,Motorcycle / 3-wheel vehicle,opposite,89.0%,831.308,832.308,1.0,18.0
53629,Motorcycle,1,Motorcycle / 3-wheel vehicle,opposite,84.5%,831.808,832.958,1.15,15.7
53684,Motorcycle,1,Motorcycle / 3-wheel vehicle,opposite,89.3%,832.408,833.358,0.95,18.9
53672,Motorcycle,1,Motorcycle / 3-wheel vehicle,opposite,87.2%,832.508,833.608,1.1,16.4
53674,Motorcycle,1,Motorcycle / 3-wheel vehicle,opposite,85.0%,832.558,833.658,1.1,16.4
53715,Motorcycle,1,Motorcycle / 3-wheel vehicle,opposite,89.3%,833.358,834.308,0.95,18.9
53767,Motorcycle,1,Motorcycle / 3-wheel vehicle,opposite,89.6%,834.158,835.108,0.95,18.9
53764,Motorcycle,1,Motorcycle / 3-wheel vehicle,normal,74.0%,836.308,834.308,2.0,9.0
53804,Motorcycle,1,Motorcycle / 3-wheel vehicle,opposite,89.7%,834.908,836.058,1.15,15.7
53824,Motorcycle,1,Motorcycle / 3-wheel vehicle,opposite,89.6%,835.158,836.008,0.85,21.2
53758,Car / Sedan,2,Sedan / jeep / station wagon,normal,91.7%,836.358,835.258,1.1,16.4
53938,Motorcycle,1,Motorcycle / 3-wheel vehicle,normal,86.3%,839.357,838.107,1.25,14.4
53915,Car / Sedan,2,Sedan / jeep / station wagon,normal,89.6%,839.957,838.808,1.15,15.7
54069,Motorcycle,1,Motorcycle / 3-wheel vehicle,opposite,88.4%,839.857,840.857,1.0,18.0
54001,Car / Sedan,2,Sedan / jeep / station wagon,normal,88.6%,841.507,840.407,1.1,16.4
54120,Motorcycle,1,Motorcycle / 3-wheel vehicle,opposite,88.5%,840.457,841.307,0.85,21.2
54116,Motorcycle,1,Motorcycle / 3-wheel vehicle,opposite,88.8%,840.607,841.357,0.75,24.0
54169,Motorcycle,1,Motorcycle / 3-wheel vehicle,opposite,85.4%,841.207,841.907,0.7,25.7
54146,Car / Sedan,2,Sedan / jeep / station wagon,opposite,93.5%,841.407,842.307,0.9,20.0
54189,Motorcycle,1,Motorcycle / 3-wheel vehicle,opposite,86.8%,841.657,842.357,0.7,25.7
54186,Motorcycle,1,Motorcycle / 3-wheel vehicle,opposite,87.4%,841.757,842.807,1.05,17.1
54197,Motorcycle,1,Motorcycle / 3-wheel vehicle,opposite,82.1%,842.357,843.157,0.8,22.5
54161,Motorcycle,1,Motorcycle / 3-wheel vehicle,opposite,89.3%,842.557,843.307,0.75,24.0
54187,Motorcycle,1,Motorcycle / 3-wheel vehicle,normal,60.0%,843.957,842.757,1.2,15.0
54224,Motorcycle,1,Motorcycle / 3-wheel vehicle,opposite,83.4%,842.957,843.707,0.75,24.0
54206,Motorcycle,1,Motorcycle / 3-wheel vehicle,opposite,87.9%,843.107,844.007,0.9,20.0
54260,Motorcycle,1,Motorcycle / 3-wheel vehicle,opposite,89.5%,843.357,844.157,0.8,22.5
54286,Motorcycle,1,Motorcycle / 3-wheel vehicle,opposite,87.9%,843.907,844.807,0.9,20.0
54094,Car / Sedan,2,Sedan / jeep / station wagon,normal,90.7%,845.357,844.007,1.35,13.3
54334,Motorcycle,1,Motorcycle / 3-wheel vehicle,opposite,87.2%,844.757,845.907,1.15,15.7
54335,Motorcycle,1,Motorcycle / 3-wheel vehicle,opposite,89.7%,844.757,845.557,0.8,22.5
54345,Motorcycle,1,Motorcycle / 3-wheel vehicle,opposite,87.7%,845.107,846.007,0.9,20.0
54368,Car / Sedan,2,Sedan / jeep / station wagon,opposite,92.4%,845.807,846.607,0.8,22.5
54382,Motorcycle,1,Motorcycle / 3-wheel vehicle,opposite,88.3%,845.807,846.757,0.95,18.9
54374,Motorcycle,1,Motorcycle / 3-wheel vehicle,normal,44.8%,848.257,846.107,2.15,8.4
54411,Car / Sedan,2,Sedan / jeep / station wagon,opposite,91.3%,846.457,847.407,0.95,18.9
54441,Motorcycle,1,Motorcycle / 3-wheel vehicle,opposite,88.7%,846.757,847.607,0.85,21.2
54467,Motorcycle,1,Motorcycle / 3-wheel vehicle,opposite,85.3%,846.857,847.757,0.9,20.0
54398,Car / Sedan,2,Sedan / jeep / station wagon,normal,86.4%,848.557,847.307,1.25,14.4
54529,Motorcycle,1,Motorcycle / 3-wheel vehicle,opposite,87.8%,848.207,849.107,0.9,20.0
54539,Motorcycle,1,Motorcycle / 3-wheel vehicle,opposite,87.7%,848.457,849.357,0.9,20.0
54630,Motorcycle,1,Motorcycle / 3-wheel vehicle,opposite,86.7%,848.957,849.857,0.9,20.0
54631,Motorcycle,1,Motorcycle / 3-wheel vehicle,normal,43.6%,850.657,849.207,1.45,12.4
54640,Motorcycle,1,Motorcycle / 3-wheel vehicle,opposite,87.7%,849.257,850.057,0.8,22.5
54674,Car / Sedan,2,Sedan / jeep / station wagon,opposite,93.3%,849.907,850.757,0.85,21.2
54661,Motorcycle,1,Motorcycle / 3-wheel vehicle,opposite,87.3%,850.157,851.007,0.85,21.2
54724,Motorcycle,1,Motorcycle / 3-wheel vehicle,opposite,89.9%,850.357,851.107,0.75,24.0
54687,Motorcycle,1,Motorcycle / 3-wheel vehicle,normal,72.2%,851.407,850.457,0.95,18.9
54741,Motorcycle,1,Motorcycle / 3-wheel vehicle,opposite,88.0%,850.757,851.557,0.8,22.5
54771,Motorcycle,1,Motorcycle / 3-wheel vehicle,opposite,87.2%,851.457,852.457,1.0,18.0
54783,Motorcycle,1,Motorcycle / 3-wheel vehicle,normal,86.4%,853.507,851.507,2.0,9.0
54796,Motorcycle,1,Motorcycle / 3-wheel vehicle,opposite,89.6%,852.007,852.807,0.8,22.5
54831,Car / Sedan,2,Sedan / jeep / station wagon,opposite,93.4%,852.757,853.657,0.9,20.0
54816,Motorcycle,1,Motorcycle / 3-wheel vehicle,normal,75.5%,856.407,853.557,2.85,6.3
54923,Motorcycle,1,Motorcycle / 3-wheel vehicle,opposite,88.5%,854.007,854.857,0.85,21.2
54935,Motorcycle,1,Motorcycle / 3-wheel vehicle,opposite,83.3%,854.107,855.157,1.05,17.1
54748,Motorcycle,1,Motorcycle / 3-wheel vehicle,normal,80.1%,858.157,854.307,3.85,4.7
54962,Car / Sedan,2,Sedan / jeep / station wagon,opposite,93.2%,855.157,856.157,1.0,18.0
54993,Motorcycle,1,Motorcycle / 3-wheel vehicle,opposite,85.6%,855.157,856.107,0.95,18.9
54992,Motorcycle,1,Motorcycle / 3-wheel vehicle,opposite,90.0%,855.357,856.157,0.8,22.5
55014,Motorcycle,1,Motorcycle / 3-wheel vehicle,opposite,89.6%,855.657,856.507,0.85,21.2
54900,Motorcycle,1,Motorcycle / 3-wheel vehicle,opposite,56.9%,856.107,857.957,1.85,9.7
55065,2-Axle Truck (Jumbo),6,2-Axle Truck,opposite,92.3%,856.957,858.006,1.05,17.1
54937,Motorcycle,1,Motorcycle / 3-wheel vehicle,opposite,89.8%,857.957,859.806,1.85,9.7
55137,Motorcycle,1,Motorcycle / 3-wheel vehicle,opposite,89.0%,858.057,859.106,1.05,17.1
55174,Motorcycle,1,Motorcycle / 3-wheel vehicle,opposite,87.3%,859.106,860.106,1.0,18.0
55058,Public Transportation (Angkot),3,Medium passenger vehicle,normal,91.7%,862.506,859.906,2.6,6.9
55204,Motorcycle,1,Motorcycle / 3-wheel vehicle,opposite,87.1%,859.956,861.006,1.05,17.1
55192,Car / Sedan,2,Sedan / jeep / station wagon,opposite,91.6%,860.056,861.506,1.45,12.4
55311,Motorcycle,1,Motorcycle / 3-wheel vehicle,normal,45.8%,863.706,861.406,2.3,7.8
55297,Car / Sedan,2,Sedan / jeep / station wagon,opposite,93.0%,861.756,863.106,1.35,13.3
55120,Car / Sedan,2,Sedan / jeep / station wagon,opposite,92.6%,862.206,864.006,1.8,10.0
55148,Car / Sedan,2,Sedan / jeep / station wagon,normal,90.8%,865.756,862.656,3.1,5.8
55415,Motorcycle,1,Motorcycle / 3-wheel vehicle,opposite,84.9%,863.256,864.206,0.95,18.9
55406,Motorcycle,1,Motorcycle / 3-wheel vehicle,opposite,87.6%,863.306,864.406,1.1,16.4
55309,Motorcycle,1,Motorcycle / 3-wheel vehicle,opposite,90.2%,863.406,865.056,1.65,10.9
55430,Motorcycle,1,Motorcycle / 3-wheel vehicle,opposite,80.7%,864.006,864.956,0.95,18.9
55387,Motorcycle,1,Motorcycle / 3-wheel vehicle,opposite,81.2%,864.156,865.606,1.45,12.4
55466,Motorcycle,1,Motorcycle / 3-wheel vehicle,opposite,75.8%,864.506,865.656,1.15,15.7
55420,Motorcycle,1,Motorcycle / 3-wheel vehicle,opposite,88.9%,864.756,866.606,1.85,9.7
55290,2-Axle Truck (Jumbo),6,2-Axle Truck,normal,90.1%,868.106,865.856,2.25,8.0
55462,Car / Sedan,2,Sedan / jeep / station wagon,opposite,78.1%,866.606,868.756,2.15,8.4
55559,Public Transportation (Angkot),3,Medium passenger vehicle,opposite,74.5%,866.906,868.406,1.5,12.0
55650,Pickup / Micro Truck,4,Pickup / micro truck / delivery,opposite,85.0%,868.156,870.356,2.2,8.2
55687,Motorcycle,1,Motorcycle / 3-wheel vehicle,opposite,89.1%,868.456,869.656,1.2,15.0
55724,Motorcycle,1,Motorcycle / 3-wheel vehicle,opposite,85.1%,868.556,869.956,1.4,12.9
55702,Motorcycle,1,Motorcycle / 3-wheel vehicle,normal,67.3%,870.456,869.106,1.35,13.3
55769,Motorcycle,1,Motorcycle / 3-wheel vehicle,opposite,71.9%,869.506,870.906,1.4,12.9
55768,Motorcycle,1,Motorcycle / 3-wheel vehicle,opposite,87.2%,869.706,870.856,1.15,15.7
55827,Motorcycle,1,Motorcycle / 3-wheel vehicle,opposite,86.1%,870.356,871.606,1.25,14.4
55819,Motorcycle,1,Motorcycle / 3-wheel vehicle,opposite,89.9%,870.556,871.856,1.3,13.8
55712,Motorcycle,1,Motorcycle / 3-wheel vehicle,opposite,90.0%,870.606,872.056,1.45,12.4
55848,Motorcycle,1,Motorcycle / 3-wheel vehicle,opposite,88.9%,871.006,872.306,1.3,13.8
55971,Motorcycle,1,Motorcycle / 3-wheel vehicle,opposite,87.3%,872.206,873.306,1.1,16.4
56060,Motorcycle,1,Motorcycle / 3-wheel vehicle,opposite,81.6%,873.456,874.556,1.1,16.4
56030,Car / Sedan,2,Sedan / jeep / station wagon,opposite,93.0%,873.606,874.956,1.35,13.3
55991,Car / Sedan,2,Sedan / jeep / station wagon,normal,83.3%,875.756,873.656,2.1,8.6
56081,Motorcycle,1,Motorcycle / 3-wheel vehicle,opposite,89.4%,874.206,875.606,1.4,12.9
56127,Motorcycle,1,Motorcycle / 3-wheel vehicle,opposite,73.9%,874.306,875.356,1.05,17.1
56134,Motorcycle,1,Motorcycle / 3-wheel vehicle,opposite,89.8%,874.456,875.456,1.0,18.0
56183,Motorcycle,1,Motorcycle / 3-wheel vehicle,normal,72.0%,874.806,877.155,2.35,7.7
56266,Pickup / Micro Truck,4,Pickup / micro truck / delivery,opposite,80.2%,875.906,877.106,1.2,15.0
56317,Motorcycle,1,Motorcycle / 3-wheel vehicle,opposite,88.6%,877.255,878.056,0.8,22.5
56325,Motorcycle,1,Motorcycle / 3-wheel vehicle,opposite,88.0%,877.505,878.706,1.2,15.0
56363,Car / Sedan,2,Sedan / jeep / station wagon,opposite,93.7%,878.556,879.855,1.3,13.8
56411,Motorcycle,1,Motorcycle / 3-wheel vehicle,opposite,83.9%,878.806,880.155,1.35,13.3
56274,Motorcycle,1,Motorcycle / 3-wheel vehicle,opposite,89.4%,879.205,880.705,1.5,12.0
56434,Motorcycle,1,Motorcycle / 3-wheel vehicle,opposite,90.5%,880.655,882.005,1.35,13.3
56634,Car / Sedan,2,Sedan / jeep / station wagon,opposite,81.7%,882.005,883.255,1.25,14.4
56633,Motorcycle,1,Motorcycle / 3-wheel vehicle,opposite,85.1%,882.155,883.255,1.1,16.4
56628,Pickup / Micro Truck,4,Pickup / micro truck / delivery,opposite,88.8%,882.455,883.955,1.5,12.0
56656,Motorcycle,1,Motorcycle / 3-wheel vehicle,opposite,88.3%,882.655,883.755,1.1,16.4
56707,Motorcycle,1,Motorcycle / 3-wheel vehicle,opposite,80.7%,883.405,884.605,1.2,15.0
56736,Motorcycle,1,Motorcycle / 3-wheel vehicle,opposite,68.5%,883.505,885.255,1.75,10.3
56684,Motorcycle,1,Motorcycle / 3-wheel vehicle,opposite,90.3%,883.855,885.105,1.25,14.4
56677,Motorcycle,1,Motorcycle / 3-wheel vehicle,opposite,68.9%,884.455,885.855,1.4,12.9
56775,Motorcycle,1,Motorcycle / 3-wheel vehicle,opposite,86.1%,884.555,885.855,1.3,13.8
56838,Motorcycle,1,Motorcycle / 3-wheel vehicle,opposite,40.2%,885.305,886.355,1.05,17.1
56830,Motorcycle,1,Motorcycle / 3-wheel vehicle,opposite,88.1%,885.405,886.605,1.2,15.0
56871,Motorcycle,1,Motorcycle / 3-wheel vehicle,opposite,75.0%,885.605,887.105,1.5,12.0
56839,Car / Sedan,2,Sedan / jeep / station wagon,opposite,84.1%,885.905,887.005,1.1,16.4
56891,Motorcycle,1,Motorcycle / 3-wheel vehicle,opposite,75.0%,886.055,887.205,1.15,15.7
56928,Motorcycle,1,Motorcycle / 3-wheel vehicle,opposite,79.8%,886.505,887.705,1.2,15.0
56924,Motorcycle,1,Motorcycle / 3-wheel vehicle,opposite,89.2%,886.655,887.755,1.1,16.4
56766,Car / Sedan,2,Sedan / jeep / station wagon,normal,91.9%,886.905,892.105,5.2,3.5
56992,Motorcycle,1,Motorcycle / 3-wheel vehicle,opposite,87.1%,887.305,888.455,1.15,15.7
56985,Motorcycle,1,Motorcycle / 3-wheel vehicle,opposite,90.4%,887.355,888.505,1.15,15.7
56984,Motorcycle,1,Motorcycle / 3-wheel vehicle,normal,83.4%,888.805,887.705,1.1,16.4
57052,Motorcycle,1,Motorcycle / 3-wheel vehicle,opposite,89.2%,888.255,889.005,0.75,24.0
57046,Motorcycle,1,Motorcycle / 3-wheel vehicle,opposite,86.2%,888.455,889.655,1.2,15.0
57081,Motorcycle,1,Motorcycle / 3-wheel vehicle,opposite,89.0%,889.005,889.755,0.75,24.0
57059,Motorcycle,1,Motorcycle / 3-wheel vehicle,normal,84.2%,890.705,889.155,1.55,11.6
57095,2-Axle Truck (Jumbo),6,2-Axle Truck,opposite,93.6%,889.855,891.005,1.15,15.7
57105,Motorcycle,1,Motorcycle / 3-wheel vehicle,opposite,45.2%,890.005,891.255,1.25,14.4
57217,Motorcycle,1,Motorcycle / 3-wheel vehicle,opposite,89.6%,891.805,892.755,0.95,18.9
57185,Car / Sedan,2,Sedan / jeep / station wagon,opposite,93.5%,891.955,893.105,1.15,15.7
57231,Motorcycle,1,Motorcycle / 3-wheel vehicle,opposite,81.8%,892.055,893.205,1.15,15.7
57267,Motorcycle,1,Motorcycle / 3-wheel vehicle,opposite,87.7%,892.705,893.705,1.0,18.0
57238,Motorcycle,1,Motorcycle / 3-wheel vehicle,normal,78.1%,894.455,892.855,1.6,11.2
57305,Motorcycle,1,Motorcycle / 3-wheel vehicle,opposite,77.8%,893.355,894.405,1.05,17.1
57252,Motorcycle,1,Motorcycle / 3-wheel vehicle,opposite,86.5%,893.405,894.305,0.9,20.0
57253,Motorcycle,1,Motorcycle / 3-wheel vehicle,opposite,83.2%,893.455,895.655,2.2,8.2
57369,Motorcycle,1,Motorcycle / 3-wheel vehicle,opposite,88.4%,893.655,894.755,1.1,16.4
57362,Motorcycle,1,Motorcycle / 3-wheel vehicle,opposite,88.6%,893.755,894.755,1.0,18.0
57160,Motorcycle,1,Motorcycle / 3-wheel vehicle,opposite,88.9%,894.255,895.955,1.7,10.6
57440,Motorcycle,1,Motorcycle / 3-wheel vehicle,opposite,87.1%,894.555,895.605,1.05,17.1
57358,Motorcycle,1,Motorcycle / 3-wheel vehicle,normal,34.6%,897.855,895.105,2.75,6.5
57487,Motorcycle,1,Motorcycle / 3-wheel vehicle,opposite,86.5%,895.205,896.205,1.0,18.0
57306,Motorcycle,1,Motorcycle / 3-wheel vehicle,opposite,90.8%,895.305,896.955,1.65,10.9
57592,Motorcycle,1,Motorcycle / 3-wheel vehicle,opposite,36.1%,896.804,898.654,1.85,9.7
57611,Public Transportation (Angkot),3,Medium passenger vehicle,opposite,93.2%,897.455,898.605,1.15,15.7
57689,Motorcycle,1,Motorcycle / 3-wheel vehicle,opposite,84.0%,898.154,899.354,1.2,15.0
57703,Motorcycle,1,Motorcycle / 3-wheel vehicle,opposite,85.5%,898.255,899.504,1.25,14.4
57675,Pickup / Micro Truck,4,Pickup / micro truck / delivery,opposite,70.7%,899.104,900.554,1.45,12.4
57808,Motorcycle,1,Motorcycle / 3-wheel vehicle,opposite,84.9%,899.604,900.854,1.25,14.4
57820,Motorcycle,1,Motorcycle / 3-wheel vehicle,opposite,82.8%,900.104,901.304,1.2,15.0
57788,Motorcycle,1,Motorcycle / 3-wheel vehicle,opposite,87.5%,900.854,901.954,1.1,16.4
57844,Motorcycle,1,Motorcycle / 3-wheel vehicle,opposite,89.0%,901.504,902.704,1.2,15.0
57901,Motorcycle,1,Motorcycle / 3-wheel vehicle,normal,72.4%,901.904,903.904,2.0,9.0
57951,Motorcycle,1,Motorcycle / 3-wheel vehicle,normal,73.4%,903.204,902.054,1.15,15.7
57979,Motorcycle,1,Motorcycle / 3-wheel vehicle,opposite,60.4%,902.204,903.404,1.2,15.0
58058,Motorcycle,1,Motorcycle / 3-wheel vehicle,opposite,89.0%,903.554,904.554,1.0,18.0
58072,Motorcycle,1,Motorcycle / 3-wheel vehicle,opposite,85.7%,903.554,904.754,1.2,15.0
58112,Motorcycle,1,Motorcycle / 3-wheel vehicle,normal,83.1%,905.104,904.054,1.05,17.1
58131,Motorcycle,1,Motorcycle / 3-wheel vehicle,normal,81.3%,905.604,904.604,1.0,18.0
58193,Public Transportation (Angkot),3,Medium passenger vehicle,opposite,93.6%,906.254,907.154,0.9,20.0
58204,Motorcycle,1,Motorcycle / 3-wheel vehicle,opposite,87.0%,906.354,907.104,0.75,24.0
58217,Motorcycle,1,Motorcycle / 3-wheel vehicle,opposite,90.5%,906.904,907.654,0.75,24.0
58195,Car / Sedan,2,Sedan / jeep / station wagon,normal,91.2%,908.654,907.554,1.1,16.4
58268,Car / Sedan,2,Sedan / jeep / station wagon,opposite,92.6%,908.504,909.654,1.15,15.7
58281,Motorcycle,1,Motorcycle / 3-wheel vehicle,normal,83.1%,910.154,908.504,1.65,10.9
58231,Car / Sedan,2,Sedan / jeep / station wagon,normal,85.6%,910.254,909.254,1.0,18.0
58387,Pickup / Micro Truck,4,Pickup / micro truck / delivery,opposite,92.8%,910.004,910.854,0.85,21.2
58466,Motorcycle,1,Motorcycle / 3-wheel vehicle,opposite,90.2%,910.704,911.354,0.65,27.7
58426,Motorcycle,1,Motorcycle / 3-wheel vehicle,normal,72.7%,912.254,911.104,1.15,15.7
58518,Motorcycle,1,Motorcycle / 3-wheel vehicle,opposite,86.7%,912.104,912.904,0.8,22.5
58554,Motorcycle,1,Motorcycle / 3-wheel vehicle,opposite,90.8%,912.454,913.054,0.6,30.0
58489,Motorcycle,1,Motorcycle / 3-wheel vehicle,normal,83.8%,914.504,913.154,1.35,13.3
58427,Motorcycle,1,Motorcycle / 3-wheel vehicle,opposite,91.5%,913.354,915.004,1.65,10.9
58629,Motorcycle,1,Motorcycle / 3-wheel vehicle,normal,83.1%,914.604,913.504,1.1,16.4
58672,Motorcycle,1,Motorcycle / 3-wheel vehicle,opposite,88.5%,913.954,914.504,0.55,32.7
58504,Car / Sedan,2,Sedan / jeep / station wagon,normal,83.3%,915.604,914.304,1.3,13.8
58678,Car / Sedan,2,Sedan / jeep / station wagon,opposite,93.2%,914.904,915.904,1.0,18.0
58800,Motorcycle,1,Motorcycle / 3-wheel vehicle,normal,84.2%,916.754,915.404,1.35,13.3
58826,Motorcycle,1,Motorcycle / 3-wheel vehicle,opposite,83.6%,915.754,916.754,1.0,18.0
58790,Car / Sedan,2,Sedan / jeep / station wagon,opposite,93.4%,915.854,917.104,1.25,14.4
58812,Motorcycle,1,Motorcycle / 3-wheel vehicle,opposite,88.5%,916.104,917.053,0.95,18.9
58692,Motorcycle,1,Motorcycle / 3-wheel vehicle,normal,64.5%,917.104,916.204,0.9,20.0
58875,Motorcycle,1,Motorcycle / 3-wheel vehicle,opposite,89.7%,916.754,917.654,0.9,20.0
58927,Motorcycle,1,Motorcycle / 3-wheel vehicle,opposite,76.2%,917.354,918.553,1.2,15.0
58880,Motorcycle,1,Motorcycle / 3-wheel vehicle,normal,73.5%,920.003,917.453,2.55,7.1
58928,Motorcycle,1,Motorcycle / 3-wheel vehicle,opposite,87.7%,917.703,918.803,1.1,16.4
58996,Motorcycle,1,Motorcycle / 3-wheel vehicle,opposite,90.7%,918.303,919.403,1.1,16.4
59052,Motorcycle,1,Motorcycle / 3-wheel vehicle,opposite,90.0%,919.053,919.803,0.75,24.0
59125,Motorcycle,1,Motorcycle / 3-wheel vehicle,normal,80.5%,921.053,919.403,1.65,10.9
59114,Public Transportation (Angkot),3,Medium passenger vehicle,opposite,94.3%,919.903,921.003,1.1,16.4
59234,Motorcycle,1,Motorcycle / 3-wheel vehicle,opposite,87.3%,920.603,921.753,1.15,15.7
59287,Motorcycle,1,Motorcycle / 3-wheel vehicle,opposite,88.7%,921.303,922.403,1.1,16.4
59320,Motorcycle,1,Motorcycle / 3-wheel vehicle,opposite,88.4%,921.603,922.353,0.75,24.0
59295,Car / Sedan,2,Sedan / jeep / station wagon,opposite,93.3%,921.753,922.703,0.95,18.9
59387,Motorcycle,1,Motorcycle / 3-wheel vehicle,opposite,86.7%,922.953,923.803,0.85,21.2
59316,Motorcycle,1,Motorcycle / 3-wheel vehicle,normal,85.3%,925.353,923.103,2.25,8.0
59400,Motorcycle,1,Motorcycle / 3-wheel vehicle,opposite,90.5%,923.753,925.303,1.55,11.6
59459,Motorcycle,1,Motorcycle / 3-wheel vehicle,normal,85.1%,925.953,924.153,1.8,10.0
59531,Motorcycle,1,Motorcycle / 3-wheel vehicle,opposite,89.4%,924.403,925.453,1.05,17.1
59454,Motorcycle,1,Motorcycle / 3-wheel vehicle,opposite,89.2%,924.753,926.003,1.25,14.4
59536,Motorcycle,1,Motorcycle / 3-wheel vehicle,opposite,89.4%,925.603,926.853,1.25,14.4
59532,Motorcycle,1,Motorcycle / 3-wheel vehicle,normal,63.1%,927.303,925.603,1.7,10.6
59576,Motorcycle,1,Motorcycle / 3-wheel vehicle,normal,64.1%,928.103,926.203,1.9,9.5
59651,Car / Sedan,2,Sedan / jeep / station wagon,opposite,93.8%,926.853,928.403,1.55,11.6
59787,Motorcycle,1,Motorcycle / 3-wheel vehicle,opposite,86.8%,927.353,928.203,0.85,21.2
59753,Motorcycle,1,Motorcycle / 3-wheel vehicle,opposite,89.6%,927.453,929.353,1.9,9.5
59897,Motorcycle,1,Motorcycle / 3-wheel vehicle,opposite,87.9%,928.703,929.903,1.2,15.0
59982,Bus,5,Bus,opposite,93.2%,930.703,932.053,1.35,13.3
60192,Motorcycle,1,Motorcycle / 3-wheel vehicle,opposite,89.2%,932.153,933.103,0.95,18.9
60241,Motorcycle,1,Motorcycle / 3-wheel vehicle,normal,83.4%,933.953,932.603,1.35,13.3
60225,Car / Sedan,2,Sedan / jeep / station wagon,opposite,93.4%,933.153,934.353,1.2,15.0
60264,Motorcycle,1,Motorcycle / 3-wheel vehicle,normal,79.9%,935.653,933.903,1.75,10.3
60362,Motorcycle,1,Motorcycle / 3-wheel vehicle,normal,85.2%,936.452,934.703,1.75,10.3
60381,Motorcycle,1,Motorcycle / 3-wheel vehicle,normal,84.6%,935.603,934.753,0.85,21.2
60407,Motorcycle,1,Motorcycle / 3-wheel vehicle,normal,82.9%,936.403,935.553,0.85,21.2
60422,Motorcycle,1,Motorcycle / 3-wheel vehicle,opposite,89.6%,935.603,936.403,0.8,22.5
60342,Motorcycle,1,Motorcycle / 3-wheel vehicle,normal,70.4%,939.002,936.153,2.85,6.3
60470,Motorcycle,1,Motorcycle / 3-wheel vehicle,opposite,88.1%,936.352,937.303,0.95,18.9
60453,Motorcycle,1,Motorcycle / 3-wheel vehicle,normal,82.1%,937.553,936.553,1.0,18.0
60447,Motorcycle,1,Motorcycle / 3-wheel vehicle,normal,76.1%,939.852,937.003,2.85,6.3
60506,Motorcycle,1,Motorcycle / 3-wheel vehicle,normal,84.8%,938.102,937.102,1.0,18.0
60581,Motorcycle,1,Motorcycle / 3-wheel vehicle,normal,84.5%,939.052,938.003,1.05,17.1
60487,Car / Sedan,2,Sedan / jeep / station wagon,normal,92.0%,939.902,938.502,1.4,12.9
60664,Motorcycle,1,Motorcycle / 3-wheel vehicle,normal,87.5%,941.602,940.352,1.25,14.4
60810,Motorcycle,1,Motorcycle / 3-wheel vehicle,opposite,87.0%,940.602,941.302,0.7,25.7
60811,Motorcycle,1,Motorcycle / 3-wheel vehicle,opposite,88.6%,940.702,941.302,0.6,30.0
60833,Car / Sedan,2,Sedan / jeep / station wagon,opposite,93.8%,941.602,942.602,1.0,18.0
60780,Car / Sedan,2,Sedan / jeep / station wagon,normal,90.4%,945.652,942.502,3.15,5.7
60925,Motorcycle,1,Motorcycle / 3-wheel vehicle,opposite,90.8%,942.602,943.402,0.8,22.5
60966,Motorcycle,1,Motorcycle / 3-wheel vehicle,opposite,88.3%,943.302,944.352,1.05,17.1
61077,Motorcycle,1,Motorcycle / 3-wheel vehicle,opposite,87.4%,945.302,946.352,1.05,17.1
61082,Motorcycle,1,Motorcycle / 3-wheel vehicle,opposite,89.4%,945.552,946.502,0.95,18.9
61139,Motorcycle,1,Motorcycle / 3-wheel vehicle,opposite,88.9%,946.102,947.102,1.0,18.0
61155,Pickup / Micro Truck,4,Pickup / micro truck / delivery,opposite,91.9%,947.302,948.402,1.1,16.4
61024,Motorcycle,1,Motorcycle / 3-wheel vehicle,opposite,78.1%,947.402,950.102,2.7,6.7
61014,Motorcycle,1,Motorcycle / 3-wheel vehicle,opposite,81.4%,948.452,950.152,1.7,10.6
61292,Motorcycle,1,Motorcycle / 3-wheel vehicle,opposite,86.7%,948.852,950.052,1.2,15.0
61219,Motorcycle,1,Motorcycle / 3-wheel vehicle,opposite,90.0%,949.602,951.602,2.0,9.0
61202,Car / Sedan,2,Sedan / jeep / station wagon,opposite,86.6%,951.152,953.152,2.0,9.0
61573,Motorcycle,1,Motorcycle / 3-wheel vehicle,opposite,89.3%,953.152,953.902,0.75,24.0
61586,Motorcycle,1,Motorcycle / 3-wheel vehicle,opposite,87.8%,953.302,954.602,1.3,13.8
61578,Motorcycle,1,Motorcycle / 3-wheel vehicle,normal,66.1%,955.552,954.152,1.4,12.9
61689,Motorcycle,1,Motorcycle / 3-wheel vehicle,opposite,89.4%,954.552,955.202,0.65,27.7
61682,Motorcycle,1,Motorcycle / 3-wheel vehicle,normal,81.2%,956.302,954.902,1.4,12.9
61731,Public Transportation (Angkot),3,Medium passenger vehicle,opposite,93.6%,955.902,957.101,1.2,15.0
61610,Car / Sedan,2,Sedan / jeep / station wagon,normal,90.0%,957.152,955.902,1.25,14.4
61794,Motorcycle,1,Motorcycle / 3-wheel vehicle,opposite,86.9%,956.402,957.552,1.15,15.7
61831,Car / Sedan,2,Sedan / jeep / station wagon,normal,79.8%,956.952,959.401,2.45,7.3
61841,Motorcycle,1,Motorcycle / 3-wheel vehicle,normal,76.7%,960.401,958.101,2.3,7.8
61901,Motorcycle,1,Motorcycle / 3-wheel vehicle,opposite,88.1%,958.201,958.951,0.75,24.0
61964,Motorcycle,1,Motorcycle / 3-wheel vehicle,opposite,87.4%,959.501,960.251,0.75,24.0
61976,Motorcycle,1,Motorcycle / 3-wheel vehicle,opposite,88.9%,959.851,960.501,0.65,27.7
62006,Motorcycle,1,Motorcycle / 3-wheel vehicle,normal,68.2%,960.851,960.101,0.75,24.0
61913,Car / Sedan,2,Sedan / jeep / station wagon,normal,90.3%,961.551,960.501,1.05,17.1
61957,2-Axle Truck (Jumbo),6,2-Axle Truck,normal,36.4%,963.151,962.051,1.1,16.4
62199,Motorcycle,1,Motorcycle / 3-wheel vehicle,opposite,87.4%,963.351,963.951,0.6,30.0
62135,Motorcycle,1,Motorcycle / 3-wheel vehicle,normal,83.3%,964.651,963.551,1.1,16.4
62249,Motorcycle,1,Motorcycle / 3-wheel vehicle,opposite,89.6%,963.951,964.501,0.55,32.7
62225,Motorcycle,1,Motorcycle / 3-wheel vehicle,normal,85.4%,965.201,964.251,0.95,18.9
62203,Motorcycle,1,Motorcycle / 3-wheel vehicle,normal,87.7%,965.851,964.901,0.95,18.9
62358,Motorcycle,1,Motorcycle / 3-wheel vehicle,normal,41.6%,967.451,965.751,1.7,10.6
62425,Motorcycle,1,Motorcycle / 3-wheel vehicle,normal,62.7%,968.801,966.151,2.65,6.8
62431,Motorcycle,1,Motorcycle / 3-wheel vehicle,opposite,88.2%,966.501,967.451,0.95,18.9
62360,Motorcycle,1,Motorcycle / 3-wheel vehicle,normal,81.3%,967.651,966.551,1.1,16.4
62424,Motorcycle,1,Motorcycle / 3-wheel vehicle,normal,85.8%,968.101,967.051,1.05,17.1
62494,Motorcycle,1,Motorcycle / 3-wheel vehicle,opposite,88.9%,967.101,967.551,0.45,40.0
62442,Motorcycle,1,Motorcycle / 3-wheel vehicle,normal,85.5%,968.401,967.401,1.0,18.0
62468,Motorcycle,1,Motorcycle / 3-wheel vehicle,normal,84.9%,968.901,967.901,1.0,18.0
62472,Motorcycle,1,Motorcycle / 3-wheel vehicle,normal,86.6%,969.601,968.601,1.0,18.0
62493,Public Transportation (Angkot),3,Medium passenger vehicle,normal,91.0%,972.301,968.851,3.45,5.2
62638,Motorcycle,1,Motorcycle / 3-wheel vehicle,opposite,89.6%,969.651,970.551,0.9,20.0
62577,Motorcycle,1,Motorcycle / 3-wheel vehicle,normal,81.6%,972.151,970.201,1.95,9.2
62570,Motorcycle,1,Motorcycle / 3-wheel vehicle,normal,84.5%,975.151,970.701,4.45,4.0
62748,Motorcycle,1,Motorcycle / 3-wheel vehicle,opposite,86.7%,971.551,972.701,1.15,15.7
62600,Car / Sedan,2,Sedan / jeep / station wagon,normal,92.0%,976.9,972.051,4.85,3.7
62843,Motorcycle,1,Motorcycle / 3-wheel vehicle,opposite,65.9%,972.951,974.001,1.05,17.1
62619,Motorcycle,1,Motorcycle / 3-wheel vehicle,opposite,87.8%,974.301,975.801,1.5,12.0
62947,Motorcycle,1,Motorcycle / 3-wheel vehicle,opposite,83.0%,974.351,975.851,1.5,12.0
62850,Motorcycle,1,Motorcycle / 3-wheel vehicle,opposite,88.4%,974.801,976.201,1.4,12.9
62989,Motorcycle,1,Motorcycle / 3-wheel vehicle,opposite,85.9%,974.951,977.051,2.1,8.6
62930,Motorcycle,1,Motorcycle / 3-wheel vehicle,opposite,88.7%,975.851,977.7,1.85,9.7
62985,Motorcycle,1,Motorcycle / 3-wheel vehicle,opposite,90.0%,976.701,978.5,1.8,10.0
62903,Motorcycle,1,Motorcycle / 3-wheel vehicle,normal,70.9%,978.4,976.851,1.55,11.6
63170,Motorcycle,1,Motorcycle / 3-wheel vehicle,normal,85.2%,980.45,978.2,2.25,8.0
63275,Motorcycle,1,Motorcycle / 3-wheel vehicle,opposite,87.8%,978.75,979.75,1.0,18.0
63140,Motorcycle,1,Motorcycle / 3-wheel vehicle,normal,83.7%,980.45,979.2,1.25,14.4
63068,Public Transportation (Angkot),3,Medium passenger vehicle,normal,48.8%,981.65,980.0,1.65,10.9
63459,Motorcycle,1,Motorcycle / 3-wheel vehicle,normal,85.0%,983.45,981.3,2.15,8.4
63361,Car / Sedan,2,Sedan / jeep / station wagon,normal,86.9%,983.95,982.15,1.8,10.0
63620,Motorcycle,1,Motorcycle / 3-wheel vehicle,normal,82.4%,986.15,983.6,2.55,7.1
63600,Motorcycle,1,Motorcycle / 3-wheel vehicle,normal,83.4%,985.5,984.0,1.5,12.0
63573,Motorcycle,1,Motorcycle / 3-wheel vehicle,normal,86.2%,986.2,984.65,1.55,11.6
63708,Motorcycle,1,Motorcycle / 3-wheel vehicle,normal,86.0%,987.75,985.35,2.4,7.5
63943,Motorcycle,1,Motorcycle / 3-wheel vehicle,opposite,88.4%,988.5,989.1,0.6,30.0
63937,Motorcycle,1,Motorcycle / 3-wheel vehicle,normal,82.3%,992.5,989.5,3.0,6.0
64047,Motorcycle,1,Motorcycle / 3-wheel vehicle,opposite,88.0%,990.05,990.6,0.55,32.7
64083,Motorcycle,1,Motorcycle / 3-wheel vehicle,opposite,87.8%,990.9,993.35,2.45,7.3
64107,Motorcycle,1,Motorcycle / 3-wheel vehicle,opposite,85.9%,991.85,993.9,2.05,8.8
64143,Motorcycle,1,Motorcycle / 3-wheel vehicle,opposite,89.0%,993.0,995.35,2.35,7.7
64189,Motorcycle,1,Motorcycle / 3-wheel vehicle,opposite,86.8%,994.2,996.1,1.9,9.5
64286,Motorcycle,1,Motorcycle / 3-wheel vehicle,opposite,86.6%,994.95,996.299,1.35,13.3
64245,Motorcycle,1,Motorcycle / 3-wheel vehicle,opposite,90.1%,995.3,997.049,1.75,10.3
64285,Motorcycle,1,Motorcycle / 3-wheel vehicle,opposite,80.1%,995.35,997.599,2.25,8.0
64431,Motorcycle,1,Motorcycle / 3-wheel vehicle,normal,76.4%,996.799,1002.049,5.25,3.4
64365,Car / Sedan,2,Sedan / jeep / station wagon,normal,40.4%,1001.099,997.299,3.8,4.7
64515,Public Transportation (Angkot),3,Medium passenger vehicle,opposite,93.6%,999.099,1000.399,1.3,13.8
64603,Motorcycle,1,Motorcycle / 3-wheel vehicle,opposite,88.5%,999.849,1001.099,1.25,14.4
64284,Car / Sedan,2,Sedan / jeep / station wagon,normal,90.9%,1003.399,1000.099,3.3,5.5
64638,Motorcycle,1,Motorcycle / 3-wheel vehicle,opposite,88.6%,1000.549,1001.599,1.05,17.1
64662,Motorcycle,1,Motorcycle / 3-wheel vehicle,normal,84.1%,1002.349,1000.699,1.65,10.9
64702,Motorcycle,1,Motorcycle / 3-wheel vehicle,opposite,86.8%,1001.599,1002.849,1.25,14.4
64684,Motorcycle,1,Motorcycle / 3-wheel vehicle,normal,81.0%,1003.399,1001.749,1.65,10.9
64764,Motorcycle,1,Motorcycle / 3-wheel vehicle,opposite,90.2%,1002.499,1003.399,0.9,20.0
64792,Motorcycle,1,Motorcycle / 3-wheel vehicle,normal,77.8%,1005.349,1002.749,2.6,6.9
64887,Motorcycle,1,Motorcycle / 3-wheel vehicle,opposite,89.0%,1004.049,1004.549,0.5,36.0
64706,Car / Sedan,2,Sedan / jeep / station wagon,normal,90.5%,1007.899,1004.599,3.3,5.5
64927,Motorcycle,1,Motorcycle / 3-wheel vehicle,opposite,89.2%,1004.899,1005.449,0.55,32.7
64948,Motorcycle,1,Motorcycle / 3-wheel vehicle,opposite,89.8%,1005.499,1005.999,0.5,36.0
64797,Motorcycle,1,Motorcycle / 3-wheel vehicle,normal,82.6%,1010.949,1007.999,2.95,6.1
65087,Motorcycle,1,Motorcycle / 3-wheel vehicle,opposite,89.0%,1008.649,1009.299,0.65,27.7
65064,Car / Sedan,2,Sedan / jeep / station wagon,opposite,93.6%,1008.799,1009.699,0.9,20.0
65043,Motorcycle,1,Motorcycle / 3-wheel vehicle,normal,64.1%,1010.599,1009.099,1.5,12.0
65002,Car / Sedan,2,Sedan / jeep / station wagon,normal,89.9%,1011.449,1009.949,1.5,12.0
65186,Motorcycle,1,Motorcycle / 3-wheel vehicle,opposite,88.6%,1010.549,1011.399,0.85,21.2
65187,Motorcycle,1,Motorcycle / 3-wheel vehicle,opposite,90.6%,1010.699,1011.299,0.6,30.0
65219,Motorcycle,1,Motorcycle / 3-wheel vehicle,opposite,88.9%,1011.199,1011.999,0.8,22.5
65194,Motorcycle,1,Motorcycle / 3-wheel vehicle,normal,86.8%,1012.399,1011.249,1.15,15.7
65248,Motorcycle,1,Motorcycle / 3-wheel vehicle,opposite,86.9%,1011.649,1012.349,0.7,25.7
65260,Motorcycle,1,Motorcycle / 3-wheel vehicle,opposite,89.6%,1011.799,1012.449,0.65,27.7
65306,Motorcycle,1,Motorcycle / 3-wheel vehicle,opposite,85.7%,1012.349,1013.049,0.7,25.7
65339,Motorcycle,1,Motorcycle / 3-wheel vehicle,opposite,89.4%,1012.599,1013.299,0.7,25.7
65157,Car / Sedan,2,Sedan / jeep / station wagon,normal,87.8%,1013.999,1012.649,1.35,13.3
65354,Motorcycle,1,Motorcycle / 3-wheel vehicle,opposite,85.9%,1012.999,1013.899,0.9,20.0
65457,Motorcycle,1,Motorcycle / 3-wheel vehicle,normal,85.9%,1015.698,1013.999,1.7,10.6
65475,Motorcycle,1,Motorcycle / 3-wheel vehicle,opposite,89.5%,1014.149,1014.899,0.75,24.0
65508,Motorcycle,1,Motorcycle / 3-wheel vehicle,opposite,90.3%,1014.549,1015.149,0.6,30.0
65557,Motorcycle,1,Motorcycle / 3-wheel vehicle,opposite,89.1%,1015.499,1016.149,0.65,27.7
65333,Car / Sedan,2,Sedan / jeep / station wagon,normal,92.1%,1017.198,1015.698,1.5,12.0
65596,Motorcycle,1,Motorcycle / 3-wheel vehicle,opposite,86.5%,1015.899,1016.698,0.8,22.5
65597,Motorcycle,1,Motorcycle / 3-wheel vehicle,opposite,89.5%,1015.899,1016.499,0.6,30.0
65616,Motorcycle,1,Motorcycle / 3-wheel vehicle,normal,85.2%,1018.398,1017.098,1.3,13.8
65652,Motorcycle,1,Motorcycle / 3-wheel vehicle,opposite,89.3%,1017.248,1017.998,0.75,24.0
65683,Motorcycle,1,Motorcycle / 3-wheel vehicle,opposite,85.1%,1017.598,1018.248,0.65,27.7
65538,Car / Sedan,2,Sedan / jeep / station wagon,normal,90.3%,1019.248,1017.648,1.6,11.3
65684,Motorcycle,1,Motorcycle / 3-wheel vehicle,opposite,89.8%,1017.848,1018.498,0.65,27.7
65706,Motorcycle,1,Motorcycle / 3-wheel vehicle,opposite,86.9%,1018.298,1019.148,0.85,21.2
65711,Motorcycle,1,Motorcycle / 3-wheel vehicle,opposite,89.8%,1018.448,1019.148,0.7,25.7
65748,Motorcycle,1,Motorcycle / 3-wheel vehicle,opposite,87.5%,1019.198,1019.848,0.65,27.7
65696,Motorcycle,1,Motorcycle / 3-wheel vehicle,normal,79.9%,1020.498,1019.298,1.2,15.0
65777,Motorcycle,1,Motorcycle / 3-wheel vehicle,opposite,88.6%,1019.698,1020.348,0.65,27.7
65785,Motorcycle,1,Motorcycle / 3-wheel vehicle,opposite,88.3%,1019.798,1020.548,0.75,24.0
65746,Motorcycle,1,Motorcycle / 3-wheel vehicle,opposite,88.8%,1019.998,1020.648,0.65,27.7
65887,Motorcycle,1,Motorcycle / 3-wheel vehicle,opposite,84.5%,1021.348,1022.098,0.75,24.0
65893,Motorcycle,1,Motorcycle / 3-wheel vehicle,opposite,88.5%,1021.448,1022.048,0.6,30.0
65888,Motorcycle,1,Motorcycle / 3-wheel vehicle,opposite,89.8%,1021.498,1022.248,0.75,24.0
65618,Motorcycle,1,Motorcycle / 3-wheel vehicle,opposite,83.5%,1021.548,1023.198,1.65,10.9
65954,Motorcycle,1,Motorcycle / 3-wheel vehicle,opposite,88.0%,1021.998,1022.648,0.65,27.7
65937,Motorcycle,1,Motorcycle / 3-wheel vehicle,opposite,87.3%,1022.148,1022.898,0.75,24.0
65889,Motorcycle,1,Motorcycle / 3-wheel vehicle,opposite,88.4%,1022.298,1023.048,0.75,24.0
65863,Motorcycle,1,Motorcycle / 3-wheel vehicle,opposite,74.0%,1022.898,1024.398,1.5,12.0
65965,Car / Sedan,2,Sedan / jeep / station wagon,opposite,93.6%,1022.948,1023.998,1.05,17.1
65996,Motorcycle,1,Motorcycle / 3-wheel vehicle,opposite,90.8%,1024.098,1025.998,1.9,9.5
66081,Motorcycle,1,Motorcycle / 3-wheel vehicle,opposite,85.8%,1024.298,1025.048,0.75,24.0
66091,Motorcycle,1,Motorcycle / 3-wheel vehicle,opposite,90.2%,1024.648,1025.448,0.8,22.5
66003,Motorcycle,1,Motorcycle / 3-wheel vehicle,opposite,84.8%,1024.848,1026.698,1.85,9.7
66127,Motorcycle,1,Motorcycle / 3-wheel vehicle,opposite,84.0%,1025.198,1025.998,0.8,22.5
66156,Motorcycle,1,Motorcycle / 3-wheel vehicle,opposite,88.8%,1025.748,1026.598,0.85,21.2
66058,Public Transportation (Angkot),3,Medium passenger vehicle,normal,89.0%,1027.698,1026.148,1.55,11.6
66211,Motorcycle,1,Motorcycle / 3-wheel vehicle,opposite,86.5%,1026.698,1027.598,0.9,20.0
66235,Motorcycle,1,Motorcycle / 3-wheel vehicle,opposite,89.2%,1027.398,1028.298,0.9,20.0
66244,Motorcycle,1,Motorcycle / 3-wheel vehicle,opposite,90.0%,1027.498,1028.398,0.9,20.0
66274,Motorcycle,1,Motorcycle / 3-wheel vehicle,opposite,89.1%,1028.048,1028.848,0.8,22.5
66251,Motorcycle,1,Motorcycle / 3-wheel vehicle,normal,81.5%,1030.398,1028.248,2.15,8.4
66309,Motorcycle,1,Motorcycle / 3-wheel vehicle,opposite,89.7%,1028.548,1029.348,0.8,22.5
66346,Motorcycle,1,Motorcycle / 3-wheel vehicle,opposite,86.8%,1028.548,1029.298,0.75,24.0
66342,Motorcycle,1,Motorcycle / 3-wheel vehicle,opposite,89.5%,1028.748,1029.998,1.25,14.4
66362,Motorcycle,1,Motorcycle / 3-wheel vehicle,normal,79.9%,1029.848,1028.798,1.05,17.1
66341,Motorcycle,1,Motorcycle / 3-wheel vehicle,opposite,78.6%,1028.898,1029.698,0.8,22.5
66400,Motorcycle,1,Motorcycle / 3-wheel vehicle,opposite,84.5%,1029.298,1029.998,0.7,25.7
66418,Motorcycle,1,Motorcycle / 3-wheel vehicle,opposite,85.9%,1029.648,1030.848,1.2,15.0
66443,Motorcycle,1,Motorcycle / 3-wheel vehicle,opposite,89.3%,1030.048,1030.948,0.9,20.0
66414,Motorcycle,1,Motorcycle / 3-wheel vehicle,normal,84.2%,1031.198,1030.198,1.0,18.0
66391,Motorcycle,1,Motorcycle / 3-wheel vehicle,opposite,89.1%,1030.398,1031.298,0.9,20.0
66502,Motorcycle,1,Motorcycle / 3-wheel vehicle,opposite,89.1%,1030.598,1031.298,0.7,25.7
66481,Motorcycle,1,Motorcycle / 3-wheel vehicle,normal,84.8%,1031.598,1030.698,0.9,20.0
66580,Motorcycle,1,Motorcycle / 3-wheel vehicle,opposite,89.5%,1031.798,1032.748,0.95,18.9
66583,Motorcycle,1,Motorcycle / 3-wheel vehicle,opposite,88.5%,1031.898,1032.748,0.85,21.2
66606,Motorcycle,1,Motorcycle / 3-wheel vehicle,opposite,89.0%,1032.498,1033.398,0.9,20.0
66616,Motorcycle,1,Motorcycle / 3-wheel vehicle,opposite,89.7%,1032.498,1033.148,0.65,27.7
66581,Motorcycle,1,Motorcycle / 3-wheel vehicle,opposite,86.2%,1033.098,1033.948,0.85,21.2
66649,Motorcycle,1,Motorcycle / 3-wheel vehicle,opposite,90.1%,1033.148,1033.748,0.6,30.0
66519,Car / Sedan,2,Sedan / jeep / station wagon,normal,51.6%,1034.648,1033.398,1.25,14.4
66661,Motorcycle,1,Motorcycle / 3-wheel vehicle,opposite,89.2%,1033.548,1034.398,0.85,21.2
66672,Motorcycle,1,Motorcycle / 3-wheel vehicle,opposite,87.8%,1033.698,1034.648,0.95,18.9
66688,Motorcycle,1,Motorcycle / 3-wheel vehicle,opposite,74.3%,1034.248,1035.148,0.9,20.0
66695,Motorcycle,1,Motorcycle / 3-wheel vehicle,opposite,89.5%,1035.247,1036.047,0.8,22.5
66758,Motorcycle,1,Motorcycle / 3-wheel vehicle,opposite,87.7%,1035.247,1036.247,1.0,18.0
66759,Motorcycle,1,Motorcycle / 3-wheel vehicle,normal,77.1%,1036.797,1035.697,1.1,16.4
66787,Motorcycle,1,Motorcycle / 3-wheel vehicle,opposite,88.0%,1035.797,1036.847,1.05,17.1
66792,Motorcycle,1,Motorcycle / 3-wheel vehicle,opposite,88.6%,1035.797,1036.697,0.9,20.0
66810,Motorcycle,1,Motorcycle / 3-wheel vehicle,opposite,88.3%,1036.148,1036.997,0.85,21.2
66823,Motorcycle,1,Motorcycle / 3-wheel vehicle,opposite,88.0%,1036.348,1036.947,0.6,30.0
66802,Motorcycle,1,Motorcycle / 3-wheel vehicle,normal,71.7%,1039.497,1036.747,2.75,6.5
66855,Motorcycle,1,Motorcycle / 3-wheel vehicle,opposite,89.8%,1036.797,1037.447,0.65,27.7
66871,Motorcycle,1,Motorcycle / 3-wheel vehicle,opposite,90.0%,1037.247,1038.047,0.8,22.5
66817,Motorcycle,1,Motorcycle / 3-wheel vehicle,opposite,88.8%,1037.397,1038.097,0.7,25.7
66778,Car / Sedan,2,Sedan / jeep / station wagon,normal,91.7%,1038.747,1037.547,1.2,15.0
66805,Motorcycle,1,Motorcycle / 3-wheel vehicle,opposite,89.2%,1037.797,1038.497,0.7,25.7
67022,Motorcycle,1,Motorcycle / 3-wheel vehicle,opposite,88.6%,1039.047,1039.747,0.7,25.7
67027,Motorcycle,1,Motorcycle / 3-wheel vehicle,opposite,88.3%,1039.097,1039.947,0.85,21.2
67079,Motorcycle,1,Motorcycle / 3-wheel vehicle,opposite,89.3%,1039.697,1040.497,0.8,22.5
67181,Motorcycle,1,Motorcycle / 3-wheel vehicle,opposite,84.3%,1040.847,1041.847,1.0,18.0
67213,Motorcycle,1,Motorcycle / 3-wheel vehicle,opposite,88.1%,1041.397,1042.147,0.75,24.0
67214,Motorcycle,1,Motorcycle / 3-wheel vehicle,opposite,89.9%,1041.497,1042.197,0.7,25.7
67116,Motorcycle,1,Motorcycle / 3-wheel vehicle,normal,60.0%,1042.697,1041.747,0.95,18.9
67220,Motorcycle,1,Motorcycle / 3-wheel vehicle,normal,83.5%,1043.097,1041.997,1.1,16.4
67300,Motorcycle,1,Motorcycle / 3-wheel vehicle,opposite,88.4%,1042.397,1043.197,0.8,22.5
67323,Motorcycle,1,Motorcycle / 3-wheel vehicle,opposite,86.9%,1042.797,1043.547,0.75,24.0
67312,Motorcycle,1,Motorcycle / 3-wheel vehicle,normal,74.6%,1044.797,1043.047,1.75,10.3
67374,Motorcycle,1,Motorcycle / 3-wheel vehicle,opposite,89.8%,1043.447,1044.147,0.7,25.7
67384,Motorcycle,1,Motorcycle / 3-wheel vehicle,opposite,90.8%,1043.597,1044.297,0.7,25.7
67324,Motorcycle,1,Motorcycle / 3-wheel vehicle,opposite,63.3%,1044.547,1046.097,1.55,11.6
67424,Motorcycle,1,Motorcycle / 3-wheel vehicle,opposite,89.6%,1044.547,1045.147,0.6,30.0
67393,Motorcycle,1,Motorcycle / 3-wheel vehicle,normal,52.8%,1046.297,1044.547,1.75,10.3
67458,Motorcycle,1,Motorcycle / 3-wheel vehicle,opposite,87.4%,1044.947,1045.697,0.75,24.0
67413,Motorcycle,1,Motorcycle / 3-wheel vehicle,opposite,88.7%,1045.147,1046.497,1.35,13.3
67506,Motorcycle,1,Motorcycle / 3-wheel vehicle,opposite,88.4%,1045.647,1046.397,0.75,24.0
67518,Motorcycle,1,Motorcycle / 3-wheel vehicle,opposite,87.1%,1045.747,1046.497,0.75,24.0
67527,Motorcycle,1,Motorcycle / 3-wheel vehicle,opposite,89.5%,1046.047,1046.797,0.75,24.0
67530,Motorcycle,1,Motorcycle / 3-wheel vehicle,opposite,89.5%,1046.147,1046.897,0.75,24.0
67553,Motorcycle,1,Motorcycle / 3-wheel vehicle,opposite,89.4%,1046.497,1047.197,0.7,25.7
67597,Motorcycle,1,Motorcycle / 3-wheel vehicle,normal,78.8%,1049.347,1047.147,2.2,8.2
67632,Motorcycle,1,Motorcycle / 3-wheel vehicle,opposite,89.1%,1047.547,1048.297,0.75,24.0
67465,Public Transportation (Angkot),3,Medium passenger vehicle,normal,91.8%,1051.047,1048.347,2.7,6.7
67679,Motorcycle,1,Motorcycle / 3-wheel vehicle,opposite,89.8%,1048.397,1049.147,0.75,24.0
67737,Motorcycle,1,Motorcycle / 3-wheel vehicle,opposite,87.8%,1049.197,1050.047,0.85,21.2
67608,Car / Sedan,2,Sedan / jeep / station wagon,normal,89.9%,1050.447,1049.197,1.25,14.4
67757,Motorcycle,1,Motorcycle / 3-wheel vehicle,opposite,77.8%,1049.397,1050.497,1.1,16.4
67768,Motorcycle,1,Motorcycle / 3-wheel vehicle,opposite,88.4%,1049.697,1050.547,0.85,21.2
67734,Motorcycle,1,Motorcycle / 3-wheel vehicle,normal,85.2%,1050.847,1049.947,0.9,20.0
67792,Motorcycle,1,Motorcycle / 3-wheel vehicle,normal,79.2%,1051.497,1049.947,1.55,11.6
67733,Motorcycle,1,Motorcycle / 3-wheel vehicle,normal,84.2%,1051.497,1050.347,1.15,15.7
67739,Motorcycle,1,Motorcycle / 3-wheel vehicle,normal,81.8%,1052.097,1051.097,1.0,18.0
67878,Motorcycle,1,Motorcycle / 3-wheel vehicle,normal,79.6%,1052.797,1051.147,1.65,10.9
67895,Car / Sedan,2,Sedan / jeep / station wagon,opposite,93.4%,1051.697,1052.647,0.95,18.9
67951,Motorcycle,1,Motorcycle / 3-wheel vehicle,opposite,89.3%,1052.397,1053.347,0.95,18.9
67969,Motorcycle,1,Motorcycle / 3-wheel vehicle,opposite,89.5%,1052.697,1053.697,1.0,18.0
67970,Motorcycle,1,Motorcycle / 3-wheel vehicle,opposite,88.7%,1052.697,1053.497,0.8,22.5
67886,Car / Sedan,2,Sedan / jeep / station wagon,normal,90.3%,1055.246,1052.697,2.55,7.1
67917,Motorcycle,1,Motorcycle / 3-wheel vehicle,normal,84.4%,1054.197,1053.147,1.05,17.1
68008,Motorcycle,1,Motorcycle / 3-wheel vehicle,opposite,89.2%,1053.497,1054.347,0.85,21.2
68019,Motorcycle,1,Motorcycle / 3-wheel vehicle,opposite,88.3%,1053.597,1054.547,0.95,18.9
67959,Motorcycle,1,Motorcycle / 3-wheel vehicle,normal,85.2%,1054.947,1053.797,1.15,15.7
68077,Motorcycle,1,Motorcycle / 3-wheel vehicle,normal,84.7%,1055.546,1054.297,1.25,14.4
68087,Motorcycle,1,Motorcycle / 3-wheel vehicle,opposite,78.5%,1054.397,1055.347,0.95,18.9
68109,Motorcycle,1,Motorcycle / 3-wheel vehicle,opposite,89.1%,1054.647,1055.496,0.85,21.2
68145,Motorcycle,1,Motorcycle / 3-wheel vehicle,opposite,90.4%,1055.147,1056.046,0.9,20.0
68154,Motorcycle,1,Motorcycle / 3-wheel vehicle,opposite,86.8%,1055.197,1056.347,1.15,15.7
67926,Pickup / Micro Truck,4,Pickup / micro truck / delivery,normal,90.2%,1056.746,1055.347,1.4,12.9
68179,Motorcycle,1,Motorcycle / 3-wheel vehicle,opposite,90.8%,1055.847,1056.796,0.95,18.9
68229,Motorcycle,1,Motorcycle / 3-wheel vehicle,opposite,88.7%,1056.347,1057.346,1.0,18.0
68232,Motorcycle,1,Motorcycle / 3-wheel vehicle,opposite,89.4%,1056.496,1057.396,0.9,20.0
68219,Motorcycle,1,Motorcycle / 3-wheel vehicle,normal,84.0%,1058.096,1056.896,1.2,15.0
68333,Motorcycle,1,Motorcycle / 3-wheel vehicle,opposite,87.3%,1057.696,1058.546,0.85,21.2
68330,Motorcycle,1,Motorcycle / 3-wheel vehicle,normal,85.3%,1059.096,1058.096,1.0,18.0
68362,Motorcycle,1,Motorcycle / 3-wheel vehicle,opposite,89.4%,1058.346,1059.096,0.75,24.0
68398,Motorcycle,1,Motorcycle / 3-wheel vehicle,normal,85.5%,1059.846,1059.046,0.8,22.5
68403,Motorcycle,1,Motorcycle / 3-wheel vehicle,opposite,89.0%,1059.146,1059.946,0.8,22.5
68477,Motorcycle,1,Motorcycle / 3-wheel vehicle,opposite,83.5%,1059.796,1060.646,0.85,21.2
68439,Motorcycle,1,Motorcycle / 3-wheel vehicle,normal,84.2%,1064.146,1061.396,2.75,6.5
68469,Car / Sedan,2,Sedan / jeep / station wagon,opposite,92.2%,1061.746,1065.496,3.75,4.8
68610,Motorcycle,1,Motorcycle / 3-wheel vehicle,opposite,89.1%,1062.496,1063.646,1.15,15.7
68612,Motorcycle,1,Motorcycle / 3-wheel vehicle,normal,79.2%,1064.246,1062.646,1.6,11.2
68681,Motorcycle,1,Motorcycle / 3-wheel vehicle,opposite,86.3%,1063.196,1064.246,1.05,17.1
68700,Motorcycle,1,Motorcycle / 3-wheel vehicle,opposite,87.6%,1063.546,1064.646,1.1,16.4
68682,Motorcycle,1,Motorcycle / 3-wheel vehicle,normal,79.3%,1065.146,1063.546,1.6,11.3
68620,Car / Sedan,2,Sedan / jeep / station wagon,opposite,93.2%,1063.896,1065.796,1.9,9.5
68672,Motorcycle,1,Motorcycle / 3-wheel vehicle,normal,78.6%,1066.196,1064.246,1.95,9.2
68801,Motorcycle,1,Motorcycle / 3-wheel vehicle,opposite,86.0%,1064.596,1065.746,1.15,15.7
68727,Motorcycle,1,Motorcycle / 3-wheel vehicle,opposite,88.6%,1065.246,1067.346,2.1,8.6
68840,Car / Sedan,2,Sedan / jeep / station wagon,opposite,93.7%,1065.696,1067.196,1.5,12.0
68930,Motorcycle,1,Motorcycle / 3-wheel vehicle,opposite,87.8%,1066.346,1067.796,1.45,12.4
68916,Motorcycle,1,Motorcycle / 3-wheel vehicle,opposite,89.7%,1066.496,1067.946,1.45,12.4
68977,Motorcycle,1,Motorcycle / 3-wheel vehicle,opposite,86.2%,1067.096,1068.596,1.5,12.0
68940,Public Transportation (Angkot),3,Medium passenger vehicle,opposite,53.5%,1067.446,1069.246,1.8,10.0
69021,Motorcycle,1,Motorcycle / 3-wheel vehicle,normal,62.4%,1070.246,1068.046,2.2,8.2
69048,Motorcycle,1,Motorcycle / 3-wheel vehicle,opposite,86.6%,1068.696,1070.296,1.6,11.2
69154,Motorcycle,1,Motorcycle / 3-wheel vehicle,opposite,70.9%,1069.996,1071.696,1.7,10.6
69151,2-Axle Truck (Jumbo),6,2-Axle Truck,opposite,70.9%,1070.296,1072.296,2.0,9.0
69195,Motorcycle,1,Motorcycle / 3-wheel vehicle,opposite,84.0%,1070.646,1072.296,1.65,10.9
69291,Motorcycle,1,Motorcycle / 3-wheel vehicle,opposite,86.4%,1071.946,1073.446,1.5,12.0
69290,Motorcycle,1,Motorcycle / 3-wheel vehicle,opposite,89.0%,1071.996,1073.396,1.4,12.9
69298,Car / Sedan,2,Sedan / jeep / station wagon,opposite,92.8%,1072.696,1074.396,1.7,10.6
69376,Motorcycle,1,Motorcycle / 3-wheel vehicle,opposite,86.8%,1073.296,1074.595,1.3,13.8
69439,Motorcycle,1,Motorcycle / 3-wheel vehicle,opposite,87.4%,1074.246,1075.545,1.3,13.8
69454,Car / Sedan,2,Sedan / jeep / station wagon,opposite,93.3%,1074.646,1076.295,1.65,10.9
69509,Motorcycle,1,Motorcycle / 3-wheel vehicle,opposite,77.3%,1074.646,1076.045,1.4,12.9
69538,Motorcycle,1,Motorcycle / 3-wheel vehicle,opposite,83.7%,1075.146,1077.195,2.05,8.8
69537,Motorcycle,1,Motorcycle / 3-wheel vehicle,opposite,88.8%,1075.295,1076.595,1.3,13.8
69608,Motorcycle,1,Motorcycle / 3-wheel vehicle,opposite,89.5%,1076.196,1077.595,1.4,12.9
69660,Motorcycle,1,Motorcycle / 3-wheel vehicle,normal,83.3%,1077.295,1076.445,0.85,21.2
69658,Motorcycle,1,Motorcycle / 3-wheel vehicle,opposite,85.6%,1076.795,1077.795,1.0,18.0
69684,Motorcycle,1,Motorcycle / 3-wheel vehicle,normal,75.1%,1078.995,1078.045,0.95,18.9
69704,Car / Sedan,2,Sedan / jeep / station wagon,opposite,89.9%,1078.145,1079.245,1.1,16.4
69715,Motorcycle,1,Motorcycle / 3-wheel vehicle,opposite,90.3%,1078.295,1079.195,0.9,20.0
69755,Motorcycle,1,Motorcycle / 3-wheel vehicle,opposite,83.3%,1078.495,1079.595,1.1,16.4
69722,Car / Sedan,2,Sedan / jeep / station wagon,opposite,93.0%,1078.995,1080.595,1.6,11.3
69778,Motorcycle,1,Motorcycle / 3-wheel vehicle,opposite,87.5%,1079.295,1080.245,0.95,18.9
69815,Motorcycle,1,Motorcycle / 3-wheel vehicle,opposite,88.4%,1079.995,1080.945,0.95,18.9
69762,Car / Sedan,2,Sedan / jeep / station wagon,normal,75.5%,1081.645,1080.145,1.5,12.0
69817,Car / Sedan,2,Sedan / jeep / station wagon,opposite,91.8%,1081.195,1082.845,1.65,10.9
69807,2-Axle Truck (Jumbo),6,2-Axle Truck,normal,92.4%,1082.395,1081.295,1.1,16.4
69877,Public Transportation (Angkot),3,Medium passenger vehicle,opposite,92.7%,1081.745,1082.845,1.1,16.4
69950,Motorcycle,1,Motorcycle / 3-wheel vehicle,opposite,89.2%,1082.445,1083.345,0.9,20.0
69961,Motorcycle,1,Motorcycle / 3-wheel vehicle,opposite,89.3%,1082.645,1083.645,1.0,18.0
70039,Motorcycle,1,Motorcycle / 3-wheel vehicle,opposite,88.3%,1083.445,1084.345,0.9,20.0
69992,Car / Sedan,2,Sedan / jeep / station wagon,normal,34.1%,1086.395,1083.645,2.75,6.5
69995,Pickup / Micro Truck,4,Pickup / micro truck / delivery,opposite,92.0%,1083.695,1085.295,1.6,11.3
70073,Motorcycle,1,Motorcycle / 3-wheel vehicle,opposite,86.6%,1083.845,1084.745,0.9,20.0
70111,Motorcycle,1,Motorcycle / 3-wheel vehicle,opposite,84.3%,1084.295,1085.145,0.85,21.2
70110,Motorcycle,1,Motorcycle / 3-wheel vehicle,normal,82.1%,1087.245,1085.095,2.15,8.4
70169,Motorcycle,1,Motorcycle / 3-wheel vehicle,opposite,88.4%,1085.295,1086.145,0.85,21.2
70200,Motorcycle,1,Motorcycle / 3-wheel vehicle,normal,83.4%,1088.745,1085.345,3.4,5.3
70201,Motorcycle,1,Motorcycle / 3-wheel vehicle,opposite,64.1%,1085.795,1086.895,1.1,16.4
70175,Car / Sedan,2,Sedan / jeep / station wagon,opposite,93.1%,1086.095,1087.445,1.35,13.3
70238,Motorcycle,1,Motorcycle / 3-wheel vehicle,opposite,88.5%,1086.495,1087.395,0.9,20.0
70245,Motorcycle,1,Motorcycle / 3-wheel vehicle,opposite,84.1%,1086.595,1087.695,1.1,16.4
70280,Motorcycle,1,Motorcycle / 3-wheel vehicle,opposite,89.4%,1087.195,1088.145,0.95,18.9
70265,Motorcycle,1,Motorcycle / 3-wheel vehicle,normal,64.1%,1090.645,1087.445,3.2,5.6
70217,Motorcycle,1,Motorcycle / 3-wheel vehicle,normal,80.6%,1089.795,1087.595,2.2,8.2
70350,Motorcycle,1,Motorcycle / 3-wheel vehicle,opposite,88.2%,1088.095,1089.145,1.05,17.1
70398,Motorcycle,1,Motorcycle / 3-wheel vehicle,opposite,84.0%,1088.645,1089.695,1.05,17.1
70433,Public Transportation (Angkot),3,Medium passenger vehicle,opposite,92.8%,1089.545,1090.645,1.1,16.4
70490,Motorcycle,1,Motorcycle / 3-wheel vehicle,opposite,86.7%,1090.095,1090.945,0.85,21.2
70483,Motorcycle,1,Motorcycle / 3-wheel vehicle,opposite,90.1%,1091.145,1092.045,0.9,20.0
70638,Motorcycle,1,Motorcycle / 3-wheel vehicle,opposite,58.8%,1091.895,1092.945,1.05,17.1
70630,Motorcycle,1,Motorcycle / 3-wheel vehicle,opposite,89.8%,1091.995,1093.095,1.1,16.4
70386,Car / Sedan,2,Sedan / jeep / station wagon,opposite,75.7%,1092.245,1094.044,1.8,10.0
70626,Motorcycle,1,Motorcycle / 3-wheel vehicle,opposite,89.6%,1092.745,1094.145,1.4,12.9
70756,Motorcycle,1,Motorcycle / 3-wheel vehicle,opposite,69.6%,1094.094,1095.195,1.1,16.4
70817,Motorcycle,1,Motorcycle / 3-wheel vehicle,opposite,45.4%,1095.195,1096.494,1.3,13.8
70834,Car / Sedan,2,Sedan / jeep / station wagon,normal,90.8%,1097.894,1095.445,2.45,7.3
70879,Car / Sedan,2,Sedan / jeep / station wagon,opposite,92.9%,1096.744,1098.144,1.4,12.9
70964,Public Transportation (Angkot),3,Medium passenger vehicle,opposite,88.1%,1097.244,1098.794,1.55,11.6
70941,Motorcycle,1,Motorcycle / 3-wheel vehicle,opposite,84.8%,1097.394,1098.744,1.35,13.3
71010,Car / Sedan,2,Sedan / jeep / station wagon,opposite,93.1%,1098.794,1100.094,1.3,13.8
71064,Motorcycle,1,Motorcycle / 3-wheel vehicle,opposite,88.5%,1099.494,1100.744,1.25,14.4
71188,Motorcycle,1,Motorcycle / 3-wheel vehicle,normal,82.2%,1101.594,1100.344,1.25,14.4
71074,Car / Sedan,2,Sedan / jeep / station wagon,normal,91.4%,1102.544,1101.194,1.35,13.3
71215,Motorcycle,1,Motorcycle / 3-wheel vehicle,opposite,84.8%,1102.244,1104.894,2.65,6.8
71244,Car / Sedan,2,Sedan / jeep / station wagon,normal,88.5%,1106.194,1103.794,2.4,7.5
71214,Motorcycle,1,Motorcycle / 3-wheel vehicle,opposite,86.9%,1104.244,1105.994,1.75,10.3
71343,Motorcycle,1,Motorcycle / 3-wheel vehicle,opposite,76.4%,1104.994,1106.644,1.65,10.9
71233,Public Transportation (Angkot),3,Medium passenger vehicle,opposite,72.5%,1105.294,1108.094,2.8,6.4
71506,Motorcycle,1,Motorcycle / 3-wheel vehicle,opposite,86.8%,1105.444,1106.944,1.5,12.0
71620,Motorcycle,1,Motorcycle / 3-wheel vehicle,opposite,88.0%,1107.044,1108.494,1.45,12.4
71436,Motorcycle,1,Motorcycle / 3-wheel vehicle,opposite,90.2%,1107.494,1109.444,1.95,9.2
71676,Motorcycle,1,Motorcycle / 3-wheel vehicle,opposite,88.9%,1108.044,1109.244,1.2,15.0
71692,Motorcycle,1,Motorcycle / 3-wheel vehicle,opposite,86.7%,1108.044,1109.194,1.15,15.7
71688,Motorcycle,1,Motorcycle / 3-wheel vehicle,opposite,89.0%,1108.394,1109.644,1.25,14.4
71743,Motorcycle,1,Motorcycle / 3-wheel vehicle,opposite,85.5%,1108.894,1109.994,1.1,16.4
71759,Motorcycle,1,Motorcycle / 3-wheel vehicle,normal,77.1%,1110.144,1108.994,1.15,15.7
71638,Motorcycle,1,Motorcycle / 3-wheel vehicle,opposite,88.7%,1109.444,1111.394,1.95,9.2
71815,Motorcycle,1,Motorcycle / 3-wheel vehicle,opposite,79.5%,1109.544,1110.594,1.05,17.1
71867,Motorcycle,1,Motorcycle / 3-wheel vehicle,normal,80.0%,1110.594,1109.744,0.85,21.2
71821,Motorcycle,1,Motorcycle / 3-wheel vehicle,opposite,91.1%,1109.844,1110.994,1.15,15.7
71848,Motorcycle,1,Motorcycle / 3-wheel vehicle,normal,41.5%,1113.344,1110.294,3.05,5.9
71900,Motorcycle,1,Motorcycle / 3-wheel vehicle,opposite,88.7%,1110.494,1111.544,1.05,17.1
71924,Motorcycle,1,Motorcycle / 3-wheel vehicle,opposite,86.7%,1110.644,1111.794,1.15,15.7
71907,Motorcycle,1,Motorcycle / 3-wheel vehicle,opposite,89.7%,1110.844,1111.994,1.15,15.7
71952,Motorcycle,1,Motorcycle / 3-wheel vehicle,normal,78.1%,1112.094,1110.844,1.25,14.4
71868,Car / Sedan,2,Sedan / jeep / station wagon,normal,91.3%,1112.894,1111.344,1.55,11.6
72035,Motorcycle,1,Motorcycle / 3-wheel vehicle,normal,84.6%,1113.344,1112.394,0.95,18.9
72062,Motorcycle,1,Motorcycle / 3-wheel vehicle,opposite,86.6%,1112.694,1113.843,1.15,15.7
72088,Motorcycle,1,Motorcycle / 3-wheel vehicle,opposite,84.5%,1113.094,1114.244,1.15,15.7
72052,Car / Sedan,2,Sedan / jeep / station wagon,opposite,93.8%,1113.344,1114.793,1.45,12.4
72190,Motorcycle,1,Motorcycle / 3-wheel vehicle,opposite,88.0%,1114.343,1115.494,1.15,15.7
72198,Car / Sedan,2,Sedan / jeep / station wagon,opposite,93.2%,1115.343,1117.043,1.7,10.6
72306,Motorcycle,1,Motorcycle / 3-wheel vehicle,opposite,86.5%,1115.643,1116.793,1.15,15.7
72254,Motorcycle,1,Motorcycle / 3-wheel vehicle,opposite,83.5%,1115.743,1116.743,1.0,18.0
72323,Motorcycle,1,Motorcycle / 3-wheel vehicle,opposite,88.1%,1116.493,1117.643,1.15,15.7
72365,Motorcycle,1,Motorcycle / 3-wheel vehicle,opposite,87.4%,1116.743,1117.693,0.95,18.9
72386,Motorcycle,1,Motorcycle / 3-wheel vehicle,opposite,86.9%,1117.293,1118.243,0.95,18.9
72370,Car / Sedan,2,Sedan / jeep / station wagon,opposite,93.3%,1117.493,1119.043,1.55,11.6
72292,Motorcycle,1,Motorcycle / 3-wheel vehicle,opposite,86.8%,1117.743,1118.993,1.25,14.4
72435,Motorcycle,1,Motorcycle / 3-wheel vehicle,opposite,87.4%,1117.893,1118.843,0.95,18.9
72485,Motorcycle,1,Motorcycle / 3-wheel vehicle,opposite,89.4%,1118.593,1119.593,1.0,18.0
72536,Motorcycle,1,Motorcycle / 3-wheel vehicle,normal,84.7%,1120.493,1119.193,1.3,13.8
72609,Motorcycle,1,Motorcycle / 3-wheel vehicle,opposite,86.7%,1120.293,1121.143,0.85,21.2
72608,Motorcycle,1,Motorcycle / 3-wheel vehicle,opposite,86.7%,1120.343,1121.393,1.05,17.1
72560,Car / Sedan,2,Sedan / jeep / station wagon,opposite,93.2%,1120.443,1121.793,1.35,13.3
72646,Motorcycle,1,Motorcycle / 3-wheel vehicle,opposite,89.0%,1120.993,1121.893,0.9,20.0
72643,Car / Sedan,2,Sedan / jeep / station wagon,opposite,92.6%,1121.543,1122.943,1.4,12.9
72701,Motorcycle,1,Motorcycle / 3-wheel vehicle,opposite,87.6%,1122.093,1123.393,1.3,13.8
72925,Pickup / Micro Truck,4,Pickup / micro truck / delivery,opposite,86.2%,1125.343,1126.143,0.8,22.5
72871,Public Transportation (Angkot),3,Medium passenger vehicle,normal,62.4%,1129.143,1125.743,3.4,5.3
72985,Motorcycle,1,Motorcycle / 3-wheel vehicle,opposite,87.6%,1125.843,1126.643,0.8,22.5
73026,Car / Sedan,2,Sedan / jeep / station wagon,opposite,93.3%,1127.493,1128.493,1.0,18.0
73130,Public Transportation (Angkot),3,Medium passenger vehicle,opposite,93.1%,1129.593,1131.493,1.9,9.5
73317,Motorcycle,1,Motorcycle / 3-wheel vehicle,opposite,88.4%,1131.193,1133.093,1.9,9.5
73175,Car / Sedan,2,Sedan / jeep / station wagon,opposite,93.7%,1132.293,1134.142,1.85,9.7
73457,Motorcycle,1,Motorcycle / 3-wheel vehicle,opposite,87.5%,1133.243,1134.842,1.6,11.3
73438,Motorcycle,1,Motorcycle / 3-wheel vehicle,opposite,89.1%,1133.393,1134.693,1.3,13.8
73442,Motorcycle,1,Motorcycle / 3-wheel vehicle,normal,73.0%,1137.292,1134.342,2.95,6.1
73557,Motorcycle,1,Motorcycle / 3-wheel vehicle,opposite,89.3%,1134.743,1135.892,1.15,15.7
73294,Car / Sedan,2,Sedan / jeep / station wagon,normal,68.1%,1137.992,1134.793,3.2,5.6
73443,Motorcycle,1,Motorcycle / 3-wheel vehicle,opposite,88.7%,1135.142,1136.542,1.4,12.9
73661,Motorcycle,1,Motorcycle / 3-wheel vehicle,opposite,90.3%,1135.342,1136.792,1.45,12.4
73642,Car / Sedan,2,Sedan / jeep / station wagon,opposite,93.5%,1137.292,1138.992,1.7,10.6
73795,Motorcycle,1,Motorcycle / 3-wheel vehicle,normal,81.2%,1140.692,1138.392,2.3,7.8
73892,Motorcycle,1,Motorcycle / 3-wheel vehicle,normal,83.5%,1140.142,1138.692,1.45,12.4
73869,Car / Sedan,2,Sedan / jeep / station wagon,opposite,90.3%,1138.892,1140.292,1.4,12.9
73881,Car / Sedan,2,Sedan / jeep / station wagon,opposite,93.3%,1140.292,1142.092,1.8,10.0
73969,Motorcycle,1,Motorcycle / 3-wheel vehicle,opposite,88.4%,1140.492,1141.792,1.3,13.8
74025,Motorcycle,1,Motorcycle / 3-wheel vehicle,opposite,81.8%,1141.292,1142.492,1.2,15.0
74016,Car / Sedan,2,Sedan / jeep / station wagon,opposite,92.9%,1141.942,1143.342,1.4,12.9
74093,Motorcycle,1,Motorcycle / 3-wheel vehicle,opposite,90.0%,1142.642,1144.142,1.5,12.0
74040,Car / Sedan,2,Sedan / jeep / station wagon,opposite,93.8%,1143.042,1145.592,2.55,7.1
74152,Motorcycle,1,Motorcycle / 3-wheel vehicle,opposite,83.1%,1143.092,1144.292,1.2,15.0
74184,Motorcycle,1,Motorcycle / 3-wheel vehicle,opposite,86.0%,1144.042,1145.442,1.4,12.9
74137,Motorcycle,1,Motorcycle / 3-wheel vehicle,normal,84.1%,1147.042,1144.392,2.65,6.8
74196,Motorcycle,1,Motorcycle / 3-wheel vehicle,opposite,91.5%,1144.642,1146.492,1.85,9.7
74285,Motorcycle,1,Motorcycle / 3-wheel vehicle,opposite,72.5%,1145.392,1146.492,1.1,16.4
74280,Car / Sedan,2,Sedan / jeep / station wagon,opposite,93.2%,1145.792,1147.692,1.9,9.5
74254,Public Transportation (Angkot),3,Medium passenger vehicle,opposite,92.7%,1146.792,1149.292,2.5,7.2
74356,Car / Sedan,2,Sedan / jeep / station wagon,opposite,93.5%,1149.042,1150.892,1.85,9.7
74525,Motorcycle,1,Motorcycle / 3-wheel vehicle,normal,82.8%,1149.542,1153.591,4.05,4.4
74496,Motorcycle,1,Motorcycle / 3-wheel vehicle,opposite,88.6%,1149.792,1150.992,1.2,15.0
74560,Car / Sedan,2,Sedan / jeep / station wagon,opposite,93.2%,1150.792,1152.242,1.45,12.4
74602,Car / Sedan,2,Sedan / jeep / station wagon,opposite,93.1%,1151.192,1153.292,2.1,8.6
74606,Motorcycle,1,Motorcycle / 3-wheel vehicle,opposite,88.2%,1151.292,1152.792,1.5,12.0
74803,Public Transportation (Angkot),3,Medium passenger vehicle,opposite,92.5%,1153.992,1155.341,1.35,13.3
74864,Motorcycle,1,Motorcycle / 3-wheel vehicle,opposite,57.4%,1154.292,1157.091,2.8,6.4
74738,Motorcycle,1,Motorcycle / 3-wheel vehicle,opposite,89.9%,1154.641,1157.091,2.45,7.3
74865,Motorcycle,1,Motorcycle / 3-wheel vehicle,opposite,83.5%,1154.792,1156.091,1.3,13.8
74900,Motorcycle,1,Motorcycle / 3-wheel vehicle,opposite,86.7%,1155.042,1156.291,1.25,14.4
74853,Motorcycle,1,Motorcycle / 3-wheel vehicle,opposite,83.2%,1155.891,1157.891,2.0,9.0
74987,Motorcycle,1,Motorcycle / 3-wheel vehicle,opposite,86.2%,1156.791,1158.191,1.4,12.9
75025,Motorcycle,1,Motorcycle / 3-wheel vehicle,opposite,89.2%,1157.541,1158.791,1.25,14.4
74761,Car / Sedan,2,Sedan / jeep / station wagon,opposite,93.4%,1157.691,1159.641,1.95,9.2
75085,Motorcycle,1,Motorcycle / 3-wheel vehicle,opposite,84.3%,1158.391,1159.591,1.2,15.0
75030,Motorcycle,1,Motorcycle / 3-wheel vehicle,opposite,87.1%,1158.691,1160.391,1.7,10.6
75162,Motorcycle,1,Motorcycle / 3-wheel vehicle,opposite,86.1%,1159.641,1160.591,0.95,18.9
75008,Car / Sedan,2,Sedan / jeep / station wagon,opposite,81.4%,1160.791,1163.191,2.4,7.5
75251,Car / Sedan,2,Sedan / jeep / station wagon,opposite,92.6%,1161.691,1162.991,1.3,13.8
75286,Motorcycle,1,Motorcycle / 3-wheel vehicle,opposite,84.9%,1161.941,1163.191,1.25,14.4
75171,Car / Sedan,2,Sedan / jeep / station wagon,opposite,93.7%,1163.391,1165.241,1.85,9.7
75420,Motorcycle,1,Motorcycle / 3-wheel vehicle,opposite,90.2%,1164.591,1166.191,1.6,11.3
75464,Car / Sedan,2,Sedan / jeep / station wagon,opposite,93.0%,1164.741,1166.091,1.35,13.3
75521,Motorcycle,1,Motorcycle / 3-wheel vehicle,opposite,75.0%,1165.591,1167.041,1.45,12.4
75296,Car / Sedan,2,Sedan / jeep / station wagon,opposite,93.2%,1167.741,1169.491,1.75,10.3
75586,Motorcycle,1,Motorcycle / 3-wheel vehicle,opposite,89.3%,1168.541,1169.791,1.25,14.4
75694,Motorcycle,1,Motorcycle / 3-wheel vehicle,opposite,85.4%,1168.791,1169.891,1.1,16.4
75639,Motorcycle,1,Motorcycle / 3-wheel vehicle,opposite,90.0%,1169.491,1170.841,1.35,13.3
75648,Car / Sedan,2,Sedan / jeep / station wagon,opposite,92.9%,1170.041,1171.841,1.8,10.0
75786,Car / Sedan,2,Sedan / jeep / station wagon,opposite,93.3%,1172.691,1174.44,1.75,10.3
75880,Motorcycle,1,Motorcycle / 3-wheel vehicle,opposite,86.6%,1172.941,1174.291,1.35,13.3
75588,Pickup / Micro Truck,4,Pickup / micro truck / delivery,normal,74.2%,1175.49,1173.39,2.1,8.6
75971,Public Transportation (Angkot),3,Medium passenger vehicle,opposite,93.3%,1175.59,1177.44,1.85,9.7
76169,Car / Sedan,2,Sedan / jeep / station wagon,normal,78.5%,1179.14,1177.14,2.0,9.0
76160,Motorcycle,1,Motorcycle / 3-wheel vehicle,opposite,87.4%,1177.39,1178.89,1.5,12.0
76072,Car / Sedan,2,Sedan / jeep / station wagon,opposite,93.4%,1177.44,1179.14,1.7,10.6
76285,Motorcycle,1,Motorcycle / 3-wheel vehicle,opposite,86.4%,1179.74,1180.74,1.0,18.0
76307,Motorcycle,1,Motorcycle / 3-wheel vehicle,opposite,88.1%,1180.19,1181.39,1.2,15.0
76360,Motorcycle,1,Motorcycle / 3-wheel vehicle,opposite,85.3%,1180.84,1181.64,0.8,22.5
76319,Car / Sedan,2,Sedan / jeep / station wagon,opposite,93.8%,1181.14,1182.49,1.35,13.3
76399,Car / Sedan,2,Sedan / jeep / station wagon,normal,32.3%,1190.74,1183.14,7.6,2.4
76533,Motorcycle,1,Motorcycle / 3-wheel vehicle,opposite,88.0%,1183.59,1184.44,0.85,21.2
76595,Motorcycle,1,Motorcycle / 3-wheel vehicle,opposite,88.0%,1184.39,1185.29,0.9,20.0
76598,Public Transportation (Angkot),3,Medium passenger vehicle,opposite,93.5%,1185.24,1186.39,1.15,15.7
76684,Motorcycle,1,Motorcycle / 3-wheel vehicle,opposite,89.0%,1185.39,1186.84,1.45,12.4
76660,Motorcycle,1,Motorcycle / 3-wheel vehicle,opposite,90.3%,1186.14,1187.49,1.35,13.3
76722,Motorcycle,1,Motorcycle / 3-wheel vehicle,opposite,85.3%,1186.14,1187.09,0.95,18.9
76559,Motorcycle,1,Motorcycle / 3-wheel vehicle,opposite,90.5%,1187.09,1188.79,1.7,10.6
76773,Motorcycle,1,Motorcycle / 3-wheel vehicle,opposite,88.9%,1187.14,1187.99,0.85,21.2
76689,Motorcycle,1,Motorcycle / 3-wheel vehicle,opposite,92.0%,1188.19,1189.74,1.55,11.6
76424,Car / Sedan,2,Sedan / jeep / station wagon,normal,89.0%,1193.989,1190.79,3.2,5.6
77013,Motorcycle,1,Motorcycle / 3-wheel vehicle,normal,62.6%,1194.889,1191.24,3.65,4.9
76605,Pickup / Micro Truck,4,Pickup / micro truck / delivery,normal,90.2%,1196.889,1193.84,3.05,5.9
77089,Motorcycle,1,Motorcycle / 3-wheel vehicle,normal,87.0%,1195.089,1193.989,1.1,16.4
77081,Car / Sedan,2,Sedan / jeep / station wagon,normal,92.0%,1199.339,1197.239,2.1,8.6
77376,Motorcycle,1,Motorcycle / 3-wheel vehicle,opposite,89.9%,1197.289,1198.289,1.0,18.0
77273,Motorcycle,1,Motorcycle / 3-wheel vehicle,normal,69.8%,1198.839,1197.539,1.3,13.8
77363,Motorcycle,1,Motorcycle / 3-wheel vehicle,normal,85.5%,1200.439,1199.239,1.2,15.0
77539,Motorcycle,1,Motorcycle / 3-wheel vehicle,normal,74.8%,1200.939,1199.739,1.2,15.0
77019,Car / Sedan,2,Sedan / jeep / station wagon,normal,90.0%,1202.239,1200.239,2.0,9.0
77631,Motorcycle,1,Motorcycle / 3-wheel vehicle,normal,85.3%,1203.089,1201.539,1.55,11.6
77669,Car / Sedan,2,Sedan / jeep / station wagon,opposite,93.8%,1202.289,1203.039,0.75,24.0
77688,Motorcycle,1,Motorcycle / 3-wheel vehicle,normal,81.5%,1203.939,1202.589,1.35,13.3
77599,Car / Sedan,2,Sedan / jeep / station wagon,normal,84.6%,1210.539,1203.639,6.9,2.6
78136,Motorcycle,1,Motorcycle / 3-wheel vehicle,opposite,89.4%,1209.439,1210.089,0.65,27.7
77829,Motorcycle,1,Motorcycle / 3-wheel vehicle,opposite,73.4%,1211.039,1212.539,1.5,12.0
78165,Car / Sedan,2,Sedan / jeep / station wagon,opposite,89.8%,1213.488,1215.388,1.9,9.5
78292,Motorcycle,1,Motorcycle / 3-wheel vehicle,opposite,89.6%,1213.738,1214.888,1.15,15.7
78391,Motorcycle,1,Motorcycle / 3-wheel vehicle,opposite,89.0%,1213.789,1215.188,1.4,12.9
78301,Motorcycle,1,Motorcycle / 3-wheel vehicle,opposite,89.4%,1214.888,1216.538,1.65,10.9
78371,Motorcycle,1,Motorcycle / 3-wheel vehicle,opposite,89.6%,1215.688,1217.688,2.0,9.0
78457,Motorcycle,1,Motorcycle / 3-wheel vehicle,opposite,89.3%,1215.888,1217.938,2.05,8.8
78444,Motorcycle,1,Motorcycle / 3-wheel vehicle,opposite,89.3%,1216.338,1217.788,1.45,12.4
78556,Motorcycle,1,Motorcycle / 3-wheel vehicle,opposite,86.1%,1217.088,1218.488,1.4,12.9
78684,Motorcycle,1,Motorcycle / 3-wheel vehicle,normal,82.1%,1219.688,1218.588,1.1,16.4
78714,Motorcycle,1,Motorcycle / 3-wheel vehicle,opposite,89.6%,1219.238,1220.088,0.85,21.2
78364,Car / Sedan,2,Sedan / jeep / station wagon,normal,69.3%,1221.938,1219.288,2.65,6.8
78708,Motorcycle,1,Motorcycle / 3-wheel vehicle,normal,77.1%,1220.538,1219.638,0.9,20.0
78763,Motorcycle,1,Motorcycle / 3-wheel vehicle,opposite,89.2%,1219.938,1220.738,0.8,22.5
78851,Motorcycle,1,Motorcycle / 3-wheel vehicle,opposite,87.4%,1221.488,1222.138,0.65,27.7
78884,Motorcycle,1,Motorcycle / 3-wheel vehicle,opposite,86.7%,1222.238,1222.938,0.7,25.7
78936,Motorcycle,1,Motorcycle / 3-wheel vehicle,opposite,89.0%,1222.938,1223.538,0.6,30.0
78957,Motorcycle,1,Motorcycle / 3-wheel vehicle,opposite,89.7%,1223.288,1223.988,0.7,25.7
78982,Motorcycle,1,Motorcycle / 3-wheel vehicle,normal,85.4%,1225.688,1224.788,0.9,20.0
79032,Motorcycle,1,Motorcycle / 3-wheel vehicle,normal,86.2%,1226.038,1225.138,0.9,20.0
79054,Motorcycle,1,Motorcycle / 3-wheel vehicle,opposite,86.9%,1225.338,1225.938,0.6,30.0
79004,Motorcycle,1,Motorcycle / 3-wheel vehicle,normal,85.5%,1227.788,1226.488,1.3,13.8
79041,Car / Sedan,2,Sedan / jeep / station wagon,normal,49.4%,1229.238,1226.688,2.55,7.1
79131,Motorcycle,1,Motorcycle / 3-wheel vehicle,opposite,90.5%,1226.888,1227.788,0.9,20.0
79094,Motorcycle,1,Motorcycle / 3-wheel vehicle,normal,83.1%,1230.638,1227.288,3.35,5.4
79214,Motorcycle,1,Motorcycle / 3-wheel vehicle,normal,81.6%,1234.287,1229.188,5.1,3.5
79211,Motorcycle,1,Motorcycle / 3-wheel vehicle,opposite,79.2%,1229.988,1231.838,1.85,9.7
78959,Car / Sedan,2,Sedan / jeep / station wagon,opposite,83.9%,1230.738,1232.688,1.95,9.2
79386,Motorcycle,1,Motorcycle / 3-wheel vehicle,opposite,87.0%,1231.038,1231.838,0.8,22.5
79463,Motorcycle,1,Motorcycle / 3-wheel vehicle,opposite,87.3%,1232.287,1233.138,0.85,21.2
79550,Motorcycle,1,Motorcycle / 3-wheel vehicle,opposite,86.5%,1233.338,1234.088,0.75,24.0
79609,Motorcycle,1,Motorcycle / 3-wheel vehicle,opposite,87.6%,1234.088,1234.887,0.8,22.5
79384,Car / Sedan,2,Sedan / jeep / station wagon,opposite,93.5%,1234.487,1236.887,2.4,7.5
79590,Motorcycle,1,Motorcycle / 3-wheel vehicle,normal,80.9%,1237.337,1234.937,2.4,7.5
79656,Motorcycle,1,Motorcycle / 3-wheel vehicle,opposite,88.6%,1235.087,1236.037,0.95,18.9
79703,Motorcycle,1,Motorcycle / 3-wheel vehicle,opposite,57.0%,1235.287,1236.337,1.05,17.1
79744,Motorcycle,1,Motorcycle / 3-wheel vehicle,opposite,87.5%,1235.887,1236.887,1.0,18.0
79723,Motorcycle,1,Motorcycle / 3-wheel vehicle,opposite,89.9%,1235.937,1237.737,1.8,10.0
79798,Motorcycle,1,Motorcycle / 3-wheel vehicle,opposite,87.8%,1236.537,1237.487,0.95,18.9
79698,Motorcycle,1,Motorcycle / 3-wheel vehicle,opposite,87.7%,1236.937,1238.887,1.95,9.2
79842,Motorcycle,1,Motorcycle / 3-wheel vehicle,opposite,87.2%,1237.087,1238.187,1.1,16.4
79777,Motorcycle,1,Motorcycle / 3-wheel vehicle,opposite,90.5%,1237.787,1239.487,1.7,10.6
79924,Motorcycle,1,Motorcycle / 3-wheel vehicle,opposite,83.4%,1238.087,1238.987,0.9,20.0
79944,Motorcycle,1,Motorcycle / 3-wheel vehicle,normal,71.5%,1239.587,1238.187,1.4,12.9
79959,Motorcycle,1,Motorcycle / 3-wheel vehicle,opposite,87.8%,1238.937,1239.987,1.05,17.1
79950,Motorcycle,1,Motorcycle / 3-wheel vehicle,opposite,88.8%,1239.037,1240.237,1.2,15.0
80046,Motorcycle,1,Motorcycle / 3-wheel vehicle,opposite,89.4%,1240.387,1241.787,1.4,12.9
80096,Motorcycle,1,Motorcycle / 3-wheel vehicle,opposite,88.1%,1240.637,1241.937,1.3,13.8
80137,Motorcycle,1,Motorcycle / 3-wheel vehicle,opposite,90.4%,1241.687,1242.787,1.1,16.4
80152,Motorcycle,1,Motorcycle / 3-wheel vehicle,opposite,84.0%,1241.837,1242.987,1.15,15.7
80193,Motorcycle,1,Motorcycle / 3-wheel vehicle,opposite,88.1%,1242.537,1243.637,1.1,16.4
80183,Motorcycle,1,Motorcycle / 3-wheel vehicle,normal,85.0%,1244.787,1242.937,1.85,9.7
80219,Motorcycle,1,Motorcycle / 3-wheel vehicle,normal,83.5%,1244.487,1243.137,1.35,13.3
80247,Motorcycle,1,Motorcycle / 3-wheel vehicle,opposite,89.3%,1243.437,1244.587,1.15,15.7
80248,Motorcycle,1,Motorcycle / 3-wheel vehicle,normal,86.8%,1244.937,1243.537,1.4,12.9
80268,Motorcycle,1,Motorcycle / 3-wheel vehicle,opposite,90.3%,1243.837,1244.987,1.15,15.7
80321,Motorcycle,1,Motorcycle / 3-wheel vehicle,opposite,85.5%,1244.487,1245.737,1.25,14.4
80307,Motorcycle,1,Motorcycle / 3-wheel vehicle,opposite,88.8%,1244.537,1245.737,1.2,15.0
80280,Motorcycle,1,Motorcycle / 3-wheel vehicle,normal,84.0%,1245.887,1244.687,1.2,15.0
80339,Motorcycle,1,Motorcycle / 3-wheel vehicle,opposite,89.1%,1244.887,1245.787,0.9,20.0
80325,Motorcycle,1,Motorcycle / 3-wheel vehicle,normal,82.2%,1246.387,1245.137,1.25,14.4
80356,Motorcycle,1,Motorcycle / 3-wheel vehicle,opposite,86.8%,1245.287,1246.287,1.0,18.0
80324,Motorcycle,1,Motorcycle / 3-wheel vehicle,normal,73.0%,1246.537,1245.537,1.0,18.0
80390,Motorcycle,1,Motorcycle / 3-wheel vehicle,opposite,84.5%,1245.837,1246.837,1.0,18.0
80405,Motorcycle,1,Motorcycle / 3-wheel vehicle,opposite,88.1%,1245.937,1246.787,0.85,21.2
80430,Motorcycle,1,Motorcycle / 3-wheel vehicle,normal,83.8%,1247.987,1246.887,1.1,16.4
80475,Motorcycle,1,Motorcycle / 3-wheel vehicle,normal,58.5%,1249.637,1247.787,1.85,9.7
80488,Motorcycle,1,Motorcycle / 3-wheel vehicle,normal,85.1%,1249.237,1247.937,1.3,13.8
80494,Motorcycle,1,Motorcycle / 3-wheel vehicle,normal,85.3%,1249.287,1248.187,1.1,16.4
80534,Motorcycle,1,Motorcycle / 3-wheel vehicle,normal,84.3%,1250.887,1248.987,1.9,9.5
80585,Motorcycle,1,Motorcycle / 3-wheel vehicle,opposite,88.5%,1249.587,1250.337,0.75,24.0
80634,Motorcycle,1,Motorcycle / 3-wheel vehicle,opposite,81.2%,1250.337,1251.087,0.75,24.0
80608,Car / Sedan,2,Sedan / jeep / station wagon,opposite,92.8%,1250.437,1251.487,1.05,17.1
80577,Motorcycle,1,Motorcycle / 3-wheel vehicle,normal,83.5%,1253.336,1251.087,2.25,8.0
80672,Motorcycle,1,Motorcycle / 3-wheel vehicle,normal,83.9%,1253.986,1252.036,1.95,9.2
80690,Car / Sedan,2,Sedan / jeep / station wagon,opposite,93.0%,1252.336,1253.236,0.9,20.0
80697,Motorcycle,1,Motorcycle / 3-wheel vehicle,opposite,86.1%,1252.387,1253.536,1.15,15.7
80724,Motorcycle,1,Motorcycle / 3-wheel vehicle,opposite,88.0%,1252.836,1253.736,0.9,20.0
80737,Motorcycle,1,Motorcycle / 3-wheel vehicle,opposite,85.2%,1252.836,1253.586,0.75,24.0
80761,Motorcycle,1,Motorcycle / 3-wheel vehicle,opposite,88.9%,1253.486,1254.486,1.0,18.0
80730,Motorcycle,1,Motorcycle / 3-wheel vehicle,normal,84.2%,1255.686,1253.736,1.95,9.2
80792,Motorcycle,1,Motorcycle / 3-wheel vehicle,normal,86.0%,1255.186,1253.936,1.25,14.4
80788,Motorcycle,1,Motorcycle / 3-wheel vehicle,opposite,89.8%,1254.136,1255.036,0.9,20.0
80808,Motorcycle,1,Motorcycle / 3-wheel vehicle,opposite,87.8%,1254.486,1256.286,1.8,10.0
80711,Motorcycle,1,Motorcycle / 3-wheel vehicle,opposite,56.1%,1254.586,1256.286,1.7,10.6
80809,Motorcycle,1,Motorcycle / 3-wheel vehicle,opposite,88.1%,1254.586,1255.336,0.75,24.0
80897,Car / Sedan,2,Sedan / jeep / station wagon,opposite,93.9%,1257.436,1259.286,1.85,9.7
81019,Motorcycle,1,Motorcycle / 3-wheel vehicle,opposite,88.6%,1258.536,1259.936,1.4,12.9
80995,Car / Sedan,2,Sedan / jeep / station wagon,opposite,91.3%,1258.786,1259.986,1.2,15.0
80909,Car / Sedan,2,Sedan / jeep / station wagon,normal,90.2%,1260.036,1258.836,1.2,15.0
81048,Motorcycle,1,Motorcycle / 3-wheel vehicle,opposite,88.8%,1259.586,1260.936,1.35,13.3
81053,Motorcycle,1,Motorcycle / 3-wheel vehicle,opposite,88.4%,1259.786,1260.986,1.2,15.0
81062,Motorcycle,1,Motorcycle / 3-wheel vehicle,opposite,80.7%,1260.136,1261.386,1.25,14.4
81139,Motorcycle,1,Motorcycle / 3-wheel vehicle,opposite,86.9%,1260.936,1262.336,1.4,12.9
81089,Motorcycle,1,Motorcycle / 3-wheel vehicle,normal,83.7%,1264.036,1261.336,2.7,6.7
81214,Motorcycle,1,Motorcycle / 3-wheel vehicle,normal,80.5%,1262.736,1261.736,1.0,18.0
81266,Motorcycle,1,Motorcycle / 3-wheel vehicle,normal,64.1%,1265.686,1262.486,3.2,5.6
81289,Motorcycle,1,Motorcycle / 3-wheel vehicle,opposite,89.1%,1262.786,1263.586,0.8,22.5
81116,Car / Sedan,2,Sedan / jeep / station wagon,normal,89.8%,1267.636,1263.636,4.0,4.5
81382,Motorcycle,1,Motorcycle / 3-wheel vehicle,opposite,89.0%,1264.036,1264.986,0.95,18.9
81381,Motorcycle,1,Motorcycle / 3-wheel vehicle,opposite,90.6%,1264.086,1264.886,0.8,22.5
81483,Motorcycle,1,Motorcycle / 3-wheel vehicle,opposite,86.2%,1265.736,1266.636,0.9,20.0
81484,Motorcycle,1,Motorcycle / 3-wheel vehicle,opposite,90.3%,1265.936,1266.736,0.8,22.5
81163,Car / Sedan,2,Sedan / jeep / station wagon,normal,86.2%,1271.386,1266.086,5.3,3.4
81413,Motorcycle,1,Motorcycle / 3-wheel vehicle,normal,80.9%,1268.886,1266.486,2.4,7.5
81536,Motorcycle,1,Motorcycle / 3-wheel vehicle,opposite,89.0%,1266.586,1267.436,0.85,21.2
81568,Motorcycle,1,Motorcycle / 3-wheel vehicle,opposite,81.1%,1267.086,1267.786,0.7,25.7
81580,Motorcycle,1,Motorcycle / 3-wheel vehicle,opposite,89.2%,1267.236,1268.136,0.9,20.0
81604,Motorcycle,1,Motorcycle / 3-wheel vehicle,opposite,88.9%,1267.386,1268.086,0.7,25.7
81590,Motorcycle,1,Motorcycle / 3-wheel vehicle,opposite,87.1%,1267.586,1268.586,1.0,18.0
81586,Motorcycle,1,Motorcycle / 3-wheel vehicle,opposite,71.3%,1268.986,1270.036,1.05,17.1
81655,Motorcycle,1,Motorcycle / 3-wheel vehicle,opposite,89.0%,1269.086,1269.886,0.8,22.5
81183,Motorcycle,1,Motorcycle / 3-wheel vehicle,opposite,89.0%,1269.136,1271.186,2.05,8.8
81677,Motorcycle,1,Motorcycle / 3-wheel vehicle,opposite,88.7%,1269.586,1270.536,0.95,18.9
81704,Motorcycle,1,Motorcycle / 3-wheel vehicle,opposite,88.1%,1269.836,1270.586,0.75,24.0
81595,Car / Sedan,2,Sedan / jeep / station wagon,normal,84.6%,1271.686,1270.086,1.6,11.3
81772,Motorcycle,1,Motorcycle / 3-wheel vehicle,opposite,87.7%,1270.586,1271.336,0.75,24.0
81859,Motorcycle,1,Motorcycle / 3-wheel vehicle,opposite,89.1%,1271.785,1272.686,0.9,20.0
81889,Motorcycle,1,Motorcycle / 3-wheel vehicle,opposite,83.5%,1272.186,1273.335,1.15,15.7
81884,Car / Sedan,2,Sedan / jeep / station wagon,opposite,93.4%,1272.636,1273.785,1.15,15.7
81765,Pickup / Micro Truck,4,Pickup / micro truck / delivery,normal,81.6%,1274.285,1272.785,1.5,12.0
81920,Motorcycle,1,Motorcycle / 3-wheel vehicle,opposite,84.0%,1272.835,1273.835,1.0,18.0
81937,Motorcycle,1,Motorcycle / 3-wheel vehicle,opposite,88.4%,1272.936,1273.835,0.9,20.0
81913,Motorcycle,1,Motorcycle / 3-wheel vehicle,opposite,84.8%,1273.535,1274.435,0.9,20.0
81977,Motorcycle,1,Motorcycle / 3-wheel vehicle,opposite,87.4%,1273.685,1274.635,0.95,18.9
82025,Motorcycle,1,Motorcycle / 3-wheel vehicle,normal,83.8%,1276.535,1274.785,1.75,10.3
82056,Motorcycle,1,Motorcycle / 3-wheel vehicle,opposite,86.6%,1275.135,1276.085,0.95,18.9
82009,Car / Sedan,2,Sedan / jeep / station wagon,opposite,93.6%,1275.185,1276.285,1.1,16.4
82050,Pickup / Micro Truck,4,Pickup / micro truck / delivery,normal,86.2%,1278.385,1275.735,2.65,6.8
82074,Motorcycle,1,Motorcycle / 3-wheel vehicle,opposite,89.0%,1275.835,1276.785,0.95,18.9
82108,Motorcycle,1,Motorcycle / 3-wheel vehicle,opposite,90.6%,1276.485,1277.385,0.9,20.0
82155,Motorcycle,1,Motorcycle / 3-wheel vehicle,normal,83.4%,1279.585,1277.335,2.25,8.0
82159,Public Transportation (Angkot),3,Medium passenger vehicle,opposite,93.5%,1277.385,1278.435,1.05,17.1
82193,Motorcycle,1,Motorcycle / 3-wheel vehicle,opposite,89.1%,1277.935,1278.835,0.9,20.0
82228,Motorcycle,1,Motorcycle / 3-wheel vehicle,opposite,89.6%,1278.485,1279.385,0.9,20.0
82112,Car / Sedan,2,Sedan / jeep / station wagon,normal,85.8%,1282.085,1278.535,3.55,5.1
82267,Motorcycle,1,Motorcycle / 3-wheel vehicle,opposite,89.8%,1278.935,1279.735,0.8,22.5
82285,Motorcycle,1,Motorcycle / 3-wheel vehicle,opposite,89.1%,1279.285,1280.135,0.85,21.2
82292,Motorcycle,1,Motorcycle / 3-wheel vehicle,opposite,90.7%,1279.435,1280.285,0.85,21.2
82320,Motorcycle,1,Motorcycle / 3-wheel vehicle,opposite,87.1%,1279.935,1280.835,0.9,20.0
82362,Car / Sedan,2,Sedan / jeep / station wagon,opposite,93.2%,1281.935,1282.935,1.0,18.0
82369,Motorcycle,1,Motorcycle / 3-wheel vehicle,opposite,87.1%,1282.185,1283.035,0.85,21.2
82381,Motorcycle,1,Motorcycle / 3-wheel vehicle,opposite,63.1%,1282.585,1284.135,1.55,11.6
82415,Motorcycle,1,Motorcycle / 3-wheel vehicle,opposite,85.7%,1282.935,1283.785,0.85,21.2
82303,Motorcycle,1,Motorcycle / 3-wheel vehicle,opposite,89.2%,1283.235,1284.535,1.3,13.8
82425,Motorcycle,1,Motorcycle / 3-wheel vehicle,normal,49.3%,1285.935,1283.585,2.35,7.7
82403,Motorcycle,1,Motorcycle / 3-wheel vehicle,normal,85.2%,1285.435,1283.985,1.45,12.4
82472,Motorcycle,1,Motorcycle / 3-wheel vehicle,opposite,83.6%,1284.035,1284.935,0.9,20.0
82482,Motorcycle,1,Motorcycle / 3-wheel vehicle,opposite,88.7%,1284.185,1285.135,0.95,18.9
82441,Motorcycle,1,Motorcycle / 3-wheel vehicle,normal,84.8%,1286.335,1285.035,1.3,13.8
82548,Motorcycle,1,Motorcycle / 3-wheel vehicle,normal,86.7%,1286.835,1285.885,0.95,18.9
82578,Motorcycle,1,Motorcycle / 3-wheel vehicle,opposite,89.0%,1286.135,1286.935,0.8,22.5
82577,Motorcycle,1,Motorcycle / 3-wheel vehicle,normal,85.1%,1287.585,1286.685,0.9,20.0
82632,Motorcycle,1,Motorcycle / 3-wheel vehicle,opposite,90.5%,1287.035,1287.735,0.7,25.7
82642,Motorcycle,1,Motorcycle / 3-wheel vehicle,normal,84.2%,1288.535,1287.635,0.9,20.0
82715,Motorcycle,1,Motorcycle / 3-wheel vehicle,opposite,89.8%,1288.435,1289.085,0.65,27.7
82687,Motorcycle,1,Motorcycle / 3-wheel vehicle,normal,84.9%,1290.185,1288.585,1.6,11.3
82722,Motorcycle,1,Motorcycle / 3-wheel vehicle,normal,83.2%,1291.884,1289.685,2.2,8.2
82758,Car / Sedan,2,Sedan / jeep / station wagon,normal,91.6%,1292.935,1291.534,1.4,12.9
82881,Public Transportation (Angkot),3,Medium passenger vehicle,opposite,93.8%,1292.435,1293.784,1.35,13.3
82826,Motorcycle,1,Motorcycle / 3-wheel vehicle,normal,80.5%,1293.984,1292.834,1.15,15.7
82874,Motorcycle,1,Motorcycle / 3-wheel vehicle,normal,85.8%,1294.434,1293.484,0.95,18.9
83024,Motorcycle,1,Motorcycle / 3-wheel vehicle,opposite,88.1%,1294.434,1295.484,1.05,17.1
83051,Motorcycle,1,Motorcycle / 3-wheel vehicle,opposite,87.1%,1294.534,1295.634,1.1,16.4
83073,Motorcycle,1,Motorcycle / 3-wheel vehicle,normal,83.7%,1295.834,1294.584,1.25,14.4
83085,Motorcycle,1,Motorcycle / 3-wheel vehicle,opposite,88.6%,1295.334,1296.434,1.1,16.4
83043,Motorcycle,1,Motorcycle / 3-wheel vehicle,normal,83.2%,1297.584,1295.834,1.75,10.3
83172,Motorcycle,1,Motorcycle / 3-wheel vehicle,opposite,88.8%,1296.834,1297.984,1.15,15.7
83181,Motorcycle,1,Motorcycle / 3-wheel vehicle,opposite,88.4%,1296.884,1297.984,1.1,16.4
83227,Motorcycle,1,Motorcycle / 3-wheel vehicle,opposite,87.7%,1298.134,1299.234,1.1,16.4
83255,Motorcycle,1,Motorcycle / 3-wheel vehicle,opposite,88.9%,1298.734,1299.834,1.1,16.4
83174,Car / Sedan,2,Sedan / jeep / station wagon,normal,89.4%,1301.734,1298.934,2.8,6.4
83306,Motorcycle,1,Motorcycle / 3-wheel vehicle,opposite,85.1%,1299.484,1300.484,1.0,18.0
83299,Car / Sedan,2,Sedan / jeep / station wagon,opposite,93.5%,1299.884,1301.084,1.2,15.0
83252,Motorcycle,1,Motorcycle / 3-wheel vehicle,normal,37.9%,1301.834,1300.284,1.55,11.6
83339,Motorcycle,1,Motorcycle / 3-wheel vehicle,opposite,88.3%,1300.634,1301.584,0.95,18.9
83408,Motorcycle,1,Motorcycle / 3-wheel vehicle,normal,78.2%,1302.884,1301.234,1.65,10.9
83395,Motorcycle,1,Motorcycle / 3-wheel vehicle,opposite,82.9%,1301.484,1302.784,1.3,13.8
83421,Motorcycle,1,Motorcycle / 3-wheel vehicle,opposite,82.8%,1301.634,1302.784,1.15,15.7
83429,Motorcycle,1,Motorcycle / 3-wheel vehicle,opposite,87.1%,1301.934,1302.784,0.85,21.2
83502,Motorcycle,1,Motorcycle / 3-wheel vehicle,opposite,80.0%,1302.284,1303.434,1.15,15.7
83450,Motorcycle,1,Motorcycle / 3-wheel vehicle,opposite,87.1%,1302.334,1303.484,1.15,15.7
83500,Motorcycle,1,Motorcycle / 3-wheel vehicle,normal,69.5%,1305.734,1302.484,3.25,5.5
83315,Pickup / Micro Truck,4,Pickup / micro truck / delivery,normal,86.5%,1304.334,1302.734,1.6,11.3
83503,Motorcycle,1,Motorcycle / 3-wheel vehicle,opposite,89.9%,1303.034,1304.084,1.05,17.1
83532,Motorcycle,1,Motorcycle / 3-wheel vehicle,opposite,86.7%,1303.334,1304.484,1.15,15.7
83552,Motorcycle,1,Motorcycle / 3-wheel vehicle,opposite,84.8%,1303.434,1304.484,1.05,17.1
83568,Motorcycle,1,Motorcycle / 3-wheel vehicle,opposite,67.6%,1304.184,1305.434,1.25,14.4
83603,Motorcycle,1,Motorcycle / 3-wheel vehicle,opposite,78.4%,1304.384,1305.384,1.0,18.0
83528,Car / Sedan,2,Sedan / jeep / station wagon,opposite,93.5%,1304.434,1306.034,1.6,11.3
83565,Motorcycle,1,Motorcycle / 3-wheel vehicle,normal,77.4%,1305.984,1304.684,1.3,13.8
83646,Motorcycle,1,Motorcycle / 3-wheel vehicle,opposite,57.9%,1305.434,1306.634,1.2,15.0
83610,Motorcycle,1,Motorcycle / 3-wheel vehicle,opposite,89.1%,1305.484,1306.684,1.2,15.0
83673,Motorcycle,1,Motorcycle / 3-wheel vehicle,opposite,86.2%,1306.284,1307.484,1.2,15.0
83722,Motorcycle,1,Motorcycle / 3-wheel vehicle,normal,36.3%,1308.884,1306.584,2.3,7.8
83721,Motorcycle,1,Motorcycle / 3-wheel vehicle,opposite,90.2%,1306.634,1307.534,0.9,20.0
83740,Motorcycle,1,Motorcycle / 3-wheel vehicle,opposite,86.7%,1306.684,1307.684,1.0,18.0
83731,Motorcycle,1,Motorcycle / 3-wheel vehicle,normal,46.0%,1310.234,1307.134,3.1,5.8
83849,Motorcycle,1,Motorcycle / 3-wheel vehicle,opposite,88.4%,1308.634,1309.634,1.0,18.0
83822,Car / Sedan,2,Sedan / jeep / station wagon,opposite,94.0%,1308.784,1310.034,1.25,14.4
83757,Car / Sedan,2,Sedan / jeep / station wagon,normal,89.1%,1314.383,1309.684,4.7,3.8
83925,Motorcycle,1,Motorcycle / 3-wheel vehicle,opposite,88.9%,1310.084,1311.583,1.5,12.0
83923,Public Transportation (Angkot),3,Medium passenger vehicle,opposite,91.5%,1310.934,1312.633,1.7,10.6
83907,Motorcycle,1,Motorcycle / 3-wheel vehicle,opposite,72.3%,1311.434,1313.133,1.7,10.6
83868,Motorcycle,1,Motorcycle / 3-wheel vehicle,normal,88.4%,1316.733,1311.934,4.8,3.8
83932,Motorcycle,1,Motorcycle / 3-wheel vehicle,opposite,89.1%,1312.034,1313.483,1.45,12.4
83998,Motorcycle,1,Motorcycle / 3-wheel vehicle,opposite,87.4%,1312.633,1314.183,1.55,11.6
84067,Motorcycle,1,Motorcycle / 3-wheel vehicle,opposite,87.5%,1313.283,1314.433,1.15,15.7
83987,Car / Sedan,2,Sedan / jeep / station wagon,opposite,87.6%,1313.683,1315.733,2.05,8.8
84072,Motorcycle,1,Motorcycle / 3-wheel vehicle,opposite,90.4%,1314.433,1316.383,1.95,9.2
84076,Car / Sedan,2,Sedan / jeep / station wagon,opposite,93.1%,1314.583,1316.283,1.7,10.6
84179,Motorcycle,1,Motorcycle / 3-wheel vehicle,opposite,87.4%,1315.233,1316.783,1.55,11.6
84178,Motorcycle,1,Motorcycle / 3-wheel vehicle,opposite,88.4%,1315.433,1316.733,1.3,13.8
84217,Motorcycle,1,Motorcycle / 3-wheel vehicle,opposite,87.9%,1315.983,1317.433,1.45,12.4
84306,Pickup / Micro Truck,4,Pickup / micro truck / delivery,opposite,91.3%,1317.333,1318.883,1.55,11.6
84336,Motorcycle,1,Motorcycle / 3-wheel vehicle,opposite,52.5%,1317.483,1318.833,1.35,13.3
84331,Motorcycle,1,Motorcycle / 3-wheel vehicle,opposite,89.8%,1317.733,1318.883,1.15,15.7
84323,Motorcycle,1,Motorcycle / 3-wheel vehicle,opposite,88.7%,1317.833,1319.133,1.3,13.8
84411,Motorcycle,1,Motorcycle / 3-wheel vehicle,normal,73.5%,1319.733,1318.583,1.15,15.7
84427,Motorcycle,1,Motorcycle / 3-wheel vehicle,opposite,85.9%,1319.083,1320.383,1.3,13.8
84454,Motorcycle,1,Motorcycle / 3-wheel vehicle,normal,60.1%,1320.483,1319.133,1.35,13.3
84257,Car / Sedan,2,Sedan / jeep / station wagon,normal,42.2%,1322.083,1319.333,2.75,6.5
84378,Motorcycle,1,Motorcycle / 3-wheel vehicle,normal,66.6%,1322.183,1319.783,2.4,7.5
84506,Motorcycle,1,Motorcycle / 3-wheel vehicle,normal,57.0%,1324.183,1320.383,3.8,4.7
84501,Car / Sedan,2,Sedan / jeep / station wagon,opposite,93.1%,1321.283,1322.633,1.35,13.3
84518,Motorcycle,1,Motorcycle / 3-wheel vehicle,normal,62.3%,1326.483,1321.583,4.9,3.7
84480,Motorcycle,1,Motorcycle / 3-wheel vehicle,normal,84.0%,1327.033,1322.233,4.8,3.8
84568,Motorcycle,1,Motorcycle / 3-wheel vehicle,opposite,63.0%,1323.533,1324.983,1.45,12.4
84600,Motorcycle,1,Motorcycle / 3-wheel vehicle,opposite,89.6%,1324.033,1325.133,1.1,16.4
84632,Motorcycle,1,Motorcycle / 3-wheel vehicle,normal,65.0%,1327.483,1324.583,2.9,6.2
84708,Car / Sedan,2,Sedan / jeep / station wagon,opposite,91.7%,1325.283,1326.633,1.35,13.3
84677,Motorcycle,1,Motorcycle / 3-wheel vehicle,opposite,67.7%,1325.483,1327.383,1.9,9.5
84730,Motorcycle,1,Motorcycle / 3-wheel vehicle,opposite,85.8%,1325.833,1327.033,1.2,15.0
84762,Motorcycle,1,Motorcycle / 3-wheel vehicle,opposite,82.6%,1325.983,1327.233,1.25,14.4
84590,Motorcycle,1,Motorcycle / 3-wheel vehicle,opposite,87.2%,1326.033,1331.082,5.05,3.6
84791,Motorcycle,1,Motorcycle / 3-wheel vehicle,opposite,88.2%,1326.833,1327.683,0.85,21.2
85005,Car / Sedan,2,Sedan / jeep / station wagon,opposite,91.1%,1331.082,1332.582,1.5,12.0
84761,Pickup / Micro Truck,4,Pickup / micro truck / delivery,opposite,92.2%,1331.382,1334.682,3.3,5.5
85080,Motorcycle,1,Motorcycle / 3-wheel vehicle,opposite,85.2%,1332.432,1333.682,1.25,14.4
85133,Motorcycle,1,Motorcycle / 3-wheel vehicle,opposite,89.4%,1333.432,1335.282,1.85,9.7
84987,Car / Sedan,2,Sedan / jeep / station wagon,opposite,92.0%,1334.982,1337.132,2.15,8.4
85231,Motorcycle,1,Motorcycle / 3-wheel vehicle,opposite,42.9%,1335.832,1337.682,1.85,9.7
85218,Motorcycle,1,Motorcycle / 3-wheel vehicle,normal,54.4%,1338.482,1335.882,2.6,6.9
85206,Motorcycle,1,Motorcycle / 3-wheel vehicle,opposite,66.3%,1336.532,1338.282,1.75,10.3
85310,Motorcycle,1,Motorcycle / 3-wheel vehicle,normal,71.0%,1338.682,1336.932,1.75,10.3
85279,Motorcycle,1,Motorcycle / 3-wheel vehicle,opposite,67.5%,1337.282,1338.832,1.55,11.6
85408,Motorcycle,1,Motorcycle / 3-wheel vehicle,normal,68.5%,1340.532,1338.382,2.15,8.4
85273,Car / Sedan,2,Sedan / jeep / station wagon,opposite,93.0%,1338.532,1340.882,2.35,7.7
85388,Motorcycle,1,Motorcycle / 3-wheel vehicle,normal,85.6%,1340.832,1339.432,1.4,12.9
85461,Motorcycle,1,Motorcycle / 3-wheel vehicle,opposite,81.1%,1339.482,1341.232,1.75,10.3
85458,Motorcycle,1,Motorcycle / 3-wheel vehicle,opposite,89.3%,1339.882,1341.482,1.6,11.3
85470,Car / Sedan,2,Sedan / jeep / station wagon,normal,88.5%,1341.582,1339.932,1.65,10.9
85452,Public Transportation (Angkot),3,Medium passenger vehicle,opposite,93.6%,1342.232,1343.782,1.55,11.6
85522,Car / Sedan,2,Sedan / jeep / station wagon,normal,89.8%,1343.582,1342.232,1.35,13.3
85654,Motorcycle,1,Motorcycle / 3-wheel vehicle,opposite,88.5%,1343.132,1344.482,1.35,13.3
85571,Car / Sedan,2,Sedan / jeep / station wagon,opposite,91.3%,1343.232,1345.282,2.05,8.8
85701,Motorcycle,1,Motorcycle / 3-wheel vehicle,opposite,83.3%,1343.382,1344.732,1.35,13.3
85773,Motorcycle,1,Motorcycle / 3-wheel vehicle,opposite,90.2%,1344.982,1346.382,1.4,12.9
85871,Motorcycle,1,Motorcycle / 3-wheel vehicle,opposite,50.2%,1345.682,1346.882,1.2,15.0
85796,2-Axle Truck (Jumbo),6,2-Axle Truck,opposite,88.2%,1346.082,1347.232,1.15,15.7
85937,Public Transportation (Angkot),3,Medium passenger vehicle,opposite,93.4%,1347.532,1349.082,1.55,11.6
85968,Motorcycle,1,Motorcycle / 3-wheel vehicle,opposite,71.6%,1347.682,1349.232,1.55,11.6
86081,Motorcycle,1,Motorcycle / 3-wheel vehicle,opposite,73.1%,1348.032,1349.132,1.1,16.4
86062,Motorcycle,1,Motorcycle / 3-wheel vehicle,opposite,87.0%,1348.432,1349.682,1.25,14.4
86128,Motorcycle,1,Motorcycle / 3-wheel vehicle,normal,49.0%,1349.982,1348.532,1.45,12.4
86109,Motorcycle,1,Motorcycle / 3-wheel vehicle,opposite,86.6%,1348.582,1350.132,1.55,11.6
86069,Car / Sedan,2,Sedan / jeep / station wagon,opposite,93.3%,1348.932,1350.432,1.5,12.0
86139,Motorcycle,1,Motorcycle / 3-wheel vehicle,opposite,88.3%,1349.082,1350.332,1.25,14.4
86188,Motorcycle,1,Motorcycle / 3-wheel vehicle,opposite,78.6%,1349.332,1350.881,1.55,11.6
86192,Motorcycle,1,Motorcycle / 3-wheel vehicle,opposite,90.1%,1349.732,1350.881,1.15,15.7
86230,Motorcycle,1,Motorcycle / 3-wheel vehicle,opposite,86.9%,1350.182,1351.482,1.3,13.8
86293,Motorcycle,1,Motorcycle / 3-wheel vehicle,opposite,83.2%,1351.032,1352.282,1.25,14.4
86240,Public Transportation (Angkot),3,Medium passenger vehicle,opposite,88.2%,1351.082,1352.431,1.35,13.3
86318,Pickup / Micro Truck,4,Pickup / micro truck / delivery,opposite,77.7%,1351.782,1353.381,1.6,11.3
86372,Motorcycle,1,Motorcycle / 3-wheel vehicle,opposite,73.2%,1352.032,1353.331,1.3,13.8
86373,Motorcycle,1,Motorcycle / 3-wheel vehicle,opposite,88.5%,1352.431,1353.481,1.05,17.1
86493,Motorcycle,1,Motorcycle / 3-wheel vehicle,normal,77.9%,1355.781,1353.431,2.35,7.7
86483,Motorcycle,1,Motorcycle / 3-wheel vehicle,opposite,84.9%,1353.481,1354.681,1.2,15.0
86428,Bus,5,Bus,opposite,57.3%,1353.931,1355.331,1.4,12.9
86546,Motorcycle,1,Motorcycle / 3-wheel vehicle,opposite,82.7%,1354.881,1356.181,1.3,13.8
86600,Motorcycle,1,Motorcycle / 3-wheel vehicle,normal,84.2%,1356.981,1355.381,1.6,11.3
86638,Motorcycle,1,Motorcycle / 3-wheel vehicle,normal,83.5%,1358.131,1356.231,1.9,9.5
86681,Car / Sedan,2,Sedan / jeep / station wagon,opposite,92.8%,1357.081,1358.331,1.25,14.4
86676,Car / Sedan,2,Sedan / jeep / station wagon,opposite,92.8%,1357.881,1359.181,1.3,13.8
86701,Motorcycle,1,Motorcycle / 3-wheel vehicle,normal,84.9%,1362.681,1358.781,3.9,4.6
86778,Car / Sedan,2,Sedan / jeep / station wagon,opposite,93.0%,1358.981,1360.131,1.15,15.7
86841,Car / Sedan,2,Sedan / jeep / station wagon,opposite,91.7%,1360.931,1362.581,1.65,10.9
86892,Car / Sedan,2,Sedan / jeep / station wagon,opposite,90.5%,1361.381,1362.481,1.1,16.4
86876,Motorcycle,1,Motorcycle / 3-wheel vehicle,normal,81.9%,1363.981,1362.031,1.95,9.2
86994,Motorcycle,1,Motorcycle / 3-wheel vehicle,opposite,80.9%,1362.231,1363.381,1.15,15.7
86967,Car / Sedan,2,Sedan / jeep / station wagon,opposite,93.6%,1362.931,1364.631,1.7,10.6
87079,Motorcycle,1,Motorcycle / 3-wheel vehicle,opposite,88.0%,1363.881,1364.731,0.85,21.2
86813,Car / Sedan,2,Sedan / jeep / station wagon,normal,83.8%,1366.981,1364.081,2.9,6.2
87080,Motorcycle,1,Motorcycle / 3-wheel vehicle,opposite,90.4%,1364.331,1366.281,1.95,9.2
87004,Motorcycle,1,Motorcycle / 3-wheel vehicle,opposite,88.1%,1364.431,1365.281,0.85,21.2
87105,Motorcycle,1,Motorcycle / 3-wheel vehicle,opposite,87.3%,1365.681,1366.881,1.2,15.0
87178,Motorcycle,1,Motorcycle / 3-wheel vehicle,opposite,90.0%,1366.031,1367.181,1.15,15.7
87215,Car / Sedan,2,Sedan / jeep / station wagon,normal,76.6%,1368.931,1366.581,2.35,7.7
87233,Public Transportation (Angkot),3,Medium passenger vehicle,opposite,94.1%,1367.581,1368.781,1.2,15.0
87294,Motorcycle,1,Motorcycle / 3-wheel vehicle,opposite,86.6%,1368.331,1369.581,1.25,14.4
87295,Motorcycle,1,Motorcycle / 3-wheel vehicle,opposite,83.7%,1368.581,1369.731,1.15,15.7
87298,Car / Sedan,2,Sedan / jeep / station wagon,opposite,92.7%,1368.781,1369.931,1.15,15.7
87364,Motorcycle,1,Motorcycle / 3-wheel vehicle,opposite,89.5%,1369.831,1370.93,1.1,16.4
87366,Car / Sedan,2,Sedan / jeep / station wagon,normal,87.9%,1373.93,1371.281,2.65,6.8
87477,Motorcycle,1,Motorcycle / 3-wheel vehicle,normal,85.6%,1373.08,1371.831,1.25,14.4
87645,Car / Sedan,2,Sedan / jeep / station wagon,opposite,93.0%,1375.23,1376.18,0.95,18.9
87449,Public Transportation (Angkot),3,Medium passenger vehicle,normal,92.6%,1376.98,1375.28,1.7,10.6
87714,Public Transportation (Angkot),3,Medium passenger vehicle,opposite,94.3%,1376.63,1377.88,1.25,14.4
87819,Motorcycle,1,Motorcycle / 3-wheel vehicle,normal,84.7%,1379.93,1378.03,1.9,9.5
87869,Motorcycle,1,Motorcycle / 3-wheel vehicle,normal,85.4%,1379.43,1378.58,0.85,21.2
87876,Motorcycle,1,Motorcycle / 3-wheel vehicle,normal,83.7%,1379.73,1378.88,0.85,21.2
87919,Motorcycle,1,Motorcycle / 3-wheel vehicle,normal,85.6%,1380.23,1379.13,1.1,16.4
87947,Motorcycle,1,Motorcycle / 3-wheel vehicle,normal,73.3%,1381.83,1379.58,2.25,8.0
87963,Motorcycle,1,Motorcycle / 3-wheel vehicle,opposite,89.3%,1380.33,1380.88,0.55,32.7
87901,Motorcycle,1,Motorcycle / 3-wheel vehicle,normal,83.6%,1383.58,1380.38,3.2,5.6
87949,Motorcycle,1,Motorcycle / 3-wheel vehicle,normal,43.6%,1382.53,1380.53,2.0,9.0
87958,Motorcycle,1,Motorcycle / 3-wheel vehicle,opposite,88.3%,1381.28,1381.88,0.6,30.0
88022,Motorcycle,1,Motorcycle / 3-wheel vehicle,normal,83.2%,1385.03,1382.43,2.6,6.9
88105,Motorcycle,1,Motorcycle / 3-wheel vehicle,opposite,89.0%,1382.78,1383.43,0.65,27.7
88136,Car / Sedan,2,Sedan / jeep / station wagon,opposite,93.3%,1383.53,1384.38,0.85,21.2
88021,Motorcycle,1,Motorcycle / 3-wheel vehicle,opposite,89.7%,1383.68,1385.23,1.55,11.6
88211,Motorcycle,1,Motorcycle / 3-wheel vehicle,opposite,91.3%,1385.33,1386.88,1.55,11.6
88254,Motorcycle,1,Motorcycle / 3-wheel vehicle,opposite,91.2%,1387.23,1388.78,1.55,11.6
88361,Motorcycle,1,Motorcycle / 3-wheel vehicle,opposite,88.8%,1387.73,1388.88,1.15,15.7
88366,Motorcycle,1,Motorcycle / 3-wheel vehicle,normal,86.9%,1390.53,1388.63,1.9,9.5
88418,Motorcycle,1,Motorcycle / 3-wheel vehicle,opposite,86.8%,1388.78,1389.73,0.95,18.9
88427,Motorcycle,1,Motorcycle / 3-wheel vehicle,normal,83.4%,1390.179,1389.08,1.1,16.4
88237,2-Axle Truck (Jumbo),6,2-Axle Truck,normal,92.8%,1392.129,1389.98,2.15,8.4
88546,Motorcycle,1,Motorcycle / 3-wheel vehicle,normal,84.7%,1393.679,1392.579,1.1,16.4
88602,Motorcycle,1,Motorcycle / 3-wheel vehicle,normal,77.5%,1394.879,1392.979,1.9,9.5
88555,Motorcycle,1,Motorcycle / 3-wheel vehicle,normal,84.6%,1394.329,1393.279,1.05,17.1
88574,Motorcycle,1,Motorcycle / 3-wheel vehicle,normal,85.6%,1394.929,1393.929,1.0,18.0
88625,Motorcycle,1,Motorcycle / 3-wheel vehicle,normal,85.4%,1395.729,1394.729,1.0,18.0
88624,Motorcycle,1,Motorcycle / 3-wheel vehicle,normal,86.0%,1395.879,1395.029,0.85,21.2
88653,Motorcycle,1,Motorcycle / 3-wheel vehicle,normal,85.5%,1396.779,1395.729,1.05,17.1
88651,Motorcycle,1,Motorcycle / 3-wheel vehicle,normal,86.4%,1396.979,1396.079,0.9,20.0
88676,Motorcycle,1,Motorcycle / 3-wheel vehicle,normal,88.0%,1397.729,1396.879,0.85,21.2
88733,Public Transportation (Angkot),3,Medium passenger vehicle,opposite,93.4%,1397.629,1398.529,0.9,20.0
88690,Motorcycle,1,Motorcycle / 3-wheel vehicle,normal,79.7%,1398.429,1397.779,0.65,27.7
88737,Motorcycle,1,Motorcycle / 3-wheel vehicle,normal,87.6%,1400.329,1398.729,1.6,11.3
88779,Motorcycle,1,Motorcycle / 3-wheel vehicle,normal,84.8%,1400.929,1398.729,2.2,8.2
88781,Motorcycle,1,Motorcycle / 3-wheel vehicle,normal,86.8%,1401.129,1399.529,1.6,11.3
88814,Motorcycle,1,Motorcycle / 3-wheel vehicle,normal,81.2%,1402.479,1401.079,1.4,12.9
88846,Public Transportation (Angkot),3,Medium passenger vehicle,opposite,92.9%,1401.129,1402.679,1.55,11.6
88847,Motorcycle,1,Motorcycle / 3-wheel vehicle,opposite,89.9%,1401.929,1403.379,1.45,12.4
88923,Motorcycle,1,Motorcycle / 3-wheel vehicle,normal,84.7%,1404.179,1402.979,1.2,15.0
88928,Motorcycle,1,Motorcycle / 3-wheel vehicle,normal,84.3%,1404.979,1403.779,1.2,15.0
88983,Motorcycle,1,Motorcycle / 3-wheel vehicle,normal,83.8%,1405.729,1404.329,1.4,12.9
89008,Motorcycle,1,Motorcycle / 3-wheel vehicle,normal,45.4%,1406.279,1405.079,1.2,15.0
89145,Motorcycle,1,Motorcycle / 3-wheel vehicle,opposite,88.0%,1407.729,1408.679,0.95,18.9
89175,Motorcycle,1,Motorcycle / 3-wheel vehicle,opposite,87.7%,1408.279,1409.529,1.25,14.4
89118,Car / Sedan,2,Sedan / jeep / station wagon,opposite,93.3%,1408.379,1409.728,1.35,13.3
89255,Motorcycle,1,Motorcycle / 3-wheel vehicle,normal,83.9%,1410.428,1409.529,0.9,20.0
89339,Car / Sedan,2,Sedan / jeep / station wagon,opposite,92.9%,1412.378,1413.328,0.95,18.9
89415,Motorcycle,1,Motorcycle / 3-wheel vehicle,opposite,88.9%,1414.328,1415.378,1.05,17.1
89401,Motorcycle,1,Motorcycle / 3-wheel vehicle,normal,85.6%,1417.978,1416.228,1.75,10.3
89357,Car / Sedan,2,Sedan / jeep / station wagon,opposite,92.8%,1417.128,1418.728,1.6,11.3
89488,Motorcycle,1,Motorcycle / 3-wheel vehicle,normal,49.0%,1419.128,1417.428,1.7,10.6
89528,Motorcycle,1,Motorcycle / 3-wheel vehicle,normal,47.4%,1419.728,1417.978,1.75,10.3
89496,Motorcycle,1,Motorcycle / 3-wheel vehicle,normal,82.2%,1420.078,1418.378,1.7,10.6
89590,Motorcycle,1,Motorcycle / 3-wheel vehicle,normal,70.3%,1420.828,1419.178,1.65,10.9
89598,Motorcycle,1,Motorcycle / 3-wheel vehicle,normal,77.9%,1420.928,1419.528,1.4,12.9
89489,Car / Sedan,2,Sedan / jeep / station wagon,opposite,92.4%,1420.078,1421.978,1.9,9.5
89674,Motorcycle,1,Motorcycle / 3-wheel vehicle,normal,80.8%,1422.978,1421.628,1.35,13.3
89600,Car / Sedan,2,Sedan / jeep / station wagon,normal,91.6%,1424.378,1421.928,2.45,7.3
89668,Car / Sedan,2,Sedan / jeep / station wagon,opposite,93.1%,1422.478,1423.978,1.5,12.0
89735,Car / Sedan,2,Sedan / jeep / station wagon,opposite,93.3%,1423.378,1424.678,1.3,13.8
89788,Car / Sedan,2,Sedan / jeep / station wagon,opposite,93.2%,1425.078,1426.328,1.25,14.4
89819,Motorcycle,1,Motorcycle / 3-wheel vehicle,normal,47.3%,1429.278,1425.928,3.35,5.4
89754,Car / Sedan,2,Sedan / jeep / station wagon,normal,80.8%,1430.128,1426.028,4.1,4.4
89869,Car / Sedan,2,Sedan / jeep / station wagon,opposite,89.5%,1427.178,1428.278,1.1,16.4
89915,Motorcycle,1,Motorcycle / 3-wheel vehicle,opposite,87.7%,1427.278,1427.928,0.65,27.7
89810,2-Axle Truck (Jumbo),6,2-Axle Truck,normal,89.1%,1432.127,1428.478,3.65,4.9
89984,Car / Sedan,2,Sedan / jeep / station wagon,opposite,93.3%,1429.878,1431.027,1.15,15.7
90034,Motorcycle,1,Motorcycle / 3-wheel vehicle,normal,77.1%,1433.277,1431.577,1.7,10.6
90091,Car / Sedan,2,Sedan / jeep / station wagon,opposite,93.3%,1431.627,1432.527,0.9,20.0
90018,Car / Sedan,2,Sedan / jeep / station wagon,normal,91.3%,1434.527,1432.577,1.95,9.2
90182,Motorcycle,1,Motorcycle / 3-wheel vehicle,opposite,88.8%,1432.727,1433.477,0.75,24.0
90230,Motorcycle,1,Motorcycle / 3-wheel vehicle,normal,83.2%,1436.877,1434.627,2.25,8.0
90209,Motorcycle,1,Motorcycle / 3-wheel vehicle,normal,85.7%,1437.477,1434.727,2.75,6.5
90248,Motorcycle,1,Motorcycle / 3-wheel vehicle,normal,87.3%,1436.227,1435.077,1.15,15.7
90369,Motorcycle,1,Motorcycle / 3-wheel vehicle,opposite,89.6%,1435.827,1436.477,0.65,27.7
90362,Motorcycle,1,Motorcycle / 3-wheel vehicle,normal,85.2%,1437.727,1435.827,1.9,9.5
90301,Motorcycle,1,Motorcycle / 3-wheel vehicle,normal,86.1%,1437.177,1435.927,1.25,14.4
90315,Motorcycle,1,Motorcycle / 3-wheel vehicle,normal,85.7%,1438.027,1436.627,1.4,12.9
90407,Motorcycle,1,Motorcycle / 3-wheel vehicle,opposite,90.2%,1436.677,1437.477,0.8,22.5
90354,Motorcycle,1,Motorcycle / 3-wheel vehicle,normal,83.0%,1438.477,1437.027,1.45,12.4
90441,Motorcycle,1,Motorcycle / 3-wheel vehicle,opposite,87.6%,1437.277,1438.027,0.75,24.0
90482,Motorcycle,1,Motorcycle / 3-wheel vehicle,opposite,85.2%,1437.577,1438.327,0.75,24.0
90453,Motorcycle,1,Motorcycle / 3-wheel vehicle,normal,84.3%,1441.477,1438.277,3.2,5.6
90412,Motorcycle,1,Motorcycle / 3-wheel vehicle,normal,85.0%,1442.227,1438.677,3.55,5.1
90540,Motorcycle,1,Motorcycle / 3-wheel vehicle,opposite,90.5%,1438.827,1439.577,0.75,24.0
90590,Motorcycle,1,Motorcycle / 3-wheel vehicle,opposite,89.7%,1440.327,1440.877,0.55,32.7
90631,Motorcycle,1,Motorcycle / 3-wheel vehicle,opposite,88.4%,1441.127,1441.877,0.75,24.0
90583,Motorcycle,1,Motorcycle / 3-wheel vehicle,opposite,88.6%,1441.227,1443.177,1.95,9.2
90644,Motorcycle,1,Motorcycle / 3-wheel vehicle,opposite,88.8%,1441.877,1442.627,0.75,24.0
90477,Motorcycle,1,Motorcycle / 3-wheel vehicle,opposite,83.1%,1442.077,1442.777,0.7,25.7
90667,Motorcycle,1,Motorcycle / 3-wheel vehicle,opposite,89.0%,1442.477,1443.177,0.7,25.7
90634,Motorcycle,1,Motorcycle / 3-wheel vehicle,normal,82.0%,1446.677,1442.627,4.05,4.4
90689,Motorcycle,1,Motorcycle / 3-wheel vehicle,opposite,89.6%,1442.777,1444.227,1.45,12.4
90729,Motorcycle,1,Motorcycle / 3-wheel vehicle,opposite,85.6%,1443.727,1444.827,1.1,16.4
90587,Car / Sedan,2,Sedan / jeep / station wagon,normal,82.0%,1447.477,1443.827,3.65,4.9
90742,Motorcycle,1,Motorcycle / 3-wheel vehicle,opposite,86.9%,1444.277,1445.327,1.05,17.1
90747,Motorcycle,1,Motorcycle / 3-wheel vehicle,opposite,89.8%,1444.477,1445.477,1.0,18.0
90619,Car / Sedan,2,Sedan / jeep / station wagon,opposite,91.5%,1444.877,1446.877,2.0,9.0
90766,Motorcycle,1,Motorcycle / 3-wheel vehicle,opposite,90.1%,1444.977,1446.027,1.05,17.1
90790,Motorcycle,1,Motorcycle / 3-wheel vehicle,opposite,89.5%,1445.077,1446.077,1.0,18.0
90814,Motorcycle,1,Motorcycle / 3-wheel vehicle,opposite,87.7%,1445.527,1446.527,1.0,18.0
90841,Motorcycle,1,Motorcycle / 3-wheel vehicle,opposite,84.7%,1445.827,1446.927,1.1,16.4
90802,Motorcycle,1,Motorcycle / 3-wheel vehicle,opposite,86.2%,1446.127,1447.277,1.15,15.7
90794,Motorcycle,1,Motorcycle / 3-wheel vehicle,normal,60.0%,1448.977,1446.377,2.6,6.9
90780,Motorcycle,1,Motorcycle / 3-wheel vehicle,normal,80.9%,1449.127,1446.627,2.5,7.2
90912,Motorcycle,1,Motorcycle / 3-wheel vehicle,opposite,78.7%,1446.977,1448.077,1.1,16.4
90893,Motorcycle,1,Motorcycle / 3-wheel vehicle,opposite,89.8%,1447.077,1448.177,1.1,16.4
90968,Motorcycle,1,Motorcycle / 3-wheel vehicle,normal,81.6%,1449.627,1447.627,2.0,9.0
91009,Motorcycle,1,Motorcycle / 3-wheel vehicle,opposite,87.0%,1448.927,1449.877,0.95,18.9
91029,Motorcycle,1,Motorcycle / 3-wheel vehicle,opposite,89.3%,1448.927,1450.076,1.15,15.7
90969,Motorcycle,1,Motorcycle / 3-wheel vehicle,normal,75.8%,1451.726,1448.927,2.8,6.4
91087,Motorcycle,1,Motorcycle / 3-wheel vehicle,opposite,47.8%,1449.677,1450.677,1.0,18.0
91133,Motorcycle,1,Motorcycle / 3-wheel vehicle,opposite,87.5%,1449.976,1450.976,1.0,18.0
91146,Motorcycle,1,Motorcycle / 3-wheel vehicle,opposite,89.0%,1450.276,1451.326,1.05,17.1
91071,Motorcycle,1,Motorcycle / 3-wheel vehicle,normal,83.0%,1451.576,1450.326,1.25,14.4
91175,Motorcycle,1,Motorcycle / 3-wheel vehicle,normal,78.0%,1452.626,1450.326,2.3,7.8
91157,Motorcycle,1,Motorcycle / 3-wheel vehicle,opposite,89.5%,1450.476,1451.426,0.95,18.9
91186,Motorcycle,1,Motorcycle / 3-wheel vehicle,opposite,82.7%,1450.877,1451.726,0.85,21.2
91214,Motorcycle,1,Motorcycle / 3-wheel vehicle,opposite,89.6%,1451.526,1452.326,0.8,22.5
91194,Motorcycle,1,Motorcycle / 3-wheel vehicle,normal,82.6%,1452.876,1451.726,1.15,15.7
91238,Motorcycle,1,Motorcycle / 3-wheel vehicle,opposite,87.4%,1452.126,1452.976,0.85,21.2
91205,Motorcycle,1,Motorcycle / 3-wheel vehicle,normal,80.3%,1453.476,1452.326,1.15,15.7
91256,Motorcycle,1,Motorcycle / 3-wheel vehicle,normal,84.7%,1454.026,1452.776,1.25,14.4
91231,2-Axle Truck (Jumbo),6,2-Axle Truck,normal,91.2%,1454.976,1453.376,1.6,11.2
91373,Motorcycle,1,Motorcycle / 3-wheel vehicle,opposite,89.4%,1454.576,1455.576,1.0,18.0
91392,Motorcycle,1,Motorcycle / 3-wheel vehicle,opposite,83.6%,1454.926,1456.726,1.8,10.0
91297,Car / Sedan,2,Sedan / jeep / station wagon,normal,91.0%,1456.576,1455.126,1.45,12.4
91421,Motorcycle,1,Motorcycle / 3-wheel vehicle,opposite,88.3%,1455.676,1456.626,0.95,18.9
91434,Motorcycle,1,Motorcycle / 3-wheel vehicle,opposite,87.8%,1455.876,1456.726,0.85,21.2
91370,Car / Sedan,2,Sedan / jeep / station wagon,normal,90.6%,1458.326,1456.726,1.6,11.3
91463,Motorcycle,1,Motorcycle / 3-wheel vehicle,opposite,90.0%,1457.376,1458.176,0.8,22.5
91491,Motorcycle,1,Motorcycle / 3-wheel vehicle,opposite,85.8%,1458.076,1458.876,0.8,22.5
91396,Motorcycle,1,Motorcycle / 3-wheel vehicle,normal,88.4%,1462.626,1459.026,3.6,5.0
91535,Motorcycle,1,Motorcycle / 3-wheel vehicle,opposite,87.6%,1459.076,1459.976,0.9,20.0
91551,Motorcycle,1,Motorcycle / 3-wheel vehicle,opposite,87.1%,1459.526,1460.326,0.8,22.5
91578,Motorcycle,1,Motorcycle / 3-wheel vehicle,opposite,88.9%,1460.126,1460.926,0.8,22.5
91713,Motorcycle,1,Motorcycle / 3-wheel vehicle,opposite,89.9%,1462.576,1463.276,0.7,25.7
91462,Car / Sedan,2,Sedan / jeep / station wagon,normal,90.9%,1468.876,1462.576,6.3,2.9
91763,Motorcycle,1,Motorcycle / 3-wheel vehicle,opposite,88.2%,1463.426,1464.026,0.6,30.0
91627,Motorcycle,1,Motorcycle / 3-wheel vehicle,opposite,88.7%,1464.026,1465.676,1.65,10.9
91760,Motorcycle,1,Motorcycle / 3-wheel vehicle,opposite,88.3%,1464.326,1464.976,0.65,27.7
91837,Motorcycle,1,Motorcycle / 3-wheel vehicle,opposite,86.1%,1464.926,1465.426,0.5,36.0
91748,Motorcycle,1,Motorcycle / 3-wheel vehicle,opposite,88.1%,1465.226,1466.726,1.5,12.0
91867,Motorcycle,1,Motorcycle / 3-wheel vehicle,opposite,85.8%,1466.026,1466.676,0.65,27.7
91887,Motorcycle,1,Motorcycle / 3-wheel vehicle,opposite,89.0%,1466.676,1467.526,0.85,21.2
91898,Motorcycle,1,Motorcycle / 3-wheel vehicle,opposite,88.1%,1467.226,1468.176,0.95,18.9
91838,Motorcycle,1,Motorcycle / 3-wheel vehicle,normal,84.0%,1470.376,1468.026,2.35,7.7
91886,Motorcycle,1,Motorcycle / 3-wheel vehicle,normal,81.1%,1469.176,1468.026,1.15,15.7
91950,Motorcycle,1,Motorcycle / 3-wheel vehicle,normal,83.2%,1471.675,1469.476,2.2,8.2
91990,Motorcycle,1,Motorcycle / 3-wheel vehicle,opposite,89.7%,1469.575,1470.126,0.55,32.7
92023,Motorcycle,1,Motorcycle / 3-wheel vehicle,normal,86.2%,1471.975,1470.676,1.3,13.8
92066,Motorcycle,1,Motorcycle / 3-wheel vehicle,opposite,87.7%,1471.475,1472.025,0.55,32.7
92049,Motorcycle,1,Motorcycle / 3-wheel vehicle,normal,85.5%,1473.525,1471.775,1.75,10.3
92094,Motorcycle,1,Motorcycle / 3-wheel vehicle,opposite,80.3%,1471.825,1472.525,0.7,25.7
91945,Car / Sedan,2,Sedan / jeep / station wagon,normal,90.8%,1473.725,1472.025,1.7,10.6
92091,Car / Sedan,2,Sedan / jeep / station wagon,opposite,93.2%,1472.075,1472.975,0.9,20.0
92106,Motorcycle,1,Motorcycle / 3-wheel vehicle,opposite,89.5%,1472.225,1472.975,0.75,24.0
92130,Motorcycle,1,Motorcycle / 3-wheel vehicle,opposite,89.3%,1472.725,1473.575,0.85,21.2
92151,Motorcycle,1,Motorcycle / 3-wheel vehicle,normal,84.7%,1474.875,1473.575,1.3,13.8
92156,Motorcycle,1,Motorcycle / 3-wheel vehicle,opposite,90.0%,1473.875,1474.675,0.8,22.5
92168,Motorcycle,1,Motorcycle / 3-wheel vehicle,normal,78.1%,1475.575,1474.175,1.4,12.9
92122,Motorcycle,1,Motorcycle / 3-wheel vehicle,normal,84.3%,1476.975,1474.875,2.1,8.6
92207,Motorcycle,1,Motorcycle / 3-wheel vehicle,opposite,87.5%,1474.975,1475.775,0.8,22.5
92229,Motorcycle,1,Motorcycle / 3-wheel vehicle,opposite,91.1%,1475.325,1475.875,0.55,32.7
92275,Motorcycle,1,Motorcycle / 3-wheel vehicle,opposite,89.6%,1476.075,1476.725,0.65,27.7
92230,Motorcycle,1,Motorcycle / 3-wheel vehicle,normal,79.5%,1479.225,1476.075,3.15,5.7
92272,Motorcycle,1,Motorcycle / 3-wheel vehicle,opposite,89.2%,1476.625,1477.225,0.6,30.0
92301,Motorcycle,1,Motorcycle / 3-wheel vehicle,normal,83.9%,1478.875,1477.275,1.6,11.3
92376,Motorcycle,1,Motorcycle / 3-wheel vehicle,opposite,84.2%,1477.775,1478.475,0.7,25.7
92320,Motorcycle,1,Motorcycle / 3-wheel vehicle,normal,78.8%,1480.575,1478.025,2.55,7.1
92355,Car / Sedan,2,Sedan / jeep / station wagon,opposite,93.9%,1478.075,1479.025,0.95,18.9
92352,Motorcycle,1,Motorcycle / 3-wheel vehicle,normal,88.5%,1478.225,1483.525,5.3,3.4
92431,Motorcycle,1,Motorcycle / 3-wheel vehicle,opposite,89.5%,1478.675,1479.325,0.65,27.7
92487,Motorcycle,1,Motorcycle / 3-wheel vehicle,opposite,85.7%,1479.925,1480.725,0.8,22.5
92491,Motorcycle,1,Motorcycle / 3-wheel vehicle,opposite,89.3%,1480.125,1480.875,0.75,24.0
92536,Motorcycle,1,Motorcycle / 3-wheel vehicle,opposite,89.6%,1480.675,1481.375,0.7,25.7
92545,Motorcycle,1,Motorcycle / 3-wheel vehicle,normal,84.0%,1483.325,1481.475,1.85,9.7
92574,Motorcycle,1,Motorcycle / 3-wheel vehicle,opposite,86.2%,1481.825,1483.125,1.3,13.8
92566,Public Transportation (Angkot),3,Medium passenger vehicle,opposite,92.8%,1482.025,1482.975,0.95,18.9
92613,Motorcycle,1,Motorcycle / 3-wheel vehicle,opposite,87.8%,1482.525,1483.525,1.0,18.0
92618,Motorcycle,1,Motorcycle / 3-wheel vehicle,opposite,88.2%,1482.775,1483.575,0.8,22.5
92585,Motorcycle,1,Motorcycle / 3-wheel vehicle,opposite,84.9%,1483.575,1485.175,1.6,11.3
92704,Motorcycle,1,Motorcycle / 3-wheel vehicle,normal,67.2%,1485.525,1484.375,1.15,15.7
92664,Motorcycle,1,Motorcycle / 3-wheel vehicle,opposite,89.1%,1484.475,1485.825,1.35,13.3
92736,Motorcycle,1,Motorcycle / 3-wheel vehicle,opposite,87.0%,1484.925,1486.225,1.3,13.8
92746,Motorcycle,1,Motorcycle / 3-wheel vehicle,opposite,88.5%,1485.175,1486.375,1.2,15.0
92693,Car / Sedan,2,Sedan / jeep / station wagon,opposite,93.8%,1485.825,1487.475,1.65,10.9
92820,Motorcycle,1,Motorcycle / 3-wheel vehicle,opposite,85.2%,1486.225,1487.425,1.2,15.0
92842,Motorcycle,1,Motorcycle / 3-wheel vehicle,opposite,85.8%,1486.675,1487.825,1.15,15.7
92853,Motorcycle,1,Motorcycle / 3-wheel vehicle,normal,56.5%,1487.875,1486.725,1.15,15.7
92910,Motorcycle,1,Motorcycle / 3-wheel vehicle,opposite,89.3%,1487.325,1488.525,1.2,15.0
92825,Pickup / Micro Truck,4,Pickup / micro truck / delivery,opposite,91.2%,1487.675,1489.274,1.6,11.3
92932,Motorcycle,1,Motorcycle / 3-wheel vehicle,opposite,87.7%,1487.875,1489.074,1.2,15.0
92794,Car / Sedan,2,Sedan / jeep / station wagon,normal,57.1%,1489.374,1488.175,1.2,15.0
92978,Motorcycle,1,Motorcycle / 3-wheel vehicle,opposite,58.7%,1488.275,1489.374,1.1,16.4
92971,Motorcycle,1,Motorcycle / 3-wheel vehicle,opposite,88.2%,1488.375,1489.675,1.3,13.8
93015,Motorcycle,1,Motorcycle / 3-wheel vehicle,normal,81.3%,1491.724,1488.874,2.85,6.3
93005,Motorcycle,1,Motorcycle / 3-wheel vehicle,opposite,88.0%,1488.925,1489.624,0.7,25.7
93016,Motorcycle,1,Motorcycle / 3-wheel vehicle,opposite,86.9%,1489.225,1490.425,1.2,15.0
92996,Motorcycle,1,Motorcycle / 3-wheel vehicle,normal,46.7%,1491.574,1489.374,2.2,8.2
93047,Motorcycle,1,Motorcycle / 3-wheel vehicle,opposite,79.5%,1489.475,1490.175,0.7,25.7
93027,Motorcycle,1,Motorcycle / 3-wheel vehicle,opposite,89.7%,1489.574,1490.774,1.2,15.0
93026,Motorcycle,1,Motorcycle / 3-wheel vehicle,opposite,89.7%,1489.824,1491.074,1.25,14.4
93076,Motorcycle,1,Motorcycle / 3-wheel vehicle,opposite,88.0%,1489.874,1490.624,0.75,24.0
93056,Motorcycle,1,Motorcycle / 3-wheel vehicle,normal,79.3%,1492.024,1490.475,1.55,11.6
93091,Motorcycle,1,Motorcycle / 3-wheel vehicle,opposite,87.9%,1490.524,1491.774,1.25,14.4
93142,Public Transportation (Angkot),3,Medium passenger vehicle,opposite,88.8%,1490.874,1491.524,0.65,27.7
93165,Motorcycle,1,Motorcycle / 3-wheel vehicle,opposite,87.1%,1491.224,1491.874,0.65,27.7
93152,Motorcycle,1,Motorcycle / 3-wheel vehicle,opposite,88.6%,1491.374,1492.074,0.7,25.7
93175,Car / Sedan,2,Sedan / jeep / station wagon,opposite,93.1%,1492.174,1493.574,1.4,12.9
93246,Motorcycle,1,Motorcycle / 3-wheel vehicle,opposite,54.5%,1492.224,1493.124,0.9,20.0
93256,Motorcycle,1,Motorcycle / 3-wheel vehicle,normal,69.8%,1493.424,1492.324,1.1,16.4
93287,Motorcycle,1,Motorcycle / 3-wheel vehicle,opposite,90.4%,1492.624,1493.274,0.65,27.7
93277,Motorcycle,1,Motorcycle / 3-wheel vehicle,opposite,89.9%,1492.874,1493.724,0.85,21.2
93329,Car / Sedan,2,Sedan / jeep / station wagon,opposite,93.5%,1493.874,1495.124,1.25,14.4
93362,Motorcycle,1,Motorcycle / 3-wheel vehicle,opposite,77.8%,1493.874,1494.874,1.0,18.0
93341,Motorcycle,1,Motorcycle / 3-wheel vehicle,opposite,83.3%,1494.774,1496.174,1.4,12.9
93407,Car / Sedan,2,Sedan / jeep / station wagon,opposite,93.5%,1495.224,1496.424,1.2,15.0
93450,Motorcycle,1,Motorcycle / 3-wheel vehicle,opposite,89.6%,1495.524,1496.624,1.1,16.4
93442,Motorcycle,1,Motorcycle / 3-wheel vehicle,opposite,90.0%,1495.924,1496.874,0.95,18.9
93412,Motorcycle,1,Motorcycle / 3-wheel vehicle,opposite,60.1%,1496.724,1497.724,1.0,18.0
93427,Motorcycle,1,Motorcycle / 3-wheel vehicle,normal,48.3%,1498.374,1496.974,1.4,12.9
93533,Motorcycle,1,Motorcycle / 3-wheel vehicle,opposite,86.6%,1497.074,1498.124,1.05,17.1
93537,Motorcycle,1,Motorcycle / 3-wheel vehicle,opposite,82.1%,1497.074,1498.324,1.25,14.4
93547,Motorcycle,1,Motorcycle / 3-wheel vehicle,opposite,89.8%,1497.474,1498.424,0.95,18.9
93493,Motorcycle,1,Motorcycle / 3-wheel vehicle,opposite,71.1%,1497.574,1499.174,1.6,11.3
93603,Car / Sedan,2,Sedan / jeep / station wagon,opposite,93.6%,1498.224,1499.524,1.3,13.8
93703,Motorcycle,1,Motorcycle / 3-wheel vehicle,opposite,80.4%,1499.474,1500.874,1.4,12.9
93643,Motorcycle,1,Motorcycle / 3-wheel vehicle,opposite,86.4%,1499.674,1500.874,1.2,15.0
93696,Motorcycle,1,Motorcycle / 3-wheel vehicle,opposite,83.9%,1499.674,1500.974,1.3,13.8
93733,Motorcycle,1,Motorcycle / 3-wheel vehicle,opposite,89.5%,1499.924,1501.024,1.1,16.4
93717,Motorcycle,1,Motorcycle / 3-wheel vehicle,opposite,89.8%,1500.074,1501.474,1.4,12.9
93825,Motorcycle,1,Motorcycle / 3-wheel vehicle,normal,66.8%,1502.674,1501.174,1.5,12.0
93829,Motorcycle,1,Motorcycle / 3-wheel vehicle,opposite,88.9%,1501.324,1502.274,0.95,18.9
93844,Motorcycle,1,Motorcycle / 3-wheel vehicle,opposite,88.6%,1501.474,1502.474,1.0,18.0
93860,Motorcycle,1,Motorcycle / 3-wheel vehicle,opposite,88.1%,1501.724,1502.824,1.1,16.4
93857,Motorcycle,1,Motorcycle / 3-wheel vehicle,opposite,89.1%,1501.774,1502.674,0.9,20.0
93917,Motorcycle,1,Motorcycle / 3-wheel vehicle,opposite,86.3%,1501.824,1502.674,0.85,21.2
93877,Car / Sedan,2,Sedan / jeep / station wagon,opposite,93.5%,1502.524,1503.824,1.3,13.8
93900,Motorcycle,1,Motorcycle / 3-wheel vehicle,normal,62.9%,1505.624,1502.974,2.65,6.8
93978,Motorcycle,1,Motorcycle / 3-wheel vehicle,opposite,88.8%,1503.524,1504.474,0.95,18.9
94015,Motorcycle,1,Motorcycle / 3-wheel vehicle,opposite,88.4%,1503.524,1504.674,1.15,15.7
94014,Motorcycle,1,Motorcycle / 3-wheel vehicle,normal,84.9%,1505.374,1504.224,1.15,15.7
94199,Motorcycle,1,Motorcycle / 3-wheel vehicle,opposite,88.2%,1506.824,1507.724,0.9,20.0
94173,Motorcycle,1,Motorcycle / 3-wheel vehicle,normal,84.4%,1509.224,1507.274,1.95,9.2
94253,Motorcycle,1,Motorcycle / 3-wheel vehicle,opposite,89.1%,1507.974,1508.974,1.0,18.0
94231,Motorcycle,1,Motorcycle / 3-wheel vehicle,normal,86.9%,1509.974,1509.073,0.9,20.0
94364,Motorcycle,1,Motorcycle / 3-wheel vehicle,opposite,90.8%,1509.974,1510.873,0.9,20.0
94318,Car / Sedan,2,Sedan / jeep / station wagon,normal,90.3%,1513.423,1510.623,2.8,6.4
94434,Motorcycle,1,Motorcycle / 3-wheel vehicle,opposite,89.8%,1511.323,1512.273,0.95,18.9
94448,Motorcycle,1,Motorcycle / 3-wheel vehicle,opposite,90.2%,1511.723,1512.623,0.9,20.0
94463,Motorcycle,1,Motorcycle / 3-wheel vehicle,opposite,88.3%,1512.023,1512.973,0.95,18.9
94503,Motorcycle,1,Motorcycle / 3-wheel vehicle,opposite,88.3%,1512.623,1513.823,1.2,15.0
94520,Motorcycle,1,Motorcycle / 3-wheel vehicle,opposite,89.1%,1513.123,1514.173,1.05,17.1
94457,Car / Sedan,2,Sedan / jeep / station wagon,normal,88.9%,1514.473,1513.173,1.3,13.8
94610,Motorcycle,1,Motorcycle / 3-wheel vehicle,opposite,88.2%,1514.173,1515.173,1.0,18.0
94628,Motorcycle,1,Motorcycle / 3-wheel vehicle,normal,83.3%,1515.373,1514.273,1.1,16.4
94625,Motorcycle,1,Motorcycle / 3-wheel vehicle,opposite,89.1%,1514.573,1515.573,1.0,18.0
94648,Motorcycle,1,Motorcycle / 3-wheel vehicle,normal,57.5%,1517.873,1515.173,2.7,6.7
94697,Car / Sedan,2,Sedan / jeep / station wagon,opposite,92.9%,1515.973,1516.923,0.95,18.9
94595,Car / Sedan,2,Sedan / jeep / station wagon,normal,82.1%,1520.073,1516.223,3.85,4.7
94724,Motorcycle,1,Motorcycle / 3-wheel vehicle,opposite,90.2%,1516.523,1517.473,0.95,18.9
94707,Motorcycle,1,Motorcycle / 3-wheel vehicle,opposite,90.2%,1516.723,1517.573,0.85,21.2
94764,Motorcycle,1,Motorcycle / 3-wheel vehicle,opposite,90.2%,1517.273,1518.223,0.95,18.9
94827,Motorcycle,1,Motorcycle / 3-wheel vehicle,opposite,88.9%,1517.723,1518.673,0.95,18.9
94839,Motorcycle,1,Motorcycle / 3-wheel vehicle,opposite,89.4%,1518.223,1519.223,1.0,18.0
94900,Motorcycle,1,Motorcycle / 3-wheel vehicle,opposite,89.6%,1518.973,1519.823,0.85,21.2
94923,Motorcycle,1,Motorcycle / 3-wheel vehicle,opposite,87.2%,1519.123,1520.123,1.0,18.0
94937,Car / Sedan,2,Sedan / jeep / station wagon,opposite,91.9%,1519.973,1520.823,0.85,21.2
94950,Motorcycle,1,Motorcycle / 3-wheel vehicle,opposite,89.1%,1520.023,1520.873,0.85,21.2
94957,Motorcycle,1,Motorcycle / 3-wheel vehicle,opposite,84.0%,1520.323,1521.173,0.85,21.2
95004,Motorcycle,1,Motorcycle / 3-wheel vehicle,opposite,90.0%,1520.823,1521.623,0.8,22.5
94933,Car / Sedan,2,Sedan / jeep / station wagon,normal,91.2%,1522.373,1521.023,1.35,13.3
95027,Motorcycle,1,Motorcycle / 3-wheel vehicle,opposite,89.5%,1521.323,1522.173,0.85,21.2
94985,Motorcycle,1,Motorcycle / 3-wheel vehicle,opposite,89.0%,1521.973,1522.623,0.65,27.7
95102,Motorcycle,1,Motorcycle / 3-wheel vehicle,normal,77.1%,1523.873,1522.373,1.5,12.0
95096,Motorcycle,1,Motorcycle / 3-wheel vehicle,opposite,87.2%,1522.523,1523.423,0.9,20.0
95017,Car / Sedan,2,Sedan / jeep / station wagon,normal,79.4%,1524.223,1523.023,1.2,15.0
95143,Motorcycle,1,Motorcycle / 3-wheel vehicle,opposite,88.9%,1523.723,1524.773,1.05,17.1
95156,Motorcycle,1,Motorcycle / 3-wheel vehicle,opposite,88.3%,1524.023,1524.723,0.7,25.7
95170,Motorcycle,1,Motorcycle / 3-wheel vehicle,normal,75.1%,1526.723,1524.223,2.5,7.2
95176,Motorcycle,1,Motorcycle / 3-wheel vehicle,opposite,88.7%,1524.473,1525.473,1.0,18.0
95198,Motorcycle,1,Motorcycle / 3-wheel vehicle,opposite,90.2%,1524.823,1525.523,0.7,25.7
95218,Motorcycle,1,Motorcycle / 3-wheel vehicle,opposite,84.3%,1525.273,1526.373,1.1,16.4
95231,Motorcycle,1,Motorcycle / 3-wheel vehicle,opposite,89.1%,1525.423,1526.073,0.65,27.7
95187,Motorcycle,1,Motorcycle / 3-wheel vehicle,normal,74.1%,1529.023,1525.773,3.25,5.5
95149,Car / Sedan,2,Sedan / jeep / station wagon,normal,91.9%,1527.173,1526.023,1.15,15.7
95323,Public Transportation (Angkot),3,Medium passenger vehicle,opposite,94.0%,1527.573,1528.922,1.35,13.3
95333,Motorcycle,1,Motorcycle / 3-wheel vehicle,normal,83.2%,1531.222,1528.523,2.7,6.7
95420,Motorcycle,1,Motorcycle / 3-wheel vehicle,normal,82.2%,1532.272,1529.273,3.0,6.0
95470,Motorcycle,1,Motorcycle / 3-wheel vehicle,opposite,90.5%,1529.622,1530.722,1.1,16.4
95421,Motorcycle,1,Motorcycle / 3-wheel vehicle,normal,84.8%,1530.672,1529.672,1.0,18.0
95484,Motorcycle,1,Motorcycle / 3-wheel vehicle,normal,83.7%,1531.222,1530.422,0.8,22.5
95561,Motorcycle,1,Motorcycle / 3-wheel vehicle,opposite,89.7%,1530.672,1531.872,1.2,15.0
95568,Motorcycle,1,Motorcycle / 3-wheel vehicle,opposite,88.7%,1530.872,1531.722,0.85,21.2
95550,Motorcycle,1,Motorcycle / 3-wheel vehicle,normal,75.9%,1533.672,1530.872,2.8,6.4
95602,Motorcycle,1,Motorcycle / 3-wheel vehicle,opposite,89.2%,1531.422,1532.572,1.15,15.7
95593,Motorcycle,1,Motorcycle / 3-wheel vehicle,normal,84.8%,1534.872,1531.722,3.15,5.7
95608,Motorcycle,1,Motorcycle / 3-wheel vehicle,normal,86.5%,1534.372,1532.522,1.85,9.7
95667,Car / Sedan,2,Sedan / jeep / station wagon,opposite,93.2%,1532.872,1533.972,1.1,16.4
95702,Motorcycle,1,Motorcycle / 3-wheel vehicle,opposite,78.8%,1533.222,1534.272,1.05,17.1
95730,Motorcycle,1,Motorcycle / 3-wheel vehicle,opposite,89.2%,1533.922,1534.972,1.05,17.1
95797,Motorcycle,1,Motorcycle / 3-wheel vehicle,opposite,88.6%,1534.722,1535.672,0.95,18.9
95813,Motorcycle,1,Motorcycle / 3-wheel vehicle,opposite,89.1%,1535.222,1536.222,1.0,18.0
95847,Motorcycle,1,Motorcycle / 3-wheel vehicle,opposite,90.0%,1535.472,1536.222,0.75,24.0
95832,Motorcycle,1,Motorcycle / 3-wheel vehicle,normal,82.5%,1538.922,1535.472,3.45,5.2
95869,Motorcycle,1,Motorcycle / 3-wheel vehicle,opposite,87.3%,1535.772,1536.972,1.2,15.0
95896,Motorcycle,1,Motorcycle / 3-wheel vehicle,opposite,87.6%,1536.372,1537.572,1.2,15.0
95906,Car / Sedan,2,Sedan / jeep / station wagon,opposite,93.5%,1536.672,1537.722,1.05,17.1
95976,Motorcycle,1,Motorcycle / 3-wheel vehicle,opposite,82.2%,1538.072,1539.172,1.1,16.4
95983,Car / Sedan,2,Sedan / jeep / station wagon,opposite,93.4%,1538.522,1539.972,1.45,12.4
96113,Car / Sedan,2,Sedan / jeep / station wagon,opposite,92.7%,1540.722,1542.422,1.7,10.6
96165,Motorcycle,1,Motorcycle / 3-wheel vehicle,opposite,86.8%,1541.072,1542.372,1.3,13.8
96259,Motorcycle,1,Motorcycle / 3-wheel vehicle,opposite,81.5%,1542.222,1543.622,1.4,12.9
95876,Car / Sedan,2,Sedan / jeep / station wagon,opposite,93.2%,1543.172,1546.422,3.25,5.5
96344,Motorcycle,1,Motorcycle / 3-wheel vehicle,opposite,88.7%,1543.372,1544.972,1.6,11.3
96207,Motorcycle,1,Motorcycle / 3-wheel vehicle,opposite,86.3%,1544.272,1546.472,2.2,8.2
96439,Motorcycle,1,Motorcycle / 3-wheel vehicle,opposite,80.9%,1544.472,1546.072,1.6,11.3
96301,Motorcycle,1,Motorcycle / 3-wheel vehicle,normal,73.6%,1546.522,1544.972,1.55,11.6
96485,Motorcycle,1,Motorcycle / 3-wheel vehicle,opposite,84.2%,1545.522,1547.122,1.6,11.3
96493,Motorcycle,1,Motorcycle / 3-wheel vehicle,normal,85.8%,1547.921,1546.472,1.45,12.4
96503,Car / Sedan,2,Sedan / jeep / station wagon,opposite,93.2%,1547.522,1549.472,1.95,9.2
96668,Car / Sedan,2,Sedan / jeep / station wagon,opposite,93.6%,1549.222,1550.621,1.4,12.9
96724,Motorcycle,1,Motorcycle / 3-wheel vehicle,opposite,79.8%,1549.871,1551.371,1.5,12.0
96728,Motorcycle,1,Motorcycle / 3-wheel vehicle,opposite,81.1%,1550.271,1551.771,1.5,12.0
96650,2-Axle Truck (Jumbo),6,2-Axle Truck,opposite,77.0%,1551.071,1553.121,2.05,8.8
96827,Motorcycle,1,Motorcycle / 3-wheel vehicle,opposite,87.0%,1551.971,1553.421,1.45,12.4
96876,Motorcycle,1,Motorcycle / 3-wheel vehicle,opposite,78.5%,1552.971,1554.371,1.4,12.9
96889,Motorcycle,1,Motorcycle / 3-wheel vehicle,opposite,88.1%,1553.171,1554.471,1.3,13.8
96862,Car / Sedan,2,Sedan / jeep / station wagon,opposite,93.3%,1553.471,1555.371,1.9,9.5
96970,Motorcycle,1,Motorcycle / 3-wheel vehicle,opposite,88.7%,1554.421,1555.471,1.05,17.1
96986,Car / Sedan,2,Sedan / jeep / station wagon,opposite,93.2%,1555.671,1557.121,1.45,12.4
96924,Motorcycle,1,Motorcycle / 3-wheel vehicle,normal,78.1%,1555.971,1558.021,2.05,8.8
97050,Motorcycle,1,Motorcycle / 3-wheel vehicle,opposite,88.0%,1555.971,1556.921,0.95,18.9
97079,Motorcycle,1,Motorcycle / 3-wheel vehicle,opposite,89.6%,1556.771,1557.721,0.95,18.9
97088,Motorcycle,1,Motorcycle / 3-wheel vehicle,opposite,85.7%,1556.821,1557.771,0.95,18.9
97151,Motorcycle,1,Motorcycle / 3-wheel vehicle,opposite,89.1%,1557.871,1558.871,1.0,18.0
96826,Car / Sedan,2,Sedan / jeep / station wagon,opposite,92.7%,1558.721,1560.921,2.2,8.2
97236,Motorcycle,1,Motorcycle / 3-wheel vehicle,opposite,88.4%,1559.421,1560.571,1.15,15.7
97235,Motorcycle,1,Motorcycle / 3-wheel vehicle,opposite,84.9%,1559.671,1561.671,2.0,9.0
97294,Motorcycle,1,Motorcycle / 3-wheel vehicle,opposite,87.2%,1560.371,1561.671,1.3,13.8
97246,Motorcycle,1,Motorcycle / 3-wheel vehicle,normal,78.6%,1562.971,1560.971,2.0,9.0
97385,Motorcycle,1,Motorcycle / 3-wheel vehicle,opposite,74.4%,1561.671,1562.721,1.05,17.1
97366,Car / Sedan,2,Sedan / jeep / station wagon,opposite,93.1%,1561.921,1563.171,1.25,14.4
97247,Pickup / Micro Truck,4,Pickup / micro truck / delivery,opposite,88.2%,1562.471,1564.421,1.95,9.2
97301,Motorcycle,1,Motorcycle / 3-wheel vehicle,opposite,88.9%,1562.871,1564.521,1.65,10.9
97441,Motorcycle,1,Motorcycle / 3-wheel vehicle,opposite,89.2%,1562.871,1563.921,1.05,17.1
97483,Motorcycle,1,Motorcycle / 3-wheel vehicle,opposite,85.4%,1563.571,1564.871,1.3,13.8
97477,Motorcycle,1,Motorcycle / 3-wheel vehicle,opposite,88.3%,1563.771,1564.871,1.1,16.4
97505,Motorcycle,1,Motorcycle / 3-wheel vehicle,opposite,87.6%,1563.921,1565.271,1.35,13.3
97555,Motorcycle,1,Motorcycle / 3-wheel vehicle,normal,85.7%,1567.471,1564.421,3.05,5.9
97530,Motorcycle,1,Motorcycle / 3-wheel vehicle,opposite,87.2%,1564.471,1565.771,1.3,13.8
97471,Car / Sedan,2,Sedan / jeep / station wagon,opposite,93.4%,1565.271,1566.921,1.65,10.9
97650,Motorcycle,1,Motorcycle / 3-wheel vehicle,opposite,87.8%,1566.571,1567.421,0.85,21.2
97689,Motorcycle,1,Motorcycle / 3-wheel vehicle,normal,83.2%,1570.82,1567.271,3.55,5.1
97649,Car / Sedan,2,Sedan / jeep / station wagon,opposite,93.8%,1567.771,1569.37,1.6,11.3
97738,Motorcycle,1,Motorcycle / 3-wheel vehicle,opposite,89.4%,1568.47,1569.271,0.8,22.5
97710,Motorcycle,1,Motorcycle / 3-wheel vehicle,normal,59.0%,1571.02,1568.67,2.35,7.7
97679,Motorcycle,1,Motorcycle / 3-wheel vehicle,normal,85.1%,1572.92,1569.271,3.65,4.9
97800,Motorcycle,1,Motorcycle / 3-wheel vehicle,opposite,88.9%,1570.12,1570.97,0.85,21.2
97796,Car / Sedan,2,Sedan / jeep / station wagon,opposite,92.7%,1570.57,1572.07,1.5,12.0
97749,Motorcycle,1,Motorcycle / 3-wheel vehicle,opposite,89.5%,1570.62,1572.12,1.5,12.0
97836,Motorcycle,1,Motorcycle / 3-wheel vehicle,opposite,84.6%,1570.67,1571.77,1.1,16.4
97857,Motorcycle,1,Motorcycle / 3-wheel vehicle,opposite,87.8%,1571.12,1572.27,1.15,15.7
97772,Motorcycle,1,Motorcycle / 3-wheel vehicle,opposite,90.9%,1571.92,1573.37,1.45,12.4
97851,Motorcycle,1,Motorcycle / 3-wheel vehicle,opposite,83.9%,1572.52,1573.87,1.35,13.3
97967,Motorcycle,1,Motorcycle / 3-wheel vehicle,opposite,89.4%,1572.87,1574.02,1.15,15.7
97841,Motorcycle,1,Motorcycle / 3-wheel vehicle,normal,65.5%,1575.32,1573.22,2.1,8.6
98044,Motorcycle,1,Motorcycle / 3-wheel vehicle,opposite,84.5%,1574.27,1575.62,1.35,13.3
97978,Car / Sedan,2,Sedan / jeep / station wagon,opposite,93.3%,1575.07,1577.02,1.95,9.2
98097,Motorcycle,1,Motorcycle / 3-wheel vehicle,opposite,89.5%,1575.12,1576.17,1.05,17.1
98079,Motorcycle,1,Motorcycle / 3-wheel vehicle,normal,83.3%,1577.77,1576.42,1.35,13.3
98120,Car / Sedan,2,Sedan / jeep / station wagon,opposite,93.2%,1577.12,1578.82,1.7,10.6
98285,Motorcycle,1,Motorcycle / 3-wheel vehicle,opposite,85.6%,1577.17,1578.07,0.9,20.0
98309,Motorcycle,1,Motorcycle / 3-wheel vehicle,normal,72.7%,1579.12,1577.62,1.5,12.0
98178,Motorcycle,1,Motorcycle / 3-wheel vehicle,normal,84.0%,1580.37,1578.02,2.35,7.7
98320,Car / Sedan,2,Sedan / jeep / station wagon,opposite,93.2%,1578.87,1580.47,1.6,11.3
98374,Motorcycle,1,Motorcycle / 3-wheel vehicle,normal,73.7%,1581.42,1579.42,2.0,9.0
98398,Motorcycle,1,Motorcycle / 3-wheel vehicle,normal,84.2%,1582.37,1580.32,2.05,8.8
98444,Car / Sedan,2,Sedan / jeep / station wagon,opposite,84.7%,1580.92,1582.12,1.2,15.0
98451,Motorcycle,1,Motorcycle / 3-wheel vehicle,opposite,82.4%,1580.92,1583.12,2.2,8.2
98502,Motorcycle,1,Motorcycle / 3-wheel vehicle,normal,78.4%,1584.42,1582.32,2.1,8.6
98497,Motorcycle,1,Motorcycle / 3-wheel vehicle,opposite,89.9%,1583.22,1584.52,1.3,13.8
98346,Public Transportation (Angkot),3,Medium passenger vehicle,normal,90.7%,1586.82,1583.22,3.6,5.0
98535,Motorcycle,1,Motorcycle / 3-wheel vehicle,normal,81.5%,1585.12,1583.22,1.9,9.5
98470,Motorcycle,1,Motorcycle / 3-wheel vehicle,normal,72.7%,1586.37,1584.02,2.35,7.7
98547,Motorcycle,1,Motorcycle / 3-wheel vehicle,opposite,47.2%,1584.67,1586.02,1.35,13.3
98613,Public Transportation (Angkot),3,Medium passenger vehicle,opposite,93.2%,1585.37,1586.87,1.5,12.0
98667,Motorcycle,1,Motorcycle / 3-wheel vehicle,opposite,88.2%,1585.97,1587.02,1.05,17.1
98671,Motorcycle,1,Motorcycle / 3-wheel vehicle,opposite,87.4%,1586.27,1587.77,1.5,12.0
98633,Car / Sedan,2,Sedan / jeep / station wagon,opposite,94.0%,1586.62,1588.27,1.65,10.9
98688,Motorcycle,1,Motorcycle / 3-wheel vehicle,opposite,86.5%,1586.77,1587.77,1.0,18.0
98793,Pickup / Micro Truck,4,Pickup / micro truck / delivery,opposite,91.6%,1588.719,1589.869,1.15,15.7
98794,Public Transportation (Angkot),3,Medium passenger vehicle,opposite,89.0%,1588.87,1590.119,1.25,14.4
98789,Motorcycle,1,Motorcycle / 3-wheel vehicle,opposite,82.1%,1589.07,1590.419,1.35,13.3
98834,Motorcycle,1,Motorcycle / 3-wheel vehicle,opposite,87.5%,1589.919,1591.169,1.25,14.4
98853,Motorcycle,1,Motorcycle / 3-wheel vehicle,normal,83.4%,1591.919,1589.919,2.0,9.0
98860,Car / Sedan,2,Sedan / jeep / station wagon,opposite,93.6%,1591.319,1592.569,1.25,14.4
98883,Public Transportation (Angkot),3,Medium passenger vehicle,normal,82.4%,1593.269,1591.519,1.75,10.3
98913,Car / Sedan,2,Sedan / jeep / station wagon,opposite,93.3%,1592.819,1594.069,1.25,14.4
98915,Motorcycle,1,Motorcycle / 3-wheel vehicle,opposite,88.2%,1593.019,1594.069,1.05,17.1
98910,2-Axle Truck (Jumbo),6,2-Axle Truck,opposite,91.2%,1593.419,1594.669,1.25,14.4
98959,Motorcycle,1,Motorcycle / 3-wheel vehicle,opposite,87.8%,1593.819,1595.219,1.4,12.9
98969,Motorcycle,1,Motorcycle / 3-wheel vehicle,opposite,89.5%,1594.319,1595.319,1.0,18.0
98988,Motorcycle,1,Motorcycle / 3-wheel vehicle,opposite,82.6%,1594.369,1595.569,1.2,15.0
99054,Motorcycle,1,Motorcycle / 3-wheel vehicle,opposite,83.2%,1595.769,1596.919,1.15,15.7
99063,Car / Sedan,2,Sedan / jeep / station wagon,opposite,92.5%,1596.269,1597.569,1.3,13.8
99116,Motorcycle,1,Motorcycle / 3-wheel vehicle,normal,59.8%,1598.419,1596.469,1.95,9.2
99107,Motorcycle,1,Motorcycle / 3-wheel vehicle,opposite,88.1%,1596.569,1597.719,1.15,15.7
99138,Motorcycle,1,Motorcycle / 3-wheel vehicle,opposite,83.4%,1597.069,1598.319,1.25,14.4
99086,Motorcycle,1,Motorcycle / 3-wheel vehicle,normal,48.4%,1598.919,1597.169,1.75,10.3
99088,Motorcycle,1,Motorcycle / 3-wheel vehicle,normal,63.7%,1597.419,1603.969,6.55,2.7
99139,Motorcycle,1,Motorcycle / 3-wheel vehicle,opposite,88.5%,1597.419,1598.719,1.3,13.8
99161,Motorcycle,1,Motorcycle / 3-wheel vehicle,opposite,88.2%,1597.769,1598.669,0.9,20.0
99146,Car / Sedan,2,Sedan / jeep / station wagon,opposite,93.6%,1598.119,1599.419,1.3,13.8
99191,Motorcycle,1,Motorcycle / 3-wheel vehicle,opposite,83.5%,1598.469,1599.319,0.85,21.2
99183,Motorcycle,1,Motorcycle / 3-wheel vehicle,normal,47.5%,1601.769,1598.519,3.25,5.5
99218,Motorcycle,1,Motorcycle / 3-wheel vehicle,normal,78.9%,1599.519,1605.019,5.5,3.3
99197,Motorcycle,1,Motorcycle / 3-wheel vehicle,normal,44.8%,1602.369,1599.769,2.6,6.9
99246,Motorcycle,1,Motorcycle / 3-wheel vehicle,opposite,86.2%,1600.269,1601.619,1.35,13.3
99291,Motorcycle,1,Motorcycle / 3-wheel vehicle,normal,62.5%,1603.569,1601.219,2.35,7.7
99173,Car / Sedan,2,Sedan / jeep / station wagon,normal,92.4%,1604.819,1601.569,3.25,5.5
99286,Motorcycle,1,Motorcycle / 3-wheel vehicle,opposite,87.9%,1602.969,1604.469,1.5,12.0
99373,Motorcycle,1,Motorcycle / 3-wheel vehicle,normal,64.7%,1606.269,1604.469,1.8,10.0
99344,Car / Sedan,2,Sedan / jeep / station wagon,normal,42.5%,1607.418,1605.069,2.35,7.7
99460,Car / Sedan,2,Sedan / jeep / station wagon,opposite,76.9%,1608.018,1609.218,1.2,15.0
99575,Car / Sedan,2,Sedan / jeep / station wagon,opposite,93.5%,1610.468,1611.468,1.0,18.0
99585,Motorcycle,1,Motorcycle / 3-wheel vehicle,normal,81.4%,1612.018,1610.618,1.4,12.9
99625,Motorcycle,1,Motorcycle / 3-wheel vehicle,opposite,89.7%,1611.568,1612.518,0.95,18.9
99569,Public Transportation (Angkot),3,Medium passenger vehicle,normal,91.5%,1613.368,1611.768,1.6,11.3
99651,Motorcycle,1,Motorcycle / 3-wheel vehicle,opposite,89.2%,1612.168,1613.068,0.9,20.0
99670,Motorcycle,1,Motorcycle / 3-wheel vehicle,opposite,87.0%,1612.668,1613.768,1.1,16.4
99647,Motorcycle,1,Motorcycle / 3-wheel vehicle,normal,70.9%,1614.518,1612.918,1.6,11.3
99629,Car / Sedan,2,Sedan / jeep / station wagon,normal,83.4%,1614.868,1613.518,1.35,13.3
99746,Motorcycle,1,Motorcycle / 3-wheel vehicle,normal,74.9%,1615.618,1614.468,1.15,15.7
99653,Car / Sedan,2,Sedan / jeep / station wagon,opposite,93.1%,1614.568,1618.168,3.6,5.0
99671,Motorcycle,1,Motorcycle / 3-wheel vehicle,normal,84.3%,1616.418,1615.218,1.2,15.0
99736,Car / Sedan,2,Sedan / jeep / station wagon,normal,78.5%,1618.668,1615.868,2.8,6.4
99768,Car / Sedan,2,Sedan / jeep / station wagon,normal,90.9%,1618.468,1617.018,1.45,12.4
99883,Public Transportation (Angkot),3,Medium passenger vehicle,opposite,94.9%,1618.618,1619.518,0.9,20.0
99821,Car / Sedan,2,Sedan / jeep / station wagon,normal,69.7%,1620.168,1619.318,0.85,21.2
99966,Motorcycle,1,Motorcycle / 3-wheel vehicle,opposite,90.0%,1620.618,1621.318,0.7,25.7
99967,Motorcycle,1,Motorcycle / 3-wheel vehicle,normal,69.1%,1623.618,1620.918,2.7,6.7
100007,Motorcycle,1,Motorcycle / 3-wheel vehicle,opposite,90.4%,1621.468,1622.218,0.75,24.0
99953,Motorcycle,1,Motorcycle / 3-wheel vehicle,normal,39.1%,1626.318,1621.868,4.45,4.0
100067,Car / Sedan,2,Sedan / jeep / station wagon,opposite,93.0%,1623.618,1626.168,2.55,7.1
100057,Motorcycle,1,Motorcycle / 3-wheel vehicle,opposite,77.1%,1624.218,1626.518,2.3,7.8
100081,Motorcycle,1,Motorcycle / 3-wheel vehicle,normal,51.3%,1630.467,1624.918,5.55,3.2
100102,Motorcycle,1,Motorcycle / 3-wheel vehicle,opposite,86.0%,1625.868,1627.918,2.05,8.8
100171,Motorcycle,1,Motorcycle / 3-wheel vehicle,opposite,88.2%,1626.018,1627.318,1.3,13.8
100165,Car / Sedan,2,Sedan / jeep / station wagon,opposite,92.8%,1626.068,1630.167,4.1,4.4
100205,Motorcycle,1,Motorcycle / 3-wheel vehicle,opposite,89.2%,1626.818,1628.318,1.5,12.0
100180,Car / Sedan,2,Sedan / jeep / station wagon,opposite,93.4%,1630.467,1632.617,2.15,8.4
100396,Motorcycle,1,Motorcycle / 3-wheel vehicle,opposite,88.7%,1631.617,1633.417,1.8,10.0
100642,Car / Sedan,2,Sedan / jeep / station wagon,opposite,83.4%,1636.867,1639.367,2.5,7.2
100801,Motorcycle,1,Motorcycle / 3-wheel vehicle,opposite,61.7%,1639.117,1641.017,1.9,9.5
100994,Motorcycle,1,Motorcycle / 3-wheel vehicle,normal,72.2%,1643.167,1640.467,2.7,6.7
100786,Car / Sedan,2,Sedan / jeep / station wagon,opposite,93.4%,1642.217,1644.367,2.15,8.4
101130,Car / Sedan,2,Sedan / jeep / station wagon,opposite,91.8%,1644.367,1646.167,1.8,10.0
101290,Motorcycle,1,Motorcycle / 3-wheel vehicle,opposite,88.5%,1646.417,1647.466,1.05,17.1
101325,Motorcycle,1,Motorcycle / 3-wheel vehicle,normal,56.7%,1648.916,1646.966,1.95,9.2
101315,Car / Sedan,2,Sedan / jeep / station wagon,opposite,92.1%,1647.667,1649.116,1.45,12.4
101347,Motorcycle,1,Motorcycle / 3-wheel vehicle,opposite,90.1%,1648.666,1650.266,1.6,11.3
101400,Motorcycle,1,Motorcycle / 3-wheel vehicle,opposite,89.6%,1648.716,1649.766,1.05,17.1
101446,Motorcycle,1,Motorcycle / 3-wheel vehicle,normal,69.7%,1650.566,1649.216,1.35,13.3
101428,Motorcycle,1,Motorcycle / 3-wheel vehicle,opposite,87.0%,1649.416,1650.416,1.0,18.0
101454,Motorcycle,1,Motorcycle / 3-wheel vehicle,normal,65.9%,1650.616,1649.816,0.8,22.5
101500,Motorcycle,1,Motorcycle / 3-wheel vehicle,opposite,90.3%,1651.366,1652.266,0.9,20.0
101498,Motorcycle,1,Motorcycle / 3-wheel vehicle,normal,84.9%,1652.866,1651.516,1.35,13.3
101524,Motorcycle,1,Motorcycle / 3-wheel vehicle,normal,85.5%,1653.066,1651.966,1.1,16.4
101527,Motorcycle,1,Motorcycle / 3-wheel vehicle,opposite,82.1%,1652.066,1652.916,0.85,21.2
101567,Motorcycle,1,Motorcycle / 3-wheel vehicle,opposite,90.2%,1652.516,1653.366,0.85,21.2
101570,Motorcycle,1,Motorcycle / 3-wheel vehicle,normal,47.3%,1654.966,1652.866,2.1,8.6
101630,Motorcycle,1,Motorcycle / 3-wheel vehicle,opposite,46.2%,1653.016,1653.766,0.75,24.0
101599,Motorcycle,1,Motorcycle / 3-wheel vehicle,normal,84.0%,1654.316,1653.016,1.3,13.8
101618,Motorcycle,1,Motorcycle / 3-wheel vehicle,opposite,83.1%,1653.216,1654.066,0.85,21.2
101583,Car / Sedan,2,Sedan / jeep / station wagon,normal,91.1%,1655.016,1653.866,1.15,15.7
101656,Motorcycle,1,Motorcycle / 3-wheel vehicle,opposite,89.5%,1654.016,1654.866,0.85,21.2
101680,Car / Sedan,2,Sedan / jeep / station wagon,opposite,93.2%,1654.866,1655.666,0.8,22.5
101700,Motorcycle,1,Motorcycle / 3-wheel vehicle,opposite,86.9%,1655.016,1655.916,0.9,20.0
101704,Motorcycle,1,Motorcycle / 3-wheel vehicle,opposite,89.5%,1655.316,1656.116,0.8,22.5
101681,Motorcycle,1,Motorcycle / 3-wheel vehicle,normal,63.1%,1656.166,1655.316,0.85,21.2
101717,Motorcycle,1,Motorcycle / 3-wheel vehicle,opposite,89.9%,1655.566,1656.416,0.85,21.2
101675,Car / Sedan,2,Sedan / jeep / station wagon,normal,66.7%,1657.716,1655.666,2.05,8.8
101785,Motorcycle,1,Motorcycle / 3-wheel vehicle,normal,82.3%,1657.966,1656.266,1.7,10.6
101784,Motorcycle,1,Motorcycle / 3-wheel vehicle,opposite,88.6%,1656.616,1657.466,0.85,21.2
101780,Motorcycle,1,Motorcycle / 3-wheel vehicle,normal,76.9%,1657.816,1656.716,1.1,16.4
101811,Motorcycle,1,Motorcycle / 3-wheel vehicle,opposite,89.2%,1656.916,1657.716,0.8,22.5
101860,Motorcycle,1,Motorcycle / 3-wheel vehicle,normal,74.0%,1659.666,1657.216,2.45,7.3
101877,Motorcycle,1,Motorcycle / 3-wheel vehicle,opposite,82.8%,1657.666,1658.466,0.8,22.5
101874,Motorcycle,1,Motorcycle / 3-wheel vehicle,opposite,86.7%,1657.716,1658.666,0.95,18.9
101873,Motorcycle,1,Motorcycle / 3-wheel vehicle,opposite,90.0%,1657.816,1658.566,0.75,24.0
101906,Motorcycle,1,Motorcycle / 3-wheel vehicle,opposite,84.9%,1658.166,1658.866,0.7,25.7
101766,Car / Sedan,2,Sedan / jeep / station wagon,normal,82.7%,1661.366,1658.816,2.55,7.1
101945,Motorcycle,1,Motorcycle / 3-wheel vehicle,opposite,86.7%,1659.016,1659.716,0.7,25.7
102011,Motorcycle,1,Motorcycle / 3-wheel vehicle,opposite,87.3%,1660.066,1660.916,0.85,21.2
102087,Motorcycle,1,Motorcycle / 3-wheel vehicle,opposite,89.5%,1661.066,1662.166,1.1,16.4
102077,Motorcycle,1,Motorcycle / 3-wheel vehicle,opposite,89.7%,1661.216,1662.116,0.9,20.0
102036,Motorcycle,1,Motorcycle / 3-wheel vehicle,normal,83.0%,1662.766,1661.366,1.4,12.9
102103,Motorcycle,1,Motorcycle / 3-wheel vehicle,normal,49.1%,1662.366,1661.566,0.8,22.5
102109,Motorcycle,1,Motorcycle / 3-wheel vehicle,normal,85.4%,1664.666,1661.916,2.75,6.5
102099,Motorcycle,1,Motorcycle / 3-wheel vehicle,normal,83.8%,1663.816,1662.066,1.75,10.3
102167,Motorcycle,1,Motorcycle / 3-wheel vehicle,opposite,89.5%,1662.566,1663.666,1.1,16.4
102188,Motorcycle,1,Motorcycle / 3-wheel vehicle,opposite,85.8%,1662.966,1664.416,1.45,12.4
102216,Motorcycle,1,Motorcycle / 3-wheel vehicle,opposite,87.2%,1663.316,1664.266,0.95,18.9
102138,Car / Sedan,2,Sedan / jeep / station wagon,normal,71.2%,1664.366,1663.566,0.8,22.5
102234,Motorcycle,1,Motorcycle / 3-wheel vehicle,opposite,89.0%,1663.866,1664.916,1.05,17.1
102221,Motorcycle,1,Motorcycle / 3-wheel vehicle,normal,84.7%,1665.566,1664.466,1.1,16.4
102242,Car / Sedan,2,Sedan / jeep / station wagon,normal,90.6%,1666.315,1665.266,1.05,17.1
102339,Motorcycle,1,Motorcycle / 3-wheel vehicle,opposite,89.4%,1666.265,1667.466,1.2,15.0
102316,Motorcycle,1,Motorcycle / 3-wheel vehicle,normal,84.9%,1667.565,1666.416,1.15,15.7
102336,Motorcycle,1,Motorcycle / 3-wheel vehicle,opposite,89.5%,1667.416,1668.565,1.15,15.7
102407,Motorcycle,1,Motorcycle / 3-wheel vehicle,opposite,88.5%,1667.966,1669.115,1.15,15.7
102412,Car / Sedan,2,Sedan / jeep / station wagon,opposite,92.8%,1668.665,1669.865,1.2,15.0
102449,Motorcycle,1,Motorcycle / 3-wheel vehicle,opposite,89.1%,1668.865,1669.965,1.1,16.4
102497,Motorcycle,1,Motorcycle / 3-wheel vehicle,opposite,90.6%,1669.815,1670.915,1.1,16.4
102550,Motorcycle,1,Motorcycle / 3-wheel vehicle,normal,83.5%,1671.215,1670.415,0.8,22.5
102544,Motorcycle,1,Motorcycle / 3-wheel vehicle,opposite,88.1%,1670.465,1671.315,0.85,21.2
102592,Motorcycle,1,Motorcycle / 3-wheel vehicle,opposite,89.4%,1671.465,1672.365,0.9,20.0
102575,Motorcycle,1,Motorcycle / 3-wheel vehicle,normal,66.5%,1676.065,1671.765,4.3,4.2
102665,Motorcycle,1,Motorcycle / 3-wheel vehicle,opposite,88.0%,1672.865,1673.515,0.65,27.7
102682,Motorcycle,1,Motorcycle / 3-wheel vehicle,normal,86.0%,1676.515,1673.065,3.45,5.2
102500,2-Axle Truck (Jumbo),6,2-Axle Truck,normal,92.0%,1679.215,1673.965,5.25,3.4
102756,Motorcycle,1,Motorcycle / 3-wheel vehicle,opposite,89.5%,1674.015,1674.765,0.75,24.0
102705,Motorcycle,1,Motorcycle / 3-wheel vehicle,opposite,83.1%,1675.565,1677.015,1.45,12.4
102832,Motorcycle,1,Motorcycle / 3-wheel vehicle,opposite,89.9%,1676.715,1677.715,1.0,18.0
102926,Motorcycle,1,Motorcycle / 3-wheel vehicle,opposite,88.0%,1677.715,1678.915,1.2,15.0
102761,Car / Sedan,2,Sedan / jeep / station wagon,opposite,93.5%,1678.365,1680.565,2.2,8.2
102957,Motorcycle,1,Motorcycle / 3-wheel vehicle,opposite,88.5%,1678.565,1679.515,0.95,18.9
102902,Motorcycle,1,Motorcycle / 3-wheel vehicle,opposite,82.5%,1679.415,1681.065,1.65,10.9
102946,Motorcycle,1,Motorcycle / 3-wheel vehicle,opposite,84.7%,1679.715,1681.315,1.6,11.3
103070,Motorcycle,1,Motorcycle / 3-wheel vehicle,normal,72.4%,1682.515,1680.015,2.5,7.2
103140,Motorcycle,1,Motorcycle / 3-wheel vehicle,opposite,82.0%,1680.615,1681.715,1.1,16.4
103043,Motorcycle,1,Motorcycle / 3-wheel vehicle,opposite,89.7%,1680.665,1682.065,1.4,12.9
103134,Motorcycle,1,Motorcycle / 3-wheel vehicle,opposite,86.0%,1680.715,1681.515,0.8,22.5
103209,Motorcycle,1,Motorcycle / 3-wheel vehicle,opposite,86.3%,1681.665,1682.665,1.0,18.0
103207,Motorcycle,1,Motorcycle / 3-wheel vehicle,opposite,89.1%,1681.865,1682.865,1.0,18.0
103142,Motorcycle,1,Motorcycle / 3-wheel vehicle,normal,53.7%,1683.715,1681.965,1.75,10.3
103233,Motorcycle,1,Motorcycle / 3-wheel vehicle,opposite,86.8%,1682.265,1683.215,0.95,18.9
103159,Car / Sedan,2,Sedan / jeep / station wagon,opposite,92.8%,1682.565,1684.115,1.55,11.6
103313,Motorcycle,1,Motorcycle / 3-wheel vehicle,normal,86.6%,1686.514,1684.965,1.55,11.6
103374,2-Axle Truck (Jumbo),6,2-Axle Truck,opposite,46.2%,1686.165,1687.364,1.2,15.0
103433,Car / Sedan,2,Sedan / jeep / station wagon,opposite,90.5%,1687.014,1688.464,1.45,12.4
103502,Pickup / Micro Truck,4,Pickup / micro truck / delivery,normal,55.9%,1689.414,1687.465,1.95,9.2
103478,Motorcycle,1,Motorcycle / 3-wheel vehicle,opposite,87.2%,1687.564,1688.714,1.15,15.7
103452,Motorcycle,1,Motorcycle / 3-wheel vehicle,opposite,89.0%,1687.614,1688.714,1.1,16.4
103558,Motorcycle,1,Motorcycle / 3-wheel vehicle,opposite,45.6%,1688.764,1689.914,1.15,15.7
103563,Motorcycle,1,Motorcycle / 3-wheel vehicle,opposite,89.6%,1689.164,1690.114,0.95,18.9
103588,Motorcycle,1,Motorcycle / 3-wheel vehicle,opposite,86.2%,1689.514,1690.664,1.15,15.7
103420,Car / Sedan,2,Sedan / jeep / station wagon,normal,91.1%,1691.714,1689.664,2.05,8.8
103604,Car / Sedan,2,Sedan / jeep / station wagon,opposite,92.9%,1690.414,1691.614,1.2,15.0
103639,Motorcycle,1,Motorcycle / 3-wheel vehicle,opposite,85.6%,1690.464,1691.314,0.85,21.2
103627,Motorcycle,1,Motorcycle / 3-wheel vehicle,opposite,88.7%,1690.714,1691.714,1.0,18.0
103671,Motorcycle,1,Motorcycle / 3-wheel vehicle,normal,74.3%,1693.464,1691.764,1.7,10.6
103729,Motorcycle,1,Motorcycle / 3-wheel vehicle,opposite,83.4%,1692.064,1693.114,1.05,17.1
103712,Car / Sedan,2,Sedan / jeep / station wagon,opposite,91.3%,1692.164,1693.214,1.05,17.1
103736,Motorcycle,1,Motorcycle / 3-wheel vehicle,opposite,88.3%,1692.364,1693.314,0.95,18.9
103745,Motorcycle,1,Motorcycle / 3-wheel vehicle,opposite,84.1%,1692.364,1693.314,0.95,18.9
103773,Motorcycle,1,Motorcycle / 3-wheel vehicle,opposite,87.0%,1692.814,1693.864,1.05,17.1
103796,Motorcycle,1,Motorcycle / 3-wheel vehicle,opposite,89.4%,1693.364,1694.414,1.05,17.1
103814,Motorcycle,1,Motorcycle / 3-wheel vehicle,opposite,87.0%,1693.464,1694.514,1.05,17.1
103859,Motorcycle,1,Motorcycle / 3-wheel vehicle,normal,86.0%,1697.664,1694.814,2.85,6.3
103874,Motorcycle,1,Motorcycle / 3-wheel vehicle,normal,86.7%,1698.714,1695.314,3.4,5.3
103915,Motorcycle,1,Motorcycle / 3-wheel vehicle,opposite,84.8%,1695.464,1696.264,0.8,22.5
103871,Motorcycle,1,Motorcycle / 3-wheel vehicle,opposite,89.8%,1696.614,1698.214,1.6,11.3
103911,Motorcycle,1,Motorcycle / 3-wheel vehicle,normal,85.0%,1701.264,1696.914,4.35,4.1
104013,Motorcycle,1,Motorcycle / 3-wheel vehicle,opposite,89.5%,1697.864,1698.614,0.75,24.0
104046,Motorcycle,1,Motorcycle / 3-wheel vehicle,opposite,83.5%,1698.414,1699.364,0.95,18.9
104045,Motorcycle,1,Motorcycle / 3-wheel vehicle,opposite,89.6%,1698.514,1699.364,0.85,21.2
103985,Motorcycle,1,Motorcycle / 3-wheel vehicle,normal,84.2%,1701.564,1699.014,2.55,7.1
104099,Motorcycle,1,Motorcycle / 3-wheel vehicle,opposite,87.7%,1699.314,1700.164,0.85,21.2
104096,Motorcycle,1,Motorcycle / 3-wheel vehicle,opposite,88.2%,1699.414,1700.464,1.05,17.1
104112,Motorcycle,1,Motorcycle / 3-wheel vehicle,opposite,89.7%,1700.014,1701.014,1.0,18.0
104161,Motorcycle,1,Motorcycle / 3-wheel vehicle,opposite,87.1%,1701.064,1702.064,1.0,18.0
104085,Car / Sedan,2,Sedan / jeep / station wagon,opposite,92.8%,1701.514,1703.514,2.0,9.0
104108,Motorcycle,1,Motorcycle / 3-wheel vehicle,normal,84.6%,1703.564,1701.664,1.9,9.5
104172,Motorcycle,1,Motorcycle / 3-wheel vehicle,normal,77.6%,1703.914,1702.664,1.25,14.4
104303,Motorcycle,1,Motorcycle / 3-wheel vehicle,normal,84.8%,1705.464,1704.364,1.1,16.4
104300,Car / Sedan,2,Sedan / jeep / station wagon,opposite,91.3%,1704.464,1705.664,1.2,15.0
104275,Car / Sedan,2,Sedan / jeep / station wagon,normal,64.1%,1710.813,1706.363,4.45,4.0
104436,Motorcycle,1,Motorcycle / 3-wheel vehicle,opposite,88.4%,1706.964,1708.163,1.2,15.0
104454,Car / Sedan,2,Sedan / jeep / station wagon,opposite,92.2%,1707.913,1709.513,1.6,11.2
104476,Motorcycle,1,Motorcycle / 3-wheel vehicle,opposite,80.4%,1707.963,1709.363,1.4,12.9
104482,Motorcycle,1,Motorcycle / 3-wheel vehicle,opposite,91.0%,1708.413,1709.763,1.35,13.3
104499,Motorcycle,1,Motorcycle / 3-wheel vehicle,opposite,86.4%,1708.563,1709.913,1.35,13.3
104583,Motorcycle,1,Motorcycle / 3-wheel vehicle,opposite,78.6%,1709.713,1711.263,1.55,11.6
104606,Motorcycle,1,Motorcycle / 3-wheel vehicle,opposite,88.4%,1710.463,1711.813,1.35,13.3
104637,Motorcycle,1,Motorcycle / 3-wheel vehicle,opposite,89.2%,1710.863,1712.363,1.5,12.0
104695,Motorcycle,1,Motorcycle / 3-wheel vehicle,normal,84.8%,1713.463,1711.413,2.05,8.8
104704,Motorcycle,1,Motorcycle / 3-wheel vehicle,normal,86.4%,1714.563,1711.863,2.7,6.7
104725,Public Transportation (Angkot),3,Medium passenger vehicle,opposite,93.0%,1712.863,1714.663,1.8,10.0
104763,Motorcycle,1,Motorcycle / 3-wheel vehicle,opposite,89.4%,1713.263,1714.463,1.2,15.0
104790,Motorcycle,1,Motorcycle / 3-wheel vehicle,opposite,87.5%,1714.013,1715.263,1.25,14.4
104786,Motorcycle,1,Motorcycle / 3-wheel vehicle,opposite,88.7%,1714.663,1716.313,1.65,10.9
104841,Motorcycle,1,Motorcycle / 3-wheel vehicle,opposite,75.0%,1715.313,1716.813,1.5,12.0
104890,Motorcycle,1,Motorcycle / 3-wheel vehicle,opposite,84.7%,1716.263,1717.563,1.3,13.8
104844,3-Axle Truck (Jumbo),7,3-Axle Truck,opposite,71.1%,1717.013,1718.513,1.5,12.0
104934,Motorcycle,1,Motorcycle / 3-wheel vehicle,opposite,75.9%,1717.113,1718.713,1.6,11.3
104948,Motorcycle,1,Motorcycle / 3-wheel vehicle,opposite,87.0%,1717.563,1719.113,1.55,11.6
104997,Motorcycle,1,Motorcycle / 3-wheel vehicle,opposite,86.8%,1718.563,1719.963,1.4,12.9
105023,Motorcycle,1,Motorcycle / 3-wheel vehicle,opposite,88.8%,1719.013,1720.213,1.2,15.0
105004,Motorcycle,1,Motorcycle / 3-wheel vehicle,opposite,89.2%,1720.663,1721.963,1.3,13.8
105055,Pickup / Micro Truck,4,Pickup / micro truck / delivery,opposite,93.3%,1721.313,1723.313,2.0,9.0
105237,Car / Sedan,2,Sedan / jeep / station wagon,opposite,91.7%,1723.813,1725.562,1.75,10.3
105279,Motorcycle,1,Motorcycle / 3-wheel vehicle,opposite,88.1%,1724.663,1726.463,1.8,10.0
105216,Car / Sedan,2,Sedan / jeep / station wagon,opposite,91.8%,1725.063,1727.062,2.0,9.0
105371,Motorcycle,1,Motorcycle / 3-wheel vehicle,opposite,72.0%,1726.213,1727.812,1.6,11.3
105427,Car / Sedan,2,Sedan / jeep / station wagon,opposite,93.5%,1727.512,1729.462,1.95,9.2
105452,Motorcycle,1,Motorcycle / 3-wheel vehicle,opposite,81.8%,1727.912,1729.162,1.25,14.4
105274,Car / Sedan,2,Sedan / jeep / station wagon,opposite,92.4%,1729.762,1731.912,2.15,8.4
105561,Motorcycle,1,Motorcycle / 3-wheel vehicle,opposite,66.2%,1730.512,1732.162,1.65,10.9
105631,Car / Sedan,2,Sedan / jeep / station wagon,opposite,92.4%,1731.712,1734.262,2.55,7.1
105659,Motorcycle,1,Motorcycle / 3-wheel vehicle,opposite,70.1%,1732.162,1733.562,1.4,12.9
105723,Motorcycle,1,Motorcycle / 3-wheel vehicle,opposite,75.2%,1733.312,1735.112,1.8,10.0
105622,Car / Sedan,2,Sedan / jeep / station wagon,opposite,92.7%,1733.662,1736.162,2.5,7.2
105715,Car / Sedan,2,Sedan / jeep / station wagon,opposite,91.5%,1733.912,1736.412,2.5,7.2
105831,Motorcycle,1,Motorcycle / 3-wheel vehicle,opposite,71.7%,1735.712,1737.812,2.1,8.6
105829,Motorcycle,1,Motorcycle / 3-wheel vehicle,opposite,89.0%,1736.262,1737.562,1.3,13.8
105835,Motorcycle,1,Motorcycle / 3-wheel vehicle,opposite,61.3%,1736.662,1738.712,2.05,8.8
105678,Car / Sedan,2,Sedan / jeep / station wagon,opposite,93.5%,1738.262,1740.662,2.4,7.5
106037,Motorcycle,1,Motorcycle / 3-wheel vehicle,opposite,69.4%,1739.512,1741.212,1.7,10.6
106002,Car / Sedan,2,Sedan / jeep / station wagon,opposite,92.7%,1739.862,1741.512,1.65,10.9
106058,Motorcycle,1,Motorcycle / 3-wheel vehicle,opposite,85.9%,1740.312,1741.812,1.5,12.0
106069,Motorcycle,1,Motorcycle / 3-wheel vehicle,opposite,71.2%,1741.062,1742.662,1.6,11.3
106104,Motorcycle,1,Motorcycle / 3-wheel vehicle,opposite,87.3%,1741.262,1742.962,1.7,10.6
106028,Car / Sedan,2,Sedan / jeep / station wagon,opposite,93.5%,1741.512,1743.662,2.15,8.4
106140,Motorcycle,1,Motorcycle / 3-wheel vehicle,opposite,87.2%,1741.812,1743.312,1.5,12.0
106264,Car / Sedan,2,Sedan / jeep / station wagon,opposite,84.6%,1743.512,1745.112,1.6,11.3
106258,Public Transportation (Angkot),3,Medium passenger vehicle,opposite,93.0%,1744.612,1746.711,2.1,8.6
106356,Motorcycle,1,Motorcycle / 3-wheel vehicle,opposite,84.5%,1744.762,1745.861,1.1,16.4
106383,Motorcycle,1,Motorcycle / 3-wheel vehicle,opposite,90.4%,1745.461,1746.762,1.3,13.8
106424,Car / Sedan,2,Sedan / jeep / station wagon,opposite,91.4%,1746.711,1749.061,2.35,7.7
106541,Motorcycle,1,Motorcycle / 3-wheel vehicle,normal,79.2%,1748.661,1747.012,1.65,10.9
106560,Motorcycle,1,Motorcycle / 3-wheel vehicle,normal,78.5%,1749.711,1747.711,2.0,9.0
106576,Motorcycle,1,Motorcycle / 3-wheel vehicle,opposite,85.0%,1748.111,1749.661,1.55,11.6
106567,Motorcycle,1,Motorcycle / 3-wheel vehicle,opposite,89.4%,1748.261,1750.011,1.75,10.3
106568,Motorcycle,1,Motorcycle / 3-wheel vehicle,opposite,89.4%,1748.561,1749.861,1.3,13.8
106617,Motorcycle,1,Motorcycle / 3-wheel vehicle,normal,79.9%,1751.411,1748.811,2.6,6.9
106605,Motorcycle,1,Motorcycle / 3-wheel vehicle,opposite,89.0%,1749.111,1750.611,1.5,12.0
106622,Motorcycle,1,Motorcycle / 3-wheel vehicle,opposite,87.1%,1749.161,1750.561,1.4,12.9
106703,Motorcycle,1,Motorcycle / 3-wheel vehicle,normal,84.3%,1751.461,1749.811,1.65,10.9
106722,Motorcycle,1,Motorcycle / 3-wheel vehicle,opposite,86.5%,1750.411,1752.011,1.6,11.3
106720,Motorcycle,1,Motorcycle / 3-wheel vehicle,opposite,89.3%,1750.461,1751.561,1.1,16.4
106736,Motorcycle,1,Motorcycle / 3-wheel vehicle,opposite,81.2%,1750.711,1751.861,1.15,15.7
106761,Motorcycle,1,Motorcycle / 3-wheel vehicle,opposite,86.0%,1751.011,1752.211,1.2,15.0
106762,Motorcycle,1,Motorcycle / 3-wheel vehicle,normal,82.8%,1752.761,1751.211,1.55,11.6
106729,Car / Sedan,2,Sedan / jeep / station wagon,normal,90.9%,1753.761,1751.861,1.9,9.5
106863,Motorcycle,1,Motorcycle / 3-wheel vehicle,opposite,89.2%,1752.211,1752.911,0.7,25.7
106908,Motorcycle,1,Motorcycle / 3-wheel vehicle,opposite,88.9%,1753.261,1754.311,1.05,17.1
106909,Car / Sedan,2,Sedan / jeep / station wagon,opposite,73.3%,1753.861,1755.311,1.45,12.4
107042,Motorcycle,1,Motorcycle / 3-wheel vehicle,opposite,87.6%,1755.311,1756.211,0.9,20.0
107014,Car / Sedan,2,Sedan / jeep / station wagon,opposite,93.5%,1755.761,1757.261,1.5,12.0
107084,Motorcycle,1,Motorcycle / 3-wheel vehicle,normal,83.3%,1761.211,1757.011,4.2,4.3
107166,Motorcycle,1,Motorcycle / 3-wheel vehicle,opposite,88.5%,1757.211,1758.711,1.5,12.0
107030,Motorcycle,1,Motorcycle / 3-wheel vehicle,normal,76.3%,1757.811,1763.961,6.15,2.9
107323,Motorcycle,1,Motorcycle / 3-wheel vehicle,opposite,89.6%,1759.911,1761.211,1.3,13.8
107293,Car / Sedan,2,Sedan / jeep / station wagon,opposite,93.3%,1760.061,1761.711,1.65,10.9
107344,Motorcycle,1,Motorcycle / 3-wheel vehicle,opposite,86.5%,1760.561,1762.761,2.2,8.2
107390,Motorcycle,1,Motorcycle / 3-wheel vehicle,opposite,90.0%,1761.311,1762.561,1.25,14.4
107418,Motorcycle,1,Motorcycle / 3-wheel vehicle,opposite,89.0%,1761.861,1763.261,1.4,12.9
107180,Motorcycle,1,Motorcycle / 3-wheel vehicle,opposite,87.8%,1762.411,1764.511,2.1,8.6
107087,Public Transportation (Angkot),3,Medium passenger vehicle,normal,84.8%,1778.61,1762.911,15.699,1.1
107560,Motorcycle,1,Motorcycle / 3-wheel vehicle,opposite,55.3%,1764.111,1766.511,2.4,7.5
107503,Motorcycle,1,Motorcycle / 3-wheel vehicle,opposite,61.2%,1765.011,1767.21,2.2,8.2
107633,Motorcycle,1,Motorcycle / 3-wheel vehicle,opposite,87.0%,1766.86,1768.86,2.0,9.0
107656,Motorcycle,1,Motorcycle / 3-wheel vehicle,opposite,85.7%,1768.06,1770.21,2.15,8.4
107826,Motorcycle,1,Motorcycle / 3-wheel vehicle,opposite,74.8%,1769.11,1771.51,2.4,7.5
107848,Motorcycle,1,Motorcycle / 3-wheel vehicle,opposite,80.8%,1769.41,1770.86,1.45,12.4
107779,Public Transportation (Angkot),3,Medium passenger vehicle,opposite,93.1%,1771.21,1773.76,2.55,7.1
107993,Motorcycle,1,Motorcycle / 3-wheel vehicle,opposite,85.8%,1771.81,1773.46,1.65,10.9
107668,Car / Sedan,2,Sedan / jeep / station wagon,opposite,92.0%,1773.61,1777.26,3.65,4.9
107974,Motorcycle,1,Motorcycle / 3-wheel vehicle,opposite,84.7%,1773.81,1776.06,2.25,8.0
108085,Motorcycle,1,Motorcycle / 3-wheel vehicle,opposite,88.5%,1774.21,1776.71,2.5,7.2
108098,Motorcycle,1,Motorcycle / 3-wheel vehicle,opposite,89.3%,1774.81,1777.21,2.4,7.5
107987,Motorcycle,1,Motorcycle / 3-wheel vehicle,opposite,82.1%,1774.86,1777.51,2.65,6.8
108335,Pickup / Micro Truck,4,Pickup / micro truck / delivery,opposite,86.2%,1777.96,1780.46,2.5,7.2
108394,Motorcycle,1,Motorcycle / 3-wheel vehicle,opposite,68.4%,1778.71,1779.91,1.2,15.0
108297,Car / Sedan,2,Sedan / jeep / station wagon,opposite,34.7%,1779.21,1781.86,2.65,6.8
107857,Public Transportation (Angkot),3,Medium passenger vehicle,normal,76.8%,1783.26,1779.36,3.9,4.6
108389,Motorcycle,1,Motorcycle / 3-wheel vehicle,opposite,81.5%,1779.61,1781.86,2.25,8.0
108464,Motorcycle,1,Motorcycle / 3-wheel vehicle,opposite,87.1%,1779.61,1781.41,1.8,10.0
108379,Motorcycle,1,Motorcycle / 3-wheel vehicle,opposite,89.7%,1780.16,1782.76,2.6,6.9
108489,Motorcycle,1,Motorcycle / 3-wheel vehicle,opposite,88.2%,1780.51,1782.61,2.1,8.6
108673,Motorcycle,1,Motorcycle / 3-wheel vehicle,normal,56.6%,1781.71,1786.06,4.35,4.1
108703,Public Transportation (Angkot),3,Medium passenger vehicle,opposite,92.8%,1783.56,1785.659,2.1,8.6
108749,Motorcycle,1,Motorcycle / 3-wheel vehicle,opposite,88.2%,1784.909,1786.709,1.8,10.0
108782,Car / Sedan,2,Sedan / jeep / station wagon,normal,87.5%,1788.259,1785.509,2.75,6.5
108803,Pickup / Micro Truck,4,Pickup / micro truck / delivery,opposite,92.9%,1785.659,1787.559,1.9,9.5
109078,Motorcycle,1,Motorcycle / 3-wheel vehicle,normal,45.8%,1789.909,1787.559,2.35,7.7
109029,Public Transportation (Angkot),3,Medium passenger vehicle,opposite,92.2%,1788.209,1790.059,1.85,9.7
109071,Car / Sedan,2,Sedan / jeep / station wagon,opposite,93.5%,1788.659,1790.359,1.7,10.6
109153,Motorcycle,1,Motorcycle / 3-wheel vehicle,opposite,81.8%,1789.559,1791.459,1.9,9.5
109191,Car / Sedan,2,Sedan / jeep / station wagon,opposite,88.9%,1791.009,1792.609,1.6,11.3
109301,Motorcycle,1,Motorcycle / 3-wheel vehicle,opposite,81.3%,1791.259,1792.759,1.5,12.0
109305,Car / Sedan,2,Sedan / jeep / station wagon,opposite,93.1%,1791.859,1793.709,1.85,9.7
109310,Motorcycle,1,Motorcycle / 3-wheel vehicle,opposite,88.7%,1792.109,1793.559,1.45,12.4
109351,Car / Sedan,2,Sedan / jeep / station wagon,normal,60.3%,1795.309,1792.459,2.85,6.3
109373,Motorcycle,1,Motorcycle / 3-wheel vehicle,normal,58.8%,1792.509,1794.559,2.05,8.8
109410,Motorcycle,1,Motorcycle / 3-wheel vehicle,opposite,68.4%,1792.659,1794.009,1.35,13.3
109338,Motorcycle,1,Motorcycle / 3-wheel vehicle,opposite,89.5%,1792.709,1794.109,1.4,12.9
109458,Motorcycle,1,Motorcycle / 3-wheel vehicle,opposite,85.0%,1793.409,1794.659,1.25,14.4
109420,Motorcycle,1,Motorcycle / 3-wheel vehicle,opposite,87.3%,1793.509,1795.059,1.55,11.6
109437,Car / Sedan,2,Sedan / jeep / station wagon,opposite,93.0%,1793.809,1795.659,1.85,9.7
109512,Motorcycle,1,Motorcycle / 3-wheel vehicle,opposite,85.7%,1794.159,1795.709,1.55,11.6
109517,Motorcycle,1,Motorcycle / 3-wheel vehicle,opposite,89.7%,1794.609,1796.109,1.5,12.0
109532,Motorcycle,1,Motorcycle / 3-wheel vehicle,opposite,68.0%,1794.709,1796.409,1.7,10.6
109523,Car / Sedan,2,Sedan / jeep / station wagon,opposite,93.7%,1795.609,1797.509,1.9,9.5
109610,Motorcycle,1,Motorcycle / 3-wheel vehicle,opposite,90.4%,1796.459,1798.959,2.5,7.2
109671,Motorcycle,1,Motorcycle / 3-wheel vehicle,opposite,84.8%,1796.959,1798.859,1.9,9.5
109643,Motorcycle,1,Motorcycle / 3-wheel vehicle,opposite,85.5%,1797.059,1798.809,1.75,10.3
109690,Car / Sedan,2,Sedan / jeep / station wagon,opposite,90.3%,1798.759,1802.609,3.85,4.7
109756,Motorcycle,1,Motorcycle / 3-wheel vehicle,opposite,86.8%,1799.409,1802.109,2.7,6.7
109797,Motorcycle,1,Motorcycle / 3-wheel vehicle,opposite,86.5%,1799.409,1801.759,2.35,7.7
109657,Public Transportation (Angkot),3,Medium passenger vehicle,normal,86.7%,1802.509,1799.909,2.6,6.9
109845,Motorcycle,1,Motorcycle / 3-wheel vehicle,opposite,89.8%,1800.209,1803.309,3.1,5.8
109898,Motorcycle,1,Motorcycle / 3-wheel vehicle,opposite,70.1%,1800.409,1802.209,1.8,10.0
109880,Motorcycle,1,Motorcycle / 3-wheel vehicle,opposite,88.7%,1800.459,1802.859,2.4,7.5
109966,Car / Sedan,2,Sedan / jeep / station wagon,opposite,92.4%,1802.259,1805.559,3.3,5.5
109971,Motorcycle,1,Motorcycle / 3-wheel vehicle,opposite,87.8%,1803.159,1805.609,2.45,7.3
109960,Car / Sedan,2,Sedan / jeep / station wagon,opposite,91.5%,1803.659,1807.108,3.45,5.2
110045,Motorcycle,1,Motorcycle / 3-wheel vehicle,opposite,83.9%,1803.659,1805.659,2.0,9.0
110238,Pickup / Micro Truck,4,Pickup / micro truck / delivery,opposite,72.3%,1806.408,1808.108,1.7,10.6
110214,Car / Sedan,2,Sedan / jeep / station wagon,opposite,93.0%,1806.508,1809.208,2.7,6.7
110208,Car / Sedan,2,Sedan / jeep / station wagon,opposite,92.7%,1807.208,1810.158,2.95,6.1
110271,Motorcycle,1,Motorcycle / 3-wheel vehicle,opposite,78.9%,1807.858,1810.358,2.5,7.2
110240,Motorcycle,1,Motorcycle / 3-wheel vehicle,normal,51.1%,1808.408,1811.308,2.9,6.2
110321,Motorcycle,1,Motorcycle / 3-wheel vehicle,opposite,83.3%,1808.558,1810.358,1.8,10.0
110342,Motorcycle,1,Motorcycle / 3-wheel vehicle,opposite,85.3%,1809.258,1811.708,2.45,7.3
110412,Motorcycle,1,Motorcycle / 3-wheel vehicle,opposite,86.8%,1809.608,1811.608,2.0,9.0
110479,Motorcycle,1,Motorcycle / 3-wheel vehicle,opposite,83.2%,1810.558,1812.558,2.0,9.0
110338,Car / Sedan,2,Sedan / jeep / station wagon,opposite,93.6%,1811.208,1814.158,2.95,6.1
110567,Motorcycle,1,Motorcycle / 3-wheel vehicle,opposite,81.2%,1811.858,1814.108,2.25,8.0
110535,Motorcycle,1,Motorcycle / 3-wheel vehicle,opposite,88.8%,1811.958,1813.958,2.0,9.0
110576,Motorcycle,1,Motorcycle / 3-wheel vehicle,opposite,73.6%,1812.608,1814.358,1.75,10.3
110601,Motorcycle,1,Motorcycle / 3-wheel vehicle,opposite,87.6%,1812.708,1814.858,2.15,8.4
110668,Motorcycle,1,Motorcycle / 3-wheel vehicle,opposite,79.3%,1813.608,1815.608,2.0,9.0
110680,Motorcycle,1,Motorcycle / 3-wheel vehicle,opposite,83.3%,1814.608,1816.608,2.0,9.0
110580,Car / Sedan,2,Sedan / jeep / station wagon,opposite,92.5%,1814.858,1817.158,2.3,7.8
110779,Motorcycle,1,Motorcycle / 3-wheel vehicle,opposite,86.5%,1815.408,1817.358,1.95,9.2
110736,Motorcycle,1,Motorcycle / 3-wheel vehicle,opposite,88.8%,1816.458,1818.308,1.85,9.7
110780,Car / Sedan,2,Sedan / jeep / station wagon,opposite,92.8%,1819.008,1821.208,2.2,8.2
111019,Car / Sedan,2,Sedan / jeep / station wagon,opposite,93.0%,1821.358,1823.158,1.8,10.0
111038,Car / Sedan,2,Sedan / jeep / station wagon,opposite,92.7%,1821.558,1823.308,1.75,10.3
111102,Motorcycle,1,Motorcycle / 3-wheel vehicle,opposite,86.9%,1822.508,1824.908,2.4,7.5
111151,Motorcycle,1,Motorcycle / 3-wheel vehicle,opposite,81.3%,1823.408,1824.707,1.3,13.8
110936,Car / Sedan,2,Sedan / jeep / station wagon,opposite,52.6%,1824.757,1826.257,1.5,12.0
111152,Public Transportation (Angkot),3,Medium passenger vehicle,opposite,92.4%,1824.807,1826.607,1.8,10.0
111194,2-Axle Truck (Jumbo),6,2-Axle Truck,opposite,92.5%,1826.957,1828.457,1.5,12.0
111344,Public Transportation (Angkot),3,Medium passenger vehicle,opposite,92.7%,1828.607,1830.457,1.85,9.7
111421,Car / Sedan,2,Sedan / jeep / station wagon,opposite,92.8%,1830.157,1831.707,1.55,11.6
111450,Pickup / Micro Truck,4,Pickup / micro truck / delivery,normal,30.1%,1836.057,1830.857,5.2,3.5
111539,Motorcycle,1,Motorcycle / 3-wheel vehicle,opposite,84.4%,1831.107,1832.157,1.05,17.1
111505,Car / Sedan,2,Sedan / jeep / station wagon,opposite,93.2%,1831.257,1832.857,1.6,11.3
111590,Motorcycle,1,Motorcycle / 3-wheel vehicle,opposite,83.4%,1832.207,1833.307,1.1,16.4
111577,Car / Sedan,2,Sedan / jeep / station wagon,opposite,93.5%,1833.157,1834.757,1.6,11.3
111740,Motorcycle,1,Motorcycle / 3-wheel vehicle,normal,82.2%,1837.807,1834.807,3.0,6.0
111697,Car / Sedan,2,Sedan / jeep / station wagon,opposite,91.8%,1835.457,1837.007,1.55,11.6
111761,Motorcycle,1,Motorcycle / 3-wheel vehicle,opposite,86.8%,1835.857,1837.057,1.2,15.0
111817,Car / Sedan,2,Sedan / jeep / station wagon,opposite,93.6%,1837.857,1839.257,1.4,12.9
111887,Car / Sedan,2,Sedan / jeep / station wagon,opposite,93.5%,1838.907,1840.107,1.2,15.0
112001,Motorcycle,1,Motorcycle / 3-wheel vehicle,opposite,88.7%,1841.007,1841.907,0.9,20.0
112020,Motorcycle,1,Motorcycle / 3-wheel vehicle,opposite,88.5%,1841.257,1842.007,0.75,24.0
112062,Motorcycle,1,Motorcycle / 3-wheel vehicle,opposite,87.0%,1842.107,1843.107,1.0,18.0
111916,Motorcycle,1,Motorcycle / 3-wheel vehicle,opposite,87.2%,1842.407,1844.306,1.9,9.5
111986,Motorcycle,1,Motorcycle / 3-wheel vehicle,opposite,88.0%,1843.057,1844.756,1.7,10.6
112066,Motorcycle,1,Motorcycle / 3-wheel vehicle,opposite,88.1%,1843.857,1845.756,1.9,9.5
112097,Motorcycle,1,Motorcycle / 3-wheel vehicle,opposite,89.7%,1845.056,1846.756,1.7,10.6
112031,Car / Sedan,2,Sedan / jeep / station wagon,opposite,93.2%,1846.056,1848.456,2.4,7.5
112281,Motorcycle,1,Motorcycle / 3-wheel vehicle,opposite,90.0%,1847.606,1850.006,2.4,7.5
112292,Motorcycle,1,Motorcycle / 3-wheel vehicle,opposite,86.2%,1847.606,1848.856,1.25,14.4
112496,Motorcycle,1,Motorcycle / 3-wheel vehicle,opposite,83.6%,1851.356,1852.356,1.0,18.0
112530,Motorcycle,1,Motorcycle / 3-wheel vehicle,opposite,89.2%,1852.106,1853.156,1.05,17.1
112085,2-Axle Truck (Jumbo),6,2-Axle Truck,normal,90.5%,1854.856,1852.456,2.4,7.5
112622,Motorcycle,1,Motorcycle / 3-wheel vehicle,opposite,89.2%,1853.756,1854.706,0.95,18.9
112663,Motorcycle,1,Motorcycle / 3-wheel vehicle,opposite,89.5%,1854.356,1855.306,0.95,18.9
112740,Motorcycle,1,Motorcycle / 3-wheel vehicle,opposite,90.2%,1855.606,1856.506,0.9,20.0
112768,Motorcycle,1,Motorcycle / 3-wheel vehicle,normal,80.1%,1857.506,1855.906,1.6,11.2
112698,Motorcycle,1,Motorcycle / 3-wheel vehicle,normal,76.5%,1857.256,1856.306,0.95,18.9
112294,Car / Sedan,2,Sedan / jeep / station wagon,normal,76.2%,1858.456,1856.756,1.7,10.6
112809,Motorcycle,1,Motorcycle / 3-wheel vehicle,opposite,88.5%,1856.956,1857.906,0.95,18.9
112863,Motorcycle,1,Motorcycle / 3-wheel vehicle,normal,82.0%,1859.656,1858.306,1.35,13.3
112887,Motorcycle,1,Motorcycle / 3-wheel vehicle,opposite,90.0%,1858.406,1859.306,0.9,20.0
112894,Motorcycle,1,Motorcycle / 3-wheel vehicle,opposite,89.1%,1858.606,1859.506,0.9,20.0
112838,Motorcycle,1,Motorcycle / 3-wheel vehicle,normal,85.0%,1860.456,1859.006,1.45,12.4
112866,Motorcycle,1,Motorcycle / 3-wheel vehicle,normal,85.6%,1860.406,1859.356,1.05,17.1
112972,Motorcycle,1,Motorcycle / 3-wheel vehicle,opposite,87.4%,1860.356,1861.306,0.95,18.9
112906,Motorcycle,1,Motorcycle / 3-wheel vehicle,normal,83.7%,1862.856,1860.656,2.2,8.2
112973,Motorcycle,1,Motorcycle / 3-wheel vehicle,normal,70.7%,1861.606,1860.706,0.9,20.0
112901,Car / Sedan,2,Sedan / jeep / station wagon,normal,90.2%,1862.306,1861.156,1.15,15.7
113056,Motorcycle,1,Motorcycle / 3-wheel vehicle,opposite,89.1%,1861.956,1862.806,0.85,21.2
113089,Motorcycle,1,Motorcycle / 3-wheel vehicle,normal,48.0%,1864.706,1862.506,2.2,8.2
112996,Motorcycle,1,Motorcycle / 3-wheel vehicle,normal,88.2%,1863.656,1862.556,1.1,16.4
113105,Motorcycle,1,Motorcycle / 3-wheel vehicle,normal,83.6%,1864.305,1863.056,1.25,14.4
113110,Motorcycle,1,Motorcycle / 3-wheel vehicle,opposite,89.1%,1863.456,1864.406,0.95,18.9
113115,Motorcycle,1,Motorcycle / 3-wheel vehicle,opposite,88.7%,1863.456,1864.255,0.8,22.5
113145,Motorcycle,1,Motorcycle / 3-wheel vehicle,opposite,90.7%,1863.605,1864.355,0.75,24.0
113133,Motorcycle,1,Motorcycle / 3-wheel vehicle,normal,73.4%,1865.905,1863.755,2.15,8.4
113060,Car / Sedan,2,Sedan / jeep / station wagon,normal,82.0%,1865.156,1864.105,1.05,17.1
113203,Motorcycle,1,Motorcycle / 3-wheel vehicle,normal,70.1%,1867.555,1864.855,2.7,6.7
113209,Motorcycle,1,Motorcycle / 3-wheel vehicle,opposite,89.7%,1865.305,1866.005,0.7,25.7
113204,Motorcycle,1,Motorcycle / 3-wheel vehicle,normal,30.3%,1868.455,1865.456,3.0,6.0
113198,Motorcycle,1,Motorcycle / 3-wheel vehicle,normal,78.4%,1869.105,1865.955,3.15,5.7
113132,Motorcycle,1,Motorcycle / 3-wheel vehicle,normal,81.3%,1869.305,1866.355,2.95,6.1
113286,Motorcycle,1,Motorcycle / 3-wheel vehicle,opposite,88.4%,1867.155,1868.155,1.0,18.0
113393,Motorcycle,1,Motorcycle / 3-wheel vehicle,opposite,89.8%,1870.055,1871.005,0.95,18.9
113352,Motorcycle,1,Motorcycle / 3-wheel vehicle,normal,74.1%,1872.755,1870.155,2.6,6.9
113380,Motorcycle,1,Motorcycle / 3-wheel vehicle,normal,56.4%,1873.655,1870.805,2.85,6.3
113429,Motorcycle,1,Motorcycle / 3-wheel vehicle,opposite,88.8%,1871.005,1871.905,0.9,20.0
113385,Pickup / Micro Truck,4,Pickup / micro truck / delivery,opposite,93.2%,1871.455,1873.005,1.55,11.6
113413,Motorcycle,1,Motorcycle / 3-wheel vehicle,normal,69.5%,1874.455,1871.755,2.7,6.7
113441,Motorcycle,1,Motorcycle / 3-wheel vehicle,opposite,90.6%,1872.505,1874.055,1.55,11.6
113507,Motorcycle,1,Motorcycle / 3-wheel vehicle,opposite,88.9%,1872.805,1873.705,0.9,20.0
113519,Motorcycle,1,Motorcycle / 3-wheel vehicle,opposite,88.4%,1873.505,1874.455,0.95,18.9
113552,Motorcycle,1,Motorcycle / 3-wheel vehicle,opposite,82.9%,1873.705,1874.655,0.95,18.9
113566,Motorcycle,1,Motorcycle / 3-wheel vehicle,opposite,88.5%,1873.955,1875.205,1.25,14.4
113591,Motorcycle,1,Motorcycle / 3-wheel vehicle,opposite,88.2%,1874.655,1875.705,1.05,17.1
113501,Motorcycle,1,Motorcycle / 3-wheel vehicle,normal,85.9%,1877.055,1874.855,2.2,8.2
113659,Motorcycle,1,Motorcycle / 3-wheel vehicle,opposite,88.1%,1875.355,1876.405,1.05,17.1
113656,Motorcycle,1,Motorcycle / 3-wheel vehicle,opposite,89.3%,1875.505,1876.555,1.05,17.1
113632,Motorcycle,1,Motorcycle / 3-wheel vehicle,opposite,88.8%,1876.255,1877.705,1.45,12.4
113733,Motorcycle,1,Motorcycle / 3-wheel vehicle,opposite,89.4%,1876.605,1877.505,0.9,20.0
113720,Motorcycle,1,Motorcycle / 3-wheel vehicle,normal,85.4%,1878.755,1876.655,2.1,8.6
113744,Motorcycle,1,Motorcycle / 3-wheel vehicle,opposite,89.7%,1876.855,1877.855,1.0,18.0
113769,Motorcycle,1,Motorcycle / 3-wheel vehicle,opposite,89.6%,1877.305,1878.755,1.45,12.4
113760,Motorcycle,1,Motorcycle / 3-wheel vehicle,opposite,90.2%,1877.905,1879.555,1.65,10.9
113761,Motorcycle,1,Motorcycle / 3-wheel vehicle,opposite,90.4%,1878.155,1879.455,1.3,13.8
113837,Motorcycle,1,Motorcycle / 3-wheel vehicle,opposite,90.9%,1879.905,1881.105,1.2,15.0
113856,Motorcycle,1,Motorcycle / 3-wheel vehicle,opposite,88.3%,1880.005,1881.105,1.1,16.4
113849,Car / Sedan,2,Sedan / jeep / station wagon,normal,34.0%,1881.505,1880.505,1.0,18.0
113838,Car / Sedan,2,Sedan / jeep / station wagon,normal,90.0%,1882.255,1881.005,1.25,14.4
113929,Motorcycle,1,Motorcycle / 3-wheel vehicle,opposite,86.9%,1881.955,1882.955,1.0,18.0
113938,Motorcycle,1,Motorcycle / 3-wheel vehicle,opposite,88.1%,1882.055,1883.105,1.05,17.1
113996,Motorcycle,1,Motorcycle / 3-wheel vehicle,opposite,86.6%,1882.855,1883.905,1.05,17.1
113891,Car / Sedan,2,Sedan / jeep / station wagon,normal,90.7%,1884.354,1883.055,1.3,13.8
113962,Car / Sedan,2,Sedan / jeep / station wagon,opposite,93.8%,1883.105,1884.755,1.65,10.9
114045,Motorcycle,1,Motorcycle / 3-wheel vehicle,opposite,87.7%,1883.505,1884.604,1.1,16.4
113925,Motorcycle,1,Motorcycle / 3-wheel vehicle,normal,85.0%,1885.704,1884.304,1.4,12.9
114073,Motorcycle,1,Motorcycle / 3-wheel vehicle,opposite,88.8%,1884.505,1885.704,1.2,15.0
114167,Motorcycle,1,Motorcycle / 3-wheel vehicle,opposite,87.2%,1886.204,1887.204,1.0,18.0
114161,Motorcycle,1,Motorcycle / 3-wheel vehicle,opposite,87.9%,1886.304,1887.404,1.1,16.4
114166,Motorcycle,1,Motorcycle / 3-wheel vehicle,normal,58.3%,1889.354,1887.054,2.3,7.8
114305,Motorcycle,1,Motorcycle / 3-wheel vehicle,opposite,89.6%,1888.704,1889.604,0.9,20.0
114194,Car / Sedan,2,Sedan / jeep / station wagon,normal,84.0%,1891.804,1889.404,2.4,7.5
114337,Motorcycle,1,Motorcycle / 3-wheel vehicle,opposite,86.5%,1889.454,1890.904,1.45,12.4
114218,Motorcycle,1,Motorcycle / 3-wheel vehicle,opposite,84.7%,1889.504,1891.154,1.65,10.9
114344,Motorcycle,1,Motorcycle / 3-wheel vehicle,opposite,87.7%,1889.654,1890.704,1.05,17.1
114362,Motorcycle,1,Motorcycle / 3-wheel vehicle,opposite,90.1%,1889.754,1890.504,0.75,24.0
114436,Motorcycle,1,Motorcycle / 3-wheel vehicle,opposite,88.8%,1891.404,1892.404,1.0,18.0
114416,Motorcycle,1,Motorcycle / 3-wheel vehicle,normal,84.3%,1892.954,1891.904,1.05,17.1
114474,Motorcycle,1,Motorcycle / 3-wheel vehicle,opposite,91.2%,1892.054,1893.004,0.95,18.9
114506,Motorcycle,1,Motorcycle / 3-wheel vehicle,normal,68.8%,1893.304,1892.254,1.05,17.1
114465,Motorcycle,1,Motorcycle / 3-wheel vehicle,opposite,89.3%,1892.504,1893.404,0.9,20.0
114527,Motorcycle,1,Motorcycle / 3-wheel vehicle,normal,85.2%,1893.854,1893.104,0.75,24.0
114564,Motorcycle,1,Motorcycle / 3-wheel vehicle,opposite,88.2%,1893.754,1894.704,0.95,18.9
114573,Motorcycle,1,Motorcycle / 3-wheel vehicle,normal,86.0%,1895.604,1894.404,1.2,15.0
114624,Motorcycle,1,Motorcycle / 3-wheel vehicle,opposite,90.5%,1894.554,1895.404,0.85,21.2
114640,Motorcycle,1,Motorcycle / 3-wheel vehicle,opposite,75.3%,1894.854,1895.654,0.8,22.5
114663,Motorcycle,1,Motorcycle / 3-wheel vehicle,opposite,88.9%,1895.054,1895.954,0.9,20.0
114683,Motorcycle,1,Motorcycle / 3-wheel vehicle,opposite,88.7%,1895.354,1896.104,0.75,24.0
114703,Motorcycle,1,Motorcycle / 3-wheel vehicle,normal,84.9%,1897.254,1896.004,1.25,14.4
114843,Car / Sedan,2,Sedan / jeep / station wagon,opposite,93.3%,1898.054,1898.854,0.8,22.5
114657,Pickup / Micro Truck,4,Pickup / micro truck / delivery,normal,87.7%,1900.004,1898.304,1.7,10.6
114875,Motorcycle,1,Motorcycle / 3-wheel vehicle,opposite,88.4%,1898.404,1899.254,0.85,21.2
114887,Motorcycle,1,Motorcycle / 3-wheel vehicle,opposite,89.9%,1898.704,1899.554,0.85,21.2
114896,Motorcycle,1,Motorcycle / 3-wheel vehicle,opposite,88.9%,1898.754,1899.504,0.75,24.0
114900,Motorcycle,1,Motorcycle / 3-wheel vehicle,opposite,87.7%,1899.004,1899.604,0.6,30.0
114948,Motorcycle,1,Motorcycle / 3-wheel vehicle,opposite,86.5%,1899.754,1900.504,0.75,24.0
114981,Motorcycle,1,Motorcycle / 3-wheel vehicle,opposite,86.6%,1899.904,1900.704,0.8,22.5
114997,Motorcycle,1,Motorcycle / 3-wheel vehicle,opposite,90.4%,1900.154,1900.954,0.8,22.5
114911,Motorcycle,1,Motorcycle / 3-wheel vehicle,opposite,89.8%,1900.254,1901.054,0.8,22.5
115087,Motorcycle,1,Motorcycle / 3-wheel vehicle,opposite,88.1%,1901.154,1901.904,0.75,24.0
115099,Motorcycle,1,Motorcycle / 3-wheel vehicle,opposite,88.5%,1901.254,1901.954,0.7,25.7
114921,Car / Sedan,2,Sedan / jeep / station wagon,normal,73.2%,1902.454,1901.804,0.65,27.7
115147,Motorcycle,1,Motorcycle / 3-wheel vehicle,opposite,89.3%,1902.104,1902.904,0.8,22.5
115172,Motorcycle,1,Motorcycle / 3-wheel vehicle,opposite,86.8%,1902.254,1903.004,0.75,24.0
115190,Motorcycle,1,Motorcycle / 3-wheel vehicle,opposite,88.1%,1902.654,1903.454,0.8,22.5
115240,Motorcycle,1,Motorcycle / 3-wheel vehicle,opposite,86.0%,1903.353,1904.303,0.95,18.9
115178,Motorcycle,1,Motorcycle / 3-wheel vehicle,normal,89.4%,1903.504,1906.603,3.1,5.8
115258,Motorcycle,1,Motorcycle / 3-wheel vehicle,opposite,81.1%,1903.903,1904.704,0.8,22.5
115315,Motorcycle,1,Motorcycle / 3-wheel vehicle,opposite,86.6%,1904.553,1905.353,0.8,22.5
115266,Motorcycle,1,Motorcycle / 3-wheel vehicle,normal,78.4%,1905.653,1904.603,1.05,17.1
115291,Motorcycle,1,Motorcycle / 3-wheel vehicle,opposite,67.8%,1904.653,1905.453,0.8,22.5
115308,Motorcycle,1,Motorcycle / 3-wheel vehicle,opposite,89.5%,1904.754,1905.503,0.75,24.0
115286,Motorcycle,1,Motorcycle / 3-wheel vehicle,normal,34.6%,1906.253,1904.754,1.5,12.0
115352,Motorcycle,1,Motorcycle / 3-wheel vehicle,opposite,65.3%,1904.953,1905.703,0.75,24.0
115336,Motorcycle,1,Motorcycle / 3-wheel vehicle,opposite,85.0%,1905.153,1905.903,0.75,24.0
115335,Motorcycle,1,Motorcycle / 3-wheel vehicle,opposite,87.0%,1905.253,1905.903,0.65,27.7
115387,Motorcycle,1,Motorcycle / 3-wheel vehicle,opposite,76.4%,1906.153,1906.953,0.8,22.5
115376,Motorcycle,1,Motorcycle / 3-wheel vehicle,opposite,69.8%,1906.503,1907.303,0.8,22.5
115421,Motorcycle,1,Motorcycle / 3-wheel vehicle,opposite,88.5%,1906.853,1907.503,0.65,27.7
115435,Motorcycle,1,Motorcycle / 3-wheel vehicle,opposite,82.8%,1906.953,1907.753,0.8,22.5
115334,Motorcycle,1,Motorcycle / 3-wheel vehicle,opposite,89.8%,1907.753,1908.503,0.75,24.0
115504,Motorcycle,1,Motorcycle / 3-wheel vehicle,opposite,87.8%,1907.803,1908.703,0.9,20.0
115509,Motorcycle,1,Motorcycle / 3-wheel vehicle,normal,83.7%,1907.953,1911.953,4.0,4.5
115508,Motorcycle,1,Motorcycle / 3-wheel vehicle,opposite,88.9%,1908.053,1908.903,0.85,21.2
115559,Motorcycle,1,Motorcycle / 3-wheel vehicle,opposite,90.8%,1908.803,1909.603,0.8,22.5
115568,Motorcycle,1,Motorcycle / 3-wheel vehicle,normal,84.7%,1911.703,1908.803,2.9,6.2
115655,Car / Sedan,2,Sedan / jeep / station wagon,opposite,93.3%,1910.353,1911.203,0.85,21.2
115685,Motorcycle,1,Motorcycle / 3-wheel vehicle,opposite,85.9%,1910.653,1911.553,0.9,20.0
115604,Motorcycle,1,Motorcycle / 3-wheel vehicle,normal,43.5%,1912.303,1910.903,1.4,12.9
115758,Motorcycle,1,Motorcycle / 3-wheel vehicle,opposite,87.2%,1911.553,1912.303,0.75,24.0
115750,Car / Sedan,2,Sedan / jeep / station wagon,opposite,90.5%,1911.603,1912.353,0.75,24.0
115727,Motorcycle,1,Motorcycle / 3-wheel vehicle,normal,77.1%,1913.503,1912.103,1.4,12.9
115774,Motorcycle,1,Motorcycle / 3-wheel vehicle,opposite,89.8%,1912.253,1913.053,0.8,22.5
115798,Motorcycle,1,Motorcycle / 3-wheel vehicle,opposite,89.2%,1912.903,1913.753,0.85,21.2
115775,Motorcycle,1,Motorcycle / 3-wheel vehicle,normal,85.3%,1915.553,1913.003,2.55,7.1
115819,Motorcycle,1,Motorcycle / 3-wheel vehicle,opposite,83.9%,1913.253,1914.553,1.3,13.8
115820,Motorcycle,1,Motorcycle / 3-wheel vehicle,opposite,89.6%,1913.403,1914.253,0.85,21.2
115818,Motorcycle,1,Motorcycle / 3-wheel vehicle,normal,82.0%,1916.153,1913.603,2.55,7.1
115840,Motorcycle,1,Motorcycle / 3-wheel vehicle,normal,60.1%,1915.153,1913.653,1.5,12.0
115802,Car / Sedan,2,Sedan / jeep / station wagon,opposite,91.3%,1914.553,1915.353,0.8,22.5
115907,Motorcycle,1,Motorcycle / 3-wheel vehicle,opposite,80.1%,1914.603,1915.903,1.3,13.8
115934,Motorcycle,1,Motorcycle / 3-wheel vehicle,opposite,85.9%,1915.053,1916.403,1.35,13.3
115946,Motorcycle,1,Motorcycle / 3-wheel vehicle,opposite,88.3%,1915.153,1916.103,0.95,18.9
115866,Motorcycle,1,Motorcycle / 3-wheel vehicle,normal,82.1%,1917.453,1915.153,2.3,7.8
115927,Motorcycle,1,Motorcycle / 3-wheel vehicle,normal,73.4%,1918.353,1915.253,3.1,5.8
116004,Motorcycle,1,Motorcycle / 3-wheel vehicle,opposite,87.2%,1915.753,1916.703,0.95,18.9
115997,Motorcycle,1,Motorcycle / 3-wheel vehicle,opposite,89.1%,1915.803,1916.653,0.85,21.2
115951,Motorcycle,1,Motorcycle / 3-wheel vehicle,normal,84.8%,1918.553,1915.903,2.65,6.8
116066,Motorcycle,1,Motorcycle / 3-wheel vehicle,opposite,82.2%,1916.203,1917.153,0.95,18.9
116080,Motorcycle,1,Motorcycle / 3-wheel vehicle,opposite,86.6%,1916.253,1917.153,0.9,20.0
116057,Motorcycle,1,Motorcycle / 3-wheel vehicle,opposite,86.0%,1916.303,1917.253,0.95,18.9
116065,Motorcycle,1,Motorcycle / 3-wheel vehicle,opposite,86.4%,1916.503,1917.553,1.05,17.1
116041,Motorcycle,1,Motorcycle / 3-wheel vehicle,opposite,88.5%,1916.853,1917.853,1.0,18.0
116108,Motorcycle,1,Motorcycle / 3-wheel vehicle,opposite,88.8%,1917.053,1918.003,0.95,18.9
116047,Motorcycle,1,Motorcycle / 3-wheel vehicle,normal,77.8%,1919.303,1917.203,2.1,8.6
116144,Motorcycle,1,Motorcycle / 3-wheel vehicle,opposite,81.6%,1917.503,1918.503,1.0,18.0
116090,Motorcycle,1,Motorcycle / 3-wheel vehicle,opposite,88.1%,1918.253,1919.903,1.65,10.9
116209,Motorcycle,1,Motorcycle / 3-wheel vehicle,opposite,87.4%,1918.303,1919.303,1.0,18.0
116177,Motorcycle,1,Motorcycle / 3-wheel vehicle,normal,86.4%,1920.203,1918.403,1.8,10.0
116220,Motorcycle,1,Motorcycle / 3-wheel vehicle,opposite,86.4%,1918.853,1919.853,1.0,18.0
116315,Motorcycle,1,Motorcycle / 3-wheel vehicle,opposite,89.1%,1919.853,1920.653,0.8,22.5
116486,Motorcycle,1,Motorcycle / 3-wheel vehicle,opposite,89.5%,1922.953,1923.703,0.75,24.0
116504,Motorcycle,1,Motorcycle / 3-wheel vehicle,opposite,89.1%,1923.352,1924.102,0.75,24.0
116558,Motorcycle,1,Motorcycle / 3-wheel vehicle,opposite,90.2%,1924.152,1924.852,0.7,25.7
116605,Motorcycle,1,Motorcycle / 3-wheel vehicle,opposite,87.7%,1924.652,1925.302,0.65,27.7
116441,Motorcycle,1,Motorcycle / 3-wheel vehicle,opposite,89.2%,1924.852,1926.852,2.0,9.0
116623,Motorcycle,1,Motorcycle / 3-wheel vehicle,opposite,88.9%,1925.002,1925.902,0.9,20.0
116656,Motorcycle,1,Motorcycle / 3-wheel vehicle,opposite,87.3%,1925.452,1926.302,0.85,21.2
116657,Motorcycle,1,Motorcycle / 3-wheel vehicle,opposite,88.8%,1925.452,1926.152,0.7,25.7
116679,Motorcycle,1,Motorcycle / 3-wheel vehicle,opposite,76.5%,1925.902,1926.852,0.95,18.9
116707,Motorcycle,1,Motorcycle / 3-wheel vehicle,opposite,84.7%,1926.402,1927.202,0.8,22.5
116515,Car / Sedan,2,Sedan / jeep / station wagon,opposite,93.0%,1928.152,1930.302,2.15,8.4
116766,Motorcycle,1,Motorcycle / 3-wheel vehicle,opposite,88.0%,1929.302,1930.902,1.6,11.3
116831,Motorcycle,1,Motorcycle / 3-wheel vehicle,opposite,85.1%,1929.952,1931.652,1.7,10.6
116961,Motorcycle,1,Motorcycle / 3-wheel vehicle,opposite,88.2%,1930.702,1931.502,0.8,22.5
116803,Car / Sedan,2,Sedan / jeep / station wagon,opposite,93.3%,1931.502,1933.252,1.75,10.3
116993,Motorcycle,1,Motorcycle / 3-wheel vehicle,opposite,89.7%,1931.602,1932.452,0.85,21.2
116967,Motorcycle,1,Motorcycle / 3-wheel vehicle,opposite,89.2%,1932.802,1934.252,1.45,12.4
117065,Motorcycle,1,Motorcycle / 3-wheel vehicle,opposite,66.1%,1933.252,1935.152,1.9,9.5
117098,Motorcycle,1,Motorcycle / 3-wheel vehicle,opposite,87.1%,1934.052,1935.452,1.4,12.9
117040,Car / Sedan,2,Sedan / jeep / station wagon,opposite,92.2%,1934.802,1936.452,1.65,10.9
117146,Motorcycle,1,Motorcycle / 3-wheel vehicle,opposite,77.2%,1935.302,1936.452,1.15,15.7
117115,Motorcycle,1,Motorcycle / 3-wheel vehicle,opposite,66.2%,1935.452,1937.152,1.7,10.6
117189,Motorcycle,1,Motorcycle / 3-wheel vehicle,opposite,80.2%,1936.252,1937.502,1.25,14.4
117214,Motorcycle,1,Motorcycle / 3-wheel vehicle,opposite,84.0%,1936.902,1938.102,1.2,15.0
117217,Motorcycle,1,Motorcycle / 3-wheel vehicle,opposite,89.0%,1937.052,1938.052,1.0,18.0
117265,Motorcycle,1,Motorcycle / 3-wheel vehicle,opposite,88.2%,1937.902,1938.952,1.05,17.1
117135,Car / Sedan,2,Sedan / jeep / station wagon,opposite,67.0%,1938.152,1940.052,1.9,9.5
117308,Motorcycle,1,Motorcycle / 3-wheel vehicle,opposite,89.8%,1938.552,1939.552,1.0,18.0
117239,Motorcycle,1,Motorcycle / 3-wheel vehicle,opposite,85.2%,1939.052,1940.602,1.55,11.6
117350,Motorcycle,1,Motorcycle / 3-wheel vehicle,opposite,87.0%,1939.302,1940.352,1.05,17.1
117408,Motorcycle,1,Motorcycle / 3-wheel vehicle,opposite,88.0%,1940.552,1941.802,1.25,14.4
117428,Motorcycle,1,Motorcycle / 3-wheel vehicle,opposite,90.0%,1940.552,1941.752,1.2,15.0
117418,Motorcycle,1,Motorcycle / 3-wheel vehicle,opposite,86.3%,1940.652,1941.802,1.15,15.7
117465,Motorcycle,1,Motorcycle / 3-wheel vehicle,opposite,81.2%,1941.252,1942.302,1.05,17.1
117479,Motorcycle,1,Motorcycle / 3-wheel vehicle,opposite,83.7%,1941.352,1942.402,1.05,17.1
117475,Motorcycle,1,Motorcycle / 3-wheel vehicle,opposite,88.5%,1941.602,1942.701,1.1,16.4
117508,Motorcycle,1,Motorcycle / 3-wheel vehicle,opposite,84.0%,1942.202,1943.201,1.0,18.0
117531,Motorcycle,1,Motorcycle / 3-wheel vehicle,opposite,88.6%,1942.651,1943.851,1.2,15.0
117332,Car / Sedan,2,Sedan / jeep / station wagon,normal,77.2%,1946.051,1942.851,3.2,5.6
117551,Public Transportation (Angkot),3,Medium passenger vehicle,opposite,93.9%,1943.601,1944.851,1.25,14.4
117611,Car / Sedan,2,Sedan / jeep / station wagon,opposite,89.0%,1943.901,1946.101,2.2,8.2
117659,Motorcycle,1,Motorcycle / 3-wheel vehicle,opposite,85.4%,1944.751,1945.951,1.2,15.0
117653,Car / Sedan,2,Sedan / jeep / station wagon,opposite,85.7%,1945.801,1947.801,2.0,9.0
117724,Motorcycle,1,Motorcycle / 3-wheel vehicle,opposite,84.8%,1945.901,1947.101,1.2,15.0
117758,Motorcycle,1,Motorcycle / 3-wheel vehicle,opposite,87.4%,1946.251,1947.301,1.05,17.1
117817,Motorcycle,1,Motorcycle / 3-wheel vehicle,opposite,89.9%,1947.101,1948.201,1.1,16.4
117834,Motorcycle,1,Motorcycle / 3-wheel vehicle,opposite,74.4%,1947.251,1948.501,1.25,14.4
117844,Motorcycle,1,Motorcycle / 3-wheel vehicle,opposite,89.9%,1947.801,1949.001,1.2,15.0
117816,Car / Sedan,2,Sedan / jeep / station wagon,opposite,93.4%,1948.001,1949.851,1.85,9.7
117920,Motorcycle,1,Motorcycle / 3-wheel vehicle,opposite,87.3%,1948.701,1949.901,1.2,15.0
117904,2-Axle Truck (Jumbo),6,2-Axle Truck,normal,75.6%,1951.851,1949.251,2.6,6.9
117953,Motorcycle,1,Motorcycle / 3-wheel vehicle,opposite,87.4%,1949.351,1950.501,1.15,15.7
117957,Motorcycle,1,Motorcycle / 3-wheel vehicle,opposite,88.6%,1949.451,1950.501,1.05,17.1
117959,Car / Sedan,2,Sedan / jeep / station wagon,opposite,92.7%,1950.301,1951.901,1.6,11.3
118014,Motorcycle,1,Motorcycle / 3-wheel vehicle,opposite,86.7%,1950.701,1951.751,1.05,17.1
118049,Motorcycle,1,Motorcycle / 3-wheel vehicle,opposite,85.3%,1951.501,1952.601,1.1,16.4
118033,Car / Sedan,2,Sedan / jeep / station wagon,opposite,91.0%,1952.001,1953.501,1.5,12.0
118077,Motorcycle,1,Motorcycle / 3-wheel vehicle,normal,71.8%,1955.651,1952.101,3.55,5.1
118086,Motorcycle,1,Motorcycle / 3-wheel vehicle,opposite,86.5%,1952.401,1953.601,1.2,15.0
118087,Motorcycle,1,Motorcycle / 3-wheel vehicle,opposite,84.8%,1952.401,1953.451,1.05,17.1
118126,Motorcycle,1,Motorcycle / 3-wheel vehicle,opposite,90.0%,1953.201,1954.251,1.05,17.1
118170,Motorcycle,1,Motorcycle / 3-wheel vehicle,opposite,85.0%,1953.551,1954.801,1.25,14.4
118252,Motorcycle,1,Motorcycle / 3-wheel vehicle,opposite,89.1%,1954.651,1955.851,1.2,15.0
118311,Motorcycle,1,Motorcycle / 3-wheel vehicle,opposite,85.2%,1955.601,1956.801,1.2,15.0
118309,Motorcycle,1,Motorcycle / 3-wheel vehicle,opposite,56.5%,1955.651,1956.551,0.9,20.0
118269,2-Axle Truck (Jumbo),6,2-Axle Truck,opposite,85.0%,1955.701,1957.151,1.45,12.4
118426,Motorcycle,1,Motorcycle / 3-wheel vehicle,opposite,83.2%,1957.501,1958.251,0.75,24.0
118394,Public Transportation (Angkot),3,Medium passenger vehicle,opposite,93.5%,1957.701,1958.851,1.15,15.7
118438,Motorcycle,1,Motorcycle / 3-wheel vehicle,opposite,85.2%,1958.101,1959.101,1.0,18.0
118455,Motorcycle,1,Motorcycle / 3-wheel vehicle,opposite,85.5%,1958.351,1959.351,1.0,18.0
118454,Motorcycle,1,Motorcycle / 3-wheel vehicle,opposite,89.8%,1958.501,1959.601,1.1,16.4
118333,Motorcycle,1,Motorcycle / 3-wheel vehicle,opposite,82.6%,1958.851,1959.901,1.05,17.1
118495,Motorcycle,1,Motorcycle / 3-wheel vehicle,opposite,80.6%,1959.101,1960.151,1.05,17.1
118532,Motorcycle,1,Motorcycle / 3-wheel vehicle,normal,81.3%,1965.2,1959.451,5.75,3.1
118534,Motorcycle,1,Motorcycle / 3-wheel vehicle,opposite,89.8%,1959.701,1960.751,1.05,17.1
118546,Motorcycle,1,Motorcycle / 3-wheel vehicle,opposite,87.7%,1959.701,1960.701,1.0,18.0
118490,Motorcycle,1,Motorcycle / 3-wheel vehicle,opposite,90.0%,1960.251,1962.251,2.0,9.0
118553,Motorcycle,1,Motorcycle / 3-wheel vehicle,opposite,89.0%,1960.251,1961.301,1.05,17.1
118483,Motorcycle,1,Motorcycle / 3-wheel vehicle,opposite,89.1%,1961.151,1962.851,1.7,10.6
118614,Motorcycle,1,Motorcycle / 3-wheel vehicle,opposite,87.0%,1962.051,1964.001,1.95,9.2
118595,Motorcycle,1,Motorcycle / 3-wheel vehicle,opposite,90.3%,1963.001,1964.75,1.75,10.3
118671,Motorcycle,1,Motorcycle / 3-wheel vehicle,opposite,89.8%,1963.851,1965.5,1.65,10.9
118647,Motorcycle,1,Motorcycle / 3-wheel vehicle,normal,84.5%,1965.95,1964.101,1.85,9.7
118810,Motorcycle,1,Motorcycle / 3-wheel vehicle,opposite,88.3%,1965.65,1966.8,1.15,15.7
118870,Motorcycle,1,Motorcycle / 3-wheel vehicle,opposite,87.0%,1966.5,1968.0,1.5,12.0
118829,Motorcycle,1,Motorcycle / 3-wheel vehicle,normal,85.3%,1968.8,1966.6,2.2,8.2
118854,Car / Sedan,2,Sedan / jeep / station wagon,opposite,91.4%,1967.35,1969.65,2.3,7.8
118885,Public Transportation (Angkot),3,Medium passenger vehicle,opposite,92.5%,1968.5,1971.3,2.8,6.4
119004,Pickup / Micro Truck,4,Pickup / micro truck / delivery,opposite,93.2%,1970.35,1972.05,1.7,10.6
119068,Motorcycle,1,Motorcycle / 3-wheel vehicle,opposite,87.2%,1971.1,1972.75,1.65,10.9
119186,Motorcycle,1,Motorcycle / 3-wheel vehicle,opposite,83.2%,1972.75,1974.2,1.45,12.4
119195,Public Transportation (Angkot),3,Medium passenger vehicle,opposite,47.2%,1973.95,1975.45,1.5,12.0
119260,Motorcycle,1,Motorcycle / 3-wheel vehicle,opposite,81.2%,1973.95,1975.25,1.3,13.8
119239,Car / Sedan,2,Sedan / jeep / station wagon,opposite,79.4%,1974.65,1976.15,1.5,12.0
119301,Motorcycle,1,Motorcycle / 3-wheel vehicle,opposite,90.0%,1975.35,1976.9,1.55,11.6
119321,Motorcycle,1,Motorcycle / 3-wheel vehicle,opposite,88.8%,1975.35,1976.5,1.15,15.7
119381,Motorcycle,1,Motorcycle / 3-wheel vehicle,opposite,77.0%,1975.85,1977.5,1.65,10.9
119400,Motorcycle,1,Motorcycle / 3-wheel vehicle,opposite,87.2%,1976.1,1977.45,1.35,13.3
119370,Motorcycle,1,Motorcycle / 3-wheel vehicle,opposite,86.7%,1976.25,1977.4,1.15,15.7
119447,Motorcycle,1,Motorcycle / 3-wheel vehicle,opposite,88.4%,1977.25,1978.35,1.1,16.4
119439,Motorcycle,1,Motorcycle / 3-wheel vehicle,opposite,76.9%,1977.35,1978.65,1.3,13.8
119512,Car / Sedan,2,Sedan / jeep / station wagon,opposite,93.2%,1979.1,1981.45,2.35,7.7
119558,Car / Sedan,2,Sedan / jeep / station wagon,opposite,93.9%,1980.0,1981.45,1.45,12.4
119595,Motorcycle,1,Motorcycle / 3-wheel vehicle,opposite,83.0%,1980.3,1981.65,1.35,13.3
119566,Car / Sedan,2,Sedan / jeep / station wagon,normal,72.9%,1981.949,1980.9,1.05,17.1
119643,Motorcycle,1,Motorcycle / 3-wheel vehicle,opposite,84.4%,1981.0,1982.399,1.4,12.9
119715,Motorcycle,1,Motorcycle / 3-wheel vehicle,normal,78.3%,1983.249,1981.8,1.45,12.4
119696,Motorcycle,1,Motorcycle / 3-wheel vehicle,opposite,86.0%,1981.85,1983.399,1.55,11.6
119740,Motorcycle,1,Motorcycle / 3-wheel vehicle,normal,82.1%,1983.8,1982.399,1.4,12.9
119755,Motorcycle,1,Motorcycle / 3-wheel vehicle,opposite,77.3%,1982.899,1984.549,1.65,10.9
119761,Car / Sedan,2,Sedan / jeep / station wagon,opposite,58.4%,1982.899,1984.399,1.5,12.0
119730,Pickup / Micro Truck,4,Pickup / micro truck / delivery,opposite,87.4%,1983.149,1985.249,2.1,8.6
119807,Motorcycle,1,Motorcycle / 3-wheel vehicle,opposite,87.6%,1984.649,1986.599,1.95,9.2
119844,Pickup / Micro Truck,4,Pickup / micro truck / delivery,opposite,89.6%,1985.049,1986.599,1.55,11.6
119881,Motorcycle,1,Motorcycle / 3-wheel vehicle,opposite,78.6%,1985.299,1987.199,1.9,9.5
119870,Motorcycle,1,Motorcycle / 3-wheel vehicle,opposite,88.2%,1985.349,1986.849,1.5,12.0
119910,Motorcycle,1,Motorcycle / 3-wheel vehicle,opposite,74.0%,1986.099,1987.599,1.5,12.0
119898,Motorcycle,1,Motorcycle / 3-wheel vehicle,normal,68.7%,1987.299,1986.349,0.95,18.9
119946,Motorcycle,1,Motorcycle / 3-wheel vehicle,opposite,86.6%,1986.599,1988.349,1.75,10.3
119944,Motorcycle,1,Motorcycle / 3-wheel vehicle,opposite,88.6%,1986.799,1988.199,1.4,12.9
120004,Motorcycle,1,Motorcycle / 3-wheel vehicle,normal,80.2%,1988.549,1987.099,1.45,12.4
119991,Motorcycle,1,Motorcycle / 3-wheel vehicle,opposite,74.8%,1987.349,1989.049,1.7,10.6
120008,Motorcycle,1,Motorcycle / 3-wheel vehicle,opposite,89.1%,1987.599,1989.099,1.5,12.0
120005,Car / Sedan,2,Sedan / jeep / station wagon,opposite,84.9%,1988.249,1989.949,1.7,10.6
120056,Motorcycle,1,Motorcycle / 3-wheel vehicle,normal,80.1%,1991.799,1988.599,3.2,5.6
120074,Motorcycle,1,Motorcycle / 3-wheel vehicle,opposite,72.1%,1988.899,1990.649,1.75,10.3
120111,Motorcycle,1,Motorcycle / 3-wheel vehicle,opposite,88.1%,1989.249,1990.649,1.4,12.9
120117,Motorcycle,1,Motorcycle / 3-wheel vehicle,opposite,88.8%,1990.249,1991.699,1.45,12.4
120137,Motorcycle,1,Motorcycle / 3-wheel vehicle,opposite,80.6%,1990.449,1992.399,1.95,9.2
120112,Car / Sedan,2,Sedan / jeep / station wagon,opposite,92.3%,1990.499,1992.499,2.0,9.0
120089,Motorcycle,1,Motorcycle / 3-wheel vehicle,normal,81.4%,1994.699,1991.449,3.25,5.5
120205,Motorcycle,1,Motorcycle / 3-wheel vehicle,opposite,84.8%,1991.799,1993.449,1.65,10.9
120199,Car / Sedan,2,Sedan / jeep / station wagon,opposite,91.9%,1993.599,1999.999,6.4,2.8
120306,Motorcycle,1,Motorcycle / 3-wheel vehicle,opposite,87.4%,1994.449,1996.299,1.85,9.7
120296,Motorcycle,1,Motorcycle / 3-wheel vehicle,opposite,86.8%,1994.499,1996.649,2.15,8.4
120331,Motorcycle,1,Motorcycle / 3-wheel vehicle,opposite,86.0%,1995.049,1997.099,2.05,8.8
120417,Car / Sedan,2,Sedan / jeep / station wagon,opposite,93.0%,1996.999,1999.249,2.25,8.0
120497,Motorcycle,1,Motorcycle / 3-wheel vehicle,opposite,77.1%,1997.849,1999.799,1.95,9.2
120575,Motorcycle,1,Motorcycle / 3-wheel vehicle,normal,70.2%,2001.349,1999.049,2.3,7.8
120457,Motorcycle,1,Motorcycle / 3-wheel vehicle,opposite,36.1%,1999.199,2000.849,1.65,10.9
120441,Car / Sedan,2,Sedan / jeep / station wagon,opposite,85.8%,1999.299,2004.698,5.4,3.3
120583,Motorcycle,1,Motorcycle / 3-wheel vehicle,opposite,82.8%,1999.699,2002.599,2.9,6.2
120601,Motorcycle,1,Motorcycle / 3-wheel vehicle,opposite,86.3%,2000.249,2002.299,2.05,8.8
120673,Car / Sedan,2,Sedan / jeep / station wagon,opposite,48.8%,2010.848,2000.849,9.999,1.8
120754,Motorcycle,1,Motorcycle / 3-wheel vehicle,opposite,82.8%,2002.448,2004.048,1.6,11.3
120749,Motorcycle,1,Motorcycle / 3-wheel vehicle,opposite,80.2%,2002.698,2004.448,1.75,10.3
120807,Motorcycle,1,Motorcycle / 3-wheel vehicle,opposite,79.0%,2004.198,2005.898,1.7,10.6
120531,Car / Sedan,2,Sedan / jeep / station wagon,opposite,93.2%,2004.448,2006.948,2.5,7.2
120802,Motorcycle,1,Motorcycle / 3-wheel vehicle,opposite,88.2%,2004.448,2005.998,1.55,11.6
120837,Motorcycle,1,Motorcycle / 3-wheel vehicle,opposite,84.1%,2005.148,2006.948,1.8,10.0
120907,Motorcycle,1,Motorcycle / 3-wheel vehicle,opposite,88.2%,2006.398,2008.198,1.8,10.0
120987,Motorcycle,1,Motorcycle / 3-wheel vehicle,opposite,86.4%,2007.848,2009.198,1.35,13.3
120935,Car / Sedan,2,Sedan / jeep / station wagon,opposite,91.2%,2008.848,2010.898,2.05,8.8
121007,Motorcycle,1,Motorcycle / 3-wheel vehicle,opposite,77.6%,2009.748,2011.648,1.9,9.5
121076,Motorcycle,1,Motorcycle / 3-wheel vehicle,opposite,77.6%,2009.848,2011.448,1.6,11.2
121071,Motorcycle,1,Motorcycle / 3-wheel vehicle,opposite,90.2%,2010.048,2011.848,1.8,10.0
121105,Motorcycle,1,Motorcycle / 3-wheel vehicle,opposite,86.1%,2010.098,2011.998,1.9,9.5
121072,Motorcycle,1,Motorcycle / 3-wheel vehicle,opposite,90.3%,2010.248,2012.148,1.9,9.5
121158,Motorcycle,1,Motorcycle / 3-wheel vehicle,opposite,78.5%,2012.298,2013.898,1.6,11.3
121126,Car / Sedan,2,Sedan / jeep / station wagon,opposite,93.2%,2012.648,2014.748,2.1,8.6
121203,Motorcycle,1,Motorcycle / 3-wheel vehicle,opposite,85.7%,2013.598,2015.048,1.45,12.4
121204,Motorcycle,1,Motorcycle / 3-wheel vehicle,opposite,86.0%,2013.648,2015.098,1.45,12.4
121241,Motorcycle,1,Motorcycle / 3-wheel vehicle,opposite,56.3%,2013.648,2015.298,1.65,10.9
121263,Motorcycle,1,Motorcycle / 3-wheel vehicle,opposite,82.8%,2014.698,2016.048,1.35,13.3
121280,Motorcycle,1,Motorcycle / 3-wheel vehicle,normal,82.3%,2017.148,2014.698,2.45,7.3
121269,Motorcycle,1,Motorcycle / 3-wheel vehicle,opposite,90.3%,2014.898,2016.148,1.25,14.4
121344,Motorcycle,1,Motorcycle / 3-wheel vehicle,opposite,86.2%,2016.048,2017.298,1.25,14.4
121290,Car / Sedan,2,Sedan / jeep / station wagon,opposite,93.2%,2016.598,2018.448,1.85,9.7
121456,Car / Sedan,2,Sedan / jeep / station wagon,opposite,93.5%,2018.698,2020.248,1.55,11.6
121314,Car / Sedan,2,Sedan / jeep / station wagon,opposite,93.4%,2018.898,2020.948,2.05,8.8
121554,Car / Sedan,2,Sedan / jeep / station wagon,opposite,93.5%,2020.498,2022.247,1.75,10.3
121576,Public Transportation (Angkot),3,Medium passenger vehicle,opposite,85.5%,2021.547,2024.097,2.55,7.1
121648,Pickup / Micro Truck,4,Pickup / micro truck / delivery,opposite,91.1%,2022.747,2024.297,1.55,11.6
121700,Motorcycle,1,Motorcycle / 3-wheel vehicle,opposite,87.6%,2023.447,2025.147,1.7,10.6
121716,Motorcycle,1,Motorcycle / 3-wheel vehicle,opposite,82.7%,2023.647,2025.047,1.4,12.9
121773,Public Transportation (Angkot),3,Medium passenger vehicle,opposite,92.3%,2025.597,2027.447,1.85,9.7
121833,Motorcycle,1,Motorcycle / 3-wheel vehicle,opposite,79.3%,2025.897,2027.947,2.05,8.8
121850,Motorcycle,1,Motorcycle / 3-wheel vehicle,opposite,86.1%,2025.897,2027.397,1.5,12.0
121936,Pickup / Micro Truck,4,Pickup / micro truck / delivery,opposite,92.2%,2028.297,2029.947,1.65,10.9
121830,Motorcycle,1,Motorcycle / 3-wheel vehicle,opposite,72.7%,2029.497,2031.497,2.0,9.0
122078,Motorcycle,1,Motorcycle / 3-wheel vehicle,opposite,72.8%,2029.597,2031.347,1.75,10.3
122034,Motorcycle,1,Motorcycle / 3-wheel vehicle,opposite,68.5%,2029.747,2031.647,1.9,9.5
122092,Motorcycle,1,Motorcycle / 3-wheel vehicle,opposite,80.8%,2030.147,2031.897,1.75,10.3
122038,Motorcycle,1,Motorcycle / 3-wheel vehicle,opposite,55.7%,2030.497,2032.847,2.35,7.7
122113,Motorcycle,1,Motorcycle / 3-wheel vehicle,opposite,88.7%,2032.247,2034.047,1.8,10.0
122122,Car / Sedan,2,Sedan / jeep / station wagon,opposite,90.6%,2032.997,2035.647,2.65,6.8
122175,Motorcycle,1,Motorcycle / 3-wheel vehicle,opposite,86.8%,2033.497,2035.097,1.6,11.3
122329,Motorcycle,1,Motorcycle / 3-wheel vehicle,opposite,86.4%,2035.347,2036.747,1.4,12.9
122348,Motorcycle,1,Motorcycle / 3-wheel vehicle,opposite,86.5%,2035.597,2036.597,1.0,18.0
122251,Public Transportation (Angkot),3,Medium passenger vehicle,opposite,92.6%,2036.197,2038.047,1.85,9.7
122406,Car / Sedan,2,Sedan / jeep / station wagon,opposite,93.5%,2038.047,2039.847,1.8,10.0
122532,Motorcycle,1,Motorcycle / 3-wheel vehicle,opposite,88.6%,2038.697,2039.597,0.9,20.0
122601,Motorcycle,1,Motorcycle / 3-wheel vehicle,normal,76.9%,2042.046,2040.547,1.5,12.0
122573,Car / Sedan,2,Sedan / jeep / station wagon,opposite,93.2%,2040.597,2042.246,1.65,10.9
122667,Motorcycle,1,Motorcycle / 3-wheel vehicle,opposite,89.9%,2041.197,2041.897,0.7,25.7
122611,Motorcycle,1,Motorcycle / 3-wheel vehicle,normal,83.3%,2043.496,2041.947,1.55,11.6
122537,Motorcycle,1,Motorcycle / 3-wheel vehicle,opposite,90.7%,2042.097,2043.446,1.35,13.3
122771,Motorcycle,1,Motorcycle / 3-wheel vehicle,opposite,91.3%,2045.646,2047.296,1.65,10.9
122875,Motorcycle,1,Motorcycle / 3-wheel vehicle,opposite,91.8%,2046.296,2047.696,1.4,12.9
122841,Motorcycle,1,Motorcycle / 3-wheel vehicle,opposite,91.1%,2047.046,2048.596,1.55,11.6
122899,Motorcycle,1,Motorcycle / 3-wheel vehicle,opposite,90.8%,2047.596,2048.996,1.4,12.9
122898,Motorcycle,1,Motorcycle / 3-wheel vehicle,normal,73.8%,2049.546,2048.046,1.5,12.0
123002,Motorcycle,1,Motorcycle / 3-wheel vehicle,opposite,88.4%,2048.596,2049.446,0.85,21.2
122947,Motorcycle,1,Motorcycle / 3-wheel vehicle,opposite,90.0%,2048.796,2050.246,1.45,12.4
122982,Motorcycle,1,Motorcycle / 3-wheel vehicle,opposite,91.1%,2049.396,2050.696,1.3,13.8
122908,Car / Sedan,2,Sedan / jeep / station wagon,normal,85.6%,2053.096,2050.096,3.0,6.0
123054,Motorcycle,1,Motorcycle / 3-wheel vehicle,opposite,88.4%,2050.246,2051.296,1.05,17.1
123080,Motorcycle,1,Motorcycle / 3-wheel vehicle,opposite,89.8%,2050.896,2051.796,0.9,20.0
123176,Motorcycle,1,Motorcycle / 3-wheel vehicle,opposite,89.7%,2052.496,2053.296,0.8,22.5
123197,Motorcycle,1,Motorcycle / 3-wheel vehicle,opposite,88.1%,2053.096,2053.796,0.7,25.7
123193,Motorcycle,1,Motorcycle / 3-wheel vehicle,opposite,90.7%,2053.996,2055.196,1.2,15.0
123245,Motorcycle,1,Motorcycle / 3-wheel vehicle,opposite,90.3%,2053.996,2054.796,0.8,22.5
123246,Motorcycle,1,Motorcycle / 3-wheel vehicle,normal,85.2%,2056.296,2054.146,2.15,8.4
123253,Motorcycle,1,Motorcycle / 3-wheel vehicle,normal,80.5%,2056.996,2055.096,1.9,9.5
123320,Public Transportation (Angkot),3,Medium passenger vehicle,opposite,93.1%,2056.196,2058.196,2.0,9.0
123319,Motorcycle,1,Motorcycle / 3-wheel vehicle,normal,77.7%,2058.046,2056.196,1.85,9.7
123355,Car / Sedan,2,Sedan / jeep / station wagon,opposite,93.5%,2056.396,2057.596,1.2,15.0
123420,Motorcycle,1,Motorcycle / 3-wheel vehicle,opposite,78.1%,2056.446,2057.846,1.4,12.9
123406,Motorcycle,1,Motorcycle / 3-wheel vehicle,normal,65.0%,2058.446,2057.046,1.4,12.9
123489,Motorcycle,1,Motorcycle / 3-wheel vehicle,normal,81.3%,2059.746,2057.946,1.8,10.0
123560,Motorcycle,1,Motorcycle / 3-wheel vehicle,normal,84.2%,2061.845,2059.696,2.15,8.4
123565,Motorcycle,1,Motorcycle / 3-wheel vehicle,normal,84.8%,2062.795,2060.296,2.5,7.2
123635,Motorcycle,1,Motorcycle / 3-wheel vehicle,normal,85.8%,2063.545,2061.745,1.8,10.0
123598,Motorcycle,1,Motorcycle / 3-wheel vehicle,opposite,90.9%,2061.945,2063.395,1.45,12.4
123758,Motorcycle,1,Motorcycle / 3-wheel vehicle,opposite,89.6%,2064.895,2066.345,1.45,12.4
123773,Motorcycle,1,Motorcycle / 3-wheel vehicle,opposite,85.1%,2065.045,2065.795,0.75,24.0
123906,Motorcycle,1,Motorcycle / 3-wheel vehicle,opposite,90.0%,2068.345,2068.895,0.55,32.7
123859,Motorcycle,1,Motorcycle / 3-wheel vehicle,opposite,90.1%,2068.895,2070.495,1.6,11.3
123953,Motorcycle,1,Motorcycle / 3-wheel vehicle,opposite,89.4%,2069.245,2069.845,0.6,30.0
123982,Motorcycle,1,Motorcycle / 3-wheel vehicle,normal,65.9%,2071.745,2070.095,1.65,10.9
124008,Car / Sedan,2,Sedan / jeep / station wagon,opposite,92.7%,2070.545,2071.495,0.95,18.9
124032,Motorcycle,1,Motorcycle / 3-wheel vehicle,opposite,90.4%,2070.995,2071.745,0.75,24.0
124054,Motorcycle,1,Motorcycle / 3-wheel vehicle,normal,53.1%,2074.995,2071.145,3.85,4.7
124077,Motorcycle,1,Motorcycle / 3-wheel vehicle,opposite,89.0%,2071.545,2072.145,0.6,30.0
124049,Motorcycle,1,Motorcycle / 3-wheel vehicle,opposite,86.6%,2071.695,2073.895,2.2,8.2
124076,Motorcycle,1,Motorcycle / 3-wheel vehicle,opposite,90.1%,2071.745,2072.395,0.65,27.7
124105,Motorcycle,1,Motorcycle / 3-wheel vehicle,opposite,87.5%,2072.495,2073.295,0.8,22.5
123894,Car / Sedan,2,Sedan / jeep / station wagon,opposite,93.2%,2073.295,2075.245,1.95,9.2
124085,Motorcycle,1,Motorcycle / 3-wheel vehicle,normal,59.9%,2076.795,2073.345,3.45,5.2
124116,Motorcycle,1,Motorcycle / 3-wheel vehicle,opposite,86.9%,2074.645,2076.345,1.7,10.6
124207,Motorcycle,1,Motorcycle / 3-wheel vehicle,opposite,87.5%,2074.695,2075.445,0.75,24.0
124225,Motorcycle,1,Motorcycle / 3-wheel vehicle,opposite,89.4%,2075.195,2075.845,0.65,27.7
124235,Motorcycle,1,Motorcycle / 3-wheel vehicle,opposite,86.9%,2075.645,2076.545,0.9,20.0
124305,Motorcycle,1,Motorcycle / 3-wheel vehicle,normal,85.1%,2077.245,2076.345,0.9,20.0
124304,Motorcycle,1,Motorcycle / 3-wheel vehicle,opposite,89.8%,2076.595,2077.295,0.7,25.7
124348,Motorcycle,1,Motorcycle / 3-wheel vehicle,normal,67.9%,2078.045,2077.245,0.8,22.5
124349,Motorcycle,1,Motorcycle / 3-wheel vehicle,opposite,89.3%,2077.295,2078.095,0.8,22.5
124211,Public Transportation (Angkot),3,Medium passenger vehicle,normal,89.9%,2079.195,2077.595,1.6,11.3
124374,Motorcycle,1,Motorcycle / 3-wheel vehicle,opposite,89.6%,2077.695,2078.395,0.7,25.7
124401,Motorcycle,1,Motorcycle / 3-wheel vehicle,opposite,87.1%,2078.245,2079.095,0.85,21.2
124450,Motorcycle,1,Motorcycle / 3-wheel vehicle,normal,67.8%,2080.445,2078.945,1.5,12.0
124475,Motorcycle,1,Motorcycle / 3-wheel vehicle,opposite,87.6%,2079.345,2080.195,0.85,21.2
124514,Motorcycle,1,Motorcycle / 3-wheel vehicle,opposite,89.4%,2079.995,2080.744,0.75,24.0
124471,Motorcycle,1,Motorcycle / 3-wheel vehicle,normal,83.2%,2082.294,2080.045,2.25,8.0
124538,Motorcycle,1,Motorcycle / 3-wheel vehicle,opposite,89.4%,2080.495,2081.195,0.7,25.7
124460,Motorcycle,1,Motorcycle / 3-wheel vehicle,normal,85.2%,2084.644,2080.794,3.85,4.7
124570,Motorcycle,1,Motorcycle / 3-wheel vehicle,opposite,89.7%,2080.894,2081.644,0.75,24.0
124610,Motorcycle,1,Motorcycle / 3-wheel vehicle,opposite,90.1%,2081.445,2082.144,0.7,25.7
124527,Motorcycle,1,Motorcycle / 3-wheel vehicle,normal,83.7%,2083.744,2081.794,1.95,9.2
124652,Motorcycle,1,Motorcycle / 3-wheel vehicle,opposite,88.7%,2081.894,2082.544,0.65,27.7
124667,Motorcycle,1,Motorcycle / 3-wheel vehicle,opposite,88.9%,2082.544,2083.244,0.7,25.7
124669,Motorcycle,1,Motorcycle / 3-wheel vehicle,opposite,88.7%,2082.644,2083.494,0.85,21.2
124698,Motorcycle,1,Motorcycle / 3-wheel vehicle,opposite,89.4%,2083.294,2084.044,0.75,24.0
124709,Motorcycle,1,Motorcycle / 3-wheel vehicle,opposite,88.5%,2083.744,2084.494,0.75,24.0
124746,Motorcycle,1,Motorcycle / 3-wheel vehicle,opposite,84.5%,2084.144,2084.894,0.75,24.0
124757,Motorcycle,1,Motorcycle / 3-wheel vehicle,opposite,89.1%,2084.394,2084.994,0.6,30.0
124770,Motorcycle,1,Motorcycle / 3-wheel vehicle,opposite,89.2%,2084.494,2085.144,0.65,27.7
124771,Motorcycle,1,Motorcycle / 3-wheel vehicle,normal,48.8%,2089.844,2084.844,5.0,3.6
124753,Motorcycle,1,Motorcycle / 3-wheel vehicle,opposite,89.8%,2085.244,2085.944,0.7,25.7
124646,Motorcycle,1,Motorcycle / 3-wheel vehicle,opposite,89.2%,2085.294,2086.844,1.55,11.6
124848,Motorcycle,1,Motorcycle / 3-wheel vehicle,opposite,88.9%,2085.944,2086.694,0.75,24.0
124902,Motorcycle,1,Motorcycle / 3-wheel vehicle,opposite,87.7%,2086.394,2087.144,0.75,24.0
124947,Motorcycle,1,Motorcycle / 3-wheel vehicle,opposite,88.2%,2087.144,2087.894,0.75,24.0
124780,Motorcycle,1,Motorcycle / 3-wheel vehicle,opposite,89.8%,2087.444,2089.144,1.7,10.6
124975,Motorcycle,1,Motorcycle / 3-wheel vehicle,opposite,89.2%,2087.594,2088.544,0.95,18.9
125020,Motorcycle,1,Motorcycle / 3-wheel vehicle,opposite,85.7%,2088.094,2088.894,0.8,22.5
124896,Motorcycle,1,Motorcycle / 3-wheel vehicle,opposite,89.7%,2088.344,2089.744,1.4,12.9
125063,Motorcycle,1,Motorcycle / 3-wheel vehicle,opposite,86.0%,2088.644,2089.594,0.95,18.9
125096,Motorcycle,1,Motorcycle / 3-wheel vehicle,opposite,89.4%,2089.244,2090.444,1.2,15.0
125142,Motorcycle,1,Motorcycle / 3-wheel vehicle,opposite,86.5%,2089.694,2090.444,0.75,24.0
125151,Motorcycle,1,Motorcycle / 3-wheel vehicle,opposite,80.0%,2090.044,2090.994,0.95,18.9
124982,Motorcycle,1,Motorcycle / 3-wheel vehicle,opposite,59.3%,2090.194,2091.894,1.7,10.6
125101,Motorcycle,1,Motorcycle / 3-wheel vehicle,opposite,90.1%,2090.244,2091.294,1.05,17.1
125218,Motorcycle,1,Motorcycle / 3-wheel vehicle,opposite,88.8%,2090.794,2091.744,0.95,18.9
125317,Motorcycle,1,Motorcycle / 3-wheel vehicle,opposite,80.6%,2091.894,2092.694,0.8,22.5
125315,Motorcycle,1,Motorcycle / 3-wheel vehicle,opposite,83.2%,2092.594,2093.444,0.85,21.2
125156,Car / Sedan,2,Sedan / jeep / station wagon,opposite,93.0%,2092.844,2094.844,2.0,9.0
125393,Motorcycle,1,Motorcycle / 3-wheel vehicle,opposite,84.4%,2093.044,2093.944,0.9,20.0
125412,Motorcycle,1,Motorcycle / 3-wheel vehicle,opposite,87.3%,2093.494,2094.694,1.2,15.0
125456,Motorcycle,1,Motorcycle / 3-wheel vehicle,opposite,80.3%,2093.644,2094.794,1.15,15.7
125521,Motorcycle,1,Motorcycle / 3-wheel vehicle,opposite,87.5%,2094.444,2095.444,1.0,18.0
125512,Motorcycle,1,Motorcycle / 3-wheel vehicle,opposite,79.9%,2094.544,2095.744,1.2,15.0
125485,Motorcycle,1,Motorcycle / 3-wheel vehicle,opposite,85.1%,2095.144,2096.294,1.15,15.7
125538,Motorcycle,1,Motorcycle / 3-wheel vehicle,opposite,89.0%,2095.494,2096.694,1.2,15.0
125457,Car / Sedan,2,Sedan / jeep / station wagon,opposite,92.7%,2095.544,2097.694,2.15,8.4
125612,Motorcycle,1,Motorcycle / 3-wheel vehicle,opposite,76.3%,2096.094,2097.894,1.8,10.0
125619,Motorcycle,1,Motorcycle / 3-wheel vehicle,opposite,68.8%,2096.244,2097.244,1.0,18.0
125569,Motorcycle,1,Motorcycle / 3-wheel vehicle,opposite,85.7%,2096.844,2097.944,1.1,16.4
125727,Motorcycle,1,Motorcycle / 3-wheel vehicle,opposite,57.5%,2097.894,2099.094,1.2,15.0
125725,Motorcycle,1,Motorcycle / 3-wheel vehicle,opposite,89.6%,2099.394,2100.593,1.2,15.0
125862,Motorcycle,1,Motorcycle / 3-wheel vehicle,opposite,87.1%,2099.894,2101.144,1.25,14.4
125888,Motorcycle,1,Motorcycle / 3-wheel vehicle,opposite,88.5%,2100.144,2101.494,1.35,13.3
125876,Motorcycle,1,Motorcycle / 3-wheel vehicle,opposite,87.6%,2100.843,2102.093,1.25,14.4
125959,Motorcycle,1,Motorcycle / 3-wheel vehicle,opposite,89.2%,2100.943,2102.244,1.3,13.8
125955,Motorcycle,1,Motorcycle / 3-wheel vehicle,opposite,89.6%,2100.994,2102.144,1.15,15.7
126039,Motorcycle,1,Motorcycle / 3-wheel vehicle,opposite,85.1%,2102.044,2103.243,1.2,15.0
126021,Motorcycle,1,Motorcycle / 3-wheel vehicle,opposite,82.5%,2102.493,2103.643,1.15,15.7
126057,Motorcycle,1,Motorcycle / 3-wheel vehicle,opposite,89.3%,2102.643,2103.543,0.9,20.0
126095,Motorcycle,1,Motorcycle / 3-wheel vehicle,opposite,86.3%,2103.093,2103.993,0.9,20.0
126072,Motorcycle,1,Motorcycle / 3-wheel vehicle,normal,69.5%,2105.193,2103.193,2.0,9.0
126115,Motorcycle,1,Motorcycle / 3-wheel vehicle,opposite,86.8%,2103.543,2104.643,1.1,16.4
126087,Motorcycle,1,Motorcycle / 3-wheel vehicle,opposite,85.4%,2104.093,2104.843,0.75,24.0
126148,Motorcycle,1,Motorcycle / 3-wheel vehicle,opposite,88.2%,2104.643,2105.793,1.15,15.7
126174,Motorcycle,1,Motorcycle / 3-wheel vehicle,opposite,89.9%,2105.243,2106.393,1.15,15.7
126175,Motorcycle,1,Motorcycle / 3-wheel vehicle,opposite,88.4%,2105.293,2106.193,0.9,20.0
126183,Motorcycle,1,Motorcycle / 3-wheel vehicle,normal,44.2%,2109.393,2105.343,4.05,4.4
126191,Motorcycle,1,Motorcycle / 3-wheel vehicle,opposite,89.1%,2105.743,2106.593,0.85,21.2
126189,Motorcycle,1,Motorcycle / 3-wheel vehicle,opposite,71.2%,2105.793,2106.643,0.85,21.2
126209,Motorcycle,1,Motorcycle / 3-wheel vehicle,opposite,88.9%,2106.093,2107.093,1.0,18.0
126235,Motorcycle,1,Motorcycle / 3-wheel vehicle,opposite,85.5%,2106.693,2108.043,1.35,13.3
126255,Motorcycle,1,Motorcycle / 3-wheel vehicle,opposite,89.3%,2107.143,2107.893,0.75,24.0
126274,Motorcycle,1,Motorcycle / 3-wheel vehicle,opposite,90.2%,2107.643,2108.593,0.95,18.9
126265,Motorcycle,1,Motorcycle / 3-wheel vehicle,normal,78.8%,2108.043,2110.143,2.1,8.6
126307,Motorcycle,1,Motorcycle / 3-wheel vehicle,opposite,86.8%,2108.493,2109.393,0.9,20.0
126325,Motorcycle,1,Motorcycle / 3-wheel vehicle,opposite,88.2%,2108.943,2109.693,0.75,24.0
126369,Motorcycle,1,Motorcycle / 3-wheel vehicle,opposite,88.6%,2109.693,2110.493,0.8,22.5
126351,Motorcycle,1,Motorcycle / 3-wheel vehicle,opposite,85.4%,2109.943,2111.043,1.1,16.4
126420,Motorcycle,1,Motorcycle / 3-wheel vehicle,opposite,87.7%,2110.943,2111.943,1.0,18.0
126419,Motorcycle,1,Motorcycle / 3-wheel vehicle,normal,82.2%,2114.243,2111.143,3.1,5.8
126356,Motorcycle,1,Motorcycle / 3-wheel vehicle,opposite,88.9%,2112.493,2114.043,1.55,11.6
126266,Car / Sedan,2,Sedan / jeep / station wagon,opposite,60.3%,2113.043,2115.493,2.45,7.3
126508,Motorcycle,1,Motorcycle / 3-wheel vehicle,opposite,88.2%,2113.293,2114.593,1.3,13.8
126495,Motorcycle,1,Motorcycle / 3-wheel vehicle,opposite,90.5%,2113.893,2115.843,1.95,9.2
126578,Motorcycle,1,Motorcycle / 3-wheel vehicle,opposite,87.1%,2114.193,2115.893,1.7,10.6
126654,Motorcycle,1,Motorcycle / 3-wheel vehicle,opposite,87.2%,2115.393,2117.293,1.9,9.5
126710,Motorcycle,1,Motorcycle / 3-wheel vehicle,opposite,79.5%,2116.243,2117.493,1.25,14.4
126570,Car / Sedan,2,Sedan / jeep / station wagon,opposite,91.4%,2116.743,2118.593,1.85,9.7
126821,Car / Sedan,2,Sedan / jeep / station wagon,opposite,93.0%,2118.293,2119.793,1.5,12.0
126753,Pickup / Micro Truck,4,Pickup / micro truck / delivery,opposite,90.5%,2118.443,2120.443,2.0,9.0
126857,Motorcycle,1,Motorcycle / 3-wheel vehicle,opposite,85.8%,2119.093,2120.543,1.45,12.4
126866,Motorcycle,1,Motorcycle / 3-wheel vehicle,opposite,85.6%,2119.093,2120.843,1.75,10.3
126897,Motorcycle,1,Motorcycle / 3-wheel vehicle,opposite,74.0%,2119.793,2121.142,1.35,13.3
126919,Motorcycle,1,Motorcycle / 3-wheel vehicle,opposite,86.6%,2120.043,2121.392,1.35,13.3
126937,Motorcycle,1,Motorcycle / 3-wheel vehicle,opposite,88.9%,2120.443,2121.742,1.3,13.8
126970,Motorcycle,1,Motorcycle / 3-wheel vehicle,opposite,48.7%,2121.193,2122.992,1.8,10.0
126973,Motorcycle,1,Motorcycle / 3-wheel vehicle,opposite,86.3%,2121.242,2122.642,1.4,12.9
126688,Pickup / Micro Truck,4,Pickup / micro truck / delivery,opposite,91.6%,2121.843,2124.042,2.2,8.2
127038,Motorcycle,1,Motorcycle / 3-wheel vehicle,opposite,88.3%,2122.292,2123.692,1.4,12.9
127135,Motorcycle,1,Motorcycle / 3-wheel vehicle,opposite,84.5%,2123.742,2125.292,1.55,11.6
127144,Motorcycle,1,Motorcycle / 3-wheel vehicle,opposite,88.9%,2123.942,2125.192,1.25,14.4
126985,Car / Sedan,2,Sedan / jeep / station wagon,opposite,93.5%,2124.642,2126.542,1.9,9.5
127231,Motorcycle,1,Motorcycle / 3-wheel vehicle,opposite,88.1%,2125.392,2126.942,1.55,11.6
127237,Motorcycle,1,Motorcycle / 3-wheel vehicle,opposite,86.1%,2125.592,2126.992,1.4,12.9
127283,Motorcycle,1,Motorcycle / 3-wheel vehicle,opposite,86.6%,2126.242,2127.692,1.45,12.4
127160,2-Axle Truck (Jumbo),6,2-Axle Truck,opposite,92.4%,2127.842,2129.742,1.9,9.5
127398,Motorcycle,1,Motorcycle / 3-wheel vehicle,opposite,86.0%,2128.592,2129.842,1.25,14.4
127371,Motorcycle,1,Motorcycle / 3-wheel vehicle,opposite,89.5%,2128.892,2130.542,1.65,10.9
127397,Motorcycle,1,Motorcycle / 3-wheel vehicle,opposite,64.8%,2129.142,2130.692,1.55,11.6
127495,Motorcycle,1,Motorcycle / 3-wheel vehicle,opposite,86.4%,2130.042,2131.292,1.25,14.4
127494,Motorcycle,1,Motorcycle / 3-wheel vehicle,opposite,89.5%,2130.192,2131.492,1.3,13.8
127502,Motorcycle,1,Motorcycle / 3-wheel vehicle,opposite,86.2%,2130.242,2131.792,1.55,11.6
127552,Motorcycle,1,Motorcycle / 3-wheel vehicle,normal,79.3%,2134.492,2131.192,3.3,5.5
127573,Motorcycle,1,Motorcycle / 3-wheel vehicle,opposite,87.3%,2131.592,2132.892,1.3,13.8
127569,Motorcycle,1,Motorcycle / 3-wheel vehicle,opposite,87.1%,2131.642,2132.892,1.25,14.4
127551,Car / Sedan,2,Sedan / jeep / station wagon,opposite,93.8%,2132.142,2133.542,1.4,12.9
127627,Motorcycle,1,Motorcycle / 3-wheel vehicle,opposite,80.3%,2132.792,2133.792,1.0,18.0
127638,Motorcycle,1,Motorcycle / 3-wheel vehicle,opposite,87.9%,2133.292,2134.492,1.2,15.0
127578,Car / Sedan,2,Sedan / jeep / station wagon,normal,67.9%,2134.792,2133.292,1.5,12.0
127686,Motorcycle,1,Motorcycle / 3-wheel vehicle,opposite,83.0%,2133.892,2135.292,1.4,12.9
127740,Motorcycle,1,Motorcycle / 3-wheel vehicle,normal,65.8%,2136.092,2134.292,1.8,10.0
127701,Car / Sedan,2,Sedan / jeep / station wagon,opposite,93.4%,2134.442,2135.692,1.25,14.4
127741,Motorcycle,1,Motorcycle / 3-wheel vehicle,opposite,85.3%,2134.592,2135.792,1.2,15.0
127763,Motorcycle,1,Motorcycle / 3-wheel vehicle,opposite,81.8%,2135.042,2136.142,1.1,16.4
127783,Motorcycle,1,Motorcycle / 3-wheel vehicle,normal,79.0%,2136.742,2135.342,1.4,12.9
127821,Motorcycle,1,Motorcycle / 3-wheel vehicle,normal,84.8%,2138.092,2135.792,2.3,7.8
127812,Motorcycle,1,Motorcycle / 3-wheel vehicle,opposite,90.1%,2136.092,2137.192,1.1,16.4
127804,Car / Sedan,2,Sedan / jeep / station wagon,opposite,55.7%,2136.292,2137.292,1.0,18.0
127851,Motorcycle,1,Motorcycle / 3-wheel vehicle,opposite,85.8%,2136.492,2137.642,1.15,15.7
127846,Motorcycle,1,Motorcycle / 3-wheel vehicle,normal,74.0%,2139.592,2137.042,2.55,7.1
127887,Motorcycle,1,Motorcycle / 3-wheel vehicle,opposite,87.4%,2137.792,2138.842,1.05,17.1
127910,Motorcycle,1,Motorcycle / 3-wheel vehicle,opposite,88.7%,2138.442,2139.492,1.05,17.1
127913,Motorcycle,1,Motorcycle / 3-wheel vehicle,normal,62.5%,2141.691,2138.442,3.25,5.5
127975,Motorcycle,1,Motorcycle / 3-wheel vehicle,opposite,88.9%,2139.242,2140.091,0.85,21.2
127760,Motorcycle,1,Motorcycle / 3-wheel vehicle,opposite,89.2%,2141.691,2143.191,1.5,12.0
128123,Motorcycle,1,Motorcycle / 3-wheel vehicle,opposite,89.0%,2143.541,2145.041,1.5,12.0
128204,Motorcycle,1,Motorcycle / 3-wheel vehicle,opposite,87.8%,2143.541,2144.341,0.8,22.5
128247,Motorcycle,1,Motorcycle / 3-wheel vehicle,opposite,85.9%,2144.091,2144.941,0.85,21.2
128310,Motorcycle,1,Motorcycle / 3-wheel vehicle,opposite,85.6%,2145.241,2146.791,1.55,11.6
128327,Motorcycle,1,Motorcycle / 3-wheel vehicle,opposite,79.6%,2145.641,2146.891,1.25,14.4
128086,Car / Sedan,2,Sedan / jeep / station wagon,opposite,92.3%,2146.641,2148.541,1.9,9.5
128416,Motorcycle,1,Motorcycle / 3-wheel vehicle,opposite,86.6%,2147.341,2148.491,1.15,15.7
128346,Motorcycle,1,Motorcycle / 3-wheel vehicle,opposite,82.5%,2147.591,2149.241,1.65,10.9
128432,Motorcycle,1,Motorcycle / 3-wheel vehicle,opposite,88.4%,2147.941,2149.391,1.45,12.4
128443,Motorcycle,1,Motorcycle / 3-wheel vehicle,opposite,51.2%,2148.191,2149.691,1.5,12.0
128489,Motorcycle,1,Motorcycle / 3-wheel vehicle,opposite,85.8%,2148.891,2150.491,1.6,11.3
128480,Car / Sedan,2,Sedan / jeep / station wagon,opposite,92.7%,2149.741,2151.541,1.8,10.0
128141,2-Axle Truck (Jumbo),6,2-Axle Truck,normal,90.4%,2155.991,2150.091,5.9,3.1
128583,Motorcycle,1,Motorcycle / 3-wheel vehicle,opposite,80.0%,2150.641,2152.191,1.55,11.6
128536,Motorcycle,1,Motorcycle / 3-wheel vehicle,opposite,89.1%,2150.841,2152.641,1.8,10.0
128663,Motorcycle,1,Motorcycle / 3-wheel vehicle,opposite,66.6%,2151.091,2152.491,1.4,12.9
128703,Motorcycle,1,Motorcycle / 3-wheel vehicle,opposite,87.6%,2152.291,2154.291,2.0,9.0
128715,Motorcycle,1,Motorcycle / 3-wheel vehicle,opposite,89.3%,2152.691,2153.891,1.2,15.0
128762,Motorcycle,1,Motorcycle / 3-wheel vehicle,opposite,86.5%,2153.291,2154.791,1.5,12.0
128764,Motorcycle,1,Motorcycle / 3-wheel vehicle,opposite,86.1%,2153.441,2154.841,1.4,12.9
128631,Car / Sedan,2,Sedan / jeep / station wagon,opposite,92.9%,2153.691,2155.841,2.15,8.4
128846,Motorcycle,1,Motorcycle / 3-wheel vehicle,opposite,87.2%,2155.041,2156.741,1.7,10.6
128860,Motorcycle,1,Motorcycle / 3-wheel vehicle,opposite,87.5%,2155.341,2156.691,1.35,13.3
128751,Car / Sedan,2,Sedan / jeep / station wagon,normal,69.7%,2157.941,2155.341,2.6,6.9
128716,Car / Sedan,2,Sedan / jeep / station wagon,opposite,93.7%,2156.641,2158.441,1.8,10.0
128966,Motorcycle,1,Motorcycle / 3-wheel vehicle,opposite,82.3%,2156.691,2158.391,1.7,10.6
129001,Car / Sedan,2,Sedan / jeep / station wagon,normal,87.3%,2161.041,2158.091,2.95,6.1
129055,2-Axle Truck (Jumbo),6,2-Axle Truck,opposite,93.0%,2159.89,2161.64,1.75,10.3
129157,Car / Sedan,2,Sedan / jeep / station wagon,opposite,84.4%,2160.39,2162.04,1.65,10.9
129280,Motorcycle,1,Motorcycle / 3-wheel vehicle,opposite,83.9%,2161.54,2163.34,1.8,10.0
129253,Car / Sedan,2,Sedan / jeep / station wagon,opposite,92.6%,2161.64,2163.24,1.6,11.3
129272,Motorcycle,1,Motorcycle / 3-wheel vehicle,opposite,90.8%,2161.74,2163.04,1.3,13.8
129310,Motorcycle,1,Motorcycle / 3-wheel vehicle,opposite,77.3%,2162.19,2163.74,1.55,11.6
129325,Motorcycle,1,Motorcycle / 3-wheel vehicle,opposite,89.0%,2162.79,2164.29,1.5,12.0
129345,Motorcycle,1,Motorcycle / 3-wheel vehicle,opposite,62.6%,2162.79,2164.09,1.3,13.8
129387,Motorcycle,1,Motorcycle / 3-wheel vehicle,opposite,88.3%,2163.34,2164.39,1.05,17.1
129313,Car / Sedan,2,Sedan / jeep / station wagon,normal,70.2%,2165.89,2163.34,2.55,7.1
129404,Motorcycle,1,Motorcycle / 3-wheel vehicle,opposite,85.9%,2164.04,2164.94,0.9,20.0
129450,2-Axle Truck (Jumbo),6,2-Axle Truck,opposite,46.3%,2164.84,2166.09,1.25,14.4
129494,Motorcycle,1,Motorcycle / 3-wheel vehicle,opposite,81.1%,2165.29,2166.49,1.2,15.0
129592,Motorcycle,1,Motorcycle / 3-wheel vehicle,opposite,87.1%,2166.54,2167.54,1.0,18.0
129560,Pickup / Micro Truck,4,Pickup / micro truck / delivery,opposite,91.0%,2166.79,2168.04,1.25,14.4
129621,Motorcycle,1,Motorcycle / 3-wheel vehicle,opposite,79.1%,2167.24,2168.24,1.0,18.0
129649,Motorcycle,1,Motorcycle / 3-wheel vehicle,opposite,85.6%,2167.54,2168.54,1.0,18.0
129707,Motorcycle,1,Motorcycle / 3-wheel vehicle,opposite,86.4%,2168.29,2169.24,0.95,18.9
129615,Car / Sedan,2,Sedan / jeep / station wagon,opposite,93.2%,2168.34,2169.49,1.15,15.7
129799,Motorcycle,1,Motorcycle / 3-wheel vehicle,opposite,86.6%,2169.69,2170.79,1.1,16.4
129790,Car / Sedan,2,Sedan / jeep / station wagon,opposite,93.4%,2170.14,2171.24,1.1,16.4
129861,Motorcycle,1,Motorcycle / 3-wheel vehicle,opposite,85.4%,2170.74,2171.74,1.0,18.0
129921,Car / Sedan,2,Sedan / jeep / station wagon,opposite,93.2%,2172.39,2173.39,1.0,18.0
129949,Motorcycle,1,Motorcycle / 3-wheel vehicle,opposite,87.5%,2172.64,2173.64,1.0,18.0
129938,Motorcycle,1,Motorcycle / 3-wheel vehicle,opposite,87.5%,2173.14,2174.64,1.5,12.0
129798,Motorcycle,1,Motorcycle / 3-wheel vehicle,opposite,85.1%,2173.49,2174.94,1.45,12.4
129916,Motorcycle,1,Motorcycle / 3-wheel vehicle,normal,78.6%,2177.19,2173.49,3.7,4.9
130000,Motorcycle,1,Motorcycle / 3-wheel vehicle,opposite,83.0%,2173.94,2175.04,1.1,16.4
130023,Motorcycle,1,Motorcycle / 3-wheel vehicle,opposite,88.4%,2174.49,2175.64,1.15,15.7
129996,Motorcycle,1,Motorcycle / 3-wheel vehicle,normal,67.7%,2178.14,2174.59,3.55,5.1
130096,Motorcycle,1,Motorcycle / 3-wheel vehicle,opposite,87.6%,2175.09,2176.04,0.95,18.9
130169,Motorcycle,1,Motorcycle / 3-wheel vehicle,normal,59.4%,2178.89,2176.29,2.6,6.9
130175,Car / Sedan,2,Sedan / jeep / station wagon,opposite,92.9%,2176.79,2177.99,1.2,15.0
130243,Motorcycle,1,Motorcycle / 3-wheel vehicle,opposite,88.7%,2177.34,2178.69,1.35,13.3
129961,Car / Sedan,2,Sedan / jeep / station wagon,normal,57.8%,2179.939,2177.79,2.15,8.4
130298,Motorcycle,1,Motorcycle / 3-wheel vehicle,opposite,80.8%,2178.09,2179.24,1.15,15.7
130400,Motorcycle,1,Motorcycle / 3-wheel vehicle,opposite,73.6%,2178.79,2179.99,1.2,15.0
130306,Motorcycle,1,Motorcycle / 3-wheel vehicle,opposite,84.0%,2179.09,2180.34,1.25,14.4
130454,Motorcycle,1,Motorcycle / 3-wheel vehicle,opposite,87.5%,2180.039,2181.289,1.25,14.4
130481,Motorcycle,1,Motorcycle / 3-wheel vehicle,opposite,86.2%,2180.689,2181.789,1.1,16.4
130474,Motorcycle,1,Motorcycle / 3-wheel vehicle,opposite,87.1%,2180.74,2181.939,1.2,15.0
130505,Motorcycle,1,Motorcycle / 3-wheel vehicle,opposite,86.4%,2181.039,2182.139,1.1,16.4
130313,Bus,5,Bus,normal,87.2%,2183.789,2181.839,1.95,9.2
130572,Motorcycle,1,Motorcycle / 3-wheel vehicle,opposite,81.7%,2182.389,2183.439,1.05,17.1
130541,Public Transportation (Angkot),3,Medium passenger vehicle,opposite,60.4%,2182.689,2184.039,1.35,13.3
130606,Motorcycle,1,Motorcycle / 3-wheel vehicle,opposite,88.0%,2183.189,2184.239,1.05,17.1
130627,Motorcycle,1,Motorcycle / 3-wheel vehicle,opposite,87.7%,2183.939,2185.039,1.1,16.4
130706,Motorcycle,1,Motorcycle / 3-wheel vehicle,opposite,78.9%,2184.889,2186.089,1.2,15.0
130702,Motorcycle,1,Motorcycle / 3-wheel vehicle,opposite,86.5%,2185.089,2186.189,1.1,16.4
130701,Motorcycle,1,Motorcycle / 3-wheel vehicle,opposite,86.3%,2185.689,2186.889,1.2,15.0
130716,Public Transportation (Angkot),3,Medium passenger vehicle,opposite,83.3%,2185.689,2186.939,1.25,14.4
130757,Motorcycle,1,Motorcycle / 3-wheel vehicle,opposite,87.6%,2186.489,2187.639,1.15,15.7
130827,Motorcycle,1,Motorcycle / 3-wheel vehicle,opposite,84.0%,2186.989,2188.189,1.2,15.0
130846,Motorcycle,1,Motorcycle / 3-wheel vehicle,opposite,85.8%,2187.339,2188.439,1.1,16.4
130871,Motorcycle,1,Motorcycle / 3-wheel vehicle,opposite,88.5%,2187.839,2189.039,1.2,15.0
130866,Car / Sedan,2,Sedan / jeep / station wagon,opposite,93.3%,2188.539,2189.839,1.3,13.8
130906,Motorcycle,1,Motorcycle / 3-wheel vehicle,opposite,73.7%,2188.689,2189.839,1.15,15.7
130915,Motorcycle,1,Motorcycle / 3-wheel vehicle,normal,62.4%,2190.739,2189.039,1.7,10.6
130944,Motorcycle,1,Motorcycle / 3-wheel vehicle,opposite,82.4%,2189.239,2190.239,1.0,18.0
130783,Car / Sedan,2,Sedan / jeep / station wagon,normal,67.6%,2199.738,2189.389,10.349,1.7
130971,Motorcycle,1,Motorcycle / 3-wheel vehicle,opposite,89.9%,2189.889,2190.989,1.1,16.4
130990,Motorcycle,1,Motorcycle / 3-wheel vehicle,opposite,87.2%,2189.889,2191.239,1.35,13.3
131010,Car / Sedan,2,Sedan / jeep / station wagon,opposite,93.7%,2191.039,2192.289,1.25,14.4
131048,Motorcycle,1,Motorcycle / 3-wheel vehicle,normal,44.1%,2194.839,2192.039,2.8,6.4
131082,Motorcycle,1,Motorcycle / 3-wheel vehicle,opposite,70.4%,2192.239,2193.039,0.8,22.5
131078,Motorcycle,1,Motorcycle / 3-wheel vehicle,opposite,88.7%,2192.289,2193.389,1.1,16.4
130948,Motorcycle,1,Motorcycle / 3-wheel vehicle,normal,36.9%,2196.589,2192.989,3.6,5.0
131137,Motorcycle,1,Motorcycle / 3-wheel vehicle,opposite,79.2%,2193.239,2194.139,0.9,20.0
131097,Car / Sedan,2,Sedan / jeep / station wagon,opposite,88.4%,2193.289,2194.439,1.15,15.7
131120,Motorcycle,1,Motorcycle / 3-wheel vehicle,opposite,88.4%,2194.339,2195.239,0.9,20.0
131180,Car / Sedan,2,Sedan / jeep / station wagon,opposite,93.5%,2194.889,2196.139,1.25,14.4
131255,Car / Sedan,2,Sedan / jeep / station wagon,opposite,84.2%,2196.339,2197.489,1.15,15.7
131288,Car / Sedan,2,Sedan / jeep / station wagon,opposite,91.3%,2196.889,2198.039,1.15,15.7
131286,Motorcycle,1,Motorcycle / 3-wheel vehicle,opposite,90.0%,2197.139,2198.189,1.05,17.1
131372,Motorcycle,1,Motorcycle / 3-wheel vehicle,opposite,87.8%,2198.489,2199.488,1.0,18.0
131377,Motorcycle,1,Motorcycle / 3-wheel vehicle,opposite,89.8%,2198.789,2199.588,0.8,22.5
131399,Motorcycle,1,Motorcycle / 3-wheel vehicle,opposite,84.8%,2199.439,2200.588,1.15,15.7
131402,Motorcycle,1,Motorcycle / 3-wheel vehicle,opposite,89.2%,2199.539,2200.539,1.0,18.0
131423,Motorcycle,1,Motorcycle / 3-wheel vehicle,opposite,63.5%,2199.689,2201.738,2.05,8.8
131113,Car / Sedan,2,Sedan / jeep / station wagon,opposite,88.4%,2202.188,2204.538,2.35,7.7
131462,Motorcycle,1,Motorcycle / 3-wheel vehicle,opposite,87.8%,2202.938,2204.888,1.95,9.2
131482,Motorcycle,1,Motorcycle / 3-wheel vehicle,opposite,89.6%,2203.338,2205.688,2.35,7.7
131521,Motorcycle,1,Motorcycle / 3-wheel vehicle,opposite,89.4%,2204.488,2206.338,1.85,9.7
131648,Motorcycle,1,Motorcycle / 3-wheel vehicle,opposite,84.6%,2204.938,2206.688,1.75,10.3
131697,Motorcycle,1,Motorcycle / 3-wheel vehicle,opposite,83.1%,2206.138,2207.438,1.3,13.8
131540,Car / Sedan,2,Sedan / jeep / station wagon,opposite,93.4%,2206.788,2208.588,1.8,10.0
131747,Motorcycle,1,Motorcycle / 3-wheel vehicle,opposite,87.1%,2207.438,2208.788,1.35,13.3
131761,Car / Sedan,2,Sedan / jeep / station wagon,opposite,93.3%,2209.088,2210.688,1.6,11.3
131911,Motorcycle,1,Motorcycle / 3-wheel vehicle,opposite,89.0%,2211.788,2212.988,1.2,15.0
131856,Car / Sedan,2,Sedan / jeep / station wagon,opposite,93.1%,2212.838,2214.838,2.0,9.0
131984,Motorcycle,1,Motorcycle / 3-wheel vehicle,opposite,83.1%,2213.438,2214.488,1.05,17.1
131947,Motorcycle,1,Motorcycle / 3-wheel vehicle,opposite,84.3%,2213.638,2215.338,1.7,10.6
132052,Motorcycle,1,Motorcycle / 3-wheel vehicle,opposite,88.7%,2215.338,2216.538,1.2,15.0
132090,Motorcycle,1,Motorcycle / 3-wheel vehicle,opposite,89.5%,2217.688,2219.188,1.5,12.0
132134,Motorcycle,1,Motorcycle / 3-wheel vehicle,opposite,88.0%,2218.438,2219.738,1.3,13.8
132014,Car / Sedan,2,Sedan / jeep / station wagon,opposite,70.0%,2218.738,2220.687,1.95,9.2
132221,Motorcycle,1,Motorcycle / 3-wheel vehicle,opposite,87.6%,2219.537,2221.137,1.6,11.3
132253,Car / Sedan,2,Sedan / jeep / station wagon,opposite,93.2%,2221.287,2223.237,1.95,9.2
132321,Motorcycle,1,Motorcycle / 3-wheel vehicle,opposite,68.6%,2221.337,2222.487,1.15,15.7
132387,Motorcycle,1,Motorcycle / 3-wheel vehicle,opposite,87.6%,2222.987,2223.987,1.0,18.0
132438,Motorcycle,1,Motorcycle / 3-wheel vehicle,opposite,85.4%,2223.887,2224.837,0.95,18.9
132386,Motorcycle,1,Motorcycle / 3-wheel vehicle,opposite,87.9%,2224.137,2225.837,1.7,10.6
132494,Motorcycle,1,Motorcycle / 3-wheel vehicle,opposite,78.0%,2224.937,2226.187,1.25,14.4
132524,Motorcycle,1,Motorcycle / 3-wheel vehicle,opposite,88.5%,2225.387,2226.487,1.1,16.4
132457,Car / Sedan,2,Sedan / jeep / station wagon,opposite,93.5%,2225.937,2227.437,1.5,12.0
132569,Motorcycle,1,Motorcycle / 3-wheel vehicle,opposite,87.1%,2226.337,2227.387,1.05,17.1
132582,Motorcycle,1,Motorcycle / 3-wheel vehicle,opposite,88.7%,2226.737,2227.837,1.1,16.4
132625,Motorcycle,1,Motorcycle / 3-wheel vehicle,normal,52.2%,2230.337,2227.137,3.2,5.6
132331,Car / Sedan,2,Sedan / jeep / station wagon,normal,77.2%,2231.537,2227.687,3.85,4.7
132587,Car / Sedan,2,Sedan / jeep / station wagon,opposite,93.3%,2227.787,2229.237,1.45,12.4
132682,Public Transportation (Angkot),3,Medium passenger vehicle,opposite,93.1%,2229.337,2230.437,1.1,16.4
132722,Motorcycle,1,Motorcycle / 3-wheel vehicle,opposite,88.3%,2230.037,2231.287,1.25,14.4
132778,Motorcycle,1,Motorcycle / 3-wheel vehicle,opposite,90.2%,2230.937,2231.987,1.05,17.1
132509,Car / Sedan,2,Sedan / jeep / station wagon,normal,91.5%,2234.937,2231.137,3.8,4.7
132803,Motorcycle,1,Motorcycle / 3-wheel vehicle,opposite,88.0%,2231.587,2232.387,0.8,22.5
132814,Motorcycle,1,Motorcycle / 3-wheel vehicle,opposite,87.5%,2232.037,2233.187,1.15,15.7
132828,Motorcycle,1,Motorcycle / 3-wheel vehicle,opposite,89.2%,2232.387,2233.437,1.05,17.1
132852,Motorcycle,1,Motorcycle / 3-wheel vehicle,normal,52.5%,2237.437,2233.337,4.1,4.4
132873,Public Transportation (Angkot),3,Medium passenger vehicle,opposite,86.6%,2233.637,2234.787,1.15,15.7
132933,Motorcycle,1,Motorcycle / 3-wheel vehicle,opposite,88.0%,2234.737,2235.937,1.2,15.0
133126,Car / Sedan,2,Sedan / jeep / station wagon,opposite,93.7%,2239.387,2240.786,1.4,12.9
133177,Motorcycle,1,Motorcycle / 3-wheel vehicle,opposite,89.1%,2240.287,2241.486,1.2,15.0
133227,Public Transportation (Angkot),3,Medium passenger vehicle,opposite,93.1%,2241.736,2243.186,1.45,12.4
133172,Motorcycle,1,Motorcycle / 3-wheel vehicle,opposite,87.4%,2243.036,2244.886,1.85,9.7
133390,Motorcycle,1,Motorcycle / 3-wheel vehicle,opposite,80.0%,2244.486,2246.536,2.05,8.8
133361,Car / Sedan,2,Sedan / jeep / station wagon,opposite,93.5%,2245.586,2248.036,2.45,7.3
133438,Motorcycle,1,Motorcycle / 3-wheel vehicle,opposite,86.0%,2246.786,2248.886,2.1,8.6
133543,Motorcycle,1,Motorcycle / 3-wheel vehicle,opposite,85.1%,2247.786,2249.786,2.0,9.0
133540,Car / Sedan,2,Sedan / jeep / station wagon,opposite,93.3%,2249.736,2251.586,1.85,9.7
133676,Motorcycle,1,Motorcycle / 3-wheel vehicle,opposite,86.9%,2250.836,2252.186,1.35,13.3
133494,Motorcycle,1,Motorcycle / 3-wheel vehicle,opposite,89.9%,2251.036,2252.936,1.9,9.5
133619,Car / Sedan,2,Sedan / jeep / station wagon,opposite,89.2%,2252.386,2254.636,2.25,8.0
133699,Motorcycle,1,Motorcycle / 3-wheel vehicle,opposite,87.6%,2252.586,2254.486,1.9,9.5
133771,Motorcycle,1,Motorcycle / 3-wheel vehicle,opposite,86.7%,2253.486,2255.436,1.95,9.2
133709,Motorcycle,1,Motorcycle / 3-wheel vehicle,opposite,87.7%,2253.636,2255.436,1.8,10.0
133804,Motorcycle,1,Motorcycle / 3-wheel vehicle,opposite,89.6%,2255.086,2256.686,1.6,11.3
133690,Car / Sedan,2,Sedan / jeep / station wagon,opposite,92.1%,2256.236,2258.336,2.1,8.6
133873,Motorcycle,1,Motorcycle / 3-wheel vehicle,opposite,86.5%,2257.086,2259.135,2.05,8.8
133943,Motorcycle,1,Motorcycle / 3-wheel vehicle,opposite,89.5%,2259.086,2260.485,1.4,12.9
133867,Car / Sedan,2,Sedan / jeep / station wagon,opposite,93.1%,2259.485,2261.585,2.1,8.6
133963,Motorcycle,1,Motorcycle / 3-wheel vehicle,opposite,90.2%,2260.535,2262.085,1.55,11.6
134093,Car / Sedan,2,Sedan / jeep / station wagon,opposite,93.6%,2263.085,2265.085,2.0,9.0
134196,Car / Sedan,2,Sedan / jeep / station wagon,normal,57.0%,2268.335,2265.235,3.1,5.8
134228,Motorcycle,1,Motorcycle / 3-wheel vehicle,normal,86.1%,2267.335,2266.085,1.25,14.4
134200,Motorcycle,1,Motorcycle / 3-wheel vehicle,normal,85.4%,2269.685,2267.285,2.4,7.5
134249,Motorcycle,1,Motorcycle / 3-wheel vehicle,normal,85.0%,2268.135,2267.285,0.85,21.2
134304,Motorcycle,1,Motorcycle / 3-wheel vehicle,opposite,58.2%,2268.135,2269.185,1.05,17.1
134303,Motorcycle,1,Motorcycle / 3-wheel vehicle,normal,84.1%,2271.535,2269.135,2.4,7.5
134297,Motorcycle,1,Motorcycle / 3-wheel vehicle,normal,85.4%,2270.435,2269.435,1.0,18.0
134337,Motorcycle,1,Motorcycle / 3-wheel vehicle,opposite,82.2%,2269.585,2270.685,1.1,16.4
134349,Motorcycle,1,Motorcycle / 3-wheel vehicle,opposite,84.2%,2269.835,2271.035,1.2,15.0
134309,Motorcycle,1,Motorcycle / 3-wheel vehicle,normal,84.6%,2271.635,2270.435,1.2,15.0
134380,Motorcycle,1,Motorcycle / 3-wheel vehicle,normal,84.4%,2272.185,2270.885,1.3,13.8
134368,Motorcycle,1,Motorcycle / 3-wheel vehicle,normal,84.9%,2272.335,2271.235,1.1,16.4
134379,Motorcycle,1,Motorcycle / 3-wheel vehicle,normal,83.3%,2274.085,2272.135,1.95,9.2
134399,Motorcycle,1,Motorcycle / 3-wheel vehicle,normal,85.7%,2274.985,2272.735,2.25,8.0
134423,Motorcycle,1,Motorcycle / 3-wheel vehicle,opposite,88.6%,2273.185,2274.135,0.95,18.9
134418,Motorcycle,1,Motorcycle / 3-wheel vehicle,normal,83.3%,2277.285,2274.185,3.1,5.8
134424,Motorcycle,1,Motorcycle / 3-wheel vehicle,opposite,91.0%,2275.185,2276.685,1.5,12.0
134457,Motorcycle,1,Motorcycle / 3-wheel vehicle,normal,84.3%,2277.735,2275.435,2.3,7.8
134506,Motorcycle,1,Motorcycle / 3-wheel vehicle,opposite,89.1%,2276.035,2277.385,1.35,13.3
134524,Motorcycle,1,Motorcycle / 3-wheel vehicle,normal,76.0%,2280.484,2276.985,3.5,5.1
134530,Motorcycle,1,Motorcycle / 3-wheel vehicle,opposite,90.1%,2277.085,2278.735,1.65,10.9
134643,Car / Sedan,2,Sedan / jeep / station wagon,opposite,93.1%,2279.135,2280.584,1.45,12.4
134708,Motorcycle,1,Motorcycle / 3-wheel vehicle,opposite,87.5%,2280.234,2281.734,1.5,12.0
134728,Motorcycle,1,Motorcycle / 3-wheel vehicle,opposite,90.0%,2280.634,2281.934,1.3,13.8
134556,Public Transportation (Angkot),3,Medium passenger vehicle,normal,92.3%,2284.034,2280.634,3.4,5.3
134804,Motorcycle,1,Motorcycle / 3-wheel vehicle,opposite,90.4%,2282.034,2283.334,1.3,13.8
134828,Motorcycle,1,Motorcycle / 3-wheel vehicle,opposite,88.2%,2282.934,2284.234,1.3,13.8
134861,Motorcycle,1,Motorcycle / 3-wheel vehicle,normal,77.5%,2285.784,2282.934,2.85,6.3
134891,Motorcycle,1,Motorcycle / 3-wheel vehicle,normal,86.2%,2285.884,2284.284,1.6,11.3
134979,Motorcycle,1,Motorcycle / 3-wheel vehicle,opposite,87.7%,2284.684,2285.284,0.6,30.0
134997,Motorcycle,1,Motorcycle / 3-wheel vehicle,normal,82.7%,2288.084,2285.884,2.2,8.2
135026,Motorcycle,1,Motorcycle / 3-wheel vehicle,normal,62.7%,2288.984,2286.584,2.4,7.5
135083,Motorcycle,1,Motorcycle / 3-wheel vehicle,opposite,87.8%,2286.684,2287.234,0.55,32.7
135022,Motorcycle,1,Motorcycle / 3-wheel vehicle,normal,85.9%,2287.684,2286.684,1.0,18.0
135098,Motorcycle,1,Motorcycle / 3-wheel vehicle,opposite,89.5%,2287.384,2288.134,0.75,24.0
135157,Motorcycle,1,Motorcycle / 3-wheel vehicle,opposite,89.4%,2288.834,2289.534,0.7,25.7
135180,Motorcycle,1,Motorcycle / 3-wheel vehicle,opposite,88.5%,2289.984,2290.984,1.0,18.0
135187,Motorcycle,1,Motorcycle / 3-wheel vehicle,opposite,89.6%,2290.134,2290.884,0.75,24.0
135050,Bus,5,Bus,normal,84.2%,2291.584,2290.334,1.25,14.4
135199,Motorcycle,1,Motorcycle / 3-wheel vehicle,opposite,88.3%,2290.784,2291.434,0.65,27.7
135218,Motorcycle,1,Motorcycle / 3-wheel vehicle,opposite,88.0%,2291.734,2292.484,0.75,24.0
135254,Motorcycle,1,Motorcycle / 3-wheel vehicle,normal,81.2%,2293.984,2292.084,1.9,9.5
135258,Motorcycle,1,Motorcycle / 3-wheel vehicle,opposite,88.7%,2292.534,2293.284,0.75,24.0
135268,Motorcycle,1,Motorcycle / 3-wheel vehicle,opposite,81.7%,2292.884,2293.534,0.65,27.7
135214,Motorcycle,1,Motorcycle / 3-wheel vehicle,normal,83.9%,2294.434,2292.934,1.5,12.0
135305,Motorcycle,1,Motorcycle / 3-wheel vehicle,normal,79.5%,2295.334,2293.934,1.4,12.9
135261,Motorcycle,1,Motorcycle / 3-wheel vehicle,normal,85.5%,2295.634,2294.034,1.6,11.3
135293,Motorcycle,1,Motorcycle / 3-wheel vehicle,normal,86.9%,2296.834,2295.534,1.3,13.8
135398,Motorcycle,1,Motorcycle / 3-wheel vehicle,opposite,90.3%,2296.434,2297.234,0.8,22.5
135421,Motorcycle,1,Motorcycle / 3-wheel vehicle,opposite,89.7%,2296.834,2297.633,0.8,22.5
135434,Motorcycle,1,Motorcycle / 3-wheel vehicle,opposite,90.2%,2296.834,2297.484,0.65,27.7
135367,Motorcycle,1,Motorcycle / 3-wheel vehicle,normal,87.5%,2300.533,2297.484,3.05,5.9
135455,Motorcycle,1,Motorcycle / 3-wheel vehicle,opposite,89.7%,2297.633,2298.383,0.75,24.0
135460,Motorcycle,1,Motorcycle / 3-wheel vehicle,opposite,85.5%,2297.633,2298.684,1.05,17.1
135503,Motorcycle,1,Motorcycle / 3-wheel vehicle,opposite,90.0%,2298.084,2298.883,0.8,22.5
135512,Motorcycle,1,Motorcycle / 3-wheel vehicle,opposite,89.2%,2298.284,2298.934,0.65,27.7
135529,Motorcycle,1,Motorcycle / 3-wheel vehicle,opposite,88.6%,2298.934,2299.933,1.0,18.0
135530,Motorcycle,1,Motorcycle / 3-wheel vehicle,opposite,89.5%,2299.034,2299.933,0.9,20.0
135405,Motorcycle,1,Motorcycle / 3-wheel vehicle,normal,90.0%,2302.583,2299.483,3.1,5.8
135554,Motorcycle,1,Motorcycle / 3-wheel vehicle,opposite,86.9%,2299.534,2300.433,0.9,20.0
135559,Motorcycle,1,Motorcycle / 3-wheel vehicle,opposite,87.5%,2299.583,2300.283,0.7,25.7
135578,Motorcycle,1,Motorcycle / 3-wheel vehicle,opposite,89.6%,2300.133,2300.983,0.85,21.2
135435,Motorcycle,1,Motorcycle / 3-wheel vehicle,opposite,83.8%,2300.533,2302.133,1.6,11.3
135601,Motorcycle,1,Motorcycle / 3-wheel vehicle,opposite,78.5%,2300.533,2301.383,0.85,21.2
135600,Motorcycle,1,Motorcycle / 3-wheel vehicle,opposite,86.5%,2300.583,2301.333,0.75,24.0
135648,Motorcycle,1,Motorcycle / 3-wheel vehicle,opposite,78.5%,2301.283,2302.183,0.9,20.0
135646,Motorcycle,1,Motorcycle / 3-wheel vehicle,opposite,90.6%,2301.483,2302.883,1.4,12.9
135671,Motorcycle,1,Motorcycle / 3-wheel vehicle,opposite,86.8%,2301.633,2302.483,0.85,21.2
135685,Motorcycle,1,Motorcycle / 3-wheel vehicle,opposite,87.0%,2302.083,2302.933,0.85,21.2
135518,Car / Sedan,2,Sedan / jeep / station wagon,normal,61.0%,2304.433,2302.133,2.3,7.8
135698,Motorcycle,1,Motorcycle / 3-wheel vehicle,opposite,89.7%,2302.183,2303.533,1.35,13.3
135581,Motorcycle,1,Motorcycle / 3-wheel vehicle,opposite,87.6%,2302.483,2304.133,1.65,10.9
135636,Motorcycle,1,Motorcycle / 3-wheel vehicle,normal,64.3%,2304.083,2302.533,1.55,11.6
135715,Motorcycle,1,Motorcycle / 3-wheel vehicle,opposite,84.5%,2303.783,2305.233,1.45,12.4
135790,Motorcycle,1,Motorcycle / 3-wheel vehicle,normal,79.6%,2305.683,2303.883,1.8,10.0
135821,Motorcycle,1,Motorcycle / 3-wheel vehicle,opposite,77.4%,2304.033,2304.933,0.9,20.0
135882,Motorcycle,1,Motorcycle / 3-wheel vehicle,opposite,85.6%,2305.083,2306.083,1.0,18.0
135732,Car / Sedan,2,Sedan / jeep / station wagon,normal,70.2%,2307.083,2305.533,1.55,11.6
135924,Motorcycle,1,Motorcycle / 3-wheel vehicle,opposite,89.1%,2306.383,2307.483,1.1,16.4
135946,Motorcycle,1,Motorcycle / 3-wheel vehicle,normal,84.2%,2309.183,2307.083,2.1,8.6
135990,Motorcycle,1,Motorcycle / 3-wheel vehicle,opposite,85.6%,2307.683,2308.483,0.8,22.5
136003,Motorcycle,1,Motorcycle / 3-wheel vehicle,opposite,76.6%,2308.183,2309.183,1.0,18.0
135926,Motorcycle,1,Motorcycle / 3-wheel vehicle,normal,74.2%,2309.433,2308.233,1.2,15.0
136019,Motorcycle,1,Motorcycle / 3-wheel vehicle,opposite,87.5%,2308.733,2309.433,0.7,25.7
136008,Motorcycle,1,Motorcycle / 3-wheel vehicle,normal,84.4%,2310.233,2309.033,1.2,15.0
136031,Motorcycle,1,Motorcycle / 3-wheel vehicle,opposite,89.5%,2309.233,2310.183,0.95,18.9
136039,Motorcycle,1,Motorcycle / 3-wheel vehicle,opposite,74.1%,2309.233,2309.833,0.6,30.0
136043,Motorcycle,1,Motorcycle / 3-wheel vehicle,opposite,89.1%,2309.633,2310.383,0.75,24.0
136033,Motorcycle,1,Motorcycle / 3-wheel vehicle,opposite,88.5%,2310.033,2310.733,0.7,25.7
136049,Motorcycle,1,Motorcycle / 3-wheel vehicle,normal,80.0%,2313.483,2311.033,2.45,7.3
136161,Motorcycle,1,Motorcycle / 3-wheel vehicle,opposite,81.2%,2311.633,2312.333,0.7,25.7
136075,Car / Sedan,2,Sedan / jeep / station wagon,opposite,91.6%,2311.833,2312.683,0.85,21.2
136130,Motorcycle,1,Motorcycle / 3-wheel vehicle,normal,47.3%,2314.383,2311.883,2.5,7.2
136195,Motorcycle,1,Motorcycle / 3-wheel vehicle,opposite,74.2%,2312.033,2312.783,0.75,24.0
136164,Motorcycle,1,Motorcycle / 3-wheel vehicle,opposite,86.9%,2312.283,2313.133,0.85,21.2
136160,Motorcycle,1,Motorcycle / 3-wheel vehicle,opposite,87.5%,2312.433,2313.083,0.65,27.7
136054,Motorcycle,1,Motorcycle / 3-wheel vehicle,normal,46.2%,2314.833,2312.683,2.15,8.4
136207,Motorcycle,1,Motorcycle / 3-wheel vehicle,opposite,89.4%,2312.933,2314.333,1.4,12.9
136219,Motorcycle,1,Motorcycle / 3-wheel vehicle,opposite,88.2%,2313.033,2313.733,0.7,25.7
136127,Motorcycle,1,Motorcycle / 3-wheel vehicle,normal,79.5%,2315.483,2313.083,2.4,7.5
136260,Motorcycle,1,Motorcycle / 3-wheel vehicle,opposite,88.0%,2313.983,2314.783,0.8,22.5
136268,Motorcycle,1,Motorcycle / 3-wheel vehicle,opposite,83.7%,2314.033,2315.033,1.0,18.0
136254,Motorcycle,1,Motorcycle / 3-wheel vehicle,normal,82.1%,2316.433,2314.133,2.3,7.8
136185,Motorcycle,1,Motorcycle / 3-wheel vehicle,opposite,87.4%,2314.633,2316.183,1.55,11.6
136296,Motorcycle,1,Motorcycle / 3-wheel vehicle,opposite,87.8%,2314.783,2315.583,0.8,22.5
136312,Motorcycle,1,Motorcycle / 3-wheel vehicle,opposite,84.7%,2315.283,2316.183,0.9,20.0
136325,Motorcycle,1,Motorcycle / 3-wheel vehicle,opposite,83.0%,2315.833,2316.633,0.8,22.5
136303,Motorcycle,1,Motorcycle / 3-wheel vehicle,normal,74.5%,2317.332,2316.033,1.3,13.8
136365,Motorcycle,1,Motorcycle / 3-wheel vehicle,opposite,86.4%,2316.233,2317.083,0.85,21.2
136321,Motorcycle,1,Motorcycle / 3-wheel vehicle,normal,60.0%,2318.032,2316.233,1.8,10.0
136280,Motorcycle,1,Motorcycle / 3-wheel vehicle,opposite,88.8%,2316.383,2317.682,1.3,13.8
136430,Motorcycle,1,Motorcycle / 3-wheel vehicle,opposite,89.3%,2317.033,2318.082,1.05,17.1
136443,Motorcycle,1,Motorcycle / 3-wheel vehicle,normal,39.8%,2318.332,2317.332,1.0,18.0
136447,Motorcycle,1,Motorcycle / 3-wheel vehicle,opposite,88.4%,2317.383,2318.332,0.95,18.9
136475,Motorcycle,1,Motorcycle / 3-wheel vehicle,opposite,81.9%,2317.883,2318.682,0.8,22.5
136500,Motorcycle,1,Motorcycle / 3-wheel vehicle,normal,62.5%,2319.932,2318.182,1.75,10.3
136495,Motorcycle,1,Motorcycle / 3-wheel vehicle,opposite,83.2%,2318.282,2319.332,1.05,17.1
136524,Motorcycle,1,Motorcycle / 3-wheel vehicle,normal,65.0%,2319.882,2318.983,0.9,20.0
136535,Motorcycle,1,Motorcycle / 3-wheel vehicle,opposite,90.4%,2319.133,2320.032,0.9,20.0
136559,Motorcycle,1,Motorcycle / 3-wheel vehicle,opposite,87.3%,2319.482,2320.232,0.75,24.0
136545,Motorcycle,1,Motorcycle / 3-wheel vehicle,normal,58.7%,2320.532,2319.732,0.8,22.5
136462,Pickup / Micro Truck,4,Pickup / micro truck / delivery,normal,88.6%,2322.482,2319.782,2.7,6.7
136635,Motorcycle,1,Motorcycle / 3-wheel vehicle,normal,77.0%,2324.982,2321.582,3.4,5.3
136628,Car / Sedan,2,Sedan / jeep / station wagon,normal,90.3%,2323.732,2322.432,1.3,13.8
136727,Motorcycle,1,Motorcycle / 3-wheel vehicle,opposite,86.6%,2322.932,2323.682,0.75,24.0
136747,Motorcycle,1,Motorcycle / 3-wheel vehicle,opposite,89.2%,2323.032,2323.682,0.65,27.7
136783,Motorcycle,1,Motorcycle / 3-wheel vehicle,opposite,88.0%,2323.882,2324.732,0.85,21.2
136726,Car / Sedan,2,Sedan / jeep / station wagon,normal,90.5%,2325.732,2324.432,1.3,13.8
136853,Motorcycle,1,Motorcycle / 3-wheel vehicle,opposite,85.5%,2325.032,2325.782,0.75,24.0
136863,Motorcycle,1,Motorcycle / 3-wheel vehicle,opposite,82.8%,2325.082,2325.932,0.85,21.2
136770,Motorcycle,1,Motorcycle / 3-wheel vehicle,normal,55.7%,2326.382,2325.332,1.05,17.1
136900,Motorcycle,1,Motorcycle / 3-wheel vehicle,normal,81.4%,2327.082,2325.682,1.4,12.9
136890,Motorcycle,1,Motorcycle / 3-wheel vehicle,opposite,89.0%,2325.832,2326.682,0.85,21.2
136902,Motorcycle,1,Motorcycle / 3-wheel vehicle,opposite,84.0%,2325.832,2326.682,0.85,21.2
136912,Motorcycle,1,Motorcycle / 3-wheel vehicle,opposite,88.6%,2326.082,2326.982,0.9,20.0
136820,Motorcycle,1,Motorcycle / 3-wheel vehicle,normal,57.3%,2326.732,2330.782,4.05,4.4
136950,Motorcycle,1,Motorcycle / 3-wheel vehicle,opposite,90.1%,2327.082,2327.982,0.9,20.0
136928,Motorcycle,1,Motorcycle / 3-wheel vehicle,normal,79.1%,2333.282,2327.232,6.05,3.0
136991,Car / Sedan,2,Sedan / jeep / station wagon,opposite,92.1%,2328.132,2329.282,1.15,15.7
137026,Motorcycle,1,Motorcycle / 3-wheel vehicle,opposite,88.7%,2328.832,2329.682,0.85,21.2
137061,Motorcycle,1,Motorcycle / 3-wheel vehicle,opposite,90.1%,2329.482,2330.382,0.9,20.0
137090,Motorcycle,1,Motorcycle / 3-wheel vehicle,opposite,87.5%,2330.082,2330.882,0.8,22.5
137096,Car / Sedan,2,Sedan / jeep / station wagon,opposite,93.0%,2330.732,2332.032,1.3,13.8
137119,Motorcycle,1,Motorcycle / 3-wheel vehicle,opposite,71.5%,2330.832,2331.682,0.85,21.2
137130,Motorcycle,1,Motorcycle / 3-wheel vehicle,opposite,85.8%,2331.182,2332.232,1.05,17.1
137135,Motorcycle,1,Motorcycle / 3-wheel vehicle,opposite,87.4%,2331.482,2332.482,1.0,18.0
137167,Motorcycle,1,Motorcycle / 3-wheel vehicle,opposite,87.8%,2332.182,2333.232,1.05,17.1
137156,Car / Sedan,2,Sedan / jeep / station wagon,opposite,92.9%,2332.532,2333.982,1.45,12.4
137197,Motorcycle,1,Motorcycle / 3-wheel vehicle,opposite,87.0%,2333.182,2334.232,1.05,17.1
137215,Motorcycle,1,Motorcycle / 3-wheel vehicle,opposite,88.7%,2333.682,2334.782,1.1,16.4
137239,Motorcycle,1,Motorcycle / 3-wheel vehicle,opposite,89.3%,2333.982,2334.982,1.0,18.0
137272,Motorcycle,1,Motorcycle / 3-wheel vehicle,opposite,82.3%,2334.532,2335.482,0.95,18.9
137260,Motorcycle,1,Motorcycle / 3-wheel vehicle,opposite,66.1%,2335.182,2336.182,1.0,18.0
137181,Car / Sedan,2,Sedan / jeep / station wagon,opposite,93.0%,2337.282,2339.631,2.35,7.7
137345,Motorcycle,1,Motorcycle / 3-wheel vehicle,opposite,80.2%,2337.331,2338.731,1.4,12.9
137411,Motorcycle,1,Motorcycle / 3-wheel vehicle,opposite,79.7%,2338.731,2339.931,1.2,15.0
137416,Motorcycle,1,Motorcycle / 3-wheel vehicle,opposite,88.6%,2338.831,2340.131,1.3,13.8
137318,Car / Sedan,2,Sedan / jeep / station wagon,opposite,93.6%,2339.531,2341.831,2.3,7.8
137475,Motorcycle,1,Motorcycle / 3-wheel vehicle,opposite,85.0%,2340.381,2341.581,1.2,15.0
137401,Motorcycle,1,Motorcycle / 3-wheel vehicle,opposite,89.0%,2340.681,2342.881,2.2,8.2
137522,Motorcycle,1,Motorcycle / 3-wheel vehicle,opposite,82.2%,2341.931,2343.481,1.55,11.6
137491,Motorcycle,1,Motorcycle / 3-wheel vehicle,opposite,84.9%,2342.881,2345.181,2.3,7.8
137603,Motorcycle,1,Motorcycle / 3-wheel vehicle,opposite,79.7%,2343.381,2344.481,1.1,16.4
137596,Motorcycle,1,Motorcycle / 3-wheel vehicle,opposite,88.4%,2343.431,2344.931,1.5,12.0
137616,Motorcycle,1,Motorcycle / 3-wheel vehicle,opposite,87.5%,2344.081,2345.681,1.6,11.3
137542,Car / Sedan,2,Sedan / jeep / station wagon,opposite,93.4%,2345.031,2347.131,2.1,8.6
137667,Motorcycle,1,Motorcycle / 3-wheel vehicle,opposite,79.9%,2345.031,2346.431,1.4,12.9
137685,Car / Sedan,2,Sedan / jeep / station wagon,opposite,93.2%,2347.481,2349.481,2.0,9.0
137766,Motorcycle,1,Motorcycle / 3-wheel vehicle,opposite,88.0%,2347.681,2348.731,1.05,17.1
137820,Motorcycle,1,Motorcycle / 3-wheel vehicle,opposite,87.8%,2348.431,2349.231,0.8,22.5
137450,Car / Sedan,2,Sedan / jeep / station wagon,normal,56.6%,2350.431,2348.731,1.7,10.6
137810,Motorcycle,1,Motorcycle / 3-wheel vehicle,opposite,88.9%,2349.281,2350.131,0.85,21.2
137901,Motorcycle,1,Motorcycle / 3-wheel vehicle,opposite,89.6%,2350.031,2350.881,0.85,21.2
137953,Motorcycle,1,Motorcycle / 3-wheel vehicle,normal,69.2%,2352.881,2351.081,1.8,10.0
137950,Motorcycle,1,Motorcycle / 3-wheel vehicle,opposite,89.8%,2351.381,2352.331,0.95,18.9
137916,Car / Sedan,2,Sedan / jeep / station wagon,normal,89.2%,2354.181,2351.781,2.4,7.5
137982,Motorcycle,1,Motorcycle / 3-wheel vehicle,opposite,87.1%,2352.281,2353.281,1.0,18.0
137996,Motorcycle,1,Motorcycle / 3-wheel vehicle,opposite,78.4%,2352.881,2354.031,1.15,15.7
138049,Motorcycle,1,Motorcycle / 3-wheel vehicle,normal,72.9%,2355.781,2353.931,1.85,9.7
138078,Motorcycle,1,Motorcycle / 3-wheel vehicle,opposite,79.4%,2354.681,2355.781,1.1,16.4
137954,Pickup / Micro Truck,4,Pickup / micro truck / delivery,normal,87.6%,2356.831,2354.681,2.15,8.4
138070,Motorcycle,1,Motorcycle / 3-wheel vehicle,opposite,88.2%,2354.831,2355.981,1.15,15.7
138143,Car / Sedan,2,Sedan / jeep / station wagon,opposite,93.4%,2356.481,2357.68,1.2,15.0
138157,Motorcycle,1,Motorcycle / 3-wheel vehicle,opposite,88.3%,2356.531,2357.68,1.15,15.7
138166,Motorcycle,1,Motorcycle / 3-wheel vehicle,opposite,88.7%,2357.18,2358.53,1.35,13.3
138172,Motorcycle,1,Motorcycle / 3-wheel vehicle,opposite,89.2%,2357.381,2358.481,1.1,16.4
138178,Motorcycle,1,Motorcycle / 3-wheel vehicle,opposite,83.8%,2357.831,2359.08,1.25,14.4
138186,Motorcycle,1,Motorcycle / 3-wheel vehicle,opposite,89.1%,2358.03,2359.53,1.5,12.0
138199,Motorcycle,1,Motorcycle / 3-wheel vehicle,opposite,90.0%,2358.381,2359.53,1.15,15.7
138183,Motorcycle,1,Motorcycle / 3-wheel vehicle,opposite,88.1%,2358.731,2360.03,1.3,13.8
138233,Motorcycle,1,Motorcycle / 3-wheel vehicle,opposite,89.0%,2358.88,2359.98,1.1,16.4
138224,Motorcycle,1,Motorcycle / 3-wheel vehicle,normal,65.3%,2360.33,2358.93,1.4,12.9
138108,Motorcycle,1,Motorcycle / 3-wheel vehicle,normal,78.1%,2359.58,2358.98,0.6,30.0
138247,Motorcycle,1,Motorcycle / 3-wheel vehicle,opposite,88.6%,2359.38,2361.03,1.65,10.9
138275,Motorcycle,1,Motorcycle / 3-wheel vehicle,opposite,86.9%,2359.98,2361.43,1.45,12.4
138238,Motorcycle,1,Motorcycle / 3-wheel vehicle,opposite,89.8%,2360.03,2361.23,1.2,15.0
138283,Motorcycle,1,Motorcycle / 3-wheel vehicle,normal,80.4%,2361.83,2360.13,1.7,10.6
138277,Motorcycle,1,Motorcycle / 3-wheel vehicle,opposite,89.7%,2360.63,2361.93,1.3,13.8
138298,Public Transportation (Angkot),3,Medium passenger vehicle,normal,90.8%,2362.03,2361.23,0.8,22.5
138367,Car / Sedan,2,Sedan / jeep / station wagon,normal,54.5%,2362.98,2362.23,0.75,24.0
138391,Motorcycle,1,Motorcycle / 3-wheel vehicle,opposite,84.8%,2362.73,2363.83,1.1,16.4
138408,Motorcycle,1,Motorcycle / 3-wheel vehicle,opposite,78.7%,2363.33,2364.48,1.15,15.7
138452,Motorcycle,1,Motorcycle / 3-wheel vehicle,opposite,77.6%,2364.08,2365.33,1.25,14.4
138514,Motorcycle,1,Motorcycle / 3-wheel vehicle,opposite,81.6%,2365.13,2366.48,1.35,13.3
138507,Car / Sedan,2,Sedan / jeep / station wagon,opposite,94.6%,2365.63,2367.23,1.6,11.3
138526,Motorcycle,1,Motorcycle / 3-wheel vehicle,opposite,88.8%,2365.83,2367.13,1.3,13.8
138562,Motorcycle,1,Motorcycle / 3-wheel vehicle,opposite,86.2%,2366.58,2367.73,1.15,15.7
138560,Motorcycle,1,Motorcycle / 3-wheel vehicle,opposite,89.7%,2366.63,2367.83,1.2,15.0
138559,Motorcycle,1,Motorcycle / 3-wheel vehicle,opposite,89.5%,2366.83,2368.33,1.5,12.0
138584,Motorcycle,1,Motorcycle / 3-wheel vehicle,opposite,88.8%,2367.48,2368.38,0.9,20.0
138568,Motorcycle,1,Motorcycle / 3-wheel vehicle,normal,81.4%,2369.38,2367.68,1.7,10.6
138594,Motorcycle,1,Motorcycle / 3-wheel vehicle,opposite,90.2%,2368.13,2369.28,1.15,15.7
138601,Motorcycle,1,Motorcycle / 3-wheel vehicle,normal,82.6%,2369.98,2368.68,1.3,13.8
138588,Motorcycle,1,Motorcycle / 3-wheel vehicle,opposite,86.8%,2369.53,2371.13,1.6,11.3
138646,Motorcycle,1,Motorcycle / 3-wheel vehicle,opposite,81.1%,2369.53,2370.33,0.8,22.5
138649,Motorcycle,1,Motorcycle / 3-wheel vehicle,opposite,89.4%,2369.73,2370.68,0.95,18.9
138627,Motorcycle,1,Motorcycle / 3-wheel vehicle,normal,63.3%,2372.28,2370.33,1.95,9.2
138695,Motorcycle,1,Motorcycle / 3-wheel vehicle,opposite,90.6%,2371.63,2372.63,1.0,18.0
138712,Motorcycle,1,Motorcycle / 3-wheel vehicle,opposite,89.8%,2372.13,2373.08,0.95,18.9
138734,Motorcycle,1,Motorcycle / 3-wheel vehicle,opposite,90.0%,2372.73,2373.58,0.85,21.2
138757,Motorcycle,1,Motorcycle / 3-wheel vehicle,normal,84.5%,2374.03,2372.93,1.1,16.4
138755,Motorcycle,1,Motorcycle / 3-wheel vehicle,opposite,89.0%,2373.28,2374.13,0.85,21.2
138423,Public Transportation (Angkot),3,Medium passenger vehicle,normal,89.6%,2376.28,2374.18,2.1,8.6
138766,Public Transportation (Angkot),3,Medium passenger vehicle,opposite,93.3%,2374.38,2375.78,1.4,12.9
138775,Motorcycle,1,Motorcycle / 3-wheel vehicle,opposite,88.7%,2374.63,2375.48,0.85,21.2
138793,Motorcycle,1,Motorcycle / 3-wheel vehicle,opposite,89.1%,2375.53,2376.38,0.85,21.2
138799,Motorcycle,1,Motorcycle / 3-wheel vehicle,opposite,90.0%,2375.88,2376.63,0.75,24.0
138784,Motorcycle,1,Motorcycle / 3-wheel vehicle,normal,84.9%,2377.63,2376.53,1.1,16.4
138828,Motorcycle,1,Motorcycle / 3-wheel vehicle,opposite,88.8%,2376.68,2377.979,1.3,13.8
138805,Car / Sedan,2,Sedan / jeep / station wagon,normal,91.6%,2379.379,2377.68,1.7,10.6
138714,Public Transportation (Angkot),3,Medium passenger vehicle,normal,89.2%,2383.579,2378.779,4.8,3.8
138898,Motorcycle,1,Motorcycle / 3-wheel vehicle,opposite,88.1%,2379.129,2380.129,1.0,18.0
138882,Car / Sedan,2,Sedan / jeep / station wagon,opposite,93.3%,2379.329,2380.479,1.15,15.7
138913,Motorcycle,1,Motorcycle / 3-wheel vehicle,opposite,56.5%,2380.229,2381.279,1.05,17.1
138925,Motorcycle,1,Motorcycle / 3-wheel vehicle,opposite,85.9%,2380.479,2381.379,0.9,20.0
138934,Motorcycle,1,Motorcycle / 3-wheel vehicle,normal,74.4%,2388.879,2380.729,8.15,2.2
138929,Car / Sedan,2,Sedan / jeep / station wagon,opposite,93.5%,2381.279,2382.529,1.25,14.4
138976,Car / Sedan,2,Sedan / jeep / station wagon,opposite,89.7%,2382.329,2383.629,1.3,13.8
139005,Car / Sedan,2,Sedan / jeep / station wagon,opposite,90.0%,2382.779,2383.729,0.95,18.9
139016,Motorcycle,1,Motorcycle / 3-wheel vehicle,opposite,89.3%,2383.079,2384.029,0.95,18.9
139026,Motorcycle,1,Motorcycle / 3-wheel vehicle,opposite,85.8%,2383.529,2384.479,0.95,18.9
138998,Motorcycle,1,Motorcycle / 3-wheel vehicle,opposite,65.0%,2383.629,2384.879,1.25,14.4
139037,Motorcycle,1,Motorcycle / 3-wheel vehicle,opposite,88.4%,2383.979,2385.029,1.05,17.1
139027,Motorcycle,1,Motorcycle / 3-wheel vehicle,opposite,86.5%,2384.029,2385.579,1.55,11.6
139076,Motorcycle,1,Motorcycle / 3-wheel vehicle,opposite,86.5%,2384.679,2385.629,0.95,18.9
139022,Motorcycle,1,Motorcycle / 3-wheel vehicle,opposite,88.1%,2384.779,2386.129,1.35,13.3
139084,Motorcycle,1,Motorcycle / 3-wheel vehicle,opposite,73.9%,2386.229,2387.979,1.75,10.3
139130,Motorcycle,1,Motorcycle / 3-wheel vehicle,opposite,61.8%,2386.279,2387.279,1.0,18.0
139133,Motorcycle,1,Motorcycle / 3-wheel vehicle,normal,74.7%,2386.329,2388.829,2.5,7.2
139105,Car / Sedan,2,Sedan / jeep / station wagon,opposite,93.2%,2386.429,2388.029,1.6,11.3
139164,Motorcycle,1,Motorcycle / 3-wheel vehicle,opposite,89.2%,2387.429,2388.429,1.0,18.0
139190,Motorcycle,1,Motorcycle / 3-wheel vehicle,opposite,82.8%,2388.529,2389.879,1.35,13.3
139222,Motorcycle,1,Motorcycle / 3-wheel vehicle,opposite,87.1%,2389.329,2391.129,1.8,10.0
139216,Motorcycle,1,Motorcycle / 3-wheel vehicle,opposite,84.4%,2389.429,2390.829,1.4,12.9
139207,Car / Sedan,2,Sedan / jeep / station wagon,opposite,87.2%,2389.479,2392.029,2.55,7.1
139263,Motorcycle,1,Motorcycle / 3-wheel vehicle,opposite,87.7%,2390.579,2392.029,1.45,12.4
139198,Motorcycle,1,Motorcycle / 3-wheel vehicle,opposite,69.1%,2390.679,2393.029,2.35,7.7
139267,Motorcycle,1,Motorcycle / 3-wheel vehicle,normal,69.9%,2392.829,2390.679,2.15,8.4
139171,Car / Sedan,2,Sedan / jeep / station wagon,normal,83.5%,2393.679,2391.379,2.3,7.8
139308,Motorcycle,1,Motorcycle / 3-wheel vehicle,opposite,89.0%,2392.129,2393.429,1.3,13.8
139317,Motorcycle,1,Motorcycle / 3-wheel vehicle,opposite,71.2%,2392.129,2393.329,1.2,15.0
139217,Car / Sedan,2,Sedan / jeep / station wagon,opposite,93.3%,2392.329,2394.279,1.95,9.2
139339,Motorcycle,1,Motorcycle / 3-wheel vehicle,opposite,87.7%,2393.279,2394.629,1.35,13.3
139350,Motorcycle,1,Motorcycle / 3-wheel vehicle,opposite,56.1%,2393.329,2394.579,1.25,14.4
139273,Motorcycle,1,Motorcycle / 3-wheel vehicle,opposite,87.1%,2393.429,2396.029,2.6,6.9
139375,Motorcycle,1,Motorcycle / 3-wheel vehicle,opposite,77.0%,2394.029,2395.329,1.3,13.8
139376,Motorcycle,1,Motorcycle / 3-wheel vehicle,opposite,89.4%,2394.379,2395.579,1.2,15.0
139399,Motorcycle,1,Motorcycle / 3-wheel vehicle,opposite,59.1%,2395.529,2397.028,1.5,12.0
139424,Motorcycle,1,Motorcycle / 3-wheel vehicle,opposite,80.5%,2395.929,2396.979,1.05,17.1
139444,Motorcycle,1,Motorcycle / 3-wheel vehicle,opposite,85.4%,2396.129,2397.329,1.2,15.0
139389,Car / Sedan,2,Sedan / jeep / station wagon,opposite,93.6%,2396.229,2398.079,1.85,9.7
139460,Motorcycle,1,Motorcycle / 3-wheel vehicle,opposite,89.2%,2396.829,2398.678,1.85,9.7
139467,Motorcycle,1,Motorcycle / 3-wheel vehicle,opposite,82.7%,2396.878,2398.079,1.2,15.0
139397,Car / Sedan,2,Sedan / jeep / station wagon,normal,76.6%,2400.678,2397.479,3.2,5.6
139440,Motorcycle,1,Motorcycle / 3-wheel vehicle,opposite,90.6%,2397.528,2399.628,2.1,8.6
139525,Motorcycle,1,Motorcycle / 3-wheel vehicle,opposite,89.3%,2398.428,2399.378,0.95,18.9
139512,Car / Sedan,2,Sedan / jeep / station wagon,opposite,93.4%,2399.178,2401.228,2.05,8.8
139478,Car / Sedan,2,Sedan / jeep / station wagon,normal,39.8%,2402.928,2401.078,1.85,9.7
139619,Public Transportation (Angkot),3,Medium passenger vehicle,opposite,93.8%,2402.028,2403.828,1.8,10.0
139650,Car / Sedan,2,Sedan / jeep / station wagon,opposite,93.0%,2402.128,2403.928,1.8,10.0
139709,Motorcycle,1,Motorcycle / 3-wheel vehicle,normal,62.1%,2405.728,2403.378,2.35,7.7
139742,Motorcycle,1,Motorcycle / 3-wheel vehicle,opposite,84.0%,2404.428,2405.578,1.15,15.7
139746,Motorcycle,1,Motorcycle / 3-wheel vehicle,opposite,84.4%,2404.628,2406.428,1.8,10.0
139724,Car / Sedan,2,Sedan / jeep / station wagon,opposite,93.1%,2404.878,2406.378,1.5,12.0
139743,Motorcycle,1,Motorcycle / 3-wheel vehicle,opposite,87.7%,2405.128,2406.428,1.3,13.8
139715,Car / Sedan,2,Sedan / jeep / station wagon,normal,70.9%,2408.378,2405.878,2.5,7.2
139807,Motorcycle,1,Motorcycle / 3-wheel vehicle,opposite,72.3%,2406.028,2407.228,1.2,15.0
139818,Motorcycle,1,Motorcycle / 3-wheel vehicle,opposite,88.5%,2406.378,2407.678,1.3,13.8
139812,Car / Sedan,2,Sedan / jeep / station wagon,opposite,93.8%,2406.878,2408.378,1.5,12.0
139863,Motorcycle,1,Motorcycle / 3-wheel vehicle,opposite,90.2%,2407.478,2408.478,1.0,18.0
139895,Motorcycle,1,Motorcycle / 3-wheel vehicle,normal,77.0%,2410.078,2407.678,2.4,7.5
139893,Motorcycle,1,Motorcycle / 3-wheel vehicle,opposite,89.1%,2407.928,2408.878,0.95,18.9
139856,Motorcycle,1,Motorcycle / 3-wheel vehicle,normal,83.3%,2410.678,2408.328,2.35,7.7
139918,Motorcycle,1,Motorcycle / 3-wheel vehicle,opposite,89.1%,2408.678,2409.628,0.95,18.9
139935,Motorcycle,1,Motorcycle / 3-wheel vehicle,opposite,88.4%,2409.228,2410.178,0.95,18.9
139924,Car / Sedan,2,Sedan / jeep / station wagon,opposite,93.2%,2409.328,2410.578,1.25,14.4
139953,Motorcycle,1,Motorcycle / 3-wheel vehicle,opposite,86.9%,2409.928,2410.878,0.95,18.9
139986,Motorcycle,1,Motorcycle / 3-wheel vehicle,opposite,89.8%,2410.628,2411.528,0.9,20.0
140002,Motorcycle,1,Motorcycle / 3-wheel vehicle,opposite,85.4%,2411.078,2412.178,1.1,16.4
139999,Motorcycle,1,Motorcycle / 3-wheel vehicle,opposite,90.7%,2411.228,2412.128,0.9,20.0
140011,Motorcycle,1,Motorcycle / 3-wheel vehicle,opposite,89.5%,2411.628,2412.528,0.9,20.0
140004,Motorcycle,1,Motorcycle / 3-wheel vehicle,normal,83.9%,2413.128,2411.678,1.45,12.4
140034,Motorcycle,1,Motorcycle / 3-wheel vehicle,opposite,69.6%,2412.178,2413.078,0.9,20.0
140049,Motorcycle,1,Motorcycle / 3-wheel vehicle,opposite,79.8%,2412.478,2413.328,0.85,21.2
140017,Motorcycle,1,Motorcycle / 3-wheel vehicle,normal,84.3%,2413.928,2412.578,1.35,13.3
139992,Motorcycle,1,Motorcycle / 3-wheel vehicle,opposite,78.6%,2412.628,2414.028,1.4,12.9
140050,Motorcycle,1,Motorcycle / 3-wheel vehicle,opposite,89.4%,2412.678,2413.528,0.85,21.2
140063,Motorcycle,1,Motorcycle / 3-wheel vehicle,normal,42.8%,2414.678,2413.378,1.3,13.8
140074,Motorcycle,1,Motorcycle / 3-wheel vehicle,opposite,83.0%,2413.528,2414.228,0.7,25.7
140075,Motorcycle,1,Motorcycle / 3-wheel vehicle,opposite,89.8%,2413.628,2414.478,0.85,21.2
140097,Motorcycle,1,Motorcycle / 3-wheel vehicle,normal,76.5%,2415.778,2414.428,1.35,13.3
140102,Motorcycle,1,Motorcycle / 3-wheel vehicle,opposite,86.5%,2414.478,2415.278,0.8,22.5
140082,Car / Sedan,2,Sedan / jeep / station wagon,opposite,93.5%,2414.728,2415.828,1.1,16.4
140117,Motorcycle,1,Motorcycle / 3-wheel vehicle,opposite,85.2%,2415.178,2415.928,0.75,24.0
140118,Motorcycle,1,Motorcycle / 3-wheel vehicle,opposite,88.7%,2415.428,2416.227,0.8,22.5
140157,Motorcycle,1,Motorcycle / 3-wheel vehicle,opposite,87.4%,2416.227,2417.028,0.8,22.5
140160,Motorcycle,1,Motorcycle / 3-wheel vehicle,opposite,86.6%,2416.227,2417.077,0.85,21.2
140159,Motorcycle,1,Motorcycle / 3-wheel vehicle,normal,84.4%,2417.927,2416.378,1.55,11.6
140151,Motorcycle,1,Motorcycle / 3-wheel vehicle,opposite,87.3%,2417.327,2418.177,0.85,21.2
140213,Motorcycle,1,Motorcycle / 3-wheel vehicle,normal,68.0%,2421.027,2418.777,2.25,8.0
140218,Motorcycle,1,Motorcycle / 3-wheel vehicle,normal,58.2%,2421.277,2419.977,1.3,13.8
140232,Motorcycle,1,Motorcycle / 3-wheel vehicle,normal,86.5%,2421.527,2420.277,1.25,14.4
140266,Motorcycle,1,Motorcycle / 3-wheel vehicle,opposite,88.9%,2420.527,2421.927,1.4,12.9
140247,Motorcycle,1,Motorcycle / 3-wheel vehicle,normal,85.5%,2422.077,2420.827,1.25,14.4
140263,Motorcycle,1,Motorcycle / 3-wheel vehicle,normal,85.5%,2422.777,2421.527,1.25,14.4
140302,Motorcycle,1,Motorcycle / 3-wheel vehicle,normal,71.6%,2424.877,2422.777,2.1,8.6
140301,Motorcycle,1,Motorcycle / 3-wheel vehicle,normal,85.7%,2423.977,2422.977,1.0,18.0
140357,Motorcycle,1,Motorcycle / 3-wheel vehicle,opposite,87.2%,2424.027,2425.277,1.25,14.4
140399,Motorcycle,1,Motorcycle / 3-wheel vehicle,opposite,87.6%,2425.577,2426.677,1.1,16.4
140362,Car / Sedan,2,Sedan / jeep / station wagon,opposite,92.1%,2426.377,2428.077,1.7,10.6
140424,Pickup / Micro Truck,4,Pickup / micro truck / delivery,opposite,91.9%,2426.727,2427.927,1.2,15.0
140418,Car / Sedan,2,Sedan / jeep / station wagon,opposite,88.4%,2427.027,2428.627,1.6,11.3
140453,Motorcycle,1,Motorcycle / 3-wheel vehicle,opposite,88.7%,2427.527,2428.527,1.0,18.0
140456,Motorcycle,1,Motorcycle / 3-wheel vehicle,normal,51.1%,2428.877,2427.577,1.3,13.8
140469,Motorcycle,1,Motorcycle / 3-wheel vehicle,opposite,88.8%,2428.227,2429.377,1.15,15.7
140522,Motorcycle,1,Motorcycle / 3-wheel vehicle,normal,83.0%,2434.027,2431.627,2.4,7.5
140547,Motorcycle,1,Motorcycle / 3-wheel vehicle,normal,43.9%,2433.427,2432.477,0.95,18.9
140566,Public Transportation (Angkot),3,Medium passenger vehicle,opposite,92.7%,2432.677,2434.127,1.45,12.4
140595,Motorcycle,1,Motorcycle / 3-wheel vehicle,normal,76.1%,2434.377,2433.077,1.3,13.8
140614,Motorcycle,1,Motorcycle / 3-wheel vehicle,opposite,88.1%,2433.777,2435.177,1.4,12.9
140607,Car / Sedan,2,Sedan / jeep / station wagon,opposite,93.0%,2434.227,2435.577,1.35,13.3
140637,Motorcycle,1,Motorcycle / 3-wheel vehicle,opposite,87.8%,2434.677,2436.077,1.4,12.9
140665,Car / Sedan,2,Sedan / jeep / station wagon,opposite,93.3%,2436.227,2437.676,1.45,12.4
140680,Car / Sedan,2,Sedan / jeep / station wagon,opposite,94.0%,2436.876,2437.976,1.1,16.4
140718,Motorcycle,1,Motorcycle / 3-wheel vehicle,opposite,88.4%,2437.577,2439.026,1.45,12.4
140719,2-Axle Truck (Jumbo),6,2-Axle Truck,opposite,88.2%,2438.426,2439.326,0.9,20.0
140711,Motorcycle,1,Motorcycle / 3-wheel vehicle,normal,69.1%,2442.076,2439.076,3.0,6.0
140755,Car / Sedan,2,Sedan / jeep / station wagon,opposite,93.1%,2439.226,2440.426,1.2,15.0
140769,Motorcycle,1,Motorcycle / 3-wheel vehicle,opposite,86.5%,2440.026,2441.426,1.4,12.9
140800,Car / Sedan,2,Sedan / jeep / station wagon,opposite,93.6%,2440.726,2441.976,1.25,14.4
140846,Car / Sedan,2,Sedan / jeep / station wagon,opposite,93.9%,2441.976,2443.176,1.2,15.0
140883,Motorcycle,1,Motorcycle / 3-wheel vehicle,opposite,88.5%,2442.426,2443.476,1.05,17.1
140866,Motorcycle,1,Motorcycle / 3-wheel vehicle,normal,62.9%,2445.176,2442.726,2.45,7.3
140942,Motorcycle,1,Motorcycle / 3-wheel vehicle,opposite,89.5%,2444.776,2445.626,0.85,21.2
140871,Motorcycle,1,Motorcycle / 3-wheel vehicle,opposite,86.2%,2445.376,2447.426,2.05,8.8
140962,Motorcycle,1,Motorcycle / 3-wheel vehicle,opposite,90.0%,2445.376,2446.076,0.7,25.7
140975,Motorcycle,1,Motorcycle / 3-wheel vehicle,normal,64.5%,2448.426,2446.376,2.05,8.8
140935,Car / Sedan,2,Sedan / jeep / station wagon,opposite,93.8%,2448.676,2450.876,2.2,8.2
140941,Public Transportation (Angkot),3,Medium passenger vehicle,normal,86.1%,2451.276,2449.526,1.75,10.3
141022,Motorcycle,1,Motorcycle / 3-wheel vehicle,opposite,91.8%,2449.726,2451.426,1.7,10.6
141098,Motorcycle,1,Motorcycle / 3-wheel vehicle,opposite,61.2%,2450.426,2451.426,1.0,18.0
141099,Car / Sedan,2,Sedan / jeep / station wagon,normal,85.5%,2453.276,2450.626,2.65,6.8
141068,Car / Sedan,2,Sedan / jeep / station wagon,opposite,94.1%,2451.776,2453.426,1.65,10.9
141107,Motorcycle,1,Motorcycle / 3-wheel vehicle,normal,85.4%,2454.576,2451.876,2.7,6.7
141119,Motorcycle,1,Motorcycle / 3-wheel vehicle,normal,73.7%,2455.026,2452.676,2.35,7.7
141102,Motorcycle,1,Motorcycle / 3-wheel vehicle,normal,65.4%,2455.626,2452.876,2.75,6.5
141110,Public Transportation (Angkot),3,Medium passenger vehicle,opposite,93.6%,2454.276,2456.175,1.9,9.5
141143,Car / Sedan,2,Sedan / jeep / station wagon,normal,90.9%,2456.675,2455.226,1.45,12.4
141212,Motorcycle,1,Motorcycle / 3-wheel vehicle,normal,85.1%,2457.325,2456.126,1.2,15.0
141235,Motorcycle,1,Motorcycle / 3-wheel vehicle,normal,82.4%,2458.475,2457.175,1.3,13.8
141246,Motorcycle,1,Motorcycle / 3-wheel vehicle,normal,82.0%,2459.075,2457.775,1.3,13.8
141263,Motorcycle,1,Motorcycle / 3-wheel vehicle,normal,66.3%,2459.825,2458.325,1.5,12.0
141232,Car / Sedan,2,Sedan / jeep / station wagon,normal,85.5%,2460.475,2458.975,1.5,12.0
141260,Car / Sedan,2,Sedan / jeep / station wagon,opposite,93.2%,2459.075,2460.425,1.35,13.3
141317,Car / Sedan,2,Sedan / jeep / station wagon,opposite,82.4%,2461.375,2462.325,0.95,18.9
141264,Car / Sedan,2,Sedan / jeep / station wagon,normal,74.7%,2462.525,2461.875,0.65,27.7
141335,Motorcycle,1,Motorcycle / 3-wheel vehicle,normal,86.0%,2463.425,2462.525,0.9,20.0
141319,Motorcycle,1,Motorcycle / 3-wheel vehicle,normal,80.3%,2466.275,2462.625,3.65,4.9
141288,Motorcycle,1,Motorcycle / 3-wheel vehicle,normal,60.2%,2465.375,2462.675,2.7,6.7
141364,Motorcycle,1,Motorcycle / 3-wheel vehicle,normal,62.3%,2468.325,2464.375,3.95,4.6
141371,Motorcycle,1,Motorcycle / 3-wheel vehicle,opposite,88.1%,2466.075,2467.825,1.75,10.3
141391,Motorcycle,1,Motorcycle / 3-wheel vehicle,normal,83.1%,2471.275,2467.525,3.75,4.8
141418,Motorcycle,1,Motorcycle / 3-wheel vehicle,opposite,89.2%,2468.475,2470.475,2.0,9.0
141425,Motorcycle,1,Motorcycle / 3-wheel vehicle,opposite,89.5%,2469.425,2470.625,1.2,15.0
141400,Car / Sedan,2,Sedan / jeep / station wagon,opposite,93.0%,2470.975,2473.375,2.4,7.5
141439,Motorcycle,1,Motorcycle / 3-wheel vehicle,opposite,68.2%,2471.275,2473.725,2.45,7.3
141399,Car / Sedan,2,Sedan / jeep / station wagon,normal,55.6%,2474.775,2472.475,2.3,7.8
141416,Motorcycle,1,Motorcycle / 3-wheel vehicle,normal,85.6%,2476.825,2473.425,3.4,5.3
141543,Motorcycle,1,Motorcycle / 3-wheel vehicle,normal,85.2%,2477.324,2475.125,2.2,8.2
141587,Motorcycle,1,Motorcycle / 3-wheel vehicle,normal,40.9%,2478.024,2475.974,2.05,8.8
141584,Motorcycle,1,Motorcycle / 3-wheel vehicle,opposite,88.5%,2476.724,2477.874,1.15,15.7
141560,Car / Sedan,2,Sedan / jeep / station wagon,normal,67.2%,2480.524,2476.825,3.7,4.9
141601,Car / Sedan,2,Sedan / jeep / station wagon,opposite,93.3%,2477.174,2478.424,1.25,14.4
141627,Motorcycle,1,Motorcycle / 3-wheel vehicle,opposite,88.7%,2477.924,2479.024,1.1,16.4
141661,Motorcycle,1,Motorcycle / 3-wheel vehicle,opposite,89.0%,2478.824,2479.824,1.0,18.0
141592,Car / Sedan,2,Sedan / jeep / station wagon,normal,90.2%,2486.424,2479.424,7.0,2.6
141682,Motorcycle,1,Motorcycle / 3-wheel vehicle,opposite,88.8%,2479.574,2480.424,0.85,21.2
141699,Motorcycle,1,Motorcycle / 3-wheel vehicle,normal,85.3%,2483.024,2481.024,2.0,9.0
141769,Car / Sedan,2,Sedan / jeep / station wagon,opposite,91.9%,2483.074,2483.824,0.75,24.0
141631,Car / Sedan,2,Sedan / jeep / station wagon,normal,86.4%,2489.524,2484.474,5.05,3.6
141762,Motorcycle,1,Motorcycle / 3-wheel vehicle,normal,42.1%,2485.824,2484.524,1.3,13.8
141751,Motorcycle,1,Motorcycle / 3-wheel vehicle,opposite,90.5%,2484.674,2485.924,1.25,14.4
141830,Motorcycle,1,Motorcycle / 3-wheel vehicle,opposite,87.5%,2486.124,2487.074,0.95,18.9
141872,Motorcycle,1,Motorcycle / 3-wheel vehicle,opposite,89.2%,2490.474,2491.674,1.2,15.0
141881,Motorcycle,1,Motorcycle / 3-wheel vehicle,opposite,90.6%,2490.624,2491.524,0.9,20.0
141888,Motorcycle,1,Motorcycle / 3-wheel vehicle,opposite,89.0%,2490.974,2492.624,1.65,10.9
141889,Motorcycle,1,Motorcycle / 3-wheel vehicle,normal,70.7%,2494.124,2491.324,2.8,6.4
141887,Motorcycle,1,Motorcycle / 3-wheel vehicle,normal,83.4%,2492.574,2491.674,0.9,20.0
141914,Motorcycle,1,Motorcycle / 3-wheel vehicle,opposite,89.8%,2492.274,2493.324,1.05,17.1
141912,Motorcycle,1,Motorcycle / 3-wheel vehicle,normal,69.5%,2496.173,2493.224,2.95,6.1
141929,Motorcycle,1,Motorcycle / 3-wheel vehicle,opposite,86.7%,2493.524,2494.824,1.3,13.8
141934,Motorcycle,1,Motorcycle / 3-wheel vehicle,opposite,89.0%,2493.824,2494.874,1.05,17.1
141933,Pickup / Micro Truck,4,Pickup / micro truck / delivery,opposite,93.0%,2494.474,2496.073,1.6,11.3
141951,Motorcycle,1,Motorcycle / 3-wheel vehicle,opposite,86.2%,2494.724,2495.923,1.2,15.0
141983,Motorcycle,1,Motorcycle / 3-wheel vehicle,opposite,83.1%,2495.923,2497.073,1.15,15.7
141985,Motorcycle,1,Motorcycle / 3-wheel vehicle,opposite,83.5%,2496.224,2497.273,1.05,17.1
141991,Motorcycle,1,Motorcycle / 3-wheel vehicle,normal,65.1%,2498.573,2496.224,2.35,7.7
141982,Motorcycle,1,Motorcycle / 3-wheel vehicle,opposite,86.3%,2496.423,2497.623,1.2,15.0
142005,Motorcycle,1,Motorcycle / 3-wheel vehicle,opposite,88.3%,2497.073,2498.073,1.0,18.0
141944,Motorcycle,1,Motorcycle / 3-wheel vehicle,opposite,90.6%,2497.123,2498.923,1.8,10.0
142019,Motorcycle,1,Motorcycle / 3-wheel vehicle,opposite,82.0%,2497.823,2498.823,1.0,18.0
142035,Motorcycle,1,Motorcycle / 3-wheel vehicle,normal,83.2%,2499.673,2498.223,1.45,12.4
141962,Motorcycle,1,Motorcycle / 3-wheel vehicle,opposite,90.5%,2498.373,2500.123,1.75,10.3
142059,Motorcycle,1,Motorcycle / 3-wheel vehicle,normal,79.8%,2500.923,2499.473,1.45,12.4
142070,Motorcycle,1,Motorcycle / 3-wheel vehicle,opposite,89.2%,2499.573,2500.473,0.9,20.0
142090,Motorcycle,1,Motorcycle / 3-wheel vehicle,opposite,87.6%,2500.523,2501.373,0.85,21.2
142083,Motorcycle,1,Motorcycle / 3-wheel vehicle,normal,79.2%,2502.373,2500.873,1.5,12.0
142094,Motorcycle,1,Motorcycle / 3-wheel vehicle,opposite,89.9%,2501.123,2501.923,0.8,22.5
142063,Car / Sedan,2,Sedan / jeep / station wagon,normal,90.8%,2503.023,2501.473,1.55,11.6
142099,Motorcycle,1,Motorcycle / 3-wheel vehicle,normal,85.3%,2502.923,2502.023,0.9,20.0
142106,Motorcycle,1,Motorcycle / 3-wheel vehicle,normal,84.7%,2504.123,2502.873,1.25,14.4
142113,Motorcycle,1,Motorcycle / 3-wheel vehicle,opposite,89.2%,2503.373,2503.973,0.6,30.0
142124,Motorcycle,1,Motorcycle / 3-wheel vehicle,opposite,88.6%,2503.723,2504.423,0.7,25.7
142123,Motorcycle,1,Motorcycle / 3-wheel vehicle,normal,63.9%,2505.073,2503.823,1.25,14.4
142082,Car / Sedan,2,Sedan / jeep / station wagon,normal,90.6%,2505.723,2504.023,1.7,10.6
142145,Motorcycle,1,Motorcycle / 3-wheel vehicle,normal,84.2%,2506.473,2505.073,1.4,12.9
142154,Motorcycle,1,Motorcycle / 3-wheel vehicle,opposite,89.2%,2505.473,2506.123,0.65,27.7
142169,Motorcycle,1,Motorcycle / 3-wheel vehicle,opposite,85.4%,2505.823,2506.473,0.65,27.7
142110,Car / Sedan,2,Sedan / jeep / station wagon,normal,89.8%,2508.123,2506.423,1.7,10.6
142183,Motorcycle,1,Motorcycle / 3-wheel vehicle,opposite,87.4%,2506.473,2507.323,0.85,21.2
142182,Motorcycle,1,Motorcycle / 3-wheel vehicle,opposite,88.0%,2506.523,2507.323,0.8,22.5
142190,Motorcycle,1,Motorcycle / 3-wheel vehicle,opposite,89.1%,2506.573,2507.373,0.8,22.5
142193,Motorcycle,1,Motorcycle / 3-wheel vehicle,opposite,88.6%,2507.073,2507.823,0.75,24.0
142228,Motorcycle,1,Motorcycle / 3-wheel vehicle,opposite,82.5%,2508.123,2508.823,0.7,25.7
142226,Motorcycle,1,Motorcycle / 3-wheel vehicle,opposite,87.9%,2508.223,2508.923,0.7,25.7
142238,Motorcycle,1,Motorcycle / 3-wheel vehicle,opposite,86.7%,2508.773,2509.523,0.75,24.0
142231,Motorcycle,1,Motorcycle / 3-wheel vehicle,normal,84.6%,2509.723,2508.973,0.75,24.0
142260,Motorcycle,1,Motorcycle / 3-wheel vehicle,opposite,89.2%,2509.023,2509.623,0.6,30.0
142253,Motorcycle,1,Motorcycle / 3-wheel vehicle,opposite,90.1%,2509.373,2510.123,0.75,24.0
142297,Motorcycle,1,Motorcycle / 3-wheel vehicle,opposite,87.8%,2510.473,2511.173,0.7,25.7
142306,Motorcycle,1,Motorcycle / 3-wheel vehicle,normal,55.9%,2512.023,2511.223,0.8,22.5
142326,Motorcycle,1,Motorcycle / 3-wheel vehicle,opposite,84.0%,2511.273,2512.123,0.85,21.2
142344,Motorcycle,1,Motorcycle / 3-wheel vehicle,opposite,87.6%,2511.673,2512.373,0.7,25.7
142357,Motorcycle,1,Motorcycle / 3-wheel vehicle,opposite,85.6%,2511.823,2512.423,0.6,30.0
142360,Motorcycle,1,Motorcycle / 3-wheel vehicle,opposite,89.2%,2512.273,2513.073,0.8,22.5
142321,Car / Sedan,2,Sedan / jeep / station wagon,normal,90.0%,2513.323,2512.323,1.0,18.0
142430,Motorcycle,1,Motorcycle / 3-wheel vehicle,opposite,87.4%,2515.073,2516.023,0.95,18.9
142420,Motorcycle,1,Motorcycle / 3-wheel vehicle,opposite,83.1%,2515.573,2517.122,1.55,11.6
142449,Motorcycle,1,Motorcycle / 3-wheel vehicle,opposite,89.8%,2516.273,2516.872,0.6,30.0
142466,Motorcycle,1,Motorcycle / 3-wheel vehicle,opposite,89.6%,2517.122,2517.822,0.7,25.7
142456,Motorcycle,1,Motorcycle / 3-wheel vehicle,normal,79.1%,2519.472,2517.372,2.1,8.6
142472,Motorcycle,1,Motorcycle / 3-wheel vehicle,opposite,87.8%,2517.422,2518.122,0.7,25.7
142470,Motorcycle,1,Motorcycle / 3-wheel vehicle,opposite,87.0%,2517.572,2518.472,0.9,20.0
142460,Motorcycle,1,Motorcycle / 3-wheel vehicle,opposite,88.3%,2518.022,2518.772,0.75,24.0
142489,Motorcycle,1,Motorcycle / 3-wheel vehicle,opposite,87.9%,2518.722,2519.522,0.8,22.5
142500,Motorcycle,1,Motorcycle / 3-wheel vehicle,opposite,87.1%,2519.222,2519.922,0.7,25.7
142485,Motorcycle,1,Motorcycle / 3-wheel vehicle,normal,83.9%,2521.822,2519.272,2.55,7.1
142393,Car / Sedan,2,Sedan / jeep / station wagon,opposite,92.9%,2519.322,2521.072,1.75,10.3
142524,Motorcycle,1,Motorcycle / 3-wheel vehicle,opposite,88.3%,2519.622,2520.372,0.75,24.0
142486,Motorcycle,1,Motorcycle / 3-wheel vehicle,opposite,89.7%,2520.272,2521.522,1.25,14.4
142550,Motorcycle,1,Motorcycle / 3-wheel vehicle,opposite,70.1%,2520.472,2522.122,1.65,10.9
142514,Motorcycle,1,Motorcycle / 3-wheel vehicle,opposite,90.0%,2521.122,2522.872,1.75,10.3
142539,Motorcycle,1,Motorcycle / 3-wheel vehicle,normal,81.9%,2525.372,2521.272,4.1,4.4
142570,Motorcycle,1,Motorcycle / 3-wheel vehicle,opposite,82.5%,2521.972,2523.122,1.15,15.7
142527,Motorcycle,1,Motorcycle / 3-wheel vehicle,opposite,89.8%,2522.172,2523.822,1.65,10.9
142593,Motorcycle,1,Motorcycle / 3-wheel vehicle,opposite,88.4%,2522.672,2523.622,0.95,18.9
142573,Motorcycle,1,Motorcycle / 3-wheel vehicle,opposite,89.2%,2522.772,2524.222,1.45,12.4
142578,Motorcycle,1,Motorcycle / 3-wheel vehicle,normal,71.5%,2527.572,2523.822,3.75,4.8
142606,Motorcycle,1,Motorcycle / 3-wheel vehicle,opposite,85.9%,2523.922,2524.872,0.95,18.9
142635,Motorcycle,1,Motorcycle / 3-wheel vehicle,opposite,87.4%,2524.972,2526.622,1.65,10.9
142641,Motorcycle,1,Motorcycle / 3-wheel vehicle,opposite,88.5%,2525.272,2526.522,1.25,14.4
142549,Car / Sedan,2,Sedan / jeep / station wagon,opposite,90.9%,2525.372,2527.822,2.45,7.3
142604,Motorcycle,1,Motorcycle / 3-wheel vehicle,opposite,46.4%,2525.822,2527.822,2.0,9.0
142649,Motorcycle,1,Motorcycle / 3-wheel vehicle,opposite,88.2%,2525.972,2527.572,1.6,11.3
142631,Motorcycle,1,Motorcycle / 3-wheel vehicle,opposite,89.5%,2526.422,2528.622,2.2,8.2
142644,Motorcycle,1,Motorcycle / 3-wheel vehicle,opposite,87.4%,2527.322,2529.722,2.4,7.5
142684,Motorcycle,1,Motorcycle / 3-wheel vehicle,opposite,84.3%,2527.572,2529.222,1.65,10.9
142665,Motorcycle,1,Motorcycle / 3-wheel vehicle,opposite,88.7%,2528.072,2529.872,1.8,10.0
142703,Motorcycle,1,Motorcycle / 3-wheel vehicle,opposite,87.9%,2528.622,2530.072,1.45,12.4
142740,Motorcycle,1,Motorcycle / 3-wheel vehicle,opposite,60.2%,2530.422,2532.172,1.75,10.3
142679,Car / Sedan,2,Sedan / jeep / station wagon,normal,87.3%,2534.722,2530.622,4.1,4.4
142674,Car / Sedan,2,Sedan / jeep / station wagon,opposite,93.0%,2530.972,2533.872,2.9,6.2
142772,Motorcycle,1,Motorcycle / 3-wheel vehicle,opposite,88.2%,2531.872,2534.172,2.3,7.8
142801,Motorcycle,1,Motorcycle / 3-wheel vehicle,opposite,78.9%,2532.872,2534.722,1.85,9.7
142835,Motorcycle,1,Motorcycle / 3-wheel vehicle,opposite,88.8%,2533.822,2535.572,1.75,10.3
142710,Car / Sedan,2,Sedan / jeep / station wagon,opposite,70.1%,2534.022,2536.771,2.75,6.5
142789,Motorcycle,1,Motorcycle / 3-wheel vehicle,opposite,80.3%,2534.122,2536.671,2.55,7.1
142856,Motorcycle,1,Motorcycle / 3-wheel vehicle,opposite,87.8%,2535.122,2536.971,1.85,9.7
142873,Motorcycle,1,Motorcycle / 3-wheel vehicle,opposite,78.5%,2535.572,2537.171,1.6,11.3
142874,Motorcycle,1,Motorcycle / 3-wheel vehicle,opposite,79.2%,2536.072,2537.821,1.75,10.3
142862,Pickup / Micro Truck,4,Pickup / micro truck / delivery,opposite,57.0%,2537.921,2540.321,2.4,7.5
142913,Motorcycle,1,Motorcycle / 3-wheel vehicle,opposite,81.1%,2538.721,2540.271,1.55,11.6
142868,2-Axle Truck (Jumbo),6,2-Axle Truck,normal,70.2%,2540.421,2539.421,1.0,18.0
142926,Motorcycle,1,Motorcycle / 3-wheel vehicle,opposite,50.8%,2539.571,2541.171,1.6,11.3
142940,Motorcycle,1,Motorcycle / 3-wheel vehicle,opposite,60.1%,2539.871,2541.221,1.35,13.3
142936,Car / Sedan,2,Sedan / jeep / station wagon,opposite,92.9%,2540.821,2542.721,1.9,9.5
142954,Motorcycle,1,Motorcycle / 3-wheel vehicle,opposite,81.5%,2540.921,2542.571,1.65,10.9
142966,Motorcycle,1,Motorcycle / 3-wheel vehicle,opposite,79.2%,2542.221,2543.771,1.55,11.6
142964,Car / Sedan,2,Sedan / jeep / station wagon,opposite,92.9%,2542.571,2544.471,1.9,9.5
142989,Motorcycle,1,Motorcycle / 3-wheel vehicle,opposite,45.2%,2543.171,2544.771,1.6,11.3
142982,Motorcycle,1,Motorcycle / 3-wheel vehicle,normal,93.2%,2544.121,2546.971,2.85,6.3
142981,Motorcycle,1,Motorcycle / 3-wheel vehicle,opposite,90.4%,2544.671,2546.021,1.35,13.3
143005,Motorcycle,1,Motorcycle / 3-wheel vehicle,opposite,83.8%,2545.071,2546.521,1.45,12.4
143007,Motorcycle,1,Motorcycle / 3-wheel vehicle,opposite,84.6%,2545.471,2546.721,1.25,14.4
143008,Motorcycle,1,Motorcycle / 3-wheel vehicle,opposite,88.8%,2545.571,2546.821,1.25,14.4
143019,Motorcycle,1,Motorcycle / 3-wheel vehicle,opposite,81.4%,2546.221,2547.571,1.35,13.3
143018,Motorcycle,1,Motorcycle / 3-wheel vehicle,opposite,89.8%,2546.521,2547.771,1.25,14.4
143024,Motorcycle,1,Motorcycle / 3-wheel vehicle,opposite,89.0%,2547.371,2548.671,1.3,13.8
143028,Motorcycle,1,Motorcycle / 3-wheel vehicle,opposite,87.8%,2548.221,2549.421,1.2,15.0
143026,Motorcycle,1,Motorcycle / 3-wheel vehicle,normal,84.3%,2552.321,2548.621,3.7,4.9
143036,Motorcycle,1,Motorcycle / 3-wheel vehicle,opposite,87.2%,2548.971,2550.271,1.3,13.8
143048,Motorcycle,1,Motorcycle / 3-wheel vehicle,opposite,86.5%,2550.221,2551.421,1.2,15.0
143047,Motorcycle,1,Motorcycle / 3-wheel vehicle,opposite,76.3%,2550.471,2551.521,1.05,17.1
143035,Pickup / Micro Truck,4,Pickup / micro truck / delivery,opposite,89.0%,2550.571,2552.421,1.85,9.7
143050,Motorcycle,1,Motorcycle / 3-wheel vehicle,opposite,76.3%,2551.021,2552.071,1.05,17.1
143051,Motorcycle,1,Motorcycle / 3-wheel vehicle,opposite,79.0%,2551.521,2553.621,2.1,8.6
143053,Motorcycle,1,Motorcycle / 3-wheel vehicle,opposite,87.6%,2551.721,2552.821,1.1,16.4
143057,Motorcycle,1,Motorcycle / 3-wheel vehicle,opposite,56.4%,2551.721,2552.671,0.95,18.9
143056,Motorcycle,1,Motorcycle / 3-wheel vehicle,opposite,78.5%,2552.221,2553.271,1.05,17.1
143069,Motorcycle,1,Motorcycle / 3-wheel vehicle,opposite,84.1%,2552.921,2554.07,1.15,15.7
143072,Motorcycle,1,Motorcycle / 3-wheel vehicle,opposite,88.8%,2553.621,2554.771,1.15,15.7
143084,Motorcycle,1,Motorcycle / 3-wheel vehicle,opposite,85.7%,2554.62,2555.771,1.15,15.7
143086,Motorcycle,1,Motorcycle / 3-wheel vehicle,opposite,88.6%,2554.82,2555.82,1.0,18.0
143089,Motorcycle,1,Motorcycle / 3-wheel vehicle,opposite,86.9%,2555.421,2556.52,1.1,16.4
143077,Public Transportation (Angkot),3,Medium passenger vehicle,opposite,93.2%,2556.22,2558.27,2.05,8.8
143103,Motorcycle,1,Motorcycle / 3-wheel vehicle,opposite,84.5%,2556.32,2557.37,1.05,17.1
143110,Motorcycle,1,Motorcycle / 3-wheel vehicle,opposite,87.6%,2557.32,2558.27,0.95,18.9
143117,Motorcycle,1,Motorcycle / 3-wheel vehicle,opposite,83.1%,2558.52,2559.62,1.1,16.4
143118,Motorcycle,1,Motorcycle / 3-wheel vehicle,opposite,89.2%,2558.72,2559.82,1.1,16.4
143125,Motorcycle,1,Motorcycle / 3-wheel vehicle,opposite,87.4%,2559.82,2560.82,1.0,18.0
143134,Motorcycle,1,Motorcycle / 3-wheel vehicle,opposite,88.2%,2560.72,2561.77,1.05,17.1
143101,Car / Sedan,2,Sedan / jeep / station wagon,opposite,77.5%,2561.42,2563.22,1.8,10.0
143130,Motorcycle,1,Motorcycle / 3-wheel vehicle,opposite,72.5%,2561.72,2562.87,1.15,15.7
143158,Motorcycle,1,Motorcycle / 3-wheel vehicle,opposite,75.9%,2561.82,2563.37,1.55,11.6
143141,Motorcycle,1,Motorcycle / 3-wheel vehicle,opposite,89.4%,2562.37,2564.07,1.7,10.6
143175,Motorcycle,1,Motorcycle / 3-wheel vehicle,opposite,87.2%,2562.62,2564.22,1.6,11.3
143172,Motorcycle,1,Motorcycle / 3-wheel vehicle,opposite,87.8%,2562.92,2564.22,1.3,13.8
