track_id,Detected Type,Class Code,Class Label,Direction,Confidence,line1_time_s,line2_time_s,dt_s,speed_kph
6,Motorcycle,1,Motorcycle / 3-wheel vehicle,normal,85.5%,3.65,1.15,2.5,7.2
42,Motorcycle,1,Motorcycle / 3-wheel vehicle,opposite,87.5%,1.25,2.25,1.0,18.0
28,Motorcycle,1,Motorcycle / 3-wheel vehicle,normal,85.9%,3.25,1.85,1.4,12.9
7,Public Transportation (Angkot),3,Medium passenger vehicle,normal,91.7%,6.0,3.95,2.05,8.8
59,Car / Sedan,2,Sedan / jeep / station wagon,normal,91.7%,7.799,5.9,1.9,9.5
308,Motorcycle,1,Motorcycle / 3-wheel vehicle,opposite,81.4%,6.899,7.799,0.9,20.0
399,Motorcycle,1,Motorcycle / 3-wheel vehicle,normal,81.0%,10.999,7.899,3.1,5.8
179,Car / Sedan,2,Sedan / jeep / station wagon,normal,91.2%,10.099,8.299,1.8,10.0
451,Motorcycle,1,Motorcycle / 3-wheel vehicle,opposite,81.5%,8.549,9.349,0.8,22.5
314,Car / Sedan,2,Sedan / jeep / station wagon,normal,90.4%,11.849,9.949,1.9,9.5
738,Motorcycle,1,Motorcycle / 3-wheel vehicle,normal,84.8%,13.999,12.849,1.15,15.7
788,Motorcycle,1,Motorcycle / 3-wheel vehicle,normal,83.7%,14.549,13.399,1.15,15.7
610,Car / Sedan,2,Sedan / jeep / station wagon,normal,60.0%,17.249,13.649,3.6,5.0
1193,Car / Sedan,2,Sedan / jeep / station wagon,opposite,93.6%,18.499,20.498,2.0,9.0
1148,Motorcycle,1,Motorcycle / 3-wheel vehicle,opposite,88.1%,18.749,20.198,1.45,12.4
1331,Motorcycle,1,Motorcycle / 3-wheel vehicle,opposite,83.6%,21.698,22.948,1.25,14.4
1714,Motorcycle,1,Motorcycle / 3-wheel vehicle,opposite,88.2%,22.948,24.098,1.15,15.7
940,Car / Sedan,2,Sedan / jeep / station wagon,opposite,84.2%,23.498,25.998,2.5,7.2
1653,Motorcycle,1,Motorcycle / 3-wheel vehicle,opposite,63.3%,24.298,26.098,1.8,10.0
1797,Motorcycle,1,Motorcycle / 3-wheel vehicle,opposite,77.3%,24.748,26.648,1.9,9.5
1888,Car / Sedan,2,Sedan / jeep / station wagon,normal,90.5%,30.048,27.598,2.45,7.3
2161,Motorcycle,1,Motorcycle / 3-wheel vehicle,opposite,80.6%,28.548,29.798,1.25,14.4
1649,Car / Sedan,2,Sedan / jeep / station wagon,opposite,93.3%,29.048,31.748,2.7,6.7
2336,Motorcycle,1,Motorcycle / 3-wheel vehicle,opposite,88.2%,30.198,30.998,0.8,22.5
2330,Motorcycle,1,Motorcycle / 3-wheel vehicle,normal,83.1%,31.898,30.498,1.4,12.9
2339,Car / Sedan,2,Sedan / jeep / station wagon,normal,90.6%,33.547,32.048,1.5,12.0
2778,Motorcycle,1,Motorcycle / 3-wheel vehicle,opposite,87.9%,35.397,36.097,0.7,25.7
2797,Motorcycle,1,Motorcycle / 3-wheel vehicle,opposite,88.3%,35.447,36.047,0.6,30.0
2458,Public Transportation (Angkot),3,Medium passenger vehicle,normal,91.3%,37.947,35.597,2.35,7.7
2690,Car / Sedan,2,Sedan / jeep / station wagon,normal,89.3%,37.197,35.897,1.3,13.8
2858,Motorcycle,1,Motorcycle / 3-wheel vehicle,opposite,87.0%,36.147,36.697,0.55,32.7
2859,Car / Sedan,2,Sedan / jeep / station wagon,opposite,93.6%,36.597,37.397,0.8,22.5
2860,Car / Sedan,2,Sedan / jeep / station wagon,normal,76.5%,39.947,38.697,1.25,14.4
3228,Motorcycle,1,Motorcycle / 3-wheel vehicle,opposite,88.3%,39.947,40.547,0.6,30.0
3212,Motorcycle,1,Motorcycle / 3-wheel vehicle,opposite,79.5%,40.247,40.947,0.7,25.7
3071,Car / Sedan,2,Sedan / jeep / station wagon,normal,83.8%,41.747,40.497,1.25,14.4
3315,Motorcycle,1,Motorcycle / 3-wheel vehicle,opposite,74.5%,41.247,41.997,0.75,24.0
3434,Motorcycle,1,Motorcycle / 3-wheel vehicle,normal,84.2%,42.997,41.947,1.05,17.1
3564,Motorcycle,1,Motorcycle / 3-wheel vehicle,opposite,74.2%,43.047,43.797,0.75,24.0
3582,Motorcycle,1,Motorcycle / 3-wheel vehicle,opposite,85.7%,43.047,43.697,0.65,27.7
3653,Motorcycle,1,Motorcycle / 3-wheel vehicle,opposite,79.6%,44.247,44.897,0.65,27.7
3622,Motorcycle,1,Motorcycle / 3-wheel vehicle,normal,85.5%,48.296,44.297,4.0,4.5
3712,Motorcycle,1,Motorcycle / 3-wheel vehicle,normal,84.0%,48.296,45.397,2.9,6.2
3747,Motorcycle,1,Motorcycle / 3-wheel vehicle,opposite,85.9%,46.746,47.596,0.85,21.2
3814,Motorcycle,1,Motorcycle / 3-wheel vehicle,normal,81.7%,51.696,46.746,4.95,3.6
3933,Motorcycle,1,Motorcycle / 3-wheel vehicle,opposite,84.3%,47.296,48.196,0.9,20.0
3974,Motorcycle,1,Motorcycle / 3-wheel vehicle,opposite,86.4%,47.546,48.096,0.55,32.7
4017,Motorcycle,1,Motorcycle / 3-wheel vehicle,opposite,86.7%,48.096,48.796,0.7,25.7
4051,Motorcycle,1,Motorcycle / 3-wheel vehicle,normal,83.9%,52.096,49.096,3.0,6.0
4189,Motorcycle,1,Motorcycle / 3-wheel vehicle,opposite,88.5%,50.046,50.696,0.65,27.7
3980,Motorcycle,1,Motorcycle / 3-wheel vehicle,opposite,86.1%,50.446,52.546,2.1,8.6
4308,Motorcycle,1,Motorcycle / 3-wheel vehicle,normal,64.4%,53.246,51.196,2.05,8.8
4352,Motorcycle,1,Motorcycle / 3-wheel vehicle,opposite,85.8%,51.246,51.946,0.7,25.7
4299,Motorcycle,1,Motorcycle / 3-wheel vehicle,opposite,84.3%,51.446,52.446,1.0,18.0
4300,Motorcycle,1,Motorcycle / 3-wheel vehicle,opposite,88.1%,51.896,53.696,1.8,10.0
4171,Car / Sedan,2,Sedan / jeep / station wagon,normal,88.2%,54.246,52.246,2.0,9.0
4476,Motorcycle,1,Motorcycle / 3-wheel vehicle,opposite,64.0%,52.596,53.446,0.85,21.2
4345,Motorcycle,1,Motorcycle / 3-wheel vehicle,opposite,58.3%,52.896,54.496,1.6,11.3
4429,Motorcycle,1,Motorcycle / 3-wheel vehicle,opposite,90.2%,53.146,54.846,1.7,10.6
4709,Motorcycle,1,Motorcycle / 3-wheel vehicle,opposite,89.0%,54.896,55.696,0.8,22.5
4765,Motorcycle,1,Motorcycle / 3-wheel vehicle,normal,66.8%,56.596,55.096,1.5,12.0
4674,Car / Sedan,2,Sedan / jeep / station wagon,normal,91.3%,57.746,56.146,1.6,11.3
4906,Car / Sedan,2,Sedan / jeep / station wagon,normal,91.8%,59.245,57.896,1.35,13.3
5017,Car / Sedan,2,Sedan / jeep / station wagon,opposite,93.8%,58.396,59.395,1.0,18.0
5034,Car / Sedan,2,Sedan / jeep / station wagon,normal,88.1%,60.096,58.946,1.15,15.7
5135,Motorcycle,1,Motorcycle / 3-wheel vehicle,opposite,88.3%,59.145,60.145,1.0,18.0
5079,Car / Sedan,2,Sedan / jeep / station wagon,normal,90.3%,61.595,60.295,1.3,13.8
5225,Car / Sedan,2,Sedan / jeep / station wagon,opposite,93.5%,60.495,61.345,0.85,21.2
5329,Motorcycle,1,Motorcycle / 3-wheel vehicle,opposite,86.6%,61.245,62.145,0.9,20.0
5341,Motorcycle,1,Motorcycle / 3-wheel vehicle,opposite,84.7%,61.295,62.145,0.85,21.2
5406,Motorcycle,1,Motorcycle / 3-wheel vehicle,opposite,85.5%,62.145,62.895,0.75,24.0
5412,Pickup / Micro Truck,4,Pickup / micro truck / delivery,opposite,89.9%,62.545,63.495,0.95,18.9
5444,Motorcycle,1,Motorcycle / 3-wheel vehicle,opposite,88.5%,62.595,63.445,0.85,21.2
5342,Car / Sedan,2,Sedan / jeep / station wagon,normal,75.8%,64.245,63.245,1.0,18.0
5601,Car / Sedan,2,Sedan / jeep / station wagon,normal,90.4%,66.245,65.245,1.0,18.0
5626,Motorcycle,1,Motorcycle / 3-wheel vehicle,opposite,88.8%,65.295,66.145,0.85,21.2
5651,Car / Sedan,2,Sedan / jeep / station wagon,opposite,93.3%,66.195,67.345,1.15,15.7
5723,Motorcycle,1,Motorcycle / 3-wheel vehicle,normal,84.4%,67.695,66.995,0.7,25.7
5749,Car / Sedan,2,Sedan / jeep / station wagon,opposite,93.1%,67.345,68.395,1.05,17.1
5856,Motorcycle,1,Motorcycle / 3-wheel vehicle,opposite,88.0%,68.895,69.845,0.95,18.9
5857,Motorcycle,1,Motorcycle / 3-wheel vehicle,normal,84.8%,71.445,68.945,2.5,7.2
5904,Motorcycle,1,Motorcycle / 3-wheel vehicle,opposite,88.9%,69.595,70.445,0.85,21.2
5949,Motorcycle,1,Motorcycle / 3-wheel vehicle,opposite,81.3%,69.945,70.845,0.9,20.0
5997,Motorcycle,1,Motorcycle / 3-wheel vehicle,opposite,88.5%,70.745,71.645,0.9,20.0
6003,Motorcycle,1,Motorcycle / 3-wheel vehicle,opposite,86.0%,70.845,71.645,0.8,22.5
6012,Motorcycle,1,Motorcycle / 3-wheel vehicle,normal,66.1%,73.344,71.245,2.1,8.6
6092,Motorcycle,1,Motorcycle / 3-wheel vehicle,opposite,46.5%,71.545,72.445,0.9,20.0
5984,Motorcycle,1,Motorcycle / 3-wheel vehicle,opposite,90.4%,71.595,73.094,1.5,12.0
6161,Motorcycle,1,Motorcycle / 3-wheel vehicle,opposite,89.4%,71.845,72.745,0.9,20.0
6167,Motorcycle,1,Motorcycle / 3-wheel vehicle,opposite,70.1%,72.445,73.594,1.15,15.7
6093,Motorcycle,1,Motorcycle / 3-wheel vehicle,opposite,76.4%,73.144,74.794,1.65,10.9
6418,Motorcycle,1,Motorcycle / 3-wheel vehicle,opposite,89.4%,73.994,74.644,0.65,27.7
6443,Motorcycle,1,Motorcycle / 3-wheel vehicle,opposite,82.3%,74.644,75.494,0.85,21.2
6478,Motorcycle,1,Motorcycle / 3-wheel vehicle,normal,83.6%,75.694,74.694,1.0,18.0
6423,Car / Sedan,2,Sedan / jeep / station wagon,opposite,88.5%,74.794,75.994,1.2,15.0
6486,Motorcycle,1,Motorcycle / 3-wheel vehicle,opposite,87.6%,74.994,76.044,1.05,17.1
6550,Motorcycle,1,Motorcycle / 3-wheel vehicle,opposite,86.2%,75.894,76.944,1.05,17.1
6540,Car / Sedan,2,Sedan / jeep / station wagon,normal,88.9%,77.444,76.244,1.2,15.0
6614,Motorcycle,1,Motorcycle / 3-wheel vehicle,opposite,87.9%,76.544,77.544,1.0,18.0
6671,Motorcycle,1,Motorcycle / 3-wheel vehicle,normal,80.6%,79.894,77.794,2.1,8.6
6739,2-Axle Truck (Jumbo),6,2-Axle Truck,opposite,92.8%,78.294,79.194,0.9,20.0
6769,Motorcycle,1,Motorcycle / 3-wheel vehicle,opposite,84.3%,78.544,79.644,1.1,16.4
6819,Public Transportation (Angkot),3,Medium passenger vehicle,opposite,63.0%,79.444,80.444,1.0,18.0
6853,Motorcycle,1,Motorcycle / 3-wheel vehicle,opposite,86.6%,79.694,80.744,1.05,17.1
6862,Motorcycle,1,Motorcycle / 3-wheel vehicle,opposite,88.5%,79.994,80.844,0.85,21.2
6924,Motorcycle,1,Motorcycle / 3-wheel vehicle,opposite,87.1%,80.494,81.494,1.0,18.0
6981,Motorcycle,1,Motorcycle / 3-wheel vehicle,opposite,85.5%,81.344,82.294,0.95,18.9
7009,2-Axle Truck (Jumbo),6,2-Axle Truck,normal,92.0%,82.444,81.344,1.1,16.4
7088,Motorcycle,1,Motorcycle / 3-wheel vehicle,opposite,88.5%,82.244,83.144,0.9,20.0
7159,Motorcycle,1,Motorcycle / 3-wheel vehicle,opposite,89.8%,82.694,83.494,0.8,22.5
7089,Public Transportation (Angkot),3,Medium passenger vehicle,normal,89.8%,84.244,82.844,1.4,12.9
7146,Motorcycle,1,Motorcycle / 3-wheel vehicle,opposite,84.9%,83.344,85.493,2.15,8.4
7154,Car / Sedan,2,Sedan / jeep / station wagon,normal,91.3%,84.744,83.744,1.0,18.0
7343,Motorcycle,1,Motorcycle / 3-wheel vehicle,opposite,88.3%,84.144,84.944,0.8,22.5
7304,Car / Sedan,2,Sedan / jeep / station wagon,opposite,93.1%,84.294,85.394,1.1,16.4
7429,Motorcycle,1,Motorcycle / 3-wheel vehicle,opposite,87.2%,84.994,85.894,0.9,20.0
7619,Motorcycle,1,Motorcycle / 3-wheel vehicle,opposite,88.1%,86.293,87.143,0.85,21.2
7625,Motorcycle,1,Motorcycle / 3-wheel vehicle,opposite,86.8%,86.444,87.293,0.85,21.2
7810,Motorcycle,1,Motorcycle / 3-wheel vehicle,opposite,87.3%,88.043,88.793,0.75,24.0
7724,Car / Sedan,2,Sedan / jeep / station wagon,normal,91.6%,89.093,88.093,1.0,18.0
7850,Motorcycle,1,Motorcycle / 3-wheel vehicle,opposite,87.3%,88.143,88.743,0.6,30.0
7899,Motorcycle,1,Motorcycle / 3-wheel vehicle,opposite,86.7%,88.693,89.493,0.8,22.5
7919,Car / Sedan,2,Sedan / jeep / station wagon,normal,80.6%,92.043,89.143,2.9,6.2
7950,Motorcycle,1,Motorcycle / 3-wheel vehicle,opposite,89.2%,89.243,89.993,0.75,24.0
7987,Motorcycle,1,Motorcycle / 3-wheel vehicle,normal,86.2%,90.243,89.293,0.95,18.9
8011,Motorcycle,1,Motorcycle / 3-wheel vehicle,opposite,84.1%,89.893,90.793,0.9,20.0
8012,Motorcycle,1,Motorcycle / 3-wheel vehicle,opposite,84.0%,90.043,90.793,0.75,24.0
8069,Motorcycle,1,Motorcycle / 3-wheel vehicle,normal,79.0%,91.543,90.243,1.3,13.8
8053,Motorcycle,1,Motorcycle / 3-wheel vehicle,normal,79.1%,91.693,90.493,1.2,15.0
8111,Motorcycle,1,Motorcycle / 3-wheel vehicle,normal,83.1%,92.143,90.943,1.2,15.0
8128,Motorcycle,1,Motorcycle / 3-wheel vehicle,opposite,83.1%,91.093,92.043,0.95,18.9
8264,Car / Sedan,2,Sedan / jeep / station wagon,opposite,92.9%,92.643,93.443,0.8,22.5
8304,Motorcycle,1,Motorcycle / 3-wheel vehicle,opposite,71.1%,92.843,93.793,0.95,18.9
8450,Motorcycle,1,Motorcycle / 3-wheel vehicle,opposite,87.5%,93.843,94.443,0.6,30.0
8404,Pickup / Micro Truck,4,Pickup / micro truck / delivery,normal,90.6%,96.343,94.843,1.5,12.0
8528,Motorcycle,1,Motorcycle / 3-wheel vehicle,opposite,89.0%,95.043,95.893,0.85,21.2
8487,Motorcycle,1,Motorcycle / 3-wheel vehicle,normal,87.5%,96.693,95.243,1.45,12.4
8547,Car / Sedan,2,Sedan / jeep / station wagon,opposite,93.2%,95.593,96.443,0.85,21.2
8624,Motorcycle,1,Motorcycle / 3-wheel vehicle,opposite,52.5%,95.943,96.793,0.85,21.2
8562,Motorcycle,1,Motorcycle / 3-wheel vehicle,normal,73.4%,97.093,96.093,1.0,18.0
8651,Motorcycle,1,Motorcycle / 3-wheel vehicle,opposite,87.3%,96.243,96.993,0.75,24.0
8699,Motorcycle,1,Motorcycle / 3-wheel vehicle,normal,82.5%,98.743,96.943,1.8,10.0
8728,Motorcycle,1,Motorcycle / 3-wheel vehicle,opposite,88.6%,97.343,98.193,0.85,21.2
8754,Motorcycle,1,Motorcycle / 3-wheel vehicle,normal,83.1%,99.442,97.943,1.5,12.0
8807,Car / Sedan,2,Sedan / jeep / station wagon,opposite,93.3%,98.643,99.543,0.9,20.0
8781,Car / Sedan,2,Sedan / jeep / station wagon,normal,73.7%,100.492,99.243,1.25,14.4
8900,Motorcycle,1,Motorcycle / 3-wheel vehicle,opposite,88.9%,99.543,100.442,0.9,20.0
8985,Motorcycle,1,Motorcycle / 3-wheel vehicle,opposite,80.8%,99.993,100.942,0.95,18.9
8954,Motorcycle,1,Motorcycle / 3-wheel vehicle,opposite,85.8%,100.092,100.992,0.9,20.0
8975,Motorcycle,1,Motorcycle / 3-wheel vehicle,opposite,88.8%,100.292,101.192,0.9,20.0
8916,Car / Sedan,2,Sedan / jeep / station wagon,normal,90.5%,102.692,101.242,1.45,12.4
9042,Public Transportation (Angkot),3,Medium passenger vehicle,opposite,93.7%,101.642,103.092,1.45,12.4
9114,Motorcycle,1,Motorcycle / 3-wheel vehicle,opposite,87.1%,101.892,102.892,1.0,18.0
9119,Car / Sedan,2,Sedan / jeep / station wagon,normal,88.9%,104.592,102.842,1.75,10.3
9279,Motorcycle,1,Motorcycle / 3-wheel vehicle,opposite,84.9%,103.892,105.192,1.3,13.8
9385,Motorcycle,1,Motorcycle / 3-wheel vehicle,opposite,80.3%,104.842,105.842,1.0,18.0
9367,Motorcycle,1,Motorcycle / 3-wheel vehicle,normal,81.1%,108.342,105.092,3.25,5.5
9364,Car / Sedan,2,Sedan / jeep / station wagon,opposite,93.2%,105.142,106.242,1.1,16.4
9449,Motorcycle,1,Motorcycle / 3-wheel vehicle,opposite,88.3%,105.692,106.742,1.05,17.1
9514,Motorcycle,1,Motorcycle / 3-wheel vehicle,opposite,88.3%,106.392,107.442,1.05,17.1
9575,Motorcycle,1,Motorcycle / 3-wheel vehicle,opposite,84.4%,107.242,108.392,1.15,15.7
9515,Motorcycle,1,Motorcycle / 3-wheel vehicle,opposite,81.9%,107.392,108.842,1.45,12.4
9670,Motorcycle,1,Motorcycle / 3-wheel vehicle,opposite,65.5%,107.742,108.842,1.1,16.4
9771,Motorcycle,1,Motorcycle / 3-wheel vehicle,opposite,82.4%,108.592,110.042,1.45,12.4
9656,Motorcycle,1,Motorcycle / 3-wheel vehicle,opposite,88.6%,108.992,110.492,1.5,12.0
9876,Motorcycle,1,Motorcycle / 3-wheel vehicle,opposite,84.0%,109.092,110.992,1.9,9.5
9915,Motorcycle,1,Motorcycle / 3-wheel vehicle,normal,75.9%,111.292,109.642,1.65,10.9
9920,Motorcycle,1,Motorcycle / 3-wheel vehicle,opposite,88.0%,110.142,111.492,1.35,13.3
9927,Car / Sedan,2,Sedan / jeep / station wagon,opposite,92.4%,110.892,112.492,1.6,11.3
9972,Motorcycle,1,Motorcycle / 3-wheel vehicle,opposite,73.1%,110.942,112.841,1.9,9.5
10055,Motorcycle,1,Motorcycle / 3-wheel vehicle,opposite,89.3%,111.642,112.692,1.05,17.1
10014,Motorcycle,1,Motorcycle / 3-wheel vehicle,opposite,51.1%,111.892,113.791,1.9,9.5
10294,Motorcycle,1,Motorcycle / 3-wheel vehicle,opposite,78.3%,114.241,115.691,1.45,12.4
10414,Motorcycle,1,Motorcycle / 3-wheel vehicle,opposite,61.8%,115.541,118.041,2.5,7.2
10410,Motorcycle,1,Motorcycle / 3-wheel vehicle,opposite,86.7%,115.891,118.391,2.5,7.2
10586,Car / Sedan,2,Sedan / jeep / station wagon,normal,87.1%,118.441,116.991,1.45,12.4
10645,Car / Sedan,2,Sedan / jeep / station wagon,normal,90.3%,120.141,118.641,1.5,12.0
10723,Motorcycle,1,Motorcycle / 3-wheel vehicle,opposite,85.0%,119.241,120.641,1.4,12.9
10738,Motorcycle,1,Motorcycle / 3-wheel vehicle,opposite,89.5%,119.291,120.791,1.5,12.0
10757,Motorcycle,1,Motorcycle / 3-wheel vehicle,opposite,85.9%,119.741,121.141,1.4,12.9
10814,Motorcycle,1,Motorcycle / 3-wheel vehicle,opposite,85.5%,120.191,121.741,1.55,11.6
10832,Motorcycle,1,Motorcycle / 3-wheel vehicle,normal,84.0%,123.441,121.741,1.7,10.6
10938,Car / Sedan,2,Sedan / jeep / station wagon,opposite,93.5%,122.041,124.141,2.1,8.6
10707,Motorcycle,1,Motorcycle / 3-wheel vehicle,opposite,80.8%,123.191,125.141,1.95,9.2
11106,Motorcycle,1,Motorcycle / 3-wheel vehicle,opposite,84.8%,123.791,125.691,1.9,9.5
10989,Car / Sedan,2,Sedan / jeep / station wagon,opposite,92.0%,124.591,134.84,10.249,1.8
11178,Motorcycle,1,Motorcycle / 3-wheel vehicle,opposite,62.0%,125.391,126.74,1.35,13.3
11082,Car / Sedan,2,Sedan / jeep / station wagon,normal,89.0%,128.69,125.391,3.3,5.5
11299,Motorcycle,1,Motorcycle / 3-wheel vehicle,opposite,89.8%,126.89,129.74,2.85,6.3
11517,Motorcycle,1,Motorcycle / 3-wheel vehicle,opposite,86.5%,128.79,131.44,2.65,6.8
11197,Car / Sedan,2,Sedan / jeep / station wagon,opposite,92.9%,128.84,139.989,11.149,1.6
11456,Car / Sedan,2,Sedan / jeep / station wagon,normal,34.6%,134.99,130.49,4.5,4.0
11733,Motorcycle,1,Motorcycle / 3-wheel vehicle,opposite,83.6%,131.04,132.84,1.8,10.0
11860,Motorcycle,1,Motorcycle / 3-wheel vehicle,opposite,79.3%,132.49,133.99,1.5,12.0
11914,Motorcycle,1,Motorcycle / 3-wheel vehicle,opposite,78.1%,133.19,134.49,1.3,13.8
12192,Car / Sedan,2,Sedan / jeep / station wagon,opposite,92.2%,136.24,138.24,2.0,9.0
12233,Motorcycle,1,Motorcycle / 3-wheel vehicle,opposite,83.4%,137.39,139.139,1.75,10.3
12335,Motorcycle,1,Motorcycle / 3-wheel vehicle,opposite,69.7%,137.89,139.44,1.55,11.6
12238,Car / Sedan,2,Sedan / jeep / station wagon,normal,45.0%,141.139,138.34,2.8,6.4
12415,Motorcycle,1,Motorcycle / 3-wheel vehicle,opposite,81.8%,138.839,140.739,1.9,9.5
12468,Motorcycle,1,Motorcycle / 3-wheel vehicle,opposite,83.0%,139.54,140.989,1.45,12.4
12560,Motorcycle,1,Motorcycle / 3-wheel vehicle,opposite,58.5%,140.589,142.239,1.65,10.9
11493,Car / Sedan,2,Sedan / jeep / station wagon,opposite,92.7%,140.639,143.239,2.6,6.9
12654,Motorcycle,1,Motorcycle / 3-wheel vehicle,opposite,83.6%,141.539,143.039,1.5,12.0
12726,Car / Sedan,2,Sedan / jeep / station wagon,opposite,89.5%,143.039,144.589,1.55,11.6
12790,Motorcycle,1,Motorcycle / 3-wheel vehicle,opposite,85.3%,143.639,145.439,1.8,10.0
12729,Car / Sedan,2,Sedan / jeep / station wagon,normal,85.0%,147.289,143.639,3.65,4.9
12910,Car / Sedan,2,Sedan / jeep / station wagon,opposite,92.0%,144.889,146.439,1.55,11.6
12961,Motorcycle,1,Motorcycle / 3-wheel vehicle,opposite,67.8%,145.689,147.089,1.4,12.9
13008,2-Axle Truck (Jumbo),6,2-Axle Truck,opposite,39.5%,145.789,147.939,2.15,8.4
13098,Car / Sedan,2,Sedan / jeep / station wagon,opposite,92.1%,147.439,149.239,1.8,10.0
13128,Motorcycle,1,Motorcycle / 3-wheel vehicle,opposite,87.4%,147.989,149.489,1.5,12.0
13212,Car / Sedan,2,Sedan / jeep / station wagon,normal,84.5%,150.489,148.689,1.8,10.0
13191,Motorcycle,1,Motorcycle / 3-wheel vehicle,opposite,87.8%,148.839,150.289,1.45,12.4
13202,Pickup / Micro Truck,4,Pickup / micro truck / delivery,opposite,91.3%,149.989,152.288,2.3,7.8
13369,Motorcycle,1,Motorcycle / 3-wheel vehicle,opposite,40.0%,151.489,153.838,2.35,7.7
13397,Car / Sedan,2,Sedan / jeep / station wagon,opposite,84.9%,151.788,153.838,2.05,8.8
13442,Motorcycle,1,Motorcycle / 3-wheel vehicle,opposite,61.9%,151.888,153.388,1.5,12.0
13459,Motorcycle,1,Motorcycle / 3-wheel vehicle,opposite,83.8%,152.288,153.738,1.45,12.4
13624,Motorcycle,1,Motorcycle / 3-wheel vehicle,normal,81.7%,155.638,153.738,1.9,9.5
13625,Motorcycle,1,Motorcycle / 3-wheel vehicle,opposite,56.6%,153.888,155.338,1.45,12.4
13722,Motorcycle,1,Motorcycle / 3-wheel vehicle,normal,84.2%,156.338,154.838,1.5,12.0
13799,Motorcycle,1,Motorcycle / 3-wheel vehicle,normal,50.2%,159.038,155.938,3.1,5.8
13792,Pickup / Micro Truck,4,Pickup / micro truck / delivery,opposite,93.0%,156.438,158.338,1.9,9.5
13962,Motorcycle,1,Motorcycle / 3-wheel vehicle,opposite,76.6%,157.538,159.288,1.75,10.3
13946,Car / Sedan,2,Sedan / jeep / station wagon,opposite,92.2%,158.138,160.088,1.95,9.2
13965,Public Transportation (Angkot),3,Medium passenger vehicle,normal,80.5%,160.138,159.188,0.95,18.9
14125,Car / Sedan,2,Sedan / jeep / station wagon,opposite,93.3%,159.388,161.288,1.9,9.5
14119,Motorcycle,1,Motorcycle / 3-wheel vehicle,opposite,80.8%,159.638,161.488,1.85,9.7
14131,Pickup / Micro Truck,4,Pickup / micro truck / delivery,opposite,91.5%,160.538,162.788,2.25,8.0
14306,Motorcycle,1,Motorcycle / 3-wheel vehicle,opposite,79.6%,161.738,163.138,1.4,12.9
14269,Car / Sedan,2,Sedan / jeep / station wagon,opposite,93.2%,162.238,164.688,2.45,7.3
14357,Motorcycle,1,Motorcycle / 3-wheel vehicle,opposite,79.5%,162.538,163.988,1.45,12.4
14449,Public Transportation (Angkot),3,Medium passenger vehicle,opposite,92.7%,164.938,167.937,3.0,6.0
14708,Public Transportation (Angkot),3,Medium passenger vehicle,opposite,93.6%,168.337,170.087,1.75,10.3
15090,Motorcycle,1,Motorcycle / 3-wheel vehicle,opposite,67.7%,172.887,174.187,1.3,13.8
15094,Car / Sedan,2,Sedan / jeep / station wagon,opposite,90.7%,174.487,177.437,2.95,6.1
15360,Motorcycle,1,Motorcycle / 3-wheel vehicle,opposite,71.1%,177.287,178.837,1.55,11.6
15096,Pickup / Micro Truck,4,Pickup / micro truck / delivery,opposite,87.8%,178.286,181.736,3.45,5.2
15658,Motorcycle,1,Motorcycle / 3-wheel vehicle,opposite,65.5%,179.436,180.836,1.4,12.9
15605,Car / Sedan,2,Sedan / jeep / station wagon,opposite,82.8%,181.036,183.436,2.4,7.5
15856,Motorcycle,1,Motorcycle / 3-wheel vehicle,opposite,43.4%,182.436,183.936,1.5,12.0
15972,Motorcycle,1,Motorcycle / 3-wheel vehicle,opposite,83.0%,182.786,184.936,2.15,8.4
15545,Car / Sedan,2,Sedan / jeep / station wagon,opposite,91.4%,183.536,186.386,2.85,6.3
15974,Car / Sedan,2,Sedan / jeep / station wagon,opposite,92.0%,185.886,188.486,2.6,6.9
16293,Car / Sedan,2,Sedan / jeep / station wagon,normal,86.7%,190.236,187.736,2.5,7.2
16395,Car / Sedan,2,Sedan / jeep / station wagon,opposite,92.8%,188.286,190.336,2.05,8.8
16661,Motorcycle,1,Motorcycle / 3-wheel vehicle,normal,78.8%,190.136,188.686,1.45,12.4
16699,Motorcycle,1,Motorcycle / 3-wheel vehicle,normal,72.0%,190.936,189.686,1.25,14.4
16884,Motorcycle,1,Motorcycle / 3-wheel vehicle,normal,84.2%,191.685,190.436,1.25,14.4
16963,Motorcycle,1,Motorcycle / 3-wheel vehicle,normal,86.0%,195.585,191.685,3.9,4.6
17125,Motorcycle,1,Motorcycle / 3-wheel vehicle,normal,83.5%,196.385,193.235,3.15,5.7
17252,Motorcycle,1,Motorcycle / 3-wheel vehicle,normal,57.6%,197.335,194.235,3.1,5.8
16795,Public Transportation (Angkot),3,Medium passenger vehicle,opposite,93.0%,194.385,197.135,2.75,6.5
17227,Motorcycle,1,Motorcycle / 3-wheel vehicle,opposite,85.2%,195.435,197.035,1.6,11.3
16898,Car / Sedan,2,Sedan / jeep / station wagon,normal,90.9%,201.185,195.635,5.55,3.2
17344,Motorcycle,1,Motorcycle / 3-wheel vehicle,opposite,89.5%,195.935,197.835,1.9,9.5
17388,Motorcycle,1,Motorcycle / 3-wheel vehicle,opposite,82.3%,196.535,198.335,1.8,10.0
17458,Motorcycle,1,Motorcycle / 3-wheel vehicle,opposite,81.1%,196.685,198.085,1.4,12.9
17414,Motorcycle,1,Motorcycle / 3-wheel vehicle,opposite,90.1%,197.185,199.135,1.95,9.2
17566,Car / Sedan,2,Sedan / jeep / station wagon,opposite,93.2%,199.785,201.535,1.75,10.3
17853,Car / Sedan,2,Sedan / jeep / station wagon,opposite,92.6%,202.135,203.685,1.55,11.6
17929,Motorcycle,1,Motorcycle / 3-wheel vehicle,opposite,86.2%,202.235,203.635,1.4,12.9
17842,Car / Sedan,2,Sedan / jeep / station wagon,normal,91.3%,206.184,203.785,2.4,7.5
18063,Car / Sedan,2,Sedan / jeep / station wagon,opposite,93.4%,204.834,206.334,1.5,12.0
18027,Car / Sedan,2,Sedan / jeep / station wagon,normal,89.9%,208.234,206.334,1.9,9.5
18295,Car / Sedan,2,Sedan / jeep / station wagon,opposite,91.0%,207.684,209.034,1.35,13.3
18481,2-Axle Truck (Jumbo),6,2-Axle Truck,opposite,93.2%,210.484,211.434,0.95,18.9
18627,Motorcycle,1,Motorcycle / 3-wheel vehicle,normal,83.4%,212.634,211.584,1.05,17.1
18545,Motorcycle,1,Motorcycle / 3-wheel vehicle,normal,82.3%,213.284,212.184,1.1,16.4
18710,Motorcycle,1,Motorcycle / 3-wheel vehicle,normal,83.3%,215.734,212.884,2.85,6.3
18719,Motorcycle,1,Motorcycle / 3-wheel vehicle,opposite,89.6%,212.934,213.534,0.6,30.0
18754,Motorcycle,1,Motorcycle / 3-wheel vehicle,normal,85.2%,216.934,214.934,2.0,9.0
18730,Car / Sedan,2,Sedan / jeep / station wagon,normal,64.2%,217.634,215.434,2.2,8.2
18955,Motorcycle,1,Motorcycle / 3-wheel vehicle,normal,81.6%,218.333,216.834,1.5,12.0
19070,Motorcycle,1,Motorcycle / 3-wheel vehicle,normal,81.8%,219.633,217.434,2.2,8.2
18789,Motorcycle,1,Motorcycle / 3-wheel vehicle,opposite,86.8%,217.484,220.083,2.6,6.9
19019,Motorcycle,1,Motorcycle / 3-wheel vehicle,normal,83.5%,218.784,217.534,1.25,14.4
19061,Motorcycle,1,Motorcycle / 3-wheel vehicle,opposite,77.1%,217.634,219.283,1.65,10.9
18964,Motorcycle,1,Motorcycle / 3-wheel vehicle,opposite,88.2%,218.133,219.783,1.65,10.9
19290,Motorcycle,1,Motorcycle / 3-wheel vehicle,normal,72.9%,222.033,219.483,2.55,7.1
19376,Motorcycle,1,Motorcycle / 3-wheel vehicle,normal,44.9%,222.833,220.383,2.45,7.3
19355,Motorcycle,1,Motorcycle / 3-wheel vehicle,normal,68.7%,223.083,220.933,2.15,8.4
19401,Motorcycle,1,Motorcycle / 3-wheel vehicle,normal,84.5%,222.183,221.133,1.05,17.1
19471,Motorcycle,1,Motorcycle / 3-wheel vehicle,normal,84.2%,223.883,221.933,1.95,9.2
19448,Motorcycle,1,Motorcycle / 3-wheel vehicle,normal,60.7%,223.383,222.433,0.95,18.9
19402,Car / Sedan,2,Sedan / jeep / station wagon,normal,91.1%,224.033,222.483,1.55,11.6
19644,Motorcycle,1,Motorcycle / 3-wheel vehicle,normal,78.6%,224.983,223.633,1.35,13.3
19564,Motorcycle,1,Motorcycle / 3-wheel vehicle,normal,84.3%,225.033,224.033,1.0,18.0
19779,Motorcycle,1,Motorcycle / 3-wheel vehicle,normal,85.1%,226.983,225.483,1.5,12.0
19807,Pickup / Micro Truck,4,Pickup / micro truck / delivery,normal,91.2%,228.533,227.333,1.2,15.0
20004,Motorcycle,1,Motorcycle / 3-wheel vehicle,opposite,89.9%,227.983,228.583,0.6,30.0
20024,Car / Sedan,2,Sedan / jeep / station wagon,normal,88.9%,230.733,228.233,2.5,7.2
20130,Motorcycle,1,Motorcycle / 3-wheel vehicle,normal,85.9%,233.032,231.282,1.75,10.3
20221,Car / Sedan,2,Sedan / jeep / station wagon,normal,91.3%,234.282,233.032,1.25,14.4
20241,Motorcycle,1,Motorcycle / 3-wheel vehicle,opposite,89.6%,233.132,234.932,1.8,10.0
20316,Motorcycle,1,Motorcycle / 3-wheel vehicle,opposite,87.3%,234.082,235.832,1.75,10.3
20435,Motorcycle,1,Motorcycle / 3-wheel vehicle,normal,79.7%,236.982,234.782,2.2,8.2
20478,Motorcycle,1,Motorcycle / 3-wheel vehicle,opposite,86.2%,235.232,236.232,1.0,18.0
20441,Car / Sedan,2,Sedan / jeep / station wagon,normal,90.3%,237.282,236.282,1.0,18.0
20853,Motorcycle,1,Motorcycle / 3-wheel vehicle,normal,79.3%,241.732,239.732,2.0,9.0
20854,Motorcycle,1,Motorcycle / 3-wheel vehicle,normal,83.9%,241.932,240.132,1.8,10.0
20817,Motorcycle,1,Motorcycle / 3-wheel vehicle,normal,84.9%,242.232,240.432,1.8,10.0
20955,Motorcycle,1,Motorcycle / 3-wheel vehicle,normal,72.5%,242.532,241.082,1.45,12.4
20884,Motorcycle,1,Motorcycle / 3-wheel vehicle,opposite,85.4%,241.132,242.682,1.55,11.6
20993,Motorcycle,1,Motorcycle / 3-wheel vehicle,opposite,86.2%,241.232,243.132,1.9,9.5
21049,Motorcycle,1,Motorcycle / 3-wheel vehicle,normal,62.7%,245.482,242.482,3.0,6.0
21181,Motorcycle,1,Motorcycle / 3-wheel vehicle,normal,76.5%,244.382,243.332,1.05,17.1
21173,Motorcycle,1,Motorcycle / 3-wheel vehicle,opposite,89.6%,243.432,244.332,0.9,20.0
21186,Motorcycle,1,Motorcycle / 3-wheel vehicle,opposite,88.9%,243.582,244.282,0.7,25.7
21043,Car / Sedan,2,Sedan / jeep / station wagon,normal,90.6%,244.982,243.832,1.15,15.7
21295,Motorcycle,1,Motorcycle / 3-wheel vehicle,normal,78.8%,245.531,244.432,1.1,16.4
21278,Motorcycle,1,Motorcycle / 3-wheel vehicle,opposite,89.0%,244.531,245.281,0.75,24.0
21341,Motorcycle,1,Motorcycle / 3-wheel vehicle,normal,84.6%,246.231,245.181,1.05,17.1
21350,Motorcycle,1,Motorcycle / 3-wheel vehicle,opposite,88.3%,245.482,246.131,0.65,27.7
21359,Motorcycle,1,Motorcycle / 3-wheel vehicle,normal,78.8%,246.881,245.881,1.0,18.0
21236,Car / Sedan,2,Sedan / jeep / station wagon,normal,91.7%,247.781,246.431,1.35,13.3
21435,2-Axle Truck (Jumbo),6,2-Axle Truck,normal,91.4%,249.881,248.631,1.25,14.4
21764,Motorcycle,1,Motorcycle / 3-wheel vehicle,normal,83.2%,252.631,251.481,1.15,15.7
21792,Motorcycle,1,Motorcycle / 3-wheel vehicle,opposite,89.6%,251.681,252.281,0.6,30.0
21879,Motorcycle,1,Motorcycle / 3-wheel vehicle,opposite,88.4%,252.631,253.231,0.6,30.0
21939,Motorcycle,1,Motorcycle / 3-wheel vehicle,opposite,89.3%,253.181,253.681,0.5,36.0
22043,Motorcycle,1,Motorcycle / 3-wheel vehicle,opposite,89.8%,254.131,254.631,0.5,36.0
21949,Motorcycle,1,Motorcycle / 3-wheel vehicle,normal,81.9%,255.231,254.231,1.0,18.0
22117,Motorcycle,1,Motorcycle / 3-wheel vehicle,opposite,89.5%,254.781,255.431,0.65,27.7
22044,Motorcycle,1,Motorcycle / 3-wheel vehicle,normal,85.7%,265.88,254.931,10.949,1.6
22138,Motorcycle,1,Motorcycle / 3-wheel vehicle,opposite,89.3%,255.081,255.881,0.8,22.5
21867,Motorcycle,1,Motorcycle / 3-wheel vehicle,opposite,89.1%,255.681,256.431,0.75,24.0
22229,Motorcycle,1,Motorcycle / 3-wheel vehicle,opposite,80.1%,256.181,256.881,0.7,25.7
21945,Motorcycle,1,Motorcycle / 3-wheel vehicle,opposite,89.9%,256.231,258.08,1.85,9.7
22282,Motorcycle,1,Motorcycle / 3-wheel vehicle,opposite,87.4%,256.681,257.381,0.7,25.7
22380,Motorcycle,1,Motorcycle / 3-wheel vehicle,opposite,87.4%,257.531,258.281,0.75,24.0
22267,3-Axle Truck (Jumbo),7,3-Axle Truck,normal,31.7%,258.88,257.781,1.1,16.4
22441,Motorcycle,1,Motorcycle / 3-wheel vehicle,opposite,86.0%,258.031,258.83,0.8,22.5
22431,Motorcycle,1,Motorcycle / 3-wheel vehicle,opposite,88.9%,258.18,258.981,0.8,22.5
22499,Motorcycle,1,Motorcycle / 3-wheel vehicle,opposite,88.2%,258.83,259.68,0.85,21.2
22469,2-Axle Truck (Jumbo),6,2-Axle Truck,normal,89.7%,260.08,259.03,1.05,17.1
22543,Motorcycle,1,Motorcycle / 3-wheel vehicle,normal,82.7%,260.23,259.33,0.9,20.0
22567,Motorcycle,1,Motorcycle / 3-wheel vehicle,opposite,83.7%,259.63,260.43,0.8,22.5
22627,Motorcycle,1,Motorcycle / 3-wheel vehicle,opposite,88.4%,260.18,260.93,0.75,24.0
22606,Motorcycle,1,Motorcycle / 3-wheel vehicle,normal,80.8%,261.43,260.23,1.2,15.0
22668,Motorcycle,1,Motorcycle / 3-wheel vehicle,opposite,81.0%,260.48,261.23,0.75,24.0
22657,Motorcycle,1,Motorcycle / 3-wheel vehicle,normal,75.6%,261.83,260.63,1.2,15.0
22675,Motorcycle,1,Motorcycle / 3-wheel vehicle,normal,71.8%,261.93,260.93,1.0,18.0
22744,Motorcycle,1,Motorcycle / 3-wheel vehicle,normal,82.4%,262.08,261.23,0.85,21.2
22749,Motorcycle,1,Motorcycle / 3-wheel vehicle,opposite,89.3%,261.48,262.18,0.7,25.7
22772,Motorcycle,1,Motorcycle / 3-wheel vehicle,normal,64.5%,263.18,262.33,0.85,21.2
22738,Public Transportation (Angkot),3,Medium passenger vehicle,normal,62.5%,263.63,262.58,1.05,17.1
22923,Motorcycle,1,Motorcycle / 3-wheel vehicle,normal,84.4%,264.63,263.48,1.15,15.7
23050,Motorcycle,1,Motorcycle / 3-wheel vehicle,opposite,87.9%,264.08,264.73,0.65,27.7
23040,Pickup / Micro Truck,4,Pickup / micro truck / delivery,opposite,92.2%,264.38,265.08,0.7,25.7
23113,Motorcycle,1,Motorcycle / 3-wheel vehicle,opposite,84.7%,264.73,265.33,0.6,30.0
23096,Motorcycle,1,Motorcycle / 3-wheel vehicle,opposite,88.6%,265.53,266.13,0.6,30.0
23317,2-Axle Truck (Jumbo),6,2-Axle Truck,opposite,86.1%,266.98,267.73,0.75,24.0
23384,Motorcycle,1,Motorcycle / 3-wheel vehicle,opposite,89.0%,267.38,268.03,0.65,27.7
23115,Car / Sedan,2,Sedan / jeep / station wagon,normal,86.0%,268.18,267.53,0.65,27.7
23456,Motorcycle,1,Motorcycle / 3-wheel vehicle,normal,84.6%,269.08,267.83,1.25,14.4
23506,Motorcycle,1,Motorcycle / 3-wheel vehicle,normal,81.5%,270.23,268.48,1.75,10.3
23490,Motorcycle,1,Motorcycle / 3-wheel vehicle,opposite,84.1%,268.68,269.43,0.75,24.0
23587,Car / Sedan,2,Sedan / jeep / station wagon,opposite,93.3%,269.93,270.68,0.75,24.0
23541,Car / Sedan,2,Sedan / jeep / station wagon,normal,83.4%,271.43,270.53,0.9,20.0
23705,Motorcycle,1,Motorcycle / 3-wheel vehicle,normal,81.4%,273.929,271.079,2.85,6.3
23715,Motorcycle,1,Motorcycle / 3-wheel vehicle,normal,84.8%,273.979,272.079,1.9,9.5
23738,Motorcycle,1,Motorcycle / 3-wheel vehicle,normal,84.1%,274.479,272.679,1.8,10.0
23725,Public Transportation (Angkot),3,Medium passenger vehicle,opposite,92.9%,273.079,275.979,2.9,6.2
23803,Motorcycle,1,Motorcycle / 3-wheel vehicle,normal,80.9%,274.879,273.579,1.3,13.8
23928,Motorcycle,1,Motorcycle / 3-wheel vehicle,opposite,88.4%,274.079,275.029,0.95,18.9
23896,Motorcycle,1,Motorcycle / 3-wheel vehicle,normal,83.9%,275.829,274.529,1.3,13.8
23997,Motorcycle,1,Motorcycle / 3-wheel vehicle,opposite,82.5%,275.079,275.929,0.85,21.2
23998,Motorcycle,1,Motorcycle / 3-wheel vehicle,normal,43.2%,278.179,275.729,2.45,7.3
24119,Motorcycle,1,Motorcycle / 3-wheel vehicle,opposite,88.9%,275.779,276.579,0.8,22.5
24138,Motorcycle,1,Motorcycle / 3-wheel vehicle,opposite,89.5%,276.079,276.879,0.8,22.5
24193,Motorcycle,1,Motorcycle / 3-wheel vehicle,normal,61.8%,279.129,276.479,2.65,6.8
24174,Car / Sedan,2,Sedan / jeep / station wagon,opposite,92.9%,276.879,277.929,1.05,17.1
24238,Motorcycle,1,Motorcycle / 3-wheel vehicle,opposite,87.3%,276.879,277.879,1.0,18.0
24044,Motorcycle,1,Motorcycle / 3-wheel vehicle,normal,62.4%,278.629,277.279,1.35,13.3
24093,Car / Sedan,2,Sedan / jeep / station wagon,normal,56.8%,279.479,277.779,1.7,10.6
24337,Motorcycle,1,Motorcycle / 3-wheel vehicle,opposite,88.5%,277.829,278.779,0.95,18.9
24370,Motorcycle,1,Motorcycle / 3-wheel vehicle,opposite,88.0%,278.329,279.329,1.0,18.0
24409,Motorcycle,1,Motorcycle / 3-wheel vehicle,opposite,87.5%,278.829,279.729,0.9,20.0
24518,Motorcycle,1,Motorcycle / 3-wheel vehicle,opposite,88.0%,279.479,280.429,0.95,18.9
24503,Motorcycle,1,Motorcycle / 3-wheel vehicle,opposite,84.9%,279.629,280.879,1.25,14.4
24547,Motorcycle,1,Motorcycle / 3-wheel vehicle,opposite,90.0%,279.929,280.779,0.85,21.2
24477,Car / Sedan,2,Sedan / jeep / station wagon,normal,83.5%,281.829,280.329,1.5,12.0
24618,Motorcycle,1,Motorcycle / 3-wheel vehicle,opposite,78.1%,280.529,281.579,1.05,17.1
24687,Motorcycle,1,Motorcycle / 3-wheel vehicle,opposite,49.3%,280.979,282.279,1.3,13.8
24697,Motorcycle,1,Motorcycle / 3-wheel vehicle,opposite,87.6%,281.029,282.079,1.05,17.1
24774,Motorcycle,1,Motorcycle / 3-wheel vehicle,opposite,87.6%,281.829,282.929,1.1,16.4
24571,Car / Sedan,2,Sedan / jeep / station wagon,normal,88.8%,284.878,281.829,3.05,5.9
24741,Car / Sedan,2,Sedan / jeep / station wagon,opposite,93.2%,281.929,283.079,1.15,15.7
24592,Car / Sedan,2,Sedan / jeep / station wagon,normal,83.6%,283.679,282.079,1.6,11.3
24867,Motorcycle,1,Motorcycle / 3-wheel vehicle,opposite,89.6%,282.779,283.779,1.0,18.0
24937,Motorcycle,1,Motorcycle / 3-wheel vehicle,normal,78.0%,285.378,283.379,2.0,9.0
24930,Motorcycle,1,Motorcycle / 3-wheel vehicle,opposite,87.2%,283.479,284.428,0.95,18.9
24825,Motorcycle,1,Motorcycle / 3-wheel vehicle,normal,67.9%,285.928,283.729,2.2,8.2
24998,Motorcycle,1,Motorcycle / 3-wheel vehicle,opposite,84.4%,284.279,285.128,0.85,21.2
24987,Car / Sedan,2,Sedan / jeep / station wagon,opposite,93.1%,284.728,285.828,1.1,16.4
25031,Motorcycle,1,Motorcycle / 3-wheel vehicle,opposite,87.6%,284.779,285.628,0.85,21.2
25058,Motorcycle,1,Motorcycle / 3-wheel vehicle,opposite,84.2%,285.279,286.228,0.95,18.9
25069,Motorcycle,1,Motorcycle / 3-wheel vehicle,opposite,83.6%,285.329,286.328,1.0,18.0
24931,Car / Sedan,2,Sedan / jeep / station wagon,normal,89.7%,287.528,285.828,1.7,10.6
25149,Motorcycle,1,Motorcycle / 3-wheel vehicle,opposite,89.7%,286.178,287.178,1.0,18.0
25184,Motorcycle,1,Motorcycle / 3-wheel vehicle,opposite,84.9%,286.628,287.578,0.95,18.9
25315,Motorcycle,1,Motorcycle / 3-wheel vehicle,opposite,89.1%,287.728,288.578,0.85,21.2
25333,Motorcycle,1,Motorcycle / 3-wheel vehicle,normal,73.6%,289.578,288.178,1.4,12.9
25405,Car / Sedan,2,Sedan / jeep / station wagon,opposite,93.8%,288.928,289.828,0.9,20.0
25475,Motorcycle,1,Motorcycle / 3-wheel vehicle,opposite,79.4%,289.328,290.228,0.9,20.0
25400,Motorcycle,1,Motorcycle / 3-wheel vehicle,normal,66.8%,290.378,289.328,1.05,17.1
25519,Motorcycle,1,Motorcycle / 3-wheel vehicle,opposite,86.7%,289.528,290.428,0.9,20.0
25586,Motorcycle,1,Motorcycle / 3-wheel vehicle,opposite,87.1%,290.428,291.478,1.05,17.1
25599,Motorcycle,1,Motorcycle / 3-wheel vehicle,normal,66.9%,293.228,290.628,2.6,6.9
25622,Car / Sedan,2,Sedan / jeep / station wagon,opposite,93.4%,291.078,292.278,1.2,15.0
25758,Motorcycle,1,Motorcycle / 3-wheel vehicle,normal,63.0%,292.828,291.528,1.3,13.8
25743,Motorcycle,1,Motorcycle / 3-wheel vehicle,opposite,88.3%,291.628,292.828,1.2,15.0
25728,Car / Sedan,2,Sedan / jeep / station wagon,opposite,93.3%,291.928,293.328,1.4,12.9
25773,Motorcycle,1,Motorcycle / 3-wheel vehicle,opposite,87.2%,292.028,293.228,1.2,15.0
25845,Motorcycle,1,Motorcycle / 3-wheel vehicle,opposite,54.6%,292.428,293.628,1.2,15.0
25727,Motorcycle,1,Motorcycle / 3-wheel vehicle,normal,67.2%,293.778,292.528,1.25,14.4
26012,Motorcycle,1,Motorcycle / 3-wheel vehicle,opposite,86.4%,294.128,295.428,1.3,13.8
26151,Motorcycle,1,Motorcycle / 3-wheel vehicle,opposite,88.3%,295.128,296.328,1.2,15.0
26090,Car / Sedan,2,Sedan / jeep / station wagon,normal,90.6%,296.478,295.128,1.35,13.3
26201,Motorcycle,1,Motorcycle / 3-wheel vehicle,opposite,89.3%,295.678,296.928,1.25,14.4
26320,Motorcycle,1,Motorcycle / 3-wheel vehicle,normal,81.5%,298.027,296.778,1.25,14.4
26407,Motorcycle,1,Motorcycle / 3-wheel vehicle,normal,72.3%,299.527,297.228,2.3,7.8
26378,Motorcycle,1,Motorcycle / 3-wheel vehicle,opposite,86.6%,297.478,298.827,1.35,13.3
26448,Motorcycle,1,Motorcycle / 3-wheel vehicle,opposite,85.7%,298.228,299.627,1.4,12.9
26540,Motorcycle,1,Motorcycle / 3-wheel vehicle,normal,80.7%,301.277,299.227,2.05,8.8
26563,Motorcycle,1,Motorcycle / 3-wheel vehicle,normal,80.7%,301.277,299.827,1.45,12.4
26431,Motorcycle,1,Motorcycle / 3-wheel vehicle,opposite,91.1%,300.027,301.527,1.5,12.0
26645,Motorcycle,1,Motorcycle / 3-wheel vehicle,opposite,89.3%,300.077,301.277,1.2,15.0
26694,Motorcycle,1,Motorcycle / 3-wheel vehicle,opposite,88.1%,300.527,301.977,1.45,12.4
26698,Motorcycle,1,Motorcycle / 3-wheel vehicle,normal,48.7%,302.427,300.727,1.7,10.6
26734,Motorcycle,1,Motorcycle / 3-wheel vehicle,normal,84.5%,302.827,301.377,1.45,12.4
26845,Motorcycle,1,Motorcycle / 3-wheel vehicle,normal,82.0%,303.527,301.977,1.55,11.6
26864,Motorcycle,1,Motorcycle / 3-wheel vehicle,opposite,89.3%,302.077,303.177,1.1,16.4
26913,Motorcycle,1,Motorcycle / 3-wheel vehicle,opposite,87.6%,302.427,303.777,1.35,13.3
26883,Motorcycle,1,Motorcycle / 3-wheel vehicle,normal,69.8%,303.627,302.477,1.15,15.7
26946,Motorcycle,1,Motorcycle / 3-wheel vehicle,opposite,88.4%,302.877,304.077,1.2,15.0
26980,Motorcycle,1,Motorcycle / 3-wheel vehicle,normal,66.5%,305.277,303.177,2.1,8.6
26834,Motorcycle,1,Motorcycle / 3-wheel vehicle,opposite,88.9%,303.427,305.277,1.85,9.7
27001,Motorcycle,1,Motorcycle / 3-wheel vehicle,normal,84.2%,307.527,303.877,3.65,4.9
27036,Motorcycle,1,Motorcycle / 3-wheel vehicle,normal,85.9%,304.927,304.077,0.85,21.2
27126,Motorcycle,1,Motorcycle / 3-wheel vehicle,opposite,90.2%,304.977,305.727,0.75,24.0
27197,Motorcycle,1,Motorcycle / 3-wheel vehicle,opposite,89.5%,305.677,306.577,0.9,20.0
27309,Motorcycle,1,Motorcycle / 3-wheel vehicle,opposite,85.2%,307.277,308.327,1.05,17.1
27329,Motorcycle,1,Motorcycle / 3-wheel vehicle,normal,83.7%,308.977,307.477,1.5,12.0
26953,Public Transportation (Angkot),3,Medium passenger vehicle,normal,90.4%,310.677,307.827,2.85,6.3
27523,Motorcycle,1,Motorcycle / 3-wheel vehicle,opposite,90.3%,309.227,309.827,0.6,30.0
27408,Car / Sedan,2,Sedan / jeep / station wagon,normal,91.0%,310.277,309.277,1.0,18.0
27550,Motorcycle,1,Motorcycle / 3-wheel vehicle,opposite,89.4%,309.627,310.277,0.65,27.7
27475,Motorcycle,1,Motorcycle / 3-wheel vehicle,normal,68.5%,311.526,310.077,1.45,12.4
27654,Motorcycle,1,Motorcycle / 3-wheel vehicle,normal,80.4%,314.526,310.976,3.55,5.1
27668,Motorcycle,1,Motorcycle / 3-wheel vehicle,normal,85.3%,315.326,311.676,3.65,4.9
27792,Motorcycle,1,Motorcycle / 3-wheel vehicle,opposite,87.7%,312.526,313.126,0.6,30.0
27801,Motorcycle,1,Motorcycle / 3-wheel vehicle,opposite,90.5%,312.676,313.426,0.75,24.0
27882,Pickup / Micro Truck,4,Pickup / micro truck / delivery,opposite,92.4%,313.676,314.626,0.95,18.9
27956,Motorcycle,1,Motorcycle / 3-wheel vehicle,opposite,89.3%,313.926,314.576,0.65,27.7
27796,Motorcycle,1,Motorcycle / 3-wheel vehicle,normal,53.4%,316.576,314.076,2.5,7.2
28036,Motorcycle,1,Motorcycle / 3-wheel vehicle,opposite,89.6%,315.126,315.976,0.85,21.2
28133,Motorcycle,1,Motorcycle / 3-wheel vehicle,opposite,83.9%,316.076,316.976,0.9,20.0
27620,Public Transportation (Angkot),3,Medium passenger vehicle,normal,92.1%,319.576,316.126,3.45,5.2
28160,Motorcycle,1,Motorcycle / 3-wheel vehicle,normal,85.0%,318.726,316.626,2.1,8.6
28193,Motorcycle,1,Motorcycle / 3-wheel vehicle,opposite,89.0%,316.826,317.676,0.85,21.2
28209,Motorcycle,1,Motorcycle / 3-wheel vehicle,opposite,91.2%,316.926,317.726,0.8,22.5
28241,Motorcycle,1,Motorcycle / 3-wheel vehicle,opposite,89.3%,317.526,318.326,0.8,22.5
28302,Motorcycle,1,Motorcycle / 3-wheel vehicle,opposite,90.4%,318.226,319.076,0.85,21.2
28139,Car / Sedan,2,Sedan / jeep / station wagon,opposite,93.4%,319.076,320.876,1.8,10.0
28428,Motorcycle,1,Motorcycle / 3-wheel vehicle,opposite,88.1%,319.226,320.026,0.8,22.5
28504,Motorcycle,1,Motorcycle / 3-wheel vehicle,opposite,86.9%,320.076,321.376,1.3,13.8
28517,Motorcycle,1,Motorcycle / 3-wheel vehicle,normal,41.4%,322.726,320.476,2.25,8.0
28623,Motorcycle,1,Motorcycle / 3-wheel vehicle,opposite,87.6%,321.376,322.176,0.8,22.5
28459,Car / Sedan,2,Sedan / jeep / station wagon,normal,90.9%,323.126,321.526,1.6,11.3
28582,Motorcycle,1,Motorcycle / 3-wheel vehicle,opposite,90.6%,321.876,323.626,1.75,10.3
28722,Motorcycle,1,Motorcycle / 3-wheel vehicle,opposite,75.6%,322.776,323.676,0.9,20.0
28712,Motorcycle,1,Motorcycle / 3-wheel vehicle,normal,81.2%,324.175,323.026,1.15,15.7
28749,Motorcycle,1,Motorcycle / 3-wheel vehicle,opposite,89.3%,323.076,324.175,1.1,16.4
28829,Motorcycle,1,Motorcycle / 3-wheel vehicle,opposite,88.8%,323.876,324.976,1.1,16.4
28823,Motorcycle,1,Motorcycle / 3-wheel vehicle,opposite,87.9%,324.026,325.325,1.3,13.8
28836,Car / Sedan,2,Sedan / jeep / station wagon,normal,92.0%,326.025,324.776,1.25,14.4
28988,Car / Sedan,2,Sedan / jeep / station wagon,normal,89.3%,329.075,327.425,1.65,10.9
29103,Car / Sedan,2,Sedan / jeep / station wagon,opposite,93.2%,327.725,328.775,1.05,17.1
29213,Motorcycle,1,Motorcycle / 3-wheel vehicle,opposite,87.5%,328.425,329.325,0.9,20.0
29187,Motorcycle,1,Motorcycle / 3-wheel vehicle,normal,83.2%,330.175,328.575,1.6,11.3
29221,Motorcycle,1,Motorcycle / 3-wheel vehicle,opposite,89.9%,328.875,329.825,0.95,18.9
29256,Motorcycle,1,Motorcycle / 3-wheel vehicle,normal,62.9%,332.925,329.625,3.3,5.5
29195,Motorcycle,1,Motorcycle / 3-wheel vehicle,normal,83.8%,331.675,329.725,1.95,9.2
29338,Motorcycle,1,Motorcycle / 3-wheel vehicle,normal,81.6%,334.225,330.575,3.65,4.9
29316,Motorcycle,1,Motorcycle / 3-wheel vehicle,normal,85.1%,336.075,330.825,5.25,3.4
29366,Car / Sedan,2,Sedan / jeep / station wagon,opposite,94.1%,331.275,332.325,1.05,17.1
29230,Car / Sedan,2,Sedan / jeep / station wagon,normal,87.4%,341.774,331.825,9.949,1.8
29505,Car / Sedan,2,Sedan / jeep / station wagon,opposite,92.5%,332.075,333.225,1.15,15.7
29552,Car / Sedan,2,Sedan / jeep / station wagon,opposite,93.2%,332.875,334.075,1.2,15.0
29710,Car / Sedan,2,Sedan / jeep / station wagon,opposite,93.9%,334.625,335.675,1.05,17.1
29787,Motorcycle,1,Motorcycle / 3-wheel vehicle,opposite,89.1%,335.275,336.125,0.85,21.2
29910,Motorcycle,1,Motorcycle / 3-wheel vehicle,opposite,84.3%,336.525,337.425,0.9,20.0
29745,Motorcycle,1,Motorcycle / 3-wheel vehicle,opposite,62.5%,336.625,338.474,1.85,9.7
29869,Car / Sedan,2,Sedan / jeep / station wagon,opposite,93.2%,336.625,337.724,1.1,16.4
29512,Car / Sedan,2,Sedan / jeep / station wagon,normal,88.9%,346.474,337.625,8.849,2.0
29864,Motorcycle,1,Motorcycle / 3-wheel vehicle,opposite,82.4%,338.724,340.424,1.7,10.6
30133,Motorcycle,1,Motorcycle / 3-wheel vehicle,opposite,73.3%,339.324,340.374,1.05,17.1
30149,Motorcycle,1,Motorcycle / 3-wheel vehicle,opposite,83.7%,339.624,340.974,1.35,13.3
30256,Motorcycle,1,Motorcycle / 3-wheel vehicle,opposite,88.7%,340.474,341.574,1.1,16.4
30001,Motorcycle,1,Motorcycle / 3-wheel vehicle,opposite,89.8%,340.724,342.274,1.55,11.6
30304,Motorcycle,1,Motorcycle / 3-wheel vehicle,opposite,88.9%,341.224,342.324,1.1,16.4
30183,Motorcycle,1,Motorcycle / 3-wheel vehicle,opposite,88.3%,341.624,343.424,1.8,10.0
30315,Car / Sedan,2,Sedan / jeep / station wagon,opposite,93.7%,343.624,345.274,1.65,10.9
30514,Motorcycle,1,Motorcycle / 3-wheel vehicle,opposite,88.2%,343.624,344.724,1.1,16.4
30568,Motorcycle,1,Motorcycle / 3-wheel vehicle,opposite,88.7%,344.324,345.274,0.95,18.9
29868,Car / Sedan,2,Sedan / jeep / station wagon,normal,81.6%,348.274,344.624,3.65,4.9
30646,Motorcycle,1,Motorcycle / 3-wheel vehicle,opposite,89.2%,345.324,346.324,1.0,18.0
30687,Motorcycle,1,Motorcycle / 3-wheel vehicle,opposite,88.6%,346.024,347.074,1.05,17.1
30716,Motorcycle,1,Motorcycle / 3-wheel vehicle,opposite,89.5%,346.324,347.374,1.05,17.1
30681,Car / Sedan,2,Sedan / jeep / station wagon,opposite,93.2%,346.724,348.174,1.45,12.4
30836,Motorcycle,1,Motorcycle / 3-wheel vehicle,opposite,80.4%,347.674,348.674,1.0,18.0
30889,Motorcycle,1,Motorcycle / 3-wheel vehicle,opposite,87.9%,348.524,349.574,1.05,17.1
30549,Car / Sedan,2,Sedan / jeep / station wagon,normal,89.2%,352.123,348.624,3.5,5.1
30996,Motorcycle,1,Motorcycle / 3-wheel vehicle,opposite,87.4%,349.274,350.274,1.0,18.0
30945,Motorcycle,1,Motorcycle / 3-wheel vehicle,opposite,87.2%,349.374,350.374,1.0,18.0
31037,Motorcycle,1,Motorcycle / 3-wheel vehicle,opposite,89.6%,349.724,350.724,1.0,18.0
31013,Motorcycle,1,Motorcycle / 3-wheel vehicle,opposite,89.7%,349.874,350.923,1.05,17.1
30955,Motorcycle,1,Motorcycle / 3-wheel vehicle,normal,60.3%,354.023,350.374,3.65,4.9
31136,Motorcycle,1,Motorcycle / 3-wheel vehicle,opposite,88.4%,351.224,352.273,1.05,17.1
31198,Motorcycle,1,Motorcycle / 3-wheel vehicle,opposite,79.5%,352.073,353.173,1.1,16.4
31263,Motorcycle,1,Motorcycle / 3-wheel vehicle,opposite,85.0%,352.873,354.123,1.25,14.4
31213,Pickup / Micro Truck,4,Pickup / micro truck / delivery,opposite,91.8%,353.473,355.273,1.8,10.0
31325,Motorcycle,1,Motorcycle / 3-wheel vehicle,opposite,88.8%,353.623,354.823,1.2,15.0
31406,Motorcycle,1,Motorcycle / 3-wheel vehicle,opposite,57.9%,354.573,355.873,1.3,13.8
31368,Motorcycle,1,Motorcycle / 3-wheel vehicle,normal,82.2%,355.923,354.773,1.15,15.7
31373,Car / Sedan,2,Sedan / jeep / station wagon,opposite,93.6%,355.173,356.873,1.7,10.6
31575,Motorcycle,1,Motorcycle / 3-wheel vehicle,opposite,85.8%,356.573,357.723,1.15,15.7
31552,Car / Sedan,2,Sedan / jeep / station wagon,opposite,93.2%,356.723,358.223,1.5,12.0
31647,Motorcycle,1,Motorcycle / 3-wheel vehicle,opposite,87.6%,357.273,358.423,1.15,15.7
31629,Motorcycle,1,Motorcycle / 3-wheel vehicle,opposite,90.3%,357.673,358.973,1.3,13.8
31661,Pickup / Micro Truck,4,Pickup / micro truck / delivery,opposite,91.3%,358.023,359.873,1.85,9.7
31729,Motorcycle,1,Motorcycle / 3-wheel vehicle,opposite,86.0%,358.373,359.623,1.25,14.4
31711,Motorcycle,1,Motorcycle / 3-wheel vehicle,opposite,56.3%,358.723,359.923,1.2,15.0
31794,Motorcycle,1,Motorcycle / 3-wheel vehicle,opposite,85.8%,358.873,360.173,1.3,13.8
31928,Motorcycle,1,Motorcycle / 3-wheel vehicle,opposite,87.7%,360.223,361.373,1.15,15.7
31929,Motorcycle,1,Motorcycle / 3-wheel vehicle,opposite,83.3%,360.273,361.723,1.45,12.4
31789,2-Axle Truck (Jumbo),6,2-Axle Truck,opposite,92.9%,360.323,361.923,1.6,11.3
31964,Motorcycle,1,Motorcycle / 3-wheel vehicle,opposite,85.6%,360.773,361.823,1.05,17.1
31991,Motorcycle,1,Motorcycle / 3-wheel vehicle,opposite,89.5%,361.273,362.723,1.45,12.4
32156,Public Transportation (Angkot),3,Medium passenger vehicle,opposite,93.9%,362.923,364.473,1.55,11.6
31944,Motorcycle,1,Motorcycle / 3-wheel vehicle,opposite,85.4%,363.023,365.122,2.1,8.6
32287,Motorcycle,1,Motorcycle / 3-wheel vehicle,opposite,77.4%,363.223,364.322,1.1,16.4
32362,Motorcycle,1,Motorcycle / 3-wheel vehicle,opposite,89.2%,364.072,365.322,1.25,14.4
32360,Car / Sedan,2,Sedan / jeep / station wagon,opposite,56.9%,364.772,366.522,1.75,10.3
32328,Motorcycle,1,Motorcycle / 3-wheel vehicle,opposite,71.4%,365.172,366.572,1.4,12.9
32537,Motorcycle,1,Motorcycle / 3-wheel vehicle,opposite,77.1%,365.522,366.822,1.3,13.8
32566,Motorcycle,1,Motorcycle / 3-wheel vehicle,opposite,88.1%,365.872,367.072,1.2,15.0
32614,Pickup / Micro Truck,4,Pickup / micro truck / delivery,opposite,78.9%,366.822,368.272,1.45,12.4
32677,Motorcycle,1,Motorcycle / 3-wheel vehicle,opposite,86.1%,366.822,368.022,1.2,15.0
32686,Motorcycle,1,Motorcycle / 3-wheel vehicle,opposite,89.3%,367.072,368.572,1.5,12.0
32699,Motorcycle,1,Motorcycle / 3-wheel vehicle,opposite,80.8%,367.122,368.372,1.25,14.4
32534,2-Axle Truck (Jumbo),6,2-Axle Truck,normal,61.0%,370.122,367.372,2.75,6.5
32730,Motorcycle,1,Motorcycle / 3-wheel vehicle,opposite,85.9%,367.572,368.872,1.3,13.8
32720,Motorcycle,1,Motorcycle / 3-wheel vehicle,opposite,89.2%,367.672,368.822,1.15,15.7
32820,Motorcycle,1,Motorcycle / 3-wheel vehicle,opposite,88.7%,368.572,369.822,1.25,14.4
32911,Motorcycle,1,Motorcycle / 3-wheel vehicle,opposite,89.2%,369.072,370.272,1.2,15.0
32915,Motorcycle,1,Motorcycle / 3-wheel vehicle,normal,82.6%,370.522,369.172,1.35,13.3
32821,Car / Sedan,2,Sedan / jeep / station wagon,opposite,90.3%,369.222,370.922,1.7,10.6
32910,Motorcycle,1,Motorcycle / 3-wheel vehicle,opposite,88.5%,369.372,370.522,1.15,15.7
33050,Car / Sedan,2,Sedan / jeep / station wagon,opposite,93.4%,371.422,372.772,1.35,13.3
33268,Car / Sedan,2,Sedan / jeep / station wagon,opposite,92.1%,372.622,373.672,1.05,17.1
33271,Motorcycle,1,Motorcycle / 3-wheel vehicle,opposite,87.1%,372.772,373.972,1.2,15.0
33381,Pickup / Micro Truck,4,Pickup / micro truck / delivery,opposite,93.1%,374.222,375.272,1.05,17.1
33522,Motorcycle,1,Motorcycle / 3-wheel vehicle,opposite,87.2%,375.072,375.872,0.8,22.5
33518,Car / Sedan,2,Sedan / jeep / station wagon,opposite,93.7%,375.622,376.772,1.15,15.7
33582,Motorcycle,1,Motorcycle / 3-wheel vehicle,normal,48.0%,377.072,375.922,1.15,15.7
33637,Motorcycle,1,Motorcycle / 3-wheel vehicle,opposite,87.7%,376.372,377.171,0.8,22.5
33706,Motorcycle,1,Motorcycle / 3-wheel vehicle,normal,65.3%,379.321,377.471,1.85,9.7
33782,Car / Sedan,2,Sedan / jeep / station wagon,opposite,93.0%,378.221,379.121,0.9,20.0
33838,Car / Sedan,2,Sedan / jeep / station wagon,opposite,89.2%,378.271,379.471,1.2,15.0
33696,Motorcycle,1,Motorcycle / 3-wheel vehicle,normal,88.2%,378.671,383.871,5.2,3.5
33839,Motorcycle,1,Motorcycle / 3-wheel vehicle,normal,34.3%,381.471,378.871,2.6,6.9
33772,Motorcycle,1,Motorcycle / 3-wheel vehicle,normal,84.1%,381.921,379.171,2.75,6.5
33822,Motorcycle,1,Motorcycle / 3-wheel vehicle,opposite,91.1%,380.021,381.921,1.9,9.5
33997,Motorcycle,1,Motorcycle / 3-wheel vehicle,normal,76.6%,382.521,380.521,2.0,9.0
33903,Motorcycle,1,Motorcycle / 3-wheel vehicle,opposite,86.9%,381.121,382.871,1.75,10.3
34085,Motorcycle,1,Motorcycle / 3-wheel vehicle,normal,82.4%,384.071,382.071,2.0,9.0
34188,Motorcycle,1,Motorcycle / 3-wheel vehicle,opposite,85.5%,382.321,398.47,16.149,1.1
34279,Public Transportation (Angkot),3,Medium passenger vehicle,opposite,93.5%,383.721,385.071,1.35,13.3
34133,Motorcycle,1,Motorcycle / 3-wheel vehicle,opposite,51.8%,384.171,384.671,0.5,36.0
34307,Car / Sedan,2,Sedan / jeep / station wagon,opposite,93.0%,384.671,386.621,1.95,9.2
34109,Public Transportation (Angkot),3,Medium passenger vehicle,normal,45.0%,386.371,385.321,1.05,17.1
34644,Car / Sedan,2,Sedan / jeep / station wagon,opposite,93.7%,387.721,389.621,1.9,9.5
34786,Car / Sedan,2,Sedan / jeep / station wagon,opposite,93.1%,388.771,390.021,1.25,14.4
34836,Car / Sedan,2,Sedan / jeep / station wagon,opposite,93.4%,389.821,392.07,2.25,8.0
34938,Motorcycle,1,Motorcycle / 3-wheel vehicle,opposite,88.8%,390.021,391.171,1.15,15.7
35117,Motorcycle,1,Motorcycle / 3-wheel vehicle,normal,85.6%,393.02,392.02,1.0,18.0
35187,Motorcycle,1,Motorcycle / 3-wheel vehicle,normal,83.6%,394.42,393.02,1.4,12.9
35233,Public Transportation (Angkot),3,Medium passenger vehicle,opposite,92.6%,393.87,394.82,0.95,18.9
35244,Motorcycle,1,Motorcycle / 3-wheel vehicle,normal,52.8%,395.17,393.97,1.2,15.0
35325,Motorcycle,1,Motorcycle / 3-wheel vehicle,normal,82.4%,397.32,394.52,2.8,6.4
35387,Motorcycle,1,Motorcycle / 3-wheel vehicle,normal,84.5%,396.67,395.77,0.9,20.0
35456,Motorcycle,1,Motorcycle / 3-wheel vehicle,normal,84.5%,398.12,396.77,1.35,13.3
35515,Motorcycle,1,Motorcycle / 3-wheel vehicle,opposite,88.5%,397.32,398.42,1.1,16.4
35623,Public Transportation (Angkot),3,Medium passenger vehicle,opposite,93.0%,398.77,399.62,0.85,21.2
35501,Car / Sedan,2,Sedan / jeep / station wagon,normal,74.2%,399.97,398.97,1.0,18.0
35716,Motorcycle,1,Motorcycle / 3-wheel vehicle,opposite,89.4%,400.02,400.82,0.8,22.5
35702,Motorcycle,1,Motorcycle / 3-wheel vehicle,normal,83.6%,402.27,400.12,2.15,8.4
35774,Car / Sedan,2,Sedan / jeep / station wagon,opposite,93.4%,400.92,401.72,0.8,22.5
35679,Motorcycle,1,Motorcycle / 3-wheel vehicle,normal,63.8%,402.67,401.27,1.4,12.9
35865,Motorcycle,1,Motorcycle / 3-wheel vehicle,opposite,90.5%,401.67,402.62,0.95,18.9
35784,Car / Sedan,2,Sedan / jeep / station wagon,normal,91.3%,403.62,402.22,1.4,12.9
35960,Motorcycle,1,Motorcycle / 3-wheel vehicle,normal,84.3%,404.12,403.02,1.1,16.4
36159,Car / Sedan,2,Sedan / jeep / station wagon,opposite,93.4%,404.67,405.469,0.8,22.5
36108,Motorcycle,1,Motorcycle / 3-wheel vehicle,normal,73.4%,406.419,404.869,1.55,11.6
36338,2-Axle Truck (Jumbo),6,2-Axle Truck,opposite,93.3%,406.319,407.119,0.8,22.5
36301,Motorcycle,1,Motorcycle / 3-wheel vehicle,normal,79.7%,408.019,406.719,1.3,13.8
36379,Motorcycle,1,Motorcycle / 3-wheel vehicle,opposite,90.8%,407.669,409.019,1.35,13.3
36466,Pickup / Micro Truck,4,Pickup / micro truck / delivery,normal,76.0%,409.069,408.019,1.05,17.1
36488,Pickup / Micro Truck,4,Pickup / micro truck / delivery,normal,75.9%,410.919,408.219,2.7,6.7
36588,Motorcycle,1,Motorcycle / 3-wheel vehicle,opposite,89.8%,409.069,409.969,0.9,20.0
36594,Motorcycle,1,Motorcycle / 3-wheel vehicle,normal,83.5%,410.619,409.769,0.85,21.2
36630,Motorcycle,1,Motorcycle / 3-wheel vehicle,normal,79.9%,411.419,410.219,1.2,15.0
36741,Motorcycle,1,Motorcycle / 3-wheel vehicle,normal,82.5%,412.069,410.669,1.4,12.9
36800,Motorcycle,1,Motorcycle / 3-wheel vehicle,normal,83.8%,412.769,411.869,0.9,20.0
36849,Motorcycle,1,Motorcycle / 3-wheel vehicle,opposite,89.7%,412.019,412.819,0.8,22.5
36853,Motorcycle,1,Motorcycle / 3-wheel vehicle,normal,72.8%,414.969,412.319,2.65,6.8
36827,Motorcycle,1,Motorcycle / 3-wheel vehicle,normal,77.2%,413.119,412.469,0.65,27.7
36897,Motorcycle,1,Motorcycle / 3-wheel vehicle,normal,73.8%,415.769,412.869,2.9,6.2
36919,Motorcycle,1,Motorcycle / 3-wheel vehicle,normal,85.2%,413.769,412.919,0.85,21.2
36877,Pickup / Micro Truck,4,Pickup / micro truck / delivery,normal,89.9%,415.019,413.969,1.05,17.1
37044,Car / Sedan,2,Sedan / jeep / station wagon,normal,91.6%,417.019,415.969,1.05,17.1
37403,Motorcycle,1,Motorcycle / 3-wheel vehicle,normal,77.9%,420.018,417.918,2.1,8.6
37321,Car / Sedan,2,Sedan / jeep / station wagon,normal,89.6%,420.118,419.118,1.0,18.0
37739,Motorcycle,1,Motorcycle / 3-wheel vehicle,opposite,88.4%,421.818,423.018,1.2,15.0
37798,Motorcycle,1,Motorcycle / 3-wheel vehicle,opposite,89.6%,422.568,423.518,0.95,18.9
37583,Motorcycle,1,Motorcycle / 3-wheel vehicle,opposite,76.3%,423.068,425.068,2.0,9.0
37875,Motorcycle,1,Motorcycle / 3-wheel vehicle,opposite,84.5%,423.618,424.718,1.1,16.4
37776,Motorcycle,1,Motorcycle / 3-wheel vehicle,opposite,88.9%,424.418,426.218,1.8,10.0
37944,Motorcycle,1,Motorcycle / 3-wheel vehicle,opposite,88.5%,425.368,427.068,1.7,10.6
37999,Motorcycle,1,Motorcycle / 3-wheel vehicle,opposite,77.2%,426.468,428.468,2.0,9.0
37916,Car / Sedan,2,Sedan / jeep / station wagon,opposite,93.4%,428.368,430.517,2.15,8.4
38540,Motorcycle,1,Motorcycle / 3-wheel vehicle,opposite,69.0%,430.317,431.467,1.15,15.7
38563,Car / Sedan,2,Sedan / jeep / station wagon,opposite,94.1%,431.467,433.317,1.85,9.7
38605,Car / Sedan,2,Sedan / jeep / station wagon,opposite,91.5%,434.067,436.567,2.5,7.2
39162,Public Transportation (Angkot),3,Medium passenger vehicle,normal,79.5%,439.067,436.717,2.35,7.7
39183,Car / Sedan,2,Sedan / jeep / station wagon,normal,87.1%,440.017,437.467,2.55,7.1
39001,2-Axle Truck (Jumbo),6,2-Axle Truck,normal,92.5%,442.467,440.467,2.0,9.0
39594,Motorcycle,1,Motorcycle / 3-wheel vehicle,normal,87.2%,443.866,442.417,1.45,12.4
39722,Motorcycle,1,Motorcycle / 3-wheel vehicle,normal,63.8%,446.366,443.716,2.65,6.8
39414,Car / Sedan,2,Sedan / jeep / station wagon,normal,92.0%,445.616,444.017,1.6,11.3
39904,Motorcycle,1,Motorcycle / 3-wheel vehicle,opposite,87.2%,445.316,445.966,0.65,27.7
39888,Motorcycle,1,Motorcycle / 3-wheel vehicle,normal,80.6%,447.016,445.366,1.65,10.9
39803,Motorcycle,1,Motorcycle / 3-wheel vehicle,normal,86.0%,446.366,445.516,0.85,21.2
39905,Motorcycle,1,Motorcycle / 3-wheel vehicle,normal,67.4%,447.416,445.966,1.45,12.4
40061,Motorcycle,1,Motorcycle / 3-wheel vehicle,normal,84.5%,448.866,446.916,1.95,9.2
40087,Motorcycle,1,Motorcycle / 3-wheel vehicle,opposite,87.6%,447.066,447.816,0.75,24.0
40260,Motorcycle,1,Motorcycle / 3-wheel vehicle,normal,83.4%,450.166,449.516,0.65,27.7
40634,Motorcycle,1,Motorcycle / 3-wheel vehicle,opposite,88.3%,453.466,453.916,0.45,40.0
40422,Pickup / Micro Truck,4,Pickup / micro truck / delivery,opposite,81.5%,456.016,458.465,2.45,7.3
40773,Motorcycle,1,Motorcycle / 3-wheel vehicle,opposite,83.7%,456.565,458.315,1.75,10.3
41065,Motorcycle,1,Motorcycle / 3-wheel vehicle,opposite,88.7%,458.515,459.415,0.9,20.0
41134,Motorcycle,1,Motorcycle / 3-wheel vehicle,opposite,89.3%,459.265,460.065,0.8,22.5
40965,Car / Sedan,2,Sedan / jeep / station wagon,opposite,89.6%,461.215,463.365,2.15,8.4
41176,Motorcycle,1,Motorcycle / 3-wheel vehicle,opposite,89.8%,461.615,463.465,1.85,9.7
41335,Motorcycle,1,Motorcycle / 3-wheel vehicle,opposite,68.8%,461.765,463.765,2.0,9.0
41386,Motorcycle,1,Motorcycle / 3-wheel vehicle,opposite,88.3%,462.765,464.315,1.55,11.6
41631,Motorcycle,1,Motorcycle / 3-wheel vehicle,opposite,87.1%,464.965,466.115,1.15,15.7
41654,Motorcycle,1,Motorcycle / 3-wheel vehicle,opposite,89.3%,465.165,466.115,0.95,18.9
41747,Motorcycle,1,Motorcycle / 3-wheel vehicle,opposite,87.2%,466.015,466.915,0.9,20.0
41412,Public Transportation (Angkot),3,Medium passenger vehicle,opposite,92.6%,466.115,468.415,2.3,7.8
41719,Motorcycle,1,Motorcycle / 3-wheel vehicle,opposite,88.6%,466.715,468.165,1.45,12.4
41777,Motorcycle,1,Motorcycle / 3-wheel vehicle,opposite,88.0%,467.215,469.065,1.85,9.7
41934,Motorcycle,1,Motorcycle / 3-wheel vehicle,opposite,89.7%,468.515,470.065,1.55,11.6
41859,Motorcycle,1,Motorcycle / 3-wheel vehicle,opposite,68.1%,469.565,471.314,1.75,10.3
42047,Motorcycle,1,Motorcycle / 3-wheel vehicle,opposite,74.7%,469.615,470.865,1.25,14.4
42093,Motorcycle,1,Motorcycle / 3-wheel vehicle,opposite,87.8%,469.914,471.014,1.1,16.4
42209,Motorcycle,1,Motorcycle / 3-wheel vehicle,opposite,88.6%,470.815,472.014,1.2,15.0
41989,Bus,5,Bus,normal,88.9%,475.114,470.865,4.25,4.2
42132,Motorcycle,1,Motorcycle / 3-wheel vehicle,opposite,85.3%,471.114,472.414,1.3,13.8
42212,Motorcycle,1,Motorcycle / 3-wheel vehicle,opposite,88.6%,471.364,472.414,1.05,17.1
42261,Motorcycle,1,Motorcycle / 3-wheel vehicle,opposite,89.6%,471.814,472.814,1.0,18.0
42311,Motorcycle,1,Motorcycle / 3-wheel vehicle,opposite,90.8%,472.564,473.464,0.9,20.0
42383,Motorcycle,1,Motorcycle / 3-wheel vehicle,opposite,89.1%,473.464,474.364,0.9,20.0
42470,Motorcycle,1,Motorcycle / 3-wheel vehicle,opposite,89.5%,474.214,475.114,0.9,20.0
42453,Motorcycle,1,Motorcycle / 3-wheel vehicle,normal,83.0%,475.564,474.214,1.35,13.3
42497,Motorcycle,1,Motorcycle / 3-wheel vehicle,opposite,89.0%,474.614,475.414,0.8,22.5
42551,Motorcycle,1,Motorcycle / 3-wheel vehicle,opposite,88.9%,475.214,476.064,0.85,21.2
42627,Motorcycle,1,Motorcycle / 3-wheel vehicle,opposite,88.8%,475.664,476.514,0.85,21.2
42612,Motorcycle,1,Motorcycle / 3-wheel vehicle,opposite,89.6%,475.914,476.614,0.7,25.7
42704,Motorcycle,1,Motorcycle / 3-wheel vehicle,normal,57.4%,478.414,476.264,2.15,8.4
42080,Car / Sedan,2,Sedan / jeep / station wagon,normal,85.0%,479.364,476.864,2.5,7.2
42623,Motorcycle,1,Motorcycle / 3-wheel vehicle,opposite,89.8%,476.914,478.214,1.3,13.8
42766,Motorcycle,1,Motorcycle / 3-wheel vehicle,normal,73.8%,478.514,477.064,1.45,12.4
42784,Motorcycle,1,Motorcycle / 3-wheel vehicle,opposite,87.2%,477.114,478.114,1.0,18.0
42920,Motorcycle,1,Motorcycle / 3-wheel vehicle,normal,53.0%,480.314,478.264,2.05,8.8
42935,Motorcycle,1,Motorcycle / 3-wheel vehicle,opposite,89.0%,478.614,479.464,0.85,21.2
42967,Motorcycle,1,Motorcycle / 3-wheel vehicle,normal,78.3%,481.214,479.664,1.55,11.6
43001,Motorcycle,1,Motorcycle / 3-wheel vehicle,opposite,89.9%,479.814,480.764,0.95,18.9
43091,Motorcycle,1,Motorcycle / 3-wheel vehicle,opposite,88.6%,480.814,481.814,1.0,18.0
43114,Motorcycle,1,Motorcycle / 3-wheel vehicle,opposite,88.1%,481.414,482.364,0.95,18.9
43144,Motorcycle,1,Motorcycle / 3-wheel vehicle,normal,77.5%,483.413,481.564,1.85,9.7
43205,Motorcycle,1,Motorcycle / 3-wheel vehicle,opposite,86.5%,482.364,483.264,0.9,20.0
43173,Car / Sedan,2,Sedan / jeep / station wagon,opposite,93.3%,482.614,483.863,1.25,14.4
43253,Motorcycle,1,Motorcycle / 3-wheel vehicle,opposite,90.5%,483.014,484.263,1.25,14.4
43323,Motorcycle,1,Motorcycle / 3-wheel vehicle,opposite,88.5%,483.563,484.563,1.0,18.0
43353,Motorcycle,1,Motorcycle / 3-wheel vehicle,normal,83.9%,487.063,484.413,2.65,6.8
43427,Motorcycle,1,Motorcycle / 3-wheel vehicle,opposite,85.5%,484.963,485.663,0.7,25.7
43384,Public Transportation (Angkot),3,Medium passenger vehicle,opposite,92.6%,485.013,486.063,1.05,17.1
43442,Motorcycle,1,Motorcycle / 3-wheel vehicle,opposite,88.4%,485.263,486.013,0.75,24.0
43468,Motorcycle,1,Motorcycle / 3-wheel vehicle,opposite,87.2%,485.313,486.413,1.1,16.4
43514,Motorcycle,1,Motorcycle / 3-wheel vehicle,opposite,89.0%,485.813,486.713,0.9,20.0
43547,Motorcycle,1,Motorcycle / 3-wheel vehicle,opposite,88.3%,485.863,486.763,0.9,20.0
43462,Motorcycle,1,Motorcycle / 3-wheel vehicle,normal,82.8%,488.813,486.163,2.65,6.8
43613,Motorcycle,1,Motorcycle / 3-wheel vehicle,opposite,85.9%,486.463,487.463,1.0,18.0
43612,Motorcycle,1,Motorcycle / 3-wheel vehicle,opposite,88.8%,486.513,487.513,1.0,18.0
43629,Motorcycle,1,Motorcycle / 3-wheel vehicle,normal,81.3%,489.713,487.063,2.65,6.8
43604,Motorcycle,1,Motorcycle / 3-wheel vehicle,opposite,90.9%,487.213,488.113,0.9,20.0
43701,Motorcycle,1,Motorcycle / 3-wheel vehicle,opposite,90.7%,487.563,488.463,0.9,20.0
43742,Motorcycle,1,Motorcycle / 3-wheel vehicle,normal,84.6%,491.713,488.513,3.2,5.6
43984,Motorcycle,1,Motorcycle / 3-wheel vehicle,opposite,89.1%,490.363,491.313,0.95,18.9
43961,Motorcycle,1,Motorcycle / 3-wheel vehicle,normal,86.5%,493.413,490.713,2.7,6.7
44087,Motorcycle,1,Motorcycle / 3-wheel vehicle,opposite,89.6%,491.263,492.113,0.85,21.2
44108,Motorcycle,1,Motorcycle / 3-wheel vehicle,opposite,89.3%,491.613,492.363,0.75,24.0
44155,Motorcycle,1,Motorcycle / 3-wheel vehicle,opposite,88.0%,491.963,492.863,0.9,20.0
44165,Motorcycle,1,Motorcycle / 3-wheel vehicle,opposite,89.1%,492.213,493.013,0.8,22.5
43832,Bus,5,Bus,normal,90.4%,497.512,492.263,5.25,3.4
44206,Motorcycle,1,Motorcycle / 3-wheel vehicle,opposite,90.8%,492.713,493.613,0.9,20.0
44216,Motorcycle,1,Motorcycle / 3-wheel vehicle,opposite,89.9%,492.713,493.463,0.75,24.0
44287,Motorcycle,1,Motorcycle / 3-wheel vehicle,opposite,90.0%,493.463,494.363,0.9,20.0
44342,Motorcycle,1,Motorcycle / 3-wheel vehicle,opposite,84.8%,493.813,494.713,0.9,20.0
44334,Motorcycle,1,Motorcycle / 3-wheel vehicle,opposite,89.4%,493.863,494.813,0.95,18.9
44384,Motorcycle,1,Motorcycle / 3-wheel vehicle,opposite,87.6%,494.263,495.163,0.9,20.0
44409,Motorcycle,1,Motorcycle / 3-wheel vehicle,opposite,90.3%,494.613,495.463,0.85,21.2
44506,Motorcycle,1,Motorcycle / 3-wheel vehicle,opposite,88.9%,495.513,496.312,0.8,22.5
44397,Public Transportation (Angkot),3,Medium passenger vehicle,opposite,92.7%,496.512,498.362,1.85,9.7
44645,Motorcycle,1,Motorcycle / 3-wheel vehicle,opposite,89.6%,496.962,497.612,0.65,27.7
44705,Motorcycle,1,Motorcycle / 3-wheel vehicle,opposite,88.7%,497.712,498.762,1.05,17.1
44833,Motorcycle,1,Motorcycle / 3-wheel vehicle,opposite,84.5%,499.412,500.312,0.9,20.0
44848,Motorcycle,1,Motorcycle / 3-wheel vehicle,opposite,89.9%,499.762,500.562,0.8,22.5
44931,Motorcycle,1,Motorcycle / 3-wheel vehicle,opposite,89.7%,500.662,501.362,0.7,25.7
44988,Motorcycle,1,Motorcycle / 3-wheel vehicle,opposite,87.7%,501.462,502.212,0.75,24.0
44507,Bus,5,Bus,normal,90.7%,503.912,502.012,1.9,9.5
45071,Motorcycle,1,Motorcycle / 3-wheel vehicle,opposite,88.1%,502.062,502.862,0.8,22.5
45118,Motorcycle,1,Motorcycle / 3-wheel vehicle,opposite,88.7%,502.512,503.312,0.8,22.5
45132,Motorcycle,1,Motorcycle / 3-wheel vehicle,opposite,89.6%,502.862,503.662,0.8,22.5
45174,Motorcycle,1,Motorcycle / 3-wheel vehicle,opposite,90.0%,503.462,504.362,0.9,20.0
45191,Car / Sedan,2,Sedan / jeep / station wagon,opposite,93.6%,504.112,504.962,0.85,21.2
45234,Motorcycle,1,Motorcycle / 3-wheel vehicle,opposite,79.0%,504.112,505.462,1.35,13.3
45255,Motorcycle,1,Motorcycle / 3-wheel vehicle,opposite,88.6%,504.462,505.312,0.85,21.2
45304,Motorcycle,1,Motorcycle / 3-wheel vehicle,opposite,88.0%,505.012,505.612,0.6,30.0
45302,Pickup / Micro Truck,4,Pickup / micro truck / delivery,opposite,92.2%,505.262,506.162,0.9,20.0
45347,Motorcycle,1,Motorcycle / 3-wheel vehicle,opposite,86.5%,505.512,506.312,0.8,22.5
45362,Motorcycle,1,Motorcycle / 3-wheel vehicle,opposite,87.9%,505.662,506.512,0.85,21.2
45422,Motorcycle,1,Motorcycle / 3-wheel vehicle,opposite,85.9%,506.462,507.262,0.8,22.5
45445,Car / Sedan,2,Sedan / jeep / station wagon,opposite,93.7%,507.012,507.862,0.85,21.2
45504,Motorcycle,1,Motorcycle / 3-wheel vehicle,opposite,88.0%,507.462,508.312,0.85,21.2
45472,Motorcycle,1,Motorcycle / 3-wheel vehicle,normal,68.7%,510.861,507.762,3.1,5.8
45538,Motorcycle,1,Motorcycle / 3-wheel vehicle,normal,85.8%,512.111,508.062,4.05,4.4
45568,Motorcycle,1,Motorcycle / 3-wheel vehicle,opposite,76.2%,508.662,509.611,0.95,18.9
45607,Motorcycle,1,Motorcycle / 3-wheel vehicle,opposite,88.9%,509.262,509.962,0.7,25.7
45564,Motorcycle,1,Motorcycle / 3-wheel vehicle,normal,83.2%,512.711,509.412,3.3,5.5
45605,Motorcycle,1,Motorcycle / 3-wheel vehicle,normal,85.2%,514.861,510.262,4.6,3.9
45696,Motorcycle,1,Motorcycle / 3-wheel vehicle,opposite,88.6%,510.312,511.011,0.7,25.7
45672,Car / Sedan,2,Sedan / jeep / station wagon,opposite,93.2%,510.462,511.461,1.0,18.0
45712,Motorcycle,1,Motorcycle / 3-wheel vehicle,opposite,86.7%,511.411,513.311,1.9,9.5
45782,Motorcycle,1,Motorcycle / 3-wheel vehicle,opposite,89.7%,511.411,512.111,0.7,25.7
45691,Motorcycle,1,Motorcycle / 3-wheel vehicle,opposite,72.0%,512.161,513.811,1.65,10.9
45852,Motorcycle,1,Motorcycle / 3-wheel vehicle,opposite,88.5%,512.411,513.411,1.0,18.0
45921,Motorcycle,1,Motorcycle / 3-wheel vehicle,opposite,86.4%,513.211,514.161,0.95,18.9
45919,Motorcycle,1,Motorcycle / 3-wheel vehicle,opposite,89.5%,513.311,514.361,1.05,17.1
46059,Motorcycle,1,Motorcycle / 3-wheel vehicle,opposite,88.7%,514.411,515.411,1.0,18.0
46084,Motorcycle,1,Motorcycle / 3-wheel vehicle,opposite,90.6%,514.861,515.761,0.9,20.0
46102,Motorcycle,1,Motorcycle / 3-wheel vehicle,opposite,87.3%,514.861,515.961,1.1,16.4
46162,Motorcycle,1,Motorcycle / 3-wheel vehicle,opposite,68.3%,515.261,516.111,0.85,21.2
46170,Motorcycle,1,Motorcycle / 3-wheel vehicle,opposite,90.4%,515.761,516.811,1.05,17.1
45731,Public Transportation (Angkot),3,Medium passenger vehicle,normal,92.4%,518.411,515.811,2.6,6.9
46266,Motorcycle,1,Motorcycle / 3-wheel vehicle,opposite,88.9%,516.811,517.811,1.0,18.0
45922,Car / Sedan,2,Sedan / jeep / station wagon,opposite,92.7%,517.611,519.561,1.95,9.2
46277,Motorcycle,1,Motorcycle / 3-wheel vehicle,opposite,90.1%,517.811,519.211,1.4,12.9
46313,Motorcycle,1,Motorcycle / 3-wheel vehicle,opposite,89.2%,518.561,520.211,1.65,10.9
46510,Motorcycle,1,Motorcycle / 3-wheel vehicle,opposite,88.2%,519.411,520.561,1.15,15.7
46512,Car / Sedan,2,Sedan / jeep / station wagon,opposite,93.6%,520.061,521.461,1.4,12.9
46594,Motorcycle,1,Motorcycle / 3-wheel vehicle,opposite,88.9%,520.411,521.461,1.05,17.1
46651,Motorcycle,1,Motorcycle / 3-wheel vehicle,opposite,87.9%,520.961,521.961,1.0,18.0
46429,Car / Sedan,2,Sedan / jeep / station wagon,normal,90.1%,522.661,521.211,1.45,12.4
46666,Motorcycle,1,Motorcycle / 3-wheel vehicle,opposite,89.0%,521.361,522.411,1.05,17.1
46791,Motorcycle,1,Motorcycle / 3-wheel vehicle,opposite,88.7%,522.711,523.76,1.05,17.1
46867,Motorcycle,1,Motorcycle / 3-wheel vehicle,opposite,85.3%,523.211,524.16,0.95,18.9
46824,Motorcycle,1,Motorcycle / 3-wheel vehicle,normal,85.0%,524.81,523.561,1.25,14.4
46940,Motorcycle,1,Motorcycle / 3-wheel vehicle,normal,85.7%,525.86,524.11,1.75,10.3
46982,Motorcycle,1,Motorcycle / 3-wheel vehicle,opposite,82.1%,524.61,525.41,0.8,22.5
47039,Car / Sedan,2,Sedan / jeep / station wagon,opposite,93.3%,525.76,526.71,0.95,18.9
47120,Motorcycle,1,Motorcycle / 3-wheel vehicle,opposite,87.5%,526.46,527.51,1.05,17.1
47137,Pickup / Micro Truck,4,Pickup / micro truck / delivery,opposite,93.7%,526.81,527.81,1.0,18.0
47250,Motorcycle,1,Motorcycle / 3-wheel vehicle,opposite,89.9%,527.81,528.66,0.85,21.2
47173,Motorcycle,1,Motorcycle / 3-wheel vehicle,opposite,89.7%,528.16,530.21,2.05,8.8
47308,Motorcycle,1,Motorcycle / 3-wheel vehicle,opposite,88.3%,528.41,529.36,0.95,18.9
47198,Motorcycle,1,Motorcycle / 3-wheel vehicle,opposite,89.2%,529.16,531.21,2.05,8.8
47474,Motorcycle,1,Motorcycle / 3-wheel vehicle,opposite,87.7%,530.46,531.71,1.25,14.4
47360,Motorcycle,1,Motorcycle / 3-wheel vehicle,opposite,90.5%,530.56,532.26,1.7,10.6
47478,Motorcycle,1,Motorcycle / 3-wheel vehicle,opposite,90.5%,531.31,533.11,1.8,10.0
47646,Motorcycle,1,Motorcycle / 3-wheel vehicle,opposite,89.0%,531.91,533.01,1.1,16.4
47656,Motorcycle,1,Motorcycle / 3-wheel vehicle,opposite,88.4%,532.31,533.46,1.15,15.7
47597,Pickup / Micro Truck,4,Pickup / micro truck / delivery,opposite,91.8%,532.76,534.81,2.05,8.8
47725,Motorcycle,1,Motorcycle / 3-wheel vehicle,opposite,86.7%,532.81,534.06,1.25,14.4
47784,Motorcycle,1,Motorcycle / 3-wheel vehicle,opposite,89.2%,533.91,535.31,1.4,12.9
47812,Motorcycle,1,Motorcycle / 3-wheel vehicle,opposite,67.9%,534.56,536.46,1.9,9.5
48064,Motorcycle,1,Motorcycle / 3-wheel vehicle,opposite,87.6%,537.01,538.309,1.3,13.8
48028,Car / Sedan,2,Sedan / jeep / station wagon,opposite,92.4%,537.309,539.259,1.95,9.2
48154,Motorcycle,1,Motorcycle / 3-wheel vehicle,opposite,90.7%,538.009,539.259,1.25,14.4
48288,Motorcycle,1,Motorcycle / 3-wheel vehicle,normal,67.3%,542.409,539.509,2.9,6.2
48304,Motorcycle,1,Motorcycle / 3-wheel vehicle,normal,80.2%,540.659,539.609,1.05,17.1
48240,Public Transportation (Angkot),3,Medium passenger vehicle,opposite,93.2%,539.709,541.459,1.75,10.3
48282,Motorcycle,1,Motorcycle / 3-wheel vehicle,opposite,89.7%,540.159,541.859,1.7,10.6
48331,Motorcycle,1,Motorcycle / 3-wheel vehicle,normal,83.8%,543.259,540.209,3.05,5.9
48400,Motorcycle,1,Motorcycle / 3-wheel vehicle,normal,74.0%,543.809,541.259,2.55,7.1
48354,Car / Sedan,2,Sedan / jeep / station wagon,opposite,93.6%,541.909,543.709,1.8,10.0
48432,Motorcycle,1,Motorcycle / 3-wheel vehicle,normal,70.1%,544.809,541.959,2.85,6.3
48450,Motorcycle,1,Motorcycle / 3-wheel vehicle,normal,65.1%,544.359,543.009,1.35,13.3
48440,Motorcycle,1,Motorcycle / 3-wheel vehicle,opposite,89.3%,543.159,544.909,1.75,10.3
48523,Motorcycle,1,Motorcycle / 3-wheel vehicle,opposite,70.1%,543.559,545.559,2.0,9.0
48704,Motorcycle,1,Motorcycle / 3-wheel vehicle,opposite,88.5%,545.059,546.259,1.2,15.0
48773,Motorcycle,1,Motorcycle / 3-wheel vehicle,normal,63.1%,547.659,546.009,1.65,10.9
48878,Motorcycle,1,Motorcycle / 3-wheel vehicle,opposite,89.5%,547.259,548.259,1.0,18.0
48869,Public Transportation (Angkot),3,Medium passenger vehicle,opposite,90.3%,547.809,549.109,1.3,13.8
48953,Motorcycle,1,Motorcycle / 3-wheel vehicle,opposite,87.6%,548.059,549.009,0.95,18.9
48978,Car / Sedan,2,Sedan / jeep / station wagon,normal,83.1%,549.808,548.559,1.25,14.4
49039,Motorcycle,1,Motorcycle / 3-wheel vehicle,opposite,85.3%,549.409,550.858,1.45,12.4
49045,Motorcycle,1,Motorcycle / 3-wheel vehicle,opposite,84.4%,549.909,551.208,1.3,13.8
49103,Motorcycle,1,Motorcycle / 3-wheel vehicle,opposite,88.9%,550.308,551.458,1.15,15.7
49213,Motorcycle,1,Motorcycle / 3-wheel vehicle,opposite,87.2%,551.008,552.208,1.2,15.0
49224,Car / Sedan,2,Sedan / jeep / station wagon,opposite,85.2%,551.908,553.108,1.2,15.0
49321,Motorcycle,1,Motorcycle / 3-wheel vehicle,opposite,83.2%,552.008,553.208,1.2,15.0
49330,Motorcycle,1,Motorcycle / 3-wheel vehicle,normal,41.6%,554.658,552.058,2.6,6.9
49374,Motorcycle,1,Motorcycle / 3-wheel vehicle,opposite,89.2%,552.858,554.008,1.15,15.7
49437,Motorcycle,1,Motorcycle / 3-wheel vehicle,opposite,89.1%,553.208,554.408,1.2,15.0
49505,Motorcycle,1,Motorcycle / 3-wheel vehicle,normal,81.1%,556.008,553.808,2.2,8.2
49536,Motorcycle,1,Motorcycle / 3-wheel vehicle,normal,40.5%,557.308,554.708,2.6,6.9
49653,Motorcycle,1,Motorcycle / 3-wheel vehicle,normal,48.5%,558.808,556.308,2.5,7.2
49709,Motorcycle,1,Motorcycle / 3-wheel vehicle,opposite,87.5%,556.358,557.408,1.05,17.1
49636,Car / Sedan,2,Sedan / jeep / station wagon,opposite,93.4%,556.408,557.908,1.5,12.0
49639,Car / Sedan,2,Sedan / jeep / station wagon,normal,74.7%,558.208,556.958,1.25,14.4
49743,Motorcycle,1,Motorcycle / 3-wheel vehicle,opposite,77.9%,557.108,558.208,1.1,16.4
49881,Motorcycle,1,Motorcycle / 3-wheel vehicle,opposite,83.2%,558.008,559.058,1.05,17.1
49769,Motorcycle,1,Motorcycle / 3-wheel vehicle,normal,80.9%,559.558,558.258,1.3,13.8
49876,Car / Sedan,2,Sedan / jeep / station wagon,opposite,93.7%,558.408,559.708,1.3,13.8
49911,Motorcycle,1,Motorcycle / 3-wheel vehicle,normal,83.9%,560.408,558.808,1.6,11.3
49939,Car / Sedan,2,Sedan / jeep / station wagon,opposite,93.9%,559.708,560.958,1.25,14.4
50098,Car / Sedan,2,Sedan / jeep / station wagon,opposite,93.6%,561.408,562.758,1.35,13.3
50143,Motorcycle,1,Motorcycle / 3-wheel vehicle,opposite,85.1%,561.708,562.658,0.95,18.9
50078,Car / Sedan,2,Sedan / jeep / station wagon,normal,87.4%,563.258,562.008,1.25,14.4
50190,Motorcycle,1,Motorcycle / 3-wheel vehicle,opposite,86.4%,562.058,563.308,1.25,14.4
50234,Motorcycle,1,Motorcycle / 3-wheel vehicle,opposite,87.0%,562.857,564.107,1.25,14.4
50229,Car / Sedan,2,Sedan / jeep / station wagon,opposite,93.2%,563.508,564.957,1.45,12.4
50283,Motorcycle,1,Motorcycle / 3-wheel vehicle,opposite,88.5%,563.607,564.707,1.1,16.4
50268,Car / Sedan,2,Sedan / jeep / station wagon,normal,61.1%,566.357,564.507,1.85,9.7
50403,Motorcycle,1,Motorcycle / 3-wheel vehicle,opposite,88.8%,564.857,565.607,0.75,24.0
50382,Public Transportation (Angkot),3,Medium passenger vehicle,opposite,93.5%,565.607,567.057,1.45,12.4
50599,Motorcycle,1,Motorcycle / 3-wheel vehicle,opposite,87.3%,567.857,569.257,1.4,12.9
50613,Motorcycle,1,Motorcycle / 3-wheel vehicle,normal,85.8%,569.057,567.957,1.1,16.4
50600,Car / Sedan,2,Sedan / jeep / station wagon,opposite,93.5%,568.457,569.707,1.25,14.4
50681,Motorcycle,1,Motorcycle / 3-wheel vehicle,opposite,87.6%,569.007,569.957,0.95,18.9
50760,Motorcycle,1,Motorcycle / 3-wheel vehicle,opposite,87.8%,570.007,570.907,0.9,20.0
50738,Pickup / Micro Truck,4,Pickup / micro truck / delivery,opposite,93.5%,570.457,571.657,1.2,15.0
50850,Motorcycle,1,Motorcycle / 3-wheel vehicle,opposite,88.6%,571.207,572.207,1.0,18.0
50739,Car / Sedan,2,Sedan / jeep / station wagon,normal,89.6%,574.457,571.907,2.55,7.1
50846,Motorcycle,1,Motorcycle / 3-wheel vehicle,opposite,81.1%,572.507,574.457,1.95,9.2
50924,Car / Sedan,2,Sedan / jeep / station wagon,opposite,93.4%,572.507,573.807,1.3,13.8
51076,Motorcycle,1,Motorcycle / 3-wheel vehicle,normal,80.7%,576.957,574.407,2.55,7.1
51243,Motorcycle,1,Motorcycle / 3-wheel vehicle,opposite,89.4%,575.457,576.256,0.8,22.5
51384,Public Transportation (Angkot),3,Medium passenger vehicle,opposite,92.9%,577.356,578.656,1.3,13.8
51439,Motorcycle,1,Motorcycle / 3-wheel vehicle,opposite,88.0%,577.806,578.856,1.05,17.1
51483,Motorcycle,1,Motorcycle / 3-wheel vehicle,opposite,91.1%,578.356,579.456,1.1,16.4
51544,Motorcycle,1,Motorcycle / 3-wheel vehicle,opposite,90.0%,579.056,580.056,1.0,18.0
51647,Motorcycle,1,Motorcycle / 3-wheel vehicle,opposite,88.4%,579.856,581.106,1.25,14.4
51645,Car / Sedan,2,Sedan / jeep / station wagon,opposite,90.3%,580.706,582.706,2.0,9.0
51855,Motorcycle,1,Motorcycle / 3-wheel vehicle,opposite,89.1%,584.406,586.356,1.95,9.2
52060,Bus,5,Bus,opposite,92.1%,587.856,589.456,1.6,11.3
52420,Motorcycle,1,Motorcycle / 3-wheel vehicle,opposite,88.6%,588.656,589.556,0.9,20.0
52376,Motorcycle,1,Motorcycle / 3-wheel vehicle,opposite,87.4%,589.155,591.055,1.9,9.5
52468,Motorcycle,1,Motorcycle / 3-wheel vehicle,opposite,89.5%,589.206,590.106,0.9,20.0
52546,Motorcycle,1,Motorcycle / 3-wheel vehicle,opposite,88.5%,589.956,590.855,0.9,20.0
52556,Car / Sedan,2,Sedan / jeep / station wagon,opposite,93.7%,591.805,593.705,1.9,9.5
52891,Car / Sedan,2,Sedan / jeep / station wagon,opposite,93.5%,594.255,595.555,1.3,13.8
52966,Pickup / Micro Truck,4,Pickup / micro truck / delivery,normal,91.3%,597.305,594.955,2.35,7.7
53225,Motorcycle,1,Motorcycle / 3-wheel vehicle,opposite,86.3%,596.655,597.705,1.05,17.1
53208,Pickup / Micro Truck,4,Pickup / micro truck / delivery,opposite,92.5%,596.955,598.305,1.35,13.3
53297,Motorcycle,1,Motorcycle / 3-wheel vehicle,normal,61.4%,599.005,597.205,1.8,10.0
53131,Car / Sedan,2,Sedan / jeep / station wagon,normal,88.8%,599.505,597.605,1.9,9.5
53400,Car / Sedan,2,Sedan / jeep / station wagon,opposite,93.3%,599.005,600.355,1.35,13.3
53649,Car / Sedan,2,Sedan / jeep / station wagon,opposite,92.3%,601.055,602.554,1.5,12.0
53701,Motorcycle,1,Motorcycle / 3-wheel vehicle,normal,85.3%,604.854,601.305,3.55,5.1
53853,Motorcycle,1,Motorcycle / 3-wheel vehicle,normal,85.2%,604.804,602.455,2.35,7.7
53810,Car / Sedan,2,Sedan / jeep / station wagon,opposite,93.1%,602.904,604.204,1.3,13.8
53902,Motorcycle,1,Motorcycle / 3-wheel vehicle,opposite,88.8%,603.054,604.054,1.0,18.0
53770,Motorcycle,1,Motorcycle / 3-wheel vehicle,normal,78.6%,605.804,603.604,2.2,8.2
54017,Car / Sedan,2,Sedan / jeep / station wagon,opposite,93.1%,605.054,606.404,1.35,13.3
54127,Motorcycle,1,Motorcycle / 3-wheel vehicle,normal,59.4%,608.304,605.754,2.55,7.1
54300,Motorcycle,1,Motorcycle / 3-wheel vehicle,normal,84.5%,609.054,606.654,2.4,7.5
54314,Motorcycle,1,Motorcycle / 3-wheel vehicle,normal,85.5%,608.454,606.754,1.7,10.6
54223,Car / Sedan,2,Sedan / jeep / station wagon,opposite,93.3%,606.954,608.254,1.3,13.8
54380,Motorcycle,1,Motorcycle / 3-wheel vehicle,normal,84.9%,609.054,607.704,1.35,13.3
54247,Motorcycle,1,Motorcycle / 3-wheel vehicle,opposite,83.9%,608.254,609.954,1.7,10.6
54461,Car / Sedan,2,Sedan / jeep / station wagon,opposite,93.3%,609.304,611.204,1.9,9.5
54425,Motorcycle,1,Motorcycle / 3-wheel vehicle,normal,47.0%,610.704,609.404,1.3,13.8
54193,Public Transportation (Angkot),3,Medium passenger vehicle,normal,85.1%,616.004,609.454,6.55,2.7
54529,Motorcycle,1,Motorcycle / 3-wheel vehicle,normal,76.7%,611.304,610.404,0.9,20.0
54664,Public Transportation (Angkot),3,Medium passenger vehicle,opposite,93.6%,611.254,612.404,1.15,15.7
54722,Motorcycle,1,Motorcycle / 3-wheel vehicle,normal,77.5%,612.554,611.604,0.95,18.9
54898,Motorcycle,1,Motorcycle / 3-wheel vehicle,normal,86.6%,614.454,613.654,0.8,22.5
55008,Motorcycle,1,Motorcycle / 3-wheel vehicle,normal,85.9%,615.504,614.404,1.1,16.4
55193,Motorcycle,1,Motorcycle / 3-wheel vehicle,opposite,80.1%,615.953,616.753,0.8,22.5
55206,Motorcycle,1,Motorcycle / 3-wheel vehicle,normal,85.4%,618.153,617.153,1.0,18.0
55473,Public Transportation (Angkot),3,Medium passenger vehicle,opposite,73.3%,619.153,620.003,0.85,21.2
55485,Motorcycle,1,Motorcycle / 3-wheel vehicle,opposite,84.8%,619.303,620.153,0.85,21.2
55446,Car / Sedan,2,Sedan / jeep / station wagon,opposite,89.5%,619.353,620.503,1.15,15.7
55628,Pickup / Micro Truck,4,Pickup / micro truck / delivery,opposite,90.7%,620.953,621.953,1.0,18.0
55885,Car / Sedan,2,Sedan / jeep / station wagon,normal,90.9%,623.553,622.553,1.0,18.0
55906,Motorcycle,1,Motorcycle / 3-wheel vehicle,opposite,89.7%,622.903,623.753,0.85,21.2
55935,Car / Sedan,2,Sedan / jeep / station wagon,normal,89.9%,625.553,624.103,1.45,12.4
56060,Motorcycle,1,Motorcycle / 3-wheel vehicle,normal,51.3%,626.903,624.953,1.95,9.2
56126,Motorcycle,1,Motorcycle / 3-wheel vehicle,normal,83.9%,627.253,626.203,1.05,17.1
56158,Motorcycle,1,Motorcycle / 3-wheel vehicle,normal,85.3%,627.903,626.853,1.05,17.1
56417,Pickup / Micro Truck,4,Pickup / micro truck / delivery,opposite,92.1%,629.352,630.552,1.2,15.0
56462,Motorcycle,1,Motorcycle / 3-wheel vehicle,opposite,85.2%,629.602,630.952,1.35,13.3
56334,Car / Sedan,2,Sedan / jeep / station wagon,normal,76.6%,632.202,630.152,2.05,8.8
56479,Motorcycle,1,Motorcycle / 3-wheel vehicle,opposite,61.7%,631.852,633.502,1.65,10.9
56649,Public Transportation (Angkot),3,Medium passenger vehicle,opposite,93.9%,631.952,633.152,1.2,15.0
56800,Motorcycle,1,Motorcycle / 3-wheel vehicle,opposite,82.6%,633.102,634.202,1.1,16.4
56865,Motorcycle,1,Motorcycle / 3-wheel vehicle,normal,66.9%,636.202,633.452,2.75,6.5
56963,Motorcycle,1,Motorcycle / 3-wheel vehicle,normal,84.1%,635.702,634.852,0.85,21.2
56909,Motorcycle,1,Motorcycle / 3-wheel vehicle,normal,41.8%,637.852,634.902,2.95,6.1
57020,Motorcycle,1,Motorcycle / 3-wheel vehicle,normal,84.2%,636.552,635.702,0.85,21.2
57143,Motorcycle,1,Motorcycle / 3-wheel vehicle,normal,65.0%,638.902,636.352,2.55,7.1
56757,Motorcycle,1,Motorcycle / 3-wheel vehicle,opposite,44.8%,636.602,638.702,2.1,8.6
57105,Motorcycle,1,Motorcycle / 3-wheel vehicle,normal,85.8%,638.252,637.052,1.2,15.0
57342,Motorcycle,1,Motorcycle / 3-wheel vehicle,normal,81.0%,640.302,638.202,2.1,8.6
57448,Motorcycle,1,Motorcycle / 3-wheel vehicle,normal,85.3%,640.302,639.602,0.7,25.7
57518,Motorcycle,1,Motorcycle / 3-wheel vehicle,normal,85.7%,641.252,640.452,0.8,22.5
57611,Motorcycle,1,Motorcycle / 3-wheel vehicle,normal,84.9%,642.101,641.302,0.8,22.5
58011,Public Transportation (Angkot),3,Medium passenger vehicle,opposite,93.2%,644.801,646.451,1.65,10.9
57687,Public Transportation (Angkot),3,Medium passenger vehicle,normal,90.8%,649.401,645.601,3.8,4.7
57938,Pickup / Micro Truck,4,Pickup / micro truck / delivery,opposite,92.0%,646.051,648.251,2.2,8.2
58168,Motorcycle,1,Motorcycle / 3-wheel vehicle,opposite,89.3%,647.351,648.901,1.55,11.6
58388,Car / Sedan,2,Sedan / jeep / station wagon,opposite,93.7%,650.401,651.551,1.15,15.7
58471,Motorcycle,1,Motorcycle / 3-wheel vehicle,opposite,87.7%,651.101,652.001,0.9,20.0
58580,Motorcycle,1,Motorcycle / 3-wheel vehicle,normal,83.4%,653.051,652.101,0.95,18.9
58741,Motorcycle,1,Motorcycle / 3-wheel vehicle,opposite,86.2%,654.451,655.351,0.9,20.0
58926,Car / Sedan,2,Sedan / jeep / station wagon,opposite,93.6%,657.05,658.35,1.3,13.8
58867,Motorcycle,1,Motorcycle / 3-wheel vehicle,opposite,88.3%,657.4,659.6,2.2,8.2
59109,Car / Sedan,2,Sedan / jeep / station wagon,normal,91.1%,661.6,660.4,1.2,15.0
59244,Motorcycle,1,Motorcycle / 3-wheel vehicle,opposite,89.0%,660.6,661.9,1.3,13.8
59286,Car / Sedan,2,Sedan / jeep / station wagon,normal,91.1%,663.1,661.9,1.2,15.0
59393,Motorcycle,1,Motorcycle / 3-wheel vehicle,normal,80.3%,663.95,663.0,0.95,18.9
59268,Bus,5,Bus,normal,91.0%,665.75,664.45,1.3,13.8
59792,Motorcycle,1,Motorcycle / 3-wheel vehicle,normal,58.2%,669.75,667.9,1.85,9.7
59860,Motorcycle,1,Motorcycle / 3-wheel vehicle,opposite,77.8%,668.4,669.6,1.2,15.0
59751,Car / Sedan,2,Sedan / jeep / station wagon,normal,91.2%,670.549,668.649,1.9,9.5
60035,Motorcycle,1,Motorcycle / 3-wheel vehicle,opposite,89.1%,670.299,670.899,0.6,30.0
59959,Car / Sedan,2,Sedan / jeep / station wagon,normal,87.7%,674.349,670.499,3.85,4.7
59936,Motorcycle,1,Motorcycle / 3-wheel vehicle,normal,85.3%,672.299,670.699,1.6,11.3
60178,Motorcycle,1,Motorcycle / 3-wheel vehicle,opposite,88.3%,671.899,672.449,0.55,32.7
59831,Motorcycle,1,Motorcycle / 3-wheel vehicle,opposite,85.3%,672.099,674.449,2.35,7.7
60320,Motorcycle,1,Motorcycle / 3-wheel vehicle,opposite,78.2%,673.499,674.049,0.55,32.7
60293,Motorcycle,1,Motorcycle / 3-wheel vehicle,opposite,81.0%,674.199,676.449,2.25,8.0
60384,Motorcycle,1,Motorcycle / 3-wheel vehicle,opposite,73.9%,674.449,677.449,3.0,6.0
60433,Motorcycle,1,Motorcycle / 3-wheel vehicle,opposite,87.2%,674.999,675.799,0.8,22.5
60408,Motorcycle,1,Motorcycle / 3-wheel vehicle,opposite,87.2%,675.949,678.399,2.45,7.3
60559,Motorcycle,1,Motorcycle / 3-wheel vehicle,opposite,72.9%,676.699,677.649,0.95,18.9
60620,Motorcycle,1,Motorcycle / 3-wheel vehicle,opposite,87.5%,677.349,678.099,0.75,24.0
60682,Motorcycle,1,Motorcycle / 3-wheel vehicle,opposite,80.8%,678.099,678.849,0.75,24.0
60340,Car / Sedan,2,Sedan / jeep / station wagon,opposite,90.9%,678.199,680.849,2.65,6.8
60711,Motorcycle,1,Motorcycle / 3-wheel vehicle,opposite,63.9%,678.399,679.249,0.85,21.2
60722,Motorcycle,1,Motorcycle / 3-wheel vehicle,opposite,89.1%,679.949,681.798,1.85,9.7
60953,Motorcycle,1,Motorcycle / 3-wheel vehicle,opposite,89.2%,681.099,682.399,1.3,13.8
60967,Motorcycle,1,Motorcycle / 3-wheel vehicle,opposite,86.2%,681.449,682.499,1.05,17.1
61108,Motorcycle,1,Motorcycle / 3-wheel vehicle,opposite,88.2%,682.848,683.748,0.9,20.0
61157,Motorcycle,1,Motorcycle / 3-wheel vehicle,opposite,85.4%,682.899,683.748,0.85,21.2
61166,Motorcycle,1,Motorcycle / 3-wheel vehicle,opposite,87.0%,683.398,684.248,0.85,21.2
61238,Motorcycle,1,Motorcycle / 3-wheel vehicle,opposite,86.8%,683.598,684.398,0.8,22.5
61192,Motorcycle,1,Motorcycle / 3-wheel vehicle,normal,69.6%,685.598,683.798,1.8,10.0
61142,Motorcycle,1,Motorcycle / 3-wheel vehicle,opposite,87.8%,684.348,684.998,0.65,27.7
61282,Motorcycle,1,Motorcycle / 3-wheel vehicle,opposite,79.8%,684.398,685.248,0.85,21.2
61328,Motorcycle,1,Motorcycle / 3-wheel vehicle,opposite,89.7%,684.998,685.698,0.7,25.7
61382,Motorcycle,1,Motorcycle / 3-wheel vehicle,opposite,88.4%,685.448,686.198,0.75,24.0
61381,Motorcycle,1,Motorcycle / 3-wheel vehicle,opposite,67.3%,685.498,686.298,0.8,22.5
61368,Motorcycle,1,Motorcycle / 3-wheel vehicle,normal,75.2%,687.998,685.498,2.5,7.2
61462,Motorcycle,1,Motorcycle / 3-wheel vehicle,normal,81.9%,687.248,685.998,1.25,14.4
61442,Motorcycle,1,Motorcycle / 3-wheel vehicle,opposite,85.7%,686.048,686.848,0.8,22.5
61542,Motorcycle,1,Motorcycle / 3-wheel vehicle,opposite,89.0%,687.248,687.948,0.7,25.7
61634,Motorcycle,1,Motorcycle / 3-wheel vehicle,opposite,85.8%,688.048,688.898,0.85,21.2
61651,Motorcycle,1,Motorcycle / 3-wheel vehicle,opposite,90.3%,689.548,690.998,1.45,12.4
61957,Motorcycle,1,Motorcycle / 3-wheel vehicle,opposite,86.9%,690.648,692.198,1.55,11.6
61860,Motorcycle,1,Motorcycle / 3-wheel vehicle,opposite,46.9%,690.748,691.698,0.95,18.9
61982,Motorcycle,1,Motorcycle / 3-wheel vehicle,normal,83.9%,691.848,690.848,1.0,18.0
61974,Motorcycle,1,Motorcycle / 3-wheel vehicle,opposite,84.9%,690.948,691.698,0.75,24.0
62128,Motorcycle,1,Motorcycle / 3-wheel vehicle,opposite,84.4%,692.598,693.348,0.75,24.0
62111,Car / Sedan,2,Sedan / jeep / station wagon,opposite,92.5%,692.848,693.798,0.95,18.9
62190,Motorcycle,1,Motorcycle / 3-wheel vehicle,opposite,38.8%,693.198,694.048,0.85,21.2
62171,Motorcycle,1,Motorcycle / 3-wheel vehicle,opposite,85.0%,693.398,694.148,0.75,24.0
62265,Motorcycle,1,Motorcycle / 3-wheel vehicle,opposite,88.4%,694.048,694.798,0.75,24.0
62291,Pickup / Micro Truck,4,Pickup / micro truck / delivery,opposite,93.0%,694.648,695.548,0.9,20.0
62321,Motorcycle,1,Motorcycle / 3-wheel vehicle,opposite,52.0%,694.798,695.697,0.9,20.0
62341,Motorcycle,1,Motorcycle / 3-wheel vehicle,opposite,80.7%,695.097,695.847,0.75,24.0
62287,Motorcycle,1,Motorcycle / 3-wheel vehicle,normal,82.7%,697.047,695.447,1.6,11.3
62367,Motorcycle,1,Motorcycle / 3-wheel vehicle,opposite,88.4%,695.697,696.547,0.85,21.2
62514,Motorcycle,1,Motorcycle / 3-wheel vehicle,opposite,89.1%,696.947,697.747,0.8,22.5
62509,Motorcycle,1,Motorcycle / 3-wheel vehicle,normal,78.8%,699.647,697.147,2.5,7.2
62546,Motorcycle,1,Motorcycle / 3-wheel vehicle,opposite,78.1%,697.697,698.547,0.85,21.2
62576,Motorcycle,1,Motorcycle / 3-wheel vehicle,opposite,89.8%,698.047,698.797,0.75,24.0
62593,Motorcycle,1,Motorcycle / 3-wheel vehicle,opposite,89.1%,698.197,698.797,0.6,30.0
62643,Motorcycle,1,Motorcycle / 3-wheel vehicle,opposite,65.5%,699.097,700.347,1.25,14.4
62676,Motorcycle,1,Motorcycle / 3-wheel vehicle,normal,55.0%,701.647,699.397,2.25,8.0
62668,Motorcycle,1,Motorcycle / 3-wheel vehicle,opposite,89.9%,699.547,700.297,0.75,24.0
62700,Motorcycle,1,Motorcycle / 3-wheel vehicle,normal,83.3%,701.697,699.997,1.7,10.6
62759,Motorcycle,1,Motorcycle / 3-wheel vehicle,normal,64.0%,702.347,700.897,1.45,12.4
62814,Motorcycle,1,Motorcycle / 3-wheel vehicle,opposite,80.6%,701.347,702.597,1.25,14.4
62845,Motorcycle,1,Motorcycle / 3-wheel vehicle,opposite,88.4%,701.397,702.097,0.7,25.7
62804,Motorcycle,1,Motorcycle / 3-wheel vehicle,normal,82.5%,702.847,701.697,1.15,15.7
62739,Motorcycle,1,Motorcycle / 3-wheel vehicle,opposite,89.7%,701.947,703.447,1.5,12.0
63011,Motorcycle,1,Motorcycle / 3-wheel vehicle,opposite,73.1%,702.897,703.747,0.85,21.2
63123,Motorcycle,1,Motorcycle / 3-wheel vehicle,normal,79.3%,705.797,704.247,1.55,11.6
63283,Motorcycle,1,Motorcycle / 3-wheel vehicle,normal,77.8%,708.396,706.047,2.35,7.7
63260,Car / Sedan,2,Sedan / jeep / station wagon,opposite,93.6%,706.147,706.947,0.8,22.5
63296,Motorcycle,1,Motorcycle / 3-wheel vehicle,opposite,82.1%,706.497,707.247,0.75,24.0
63321,Motorcycle,1,Motorcycle / 3-wheel vehicle,opposite,89.9%,706.847,707.597,0.75,24.0
63377,Motorcycle,1,Motorcycle / 3-wheel vehicle,opposite,89.0%,707.347,708.097,0.75,24.0
63395,Motorcycle,1,Motorcycle / 3-wheel vehicle,opposite,87.8%,707.347,708.097,0.75,24.0
63437,Motorcycle,1,Motorcycle / 3-wheel vehicle,normal,65.6%,709.447,707.797,1.65,10.9
63419,Motorcycle,1,Motorcycle / 3-wheel vehicle,opposite,85.4%,707.997,709.146,1.15,15.7
63492,Motorcycle,1,Motorcycle / 3-wheel vehicle,opposite,73.4%,708.797,709.896,1.1,16.4
63548,Public Transportation (Angkot),3,Medium passenger vehicle,opposite,93.2%,709.396,710.446,1.05,17.1
63527,Motorcycle,1,Motorcycle / 3-wheel vehicle,opposite,84.6%,709.447,710.446,1.0,18.0
63683,Motorcycle,1,Motorcycle / 3-wheel vehicle,opposite,69.2%,710.646,711.696,1.05,17.1
63697,Motorcycle,1,Motorcycle / 3-wheel vehicle,opposite,87.1%,710.846,711.646,0.8,22.5
63774,Motorcycle,1,Motorcycle / 3-wheel vehicle,opposite,88.5%,711.396,712.246,0.85,21.2
63776,Public Transportation (Angkot),3,Medium passenger vehicle,opposite,94.1%,711.896,712.996,1.1,16.4
63892,Motorcycle,1,Motorcycle / 3-wheel vehicle,opposite,88.4%,712.846,713.646,0.8,22.5
63941,Motorcycle,1,Motorcycle / 3-wheel vehicle,opposite,84.0%,713.496,714.296,0.8,22.5
64020,Motorcycle,1,Motorcycle / 3-wheel vehicle,opposite,78.7%,714.196,715.146,0.95,18.9
64038,Motorcycle,1,Motorcycle / 3-wheel vehicle,opposite,90.0%,714.446,715.246,0.8,22.5
64071,Motorcycle,1,Motorcycle / 3-wheel vehicle,normal,79.4%,715.546,714.796,0.75,24.0
64055,Motorcycle,1,Motorcycle / 3-wheel vehicle,opposite,84.6%,714.896,715.796,0.9,20.0
64084,Motorcycle,1,Motorcycle / 3-wheel vehicle,opposite,80.1%,714.896,715.696,0.8,22.5
64164,Motorcycle,1,Motorcycle / 3-wheel vehicle,opposite,79.4%,715.946,716.746,0.8,22.5
64156,Motorcycle,1,Motorcycle / 3-wheel vehicle,opposite,83.2%,716.096,717.046,0.95,18.9
64175,Motorcycle,1,Motorcycle / 3-wheel vehicle,normal,79.5%,716.996,716.196,0.8,22.5
64162,Motorcycle,1,Motorcycle / 3-wheel vehicle,normal,81.6%,717.396,716.646,0.75,24.0
64183,Motorcycle,1,Motorcycle / 3-wheel vehicle,opposite,88.8%,716.746,717.496,0.75,24.0
64255,Motorcycle,1,Motorcycle / 3-wheel vehicle,normal,68.9%,718.196,717.346,0.85,21.2
64237,Motorcycle,1,Motorcycle / 3-wheel vehicle,opposite,87.3%,717.446,718.246,0.8,22.5
64269,Car / Sedan,2,Sedan / jeep / station wagon,normal,77.5%,720.246,717.796,2.45,7.3
64316,Car / Sedan,2,Sedan / jeep / station wagon,opposite,79.5%,718.846,719.796,0.95,18.9
64375,Motorcycle,1,Motorcycle / 3-wheel vehicle,opposite,69.0%,719.046,719.796,0.75,24.0
64397,Motorcycle,1,Motorcycle / 3-wheel vehicle,opposite,59.0%,719.546,720.446,0.9,20.0
64431,Motorcycle,1,Motorcycle / 3-wheel vehicle,opposite,81.6%,719.846,720.646,0.8,22.5
64437,Pickup / Micro Truck,4,Pickup / micro truck / delivery,opposite,89.8%,720.046,720.996,0.95,18.9
64463,Motorcycle,1,Motorcycle / 3-wheel vehicle,normal,72.1%,721.596,720.646,0.95,18.9
64555,Motorcycle,1,Motorcycle / 3-wheel vehicle,normal,83.6%,722.295,721.046,1.25,14.4
64562,Motorcycle,1,Motorcycle / 3-wheel vehicle,opposite,88.8%,721.596,722.446,0.85,21.2
64673,Motorcycle,1,Motorcycle / 3-wheel vehicle,opposite,81.4%,722.845,723.795,0.95,18.9
64661,Motorcycle,1,Motorcycle / 3-wheel vehicle,opposite,85.0%,722.895,723.645,0.75,24.0
64698,Motorcycle,1,Motorcycle / 3-wheel vehicle,opposite,76.4%,723.395,724.445,1.05,17.1
64703,Motorcycle,1,Motorcycle / 3-wheel vehicle,opposite,88.5%,723.495,724.195,0.7,25.7
64747,Motorcycle,1,Motorcycle / 3-wheel vehicle,opposite,73.2%,723.995,724.745,0.75,24.0
64863,Car / Sedan,2,Sedan / jeep / station wagon,opposite,92.9%,725.745,726.745,1.0,18.0
64974,Motorcycle,1,Motorcycle / 3-wheel vehicle,opposite,79.7%,726.545,727.395,0.85,21.2
65008,Motorcycle,1,Motorcycle / 3-wheel vehicle,normal,84.0%,728.195,726.645,1.55,11.6
64985,Motorcycle,1,Motorcycle / 3-wheel vehicle,opposite,89.1%,726.695,727.395,0.7,25.7
65074,Motorcycle,1,Motorcycle / 3-wheel vehicle,opposite,88.6%,727.845,728.645,0.8,22.5
65084,Motorcycle,1,Motorcycle / 3-wheel vehicle,normal,83.3%,728.895,727.945,0.95,18.9
65133,Motorcycle,1,Motorcycle / 3-wheel vehicle,normal,61.6%,729.695,728.295,1.4,12.9
65127,Motorcycle,1,Motorcycle / 3-wheel vehicle,opposite,55.6%,728.545,729.395,0.85,21.2
65150,Motorcycle,1,Motorcycle / 3-wheel vehicle,opposite,88.1%,728.795,729.395,0.6,30.0
65213,Motorcycle,1,Motorcycle / 3-wheel vehicle,normal,63.5%,731.145,729.195,1.95,9.2
65239,Motorcycle,1,Motorcycle / 3-wheel vehicle,opposite,46.0%,729.895,730.745,0.85,21.2
65283,Motorcycle,1,Motorcycle / 3-wheel vehicle,normal,65.8%,732.545,730.245,2.3,7.8
65250,Car / Sedan,2,Sedan / jeep / station wagon,opposite,93.2%,730.445,731.345,0.9,20.0
65279,Motorcycle,1,Motorcycle / 3-wheel vehicle,normal,76.7%,732.145,730.995,1.15,15.7
65332,Motorcycle,1,Motorcycle / 3-wheel vehicle,opposite,78.8%,731.295,732.295,1.0,18.0
65284,Motorcycle,1,Motorcycle / 3-wheel vehicle,normal,84.5%,732.595,731.295,1.3,13.8
65363,Motorcycle,1,Motorcycle / 3-wheel vehicle,opposite,87.0%,731.545,732.395,0.85,21.2
65412,Motorcycle,1,Motorcycle / 3-wheel vehicle,normal,83.5%,733.195,731.795,1.4,12.9
65420,Motorcycle,1,Motorcycle / 3-wheel vehicle,opposite,83.8%,731.945,732.795,0.85,21.2
65475,Motorcycle,1,Motorcycle / 3-wheel vehicle,opposite,84.7%,732.395,733.195,0.8,22.5
65489,Motorcycle,1,Motorcycle / 3-wheel vehicle,normal,81.6%,734.794,732.595,2.2,8.2
65466,Car / Sedan,2,Sedan / jeep / station wagon,opposite,93.2%,732.745,733.745,1.0,18.0
65545,Motorcycle,1,Motorcycle / 3-wheel vehicle,opposite,64.9%,733.245,734.095,0.85,21.2
65538,Motorcycle,1,Motorcycle / 3-wheel vehicle,opposite,84.9%,733.345,734.745,1.4,12.9
65636,Motorcycle,1,Motorcycle / 3-wheel vehicle,normal,83.7%,736.844,733.895,2.95,6.1
65635,Motorcycle,1,Motorcycle / 3-wheel vehicle,opposite,67.6%,734.045,734.995,0.95,18.9
65628,Car / Sedan,2,Sedan / jeep / station wagon,opposite,93.2%,734.295,735.294,1.0,18.0
65677,Motorcycle,1,Motorcycle / 3-wheel vehicle,opposite,84.5%,734.645,735.644,1.0,18.0
65662,Motorcycle,1,Motorcycle / 3-wheel vehicle,normal,74.1%,737.644,734.944,2.7,6.7
65742,Motorcycle,1,Motorcycle / 3-wheel vehicle,opposite,87.8%,735.194,736.144,0.95,18.9
65808,Motorcycle,1,Motorcycle / 3-wheel vehicle,normal,47.3%,738.394,735.394,3.0,6.0
65761,Motorcycle,1,Motorcycle / 3-wheel vehicle,normal,83.3%,738.594,735.794,2.8,6.4
65830,Motorcycle,1,Motorcycle / 3-wheel vehicle,opposite,65.6%,736.044,737.044,1.0,18.0
65925,Motorcycle,1,Motorcycle / 3-wheel vehicle,opposite,60.9%,737.644,738.544,0.9,20.0
65969,Motorcycle,1,Motorcycle / 3-wheel vehicle,opposite,75.2%,738.144,739.044,0.9,20.0
65763,Motorcycle,1,Motorcycle / 3-wheel vehicle,opposite,43.1%,738.494,740.444,1.95,9.2
65887,Motorcycle,1,Motorcycle / 3-wheel vehicle,opposite,59.0%,738.994,740.444,1.45,12.4
66086,Motorcycle,1,Motorcycle / 3-wheel vehicle,opposite,73.5%,739.294,740.144,0.85,21.2
65999,Motorcycle,1,Motorcycle / 3-wheel vehicle,opposite,89.0%,739.544,740.994,1.45,12.4
66213,Motorcycle,1,Motorcycle / 3-wheel vehicle,opposite,60.4%,740.994,741.994,1.0,18.0
66203,Car / Sedan,2,Sedan / jeep / station wagon,opposite,92.8%,741.594,743.244,1.65,10.9
66253,Motorcycle,1,Motorcycle / 3-wheel vehicle,opposite,88.8%,741.594,742.544,0.95,18.9
66353,Motorcycle,1,Motorcycle / 3-wheel vehicle,opposite,67.9%,742.644,743.694,1.05,17.1
66346,Motorcycle,1,Motorcycle / 3-wheel vehicle,opposite,87.4%,742.744,743.844,1.1,16.4
66302,Car / Sedan,2,Sedan / jeep / station wagon,opposite,93.0%,742.944,744.644,1.7,10.6
66412,Motorcycle,1,Motorcycle / 3-wheel vehicle,opposite,84.7%,743.544,744.594,1.05,17.1
66415,Car / Sedan,2,Sedan / jeep / station wagon,opposite,93.0%,744.294,745.994,1.7,10.6
66552,Motorcycle,1,Motorcycle / 3-wheel vehicle,opposite,79.3%,745.144,745.994,0.85,21.2
66308,Car / Sedan,2,Sedan / jeep / station wagon,normal,82.4%,747.694,745.444,2.25,8.0
66588,Motorcycle,1,Motorcycle / 3-wheel vehicle,opposite,72.5%,745.544,746.544,1.0,18.0
66593,Motorcycle,1,Motorcycle / 3-wheel vehicle,normal,81.8%,748.293,746.694,1.6,11.3
66748,Pickup / Micro Truck,4,Pickup / micro truck / delivery,opposite,91.7%,748.093,749.393,1.3,13.8
66790,Motorcycle,1,Motorcycle / 3-wheel vehicle,opposite,66.0%,748.093,748.894,0.8,22.5
66961,Motorcycle,1,Motorcycle / 3-wheel vehicle,normal,84.3%,750.593,749.643,0.95,18.9
66933,Car / Sedan,2,Sedan / jeep / station wagon,opposite,93.3%,750.093,751.393,1.3,13.8
67003,Motorcycle,1,Motorcycle / 3-wheel vehicle,normal,76.4%,752.643,750.743,1.9,9.5
67222,Motorcycle,1,Motorcycle / 3-wheel vehicle,opposite,62.3%,752.493,753.293,0.8,22.5
67033,Pickup / Micro Truck,4,Pickup / micro truck / delivery,normal,39.0%,756.243,752.593,3.65,4.9
67224,Motorcycle,1,Motorcycle / 3-wheel vehicle,opposite,86.8%,752.743,753.593,0.85,21.2
67156,Public Transportation (Angkot),3,Medium passenger vehicle,opposite,72.5%,752.793,753.893,1.1,16.4
67298,Motorcycle,1,Motorcycle / 3-wheel vehicle,opposite,88.0%,753.943,755.043,1.1,16.4
67322,Motorcycle,1,Motorcycle / 3-wheel vehicle,opposite,63.3%,753.993,754.893,0.9,20.0
67205,Motorcycle,1,Motorcycle / 3-wheel vehicle,normal,90.8%,756.793,754.143,2.65,6.8
67279,Car / Sedan,2,Sedan / jeep / station wagon,normal,90.4%,758.643,755.793,2.85,6.3
67668,Motorcycle,1,Motorcycle / 3-wheel vehicle,opposite,83.1%,758.393,759.243,0.85,21.2
67782,Car / Sedan,2,Sedan / jeep / station wagon,opposite,93.1%,759.993,760.843,0.85,21.2
67856,Motorcycle,1,Motorcycle / 3-wheel vehicle,normal,70.1%,761.992,760.043,1.95,9.2
67626,Car / Sedan,2,Sedan / jeep / station wagon,normal,91.1%,762.043,760.193,1.85,9.7
67862,Public Transportation (Angkot),3,Medium passenger vehicle,opposite,93.2%,760.843,762.143,1.3,13.8
67777,Car / Sedan,2,Sedan / jeep / station wagon,normal,88.2%,763.542,761.643,1.9,9.5
67981,Motorcycle,1,Motorcycle / 3-wheel vehicle,opposite,87.4%,761.692,762.692,1.0,18.0
68005,Motorcycle,1,Motorcycle / 3-wheel vehicle,opposite,88.6%,761.793,762.842,1.05,17.1
68062,Motorcycle,1,Motorcycle / 3-wheel vehicle,normal,80.5%,764.592,762.492,2.1,8.6
68116,Motorcycle,1,Motorcycle / 3-wheel vehicle,opposite,87.8%,762.792,763.742,0.95,18.9
68140,Car / Sedan,2,Sedan / jeep / station wagon,normal,40.2%,766.642,763.042,3.6,5.0
68179,Motorcycle,1,Motorcycle / 3-wheel vehicle,opposite,80.6%,763.342,764.292,0.95,18.9
68139,Pickup / Micro Truck,4,Pickup / micro truck / delivery,opposite,46.6%,763.492,764.642,1.15,15.7
68309,Motorcycle,1,Motorcycle / 3-wheel vehicle,normal,76.4%,768.492,764.642,3.85,4.7
68279,Car / Sedan,2,Sedan / jeep / station wagon,opposite,93.2%,765.142,766.292,1.15,15.7
68328,Motorcycle,1,Motorcycle / 3-wheel vehicle,opposite,84.0%,765.342,766.092,0.75,24.0
68363,Motorcycle,1,Motorcycle / 3-wheel vehicle,opposite,85.1%,765.492,766.342,0.85,21.2
68397,Motorcycle,1,Motorcycle / 3-wheel vehicle,opposite,88.3%,766.042,766.842,0.8,22.5
68421,Pickup / Micro Truck,4,Pickup / micro truck / delivery,opposite,92.1%,766.642,767.792,1.15,15.7
68482,Motorcycle,1,Motorcycle / 3-wheel vehicle,opposite,88.0%,766.942,767.592,0.65,27.7
68469,Motorcycle,1,Motorcycle / 3-wheel vehicle,opposite,88.8%,767.542,768.292,0.75,24.0
68409,Motorcycle,1,Motorcycle / 3-wheel vehicle,normal,82.5%,771.192,767.542,3.65,4.9
68575,Car / Sedan,2,Sedan / jeep / station wagon,opposite,93.1%,768.592,769.592,1.0,18.0
68617,Car / Sedan,2,Sedan / jeep / station wagon,opposite,91.5%,769.242,770.642,1.4,12.9
68866,Motorcycle,1,Motorcycle / 3-wheel vehicle,opposite,76.1%,771.342,772.542,1.2,15.0
68905,Motorcycle,1,Motorcycle / 3-wheel vehicle,opposite,68.7%,771.942,773.192,1.25,14.4
68875,Car / Sedan,2,Sedan / jeep / station wagon,opposite,93.0%,772.192,773.492,1.3,13.8
69005,Motorcycle,1,Motorcycle / 3-wheel vehicle,opposite,76.2%,772.842,774.092,1.25,14.4
69048,Motorcycle,1,Motorcycle / 3-wheel vehicle,opposite,86.3%,773.242,774.292,1.05,17.1
69035,Car / Sedan,2,Sedan / jeep / station wagon,opposite,93.4%,773.592,774.792,1.2,15.0
69180,Car / Sedan,2,Sedan / jeep / station wagon,opposite,66.1%,774.891,776.141,1.25,14.4
69202,Motorcycle,1,Motorcycle / 3-wheel vehicle,opposite,89.1%,775.341,776.291,0.95,18.9
69293,Motorcycle,1,Motorcycle / 3-wheel vehicle,opposite,74.3%,776.341,777.391,1.05,17.1
68940,Car / Sedan,2,Sedan / jeep / station wagon,opposite,87.7%,777.041,779.341,2.3,7.8
69386,Motorcycle,1,Motorcycle / 3-wheel vehicle,opposite,67.4%,777.141,778.141,1.0,18.0
69420,Motorcycle,1,Motorcycle / 3-wheel vehicle,opposite,67.0%,778.491,779.541,1.05,17.1
69504,Motorcycle,1,Motorcycle / 3-wheel vehicle,opposite,48.1%,778.491,780.491,2.0,9.0
69557,Motorcycle,1,Motorcycle / 3-wheel vehicle,opposite,78.1%,779.041,780.691,1.65,10.9
69374,Motorcycle,1,Motorcycle / 3-wheel vehicle,opposite,84.0%,779.191,780.891,1.7,10.6
69575,Motorcycle,1,Motorcycle / 3-wheel vehicle,opposite,47.5%,779.391,780.591,1.2,15.0
69662,Motorcycle,1,Motorcycle / 3-wheel vehicle,opposite,69.0%,780.191,781.491,1.3,13.8
69546,Car / Sedan,2,Sedan / jeep / station wagon,opposite,93.0%,780.841,783.191,2.35,7.7
69765,Motorcycle,1,Motorcycle / 3-wheel vehicle,opposite,82.2%,781.441,782.741,1.3,13.8
69771,2-Axle Truck (Jumbo),6,2-Axle Truck,opposite,92.4%,783.341,785.541,2.2,8.2
69964,Motorcycle,1,Motorcycle / 3-wheel vehicle,opposite,73.7%,784.541,785.891,1.35,13.3
69910,Motorcycle,1,Motorcycle / 3-wheel vehicle,opposite,89.0%,784.691,786.641,1.95,9.2
70082,Public Transportation (Angkot),3,Medium passenger vehicle,opposite,93.0%,787.641,789.44,1.8,10.0
70121,Pickup / Micro Truck,4,Pickup / micro truck / delivery,normal,73.2%,792.19,788.341,3.85,4.7
70252,Motorcycle,1,Motorcycle / 3-wheel vehicle,opposite,71.1%,788.99,790.64,1.65,10.9
70333,Car / Sedan,2,Sedan / jeep / station wagon,opposite,88.8%,790.14,791.94,1.8,10.0
70419,Motorcycle,1,Motorcycle / 3-wheel vehicle,opposite,67.6%,790.59,792.44,1.85,9.7
70482,Bus,5,Bus,normal,88.9%,794.79,791.89,2.9,6.2
70610,Car / Sedan,2,Sedan / jeep / station wagon,opposite,93.6%,793.29,796.29,3.0,6.0
70746,Motorcycle,1,Motorcycle / 3-wheel vehicle,opposite,93.6%,795.19,797.79,2.6,6.9
70937,Motorcycle,1,Motorcycle / 3-wheel vehicle,opposite,61.3%,796.29,798.49,2.2,8.2
70947,Car / Sedan,2,Sedan / jeep / station wagon,opposite,93.1%,797.29,804.489,7.199,2.5
70785,Car / Sedan,2,Sedan / jeep / station wagon,normal,89.6%,799.94,797.74,2.2,8.2
71189,Motorcycle,1,Motorcycle / 3-wheel vehicle,opposite,84.0%,798.79,801.34,2.55,7.1
71211,Car / Sedan,2,Sedan / jeep / station wagon,opposite,56.2%,800.34,802.739,2.4,7.5
71413,Motorcycle,1,Motorcycle / 3-wheel vehicle,opposite,77.5%,801.24,804.739,3.5,5.1
71181,Car / Sedan,2,Sedan / jeep / station wagon,opposite,93.5%,802.389,808.089,5.7,3.2
71575,Car / Sedan,2,Sedan / jeep / station wagon,normal,87.2%,806.639,804.389,2.25,8.0
71929,Motorcycle,1,Motorcycle / 3-wheel vehicle,normal,61.1%,808.139,807.139,1.0,18.0
71975,Motorcycle,1,Motorcycle / 3-wheel vehicle,normal,83.2%,808.489,807.539,0.95,18.9
71923,Motorcycle,1,Motorcycle / 3-wheel vehicle,opposite,85.8%,807.889,809.639,1.75,10.3
71870,Motorcycle,1,Motorcycle / 3-wheel vehicle,opposite,82.5%,807.939,811.539,3.6,5.0
71543,Car / Sedan,2,Sedan / jeep / station wagon,opposite,92.8%,808.139,811.139,3.0,6.0
72127,Motorcycle,1,Motorcycle / 3-wheel vehicle,normal,67.4%,810.339,808.989,1.35,13.3
72134,Motorcycle,1,Motorcycle / 3-wheel vehicle,opposite,84.7%,809.939,811.939,2.0,9.0
72162,Motorcycle,1,Motorcycle / 3-wheel vehicle,opposite,83.1%,809.989,812.139,2.15,8.4
72028,Car / Sedan,2,Sedan / jeep / station wagon,opposite,93.7%,810.789,813.489,2.7,6.7
72321,Motorcycle,1,Motorcycle / 3-wheel vehicle,opposite,85.2%,811.489,813.189,1.7,10.6
72606,Motorcycle,1,Motorcycle / 3-wheel vehicle,normal,62.0%,816.688,813.789,2.9,6.2
72478,Car / Sedan,2,Sedan / jeep / station wagon,opposite,93.3%,814.438,816.888,2.45,7.3
72707,Motorcycle,1,Motorcycle / 3-wheel vehicle,opposite,88.0%,814.788,815.738,0.95,18.9
72702,Motorcycle,1,Motorcycle / 3-wheel vehicle,normal,67.7%,818.088,815.688,2.4,7.5
72761,Motorcycle,1,Motorcycle / 3-wheel vehicle,opposite,81.1%,816.288,817.788,1.5,12.0
72880,Motorcycle,1,Motorcycle / 3-wheel vehicle,opposite,90.3%,817.488,818.838,1.35,13.3
72940,Motorcycle,1,Motorcycle / 3-wheel vehicle,opposite,59.4%,817.588,818.488,0.9,20.0
72926,Motorcycle,1,Motorcycle / 3-wheel vehicle,opposite,80.7%,818.238,819.938,1.7,10.6
73210,Motorcycle,1,Motorcycle / 3-wheel vehicle,opposite,74.4%,820.638,821.838,1.2,15.0
73116,Pickup / Micro Truck,4,Pickup / micro truck / delivery,opposite,87.1%,820.688,822.588,1.9,9.5
73185,Motorcycle,1,Motorcycle / 3-wheel vehicle,opposite,86.8%,821.288,823.438,2.15,8.4
72878,Motorcycle,1,Motorcycle / 3-wheel vehicle,normal,65.0%,821.888,824.588,2.7,6.7
73378,Car / Sedan,2,Sedan / jeep / station wagon,opposite,93.0%,823.538,825.338,1.8,10.0
73257,Car / Sedan,2,Sedan / jeep / station wagon,normal,62.5%,825.888,824.088,1.8,10.0
73503,Car / Sedan,2,Sedan / jeep / station wagon,opposite,93.3%,824.738,826.238,1.5,12.0
73596,Motorcycle,1,Motorcycle / 3-wheel vehicle,normal,74.6%,827.088,825.688,1.4,12.9
73627,Motorcycle,1,Motorcycle / 3-wheel vehicle,normal,73.9%,827.837,826.638,1.2,15.0
73755,Motorcycle,1,Motorcycle / 3-wheel vehicle,normal,75.6%,828.337,826.938,1.4,12.9
73756,Motorcycle,1,Motorcycle / 3-wheel vehicle,opposite,72.1%,827.038,828.087,1.05,17.1
73848,Motorcycle,1,Motorcycle / 3-wheel vehicle,normal,78.9%,828.987,827.587,1.4,12.9
73878,2-Axle Truck (Jumbo),6,2-Axle Truck,normal,90.4%,829.837,828.188,1.65,10.9
73921,Motorcycle,1,Motorcycle / 3-wheel vehicle,opposite,89.6%,828.288,829.287,1.0,18.0
74092,Pickup / Micro Truck,4,Pickup / micro truck / delivery,opposite,92.4%,830.137,831.237,1.1,16.4
74452,Motorcycle,1,Motorcycle / 3-wheel vehicle,normal,82.6%,835.687,833.237,2.45,7.3
74446,Car / Sedan,2,Sedan / jeep / station wagon,normal,84.3%,835.137,834.037,1.1,16.4
74537,Motorcycle,1,Motorcycle / 3-wheel vehicle,normal,85.3%,836.137,835.087,1.05,17.1
74472,Public Transportation (Angkot),3,Medium passenger vehicle,normal,91.0%,837.437,835.837,1.6,11.3
74587,Motorcycle,1,Motorcycle / 3-wheel vehicle,normal,76.6%,836.837,835.887,0.95,18.9
74819,Motorcycle,1,Motorcycle / 3-wheel vehicle,normal,84.1%,839.087,837.437,1.65,10.9
74777,Car / Sedan,2,Sedan / jeep / station wagon,normal,91.3%,839.187,838.187,1.0,18.0
75036,Motorcycle,1,Motorcycle / 3-wheel vehicle,normal,84.7%,840.837,839.687,1.15,15.7
74958,Motorcycle,1,Motorcycle / 3-wheel vehicle,normal,85.7%,840.886,839.837,1.05,17.1
75154,Motorcycle,1,Motorcycle / 3-wheel vehicle,normal,85.0%,843.286,841.636,1.65,10.9
75039,Motorcycle,1,Motorcycle / 3-wheel vehicle,normal,85.6%,843.436,842.136,1.3,13.8
75223,Motorcycle,1,Motorcycle / 3-wheel vehicle,normal,85.2%,844.436,843.436,1.0,18.0
75195,Car / Sedan,2,Sedan / jeep / station wagon,normal,92.0%,845.386,844.236,1.15,15.7
75393,Motorcycle,1,Motorcycle / 3-wheel vehicle,normal,83.1%,846.486,845.286,1.2,15.0
75406,Car / Sedan,2,Sedan / jeep / station wagon,normal,91.2%,847.336,846.386,0.95,18.9
75496,Motorcycle,1,Motorcycle / 3-wheel vehicle,normal,86.4%,848.386,847.436,0.95,18.9
75605,Motorcycle,1,Motorcycle / 3-wheel vehicle,normal,84.5%,848.986,847.936,1.05,17.1
75656,Motorcycle,1,Motorcycle / 3-wheel vehicle,normal,73.6%,849.436,848.336,1.1,16.4
75661,2-Axle Truck (Jumbo),6,2-Axle Truck,normal,92.7%,850.286,849.386,0.9,20.0
75579,Public Transportation (Angkot),3,Medium passenger vehicle,normal,84.3%,851.786,850.136,1.65,10.9
75847,Motorcycle,1,Motorcycle / 3-wheel vehicle,normal,78.7%,851.186,850.236,0.95,18.9
75956,Motorcycle,1,Motorcycle / 3-wheel vehicle,opposite,89.9%,851.086,851.686,0.6,30.0
75965,Motorcycle,1,Motorcycle / 3-wheel vehicle,normal,80.3%,852.336,851.386,0.95,18.9
76007,Motorcycle,1,Motorcycle / 3-wheel vehicle,normal,77.0%,852.786,851.786,1.0,18.0
76049,Motorcycle,1,Motorcycle / 3-wheel vehicle,normal,84.3%,853.236,852.236,1.0,18.0
75921,Motorcycle,1,Motorcycle / 3-wheel vehicle,normal,83.2%,853.836,852.886,0.95,18.9
76103,Pickup / Micro Truck,4,Pickup / micro truck / delivery,normal,41.2%,856.035,852.936,3.1,5.8
76138,Motorcycle,1,Motorcycle / 3-wheel vehicle,normal,79.8%,854.635,853.486,1.15,15.7
76182,Motorcycle,1,Motorcycle / 3-wheel vehicle,opposite,73.6%,853.936,855.186,1.25,14.4
76028,Car / Sedan,2,Sedan / jeep / station wagon,normal,89.3%,855.285,853.986,1.3,13.8
76281,Motorcycle,1,Motorcycle / 3-wheel vehicle,normal,78.4%,855.485,854.836,0.65,27.7
76305,Motorcycle,1,Motorcycle / 3-wheel vehicle,normal,76.7%,856.285,854.936,1.35,13.3
76317,Motorcycle,1,Motorcycle / 3-wheel vehicle,opposite,64.2%,855.285,856.385,1.1,16.4
76349,Motorcycle,1,Motorcycle / 3-wheel vehicle,normal,84.3%,856.635,855.385,1.25,14.4
76379,Motorcycle,1,Motorcycle / 3-wheel vehicle,normal,85.6%,857.535,856.235,1.3,13.8
76513,Motorcycle,1,Motorcycle / 3-wheel vehicle,normal,84.5%,858.985,857.335,1.65,10.9
76557,Motorcycle,1,Motorcycle / 3-wheel vehicle,opposite,73.4%,857.485,858.885,1.4,12.9
76603,Motorcycle,1,Motorcycle / 3-wheel vehicle,normal,83.6%,859.585,858.485,1.1,16.4
76719,Motorcycle,1,Motorcycle / 3-wheel vehicle,normal,84.5%,861.585,859.035,2.55,7.1
76495,Public Transportation (Angkot),3,Medium passenger vehicle,normal,91.1%,867.035,861.885,5.15,3.5
77082,Motorcycle,1,Motorcycle / 3-wheel vehicle,normal,85.6%,865.735,863.035,2.7,6.7
77049,Motorcycle,1,Motorcycle / 3-wheel vehicle,opposite,85.5%,864.185,866.135,1.95,9.2
77075,Motorcycle,1,Motorcycle / 3-wheel vehicle,opposite,89.9%,864.885,866.735,1.85,9.7
77350,Motorcycle,1,Motorcycle / 3-wheel vehicle,opposite,71.2%,865.985,866.985,1.0,18.0
77341,Pickup / Micro Truck,4,Pickup / micro truck / delivery,opposite,90.2%,867.385,869.234,1.85,9.7
77636,Motorcycle,1,Motorcycle / 3-wheel vehicle,normal,69.0%,871.534,869.284,2.25,8.0
77777,Motorcycle,1,Motorcycle / 3-wheel vehicle,normal,72.6%,873.084,871.584,1.5,12.0
77960,Car / Sedan,2,Sedan / jeep / station wagon,normal,91.5%,875.984,874.984,1.0,18.0
78078,Motorcycle,1,Motorcycle / 3-wheel vehicle,opposite,77.5%,875.184,875.884,0.7,25.7
78030,Car / Sedan,2,Sedan / jeep / station wagon,normal,91.7%,877.284,876.384,0.9,20.0
78227,Motorcycle,1,Motorcycle / 3-wheel vehicle,opposite,87.3%,877.234,877.834,0.6,30.0
78228,Motorcycle,1,Motorcycle / 3-wheel vehicle,normal,63.6%,879.684,877.384,2.3,7.8
78172,Public Transportation (Angkot),3,Medium passenger vehicle,normal,83.7%,882.033,879.334,2.7,6.7
78461,Motorcycle,1,Motorcycle / 3-wheel vehicle,normal,83.4%,880.933,880.234,0.7,25.7
78473,Motorcycle,1,Motorcycle / 3-wheel vehicle,normal,86.1%,881.683,880.784,0.9,20.0
78664,Motorcycle,1,Motorcycle / 3-wheel vehicle,opposite,88.5%,881.534,882.033,0.5,36.0
78730,Motorcycle,1,Motorcycle / 3-wheel vehicle,normal,85.0%,882.833,882.233,0.6,30.0
78709,Motorcycle,1,Motorcycle / 3-wheel vehicle,normal,74.1%,884.333,882.583,1.75,10.3
78850,Motorcycle,1,Motorcycle / 3-wheel vehicle,opposite,89.5%,883.483,883.983,0.5,36.0
78845,Motorcycle,1,Motorcycle / 3-wheel vehicle,normal,58.8%,885.533,883.533,2.0,9.0
78838,Motorcycle,1,Motorcycle / 3-wheel vehicle,normal,84.7%,885.083,884.183,0.9,20.0
79040,Motorcycle,1,Motorcycle / 3-wheel vehicle,opposite,89.1%,885.483,886.033,0.55,32.7
79102,Motorcycle,1,Motorcycle / 3-wheel vehicle,normal,87.1%,888.233,887.033,1.2,15.0
79133,Motorcycle,1,Motorcycle / 3-wheel vehicle,opposite,75.9%,887.183,887.783,0.6,30.0
79058,Motorcycle,1,Motorcycle / 3-wheel vehicle,opposite,90.5%,887.733,890.083,2.35,7.7
79180,Motorcycle,1,Motorcycle / 3-wheel vehicle,opposite,87.8%,887.733,888.233,0.5,36.0
79232,Pickup / Micro Truck,4,Pickup / micro truck / delivery,opposite,92.0%,888.683,889.483,0.8,22.5
78921,Public Transportation (Angkot),3,Medium passenger vehicle,normal,86.6%,890.833,889.133,1.7,10.6
79155,Motorcycle,1,Motorcycle / 3-wheel vehicle,opposite,86.7%,889.183,890.983,1.8,10.0
79334,Motorcycle,1,Motorcycle / 3-wheel vehicle,opposite,68.5%,889.233,889.783,0.55,32.7
79340,Motorcycle,1,Motorcycle / 3-wheel vehicle,opposite,88.2%,889.483,890.133,0.65,27.7
79382,Motorcycle,1,Motorcycle / 3-wheel vehicle,normal,65.5%,890.683,889.833,0.85,21.2
79432,Motorcycle,1,Motorcycle / 3-wheel vehicle,normal,74.1%,891.333,890.483,0.85,21.2
79462,Motorcycle,1,Motorcycle / 3-wheel vehicle,opposite,71.6%,891.233,892.083,0.85,21.2
79504,Motorcycle,1,Motorcycle / 3-wheel vehicle,opposite,89.1%,891.483,892.283,0.8,22.5
79585,Motorcycle,1,Motorcycle / 3-wheel vehicle,opposite,88.9%,892.433,893.183,0.75,24.0
79611,Motorcycle,1,Motorcycle / 3-wheel vehicle,normal,85.1%,894.232,892.983,1.25,14.4
79688,Motorcycle,1,Motorcycle / 3-wheel vehicle,opposite,88.9%,893.533,894.183,0.65,27.7
79697,Motorcycle,1,Motorcycle / 3-wheel vehicle,opposite,88.8%,893.683,894.232,0.55,32.7
79777,Motorcycle,1,Motorcycle / 3-wheel vehicle,opposite,83.5%,894.982,895.682,0.7,25.7
79793,Motorcycle,1,Motorcycle / 3-wheel vehicle,opposite,88.1%,895.282,895.982,0.7,25.7
79905,Motorcycle,1,Motorcycle / 3-wheel vehicle,opposite,88.2%,896.682,897.232,0.55,32.7
79887,Motorcycle,1,Motorcycle / 3-wheel vehicle,opposite,88.6%,896.782,897.382,0.6,30.0
79917,Motorcycle,1,Motorcycle / 3-wheel vehicle,opposite,64.7%,896.932,897.732,0.8,22.5
79890,Car / Sedan,2,Sedan / jeep / station wagon,normal,91.0%,898.532,897.632,0.9,20.0
79966,Motorcycle,1,Motorcycle / 3-wheel vehicle,opposite,87.6%,897.732,898.382,0.65,27.7
79998,Motorcycle,1,Motorcycle / 3-wheel vehicle,opposite,55.0%,898.132,898.882,0.75,24.0
80022,Motorcycle,1,Motorcycle / 3-wheel vehicle,opposite,85.3%,898.332,898.932,0.6,30.0
80010,Motorcycle,1,Motorcycle / 3-wheel vehicle,opposite,89.2%,899.032,899.582,0.55,32.7
80149,Motorcycle,1,Motorcycle / 3-wheel vehicle,normal,85.0%,900.582,899.632,0.95,18.9
80162,Motorcycle,1,Motorcycle / 3-wheel vehicle,opposite,90.1%,899.932,900.682,0.75,24.0
80153,Car / Sedan,2,Sedan / jeep / station wagon,normal,91.9%,901.282,900.482,0.8,22.5
80278,Motorcycle,1,Motorcycle / 3-wheel vehicle,opposite,78.4%,901.532,902.282,0.75,24.0
80324,Motorcycle,1,Motorcycle / 3-wheel vehicle,opposite,88.0%,902.332,903.032,0.7,25.7
80348,Motorcycle,1,Motorcycle / 3-wheel vehicle,opposite,89.3%,902.332,902.982,0.65,27.7
80341,Motorcycle,1,Motorcycle / 3-wheel vehicle,normal,82.2%,903.632,902.382,1.25,14.4
80349,Motorcycle,1,Motorcycle / 3-wheel vehicle,opposite,83.9%,902.432,903.232,0.8,22.5
80394,Motorcycle,1,Motorcycle / 3-wheel vehicle,opposite,82.9%,902.982,903.632,0.65,27.7
80407,Motorcycle,1,Motorcycle / 3-wheel vehicle,opposite,87.5%,903.282,904.132,0.85,21.2
80417,Motorcycle,1,Motorcycle / 3-wheel vehicle,opposite,89.1%,903.282,904.032,0.75,24.0
80386,Motorcycle,1,Motorcycle / 3-wheel vehicle,opposite,86.9%,903.532,904.182,0.65,27.7
80367,Car / Sedan,2,Sedan / jeep / station wagon,normal,89.7%,905.232,904.132,1.1,16.4
80492,Motorcycle,1,Motorcycle / 3-wheel vehicle,opposite,74.6%,904.432,905.082,0.65,27.7
80524,Motorcycle,1,Motorcycle / 3-wheel vehicle,opposite,87.6%,904.982,905.682,0.7,25.7
80540,Motorcycle,1,Motorcycle / 3-wheel vehicle,normal,76.5%,907.532,905.132,2.4,7.5
80601,Motorcycle,1,Motorcycle / 3-wheel vehicle,opposite,82.1%,906.282,907.131,0.85,21.2
80605,Motorcycle,1,Motorcycle / 3-wheel vehicle,opposite,87.4%,906.282,907.032,0.75,24.0
80680,Car / Sedan,2,Sedan / jeep / station wagon,opposite,92.9%,907.231,907.981,0.75,24.0
80725,Motorcycle,1,Motorcycle / 3-wheel vehicle,opposite,87.5%,907.731,908.481,0.75,24.0
80797,Motorcycle,1,Motorcycle / 3-wheel vehicle,opposite,89.4%,908.331,908.981,0.65,27.7
80814,Motorcycle,1,Motorcycle / 3-wheel vehicle,opposite,87.8%,908.631,909.381,0.75,24.0
80888,Motorcycle,1,Motorcycle / 3-wheel vehicle,opposite,69.0%,909.931,910.681,0.75,24.0
81013,Motorcycle,1,Motorcycle / 3-wheel vehicle,opposite,52.6%,910.781,911.681,0.9,20.0
81059,Motorcycle,1,Motorcycle / 3-wheel vehicle,opposite,61.5%,911.231,911.881,0.65,27.7
81035,Car / Sedan,2,Sedan / jeep / station wagon,opposite,91.5%,911.281,912.081,0.8,22.5
81080,Motorcycle,1,Motorcycle / 3-wheel vehicle,opposite,90.3%,911.531,912.281,0.75,24.0
81086,Motorcycle,1,Motorcycle / 3-wheel vehicle,opposite,80.2%,911.531,912.381,0.85,21.2
81121,Motorcycle,1,Motorcycle / 3-wheel vehicle,opposite,74.1%,912.031,912.781,0.75,24.0
81177,Motorcycle,1,Motorcycle / 3-wheel vehicle,opposite,87.1%,912.431,913.231,0.8,22.5
81213,Motorcycle,1,Motorcycle / 3-wheel vehicle,opposite,84.2%,912.981,913.781,0.8,22.5
80882,Public Transportation (Angkot),3,Medium passenger vehicle,opposite,92.4%,913.181,915.481,2.3,7.8
81283,Motorcycle,1,Motorcycle / 3-wheel vehicle,opposite,86.4%,913.881,914.681,0.8,22.5
81396,Motorcycle,1,Motorcycle / 3-wheel vehicle,opposite,89.0%,914.881,915.631,0.75,24.0
81384,Motorcycle,1,Motorcycle / 3-wheel vehicle,opposite,85.1%,915.531,916.181,0.65,27.7
81409,Car / Sedan,2,Sedan / jeep / station wagon,opposite,93.1%,915.631,917.081,1.45,12.4
81527,Motorcycle,1,Motorcycle / 3-wheel vehicle,normal,82.6%,916.981,915.681,1.3,13.8
81473,Motorcycle,1,Motorcycle / 3-wheel vehicle,opposite,66.5%,915.981,916.631,0.65,27.7
81610,Motorcycle,1,Motorcycle / 3-wheel vehicle,opposite,82.5%,916.681,917.581,0.9,20.0
81608,Motorcycle,1,Motorcycle / 3-wheel vehicle,opposite,88.1%,916.881,917.781,0.9,20.0
81736,Motorcycle,1,Motorcycle / 3-wheel vehicle,opposite,89.7%,917.581,918.381,0.8,22.5
81666,Car / Sedan,2,Sedan / jeep / station wagon,opposite,93.6%,917.831,919.131,1.3,13.8
81795,Motorcycle,1,Motorcycle / 3-wheel vehicle,opposite,85.3%,918.131,919.031,0.9,20.0
81812,Motorcycle,1,Motorcycle / 3-wheel vehicle,opposite,74.9%,918.781,919.681,0.9,20.0
81806,Car / Sedan,2,Sedan / jeep / station wagon,normal,85.5%,921.53,919.031,2.5,7.2
81906,Motorcycle,1,Motorcycle / 3-wheel vehicle,opposite,88.8%,919.481,920.28,0.8,22.5
81947,Motorcycle,1,Motorcycle / 3-wheel vehicle,normal,82.4%,921.98,920.031,1.95,9.2
81938,Motorcycle,1,Motorcycle / 3-wheel vehicle,opposite,90.0%,920.63,921.83,1.2,15.0
82029,Motorcycle,1,Motorcycle / 3-wheel vehicle,opposite,82.1%,920.731,921.481,0.75,24.0
82106,Motorcycle,1,Motorcycle / 3-wheel vehicle,opposite,89.6%,921.88,922.68,0.8,22.5
82199,Car / Sedan,2,Sedan / jeep / station wagon,opposite,92.9%,923.18,924.18,1.0,18.0
82228,Motorcycle,1,Motorcycle / 3-wheel vehicle,opposite,89.3%,923.38,924.18,0.8,22.5
82270,Motorcycle,1,Motorcycle / 3-wheel vehicle,opposite,88.5%,924.03,924.88,0.85,21.2
82320,Motorcycle,1,Motorcycle / 3-wheel vehicle,normal,75.8%,925.83,924.28,1.55,11.6
82302,Motorcycle,1,Motorcycle / 3-wheel vehicle,opposite,86.6%,924.53,925.48,0.95,18.9
82407,Car / Sedan,2,Sedan / jeep / station wagon,opposite,93.5%,925.88,926.88,1.0,18.0
82520,Motorcycle,1,Motorcycle / 3-wheel vehicle,opposite,87.8%,926.78,927.73,0.95,18.9
82489,Pickup / Micro Truck,4,Pickup / micro truck / delivery,normal,62.6%,927.58,926.78,0.8,22.5
82539,Motorcycle,1,Motorcycle / 3-wheel vehicle,opposite,67.5%,926.93,927.83,0.9,20.0
82558,Motorcycle,1,Motorcycle / 3-wheel vehicle,opposite,88.4%,927.28,928.28,1.0,18.0
82635,Motorcycle,1,Motorcycle / 3-wheel vehicle,opposite,55.5%,928.03,929.08,1.05,17.1
82661,Motorcycle,1,Motorcycle / 3-wheel vehicle,opposite,63.7%,928.38,929.33,0.95,18.9
82998,Car / Sedan,2,Sedan / jeep / station wagon,opposite,93.0%,932.78,934.179,1.4,12.9
83180,Motorcycle,1,Motorcycle / 3-wheel vehicle,opposite,78.1%,934.429,935.779,1.35,13.3
83133,Motorcycle,1,Motorcycle / 3-wheel vehicle,opposite,80.0%,934.679,935.629,0.95,18.9
83148,Car / Sedan,2,Sedan / jeep / station wagon,normal,90.6%,938.979,935.879,3.1,5.8
83304,Motorcycle,1,Motorcycle / 3-wheel vehicle,opposite,79.4%,935.979,937.379,1.4,12.9
83139,Motorcycle,1,Motorcycle / 3-wheel vehicle,opposite,83.6%,936.479,938.079,1.6,11.3
83448,Motorcycle,1,Motorcycle / 3-wheel vehicle,opposite,90.1%,937.479,938.979,1.5,12.0
83379,Motorcycle,1,Motorcycle / 3-wheel vehicle,opposite,88.5%,937.679,939.279,1.6,11.3
83455,Motorcycle,1,Motorcycle / 3-wheel vehicle,normal,85.2%,939.029,937.779,1.25,14.4
83396,Motorcycle,1,Motorcycle / 3-wheel vehicle,opposite,35.6%,937.879,939.579,1.7,10.6
83653,Motorcycle,1,Motorcycle / 3-wheel vehicle,normal,79.5%,941.129,939.729,1.4,12.9
83548,Car / Sedan,2,Sedan / jeep / station wagon,opposite,56.8%,939.979,941.729,1.75,10.3
83661,Pickup / Micro Truck,4,Pickup / micro truck / delivery,opposite,89.1%,940.579,941.679,1.1,16.4
83718,Motorcycle,1,Motorcycle / 3-wheel vehicle,opposite,88.8%,941.129,942.179,1.05,17.1
83870,Motorcycle,1,Motorcycle / 3-wheel vehicle,opposite,89.2%,942.429,943.379,0.95,18.9
83874,Motorcycle,1,Motorcycle / 3-wheel vehicle,opposite,68.0%,942.429,943.479,1.05,17.1
83983,Motorcycle,1,Motorcycle / 3-wheel vehicle,opposite,85.4%,943.729,944.679,0.95,18.9
83955,Car / Sedan,2,Sedan / jeep / station wagon,opposite,93.7%,944.229,945.829,1.6,11.3
84067,Motorcycle,1,Motorcycle / 3-wheel vehicle,opposite,84.6%,944.679,945.529,0.85,21.2
84055,Motorcycle,1,Motorcycle / 3-wheel vehicle,normal,39.9%,945.429,950.528,5.1,3.5
84184,Motorcycle,1,Motorcycle / 3-wheel vehicle,opposite,90.1%,945.929,946.879,0.95,18.9
84049,Motorcycle,1,Motorcycle / 3-wheel vehicle,opposite,90.8%,946.129,948.078,1.95,9.2
84346,Car / Sedan,2,Sedan / jeep / station wagon,opposite,92.5%,948.028,949.078,1.05,17.1
84396,Motorcycle,1,Motorcycle / 3-wheel vehicle,normal,66.5%,950.828,948.928,1.9,9.5
84405,Motorcycle,1,Motorcycle / 3-wheel vehicle,opposite,79.6%,949.078,950.128,1.05,17.1
84488,Motorcycle,1,Motorcycle / 3-wheel vehicle,opposite,86.3%,949.978,951.028,1.05,17.1
84515,Motorcycle,1,Motorcycle / 3-wheel vehicle,normal,79.8%,952.778,950.378,2.4,7.5
84533,Motorcycle,1,Motorcycle / 3-wheel vehicle,opposite,87.0%,950.578,951.478,0.9,20.0
84524,Motorcycle,1,Motorcycle / 3-wheel vehicle,opposite,89.4%,951.478,953.128,1.65,10.9
84762,Motorcycle,1,Motorcycle / 3-wheel vehicle,normal,83.4%,954.578,953.678,0.9,20.0
84899,2-Axle Truck (Jumbo),6,2-Axle Truck,opposite,91.3%,956.378,957.478,1.1,16.4
84994,Motorcycle,1,Motorcycle / 3-wheel vehicle,opposite,73.0%,957.528,958.378,0.85,21.2
85120,Motorcycle,1,Motorcycle / 3-wheel vehicle,normal,60.2%,959.628,958.228,1.4,12.9
85059,Car / Sedan,2,Sedan / jeep / station wagon,opposite,93.0%,958.628,959.678,1.05,17.1
85142,Bus,5,Bus,normal,52.7%,960.227,959.278,0.95,18.9
85181,Motorcycle,1,Motorcycle / 3-wheel vehicle,opposite,86.4%,959.678,960.977,1.3,13.8
85302,Motorcycle,1,Motorcycle / 3-wheel vehicle,normal,84.0%,961.877,960.827,1.05,17.1
85330,Motorcycle,1,Motorcycle / 3-wheel vehicle,normal,76.0%,962.577,961.427,1.15,15.7
85396,Motorcycle,1,Motorcycle / 3-wheel vehicle,normal,83.8%,963.177,962.077,1.1,16.4
85351,Bus,5,Bus,normal,92.3%,963.677,962.627,1.05,17.1
85509,Bus,5,Bus,normal,89.8%,967.127,966.077,1.05,17.1
85568,Motorcycle,1,Motorcycle / 3-wheel vehicle,opposite,75.2%,966.977,968.727,1.75,10.3
85684,Motorcycle,1,Motorcycle / 3-wheel vehicle,opposite,50.5%,968.577,970.077,1.5,12.0
85922,Motorcycle,1,Motorcycle / 3-wheel vehicle,normal,83.9%,972.727,969.777,2.95,6.1
85847,Motorcycle,1,Motorcycle / 3-wheel vehicle,opposite,86.7%,970.277,972.277,2.0,9.0
85939,Motorcycle,1,Motorcycle / 3-wheel vehicle,normal,86.9%,974.676,971.427,3.25,5.5
86160,Motorcycle,1,Motorcycle / 3-wheel vehicle,opposite,89.1%,972.827,974.177,1.35,13.3
86080,Motorcycle,1,Motorcycle / 3-wheel vehicle,opposite,90.7%,973.726,975.576,1.85,9.7
86338,Motorcycle,1,Motorcycle / 3-wheel vehicle,normal,38.1%,976.526,974.926,1.6,11.3
85994,Car / Sedan,2,Sedan / jeep / station wagon,opposite,93.5%,975.626,977.776,2.15,8.4
86395,Motorcycle,1,Motorcycle / 3-wheel vehicle,opposite,80.7%,975.626,976.876,1.25,14.4
86466,Motorcycle,1,Motorcycle / 3-wheel vehicle,opposite,74.5%,976.426,977.576,1.15,15.7
86570,Motorcycle,1,Motorcycle / 3-wheel vehicle,opposite,64.1%,977.876,979.126,1.25,14.4
86465,Public Transportation (Angkot),3,Medium passenger vehicle,opposite,92.4%,978.026,980.026,2.0,9.0
86464,Car / Sedan,2,Sedan / jeep / station wagon,normal,90.8%,980.076,978.276,1.8,10.0
86536,Car / Sedan,2,Sedan / jeep / station wagon,opposite,93.2%,978.376,980.026,1.65,10.9
86705,Motorcycle,1,Motorcycle / 3-wheel vehicle,opposite,72.4%,979.426,980.976,1.55,11.6
86685,Motorcycle,1,Motorcycle / 3-wheel vehicle,opposite,87.1%,979.476,981.126,1.65,10.9
86775,Motorcycle,1,Motorcycle / 3-wheel vehicle,opposite,87.2%,980.276,981.776,1.5,12.0
86795,Car / Sedan,2,Sedan / jeep / station wagon,opposite,93.6%,981.276,983.026,1.75,10.3
86925,Motorcycle,1,Motorcycle / 3-wheel vehicle,opposite,87.7%,982.026,983.426,1.4,12.9
86984,Public Transportation (Angkot),3,Medium passenger vehicle,opposite,92.8%,983.026,984.776,1.75,10.3
87078,Car / Sedan,2,Sedan / jeep / station wagon,opposite,91.2%,983.976,985.376,1.4,12.9
87134,Car / Sedan,2,Sedan / jeep / station wagon,opposite,89.7%,984.676,986.525,1.85,9.7
87190,Motorcycle,1,Motorcycle / 3-wheel vehicle,opposite,75.0%,984.976,986.326,1.35,13.3
87207,Motorcycle,1,Motorcycle / 3-wheel vehicle,opposite,78.8%,985.376,986.875,1.5,12.0
87305,Motorcycle,1,Motorcycle / 3-wheel vehicle,opposite,85.9%,986.326,987.775,1.45,12.4
87332,Motorcycle,1,Motorcycle / 3-wheel vehicle,opposite,87.4%,986.676,988.125,1.45,12.4
87314,Car / Sedan,2,Sedan / jeep / station wagon,opposite,93.5%,986.976,988.675,1.7,10.6
87396,Car / Sedan,2,Sedan / jeep / station wagon,normal,73.8%,991.175,987.925,3.25,5.5
87513,Public Transportation (Angkot),3,Medium passenger vehicle,opposite,93.4%,989.375,990.925,1.55,11.6
87542,Car / Sedan,2,Sedan / jeep / station wagon,opposite,91.5%,989.975,991.425,1.45,12.4
87594,Motorcycle,1,Motorcycle / 3-wheel vehicle,opposite,88.2%,990.025,991.575,1.55,11.6
87619,3-Axle Truck (Jumbo),7,3-Axle Truck,normal,36.2%,991.625,990.625,1.0,18.0
87668,Motorcycle,1,Motorcycle / 3-wheel vehicle,opposite,88.0%,991.025,992.325,1.3,13.8
87682,Motorcycle,1,Motorcycle / 3-wheel vehicle,opposite,76.5%,991.125,992.375,1.25,14.4
87800,Motorcycle,1,Motorcycle / 3-wheel vehicle,normal,84.2%,994.175,992.525,1.65,10.9
87813,Pickup / Micro Truck,4,Pickup / micro truck / delivery,opposite,92.3%,993.225,994.525,1.3,13.8
87910,Car / Sedan,2,Sedan / jeep / station wagon,opposite,93.4%,993.425,995.125,1.7,10.6
88059,Motorcycle,1,Motorcycle / 3-wheel vehicle,opposite,68.6%,995.275,996.325,1.05,17.1
88006,Public Transportation (Angkot),3,Medium passenger vehicle,opposite,91.6%,995.375,996.825,1.45,12.4
88110,Car / Sedan,2,Sedan / jeep / station wagon,opposite,92.1%,996.275,997.625,1.35,13.3
88263,Motorcycle,1,Motorcycle / 3-wheel vehicle,normal,81.2%,999.175,997.575,1.6,11.3
88248,Car / Sedan,2,Sedan / jeep / station wagon,opposite,93.2%,997.925,999.275,1.35,13.3
88323,3-Axle Truck (Jumbo),7,3-Axle Truck,normal,72.9%,1000.574,999.225,1.35,13.3
88352,Car / Sedan,2,Sedan / jeep / station wagon,opposite,93.5%,999.425,1000.774,1.35,13.3
88436,Motorcycle,1,Motorcycle / 3-wheel vehicle,opposite,88.3%,1000.324,1001.374,1.05,17.1
88488,Motorcycle,1,Motorcycle / 3-wheel vehicle,normal,63.2%,1001.874,1000.524,1.35,13.3
88403,Car / Sedan,2,Sedan / jeep / station wagon,normal,91.4%,1002.724,1001.324,1.4,12.9
88532,Motorcycle,1,Motorcycle / 3-wheel vehicle,opposite,85.3%,1001.524,1002.824,1.3,13.8
88540,Car / Sedan,2,Sedan / jeep / station wagon,opposite,93.5%,1002.024,1003.424,1.4,12.9
88590,Motorcycle,1,Motorcycle / 3-wheel vehicle,normal,80.3%,1003.574,1002.274,1.3,13.8
88536,Car / Sedan,2,Sedan / jeep / station wagon,normal,70.9%,1004.374,1003.024,1.35,13.3
88628,Car / Sedan,2,Sedan / jeep / station wagon,normal,91.3%,1006.074,1004.724,1.35,13.3
88816,Car / Sedan,2,Sedan / jeep / station wagon,opposite,92.6%,1005.824,1007.524,1.7,10.6
89006,Motorcycle,1,Motorcycle / 3-wheel vehicle,normal,47.8%,1009.474,1007.274,2.2,8.2
89206,Motorcycle,1,Motorcycle / 3-wheel vehicle,normal,82.5%,1012.424,1009.224,3.2,5.6
89168,Car / Sedan,2,Sedan / jeep / station wagon,opposite,93.6%,1009.974,1011.474,1.5,12.0
89322,Car / Sedan,2,Sedan / jeep / station wagon,opposite,93.5%,1011.674,1013.223,1.55,11.6
89318,Motorcycle,1,Motorcycle / 3-wheel vehicle,opposite,84.0%,1011.874,1013.923,2.05,8.8
89539,Motorcycle,1,Motorcycle / 3-wheel vehicle,opposite,79.7%,1013.423,1014.673,1.25,14.4
89007,Motorcycle,1,Motorcycle / 3-wheel vehicle,opposite,89.4%,1013.473,1015.573,2.1,8.6
89599,Motorcycle,1,Motorcycle / 3-wheel vehicle,opposite,88.9%,1013.923,1015.023,1.1,16.4
89483,Motorcycle,1,Motorcycle / 3-wheel vehicle,opposite,89.8%,1014.273,1016.223,1.95,9.2
89699,Motorcycle,1,Motorcycle / 3-wheel vehicle,opposite,83.4%,1014.523,1016.573,2.05,8.8
89600,Car / Sedan,2,Sedan / jeep / station wagon,normal,62.6%,1016.973,1014.923,2.05,8.8
89714,Motorcycle,1,Motorcycle / 3-wheel vehicle,opposite,68.6%,1015.173,1017.373,2.2,8.2
89771,Motorcycle,1,Motorcycle / 3-wheel vehicle,opposite,89.7%,1016.423,1018.573,2.15,8.4
89938,Motorcycle,1,Motorcycle / 3-wheel vehicle,opposite,88.2%,1017.173,1018.273,1.1,16.4
89898,Car / Sedan,2,Sedan / jeep / station wagon,normal,87.0%,1019.523,1017.773,1.75,10.3
90321,Motorcycle,1,Motorcycle / 3-wheel vehicle,opposite,91.3%,1022.523,1023.823,1.3,13.8
90396,Motorcycle,1,Motorcycle / 3-wheel vehicle,opposite,88.9%,1023.473,1024.873,1.4,12.9
90418,Car / Sedan,2,Sedan / jeep / station wagon,opposite,93.0%,1024.273,1026.473,2.2,8.2
90550,Motorcycle,1,Motorcycle / 3-wheel vehicle,opposite,74.0%,1024.823,1026.723,1.9,9.5
90621,Motorcycle,1,Motorcycle / 3-wheel vehicle,opposite,81.1%,1025.323,1026.473,1.15,15.7
90754,Motorcycle,1,Motorcycle / 3-wheel vehicle,opposite,89.5%,1026.172,1027.273,1.1,16.4
90761,Car / Sedan,2,Sedan / jeep / station wagon,opposite,93.7%,1027.473,1029.472,2.0,9.0
90650,Car / Sedan,2,Sedan / jeep / station wagon,normal,88.1%,1031.222,1028.222,3.0,6.0
90946,Car / Sedan,2,Sedan / jeep / station wagon,opposite,94.0%,1029.522,1031.622,2.1,8.6
90826,Car / Sedan,2,Sedan / jeep / station wagon,normal,47.4%,1032.272,1030.522,1.75,10.3
91243,Motorcycle,1,Motorcycle / 3-wheel vehicle,normal,85.2%,1033.972,1032.272,1.7,10.6
91338,Car / Sedan,2,Sedan / jeep / station wagon,opposite,93.4%,1033.272,1034.472,1.2,15.0
91509,Motorcycle,1,Motorcycle / 3-wheel vehicle,normal,82.9%,1034.972,1034.172,0.8,22.5
91440,Public Transportation (Angkot),3,Medium passenger vehicle,normal,91.6%,1037.672,1036.172,1.5,12.0
91648,Motorcycle,1,Motorcycle / 3-wheel vehicle,opposite,48.6%,1036.272,1038.572,2.3,7.8
91729,Motorcycle,1,Motorcycle / 3-wheel vehicle,opposite,89.3%,1037.672,1040.272,2.6,6.9
91731,Car / Sedan,2,Sedan / jeep / station wagon,opposite,93.2%,1037.722,1038.772,1.05,17.1
91865,Motorcycle,1,Motorcycle / 3-wheel vehicle,opposite,77.6%,1039.421,1041.171,1.75,10.3
91969,Motorcycle,1,Motorcycle / 3-wheel vehicle,normal,82.9%,1043.021,1040.671,2.35,7.7
92070,Motorcycle,1,Motorcycle / 3-wheel vehicle,normal,84.8%,1043.571,1042.421,1.15,15.7
91960,Motorcycle,1,Motorcycle / 3-wheel vehicle,opposite,51.7%,1042.471,1044.271,1.8,10.0
92055,Motorcycle,1,Motorcycle / 3-wheel vehicle,opposite,85.2%,1042.771,1044.071,1.3,13.8
92223,Motorcycle,1,Motorcycle / 3-wheel vehicle,opposite,66.6%,1043.271,1045.321,2.05,8.8
92454,2-Axle Truck (Jumbo),6,2-Axle Truck,opposite,94.5%,1045.471,1046.471,1.0,18.0
92617,Motorcycle,1,Motorcycle / 3-wheel vehicle,normal,76.1%,1048.671,1046.221,2.45,7.3
92696,Motorcycle,1,Motorcycle / 3-wheel vehicle,normal,63.6%,1050.771,1047.771,3.0,6.0
92835,Motorcycle,1,Motorcycle / 3-wheel vehicle,opposite,85.4%,1048.171,1049.021,0.85,21.2
92802,Motorcycle,1,Motorcycle / 3-wheel vehicle,normal,85.1%,1049.421,1048.371,1.05,17.1
92948,Motorcycle,1,Motorcycle / 3-wheel vehicle,normal,84.8%,1051.721,1049.771,1.95,9.2
93095,Car / Sedan,2,Sedan / jeep / station wagon,opposite,87.8%,1050.971,1051.671,0.7,25.7
93045,Pickup / Micro Truck,4,Pickup / micro truck / delivery,normal,89.4%,1052.821,1051.771,1.05,17.1
93147,Car / Sedan,2,Sedan / jeep / station wagon,normal,91.8%,1054.72,1053.62,1.1,16.4
93384,Car / Sedan,2,Sedan / jeep / station wagon,normal,89.8%,1061.22,1055.22,6.0,3.0
93376,Pickup / Micro Truck,4,Pickup / micro truck / delivery,normal,90.0%,1056.77,1055.62,1.15,15.7
93547,Car / Sedan,2,Sedan / jeep / station wagon,normal,90.6%,1063.52,1058.07,5.45,3.3
93806,Motorcycle,1,Motorcycle / 3-wheel vehicle,opposite,88.3%,1058.57,1059.92,1.35,13.3
93763,Motorcycle,1,Motorcycle / 3-wheel vehicle,opposite,81.4%,1059.57,1061.47,1.9,9.5
94029,Motorcycle,1,Motorcycle / 3-wheel vehicle,normal,86.0%,1065.27,1062.72,2.55,7.1
94138,Motorcycle,1,Motorcycle / 3-wheel vehicle,opposite,76.5%,1062.97,1063.82,0.85,21.2
93807,Car / Sedan,2,Sedan / jeep / station wagon,opposite,93.0%,1063.12,1065.32,2.2,8.2
94171,Motorcycle,1,Motorcycle / 3-wheel vehicle,opposite,86.0%,1063.62,1064.57,0.95,18.9
94511,Motorcycle,1,Motorcycle / 3-wheel vehicle,opposite,85.6%,1067.469,1068.219,0.75,24.0
94304,Car / Sedan,2,Sedan / jeep / station wagon,normal,87.4%,1072.469,1068.269,4.2,4.3
94510,Motorcycle,1,Motorcycle / 3-wheel vehicle,normal,57.7%,1070.169,1068.319,1.85,9.7
94660,Motorcycle,1,Motorcycle / 3-wheel vehicle,opposite,84.6%,1068.919,1069.769,0.85,21.2
94709,Car / Sedan,2,Sedan / jeep / station wagon,opposite,93.3%,1070.319,1071.569,1.25,14.4
94918,Motorcycle,1,Motorcycle / 3-wheel vehicle,normal,82.4%,1075.269,1071.919,3.35,5.4
94911,Car / Sedan,2,Sedan / jeep / station wagon,opposite,93.5%,1072.019,1073.219,1.2,15.0
94582,Public Transportation (Angkot),3,Medium passenger vehicle,normal,92.0%,1075.519,1072.769,2.75,6.5
95117,Motorcycle,1,Motorcycle / 3-wheel vehicle,normal,83.9%,1077.119,1075.319,1.8,10.0
95206,Car / Sedan,2,Sedan / jeep / station wagon,opposite,93.9%,1075.669,1076.519,0.85,21.2
95271,Motorcycle,1,Motorcycle / 3-wheel vehicle,opposite,86.7%,1076.219,1077.019,0.8,22.5
95316,Motorcycle,1,Motorcycle / 3-wheel vehicle,opposite,89.3%,1076.819,1077.619,0.8,22.5
95574,Motorcycle,1,Motorcycle / 3-wheel vehicle,normal,86.6%,1082.618,1079.369,3.25,5.5
95672,Motorcycle,1,Motorcycle / 3-wheel vehicle,opposite,88.6%,1080.668,1081.618,0.95,18.9
95845,Public Transportation (Angkot),3,Medium passenger vehicle,opposite,92.7%,1083.068,1084.868,1.8,10.0
95792,Motorcycle,1,Motorcycle / 3-wheel vehicle,opposite,85.8%,1083.168,1085.068,1.9,9.5
95927,Motorcycle,1,Motorcycle / 3-wheel vehicle,opposite,86.8%,1084.218,1085.968,1.75,10.3
96248,Motorcycle,1,Motorcycle / 3-wheel vehicle,opposite,87.2%,1086.368,1087.468,1.1,16.4
96378,Motorcycle,1,Motorcycle / 3-wheel vehicle,opposite,82.5%,1088.418,1089.668,1.25,14.4
96564,Motorcycle,1,Motorcycle / 3-wheel vehicle,opposite,86.3%,1089.518,1090.668,1.15,15.7
96268,Car / Sedan,2,Sedan / jeep / station wagon,opposite,92.5%,1090.418,1093.017,2.6,6.9
96547,Motorcycle,1,Motorcycle / 3-wheel vehicle,normal,83.7%,1094.267,1090.618,3.65,4.9
96869,Motorcycle,1,Motorcycle / 3-wheel vehicle,normal,80.0%,1094.967,1092.618,2.35,7.7
96985,Motorcycle,1,Motorcycle / 3-wheel vehicle,normal,84.6%,1096.967,1095.117,1.85,9.7
96978,Motorcycle,1,Motorcycle / 3-wheel vehicle,normal,83.5%,1097.367,1095.617,1.75,10.3
97049,Motorcycle,1,Motorcycle / 3-wheel vehicle,normal,87.0%,1098.217,1097.167,1.05,17.1
97083,2-Axle Truck (Jumbo),6,2-Axle Truck,normal,82.4%,1099.367,1097.667,1.7,10.6
97312,Motorcycle,1,Motorcycle / 3-wheel vehicle,opposite,81.6%,1098.167,1099.067,0.9,20.0
97448,Motorcycle,1,Motorcycle / 3-wheel vehicle,opposite,88.9%,1099.867,1100.467,0.6,30.0
97353,Motorcycle,1,Motorcycle / 3-wheel vehicle,normal,85.2%,1101.467,1099.967,1.5,12.0
97518,Car / Sedan,2,Sedan / jeep / station wagon,opposite,88.8%,1101.017,1102.267,1.25,14.4
97449,Car / Sedan,2,Sedan / jeep / station wagon,normal,90.8%,1103.517,1101.817,1.7,10.6
97612,Motorcycle,1,Motorcycle / 3-wheel vehicle,opposite,88.5%,1102.167,1102.767,0.6,30.0
97659,Motorcycle,1,Motorcycle / 3-wheel vehicle,opposite,89.3%,1102.717,1103.317,0.6,30.0
97686,Motorcycle,1,Motorcycle / 3-wheel vehicle,opposite,85.4%,1102.967,1103.467,0.5,36.0
97532,Public Transportation (Angkot),3,Medium passenger vehicle,normal,91.8%,1104.967,1103.167,1.8,10.0
97749,Motorcycle,1,Motorcycle / 3-wheel vehicle,opposite,86.5%,1103.817,1104.467,0.65,27.7
97774,Motorcycle,1,Motorcycle / 3-wheel vehicle,opposite,89.0%,1104.067,1104.617,0.55,32.7
97845,Motorcycle,1,Motorcycle / 3-wheel vehicle,opposite,89.3%,1104.767,1105.417,0.65,27.7
97839,Motorcycle,1,Motorcycle / 3-wheel vehicle,normal,82.5%,1106.766,1105.167,1.6,11.3
97900,Motorcycle,1,Motorcycle / 3-wheel vehicle,opposite,89.3%,1105.267,1105.917,0.65,27.7
97975,Motorcycle,1,Motorcycle / 3-wheel vehicle,opposite,87.8%,1105.966,1106.617,0.65,27.7
97929,Motorcycle,1,Motorcycle / 3-wheel vehicle,normal,83.6%,1109.466,1106.216,3.25,5.5
97999,Car / Sedan,2,Sedan / jeep / station wagon,opposite,93.5%,1106.816,1108.016,1.2,15.0
98034,Motorcycle,1,Motorcycle / 3-wheel vehicle,opposite,88.5%,1107.166,1108.016,0.85,21.2
98064,Motorcycle,1,Motorcycle / 3-wheel vehicle,opposite,88.4%,1107.466,1108.266,0.8,22.5
98108,Motorcycle,1,Motorcycle / 3-wheel vehicle,opposite,87.8%,1107.966,1108.766,0.8,22.5
98100,Motorcycle,1,Motorcycle / 3-wheel vehicle,opposite,88.7%,1108.816,1109.666,0.85,21.2
98028,3-Axle Truck (Jumbo),7,3-Axle Truck,normal,64.1%,1110.716,1108.866,1.85,9.7
98250,Motorcycle,1,Motorcycle / 3-wheel vehicle,opposite,88.5%,1109.666,1110.566,0.9,20.0
98316,Motorcycle,1,Motorcycle / 3-wheel vehicle,opposite,80.8%,1110.416,1111.216,0.8,22.5
98343,Motorcycle,1,Motorcycle / 3-wheel vehicle,opposite,87.0%,1110.866,1111.766,0.9,20.0
98385,Motorcycle,1,Motorcycle / 3-wheel vehicle,opposite,82.6%,1111.216,1111.916,0.7,25.7
98442,Motorcycle,1,Motorcycle / 3-wheel vehicle,opposite,80.5%,1112.066,1113.066,1.0,18.0
98331,Pickup / Micro Truck,4,Pickup / micro truck / delivery,normal,91.4%,1114.216,1112.166,2.05,8.8
98446,Motorcycle,1,Motorcycle / 3-wheel vehicle,opposite,87.4%,1112.216,1113.066,0.85,21.2
98473,Motorcycle,1,Motorcycle / 3-wheel vehicle,opposite,89.4%,1112.516,1113.366,0.85,21.2
98546,Motorcycle,1,Motorcycle / 3-wheel vehicle,opposite,78.5%,1113.316,1114.116,0.8,22.5
98597,Motorcycle,1,Motorcycle / 3-wheel vehicle,opposite,89.9%,1113.966,1114.616,0.65,27.7
98532,Car / Sedan,2,Sedan / jeep / station wagon,normal,91.0%,1116.616,1114.866,1.75,10.3
98685,Motorcycle,1,Motorcycle / 3-wheel vehicle,normal,72.8%,1117.816,1114.966,2.85,6.3
98695,Motorcycle,1,Motorcycle / 3-wheel vehicle,opposite,75.1%,1115.216,1116.016,0.8,22.5
98707,Motorcycle,1,Motorcycle / 3-wheel vehicle,opposite,88.7%,1115.566,1116.266,0.7,25.7
98765,Motorcycle,1,Motorcycle / 3-wheel vehicle,opposite,75.8%,1116.216,1117.016,0.8,22.5
98771,Motorcycle,1,Motorcycle / 3-wheel vehicle,opposite,88.5%,1116.366,1117.166,0.8,22.5
98813,Motorcycle,1,Motorcycle / 3-wheel vehicle,opposite,89.7%,1116.966,1117.716,0.75,24.0
98851,Motorcycle,1,Motorcycle / 3-wheel vehicle,normal,64.4%,1118.216,1117.416,0.8,22.5
98858,Motorcycle,1,Motorcycle / 3-wheel vehicle,opposite,74.6%,1117.516,1118.316,0.8,22.5
98993,Motorcycle,1,Motorcycle / 3-wheel vehicle,opposite,63.8%,1119.216,1120.065,0.85,21.2
99014,Motorcycle,1,Motorcycle / 3-wheel vehicle,opposite,90.0%,1119.515,1120.216,0.7,25.7
99034,Motorcycle,1,Motorcycle / 3-wheel vehicle,opposite,88.6%,1119.916,1120.565,0.65,27.7
99041,Motorcycle,1,Motorcycle / 3-wheel vehicle,opposite,83.8%,1119.966,1120.865,0.9,20.0
99048,Motorcycle,1,Motorcycle / 3-wheel vehicle,opposite,88.1%,1120.166,1120.965,0.8,22.5
99134,Motorcycle,1,Motorcycle / 3-wheel vehicle,opposite,84.7%,1120.815,1121.565,0.75,24.0
99188,Motorcycle,1,Motorcycle / 3-wheel vehicle,opposite,81.5%,1121.415,1122.215,0.8,22.5
99208,Motorcycle,1,Motorcycle / 3-wheel vehicle,opposite,81.2%,1121.765,1122.665,0.9,20.0
98748,Motorcycle,1,Motorcycle / 3-wheel vehicle,opposite,64.4%,1122.115,1123.815,1.7,10.6
99293,Motorcycle,1,Motorcycle / 3-wheel vehicle,opposite,87.5%,1122.565,1123.415,0.85,21.2
99226,Motorcycle,1,Motorcycle / 3-wheel vehicle,normal,84.0%,1125.315,1122.865,2.45,7.3
99343,Car / Sedan,2,Sedan / jeep / station wagon,opposite,93.6%,1123.715,1125.015,1.3,13.8
99360,Motorcycle,1,Motorcycle / 3-wheel vehicle,normal,74.8%,1126.215,1124.415,1.8,10.0
99341,Car / Sedan,2,Sedan / jeep / station wagon,normal,34.7%,1128.165,1124.465,3.7,4.9
99582,Motorcycle,1,Motorcycle / 3-wheel vehicle,opposite,53.5%,1125.415,1126.265,0.85,21.2
99592,Car / Sedan,2,Sedan / jeep / station wagon,opposite,93.6%,1126.215,1127.465,1.25,14.4
99429,Public Transportation (Angkot),3,Medium passenger vehicle,normal,72.0%,1131.415,1126.665,4.75,3.8
99711,Motorcycle,1,Motorcycle / 3-wheel vehicle,opposite,83.7%,1127.215,1127.915,0.7,25.7
99503,Car / Sedan,2,Sedan / jeep / station wagon,normal,91.1%,1129.065,1127.315,1.75,10.3
99766,Motorcycle,1,Motorcycle / 3-wheel vehicle,opposite,87.2%,1127.965,1128.765,0.8,22.5
99822,Motorcycle,1,Motorcycle / 3-wheel vehicle,opposite,63.4%,1128.865,1129.665,0.8,22.5
99788,Motorcycle,1,Motorcycle / 3-wheel vehicle,normal,83.5%,1130.665,1129.015,1.65,10.9
99892,Motorcycle,1,Motorcycle / 3-wheel vehicle,opposite,87.2%,1129.665,1130.465,0.8,22.5
99890,Motorcycle,1,Motorcycle / 3-wheel vehicle,normal,80.4%,1131.665,1129.765,1.9,9.5
99864,Car / Sedan,2,Sedan / jeep / station wagon,normal,92.3%,1132.715,1130.965,1.75,10.3
100062,Car / Sedan,2,Sedan / jeep / station wagon,opposite,93.0%,1132.015,1132.764,0.75,24.0
100008,Motorcycle,1,Motorcycle / 3-wheel vehicle,normal,64.6%,1133.514,1132.465,1.05,17.1
100128,Motorcycle,1,Motorcycle / 3-wheel vehicle,opposite,85.8%,1132.665,1133.364,0.7,25.7
100191,Motorcycle,1,Motorcycle / 3-wheel vehicle,normal,66.0%,1135.564,1133.364,2.2,8.2
100255,Motorcycle,1,Motorcycle / 3-wheel vehicle,opposite,86.8%,1134.114,1134.714,0.6,30.0
100308,Car / Sedan,2,Sedan / jeep / station wagon,opposite,84.5%,1134.964,1135.764,0.8,22.5
100365,Motorcycle,1,Motorcycle / 3-wheel vehicle,opposite,88.6%,1135.464,1136.164,0.7,25.7
100166,Car / Sedan,2,Sedan / jeep / station wagon,normal,73.8%,1136.564,1135.514,1.05,17.1
100504,Motorcycle,1,Motorcycle / 3-wheel vehicle,opposite,87.0%,1136.964,1137.614,0.65,27.7
100384,Car / Sedan,2,Sedan / jeep / station wagon,normal,91.3%,1138.964,1137.514,1.45,12.4
100555,Car / Sedan,2,Sedan / jeep / station wagon,opposite,93.3%,1138.064,1138.864,0.8,22.5
100601,Motorcycle,1,Motorcycle / 3-wheel vehicle,opposite,88.2%,1138.314,1138.914,0.6,30.0
100634,Motorcycle,1,Motorcycle / 3-wheel vehicle,opposite,88.8%,1138.814,1139.414,0.6,30.0
100663,Motorcycle,1,Motorcycle / 3-wheel vehicle,opposite,88.4%,1139.264,1140.114,0.85,21.2
100679,Motorcycle,1,Motorcycle / 3-wheel vehicle,opposite,73.1%,1139.564,1140.264,0.7,25.7
100542,Car / Sedan,2,Sedan / jeep / station wagon,normal,90.8%,1140.914,1139.564,1.35,13.3
100709,Motorcycle,1,Motorcycle / 3-wheel vehicle,opposite,86.8%,1139.764,1140.664,0.9,20.0
100784,Motorcycle,1,Motorcycle / 3-wheel vehicle,opposite,81.7%,1141.164,1142.214,1.05,17.1
100813,Motorcycle,1,Motorcycle / 3-wheel vehicle,opposite,88.9%,1141.464,1142.214,0.75,24.0
100739,Car / Sedan,2,Sedan / jeep / station wagon,normal,89.2%,1143.214,1141.764,1.45,12.4
100882,Motorcycle,1,Motorcycle / 3-wheel vehicle,opposite,88.7%,1142.164,1143.014,0.85,21.2
100883,Car / Sedan,2,Sedan / jeep / station wagon,opposite,93.3%,1142.464,1143.314,0.85,21.2
100959,Motorcycle,1,Motorcycle / 3-wheel vehicle,opposite,81.6%,1142.964,1143.714,0.75,24.0
100935,Motorcycle,1,Motorcycle / 3-wheel vehicle,normal,77.6%,1144.064,1143.164,0.9,20.0
101037,Motorcycle,1,Motorcycle / 3-wheel vehicle,opposite,89.2%,1143.914,1144.664,0.75,24.0
101007,Motorcycle,1,Motorcycle / 3-wheel vehicle,normal,84.2%,1146.063,1144.364,1.7,10.6
101093,Motorcycle,1,Motorcycle / 3-wheel vehicle,opposite,78.0%,1144.464,1145.414,0.95,18.9
101120,Motorcycle,1,Motorcycle / 3-wheel vehicle,opposite,88.5%,1144.864,1145.764,0.9,20.0
100984,Car / Sedan,2,Sedan / jeep / station wagon,normal,92.0%,1147.113,1145.464,1.65,10.9
101261,Motorcycle,1,Motorcycle / 3-wheel vehicle,opposite,89.1%,1146.563,1147.413,0.85,21.2
101321,Motorcycle,1,Motorcycle / 3-wheel vehicle,opposite,88.2%,1147.263,1148.013,0.75,24.0
101203,2-Axle Truck (Jumbo),6,2-Axle Truck,normal,92.9%,1149.213,1147.263,1.95,9.2
101410,Motorcycle,1,Motorcycle / 3-wheel vehicle,normal,78.5%,1150.213,1148.613,1.6,11.3
101432,Car / Sedan,2,Sedan / jeep / station wagon,opposite,93.6%,1148.763,1149.563,0.8,22.5
101454,Motorcycle,1,Motorcycle / 3-wheel vehicle,opposite,87.8%,1148.813,1149.563,0.75,24.0
101481,Motorcycle,1,Motorcycle / 3-wheel vehicle,opposite,88.7%,1149.263,1150.063,0.8,22.5
101474,Motorcycle,1,Motorcycle / 3-wheel vehicle,normal,83.5%,1151.613,1150.163,1.45,12.4
101552,Motorcycle,1,Motorcycle / 3-wheel vehicle,opposite,89.5%,1150.213,1151.063,0.85,21.2
101329,Public Transportation (Angkot),3,Medium passenger vehicle,normal,84.4%,1153.363,1150.513,2.85,6.3
101614,Motorcycle,1,Motorcycle / 3-wheel vehicle,opposite,90.0%,1150.813,1151.513,0.7,25.7
101641,Motorcycle,1,Motorcycle / 3-wheel vehicle,normal,81.0%,1152.463,1151.213,1.25,14.4
101678,Motorcycle,1,Motorcycle / 3-wheel vehicle,normal,84.5%,1152.813,1151.613,1.2,15.0
101746,Motorcycle,1,Motorcycle / 3-wheel vehicle,normal,76.6%,1153.613,1152.213,1.4,12.9
101773,Motorcycle,1,Motorcycle / 3-wheel vehicle,opposite,87.9%,1152.613,1153.463,0.85,21.2
101632,Car / Sedan,2,Sedan / jeep / station wagon,normal,89.1%,1154.163,1152.663,1.5,12.0
101847,Motorcycle,1,Motorcycle / 3-wheel vehicle,opposite,89.8%,1153.463,1154.313,0.85,21.2
101745,2-Axle Truck (Jumbo),6,2-Axle Truck,normal,92.9%,1155.713,1154.363,1.35,13.3
102017,Motorcycle,1,Motorcycle / 3-wheel vehicle,opposite,89.0%,1156.263,1156.963,0.7,25.7
102018,Motorcycle,1,Motorcycle / 3-wheel vehicle,opposite,88.8%,1156.263,1157.013,0.75,24.0
102083,Motorcycle,1,Motorcycle / 3-wheel vehicle,opposite,90.1%,1157.013,1157.613,0.6,30.0
102128,Motorcycle,1,Motorcycle / 3-wheel vehicle,normal,83.6%,1160.062,1157.663,2.4,7.5
102073,Car / Sedan,2,Sedan / jeep / station wagon,normal,69.2%,1166.712,1157.963,8.749,2.1
102299,Public Transportation (Angkot),3,Medium passenger vehicle,opposite,93.6%,1161.062,1162.212,1.15,15.7
102360,Car / Sedan,2,Sedan / jeep / station wagon,opposite,84.8%,1161.262,1162.162,0.9,20.0
102422,Motorcycle,1,Motorcycle / 3-wheel vehicle,opposite,89.1%,1162.562,1163.612,1.05,17.1
102471,Motorcycle,1,Motorcycle / 3-wheel vehicle,opposite,83.8%,1163.412,1164.412,1.0,18.0
102493,Motorcycle,1,Motorcycle / 3-wheel vehicle,opposite,78.2%,1163.562,1164.662,1.1,16.4
102524,Motorcycle,1,Motorcycle / 3-wheel vehicle,opposite,84.2%,1163.962,1164.962,1.0,18.0
102516,Car / Sedan,2,Sedan / jeep / station wagon,opposite,92.4%,1164.512,1165.812,1.3,13.8
102587,Motorcycle,1,Motorcycle / 3-wheel vehicle,opposite,88.9%,1164.812,1165.812,1.0,18.0
102723,Motorcycle,1,Motorcycle / 3-wheel vehicle,opposite,86.4%,1166.212,1167.212,1.0,18.0
102571,Motorcycle,1,Motorcycle / 3-wheel vehicle,opposite,83.5%,1166.362,1168.162,1.8,10.0
102652,Motorcycle,1,Motorcycle / 3-wheel vehicle,opposite,85.8%,1167.312,1168.712,1.4,12.9
102778,Motorcycle,1,Motorcycle / 3-wheel vehicle,opposite,83.1%,1167.962,1169.362,1.4,12.9
102724,Motorcycle,1,Motorcycle / 3-wheel vehicle,opposite,68.3%,1168.562,1170.562,2.0,9.0
102984,Motorcycle,1,Motorcycle / 3-wheel vehicle,opposite,80.0%,1169.012,1170.362,1.35,13.3
102764,Motorcycle,1,Motorcycle / 3-wheel vehicle,opposite,90.0%,1169.662,1171.212,1.55,11.6
102979,Car / Sedan,2,Sedan / jeep / station wagon,opposite,90.8%,1170.762,1173.111,2.35,7.7
103153,Motorcycle,1,Motorcycle / 3-wheel vehicle,opposite,88.4%,1171.462,1172.861,1.4,12.9
103154,Motorcycle,1,Motorcycle / 3-wheel vehicle,opposite,81.1%,1172.611,1174.261,1.65,10.9
103343,Motorcycle,1,Motorcycle / 3-wheel vehicle,opposite,74.7%,1174.161,1176.211,2.05,8.8
103379,Motorcycle,1,Motorcycle / 3-wheel vehicle,opposite,82.2%,1174.311,1175.561,1.25,14.4
103164,2-Axle Truck (Jumbo),6,2-Axle Truck,opposite,65.9%,1174.961,1176.461,1.5,12.0
103546,Motorcycle,1,Motorcycle / 3-wheel vehicle,opposite,89.5%,1176.411,1177.261,0.85,21.2
103595,Motorcycle,1,Motorcycle / 3-wheel vehicle,opposite,81.1%,1176.811,1177.561,0.75,24.0
103657,Motorcycle,1,Motorcycle / 3-wheel vehicle,opposite,82.4%,1177.711,1178.511,0.8,22.5
103572,Car / Sedan,2,Sedan / jeep / station wagon,opposite,93.0%,1177.761,1179.061,1.3,13.8
103664,Motorcycle,1,Motorcycle / 3-wheel vehicle,opposite,87.9%,1177.761,1178.611,0.85,21.2
103703,Motorcycle,1,Motorcycle / 3-wheel vehicle,opposite,87.2%,1178.411,1179.211,0.8,22.5
103732,Motorcycle,1,Motorcycle / 3-wheel vehicle,opposite,90.0%,1178.861,1179.711,0.85,21.2
103652,Car / Sedan,2,Sedan / jeep / station wagon,normal,89.8%,1182.411,1179.511,2.9,6.2
103830,Motorcycle,1,Motorcycle / 3-wheel vehicle,opposite,84.0%,1179.661,1180.461,0.8,22.5
103861,Motorcycle,1,Motorcycle / 3-wheel vehicle,opposite,87.5%,1179.961,1180.861,0.9,20.0
103888,Motorcycle,1,Motorcycle / 3-wheel vehicle,opposite,89.1%,1180.361,1181.261,0.9,20.0
103883,Car / Sedan,2,Sedan / jeep / station wagon,opposite,93.6%,1180.611,1181.761,1.15,15.7
103973,Motorcycle,1,Motorcycle / 3-wheel vehicle,opposite,87.2%,1181.011,1181.911,0.9,20.0
103991,Motorcycle,1,Motorcycle / 3-wheel vehicle,normal,68.3%,1184.011,1182.061,1.95,9.2
104152,Motorcycle,1,Motorcycle / 3-wheel vehicle,normal,83.0%,1184.661,1182.661,2.0,9.0
103775,Car / Sedan,2,Sedan / jeep / station wagon,normal,91.3%,1185.96,1183.311,2.65,6.8
104275,Car / Sedan,2,Sedan / jeep / station wagon,opposite,93.5%,1184.061,1185.16,1.1,16.4
104385,Motorcycle,1,Motorcycle / 3-wheel vehicle,opposite,87.6%,1185.061,1186.011,0.95,18.9
104397,Motorcycle,1,Motorcycle / 3-wheel vehicle,opposite,89.4%,1185.261,1186.111,0.85,21.2
104336,Motorcycle,1,Motorcycle / 3-wheel vehicle,normal,85.1%,1186.91,1185.361,1.55,11.6
104473,Motorcycle,1,Motorcycle / 3-wheel vehicle,opposite,88.2%,1185.761,1186.76,1.0,18.0
104448,Car / Sedan,2,Sedan / jeep / station wagon,opposite,89.8%,1186.261,1187.66,1.4,12.9
104517,Motorcycle,1,Motorcycle / 3-wheel vehicle,normal,85.1%,1188.21,1186.51,1.7,10.6
104548,Motorcycle,1,Motorcycle / 3-wheel vehicle,opposite,80.2%,1186.76,1187.76,1.0,18.0
104404,Motorcycle,1,Motorcycle / 3-wheel vehicle,normal,87.9%,1189.26,1187.61,1.65,10.9
104653,Motorcycle,1,Motorcycle / 3-wheel vehicle,opposite,89.5%,1187.96,1188.86,0.9,20.0
104704,Car / Sedan,2,Sedan / jeep / station wagon,opposite,74.4%,1189.06,1190.31,1.25,14.4
104797,Motorcycle,1,Motorcycle / 3-wheel vehicle,opposite,86.9%,1189.81,1190.71,0.9,20.0
104597,Car / Sedan,2,Sedan / jeep / station wagon,normal,77.3%,1191.31,1189.91,1.4,12.9
104800,Car / Sedan,2,Sedan / jeep / station wagon,opposite,93.0%,1190.31,1191.66,1.35,13.3
104921,Motorcycle,1,Motorcycle / 3-wheel vehicle,opposite,88.6%,1191.36,1192.51,1.15,15.7
105055,Motorcycle,1,Motorcycle / 3-wheel vehicle,opposite,88.3%,1192.71,1193.86,1.15,15.7
105063,Motorcycle,1,Motorcycle / 3-wheel vehicle,opposite,83.9%,1192.71,1193.91,1.2,15.0
105062,Pickup / Micro Truck,4,Pickup / micro truck / delivery,opposite,92.7%,1193.01,1194.31,1.3,13.8
105124,Motorcycle,1,Motorcycle / 3-wheel vehicle,opposite,90.1%,1193.66,1194.71,1.05,17.1
105000,Car / Sedan,2,Sedan / jeep / station wagon,normal,56.5%,1199.06,1193.96,5.1,3.5
105161,Motorcycle,1,Motorcycle / 3-wheel vehicle,opposite,69.8%,1194.21,1195.26,1.05,17.1
105183,Motorcycle,1,Motorcycle / 3-wheel vehicle,opposite,85.7%,1194.36,1195.41,1.05,17.1
105196,Motorcycle,1,Motorcycle / 3-wheel vehicle,opposite,88.0%,1197.36,1199.159,1.8,10.0
105420,Car / Sedan,2,Sedan / jeep / station wagon,opposite,93.3%,1199.36,1201.159,1.8,10.0
105482,Motorcycle,1,Motorcycle / 3-wheel vehicle,opposite,81.0%,1200.909,1202.259,1.35,13.3
105593,Car / Sedan,2,Sedan / jeep / station wagon,opposite,93.0%,1201.059,1202.709,1.65,10.9
105761,Motorcycle,1,Motorcycle / 3-wheel vehicle,opposite,89.2%,1202.359,1203.809,1.45,12.4
105788,Motorcycle,1,Motorcycle / 3-wheel vehicle,opposite,71.9%,1202.759,1204.159,1.4,12.9
105886,Motorcycle,1,Motorcycle / 3-wheel vehicle,opposite,70.7%,1203.609,1205.059,1.45,12.4
105932,Motorcycle,1,Motorcycle / 3-wheel vehicle,opposite,82.9%,1204.109,1205.359,1.25,14.4
105639,Car / Sedan,2,Sedan / jeep / station wagon,opposite,57.3%,1204.859,1207.259,2.4,7.5
106115,Motorcycle,1,Motorcycle / 3-wheel vehicle,opposite,57.7%,1206.409,1207.709,1.3,13.8
106218,Motorcycle,1,Motorcycle / 3-wheel vehicle,opposite,80.8%,1207.459,1208.609,1.15,15.7
106031,Car / Sedan,2,Sedan / jeep / station wagon,opposite,93.6%,1207.609,1209.659,2.05,8.8
106126,Car / Sedan,2,Sedan / jeep / station wagon,normal,89.4%,1211.359,1208.059,3.3,5.5
106447,Motorcycle,1,Motorcycle / 3-wheel vehicle,normal,80.6%,1211.708,1209.359,2.35,7.7
106441,Motorcycle,1,Motorcycle / 3-wheel vehicle,opposite,87.6%,1209.659,1210.759,1.1,16.4
106359,Car / Sedan,2,Sedan / jeep / station wagon,opposite,93.3%,1209.959,1211.909,1.95,9.2
106573,Motorcycle,1,Motorcycle / 3-wheel vehicle,opposite,73.0%,1210.909,1211.859,0.95,18.9
106605,Motorcycle,1,Motorcycle / 3-wheel vehicle,opposite,89.5%,1211.609,1212.758,1.15,15.7
106714,2-Axle Truck (Jumbo),6,2-Axle Truck,opposite,93.1%,1214.108,1215.908,1.8,10.0
106924,Motorcycle,1,Motorcycle / 3-wheel vehicle,opposite,84.8%,1214.558,1215.358,0.8,22.5
107014,Motorcycle,1,Motorcycle / 3-wheel vehicle,opposite,83.8%,1215.708,1216.608,0.9,20.0
107001,Car / Sedan,2,Sedan / jeep / station wagon,opposite,94.0%,1215.858,1217.558,1.7,10.6
106926,Motorcycle,1,Motorcycle / 3-wheel vehicle,opposite,79.0%,1216.708,1218.758,2.05,8.8
107156,Motorcycle,1,Motorcycle / 3-wheel vehicle,opposite,64.8%,1217.258,1218.158,0.9,20.0
107287,Motorcycle,1,Motorcycle / 3-wheel vehicle,opposite,89.8%,1218.758,1219.708,0.95,18.9
107242,Car / Sedan,2,Sedan / jeep / station wagon,opposite,93.3%,1219.108,1220.708,1.6,11.3
107342,Motorcycle,1,Motorcycle / 3-wheel vehicle,normal,60.2%,1221.958,1219.758,2.2,8.2
107520,Motorcycle,1,Motorcycle / 3-wheel vehicle,opposite,78.8%,1220.708,1221.708,1.0,18.0
107514,Car / Sedan,2,Sedan / jeep / station wagon,opposite,93.1%,1221.158,1222.758,1.6,11.3
107567,Motorcycle,1,Motorcycle / 3-wheel vehicle,opposite,85.1%,1221.258,1222.258,1.0,18.0
107694,Motorcycle,1,Motorcycle / 3-wheel vehicle,normal,69.7%,1225.408,1223.008,2.4,7.5
107910,Car / Sedan,2,Sedan / jeep / station wagon,normal,86.2%,1226.757,1225.707,1.05,17.1
108055,Motorcycle,1,Motorcycle / 3-wheel vehicle,opposite,89.1%,1226.257,1226.907,0.65,27.7
108240,Motorcycle,1,Motorcycle / 3-wheel vehicle,opposite,84.7%,1228.457,1229.607,1.15,15.7
108297,Motorcycle,1,Motorcycle / 3-wheel vehicle,normal,82.4%,1230.307,1229.007,1.3,13.8
108230,Car / Sedan,2,Sedan / jeep / station wagon,normal,88.1%,1230.757,1229.807,0.95,18.9
108426,Motorcycle,1,Motorcycle / 3-wheel vehicle,normal,77.2%,1232.157,1230.857,1.3,13.8
108452,Motorcycle,1,Motorcycle / 3-wheel vehicle,normal,84.2%,1232.607,1231.057,1.55,11.6
108550,Motorcycle,1,Motorcycle / 3-wheel vehicle,normal,87.0%,1233.107,1232.507,0.6,30.0
108663,Motorcycle,1,Motorcycle / 3-wheel vehicle,opposite,90.1%,1233.707,1234.407,0.7,25.7
108852,Motorcycle,1,Motorcycle / 3-wheel vehicle,opposite,90.7%,1235.757,1236.507,0.75,24.0
108921,Public Transportation (Angkot),3,Medium passenger vehicle,opposite,93.7%,1237.857,1248.806,10.949,1.6
109149,Motorcycle,1,Motorcycle / 3-wheel vehicle,normal,84.2%,1239.107,1238.357,0.75,24.0
109112,Motorcycle,1,Motorcycle / 3-wheel vehicle,opposite,90.5%,1238.756,1239.706,0.95,18.9
109582,Motorcycle,1,Motorcycle / 3-wheel vehicle,normal,80.5%,1243.606,1242.956,0.65,27.7
109454,Car / Sedan,2,Sedan / jeep / station wagon,normal,74.6%,1244.056,1243.256,0.8,22.5
109882,Motorcycle,1,Motorcycle / 3-wheel vehicle,normal,87.5%,1247.306,1246.556,0.75,24.0
109710,Motorcycle,1,Motorcycle / 3-wheel vehicle,normal,92.1%,1246.806,1253.005,6.199,2.9
110041,Car / Sedan,2,Sedan / jeep / station wagon,opposite,94.0%,1247.906,1248.706,0.8,22.5
109995,Motorcycle,1,Motorcycle / 3-wheel vehicle,normal,77.3%,1249.256,1248.356,0.9,20.0
110198,Motorcycle,1,Motorcycle / 3-wheel vehicle,normal,84.5%,1251.206,1249.456,1.75,10.3
110325,Car / Sedan,2,Sedan / jeep / station wagon,opposite,87.4%,1249.706,1250.556,0.85,21.2
110347,Motorcycle,1,Motorcycle / 3-wheel vehicle,normal,77.6%,1251.656,1250.356,1.3,13.8
110448,Motorcycle,1,Motorcycle / 3-wheel vehicle,normal,76.5%,1252.156,1251.156,1.0,18.0
110426,Motorcycle,1,Motorcycle / 3-wheel vehicle,normal,82.4%,1252.355,1251.406,0.95,18.9
110700,Motorcycle,1,Motorcycle / 3-wheel vehicle,normal,66.4%,1255.205,1253.255,1.95,9.2
110723,Motorcycle,1,Motorcycle / 3-wheel vehicle,normal,78.6%,1256.255,1253.805,2.45,7.3
110744,Car / Sedan,2,Sedan / jeep / station wagon,opposite,93.5%,1254.205,1255.105,0.9,20.0
110701,Car / Sedan,2,Sedan / jeep / station wagon,normal,91.7%,1255.805,1254.905,0.9,20.0
110952,Motorcycle,1,Motorcycle / 3-wheel vehicle,normal,86.2%,1256.605,1255.655,0.95,18.9
111172,Motorcycle,1,Motorcycle / 3-wheel vehicle,normal,81.2%,1260.605,1258.455,2.15,8.4
111255,Motorcycle,1,Motorcycle / 3-wheel vehicle,normal,83.3%,1259.505,1258.755,0.75,24.0
111268,Motorcycle,1,Motorcycle / 3-wheel vehicle,normal,70.6%,1261.955,1259.105,2.85,6.3
111438,Car / Sedan,2,Sedan / jeep / station wagon,opposite,93.4%,1260.305,1261.305,1.0,18.0
111436,Motorcycle,1,Motorcycle / 3-wheel vehicle,normal,84.3%,1261.955,1260.405,1.55,11.6
111597,Car / Sedan,2,Sedan / jeep / station wagon,opposite,93.5%,1261.455,1262.405,0.95,18.9
111958,Motorcycle,1,Motorcycle / 3-wheel vehicle,opposite,88.9%,1265.804,1267.004,1.2,15.0
111506,Car / Sedan,2,Sedan / jeep / station wagon,opposite,92.8%,1267.054,1269.054,2.0,9.0
111723,Motorcycle,1,Motorcycle / 3-wheel vehicle,normal,77.9%,1267.054,1271.004,3.95,4.6
111920,Car / Sedan,2,Sedan / jeep / station wagon,normal,81.2%,1274.404,1267.504,6.899,2.6
112164,Motorcycle,1,Motorcycle / 3-wheel vehicle,opposite,87.7%,1268.154,1269.354,1.2,15.0
112290,Public Transportation (Angkot),3,Medium passenger vehicle,opposite,90.8%,1271.154,1273.304,2.15,8.4
112559,Motorcycle,1,Motorcycle / 3-wheel vehicle,opposite,87.6%,1271.804,1273.404,1.6,11.3
112598,Motorcycle,1,Motorcycle / 3-wheel vehicle,opposite,89.4%,1271.904,1273.404,1.5,12.0
112804,Car / Sedan,2,Sedan / jeep / station wagon,normal,82.6%,1276.104,1273.654,2.45,7.3
112705,Car / Sedan,2,Sedan / jeep / station wagon,normal,92.4%,1277.004,1274.904,2.1,8.6
113105,Motorcycle,1,Motorcycle / 3-wheel vehicle,normal,45.3%,1277.903,1276.354,1.55,11.6
112943,Car / Sedan,2,Sedan / jeep / station wagon,normal,91.0%,1278.653,1276.604,2.05,8.8
113210,Motorcycle,1,Motorcycle / 3-wheel vehicle,normal,60.5%,1279.703,1278.454,1.25,14.4
113148,Motorcycle,1,Motorcycle / 3-wheel vehicle,normal,84.5%,1280.103,1278.653,1.45,12.4
113364,Motorcycle,1,Motorcycle / 3-wheel vehicle,normal,81.5%,1281.703,1280.253,1.45,12.4
113400,Motorcycle,1,Motorcycle / 3-wheel vehicle,normal,84.1%,1282.053,1280.803,1.25,14.4
113395,Motorcycle,1,Motorcycle / 3-wheel vehicle,normal,82.3%,1282.103,1281.053,1.05,17.1
113459,Car / Sedan,2,Sedan / jeep / station wagon,opposite,93.7%,1281.203,1282.103,0.9,20.0
113608,Motorcycle,1,Motorcycle / 3-wheel vehicle,normal,84.5%,1284.753,1283.203,1.55,11.6
113751,Car / Sedan,2,Sedan / jeep / station wagon,opposite,93.5%,1284.203,1285.253,1.05,17.1
113598,Car / Sedan,2,Sedan / jeep / station wagon,normal,87.9%,1287.453,1284.903,2.55,7.1
113849,Car / Sedan,2,Sedan / jeep / station wagon,normal,91.9%,1288.603,1287.353,1.25,14.4
114058,Motorcycle,1,Motorcycle / 3-wheel vehicle,normal,84.4%,1289.603,1288.453,1.15,15.7
114173,Motorcycle,1,Motorcycle / 3-wheel vehicle,normal,53.8%,1291.053,1289.353,1.7,10.6
114160,Car / Sedan,2,Sedan / jeep / station wagon,normal,92.2%,1291.753,1290.703,1.05,17.1
114562,Motorcycle,1,Motorcycle / 3-wheel vehicle,opposite,90.3%,1293.452,1294.102,0.65,27.7
114638,Motorcycle,1,Motorcycle / 3-wheel vehicle,normal,84.8%,1295.852,1294.802,1.05,17.1
114577,Motorcycle,1,Motorcycle / 3-wheel vehicle,opposite,90.0%,1295.152,1296.702,1.55,11.6
114721,Motorcycle,1,Motorcycle / 3-wheel vehicle,normal,68.9%,1296.802,1295.952,0.85,21.2
114732,Motorcycle,1,Motorcycle / 3-wheel vehicle,opposite,90.0%,1296.402,1297.902,1.5,12.0
114954,Motorcycle,1,Motorcycle / 3-wheel vehicle,normal,86.1%,1300.102,1298.202,1.9,9.5
115010,Motorcycle,1,Motorcycle / 3-wheel vehicle,normal,76.9%,1301.402,1299.202,2.2,8.2
115186,Motorcycle,1,Motorcycle / 3-wheel vehicle,normal,85.3%,1302.352,1301.502,0.85,21.2
115192,Motorcycle,1,Motorcycle / 3-wheel vehicle,normal,52.4%,1303.452,1301.552,1.9,9.5
115321,Motorcycle,1,Motorcycle / 3-wheel vehicle,opposite,89.4%,1303.052,1303.952,0.9,20.0
115306,Car / Sedan,2,Sedan / jeep / station wagon,normal,90.9%,1304.352,1303.602,0.75,24.0
115361,Pickup / Micro Truck,4,Pickup / micro truck / delivery,opposite,89.7%,1303.802,1304.552,0.75,24.0
115460,Motorcycle,1,Motorcycle / 3-wheel vehicle,normal,68.7%,1305.101,1304.401,0.7,25.7
115650,Motorcycle,1,Motorcycle / 3-wheel vehicle,normal,52.5%,1308.401,1306.201,2.2,8.2
115634,Motorcycle,1,Motorcycle / 3-wheel vehicle,opposite,89.5%,1306.251,1306.951,0.7,25.7
115628,Motorcycle,1,Motorcycle / 3-wheel vehicle,normal,84.4%,1307.551,1306.751,0.8,22.5
115720,Motorcycle,1,Motorcycle / 3-wheel vehicle,opposite,89.5%,1307.051,1307.801,0.75,24.0
115757,Motorcycle,1,Motorcycle / 3-wheel vehicle,normal,80.5%,1308.201,1307.251,0.95,18.9
115681,Motorcycle,1,Motorcycle / 3-wheel vehicle,normal,84.6%,1308.351,1307.451,0.9,20.0
115832,Motorcycle,1,Motorcycle / 3-wheel vehicle,opposite,87.9%,1308.101,1308.801,0.7,25.7
115962,Motorcycle,1,Motorcycle / 3-wheel vehicle,normal,87.0%,1310.451,1309.701,0.75,24.0
115991,Motorcycle,1,Motorcycle / 3-wheel vehicle,opposite,89.7%,1310.301,1310.951,0.65,27.7
116012,Motorcycle,1,Motorcycle / 3-wheel vehicle,normal,86.2%,1311.601,1310.751,0.85,21.2
116076,Motorcycle,1,Motorcycle / 3-wheel vehicle,normal,53.2%,1312.051,1310.951,1.1,16.4
116178,Motorcycle,1,Motorcycle / 3-wheel vehicle,opposite,90.0%,1312.151,1312.651,0.5,36.0
116253,Motorcycle,1,Motorcycle / 3-wheel vehicle,opposite,89.5%,1313.401,1313.951,0.55,32.7
116166,Car / Sedan,2,Sedan / jeep / station wagon,normal,90.0%,1315.301,1313.551,1.75,10.3
116306,Motorcycle,1,Motorcycle / 3-wheel vehicle,normal,84.8%,1315.751,1314.751,1.0,18.0
116409,Motorcycle,1,Motorcycle / 3-wheel vehicle,normal,82.5%,1316.101,1315.051,1.05,17.1
116437,Motorcycle,1,Motorcycle / 3-wheel vehicle,normal,57.9%,1317.101,1316.201,0.9,20.0
116507,Motorcycle,1,Motorcycle / 3-wheel vehicle,opposite,88.2%,1316.251,1316.801,0.55,32.7
116520,Motorcycle,1,Motorcycle / 3-wheel vehicle,normal,83.9%,1317.601,1316.501,1.1,16.4
116563,Motorcycle,1,Motorcycle / 3-wheel vehicle,normal,86.6%,1318.7,1317.751,0.95,18.9
116617,Motorcycle,1,Motorcycle / 3-wheel vehicle,opposite,88.5%,1317.801,1318.45,0.65,27.7
116645,Motorcycle,1,Motorcycle / 3-wheel vehicle,normal,82.5%,1319.55,1318.551,1.0,18.0
116713,Motorcycle,1,Motorcycle / 3-wheel vehicle,opposite,89.4%,1318.95,1319.6,0.65,27.7
116740,Motorcycle,1,Motorcycle / 3-wheel vehicle,opposite,90.7%,1319.3,1319.85,0.55,32.7
116769,Motorcycle,1,Motorcycle / 3-wheel vehicle,opposite,88.0%,1319.6,1320.3,0.7,25.7
116883,Motorcycle,1,Motorcycle / 3-wheel vehicle,opposite,88.4%,1320.45,1321.0,0.55,32.7
116679,Public Transportation (Angkot),3,Medium passenger vehicle,normal,92.5%,1323.35,1320.7,2.65,6.8
116786,Motorcycle,1,Motorcycle / 3-wheel vehicle,normal,88.1%,1320.95,1325.35,4.4,4.1
116732,Motorcycle,1,Motorcycle / 3-wheel vehicle,opposite,89.6%,1321.25,1321.9,0.65,27.7
116936,Motorcycle,1,Motorcycle / 3-wheel vehicle,opposite,89.4%,1321.75,1322.4,0.65,27.7
117007,Motorcycle,1,Motorcycle / 3-wheel vehicle,opposite,89.7%,1322.3,1323.0,0.7,25.7
116908,Motorcycle,1,Motorcycle / 3-wheel vehicle,opposite,84.3%,1322.5,1324.35,1.85,9.7
117052,Motorcycle,1,Motorcycle / 3-wheel vehicle,opposite,89.2%,1322.75,1323.35,0.6,30.0
117096,Motorcycle,1,Motorcycle / 3-wheel vehicle,opposite,89.2%,1323.5,1324.05,0.55,32.7
117129,Motorcycle,1,Motorcycle / 3-wheel vehicle,opposite,89.6%,1323.85,1324.5,0.65,27.7
117149,Motorcycle,1,Motorcycle / 3-wheel vehicle,opposite,86.0%,1324.05,1324.65,0.6,30.0
117097,Pickup / Micro Truck,4,Pickup / micro truck / delivery,normal,88.7%,1326.1,1324.25,1.85,9.7
117090,Motorcycle,1,Motorcycle / 3-wheel vehicle,opposite,68.0%,1324.35,1325.05,0.7,25.7
117200,Motorcycle,1,Motorcycle / 3-wheel vehicle,opposite,90.9%,1324.4,1324.95,0.55,32.7
117292,Motorcycle,1,Motorcycle / 3-wheel vehicle,normal,64.5%,1327.15,1325.35,1.8,10.0
117301,Motorcycle,1,Motorcycle / 3-wheel vehicle,opposite,87.1%,1325.6,1326.35,0.75,24.0
117112,Car / Sedan,2,Sedan / jeep / station wagon,normal,90.7%,1327.65,1325.65,2.0,9.0
117383,Motorcycle,1,Motorcycle / 3-wheel vehicle,opposite,88.8%,1326.55,1327.35,0.8,22.5
117392,Motorcycle,1,Motorcycle / 3-wheel vehicle,opposite,68.5%,1326.85,1327.6,0.75,24.0
117430,Motorcycle,1,Motorcycle / 3-wheel vehicle,opposite,86.6%,1327.0,1327.8,0.8,22.5
117248,Car / Sedan,2,Sedan / jeep / station wagon,normal,91.9%,1329.2,1327.2,2.0,9.0
117479,Motorcycle,1,Motorcycle / 3-wheel vehicle,opposite,89.2%,1327.65,1328.3,0.65,27.7
117527,Motorcycle,1,Motorcycle / 3-wheel vehicle,opposite,86.2%,1328.2,1328.95,0.75,24.0
117513,Motorcycle,1,Motorcycle / 3-wheel vehicle,opposite,70.7%,1328.25,1329.1,0.85,21.2
117562,Motorcycle,1,Motorcycle / 3-wheel vehicle,normal,86.1%,1330.3,1329.15,1.15,15.7
117631,Motorcycle,1,Motorcycle / 3-wheel vehicle,opposite,88.2%,1329.95,1330.8,0.85,21.2
117613,Motorcycle,1,Motorcycle / 3-wheel vehicle,normal,84.5%,1331.149,1329.95,1.2,15.0
117684,Motorcycle,1,Motorcycle / 3-wheel vehicle,normal,75.7%,1331.949,1330.949,1.0,18.0
117748,Motorcycle,1,Motorcycle / 3-wheel vehicle,opposite,90.2%,1331.3,1332.1,0.8,22.5
117789,Motorcycle,1,Motorcycle / 3-wheel vehicle,normal,72.6%,1332.499,1331.699,0.8,22.5
117884,Motorcycle,1,Motorcycle / 3-wheel vehicle,opposite,75.5%,1332.249,1333.049,0.8,22.5
117850,Motorcycle,1,Motorcycle / 3-wheel vehicle,normal,83.7%,1333.399,1332.449,0.95,18.9
117885,Motorcycle,1,Motorcycle / 3-wheel vehicle,opposite,89.8%,1332.549,1333.399,0.85,21.2
117940,Motorcycle,1,Motorcycle / 3-wheel vehicle,normal,85.0%,1333.799,1332.949,0.85,21.2
117986,Motorcycle,1,Motorcycle / 3-wheel vehicle,opposite,89.3%,1333.549,1334.349,0.8,22.5
118065,Motorcycle,1,Motorcycle / 3-wheel vehicle,opposite,89.9%,1334.349,1335.049,0.7,25.7
118066,Motorcycle,1,Motorcycle / 3-wheel vehicle,normal,83.2%,1335.399,1334.449,0.95,18.9
118072,Motorcycle,1,Motorcycle / 3-wheel vehicle,opposite,88.5%,1334.599,1335.249,0.65,27.7
118036,Motorcycle,1,Motorcycle / 3-wheel vehicle,normal,81.6%,1335.499,1334.599,0.9,20.0
118144,Motorcycle,1,Motorcycle / 3-wheel vehicle,opposite,88.8%,1335.049,1335.599,0.55,32.7
118145,Motorcycle,1,Motorcycle / 3-wheel vehicle,opposite,87.7%,1335.199,1335.899,0.7,25.7
118132,Motorcycle,1,Motorcycle / 3-wheel vehicle,opposite,90.0%,1335.599,1336.249,0.65,27.7
118293,Motorcycle,1,Motorcycle / 3-wheel vehicle,opposite,79.5%,1337.199,1338.099,0.9,20.0
118289,Car / Sedan,2,Sedan / jeep / station wagon,opposite,93.4%,1337.399,1338.149,0.75,24.0
118319,Motorcycle,1,Motorcycle / 3-wheel vehicle,opposite,86.3%,1337.749,1338.399,0.65,27.7
118348,Motorcycle,1,Motorcycle / 3-wheel vehicle,opposite,89.2%,1337.999,1338.749,0.75,24.0
118310,Motorcycle,1,Motorcycle / 3-wheel vehicle,opposite,79.5%,1338.549,1340.349,1.8,10.0
118378,Motorcycle,1,Motorcycle / 3-wheel vehicle,opposite,74.4%,1338.599,1339.199,0.6,30.0
118392,Motorcycle,1,Motorcycle / 3-wheel vehicle,normal,84.5%,1340.049,1338.799,1.25,14.4
118417,Motorcycle,1,Motorcycle / 3-wheel vehicle,opposite,89.7%,1338.899,1339.499,0.6,30.0
118481,Motorcycle,1,Motorcycle / 3-wheel vehicle,opposite,54.0%,1339.749,1340.349,0.6,30.0
118579,Motorcycle,1,Motorcycle / 3-wheel vehicle,opposite,81.4%,1340.999,1341.849,0.85,21.2
118600,Motorcycle,1,Motorcycle / 3-wheel vehicle,normal,80.7%,1342.549,1341.449,1.1,16.4
118663,Motorcycle,1,Motorcycle / 3-wheel vehicle,opposite,91.6%,1342.449,1343.149,0.7,25.7
118706,Motorcycle,1,Motorcycle / 3-wheel vehicle,opposite,87.3%,1342.949,1343.749,0.8,22.5
118685,Motorcycle,1,Motorcycle / 3-wheel vehicle,normal,85.0%,1344.399,1343.299,1.1,16.4
118731,Motorcycle,1,Motorcycle / 3-wheel vehicle,opposite,88.8%,1343.349,1344.149,0.8,22.5
118777,Motorcycle,1,Motorcycle / 3-wheel vehicle,opposite,84.8%,1343.999,1344.899,0.9,20.0
118804,Motorcycle,1,Motorcycle / 3-wheel vehicle,opposite,89.2%,1344.498,1345.149,0.65,27.7
118919,Motorcycle,1,Motorcycle / 3-wheel vehicle,opposite,89.2%,1345.548,1346.448,0.9,20.0
119014,Motorcycle,1,Motorcycle / 3-wheel vehicle,opposite,89.4%,1346.398,1347.348,0.95,18.9
119087,Motorcycle,1,Motorcycle / 3-wheel vehicle,opposite,87.3%,1347.098,1348.098,1.0,18.0
119091,Motorcycle,1,Motorcycle / 3-wheel vehicle,opposite,90.3%,1347.198,1347.948,0.75,24.0
119159,Car / Sedan,2,Sedan / jeep / station wagon,opposite,81.4%,1348.148,1349.048,0.9,20.0
119223,Motorcycle,1,Motorcycle / 3-wheel vehicle,opposite,71.6%,1348.748,1349.798,1.05,17.1
119229,Motorcycle,1,Motorcycle / 3-wheel vehicle,opposite,88.8%,1348.848,1349.698,0.85,21.2
119256,Motorcycle,1,Motorcycle / 3-wheel vehicle,opposite,87.5%,1349.348,1350.448,1.1,16.4
119250,Car / Sedan,2,Sedan / jeep / station wagon,opposite,93.0%,1349.598,1350.548,0.95,18.9
119307,Motorcycle,1,Motorcycle / 3-wheel vehicle,opposite,88.7%,1350.098,1351.148,1.05,17.1
119304,Motorcycle,1,Motorcycle / 3-wheel vehicle,opposite,90.0%,1350.148,1351.098,0.95,18.9
119376,Motorcycle,1,Motorcycle / 3-wheel vehicle,opposite,87.7%,1350.698,1351.548,0.85,21.2
119361,Motorcycle,1,Motorcycle / 3-wheel vehicle,opposite,85.6%,1350.798,1351.848,1.05,17.1
119128,Public Transportation (Angkot),3,Medium passenger vehicle,normal,88.1%,1352.798,1350.848,1.95,9.2
119413,Motorcycle,1,Motorcycle / 3-wheel vehicle,opposite,88.6%,1351.448,1352.298,0.85,21.2
119456,Motorcycle,1,Motorcycle / 3-wheel vehicle,opposite,86.1%,1351.948,1352.898,0.95,18.9
119478,Car / Sedan,2,Sedan / jeep / station wagon,opposite,88.8%,1352.298,1353.248,0.95,18.9
119506,Motorcycle,1,Motorcycle / 3-wheel vehicle,opposite,89.6%,1352.748,1353.648,0.9,20.0
119514,Motorcycle,1,Motorcycle / 3-wheel vehicle,opposite,88.9%,1352.998,1353.898,0.9,20.0
119538,Motorcycle,1,Motorcycle / 3-wheel vehicle,opposite,88.9%,1353.348,1354.248,0.9,20.0
119627,Motorcycle,1,Motorcycle / 3-wheel vehicle,opposite,56.6%,1354.548,1355.348,0.8,22.5
119606,Motorcycle,1,Motorcycle / 3-wheel vehicle,opposite,88.9%,1354.598,1355.548,0.95,18.9
119685,Pickup / Micro Truck,4,Pickup / micro truck / delivery,opposite,85.3%,1355.948,1356.748,0.8,22.5
119722,Motorcycle,1,Motorcycle / 3-wheel vehicle,opposite,57.2%,1356.148,1357.098,0.95,18.9
119707,Motorcycle,1,Motorcycle / 3-wheel vehicle,normal,80.5%,1360.097,1356.548,3.55,5.1
119773,Motorcycle,1,Motorcycle / 3-wheel vehicle,opposite,89.1%,1357.048,1357.848,0.8,22.5
119844,Motorcycle,1,Motorcycle / 3-wheel vehicle,opposite,88.9%,1357.648,1358.247,0.6,30.0
119914,Motorcycle,1,Motorcycle / 3-wheel vehicle,opposite,90.5%,1358.797,1359.597,0.8,22.5
119915,Motorcycle,1,Motorcycle / 3-wheel vehicle,normal,84.9%,1361.947,1359.097,2.85,6.3
119926,Motorcycle,1,Motorcycle / 3-wheel vehicle,opposite,89.4%,1359.147,1359.897,0.75,24.0
119764,Motorcycle,1,Motorcycle / 3-wheel vehicle,opposite,88.3%,1359.547,1361.147,1.6,11.3
120096,Motorcycle,1,Motorcycle / 3-wheel vehicle,opposite,89.2%,1361.797,1362.447,0.65,27.7
119916,Motorcycle,1,Motorcycle / 3-wheel vehicle,opposite,84.7%,1362.047,1364.397,2.35,7.7
120126,Motorcycle,1,Motorcycle / 3-wheel vehicle,opposite,88.8%,1362.297,1363.197,0.9,20.0
120168,Motorcycle,1,Motorcycle / 3-wheel vehicle,opposite,89.7%,1362.847,1363.697,0.85,21.2
120189,Motorcycle,1,Motorcycle / 3-wheel vehicle,opposite,88.8%,1363.297,1364.247,0.95,18.9
120210,Motorcycle,1,Motorcycle / 3-wheel vehicle,opposite,87.1%,1363.747,1364.647,0.9,20.0
120037,Car / Sedan,2,Sedan / jeep / station wagon,opposite,92.8%,1364.147,1366.397,2.25,8.0
120219,Motorcycle,1,Motorcycle / 3-wheel vehicle,opposite,86.3%,1364.147,1365.097,0.95,18.9
120248,Motorcycle,1,Motorcycle / 3-wheel vehicle,opposite,88.7%,1364.547,1365.447,0.9,20.0
120311,Motorcycle,1,Motorcycle / 3-wheel vehicle,opposite,85.8%,1365.297,1366.247,0.95,18.9
120331,Motorcycle,1,Motorcycle / 3-wheel vehicle,opposite,90.1%,1365.547,1366.497,0.95,18.9
120397,Motorcycle,1,Motorcycle / 3-wheel vehicle,opposite,80.9%,1366.397,1367.597,1.2,15.0
120403,Car / Sedan,2,Sedan / jeep / station wagon,opposite,92.0%,1367.047,1368.947,1.9,9.5
120604,Motorcycle,1,Motorcycle / 3-wheel vehicle,normal,82.3%,1371.347,1368.797,2.55,7.1
120557,Car / Sedan,2,Sedan / jeep / station wagon,opposite,92.2%,1369.397,1371.046,1.65,10.9
120654,Motorcycle,1,Motorcycle / 3-wheel vehicle,opposite,86.9%,1369.997,1371.197,1.2,15.0
120676,Pickup / Micro Truck,4,Pickup / micro truck / delivery,opposite,91.2%,1370.847,1372.346,1.5,12.0
120838,Motorcycle,1,Motorcycle / 3-wheel vehicle,opposite,85.8%,1372.296,1373.396,1.1,16.4
121084,Car / Sedan,2,Sedan / jeep / station wagon,opposite,91.4%,1377.296,1379.046,1.75,10.3
121128,Motorcycle,1,Motorcycle / 3-wheel vehicle,opposite,83.8%,1377.796,1379.996,2.2,8.2
121351,Motorcycle,1,Motorcycle / 3-wheel vehicle,opposite,89.8%,1379.146,1380.746,1.6,11.3
121380,Car / Sedan,2,Sedan / jeep / station wagon,opposite,92.9%,1379.496,1383.096,3.6,5.0
121403,Motorcycle,1,Motorcycle / 3-wheel vehicle,opposite,82.5%,1379.796,1381.246,1.45,12.4
121464,Motorcycle,1,Motorcycle / 3-wheel vehicle,opposite,80.6%,1380.396,1382.196,1.8,10.0
121562,Motorcycle,1,Motorcycle / 3-wheel vehicle,opposite,75.7%,1381.096,1383.446,2.35,7.7
121547,Pickup / Micro Truck,4,Pickup / micro truck / delivery,opposite,91.0%,1381.746,1383.946,2.2,8.2
121622,Car / Sedan,2,Sedan / jeep / station wagon,opposite,93.2%,1384.045,1386.145,2.1,8.6
121895,Motorcycle,1,Motorcycle / 3-wheel vehicle,opposite,83.7%,1385.545,1387.745,2.2,8.2
121838,Car / Sedan,2,Sedan / jeep / station wagon,opposite,93.2%,1386.395,1394.995,8.599,2.1
121993,Car / Sedan,2,Sedan / jeep / station wagon,opposite,62.5%,1388.545,1393.395,4.85,3.7
122576,Car / Sedan,2,Sedan / jeep / station wagon,opposite,91.7%,1395.795,1398.594,2.8,6.4
123073,Motorcycle,1,Motorcycle / 3-wheel vehicle,opposite,62.8%,1398.844,1400.544,1.7,10.6
122911,Car / Sedan,2,Sedan / jeep / station wagon,opposite,93.3%,1399.044,1401.444,2.4,7.5
123192,Motorcycle,1,Motorcycle / 3-wheel vehicle,opposite,71.7%,1400.394,1402.244,1.85,9.7
122848,Car / Sedan,2,Sedan / jeep / station wagon,opposite,82.4%,1401.094,1404.244,3.15,5.7
123301,Motorcycle,1,Motorcycle / 3-wheel vehicle,opposite,78.0%,1401.794,1403.994,2.2,8.2
123326,Motorcycle,1,Motorcycle / 3-wheel vehicle,opposite,88.7%,1402.244,1403.744,1.5,12.0
123393,Motorcycle,1,Motorcycle / 3-wheel vehicle,opposite,58.7%,1402.544,1403.994,1.45,12.4
123422,Motorcycle,1,Motorcycle / 3-wheel vehicle,opposite,88.6%,1402.944,1404.544,1.6,11.3
122942,Public Transportation (Angkot),3,Medium passenger vehicle,opposite,91.8%,1403.294,1406.244,2.95,6.1
123581,Motorcycle,1,Motorcycle / 3-wheel vehicle,opposite,60.1%,1404.594,1405.644,1.05,17.1
123285,Public Transportation (Angkot),3,Medium passenger vehicle,opposite,89.4%,1406.244,1408.244,2.0,9.0
123631,Car / Sedan,2,Sedan / jeep / station wagon,opposite,93.5%,1406.944,1409.544,2.6,6.9
123795,Motorcycle,1,Motorcycle / 3-wheel vehicle,opposite,85.6%,1407.094,1408.244,1.15,15.7
123979,Motorcycle,1,Motorcycle / 3-wheel vehicle,opposite,61.1%,1408.844,1410.244,1.4,12.9
123935,Motorcycle,1,Motorcycle / 3-wheel vehicle,opposite,83.1%,1409.344,1410.694,1.35,13.3
124016,2-Axle Truck (Jumbo),6,2-Axle Truck,opposite,92.5%,1409.694,1411.793,2.1,8.6
124022,Motorcycle,1,Motorcycle / 3-wheel vehicle,opposite,85.6%,1409.894,1411.494,1.6,11.3
124300,Car / Sedan,2,Sedan / jeep / station wagon,opposite,85.5%,1411.943,1413.643,1.7,10.6
124340,Motorcycle,1,Motorcycle / 3-wheel vehicle,opposite,83.4%,1412.843,1414.543,1.7,10.6
124364,Motorcycle,1,Motorcycle / 3-wheel vehicle,opposite,83.5%,1413.343,1414.793,1.45,12.4
124223,Car / Sedan,2,Sedan / jeep / station wagon,opposite,92.0%,1413.893,1416.043,2.15,8.4
124456,Motorcycle,1,Motorcycle / 3-wheel vehicle,opposite,83.8%,1414.093,1415.793,1.7,10.6
124428,Motorcycle,1,Motorcycle / 3-wheel vehicle,opposite,88.8%,1414.643,1416.593,1.95,9.2
124561,Motorcycle,1,Motorcycle / 3-wheel vehicle,opposite,90.1%,1415.443,1417.293,1.85,9.7
124733,Motorcycle,1,Motorcycle / 3-wheel vehicle,opposite,83.7%,1416.893,1420.193,3.3,5.5
124742,Car / Sedan,2,Sedan / jeep / station wagon,opposite,40.3%,1417.643,1419.193,1.55,11.6
124826,Motorcycle,1,Motorcycle / 3-wheel vehicle,opposite,58.6%,1418.643,1420.043,1.4,12.9
124876,Motorcycle,1,Motorcycle / 3-wheel vehicle,opposite,88.2%,1418.943,1420.743,1.8,10.0
124699,Car / Sedan,2,Sedan / jeep / station wagon,opposite,91.8%,1420.593,1423.293,2.7,6.7
125160,Motorcycle,1,Motorcycle / 3-wheel vehicle,opposite,89.1%,1421.493,1422.843,1.35,13.3
125001,Motorcycle,1,Motorcycle / 3-wheel vehicle,opposite,74.0%,1421.593,1423.943,2.35,7.7
125258,Motorcycle,1,Motorcycle / 3-wheel vehicle,opposite,89.0%,1422.543,1423.693,1.15,15.7
125329,Motorcycle,1,Motorcycle / 3-wheel vehicle,normal,69.0%,1426.192,1423.193,3.0,6.0
125374,Motorcycle,1,Motorcycle / 3-wheel vehicle,opposite,88.0%,1423.693,1424.743,1.05,17.1
125169,Car / Sedan,2,Sedan / jeep / station wagon,opposite,93.2%,1423.842,1426.192,2.35,7.7
125448,Motorcycle,1,Motorcycle / 3-wheel vehicle,opposite,89.1%,1424.392,1425.542,1.15,15.7
125536,Motorcycle,1,Motorcycle / 3-wheel vehicle,opposite,88.5%,1425.142,1426.242,1.1,16.4
125409,Car / Sedan,2,Sedan / jeep / station wagon,opposite,93.3%,1425.892,1428.142,2.25,8.0
125643,Motorcycle,1,Motorcycle / 3-wheel vehicle,opposite,90.3%,1426.242,1427.192,0.95,18.9
125709,Motorcycle,1,Motorcycle / 3-wheel vehicle,normal,45.8%,1429.942,1427.242,2.7,6.7
125652,Car / Sedan,2,Sedan / jeep / station wagon,opposite,93.0%,1427.842,1429.742,1.9,9.5
125702,Motorcycle,1,Motorcycle / 3-wheel vehicle,normal,89.0%,1428.692,1432.192,3.5,5.1
125773,Motorcycle,1,Motorcycle / 3-wheel vehicle,normal,70.8%,1430.892,1428.842,2.05,8.8
125828,Car / Sedan,2,Sedan / jeep / station wagon,opposite,93.2%,1429.842,1431.742,1.9,9.5
125935,Motorcycle,1,Motorcycle / 3-wheel vehicle,opposite,88.2%,1429.992,1430.992,1.0,18.0
125883,Motorcycle,1,Motorcycle / 3-wheel vehicle,opposite,89.5%,1431.292,1433.192,1.9,9.5
126123,Motorcycle,1,Motorcycle / 3-wheel vehicle,opposite,90.0%,1431.692,1432.592,0.9,20.0
125866,Car / Sedan,2,Sedan / jeep / station wagon,normal,46.9%,1433.592,1431.742,1.85,9.7
126272,Car / Sedan,2,Sedan / jeep / station wagon,opposite,93.8%,1434.642,1435.992,1.35,13.3
126388,Motorcycle,1,Motorcycle / 3-wheel vehicle,opposite,86.5%,1434.892,1435.642,0.75,24.0
126331,2-Axle Truck (Jumbo),6,2-Axle Truck,normal,92.0%,1437.542,1436.142,1.4,12.9
126512,Car / Sedan,2,Sedan / jeep / station wagon,opposite,93.8%,1437.141,1438.441,1.3,13.8
126533,Car / Sedan,2,Sedan / jeep / station wagon,normal,90.0%,1440.691,1438.591,2.1,8.6
126825,Motorcycle,1,Motorcycle / 3-wheel vehicle,opposite,89.3%,1439.741,1440.641,0.9,20.0
126811,Motorcycle,1,Motorcycle / 3-wheel vehicle,normal,86.0%,1441.891,1439.941,1.95,9.2
126940,Motorcycle,1,Motorcycle / 3-wheel vehicle,opposite,87.8%,1441.041,1441.991,0.95,18.9
126889,Motorcycle,1,Motorcycle / 3-wheel vehicle,normal,83.3%,1442.741,1441.341,1.4,12.9
126968,Motorcycle,1,Motorcycle / 3-wheel vehicle,normal,86.5%,1442.991,1441.941,1.05,17.1
127033,Motorcycle,1,Motorcycle / 3-wheel vehicle,normal,84.4%,1445.341,1442.891,2.45,7.3
127185,Motorcycle,1,Motorcycle / 3-wheel vehicle,opposite,86.4%,1443.491,1444.291,0.8,22.5
127190,Car / Sedan,2,Sedan / jeep / station wagon,opposite,93.5%,1444.541,1446.141,1.6,11.3
126947,Motorcycle,1,Motorcycle / 3-wheel vehicle,opposite,87.4%,1444.991,1446.991,2.0,9.0
127201,Car / Sedan,2,Sedan / jeep / station wagon,normal,90.0%,1449.091,1444.991,4.1,4.4
127369,Motorcycle,1,Motorcycle / 3-wheel vehicle,opposite,75.7%,1445.591,1446.791,1.2,15.0
127261,Motorcycle,1,Motorcycle / 3-wheel vehicle,normal,84.8%,1448.991,1445.691,3.3,5.5
127266,Motorcycle,1,Motorcycle / 3-wheel vehicle,opposite,84.1%,1446.441,1448.441,2.0,9.0
127438,Motorcycle,1,Motorcycle / 3-wheel vehicle,opposite,87.6%,1446.441,1447.341,0.9,20.0
127357,Car / Sedan,2,Sedan / jeep / station wagon,opposite,93.3%,1446.591,1448.441,1.85,9.7
127515,Motorcycle,1,Motorcycle / 3-wheel vehicle,opposite,72.3%,1447.441,1448.241,0.8,22.5
127448,Motorcycle,1,Motorcycle / 3-wheel vehicle,opposite,87.2%,1447.791,1449.241,1.45,12.4
127373,Motorcycle,1,Motorcycle / 3-wheel vehicle,opposite,86.3%,1448.291,1450.541,2.25,8.0
127627,Motorcycle,1,Motorcycle / 3-wheel vehicle,opposite,87.9%,1449.091,1450.14,1.05,17.1
127495,Car / Sedan,2,Sedan / jeep / station wagon,normal,56.2%,1452.49,1449.241,3.25,5.5
127651,Motorcycle,1,Motorcycle / 3-wheel vehicle,opposite,87.2%,1449.541,1450.69,1.15,15.7
127543,Car / Sedan,2,Sedan / jeep / station wagon,opposite,93.6%,1450.19,1452.84,2.65,6.8
127816,Motorcycle,1,Motorcycle / 3-wheel vehicle,opposite,85.9%,1451.84,1452.59,0.75,24.0
127734,Car / Sedan,2,Sedan / jeep / station wagon,normal,91.7%,1453.84,1452.24,1.6,11.3
127913,Motorcycle,1,Motorcycle / 3-wheel vehicle,normal,81.4%,1456.09,1453.94,2.15,8.4
127957,Motorcycle,1,Motorcycle / 3-wheel vehicle,opposite,84.5%,1454.04,1455.09,1.05,17.1
128074,Motorcycle,1,Motorcycle / 3-wheel vehicle,normal,79.1%,1457.19,1455.79,1.4,12.9
128042,Car / Sedan,2,Sedan / jeep / station wagon,normal,90.9%,1458.24,1456.74,1.5,12.0
128331,Motorcycle,1,Motorcycle / 3-wheel vehicle,normal,79.5%,1459.34,1458.34,1.0,18.0
128230,Public Transportation (Angkot),3,Medium passenger vehicle,normal,81.6%,1461.54,1458.54,3.0,6.0
128140,Public Transportation (Angkot),3,Medium passenger vehicle,normal,92.7%,1460.14,1458.74,1.4,12.9
128417,Motorcycle,1,Motorcycle / 3-wheel vehicle,opposite,89.9%,1459.74,1460.59,0.85,21.2
128391,Public Transportation (Angkot),3,Medium passenger vehicle,normal,57.0%,1464.189,1461.29,2.9,6.2
128544,Car / Sedan,2,Sedan / jeep / station wagon,opposite,93.5%,1461.54,1462.69,1.15,15.7
128290,Car / Sedan,2,Sedan / jeep / station wagon,normal,87.2%,1463.389,1461.94,1.45,12.4
128648,Motorcycle,1,Motorcycle / 3-wheel vehicle,normal,69.0%,1464.29,1462.84,1.45,12.4
128711,Motorcycle,1,Motorcycle / 3-wheel vehicle,opposite,87.4%,1463.389,1464.239,0.85,21.2
128809,Car / Sedan,2,Sedan / jeep / station wagon,opposite,93.3%,1464.489,1465.189,0.7,25.7
128859,Motorcycle,1,Motorcycle / 3-wheel vehicle,opposite,88.7%,1464.839,1465.689,0.85,21.2
128936,Motorcycle,1,Motorcycle / 3-wheel vehicle,opposite,89.6%,1465.539,1466.139,0.6,30.0
128616,Car / Sedan,2,Sedan / jeep / station wagon,normal,58.0%,1469.039,1465.789,3.25,5.5
128817,Car / Sedan,2,Sedan / jeep / station wagon,normal,91.3%,1467.339,1466.039,1.3,13.8
129034,Motorcycle,1,Motorcycle / 3-wheel vehicle,opposite,87.5%,1466.789,1467.989,1.2,15.0
129080,Motorcycle,1,Motorcycle / 3-wheel vehicle,normal,58.6%,1471.139,1467.289,3.85,4.7
129011,Motorcycle,1,Motorcycle / 3-wheel vehicle,normal,84.5%,1469.089,1467.639,1.45,12.4
129142,Motorcycle,1,Motorcycle / 3-wheel vehicle,normal,85.2%,1469.539,1467.989,1.55,11.6
129174,Motorcycle,1,Motorcycle / 3-wheel vehicle,normal,48.5%,1472.139,1468.939,3.2,5.6
129254,Motorcycle,1,Motorcycle / 3-wheel vehicle,opposite,90.0%,1469.489,1470.239,0.75,24.0
129214,Motorcycle,1,Motorcycle / 3-wheel vehicle,normal,85.4%,1471.639,1469.989,1.65,10.9
129556,Motorcycle,1,Motorcycle / 3-wheel vehicle,opposite,89.4%,1473.039,1473.539,0.5,36.0
129571,Motorcycle,1,Motorcycle / 3-wheel vehicle,normal,86.4%,1476.439,1474.639,1.8,10.0
129567,Motorcycle,1,Motorcycle / 3-wheel vehicle,opposite,90.8%,1474.689,1476.539,1.85,9.7
129775,Motorcycle,1,Motorcycle / 3-wheel vehicle,opposite,88.9%,1475.739,1476.139,0.4,45.0
129694,Motorcycle,1,Motorcycle / 3-wheel vehicle,opposite,89.6%,1476.339,1477.938,1.6,11.3
129832,Motorcycle,1,Motorcycle / 3-wheel vehicle,normal,47.2%,1479.088,1476.839,2.25,8.0
129872,Motorcycle,1,Motorcycle / 3-wheel vehicle,normal,84.6%,1478.188,1477.339,0.85,21.2
129778,Motorcycle,1,Motorcycle / 3-wheel vehicle,normal,66.4%,1479.988,1477.839,2.15,8.4
130124,Car / Sedan,2,Sedan / jeep / station wagon,opposite,92.8%,1481.388,1499.387,17.999,1.0
130097,Car / Sedan,2,Sedan / jeep / station wagon,normal,91.5%,1483.738,1481.388,2.35,7.7
130201,Motorcycle,1,Motorcycle / 3-wheel vehicle,opposite,89.9%,1481.688,1482.988,1.3,13.8
130255,Motorcycle,1,Motorcycle / 3-wheel vehicle,opposite,90.2%,1482.438,1483.838,1.4,12.9
130138,Car / Sedan,2,Sedan / jeep / station wagon,normal,89.4%,1485.488,1482.938,2.55,7.1
130338,2-Axle Truck (Jumbo),6,2-Axle Truck,normal,89.7%,1487.338,1485.238,2.1,8.6
131091,Motorcycle,1,Motorcycle / 3-wheel vehicle,normal,86.5%,1491.487,1490.537,0.95,18.9
130999,Motorcycle,1,Motorcycle / 3-wheel vehicle,normal,85.9%,1492.137,1491.088,1.05,17.1
131224,Motorcycle,1,Motorcycle / 3-wheel vehicle,opposite,88.5%,1492.787,1494.587,1.8,10.0
131404,Motorcycle,1,Motorcycle / 3-wheel vehicle,opposite,88.9%,1494.387,1495.687,1.3,13.8
131211,Pickup / Micro Truck,4,Pickup / micro truck / delivery,opposite,92.1%,1494.937,1497.637,2.7,6.7
131610,Public Transportation (Angkot),3,Medium passenger vehicle,opposite,93.5%,1497.637,1499.537,1.9,9.5
131748,Motorcycle,1,Motorcycle / 3-wheel vehicle,opposite,88.8%,1498.137,1499.487,1.35,13.3
131929,Motorcycle,1,Motorcycle / 3-wheel vehicle,normal,75.8%,1500.787,1499.687,1.1,16.4
131941,Motorcycle,1,Motorcycle / 3-wheel vehicle,normal,81.5%,1501.087,1500.037,1.05,17.1
132092,Public Transportation (Angkot),3,Medium passenger vehicle,opposite,91.9%,1502.987,1505.336,2.35,7.7
132228,Motorcycle,1,Motorcycle / 3-wheel vehicle,opposite,88.8%,1504.036,1506.786,2.75,6.5
132501,Car / Sedan,2,Sedan / jeep / station wagon,normal,90.4%,1506.886,1505.536,1.35,13.3
132559,Motorcycle,1,Motorcycle / 3-wheel vehicle,opposite,77.7%,1506.386,1507.886,1.5,12.0
132569,Car / Sedan,2,Sedan / jeep / station wagon,opposite,93.7%,1506.936,1508.186,1.25,14.4
132866,Motorcycle,1,Motorcycle / 3-wheel vehicle,normal,84.5%,1511.236,1509.786,1.45,12.4
132932,Car / Sedan,2,Sedan / jeep / station wagon,opposite,60.0%,1510.186,1511.136,0.95,18.9
132918,Motorcycle,1,Motorcycle / 3-wheel vehicle,normal,64.1%,1511.736,1510.586,1.15,15.7
133057,Motorcycle,1,Motorcycle / 3-wheel vehicle,normal,85.1%,1513.886,1511.686,2.2,8.2
133049,Car / Sedan,2,Sedan / jeep / station wagon,opposite,93.2%,1511.886,1512.836,0.95,18.9
133081,Motorcycle,1,Motorcycle / 3-wheel vehicle,normal,84.5%,1513.236,1512.336,0.9,20.0
132993,Motorcycle,1,Motorcycle / 3-wheel vehicle,normal,84.6%,1514.536,1513.236,1.3,13.8
133178,Motorcycle,1,Motorcycle / 3-wheel vehicle,normal,81.6%,1515.536,1514.186,1.35,13.3
133435,Pickup / Micro Truck,4,Pickup / micro truck / delivery,opposite,93.2%,1517.186,1518.535,1.35,13.3
133632,Motorcycle,1,Motorcycle / 3-wheel vehicle,opposite,89.3%,1519.235,1519.735,0.5,36.0
133601,Motorcycle,1,Motorcycle / 3-wheel vehicle,normal,85.0%,1524.035,1519.385,4.65,3.9
133370,Motorcycle,1,Motorcycle / 3-wheel vehicle,opposite,66.8%,1520.785,1522.635,1.85,9.7
133229,Motorcycle,1,Motorcycle / 3-wheel vehicle,opposite,79.7%,1521.435,1523.235,1.8,10.0
133821,Motorcycle,1,Motorcycle / 3-wheel vehicle,opposite,87.8%,1521.435,1521.985,0.55,32.7
133633,Car / Sedan,2,Sedan / jeep / station wagon,normal,88.5%,1529.235,1521.585,7.649,2.4
133515,Motorcycle,1,Motorcycle / 3-wheel vehicle,opposite,89.3%,1522.485,1524.735,2.25,8.0
133955,Motorcycle,1,Motorcycle / 3-wheel vehicle,opposite,87.5%,1522.935,1523.685,0.75,24.0
133964,Motorcycle,1,Motorcycle / 3-wheel vehicle,opposite,85.1%,1523.335,1524.585,1.25,14.4
133892,Motorcycle,1,Motorcycle / 3-wheel vehicle,opposite,87.2%,1524.135,1525.885,1.75,10.3
133980,Motorcycle,1,Motorcycle / 3-wheel vehicle,opposite,90.0%,1525.085,1526.685,1.6,11.3
134051,Motorcycle,1,Motorcycle / 3-wheel vehicle,opposite,90.6%,1525.735,1527.335,1.6,11.3
134244,Motorcycle,1,Motorcycle / 3-wheel vehicle,opposite,85.2%,1526.835,1527.785,0.95,18.9
134166,Car / Sedan,2,Sedan / jeep / station wagon,opposite,92.9%,1527.435,1529.235,1.8,10.0
133721,Car / Sedan,2,Sedan / jeep / station wagon,normal,88.8%,1531.934,1527.435,4.5,4.0
134294,Motorcycle,1,Motorcycle / 3-wheel vehicle,opposite,87.9%,1527.585,1528.585,1.0,18.0
134374,Motorcycle,1,Motorcycle / 3-wheel vehicle,opposite,84.8%,1528.435,1529.535,1.1,16.4
134380,Motorcycle,1,Motorcycle / 3-wheel vehicle,opposite,89.3%,1528.635,1529.585,0.95,18.9
134429,Motorcycle,1,Motorcycle / 3-wheel vehicle,opposite,88.7%,1529.135,1530.235,1.1,16.4
134491,Motorcycle,1,Motorcycle / 3-wheel vehicle,opposite,88.9%,1529.784,1530.834,1.05,17.1
134490,Motorcycle,1,Motorcycle / 3-wheel vehicle,opposite,89.1%,1529.985,1531.084,1.1,16.4
134542,Motorcycle,1,Motorcycle / 3-wheel vehicle,opposite,87.8%,1530.185,1531.284,1.1,16.4
134535,Motorcycle,1,Motorcycle / 3-wheel vehicle,opposite,90.3%,1530.334,1531.234,0.9,20.0
134563,Motorcycle,1,Motorcycle / 3-wheel vehicle,opposite,91.2%,1530.685,1531.584,0.9,20.0
133963,Car / Sedan,2,Sedan / jeep / station wagon,normal,82.3%,1533.934,1531.484,2.45,7.3
134639,Motorcycle,1,Motorcycle / 3-wheel vehicle,opposite,89.8%,1531.684,1532.484,0.8,22.5
134690,Motorcycle,1,Motorcycle / 3-wheel vehicle,opposite,85.4%,1531.684,1532.484,0.8,22.5
134745,Motorcycle,1,Motorcycle / 3-wheel vehicle,opposite,87.1%,1532.584,1533.434,0.85,21.2
134340,Public Transportation (Angkot),3,Medium passenger vehicle,normal,92.7%,1535.784,1533.834,1.95,9.2
134895,Motorcycle,1,Motorcycle / 3-wheel vehicle,opposite,89.4%,1533.884,1534.734,0.85,21.2
134937,Motorcycle,1,Motorcycle / 3-wheel vehicle,opposite,89.9%,1534.284,1535.034,0.75,24.0
135044,Motorcycle,1,Motorcycle / 3-wheel vehicle,opposite,89.6%,1534.834,1535.434,0.6,30.0
135045,Motorcycle,1,Motorcycle / 3-wheel vehicle,opposite,89.8%,1535.234,1535.984,0.75,24.0
134882,Car / Sedan,2,Sedan / jeep / station wagon,normal,91.9%,1538.084,1536.284,1.8,10.0
135210,Motorcycle,1,Motorcycle / 3-wheel vehicle,opposite,90.1%,1536.484,1537.284,0.8,22.5
135297,Motorcycle,1,Motorcycle / 3-wheel vehicle,opposite,90.5%,1537.484,1538.234,0.75,24.0
135308,Motorcycle,1,Motorcycle / 3-wheel vehicle,normal,85.1%,1538.884,1537.634,1.25,14.4
135374,Motorcycle,1,Motorcycle / 3-wheel vehicle,opposite,89.7%,1538.334,1539.034,0.7,25.7
135414,Motorcycle,1,Motorcycle / 3-wheel vehicle,opposite,89.7%,1538.784,1539.584,0.8,22.5
135432,Motorcycle,1,Motorcycle / 3-wheel vehicle,opposite,89.8%,1538.834,1539.534,0.7,25.7
135025,Car / Sedan,2,Sedan / jeep / station wagon,normal,91.4%,1540.434,1538.834,1.6,11.3
135364,Motorcycle,1,Motorcycle / 3-wheel vehicle,opposite,89.5%,1539.134,1539.784,0.65,27.7
135523,Motorcycle,1,Motorcycle / 3-wheel vehicle,opposite,89.8%,1539.684,1540.334,0.65,27.7
135522,Motorcycle,1,Motorcycle / 3-wheel vehicle,opposite,85.4%,1539.834,1540.834,1.0,18.0
135480,Motorcycle,1,Motorcycle / 3-wheel vehicle,normal,85.0%,1541.784,1540.634,1.15,15.7
135646,Motorcycle,1,Motorcycle / 3-wheel vehicle,opposite,89.9%,1540.834,1541.534,0.7,25.7
135669,Motorcycle,1,Motorcycle / 3-wheel vehicle,opposite,89.4%,1540.934,1541.584,0.65,27.7
135724,Motorcycle,1,Motorcycle / 3-wheel vehicle,opposite,89.5%,1541.484,1542.234,0.75,24.0
135700,Motorcycle,1,Motorcycle / 3-wheel vehicle,opposite,77.7%,1541.534,1542.584,1.05,17.1
135647,Car / Sedan,2,Sedan / jeep / station wagon,normal,90.8%,1543.684,1542.234,1.45,12.4
135842,Motorcycle,1,Motorcycle / 3-wheel vehicle,opposite,89.6%,1542.984,1543.633,0.65,27.7
135920,Motorcycle,1,Motorcycle / 3-wheel vehicle,opposite,86.4%,1543.984,1544.933,0.95,18.9
135735,Car / Sedan,2,Sedan / jeep / station wagon,normal,91.5%,1545.533,1543.984,1.55,11.6
135959,Motorcycle,1,Motorcycle / 3-wheel vehicle,normal,75.7%,1547.133,1545.183,1.95,9.2
136035,Public Transportation (Angkot),3,Medium passenger vehicle,opposite,93.8%,1545.483,1546.583,1.1,16.4
136102,Motorcycle,1,Motorcycle / 3-wheel vehicle,opposite,91.7%,1545.783,1546.483,0.7,25.7
136181,Motorcycle,1,Motorcycle / 3-wheel vehicle,opposite,88.9%,1546.633,1547.333,0.7,25.7
136207,Motorcycle,1,Motorcycle / 3-wheel vehicle,opposite,86.2%,1547.133,1548.183,1.05,17.1
136231,Motorcycle,1,Motorcycle / 3-wheel vehicle,opposite,89.5%,1547.183,1547.833,0.65,27.7
136317,Motorcycle,1,Motorcycle / 3-wheel vehicle,opposite,82.8%,1548.233,1549.233,1.0,18.0
136194,Car / Sedan,2,Sedan / jeep / station wagon,normal,88.5%,1552.733,1548.533,4.2,4.3
136303,Motorcycle,1,Motorcycle / 3-wheel vehicle,normal,83.0%,1550.133,1548.833,1.3,13.8
136444,Motorcycle,1,Motorcycle / 3-wheel vehicle,opposite,86.6%,1549.383,1550.133,0.75,24.0
136389,Pickup / Micro Truck,4,Pickup / micro truck / delivery,normal,52.2%,1551.883,1550.183,1.7,10.6
136353,Motorcycle,1,Motorcycle / 3-wheel vehicle,opposite,89.0%,1550.533,1551.233,0.7,25.7
136620,Motorcycle,1,Motorcycle / 3-wheel vehicle,opposite,89.8%,1550.683,1551.233,0.55,32.7
136690,Motorcycle,1,Motorcycle / 3-wheel vehicle,opposite,89.5%,1551.483,1552.083,0.6,30.0
136655,Motorcycle,1,Motorcycle / 3-wheel vehicle,opposite,89.1%,1551.933,1552.483,0.55,32.7
136713,Motorcycle,1,Motorcycle / 3-wheel vehicle,opposite,88.0%,1552.133,1553.183,1.05,17.1
136608,Motorcycle,1,Motorcycle / 3-wheel vehicle,opposite,89.4%,1552.533,1553.283,0.75,24.0
136581,Public Transportation (Angkot),3,Medium passenger vehicle,normal,91.8%,1560.232,1552.583,7.649,2.4
136671,Motorcycle,1,Motorcycle / 3-wheel vehicle,opposite,89.2%,1552.783,1553.483,0.7,25.7
136896,Motorcycle,1,Motorcycle / 3-wheel vehicle,opposite,89.9%,1554.383,1555.133,0.75,24.0
136925,Motorcycle,1,Motorcycle / 3-wheel vehicle,opposite,89.8%,1554.783,1555.683,0.9,20.0
136929,Motorcycle,1,Motorcycle / 3-wheel vehicle,opposite,89.3%,1554.883,1555.633,0.75,24.0
136969,Motorcycle,1,Motorcycle / 3-wheel vehicle,opposite,87.8%,1554.983,1555.583,0.6,30.0
136528,Motorcycle,1,Motorcycle / 3-wheel vehicle,opposite,87.6%,1555.733,1557.632,1.9,9.5
136728,Public Transportation (Angkot),3,Medium passenger vehicle,normal,85.7%,1564.182,1556.233,7.949,2.3
137030,Motorcycle,1,Motorcycle / 3-wheel vehicle,opposite,83.8%,1557.432,1558.982,1.55,11.6
137158,Motorcycle,1,Motorcycle / 3-wheel vehicle,opposite,78.6%,1557.532,1558.632,1.1,16.4
137130,Motorcycle,1,Motorcycle / 3-wheel vehicle,opposite,87.5%,1557.732,1559.482,1.75,10.3
137283,Motorcycle,1,Motorcycle / 3-wheel vehicle,opposite,89.8%,1558.382,1559.432,1.05,17.1
137345,Motorcycle,1,Motorcycle / 3-wheel vehicle,opposite,86.1%,1558.932,1560.082,1.15,15.7
137448,Motorcycle,1,Motorcycle / 3-wheel vehicle,opposite,89.0%,1559.882,1560.782,0.9,20.0
137174,Car / Sedan,2,Sedan / jeep / station wagon,opposite,92.9%,1560.332,1562.182,1.85,9.7
137542,Motorcycle,1,Motorcycle / 3-wheel vehicle,opposite,83.9%,1561.082,1561.982,0.9,20.0
137513,Motorcycle,1,Motorcycle / 3-wheel vehicle,opposite,87.2%,1561.732,1563.232,1.5,12.0
137613,Motorcycle,1,Motorcycle / 3-wheel vehicle,opposite,87.2%,1562.382,1563.532,1.15,15.7
137270,Car / Sedan,2,Sedan / jeep / station wagon,normal,90.5%,1565.832,1562.432,3.4,5.3
137527,Motorcycle,1,Motorcycle / 3-wheel vehicle,opposite,89.4%,1562.632,1564.382,1.75,10.3
137596,Motorcycle,1,Motorcycle / 3-wheel vehicle,opposite,90.8%,1563.582,1565.732,2.15,8.4
137737,Motorcycle,1,Motorcycle / 3-wheel vehicle,opposite,89.6%,1563.682,1564.732,1.05,17.1
137835,Motorcycle,1,Motorcycle / 3-wheel vehicle,opposite,87.9%,1564.382,1565.332,0.95,18.9
137836,Motorcycle,1,Motorcycle / 3-wheel vehicle,opposite,90.1%,1564.682,1565.732,1.05,17.1
137905,Motorcycle,1,Motorcycle / 3-wheel vehicle,opposite,90.5%,1565.182,1566.182,1.0,18.0
137953,Motorcycle,1,Motorcycle / 3-wheel vehicle,opposite,88.5%,1565.632,1566.632,1.0,18.0
138022,Motorcycle,1,Motorcycle / 3-wheel vehicle,opposite,90.6%,1566.382,1567.382,1.0,18.0
138048,Motorcycle,1,Motorcycle / 3-wheel vehicle,opposite,88.3%,1566.382,1567.482,1.1,16.4
138072,Motorcycle,1,Motorcycle / 3-wheel vehicle,normal,75.6%,1568.482,1566.832,1.65,10.9
138130,Motorcycle,1,Motorcycle / 3-wheel vehicle,opposite,89.5%,1567.482,1568.382,0.9,20.0
138236,Motorcycle,1,Motorcycle / 3-wheel vehicle,opposite,86.0%,1568.832,1569.982,1.15,15.7
138252,2-Axle Truck (Jumbo),6,2-Axle Truck,opposite,83.1%,1569.381,1570.282,0.9,20.0
138325,Motorcycle,1,Motorcycle / 3-wheel vehicle,opposite,90.0%,1569.982,1570.881,0.9,20.0
138354,Motorcycle,1,Motorcycle / 3-wheel vehicle,opposite,88.0%,1570.332,1571.331,1.0,18.0
138392,Motorcycle,1,Motorcycle / 3-wheel vehicle,opposite,86.6%,1570.681,1571.681,1.0,18.0
138429,Motorcycle,1,Motorcycle / 3-wheel vehicle,normal,60.5%,1574.781,1571.381,3.4,5.3
138338,Motorcycle,1,Motorcycle / 3-wheel vehicle,opposite,89.7%,1571.431,1572.231,0.8,22.5
138520,Motorcycle,1,Motorcycle / 3-wheel vehicle,opposite,89.1%,1572.131,1572.881,0.75,24.0
138561,Motorcycle,1,Motorcycle / 3-wheel vehicle,opposite,90.3%,1572.631,1573.331,0.7,25.7
138627,Motorcycle,1,Motorcycle / 3-wheel vehicle,opposite,91.4%,1573.481,1574.281,0.8,22.5
138689,Motorcycle,1,Motorcycle / 3-wheel vehicle,opposite,89.3%,1573.881,1574.581,0.7,25.7
138796,Motorcycle,1,Motorcycle / 3-wheel vehicle,normal,84.1%,1576.031,1575.231,0.8,22.5
138816,Motorcycle,1,Motorcycle / 3-wheel vehicle,opposite,88.7%,1575.431,1576.181,0.75,24.0
138885,Car / Sedan,2,Sedan / jeep / station wagon,opposite,93.4%,1576.731,1577.581,0.85,21.2
138920,Motorcycle,1,Motorcycle / 3-wheel vehicle,opposite,85.1%,1576.781,1577.531,0.75,24.0
139068,Motorcycle,1,Motorcycle / 3-wheel vehicle,normal,66.4%,1579.681,1578.381,1.3,13.8
139185,Motorcycle,1,Motorcycle / 3-wheel vehicle,normal,82.0%,1581.281,1579.581,1.7,10.6
139285,Motorcycle,1,Motorcycle / 3-wheel vehicle,normal,84.5%,1581.831,1580.381,1.45,12.4
139274,Motorcycle,1,Motorcycle / 3-wheel vehicle,normal,85.2%,1581.981,1581.181,0.8,22.5
139424,Motorcycle,1,Motorcycle / 3-wheel vehicle,opposite,85.2%,1582.73,1583.88,1.15,15.7
139536,Motorcycle,1,Motorcycle / 3-wheel vehicle,opposite,89.9%,1583.781,1584.48,0.7,25.7
139600,Motorcycle,1,Motorcycle / 3-wheel vehicle,opposite,90.2%,1584.58,1585.28,0.7,25.7
139630,Motorcycle,1,Motorcycle / 3-wheel vehicle,normal,60.7%,1587.33,1585.13,2.2,8.2
139637,Motorcycle,1,Motorcycle / 3-wheel vehicle,opposite,87.6%,1585.33,1586.13,0.8,22.5
139560,Motorcycle,1,Motorcycle / 3-wheel vehicle,normal,82.0%,1588.38,1585.73,2.65,6.8
139779,Car / Sedan,2,Sedan / jeep / station wagon,opposite,93.4%,1587.38,1588.38,1.0,18.0
139856,Motorcycle,1,Motorcycle / 3-wheel vehicle,opposite,84.9%,1588.33,1589.18,0.85,21.2
139984,Motorcycle,1,Motorcycle / 3-wheel vehicle,normal,85.2%,1593.73,1590.78,2.95,6.1
140043,2-Axle Truck (Jumbo),6,2-Axle Truck,opposite,93.3%,1591.43,1592.53,1.1,16.4
140115,Motorcycle,1,Motorcycle / 3-wheel vehicle,opposite,85.5%,1591.78,1592.73,0.95,18.9
140207,Motorcycle,1,Motorcycle / 3-wheel vehicle,opposite,52.0%,1592.93,1594.08,1.15,15.7
140203,Car / Sedan,2,Sedan / jeep / station wagon,opposite,92.6%,1593.33,1594.38,1.05,17.1
140277,Motorcycle,1,Motorcycle / 3-wheel vehicle,normal,84.6%,1601.579,1594.78,6.799,2.6
140353,Car / Sedan,2,Sedan / jeep / station wagon,opposite,93.2%,1594.88,1595.88,1.0,18.0
139951,Car / Sedan,2,Sedan / jeep / station wagon,opposite,93.0%,1596.53,1598.929,2.4,7.5
140415,Motorcycle,1,Motorcycle / 3-wheel vehicle,opposite,83.1%,1597.729,1599.429,1.7,10.6
140721,Motorcycle,1,Motorcycle / 3-wheel vehicle,opposite,86.9%,1599.929,1601.229,1.3,13.8
140670,Car / Sedan,2,Sedan / jeep / station wagon,opposite,89.6%,1600.229,1602.379,2.15,8.4
140726,Motorcycle,1,Motorcycle / 3-wheel vehicle,opposite,89.2%,1600.279,1601.579,1.3,13.8
140697,Motorcycle,1,Motorcycle / 3-wheel vehicle,opposite,86.2%,1600.829,1602.329,1.5,12.0
140790,Motorcycle,1,Motorcycle / 3-wheel vehicle,opposite,89.2%,1600.979,1602.579,1.6,11.3
140832,Motorcycle,1,Motorcycle / 3-wheel vehicle,opposite,88.0%,1601.629,1603.029,1.4,12.9
140906,Motorcycle,1,Motorcycle / 3-wheel vehicle,opposite,87.3%,1602.379,1603.679,1.3,13.8
140962,Motorcycle,1,Motorcycle / 3-wheel vehicle,opposite,82.6%,1602.779,1604.079,1.3,13.8
140963,Motorcycle,1,Motorcycle / 3-wheel vehicle,opposite,88.8%,1604.129,1605.379,1.25,14.4
141129,Motorcycle,1,Motorcycle / 3-wheel vehicle,opposite,53.9%,1604.579,1605.829,1.25,14.4
141204,Motorcycle,1,Motorcycle / 3-wheel vehicle,opposite,89.1%,1605.229,1606.479,1.25,14.4
140861,Car / Sedan,2,Sedan / jeep / station wagon,opposite,93.3%,1605.479,1607.579,2.1,8.6
141406,Motorcycle,1,Motorcycle / 3-wheel vehicle,opposite,70.9%,1607.229,1608.179,0.95,18.9
141436,Motorcycle,1,Motorcycle / 3-wheel vehicle,opposite,87.7%,1607.579,1608.479,0.9,20.0
141478,Motorcycle,1,Motorcycle / 3-wheel vehicle,normal,82.8%,1611.578,1607.629,3.95,4.6
141321,Car / Sedan,2,Sedan / jeep / station wagon,opposite,92.5%,1607.829,1609.678,1.85,9.7
141543,Car / Sedan,2,Sedan / jeep / station wagon,opposite,93.9%,1610.079,1611.578,1.5,12.0
141685,Motorcycle,1,Motorcycle / 3-wheel vehicle,normal,76.2%,1613.678,1610.478,3.2,5.6
141786,Car / Sedan,2,Sedan / jeep / station wagon,opposite,91.7%,1611.228,1612.878,1.65,10.9
141911,Motorcycle,1,Motorcycle / 3-wheel vehicle,normal,48.4%,1614.778,1612.778,2.0,9.0
141953,2-Axle Truck (Jumbo),6,2-Axle Truck,opposite,91.6%,1613.378,1615.128,1.75,10.3
142172,Car / Sedan,2,Sedan / jeep / station wagon,opposite,90.1%,1614.978,1616.028,1.05,17.1
142136,Motorcycle,1,Motorcycle / 3-wheel vehicle,normal,86.4%,1615.328,1618.878,3.55,5.1
142233,Motorcycle,1,Motorcycle / 3-wheel vehicle,opposite,87.9%,1615.378,1616.728,1.35,13.3
142346,Motorcycle,1,Motorcycle / 3-wheel vehicle,normal,64.0%,1617.828,1616.178,1.65,10.9
142382,Motorcycle,1,Motorcycle / 3-wheel vehicle,normal,75.5%,1619.078,1617.328,1.75,10.3
142344,Car / Sedan,2,Sedan / jeep / station wagon,normal,89.8%,1619.428,1617.678,1.75,10.3
142612,Car / Sedan,2,Sedan / jeep / station wagon,opposite,93.8%,1619.328,1620.828,1.5,12.0
142806,Car / Sedan,2,Sedan / jeep / station wagon,opposite,93.0%,1620.578,1621.978,1.4,12.9
142647,Motorcycle,1,Motorcycle / 3-wheel vehicle,normal,89.6%,1623.777,1621.278,2.5,7.2
142876,Motorcycle,1,Motorcycle / 3-wheel vehicle,opposite,85.7%,1621.428,1622.678,1.25,14.4
142995,Motorcycle,1,Motorcycle / 3-wheel vehicle,opposite,86.1%,1622.878,1624.127,1.25,14.4
142942,Car / Sedan,2,Sedan / jeep / station wagon,opposite,93.0%,1623.128,1624.977,1.85,9.7
142886,3-Axle Truck (Jumbo),7,3-Axle Truck,normal,59.2%,1625.177,1624.027,1.15,15.7
143351,Motorcycle,1,Motorcycle / 3-wheel vehicle,opposite,89.0%,1626.927,1627.977,1.05,17.1
143375,Pickup / Micro Truck,4,Pickup / micro truck / delivery,opposite,47.0%,1627.877,1629.377,1.5,12.0
143483,Motorcycle,1,Motorcycle / 3-wheel vehicle,opposite,86.4%,1628.377,1629.527,1.15,15.7
143481,Motorcycle,1,Motorcycle / 3-wheel vehicle,opposite,74.6%,1629.127,1630.127,1.0,18.0
143398,Motorcycle,1,Motorcycle / 3-wheel vehicle,normal,80.6%,1632.677,1629.177,3.5,5.1
143568,Motorcycle,1,Motorcycle / 3-wheel vehicle,opposite,87.6%,1629.277,1630.427,1.15,15.7
143567,Motorcycle,1,Motorcycle / 3-wheel vehicle,opposite,84.2%,1629.377,1630.527,1.15,15.7
143607,Motorcycle,1,Motorcycle / 3-wheel vehicle,normal,62.4%,1632.327,1629.727,2.6,6.9
143530,Motorcycle,1,Motorcycle / 3-wheel vehicle,opposite,90.6%,1629.977,1630.927,0.95,18.9
143752,Public Transportation (Angkot),3,Medium passenger vehicle,opposite,93.4%,1631.927,1633.327,1.4,12.9
143823,Car / Sedan,2,Sedan / jeep / station wagon,opposite,93.4%,1632.577,1633.677,1.1,16.4
143889,Motorcycle,1,Motorcycle / 3-wheel vehicle,opposite,89.8%,1632.977,1634.027,1.05,17.1
143983,Public Transportation (Angkot),3,Medium passenger vehicle,opposite,93.1%,1634.327,1635.527,1.2,15.0
144037,Motorcycle,1,Motorcycle / 3-wheel vehicle,opposite,83.2%,1634.577,1635.976,1.4,12.9
144090,Motorcycle,1,Motorcycle / 3-wheel vehicle,opposite,87.3%,1635.127,1636.377,1.25,14.4
144102,Motorcycle,1,Motorcycle / 3-wheel vehicle,opposite,90.5%,1635.377,1636.427,1.05,17.1
144229,Motorcycle,1,Motorcycle / 3-wheel vehicle,opposite,88.0%,1636.377,1637.376,1.0,18.0
143874,Motorcycle,1,Motorcycle / 3-wheel vehicle,opposite,86.4%,1636.776,1638.726,1.95,9.2
144312,Motorcycle,1,Motorcycle / 3-wheel vehicle,opposite,89.1%,1637.226,1638.226,1.0,18.0
143954,Motorcycle,1,Motorcycle / 3-wheel vehicle,opposite,88.5%,1637.976,1639.526,1.55,11.6
144375,Motorcycle,1,Motorcycle / 3-wheel vehicle,opposite,89.6%,1638.726,1640.276,1.55,11.6
144448,Motorcycle,1,Motorcycle / 3-wheel vehicle,opposite,87.2%,1639.226,1640.976,1.75,10.3
144610,Pickup / Micro Truck,4,Pickup / micro truck / delivery,opposite,93.4%,1641.626,1643.026,1.4,12.9
144790,Motorcycle,1,Motorcycle / 3-wheel vehicle,opposite,85.7%,1642.776,1643.926,1.15,15.7
144763,Pickup / Micro Truck,4,Pickup / micro truck / delivery,opposite,93.0%,1643.626,1645.326,1.7,10.6
144904,Public Transportation (Angkot),3,Medium passenger vehicle,opposite,90.4%,1644.226,1645.526,1.3,13.8
144926,Motorcycle,1,Motorcycle / 3-wheel vehicle,opposite,89.2%,1645.126,1646.526,1.4,12.9
145001,Motorcycle,1,Motorcycle / 3-wheel vehicle,opposite,85.9%,1645.626,1647.026,1.4,12.9
144762,Motorcycle,1,Motorcycle / 3-wheel vehicle,normal,93.3%,1645.676,1650.225,4.55,4.0
145196,Motorcycle,1,Motorcycle / 3-wheel vehicle,opposite,83.6%,1646.976,1648.176,1.2,15.0
145140,Motorcycle,1,Motorcycle / 3-wheel vehicle,opposite,82.6%,1647.326,1648.526,1.2,15.0
145195,Car / Sedan,2,Sedan / jeep / station wagon,opposite,93.1%,1647.926,1649.376,1.45,12.4
145577,Car / Sedan,2,Sedan / jeep / station wagon,opposite,93.1%,1651.075,1652.425,1.35,13.3
145641,Motorcycle,1,Motorcycle / 3-wheel vehicle,opposite,86.6%,1652.075,1653.425,1.35,13.3
145610,3-Axle Truck (Jumbo),7,3-Axle Truck,opposite,88.9%,1652.325,1653.575,1.25,14.4
145728,Motorcycle,1,Motorcycle / 3-wheel vehicle,opposite,88.3%,1653.125,1654.325,1.2,15.0
145798,Motorcycle,1,Motorcycle / 3-wheel vehicle,opposite,80.8%,1653.325,1654.525,1.2,15.0
145793,Motorcycle,1,Motorcycle / 3-wheel vehicle,opposite,91.1%,1653.725,1655.025,1.3,13.8
145914,Motorcycle,1,Motorcycle / 3-wheel vehicle,opposite,76.8%,1654.425,1655.625,1.2,15.0
145933,Motorcycle,1,Motorcycle / 3-wheel vehicle,opposite,85.1%,1654.675,1655.975,1.3,13.8
145891,Car / Sedan,2,Sedan / jeep / station wagon,opposite,92.6%,1655.025,1656.425,1.4,12.9
145955,Car / Sedan,2,Sedan / jeep / station wagon,normal,70.8%,1656.975,1655.175,1.8,10.0
145996,Motorcycle,1,Motorcycle / 3-wheel vehicle,opposite,46.7%,1655.425,1656.925,1.5,12.0
146080,Motorcycle,1,Motorcycle / 3-wheel vehicle,opposite,86.9%,1656.225,1657.625,1.4,12.9
146094,Motorcycle,1,Motorcycle / 3-wheel vehicle,opposite,90.2%,1656.425,1657.625,1.2,15.0
146109,Motorcycle,1,Motorcycle / 3-wheel vehicle,opposite,89.4%,1656.675,1657.825,1.15,15.7
146133,Car / Sedan,2,Sedan / jeep / station wagon,normal,88.1%,1658.525,1657.325,1.2,15.0
146189,Motorcycle,1,Motorcycle / 3-wheel vehicle,opposite,86.5%,1657.475,1658.575,1.1,16.4
146237,Motorcycle,1,Motorcycle / 3-wheel vehicle,opposite,86.5%,1658.075,1659.275,1.2,15.0
146305,Motorcycle,1,Motorcycle / 3-wheel vehicle,opposite,89.1%,1658.725,1659.725,1.0,18.0
146256,2-Axle Truck (Jumbo),6,2-Axle Truck,normal,92.5%,1660.925,1659.625,1.3,13.8
146605,Motorcycle,1,Motorcycle / 3-wheel vehicle,normal,73.4%,1662.374,1661.075,1.3,13.8
146552,Car / Sedan,2,Sedan / jeep / station wagon,opposite,92.7%,1661.225,1662.524,1.3,13.8
146579,Car / Sedan,2,Sedan / jeep / station wagon,opposite,93.9%,1662.175,1663.724,1.55,11.6
146758,Motorcycle,1,Motorcycle / 3-wheel vehicle,opposite,90.2%,1662.975,1664.224,1.25,14.4
146835,Motorcycle,1,Motorcycle / 3-wheel vehicle,opposite,89.7%,1664.974,1666.474,1.5,12.0
146917,Car / Sedan,2,Sedan / jeep / station wagon,opposite,93.4%,1666.324,1669.124,2.8,6.4
147106,Motorcycle,1,Motorcycle / 3-wheel vehicle,opposite,79.0%,1667.224,1668.924,1.7,10.6
147088,Motorcycle,1,Motorcycle / 3-wheel vehicle,opposite,67.8%,1667.524,1669.874,2.35,7.7
147104,Car / Sedan,2,Sedan / jeep / station wagon,opposite,93.0%,1669.124,1672.024,2.9,6.2
147347,Motorcycle,1,Motorcycle / 3-wheel vehicle,opposite,83.8%,1669.524,1670.624,1.1,16.4
147474,Motorcycle,1,Motorcycle / 3-wheel vehicle,normal,74.0%,1672.274,1670.474,1.8,10.0
147348,Car / Sedan,2,Sedan / jeep / station wagon,opposite,92.9%,1671.374,1674.174,2.8,6.4
147833,Car / Sedan,2,Sedan / jeep / station wagon,opposite,93.4%,1675.074,1676.174,1.1,16.4
148016,Motorcycle,1,Motorcycle / 3-wheel vehicle,normal,82.0%,1677.073,1676.024,1.05,17.1
147867,Car / Sedan,2,Sedan / jeep / station wagon,normal,63.2%,1677.373,1676.323,1.05,17.1
148131,Motorcycle,1,Motorcycle / 3-wheel vehicle,normal,84.1%,1679.073,1678.073,1.0,18.0
148176,Motorcycle,1,Motorcycle / 3-wheel vehicle,normal,79.4%,1679.873,1678.773,1.1,16.4
148296,Motorcycle,1,Motorcycle / 3-wheel vehicle,normal,77.4%,1682.073,1679.823,2.25,8.0
148275,Motorcycle,1,Motorcycle / 3-wheel vehicle,normal,83.8%,1681.173,1680.123,1.05,17.1
148432,Motorcycle,1,Motorcycle / 3-wheel vehicle,normal,80.0%,1687.773,1682.323,5.45,3.3
148616,Motorcycle,1,Motorcycle / 3-wheel vehicle,opposite,88.4%,1683.523,1684.673,1.15,15.7
148508,Motorcycle,1,Motorcycle / 3-wheel vehicle,normal,87.3%,1688.173,1683.973,4.2,4.3
148683,Car / Sedan,2,Sedan / jeep / station wagon,opposite,93.6%,1684.523,1685.373,0.85,21.2
148846,Motorcycle,1,Motorcycle / 3-wheel vehicle,opposite,89.6%,1686.173,1687.223,1.05,17.1
148708,Car / Sedan,2,Sedan / jeep / station wagon,opposite,93.4%,1688.223,1690.272,2.05,8.8
148995,Motorcycle,1,Motorcycle / 3-wheel vehicle,opposite,89.0%,1689.273,1690.872,1.6,11.3
149269,Motorcycle,1,Motorcycle / 3-wheel vehicle,normal,85.4%,1691.272,1690.222,1.05,17.1
149310,Motorcycle,1,Motorcycle / 3-wheel vehicle,normal,82.2%,1692.672,1691.522,1.15,15.7
149360,Motorcycle,1,Motorcycle / 3-wheel vehicle,normal,85.5%,1693.022,1691.822,1.2,15.0
149496,Motorcycle,1,Motorcycle / 3-wheel vehicle,normal,85.3%,1693.572,1692.822,0.75,24.0
149477,Motorcycle,1,Motorcycle / 3-wheel vehicle,normal,84.5%,1693.922,1693.172,0.75,24.0
149471,Motorcycle,1,Motorcycle / 3-wheel vehicle,normal,53.0%,1696.322,1693.522,2.8,6.4
149677,Motorcycle,1,Motorcycle / 3-wheel vehicle,normal,84.1%,1696.122,1695.222,0.9,20.0
149787,Motorcycle,1,Motorcycle / 3-wheel vehicle,opposite,91.7%,1695.422,1696.172,0.75,24.0
150095,Motorcycle,1,Motorcycle / 3-wheel vehicle,normal,87.3%,1700.672,1700.022,0.65,27.7
150327,Motorcycle,1,Motorcycle / 3-wheel vehicle,opposite,88.5%,1702.121,1703.121,1.0,18.0
150188,Car / Sedan,2,Sedan / jeep / station wagon,normal,89.8%,1703.221,1702.371,0.85,21.2
150381,Car / Sedan,2,Sedan / jeep / station wagon,normal,86.7%,1706.271,1703.721,2.55,7.1
150397,Motorcycle,1,Motorcycle / 3-wheel vehicle,normal,84.6%,1704.921,1704.071,0.85,21.2
150553,Motorcycle,1,Motorcycle / 3-wheel vehicle,normal,85.0%,1705.921,1704.971,0.95,18.9
150783,Motorcycle,1,Motorcycle / 3-wheel vehicle,normal,81.4%,1709.721,1707.371,2.35,7.7
150899,Motorcycle,1,Motorcycle / 3-wheel vehicle,opposite,88.6%,1707.821,1708.571,0.75,24.0
150796,Motorcycle,1,Motorcycle / 3-wheel vehicle,normal,85.0%,1710.721,1709.121,1.6,11.3
150963,Motorcycle,1,Motorcycle / 3-wheel vehicle,normal,84.8%,1711.971,1710.021,1.95,9.2
150845,Motorcycle,1,Motorcycle / 3-wheel vehicle,opposite,88.0%,1710.071,1711.771,1.7,10.6
151009,Motorcycle,1,Motorcycle / 3-wheel vehicle,normal,65.4%,1713.071,1710.921,2.15,8.4
151058,Car / Sedan,2,Sedan / jeep / station wagon,normal,91.8%,1714.271,1712.871,1.4,12.9
151177,Car / Sedan,2,Sedan / jeep / station wagon,normal,92.5%,1715.62,1714.321,1.3,13.8
151608,Motorcycle,1,Motorcycle / 3-wheel vehicle,opposite,87.8%,1716.271,1716.92,0.65,27.7
151383,Pickup / Micro Truck,4,Pickup / micro truck / delivery,normal,90.5%,1717.37,1716.321,1.05,17.1
151609,Car / Sedan,2,Sedan / jeep / station wagon,opposite,93.3%,1716.77,1717.67,0.9,20.0
151649,Motorcycle,1,Motorcycle / 3-wheel vehicle,normal,82.4%,1718.57,1717.42,1.15,15.7
151801,Motorcycle,1,Motorcycle / 3-wheel vehicle,normal,83.7%,1719.12,1718.02,1.1,16.4
151877,Motorcycle,1,Motorcycle / 3-wheel vehicle,opposite,90.8%,1721.52,1723.17,1.65,10.9
151711,Public Transportation (Angkot),3,Medium passenger vehicle,normal,91.8%,1723.82,1721.82,2.0,9.0
152035,Motorcycle,1,Motorcycle / 3-wheel vehicle,opposite,90.8%,1722.62,1724.07,1.45,12.4
152177,Motorcycle,1,Motorcycle / 3-wheel vehicle,opposite,85.7%,1722.77,1725.42,2.65,6.8
152182,Motorcycle,1,Motorcycle / 3-wheel vehicle,opposite,88.9%,1722.92,1724.57,1.65,10.9
152369,Motorcycle,1,Motorcycle / 3-wheel vehicle,normal,68.2%,1725.32,1723.97,1.35,13.3
152483,Motorcycle,1,Motorcycle / 3-wheel vehicle,opposite,88.7%,1725.22,1726.47,1.25,14.4
152487,Motorcycle,1,Motorcycle / 3-wheel vehicle,normal,84.1%,1727.02,1725.52,1.5,12.0
152627,Motorcycle,1,Motorcycle / 3-wheel vehicle,normal,84.2%,1727.87,1726.57,1.3,13.8
152733,Motorcycle,1,Motorcycle / 3-wheel vehicle,normal,85.4%,1730.519,1729.12,1.4,12.9
152805,Motorcycle,1,Motorcycle / 3-wheel vehicle,normal,46.5%,1731.969,1729.37,2.6,6.9
152949,Motorcycle,1,Motorcycle / 3-wheel vehicle,normal,85.7%,1731.619,1730.769,0.85,21.2
152950,Motorcycle,1,Motorcycle / 3-wheel vehicle,normal,86.1%,1732.119,1731.219,0.9,20.0
153096,Motorcycle,1,Motorcycle / 3-wheel vehicle,normal,84.2%,1733.269,1731.869,1.4,12.9
153216,Motorcycle,1,Motorcycle / 3-wheel vehicle,normal,84.5%,1734.919,1733.969,0.95,18.9
153187,Motorcycle,1,Motorcycle / 3-wheel vehicle,opposite,87.6%,1735.169,1736.769,1.6,11.3
153473,Motorcycle,1,Motorcycle / 3-wheel vehicle,opposite,87.3%,1735.769,1737.269,1.5,12.0
153600,Motorcycle,1,Motorcycle / 3-wheel vehicle,opposite,87.6%,1736.569,1737.369,0.8,22.5
153629,Motorcycle,1,Motorcycle / 3-wheel vehicle,opposite,89.8%,1736.919,1737.769,0.85,21.2
153583,Motorcycle,1,Motorcycle / 3-wheel vehicle,opposite,90.6%,1737.569,1739.219,1.65,10.9
153900,Motorcycle,1,Motorcycle / 3-wheel vehicle,opposite,90.5%,1739.569,1740.419,0.85,21.2
153918,Motorcycle,1,Motorcycle / 3-wheel vehicle,opposite,89.8%,1739.769,1740.669,0.9,20.0
153674,Car / Sedan,2,Sedan / jeep / station wagon,normal,83.7%,1742.718,1739.869,2.85,6.3
154008,Motorcycle,1,Motorcycle / 3-wheel vehicle,opposite,89.9%,1740.569,1741.469,0.9,20.0
154071,Motorcycle,1,Motorcycle / 3-wheel vehicle,normal,74.8%,1743.318,1741.319,2.0,9.0
154107,Motorcycle,1,Motorcycle / 3-wheel vehicle,opposite,88.8%,1741.668,1742.319,0.65,27.7
154132,Motorcycle,1,Motorcycle / 3-wheel vehicle,opposite,81.8%,1741.918,1742.819,0.9,20.0
154084,Motorcycle,1,Motorcycle / 3-wheel vehicle,normal,73.3%,1744.218,1741.968,2.25,8.0
154137,Motorcycle,1,Motorcycle / 3-wheel vehicle,opposite,90.2%,1742.119,1742.869,0.75,24.0
154207,Motorcycle,1,Motorcycle / 3-wheel vehicle,normal,81.1%,1743.968,1742.619,1.35,13.3
154277,Motorcycle,1,Motorcycle / 3-wheel vehicle,normal,61.2%,1746.218,1743.768,2.45,7.3
154142,Car / Sedan,2,Sedan / jeep / station wagon,normal,89.7%,1748.268,1745.218,3.05,5.9
154475,Motorcycle,1,Motorcycle / 3-wheel vehicle,opposite,90.8%,1745.318,1745.918,0.6,30.0
154418,Motorcycle,1,Motorcycle / 3-wheel vehicle,normal,83.3%,1747.718,1746.218,1.5,12.0
154615,Motorcycle,1,Motorcycle / 3-wheel vehicle,opposite,87.0%,1746.968,1747.718,0.75,24.0
154647,Motorcycle,1,Motorcycle / 3-wheel vehicle,opposite,89.1%,1747.168,1747.818,0.65,27.7
154665,Motorcycle,1,Motorcycle / 3-wheel vehicle,opposite,79.7%,1747.218,1747.818,0.6,30.0
154717,Motorcycle,1,Motorcycle / 3-wheel vehicle,opposite,87.0%,1747.918,1748.718,0.8,22.5
154718,Motorcycle,1,Motorcycle / 3-wheel vehicle,opposite,89.3%,1748.068,1748.768,0.7,25.7
154822,Motorcycle,1,Motorcycle / 3-wheel vehicle,opposite,83.5%,1749.168,1749.918,0.75,24.0
154841,Motorcycle,1,Motorcycle / 3-wheel vehicle,opposite,89.2%,1749.318,1749.918,0.6,30.0
154868,Motorcycle,1,Motorcycle / 3-wheel vehicle,opposite,90.0%,1749.768,1750.318,0.55,32.7
154892,Motorcycle,1,Motorcycle / 3-wheel vehicle,opposite,89.4%,1749.968,1750.668,0.7,25.7
154967,Motorcycle,1,Motorcycle / 3-wheel vehicle,opposite,89.3%,1750.668,1751.268,0.6,30.0
154946,Motorcycle,1,Motorcycle / 3-wheel vehicle,normal,83.7%,1751.718,1750.818,0.9,20.0
154983,Motorcycle,1,Motorcycle / 3-wheel vehicle,opposite,88.9%,1750.968,1751.818,0.85,21.2
154788,Public Transportation (Angkot),3,Medium passenger vehicle,normal,93.1%,1752.968,1751.468,1.5,12.0
155042,Motorcycle,1,Motorcycle / 3-wheel vehicle,opposite,88.3%,1751.668,1752.418,0.75,24.0
155059,Motorcycle,1,Motorcycle / 3-wheel vehicle,opposite,88.6%,1751.668,1752.518,0.85,21.2
155086,Motorcycle,1,Motorcycle / 3-wheel vehicle,opposite,89.3%,1752.168,1752.918,0.75,24.0
155153,Motorcycle,1,Motorcycle / 3-wheel vehicle,opposite,89.8%,1752.868,1753.618,0.75,24.0
155152,Motorcycle,1,Motorcycle / 3-wheel vehicle,opposite,89.4%,1752.968,1753.768,0.8,22.5
155117,Motorcycle,1,Motorcycle / 3-wheel vehicle,normal,52.2%,1755.368,1753.418,1.95,9.2
155225,Motorcycle,1,Motorcycle / 3-wheel vehicle,opposite,88.8%,1753.718,1754.318,0.6,30.0
155231,Motorcycle,1,Motorcycle / 3-wheel vehicle,opposite,88.3%,1753.818,1754.668,0.85,21.2
155272,Motorcycle,1,Motorcycle / 3-wheel vehicle,opposite,89.7%,1754.118,1754.818,0.7,25.7
155232,Motorcycle,1,Motorcycle / 3-wheel vehicle,normal,66.1%,1757.317,1754.168,3.15,5.7
155405,Motorcycle,1,Motorcycle / 3-wheel vehicle,opposite,88.9%,1755.368,1756.017,0.65,27.7
155406,Motorcycle,1,Motorcycle / 3-wheel vehicle,opposite,86.4%,1755.568,1756.417,0.85,21.2
155446,Motorcycle,1,Motorcycle / 3-wheel vehicle,opposite,85.2%,1756.168,1756.867,0.7,25.7
155496,Motorcycle,1,Motorcycle / 3-wheel vehicle,opposite,87.1%,1756.617,1757.317,0.7,25.7
155528,Motorcycle,1,Motorcycle / 3-wheel vehicle,opposite,90.3%,1757.017,1757.667,0.65,27.7
155595,Motorcycle,1,Motorcycle / 3-wheel vehicle,opposite,87.9%,1757.567,1758.267,0.7,25.7
155607,Motorcycle,1,Motorcycle / 3-wheel vehicle,opposite,88.8%,1757.717,1758.317,0.6,30.0
155645,Motorcycle,1,Motorcycle / 3-wheel vehicle,opposite,89.1%,1758.367,1759.067,0.7,25.7
155666,Motorcycle,1,Motorcycle / 3-wheel vehicle,opposite,85.2%,1758.617,1759.417,0.8,22.5
155661,Motorcycle,1,Motorcycle / 3-wheel vehicle,normal,63.0%,1760.367,1758.717,1.65,10.9
155719,Motorcycle,1,Motorcycle / 3-wheel vehicle,opposite,90.0%,1758.917,1759.567,0.65,27.7
155690,Motorcycle,1,Motorcycle / 3-wheel vehicle,normal,78.3%,1761.017,1759.067,1.95,9.2
155695,Car / Sedan,2,Sedan / jeep / station wagon,normal,89.7%,1759.917,1759.267,0.65,27.7
155781,Motorcycle,1,Motorcycle / 3-wheel vehicle,opposite,89.5%,1759.617,1760.367,0.75,24.0
155822,Motorcycle,1,Motorcycle / 3-wheel vehicle,opposite,89.5%,1759.967,1760.767,0.8,22.5
155857,Motorcycle,1,Motorcycle / 3-wheel vehicle,opposite,81.5%,1760.417,1761.367,0.95,18.9
155823,Motorcycle,1,Motorcycle / 3-wheel vehicle,normal,71.7%,1762.717,1760.517,2.2,8.2
155890,Motorcycle,1,Motorcycle / 3-wheel vehicle,opposite,88.0%,1760.767,1761.567,0.8,22.5
155910,Motorcycle,1,Motorcycle / 3-wheel vehicle,normal,82.1%,1763.917,1761.217,2.7,6.7
155979,Motorcycle,1,Motorcycle / 3-wheel vehicle,opposite,89.8%,1761.667,1762.417,0.75,24.0
156051,Motorcycle,1,Motorcycle / 3-wheel vehicle,opposite,89.5%,1762.417,1763.267,0.85,21.2
156096,Motorcycle,1,Motorcycle / 3-wheel vehicle,opposite,88.2%,1762.867,1763.667,0.8,22.5
156217,Motorcycle,1,Motorcycle / 3-wheel vehicle,opposite,86.7%,1763.917,1764.667,0.75,24.0
156307,Motorcycle,1,Motorcycle / 3-wheel vehicle,opposite,88.0%,1764.717,1765.367,0.65,27.7
156323,Motorcycle,1,Motorcycle / 3-wheel vehicle,opposite,90.3%,1764.717,1765.567,0.85,21.2
156354,Motorcycle,1,Motorcycle / 3-wheel vehicle,opposite,88.4%,1765.367,1766.167,0.8,22.5
156476,Motorcycle,1,Motorcycle / 3-wheel vehicle,opposite,86.5%,1766.517,1767.317,0.8,22.5
156527,Motorcycle,1,Motorcycle / 3-wheel vehicle,normal,84.2%,1768.617,1766.967,1.65,10.9
156581,Motorcycle,1,Motorcycle / 3-wheel vehicle,opposite,88.3%,1767.717,1768.516,0.8,22.5
156598,Motorcycle,1,Motorcycle / 3-wheel vehicle,normal,48.4%,1770.616,1767.867,2.75,6.5
156587,Motorcycle,1,Motorcycle / 3-wheel vehicle,normal,83.8%,1769.766,1768.716,1.05,17.1
156746,Motorcycle,1,Motorcycle / 3-wheel vehicle,normal,85.3%,1770.766,1769.716,1.05,17.1
156678,Car / Sedan,2,Sedan / jeep / station wagon,normal,89.7%,1771.766,1770.416,1.35,13.3
156892,Motorcycle,1,Motorcycle / 3-wheel vehicle,normal,84.4%,1776.216,1772.316,3.9,4.6
157067,Motorcycle,1,Motorcycle / 3-wheel vehicle,normal,83.5%,1777.066,1773.566,3.5,5.1
157085,Motorcycle,1,Motorcycle / 3-wheel vehicle,normal,84.8%,1779.016,1774.166,4.85,3.7
157091,Motorcycle,1,Motorcycle / 3-wheel vehicle,opposite,85.8%,1775.716,1777.166,1.45,12.4
157365,Motorcycle,1,Motorcycle / 3-wheel vehicle,opposite,88.3%,1776.666,1777.266,0.6,30.0
157111,Public Transportation (Angkot),3,Medium passenger vehicle,normal,91.6%,1781.116,1776.716,4.4,4.1
157211,Motorcycle,1,Motorcycle / 3-wheel vehicle,normal,88.5%,1781.916,1777.116,4.8,3.8
157550,Motorcycle,1,Motorcycle / 3-wheel vehicle,opposite,88.6%,1778.466,1779.316,0.85,21.2
157516,Motorcycle,1,Motorcycle / 3-wheel vehicle,opposite,89.7%,1778.766,1779.466,0.7,25.7
157603,Motorcycle,1,Motorcycle / 3-wheel vehicle,opposite,88.8%,1779.366,1780.516,1.15,15.7
157627,Motorcycle,1,Motorcycle / 3-wheel vehicle,opposite,88.0%,1779.716,1780.766,1.05,17.1
157713,Pickup / Micro Truck,4,Pickup / micro truck / delivery,opposite,92.7%,1781.166,1782.416,1.25,14.4
157816,Motorcycle,1,Motorcycle / 3-wheel vehicle,opposite,56.5%,1781.966,1783.215,1.25,14.4
157894,Motorcycle,1,Motorcycle / 3-wheel vehicle,opposite,87.5%,1783.065,1784.265,1.2,15.0
157760,Car / Sedan,2,Sedan / jeep / station wagon,opposite,92.3%,1784.315,1786.515,2.2,8.2
158020,Motorcycle,1,Motorcycle / 3-wheel vehicle,opposite,85.9%,1784.365,1785.415,1.05,17.1
158059,Motorcycle,1,Motorcycle / 3-wheel vehicle,opposite,88.4%,1785.015,1786.215,1.2,15.0
157941,Motorcycle,1,Motorcycle / 3-wheel vehicle,opposite,88.1%,1785.215,1787.015,1.8,10.0
158089,Motorcycle,1,Motorcycle / 3-wheel vehicle,opposite,86.2%,1785.465,1786.615,1.15,15.7
158117,Motorcycle,1,Motorcycle / 3-wheel vehicle,opposite,86.7%,1786.165,1787.815,1.65,10.9
158215,Motorcycle,1,Motorcycle / 3-wheel vehicle,opposite,78.5%,1787.115,1788.365,1.25,14.4
158221,Motorcycle,1,Motorcycle / 3-wheel vehicle,opposite,89.5%,1787.215,1788.515,1.3,13.8
158273,Motorcycle,1,Motorcycle / 3-wheel vehicle,opposite,83.0%,1787.865,1789.415,1.55,11.6
158161,Car / Sedan,2,Sedan / jeep / station wagon,opposite,90.5%,1787.915,1789.865,1.95,9.2
158266,Motorcycle,1,Motorcycle / 3-wheel vehicle,opposite,86.7%,1787.915,1789.065,1.15,15.7
158318,Motorcycle,1,Motorcycle / 3-wheel vehicle,opposite,85.2%,1788.565,1790.115,1.55,11.6
158500,Motorcycle,1,Motorcycle / 3-wheel vehicle,opposite,50.6%,1790.165,1791.515,1.35,13.3
158511,Motorcycle,1,Motorcycle / 3-wheel vehicle,opposite,77.6%,1790.565,1791.615,1.05,17.1
158544,2-Axle Truck (Jumbo),6,2-Axle Truck,opposite,93.1%,1792.115,1793.615,1.5,12.0
158674,Motorcycle,1,Motorcycle / 3-wheel vehicle,opposite,85.4%,1792.515,1793.665,1.15,15.7
158713,Car / Sedan,2,Sedan / jeep / station wagon,opposite,92.7%,1793.815,1795.314,1.5,12.0
158768,Motorcycle,1,Motorcycle / 3-wheel vehicle,opposite,86.0%,1793.965,1794.915,0.95,18.9
158783,Car / Sedan,2,Sedan / jeep / station wagon,normal,84.6%,1802.114,1795.364,6.75,2.7
158861,Motorcycle,1,Motorcycle / 3-wheel vehicle,opposite,88.2%,1795.465,1796.364,0.9,20.0
158942,Motorcycle,1,Motorcycle / 3-wheel vehicle,opposite,87.5%,1796.564,1797.514,0.95,18.9
158941,Car / Sedan,2,Sedan / jeep / station wagon,opposite,93.4%,1797.064,1798.264,1.2,15.0
158827,Motorcycle,1,Motorcycle / 3-wheel vehicle,normal,87.9%,1797.514,1801.714,4.2,4.3
159034,Motorcycle,1,Motorcycle / 3-wheel vehicle,opposite,87.3%,1797.864,1798.814,0.95,18.9
159077,Motorcycle,1,Motorcycle / 3-wheel vehicle,opposite,89.2%,1798.364,1799.414,1.05,17.1
159153,Motorcycle,1,Motorcycle / 3-wheel vehicle,opposite,90.1%,1799.414,1800.414,1.0,18.0
159160,Motorcycle,1,Motorcycle / 3-wheel vehicle,normal,82.1%,1801.114,1799.564,1.55,11.6
159384,Car / Sedan,2,Sedan / jeep / station wagon,normal,76.7%,1804.814,1801.864,2.95,6.1
159375,Motorcycle,1,Motorcycle / 3-wheel vehicle,opposite,87.1%,1802.014,1803.014,1.0,18.0
159443,Motorcycle,1,Motorcycle / 3-wheel vehicle,opposite,87.0%,1802.914,1803.914,1.0,18.0
159396,Car / Sedan,2,Sedan / jeep / station wagon,opposite,93.1%,1803.314,1804.664,1.35,13.3
159460,Motorcycle,1,Motorcycle / 3-wheel vehicle,normal,44.1%,1806.364,1803.914,2.45,7.3
159511,Car / Sedan,2,Sedan / jeep / station wagon,opposite,92.5%,1804.314,1805.514,1.2,15.0
159651,Pickup / Micro Truck,4,Pickup / micro truck / delivery,opposite,93.6%,1806.164,1807.664,1.5,12.0
159719,Motorcycle,1,Motorcycle / 3-wheel vehicle,opposite,87.6%,1806.214,1807.364,1.15,15.7
159600,Car / Sedan,2,Sedan / jeep / station wagon,normal,77.3%,1807.914,1807.114,0.8,22.5
159799,Motorcycle,1,Motorcycle / 3-wheel vehicle,opposite,86.4%,1807.164,1808.313,1.15,15.7
159830,Motorcycle,1,Motorcycle / 3-wheel vehicle,opposite,86.9%,1807.564,1808.863,1.3,13.8
159901,Motorcycle,1,Motorcycle / 3-wheel vehicle,normal,70.0%,1809.763,1808.313,1.45,12.4
159972,Motorcycle,1,Motorcycle / 3-wheel vehicle,opposite,68.7%,1809.063,1809.763,0.7,25.7
159939,2-Axle Truck (Jumbo),6,2-Axle Truck,normal,91.5%,1811.013,1809.164,1.85,9.7
159961,Car / Sedan,2,Sedan / jeep / station wagon,opposite,93.5%,1809.213,1810.763,1.55,11.6
160046,Motorcycle,1,Motorcycle / 3-wheel vehicle,opposite,70.8%,1809.563,1810.463,0.9,20.0
160114,Motorcycle,1,Motorcycle / 3-wheel vehicle,opposite,88.7%,1810.013,1811.063,1.05,17.1
160082,Motorcycle,1,Motorcycle / 3-wheel vehicle,opposite,85.2%,1810.113,1811.013,0.9,20.0
160167,Car / Sedan,2,Sedan / jeep / station wagon,opposite,74.1%,1811.163,1812.463,1.3,13.8
160183,Motorcycle,1,Motorcycle / 3-wheel vehicle,opposite,83.6%,1811.263,1812.413,1.15,15.7
160182,Motorcycle,1,Motorcycle / 3-wheel vehicle,opposite,89.3%,1811.363,1812.413,1.05,17.1
160273,Motorcycle,1,Motorcycle / 3-wheel vehicle,opposite,84.3%,1812.163,1813.213,1.05,17.1
160286,Motorcycle,1,Motorcycle / 3-wheel vehicle,opposite,88.0%,1812.363,1813.363,1.0,18.0
160296,Car / Sedan,2,Sedan / jeep / station wagon,opposite,92.9%,1812.813,1813.963,1.15,15.7
160354,Motorcycle,1,Motorcycle / 3-wheel vehicle,opposite,85.7%,1813.313,1814.363,1.05,17.1
160365,Motorcycle,1,Motorcycle / 3-wheel vehicle,opposite,79.1%,1813.363,1814.713,1.35,13.3
160412,Motorcycle,1,Motorcycle / 3-wheel vehicle,opposite,88.6%,1813.913,1815.013,1.1,16.4
160461,Motorcycle,1,Motorcycle / 3-wheel vehicle,opposite,90.4%,1814.613,1815.563,0.95,18.9
160479,Motorcycle,1,Motorcycle / 3-wheel vehicle,opposite,84.6%,1814.763,1815.763,1.0,18.0
160582,Motorcycle,1,Motorcycle / 3-wheel vehicle,opposite,89.5%,1816.163,1817.013,0.85,21.2
160626,Car / Sedan,2,Sedan / jeep / station wagon,opposite,92.6%,1817.063,1818.363,1.3,13.8
160534,Motorcycle,1,Motorcycle / 3-wheel vehicle,opposite,89.0%,1817.613,1819.313,1.7,10.6
160828,Motorcycle,1,Motorcycle / 3-wheel vehicle,opposite,86.1%,1819.113,1820.113,1.0,18.0
160830,Motorcycle,1,Motorcycle / 3-wheel vehicle,opposite,58.5%,1819.113,1821.312,2.2,8.2
160661,Motorcycle,1,Motorcycle / 3-wheel vehicle,opposite,87.2%,1819.163,1821.213,2.05,8.8
160886,Motorcycle,1,Motorcycle / 3-wheel vehicle,opposite,88.0%,1819.813,1820.963,1.15,15.7
160948,Motorcycle,1,Motorcycle / 3-wheel vehicle,opposite,87.7%,1820.713,1821.912,1.2,15.0
161008,Pickup / Micro Truck,4,Pickup / micro truck / delivery,opposite,93.3%,1822.312,1823.712,1.4,12.9
161081,Motorcycle,1,Motorcycle / 3-wheel vehicle,opposite,85.2%,1822.912,1824.162,1.25,14.4
160964,Public Transportation (Angkot),3,Medium passenger vehicle,normal,91.9%,1827.912,1823.562,4.35,4.1
161227,Motorcycle,1,Motorcycle / 3-wheel vehicle,opposite,75.7%,1824.762,1825.712,0.95,18.9
161330,Motorcycle,1,Motorcycle / 3-wheel vehicle,opposite,85.4%,1825.762,1826.712,0.95,18.9
161153,Pickup / Micro Truck,4,Pickup / micro truck / delivery,opposite,88.1%,1825.862,1828.562,2.7,6.7
161312,Motorcycle,1,Motorcycle / 3-wheel vehicle,opposite,87.3%,1826.612,1828.462,1.85,9.7
161416,Motorcycle,1,Motorcycle / 3-wheel vehicle,opposite,84.7%,1827.062,1828.562,1.5,12.0
161438,Motorcycle,1,Motorcycle / 3-wheel vehicle,opposite,88.4%,1827.462,1828.762,1.3,13.8
161506,Motorcycle,1,Motorcycle / 3-wheel vehicle,opposite,88.2%,1828.462,1829.862,1.4,12.9
161499,Car / Sedan,2,Sedan / jeep / station wagon,opposite,79.8%,1829.312,1831.212,1.9,9.5
161665,Car / Sedan,2,Sedan / jeep / station wagon,normal,88.1%,1833.062,1830.562,2.5,7.2
161714,Motorcycle,1,Motorcycle / 3-wheel vehicle,opposite,88.1%,1831.362,1832.262,0.9,20.0
161740,Motorcycle,1,Motorcycle / 3-wheel vehicle,normal,82.4%,1832.962,1831.712,1.25,14.4
161750,Motorcycle,1,Motorcycle / 3-wheel vehicle,opposite,89.6%,1831.812,1832.812,1.0,18.0
161747,Motorcycle,1,Motorcycle / 3-wheel vehicle,opposite,89.4%,1831.912,1833.012,1.1,16.4
161824,Motorcycle,1,Motorcycle / 3-wheel vehicle,opposite,87.5%,1832.812,1833.862,1.05,17.1
161883,Motorcycle,1,Motorcycle / 3-wheel vehicle,normal,78.6%,1835.262,1833.612,1.65,10.9
161905,Motorcycle,1,Motorcycle / 3-wheel vehicle,opposite,90.6%,1834.062,1835.161,1.1,16.4
161957,Motorcycle,1,Motorcycle / 3-wheel vehicle,opposite,83.0%,1834.911,1835.911,1.0,18.0
162030,Motorcycle,1,Motorcycle / 3-wheel vehicle,normal,77.9%,1837.061,1835.562,1.5,12.0
161952,Car / Sedan,2,Sedan / jeep / station wagon,normal,92.3%,1838.011,1836.561,1.45,12.4
162129,Car / Sedan,2,Sedan / jeep / station wagon,opposite,93.1%,1837.761,1838.811,1.05,17.1
162171,Motorcycle,1,Motorcycle / 3-wheel vehicle,normal,65.0%,1839.211,1838.211,1.0,18.0
162207,Motorcycle,1,Motorcycle / 3-wheel vehicle,opposite,65.8%,1838.761,1839.811,1.05,17.1
162223,Motorcycle,1,Motorcycle / 3-wheel vehicle,opposite,88.5%,1838.911,1839.911,1.0,18.0
162249,Motorcycle,1,Motorcycle / 3-wheel vehicle,opposite,90.1%,1839.261,1840.261,1.0,18.0
162288,Motorcycle,1,Motorcycle / 3-wheel vehicle,normal,54.0%,1840.361,1839.311,1.05,17.1
162315,Public Transportation (Angkot),3,Medium passenger vehicle,opposite,92.9%,1840.711,1842.711,2.0,9.0
162399,Motorcycle,1,Motorcycle / 3-wheel vehicle,opposite,71.5%,1841.361,1842.561,1.2,15.0
162507,Motorcycle,1,Motorcycle / 3-wheel vehicle,opposite,89.0%,1842.611,1843.811,1.2,15.0
162462,3-Axle Truck (Jumbo),7,3-Axle Truck,normal,77.5%,1844.411,1843.161,1.25,14.4
162620,Motorcycle,1,Motorcycle / 3-wheel vehicle,opposite,83.0%,1843.561,1845.111,1.55,11.6
162651,Motorcycle,1,Motorcycle / 3-wheel vehicle,opposite,88.5%,1844.061,1845.411,1.35,13.3
162619,Car / Sedan,2,Sedan / jeep / station wagon,opposite,93.1%,1844.111,1845.661,1.55,11.6
162676,Motorcycle,1,Motorcycle / 3-wheel vehicle,opposite,88.7%,1844.611,1846.011,1.4,12.9
162763,Motorcycle,1,Motorcycle / 3-wheel vehicle,opposite,85.9%,1845.411,1846.711,1.3,13.8
162791,Pickup / Micro Truck,4,Pickup / micro truck / delivery,opposite,93.7%,1846.161,1847.66,1.5,12.0
162901,Car / Sedan,2,Sedan / jeep / station wagon,opposite,43.0%,1847.561,1849.01,1.45,12.4
162967,Car / Sedan,2,Sedan / jeep / station wagon,opposite,93.5%,1848.261,1849.61,1.35,13.3
163015,Motorcycle,1,Motorcycle / 3-wheel vehicle,opposite,89.9%,1848.511,1849.91,1.4,12.9
163159,Car / Sedan,2,Sedan / jeep / station wagon,opposite,93.3%,1850.11,1851.66,1.55,11.6
163188,Car / Sedan,2,Sedan / jeep / station wagon,normal,91.4%,1853.46,1850.11,3.35,5.4
163197,Public Transportation (Angkot),3,Medium passenger vehicle,opposite,93.1%,1851.81,1853.31,1.5,12.0
163333,Motorcycle,1,Motorcycle / 3-wheel vehicle,opposite,88.5%,1852.21,1854.11,1.9,9.5
163442,Motorcycle,1,Motorcycle / 3-wheel vehicle,opposite,88.2%,1853.06,1854.11,1.05,17.1
163415,Motorcycle,1,Motorcycle / 3-wheel vehicle,opposite,86.6%,1853.21,1854.76,1.55,11.6
163831,Car / Sedan,2,Sedan / jeep / station wagon,opposite,93.6%,1858.36,1859.86,1.5,12.0
163974,Motorcycle,1,Motorcycle / 3-wheel vehicle,normal,81.9%,1863.909,1859.76,4.15,4.3
164022,Car / Sedan,2,Sedan / jeep / station wagon,opposite,93.3%,1860.01,1861.659,1.65,10.9
164060,Motorcycle,1,Motorcycle / 3-wheel vehicle,opposite,88.4%,1861.209,1863.209,2.0,9.0
164116,Motorcycle,1,Motorcycle / 3-wheel vehicle,opposite,88.9%,1861.959,1863.759,1.8,10.0
164335,Motorcycle,1,Motorcycle / 3-wheel vehicle,opposite,85.9%,1862.709,1863.409,0.7,25.7
164241,Car / Sedan,2,Sedan / jeep / station wagon,opposite,92.4%,1863.959,1865.809,1.85,9.7
164591,Pickup / Micro Truck,4,Pickup / micro truck / delivery,opposite,84.5%,1865.959,1867.509,1.55,11.6
164472,Car / Sedan,2,Sedan / jeep / station wagon,opposite,88.4%,1867.159,1869.609,2.45,7.3
164894,Motorcycle,1,Motorcycle / 3-wheel vehicle,opposite,89.8%,1868.859,1869.859,1.0,18.0
164668,Car / Sedan,2,Sedan / jeep / station wagon,normal,50.0%,1872.209,1869.009,3.2,5.6
165028,Public Transportation (Angkot),3,Medium passenger vehicle,opposite,67.4%,1871.009,1872.209,1.2,15.0
165118,Motorcycle,1,Motorcycle / 3-wheel vehicle,opposite,88.5%,1871.159,1872.209,1.05,17.1
165174,Motorcycle,1,Motorcycle / 3-wheel vehicle,opposite,90.0%,1871.909,1873.109,1.2,15.0
165033,Motorcycle,1,Motorcycle / 3-wheel vehicle,opposite,89.5%,1872.109,1873.209,1.1,16.4
165312,Motorcycle,1,Motorcycle / 3-wheel vehicle,normal,40.3%,1875.658,1873.459,2.2,8.2
165311,Public Transportation (Angkot),3,Medium passenger vehicle,opposite,92.7%,1873.559,1875.059,1.5,12.0
165479,Motorcycle,1,Motorcycle / 3-wheel vehicle,opposite,88.1%,1874.559,1876.058,1.5,12.0
165466,Motorcycle,1,Motorcycle / 3-wheel vehicle,opposite,90.1%,1874.609,1875.708,1.1,16.4
165506,Motorcycle,1,Motorcycle / 3-wheel vehicle,normal,84.7%,1878.308,1875.109,3.2,5.6
165635,Car / Sedan,2,Sedan / jeep / station wagon,normal,91.0%,1880.558,1878.158,2.4,7.5
165691,Car / Sedan,2,Sedan / jeep / station wagon,opposite,94.4%,1878.458,1880.708,2.25,8.0
165861,Motorcycle,1,Motorcycle / 3-wheel vehicle,opposite,87.9%,1879.108,1880.108,1.0,18.0
165842,Motorcycle,1,Motorcycle / 3-wheel vehicle,opposite,72.9%,1879.858,1881.208,1.35,13.3
165968,Car / Sedan,2,Sedan / jeep / station wagon,normal,91.1%,1883.958,1882.408,1.55,11.6
166259,Car / Sedan,2,Sedan / jeep / station wagon,opposite,93.3%,1884.158,1885.258,1.1,16.4
166339,Motorcycle,1,Motorcycle / 3-wheel vehicle,opposite,89.9%,1884.558,1885.408,0.85,21.2
166402,Motorcycle,1,Motorcycle / 3-wheel vehicle,opposite,89.2%,1885.458,1886.358,0.9,20.0
166580,Motorcycle,1,Motorcycle / 3-wheel vehicle,opposite,88.6%,1887.757,1888.358,0.6,30.0
166628,Car / Sedan,2,Sedan / jeep / station wagon,opposite,93.7%,1888.608,1889.407,0.8,22.5
166755,Motorcycle,1,Motorcycle / 3-wheel vehicle,opposite,87.3%,1889.557,1890.107,0.55,32.7
166668,Car / Sedan,2,Sedan / jeep / station wagon,normal,92.3%,1890.307,1889.607,0.7,25.7
166840,Motorcycle,1,Motorcycle / 3-wheel vehicle,normal,84.0%,1891.757,1890.857,0.9,20.0
166928,Motorcycle,1,Motorcycle / 3-wheel vehicle,opposite,89.7%,1891.757,1892.507,0.75,24.0
166936,Motorcycle,1,Motorcycle / 3-wheel vehicle,normal,85.6%,1892.757,1892.107,0.65,27.7
167003,Motorcycle,1,Motorcycle / 3-wheel vehicle,opposite,89.4%,1892.857,1893.457,0.6,30.0
167023,Pickup / Micro Truck,4,Pickup / micro truck / delivery,normal,90.5%,1894.357,1893.607,0.75,24.0
167117,Motorcycle,1,Motorcycle / 3-wheel vehicle,opposite,89.7%,1894.407,1895.157,0.75,24.0
167216,Motorcycle,1,Motorcycle / 3-wheel vehicle,normal,82.7%,1896.807,1895.707,1.1,16.4
167253,Motorcycle,1,Motorcycle / 3-wheel vehicle,opposite,88.2%,1896.007,1896.957,0.95,18.9
167260,Motorcycle,1,Motorcycle / 3-wheel vehicle,normal,81.0%,1897.107,1896.007,1.1,16.4
167313,Motorcycle,1,Motorcycle / 3-wheel vehicle,opposite,87.9%,1896.607,1897.507,0.9,20.0
167437,Motorcycle,1,Motorcycle / 3-wheel vehicle,normal,82.0%,1900.057,1897.907,2.15,8.4
167380,Motorcycle,1,Motorcycle / 3-wheel vehicle,opposite,90.5%,1899.157,1900.806,1.65,10.9
167515,Motorcycle,1,Motorcycle / 3-wheel vehicle,opposite,90.1%,1899.857,1901.407,1.55,11.6
167781,Motorcycle,1,Motorcycle / 3-wheel vehicle,normal,85.1%,1902.456,1901.707,0.75,24.0
167761,Car / Sedan,2,Sedan / jeep / station wagon,opposite,93.8%,1901.956,1902.856,0.9,20.0
167863,Motorcycle,1,Motorcycle / 3-wheel vehicle,normal,84.5%,1903.906,1903.056,0.85,21.2
167959,Motorcycle,1,Motorcycle / 3-wheel vehicle,normal,85.1%,1906.456,1905.306,1.15,15.7
168201,Motorcycle,1,Motorcycle / 3-wheel vehicle,opposite,86.8%,1906.956,1908.256,1.3,13.8
168253,Car / Sedan,2,Sedan / jeep / station wagon,opposite,93.6%,1907.506,1908.156,0.65,27.7
168276,Motorcycle,1,Motorcycle / 3-wheel vehicle,normal,71.3%,1909.956,1907.906,2.05,8.8
168325,Motorcycle,1,Motorcycle / 3-wheel vehicle,opposite,90.5%,1908.506,1909.156,0.65,27.7
168379,Public Transportation (Angkot),3,Medium passenger vehicle,opposite,94.4%,1910.156,1911.356,1.2,15.0
168485,Motorcycle,1,Motorcycle / 3-wheel vehicle,normal,64.0%,1912.406,1910.656,1.75,10.3
168519,Motorcycle,1,Motorcycle / 3-wheel vehicle,opposite,89.8%,1911.356,1911.956,0.6,30.0
168616,Motorcycle,1,Motorcycle / 3-wheel vehicle,normal,85.5%,1913.806,1912.806,1.0,18.0
168775,Motorcycle,1,Motorcycle / 3-wheel vehicle,opposite,90.5%,1914.505,1915.156,0.65,27.7
168756,Motorcycle,1,Motorcycle / 3-wheel vehicle,opposite,91.3%,1914.805,1915.455,0.65,27.7
168845,Motorcycle,1,Motorcycle / 3-wheel vehicle,opposite,89.0%,1915.655,1916.455,0.8,22.5
168875,Motorcycle,1,Motorcycle / 3-wheel vehicle,normal,77.3%,1918.305,1916.155,2.15,8.4
168942,Motorcycle,1,Motorcycle / 3-wheel vehicle,normal,84.1%,1918.305,1917.005,1.3,13.8
169119,Motorcycle,1,Motorcycle / 3-wheel vehicle,opposite,90.2%,1918.605,1919.355,0.75,24.0
169428,Motorcycle,1,Motorcycle / 3-wheel vehicle,normal,71.0%,1923.955,1921.955,2.0,9.0
169354,Motorcycle,1,Motorcycle / 3-wheel vehicle,opposite,89.4%,1922.255,1923.605,1.35,13.3
169532,Motorcycle,1,Motorcycle / 3-wheel vehicle,opposite,81.5%,1924.005,1925.905,1.9,9.5
169642,Motorcycle,1,Motorcycle / 3-wheel vehicle,opposite,88.1%,1924.205,1925.505,1.3,13.8
169623,Motorcycle,1,Motorcycle / 3-wheel vehicle,normal,81.2%,1927.705,1924.405,3.3,5.5
169589,Motorcycle,1,Motorcycle / 3-wheel vehicle,normal,87.3%,1925.755,1924.755,1.0,18.0
169662,Motorcycle,1,Motorcycle / 3-wheel vehicle,opposite,81.1%,1925.405,1927.055,1.65,10.9
169694,Public Transportation (Angkot),3,Medium passenger vehicle,normal,92.6%,1930.604,1928.804,1.8,10.0
170028,Motorcycle,1,Motorcycle / 3-wheel vehicle,normal,84.5%,1929.954,1929.004,0.95,18.9
170083,Motorcycle,1,Motorcycle / 3-wheel vehicle,opposite,89.6%,1929.154,1929.854,0.7,25.7
170096,Car / Sedan,2,Sedan / jeep / station wagon,normal,89.6%,1934.104,1930.704,3.4,5.3
170439,Motorcycle,1,Motorcycle / 3-wheel vehicle,opposite,87.5%,1932.554,1933.754,1.2,15.0
170311,Motorcycle,1,Motorcycle / 3-wheel vehicle,normal,85.0%,1936.204,1932.754,3.45,5.2
170415,Motorcycle,1,Motorcycle / 3-wheel vehicle,opposite,66.4%,1935.404,1937.904,2.5,7.2
170414,Motorcycle,1,Motorcycle / 3-wheel vehicle,opposite,90.7%,1936.704,1938.804,2.1,8.6
170959,Motorcycle,1,Motorcycle / 3-wheel vehicle,normal,57.7%,1942.053,1938.804,3.25,5.5
171044,Car / Sedan,2,Sedan / jeep / station wagon,normal,90.4%,1942.953,1941.103,1.85,9.7
171054,Car / Sedan,2,Sedan / jeep / station wagon,normal,91.1%,1944.103,1942.353,1.75,10.3
171370,Motorcycle,1,Motorcycle / 3-wheel vehicle,opposite,90.2%,1942.503,1943.253,0.75,24.0
171294,Pickup / Micro Truck,4,Pickup / micro truck / delivery,normal,91.4%,1945.753,1944.253,1.5,12.0
171545,Motorcycle,1,Motorcycle / 3-wheel vehicle,normal,87.4%,1946.003,1945.203,0.8,22.5
171633,Motorcycle,1,Motorcycle / 3-wheel vehicle,normal,85.2%,1947.453,1946.653,0.8,22.5
171460,Car / Sedan,2,Sedan / jeep / station wagon,normal,86.2%,1953.103,1947.903,5.2,3.5
171782,Motorcycle,1,Motorcycle / 3-wheel vehicle,normal,84.5%,1948.803,1948.053,0.75,24.0
171745,Motorcycle,1,Motorcycle / 3-wheel vehicle,normal,81.4%,1951.353,1948.403,2.95,6.1
171933,Motorcycle,1,Motorcycle / 3-wheel vehicle,opposite,89.3%,1949.003,1949.403,0.4,45.0
171849,Motorcycle,1,Motorcycle / 3-wheel vehicle,normal,84.9%,1952.553,1949.503,3.05,5.9
172087,Motorcycle,1,Motorcycle / 3-wheel vehicle,opposite,89.6%,1951.103,1951.653,0.55,32.7
172011,Motorcycle,1,Motorcycle / 3-wheel vehicle,opposite,88.3%,1952.253,1954.053,1.8,10.0
172251,Motorcycle,1,Motorcycle / 3-wheel vehicle,opposite,87.6%,1952.903,1953.503,0.6,30.0
172294,Motorcycle,1,Motorcycle / 3-wheel vehicle,opposite,89.8%,1953.403,1953.902,0.5,36.0
172269,Motorcycle,1,Motorcycle / 3-wheel vehicle,normal,82.2%,1954.803,1953.703,1.1,16.4
172152,Motorcycle,1,Motorcycle / 3-wheel vehicle,opposite,90.2%,1953.753,1955.752,2.0,9.0
172125,Car / Sedan,2,Sedan / jeep / station wagon,normal,91.0%,1955.752,1954.352,1.4,12.9
172468,Motorcycle,1,Motorcycle / 3-wheel vehicle,opposite,87.0%,1955.352,1955.802,0.45,40.0
172446,Motorcycle,1,Motorcycle / 3-wheel vehicle,normal,83.2%,1956.502,1955.452,1.05,17.1
172632,Car / Sedan,2,Sedan / jeep / station wagon,opposite,91.8%,1957.802,1958.852,1.05,17.1
172720,Motorcycle,1,Motorcycle / 3-wheel vehicle,opposite,89.8%,1958.252,1959.052,0.8,22.5
172727,Motorcycle,1,Motorcycle / 3-wheel vehicle,opposite,89.6%,1958.502,1959.302,0.8,22.5
172664,Motorcycle,1,Motorcycle / 3-wheel vehicle,normal,84.9%,1960.002,1959.152,0.85,21.2
172827,Motorcycle,1,Motorcycle / 3-wheel vehicle,opposite,89.6%,1959.452,1960.202,0.75,24.0
172877,Motorcycle,1,Motorcycle / 3-wheel vehicle,opposite,89.3%,1959.802,1960.652,0.85,21.2
172871,Motorcycle,1,Motorcycle / 3-wheel vehicle,opposite,89.5%,1959.902,1960.702,0.8,22.5
172850,Motorcycle,1,Motorcycle / 3-wheel vehicle,normal,83.9%,1960.902,1960.002,0.9,20.0
172996,Motorcycle,1,Motorcycle / 3-wheel vehicle,opposite,89.3%,1961.102,1961.852,0.75,24.0
172987,Motorcycle,1,Motorcycle / 3-wheel vehicle,normal,75.3%,1962.902,1961.152,1.75,10.3
173023,Motorcycle,1,Motorcycle / 3-wheel vehicle,normal,78.4%,1962.252,1961.552,0.7,25.7
173054,Motorcycle,1,Motorcycle / 3-wheel vehicle,opposite,89.0%,1961.802,1962.552,0.75,24.0
173031,Car / Sedan,2,Sedan / jeep / station wagon,normal,90.4%,1963.352,1962.502,0.85,21.2
173136,Motorcycle,1,Motorcycle / 3-wheel vehicle,opposite,89.2%,1962.652,1963.352,0.7,25.7
173175,Motorcycle,1,Motorcycle / 3-wheel vehicle,opposite,89.3%,1963.302,1963.952,0.65,27.7
173242,Motorcycle,1,Motorcycle / 3-wheel vehicle,opposite,88.8%,1963.702,1964.302,0.6,30.0
173217,Motorcycle,1,Motorcycle / 3-wheel vehicle,opposite,86.8%,1963.752,1964.452,0.7,25.7
173279,Motorcycle,1,Motorcycle / 3-wheel vehicle,opposite,90.3%,1964.252,1966.002,1.75,10.3
173083,Motorcycle,1,Motorcycle / 3-wheel vehicle,opposite,88.8%,1964.602,1966.502,1.9,9.5
173321,Motorcycle,1,Motorcycle / 3-wheel vehicle,opposite,89.1%,1964.802,1965.552,0.75,24.0
173353,Motorcycle,1,Motorcycle / 3-wheel vehicle,opposite,89.6%,1965.152,1965.902,0.75,24.0
173306,Motorcycle,1,Motorcycle / 3-wheel vehicle,opposite,89.4%,1965.302,1966.602,1.3,13.8
173399,Motorcycle,1,Motorcycle / 3-wheel vehicle,opposite,88.3%,1965.652,1966.352,0.7,25.7
173461,Motorcycle,1,Motorcycle / 3-wheel vehicle,opposite,89.5%,1966.652,1967.302,0.65,27.7
173495,Motorcycle,1,Motorcycle / 3-wheel vehicle,normal,71.1%,1968.751,1966.802,1.95,9.2
173536,Motorcycle,1,Motorcycle / 3-wheel vehicle,opposite,89.3%,1967.451,1968.151,0.7,25.7
173557,Motorcycle,1,Motorcycle / 3-wheel vehicle,opposite,88.3%,1967.601,1968.301,0.7,25.7
173601,Motorcycle,1,Motorcycle / 3-wheel vehicle,opposite,89.5%,1968.251,1969.201,0.95,18.9
173658,Motorcycle,1,Motorcycle / 3-wheel vehicle,opposite,85.2%,1968.751,1969.651,0.9,20.0
173694,Motorcycle,1,Motorcycle / 3-wheel vehicle,opposite,88.3%,1969.051,1969.951,0.9,20.0
173742,Motorcycle,1,Motorcycle / 3-wheel vehicle,opposite,88.7%,1969.601,1970.451,0.85,21.2
173772,Motorcycle,1,Motorcycle / 3-wheel vehicle,opposite,91.0%,1969.951,1970.751,0.8,22.5
173843,Motorcycle,1,Motorcycle / 3-wheel vehicle,opposite,90.1%,1970.551,1971.401,0.85,21.2
173889,Motorcycle,1,Motorcycle / 3-wheel vehicle,opposite,89.6%,1970.851,1971.601,0.75,24.0
173921,Motorcycle,1,Motorcycle / 3-wheel vehicle,opposite,84.6%,1971.501,1972.401,0.9,20.0
173892,Motorcycle,1,Motorcycle / 3-wheel vehicle,normal,64.3%,1973.751,1971.601,2.15,8.4
173956,Motorcycle,1,Motorcycle / 3-wheel vehicle,opposite,88.9%,1972.001,1972.801,0.8,22.5
174008,Motorcycle,1,Motorcycle / 3-wheel vehicle,opposite,90.0%,1972.651,1973.401,0.75,24.0
173986,Motorcycle,1,Motorcycle / 3-wheel vehicle,normal,76.9%,1974.451,1972.851,1.6,11.3
174091,Motorcycle,1,Motorcycle / 3-wheel vehicle,opposite,88.9%,1973.551,1974.351,0.8,22.5
174112,Motorcycle,1,Motorcycle / 3-wheel vehicle,opposite,89.9%,1973.901,1974.701,0.8,22.5
174149,Motorcycle,1,Motorcycle / 3-wheel vehicle,opposite,89.9%,1974.251,1974.901,0.65,27.7
174174,Motorcycle,1,Motorcycle / 3-wheel vehicle,opposite,89.1%,1974.751,1975.401,0.65,27.7
174259,Motorcycle,1,Motorcycle / 3-wheel vehicle,normal,52.0%,1976.901,1975.201,1.7,10.6
174287,Motorcycle,1,Motorcycle / 3-wheel vehicle,opposite,85.1%,1975.451,1976.151,0.7,25.7
174289,Motorcycle,1,Motorcycle / 3-wheel vehicle,opposite,88.0%,1975.701,1976.451,0.75,24.0
174180,Motorcycle,1,Motorcycle / 3-wheel vehicle,opposite,88.5%,1975.851,1976.551,0.7,25.7
174351,Motorcycle,1,Motorcycle / 3-wheel vehicle,opposite,87.8%,1976.451,1977.051,0.6,30.0
174349,Motorcycle,1,Motorcycle / 3-wheel vehicle,opposite,87.6%,1976.501,1977.301,0.8,22.5
174407,Motorcycle,1,Motorcycle / 3-wheel vehicle,opposite,88.4%,1977.101,1977.801,0.7,25.7
174473,Motorcycle,1,Motorcycle / 3-wheel vehicle,opposite,90.8%,1977.651,1978.301,0.65,27.7
174444,Motorcycle,1,Motorcycle / 3-wheel vehicle,opposite,87.5%,1977.751,1979.151,1.4,12.9
174452,Motorcycle,1,Motorcycle / 3-wheel vehicle,normal,82.3%,1978.751,1977.851,0.9,20.0
174521,Motorcycle,1,Motorcycle / 3-wheel vehicle,opposite,87.1%,1978.201,1978.851,0.65,27.7
174554,Motorcycle,1,Motorcycle / 3-wheel vehicle,opposite,89.6%,1978.851,1979.501,0.65,27.7
174570,Motorcycle,1,Motorcycle / 3-wheel vehicle,normal,71.9%,1980.301,1979.101,1.2,15.0
174589,Motorcycle,1,Motorcycle / 3-wheel vehicle,opposite,86.6%,1979.301,1980.101,0.8,22.5
174636,Motorcycle,1,Motorcycle / 3-wheel vehicle,normal,60.0%,1981.4,1979.751,1.65,10.9
174596,Motorcycle,1,Motorcycle / 3-wheel vehicle,opposite,89.2%,1979.951,1980.7,0.75,24.0
174662,Motorcycle,1,Motorcycle / 3-wheel vehicle,opposite,89.3%,1980.001,1980.7,0.7,25.7
174679,Motorcycle,1,Motorcycle / 3-wheel vehicle,opposite,89.6%,1980.501,1981.2,0.7,25.7
174703,Motorcycle,1,Motorcycle / 3-wheel vehicle,opposite,86.9%,1980.9,1981.75,0.85,21.2
174732,Motorcycle,1,Motorcycle / 3-wheel vehicle,opposite,86.9%,1981.051,1982.0,0.95,18.9
174799,Motorcycle,1,Motorcycle / 3-wheel vehicle,opposite,89.1%,1981.85,1982.7,0.85,21.2
174826,Motorcycle,1,Motorcycle / 3-wheel vehicle,opposite,89.5%,1982.15,1982.85,0.7,25.7
174904,Motorcycle,1,Motorcycle / 3-wheel vehicle,opposite,89.7%,1983.2,1983.8,0.6,30.0
174832,Car / Sedan,2,Sedan / jeep / station wagon,normal,89.7%,1984.45,1983.65,0.8,22.5
174937,Car / Sedan,2,Sedan / jeep / station wagon,normal,89.7%,1986.05,1985.25,0.8,22.5
175073,Car / Sedan,2,Sedan / jeep / station wagon,opposite,93.1%,1985.65,1986.4,0.75,24.0
175100,Motorcycle,1,Motorcycle / 3-wheel vehicle,opposite,88.2%,1985.9,1986.65,0.75,24.0
175113,Motorcycle,1,Motorcycle / 3-wheel vehicle,opposite,83.5%,1985.9,1986.75,0.85,21.2
175194,Motorcycle,1,Motorcycle / 3-wheel vehicle,opposite,86.6%,1986.75,1987.6,0.85,21.2
175251,Motorcycle,1,Motorcycle / 3-wheel vehicle,opposite,90.1%,1987.3,1988.0,0.7,25.7
175293,Motorcycle,1,Motorcycle / 3-wheel vehicle,normal,80.9%,1989.0,1988.0,1.0,18.0
175381,Motorcycle,1,Motorcycle / 3-wheel vehicle,normal,79.2%,1989.95,1988.4,1.55,11.6
175396,Motorcycle,1,Motorcycle / 3-wheel vehicle,opposite,88.3%,1989.55,1990.1,0.55,32.7
175469,Car / Sedan,2,Sedan / jeep / station wagon,opposite,93.2%,1989.9,1990.65,0.75,24.0
175507,Motorcycle,1,Motorcycle / 3-wheel vehicle,opposite,88.7%,1989.95,1990.5,0.55,32.7
175512,Motorcycle,1,Motorcycle / 3-wheel vehicle,opposite,89.4%,1990.15,1990.9,0.75,24.0
175482,Motorcycle,1,Motorcycle / 3-wheel vehicle,normal,63.1%,1993.35,1990.5,2.85,6.3
175411,Car / Sedan,2,Sedan / jeep / station wagon,normal,77.6%,1991.75,1990.8,0.95,18.9
175497,Motorcycle,1,Motorcycle / 3-wheel vehicle,opposite,89.2%,1991.35,1992.05,0.7,25.7
175722,Motorcycle,1,Motorcycle / 3-wheel vehicle,opposite,89.8%,1992.15,1992.8,0.65,27.7
175564,Car / Sedan,2,Sedan / jeep / station wagon,normal,90.5%,1993.399,1992.3,1.1,16.4
175699,Car / Sedan,2,Sedan / jeep / station wagon,opposite,92.1%,1992.4,1993.15,0.75,24.0
175779,Motorcycle,1,Motorcycle / 3-wheel vehicle,opposite,89.4%,1992.95,1993.55,0.6,30.0
175711,Motorcycle,1,Motorcycle / 3-wheel vehicle,opposite,89.1%,1993.749,1994.449,0.7,25.7
175860,Motorcycle,1,Motorcycle / 3-wheel vehicle,opposite,89.5%,1993.999,1994.699,0.7,25.7
175920,Motorcycle,1,Motorcycle / 3-wheel vehicle,opposite,89.5%,1994.449,1995.099,0.65,27.7
175780,Car / Sedan,2,Sedan / jeep / station wagon,normal,63.2%,1998.149,1995.199,2.95,6.1
175911,Motorcycle,1,Motorcycle / 3-wheel vehicle,opposite,89.9%,1995.249,1995.899,0.65,27.7
175890,Motorcycle,1,Motorcycle / 3-wheel vehicle,normal,79.9%,1997.949,1995.499,2.45,7.3
175895,Motorcycle,1,Motorcycle / 3-wheel vehicle,opposite,87.9%,1995.999,1996.899,0.9,20.0
176024,Motorcycle,1,Motorcycle / 3-wheel vehicle,opposite,90.2%,1996.349,1997.249,0.9,20.0
175937,Motorcycle,1,Motorcycle / 3-wheel vehicle,normal,84.8%,1998.799,1996.449,2.35,7.7
175752,Motorcycle,1,Motorcycle / 3-wheel vehicle,opposite,86.0%,1996.499,1998.399,1.9,9.5
176103,Motorcycle,1,Motorcycle / 3-wheel vehicle,normal,80.3%,2000.049,1997.999,2.05,8.8
176093,Motorcycle,1,Motorcycle / 3-wheel vehicle,opposite,87.5%,1998.399,1999.849,1.45,12.4
176016,Car / Sedan,2,Sedan / jeep / station wagon,normal,91.4%,2000.299,1998.499,1.8,10.0
176247,Motorcycle,1,Motorcycle / 3-wheel vehicle,opposite,83.5%,1998.999,2000.249,1.25,14.4
176169,Motorcycle,1,Motorcycle / 3-wheel vehicle,opposite,86.4%,1999.299,2000.899,1.6,11.3
176284,Motorcycle,1,Motorcycle / 3-wheel vehicle,opposite,89.4%,1999.499,2000.699,1.2,15.0
176354,Motorcycle,1,Motorcycle / 3-wheel vehicle,opposite,87.9%,2000.049,2001.149,1.1,16.4
176498,Motorcycle,1,Motorcycle / 3-wheel vehicle,opposite,83.9%,2001.399,2002.499,1.1,16.4
176299,Car / Sedan,2,Sedan / jeep / station wagon,normal,90.4%,2002.999,2001.549,1.45,12.4
176504,Motorcycle,1,Motorcycle / 3-wheel vehicle,opposite,89.4%,2001.599,2002.699,1.1,16.4
176452,Car / Sedan,2,Sedan / jeep / station wagon,opposite,93.5%,2001.799,2003.699,1.9,9.5
176525,Motorcycle,1,Motorcycle / 3-wheel vehicle,opposite,86.3%,2002.199,2003.349,1.15,15.7
176639,Motorcycle,1,Motorcycle / 3-wheel vehicle,opposite,86.9%,2002.549,2003.749,1.2,15.0
176652,Motorcycle,1,Motorcycle / 3-wheel vehicle,normal,69.8%,2003.799,2002.599,1.2,15.0
176608,Motorcycle,1,Motorcycle / 3-wheel vehicle,opposite,87.1%,2002.699,2003.849,1.15,15.7
176672,Motorcycle,1,Motorcycle / 3-wheel vehicle,opposite,88.9%,2003.299,2004.599,1.3,13.8
176512,Car / Sedan,2,Sedan / jeep / station wagon,normal,90.2%,2004.749,2003.399,1.35,13.3
176779,Motorcycle,1,Motorcycle / 3-wheel vehicle,opposite,87.7%,2004.149,2005.199,1.05,17.1
176817,Motorcycle,1,Motorcycle / 3-wheel vehicle,opposite,71.0%,2004.549,2005.599,1.05,17.1
176845,Motorcycle,1,Motorcycle / 3-wheel vehicle,normal,81.1%,2005.799,2004.699,1.1,16.4
176767,Car / Sedan,2,Sedan / jeep / station wagon,opposite,93.8%,2004.949,2006.499,1.55,11.6
176782,Motorcycle,1,Motorcycle / 3-wheel vehicle,normal,70.3%,2007.599,2005.349,2.25,8.0
176889,Motorcycle,1,Motorcycle / 3-wheel vehicle,opposite,81.3%,2005.499,2006.649,1.15,15.7
176928,Motorcycle,1,Motorcycle / 3-wheel vehicle,opposite,87.2%,2006.099,2007.198,1.1,16.4
176929,Motorcycle,1,Motorcycle / 3-wheel vehicle,normal,80.3%,2008.298,2006.099,2.2,8.2
177006,Motorcycle,1,Motorcycle / 3-wheel vehicle,opposite,81.6%,2006.948,2007.849,0.9,20.0
176936,Car / Sedan,2,Sedan / jeep / station wagon,opposite,91.5%,2006.998,2008.598,1.6,11.3
177037,Motorcycle,1,Motorcycle / 3-wheel vehicle,opposite,82.7%,2007.399,2008.498,1.1,16.4
177094,Motorcycle,1,Motorcycle / 3-wheel vehicle,opposite,85.6%,2008.148,2009.298,1.15,15.7
177068,Motorcycle,1,Motorcycle / 3-wheel vehicle,normal,79.2%,2010.098,2008.348,1.75,10.3
177162,Motorcycle,1,Motorcycle / 3-wheel vehicle,opposite,89.0%,2008.898,2009.948,1.05,17.1
177196,Motorcycle,1,Motorcycle / 3-wheel vehicle,normal,82.7%,2010.648,2008.898,1.75,10.3
177246,Motorcycle,1,Motorcycle / 3-wheel vehicle,opposite,85.6%,2009.698,2010.848,1.15,15.7
177147,Motorcycle,1,Motorcycle / 3-wheel vehicle,normal,83.6%,2011.348,2009.898,1.45,12.4
177291,Motorcycle,1,Motorcycle / 3-wheel vehicle,opposite,88.9%,2010.098,2011.048,0.95,18.9
177287,Motorcycle,1,Motorcycle / 3-wheel vehicle,opposite,89.4%,2010.448,2011.548,1.1,16.4
177380,Motorcycle,1,Motorcycle / 3-wheel vehicle,normal,85.4%,2012.898,2011.298,1.6,11.3
177336,Car / Sedan,2,Sedan / jeep / station wagon,normal,84.6%,2013.298,2011.898,1.4,12.9
177603,Motorcycle,1,Motorcycle / 3-wheel vehicle,normal,84.5%,2014.348,2013.298,1.05,17.1
177632,Motorcycle,1,Motorcycle / 3-wheel vehicle,opposite,88.8%,2013.948,2014.748,0.8,22.5
177701,Motorcycle,1,Motorcycle / 3-wheel vehicle,normal,86.1%,2015.348,2014.348,1.0,18.0
177515,Car / Sedan,2,Sedan / jeep / station wagon,normal,88.4%,2015.948,2014.598,1.35,13.3
177751,Car / Sedan,2,Sedan / jeep / station wagon,opposite,93.6%,2015.548,2016.548,1.0,18.0
177791,Motorcycle,1,Motorcycle / 3-wheel vehicle,normal,80.0%,2017.148,2016.098,1.05,17.1
177844,Motorcycle,1,Motorcycle / 3-wheel vehicle,opposite,85.3%,2016.298,2016.998,0.7,25.7
177838,Car / Sedan,2,Sedan / jeep / station wagon,opposite,93.7%,2016.648,2017.598,0.95,18.9
177681,Car / Sedan,2,Sedan / jeep / station wagon,normal,90.2%,2017.848,2016.698,1.15,15.7
177932,Motorcycle,1,Motorcycle / 3-wheel vehicle,opposite,88.5%,2017.198,2017.898,0.7,25.7
178026,Car / Sedan,2,Sedan / jeep / station wagon,opposite,93.5%,2019.198,2020.148,0.95,18.9
178033,Car / Sedan,2,Sedan / jeep / station wagon,normal,90.2%,2021.847,2019.548,2.3,7.8
178085,Motorcycle,1,Motorcycle / 3-wheel vehicle,normal,84.5%,2022.497,2020.598,1.9,9.5
178218,Car / Sedan,2,Sedan / jeep / station wagon,opposite,93.8%,2021.897,2022.797,0.9,20.0
178137,Car / Sedan,2,Sedan / jeep / station wagon,normal,73.7%,2024.747,2022.347,2.4,7.5
178282,Motorcycle,1,Motorcycle / 3-wheel vehicle,opposite,88.7%,2022.397,2023.197,0.8,22.5
178259,Motorcycle,1,Motorcycle / 3-wheel vehicle,opposite,90.6%,2022.697,2024.097,1.4,12.9
178235,Motorcycle,1,Motorcycle / 3-wheel vehicle,opposite,88.9%,2022.797,2023.497,0.7,25.7
178372,Motorcycle,1,Motorcycle / 3-wheel vehicle,opposite,90.0%,2023.547,2024.297,0.75,24.0
178263,Motorcycle,1,Motorcycle / 3-wheel vehicle,normal,68.7%,2024.547,2023.547,1.0,18.0
178435,Motorcycle,1,Motorcycle / 3-wheel vehicle,opposite,88.7%,2024.347,2025.497,1.15,15.7
178526,Motorcycle,1,Motorcycle / 3-wheel vehicle,opposite,88.7%,2025.347,2026.147,0.8,22.5
178527,Car / Sedan,2,Sedan / jeep / station wagon,opposite,93.8%,2025.947,2026.897,0.95,18.9
178619,Motorcycle,1,Motorcycle / 3-wheel vehicle,opposite,86.5%,2026.547,2027.347,0.8,22.5
178623,Motorcycle,1,Motorcycle / 3-wheel vehicle,opposite,87.5%,2026.547,2027.497,0.95,18.9
178521,Motorcycle,1,Motorcycle / 3-wheel vehicle,normal,86.8%,2029.597,2026.747,2.85,6.3
178762,Motorcycle,1,Motorcycle / 3-wheel vehicle,opposite,87.5%,2028.347,2028.947,0.6,30.0
178794,Motorcycle,1,Motorcycle / 3-wheel vehicle,opposite,87.2%,2028.747,2029.847,1.1,16.4
178742,2-Axle Truck (Jumbo),6,2-Axle Truck,opposite,94.1%,2028.797,2029.847,1.05,17.1
178849,Motorcycle,1,Motorcycle / 3-wheel vehicle,opposite,89.4%,2029.447,2030.297,0.85,21.2
178577,Car / Sedan,2,Sedan / jeep / station wagon,normal,87.7%,2029.997,2029.447,0.55,32.7
178887,Motorcycle,1,Motorcycle / 3-wheel vehicle,opposite,90.0%,2030.047,2030.897,0.85,21.2
178914,Car / Sedan,2,Sedan / jeep / station wagon,normal,88.0%,2032.897,2030.047,2.85,6.3
178901,Car / Sedan,2,Sedan / jeep / station wagon,opposite,92.9%,2030.647,2031.747,1.1,16.4
178967,Motorcycle,1,Motorcycle / 3-wheel vehicle,opposite,88.7%,2030.697,2031.447,0.75,24.0
178961,Car / Sedan,2,Sedan / jeep / station wagon,normal,81.2%,2032.997,2031.297,1.7,10.6
179064,Motorcycle,1,Motorcycle / 3-wheel vehicle,opposite,89.7%,2031.847,2032.597,0.75,24.0
179020,Car / Sedan,2,Sedan / jeep / station wagon,opposite,93.5%,2031.947,2033.097,1.15,15.7
179100,Motorcycle,1,Motorcycle / 3-wheel vehicle,opposite,87.1%,2032.347,2033.397,1.05,17.1
179106,Motorcycle,1,Motorcycle / 3-wheel vehicle,opposite,90.2%,2032.497,2033.347,0.85,21.2
179085,Motorcycle,1,Motorcycle / 3-wheel vehicle,normal,61.3%,2035.296,2032.597,2.7,6.7
179023,Motorcycle,1,Motorcycle / 3-wheel vehicle,normal,84.5%,2035.046,2033.197,1.85,9.7
179194,Motorcycle,1,Motorcycle / 3-wheel vehicle,opposite,88.9%,2033.697,2034.596,0.9,20.0
179199,Car / Sedan,2,Sedan / jeep / station wagon,opposite,93.8%,2034.246,2035.396,1.15,15.7
179155,Pickup / Micro Truck,4,Pickup / micro truck / delivery,normal,55.8%,2035.846,2034.296,1.55,11.6
179379,Motorcycle,1,Motorcycle / 3-wheel vehicle,normal,83.0%,2036.896,2035.696,1.2,15.0
179418,Motorcycle,1,Motorcycle / 3-wheel vehicle,normal,66.4%,2037.646,2036.546,1.1,16.4
179475,Car / Sedan,2,Sedan / jeep / station wagon,normal,48.9%,2039.996,2037.296,2.7,6.7
179487,Car / Sedan,2,Sedan / jeep / station wagon,opposite,89.1%,2037.646,2038.696,1.05,17.1
179550,Motorcycle,1,Motorcycle / 3-wheel vehicle,opposite,78.5%,2037.996,2038.746,0.75,24.0
179529,Motorcycle,1,Motorcycle / 3-wheel vehicle,normal,84.1%,2039.396,2038.296,1.1,16.4
179585,Motorcycle,1,Motorcycle / 3-wheel vehicle,opposite,76.3%,2038.896,2039.746,0.85,21.2
179620,Motorcycle,1,Motorcycle / 3-wheel vehicle,opposite,83.6%,2038.996,2039.946,0.95,18.9
179645,Motorcycle,1,Motorcycle / 3-wheel vehicle,normal,82.9%,2040.346,2039.296,1.05,17.1
179681,Motorcycle,1,Motorcycle / 3-wheel vehicle,opposite,89.8%,2039.646,2040.646,1.0,18.0
179702,Motorcycle,1,Motorcycle / 3-wheel vehicle,opposite,88.3%,2040.096,2040.996,0.9,20.0
179744,Motorcycle,1,Motorcycle / 3-wheel vehicle,normal,86.1%,2042.046,2040.796,1.25,14.4
179769,Motorcycle,1,Motorcycle / 3-wheel vehicle,opposite,87.9%,2040.996,2041.946,0.95,18.9
179773,Motorcycle,1,Motorcycle / 3-wheel vehicle,normal,86.0%,2042.596,2041.346,1.25,14.4
179888,Motorcycle,1,Motorcycle / 3-wheel vehicle,opposite,87.9%,2042.546,2043.446,0.9,20.0
179925,Motorcycle,1,Motorcycle / 3-wheel vehicle,normal,73.4%,2044.646,2043.296,1.35,13.3
179970,Motorcycle,1,Motorcycle / 3-wheel vehicle,opposite,86.5%,2043.696,2044.596,0.9,20.0
179928,Motorcycle,1,Motorcycle / 3-wheel vehicle,normal,83.7%,2049.045,2044.546,4.5,4.0
179946,Motorcycle,1,Motorcycle / 3-wheel vehicle,normal,82.7%,2047.146,2045.196,1.95,9.2
180198,Public Transportation (Angkot),3,Medium passenger vehicle,opposite,93.3%,2047.745,2049.145,1.4,12.9
180300,Pickup / Micro Truck,4,Pickup / micro truck / delivery,opposite,90.9%,2048.895,2050.345,1.45,12.4
180322,Motorcycle,1,Motorcycle / 3-wheel vehicle,opposite,89.7%,2049.595,2050.995,1.4,12.9
180354,Car / Sedan,2,Sedan / jeep / station wagon,opposite,76.5%,2050.045,2051.845,1.8,10.0
180418,Public Transportation (Angkot),3,Medium passenger vehicle,opposite,93.6%,2051.295,2052.745,1.45,12.4
180511,Motorcycle,1,Motorcycle / 3-wheel vehicle,opposite,90.7%,2052.095,2053.495,1.4,12.9
180601,Motorcycle,1,Motorcycle / 3-wheel vehicle,opposite,89.5%,2052.995,2054.495,1.5,12.0
180681,Motorcycle,1,Motorcycle / 3-wheel vehicle,opposite,85.3%,2053.945,2054.995,1.05,17.1
180548,Car / Sedan,2,Sedan / jeep / station wagon,opposite,93.6%,2053.995,2055.845,1.85,9.7
180773,Motorcycle,1,Motorcycle / 3-wheel vehicle,opposite,87.3%,2055.695,2057.095,1.4,12.9
180747,Motorcycle,1,Motorcycle / 3-wheel vehicle,opposite,83.7%,2056.345,2057.945,1.6,11.3
180934,Motorcycle,1,Motorcycle / 3-wheel vehicle,opposite,87.9%,2057.045,2058.745,1.7,10.6
181065,Motorcycle,1,Motorcycle / 3-wheel vehicle,opposite,87.3%,2058.145,2059.744,1.6,11.3
180880,Car / Sedan,2,Sedan / jeep / station wagon,opposite,87.4%,2058.445,2060.595,2.15,8.4
181131,Motorcycle,1,Motorcycle / 3-wheel vehicle,opposite,47.5%,2058.495,2060.095,1.6,11.3
180993,Motorcycle,1,Motorcycle / 3-wheel vehicle,opposite,66.4%,2058.895,2060.794,1.9,9.5
181203,Motorcycle,1,Motorcycle / 3-wheel vehicle,opposite,87.2%,2059.545,2060.994,1.45,12.4
181058,Motorcycle,1,Motorcycle / 3-wheel vehicle,opposite,86.4%,2059.644,2061.294,1.65,10.9
181088,Motorcycle,1,Motorcycle / 3-wheel vehicle,opposite,88.6%,2059.695,2061.294,1.6,11.3
181084,Car / Sedan,2,Sedan / jeep / station wagon,normal,90.9%,2064.944,2061.194,3.75,4.8
181388,Motorcycle,1,Motorcycle / 3-wheel vehicle,opposite,89.2%,2061.294,2062.694,1.4,12.9
181383,Car / Sedan,2,Sedan / jeep / station wagon,opposite,46.4%,2062.244,2063.444,1.2,15.0
181519,Motorcycle,1,Motorcycle / 3-wheel vehicle,opposite,83.5%,2062.794,2064.194,1.4,12.9
181483,Car / Sedan,2,Sedan / jeep / station wagon,opposite,93.9%,2062.844,2064.844,2.0,9.0
181567,Motorcycle,1,Motorcycle / 3-wheel vehicle,opposite,89.0%,2063.344,2064.494,1.15,15.7
181609,Motorcycle,1,Motorcycle / 3-wheel vehicle,opposite,86.0%,2063.944,2065.344,1.4,12.9
181568,Motorcycle,1,Motorcycle / 3-wheel vehicle,normal,76.6%,2066.344,2064.394,1.95,9.2
181578,Pickup / Micro Truck,4,Pickup / micro truck / delivery,normal,90.0%,2068.144,2065.544,2.6,6.9
181746,Car / Sedan,2,Sedan / jeep / station wagon,opposite,93.9%,2066.194,2067.844,1.65,10.9
181831,Motorcycle,1,Motorcycle / 3-wheel vehicle,opposite,89.1%,2066.594,2067.894,1.3,13.8
181888,Motorcycle,1,Motorcycle / 3-wheel vehicle,opposite,90.0%,2067.244,2068.544,1.3,13.8
181889,Car / Sedan,2,Sedan / jeep / station wagon,opposite,93.2%,2068.244,2069.894,1.65,10.9
181981,Motorcycle,1,Motorcycle / 3-wheel vehicle,opposite,89.2%,2068.394,2069.494,1.1,16.4
182057,Car / Sedan,2,Sedan / jeep / station wagon,opposite,83.8%,2070.044,2071.494,1.45,12.4
182317,Motorcycle,1,Motorcycle / 3-wheel vehicle,opposite,88.2%,2071.894,2073.093,1.2,15.0
182287,Public Transportation (Angkot),3,Medium passenger vehicle,opposite,74.5%,2072.244,2073.443,1.2,15.0
182372,Car / Sedan,2,Sedan / jeep / station wagon,opposite,93.6%,2073.044,2074.343,1.3,13.8
182426,Motorcycle,1,Motorcycle / 3-wheel vehicle,opposite,85.1%,2073.294,2074.393,1.1,16.4
182561,Car / Sedan,2,Sedan / jeep / station wagon,opposite,92.8%,2075.243,2076.593,1.35,13.3
182491,Motorcycle,1,Motorcycle / 3-wheel vehicle,opposite,88.2%,2075.893,2077.543,1.65,10.9
182662,Motorcycle,1,Motorcycle / 3-wheel vehicle,normal,72.7%,2079.243,2077.143,2.1,8.6
182714,Car / Sedan,2,Sedan / jeep / station wagon,opposite,83.7%,2078.043,2080.243,2.2,8.2
183019,Motorcycle,1,Motorcycle / 3-wheel vehicle,normal,82.8%,2082.243,2080.243,2.0,9.0
183052,Motorcycle,1,Motorcycle / 3-wheel vehicle,opposite,90.8%,2081.393,2082.893,1.5,12.0
183132,Motorcycle,1,Motorcycle / 3-wheel vehicle,normal,87.2%,2083.393,2082.093,1.3,13.8
183316,Motorcycle,1,Motorcycle / 3-wheel vehicle,normal,85.3%,2085.743,2083.343,2.4,7.5
183218,Motorcycle,1,Motorcycle / 3-wheel vehicle,normal,87.1%,2085.093,2083.543,1.55,11.6
183373,Motorcycle,1,Motorcycle / 3-wheel vehicle,opposite,89.3%,2083.893,2085.493,1.6,11.3
183452,Motorcycle,1,Motorcycle / 3-wheel vehicle,normal,84.9%,2086.242,2084.443,1.8,10.0
183427,Motorcycle,1,Motorcycle / 3-wheel vehicle,normal,85.6%,2085.693,2084.543,1.15,15.7
183673,Motorcycle,1,Motorcycle / 3-wheel vehicle,normal,84.1%,2088.592,2087.492,1.1,16.4
183743,Motorcycle,1,Motorcycle / 3-wheel vehicle,normal,82.8%,2089.692,2088.092,1.6,11.3
183782,Motorcycle,1,Motorcycle / 3-wheel vehicle,normal,53.7%,2091.842,2089.042,2.8,6.4
183809,Motorcycle,1,Motorcycle / 3-wheel vehicle,opposite,89.1%,2090.542,2093.342,2.8,6.4
183934,Motorcycle,1,Motorcycle / 3-wheel vehicle,normal,84.2%,2093.342,2091.492,1.85,9.7
183966,Motorcycle,1,Motorcycle / 3-wheel vehicle,opposite,81.0%,2092.592,2094.292,1.7,10.6
184132,Motorcycle,1,Motorcycle / 3-wheel vehicle,opposite,89.2%,2093.342,2095.092,1.75,10.3
184121,Motorcycle,1,Motorcycle / 3-wheel vehicle,normal,81.3%,2095.842,2093.542,2.3,7.8
184266,Motorcycle,1,Motorcycle / 3-wheel vehicle,normal,84.2%,2097.142,2094.542,2.6,6.9
184490,Motorcycle,1,Motorcycle / 3-wheel vehicle,opposite,86.2%,2096.842,2098.192,1.35,13.3
184159,Car / Sedan,2,Sedan / jeep / station wagon,normal,47.7%,2100.392,2097.642,2.75,6.5
184514,Public Transportation (Angkot),3,Medium passenger vehicle,opposite,93.8%,2097.742,2099.092,1.35,13.3
184479,Motorcycle,1,Motorcycle / 3-wheel vehicle,opposite,86.6%,2098.192,2099.691,1.5,12.0
184846,Motorcycle,1,Motorcycle / 3-wheel vehicle,normal,83.4%,2101.341,2100.341,1.0,18.0
184547,Public Transportation (Angkot),3,Medium passenger vehicle,normal,92.3%,2102.741,2100.841,1.9,9.5
184847,Motorcycle,1,Motorcycle / 3-wheel vehicle,normal,84.6%,2101.891,2101.041,0.85,21.2
184932,Motorcycle,1,Motorcycle / 3-wheel vehicle,normal,87.7%,2104.641,2102.241,2.4,7.5
184998,Motorcycle,1,Motorcycle / 3-wheel vehicle,normal,74.6%,2106.041,2103.091,2.95,6.1
185046,Motorcycle,1,Motorcycle / 3-wheel vehicle,normal,86.0%,2107.341,2104.641,2.7,6.7
185304,Motorcycle,1,Motorcycle / 3-wheel vehicle,opposite,86.6%,2107.041,2108.241,1.2,15.0
185278,Motorcycle,1,Motorcycle / 3-wheel vehicle,normal,84.7%,2109.241,2107.691,1.55,11.6
184900,Motorcycle,1,Motorcycle / 3-wheel vehicle,opposite,87.8%,2107.791,2109.341,1.55,11.6
185335,Motorcycle,1,Motorcycle / 3-wheel vehicle,opposite,89.5%,2108.691,2110.291,1.6,11.3
185462,Motorcycle,1,Motorcycle / 3-wheel vehicle,normal,75.6%,2110.741,2109.241,1.5,12.0
185523,Motorcycle,1,Motorcycle / 3-wheel vehicle,opposite,36.0%,2110.191,2112.141,1.95,9.2
185502,Motorcycle,1,Motorcycle / 3-wheel vehicle,normal,83.0%,2111.691,2110.491,1.2,15.0
185656,Motorcycle,1,Motorcycle / 3-wheel vehicle,opposite,89.7%,2110.691,2111.691,1.0,18.0
185731,Motorcycle,1,Motorcycle / 3-wheel vehicle,normal,80.6%,2112.341,2111.241,1.1,16.4
185815,Motorcycle,1,Motorcycle / 3-wheel vehicle,normal,66.0%,2115.14,2111.941,3.2,5.6
185987,Car / Sedan,2,Sedan / jeep / station wagon,opposite,93.5%,2114.04,2114.99,0.95,18.9
186125,Motorcycle,1,Motorcycle / 3-wheel vehicle,opposite,89.5%,2115.09,2115.74,0.65,27.7
186111,Motorcycle,1,Motorcycle / 3-wheel vehicle,normal,62.4%,2116.69,2115.39,1.3,13.8
186225,Motorcycle,1,Motorcycle / 3-wheel vehicle,normal,64.1%,2118.49,2116.29,2.2,8.2
186404,Car / Sedan,2,Sedan / jeep / station wagon,opposite,93.1%,2118.34,2119.14,0.8,22.5
186369,Car / Sedan,2,Sedan / jeep / station wagon,normal,90.7%,2120.19,2119.09,1.1,16.4
186513,Car / Sedan,2,Sedan / jeep / station wagon,opposite,93.8%,2119.74,2120.54,0.8,22.5
186737,Car / Sedan,2,Sedan / jeep / station wagon,opposite,80.9%,2124.39,2126.09,1.7,10.6
186905,Car / Sedan,2,Sedan / jeep / station wagon,normal,73.3%,2126.939,2125.64,1.3,13.8
187139,Motorcycle,1,Motorcycle / 3-wheel vehicle,normal,85.2%,2128.189,2126.689,1.5,12.0
186998,Car / Sedan,2,Sedan / jeep / station wagon,normal,91.0%,2128.889,2127.289,1.6,11.3
187265,Motorcycle,1,Motorcycle / 3-wheel vehicle,normal,83.9%,2129.639,2128.389,1.25,14.4
187793,Motorcycle,1,Motorcycle / 3-wheel vehicle,opposite,89.5%,2133.389,2133.989,0.6,30.0
187710,Motorcycle,1,Motorcycle / 3-wheel vehicle,normal,86.5%,2136.039,2133.889,2.15,8.4
187877,Motorcycle,1,Motorcycle / 3-wheel vehicle,normal,86.3%,2138.739,2135.889,2.85,6.3
188248,Car / Sedan,2,Sedan / jeep / station wagon,opposite,92.5%,2138.289,2138.989,0.7,25.7
188281,Motorcycle,1,Motorcycle / 3-wheel vehicle,normal,62.9%,2140.189,2138.439,1.75,10.3
187919,Car / Sedan,2,Sedan / jeep / station wagon,opposite,87.6%,2139.439,2141.838,2.4,7.5
188137,Car / Sedan,2,Sedan / jeep / station wagon,normal,89.8%,2144.488,2140.039,4.45,4.0
188682,Motorcycle,1,Motorcycle / 3-wheel vehicle,normal,84.2%,2144.038,2142.488,1.55,11.6
188724,Motorcycle,1,Motorcycle / 3-wheel vehicle,normal,83.4%,2144.138,2142.938,1.2,15.0
188438,Motorcycle,1,Motorcycle / 3-wheel vehicle,normal,72.2%,2145.338,2143.438,1.9,9.5
188798,Motorcycle,1,Motorcycle / 3-wheel vehicle,normal,83.5%,2146.288,2144.188,2.1,8.6
188836,Motorcycle,1,Motorcycle / 3-wheel vehicle,normal,53.4%,2151.888,2144.288,7.599,2.4
188988,Car / Sedan,2,Sedan / jeep / station wagon,opposite,93.4%,2145.938,2146.938,1.0,18.0
189038,Motorcycle,1,Motorcycle / 3-wheel vehicle,normal,85.2%,2152.188,2147.688,4.5,4.0
189318,Car / Sedan,2,Sedan / jeep / station wagon,opposite,93.5%,2151.538,2153.887,2.35,7.7
189719,Motorcycle,1,Motorcycle / 3-wheel vehicle,opposite,89.6%,2152.488,2153.438,0.95,18.9
189427,Motorcycle,1,Motorcycle / 3-wheel vehicle,normal,53.2%,2154.737,2153.037,1.7,10.6
189699,Motorcycle,1,Motorcycle / 3-wheel vehicle,opposite,77.8%,2153.188,2154.937,1.75,10.3
189798,Motorcycle,1,Motorcycle / 3-wheel vehicle,opposite,77.8%,2153.238,2154.187,0.95,18.9
189938,Motorcycle,1,Motorcycle / 3-wheel vehicle,normal,85.3%,2155.537,2154.387,1.15,15.7
189755,Car / Sedan,2,Sedan / jeep / station wagon,normal,90.5%,2156.687,2154.987,1.7,10.6
190036,Motorcycle,1,Motorcycle / 3-wheel vehicle,normal,84.2%,2156.737,2155.587,1.15,15.7
190122,Motorcycle,1,Motorcycle / 3-wheel vehicle,opposite,89.3%,2156.337,2157.287,0.95,18.9
190099,Motorcycle,1,Motorcycle / 3-wheel vehicle,normal,84.0%,2157.587,2156.437,1.15,15.7
190022,Public Transportation (Angkot),3,Medium passenger vehicle,normal,91.0%,2159.937,2156.987,2.95,6.1
190175,Motorcycle,1,Motorcycle / 3-wheel vehicle,normal,85.3%,2158.587,2157.437,1.15,15.7
190243,Motorcycle,1,Motorcycle / 3-wheel vehicle,normal,86.2%,2159.387,2158.137,1.25,14.4
190253,Motorcycle,1,Motorcycle / 3-wheel vehicle,normal,83.5%,2159.887,2158.687,1.2,15.0
190422,Motorcycle,1,Motorcycle / 3-wheel vehicle,normal,73.0%,2160.537,2159.137,1.4,12.9
190429,Motorcycle,1,Motorcycle / 3-wheel vehicle,normal,78.4%,2160.987,2159.587,1.4,12.9
190641,Car / Sedan,2,Sedan / jeep / station wagon,opposite,87.2%,2160.937,2162.287,1.35,13.3
190734,Motorcycle,1,Motorcycle / 3-wheel vehicle,opposite,88.9%,2162.087,2162.987,0.9,20.0
190480,Car / Sedan,2,Sedan / jeep / station wagon,normal,72.0%,2165.337,2162.087,3.25,5.5
190743,Car / Sedan,2,Sedan / jeep / station wagon,opposite,93.7%,2162.237,2163.737,1.5,12.0
190777,Motorcycle,1,Motorcycle / 3-wheel vehicle,normal,73.7%,2168.336,2163.337,5.0,3.6
190915,Public Transportation (Angkot),3,Medium passenger vehicle,opposite,92.5%,2164.287,2165.637,1.35,13.3
190982,Motorcycle,1,Motorcycle / 3-wheel vehicle,opposite,89.0%,2164.637,2165.787,1.15,15.7
190987,Car / Sedan,2,Sedan / jeep / station wagon,opposite,93.4%,2164.837,2166.186,1.35,13.3
190901,Pickup / Micro Truck,4,Pickup / micro truck / delivery,normal,65.2%,2170.336,2165.936,4.4,4.1
191177,Car / Sedan,2,Sedan / jeep / station wagon,opposite,90.2%,2166.986,2168.186,1.2,15.0
190983,Motorcycle,1,Motorcycle / 3-wheel vehicle,opposite,83.7%,2167.486,2170.086,2.6,6.9
191323,Motorcycle,1,Motorcycle / 3-wheel vehicle,opposite,89.5%,2167.836,2168.986,1.15,15.7
191382,Motorcycle,1,Motorcycle / 3-wheel vehicle,opposite,87.3%,2168.286,2169.136,0.85,21.2
191273,Motorcycle,1,Motorcycle / 3-wheel vehicle,opposite,82.8%,2168.786,2170.186,1.4,12.9
191095,Motorcycle,1,Motorcycle / 3-wheel vehicle,opposite,89.1%,2169.386,2171.936,2.55,7.1
191234,Motorcycle,1,Motorcycle / 3-wheel vehicle,normal,66.9%,2173.936,2169.586,4.35,4.1
191510,Motorcycle,1,Motorcycle / 3-wheel vehicle,opposite,88.3%,2169.736,2170.836,1.1,16.4
191427,Motorcycle,1,Motorcycle / 3-wheel vehicle,opposite,78.8%,2170.286,2171.836,1.55,11.6
191515,Motorcycle,1,Motorcycle / 3-wheel vehicle,normal,85.2%,2171.986,2170.486,1.5,12.0
191639,Motorcycle,1,Motorcycle / 3-wheel vehicle,normal,74.6%,2172.786,2171.286,1.5,12.0
191737,Motorcycle,1,Motorcycle / 3-wheel vehicle,opposite,89.8%,2172.086,2172.986,0.9,20.0
191518,Public Transportation (Angkot),3,Medium passenger vehicle,normal,89.7%,2174.436,2172.136,2.3,7.8
191707,Motorcycle,1,Motorcycle / 3-wheel vehicle,normal,84.4%,2173.286,2172.336,0.95,18.9
191843,Motorcycle,1,Motorcycle / 3-wheel vehicle,opposite,87.5%,2172.736,2173.536,0.8,22.5
191865,Motorcycle,1,Motorcycle / 3-wheel vehicle,normal,80.2%,2174.786,2173.736,1.05,17.1
191990,Motorcycle,1,Motorcycle / 3-wheel vehicle,opposite,89.6%,2174.086,2174.886,0.8,22.5
192040,Motorcycle,1,Motorcycle / 3-wheel vehicle,opposite,90.1%,2174.436,2175.186,0.75,24.0
191828,Car / Sedan,2,Sedan / jeep / station wagon,normal,44.5%,2178.186,2174.686,3.5,5.1
191960,Motorcycle,1,Motorcycle / 3-wheel vehicle,normal,74.5%,2176.736,2174.886,1.85,9.7
192091,Motorcycle,1,Motorcycle / 3-wheel vehicle,opposite,87.1%,2175.036,2176.086,1.05,17.1
192120,Motorcycle,1,Motorcycle / 3-wheel vehicle,opposite,88.2%,2175.286,2176.086,0.8,22.5
192123,Motorcycle,1,Motorcycle / 3-wheel vehicle,opposite,90.2%,2175.286,2176.036,0.75,24.0
192148,Motorcycle,1,Motorcycle / 3-wheel vehicle,opposite,88.6%,2175.686,2176.486,0.8,22.5
192215,Motorcycle,1,Motorcycle / 3-wheel vehicle,opposite,88.7%,2176.086,2176.786,0.7,25.7
192329,Motorcycle,1,Motorcycle / 3-wheel vehicle,opposite,89.1%,2177.086,2177.836,0.75,24.0
192332,Motorcycle,1,Motorcycle / 3-wheel vehicle,opposite,91.3%,2177.236,2177.986,0.75,24.0
192239,Car / Sedan,2,Sedan / jeep / station wagon,normal,44.7%,2181.385,2178.136,3.25,5.5
192282,Car / Sedan,2,Sedan / jeep / station wagon,normal,90.2%,2180.385,2178.885,1.5,12.0
192570,Motorcycle,1,Motorcycle / 3-wheel vehicle,normal,84.9%,2181.485,2179.985,1.5,12.0
192486,Car / Sedan,2,Sedan / jeep / station wagon,normal,91.2%,2182.235,2180.685,1.55,11.6
192689,Motorcycle,1,Motorcycle / 3-wheel vehicle,opposite,90.2%,2181.285,2181.885,0.6,30.0
192632,Car / Sedan,2,Sedan / jeep / station wagon,normal,88.7%,2185.185,2183.685,1.5,12.0
193024,Motorcycle,1,Motorcycle / 3-wheel vehicle,opposite,89.6%,2184.485,2185.135,0.65,27.7
193035,Motorcycle,1,Motorcycle / 3-wheel vehicle,normal,47.4%,2186.135,2184.885,1.25,14.4
193044,Car / Sedan,2,Sedan / jeep / station wagon,opposite,93.9%,2185.285,2186.185,0.9,20.0
193124,Motorcycle,1,Motorcycle / 3-wheel vehicle,opposite,86.0%,2185.635,2186.535,0.9,20.0
193112,Motorcycle,1,Motorcycle / 3-wheel vehicle,normal,80.3%,2186.685,2185.685,1.0,18.0
193201,Motorcycle,1,Motorcycle / 3-wheel vehicle,opposite,87.2%,2186.435,2187.285,0.85,21.2
193179,Motorcycle,1,Motorcycle / 3-wheel vehicle,opposite,52.0%,2186.485,2187.285,0.8,22.5
193241,Motorcycle,1,Motorcycle / 3-wheel vehicle,opposite,87.3%,2186.735,2187.535,0.8,22.5
193326,Motorcycle,1,Motorcycle / 3-wheel vehicle,opposite,82.6%,2187.535,2188.485,0.95,18.9
193339,Motorcycle,1,Motorcycle / 3-wheel vehicle,opposite,87.1%,2187.635,2188.385,0.75,24.0
193347,Motorcycle,1,Motorcycle / 3-wheel vehicle,opposite,89.3%,2187.985,2188.785,0.8,22.5
193372,Motorcycle,1,Motorcycle / 3-wheel vehicle,normal,65.0%,2189.635,2188.085,1.55,11.6
193385,Motorcycle,1,Motorcycle / 3-wheel vehicle,normal,70.8%,2189.685,2188.385,1.3,13.8
193474,Motorcycle,1,Motorcycle / 3-wheel vehicle,opposite,86.9%,2189.135,2189.935,0.8,22.5
193467,Motorcycle,1,Motorcycle / 3-wheel vehicle,opposite,89.2%,2189.185,2190.035,0.85,21.2
193597,Motorcycle,1,Motorcycle / 3-wheel vehicle,opposite,89.8%,2190.385,2191.285,0.9,20.0
193593,Motorcycle,1,Motorcycle / 3-wheel vehicle,opposite,86.5%,2190.585,2191.485,0.9,20.0
193642,Motorcycle,1,Motorcycle / 3-wheel vehicle,opposite,88.7%,2191.135,2192.035,0.9,20.0
193691,Motorcycle,1,Motorcycle / 3-wheel vehicle,normal,67.0%,2193.734,2191.435,2.3,7.8
193662,Motorcycle,1,Motorcycle / 3-wheel vehicle,opposite,89.5%,2191.485,2192.385,0.9,20.0
193747,Motorcycle,1,Motorcycle / 3-wheel vehicle,opposite,89.5%,2192.385,2193.285,0.9,20.0
193730,Motorcycle,1,Motorcycle / 3-wheel vehicle,opposite,88.8%,2192.885,2193.734,0.85,21.2
193904,Motorcycle,1,Motorcycle / 3-wheel vehicle,opposite,90.4%,2194.034,2196.884,2.85,6.3
193909,Motorcycle,1,Motorcycle / 3-wheel vehicle,normal,60.7%,2195.384,2194.034,1.35,13.3
193928,Car / Sedan,2,Sedan / jeep / station wagon,opposite,93.2%,2194.184,2195.034,0.85,21.2
194039,Motorcycle,1,Motorcycle / 3-wheel vehicle,opposite,86.7%,2195.234,2196.234,1.0,18.0
194059,Motorcycle,1,Motorcycle / 3-wheel vehicle,opposite,85.1%,2195.484,2196.334,0.85,21.2
194085,Motorcycle,1,Motorcycle / 3-wheel vehicle,normal,73.6%,2198.434,2196.084,2.35,7.7
194119,Motorcycle,1,Motorcycle / 3-wheel vehicle,opposite,88.8%,2196.184,2197.134,0.95,18.9
194093,Motorcycle,1,Motorcycle / 3-wheel vehicle,normal,83.7%,2197.334,2196.284,1.05,17.1
194206,Motorcycle,1,Motorcycle / 3-wheel vehicle,opposite,90.0%,2197.184,2198.484,1.3,13.8
194383,Motorcycle,1,Motorcycle / 3-wheel vehicle,opposite,88.9%,2199.084,2200.134,1.05,17.1
194394,Car / Sedan,2,Sedan / jeep / station wagon,opposite,89.3%,2199.584,2200.684,1.1,16.4
194447,Motorcycle,1,Motorcycle / 3-wheel vehicle,opposite,89.1%,2199.634,2200.534,0.9,20.0
194218,Motorcycle,1,Motorcycle / 3-wheel vehicle,opposite,89.4%,2199.834,2201.684,1.85,9.7
194754,2-Axle Truck (Jumbo),6,2-Axle Truck,opposite,90.1%,2203.784,2204.734,0.95,18.9
194708,2-Axle Truck (Jumbo),6,2-Axle Truck,normal,59.4%,2208.183,2204.534,3.65,4.9
194816,Motorcycle,1,Motorcycle / 3-wheel vehicle,opposite,90.0%,2206.133,2207.733,1.6,11.3
194938,Motorcycle,1,Motorcycle / 3-wheel vehicle,opposite,89.3%,2206.933,2208.733,1.8,10.0
195396,Bus,5,Bus,opposite,92.7%,2212.533,2213.883,1.35,13.3
195375,Motorcycle,1,Motorcycle / 3-wheel vehicle,normal,87.7%,2213.283,2217.383,4.1,4.4
195634,Car / Sedan,2,Sedan / jeep / station wagon,opposite,93.8%,2214.833,2216.133,1.3,13.8
195502,Motorcycle,1,Motorcycle / 3-wheel vehicle,opposite,63.3%,2215.033,2216.733,1.7,10.6
195815,Motorcycle,1,Motorcycle / 3-wheel vehicle,opposite,76.4%,2215.933,2217.533,1.6,11.3
195740,Car / Sedan,2,Sedan / jeep / station wagon,normal,58.5%,2220.132,2216.083,4.05,4.4
195814,Car / Sedan,2,Sedan / jeep / station wagon,opposite,80.4%,2217.083,2218.533,1.45,12.4
196056,Car / Sedan,2,Sedan / jeep / station wagon,opposite,92.9%,2219.982,2221.282,1.3,13.8
196439,Pickup / Micro Truck,4,Pickup / micro truck / delivery,opposite,87.5%,2223.732,2224.982,1.25,14.4
196626,Motorcycle,1,Motorcycle / 3-wheel vehicle,opposite,89.9%,2225.782,2226.982,1.2,15.0
196663,Motorcycle,1,Motorcycle / 3-wheel vehicle,opposite,90.1%,2226.282,2227.532,1.25,14.4
196725,Motorcycle,1,Motorcycle / 3-wheel vehicle,opposite,89.9%,2227.032,2228.332,1.3,13.8
196809,Motorcycle,1,Motorcycle / 3-wheel vehicle,opposite,90.4%,2227.832,2229.032,1.2,15.0
196812,Car / Sedan,2,Sedan / jeep / station wagon,normal,90.8%,2230.132,2227.932,2.2,8.2
196832,Motorcycle,1,Motorcycle / 3-wheel vehicle,opposite,89.3%,2228.382,2229.382,1.0,18.0
196810,Motorcycle,1,Motorcycle / 3-wheel vehicle,opposite,89.8%,2228.982,2230.532,1.55,11.6
196981,Public Transportation (Angkot),3,Medium passenger vehicle,normal,91.1%,2232.032,2229.582,2.45,7.3
197261,Motorcycle,1,Motorcycle / 3-wheel vehicle,normal,79.2%,2233.231,2231.582,1.65,10.9
197287,Motorcycle,1,Motorcycle / 3-wheel vehicle,normal,49.0%,2234.731,2232.182,2.55,7.1
197221,Public Transportation (Angkot),3,Medium passenger vehicle,opposite,93.2%,2232.432,2236.881,4.45,4.0
197300,Motorcycle,1,Motorcycle / 3-wheel vehicle,normal,69.1%,2234.281,2232.581,1.7,10.6
197272,Car / Sedan,2,Sedan / jeep / station wagon,opposite,93.8%,2233.181,2234.631,1.45,12.4
197340,Motorcycle,1,Motorcycle / 3-wheel vehicle,normal,58.0%,2235.981,2233.881,2.1,8.6
197476,Motorcycle,1,Motorcycle / 3-wheel vehicle,opposite,90.1%,2234.681,2235.731,1.05,17.1
197582,Motorcycle,1,Motorcycle / 3-wheel vehicle,opposite,89.1%,2235.681,2236.931,1.25,14.4
197641,Motorcycle,1,Motorcycle / 3-wheel vehicle,normal,75.7%,2241.331,2236.331,5.0,3.6
197741,Motorcycle,1,Motorcycle / 3-wheel vehicle,opposite,87.3%,2236.581,2237.631,1.05,17.1
197709,Motorcycle,1,Motorcycle / 3-wheel vehicle,opposite,83.8%,2236.631,2237.781,1.15,15.7
197690,Car / Sedan,2,Sedan / jeep / station wagon,opposite,86.2%,2236.681,2237.881,1.2,15.0
197785,Motorcycle,1,Motorcycle / 3-wheel vehicle,opposite,89.5%,2237.381,2238.431,1.05,17.1
197693,Motorcycle,1,Motorcycle / 3-wheel vehicle,normal,67.6%,2240.981,2237.531,3.45,5.2
197678,Motorcycle,1,Motorcycle / 3-wheel vehicle,opposite,89.3%,2238.031,2238.981,0.95,18.9
197993,Motorcycle,1,Motorcycle / 3-wheel vehicle,normal,82.3%,2242.631,2240.681,1.95,9.2
198116,Motorcycle,1,Motorcycle / 3-wheel vehicle,opposite,88.9%,2240.981,2241.581,0.6,30.0
197795,Motorcycle,1,Motorcycle / 3-wheel vehicle,opposite,88.6%,2241.081,2242.731,1.65,10.9
198132,Motorcycle,1,Motorcycle / 3-wheel vehicle,opposite,90.4%,2242.781,2244.181,1.4,12.9
198234,Motorcycle,1,Motorcycle / 3-wheel vehicle,normal,83.5%,2244.831,2243.381,1.45,12.4
198314,Motorcycle,1,Motorcycle / 3-wheel vehicle,opposite,87.5%,2243.831,2244.981,1.15,15.7
198380,Motorcycle,1,Motorcycle / 3-wheel vehicle,opposite,89.9%,2245.031,2246.28,1.25,14.4
198233,Car / Sedan,2,Sedan / jeep / station wagon,normal,89.5%,2247.88,2245.581,2.3,7.8
198497,Car / Sedan,2,Sedan / jeep / station wagon,opposite,92.8%,2246.88,2248.03,1.15,15.7
198537,Motorcycle,1,Motorcycle / 3-wheel vehicle,opposite,88.6%,2247.03,2247.68,0.65,27.7
198591,Car / Sedan,2,Sedan / jeep / station wagon,opposite,93.8%,2248.18,2249.33,1.15,15.7
198687,Motorcycle,1,Motorcycle / 3-wheel vehicle,opposite,89.8%,2249.18,2249.93,0.75,24.0
198746,2-Axle Truck (Jumbo),6,2-Axle Truck,opposite,93.9%,2250.53,2251.58,1.05,17.1
198543,Car / Sedan,2,Sedan / jeep / station wagon,normal,83.8%,2254.43,2251.43,3.0,6.0
198856,Motorcycle,1,Motorcycle / 3-wheel vehicle,opposite,89.2%,2251.68,2252.63,0.95,18.9
198788,Car / Sedan,2,Sedan / jeep / station wagon,normal,91.2%,2255.18,2253.28,1.9,9.5
198966,Public Transportation (Angkot),3,Medium passenger vehicle,opposite,92.9%,2253.58,2254.73,1.15,15.7
199052,Motorcycle,1,Motorcycle / 3-wheel vehicle,opposite,89.3%,2254.63,2255.58,0.95,18.9
199088,Motorcycle,1,Motorcycle / 3-wheel vehicle,opposite,88.3%,2255.28,2256.13,0.85,21.2
199154,Motorcycle,1,Motorcycle / 3-wheel vehicle,opposite,83.8%,2256.13,2256.88,0.75,24.0
199139,Bus,5,Bus,opposite,90.1%,2257.18,2258.23,1.05,17.1
199222,Motorcycle,1,Motorcycle / 3-wheel vehicle,opposite,86.1%,2257.28,2258.13,0.85,21.2
199264,Motorcycle,1,Motorcycle / 3-wheel vehicle,opposite,89.5%,2258.03,2258.93,0.9,20.0
199352,Car / Sedan,2,Sedan / jeep / station wagon,normal,91.1%,2260.729,2259.079,1.65,10.9
199341,Car / Sedan,2,Sedan / jeep / station wagon,opposite,93.2%,2259.53,2260.579,1.05,17.1
199403,Motorcycle,1,Motorcycle / 3-wheel vehicle,opposite,85.7%,2259.729,2260.779,1.05,17.1
199424,Motorcycle,1,Motorcycle / 3-wheel vehicle,opposite,89.3%,2260.229,2261.279,1.05,17.1
199506,Motorcycle,1,Motorcycle / 3-wheel vehicle,opposite,85.6%,2260.929,2261.929,1.0,18.0
199402,Pickup / Micro Truck,4,Pickup / micro truck / delivery,normal,84.5%,2265.379,2261.729,3.65,4.9
199478,Pickup / Micro Truck,4,Pickup / micro truck / delivery,normal,88.8%,2263.879,2262.329,1.55,11.6
199640,Car / Sedan,2,Sedan / jeep / station wagon,normal,92.1%,2272.079,2264.479,7.599,2.4
199809,Motorcycle,1,Motorcycle / 3-wheel vehicle,opposite,90.7%,2264.579,2265.379,0.8,22.5
200033,Motorcycle,1,Motorcycle / 3-wheel vehicle,opposite,88.9%,2267.329,2268.279,0.95,18.9
200027,Car / Sedan,2,Sedan / jeep / station wagon,opposite,93.0%,2267.529,2268.479,0.95,18.9
199731,Car / Sedan,2,Sedan / jeep / station wagon,normal,73.3%,2274.428,2268.079,6.35,2.8
200081,Motorcycle,1,Motorcycle / 3-wheel vehicle,opposite,90.1%,2268.129,2269.079,0.95,18.9
200113,Car / Sedan,2,Sedan / jeep / station wagon,opposite,93.2%,2268.879,2269.929,1.05,17.1
200192,Motorcycle,1,Motorcycle / 3-wheel vehicle,opposite,83.8%,2270.729,2272.778,2.05,8.8
200330,Car / Sedan,2,Sedan / jeep / station wagon,opposite,92.2%,2272.329,2274.078,1.75,10.3
200409,Motorcycle,1,Motorcycle / 3-wheel vehicle,opposite,80.4%,2272.329,2273.178,0.85,21.2
200449,Car / Sedan,2,Sedan / jeep / station wagon,opposite,81.6%,2273.928,2275.778,1.85,9.7
200525,Motorcycle,1,Motorcycle / 3-wheel vehicle,opposite,88.9%,2274.328,2275.628,1.3,13.8
200626,Motorcycle,1,Motorcycle / 3-wheel vehicle,opposite,89.0%,2275.528,2276.778,1.25,14.4
200679,Motorcycle,1,Motorcycle / 3-wheel vehicle,opposite,88.5%,2276.328,2277.628,1.3,13.8
200703,Motorcycle,1,Motorcycle / 3-wheel vehicle,opposite,89.4%,2276.878,2278.078,1.2,15.0
200765,Motorcycle,1,Motorcycle / 3-wheel vehicle,opposite,90.1%,2277.528,2278.778,1.25,14.4
200779,Motorcycle,1,Motorcycle / 3-wheel vehicle,opposite,89.7%,2277.778,2278.578,0.8,22.5
200738,Motorcycle,1,Motorcycle / 3-wheel vehicle,normal,83.0%,2280.928,2277.828,3.1,5.8
200814,Motorcycle,1,Motorcycle / 3-wheel vehicle,opposite,88.2%,2278.378,2279.578,1.2,15.0
200848,Car / Sedan,2,Sedan / jeep / station wagon,opposite,64.8%,2279.478,2281.278,1.8,10.0
200801,Car / Sedan,2,Sedan / jeep / station wagon,normal,58.1%,2284.028,2280.428,3.6,5.0
200994,Car / Sedan,2,Sedan / jeep / station wagon,opposite,88.7%,2281.328,2283.078,1.75,10.3
201038,Motorcycle,1,Motorcycle / 3-wheel vehicle,opposite,90.2%,2281.628,2283.528,1.9,9.5
201126,Motorcycle,1,Motorcycle / 3-wheel vehicle,opposite,43.5%,2282.328,2284.028,1.7,10.6
201101,Car / Sedan,2,Sedan / jeep / station wagon,opposite,60.7%,2283.328,2285.477,2.15,8.4
201242,Motorcycle,1,Motorcycle / 3-wheel vehicle,opposite,89.4%,2283.928,2285.278,1.35,13.3
201289,Motorcycle,1,Motorcycle / 3-wheel vehicle,opposite,90.1%,2284.428,2286.128,1.7,10.6
201356,Motorcycle,1,Motorcycle / 3-wheel vehicle,opposite,88.9%,2285.378,2287.127,1.75,10.3
201383,Motorcycle,1,Motorcycle / 3-wheel vehicle,opposite,88.9%,2285.677,2286.927,1.25,14.4
201437,Motorcycle,1,Motorcycle / 3-wheel vehicle,opposite,91.3%,2286.277,2287.877,1.6,11.3
201518,Car / Sedan,2,Sedan / jeep / station wagon,opposite,92.8%,2287.677,2289.427,1.75,10.3
201659,Car / Sedan,2,Sedan / jeep / station wagon,opposite,93.6%,2289.377,2291.127,1.75,10.3
201749,Motorcycle,1,Motorcycle / 3-wheel vehicle,opposite,90.0%,2290.477,2292.027,1.55,11.6
201570,Car / Sedan,2,Sedan / jeep / station wagon,opposite,92.2%,2291.677,2293.977,2.3,7.8
202068,Motorcycle,1,Motorcycle / 3-wheel vehicle,opposite,90.0%,2293.627,2295.077,1.45,12.4
202022,Car / Sedan,2,Sedan / jeep / station wagon,opposite,92.7%,2293.927,2295.877,1.95,9.2
202194,Motorcycle,1,Motorcycle / 3-wheel vehicle,opposite,89.1%,2295.227,2296.977,1.75,10.3
202233,Motorcycle,1,Motorcycle / 3-wheel vehicle,opposite,89.5%,2295.627,2297.127,1.5,12.0
202029,Car / Sedan,2,Sedan / jeep / station wagon,opposite,89.2%,2296.577,2299.327,2.75,6.5
202312,Motorcycle,1,Motorcycle / 3-wheel vehicle,opposite,88.4%,2296.577,2298.427,1.85,9.7
202432,Car / Sedan,2,Sedan / jeep / station wagon,opposite,87.1%,2299.526,2301.926,2.4,7.5
202652,Motorcycle,1,Motorcycle / 3-wheel vehicle,opposite,86.6%,2299.826,2301.226,1.4,12.9
202551,Motorcycle,1,Motorcycle / 3-wheel vehicle,opposite,90.2%,2300.276,2302.276,2.0,9.0
202752,Motorcycle,1,Motorcycle / 3-wheel vehicle,normal,66.9%,2303.026,2301.176,1.85,9.7
202775,Motorcycle,1,Motorcycle / 3-wheel vehicle,opposite,89.9%,2301.276,2302.726,1.45,12.4
202925,Motorcycle,1,Motorcycle / 3-wheel vehicle,normal,85.4%,2303.676,2302.476,1.2,15.0
202902,Motorcycle,1,Motorcycle / 3-wheel vehicle,opposite,88.8%,2302.526,2303.876,1.35,13.3
202866,Motorcycle,1,Motorcycle / 3-wheel vehicle,normal,83.2%,2304.026,2302.926,1.1,16.4
202980,Motorcycle,1,Motorcycle / 3-wheel vehicle,opposite,89.3%,2303.176,2304.476,1.3,13.8
203069,Motorcycle,1,Motorcycle / 3-wheel vehicle,normal,85.5%,2306.326,2304.326,2.0,9.0
202981,Car / Sedan,2,Sedan / jeep / station wagon,opposite,93.3%,2304.526,2306.826,2.3,7.8
203117,Motorcycle,1,Motorcycle / 3-wheel vehicle,normal,56.5%,2306.476,2304.976,1.5,12.0
203164,Motorcycle,1,Motorcycle / 3-wheel vehicle,opposite,82.8%,2305.276,2307.226,1.95,9.2
203265,Motorcycle,1,Motorcycle / 3-wheel vehicle,opposite,88.5%,2306.276,2307.976,1.7,10.6
203317,Motorcycle,1,Motorcycle / 3-wheel vehicle,normal,79.4%,2308.726,2306.776,1.95,9.2
203190,Car / Sedan,2,Sedan / jeep / station wagon,opposite,93.0%,2307.026,2309.476,2.45,7.3
203399,Car / Sedan,2,Sedan / jeep / station wagon,opposite,93.6%,2309.476,2311.976,2.5,7.2
203804,Car / Sedan,2,Sedan / jeep / station wagon,opposite,93.0%,2312.425,2314.475,2.05,8.8
203960,Motorcycle,1,Motorcycle / 3-wheel vehicle,normal,38.2%,2316.625,2314.325,2.3,7.8
203907,Car / Sedan,2,Sedan / jeep / station wagon,opposite,93.6%,2314.475,2316.775,2.3,7.8
203972,Motorcycle,1,Motorcycle / 3-wheel vehicle,opposite,88.1%,2315.175,2317.475,2.3,7.8
204026,Motorcycle,1,Motorcycle / 3-wheel vehicle,opposite,88.2%,2316.025,2318.325,2.3,7.8
204195,Motorcycle,1,Motorcycle / 3-wheel vehicle,opposite,89.2%,2317.525,2319.475,1.95,9.2
204200,Motorcycle,1,Motorcycle / 3-wheel vehicle,normal,82.6%,2319.475,2317.625,1.85,9.7
204326,Car / Sedan,2,Sedan / jeep / station wagon,opposite,94.0%,2320.275,2322.625,2.35,7.7
204453,Car / Sedan,2,Sedan / jeep / station wagon,opposite,90.7%,2321.975,2324.925,2.95,6.1
204235,Car / Sedan,2,Sedan / jeep / station wagon,normal,60.4%,2323.425,2322.625,0.8,22.5
204508,Car / Sedan,2,Sedan / jeep / station wagon,normal,33.9%,2328.774,2323.675,5.1,3.5
204707,Car / Sedan,2,Sedan / jeep / station wagon,opposite,93.4%,2324.925,2327.974,3.05,5.9
204834,Motorcycle,1,Motorcycle / 3-wheel vehicle,opposite,89.0%,2325.724,2326.674,0.95,18.9
204823,Motorcycle,1,Motorcycle / 3-wheel vehicle,normal,63.7%,2328.574,2326.074,2.5,7.2
204902,Motorcycle,1,Motorcycle / 3-wheel vehicle,opposite,87.7%,2326.674,2327.674,1.0,18.0
204910,Motorcycle,1,Motorcycle / 3-wheel vehicle,normal,59.0%,2333.174,2327.224,5.949,3.0
204928,Car / Sedan,2,Sedan / jeep / station wagon,opposite,93.1%,2328.474,2330.974,2.5,7.2
204893,Car / Sedan,2,Sedan / jeep / station wagon,normal,67.6%,2330.974,2329.824,1.15,15.7
205062,Car / Sedan,2,Sedan / jeep / station wagon,normal,66.7%,2332.524,2331.224,1.3,13.8
205335,Car / Sedan,2,Sedan / jeep / station wagon,normal,90.1%,2338.273,2332.674,5.6,3.2
205446,Motorcycle,1,Motorcycle / 3-wheel vehicle,normal,84.6%,2335.424,2334.074,1.35,13.3
205477,Car / Sedan,2,Sedan / jeep / station wagon,normal,85.5%,2336.074,2335.224,0.85,21.2
205348,Car / Sedan,2,Sedan / jeep / station wagon,normal,62.8%,2336.374,2335.774,0.6,30.0
205655,Motorcycle,1,Motorcycle / 3-wheel vehicle,normal,81.2%,2337.474,2336.174,1.3,13.8
205789,Motorcycle,1,Motorcycle / 3-wheel vehicle,normal,73.6%,2338.724,2337.923,0.8,22.5
205729,Car / Sedan,2,Sedan / jeep / station wagon,normal,92.0%,2339.623,2338.423,1.2,15.0
205845,Car / Sedan,2,Sedan / jeep / station wagon,normal,92.0%,2341.173,2339.823,1.35,13.3
206087,Motorcycle,1,Motorcycle / 3-wheel vehicle,normal,70.2%,2342.123,2340.673,1.45,12.4
206029,Motorcycle,1,Motorcycle / 3-wheel vehicle,normal,75.7%,2342.673,2341.173,1.5,12.0
206152,Motorcycle,1,Motorcycle / 3-wheel vehicle,normal,83.0%,2343.323,2341.873,1.45,12.4
206280,Motorcycle,1,Motorcycle / 3-wheel vehicle,normal,83.1%,2344.723,2343.573,1.15,15.7
205004,Public Transportation (Angkot),3,Medium passenger vehicle,opposite,92.9%,2343.823,2346.473,2.65,6.8
206472,Motorcycle,1,Motorcycle / 3-wheel vehicle,opposite,86.1%,2345.773,2348.073,2.3,7.8
206657,Motorcycle,1,Motorcycle / 3-wheel vehicle,normal,83.8%,2347.523,2346.573,0.95,18.9
206484,Motorcycle,1,Motorcycle / 3-wheel vehicle,normal,85.8%,2346.723,2353.872,7.149,2.5
206710,Motorcycle,1,Motorcycle / 3-wheel vehicle,normal,79.1%,2348.723,2347.673,1.05,17.1
206649,Motorcycle,1,Motorcycle / 3-wheel vehicle,opposite,89.7%,2350.023,2351.722,1.7,10.6
206765,Car / Sedan,2,Sedan / jeep / station wagon,opposite,83.1%,2353.672,2356.472,2.8,6.4
207362,Pickup / Micro Truck,4,Pickup / micro truck / delivery,opposite,87.7%,2356.222,2358.272,2.05,8.8
207444,Motorcycle,1,Motorcycle / 3-wheel vehicle,opposite,88.5%,2356.922,2358.722,1.8,10.0
207524,Motorcycle,1,Motorcycle / 3-wheel vehicle,opposite,70.5%,2357.272,2360.922,3.65,4.9
207496,Motorcycle,1,Motorcycle / 3-wheel vehicle,opposite,88.6%,2357.622,2359.422,1.8,10.0
207590,Motorcycle,1,Motorcycle / 3-wheel vehicle,opposite,89.6%,2358.622,2360.222,1.6,11.3
207809,Motorcycle,1,Motorcycle / 3-wheel vehicle,opposite,86.5%,2359.422,2360.922,1.5,12.0
208055,Motorcycle,1,Motorcycle / 3-wheel vehicle,normal,82.9%,2364.172,2362.322,1.85,9.7
208248,Motorcycle,1,Motorcycle / 3-wheel vehicle,normal,78.8%,2366.521,2363.672,2.85,6.3
208331,Car / Sedan,2,Sedan / jeep / station wagon,opposite,93.6%,2365.021,2366.221,1.2,15.0
208410,Motorcycle,1,Motorcycle / 3-wheel vehicle,opposite,89.2%,2365.271,2366.171,0.9,20.0
208530,Motorcycle,1,Motorcycle / 3-wheel vehicle,normal,76.5%,2368.521,2366.121,2.4,7.5
208225,Car / Sedan,2,Sedan / jeep / station wagon,normal,90.1%,2368.871,2366.371,2.5,7.2
208776,Motorcycle,1,Motorcycle / 3-wheel vehicle,normal,42.0%,2373.371,2368.721,4.65,3.9
208642,Motorcycle,1,Motorcycle / 3-wheel vehicle,normal,87.0%,2370.171,2368.771,1.4,12.9
208796,Motorcycle,1,Motorcycle / 3-wheel vehicle,opposite,89.3%,2369.221,2370.171,0.95,18.9
208888,Motorcycle,1,Motorcycle / 3-wheel vehicle,opposite,89.3%,2370.471,2371.271,0.8,22.5
208836,Motorcycle,1,Motorcycle / 3-wheel vehicle,normal,84.4%,2372.071,2370.871,1.2,15.0
208837,Motorcycle,1,Motorcycle / 3-wheel vehicle,normal,83.6%,2375.471,2370.971,4.5,4.0
208991,Motorcycle,1,Motorcycle / 3-wheel vehicle,opposite,88.1%,2372.071,2373.021,0.95,18.9
209087,Car / Sedan,2,Sedan / jeep / station wagon,opposite,93.2%,2373.471,2374.521,1.05,17.1
209166,Motorcycle,1,Motorcycle / 3-wheel vehicle,opposite,90.2%,2374.121,2375.071,0.95,18.9
209285,Motorcycle,1,Motorcycle / 3-wheel vehicle,opposite,90.0%,2375.471,2376.171,0.7,25.7
209334,Motorcycle,1,Motorcycle / 3-wheel vehicle,opposite,90.4%,2377.271,2378.47,1.2,15.0
209034,Car / Sedan,2,Sedan / jeep / station wagon,opposite,81.2%,2378.271,2381.12,2.85,6.3
209468,Motorcycle,1,Motorcycle / 3-wheel vehicle,opposite,89.1%,2379.37,2381.72,2.35,7.7
209687,Motorcycle,1,Motorcycle / 3-wheel vehicle,opposite,89.1%,2380.02,2381.77,1.75,10.3
209616,Motorcycle,1,Motorcycle / 3-wheel vehicle,opposite,70.2%,2380.47,2382.37,1.9,9.5
209815,Motorcycle,1,Motorcycle / 3-wheel vehicle,opposite,67.1%,2381.17,2383.02,1.85,9.7
209216,Car / Sedan,2,Sedan / jeep / station wagon,normal,36.7%,2386.37,2381.37,5.0,3.6
209743,Car / Sedan,2,Sedan / jeep / station wagon,opposite,91.9%,2381.77,2384.22,2.45,7.3
209896,Motorcycle,1,Motorcycle / 3-wheel vehicle,opposite,80.0%,2381.97,2383.52,1.55,11.6
209775,Motorcycle,1,Motorcycle / 3-wheel vehicle,opposite,89.5%,2382.92,2384.92,2.0,9.0
210088,Motorcycle,1,Motorcycle / 3-wheel vehicle,opposite,89.1%,2383.82,2385.17,1.35,13.3
209698,Motorcycle,1,Motorcycle / 3-wheel vehicle,opposite,87.9%,2384.07,2386.47,2.4,7.5
210190,Motorcycle,1,Motorcycle / 3-wheel vehicle,opposite,90.1%,2385.07,2386.57,1.5,12.0
210302,Motorcycle,1,Motorcycle / 3-wheel vehicle,opposite,89.8%,2385.87,2387.12,1.25,14.4
209701,Car / Sedan,2,Sedan / jeep / station wagon,normal,89.0%,2389.72,2386.52,3.2,5.6
210432,Motorcycle,1,Motorcycle / 3-wheel vehicle,opposite,89.2%,2386.92,2388.02,1.1,16.4
210507,Motorcycle,1,Motorcycle / 3-wheel vehicle,opposite,89.0%,2387.87,2388.87,1.0,18.0
210571,Motorcycle,1,Motorcycle / 3-wheel vehicle,opposite,89.1%,2388.22,2389.22,1.0,18.0
210505,Car / Sedan,2,Sedan / jeep / station wagon,opposite,93.6%,2388.72,2390.32,1.6,11.3
210640,Motorcycle,1,Motorcycle / 3-wheel vehicle,opposite,83.9%,2389.22,2390.47,1.25,14.4
210641,Motorcycle,1,Motorcycle / 3-wheel vehicle,opposite,85.6%,2389.57,2391.22,1.65,10.9
210713,Motorcycle,1,Motorcycle / 3-wheel vehicle,opposite,85.4%,2389.92,2391.269,1.35,13.3
210160,Car / Sedan,2,Sedan / jeep / station wagon,normal,65.3%,2391.82,2390.07,1.75,10.3
210758,Motorcycle,1,Motorcycle / 3-wheel vehicle,opposite,89.0%,2390.57,2391.919,1.35,13.3
210853,Motorcycle,1,Motorcycle / 3-wheel vehicle,opposite,86.5%,2391.72,2393.069,1.35,13.3
210859,Motorcycle,1,Motorcycle / 3-wheel vehicle,opposite,88.6%,2391.72,2392.869,1.15,15.7
210940,Motorcycle,1,Motorcycle / 3-wheel vehicle,normal,68.4%,2394.469,2392.519,1.95,9.2
210985,Motorcycle,1,Motorcycle / 3-wheel vehicle,opposite,84.4%,2392.819,2393.869,1.05,17.1
210957,Motorcycle,1,Motorcycle / 3-wheel vehicle,opposite,83.8%,2392.869,2393.919,1.05,17.1
210988,Motorcycle,1,Motorcycle / 3-wheel vehicle,opposite,89.2%,2393.169,2394.369,1.2,15.0
210690,Car / Sedan,2,Sedan / jeep / station wagon,normal,35.6%,2394.919,2393.219,1.7,10.6
211039,Motorcycle,1,Motorcycle / 3-wheel vehicle,opposite,90.1%,2393.719,2394.719,1.0,18.0
211084,Motorcycle,1,Motorcycle / 3-wheel vehicle,opposite,85.3%,2394.269,2395.369,1.1,16.4
211114,Motorcycle,1,Motorcycle / 3-wheel vehicle,opposite,90.0%,2394.669,2395.719,1.05,17.1
211214,Motorcycle,1,Motorcycle / 3-wheel vehicle,opposite,88.3%,2395.569,2396.569,1.0,18.0
211231,Car / Sedan,2,Sedan / jeep / station wagon,normal,73.3%,2397.369,2395.569,1.8,10.0
211244,Motorcycle,1,Motorcycle / 3-wheel vehicle,opposite,88.8%,2395.819,2396.719,0.9,20.0
211307,Motorcycle,1,Motorcycle / 3-wheel vehicle,normal,85.8%,2398.419,2396.819,1.6,11.3
211393,Motorcycle,1,Motorcycle / 3-wheel vehicle,opposite,90.0%,2397.169,2398.119,0.95,18.9
211291,Public Transportation (Angkot),3,Medium passenger vehicle,normal,89.9%,2399.519,2397.169,2.35,7.7
211504,Motorcycle,1,Motorcycle / 3-wheel vehicle,opposite,88.6%,2398.169,2399.019,0.85,21.2
211337,Car / Sedan,2,Sedan / jeep / station wagon,normal,91.8%,2400.419,2398.219,2.2,8.2
211505,Motorcycle,1,Motorcycle / 3-wheel vehicle,opposite,90.8%,2398.319,2399.169,0.85,21.2
211586,Motorcycle,1,Motorcycle / 3-wheel vehicle,opposite,88.8%,2398.919,2399.719,0.8,22.5
211606,Motorcycle,1,Motorcycle / 3-wheel vehicle,opposite,89.0%,2399.119,2400.069,0.95,18.9
211643,Motorcycle,1,Motorcycle / 3-wheel vehicle,opposite,90.1%,2399.619,2400.469,0.85,21.2
211687,Motorcycle,1,Motorcycle / 3-wheel vehicle,opposite,90.0%,2400.019,2400.819,0.8,22.5
211542,Motorcycle,1,Motorcycle / 3-wheel vehicle,normal,84.9%,2402.119,2400.119,2.0,9.0
211742,Motorcycle,1,Motorcycle / 3-wheel vehicle,opposite,88.5%,2400.469,2401.269,0.8,22.5
211721,Car / Sedan,2,Sedan / jeep / station wagon,opposite,93.2%,2400.569,2401.519,0.95,18.9
211793,Motorcycle,1,Motorcycle / 3-wheel vehicle,opposite,87.9%,2400.969,2402.069,1.1,16.4
211800,Motorcycle,1,Motorcycle / 3-wheel vehicle,opposite,90.2%,2401.169,2402.169,1.0,18.0
211792,Motorcycle,1,Motorcycle / 3-wheel vehicle,normal,69.9%,2402.919,2401.319,1.6,11.3
211871,Motorcycle,1,Motorcycle / 3-wheel vehicle,opposite,87.0%,2401.819,2402.819,1.0,18.0
211942,Motorcycle,1,Motorcycle / 3-wheel vehicle,opposite,87.9%,2402.419,2403.469,1.05,17.1
211908,Motorcycle,1,Motorcycle / 3-wheel vehicle,normal,87.6%,2402.769,2408.118,5.35,3.4
212005,Motorcycle,1,Motorcycle / 3-wheel vehicle,opposite,89.7%,2403.019,2403.969,0.95,18.9
212047,Motorcycle,1,Motorcycle / 3-wheel vehicle,opposite,83.8%,2403.219,2404.269,1.05,17.1
212078,Motorcycle,1,Motorcycle / 3-wheel vehicle,opposite,89.2%,2403.619,2404.468,0.85,21.2
212073,Motorcycle,1,Motorcycle / 3-wheel vehicle,normal,72.8%,2409.018,2404.069,4.95,3.6
212147,Motorcycle,1,Motorcycle / 3-wheel vehicle,opposite,88.0%,2404.119,2405.119,1.0,18.0
212209,Motorcycle,1,Motorcycle / 3-wheel vehicle,opposite,83.3%,2404.519,2405.518,1.0,18.0
212235,Motorcycle,1,Motorcycle / 3-wheel vehicle,opposite,90.0%,2404.869,2405.768,0.9,20.0
212341,Motorcycle,1,Motorcycle / 3-wheel vehicle,opposite,83.5%,2405.918,2406.918,1.0,18.0
212342,Motorcycle,1,Motorcycle / 3-wheel vehicle,opposite,82.7%,2406.468,2408.268,1.8,10.0
212261,Motorcycle,1,Motorcycle / 3-wheel vehicle,opposite,79.2%,2407.418,2409.668,2.25,8.0
212627,Public Transportation (Angkot),3,Medium passenger vehicle,opposite,93.7%,2409.968,2411.568,1.6,11.3
212735,Motorcycle,1,Motorcycle / 3-wheel vehicle,opposite,89.1%,2410.818,2412.168,1.35,13.3
212352,Car / Sedan,2,Sedan / jeep / station wagon,opposite,92.9%,2410.968,2413.668,2.7,6.7
212930,Motorcycle,1,Motorcycle / 3-wheel vehicle,opposite,81.8%,2413.568,2415.768,2.2,8.2
213078,Motorcycle,1,Motorcycle / 3-wheel vehicle,opposite,86.3%,2413.568,2415.468,1.9,9.5
213268,Motorcycle,1,Motorcycle / 3-wheel vehicle,opposite,87.0%,2415.068,2416.768,1.7,10.6
213339,Motorcycle,1,Motorcycle / 3-wheel vehicle,opposite,85.0%,2415.918,2417.617,1.7,10.6
213497,Motorcycle,1,Motorcycle / 3-wheel vehicle,opposite,90.3%,2417.617,2419.317,1.7,10.6
213589,Motorcycle,1,Motorcycle / 3-wheel vehicle,opposite,87.8%,2418.267,2419.617,1.35,13.3
213353,Car / Sedan,2,Sedan / jeep / station wagon,normal,87.7%,2421.717,2418.568,3.15,5.7
213660,Motorcycle,1,Motorcycle / 3-wheel vehicle,opposite,88.2%,2418.817,2420.167,1.35,13.3
213679,Motorcycle,1,Motorcycle / 3-wheel vehicle,opposite,89.3%,2419.367,2420.967,1.6,11.3
213597,Car / Sedan,2,Sedan / jeep / station wagon,opposite,92.4%,2419.617,2421.817,2.2,8.2
213773,Motorcycle,1,Motorcycle / 3-wheel vehicle,opposite,83.1%,2420.417,2422.117,1.7,10.6
213850,Motorcycle,1,Motorcycle / 3-wheel vehicle,opposite,88.7%,2421.317,2422.867,1.55,11.6
213871,Motorcycle,1,Motorcycle / 3-wheel vehicle,opposite,84.5%,2421.767,2423.417,1.65,10.9
213778,Car / Sedan,2,Sedan / jeep / station wagon,opposite,91.8%,2421.817,2423.917,2.1,8.6
214054,Public Transportation (Angkot),3,Medium passenger vehicle,normal,76.4%,2424.717,2422.717,2.0,9.0
214004,Motorcycle,1,Motorcycle / 3-wheel vehicle,opposite,88.1%,2422.867,2424.467,1.6,11.3
213966,Car / Sedan,2,Sedan / jeep / station wagon,opposite,85.7%,2423.517,2425.917,2.4,7.5
214096,Motorcycle,1,Motorcycle / 3-wheel vehicle,opposite,85.9%,2423.617,2425.367,1.75,10.3
214103,Motorcycle,1,Motorcycle / 3-wheel vehicle,opposite,87.3%,2423.867,2425.767,1.9,9.5
214146,Motorcycle,1,Motorcycle / 3-wheel vehicle,opposite,89.2%,2424.517,2426.317,1.8,10.0
214234,Motorcycle,1,Motorcycle / 3-wheel vehicle,opposite,88.5%,2425.217,2427.167,1.95,9.2
214373,Public Transportation (Angkot),3,Medium passenger vehicle,opposite,93.5%,2427.167,2429.267,2.1,8.6
214341,Car / Sedan,2,Sedan / jeep / station wagon,normal,58.3%,2429.617,2427.867,1.75,10.3
214504,Motorcycle,1,Motorcycle / 3-wheel vehicle,opposite,90.2%,2427.967,2429.467,1.5,12.0
214520,Motorcycle,1,Motorcycle / 3-wheel vehicle,opposite,89.0%,2427.967,2430.167,2.2,8.2
214645,Motorcycle,1,Motorcycle / 3-wheel vehicle,normal,66.8%,2430.617,2428.667,1.95,9.2
214627,Motorcycle,1,Motorcycle / 3-wheel vehicle,opposite,88.8%,2429.167,2431.267,2.1,8.6
214663,Car / Sedan,2,Sedan / jeep / station wagon,normal,89.6%,2431.816,2429.367,2.45,7.3
214647,Car / Sedan,2,Sedan / jeep / station wagon,opposite,93.3%,2429.667,2431.216,1.55,11.6
214686,Motorcycle,1,Motorcycle / 3-wheel vehicle,opposite,87.9%,2429.917,2432.316,2.4,7.5
214692,Motorcycle,1,Motorcycle / 3-wheel vehicle,opposite,88.9%,2430.117,2431.767,1.65,10.9
214756,Motorcycle,1,Motorcycle / 3-wheel vehicle,opposite,90.0%,2430.966,2432.566,1.6,11.3
214831,Motorcycle,1,Motorcycle / 3-wheel vehicle,normal,73.7%,2433.266,2431.367,1.9,9.5
214890,Motorcycle,1,Motorcycle / 3-wheel vehicle,normal,83.5%,2433.816,2432.116,1.7,10.6
214937,Motorcycle,1,Motorcycle / 3-wheel vehicle,opposite,85.8%,2433.066,2434.266,1.2,15.0
214969,Motorcycle,1,Motorcycle / 3-wheel vehicle,normal,77.3%,2435.466,2433.466,2.0,9.0
214984,Motorcycle,1,Motorcycle / 3-wheel vehicle,opposite,89.1%,2433.666,2434.866,1.2,15.0
214968,Car / Sedan,2,Sedan / jeep / station wagon,opposite,93.8%,2433.966,2435.516,1.55,11.6
215061,Motorcycle,1,Motorcycle / 3-wheel vehicle,opposite,89.1%,2434.416,2435.766,1.35,13.3
215137,Motorcycle,1,Motorcycle / 3-wheel vehicle,opposite,89.4%,2435.416,2436.716,1.3,13.8
215231,Motorcycle,1,Motorcycle / 3-wheel vehicle,opposite,90.0%,2437.216,2438.666,1.45,12.4
215254,Motorcycle,1,Motorcycle / 3-wheel vehicle,normal,81.0%,2439.266,2437.266,2.0,9.0
215326,Motorcycle,1,Motorcycle / 3-wheel vehicle,opposite,87.8%,2437.716,2438.916,1.2,15.0
215298,Motorcycle,1,Motorcycle / 3-wheel vehicle,opposite,89.9%,2437.866,2439.266,1.4,12.9
215327,Motorcycle,1,Motorcycle / 3-wheel vehicle,opposite,82.0%,2438.666,2440.416,1.75,10.3
215408,Motorcycle,1,Motorcycle / 3-wheel vehicle,normal,85.5%,2440.766,2439.216,1.55,11.6
215385,Motorcycle,1,Motorcycle / 3-wheel vehicle,opposite,89.9%,2439.566,2441.166,1.6,11.3
215540,Car / Sedan,2,Sedan / jeep / station wagon,opposite,89.4%,2440.416,2442.066,1.65,10.9
215434,Car / Sedan,2,Sedan / jeep / station wagon,normal,88.0%,2445.265,2442.216,3.05,5.9
215750,Motorcycle,1,Motorcycle / 3-wheel vehicle,normal,84.4%,2444.365,2443.216,1.15,15.7
215893,Motorcycle,1,Motorcycle / 3-wheel vehicle,normal,84.7%,2447.015,2444.865,2.15,8.4
215977,Motorcycle,1,Motorcycle / 3-wheel vehicle,opposite,88.1%,2445.465,2447.015,1.55,11.6
215905,Car / Sedan,2,Sedan / jeep / station wagon,opposite,92.3%,2446.065,2449.465,3.4,5.3
216018,Motorcycle,1,Motorcycle / 3-wheel vehicle,opposite,88.7%,2446.265,2447.765,1.5,12.0
216027,Motorcycle,1,Motorcycle / 3-wheel vehicle,normal,78.3%,2448.665,2446.465,2.2,8.2
216052,Motorcycle,1,Motorcycle / 3-wheel vehicle,opposite,88.1%,2447.015,2448.765,1.75,10.3
216097,Motorcycle,1,Motorcycle / 3-wheel vehicle,opposite,86.4%,2447.715,2449.765,2.05,8.8
216178,Motorcycle,1,Motorcycle / 3-wheel vehicle,opposite,88.1%,2448.515,2450.315,1.8,10.0
216150,Car / Sedan,2,Sedan / jeep / station wagon,opposite,92.8%,2449.115,2451.915,2.8,6.4
216239,Motorcycle,1,Motorcycle / 3-wheel vehicle,opposite,87.5%,2449.315,2451.015,1.7,10.6
216288,Motorcycle,1,Motorcycle / 3-wheel vehicle,opposite,88.1%,2449.915,2451.665,1.75,10.3
216407,Car / Sedan,2,Sedan / jeep / station wagon,normal,78.9%,2456.115,2450.515,5.6,3.2
216391,Motorcycle,1,Motorcycle / 3-wheel vehicle,opposite,86.5%,2450.965,2452.715,1.75,10.3
216416,Motorcycle,1,Motorcycle / 3-wheel vehicle,opposite,90.3%,2451.365,2453.115,1.75,10.3
216513,Motorcycle,1,Motorcycle / 3-wheel vehicle,opposite,90.4%,2452.065,2453.315,1.25,14.4
216583,Motorcycle,1,Motorcycle / 3-wheel vehicle,opposite,88.3%,2453.465,2454.765,1.3,13.8
216473,Car / Sedan,2,Sedan / jeep / station wagon,opposite,76.5%,2453.515,2455.965,2.45,7.3
216599,Motorcycle,1,Motorcycle / 3-wheel vehicle,opposite,81.3%,2453.565,2454.465,0.9,20.0
216628,Motorcycle,1,Motorcycle / 3-wheel vehicle,opposite,89.0%,2454.165,2455.465,1.3,13.8
216695,Motorcycle,1,Motorcycle / 3-wheel vehicle,opposite,89.6%,2454.965,2456.265,1.3,13.8
216675,Pickup / Micro Truck,4,Pickup / micro truck / delivery,opposite,91.9%,2455.865,2457.965,2.1,8.6
216720,Motorcycle,1,Motorcycle / 3-wheel vehicle,opposite,83.2%,2455.865,2457.414,1.55,11.6
216811,Motorcycle,1,Motorcycle / 3-wheel vehicle,opposite,89.3%,2456.465,2457.965,1.5,12.0
216891,Motorcycle,1,Motorcycle / 3-wheel vehicle,opposite,89.1%,2457.314,2458.614,1.3,13.8
216998,Motorcycle,1,Motorcycle / 3-wheel vehicle,opposite,88.4%,2458.265,2459.464,1.2,15.0
216948,Car / Sedan,2,Sedan / jeep / station wagon,opposite,91.4%,2458.314,2460.214,1.9,9.5
217085,Motorcycle,1,Motorcycle / 3-wheel vehicle,opposite,88.3%,2459.664,2460.814,1.15,15.7
217039,Car / Sedan,2,Sedan / jeep / station wagon,opposite,93.2%,2460.264,2461.964,1.7,10.6
217151,Public Transportation (Angkot),3,Medium passenger vehicle,normal,88.4%,2463.614,2461.814,1.8,10.0
217255,Motorcycle,1,Motorcycle / 3-wheel vehicle,opposite,89.3%,2462.164,2463.464,1.3,13.8
217220,Car / Sedan,2,Sedan / jeep / station wagon,opposite,93.0%,2462.414,2464.064,1.65,10.9
217300,Motorcycle,1,Motorcycle / 3-wheel vehicle,opposite,87.4%,2462.714,2463.964,1.25,14.4
217422,Motorcycle,1,Motorcycle / 3-wheel vehicle,normal,81.9%,2464.914,2463.864,1.05,17.1
217439,Motorcycle,1,Motorcycle / 3-wheel vehicle,opposite,88.8%,2464.014,2464.964,0.95,18.9
217364,Car / Sedan,2,Sedan / jeep / station wagon,opposite,92.9%,2464.164,2465.614,1.45,12.4
217495,Motorcycle,1,Motorcycle / 3-wheel vehicle,opposite,88.1%,2464.564,2465.514,0.95,18.9
217527,Car / Sedan,2,Sedan / jeep / station wagon,opposite,93.6%,2465.464,2466.714,1.25,14.4
217667,Motorcycle,1,Motorcycle / 3-wheel vehicle,normal,79.2%,2468.314,2466.264,2.05,8.8
217708,Motorcycle,1,Motorcycle / 3-wheel vehicle,normal,80.8%,2469.114,2466.764,2.35,7.7
217670,Car / Sedan,2,Sedan / jeep / station wagon,opposite,93.5%,2467.014,2468.414,1.4,12.9
217879,Public Transportation (Angkot),3,Medium passenger vehicle,opposite,93.2%,2469.364,2471.213,1.85,9.7
217992,Motorcycle,1,Motorcycle / 3-wheel vehicle,normal,78.8%,2471.913,2469.914,2.0,9.0
218031,Motorcycle,1,Motorcycle / 3-wheel vehicle,opposite,82.5%,2469.964,2471.913,1.95,9.2
218096,Motorcycle,1,Motorcycle / 3-wheel vehicle,opposite,90.2%,2470.363,2471.713,1.35,13.3
218055,Car / Sedan,2,Sedan / jeep / station wagon,opposite,93.3%,2470.863,2472.563,1.7,10.6
218151,Motorcycle,1,Motorcycle / 3-wheel vehicle,opposite,88.0%,2471.064,2472.463,1.4,12.9
218282,Motorcycle,1,Motorcycle / 3-wheel vehicle,opposite,87.6%,2472.363,2473.863,1.5,12.0
218289,Motorcycle,1,Motorcycle / 3-wheel vehicle,opposite,89.5%,2472.513,2473.813,1.3,13.8
218389,Motorcycle,1,Motorcycle / 3-wheel vehicle,opposite,88.7%,2473.413,2474.813,1.4,12.9
218307,2-Axle Truck (Jumbo),6,2-Axle Truck,opposite,93.3%,2473.613,2475.513,1.9,9.5
218507,Car / Sedan,2,Sedan / jeep / station wagon,opposite,93.6%,2475.663,2477.413,1.75,10.3
218675,Car / Sedan,2,Sedan / jeep / station wagon,opposite,92.5%,2476.863,2478.513,1.65,10.9
218743,Motorcycle,1,Motorcycle / 3-wheel vehicle,opposite,90.5%,2477.313,2478.363,1.05,17.1
218877,Motorcycle,1,Motorcycle / 3-wheel vehicle,opposite,87.8%,2478.713,2479.663,0.95,18.9
218902,Car / Sedan,2,Sedan / jeep / station wagon,opposite,93.1%,2479.313,2480.813,1.5,12.0
218856,Motorcycle,1,Motorcycle / 3-wheel vehicle,opposite,89.6%,2479.613,2480.713,1.1,16.4
218949,Motorcycle,1,Motorcycle / 3-wheel vehicle,normal,67.7%,2484.162,2480.013,4.15,4.3
219047,Motorcycle,1,Motorcycle / 3-wheel vehicle,opposite,88.3%,2480.663,2481.763,1.1,16.4
219083,Motorcycle,1,Motorcycle / 3-wheel vehicle,opposite,88.9%,2481.363,2482.463,1.1,16.4
219093,Car / Sedan,2,Sedan / jeep / station wagon,opposite,92.2%,2482.013,2483.613,1.6,11.3
219146,Motorcycle,1,Motorcycle / 3-wheel vehicle,opposite,88.3%,2482.213,2483.363,1.15,15.7
219189,Motorcycle,1,Motorcycle / 3-wheel vehicle,opposite,88.3%,2482.713,2483.863,1.15,15.7
219216,Motorcycle,1,Motorcycle / 3-wheel vehicle,opposite,87.5%,2483.313,2484.463,1.15,15.7
219221,Car / Sedan,2,Sedan / jeep / station wagon,opposite,93.2%,2484.213,2485.512,1.3,13.8
219359,Motorcycle,1,Motorcycle / 3-wheel vehicle,normal,43.3%,2486.662,2484.613,2.05,8.8
219374,Motorcycle,1,Motorcycle / 3-wheel vehicle,opposite,88.5%,2484.662,2485.662,1.0,18.0
219433,Motorcycle,1,Motorcycle / 3-wheel vehicle,opposite,88.3%,2485.312,2486.312,1.0,18.0
219440,Motorcycle,1,Motorcycle / 3-wheel vehicle,opposite,89.4%,2485.462,2486.462,1.0,18.0
219534,Motorcycle,1,Motorcycle / 3-wheel vehicle,opposite,88.6%,2486.462,2487.712,1.25,14.4
219156,Car / Sedan,2,Sedan / jeep / station wagon,opposite,93.7%,2486.962,2489.362,2.4,7.5
219639,Public Transportation (Angkot),3,Medium passenger vehicle,normal,91.6%,2490.912,2489.262,1.65,10.9
219812,Motorcycle,1,Motorcycle / 3-wheel vehicle,opposite,89.1%,2489.712,2490.862,1.15,15.7
219818,Motorcycle,1,Motorcycle / 3-wheel vehicle,normal,85.2%,2492.662,2490.462,2.2,8.2
219775,Car / Sedan,2,Sedan / jeep / station wagon,opposite,93.8%,2490.562,2492.262,1.7,10.6
219901,Motorcycle,1,Motorcycle / 3-wheel vehicle,opposite,88.6%,2490.812,2491.962,1.15,15.7
219869,Motorcycle,1,Motorcycle / 3-wheel vehicle,opposite,90.0%,2491.362,2493.062,1.7,10.6
219806,Motorcycle,1,Motorcycle / 3-wheel vehicle,normal,77.5%,2492.312,2491.362,0.95,18.9
220009,Motorcycle,1,Motorcycle / 3-wheel vehicle,opposite,89.4%,2491.862,2493.062,1.2,15.0
219997,Motorcycle,1,Motorcycle / 3-wheel vehicle,normal,61.9%,2493.762,2491.862,1.9,9.5
220076,Pickup / Micro Truck,4,Pickup / micro truck / delivery,opposite,92.4%,2493.562,2495.212,1.65,10.9
220203,Motorcycle,1,Motorcycle / 3-wheel vehicle,normal,84.9%,2495.012,2493.612,1.4,12.9
220192,Motorcycle,1,Motorcycle / 3-wheel vehicle,opposite,87.2%,2494.212,2495.412,1.2,15.0
220270,Car / Sedan,2,Sedan / jeep / station wagon,opposite,93.3%,2495.262,2496.662,1.4,12.9
220398,Motorcycle,1,Motorcycle / 3-wheel vehicle,normal,80.0%,2496.762,2495.612,1.15,15.7
220396,Motorcycle,1,Motorcycle / 3-wheel vehicle,opposite,89.1%,2496.062,2497.662,1.6,11.3
220474,Motorcycle,1,Motorcycle / 3-wheel vehicle,normal,84.6%,2498.061,2496.912,1.15,15.7
220462,Car / Sedan,2,Sedan / jeep / station wagon,opposite,93.2%,2497.262,2498.511,1.25,14.4
220548,Motorcycle,1,Motorcycle / 3-wheel vehicle,normal,52.6%,2499.861,2497.662,2.2,8.2
220592,Public Transportation (Angkot),3,Medium passenger vehicle,opposite,94.4%,2498.611,2500.161,1.55,11.6
220667,Motorcycle,1,Motorcycle / 3-wheel vehicle,normal,48.9%,2502.161,2498.711,3.45,5.2
220788,Motorcycle,1,Motorcycle / 3-wheel vehicle,opposite,89.0%,2499.811,2501.311,1.5,12.0
220765,Car / Sedan,2,Sedan / jeep / station wagon,opposite,93.4%,2500.111,2501.611,1.5,12.0
220854,Motorcycle,1,Motorcycle / 3-wheel vehicle,opposite,87.6%,2500.661,2502.161,1.5,12.0
220693,Motorcycle,1,Motorcycle / 3-wheel vehicle,normal,41.1%,2505.811,2500.861,4.95,3.6
220835,Motorcycle,1,Motorcycle / 3-wheel vehicle,normal,76.2%,2506.311,2501.261,5.05,3.6
220935,Car / Sedan,2,Sedan / jeep / station wagon,opposite,93.4%,2502.061,2503.311,1.25,14.4
220986,Motorcycle,1,Motorcycle / 3-wheel vehicle,opposite,89.4%,2502.061,2503.561,1.5,12.0
221085,Motorcycle,1,Motorcycle / 3-wheel vehicle,opposite,90.4%,2502.911,2504.511,1.6,11.3
221168,Motorcycle,1,Motorcycle / 3-wheel vehicle,opposite,88.5%,2503.711,2505.111,1.4,12.9
221195,Motorcycle,1,Motorcycle / 3-wheel vehicle,opposite,87.1%,2504.311,2505.911,1.6,11.3
221283,Motorcycle,1,Motorcycle / 3-wheel vehicle,opposite,88.8%,2505.211,2506.661,1.45,12.4
221178,Car / Sedan,2,Sedan / jeep / station wagon,opposite,92.9%,2505.261,2507.161,1.9,9.5
221350,Motorcycle,1,Motorcycle / 3-wheel vehicle,opposite,88.5%,2505.761,2507.161,1.4,12.9
221387,Motorcycle,1,Motorcycle / 3-wheel vehicle,opposite,88.4%,2506.361,2507.711,1.35,13.3
221469,Motorcycle,1,Motorcycle / 3-wheel vehicle,normal,77.4%,2509.861,2507.711,2.15,8.4
221299,Car / Sedan,2,Sedan / jeep / station wagon,opposite,93.4%,2508.461,2510.66,2.2,8.2
221436,Public Transportation (Angkot),3,Medium passenger vehicle,normal,91.0%,2511.71,2509.511,2.2,8.2
221501,Motorcycle,1,Motorcycle / 3-wheel vehicle,opposite,90.8%,2509.761,2511.66,1.9,9.5
221678,Motorcycle,1,Motorcycle / 3-wheel vehicle,opposite,87.0%,2509.861,2511.61,1.75,10.3
221536,Car / Sedan,2,Sedan / jeep / station wagon,normal,87.6%,2513.31,2510.961,2.35,7.7
221617,Car / Sedan,2,Sedan / jeep / station wagon,opposite,92.9%,2512.36,2514.46,2.1,8.6
221983,Motorcycle,1,Motorcycle / 3-wheel vehicle,opposite,89.0%,2513.26,2514.26,1.0,18.0
221851,2-Axle Truck (Jumbo),6,2-Axle Truck,normal,61.7%,2514.76,2513.76,1.0,18.0
222066,Motorcycle,1,Motorcycle / 3-wheel vehicle,opposite,90.3%,2514.31,2515.46,1.15,15.7
221967,Car / Sedan,2,Sedan / jeep / station wagon,normal,81.4%,2516.11,2514.66,1.45,12.4
