track_id,Detected Type,Class Code,Class Label,Direction,Confidence,line1_time_s,line2_time_s,dt_s,speed_kph
6,Car / Sedan,2,Sedan / jeep / station wagon,opposite,93.7%,0.25,1.15,0.9,20.0
7,Motorcycle,1,Motorcycle / 3-wheel vehicle,opposite,85.8%,0.45,1.35,0.9,20.0
49,Pickup / Micro Truck,4,Pickup / micro truck / delivery,opposite,78.9%,1.95,2.65,0.7,25.7
44,Motorcycle,1,Motorcycle / 3-wheel vehicle,normal,77.2%,2.8,2.0,0.8,22.5
50,Car / Sedan,2,Sedan / jeep / station wagon,opposite,91.1%,2.4,3.25,0.85,21.2
74,Motorcycle,1,Motorcycle / 3-wheel vehicle,normal,77.1%,3.3,2.45,0.85,21.2
102,Motorcycle,1,Motorcycle / 3-wheel vehicle,normal,72.4%,4.05,3.15,0.9,20.0
127,Motorcycle,1,Motorcycle / 3-wheel vehicle,opposite,88.2%,4.05,4.85,0.8,22.5
148,Motorcycle,1,Motorcycle / 3-wheel vehicle,opposite,88.7%,4.4,5.1,0.7,25.7
120,Car / Sedan,2,Sedan / jeep / station wagon,normal,84.8%,6.25,5.3,0.95,18.9
189,Motorcycle,1,Motorcycle / 3-wheel vehicle,opposite,88.8%,5.35,6.05,0.7,25.7
197,Car / Sedan,2,Sedan / jeep / station wagon,normal,39.8%,8.149,5.45,2.7,6.7
265,Motorcycle,1,Motorcycle / 3-wheel vehicle,opposite,72.9%,7.5,8.149,0.65,27.7
205,Motorcycle,1,Motorcycle / 3-wheel vehicle,opposite,87.8%,8.8,10.399,1.6,11.3
356,Motorcycle,1,Motorcycle / 3-wheel vehicle,opposite,79.3%,10.149,10.799,0.65,27.7
337,Motorcycle,1,Motorcycle / 3-wheel vehicle,opposite,62.1%,11.549,13.849,2.3,7.8
101,Car / Sedan,2,Sedan / jeep / station wagon,opposite,93.2%,13.599,14.949,1.35,13.3
182,Motorcycle,1,Motorcycle / 3-wheel vehicle,normal,57.6%,16.399,15.199,1.2,15.0
166,Car / Sedan,2,Sedan / jeep / station wagon,opposite,93.3%,15.449,16.799,1.35,13.3
228,Motorcycle,1,Motorcycle / 3-wheel vehicle,normal,73.0%,17.799,16.099,1.7,10.6
229,Motorcycle,1,Motorcycle / 3-wheel vehicle,opposite,88.2%,16.399,17.449,1.05,17.1
268,Motorcycle,1,Motorcycle / 3-wheel vehicle,opposite,71.3%,17.149,17.999,0.85,21.2
266,Car / Sedan,2,Sedan / jeep / station wagon,opposite,92.4%,17.599,18.799,1.2,15.0
285,Motorcycle,1,Motorcycle / 3-wheel vehicle,opposite,78.4%,17.599,18.449,0.85,21.2
334,Motorcycle,1,Motorcycle / 3-wheel vehicle,opposite,87.5%,18.699,19.699,1.0,18.0
351,Car / Sedan,2,Sedan / jeep / station wagon,opposite,93.3%,19.249,20.349,1.1,16.4
380,Motorcycle,1,Motorcycle / 3-wheel vehicle,opposite,87.6%,19.649,20.499,0.85,21.2
407,Motorcycle,1,Motorcycle / 3-wheel vehicle,opposite,89.2%,20.299,21.049,0.75,24.0
421,Motorcycle,1,Motorcycle / 3-wheel vehicle,normal,69.5%,22.699,20.599,2.1,8.6
436,Motorcycle,1,Motorcycle / 3-wheel vehicle,opposite,88.6%,21.099,21.999,0.9,20.0
446,Car / Sedan,2,Sedan / jeep / station wagon,opposite,83.3%,21.349,22.049,0.7,25.7
444,Pickup / Micro Truck,4,Pickup / micro truck / delivery,normal,82.2%,23.599,21.749,1.85,9.7
480,Motorcycle,1,Motorcycle / 3-wheel vehicle,opposite,84.9%,22.399,23.299,0.9,20.0
504,Motorcycle,1,Motorcycle / 3-wheel vehicle,opposite,91.9%,23.649,24.649,1.0,18.0
534,Public Transportation (Angkot),3,Medium passenger vehicle,opposite,86.2%,24.399,41.198,16.799,1.1
554,Motorcycle,1,Motorcycle / 3-wheel vehicle,opposite,89.3%,25.099,25.948,0.85,21.2
512,Car / Sedan,2,Sedan / jeep / station wagon,normal,86.0%,28.098,25.599,2.5,7.2
546,Public Transportation (Angkot),3,Medium passenger vehicle,normal,84.3%,25.998,41.398,15.399,1.2
14,Public Transportation (Angkot),3,Medium passenger vehicle,opposite,93.5%,26.948,28.098,1.15,15.7
56,Car / Sedan,2,Sedan / jeep / station wagon,opposite,92.5%,27.598,28.448,0.85,21.2
598,Car / Sedan,2,Sedan / jeep / station wagon,normal,63.9%,29.648,28.248,1.4,12.9
134,Motorcycle,1,Motorcycle / 3-wheel vehicle,opposite,80.0%,28.948,29.848,0.9,20.0
149,Car / Sedan,2,Sedan / jeep / station wagon,opposite,92.1%,29.648,30.648,1.0,18.0
210,Motorcycle,1,Motorcycle / 3-wheel vehicle,opposite,85.5%,30.248,31.048,0.8,22.5
45,Public Transportation (Angkot),3,Medium passenger vehicle,normal,76.3%,32.148,30.248,1.9,9.5
199,Motorcycle,1,Motorcycle / 3-wheel vehicle,opposite,88.9%,31.148,32.048,0.9,20.0
241,Motorcycle,1,Motorcycle / 3-wheel vehicle,opposite,88.2%,31.198,32.148,0.95,18.9
278,Public Transportation (Angkot),3,Medium passenger vehicle,opposite,92.4%,32.698,34.098,1.4,12.9
323,Motorcycle,1,Motorcycle / 3-wheel vehicle,opposite,89.1%,33.348,34.348,1.0,18.0
2,Car / Sedan,2,Sedan / jeep / station wagon,opposite,93.3%,33.848,34.998,1.15,15.7
65,Motorcycle,1,Motorcycle / 3-wheel vehicle,opposite,89.8%,34.548,35.748,1.2,15.0
107,Motorcycle,1,Motorcycle / 3-wheel vehicle,opposite,84.7%,34.998,35.798,0.8,22.5
173,2-Axle Truck (Jumbo),6,2-Axle Truck,normal,92.7%,38.198,36.648,1.55,11.6
213,Car / Sedan,2,Sedan / jeep / station wagon,opposite,93.5%,37.448,38.648,1.2,15.0
302,Motorcycle,1,Motorcycle / 3-wheel vehicle,opposite,77.8%,37.998,38.948,0.95,18.9
235,Car / Sedan,2,Sedan / jeep / station wagon,normal,81.7%,39.948,38.448,1.5,12.0
445,Motorcycle,1,Motorcycle / 3-wheel vehicle,opposite,90.2%,40.598,41.698,1.1,16.4
417,Car / Sedan,2,Sedan / jeep / station wagon,normal,92.4%,42.398,40.798,1.6,11.3
568,Motorcycle,1,Motorcycle / 3-wheel vehicle,opposite,79.7%,42.347,43.347,1.0,18.0
654,Car / Sedan,2,Sedan / jeep / station wagon,opposite,93.8%,44.247,45.347,1.1,16.4
576,Public Transportation (Angkot),3,Medium passenger vehicle,normal,81.7%,47.097,44.797,2.3,7.8
730,Motorcycle,1,Motorcycle / 3-wheel vehicle,opposite,73.4%,45.547,46.597,1.05,17.1
678,Motorcycle,1,Motorcycle / 3-wheel vehicle,opposite,90.6%,46.297,48.147,1.85,9.7
729,Motorcycle,1,Motorcycle / 3-wheel vehicle,opposite,89.7%,46.797,48.147,1.35,13.3
809,Motorcycle,1,Motorcycle / 3-wheel vehicle,opposite,88.4%,47.897,49.097,1.2,15.0
890,Motorcycle,1,Motorcycle / 3-wheel vehicle,opposite,86.9%,49.897,51.197,1.3,13.8
860,Car / Sedan,2,Sedan / jeep / station wagon,opposite,92.2%,49.947,51.547,1.6,11.3
1032,Motorcycle,1,Motorcycle / 3-wheel vehicle,opposite,73.0%,52.197,53.797,1.6,11.3
847,Bus,5,Bus,normal,90.8%,54.597,52.847,1.75,10.3
1119,Motorcycle,1,Motorcycle / 3-wheel vehicle,opposite,88.1%,53.397,54.647,1.25,14.4
1189,Motorcycle,1,Motorcycle / 3-wheel vehicle,opposite,88.4%,54.947,56.647,1.7,10.6
1202,Motorcycle,1,Motorcycle / 3-wheel vehicle,opposite,84.2%,54.947,56.197,1.25,14.4
1257,Motorcycle,1,Motorcycle / 3-wheel vehicle,opposite,88.0%,55.947,57.347,1.4,12.9
1359,Motorcycle,1,Motorcycle / 3-wheel vehicle,normal,38.5%,58.947,56.997,1.95,9.2
1392,Motorcycle,1,Motorcycle / 3-wheel vehicle,opposite,85.7%,57.997,59.247,1.25,14.4
1437,Motorcycle,1,Motorcycle / 3-wheel vehicle,normal,65.6%,60.197,58.197,2.0,9.0
1433,Motorcycle,1,Motorcycle / 3-wheel vehicle,opposite,83.6%,58.597,59.746,1.15,15.7
1391,Car / Sedan,2,Sedan / jeep / station wagon,opposite,93.3%,58.747,61.096,2.35,7.7
1515,Car / Sedan,2,Sedan / jeep / station wagon,opposite,93.3%,60.697,64.196,3.5,5.1
1419,2-Axle Truck (Jumbo),6,2-Axle Truck,normal,80.8%,64.446,60.797,3.65,4.9
1641,Car / Sedan,2,Sedan / jeep / station wagon,opposite,93.6%,63.946,67.246,3.3,5.5
1713,Motorcycle,1,Motorcycle / 3-wheel vehicle,normal,63.2%,67.346,64.396,2.95,6.1
1780,Pickup / Micro Truck,4,Pickup / micro truck / delivery,opposite,91.2%,66.746,69.746,3.0,6.0
1865,2-Axle Truck (Jumbo),6,2-Axle Truck,normal,77.7%,67.496,73.846,6.35,2.8
2005,Public Transportation (Angkot),3,Medium passenger vehicle,opposite,92.2%,71.246,73.646,2.4,7.5
2136,Motorcycle,1,Motorcycle / 3-wheel vehicle,opposite,87.5%,72.946,74.446,1.5,12.0
2062,Motorcycle,1,Motorcycle / 3-wheel vehicle,opposite,77.6%,73.196,74.946,1.75,10.3
2142,Car / Sedan,2,Sedan / jeep / station wagon,opposite,93.5%,74.046,76.645,2.6,6.9
2167,Motorcycle,1,Motorcycle / 3-wheel vehicle,opposite,88.5%,74.446,76.296,1.85,9.7
2208,Motorcycle,1,Motorcycle / 3-wheel vehicle,opposite,87.1%,74.496,75.846,1.35,13.3
2222,Motorcycle,1,Motorcycle / 3-wheel vehicle,opposite,87.9%,74.946,76.446,1.5,12.0
2190,Motorcycle,1,Motorcycle / 3-wheel vehicle,opposite,85.0%,75.046,77.195,2.15,8.4
2169,Motorcycle,1,Motorcycle / 3-wheel vehicle,normal,85.1%,75.246,81.995,6.75,2.7
2293,Motorcycle,1,Motorcycle / 3-wheel vehicle,opposite,78.6%,76.196,77.395,1.2,15.0
2326,Motorcycle,1,Motorcycle / 3-wheel vehicle,opposite,87.8%,76.895,78.245,1.35,13.3
2306,Car / Sedan,2,Sedan / jeep / station wagon,opposite,93.0%,77.296,79.645,2.35,7.7
2353,Motorcycle,1,Motorcycle / 3-wheel vehicle,opposite,88.6%,78.395,80.945,2.55,7.1
2443,Motorcycle,1,Motorcycle / 3-wheel vehicle,opposite,70.0%,78.845,80.295,1.45,12.4
2525,Motorcycle,1,Motorcycle / 3-wheel vehicle,opposite,75.4%,80.795,82.045,1.25,14.4
2554,Car / Sedan,2,Sedan / jeep / station wagon,normal,49.1%,84.245,81.545,2.7,6.7
2565,Car / Sedan,2,Sedan / jeep / station wagon,normal,76.2%,83.295,81.745,1.55,11.6
2491,Car / Sedan,2,Sedan / jeep / station wagon,opposite,93.4%,82.195,87.545,5.35,3.4
2566,Pickup / Micro Truck,4,Pickup / micro truck / delivery,opposite,93.4%,84.445,90.795,6.35,2.8
2708,Motorcycle,1,Motorcycle / 3-wheel vehicle,opposite,77.2%,85.445,86.445,1.0,18.0
2726,Motorcycle,1,Motorcycle / 3-wheel vehicle,opposite,87.0%,85.845,86.845,1.0,18.0
2860,Motorcycle,1,Motorcycle / 3-wheel vehicle,opposite,84.6%,88.595,89.645,1.05,17.1
3007,Motorcycle,1,Motorcycle / 3-wheel vehicle,opposite,71.8%,91.795,93.495,1.7,10.6
2917,Car / Sedan,2,Sedan / jeep / station wagon,normal,84.4%,94.995,92.195,2.8,6.4
3003,Motorcycle,1,Motorcycle / 3-wheel vehicle,normal,84.2%,92.695,97.994,5.3,3.4
2765,Car / Sedan,2,Sedan / jeep / station wagon,opposite,93.7%,93.445,95.944,2.5,7.2
3093,Motorcycle,1,Motorcycle / 3-wheel vehicle,normal,58.1%,97.194,93.995,3.2,5.6
3148,Motorcycle,1,Motorcycle / 3-wheel vehicle,normal,67.1%,96.644,95.195,1.45,12.4
3032,Motorcycle,1,Motorcycle / 3-wheel vehicle,opposite,90.8%,95.294,97.294,2.0,9.0
3091,Motorcycle,1,Motorcycle / 3-wheel vehicle,opposite,89.8%,95.744,97.544,1.8,10.0
3228,2-Axle Truck (Jumbo),6,2-Axle Truck,normal,46.1%,97.494,95.994,1.5,12.0
3314,Motorcycle,1,Motorcycle / 3-wheel vehicle,normal,70.0%,99.144,97.994,1.15,15.7
3310,Motorcycle,1,Motorcycle / 3-wheel vehicle,opposite,83.3%,98.294,99.344,1.05,17.1
3322,Motorcycle,1,Motorcycle / 3-wheel vehicle,normal,81.1%,100.244,98.944,1.3,13.8
3353,Motorcycle,1,Motorcycle / 3-wheel vehicle,opposite,88.9%,99.294,99.994,0.7,25.7
3341,Car / Sedan,2,Sedan / jeep / station wagon,normal,92.8%,101.244,99.994,1.25,14.4
3483,Motorcycle,1,Motorcycle / 3-wheel vehicle,normal,68.7%,102.544,101.294,1.25,14.4
3537,Motorcycle,1,Motorcycle / 3-wheel vehicle,normal,80.9%,103.094,102.244,0.85,21.2
3599,Motorcycle,1,Motorcycle / 3-wheel vehicle,normal,73.7%,105.644,103.294,2.35,7.7
3653,Motorcycle,1,Motorcycle / 3-wheel vehicle,normal,83.7%,106.194,104.094,2.1,8.6
3776,Car / Sedan,2,Sedan / jeep / station wagon,opposite,93.8%,106.194,107.094,0.9,20.0
3677,Motorcycle,1,Motorcycle / 3-wheel vehicle,opposite,89.9%,107.194,108.794,1.6,11.3
3841,Motorcycle,1,Motorcycle / 3-wheel vehicle,opposite,90.5%,108.094,109.644,1.55,11.6
3814,Car / Sedan,2,Sedan / jeep / station wagon,normal,85.6%,109.744,108.144,1.6,11.3
3866,Motorcycle,1,Motorcycle / 3-wheel vehicle,opposite,90.0%,109.144,110.794,1.65,10.9
3997,Car / Sedan,2,Sedan / jeep / station wagon,opposite,93.6%,110.394,111.944,1.55,11.6
4063,Motorcycle,1,Motorcycle / 3-wheel vehicle,opposite,84.3%,111.043,111.944,0.9,20.0
3988,Car / Sedan,2,Sedan / jeep / station wagon,normal,43.8%,112.543,111.144,1.4,12.9
4132,Car / Sedan,2,Sedan / jeep / station wagon,normal,90.1%,113.593,112.194,1.4,12.9
4170,Motorcycle,1,Motorcycle / 3-wheel vehicle,opposite,69.9%,113.293,114.493,1.2,15.0
4177,Motorcycle,1,Motorcycle / 3-wheel vehicle,normal,48.7%,114.843,113.543,1.3,13.8
4184,Car / Sedan,2,Sedan / jeep / station wagon,normal,92.4%,116.743,115.443,1.3,13.8
4267,Car / Sedan,2,Sedan / jeep / station wagon,opposite,93.6%,115.693,116.543,0.85,21.2
4273,Public Transportation (Angkot),3,Medium passenger vehicle,normal,70.4%,118.693,117.343,1.35,13.3
4498,Motorcycle,1,Motorcycle / 3-wheel vehicle,normal,72.4%,119.543,118.493,1.05,17.1
4499,Motorcycle,1,Motorcycle / 3-wheel vehicle,normal,60.9%,120.243,119.193,1.05,17.1
4487,Car / Sedan,2,Sedan / jeep / station wagon,normal,88.1%,121.843,119.293,2.55,7.1
4620,Motorcycle,1,Motorcycle / 3-wheel vehicle,opposite,90.3%,121.143,121.793,0.65,27.7
4602,Motorcycle,1,Motorcycle / 3-wheel vehicle,normal,80.7%,123.443,121.193,2.25,8.0
4576,Motorcycle,1,Motorcycle / 3-wheel vehicle,normal,78.2%,123.593,121.593,2.0,9.0
4656,Public Transportation (Angkot),3,Medium passenger vehicle,opposite,94.1%,122.443,123.493,1.05,17.1
4594,Motorcycle,1,Motorcycle / 3-wheel vehicle,normal,42.5%,124.643,122.443,2.2,8.2
4612,Motorcycle,1,Motorcycle / 3-wheel vehicle,opposite,87.4%,122.793,123.593,0.8,22.5
4714,Motorcycle,1,Motorcycle / 3-wheel vehicle,normal,69.5%,125.293,122.943,2.35,7.7
4392,Motorcycle,1,Motorcycle / 3-wheel vehicle,opposite,85.6%,123.593,125.193,1.6,11.3
4736,Motorcycle,1,Motorcycle / 3-wheel vehicle,opposite,85.2%,123.993,125.193,1.2,15.0
4669,Motorcycle,1,Motorcycle / 3-wheel vehicle,opposite,82.4%,124.493,126.193,1.7,10.6
4775,Motorcycle,1,Motorcycle / 3-wheel vehicle,normal,81.8%,126.043,124.743,1.3,13.8
4740,Motorcycle,1,Motorcycle / 3-wheel vehicle,opposite,89.5%,125.643,127.143,1.5,12.0
4893,Motorcycle,1,Motorcycle / 3-wheel vehicle,normal,83.5%,127.843,127.043,0.8,22.5
4960,Motorcycle,1,Motorcycle / 3-wheel vehicle,opposite,86.6%,128.493,129.593,1.1,16.4
4949,Motorcycle,1,Motorcycle / 3-wheel vehicle,normal,84.4%,132.142,129.493,2.65,6.8
5073,Motorcycle,1,Motorcycle / 3-wheel vehicle,opposite,89.0%,130.842,131.642,0.8,22.5
4986,Car / Sedan,2,Sedan / jeep / station wagon,normal,92.8%,134.192,131.942,2.25,8.0
5179,Motorcycle,1,Motorcycle / 3-wheel vehicle,opposite,84.4%,133.392,135.142,1.75,10.3
5154,Car / Sedan,2,Sedan / jeep / station wagon,opposite,93.8%,133.642,135.642,2.0,9.0
5044,Public Transportation (Angkot),3,Medium passenger vehicle,normal,78.3%,136.342,134.292,2.05,8.8
5244,Pickup / Micro Truck,4,Pickup / micro truck / delivery,opposite,92.4%,135.292,136.742,1.45,12.4
5363,Car / Sedan,2,Sedan / jeep / station wagon,opposite,93.4%,137.042,138.492,1.45,12.4
5425,Public Transportation (Angkot),3,Medium passenger vehicle,normal,66.5%,140.142,138.542,1.6,11.3
5521,Motorcycle,1,Motorcycle / 3-wheel vehicle,opposite,88.0%,139.192,140.092,0.9,20.0
5550,Car / Sedan,2,Sedan / jeep / station wagon,opposite,92.6%,140.092,141.342,1.25,14.4
5526,Motorcycle,1,Motorcycle / 3-wheel vehicle,opposite,66.6%,140.342,140.992,0.65,27.7
5626,Motorcycle,1,Motorcycle / 3-wheel vehicle,opposite,81.0%,141.342,142.142,0.8,22.5
5594,Car / Sedan,2,Sedan / jeep / station wagon,opposite,93.0%,141.492,142.742,1.25,14.4
5663,Motorcycle,1,Motorcycle / 3-wheel vehicle,opposite,77.6%,142.142,142.942,0.8,22.5
5586,Car / Sedan,2,Sedan / jeep / station wagon,normal,74.8%,142.942,142.192,0.75,24.0
5704,Motorcycle,1,Motorcycle / 3-wheel vehicle,normal,84.3%,143.542,142.692,0.85,21.2
5760,Car / Sedan,2,Sedan / jeep / station wagon,normal,87.3%,145.892,144.942,0.95,18.9
5784,Car / Sedan,2,Sedan / jeep / station wagon,opposite,93.5%,145.242,146.142,0.9,20.0
5709,Pickup / Micro Truck,4,Pickup / micro truck / delivery,normal,85.5%,148.541,145.792,2.75,6.5
5826,Motorcycle,1,Motorcycle / 3-wheel vehicle,normal,86.3%,147.391,146.542,0.85,21.2
5899,Motorcycle,1,Motorcycle / 3-wheel vehicle,opposite,85.0%,146.991,147.991,1.0,18.0
5891,Motorcycle,1,Motorcycle / 3-wheel vehicle,normal,84.7%,148.141,147.141,1.0,18.0
5890,Motorcycle,1,Motorcycle / 3-wheel vehicle,normal,80.9%,148.691,147.741,0.95,18.9
5908,Motorcycle,1,Motorcycle / 3-wheel vehicle,normal,85.1%,148.991,148.091,0.9,20.0
5929,Motorcycle,1,Motorcycle / 3-wheel vehicle,normal,84.9%,149.591,148.791,0.8,22.5
6006,Motorcycle,1,Motorcycle / 3-wheel vehicle,normal,81.8%,152.791,149.591,3.2,5.6
6041,Car / Sedan,2,Sedan / jeep / station wagon,opposite,93.4%,150.491,151.341,0.85,21.2
6077,Motorcycle,1,Motorcycle / 3-wheel vehicle,normal,81.6%,153.741,151.041,2.7,6.7
6084,Motorcycle,1,Motorcycle / 3-wheel vehicle,opposite,89.3%,151.091,151.891,0.8,22.5
6148,Motorcycle,1,Motorcycle / 3-wheel vehicle,opposite,87.6%,151.691,152.391,0.7,25.7
5994,Motorcycle,1,Motorcycle / 3-wheel vehicle,opposite,90.0%,151.891,153.591,1.7,10.6
6150,Motorcycle,1,Motorcycle / 3-wheel vehicle,normal,85.2%,154.191,152.391,1.8,10.0
6129,Motorcycle,1,Motorcycle / 3-wheel vehicle,opposite,90.0%,153.141,154.791,1.65,10.9
6190,Motorcycle,1,Motorcycle / 3-wheel vehicle,normal,65.6%,154.691,153.191,1.5,12.0
6186,Motorcycle,1,Motorcycle / 3-wheel vehicle,opposite,83.2%,153.941,155.491,1.55,11.6
6152,Public Transportation (Angkot),3,Medium passenger vehicle,normal,83.0%,156.041,153.991,2.05,8.8
6217,Motorcycle,1,Motorcycle / 3-wheel vehicle,normal,73.4%,155.891,154.791,1.1,16.4
6232,Motorcycle,1,Motorcycle / 3-wheel vehicle,opposite,89.3%,154.991,156.591,1.6,11.3
6249,Car / Sedan,2,Sedan / jeep / station wagon,normal,89.7%,159.941,157.041,2.9,6.2
6437,Motorcycle,1,Motorcycle / 3-wheel vehicle,normal,85.8%,158.541,157.341,1.2,15.0
6430,Motorcycle,1,Motorcycle / 3-wheel vehicle,normal,82.5%,158.941,157.791,1.15,15.7
6496,Motorcycle,1,Motorcycle / 3-wheel vehicle,normal,81.2%,160.041,158.441,1.6,11.3
6520,Motorcycle,1,Motorcycle / 3-wheel vehicle,normal,81.3%,160.641,159.541,1.1,16.4
6616,Car / Sedan,2,Sedan / jeep / station wagon,opposite,93.0%,160.541,161.441,0.9,20.0
6478,Car / Sedan,2,Sedan / jeep / station wagon,normal,89.8%,162.041,160.741,1.3,13.8
6606,Car / Sedan,2,Sedan / jeep / station wagon,normal,91.3%,163.74,162.341,1.4,12.9
6791,Motorcycle,1,Motorcycle / 3-wheel vehicle,opposite,88.1%,162.74,163.141,0.4,45.0
6792,Motorcycle,1,Motorcycle / 3-wheel vehicle,normal,85.2%,163.891,163.141,0.75,24.0
6784,Motorcycle,1,Motorcycle / 3-wheel vehicle,normal,41.5%,164.69,163.34,1.35,13.3
6863,Motorcycle,1,Motorcycle / 3-wheel vehicle,normal,69.8%,165.04,163.791,1.25,14.4
6713,Car / Sedan,2,Sedan / jeep / station wagon,normal,92.4%,165.59,164.19,1.4,12.9
6852,Motorcycle,1,Motorcycle / 3-wheel vehicle,normal,87.0%,165.19,164.44,0.75,24.0
6939,Motorcycle,1,Motorcycle / 3-wheel vehicle,normal,82.8%,166.74,165.64,1.1,16.4
6981,Motorcycle,1,Motorcycle / 3-wheel vehicle,opposite,87.8%,165.69,166.14,0.45,40.0
6988,Motorcycle,1,Motorcycle / 3-wheel vehicle,normal,73.0%,167.19,166.19,1.0,18.0
7029,Car / Sedan,2,Sedan / jeep / station wagon,normal,63.6%,167.74,166.54,1.2,15.0
7049,Motorcycle,1,Motorcycle / 3-wheel vehicle,normal,84.3%,167.99,167.14,0.85,21.2
7101,Motorcycle,1,Motorcycle / 3-wheel vehicle,normal,56.9%,169.44,167.29,2.15,8.4
7120,Motorcycle,1,Motorcycle / 3-wheel vehicle,normal,77.7%,171.49,169.14,2.35,7.7
7094,Car / Sedan,2,Sedan / jeep / station wagon,normal,92.0%,170.54,169.44,1.1,16.4
7283,Motorcycle,1,Motorcycle / 3-wheel vehicle,normal,82.2%,171.19,170.14,1.05,17.1
7288,Motorcycle,1,Motorcycle / 3-wheel vehicle,normal,65.0%,172.59,170.79,1.8,10.0
7286,Motorcycle,1,Motorcycle / 3-wheel vehicle,normal,84.2%,172.69,171.54,1.15,15.7
7197,Car / Sedan,2,Sedan / jeep / station wagon,normal,92.3%,173.69,172.54,1.15,15.7
7420,Motorcycle,1,Motorcycle / 3-wheel vehicle,opposite,85.9%,172.94,173.64,0.7,25.7
7458,Motorcycle,1,Motorcycle / 3-wheel vehicle,normal,51.1%,175.24,173.74,1.5,12.0
7421,Motorcycle,1,Motorcycle / 3-wheel vehicle,normal,79.3%,175.89,174.14,1.75,10.3
7510,Motorcycle,1,Motorcycle / 3-wheel vehicle,opposite,89.6%,174.44,175.09,0.65,27.7
7594,Motorcycle,1,Motorcycle / 3-wheel vehicle,opposite,87.9%,175.54,176.19,0.65,27.7
7590,Motorcycle,1,Motorcycle / 3-wheel vehicle,opposite,83.5%,175.59,176.29,0.7,25.7
7606,Motorcycle,1,Motorcycle / 3-wheel vehicle,normal,70.7%,177.44,176.04,1.4,12.9
7634,Motorcycle,1,Motorcycle / 3-wheel vehicle,opposite,88.1%,176.79,177.44,0.65,27.7
7580,Motorcycle,1,Motorcycle / 3-wheel vehicle,opposite,91.2%,176.89,177.49,0.6,30.0
7599,Motorcycle,1,Motorcycle / 3-wheel vehicle,normal,51.2%,178.69,176.99,1.7,10.6
7674,Motorcycle,1,Motorcycle / 3-wheel vehicle,opposite,86.5%,177.59,178.19,0.6,30.0
7678,Motorcycle,1,Motorcycle / 3-wheel vehicle,opposite,88.8%,177.99,178.64,0.65,27.7
7694,Motorcycle,1,Motorcycle / 3-wheel vehicle,opposite,50.6%,178.39,179.29,0.9,20.0
7700,Motorcycle,1,Motorcycle / 3-wheel vehicle,opposite,87.1%,178.59,179.14,0.55,32.7
7722,Motorcycle,1,Motorcycle / 3-wheel vehicle,opposite,89.5%,179.19,179.94,0.75,24.0
7740,Motorcycle,1,Motorcycle / 3-wheel vehicle,opposite,89.0%,179.589,180.239,0.65,27.7
7761,Motorcycle,1,Motorcycle / 3-wheel vehicle,opposite,88.3%,180.19,180.889,0.7,25.7
7648,Pickup / Micro Truck,4,Pickup / micro truck / delivery,normal,86.8%,183.339,180.54,2.8,6.4
7783,Motorcycle,1,Motorcycle / 3-wheel vehicle,opposite,83.6%,180.79,181.539,0.75,24.0
7782,Motorcycle,1,Motorcycle / 3-wheel vehicle,opposite,89.0%,180.839,181.489,0.65,27.7
7853,Motorcycle,1,Motorcycle / 3-wheel vehicle,opposite,86.9%,182.039,182.739,0.7,25.7
7867,Motorcycle,1,Motorcycle / 3-wheel vehicle,opposite,86.0%,182.139,182.939,0.8,22.5
7923,Motorcycle,1,Motorcycle / 3-wheel vehicle,normal,81.4%,185.189,183.389,1.8,10.0
7951,Motorcycle,1,Motorcycle / 3-wheel vehicle,normal,81.0%,185.989,184.589,1.4,12.9
7975,Motorcycle,1,Motorcycle / 3-wheel vehicle,normal,84.6%,186.989,185.589,1.4,12.9
8027,Motorcycle,1,Motorcycle / 3-wheel vehicle,opposite,89.3%,185.939,186.439,0.5,36.0
8088,Motorcycle,1,Motorcycle / 3-wheel vehicle,normal,77.0%,187.839,186.689,1.15,15.7
8097,Motorcycle,1,Motorcycle / 3-wheel vehicle,opposite,87.9%,186.989,187.589,0.6,30.0
8057,Motorcycle,1,Motorcycle / 3-wheel vehicle,normal,84.5%,189.039,188.039,1.0,18.0
8172,Motorcycle,1,Motorcycle / 3-wheel vehicle,opposite,88.8%,188.339,188.989,0.65,27.7
8208,Motorcycle,1,Motorcycle / 3-wheel vehicle,opposite,89.3%,188.889,189.489,0.6,30.0
8242,Car / Sedan,2,Sedan / jeep / station wagon,opposite,93.0%,189.989,190.739,0.75,24.0
8295,Motorcycle,1,Motorcycle / 3-wheel vehicle,opposite,89.8%,190.639,191.189,0.55,32.7
8369,Motorcycle,1,Motorcycle / 3-wheel vehicle,opposite,87.2%,191.889,192.639,0.75,24.0
8377,Motorcycle,1,Motorcycle / 3-wheel vehicle,opposite,90.8%,192.189,192.889,0.7,25.7
8378,Motorcycle,1,Motorcycle / 3-wheel vehicle,normal,84.2%,193.589,192.539,1.05,17.1
8467,Motorcycle,1,Motorcycle / 3-wheel vehicle,opposite,83.1%,193.189,194.139,0.95,18.9
8485,Motorcycle,1,Motorcycle / 3-wheel vehicle,opposite,89.0%,193.439,194.089,0.65,27.7
8486,Car / Sedan,2,Sedan / jeep / station wagon,normal,91.7%,198.238,196.189,2.05,8.8
8558,Motorcycle,1,Motorcycle / 3-wheel vehicle,opposite,90.5%,196.639,197.839,1.2,15.0
8734,Motorcycle,1,Motorcycle / 3-wheel vehicle,opposite,87.9%,197.988,198.588,0.6,30.0
8518,Car / Sedan,2,Sedan / jeep / station wagon,normal,90.3%,200.588,197.988,2.6,6.9
8731,Car / Sedan,2,Sedan / jeep / station wagon,opposite,93.5%,198.339,199.288,0.95,18.9
8786,Motorcycle,1,Motorcycle / 3-wheel vehicle,opposite,67.1%,199.238,200.088,0.85,21.2
8741,Motorcycle,1,Motorcycle / 3-wheel vehicle,normal,83.6%,200.138,199.288,0.85,21.2
8827,Motorcycle,1,Motorcycle / 3-wheel vehicle,opposite,88.5%,199.988,200.688,0.7,25.7
8848,Motorcycle,1,Motorcycle / 3-wheel vehicle,opposite,86.0%,200.188,201.338,1.15,15.7
8880,Motorcycle,1,Motorcycle / 3-wheel vehicle,opposite,88.6%,200.738,201.588,0.85,21.2
8892,Motorcycle,1,Motorcycle / 3-wheel vehicle,opposite,88.3%,201.038,201.788,0.75,24.0
8974,Motorcycle,1,Motorcycle / 3-wheel vehicle,normal,85.3%,202.638,201.988,0.65,27.7
8936,Motorcycle,1,Motorcycle / 3-wheel vehicle,normal,63.9%,205.988,203.138,2.85,6.3
8956,Car / Sedan,2,Sedan / jeep / station wagon,normal,92.3%,205.738,203.788,1.95,9.2
9180,2-Axle Truck (Jumbo),6,2-Axle Truck,opposite,80.5%,205.788,206.688,0.9,20.0
9293,Motorcycle,1,Motorcycle / 3-wheel vehicle,normal,67.0%,209.538,207.688,1.85,9.7
9312,Car / Sedan,2,Sedan / jeep / station wagon,opposite,92.0%,207.938,208.938,1.0,18.0
9363,Motorcycle,1,Motorcycle / 3-wheel vehicle,opposite,86.8%,208.888,209.588,0.7,25.7
9356,Public Transportation (Angkot),3,Medium passenger vehicle,normal,93.0%,211.038,209.988,1.05,17.1
9481,Motorcycle,1,Motorcycle / 3-wheel vehicle,normal,75.8%,212.188,211.188,1.0,18.0
9523,Motorcycle,1,Motorcycle / 3-wheel vehicle,normal,62.5%,212.438,211.538,0.9,20.0
9455,Car / Sedan,2,Sedan / jeep / station wagon,normal,92.9%,213.638,212.538,1.1,16.4
9618,Motorcycle,1,Motorcycle / 3-wheel vehicle,normal,69.3%,214.387,213.338,1.05,17.1
9607,Car / Sedan,2,Sedan / jeep / station wagon,opposite,91.9%,213.438,214.188,0.75,24.0
9700,Motorcycle,1,Motorcycle / 3-wheel vehicle,normal,79.9%,215.488,214.588,0.9,20.0
9791,Motorcycle,1,Motorcycle / 3-wheel vehicle,opposite,84.2%,216.187,216.937,0.75,24.0
9767,Pickup / Micro Truck,4,Pickup / micro truck / delivery,normal,82.7%,218.387,217.237,1.15,15.7
9892,Motorcycle,1,Motorcycle / 3-wheel vehicle,opposite,87.3%,217.837,218.387,0.55,32.7
9888,Motorcycle,1,Motorcycle / 3-wheel vehicle,normal,83.6%,219.837,218.837,1.0,18.0
9887,Car / Sedan,2,Sedan / jeep / station wagon,opposite,93.9%,219.237,219.887,0.65,27.7
10012,Motorcycle,1,Motorcycle / 3-wheel vehicle,normal,84.2%,221.537,220.487,1.05,17.1
10051,Motorcycle,1,Motorcycle / 3-wheel vehicle,normal,60.9%,221.937,220.987,0.95,18.9
10053,Motorcycle,1,Motorcycle / 3-wheel vehicle,opposite,83.7%,221.237,221.987,0.75,24.0
10095,Motorcycle,1,Motorcycle / 3-wheel vehicle,normal,76.3%,222.987,222.137,0.85,21.2
10074,Motorcycle,1,Motorcycle / 3-wheel vehicle,normal,60.2%,224.337,222.237,2.1,8.6
10132,Motorcycle,1,Motorcycle / 3-wheel vehicle,normal,64.5%,223.587,222.437,1.15,15.7
10158,Motorcycle,1,Motorcycle / 3-wheel vehicle,opposite,81.5%,223.187,223.987,0.8,22.5
10165,Motorcycle,1,Motorcycle / 3-wheel vehicle,normal,82.1%,227.787,224.587,3.2,5.6
10246,Motorcycle,1,Motorcycle / 3-wheel vehicle,opposite,82.2%,225.137,225.687,0.55,32.7
10201,Pickup / Micro Truck,4,Pickup / micro truck / delivery,normal,88.1%,229.787,226.887,2.9,6.2
10372,Motorcycle,1,Motorcycle / 3-wheel vehicle,opposite,89.5%,227.387,228.187,0.8,22.5
10231,Motorcycle,1,Motorcycle / 3-wheel vehicle,opposite,90.2%,228.037,229.787,1.75,10.3
10323,Motorcycle,1,Motorcycle / 3-wheel vehicle,opposite,75.0%,228.887,230.487,1.6,11.3
10450,Pickup / Micro Truck,4,Pickup / micro truck / delivery,opposite,89.7%,229.337,231.137,1.8,10.0
10388,Motorcycle,1,Motorcycle / 3-wheel vehicle,opposite,70.4%,229.437,231.037,1.6,11.3
10519,Motorcycle,1,Motorcycle / 3-wheel vehicle,opposite,85.8%,229.987,230.987,1.0,18.0
10458,Motorcycle,1,Motorcycle / 3-wheel vehicle,opposite,90.0%,230.287,231.686,1.4,12.9
10696,Pickup / Micro Truck,4,Pickup / micro truck / delivery,opposite,90.6%,232.536,233.636,1.1,16.4
10769,Motorcycle,1,Motorcycle / 3-wheel vehicle,opposite,83.2%,233.136,234.136,1.0,18.0
10824,Car / Sedan,2,Sedan / jeep / station wagon,opposite,93.1%,234.036,235.236,1.2,15.0
10842,Motorcycle,1,Motorcycle / 3-wheel vehicle,opposite,83.4%,234.236,235.136,0.9,20.0
10878,Motorcycle,1,Motorcycle / 3-wheel vehicle,opposite,88.1%,235.036,235.936,0.9,20.0
10887,Car / Sedan,2,Sedan / jeep / station wagon,opposite,92.9%,235.586,236.686,1.1,16.4
10722,Motorcycle,1,Motorcycle / 3-wheel vehicle,opposite,80.1%,235.636,237.936,2.3,7.8
10968,Motorcycle,1,Motorcycle / 3-wheel vehicle,opposite,86.1%,236.336,237.636,1.3,13.8
11015,Motorcycle,1,Motorcycle / 3-wheel vehicle,opposite,79.0%,237.336,239.536,2.2,8.2
11056,Motorcycle,1,Motorcycle / 3-wheel vehicle,opposite,89.1%,238.236,239.236,1.0,18.0
11066,Car / Sedan,2,Sedan / jeep / station wagon,opposite,93.2%,239.286,240.986,1.7,10.6
11136,Motorcycle,1,Motorcycle / 3-wheel vehicle,opposite,82.0%,239.736,240.636,0.9,20.0
11147,Motorcycle,1,Motorcycle / 3-wheel vehicle,opposite,66.5%,239.936,241.836,1.9,9.5
11033,Motorcycle,1,Motorcycle / 3-wheel vehicle,opposite,82.0%,240.286,242.736,2.45,7.3
11171,Motorcycle,1,Motorcycle / 3-wheel vehicle,opposite,71.7%,241.236,243.986,2.75,6.5
11243,Motorcycle,1,Motorcycle / 3-wheel vehicle,opposite,84.1%,241.786,242.836,1.05,17.1
11296,Motorcycle,1,Motorcycle / 3-wheel vehicle,opposite,88.4%,243.786,245.086,1.3,13.8
11101,Pickup / Micro Truck,4,Pickup / micro truck / delivery,opposite,91.0%,244.736,247.686,2.95,6.1
11299,Motorcycle,1,Motorcycle / 3-wheel vehicle,opposite,73.8%,244.886,246.286,1.4,12.9
11445,Motorcycle,1,Motorcycle / 3-wheel vehicle,opposite,85.1%,246.286,247.486,1.2,15.0
11374,2-Axle Truck (Jumbo),6,2-Axle Truck,opposite,93.6%,248.435,250.585,2.15,8.4
11648,Car / Sedan,2,Sedan / jeep / station wagon,opposite,93.4%,250.785,252.535,1.75,10.3
11824,Motorcycle,1,Motorcycle / 3-wheel vehicle,normal,81.7%,254.585,252.785,1.8,10.0
11855,Motorcycle,1,Motorcycle / 3-wheel vehicle,opposite,82.3%,253.735,254.785,1.05,17.1
11950,Motorcycle,1,Motorcycle / 3-wheel vehicle,opposite,74.6%,255.185,256.035,0.85,21.2
11944,Motorcycle,1,Motorcycle / 3-wheel vehicle,opposite,54.4%,255.385,256.335,0.95,18.9
11917,Car / Sedan,2,Sedan / jeep / station wagon,opposite,92.9%,255.535,256.935,1.4,12.9
12042,Motorcycle,1,Motorcycle / 3-wheel vehicle,opposite,77.4%,256.835,257.735,0.9,20.0
12068,Motorcycle,1,Motorcycle / 3-wheel vehicle,normal,64.2%,259.635,257.385,2.25,8.0
11933,Motorcycle,1,Motorcycle / 3-wheel vehicle,normal,84.0%,257.485,261.835,4.35,4.1
12049,Car / Sedan,2,Sedan / jeep / station wagon,opposite,91.2%,257.685,258.985,1.3,13.8
12023,Motorcycle,1,Motorcycle / 3-wheel vehicle,opposite,90.6%,258.885,260.535,1.65,10.9
12214,Motorcycle,1,Motorcycle / 3-wheel vehicle,opposite,88.1%,260.485,261.485,1.0,18.0
12265,Motorcycle,1,Motorcycle / 3-wheel vehicle,normal,75.4%,262.135,260.935,1.2,15.0
12315,Motorcycle,1,Motorcycle / 3-wheel vehicle,opposite,87.7%,262.335,263.335,1.0,18.0
12354,Car / Sedan,2,Sedan / jeep / station wagon,opposite,81.0%,263.135,264.385,1.25,14.4
12434,Car / Sedan,2,Sedan / jeep / station wagon,opposite,93.3%,264.835,266.084,1.25,14.4
12520,Motorcycle,1,Motorcycle / 3-wheel vehicle,opposite,88.6%,266.084,266.985,0.9,20.0
12535,Motorcycle,1,Motorcycle / 3-wheel vehicle,opposite,89.3%,266.235,267.434,1.2,15.0
12587,Motorcycle,1,Motorcycle / 3-wheel vehicle,opposite,89.6%,267.734,268.784,1.05,17.1
12610,Motorcycle,1,Motorcycle / 3-wheel vehicle,opposite,88.7%,268.234,269.234,1.0,18.0
12688,Car / Sedan,2,Sedan / jeep / station wagon,normal,62.9%,273.634,269.434,4.2,4.3
12647,Public Transportation (Angkot),3,Medium passenger vehicle,opposite,93.1%,269.984,271.784,1.8,10.0
12770,Pickup / Micro Truck,4,Pickup / micro truck / delivery,opposite,90.8%,271.434,273.134,1.7,10.6
12773,Motorcycle,1,Motorcycle / 3-wheel vehicle,opposite,85.8%,271.734,273.284,1.55,11.6
12789,Car / Sedan,2,Sedan / jeep / station wagon,normal,79.9%,275.184,272.584,2.6,6.9
12848,Motorcycle,1,Motorcycle / 3-wheel vehicle,opposite,87.7%,273.584,274.984,1.4,12.9
12899,Motorcycle,1,Motorcycle / 3-wheel vehicle,opposite,89.3%,274.384,275.534,1.15,15.7
12904,Motorcycle,1,Motorcycle / 3-wheel vehicle,normal,81.5%,275.834,274.584,1.25,14.4
12959,Motorcycle,1,Motorcycle / 3-wheel vehicle,normal,44.6%,276.934,275.484,1.45,12.4
12965,Motorcycle,1,Motorcycle / 3-wheel vehicle,opposite,88.7%,276.034,276.984,0.95,18.9
12893,Motorcycle,1,Motorcycle / 3-wheel vehicle,opposite,88.8%,278.584,280.134,1.55,11.6
12998,Car / Sedan,2,Sedan / jeep / station wagon,normal,91.9%,283.834,278.834,5.0,3.6
13108,Motorcycle,1,Motorcycle / 3-wheel vehicle,opposite,83.3%,279.484,280.584,1.1,16.4
13129,Motorcycle,1,Motorcycle / 3-wheel vehicle,opposite,89.2%,280.034,281.134,1.1,16.4
13148,Motorcycle,1,Motorcycle / 3-wheel vehicle,opposite,89.4%,280.834,281.984,1.15,15.7
13162,Motorcycle,1,Motorcycle / 3-wheel vehicle,opposite,87.9%,281.134,282.184,1.05,17.1
13103,Motorcycle,1,Motorcycle / 3-wheel vehicle,normal,58.2%,284.284,281.584,2.7,6.7
13195,Motorcycle,1,Motorcycle / 3-wheel vehicle,opposite,89.9%,281.684,282.834,1.15,15.7
13134,Motorcycle,1,Motorcycle / 3-wheel vehicle,opposite,86.8%,282.384,284.183,1.8,10.0
13250,Motorcycle,1,Motorcycle / 3-wheel vehicle,opposite,86.3%,283.084,284.034,0.95,18.9
13259,Motorcycle,1,Motorcycle / 3-wheel vehicle,opposite,73.1%,283.084,284.233,1.15,15.7
13297,Motorcycle,1,Motorcycle / 3-wheel vehicle,opposite,80.1%,283.733,284.983,1.25,14.4
13321,Motorcycle,1,Motorcycle / 3-wheel vehicle,opposite,84.2%,284.084,285.333,1.25,14.4
13390,Car / Sedan,2,Sedan / jeep / station wagon,normal,86.1%,287.983,285.983,2.0,9.0
13426,Motorcycle,1,Motorcycle / 3-wheel vehicle,opposite,87.9%,286.333,287.083,0.75,24.0
13453,Motorcycle,1,Motorcycle / 3-wheel vehicle,opposite,89.4%,286.933,287.883,0.95,18.9
13476,Motorcycle,1,Motorcycle / 3-wheel vehicle,opposite,86.8%,287.533,288.533,1.0,18.0
13486,Motorcycle,1,Motorcycle / 3-wheel vehicle,opposite,88.9%,287.733,288.483,0.75,24.0
13446,Motorcycle,1,Motorcycle / 3-wheel vehicle,normal,38.2%,289.333,288.433,0.9,20.0
13556,Motorcycle,1,Motorcycle / 3-wheel vehicle,opposite,88.8%,288.933,289.833,0.9,20.0
13609,Motorcycle,1,Motorcycle / 3-wheel vehicle,opposite,89.4%,290.083,290.983,0.9,20.0
13595,2-Axle Truck (Jumbo),6,2-Axle Truck,normal,92.0%,292.683,291.333,1.35,13.3
13725,Motorcycle,1,Motorcycle / 3-wheel vehicle,normal,79.3%,293.733,292.333,1.4,12.9
13738,Motorcycle,1,Motorcycle / 3-wheel vehicle,opposite,90.1%,292.783,293.383,0.6,30.0
13748,Motorcycle,1,Motorcycle / 3-wheel vehicle,normal,49.1%,295.183,293.133,2.05,8.8
13772,Motorcycle,1,Motorcycle / 3-wheel vehicle,opposite,86.5%,293.633,294.833,1.2,15.0
13791,Motorcycle,1,Motorcycle / 3-wheel vehicle,opposite,89.3%,294.483,295.483,1.0,18.0
13822,Motorcycle,1,Motorcycle / 3-wheel vehicle,opposite,85.0%,294.933,295.883,0.95,18.9
13862,Motorcycle,1,Motorcycle / 3-wheel vehicle,normal,79.1%,298.133,296.483,1.65,10.9
13879,Motorcycle,1,Motorcycle / 3-wheel vehicle,opposite,90.0%,296.883,297.933,1.05,17.1
13903,Car / Sedan,2,Sedan / jeep / station wagon,normal,78.4%,300.483,297.583,2.9,6.2
13935,Motorcycle,1,Motorcycle / 3-wheel vehicle,opposite,84.2%,298.133,299.083,0.95,18.9
13869,Car / Sedan,2,Sedan / jeep / station wagon,normal,92.2%,301.382,298.633,2.75,6.5
13797,Motorcycle,1,Motorcycle / 3-wheel vehicle,opposite,84.8%,298.833,300.183,1.35,13.3
13999,Motorcycle,1,Motorcycle / 3-wheel vehicle,opposite,88.8%,300.382,301.382,1.0,18.0
14046,Motorcycle,1,Motorcycle / 3-wheel vehicle,opposite,89.4%,301.082,301.982,0.9,20.0
13949,Car / Sedan,2,Sedan / jeep / station wagon,normal,91.1%,304.332,301.732,2.6,6.9
14186,Car / Sedan,2,Sedan / jeep / station wagon,normal,84.0%,306.932,304.032,2.9,6.2
14226,Motorcycle,1,Motorcycle / 3-wheel vehicle,normal,80.6%,306.532,304.882,1.65,10.9
14232,Car / Sedan,2,Sedan / jeep / station wagon,normal,88.5%,309.082,306.832,2.25,8.0
14344,Public Transportation (Angkot),3,Medium passenger vehicle,opposite,93.8%,308.032,309.882,1.85,9.7
14333,Public Transportation (Angkot),3,Medium passenger vehicle,normal,91.2%,311.132,309.032,2.1,8.6
14423,Motorcycle,1,Motorcycle / 3-wheel vehicle,normal,72.8%,310.882,309.632,1.25,14.4
14442,Motorcycle,1,Motorcycle / 3-wheel vehicle,normal,81.5%,311.382,310.382,1.0,18.0
14470,Pickup / Micro Truck,4,Pickup / micro truck / delivery,normal,91.1%,314.932,313.482,1.45,12.4
14549,Motorcycle,1,Motorcycle / 3-wheel vehicle,opposite,87.7%,314.082,315.682,1.6,11.3
14590,Motorcycle,1,Motorcycle / 3-wheel vehicle,normal,43.8%,316.082,314.832,1.25,14.4
14589,Motorcycle,1,Motorcycle / 3-wheel vehicle,opposite,88.4%,315.082,316.932,1.85,9.7
14701,Motorcycle,1,Motorcycle / 3-wheel vehicle,normal,72.0%,320.931,317.332,3.6,5.0
14731,Car / Sedan,2,Sedan / jeep / station wagon,opposite,92.0%,318.781,320.131,1.35,13.3
14852,Motorcycle,1,Motorcycle / 3-wheel vehicle,normal,72.8%,324.531,321.081,3.45,5.2
14862,Motorcycle,1,Motorcycle / 3-wheel vehicle,normal,85.5%,326.331,321.731,4.6,3.9
14762,Car / Sedan,2,Sedan / jeep / station wagon,opposite,93.2%,323.681,326.081,2.4,7.5
14937,Motorcycle,1,Motorcycle / 3-wheel vehicle,opposite,89.0%,324.331,325.331,1.0,18.0
15037,Motorcycle,1,Motorcycle / 3-wheel vehicle,opposite,82.3%,326.431,328.931,2.5,7.2
14901,Public Transportation (Angkot),3,Medium passenger vehicle,normal,91.3%,330.081,326.681,3.4,5.3
15014,Public Transportation (Angkot),3,Medium passenger vehicle,opposite,92.9%,327.081,329.281,2.2,8.2
15104,Motorcycle,1,Motorcycle / 3-wheel vehicle,opposite,87.3%,327.881,329.581,1.7,10.6
15015,Car / Sedan,2,Sedan / jeep / station wagon,opposite,93.1%,328.631,331.281,2.65,6.8
15066,Car / Sedan,2,Sedan / jeep / station wagon,normal,45.7%,332.781,330.481,2.3,7.8
15233,Motorcycle,1,Motorcycle / 3-wheel vehicle,opposite,85.0%,330.931,332.781,1.85,9.7
15348,Motorcycle,1,Motorcycle / 3-wheel vehicle,normal,60.6%,334.781,333.131,1.65,10.9
15373,Motorcycle,1,Motorcycle / 3-wheel vehicle,opposite,89.4%,334.081,334.93,0.85,21.2
15386,Motorcycle,1,Motorcycle / 3-wheel vehicle,opposite,87.5%,334.58,335.63,1.05,17.1
15288,Car / Sedan,2,Sedan / jeep / station wagon,normal,73.1%,336.68,334.731,1.95,9.2
15466,Motorcycle,1,Motorcycle / 3-wheel vehicle,normal,80.2%,337.73,336.13,1.6,11.3
15392,Pickup / Micro Truck,4,Pickup / micro truck / delivery,normal,91.4%,338.98,336.98,2.0,9.0
15662,Car / Sedan,2,Sedan / jeep / station wagon,opposite,93.1%,340.93,342.08,1.15,15.7
15473,Bus,5,Bus,normal,91.1%,342.78,340.98,1.8,10.0
15763,Car / Sedan,2,Sedan / jeep / station wagon,opposite,93.5%,342.33,343.38,1.05,17.1
15798,Motorcycle,1,Motorcycle / 3-wheel vehicle,opposite,53.7%,342.48,343.43,0.95,18.9
15847,Motorcycle,1,Motorcycle / 3-wheel vehicle,normal,60.9%,344.88,343.33,1.55,11.6
15850,Motorcycle,1,Motorcycle / 3-wheel vehicle,opposite,90.6%,343.63,344.63,1.0,18.0
15881,Motorcycle,1,Motorcycle / 3-wheel vehicle,normal,80.6%,346.73,345.23,1.5,12.0
16033,Motorcycle,1,Motorcycle / 3-wheel vehicle,opposite,89.9%,350.08,351.63,1.55,11.6
16136,Car / Sedan,2,Sedan / jeep / station wagon,opposite,88.5%,352.029,353.879,1.85,9.7
16348,Motorcycle,1,Motorcycle / 3-wheel vehicle,normal,77.4%,356.129,352.279,3.85,4.7
16368,Motorcycle,1,Motorcycle / 3-wheel vehicle,opposite,78.8%,353.479,355.779,2.3,7.8
16249,Car / Sedan,2,Sedan / jeep / station wagon,opposite,92.8%,354.729,356.629,1.9,9.5
16528,Car / Sedan,2,Sedan / jeep / station wagon,normal,46.2%,358.329,356.029,2.3,7.8
16546,Motorcycle,1,Motorcycle / 3-wheel vehicle,opposite,84.8%,356.129,357.379,1.25,14.4
16621,Motorcycle,1,Motorcycle / 3-wheel vehicle,normal,83.9%,358.079,356.779,1.3,13.8
16537,Car / Sedan,2,Sedan / jeep / station wagon,normal,90.8%,360.579,358.779,1.8,10.0
16688,Motorcycle,1,Motorcycle / 3-wheel vehicle,normal,73.9%,361.479,359.979,1.5,12.0
16795,Motorcycle,1,Motorcycle / 3-wheel vehicle,opposite,89.1%,360.879,361.379,0.5,36.0
16872,Motorcycle,1,Motorcycle / 3-wheel vehicle,normal,63.6%,363.029,361.929,1.1,16.4
16907,Motorcycle,1,Motorcycle / 3-wheel vehicle,normal,75.6%,363.329,362.379,0.95,18.9
16946,Motorcycle,1,Motorcycle / 3-wheel vehicle,opposite,87.1%,363.579,364.529,0.95,18.9
17069,Motorcycle,1,Motorcycle / 3-wheel vehicle,opposite,88.7%,365.179,365.829,0.65,27.7
16917,Motorcycle,1,Motorcycle / 3-wheel vehicle,opposite,84.1%,366.779,368.329,1.55,11.6
17146,Car / Sedan,2,Sedan / jeep / station wagon,opposite,93.4%,368.928,370.528,1.6,11.3
17005,Motorcycle,1,Motorcycle / 3-wheel vehicle,normal,75.5%,371.028,369.978,1.05,17.1
17272,Motorcycle,1,Motorcycle / 3-wheel vehicle,opposite,90.8%,370.279,371.778,1.5,12.0
17492,Motorcycle,1,Motorcycle / 3-wheel vehicle,normal,55.9%,374.578,372.828,1.75,10.3
17570,Motorcycle,1,Motorcycle / 3-wheel vehicle,normal,84.1%,375.078,373.378,1.7,10.6
17636,Motorcycle,1,Motorcycle / 3-wheel vehicle,opposite,87.8%,374.678,375.378,0.7,25.7
17681,Motorcycle,1,Motorcycle / 3-wheel vehicle,normal,74.6%,377.778,375.328,2.45,7.3
17763,Motorcycle,1,Motorcycle / 3-wheel vehicle,normal,81.6%,378.928,377.228,1.7,10.6
17708,Motorcycle,1,Motorcycle / 3-wheel vehicle,normal,85.4%,379.228,377.628,1.6,11.3
17869,Motorcycle,1,Motorcycle / 3-wheel vehicle,normal,81.3%,380.228,378.578,1.65,10.9
17701,Motorcycle,1,Motorcycle / 3-wheel vehicle,opposite,88.8%,378.628,379.828,1.2,15.0
17970,Motorcycle,1,Motorcycle / 3-wheel vehicle,opposite,89.3%,380.078,380.678,0.6,30.0
18032,Motorcycle,1,Motorcycle / 3-wheel vehicle,normal,68.2%,383.628,381.778,1.85,9.7
18082,Motorcycle,1,Motorcycle / 3-wheel vehicle,opposite,90.0%,382.278,382.778,0.5,36.0
18193,Motorcycle,1,Motorcycle / 3-wheel vehicle,opposite,89.4%,383.978,384.678,0.7,25.7
18239,Motorcycle,1,Motorcycle / 3-wheel vehicle,opposite,88.8%,384.578,385.278,0.7,25.7
18166,Motorcycle,1,Motorcycle / 3-wheel vehicle,opposite,83.5%,384.778,386.077,1.3,13.8
18262,Motorcycle,1,Motorcycle / 3-wheel vehicle,opposite,88.8%,384.928,385.528,0.6,30.0
18308,Motorcycle,1,Motorcycle / 3-wheel vehicle,opposite,88.8%,385.877,386.627,0.75,24.0
18349,Motorcycle,1,Motorcycle / 3-wheel vehicle,opposite,87.0%,386.478,387.127,0.65,27.7
18291,Motorcycle,1,Motorcycle / 3-wheel vehicle,opposite,61.3%,387.077,388.827,1.75,10.3
18391,Motorcycle,1,Motorcycle / 3-wheel vehicle,opposite,86.9%,387.327,388.277,0.95,18.9
18510,Motorcycle,1,Motorcycle / 3-wheel vehicle,opposite,84.0%,389.127,389.977,0.85,21.2
18530,Motorcycle,1,Motorcycle / 3-wheel vehicle,opposite,86.4%,389.677,390.577,0.9,20.0
18619,Motorcycle,1,Motorcycle / 3-wheel vehicle,normal,79.6%,391.477,390.577,0.9,20.0
18591,Motorcycle,1,Motorcycle / 3-wheel vehicle,opposite,87.4%,390.627,391.477,0.85,21.2
18609,Motorcycle,1,Motorcycle / 3-wheel vehicle,opposite,88.5%,390.677,391.527,0.85,21.2
18736,Motorcycle,1,Motorcycle / 3-wheel vehicle,opposite,88.5%,392.927,393.627,0.7,25.7
18742,Motorcycle,1,Motorcycle / 3-wheel vehicle,normal,76.8%,393.777,392.977,0.8,22.5
18760,Motorcycle,1,Motorcycle / 3-wheel vehicle,opposite,89.1%,393.377,394.027,0.65,27.7
18807,Motorcycle,1,Motorcycle / 3-wheel vehicle,opposite,88.7%,394.177,394.877,0.7,25.7
18782,Car / Sedan,2,Sedan / jeep / station wagon,normal,86.4%,396.077,395.077,1.0,18.0
18885,Motorcycle,1,Motorcycle / 3-wheel vehicle,opposite,88.4%,395.777,396.527,0.75,24.0
18894,Motorcycle,1,Motorcycle / 3-wheel vehicle,opposite,60.9%,396.027,396.677,0.65,27.7
18893,Motorcycle,1,Motorcycle / 3-wheel vehicle,normal,61.2%,397.377,396.277,1.1,16.4
18927,Motorcycle,1,Motorcycle / 3-wheel vehicle,opposite,87.6%,396.577,397.427,0.85,21.2
18967,Motorcycle,1,Motorcycle / 3-wheel vehicle,opposite,87.1%,397.127,397.777,0.65,27.7
18958,Motorcycle,1,Motorcycle / 3-wheel vehicle,opposite,89.0%,397.827,398.577,0.75,24.0
19025,Motorcycle,1,Motorcycle / 3-wheel vehicle,opposite,87.8%,398.127,398.727,0.6,30.0
19043,Motorcycle,1,Motorcycle / 3-wheel vehicle,normal,79.9%,399.477,398.477,1.0,18.0
19077,Motorcycle,1,Motorcycle / 3-wheel vehicle,normal,83.7%,399.877,399.027,0.85,21.2
19085,Motorcycle,1,Motorcycle / 3-wheel vehicle,opposite,86.4%,399.277,399.977,0.7,25.7
19067,Car / Sedan,2,Sedan / jeep / station wagon,normal,90.5%,401.327,400.327,1.0,18.0
19198,Motorcycle,1,Motorcycle / 3-wheel vehicle,normal,85.0%,402.477,401.827,0.65,27.7
19153,Car / Sedan,2,Sedan / jeep / station wagon,normal,92.7%,403.627,402.577,1.05,17.1
19258,Motorcycle,1,Motorcycle / 3-wheel vehicle,normal,69.0%,404.176,403.377,0.8,22.5
19281,Motorcycle,1,Motorcycle / 3-wheel vehicle,opposite,88.0%,403.877,404.526,0.65,27.7
19259,Motorcycle,1,Motorcycle / 3-wheel vehicle,normal,87.9%,405.176,404.377,0.8,22.5
19286,Car / Sedan,2,Sedan / jeep / station wagon,normal,79.7%,406.126,405.076,1.05,17.1
19371,Motorcycle,1,Motorcycle / 3-wheel vehicle,opposite,89.6%,405.776,406.526,0.75,24.0
19377,Motorcycle,1,Motorcycle / 3-wheel vehicle,normal,79.1%,406.876,405.826,1.05,17.1
19399,Motorcycle,1,Motorcycle / 3-wheel vehicle,opposite,77.4%,406.726,407.426,0.7,25.7
19503,Motorcycle,1,Motorcycle / 3-wheel vehicle,opposite,90.0%,408.076,408.826,0.75,24.0
19367,Car / Sedan,2,Sedan / jeep / station wagon,normal,91.1%,409.276,408.176,1.1,16.4
19581,Car / Sedan,2,Sedan / jeep / station wagon,opposite,93.3%,409.426,410.076,0.65,27.7
19525,Car / Sedan,2,Sedan / jeep / station wagon,normal,54.8%,410.776,409.826,0.95,18.9
19668,Motorcycle,1,Motorcycle / 3-wheel vehicle,opposite,82.8%,410.376,411.326,0.95,18.9
19758,Motorcycle,1,Motorcycle / 3-wheel vehicle,opposite,85.8%,411.876,412.826,0.95,18.9
19765,Motorcycle,1,Motorcycle / 3-wheel vehicle,opposite,90.0%,412.076,412.726,0.65,27.7
19728,Car / Sedan,2,Sedan / jeep / station wagon,normal,90.2%,413.576,412.426,1.15,15.7
19823,Motorcycle,1,Motorcycle / 3-wheel vehicle,opposite,85.5%,413.276,414.176,0.9,20.0
19771,Car / Sedan,2,Sedan / jeep / station wagon,normal,43.5%,414.976,413.676,1.3,13.8
19840,Motorcycle,1,Motorcycle / 3-wheel vehicle,normal,55.4%,415.726,413.776,1.95,9.2
19852,Motorcycle,1,Motorcycle / 3-wheel vehicle,opposite,86.5%,413.926,414.876,0.95,18.9
19904,Motorcycle,1,Motorcycle / 3-wheel vehicle,normal,55.4%,416.826,414.526,2.3,7.8
19920,Car / Sedan,2,Sedan / jeep / station wagon,opposite,93.2%,415.176,416.126,0.95,18.9
19954,Car / Sedan,2,Sedan / jeep / station wagon,opposite,93.2%,415.726,416.476,0.75,24.0
20052,Motorcycle,1,Motorcycle / 3-wheel vehicle,opposite,90.5%,416.976,417.676,0.7,25.7
20093,Motorcycle,1,Motorcycle / 3-wheel vehicle,opposite,88.2%,417.626,418.276,0.65,27.7
20079,Motorcycle,1,Motorcycle / 3-wheel vehicle,normal,76.3%,420.575,418.126,2.45,7.3
20083,Pickup / Micro Truck,4,Pickup / micro truck / delivery,opposite,92.5%,418.576,419.426,0.85,21.2
20017,Motorcycle,1,Motorcycle / 3-wheel vehicle,opposite,90.2%,418.926,420.976,2.05,8.8
20202,Motorcycle,1,Motorcycle / 3-wheel vehicle,opposite,85.3%,419.526,420.175,0.65,27.7
20136,Motorcycle,1,Motorcycle / 3-wheel vehicle,opposite,78.6%,420.175,421.625,1.45,12.4
20012,Public Transportation (Angkot),3,Medium passenger vehicle,normal,35.5%,422.475,420.526,1.95,9.2
20196,Motorcycle,1,Motorcycle / 3-wheel vehicle,opposite,86.4%,420.776,422.125,1.35,13.3
20304,Motorcycle,1,Motorcycle / 3-wheel vehicle,normal,88.5%,421.675,425.375,3.7,4.9
20332,Motorcycle,1,Motorcycle / 3-wheel vehicle,opposite,74.1%,422.525,423.375,0.85,21.2
20315,Car / Sedan,2,Sedan / jeep / station wagon,opposite,93.3%,422.775,424.325,1.55,11.6
20410,Motorcycle,1,Motorcycle / 3-wheel vehicle,normal,64.8%,425.275,423.775,1.5,12.0
20433,Motorcycle,1,Motorcycle / 3-wheel vehicle,normal,84.2%,424.975,423.925,1.05,17.1
20499,Motorcycle,1,Motorcycle / 3-wheel vehicle,normal,57.7%,426.125,424.925,1.2,15.0
20411,Public Transportation (Angkot),3,Medium passenger vehicle,normal,57.6%,427.325,425.325,2.0,9.0
20519,Motorcycle,1,Motorcycle / 3-wheel vehicle,normal,41.5%,426.575,425.375,1.2,15.0
20633,Motorcycle,1,Motorcycle / 3-wheel vehicle,normal,76.8%,428.275,427.325,0.95,18.9
20632,Car / Sedan,2,Sedan / jeep / station wagon,opposite,93.0%,427.975,429.125,1.15,15.7
20649,Pickup / Micro Truck,4,Pickup / micro truck / delivery,normal,68.7%,429.975,428.925,1.05,17.1
20707,Car / Sedan,2,Sedan / jeep / station wagon,opposite,93.2%,429.425,430.525,1.1,16.4
20754,Motorcycle,1,Motorcycle / 3-wheel vehicle,opposite,77.6%,429.575,430.325,0.75,24.0
20637,Car / Sedan,2,Sedan / jeep / station wagon,normal,69.0%,431.225,430.225,1.0,18.0
20794,Car / Sedan,2,Sedan / jeep / station wagon,opposite,93.6%,430.925,432.025,1.1,16.4
20970,Car / Sedan,2,Sedan / jeep / station wagon,opposite,92.7%,434.175,435.175,1.0,18.0
21070,Motorcycle,1,Motorcycle / 3-wheel vehicle,opposite,86.1%,435.175,436.125,0.95,18.9
21101,Motorcycle,1,Motorcycle / 3-wheel vehicle,opposite,89.5%,435.675,436.575,0.9,20.0
21153,Motorcycle,1,Motorcycle / 3-wheel vehicle,opposite,87.8%,436.175,437.125,0.95,18.9
21149,Motorcycle,1,Motorcycle / 3-wheel vehicle,normal,64.6%,438.474,436.325,2.15,8.4
21193,Car / Sedan,2,Sedan / jeep / station wagon,opposite,93.2%,436.975,437.925,0.95,18.9
21204,Motorcycle,1,Motorcycle / 3-wheel vehicle,opposite,88.8%,438.024,439.974,1.95,9.2
21282,Public Transportation (Angkot),3,Medium passenger vehicle,opposite,94.0%,438.675,439.924,1.25,14.4
21381,Motorcycle,1,Motorcycle / 3-wheel vehicle,opposite,87.6%,440.024,440.974,0.95,18.9
21380,Motorcycle,1,Motorcycle / 3-wheel vehicle,normal,88.5%,440.074,442.874,2.8,6.4
21414,Car / Sedan,2,Sedan / jeep / station wagon,opposite,93.9%,440.724,441.974,1.25,14.4
21460,Motorcycle,1,Motorcycle / 3-wheel vehicle,opposite,65.8%,441.174,442.274,1.1,16.4
21386,2-Axle Truck (Jumbo),6,2-Axle Truck,normal,80.7%,443.124,441.674,1.45,12.4
21516,Motorcycle,1,Motorcycle / 3-wheel vehicle,opposite,88.2%,442.524,443.674,1.15,15.7
21549,Motorcycle,1,Motorcycle / 3-wheel vehicle,opposite,89.1%,442.974,443.824,0.85,21.2
21553,Pickup / Micro Truck,4,Pickup / micro truck / delivery,opposite,92.7%,443.624,444.924,1.3,13.8
21513,2-Axle Truck (Jumbo),6,2-Axle Truck,normal,72.1%,445.124,443.824,1.3,13.8
21634,Car / Sedan,2,Sedan / jeep / station wagon,opposite,93.0%,444.924,446.224,1.3,13.8
21673,Car / Sedan,2,Sedan / jeep / station wagon,normal,45.6%,447.874,446.174,1.7,10.6
21729,Car / Sedan,2,Sedan / jeep / station wagon,opposite,93.2%,446.224,447.474,1.25,14.4
21798,Motorcycle,1,Motorcycle / 3-wheel vehicle,normal,79.3%,448.174,447.174,1.0,18.0
21810,Motorcycle,1,Motorcycle / 3-wheel vehicle,opposite,83.2%,447.224,448.274,1.05,17.1
21832,Car / Sedan,2,Sedan / jeep / station wagon,normal,92.6%,451.224,449.524,1.7,10.6
21974,Motorcycle,1,Motorcycle / 3-wheel vehicle,opposite,88.0%,450.224,450.974,0.75,24.0
22018,Pickup / Micro Truck,4,Pickup / micro truck / delivery,opposite,92.5%,451.224,452.074,0.85,21.2
21981,Car / Sedan,2,Sedan / jeep / station wagon,normal,79.4%,453.024,451.974,1.05,17.1
22137,Motorcycle,1,Motorcycle / 3-wheel vehicle,normal,81.4%,453.824,452.524,1.3,13.8
22145,Motorcycle,1,Motorcycle / 3-wheel vehicle,opposite,88.0%,452.924,453.574,0.65,27.7
22170,Motorcycle,1,Motorcycle / 3-wheel vehicle,normal,76.0%,454.174,452.924,1.25,14.4
22169,Motorcycle,1,Motorcycle / 3-wheel vehicle,opposite,89.0%,453.274,453.974,0.7,25.7
22198,Motorcycle,1,Motorcycle / 3-wheel vehicle,opposite,69.1%,453.924,454.974,1.05,17.1
22241,Motorcycle,1,Motorcycle / 3-wheel vehicle,normal,68.0%,455.123,454.024,1.1,16.4
22245,Motorcycle,1,Motorcycle / 3-wheel vehicle,normal,83.9%,455.524,454.474,1.05,17.1
22292,Motorcycle,1,Motorcycle / 3-wheel vehicle,opposite,89.2%,454.774,455.373,0.6,30.0
22320,Motorcycle,1,Motorcycle / 3-wheel vehicle,opposite,87.9%,455.324,456.024,0.7,25.7
22331,Motorcycle,1,Motorcycle / 3-wheel vehicle,normal,48.2%,459.423,455.623,3.8,4.7
22346,Motorcycle,1,Motorcycle / 3-wheel vehicle,opposite,88.1%,455.824,456.623,0.8,22.5
22254,Car / Sedan,2,Sedan / jeep / station wagon,normal,91.3%,457.973,456.323,1.65,10.9
22430,Motorcycle,1,Motorcycle / 3-wheel vehicle,normal,50.2%,458.773,457.573,1.2,15.0
22523,Motorcycle,1,Motorcycle / 3-wheel vehicle,opposite,86.9%,459.323,460.223,0.9,20.0
22433,Pickup / Micro Truck,4,Pickup / micro truck / delivery,normal,87.5%,462.223,459.723,2.5,7.2
22562,Motorcycle,1,Motorcycle / 3-wheel vehicle,opposite,88.4%,460.123,460.923,0.8,22.5
22584,Motorcycle,1,Motorcycle / 3-wheel vehicle,opposite,84.5%,460.823,461.773,0.95,18.9
22632,Motorcycle,1,Motorcycle / 3-wheel vehicle,opposite,83.9%,461.623,462.423,0.8,22.5
22486,Car / Sedan,2,Sedan / jeep / station wagon,normal,91.7%,468.023,461.873,6.15,2.9
22671,Public Transportation (Angkot),3,Medium passenger vehicle,opposite,53.7%,462.123,463.173,1.05,17.1
22714,2-Axle Truck (Jumbo),6,2-Axle Truck,opposite,92.5%,464.473,465.123,0.65,27.7
22822,Motorcycle,1,Motorcycle / 3-wheel vehicle,normal,75.8%,468.573,465.023,3.55,5.1
22786,Car / Sedan,2,Sedan / jeep / station wagon,normal,85.1%,471.723,467.923,3.8,4.7
22957,Pickup / Micro Truck,4,Pickup / micro truck / delivery,opposite,92.1%,468.473,469.923,1.45,12.4
23042,Motorcycle,1,Motorcycle / 3-wheel vehicle,opposite,87.9%,469.623,470.473,0.85,21.2
23092,Motorcycle,1,Motorcycle / 3-wheel vehicle,opposite,84.9%,470.523,471.323,0.8,22.5
23070,Car / Sedan,2,Sedan / jeep / station wagon,normal,83.0%,474.672,471.673,3.0,6.0
23156,Motorcycle,1,Motorcycle / 3-wheel vehicle,opposite,87.2%,471.873,472.623,0.75,24.0
23161,Car / Sedan,2,Sedan / jeep / station wagon,opposite,93.6%,472.522,473.772,1.25,14.4
23262,Motorcycle,1,Motorcycle / 3-wheel vehicle,opposite,68.7%,474.022,474.772,0.75,24.0
23246,Car / Sedan,2,Sedan / jeep / station wagon,opposite,93.3%,474.172,475.422,1.25,14.4
23311,Motorcycle,1,Motorcycle / 3-wheel vehicle,opposite,60.0%,474.572,475.572,1.0,18.0
23147,Car / Sedan,2,Sedan / jeep / station wagon,normal,60.6%,483.722,474.972,8.749,2.1
23370,Motorcycle,1,Motorcycle / 3-wheel vehicle,opposite,86.1%,475.372,476.322,0.95,18.9
23408,Pickup / Micro Truck,4,Pickup / micro truck / delivery,opposite,51.6%,476.872,478.172,1.3,13.8
23459,Motorcycle,1,Motorcycle / 3-wheel vehicle,opposite,83.9%,477.122,478.022,0.9,20.0
23445,Motorcycle,1,Motorcycle / 3-wheel vehicle,opposite,81.9%,481.672,483.922,2.25,8.0
23670,Motorcycle,1,Motorcycle / 3-wheel vehicle,opposite,85.5%,482.122,482.872,0.75,24.0
23495,Car / Sedan,2,Sedan / jeep / station wagon,opposite,92.5%,484.072,486.272,2.2,8.2
23736,Motorcycle,1,Motorcycle / 3-wheel vehicle,opposite,74.9%,484.322,485.322,1.0,18.0
23705,Motorcycle,1,Motorcycle / 3-wheel vehicle,opposite,89.8%,484.972,486.572,1.6,11.3
23791,Motorcycle,1,Motorcycle / 3-wheel vehicle,opposite,83.9%,485.972,487.222,1.25,14.4
23852,Motorcycle,1,Motorcycle / 3-wheel vehicle,opposite,86.2%,487.772,488.921,1.15,15.7
23853,Car / Sedan,2,Sedan / jeep / station wagon,opposite,93.5%,488.572,490.171,1.6,11.3
23890,Motorcycle,1,Motorcycle / 3-wheel vehicle,opposite,81.8%,489.122,490.272,1.15,15.7
23905,2-Axle Truck (Jumbo),6,2-Axle Truck,opposite,93.1%,490.272,491.721,1.45,12.4
24013,2-Axle Truck (Jumbo),6,2-Axle Truck,opposite,72.4%,492.521,494.071,1.55,11.6
24118,Motorcycle,1,Motorcycle / 3-wheel vehicle,opposite,81.9%,493.971,495.021,1.05,17.1
24137,Public Transportation (Angkot),3,Medium passenger vehicle,opposite,93.5%,494.771,496.121,1.35,13.3
24162,Motorcycle,1,Motorcycle / 3-wheel vehicle,opposite,88.6%,494.921,495.971,1.05,17.1
24219,Motorcycle,1,Motorcycle / 3-wheel vehicle,opposite,84.8%,496.171,497.121,0.95,18.9
24174,Pickup / Micro Truck,4,Pickup / micro truck / delivery,opposite,91.9%,496.871,498.271,1.4,12.9
24385,Motorcycle,1,Motorcycle / 3-wheel vehicle,opposite,84.7%,499.471,500.621,1.15,15.7
24391,Car / Sedan,2,Sedan / jeep / station wagon,opposite,93.6%,499.821,500.821,1.0,18.0
24422,Motorcycle,1,Motorcycle / 3-wheel vehicle,opposite,70.9%,500.221,501.471,1.25,14.4
24369,2-Axle Truck (Jumbo),6,2-Axle Truck,normal,61.5%,502.521,500.221,2.3,7.8
24437,Motorcycle,1,Motorcycle / 3-wheel vehicle,opposite,89.4%,500.671,501.771,1.1,16.4
24621,Motorcycle,1,Motorcycle / 3-wheel vehicle,opposite,84.3%,504.421,505.471,1.05,17.1
24726,Motorcycle,1,Motorcycle / 3-wheel vehicle,opposite,84.9%,505.971,507.171,1.2,15.0
24852,2-Axle Truck (Jumbo),6,2-Axle Truck,opposite,92.0%,508.82,510.07,1.25,14.4
24797,Motorcycle,1,Motorcycle / 3-wheel vehicle,normal,77.6%,509.27,512.62,3.35,5.4
24864,Motorcycle,1,Motorcycle / 3-wheel vehicle,opposite,87.8%,509.97,511.37,1.4,12.9
25005,Motorcycle,1,Motorcycle / 3-wheel vehicle,opposite,70.7%,511.57,513.22,1.65,10.9
24995,Motorcycle,1,Motorcycle / 3-wheel vehicle,opposite,82.7%,512.17,513.57,1.4,12.9
24976,Motorcycle,1,Motorcycle / 3-wheel vehicle,opposite,87.3%,512.52,514.17,1.65,10.9
25153,Motorcycle,1,Motorcycle / 3-wheel vehicle,opposite,74.5%,514.52,515.52,1.0,18.0
25184,Car / Sedan,2,Sedan / jeep / station wagon,opposite,93.1%,515.22,517.17,1.95,9.2
25108,Car / Sedan,2,Sedan / jeep / station wagon,opposite,92.3%,515.32,517.22,1.9,9.5
25233,2-Axle Truck (Jumbo),6,2-Axle Truck,opposite,94.4%,517.72,519.52,1.8,10.0
25363,Motorcycle,1,Motorcycle / 3-wheel vehicle,opposite,82.8%,518.17,519.32,1.15,15.7
25427,Car / Sedan,2,Sedan / jeep / station wagon,opposite,92.8%,520.27,521.57,1.3,13.8
25464,Motorcycle,1,Motorcycle / 3-wheel vehicle,opposite,78.8%,520.27,521.72,1.45,12.4
25534,Motorcycle,1,Motorcycle / 3-wheel vehicle,opposite,83.2%,521.57,522.57,1.0,18.0
25520,Pickup / Micro Truck,4,Pickup / micro truck / delivery,opposite,90.8%,521.87,523.07,1.2,15.0
25513,Motorcycle,1,Motorcycle / 3-wheel vehicle,opposite,84.6%,522.32,523.319,1.0,18.0
25639,Motorcycle,1,Motorcycle / 3-wheel vehicle,normal,77.9%,524.919,523.17,1.75,10.3
25648,Motorcycle,1,Motorcycle / 3-wheel vehicle,normal,36.2%,525.719,523.269,2.45,7.3
25635,Motorcycle,1,Motorcycle / 3-wheel vehicle,opposite,87.2%,523.519,524.569,1.05,17.1
25606,Car / Sedan,2,Sedan / jeep / station wagon,opposite,93.8%,523.62,524.72,1.1,16.4
25677,Motorcycle,1,Motorcycle / 3-wheel vehicle,opposite,90.0%,524.269,525.319,1.05,17.1
25712,Motorcycle,1,Motorcycle / 3-wheel vehicle,normal,81.0%,526.119,524.72,1.4,12.9
25713,Motorcycle,1,Motorcycle / 3-wheel vehicle,opposite,67.8%,525.169,526.769,1.6,11.3
25726,Motorcycle,1,Motorcycle / 3-wheel vehicle,opposite,90.5%,525.419,526.419,1.0,18.0
25767,Motorcycle,1,Motorcycle / 3-wheel vehicle,opposite,88.8%,526.069,527.069,1.0,18.0
25784,Motorcycle,1,Motorcycle / 3-wheel vehicle,opposite,88.9%,526.119,526.919,0.8,22.5
25690,Car / Sedan,2,Sedan / jeep / station wagon,normal,90.3%,528.269,526.419,1.85,9.7
25884,Motorcycle,1,Motorcycle / 3-wheel vehicle,opposite,88.9%,528.519,529.369,0.85,21.2
26000,Motorcycle,1,Motorcycle / 3-wheel vehicle,normal,50.0%,532.069,530.269,1.8,10.0
26001,Motorcycle,1,Motorcycle / 3-wheel vehicle,opposite,78.2%,530.819,532.169,1.35,13.3
26008,Motorcycle,1,Motorcycle / 3-wheel vehicle,opposite,88.4%,531.019,531.769,0.75,24.0
26079,Car / Sedan,2,Sedan / jeep / station wagon,opposite,93.1%,532.219,532.969,0.75,24.0
26127,Motorcycle,1,Motorcycle / 3-wheel vehicle,opposite,91.1%,533.119,533.819,0.7,25.7
26157,Public Transportation (Angkot),3,Medium passenger vehicle,opposite,94.6%,534.119,535.419,1.3,13.8
26274,Motorcycle,1,Motorcycle / 3-wheel vehicle,opposite,88.4%,536.669,537.819,1.15,15.7
26294,Public Transportation (Angkot),3,Medium passenger vehicle,opposite,92.4%,537.419,538.319,0.9,20.0
26354,Motorcycle,1,Motorcycle / 3-wheel vehicle,opposite,82.8%,538.369,539.669,1.3,13.8
26260,Motorcycle,1,Motorcycle / 3-wheel vehicle,opposite,90.1%,538.669,540.019,1.35,13.3
26485,Motorcycle,1,Motorcycle / 3-wheel vehicle,opposite,82.7%,540.519,541.369,0.85,21.2
26369,Motorcycle,1,Motorcycle / 3-wheel vehicle,opposite,88.9%,540.619,542.318,1.7,10.6
26179,Car / Sedan,2,Sedan / jeep / station wagon,opposite,91.9%,540.718,543.718,3.0,6.0
26239,Car / Sedan,2,Sedan / jeep / station wagon,normal,42.6%,545.568,542.618,2.95,6.1
26792,Motorcycle,1,Motorcycle / 3-wheel vehicle,normal,75.1%,547.718,546.118,1.6,11.3
26731,Car / Sedan,2,Sedan / jeep / station wagon,normal,91.6%,548.868,547.268,1.6,11.2
26959,Car / Sedan,2,Sedan / jeep / station wagon,opposite,93.5%,548.818,549.718,0.9,20.0
26961,Motorcycle,1,Motorcycle / 3-wheel vehicle,normal,75.8%,550.418,549.168,1.25,14.4
27046,Motorcycle,1,Motorcycle / 3-wheel vehicle,normal,82.6%,551.018,550.068,0.95,18.9
27000,Public Transportation (Angkot),3,Medium passenger vehicle,normal,89.5%,552.668,550.568,2.1,8.6
26917,Pickup / Micro Truck,4,Pickup / micro truck / delivery,normal,46.1%,552.068,550.918,1.15,15.7
27060,Public Transportation (Angkot),3,Medium passenger vehicle,opposite,94.0%,551.118,552.518,1.4,12.9
27117,Motorcycle,1,Motorcycle / 3-wheel vehicle,opposite,89.0%,551.768,552.718,0.95,18.9
27331,2-Axle Truck (Jumbo),6,2-Axle Truck,opposite,93.4%,555.618,556.568,0.95,18.9
27443,Car / Sedan,2,Sedan / jeep / station wagon,normal,90.5%,559.018,558.018,1.0,18.0
27504,Motorcycle,1,Motorcycle / 3-wheel vehicle,normal,81.3%,559.917,558.967,0.95,18.9
27503,Motorcycle,1,Motorcycle / 3-wheel vehicle,normal,62.8%,561.917,559.467,2.45,7.3
27520,2-Axle Truck (Jumbo),6,2-Axle Truck,normal,92.3%,562.717,561.317,1.4,12.9
27643,Motorcycle,1,Motorcycle / 3-wheel vehicle,opposite,90.0%,567.217,568.967,1.75,10.3
27811,Car / Sedan,2,Sedan / jeep / station wagon,normal,90.6%,569.067,567.517,1.55,11.6
27976,Motorcycle,1,Motorcycle / 3-wheel vehicle,opposite,78.5%,568.367,569.517,1.15,15.7
27871,2-Axle Truck (Jumbo),6,2-Axle Truck,normal,55.8%,570.717,569.317,1.4,12.9
28103,Motorcycle,1,Motorcycle / 3-wheel vehicle,normal,83.8%,571.567,570.317,1.25,14.4
28145,Motorcycle,1,Motorcycle / 3-wheel vehicle,normal,66.9%,572.267,570.917,1.35,13.3
28160,Car / Sedan,2,Sedan / jeep / station wagon,opposite,93.2%,571.317,572.067,0.75,24.0
28276,Motorcycle,1,Motorcycle / 3-wheel vehicle,opposite,87.2%,572.967,573.667,0.7,25.7
28291,Motorcycle,1,Motorcycle / 3-wheel vehicle,opposite,90.6%,573.517,574.267,0.75,24.0
28361,Motorcycle,1,Motorcycle / 3-wheel vehicle,opposite,89.6%,575.067,575.766,0.7,25.7
28340,Car / Sedan,2,Sedan / jeep / station wagon,normal,92.0%,577.766,576.366,1.4,12.9
28497,Motorcycle,1,Motorcycle / 3-wheel vehicle,normal,44.1%,580.666,578.216,2.45,7.3
28549,Motorcycle,1,Motorcycle / 3-wheel vehicle,normal,48.0%,581.916,579.566,2.35,7.7
28610,Motorcycle,1,Motorcycle / 3-wheel vehicle,normal,80.7%,581.916,580.716,1.2,15.0
28668,Motorcycle,1,Motorcycle / 3-wheel vehicle,normal,55.0%,582.416,581.266,1.15,15.7
28547,Car / Sedan,2,Sedan / jeep / station wagon,normal,36.2%,584.916,581.416,3.5,5.1
28679,Motorcycle,1,Motorcycle / 3-wheel vehicle,normal,80.9%,584.016,582.366,1.65,10.9
28745,Motorcycle,1,Motorcycle / 3-wheel vehicle,normal,69.6%,584.666,582.916,1.75,10.3
28634,Car / Sedan,2,Sedan / jeep / station wagon,normal,91.6%,585.966,584.066,1.9,9.5
28893,Motorcycle,1,Motorcycle / 3-wheel vehicle,normal,77.3%,589.516,586.966,2.55,7.1
28992,Motorcycle,1,Motorcycle / 3-wheel vehicle,normal,81.5%,590.816,588.566,2.25,8.0
29090,Motorcycle,1,Motorcycle / 3-wheel vehicle,opposite,87.6%,589.366,589.916,0.55,32.7
29180,Motorcycle,1,Motorcycle / 3-wheel vehicle,opposite,62.4%,590.766,591.766,1.0,18.0
29191,Motorcycle,1,Motorcycle / 3-wheel vehicle,normal,61.6%,595.265,592.216,3.05,5.9
29290,Motorcycle,1,Motorcycle / 3-wheel vehicle,opposite,90.9%,593.066,594.515,1.45,12.4
29362,Motorcycle,1,Motorcycle / 3-wheel vehicle,normal,73.7%,596.865,593.515,3.35,5.4
29305,Motorcycle,1,Motorcycle / 3-wheel vehicle,opposite,90.0%,593.965,595.415,1.45,12.4
29360,Motorcycle,1,Motorcycle / 3-wheel vehicle,normal,78.0%,597.215,594.165,3.05,5.9
29312,Motorcycle,1,Motorcycle / 3-wheel vehicle,opposite,90.5%,594.465,595.865,1.4,12.9
29387,Motorcycle,1,Motorcycle / 3-wheel vehicle,normal,47.0%,598.265,594.715,3.55,5.1
29482,Motorcycle,1,Motorcycle / 3-wheel vehicle,opposite,87.6%,595.965,596.515,0.55,32.7
29397,Car / Sedan,2,Sedan / jeep / station wagon,opposite,93.3%,597.015,599.315,2.3,7.8
29553,Motorcycle,1,Motorcycle / 3-wheel vehicle,opposite,86.4%,597.165,597.765,0.6,30.0
29566,Motorcycle,1,Motorcycle / 3-wheel vehicle,normal,43.5%,599.815,597.565,2.25,8.0
29588,Motorcycle,1,Motorcycle / 3-wheel vehicle,opposite,80.5%,598.015,598.665,0.65,27.7
29526,Motorcycle,1,Motorcycle / 3-wheel vehicle,opposite,89.6%,598.565,600.315,1.75,10.3
29698,Motorcycle,1,Motorcycle / 3-wheel vehicle,opposite,87.8%,599.915,600.615,0.7,25.7
29639,Pickup / Micro Truck,4,Pickup / micro truck / delivery,normal,91.8%,602.315,600.615,1.7,10.6
29781,Motorcycle,1,Motorcycle / 3-wheel vehicle,opposite,89.5%,601.665,602.415,0.75,24.0
29695,Car / Sedan,2,Sedan / jeep / station wagon,normal,90.6%,603.965,602.415,1.55,11.6
29884,Motorcycle,1,Motorcycle / 3-wheel vehicle,opposite,87.1%,603.315,604.015,0.7,25.7
29836,Motorcycle,1,Motorcycle / 3-wheel vehicle,normal,80.0%,605.115,603.665,1.45,12.4
29921,Motorcycle,1,Motorcycle / 3-wheel vehicle,opposite,79.5%,604.465,605.265,0.8,22.5
29874,2-Axle Truck (Jumbo),6,2-Axle Truck,normal,92.5%,607.415,605.815,1.6,11.3
30051,Motorcycle,1,Motorcycle / 3-wheel vehicle,opposite,87.0%,606.365,607.115,0.75,24.0
30087,Motorcycle,1,Motorcycle / 3-wheel vehicle,opposite,89.2%,606.865,607.565,0.7,25.7
30123,Motorcycle,1,Motorcycle / 3-wheel vehicle,opposite,72.3%,607.365,608.215,0.85,21.2
30143,Motorcycle,1,Motorcycle / 3-wheel vehicle,opposite,86.7%,607.815,608.465,0.65,27.7
30073,2-Axle Truck (Jumbo),6,2-Axle Truck,opposite,93.1%,608.265,609.065,0.8,22.5
30106,Car / Sedan,2,Sedan / jeep / station wagon,normal,82.9%,610.115,608.815,1.3,13.8
30223,Motorcycle,1,Motorcycle / 3-wheel vehicle,opposite,89.1%,609.365,610.064,0.7,25.7
30256,Motorcycle,1,Motorcycle / 3-wheel vehicle,opposite,89.4%,609.914,610.564,0.65,27.7
30095,Car / Sedan,2,Sedan / jeep / station wagon,normal,88.5%,611.914,610.115,1.8,10.0
30310,Motorcycle,1,Motorcycle / 3-wheel vehicle,opposite,87.6%,610.615,611.464,0.85,21.2
30304,Car / Sedan,2,Sedan / jeep / station wagon,normal,91.2%,613.364,611.614,1.75,10.3
30355,Pickup / Micro Truck,4,Pickup / micro truck / delivery,normal,47.9%,614.614,612.914,1.7,10.6
30445,Motorcycle,1,Motorcycle / 3-wheel vehicle,opposite,88.6%,613.264,613.964,0.7,25.7
30465,Motorcycle,1,Motorcycle / 3-wheel vehicle,opposite,89.5%,613.464,613.964,0.5,36.0
30485,Motorcycle,1,Motorcycle / 3-wheel vehicle,opposite,89.0%,613.664,614.214,0.55,32.7
30616,Motorcycle,1,Motorcycle / 3-wheel vehicle,normal,81.5%,616.414,615.514,0.9,20.0
30683,Motorcycle,1,Motorcycle / 3-wheel vehicle,opposite,88.7%,616.314,617.014,0.7,25.7
30676,Motorcycle,1,Motorcycle / 3-wheel vehicle,opposite,86.5%,616.464,617.264,0.8,22.5
30668,Motorcycle,1,Motorcycle / 3-wheel vehicle,normal,69.7%,619.764,617.064,2.7,6.7
30713,Motorcycle,1,Motorcycle / 3-wheel vehicle,opposite,86.4%,617.414,618.414,1.0,18.0
30730,Motorcycle,1,Motorcycle / 3-wheel vehicle,opposite,87.4%,617.714,618.514,0.8,22.5
30786,Motorcycle,1,Motorcycle / 3-wheel vehicle,opposite,88.0%,618.864,619.664,0.8,22.5
30842,Motorcycle,1,Motorcycle / 3-wheel vehicle,opposite,85.0%,619.814,620.864,1.05,17.1
30869,Car / Sedan,2,Sedan / jeep / station wagon,opposite,93.2%,620.314,621.164,0.85,21.2
30664,Motorcycle,1,Motorcycle / 3-wheel vehicle,opposite,73.0%,620.764,623.164,2.4,7.5
30741,Motorcycle,1,Motorcycle / 3-wheel vehicle,opposite,85.7%,621.514,623.414,1.9,9.5
30884,Motorcycle,1,Motorcycle / 3-wheel vehicle,opposite,42.3%,622.264,623.714,1.45,12.4
30933,Motorcycle,1,Motorcycle / 3-wheel vehicle,opposite,85.5%,622.764,624.464,1.7,10.6
31058,Motorcycle,1,Motorcycle / 3-wheel vehicle,opposite,89.0%,623.614,624.714,1.1,16.4
31071,Motorcycle,1,Motorcycle / 3-wheel vehicle,opposite,89.8%,624.214,625.464,1.25,14.4
31171,Motorcycle,1,Motorcycle / 3-wheel vehicle,normal,75.2%,626.514,625.464,1.05,17.1
31248,Motorcycle,1,Motorcycle / 3-wheel vehicle,opposite,86.4%,627.364,628.213,0.85,21.2
31326,Motorcycle,1,Motorcycle / 3-wheel vehicle,opposite,88.5%,628.763,629.463,0.7,25.7
31329,Motorcycle,1,Motorcycle / 3-wheel vehicle,opposite,83.9%,628.813,629.713,0.9,20.0
31321,Motorcycle,1,Motorcycle / 3-wheel vehicle,opposite,87.8%,629.713,630.363,0.65,27.7
31393,Motorcycle,1,Motorcycle / 3-wheel vehicle,opposite,89.3%,630.163,630.963,0.8,22.5
31464,Motorcycle,1,Motorcycle / 3-wheel vehicle,opposite,84.4%,631.413,632.313,0.9,20.0
31493,Motorcycle,1,Motorcycle / 3-wheel vehicle,opposite,86.2%,632.163,632.963,0.8,22.5
31615,Motorcycle,1,Motorcycle / 3-wheel vehicle,opposite,86.7%,633.513,634.313,0.8,22.5
31645,Motorcycle,1,Motorcycle / 3-wheel vehicle,opposite,85.1%,634.163,634.963,0.8,22.5
31690,Motorcycle,1,Motorcycle / 3-wheel vehicle,opposite,83.9%,635.063,635.713,0.65,27.7
31494,Car / Sedan,2,Sedan / jeep / station wagon,opposite,93.3%,635.313,637.363,2.05,8.8
31726,Motorcycle,1,Motorcycle / 3-wheel vehicle,opposite,90.3%,636.063,636.763,0.7,25.7
31656,Car / Sedan,2,Sedan / jeep / station wagon,normal,77.9%,640.913,636.763,4.15,4.3
31855,Motorcycle,1,Motorcycle / 3-wheel vehicle,opposite,89.4%,638.113,638.713,0.6,30.0
31863,Motorcycle,1,Motorcycle / 3-wheel vehicle,opposite,89.5%,638.363,639.063,0.7,25.7
31925,Motorcycle,1,Motorcycle / 3-wheel vehicle,opposite,88.2%,639.563,640.313,0.75,24.0
31823,Motorcycle,1,Motorcycle / 3-wheel vehicle,normal,44.9%,643.463,639.663,3.8,4.7
31803,Car / Sedan,2,Sedan / jeep / station wagon,opposite,88.9%,640.013,641.863,1.85,9.7
31973,Motorcycle,1,Motorcycle / 3-wheel vehicle,opposite,74.4%,640.313,641.113,0.8,22.5
32032,Motorcycle,1,Motorcycle / 3-wheel vehicle,opposite,76.0%,641.163,641.813,0.65,27.7
32038,Motorcycle,1,Motorcycle / 3-wheel vehicle,opposite,84.5%,641.363,643.113,1.75,10.3
32076,Motorcycle,1,Motorcycle / 3-wheel vehicle,opposite,85.5%,641.663,642.513,0.85,21.2
32095,Motorcycle,1,Motorcycle / 3-wheel vehicle,opposite,84.7%,641.813,643.763,1.95,9.2
32005,Car / Sedan,2,Sedan / jeep / station wagon,opposite,93.9%,643.663,645.862,2.2,8.2
32253,Motorcycle,1,Motorcycle / 3-wheel vehicle,opposite,81.6%,644.513,645.562,1.05,17.1
32292,Motorcycle,1,Motorcycle / 3-wheel vehicle,opposite,67.6%,645.562,647.112,1.55,11.6
32305,Public Transportation (Angkot),3,Medium passenger vehicle,normal,79.4%,648.112,645.862,2.25,8.0
32217,Car / Sedan,2,Sedan / jeep / station wagon,opposite,93.3%,646.212,648.562,2.35,7.7
32381,Motorcycle,1,Motorcycle / 3-wheel vehicle,opposite,50.0%,646.612,647.612,1.0,18.0
32357,Motorcycle,1,Motorcycle / 3-wheel vehicle,opposite,83.4%,646.662,648.062,1.4,12.9
32332,Motorcycle,1,Motorcycle / 3-wheel vehicle,opposite,89.5%,647.012,648.762,1.75,10.3
32475,Motorcycle,1,Motorcycle / 3-wheel vehicle,opposite,87.2%,647.762,648.912,1.15,15.7
32464,Public Transportation (Angkot),3,Medium passenger vehicle,normal,53.1%,650.312,648.112,2.2,8.2
32490,Motorcycle,1,Motorcycle / 3-wheel vehicle,opposite,86.7%,648.162,649.262,1.1,16.4
32389,Car / Sedan,2,Sedan / jeep / station wagon,opposite,94.0%,648.712,650.412,1.7,10.6
32602,Motorcycle,1,Motorcycle / 3-wheel vehicle,opposite,89.6%,649.662,650.862,1.2,15.0
32633,Motorcycle,1,Motorcycle / 3-wheel vehicle,opposite,76.9%,650.212,651.412,1.2,15.0
32598,Public Transportation (Angkot),3,Medium passenger vehicle,opposite,91.9%,650.862,652.412,1.55,11.6
32663,Motorcycle,1,Motorcycle / 3-wheel vehicle,opposite,45.9%,651.212,653.912,2.7,6.7
32702,Motorcycle,1,Motorcycle / 3-wheel vehicle,opposite,90.1%,651.312,652.512,1.2,15.0
32781,Motorcycle,1,Motorcycle / 3-wheel vehicle,opposite,88.8%,652.312,653.312,1.0,18.0
32780,Motorcycle,1,Motorcycle / 3-wheel vehicle,opposite,83.8%,652.362,653.462,1.1,16.4
32806,Motorcycle,1,Motorcycle / 3-wheel vehicle,opposite,88.5%,652.812,653.912,1.1,16.4
32767,Car / Sedan,2,Sedan / jeep / station wagon,opposite,93.6%,653.362,655.012,1.65,10.9
32868,Motorcycle,1,Motorcycle / 3-wheel vehicle,opposite,85.4%,653.462,654.512,1.05,17.1
32666,Car / Sedan,2,Sedan / jeep / station wagon,normal,35.4%,657.162,653.962,3.2,5.6
32934,Motorcycle,1,Motorcycle / 3-wheel vehicle,opposite,67.4%,654.662,655.662,1.0,18.0
32958,Motorcycle,1,Motorcycle / 3-wheel vehicle,opposite,82.2%,655.062,656.112,1.05,17.1
32928,Car / Sedan,2,Sedan / jeep / station wagon,opposite,91.2%,655.562,657.112,1.55,11.6
32988,Motorcycle,1,Motorcycle / 3-wheel vehicle,opposite,83.3%,655.612,656.562,0.95,18.9
33022,Motorcycle,1,Motorcycle / 3-wheel vehicle,opposite,75.4%,656.212,657.262,1.05,17.1
33079,Motorcycle,1,Motorcycle / 3-wheel vehicle,opposite,81.1%,656.762,657.912,1.15,15.7
33106,Motorcycle,1,Motorcycle / 3-wheel vehicle,opposite,88.1%,657.112,658.012,0.9,20.0
33072,Pickup / Micro Truck,4,Pickup / micro truck / delivery,opposite,90.3%,657.562,659.262,1.7,10.6
33151,Motorcycle,1,Motorcycle / 3-wheel vehicle,opposite,81.7%,658.162,659.412,1.25,14.4
33180,Motorcycle,1,Motorcycle / 3-wheel vehicle,opposite,89.1%,658.562,659.412,0.85,21.2
33114,Car / Sedan,2,Sedan / jeep / station wagon,normal,65.9%,662.561,658.762,3.8,4.7
33202,Motorcycle,1,Motorcycle / 3-wheel vehicle,opposite,83.0%,659.112,660.512,1.4,12.9
33207,Motorcycle,1,Motorcycle / 3-wheel vehicle,opposite,89.3%,659.312,660.162,0.85,21.2
33128,Motorcycle,1,Motorcycle / 3-wheel vehicle,opposite,89.2%,659.462,660.962,1.5,12.0
33136,Motorcycle,1,Motorcycle / 3-wheel vehicle,opposite,87.6%,660.362,661.962,1.6,11.3
33322,Motorcycle,1,Motorcycle / 3-wheel vehicle,opposite,85.1%,661.162,662.212,1.05,17.1
33339,Pickup / Micro Truck,4,Pickup / micro truck / delivery,opposite,88.5%,662.561,664.361,1.8,10.0
33404,Motorcycle,1,Motorcycle / 3-wheel vehicle,opposite,89.1%,663.261,665.311,2.05,8.8
33403,Motorcycle,1,Motorcycle / 3-wheel vehicle,normal,58.8%,665.611,663.311,2.3,7.8
33276,Motorcycle,1,Motorcycle / 3-wheel vehicle,opposite,85.3%,664.111,666.111,2.0,9.0
33476,Motorcycle,1,Motorcycle / 3-wheel vehicle,opposite,87.4%,664.811,666.261,1.45,12.4
33538,Car / Sedan,2,Sedan / jeep / station wagon,opposite,92.3%,666.961,668.661,1.7,10.6
33807,Public Transportation (Angkot),3,Medium passenger vehicle,opposite,91.7%,668.861,670.311,1.45,12.4
33799,Pickup / Micro Truck,4,Pickup / micro truck / delivery,opposite,91.1%,669.011,670.411,1.4,12.9
33900,Motorcycle,1,Motorcycle / 3-wheel vehicle,opposite,87.0%,670.161,671.461,1.3,13.8
33845,Public Transportation (Angkot),3,Medium passenger vehicle,normal,89.1%,671.661,670.461,1.2,15.0
33899,Motorcycle,1,Motorcycle / 3-wheel vehicle,opposite,84.5%,670.511,671.861,1.35,13.3
33941,Motorcycle,1,Motorcycle / 3-wheel vehicle,opposite,69.7%,670.961,672.261,1.3,13.8
33925,Motorcycle,1,Motorcycle / 3-wheel vehicle,opposite,80.5%,671.011,672.411,1.4,12.9
33960,Motorcycle,1,Motorcycle / 3-wheel vehicle,opposite,80.5%,671.411,672.761,1.35,13.3
34024,Motorcycle,1,Motorcycle / 3-wheel vehicle,opposite,65.2%,671.961,673.311,1.35,13.3
34021,Motorcycle,1,Motorcycle / 3-wheel vehicle,opposite,39.3%,672.311,673.311,1.0,18.0
34057,Motorcycle,1,Motorcycle / 3-wheel vehicle,opposite,84.5%,672.761,673.911,1.15,15.7
34120,Motorcycle,1,Motorcycle / 3-wheel vehicle,opposite,72.2%,673.211,674.361,1.15,15.7
34119,Motorcycle,1,Motorcycle / 3-wheel vehicle,opposite,61.4%,673.611,674.861,1.25,14.4
34170,Motorcycle,1,Motorcycle / 3-wheel vehicle,opposite,84.1%,674.261,675.461,1.2,15.0
34185,Motorcycle,1,Motorcycle / 3-wheel vehicle,opposite,87.1%,674.511,675.561,1.05,17.1
34225,Motorcycle,1,Motorcycle / 3-wheel vehicle,opposite,57.0%,676.361,677.561,1.2,15.0
34275,Public Transportation (Angkot),3,Medium passenger vehicle,opposite,92.9%,676.561,678.111,1.55,11.6
34314,Motorcycle,1,Motorcycle / 3-wheel vehicle,opposite,88.5%,677.711,679.311,1.6,11.3
34410,Motorcycle,1,Motorcycle / 3-wheel vehicle,opposite,80.8%,678.361,679.71,1.35,13.3
34458,Motorcycle,1,Motorcycle / 3-wheel vehicle,opposite,85.9%,679.16,680.31,1.15,15.7
34478,Motorcycle,1,Motorcycle / 3-wheel vehicle,normal,81.1%,681.56,679.66,1.9,9.5
34467,Car / Sedan,2,Sedan / jeep / station wagon,normal,45.1%,682.26,680.61,1.65,10.9
34512,Public Transportation (Angkot),3,Medium passenger vehicle,opposite,93.5%,680.76,682.16,1.4,12.9
34530,Public Transportation (Angkot),3,Medium passenger vehicle,normal,68.7%,684.96,683.21,1.75,10.3
34681,Car / Sedan,2,Sedan / jeep / station wagon,opposite,93.3%,683.96,684.91,0.95,18.9
34729,Motorcycle,1,Motorcycle / 3-wheel vehicle,opposite,86.5%,684.61,685.66,1.05,17.1
34730,Motorcycle,1,Motorcycle / 3-wheel vehicle,opposite,89.1%,684.76,685.66,0.9,20.0
34799,Motorcycle,1,Motorcycle / 3-wheel vehicle,opposite,67.7%,685.91,687.16,1.25,14.4
34772,Pickup / Micro Truck,4,Pickup / micro truck / delivery,normal,41.1%,688.76,686.16,2.6,6.9
34897,Car / Sedan,2,Sedan / jeep / station wagon,opposite,93.1%,688.41,689.41,1.0,18.0
34940,Motorcycle,1,Motorcycle / 3-wheel vehicle,opposite,89.6%,689.01,689.96,0.95,18.9
34937,Motorcycle,1,Motorcycle / 3-wheel vehicle,opposite,83.1%,689.16,690.46,1.3,13.8
34869,Car / Sedan,2,Sedan / jeep / station wagon,normal,76.4%,690.61,689.26,1.35,13.3
34987,Motorcycle,1,Motorcycle / 3-wheel vehicle,opposite,88.9%,689.81,690.76,0.95,18.9
35015,Car / Sedan,2,Sedan / jeep / station wagon,opposite,93.8%,690.56,691.71,1.15,15.7
35075,Motorcycle,1,Motorcycle / 3-wheel vehicle,opposite,75.8%,691.26,692.51,1.25,14.4
35068,Car / Sedan,2,Sedan / jeep / station wagon,opposite,92.5%,691.66,692.76,1.1,16.4
35152,Public Transportation (Angkot),3,Medium passenger vehicle,opposite,94.0%,693.06,694.11,1.05,17.1
35178,Car / Sedan,2,Sedan / jeep / station wagon,opposite,93.1%,693.46,694.56,1.1,16.4
35176,Motorcycle,1,Motorcycle / 3-wheel vehicle,opposite,89.8%,694.96,696.11,1.15,15.7
35315,Motorcycle,1,Motorcycle / 3-wheel vehicle,opposite,84.0%,695.61,696.559,0.95,18.9
35308,Public Transportation (Angkot),3,Medium passenger vehicle,opposite,92.4%,696.409,697.759,1.35,13.3
35396,Motorcycle,1,Motorcycle / 3-wheel vehicle,opposite,78.4%,697.209,698.109,0.9,20.0
35436,Car / Sedan,2,Sedan / jeep / station wagon,normal,88.2%,699.109,697.809,1.3,13.8
35437,Motorcycle,1,Motorcycle / 3-wheel vehicle,opposite,87.9%,698.409,699.309,0.9,20.0
35443,Car / Sedan,2,Sedan / jeep / station wagon,opposite,93.0%,698.859,699.959,1.1,16.4
35475,Car / Sedan,2,Sedan / jeep / station wagon,opposite,93.8%,699.709,700.759,1.05,17.1
35563,Car / Sedan,2,Sedan / jeep / station wagon,opposite,92.5%,701.609,702.709,1.1,16.4
35602,Motorcycle,1,Motorcycle / 3-wheel vehicle,opposite,73.3%,702.209,703.009,0.8,22.5
35613,Motorcycle,1,Motorcycle / 3-wheel vehicle,opposite,89.3%,702.259,703.159,0.9,20.0
35588,Motorcycle,1,Motorcycle / 3-wheel vehicle,normal,63.9%,703.859,702.609,1.25,14.4
35670,Motorcycle,1,Motorcycle / 3-wheel vehicle,opposite,79.0%,703.159,704.109,0.95,18.9
35687,Motorcycle,1,Motorcycle / 3-wheel vehicle,opposite,88.2%,703.559,704.509,0.95,18.9
35758,Motorcycle,1,Motorcycle / 3-wheel vehicle,opposite,88.4%,704.609,705.459,0.85,21.2
35801,Motorcycle,1,Motorcycle / 3-wheel vehicle,opposite,84.8%,705.309,706.159,0.85,21.2
35760,Car / Sedan,2,Sedan / jeep / station wagon,opposite,93.8%,705.559,706.959,1.4,12.9
35863,Motorcycle,1,Motorcycle / 3-wheel vehicle,opposite,75.3%,706.809,707.409,0.6,30.0
35870,Pickup / Micro Truck,4,Pickup / micro truck / delivery,opposite,93.1%,707.559,709.059,1.5,12.0
35921,Motorcycle,1,Motorcycle / 3-wheel vehicle,opposite,85.6%,707.959,708.809,0.85,21.2
35940,Motorcycle,1,Motorcycle / 3-wheel vehicle,opposite,84.8%,708.309,709.059,0.75,24.0
36034,Motorcycle,1,Motorcycle / 3-wheel vehicle,normal,57.7%,710.659,709.709,0.95,18.9
36048,Motorcycle,1,Motorcycle / 3-wheel vehicle,opposite,85.5%,710.159,711.109,0.95,18.9
36013,Car / Sedan,2,Sedan / jeep / station wagon,opposite,93.3%,710.209,711.409,1.2,15.0
36154,Car / Sedan,2,Sedan / jeep / station wagon,opposite,93.5%,712.509,713.708,1.2,15.0
36248,Motorcycle,1,Motorcycle / 3-wheel vehicle,opposite,87.8%,713.159,714.108,0.95,18.9
36253,Motorcycle,1,Motorcycle / 3-wheel vehicle,opposite,89.5%,713.409,714.308,0.9,20.0
36294,Motorcycle,1,Motorcycle / 3-wheel vehicle,normal,78.0%,716.708,713.659,3.05,5.9
36317,Public Transportation (Angkot),3,Medium passenger vehicle,opposite,92.7%,714.908,716.358,1.45,12.4
36336,Public Transportation (Angkot),3,Medium passenger vehicle,opposite,92.4%,715.358,716.558,1.2,15.0
36354,Motorcycle,1,Motorcycle / 3-wheel vehicle,opposite,88.7%,715.458,716.458,1.0,18.0
36397,Motorcycle,1,Motorcycle / 3-wheel vehicle,opposite,86.6%,715.558,717.708,2.15,8.4
36383,Motorcycle,1,Motorcycle / 3-wheel vehicle,opposite,89.3%,716.758,718.508,1.75,10.3
36486,Motorcycle,1,Motorcycle / 3-wheel vehicle,opposite,85.0%,717.358,718.058,0.7,25.7
36556,Motorcycle,1,Motorcycle / 3-wheel vehicle,opposite,69.3%,718.708,719.908,1.2,15.0
36560,2-Axle Truck (Jumbo),6,2-Axle Truck,opposite,93.2%,719.958,721.408,1.45,12.4
36748,Motorcycle,1,Motorcycle / 3-wheel vehicle,opposite,68.5%,721.908,722.958,1.05,17.1
36767,Pickup / Micro Truck,4,Pickup / micro truck / delivery,opposite,92.7%,722.558,723.908,1.35,13.3
36750,Motorcycle,1,Motorcycle / 3-wheel vehicle,opposite,87.7%,722.608,723.558,0.95,18.9
36640,Motorcycle,1,Motorcycle / 3-wheel vehicle,opposite,82.4%,723.108,725.458,2.35,7.7
36881,Motorcycle,1,Motorcycle / 3-wheel vehicle,opposite,56.1%,724.458,725.408,0.95,18.9
36836,Car / Sedan,2,Sedan / jeep / station wagon,opposite,93.5%,724.908,726.508,1.6,11.3
36893,Motorcycle,1,Motorcycle / 3-wheel vehicle,opposite,83.3%,725.008,725.958,0.95,18.9
36912,Motorcycle,1,Motorcycle / 3-wheel vehicle,opposite,86.7%,725.558,726.508,0.95,18.9
36978,Car / Sedan,2,Sedan / jeep / station wagon,normal,91.6%,728.558,727.308,1.25,14.4
36986,Motorcycle,1,Motorcycle / 3-wheel vehicle,opposite,87.8%,727.758,728.958,1.2,15.0
37183,2-Axle Truck (Jumbo),6,2-Axle Truck,opposite,92.5%,730.658,731.707,1.05,17.1
37303,Motorcycle,1,Motorcycle / 3-wheel vehicle,normal,68.7%,733.507,731.907,1.6,11.3
37343,Motorcycle,1,Motorcycle / 3-wheel vehicle,opposite,88.3%,733.057,733.707,0.65,27.7
37357,Car / Sedan,2,Sedan / jeep / station wagon,opposite,92.5%,733.507,734.357,0.85,21.2
37350,Pickup / Micro Truck,4,Pickup / micro truck / delivery,normal,82.4%,735.057,734.307,0.75,24.0
37415,Motorcycle,1,Motorcycle / 3-wheel vehicle,opposite,89.2%,734.557,735.307,0.75,24.0
37511,Motorcycle,1,Motorcycle / 3-wheel vehicle,normal,45.4%,737.507,736.457,1.05,17.1
37600,Car / Sedan,2,Sedan / jeep / station wagon,opposite,93.1%,738.307,739.057,0.75,24.0
37696,Motorcycle,1,Motorcycle / 3-wheel vehicle,opposite,87.9%,739.957,740.607,0.65,27.7
37727,Motorcycle,1,Motorcycle / 3-wheel vehicle,opposite,91.2%,741.907,743.057,1.15,15.7
37784,Motorcycle,1,Motorcycle / 3-wheel vehicle,normal,84.6%,743.857,742.257,1.6,11.3
37782,Motorcycle,1,Motorcycle / 3-wheel vehicle,opposite,90.5%,742.857,744.107,1.25,14.4
37817,Motorcycle,1,Motorcycle / 3-wheel vehicle,opposite,89.6%,743.107,744.607,1.5,12.0
37854,Motorcycle,1,Motorcycle / 3-wheel vehicle,opposite,89.8%,744.557,745.857,1.3,13.8
37934,Car / Sedan,2,Sedan / jeep / station wagon,normal,90.1%,748.556,745.907,2.65,6.8
38023,Motorcycle,1,Motorcycle / 3-wheel vehicle,normal,75.5%,747.106,746.207,0.9,20.0
38022,Motorcycle,1,Motorcycle / 3-wheel vehicle,opposite,89.0%,746.507,747.256,0.75,24.0
38060,Motorcycle,1,Motorcycle / 3-wheel vehicle,normal,80.9%,748.406,747.506,0.9,20.0
38125,Motorcycle,1,Motorcycle / 3-wheel vehicle,normal,67.4%,751.506,750.206,1.3,13.8
38180,Car / Sedan,2,Sedan / jeep / station wagon,opposite,92.3%,750.406,751.106,0.7,25.7
38124,Motorcycle,1,Motorcycle / 3-wheel vehicle,opposite,90.4%,750.906,752.706,1.8,10.0
38225,Car / Sedan,2,Sedan / jeep / station wagon,normal,90.5%,754.206,752.806,1.4,12.9
38333,Car / Sedan,2,Sedan / jeep / station wagon,opposite,93.6%,753.506,754.506,1.0,18.0
38310,Car / Sedan,2,Sedan / jeep / station wagon,normal,90.7%,755.656,754.406,1.25,14.4
38514,Car / Sedan,2,Sedan / jeep / station wagon,normal,75.0%,759.656,755.906,3.75,4.8
38399,Car / Sedan,2,Sedan / jeep / station wagon,normal,90.2%,762.506,758.106,4.4,4.1
38537,2-Axle Truck (Jumbo),6,2-Axle Truck,normal,91.0%,762.756,759.606,3.15,5.7
38762,Motorcycle,1,Motorcycle / 3-wheel vehicle,opposite,87.6%,760.756,761.456,0.7,25.7
38691,Motorcycle,1,Motorcycle / 3-wheel vehicle,opposite,91.3%,761.306,762.806,1.5,12.0
38783,Motorcycle,1,Motorcycle / 3-wheel vehicle,opposite,88.8%,761.306,762.006,0.7,25.7
38758,Motorcycle,1,Motorcycle / 3-wheel vehicle,opposite,86.5%,762.406,764.005,1.6,11.3
38822,Motorcycle,1,Motorcycle / 3-wheel vehicle,opposite,79.2%,762.756,764.356,1.6,11.3
38879,Motorcycle,1,Motorcycle / 3-wheel vehicle,normal,72.2%,765.505,763.806,1.7,10.6
38978,Motorcycle,1,Motorcycle / 3-wheel vehicle,normal,63.0%,766.755,765.106,1.65,10.9
39006,Car / Sedan,2,Sedan / jeep / station wagon,opposite,93.0%,766.105,767.055,0.95,18.9
39184,Motorcycle,1,Motorcycle / 3-wheel vehicle,normal,69.3%,769.005,767.805,1.2,15.0
39230,Motorcycle,1,Motorcycle / 3-wheel vehicle,normal,71.9%,769.805,768.655,1.15,15.7
39165,Car / Sedan,2,Sedan / jeep / station wagon,normal,91.4%,770.605,769.055,1.55,11.6
39328,Car / Sedan,2,Sedan / jeep / station wagon,normal,90.3%,773.105,771.605,1.5,12.0
39378,Car / Sedan,2,Sedan / jeep / station wagon,normal,90.4%,774.155,772.805,1.35,13.3
39531,Car / Sedan,2,Sedan / jeep / station wagon,opposite,93.5%,773.155,774.155,1.0,18.0
39609,Motorcycle,1,Motorcycle / 3-wheel vehicle,normal,82.1%,775.155,773.905,1.25,14.4
39653,Car / Sedan,2,Sedan / jeep / station wagon,opposite,93.2%,775.055,775.705,0.65,27.7
39617,Car / Sedan,2,Sedan / jeep / station wagon,normal,92.3%,777.605,776.305,1.3,13.8
39806,Car / Sedan,2,Sedan / jeep / station wagon,normal,91.5%,780.405,779.005,1.4,12.9
39918,Motorcycle,1,Motorcycle / 3-wheel vehicle,opposite,90.0%,779.255,779.755,0.5,36.0
39948,Motorcycle,1,Motorcycle / 3-wheel vehicle,normal,61.9%,781.255,779.705,1.55,11.6
39906,Car / Sedan,2,Sedan / jeep / station wagon,normal,90.0%,782.704,781.205,1.5,12.0
40008,Pickup / Micro Truck,4,Pickup / micro truck / delivery,normal,88.3%,784.354,782.804,1.55,11.6
40133,Car / Sedan,2,Sedan / jeep / station wagon,opposite,93.6%,783.604,784.304,0.7,25.7
40174,Motorcycle,1,Motorcycle / 3-wheel vehicle,normal,72.3%,785.354,783.854,1.5,12.0
40060,Car / Sedan,2,Sedan / jeep / station wagon,normal,93.1%,786.104,784.504,1.6,11.2
40192,Motorcycle,1,Motorcycle / 3-wheel vehicle,opposite,86.5%,784.554,785.204,0.65,27.7
40178,Car / Sedan,2,Sedan / jeep / station wagon,normal,90.9%,788.054,786.554,1.5,12.0
40528,Motorcycle,1,Motorcycle / 3-wheel vehicle,opposite,90.6%,791.054,791.904,0.85,21.2
40577,Motorcycle,1,Motorcycle / 3-wheel vehicle,opposite,89.6%,791.804,792.604,0.8,22.5
40469,Motorcycle,1,Motorcycle / 3-wheel vehicle,opposite,90.7%,792.254,794.304,2.05,8.8
40554,Motorcycle,1,Motorcycle / 3-wheel vehicle,opposite,89.7%,793.304,795.304,2.0,9.0
40727,Car / Sedan,2,Sedan / jeep / station wagon,opposite,93.8%,795.454,797.304,1.85,9.7
40689,Motorcycle,1,Motorcycle / 3-wheel vehicle,opposite,34.0%,795.554,797.454,1.9,9.5
40740,Motorcycle,1,Motorcycle / 3-wheel vehicle,opposite,89.8%,796.154,798.303,2.15,8.4
40720,Car / Sedan,2,Sedan / jeep / station wagon,normal,49.0%,800.753,797.604,3.15,5.7
41248,Motorcycle,1,Motorcycle / 3-wheel vehicle,normal,81.5%,803.203,802.403,0.8,22.5
41366,Motorcycle,1,Motorcycle / 3-wheel vehicle,opposite,86.7%,803.703,804.153,0.45,40.0
41190,Pickup / Micro Truck,4,Pickup / micro truck / delivery,normal,53.6%,807.353,803.953,3.4,5.3
41492,Motorcycle,1,Motorcycle / 3-wheel vehicle,opposite,88.3%,805.503,806.153,0.65,27.7
41505,Motorcycle,1,Motorcycle / 3-wheel vehicle,normal,57.0%,806.603,805.753,0.85,21.2
41635,Motorcycle,1,Motorcycle / 3-wheel vehicle,opposite,88.3%,807.353,807.953,0.6,30.0
41565,Motorcycle,1,Motorcycle / 3-wheel vehicle,normal,50.8%,808.153,807.503,0.65,27.7
41779,Motorcycle,1,Motorcycle / 3-wheel vehicle,normal,79.0%,811.453,809.703,1.75,10.3
41968,Motorcycle,1,Motorcycle / 3-wheel vehicle,opposite,76.8%,811.103,811.603,0.5,36.0
41957,Motorcycle,1,Motorcycle / 3-wheel vehicle,opposite,72.7%,811.303,811.853,0.55,32.7
41958,Motorcycle,1,Motorcycle / 3-wheel vehicle,opposite,86.0%,811.753,812.303,0.55,32.7
42017,Motorcycle,1,Motorcycle / 3-wheel vehicle,opposite,89.5%,812.053,812.903,0.85,21.2
42159,Motorcycle,1,Motorcycle / 3-wheel vehicle,normal,82.8%,816.303,813.403,2.9,6.2
42260,Motorcycle,1,Motorcycle / 3-wheel vehicle,opposite,89.8%,814.603,815.153,0.55,32.7
42252,Motorcycle,1,Motorcycle / 3-wheel vehicle,normal,69.5%,817.702,814.853,2.85,6.3
42098,Motorcycle,1,Motorcycle / 3-wheel vehicle,opposite,85.0%,816.653,818.402,1.75,10.3
42411,Motorcycle,1,Motorcycle / 3-wheel vehicle,opposite,89.9%,816.702,817.252,0.55,32.7
42389,Motorcycle,1,Motorcycle / 3-wheel vehicle,normal,78.5%,819.502,816.803,2.7,6.7
42465,Motorcycle,1,Motorcycle / 3-wheel vehicle,opposite,89.8%,817.602,818.352,0.75,24.0
42513,Motorcycle,1,Motorcycle / 3-wheel vehicle,opposite,88.3%,818.402,819.252,0.85,21.2
42440,Motorcycle,1,Motorcycle / 3-wheel vehicle,opposite,86.5%,818.652,820.302,1.65,10.9
42552,Motorcycle,1,Motorcycle / 3-wheel vehicle,opposite,86.5%,819.052,819.952,0.9,20.0
42530,Motorcycle,1,Motorcycle / 3-wheel vehicle,normal,64.6%,821.002,819.152,1.85,9.7
42573,Motorcycle,1,Motorcycle / 3-wheel vehicle,opposite,87.0%,819.352,820.302,0.95,18.9
42562,Motorcycle,1,Motorcycle / 3-wheel vehicle,opposite,84.0%,820.152,821.402,1.25,14.4
42653,Motorcycle,1,Motorcycle / 3-wheel vehicle,opposite,85.7%,820.452,821.352,0.9,20.0
42714,Motorcycle,1,Motorcycle / 3-wheel vehicle,opposite,87.0%,821.152,822.102,0.95,18.9
42757,Motorcycle,1,Motorcycle / 3-wheel vehicle,opposite,83.9%,821.852,823.202,1.35,13.3
42851,Motorcycle,1,Motorcycle / 3-wheel vehicle,opposite,85.4%,823.002,824.002,1.0,18.0
42914,Motorcycle,1,Motorcycle / 3-wheel vehicle,opposite,87.1%,823.902,824.802,0.9,20.0
42915,Motorcycle,1,Motorcycle / 3-wheel vehicle,opposite,73.3%,823.952,824.952,1.0,18.0
42960,Motorcycle,1,Motorcycle / 3-wheel vehicle,opposite,87.5%,824.452,825.302,0.85,21.2
42993,Motorcycle,1,Motorcycle / 3-wheel vehicle,normal,52.1%,825.402,824.602,0.8,22.5
43054,Motorcycle,1,Motorcycle / 3-wheel vehicle,opposite,88.8%,826.252,827.002,0.75,24.0
43158,Public Transportation (Angkot),3,Medium passenger vehicle,opposite,93.0%,827.952,828.902,0.95,18.9
43226,Motorcycle,1,Motorcycle / 3-wheel vehicle,opposite,90.0%,828.552,829.302,0.75,24.0
43075,Public Transportation (Angkot),3,Medium passenger vehicle,normal,91.9%,831.002,829.002,2.0,9.0
43297,Motorcycle,1,Motorcycle / 3-wheel vehicle,opposite,88.6%,829.352,830.102,0.75,24.0
43283,Motorcycle,1,Motorcycle / 3-wheel vehicle,opposite,85.5%,829.452,830.302,0.85,21.2
43300,Pickup / Micro Truck,4,Pickup / micro truck / delivery,opposite,86.1%,829.952,830.802,0.85,21.2
43398,Motorcycle,1,Motorcycle / 3-wheel vehicle,opposite,89.3%,830.952,831.802,0.85,21.2
43409,Motorcycle,1,Motorcycle / 3-wheel vehicle,opposite,88.1%,831.252,832.102,0.85,21.2
43575,Motorcycle,1,Motorcycle / 3-wheel vehicle,opposite,88.3%,833.702,834.501,0.8,22.5
43588,Car / Sedan,2,Sedan / jeep / station wagon,opposite,89.4%,834.152,835.001,0.85,21.2
43548,Car / Sedan,2,Sedan / jeep / station wagon,normal,91.4%,836.751,835.001,1.75,10.3
43690,Motorcycle,1,Motorcycle / 3-wheel vehicle,opposite,88.2%,835.601,836.651,1.05,17.1
43704,Motorcycle,1,Motorcycle / 3-wheel vehicle,opposite,88.7%,835.851,836.601,0.75,24.0
43725,Motorcycle,1,Motorcycle / 3-wheel vehicle,opposite,88.8%,836.251,837.201,0.95,18.9
43764,Motorcycle,1,Motorcycle / 3-wheel vehicle,opposite,84.4%,836.801,837.801,1.0,18.0
43761,Car / Sedan,2,Sedan / jeep / station wagon,normal,92.5%,844.451,839.751,4.7,3.8
43990,Motorcycle,1,Motorcycle / 3-wheel vehicle,opposite,87.6%,840.101,841.001,0.9,20.0
44034,Motorcycle,1,Motorcycle / 3-wheel vehicle,opposite,86.2%,840.551,841.401,0.85,21.2
43981,Pickup / Micro Truck,4,Pickup / micro truck / delivery,opposite,90.3%,840.601,841.651,1.05,17.1
43919,Motorcycle,1,Motorcycle / 3-wheel vehicle,opposite,87.8%,840.651,842.301,1.65,10.9
44029,Motorcycle,1,Motorcycle / 3-wheel vehicle,opposite,43.1%,841.951,843.851,1.9,9.5
44108,Motorcycle,1,Motorcycle / 3-wheel vehicle,opposite,86.8%,843.051,844.901,1.85,9.7
43931,Car / Sedan,2,Sedan / jeep / station wagon,normal,38.7%,846.751,844.151,2.6,6.9
44186,Car / Sedan,2,Sedan / jeep / station wagon,opposite,93.5%,844.401,846.251,1.85,9.7
43340,Motorcycle,1,Motorcycle / 3-wheel vehicle,opposite,62.2%,844.501,846.901,2.4,7.5
44477,Motorcycle,1,Motorcycle / 3-wheel vehicle,normal,89.8%,849.551,847.751,1.8,10.0
44552,Car / Sedan,2,Sedan / jeep / station wagon,opposite,93.0%,848.951,850.051,1.1,16.4
44526,Pickup / Micro Truck,4,Pickup / micro truck / delivery,normal,69.5%,851.0,849.75,1.25,14.4
44626,Car / Sedan,2,Sedan / jeep / station wagon,opposite,92.9%,850.25,851.25,1.0,18.0
44673,Motorcycle,1,Motorcycle / 3-wheel vehicle,opposite,83.1%,850.701,851.5,0.8,22.5
44594,Car / Sedan,2,Sedan / jeep / station wagon,normal,87.6%,852.9,851.4,1.5,12.0
44732,Motorcycle,1,Motorcycle / 3-wheel vehicle,opposite,89.3%,851.95,852.8,0.85,21.2
44766,Public Transportation (Angkot),3,Medium passenger vehicle,opposite,93.4%,853.0,854.5,1.5,12.0
44890,Motorcycle,1,Motorcycle / 3-wheel vehicle,normal,86.4%,854.75,853.75,1.0,18.0
44983,Motorcycle,1,Motorcycle / 3-wheel vehicle,opposite,89.7%,855.35,856.1,0.75,24.0
45034,Motorcycle,1,Motorcycle / 3-wheel vehicle,opposite,89.3%,856.15,856.9,0.75,24.0
44948,Car / Sedan,2,Sedan / jeep / station wagon,normal,91.9%,857.65,856.15,1.5,12.0
45024,Motorcycle,1,Motorcycle / 3-wheel vehicle,opposite,87.9%,856.5,857.2,0.7,25.7
45137,Car / Sedan,2,Sedan / jeep / station wagon,opposite,83.2%,858.4,860.05,1.65,10.9
45240,Car / Sedan,2,Sedan / jeep / station wagon,opposite,92.8%,859.05,860.15,1.1,16.4
45256,Motorcycle,1,Motorcycle / 3-wheel vehicle,opposite,90.4%,859.55,860.6,1.05,17.1
45357,Motorcycle,1,Motorcycle / 3-wheel vehicle,opposite,88.5%,860.9,861.85,0.95,18.9
45438,Motorcycle,1,Motorcycle / 3-wheel vehicle,opposite,86.3%,861.75,862.7,0.95,18.9
45379,Public Transportation (Angkot),3,Medium passenger vehicle,normal,32.6%,864.8,862.25,2.55,7.1
45545,Motorcycle,1,Motorcycle / 3-wheel vehicle,opposite,86.9%,863.2,864.1,0.9,20.0
45508,Motorcycle,1,Motorcycle / 3-wheel vehicle,opposite,85.3%,863.25,864.1,0.85,21.2
45548,Motorcycle,1,Motorcycle / 3-wheel vehicle,normal,89.0%,863.75,867.649,3.9,4.6
45589,Car / Sedan,2,Sedan / jeep / station wagon,opposite,93.1%,864.5,865.4,0.9,20.0
45806,Motorcycle,1,Motorcycle / 3-wheel vehicle,opposite,82.7%,867.35,868.399,1.05,17.1
45883,Car / Sedan,2,Sedan / jeep / station wagon,opposite,77.3%,868.549,869.549,1.0,18.0
45979,Motorcycle,1,Motorcycle / 3-wheel vehicle,opposite,87.6%,869.849,870.449,0.6,30.0
45884,Car / Sedan,2,Sedan / jeep / station wagon,normal,90.4%,871.649,870.349,1.3,13.8
46051,Motorcycle,1,Motorcycle / 3-wheel vehicle,opposite,85.0%,871.199,871.849,0.65,27.7
46052,Pickup / Micro Truck,4,Pickup / micro truck / delivery,opposite,66.4%,871.499,872.549,1.05,17.1
46042,Car / Sedan,2,Sedan / jeep / station wagon,normal,89.6%,875.799,873.049,2.75,6.5
46239,Car / Sedan,2,Sedan / jeep / station wagon,opposite,93.7%,874.599,875.499,0.9,20.0
46249,Motorcycle,1,Motorcycle / 3-wheel vehicle,opposite,87.6%,874.899,875.499,0.6,30.0
46285,Public Transportation (Angkot),3,Medium passenger vehicle,opposite,93.8%,875.699,876.549,0.85,21.2
46253,Motorcycle,1,Motorcycle / 3-wheel vehicle,normal,81.8%,877.749,876.149,1.6,11.3
46388,Motorcycle,1,Motorcycle / 3-wheel vehicle,normal,62.6%,878.399,876.999,1.4,12.9
46378,Car / Sedan,2,Sedan / jeep / station wagon,opposite,93.0%,877.149,877.949,0.8,22.5
46482,Motorcycle,1,Motorcycle / 3-wheel vehicle,normal,67.0%,879.799,878.399,1.4,12.9
46533,2-Axle Truck (Jumbo),6,2-Axle Truck,normal,47.8%,881.499,880.349,1.15,15.7
46684,Motorcycle,1,Motorcycle / 3-wheel vehicle,normal,37.3%,883.749,882.049,1.7,10.6
46762,Motorcycle,1,Motorcycle / 3-wheel vehicle,normal,55.2%,884.598,883.349,1.25,14.4
46721,Car / Sedan,2,Sedan / jeep / station wagon,opposite,93.1%,883.899,885.348,1.45,12.4
46785,Motorcycle,1,Motorcycle / 3-wheel vehicle,opposite,89.2%,884.399,885.198,0.8,22.5
46812,Motorcycle,1,Motorcycle / 3-wheel vehicle,opposite,87.6%,884.948,885.848,0.9,20.0
46922,Motorcycle,1,Motorcycle / 3-wheel vehicle,opposite,90.0%,887.198,888.198,1.0,18.0
46941,Motorcycle,1,Motorcycle / 3-wheel vehicle,normal,72.2%,888.748,887.598,1.15,15.7
46979,Motorcycle,1,Motorcycle / 3-wheel vehicle,normal,74.0%,889.398,888.298,1.1,16.4
46843,Car / Sedan,2,Sedan / jeep / station wagon,normal,50.4%,890.898,888.498,2.4,7.5
46934,Motorcycle,1,Motorcycle / 3-wheel vehicle,opposite,89.3%,888.698,890.198,1.5,12.0
47032,Car / Sedan,2,Sedan / jeep / station wagon,opposite,93.2%,890.248,891.348,1.1,16.4
47152,Car / Sedan,2,Sedan / jeep / station wagon,opposite,93.1%,892.248,893.298,1.05,17.1
47217,Motorcycle,1,Motorcycle / 3-wheel vehicle,opposite,63.0%,893.248,894.148,0.9,20.0
47254,Motorcycle,1,Motorcycle / 3-wheel vehicle,opposite,90.0%,893.898,894.648,0.75,24.0
47327,Motorcycle,1,Motorcycle / 3-wheel vehicle,opposite,89.8%,894.948,895.748,0.8,22.5
47366,Motorcycle,1,Motorcycle / 3-wheel vehicle,opposite,89.0%,895.248,896.048,0.8,22.5
47391,Public Transportation (Angkot),3,Medium passenger vehicle,opposite,91.4%,895.948,897.298,1.35,13.3
47423,Motorcycle,1,Motorcycle / 3-wheel vehicle,opposite,87.6%,896.798,897.798,1.0,18.0
47470,Car / Sedan,2,Sedan / jeep / station wagon,opposite,93.1%,897.448,898.748,1.3,13.8
47521,Motorcycle,1,Motorcycle / 3-wheel vehicle,opposite,86.1%,897.948,898.898,0.95,18.9
47558,Motorcycle,1,Motorcycle / 3-wheel vehicle,opposite,89.4%,898.848,899.798,0.95,18.9
47609,Motorcycle,1,Motorcycle / 3-wheel vehicle,opposite,86.7%,899.548,900.398,0.85,21.2
47619,Motorcycle,1,Motorcycle / 3-wheel vehicle,opposite,81.1%,899.698,900.748,1.05,17.1
47618,Car / Sedan,2,Sedan / jeep / station wagon,normal,90.9%,900.898,899.698,1.2,15.0
47684,Motorcycle,1,Motorcycle / 3-wheel vehicle,opposite,87.5%,900.748,901.548,0.8,22.5
47725,Car / Sedan,2,Sedan / jeep / station wagon,opposite,93.6%,901.798,902.798,1.0,18.0
47732,Motorcycle,1,Motorcycle / 3-wheel vehicle,opposite,75.3%,901.847,902.648,0.8,22.5
47828,Motorcycle,1,Motorcycle / 3-wheel vehicle,opposite,69.6%,903.097,904.047,0.95,18.9
47863,Motorcycle,1,Motorcycle / 3-wheel vehicle,opposite,88.8%,904.147,905.147,1.0,18.0
47468,Car / Sedan,2,Sedan / jeep / station wagon,normal,90.9%,907.547,904.397,3.15,5.7
47906,Motorcycle,1,Motorcycle / 3-wheel vehicle,opposite,75.3%,904.697,905.897,1.2,15.0
47971,Motorcycle,1,Motorcycle / 3-wheel vehicle,opposite,91.1%,905.647,906.247,0.6,30.0
47967,Motorcycle,1,Motorcycle / 3-wheel vehicle,normal,80.0%,907.947,905.647,2.3,7.8
47956,Motorcycle,1,Motorcycle / 3-wheel vehicle,opposite,86.0%,905.747,906.797,1.05,17.1
47902,Car / Sedan,2,Sedan / jeep / station wagon,normal,92.2%,909.147,906.697,2.45,7.3
47990,Motorcycle,1,Motorcycle / 3-wheel vehicle,opposite,83.5%,907.997,909.347,1.35,13.3
48096,Car / Sedan,2,Sedan / jeep / station wagon,opposite,93.4%,909.047,911.047,2.0,9.0
47982,Car / Sedan,2,Sedan / jeep / station wagon,normal,61.0%,915.747,910.247,5.5,3.3
48210,Motorcycle,1,Motorcycle / 3-wheel vehicle,opposite,78.3%,910.347,911.397,1.05,17.1
48227,Motorcycle,1,Motorcycle / 3-wheel vehicle,opposite,83.6%,910.547,911.597,1.05,17.1
48226,Motorcycle,1,Motorcycle / 3-wheel vehicle,opposite,82.7%,910.997,912.197,1.2,15.0
48278,Motorcycle,1,Motorcycle / 3-wheel vehicle,opposite,88.9%,911.797,912.897,1.1,16.4
48342,Motorcycle,1,Motorcycle / 3-wheel vehicle,opposite,89.8%,912.747,913.597,0.85,21.2
48440,Motorcycle,1,Motorcycle / 3-wheel vehicle,opposite,86.2%,913.797,914.797,1.0,18.0
48427,Motorcycle,1,Motorcycle / 3-wheel vehicle,opposite,89.9%,913.847,914.847,1.0,18.0
48475,Motorcycle,1,Motorcycle / 3-wheel vehicle,opposite,88.8%,914.347,915.297,0.95,18.9
48459,Car / Sedan,2,Sedan / jeep / station wagon,opposite,93.7%,914.847,916.397,1.55,11.6
48508,Motorcycle,1,Motorcycle / 3-wheel vehicle,opposite,89.2%,916.197,918.097,1.9,9.5
48642,Motorcycle,1,Motorcycle / 3-wheel vehicle,opposite,89.0%,916.647,917.497,0.85,21.2
48552,Motorcycle,1,Motorcycle / 3-wheel vehicle,opposite,86.8%,917.247,919.447,2.2,8.2
48660,Motorcycle,1,Motorcycle / 3-wheel vehicle,opposite,85.4%,917.447,919.596,2.15,8.4
48643,Car / Sedan,2,Sedan / jeep / station wagon,normal,61.2%,921.396,918.947,2.45,7.3
48822,Motorcycle,1,Motorcycle / 3-wheel vehicle,opposite,81.7%,919.746,921.096,1.35,13.3
48875,Motorcycle,1,Motorcycle / 3-wheel vehicle,opposite,89.7%,920.396,921.146,0.75,24.0
48900,Motorcycle,1,Motorcycle / 3-wheel vehicle,opposite,89.3%,921.196,922.046,0.85,21.2
48800,Car / Sedan,2,Sedan / jeep / station wagon,normal,92.9%,923.846,921.596,2.25,8.0
48998,Motorcycle,1,Motorcycle / 3-wheel vehicle,opposite,88.8%,922.646,923.396,0.75,24.0
49061,Motorcycle,1,Motorcycle / 3-wheel vehicle,opposite,89.6%,923.796,924.546,0.75,24.0
48944,Car / Sedan,2,Sedan / jeep / station wagon,normal,91.4%,926.146,924.296,1.85,9.7
49107,Motorcycle,1,Motorcycle / 3-wheel vehicle,opposite,89.8%,924.796,925.546,0.75,24.0
49057,Car / Sedan,2,Sedan / jeep / station wagon,normal,83.3%,928.246,926.546,1.7,10.6
49172,Public Transportation (Angkot),3,Medium passenger vehicle,opposite,92.6%,926.596,928.346,1.75,10.3
49301,Motorcycle,1,Motorcycle / 3-wheel vehicle,opposite,89.2%,928.146,928.946,0.8,22.5
49137,Car / Sedan,2,Sedan / jeep / station wagon,normal,87.9%,929.546,928.246,1.3,13.8
49424,Motorcycle,1,Motorcycle / 3-wheel vehicle,normal,46.6%,932.646,929.896,2.75,6.5
49469,Car / Sedan,2,Sedan / jeep / station wagon,opposite,94.1%,931.446,932.346,0.9,20.0
49434,Car / Sedan,2,Sedan / jeep / station wagon,normal,55.5%,932.996,931.546,1.45,12.4
49330,Car / Sedan,2,Sedan / jeep / station wagon,normal,76.9%,933.196,931.996,1.2,15.0
49542,Motorcycle,1,Motorcycle / 3-wheel vehicle,opposite,88.6%,932.346,933.146,0.8,22.5
49635,Motorcycle,1,Motorcycle / 3-wheel vehicle,opposite,88.1%,934.146,935.546,1.4,12.9
49648,Car / Sedan,2,Sedan / jeep / station wagon,normal,88.7%,935.795,934.546,1.25,14.4
49718,Motorcycle,1,Motorcycle / 3-wheel vehicle,normal,79.9%,936.346,935.296,1.05,17.1
49720,Car / Sedan,2,Sedan / jeep / station wagon,normal,82.7%,937.495,936.145,1.35,13.3
49828,Motorcycle,1,Motorcycle / 3-wheel vehicle,opposite,89.8%,937.295,937.945,0.65,27.7
49740,Car / Sedan,2,Sedan / jeep / station wagon,normal,91.2%,939.395,937.995,1.4,12.9
49928,Motorcycle,1,Motorcycle / 3-wheel vehicle,opposite,83.6%,939.545,940.145,0.6,30.0
49815,Car / Sedan,2,Sedan / jeep / station wagon,normal,91.6%,940.945,939.595,1.35,13.3
50070,Motorcycle,1,Motorcycle / 3-wheel vehicle,opposite,85.6%,942.245,943.045,0.8,22.5
50112,Motorcycle,1,Motorcycle / 3-wheel vehicle,opposite,88.4%,942.795,943.695,0.9,20.0
49998,Car / Sedan,2,Sedan / jeep / station wagon,normal,92.5%,944.145,942.845,1.3,13.8
50067,Public Transportation (Angkot),3,Medium passenger vehicle,normal,89.1%,948.245,945.545,2.7,6.7
50284,Motorcycle,1,Motorcycle / 3-wheel vehicle,opposite,89.0%,945.695,946.345,0.65,27.7
50295,Motorcycle,1,Motorcycle / 3-wheel vehicle,opposite,89.2%,946.095,946.845,0.75,24.0
50194,Car / Sedan,2,Sedan / jeep / station wagon,normal,90.5%,947.495,946.195,1.3,13.8
50367,Public Transportation (Angkot),3,Medium passenger vehicle,opposite,93.2%,947.995,948.695,0.7,25.7
50027,Motorcycle,1,Motorcycle / 3-wheel vehicle,opposite,77.7%,948.945,950.445,1.5,12.0
50360,Car / Sedan,2,Sedan / jeep / station wagon,normal,89.8%,953.995,950.795,3.2,5.6
50570,Motorcycle,1,Motorcycle / 3-wheel vehicle,opposite,87.6%,951.745,952.195,0.45,40.0
50548,Motorcycle,1,Motorcycle / 3-wheel vehicle,normal,81.1%,953.495,951.795,1.7,10.6
50589,Motorcycle,1,Motorcycle / 3-wheel vehicle,opposite,90.2%,952.695,953.444,0.75,24.0
50692,Motorcycle,1,Motorcycle / 3-wheel vehicle,opposite,87.5%,954.544,955.294,0.75,24.0
50693,Motorcycle,1,Motorcycle / 3-wheel vehicle,opposite,87.1%,954.594,955.644,1.05,17.1
50787,Public Transportation (Angkot),3,Medium passenger vehicle,opposite,93.2%,956.744,957.494,0.75,24.0
50767,Car / Sedan,2,Sedan / jeep / station wagon,normal,88.3%,958.244,957.344,0.9,20.0
50919,Car / Sedan,2,Sedan / jeep / station wagon,opposite,93.0%,958.794,959.594,0.8,22.5
51105,Motorcycle,1,Motorcycle / 3-wheel vehicle,normal,83.7%,961.744,961.094,0.65,27.7
51130,Car / Sedan,2,Sedan / jeep / station wagon,opposite,89.0%,961.844,964.544,2.7,6.7
51227,Motorcycle,1,Motorcycle / 3-wheel vehicle,normal,84.3%,967.344,964.394,2.95,6.1
51239,Car / Sedan,2,Sedan / jeep / station wagon,opposite,91.5%,967.744,969.644,1.9,9.5
51414,Motorcycle,1,Motorcycle / 3-wheel vehicle,opposite,90.6%,968.194,970.093,1.9,9.5
51317,Public Transportation (Angkot),3,Medium passenger vehicle,normal,91.7%,971.394,969.094,2.3,7.8
51725,Motorcycle,1,Motorcycle / 3-wheel vehicle,opposite,90.0%,971.543,972.343,0.8,22.5
51617,Car / Sedan,2,Sedan / jeep / station wagon,normal,92.2%,972.893,971.644,1.25,14.4
51770,Motorcycle,1,Motorcycle / 3-wheel vehicle,opposite,86.8%,972.143,972.893,0.75,24.0
51784,Car / Sedan,2,Sedan / jeep / station wagon,opposite,92.8%,972.893,974.043,1.15,15.7
51876,Car / Sedan,2,Sedan / jeep / station wagon,opposite,92.9%,973.893,975.093,1.2,15.0
52000,Motorcycle,1,Motorcycle / 3-wheel vehicle,normal,74.2%,976.493,975.543,0.95,18.9
52189,Motorcycle,1,Motorcycle / 3-wheel vehicle,normal,76.9%,979.243,978.243,1.0,18.0
52259,Motorcycle,1,Motorcycle / 3-wheel vehicle,normal,83.9%,980.043,979.093,0.95,18.9
52329,Motorcycle,1,Motorcycle / 3-wheel vehicle,normal,77.8%,980.543,979.493,1.05,17.1
52292,Motorcycle,1,Motorcycle / 3-wheel vehicle,normal,86.2%,980.943,979.893,1.05,17.1
52155,Motorcycle,1,Motorcycle / 3-wheel vehicle,opposite,46.8%,980.643,982.393,1.75,10.3
52513,Motorcycle,1,Motorcycle / 3-wheel vehicle,opposite,87.0%,982.443,984.343,1.9,9.5
52427,Car / Sedan,2,Sedan / jeep / station wagon,normal,90.1%,985.093,982.943,2.15,8.4
52445,Car / Sedan,2,Sedan / jeep / station wagon,opposite,92.8%,984.643,986.893,2.25,8.0
52961,Motorcycle,1,Motorcycle / 3-wheel vehicle,normal,77.7%,991.092,989.492,1.6,11.3
52996,Motorcycle,1,Motorcycle / 3-wheel vehicle,opposite,88.8%,990.542,991.392,0.85,21.2
52925,Car / Sedan,2,Sedan / jeep / station wagon,normal,91.8%,991.492,990.542,0.95,18.9
53072,Motorcycle,1,Motorcycle / 3-wheel vehicle,opposite,88.8%,991.742,992.842,1.1,16.4
53107,Car / Sedan,2,Sedan / jeep / station wagon,normal,91.6%,995.092,994.042,1.05,17.1
53248,Motorcycle,1,Motorcycle / 3-wheel vehicle,opposite,89.2%,994.842,995.842,1.0,18.0
53284,Car / Sedan,2,Sedan / jeep / station wagon,opposite,93.1%,995.792,996.742,0.95,18.9
53455,Motorcycle,1,Motorcycle / 3-wheel vehicle,normal,80.3%,1000.592,998.442,2.15,8.4
53505,Pickup / Micro Truck,4,Pickup / micro truck / delivery,opposite,92.8%,999.542,1000.442,0.9,20.0
53419,Motorcycle,1,Motorcycle / 3-wheel vehicle,opposite,87.0%,1001.392,1003.542,2.15,8.4
53511,Motorcycle,1,Motorcycle / 3-wheel vehicle,normal,81.4%,1004.042,1001.742,2.3,7.8
53638,Motorcycle,1,Motorcycle / 3-wheel vehicle,normal,84.4%,1004.792,1002.492,2.3,7.8
53672,Motorcycle,1,Motorcycle / 3-wheel vehicle,opposite,87.7%,1003.742,1005.141,1.4,12.9
53801,Motorcycle,1,Motorcycle / 3-wheel vehicle,normal,54.8%,1006.091,1004.292,1.8,10.0
53843,Motorcycle,1,Motorcycle / 3-wheel vehicle,normal,85.2%,1006.741,1005.192,1.55,11.6
53885,Motorcycle,1,Motorcycle / 3-wheel vehicle,normal,58.9%,1007.291,1005.841,1.45,12.4
53868,Motorcycle,1,Motorcycle / 3-wheel vehicle,normal,82.2%,1007.841,1006.291,1.55,11.6
53926,Motorcycle,1,Motorcycle / 3-wheel vehicle,opposite,88.1%,1007.291,1008.141,0.85,21.2
53915,Car / Sedan,2,Sedan / jeep / station wagon,normal,91.6%,1009.191,1007.891,1.3,13.8
54036,Pickup / Micro Truck,4,Pickup / micro truck / delivery,normal,62.1%,1010.691,1009.341,1.35,13.3
54106,Motorcycle,1,Motorcycle / 3-wheel vehicle,normal,81.9%,1011.291,1009.891,1.4,12.9
54127,Motorcycle,1,Motorcycle / 3-wheel vehicle,normal,57.3%,1011.741,1010.441,1.3,13.8
54155,Car / Sedan,2,Sedan / jeep / station wagon,opposite,93.1%,1011.441,1012.341,0.9,20.0
54222,Motorcycle,1,Motorcycle / 3-wheel vehicle,opposite,86.6%,1012.391,1013.341,0.95,18.9
54605,Motorcycle,1,Motorcycle / 3-wheel vehicle,normal,44.3%,1022.29,1018.041,4.25,4.2
54743,Public Transportation (Angkot),3,Medium passenger vehicle,opposite,92.8%,1020.441,1022.29,1.85,9.7
54463,Car / Sedan,2,Sedan / jeep / station wagon,opposite,92.9%,1020.591,1023.59,3.0,6.0
54862,Motorcycle,1,Motorcycle / 3-wheel vehicle,opposite,83.3%,1021.74,1023.39,1.65,10.9
54720,Motorcycle,1,Motorcycle / 3-wheel vehicle,opposite,80.4%,1022.191,1024.64,2.45,7.3
54984,Motorcycle,1,Motorcycle / 3-wheel vehicle,opposite,84.1%,1023.79,1024.79,1.0,18.0
54884,Car / Sedan,2,Sedan / jeep / station wagon,opposite,93.1%,1024.19,1026.54,2.35,7.7
55175,Motorcycle,1,Motorcycle / 3-wheel vehicle,opposite,88.0%,1026.34,1027.44,1.1,16.4
55285,Motorcycle,1,Motorcycle / 3-wheel vehicle,opposite,89.2%,1027.64,1028.54,0.9,20.0
55238,Car / Sedan,2,Sedan / jeep / station wagon,normal,88.7%,1030.59,1028.29,2.3,7.8
55327,Motorcycle,1,Motorcycle / 3-wheel vehicle,normal,84.7%,1030.54,1029.44,1.1,16.4
55432,Motorcycle,1,Motorcycle / 3-wheel vehicle,opposite,89.4%,1030.14,1030.94,0.8,22.5
55488,Motorcycle,1,Motorcycle / 3-wheel vehicle,opposite,85.9%,1030.74,1031.59,0.85,21.2
55507,Motorcycle,1,Motorcycle / 3-wheel vehicle,opposite,89.3%,1030.99,1031.84,0.85,21.2
55553,Motorcycle,1,Motorcycle / 3-wheel vehicle,opposite,89.5%,1031.84,1032.64,0.8,22.5
55451,Car / Sedan,2,Sedan / jeep / station wagon,normal,91.6%,1033.49,1031.84,1.65,10.9
55599,Motorcycle,1,Motorcycle / 3-wheel vehicle,opposite,88.9%,1032.39,1033.39,1.0,18.0
55680,Motorcycle,1,Motorcycle / 3-wheel vehicle,opposite,88.0%,1033.69,1034.49,0.8,22.5
55696,Motorcycle,1,Motorcycle / 3-wheel vehicle,opposite,89.1%,1033.79,1034.54,0.75,24.0
55722,Motorcycle,1,Motorcycle / 3-wheel vehicle,opposite,86.8%,1034.19,1035.04,0.85,21.2
55741,Motorcycle,1,Motorcycle / 3-wheel vehicle,opposite,86.9%,1034.54,1035.39,0.85,21.2
55748,Motorcycle,1,Motorcycle / 3-wheel vehicle,opposite,89.3%,1034.64,1035.54,0.9,20.0
55812,Motorcycle,1,Motorcycle / 3-wheel vehicle,opposite,88.9%,1035.49,1036.24,0.75,24.0
55925,Motorcycle,1,Motorcycle / 3-wheel vehicle,opposite,76.2%,1037.29,1038.09,0.8,22.5
55972,Motorcycle,1,Motorcycle / 3-wheel vehicle,opposite,89.7%,1038.39,1039.239,0.85,21.2
55903,Motorcycle,1,Motorcycle / 3-wheel vehicle,opposite,87.5%,1038.739,1040.689,1.95,9.2
56028,Motorcycle,1,Motorcycle / 3-wheel vehicle,opposite,88.1%,1039.34,1040.239,0.9,20.0
56042,Motorcycle,1,Motorcycle / 3-wheel vehicle,opposite,76.6%,1039.439,1040.389,0.95,18.9
56089,Motorcycle,1,Motorcycle / 3-wheel vehicle,opposite,87.5%,1039.989,1040.689,0.7,25.7
56067,Motorcycle,1,Motorcycle / 3-wheel vehicle,opposite,86.6%,1040.489,1042.539,2.05,8.8
56099,Car / Sedan,2,Sedan / jeep / station wagon,opposite,92.8%,1040.689,1041.689,1.0,18.0
56235,Motorcycle,1,Motorcycle / 3-wheel vehicle,opposite,90.3%,1042.589,1044.789,2.2,8.2
56311,Motorcycle,1,Motorcycle / 3-wheel vehicle,opposite,86.5%,1043.589,1044.239,0.65,27.7
56327,Motorcycle,1,Motorcycle / 3-wheel vehicle,opposite,85.3%,1043.989,1044.789,0.8,22.5
56047,2-Axle Truck (Jumbo),6,2-Axle Truck,opposite,93.7%,1044.739,1046.739,2.0,9.0
56397,Motorcycle,1,Motorcycle / 3-wheel vehicle,opposite,80.1%,1045.089,1045.939,0.85,21.2
56425,Motorcycle,1,Motorcycle / 3-wheel vehicle,opposite,80.0%,1045.589,1046.539,0.95,18.9
56461,Motorcycle,1,Motorcycle / 3-wheel vehicle,opposite,86.8%,1046.089,1046.939,0.85,21.2
56502,Motorcycle,1,Motorcycle / 3-wheel vehicle,opposite,83.1%,1046.839,1047.739,0.9,20.0
56457,Car / Sedan,2,Sedan / jeep / station wagon,opposite,92.5%,1047.489,1048.789,1.3,13.8
56551,Motorcycle,1,Motorcycle / 3-wheel vehicle,opposite,81.3%,1047.739,1048.689,0.95,18.9
56552,Motorcycle,1,Motorcycle / 3-wheel vehicle,opposite,88.3%,1047.989,1048.939,0.95,18.9
56388,Motorcycle,1,Motorcycle / 3-wheel vehicle,opposite,88.0%,1048.689,1050.289,1.6,11.3
56747,Motorcycle,1,Motorcycle / 3-wheel vehicle,opposite,81.0%,1050.839,1051.939,1.1,16.4
56674,Motorcycle,1,Motorcycle / 3-wheel vehicle,opposite,86.3%,1050.939,1051.789,0.85,21.2
56803,Motorcycle,1,Motorcycle / 3-wheel vehicle,opposite,80.7%,1051.789,1052.689,0.9,20.0
56811,Motorcycle,1,Motorcycle / 3-wheel vehicle,opposite,86.2%,1052.039,1052.989,0.95,18.9
56867,Motorcycle,1,Motorcycle / 3-wheel vehicle,opposite,78.1%,1053.389,1054.189,0.8,22.5
56896,Motorcycle,1,Motorcycle / 3-wheel vehicle,opposite,85.3%,1053.939,1055.039,1.1,16.4
56943,Motorcycle,1,Motorcycle / 3-wheel vehicle,opposite,74.0%,1054.589,1055.689,1.1,16.4
56878,Car / Sedan,2,Sedan / jeep / station wagon,opposite,91.2%,1055.139,1057.488,2.35,7.7
57027,Motorcycle,1,Motorcycle / 3-wheel vehicle,opposite,88.3%,1055.539,1056.539,1.0,18.0
56960,Motorcycle,1,Motorcycle / 3-wheel vehicle,opposite,73.4%,1055.789,1058.188,2.4,7.5
57074,Motorcycle,1,Motorcycle / 3-wheel vehicle,opposite,83.7%,1056.188,1057.089,0.9,20.0
57215,Motorcycle,1,Motorcycle / 3-wheel vehicle,normal,62.2%,1060.288,1058.138,2.15,8.4
57250,Public Transportation (Angkot),3,Medium passenger vehicle,opposite,92.7%,1059.138,1060.238,1.1,16.4
57266,2-Axle Truck (Jumbo),6,2-Axle Truck,normal,88.2%,1062.438,1059.888,2.55,7.1
57348,Motorcycle,1,Motorcycle / 3-wheel vehicle,opposite,87.9%,1060.488,1061.438,0.95,18.9
57395,Motorcycle,1,Motorcycle / 3-wheel vehicle,opposite,87.9%,1061.238,1062.038,0.8,22.5
57384,Car / Sedan,2,Sedan / jeep / station wagon,normal,90.9%,1064.938,1063.088,1.85,9.7
57545,Motorcycle,1,Motorcycle / 3-wheel vehicle,opposite,89.0%,1063.338,1064.088,0.75,24.0
57546,Motorcycle,1,Motorcycle / 3-wheel vehicle,opposite,77.5%,1063.388,1064.388,1.0,18.0
57598,Car / Sedan,2,Sedan / jeep / station wagon,normal,86.4%,1067.288,1065.688,1.6,11.3
57781,Car / Sedan,2,Sedan / jeep / station wagon,opposite,93.2%,1067.388,1068.288,0.9,20.0
57833,Motorcycle,1,Motorcycle / 3-wheel vehicle,opposite,78.3%,1067.588,1068.538,0.95,18.9
57859,Motorcycle,1,Motorcycle / 3-wheel vehicle,opposite,89.3%,1068.138,1068.888,0.75,24.0
57887,Motorcycle,1,Motorcycle / 3-wheel vehicle,opposite,86.4%,1068.538,1069.388,0.85,21.2
57880,Pickup / Micro Truck,4,Pickup / micro truck / delivery,opposite,93.0%,1068.688,1069.588,0.9,20.0
57739,Car / Sedan,2,Sedan / jeep / station wagon,normal,69.1%,1071.088,1069.588,1.5,12.0
58042,Car / Sedan,2,Sedan / jeep / station wagon,opposite,93.1%,1071.038,1071.788,0.75,24.0
58057,Motorcycle,1,Motorcycle / 3-wheel vehicle,opposite,79.1%,1071.038,1071.888,0.85,21.2
58077,Motorcycle,1,Motorcycle / 3-wheel vehicle,opposite,89.8%,1071.438,1072.188,0.75,24.0
58102,Motorcycle,1,Motorcycle / 3-wheel vehicle,opposite,89.8%,1071.838,1072.738,0.9,20.0
58155,Motorcycle,1,Motorcycle / 3-wheel vehicle,opposite,89.3%,1072.838,1073.737,0.9,20.0
58225,Car / Sedan,2,Sedan / jeep / station wagon,opposite,93.6%,1073.838,1074.638,0.8,22.5
58219,Motorcycle,1,Motorcycle / 3-wheel vehicle,normal,47.2%,1077.437,1074.287,3.15,5.7
58258,Motorcycle,1,Motorcycle / 3-wheel vehicle,opposite,86.1%,1074.787,1075.437,0.65,27.7
58274,Motorcycle,1,Motorcycle / 3-wheel vehicle,normal,60.5%,1075.637,1079.037,3.4,5.3
58307,Motorcycle,1,Motorcycle / 3-wheel vehicle,normal,79.5%,1078.687,1075.637,3.05,5.9
58309,Motorcycle,1,Motorcycle / 3-wheel vehicle,opposite,86.2%,1075.687,1076.687,1.0,18.0
58353,Car / Sedan,2,Sedan / jeep / station wagon,opposite,93.4%,1076.837,1077.637,0.8,22.5
58380,Motorcycle,1,Motorcycle / 3-wheel vehicle,normal,47.4%,1079.637,1076.837,2.8,6.4
58406,Motorcycle,1,Motorcycle / 3-wheel vehicle,opposite,90.5%,1077.537,1078.337,0.8,22.5
58358,Car / Sedan,2,Sedan / jeep / station wagon,normal,92.2%,1083.587,1079.287,4.3,4.2
58589,Motorcycle,1,Motorcycle / 3-wheel vehicle,opposite,72.5%,1080.687,1081.537,0.85,21.2
58595,Motorcycle,1,Motorcycle / 3-wheel vehicle,opposite,89.5%,1081.037,1082.837,1.8,10.0
58640,Motorcycle,1,Motorcycle / 3-wheel vehicle,opposite,90.3%,1082.137,1083.787,1.65,10.9
58639,Motorcycle,1,Motorcycle / 3-wheel vehicle,opposite,66.7%,1082.187,1084.087,1.9,9.5
58688,Motorcycle,1,Motorcycle / 3-wheel vehicle,opposite,89.8%,1082.837,1084.337,1.5,12.0
58900,Motorcycle,1,Motorcycle / 3-wheel vehicle,opposite,81.9%,1085.987,1087.037,1.05,17.1
58904,Car / Sedan,2,Sedan / jeep / station wagon,opposite,93.0%,1086.737,1087.987,1.25,14.4
58962,Car / Sedan,2,Sedan / jeep / station wagon,opposite,93.2%,1086.987,1088.237,1.25,14.4
59042,Motorcycle,1,Motorcycle / 3-wheel vehicle,opposite,81.6%,1088.287,1089.437,1.15,15.7
59040,Car / Sedan,2,Sedan / jeep / station wagon,opposite,93.8%,1088.937,1090.187,1.25,14.4
59217,Motorcycle,1,Motorcycle / 3-wheel vehicle,opposite,85.8%,1090.536,1091.336,0.8,22.5
59193,2-Axle Truck (Jumbo),6,2-Axle Truck,opposite,92.4%,1091.187,1092.436,1.25,14.4
59285,Motorcycle,1,Motorcycle / 3-wheel vehicle,opposite,71.2%,1091.486,1092.336,0.85,21.2
59336,Motorcycle,1,Motorcycle / 3-wheel vehicle,opposite,89.1%,1092.136,1092.886,0.75,24.0
59361,Motorcycle,1,Motorcycle / 3-wheel vehicle,opposite,88.2%,1092.586,1093.386,0.8,22.5
59286,Motorcycle,1,Motorcycle / 3-wheel vehicle,opposite,90.2%,1092.836,1094.086,1.25,14.4
59203,Car / Sedan,2,Sedan / jeep / station wagon,normal,89.7%,1095.936,1093.136,2.8,6.4
59415,Car / Sedan,2,Sedan / jeep / station wagon,opposite,93.7%,1094.436,1095.836,1.4,12.9
59503,Motorcycle,1,Motorcycle / 3-wheel vehicle,opposite,89.3%,1095.036,1095.986,0.95,18.9
59599,Motorcycle,1,Motorcycle / 3-wheel vehicle,opposite,69.1%,1096.336,1097.136,0.8,22.5
59611,Car / Sedan,2,Sedan / jeep / station wagon,opposite,93.3%,1096.836,1098.036,1.2,15.0
59617,Car / Sedan,2,Sedan / jeep / station wagon,opposite,93.2%,1098.686,1100.336,1.65,10.9
59767,Motorcycle,1,Motorcycle / 3-wheel vehicle,opposite,77.9%,1099.186,1099.986,0.8,22.5
59839,Motorcycle,1,Motorcycle / 3-wheel vehicle,opposite,85.4%,1100.636,1101.336,0.7,25.7
59857,Motorcycle,1,Motorcycle / 3-wheel vehicle,opposite,88.6%,1101.486,1102.536,1.05,17.1
59990,2-Axle Truck (Jumbo),6,2-Axle Truck,opposite,69.5%,1104.086,1105.036,0.95,18.9
60133,Motorcycle,1,Motorcycle / 3-wheel vehicle,opposite,87.6%,1105.386,1106.086,0.7,25.7
60163,Motorcycle,1,Motorcycle / 3-wheel vehicle,opposite,89.9%,1106.136,1106.786,0.65,27.7
60199,Motorcycle,1,Motorcycle / 3-wheel vehicle,opposite,86.0%,1106.536,1107.286,0.75,24.0
60210,Motorcycle,1,Motorcycle / 3-wheel vehicle,opposite,88.6%,1106.786,1107.486,0.7,25.7
60229,Motorcycle,1,Motorcycle / 3-wheel vehicle,opposite,90.3%,1107.236,1107.886,0.65,27.7
60247,Motorcycle,1,Motorcycle / 3-wheel vehicle,opposite,84.0%,1107.686,1108.636,0.95,18.9
60301,Motorcycle,1,Motorcycle / 3-wheel vehicle,normal,68.5%,1109.485,1108.736,0.75,24.0
60300,Motorcycle,1,Motorcycle / 3-wheel vehicle,opposite,84.2%,1108.936,1109.835,0.9,20.0
60351,Car / Sedan,2,Sedan / jeep / station wagon,opposite,93.2%,1110.285,1111.285,1.0,18.0
60506,Motorcycle,1,Motorcycle / 3-wheel vehicle,opposite,90.7%,1112.685,1113.485,0.8,22.5
60451,Motorcycle,1,Motorcycle / 3-wheel vehicle,normal,85.4%,1115.585,1112.785,2.8,6.4
60553,Motorcycle,1,Motorcycle / 3-wheel vehicle,opposite,90.0%,1113.285,1114.035,0.75,24.0
60610,Motorcycle,1,Motorcycle / 3-wheel vehicle,opposite,86.9%,1114.135,1114.785,0.65,27.7
60613,Car / Sedan,2,Sedan / jeep / station wagon,opposite,92.9%,1114.685,1115.685,1.0,18.0
60623,Motorcycle,1,Motorcycle / 3-wheel vehicle,normal,72.3%,1116.985,1114.835,2.15,8.4
60650,Motorcycle,1,Motorcycle / 3-wheel vehicle,opposite,89.2%,1116.085,1117.485,1.4,12.9
60698,Car / Sedan,2,Sedan / jeep / station wagon,opposite,92.7%,1117.085,1118.935,1.85,9.7
60467,Motorcycle,1,Motorcycle / 3-wheel vehicle,opposite,88.1%,1117.185,1118.885,1.7,10.6
60867,Motorcycle,1,Motorcycle / 3-wheel vehicle,opposite,82.1%,1118.335,1119.885,1.55,11.6
60855,Motorcycle,1,Motorcycle / 3-wheel vehicle,opposite,85.1%,1119.235,1120.685,1.45,12.4
60813,Car / Sedan,2,Sedan / jeep / station wagon,normal,80.0%,1121.385,1119.735,1.65,10.9
60905,Motorcycle,1,Motorcycle / 3-wheel vehicle,opposite,86.0%,1120.585,1121.985,1.4,12.9
60976,Motorcycle,1,Motorcycle / 3-wheel vehicle,opposite,85.9%,1121.035,1122.685,1.65,10.9
61014,Motorcycle,1,Motorcycle / 3-wheel vehicle,opposite,87.5%,1121.535,1123.085,1.55,11.6
61042,Car / Sedan,2,Sedan / jeep / station wagon,opposite,93.8%,1123.435,1125.034,1.6,11.3
61133,Motorcycle,1,Motorcycle / 3-wheel vehicle,opposite,89.8%,1124.135,1125.685,1.55,11.6
61188,Motorcycle,1,Motorcycle / 3-wheel vehicle,normal,59.0%,1126.684,1124.834,1.85,9.7
61215,Car / Sedan,2,Sedan / jeep / station wagon,opposite,56.4%,1125.384,1126.834,1.45,12.4
61327,Motorcycle,1,Motorcycle / 3-wheel vehicle,opposite,89.6%,1126.235,1127.334,1.1,16.4
61394,Motorcycle,1,Motorcycle / 3-wheel vehicle,normal,61.7%,1129.534,1126.934,2.6,6.9
61401,Motorcycle,1,Motorcycle / 3-wheel vehicle,normal,79.9%,1128.634,1127.334,1.3,13.8
61350,Car / Sedan,2,Sedan / jeep / station wagon,opposite,88.9%,1128.734,1132.084,3.35,5.4
61457,Car / Sedan,2,Sedan / jeep / station wagon,opposite,92.8%,1129.334,1130.184,0.85,21.2
61596,Car / Sedan,2,Sedan / jeep / station wagon,opposite,93.4%,1132.034,1133.184,1.15,15.7
61667,Motorcycle,1,Motorcycle / 3-wheel vehicle,opposite,89.1%,1133.134,1134.184,1.05,17.1
61711,Motorcycle,1,Motorcycle / 3-wheel vehicle,opposite,89.6%,1134.084,1135.284,1.2,15.0
61732,Pickup / Micro Truck,4,Pickup / micro truck / delivery,opposite,93.2%,1134.634,1135.684,1.05,17.1
61764,Motorcycle,1,Motorcycle / 3-wheel vehicle,opposite,87.0%,1135.384,1136.534,1.15,15.7
61758,Car / Sedan,2,Sedan / jeep / station wagon,normal,67.2%,1136.134,1135.434,0.7,25.7
61803,Motorcycle,1,Motorcycle / 3-wheel vehicle,opposite,88.9%,1136.334,1137.734,1.4,12.9
61817,Car / Sedan,2,Sedan / jeep / station wagon,opposite,90.2%,1136.834,1138.134,1.3,13.8
61834,Motorcycle,1,Motorcycle / 3-wheel vehicle,opposite,90.1%,1136.934,1137.984,1.05,17.1
61864,Motorcycle,1,Motorcycle / 3-wheel vehicle,opposite,88.4%,1137.734,1138.934,1.2,15.0
61902,Car / Sedan,2,Sedan / jeep / station wagon,opposite,92.3%,1138.734,1140.084,1.35,13.3
61937,Motorcycle,1,Motorcycle / 3-wheel vehicle,opposite,89.5%,1139.084,1140.184,1.1,16.4
61912,Car / Sedan,2,Sedan / jeep / station wagon,normal,84.0%,1141.634,1139.984,1.65,10.9
62030,Motorcycle,1,Motorcycle / 3-wheel vehicle,opposite,88.8%,1140.484,1141.684,1.2,15.0
61986,Motorcycle,1,Motorcycle / 3-wheel vehicle,opposite,91.6%,1141.084,1142.784,1.7,10.6
62105,Motorcycle,1,Motorcycle / 3-wheel vehicle,opposite,88.3%,1141.384,1142.883,1.5,12.0
62165,Car / Sedan,2,Sedan / jeep / station wagon,normal,92.0%,1144.533,1143.284,1.25,14.4
62206,Car / Sedan,2,Sedan / jeep / station wagon,opposite,93.5%,1143.833,1145.483,1.65,10.9
62309,Motorcycle,1,Motorcycle / 3-wheel vehicle,opposite,89.4%,1145.183,1146.333,1.15,15.7
62392,Motorcycle,1,Motorcycle / 3-wheel vehicle,opposite,86.8%,1146.283,1147.483,1.2,15.0
62347,Car / Sedan,2,Sedan / jeep / station wagon,opposite,91.8%,1146.383,1147.983,1.6,11.3
62453,Motorcycle,1,Motorcycle / 3-wheel vehicle,opposite,89.4%,1147.683,1148.983,1.3,13.8
62370,Car / Sedan,2,Sedan / jeep / station wagon,normal,88.2%,1148.833,1147.783,1.05,17.1
62462,Car / Sedan,2,Sedan / jeep / station wagon,opposite,93.5%,1148.583,1150.183,1.6,11.3
62648,Motorcycle,1,Motorcycle / 3-wheel vehicle,opposite,87.4%,1150.283,1151.583,1.3,13.8
62626,Public Transportation (Angkot),3,Medium passenger vehicle,opposite,91.8%,1153.183,1155.933,2.75,6.5
62988,Public Transportation (Angkot),3,Medium passenger vehicle,opposite,92.9%,1156.183,1157.483,1.3,13.8
63027,Motorcycle,1,Motorcycle / 3-wheel vehicle,opposite,88.3%,1156.683,1157.583,0.9,20.0
63067,Motorcycle,1,Motorcycle / 3-wheel vehicle,opposite,88.5%,1157.533,1158.733,1.2,15.0
63194,Motorcycle,1,Motorcycle / 3-wheel vehicle,normal,77.6%,1160.182,1159.082,1.1,16.4
63281,Motorcycle,1,Motorcycle / 3-wheel vehicle,normal,77.3%,1162.332,1160.582,1.75,10.3
63338,Public Transportation (Angkot),3,Medium passenger vehicle,opposite,93.0%,1161.982,1162.932,0.95,18.9
63377,Motorcycle,1,Motorcycle / 3-wheel vehicle,opposite,91.3%,1162.132,1163.082,0.95,18.9
63422,Motorcycle,1,Motorcycle / 3-wheel vehicle,opposite,88.2%,1163.082,1163.932,0.85,21.2
63314,Car / Sedan,2,Sedan / jeep / station wagon,normal,69.2%,1163.632,1163.182,0.45,40.0
63443,Public Transportation (Angkot),3,Medium passenger vehicle,normal,81.3%,1166.532,1164.782,1.75,10.3
63608,Motorcycle,1,Motorcycle / 3-wheel vehicle,opposite,87.0%,1166.482,1167.682,1.2,15.0
63689,Motorcycle,1,Motorcycle / 3-wheel vehicle,opposite,90.3%,1167.582,1168.882,1.3,13.8
63759,Motorcycle,1,Motorcycle / 3-wheel vehicle,opposite,88.4%,1168.832,1169.982,1.15,15.7
63921,Motorcycle,1,Motorcycle / 3-wheel vehicle,normal,49.9%,1172.632,1177.282,4.65,3.9
63994,Car / Sedan,2,Sedan / jeep / station wagon,opposite,91.8%,1174.732,1175.882,1.15,15.7
63873,Car / Sedan,2,Sedan / jeep / station wagon,opposite,57.8%,1176.982,1179.131,2.15,8.4
64036,Motorcycle,1,Motorcycle / 3-wheel vehicle,opposite,90.7%,1177.681,1179.331,1.65,10.9
64086,Motorcycle,1,Motorcycle / 3-wheel vehicle,opposite,89.7%,1178.281,1179.931,1.65,10.9
64257,Motorcycle,1,Motorcycle / 3-wheel vehicle,normal,66.0%,1181.131,1179.581,1.55,11.6
64285,Motorcycle,1,Motorcycle / 3-wheel vehicle,normal,84.1%,1181.781,1180.131,1.65,10.9
64398,Motorcycle,1,Motorcycle / 3-wheel vehicle,normal,76.8%,1184.231,1183.381,0.85,21.2
64454,Motorcycle,1,Motorcycle / 3-wheel vehicle,normal,84.5%,1184.681,1183.981,0.7,25.7
64522,Motorcycle,1,Motorcycle / 3-wheel vehicle,opposite,89.7%,1184.731,1185.381,0.65,27.7
64597,Motorcycle,1,Motorcycle / 3-wheel vehicle,opposite,89.6%,1186.431,1187.031,0.6,30.0
64442,Public Transportation (Angkot),3,Medium passenger vehicle,normal,90.3%,1188.131,1186.481,1.65,10.9
64520,Car / Sedan,2,Sedan / jeep / station wagon,normal,88.6%,1187.631,1186.681,0.95,18.9
64586,Motorcycle,1,Motorcycle / 3-wheel vehicle,normal,86.6%,1188.481,1187.531,0.95,18.9
64765,Motorcycle,1,Motorcycle / 3-wheel vehicle,opposite,87.7%,1189.181,1190.131,0.95,18.9
64788,Motorcycle,1,Motorcycle / 3-wheel vehicle,opposite,89.9%,1189.781,1190.781,1.0,18.0
64687,Motorcycle,1,Motorcycle / 3-wheel vehicle,normal,85.0%,1190.981,1189.931,1.05,17.1
64829,Motorcycle,1,Motorcycle / 3-wheel vehicle,opposite,86.2%,1190.731,1192.331,1.6,11.3
64872,Motorcycle,1,Motorcycle / 3-wheel vehicle,opposite,88.3%,1191.181,1192.181,1.0,18.0
64830,Motorcycle,1,Motorcycle / 3-wheel vehicle,normal,83.7%,1193.531,1191.681,1.85,9.7
64873,3-Axle Truck (Jumbo),7,3-Axle Truck,normal,84.1%,1194.831,1193.48,1.35,13.3
65005,Car / Sedan,2,Sedan / jeep / station wagon,normal,87.6%,1197.28,1195.93,1.35,13.3
65302,Car / Sedan,2,Sedan / jeep / station wagon,normal,91.4%,1201.88,1199.83,2.05,8.8
65396,Motorcycle,1,Motorcycle / 3-wheel vehicle,normal,85.1%,1203.08,1201.43,1.65,10.9
65546,Motorcycle,1,Motorcycle / 3-wheel vehicle,opposite,87.8%,1202.08,1203.83,1.75,10.3
65522,Motorcycle,1,Motorcycle / 3-wheel vehicle,normal,61.8%,1203.58,1202.28,1.3,13.8
65621,Motorcycle,1,Motorcycle / 3-wheel vehicle,opposite,87.0%,1202.63,1203.53,0.9,20.0
65439,2-Axle Truck (Jumbo),6,2-Axle Truck,normal,84.5%,1205.48,1203.03,2.45,7.3
65684,Motorcycle,1,Motorcycle / 3-wheel vehicle,opposite,87.4%,1203.63,1204.58,0.95,18.9
65508,2-Axle Truck (Jumbo),6,2-Axle Truck,normal,90.4%,1208.93,1205.63,3.3,5.5
65966,Motorcycle,1,Motorcycle / 3-wheel vehicle,opposite,86.9%,1207.53,1208.23,0.7,25.7
65871,Car / Sedan,2,Sedan / jeep / station wagon,normal,91.0%,1212.929,1209.58,3.35,5.4
66102,Motorcycle,1,Motorcycle / 3-wheel vehicle,normal,84.7%,1215.079,1212.779,2.3,7.8
66216,Pickup / Micro Truck,4,Pickup / micro truck / delivery,normal,85.6%,1220.129,1213.479,6.65,2.7
66204,Car / Sedan,2,Sedan / jeep / station wagon,normal,92.2%,1220.679,1215.229,5.45,3.3
66467,Motorcycle,1,Motorcycle / 3-wheel vehicle,normal,60.2%,1216.579,1221.979,5.4,3.3
66373,Motorcycle,1,Motorcycle / 3-wheel vehicle,opposite,86.4%,1216.729,1218.179,1.45,12.4
66486,Car / Sedan,2,Sedan / jeep / station wagon,normal,67.8%,1221.279,1217.079,4.2,4.3
66525,Motorcycle,1,Motorcycle / 3-wheel vehicle,opposite,90.4%,1217.779,1219.679,1.9,9.5
66416,Motorcycle,1,Motorcycle / 3-wheel vehicle,opposite,89.9%,1218.879,1220.429,1.55,11.6
66584,Motorcycle,1,Motorcycle / 3-wheel vehicle,opposite,88.8%,1219.429,1220.929,1.5,12.0
66407,Car / Sedan,2,Sedan / jeep / station wagon,normal,90.9%,1224.279,1220.379,3.9,4.6
66616,Motorcycle,1,Motorcycle / 3-wheel vehicle,opposite,90.7%,1221.279,1223.179,1.9,9.5
66863,Motorcycle,1,Motorcycle / 3-wheel vehicle,opposite,77.2%,1222.129,1223.379,1.25,14.4
66903,Motorcycle,1,Motorcycle / 3-wheel vehicle,opposite,89.3%,1222.679,1223.729,1.05,17.1
66923,Motorcycle,1,Motorcycle / 3-wheel vehicle,normal,80.6%,1225.379,1223.329,2.05,8.8
66953,Motorcycle,1,Motorcycle / 3-wheel vehicle,opposite,89.1%,1223.429,1224.529,1.1,16.4
66989,Motorcycle,1,Motorcycle / 3-wheel vehicle,normal,81.2%,1225.029,1223.929,1.1,16.4
67041,Motorcycle,1,Motorcycle / 3-wheel vehicle,normal,72.0%,1226.579,1224.829,1.75,10.3
67039,Motorcycle,1,Motorcycle / 3-wheel vehicle,normal,81.9%,1225.879,1224.879,1.0,18.0
67053,Motorcycle,1,Motorcycle / 3-wheel vehicle,opposite,88.7%,1224.929,1225.879,0.95,18.9
67170,Motorcycle,1,Motorcycle / 3-wheel vehicle,normal,82.2%,1228.528,1227.179,1.35,13.3
67164,Car / Sedan,2,Sedan / jeep / station wagon,opposite,93.8%,1227.479,1228.428,0.95,18.9
67130,Motorcycle,1,Motorcycle / 3-wheel vehicle,normal,78.2%,1230.478,1228.428,2.05,8.8
67268,Motorcycle,1,Motorcycle / 3-wheel vehicle,normal,81.7%,1229.928,1228.879,1.05,17.1
67332,Motorcycle,1,Motorcycle / 3-wheel vehicle,normal,82.0%,1232.928,1229.978,2.95,6.1
67363,Motorcycle,1,Motorcycle / 3-wheel vehicle,opposite,81.4%,1230.878,1233.278,2.4,7.5
67487,Motorcycle,1,Motorcycle / 3-wheel vehicle,opposite,87.8%,1232.028,1232.478,0.45,40.0
67474,Motorcycle,1,Motorcycle / 3-wheel vehicle,normal,66.9%,1234.578,1232.278,2.3,7.8
67535,Motorcycle,1,Motorcycle / 3-wheel vehicle,normal,84.3%,1234.278,1233.578,0.7,25.7
67597,Motorcycle,1,Motorcycle / 3-wheel vehicle,normal,84.6%,1234.978,1234.078,0.9,20.0
67620,Motorcycle,1,Motorcycle / 3-wheel vehicle,opposite,89.8%,1234.278,1234.828,0.55,32.7
67651,Motorcycle,1,Motorcycle / 3-wheel vehicle,opposite,87.3%,1234.878,1235.578,0.7,25.7
67730,Motorcycle,1,Motorcycle / 3-wheel vehicle,opposite,88.8%,1236.078,1236.828,0.75,24.0
67702,Motorcycle,1,Motorcycle / 3-wheel vehicle,normal,70.9%,1237.878,1236.078,1.8,10.0
67813,Motorcycle,1,Motorcycle / 3-wheel vehicle,normal,60.7%,1239.228,1237.528,1.7,10.6
67831,Motorcycle,1,Motorcycle / 3-wheel vehicle,normal,71.0%,1241.428,1238.928,2.5,7.2
67939,Motorcycle,1,Motorcycle / 3-wheel vehicle,opposite,89.3%,1239.128,1239.778,0.65,27.7
67976,Motorcycle,1,Motorcycle / 3-wheel vehicle,opposite,90.2%,1239.828,1240.428,0.6,30.0
67879,Car / Sedan,2,Sedan / jeep / station wagon,normal,92.1%,1241.528,1240.328,1.2,15.0
68037,Motorcycle,1,Motorcycle / 3-wheel vehicle,opposite,89.5%,1241.178,1241.778,0.6,30.0
68140,Motorcycle,1,Motorcycle / 3-wheel vehicle,opposite,88.3%,1242.678,1243.278,0.6,30.0
68131,Motorcycle,1,Motorcycle / 3-wheel vehicle,opposite,89.2%,1242.728,1243.278,0.55,32.7
68072,Motorcycle,1,Motorcycle / 3-wheel vehicle,normal,70.8%,1244.678,1243.328,1.35,13.3
67996,Motorcycle,1,Motorcycle / 3-wheel vehicle,opposite,91.1%,1243.878,1245.828,1.95,9.2
68325,Motorcycle,1,Motorcycle / 3-wheel vehicle,opposite,87.3%,1245.328,1246.677,1.35,13.3
68391,Motorcycle,1,Motorcycle / 3-wheel vehicle,opposite,86.2%,1246.277,1247.077,0.8,22.5
68355,Car / Sedan,2,Sedan / jeep / station wagon,opposite,93.2%,1246.578,1247.777,1.2,15.0
68297,Car / Sedan,2,Sedan / jeep / station wagon,normal,91.0%,1247.577,1246.627,0.95,18.9
68401,Motorcycle,1,Motorcycle / 3-wheel vehicle,opposite,90.4%,1246.927,1248.177,1.25,14.4
68207,Motorcycle,1,Motorcycle / 3-wheel vehicle,opposite,88.9%,1247.127,1250.127,3.0,6.0
68449,Motorcycle,1,Motorcycle / 3-wheel vehicle,opposite,85.6%,1247.227,1248.177,0.95,18.9
68460,Motorcycle,1,Motorcycle / 3-wheel vehicle,opposite,88.2%,1247.677,1248.527,0.85,21.2
68536,Motorcycle,1,Motorcycle / 3-wheel vehicle,opposite,90.3%,1248.527,1249.577,1.05,17.1
68553,Motorcycle,1,Motorcycle / 3-wheel vehicle,opposite,86.6%,1249.027,1250.027,1.0,18.0
68585,Motorcycle,1,Motorcycle / 3-wheel vehicle,opposite,86.8%,1249.177,1250.027,0.85,21.2
68637,Motorcycle,1,Motorcycle / 3-wheel vehicle,opposite,87.2%,1250.077,1250.877,0.8,22.5
68643,Motorcycle,1,Motorcycle / 3-wheel vehicle,opposite,89.4%,1250.327,1251.227,0.9,20.0
68676,Motorcycle,1,Motorcycle / 3-wheel vehicle,opposite,88.5%,1250.877,1251.677,0.8,22.5
68568,Motorcycle,1,Motorcycle / 3-wheel vehicle,opposite,89.0%,1250.977,1252.877,1.9,9.5
68630,Motorcycle,1,Motorcycle / 3-wheel vehicle,opposite,86.2%,1251.377,1253.027,1.65,10.9
68727,Motorcycle,1,Motorcycle / 3-wheel vehicle,opposite,86.3%,1251.577,1252.527,0.95,18.9
68780,Motorcycle,1,Motorcycle / 3-wheel vehicle,opposite,86.5%,1252.227,1253.177,0.95,18.9
68792,Car / Sedan,2,Sedan / jeep / station wagon,normal,54.1%,1253.727,1252.827,0.9,20.0
68822,Motorcycle,1,Motorcycle / 3-wheel vehicle,opposite,90.4%,1253.127,1254.027,0.9,20.0
68839,Motorcycle,1,Motorcycle / 3-wheel vehicle,opposite,90.8%,1253.327,1254.277,0.95,18.9
68885,Motorcycle,1,Motorcycle / 3-wheel vehicle,opposite,85.0%,1253.677,1254.727,1.05,17.1
68897,Motorcycle,1,Motorcycle / 3-wheel vehicle,opposite,91.6%,1254.027,1254.927,0.9,20.0
68879,Car / Sedan,2,Sedan / jeep / station wagon,normal,87.5%,1258.327,1254.477,3.85,4.7
68963,Motorcycle,1,Motorcycle / 3-wheel vehicle,opposite,84.3%,1254.977,1255.927,0.95,18.9
69021,Motorcycle,1,Motorcycle / 3-wheel vehicle,opposite,90.1%,1255.777,1256.627,0.85,21.2
68852,Car / Sedan,2,Sedan / jeep / station wagon,normal,89.7%,1262.127,1256.477,5.65,3.2
69118,Public Transportation (Angkot),3,Medium passenger vehicle,opposite,69.0%,1257.627,1258.427,0.8,22.5
69140,Motorcycle,1,Motorcycle / 3-wheel vehicle,opposite,86.1%,1257.977,1258.977,1.0,18.0
69148,Motorcycle,1,Motorcycle / 3-wheel vehicle,opposite,89.0%,1258.127,1258.877,0.75,24.0
69189,Motorcycle,1,Motorcycle / 3-wheel vehicle,normal,85.5%,1259.827,1258.477,1.35,13.3
69197,Motorcycle,1,Motorcycle / 3-wheel vehicle,opposite,89.2%,1259.027,1259.827,0.8,22.5
69198,Motorcycle,1,Motorcycle / 3-wheel vehicle,opposite,86.7%,1259.127,1260.227,1.1,16.4
69306,Motorcycle,1,Motorcycle / 3-wheel vehicle,opposite,89.3%,1261.077,1261.877,0.8,22.5
69377,Motorcycle,1,Motorcycle / 3-wheel vehicle,opposite,90.3%,1262.276,1263.026,0.75,24.0
69457,Motorcycle,1,Motorcycle / 3-wheel vehicle,opposite,86.6%,1263.127,1263.876,0.75,24.0
69467,Motorcycle,1,Motorcycle / 3-wheel vehicle,opposite,84.8%,1263.377,1264.526,1.15,15.7
69478,Motorcycle,1,Motorcycle / 3-wheel vehicle,opposite,91.1%,1263.826,1264.776,0.95,18.9
69470,Motorcycle,1,Motorcycle / 3-wheel vehicle,normal,82.3%,1265.576,1263.826,1.75,10.3
69527,Motorcycle,1,Motorcycle / 3-wheel vehicle,opposite,83.8%,1264.326,1265.376,1.05,17.1
69407,Motorcycle,1,Motorcycle / 3-wheel vehicle,normal,80.8%,1266.126,1264.426,1.7,10.6
69553,Motorcycle,1,Motorcycle / 3-wheel vehicle,opposite,88.5%,1264.576,1265.476,0.9,20.0
69505,Motorcycle,1,Motorcycle / 3-wheel vehicle,normal,83.9%,1266.626,1265.176,1.45,12.4
69603,Motorcycle,1,Motorcycle / 3-wheel vehicle,opposite,88.2%,1265.376,1266.326,0.95,18.9
69641,Car / Sedan,2,Sedan / jeep / station wagon,opposite,93.1%,1266.176,1267.226,1.05,17.1
69786,Motorcycle,1,Motorcycle / 3-wheel vehicle,opposite,89.5%,1267.726,1268.626,0.9,20.0
69800,Motorcycle,1,Motorcycle / 3-wheel vehicle,opposite,90.7%,1267.926,1268.676,0.75,24.0
69605,Car / Sedan,2,Sedan / jeep / station wagon,normal,82.1%,1269.476,1267.926,1.55,11.6
69856,Motorcycle,1,Motorcycle / 3-wheel vehicle,opposite,87.1%,1268.726,1269.576,0.85,21.2
69855,Motorcycle,1,Motorcycle / 3-wheel vehicle,opposite,91.4%,1269.476,1271.126,1.65,10.9
69940,2-Axle Truck (Jumbo),6,2-Axle Truck,opposite,92.8%,1271.576,1273.026,1.45,12.4
70018,Motorcycle,1,Motorcycle / 3-wheel vehicle,opposite,88.3%,1272.476,1273.776,1.3,13.8
70099,Motorcycle,1,Motorcycle / 3-wheel vehicle,opposite,61.5%,1275.176,1273.676,1.5,12.0
70123,Motorcycle,1,Motorcycle / 3-wheel vehicle,opposite,88.3%,1273.876,1274.726,0.85,21.2
70187,Motorcycle,1,Motorcycle / 3-wheel vehicle,normal,75.7%,1275.876,1274.276,1.6,11.3
70127,Car / Sedan,2,Sedan / jeep / station wagon,opposite,93.0%,1274.476,1275.676,1.2,15.0
70193,Motorcycle,1,Motorcycle / 3-wheel vehicle,opposite,86.8%,1274.726,1275.576,0.85,21.2
70289,Motorcycle,1,Motorcycle / 3-wheel vehicle,opposite,90.8%,1275.576,1276.426,0.85,21.2
70226,Motorcycle,1,Motorcycle / 3-wheel vehicle,normal,80.5%,1276.876,1275.676,1.2,15.0
70354,Motorcycle,1,Motorcycle / 3-wheel vehicle,opposite,89.8%,1276.926,1277.976,1.05,17.1
70366,Car / Sedan,2,Sedan / jeep / station wagon,opposite,93.1%,1277.476,1278.376,0.9,20.0
70351,Motorcycle,1,Motorcycle / 3-wheel vehicle,normal,72.8%,1281.325,1278.276,3.05,5.9
70408,2-Axle Truck (Jumbo),6,2-Axle Truck,normal,82.7%,1280.726,1278.726,2.0,9.0
70467,Car / Sedan,2,Sedan / jeep / station wagon,opposite,93.4%,1279.076,1279.976,0.9,20.0
70539,Motorcycle,1,Motorcycle / 3-wheel vehicle,opposite,88.8%,1279.275,1279.926,0.65,27.7
70375,Motorcycle,1,Motorcycle / 3-wheel vehicle,normal,64.4%,1279.676,1285.925,6.25,2.9
70433,Motorcycle,1,Motorcycle / 3-wheel vehicle,opposite,90.4%,1279.825,1281.325,1.5,12.0
70647,Car / Sedan,2,Sedan / jeep / station wagon,opposite,93.5%,1281.275,1282.425,1.15,15.7
70683,Motorcycle,1,Motorcycle / 3-wheel vehicle,opposite,86.4%,1281.275,1281.925,0.65,27.7
70749,Motorcycle,1,Motorcycle / 3-wheel vehicle,opposite,89.8%,1282.625,1283.475,0.85,21.2
70759,Motorcycle,1,Motorcycle / 3-wheel vehicle,opposite,88.5%,1282.975,1283.825,0.85,21.2
70829,Motorcycle,1,Motorcycle / 3-wheel vehicle,opposite,89.0%,1283.975,1284.725,0.75,24.0
70861,Motorcycle,1,Motorcycle / 3-wheel vehicle,opposite,84.6%,1284.625,1285.475,0.85,21.2
71014,Motorcycle,1,Motorcycle / 3-wheel vehicle,opposite,81.8%,1285.875,1286.775,0.9,20.0
71001,Pickup / Micro Truck,4,Pickup / micro truck / delivery,opposite,92.8%,1285.925,1286.925,1.0,18.0
71094,Motorcycle,1,Motorcycle / 3-wheel vehicle,opposite,88.9%,1286.625,1287.425,0.8,22.5
71132,Motorcycle,1,Motorcycle / 3-wheel vehicle,opposite,89.7%,1287.525,1288.275,0.75,24.0
71200,Motorcycle,1,Motorcycle / 3-wheel vehicle,opposite,89.3%,1288.375,1289.225,0.85,21.2
71209,Motorcycle,1,Motorcycle / 3-wheel vehicle,opposite,90.3%,1288.875,1289.875,1.0,18.0
71332,Motorcycle,1,Motorcycle / 3-wheel vehicle,opposite,90.6%,1290.875,1291.825,0.95,18.9
71355,Car / Sedan,2,Sedan / jeep / station wagon,opposite,93.6%,1291.525,1292.325,0.8,22.5
71307,Motorcycle,1,Motorcycle / 3-wheel vehicle,normal,68.7%,1293.525,1291.875,1.65,10.9
71403,Motorcycle,1,Motorcycle / 3-wheel vehicle,normal,83.4%,1295.475,1292.825,2.65,6.8
71483,Motorcycle,1,Motorcycle / 3-wheel vehicle,normal,72.0%,1294.675,1293.025,1.65,10.9
71289,Public Transportation (Angkot),3,Medium passenger vehicle,normal,92.4%,1298.274,1293.475,4.8,3.8
71556,Motorcycle,1,Motorcycle / 3-wheel vehicle,opposite,90.4%,1294.475,1295.125,0.65,27.7
71486,Motorcycle,1,Motorcycle / 3-wheel vehicle,opposite,90.0%,1295.675,1297.425,1.75,10.3
71642,Motorcycle,1,Motorcycle / 3-wheel vehicle,opposite,87.6%,1295.775,1296.725,0.95,18.9
71671,Motorcycle,1,Motorcycle / 3-wheel vehicle,opposite,89.1%,1296.125,1297.024,0.9,20.0
71579,Motorcycle,1,Motorcycle / 3-wheel vehicle,normal,78.8%,1298.724,1296.725,2.0,9.0
71705,Motorcycle,1,Motorcycle / 3-wheel vehicle,opposite,87.9%,1296.824,1297.725,0.9,20.0
71756,Motorcycle,1,Motorcycle / 3-wheel vehicle,opposite,88.9%,1297.524,1298.474,0.95,18.9
71385,Car / Sedan,2,Sedan / jeep / station wagon,normal,80.4%,1301.274,1297.675,3.6,5.0
71557,Pickup / Micro Truck,4,Pickup / micro truck / delivery,opposite,72.4%,1298.474,1300.174,1.7,10.6
71899,Motorcycle,1,Motorcycle / 3-wheel vehicle,normal,83.9%,1302.374,1300.924,1.45,12.4
71945,Motorcycle,1,Motorcycle / 3-wheel vehicle,opposite,89.6%,1301.124,1302.174,1.05,17.1
71929,Motorcycle,1,Motorcycle / 3-wheel vehicle,normal,68.5%,1304.674,1302.024,2.65,6.8
72026,Motorcycle,1,Motorcycle / 3-wheel vehicle,opposite,84.9%,1302.424,1303.874,1.45,12.4
72027,Motorcycle,1,Motorcycle / 3-wheel vehicle,opposite,89.4%,1302.424,1303.074,0.65,27.7
72104,Motorcycle,1,Motorcycle / 3-wheel vehicle,opposite,88.9%,1303.574,1304.274,0.7,25.7
72137,Motorcycle,1,Motorcycle / 3-wheel vehicle,opposite,85.3%,1304.074,1304.974,0.9,20.0
72122,2-Axle Truck (Jumbo),6,2-Axle Truck,opposite,92.7%,1304.374,1305.374,1.0,18.0
72194,Motorcycle,1,Motorcycle / 3-wheel vehicle,opposite,81.2%,1305.024,1305.924,0.9,20.0
72147,Motorcycle,1,Motorcycle / 3-wheel vehicle,normal,45.6%,1307.674,1305.274,2.4,7.5
72206,Motorcycle,1,Motorcycle / 3-wheel vehicle,opposite,89.4%,1305.424,1306.274,0.85,21.2
72242,Motorcycle,1,Motorcycle / 3-wheel vehicle,normal,49.0%,1308.874,1306.074,2.8,6.4
72262,Car / Sedan,2,Sedan / jeep / station wagon,normal,80.5%,1307.974,1306.474,1.5,12.0
72252,Motorcycle,1,Motorcycle / 3-wheel vehicle,opposite,91.0%,1306.524,1307.724,1.2,15.0
72088,Motorcycle,1,Motorcycle / 3-wheel vehicle,normal,82.3%,1309.074,1307.524,1.55,11.6
72377,Motorcycle,1,Motorcycle / 3-wheel vehicle,normal,60.2%,1311.974,1308.224,3.75,4.8
72433,Motorcycle,1,Motorcycle / 3-wheel vehicle,opposite,91.6%,1311.824,1313.774,1.95,9.2
72597,Motorcycle,1,Motorcycle / 3-wheel vehicle,opposite,90.3%,1312.124,1313.074,0.95,18.9
72566,Motorcycle,1,Motorcycle / 3-wheel vehicle,opposite,91.6%,1313.174,1314.823,1.65,10.9
72625,Motorcycle,1,Motorcycle / 3-wheel vehicle,opposite,90.4%,1313.823,1315.423,1.6,11.3
72662,Motorcycle,1,Motorcycle / 3-wheel vehicle,opposite,89.3%,1313.823,1314.823,1.0,18.0
72707,Motorcycle,1,Motorcycle / 3-wheel vehicle,normal,83.4%,1319.873,1315.873,4.0,4.5
72741,Car / Sedan,2,Sedan / jeep / station wagon,opposite,93.0%,1315.973,1317.973,2.0,9.0
72783,Motorcycle,1,Motorcycle / 3-wheel vehicle,normal,80.4%,1319.123,1316.673,2.45,7.3
72852,Car / Sedan,2,Sedan / jeep / station wagon,opposite,93.3%,1318.123,1319.873,1.75,10.3
72933,Car / Sedan,2,Sedan / jeep / station wagon,normal,90.0%,1322.923,1320.173,2.75,6.5
73101,Motorcycle,1,Motorcycle / 3-wheel vehicle,opposite,91.0%,1321.423,1322.623,1.2,15.0
72942,Car / Sedan,2,Sedan / jeep / station wagon,normal,68.0%,1325.623,1322.273,3.35,5.4
73180,Car / Sedan,2,Sedan / jeep / station wagon,opposite,93.0%,1322.673,1324.023,1.35,13.3
73202,Motorcycle,1,Motorcycle / 3-wheel vehicle,opposite,83.2%,1322.923,1323.873,0.95,18.9
73207,Motorcycle,1,Motorcycle / 3-wheel vehicle,opposite,85.7%,1323.223,1324.223,1.0,18.0
73189,Motorcycle,1,Motorcycle / 3-wheel vehicle,normal,83.8%,1325.273,1324.273,1.0,18.0
73284,Motorcycle,1,Motorcycle / 3-wheel vehicle,opposite,89.6%,1324.973,1326.073,1.1,16.4
73287,Motorcycle,1,Motorcycle / 3-wheel vehicle,normal,78.3%,1329.073,1324.973,4.1,4.4
73290,Motorcycle,1,Motorcycle / 3-wheel vehicle,opposite,90.3%,1325.223,1326.073,0.85,21.2
73346,Car / Sedan,2,Sedan / jeep / station wagon,opposite,88.2%,1326.823,1328.023,1.2,15.0
73377,Motorcycle,1,Motorcycle / 3-wheel vehicle,opposite,88.7%,1327.073,1328.023,0.95,18.9
73379,Motorcycle,1,Motorcycle / 3-wheel vehicle,opposite,90.6%,1327.473,1328.323,0.85,21.2
73402,Motorcycle,1,Motorcycle / 3-wheel vehicle,opposite,90.4%,1327.473,1328.573,1.1,16.4
73370,Car / Sedan,2,Sedan / jeep / station wagon,normal,43.8%,1330.473,1328.123,2.35,7.7
73474,Public Transportation (Angkot),3,Medium passenger vehicle,opposite,94.2%,1329.973,1331.572,1.6,11.3
73507,2-Axle Truck (Jumbo),6,2-Axle Truck,opposite,91.8%,1330.273,1331.223,0.95,18.9
73555,Motorcycle,1,Motorcycle / 3-wheel vehicle,opposite,88.8%,1331.122,1332.722,1.6,11.3
73581,Motorcycle,1,Motorcycle / 3-wheel vehicle,normal,75.3%,1333.872,1331.273,2.6,6.9
73576,Motorcycle,1,Motorcycle / 3-wheel vehicle,opposite,89.6%,1331.672,1332.572,0.9,20.0
73652,Car / Sedan,2,Sedan / jeep / station wagon,opposite,93.4%,1333.622,1334.772,1.15,15.7
73681,Motorcycle,1,Motorcycle / 3-wheel vehicle,opposite,87.0%,1333.672,1334.972,1.3,13.8
73688,Motorcycle,1,Motorcycle / 3-wheel vehicle,opposite,88.0%,1333.972,1334.972,1.0,18.0
73778,Motorcycle,1,Motorcycle / 3-wheel vehicle,normal,51.8%,1336.922,1335.022,1.9,9.5
73680,Motorcycle,1,Motorcycle / 3-wheel vehicle,normal,86.1%,1338.422,1335.222,3.2,5.6
73756,Motorcycle,1,Motorcycle / 3-wheel vehicle,opposite,89.5%,1335.722,1336.722,1.0,18.0
73797,Car / Sedan,2,Sedan / jeep / station wagon,opposite,75.4%,1335.922,1337.222,1.3,13.8
73813,Motorcycle,1,Motorcycle / 3-wheel vehicle,opposite,89.9%,1336.472,1338.272,1.8,10.0
73735,Motorcycle,1,Motorcycle / 3-wheel vehicle,normal,58.3%,1338.822,1336.772,2.05,8.8
73799,Motorcycle,1,Motorcycle / 3-wheel vehicle,opposite,88.8%,1337.222,1338.772,1.55,11.6
73825,Motorcycle,1,Motorcycle / 3-wheel vehicle,normal,74.6%,1339.722,1337.722,2.0,9.0
73902,Car / Sedan,2,Sedan / jeep / station wagon,opposite,93.7%,1338.872,1340.272,1.4,12.9
73858,Motorcycle,1,Motorcycle / 3-wheel vehicle,opposite,76.2%,1338.972,1340.872,1.9,9.5
74111,Motorcycle,1,Motorcycle / 3-wheel vehicle,opposite,87.4%,1340.872,1342.072,1.2,15.0
74119,Motorcycle,1,Motorcycle / 3-wheel vehicle,opposite,79.3%,1341.222,1342.372,1.15,15.7
74064,2-Axle Truck (Jumbo),6,2-Axle Truck,opposite,89.1%,1341.522,1343.172,1.65,10.9
74134,Motorcycle,1,Motorcycle / 3-wheel vehicle,opposite,87.8%,1341.822,1343.022,1.2,15.0
74212,Motorcycle,1,Motorcycle / 3-wheel vehicle,opposite,88.8%,1342.872,1344.122,1.25,14.4
74346,Motorcycle,1,Motorcycle / 3-wheel vehicle,opposite,86.8%,1344.872,1345.822,0.95,18.9
74324,Car / Sedan,2,Sedan / jeep / station wagon,opposite,93.2%,1344.922,1346.272,1.35,13.3
74375,Motorcycle,1,Motorcycle / 3-wheel vehicle,opposite,90.1%,1345.822,1347.022,1.2,15.0
74332,Public Transportation (Angkot),3,Medium passenger vehicle,normal,92.2%,1348.722,1346.022,2.7,6.7
74423,Motorcycle,1,Motorcycle / 3-wheel vehicle,opposite,87.2%,1346.722,1347.772,1.05,17.1
74457,Motorcycle,1,Motorcycle / 3-wheel vehicle,opposite,89.6%,1346.722,1347.872,1.15,15.7
74323,Motorcycle,1,Motorcycle / 3-wheel vehicle,opposite,90.5%,1346.872,1348.671,1.8,10.0
74448,Motorcycle,1,Motorcycle / 3-wheel vehicle,opposite,90.5%,1347.672,1349.121,1.45,12.4
74501,Motorcycle,1,Motorcycle / 3-wheel vehicle,opposite,81.2%,1348.421,1350.321,1.9,9.5
74526,Motorcycle,1,Motorcycle / 3-wheel vehicle,opposite,89.3%,1348.822,1350.221,1.4,12.9
74500,Car / Sedan,2,Sedan / jeep / station wagon,opposite,93.7%,1349.171,1350.721,1.55,11.6
74413,2-Axle Truck (Jumbo),6,2-Axle Truck,normal,91.0%,1351.271,1349.421,1.85,9.7
74581,Motorcycle,1,Motorcycle / 3-wheel vehicle,opposite,90.1%,1350.271,1351.371,1.1,16.4
74645,Motorcycle,1,Motorcycle / 3-wheel vehicle,normal,82.9%,1352.671,1351.071,1.6,11.3
74670,Motorcycle,1,Motorcycle / 3-wheel vehicle,normal,52.0%,1353.171,1351.621,1.55,11.6
74653,Car / Sedan,2,Sedan / jeep / station wagon,opposite,93.3%,1352.321,1353.671,1.35,13.3
74725,Motorcycle,1,Motorcycle / 3-wheel vehicle,normal,75.9%,1354.421,1353.021,1.4,12.9
74744,Car / Sedan,2,Sedan / jeep / station wagon,normal,86.9%,1355.021,1353.421,1.6,11.3
74853,Motorcycle,1,Motorcycle / 3-wheel vehicle,normal,83.2%,1355.971,1354.021,1.95,9.2
74827,Public Transportation (Angkot),3,Medium passenger vehicle,opposite,94.0%,1354.771,1355.971,1.2,15.0
74877,Motorcycle,1,Motorcycle / 3-wheel vehicle,normal,75.8%,1356.671,1355.371,1.3,13.8
74999,Car / Sedan,2,Sedan / jeep / station wagon,normal,50.3%,1358.671,1355.821,2.85,6.3
74995,Motorcycle,1,Motorcycle / 3-wheel vehicle,opposite,88.3%,1356.271,1357.371,1.1,16.4
74968,Car / Sedan,2,Sedan / jeep / station wagon,opposite,93.6%,1356.671,1357.871,1.2,15.0
75028,Motorcycle,1,Motorcycle / 3-wheel vehicle,opposite,88.4%,1357.021,1358.071,1.05,17.1
75043,Motorcycle,1,Motorcycle / 3-wheel vehicle,opposite,89.5%,1357.271,1358.271,1.0,18.0
75029,Public Transportation (Angkot),3,Medium passenger vehicle,normal,89.6%,1359.871,1357.471,2.4,7.5
75090,Motorcycle,1,Motorcycle / 3-wheel vehicle,opposite,90.0%,1358.121,1359.071,0.95,18.9
75144,Motorcycle,1,Motorcycle / 3-wheel vehicle,opposite,90.1%,1358.721,1359.521,0.8,22.5
75198,Motorcycle,1,Motorcycle / 3-wheel vehicle,opposite,86.1%,1359.521,1360.571,1.05,17.1
75233,Motorcycle,1,Motorcycle / 3-wheel vehicle,opposite,89.7%,1360.171,1361.221,1.05,17.1
75082,Car / Sedan,2,Sedan / jeep / station wagon,normal,90.7%,1362.071,1360.221,1.85,9.7
75265,Motorcycle,1,Motorcycle / 3-wheel vehicle,opposite,88.4%,1360.721,1361.771,1.05,17.1
75270,Car / Sedan,2,Sedan / jeep / station wagon,opposite,93.6%,1361.371,1362.821,1.45,12.4
75329,Motorcycle,1,Motorcycle / 3-wheel vehicle,opposite,89.1%,1362.121,1363.171,1.05,17.1
75273,Motorcycle,1,Motorcycle / 3-wheel vehicle,normal,61.3%,1365.121,1363.021,2.1,8.6
75343,Car / Sedan,2,Sedan / jeep / station wagon,normal,89.8%,1365.17,1363.121,2.05,8.8
75388,Motorcycle,1,Motorcycle / 3-wheel vehicle,opposite,86.6%,1363.321,1364.471,1.15,15.7
75394,Motorcycle,1,Motorcycle / 3-wheel vehicle,opposite,89.5%,1363.471,1364.471,1.0,18.0
75442,Public Transportation (Angkot),3,Medium passenger vehicle,opposite,93.9%,1364.821,1366.22,1.4,12.9
75341,Car / Sedan,2,Sedan / jeep / station wagon,normal,86.5%,1367.47,1365.67,1.8,10.0
75561,Public Transportation (Angkot),3,Medium passenger vehicle,opposite,92.0%,1367.57,1369.07,1.5,12.0
75502,Car / Sedan,2,Sedan / jeep / station wagon,normal,61.4%,1369.32,1367.57,1.75,10.3
75612,2-Axle Truck (Jumbo),6,2-Axle Truck,opposite,92.7%,1368.87,1370.07,1.2,15.0
75694,Motorcycle,1,Motorcycle / 3-wheel vehicle,opposite,89.9%,1369.67,1370.72,1.05,17.1
75764,Public Transportation (Angkot),3,Medium passenger vehicle,opposite,92.6%,1370.92,1371.87,0.95,18.9
75587,Car / Sedan,2,Sedan / jeep / station wagon,normal,82.2%,1374.62,1371.27,3.35,5.4
75793,Car / Sedan,2,Sedan / jeep / station wagon,normal,90.1%,1373.87,1371.97,1.9,9.5
75863,Motorcycle,1,Motorcycle / 3-wheel vehicle,opposite,69.3%,1372.37,1373.32,0.95,18.9
75923,Motorcycle,1,Motorcycle / 3-wheel vehicle,normal,50.6%,1375.47,1373.87,1.6,11.2
75905,Motorcycle,1,Motorcycle / 3-wheel vehicle,normal,60.6%,1377.27,1375.02,2.25,8.0
75913,Car / Sedan,2,Sedan / jeep / station wagon,normal,91.1%,1381.22,1376.67,4.55,4.0
75802,Motorcycle,1,Motorcycle / 3-wheel vehicle,opposite,89.1%,1376.87,1379.57,2.7,6.7
76120,Motorcycle,1,Motorcycle / 3-wheel vehicle,opposite,91.2%,1378.87,1380.42,1.55,11.6
76148,Motorcycle,1,Motorcycle / 3-wheel vehicle,opposite,72.8%,1379.87,1381.67,1.8,10.0
76170,Motorcycle,1,Motorcycle / 3-wheel vehicle,opposite,88.1%,1380.67,1382.52,1.85,9.7
75985,Car / Sedan,2,Sedan / jeep / station wagon,normal,58.3%,1384.119,1381.12,3.0,6.0
76460,Motorcycle,1,Motorcycle / 3-wheel vehicle,normal,75.2%,1385.769,1383.419,2.35,7.7
76155,Car / Sedan,2,Sedan / jeep / station wagon,normal,90.9%,1387.219,1384.869,2.35,7.7
76422,Car / Sedan,2,Sedan / jeep / station wagon,normal,91.6%,1389.569,1387.619,1.95,9.2
76751,Motorcycle,1,Motorcycle / 3-wheel vehicle,opposite,89.2%,1387.869,1388.569,0.7,25.7
76764,Motorcycle,1,Motorcycle / 3-wheel vehicle,opposite,88.0%,1388.569,1389.419,0.85,21.2
76800,Motorcycle,1,Motorcycle / 3-wheel vehicle,normal,83.5%,1391.519,1390.319,1.2,15.0
76828,Motorcycle,1,Motorcycle / 3-wheel vehicle,normal,83.1%,1392.169,1391.069,1.1,16.4
76565,Car / Sedan,2,Sedan / jeep / station wagon,normal,81.5%,1394.069,1391.119,2.95,6.1
76942,Car / Sedan,2,Sedan / jeep / station wagon,normal,89.4%,1398.219,1393.219,5.0,3.6
76930,Car / Sedan,2,Sedan / jeep / station wagon,normal,92.0%,1396.819,1394.019,2.8,6.4
77037,Motorcycle,1,Motorcycle / 3-wheel vehicle,opposite,90.5%,1395.869,1397.469,1.6,11.3
77035,Motorcycle,1,Motorcycle / 3-wheel vehicle,normal,83.4%,1398.119,1395.869,2.25,8.0
77074,Motorcycle,1,Motorcycle / 3-wheel vehicle,normal,86.3%,1398.419,1396.319,2.1,8.6
77141,Motorcycle,1,Motorcycle / 3-wheel vehicle,opposite,90.3%,1396.769,1398.269,1.5,12.0
77198,Motorcycle,1,Motorcycle / 3-wheel vehicle,normal,86.1%,1399.319,1397.919,1.4,12.9
77286,Car / Sedan,2,Sedan / jeep / station wagon,opposite,93.2%,1398.069,1399.619,1.55,11.6
77367,Motorcycle,1,Motorcycle / 3-wheel vehicle,opposite,88.4%,1398.619,1399.369,0.75,24.0
77036,Public Transportation (Angkot),3,Medium passenger vehicle,normal,93.4%,1401.668,1399.419,2.25,8.0
77439,Motorcycle,1,Motorcycle / 3-wheel vehicle,normal,84.8%,1402.618,1401.069,1.55,11.6
77279,Car / Sedan,2,Sedan / jeep / station wagon,normal,73.0%,1403.868,1401.268,2.6,6.9
77570,Pickup / Micro Truck,4,Pickup / micro truck / delivery,opposite,92.0%,1402.618,1403.518,0.9,20.0
77651,Motorcycle,1,Motorcycle / 3-wheel vehicle,normal,71.2%,1404.868,1403.868,1.0,18.0
77663,Motorcycle,1,Motorcycle / 3-wheel vehicle,opposite,88.9%,1403.918,1404.568,0.65,27.7
77555,Public Transportation (Angkot),3,Medium passenger vehicle,normal,86.5%,1407.268,1404.118,3.15,5.7
77688,Motorcycle,1,Motorcycle / 3-wheel vehicle,normal,82.9%,1408.918,1404.668,4.25,4.2
77712,Motorcycle,1,Motorcycle / 3-wheel vehicle,opposite,88.7%,1404.718,1405.368,0.65,27.7
77701,Motorcycle,1,Motorcycle / 3-wheel vehicle,opposite,89.7%,1404.868,1405.468,0.6,30.0
77653,Motorcycle,1,Motorcycle / 3-wheel vehicle,opposite,88.9%,1405.568,1406.268,0.7,25.7
77756,Motorcycle,1,Motorcycle / 3-wheel vehicle,opposite,83.0%,1405.868,1406.518,0.65,27.7
77692,Motorcycle,1,Motorcycle / 3-wheel vehicle,opposite,90.4%,1407.268,1408.868,1.6,11.3
77900,Motorcycle,1,Motorcycle / 3-wheel vehicle,opposite,84.9%,1407.918,1408.618,0.7,25.7
77813,Pickup / Micro Truck,4,Pickup / micro truck / delivery,opposite,85.2%,1408.818,1410.468,1.65,10.9
77973,Motorcycle,1,Motorcycle / 3-wheel vehicle,opposite,87.4%,1409.118,1409.868,0.75,24.0
77980,Motorcycle,1,Motorcycle / 3-wheel vehicle,opposite,90.1%,1410.368,1411.718,1.35,13.3
77834,Motorcycle,1,Motorcycle / 3-wheel vehicle,normal,79.9%,1413.368,1410.768,2.6,6.9
77961,Car / Sedan,2,Sedan / jeep / station wagon,opposite,93.2%,1411.518,1413.268,1.75,10.3
78100,Motorcycle,1,Motorcycle / 3-wheel vehicle,normal,88.5%,1414.168,1411.668,2.5,7.2
78116,Motorcycle,1,Motorcycle / 3-wheel vehicle,opposite,82.7%,1411.718,1412.668,0.95,18.9
78084,Motorcycle,1,Motorcycle / 3-wheel vehicle,opposite,90.5%,1412.468,1413.818,1.35,13.3
78130,Motorcycle,1,Motorcycle / 3-wheel vehicle,opposite,88.0%,1412.868,1414.468,1.6,11.3
78160,Motorcycle,1,Motorcycle / 3-wheel vehicle,opposite,89.3%,1414.268,1416.118,1.85,9.7
78282,Motorcycle,1,Motorcycle / 3-wheel vehicle,opposite,77.3%,1414.818,1415.918,1.1,16.4
78312,Motorcycle,1,Motorcycle / 3-wheel vehicle,opposite,88.8%,1415.618,1416.468,0.85,21.2
78153,Pickup / Micro Truck,4,Pickup / micro truck / delivery,normal,71.0%,1418.017,1416.068,1.95,9.2
78341,Motorcycle,1,Motorcycle / 3-wheel vehicle,opposite,85.6%,1416.168,1417.267,1.1,16.4
78346,Motorcycle,1,Motorcycle / 3-wheel vehicle,opposite,86.0%,1416.668,1417.618,0.95,18.9
78391,Motorcycle,1,Motorcycle / 3-wheel vehicle,opposite,86.8%,1417.418,1418.368,0.95,18.9
78432,Motorcycle,1,Motorcycle / 3-wheel vehicle,opposite,89.6%,1417.967,1418.867,0.9,20.0
78338,Car / Sedan,2,Sedan / jeep / station wagon,normal,91.1%,1420.067,1418.267,1.8,10.0
78528,Motorcycle,1,Motorcycle / 3-wheel vehicle,opposite,87.4%,1419.467,1420.067,0.6,30.0
78466,Pickup / Micro Truck,4,Pickup / micro truck / delivery,normal,90.7%,1421.867,1420.167,1.7,10.6
78578,Motorcycle,1,Motorcycle / 3-wheel vehicle,opposite,88.9%,1420.517,1421.117,0.6,30.0
78679,Motorcycle,1,Motorcycle / 3-wheel vehicle,opposite,89.2%,1422.167,1422.767,0.6,30.0
78504,Pickup / Micro Truck,4,Pickup / micro truck / delivery,normal,68.4%,1424.167,1422.417,1.75,10.3
78748,Motorcycle,1,Motorcycle / 3-wheel vehicle,opposite,87.7%,1423.317,1424.067,0.75,24.0
78780,Motorcycle,1,Motorcycle / 3-wheel vehicle,opposite,89.5%,1423.767,1424.467,0.7,25.7
78897,Motorcycle,1,Motorcycle / 3-wheel vehicle,opposite,88.9%,1425.267,1426.067,0.8,22.5
78657,Car / Sedan,2,Sedan / jeep / station wagon,normal,88.5%,1427.267,1425.267,2.0,9.0
79021,Motorcycle,1,Motorcycle / 3-wheel vehicle,opposite,89.4%,1426.417,1427.117,0.7,25.7
79078,Motorcycle,1,Motorcycle / 3-wheel vehicle,normal,61.1%,1429.067,1426.817,2.25,8.0
78808,Car / Sedan,2,Sedan / jeep / station wagon,normal,90.7%,1430.167,1427.567,2.6,6.9
79189,Motorcycle,1,Motorcycle / 3-wheel vehicle,opposite,83.2%,1428.267,1429.017,0.75,24.0
79176,Motorcycle,1,Motorcycle / 3-wheel vehicle,normal,86.8%,1429.617,1428.567,1.05,17.1
79303,Motorcycle,1,Motorcycle / 3-wheel vehicle,opposite,84.8%,1429.467,1430.267,0.8,22.5
79338,Motorcycle,1,Motorcycle / 3-wheel vehicle,normal,83.7%,1433.567,1430.617,2.95,6.1
79420,Motorcycle,1,Motorcycle / 3-wheel vehicle,opposite,86.5%,1430.817,1431.417,0.6,30.0
79402,Motorcycle,1,Motorcycle / 3-wheel vehicle,opposite,88.7%,1430.867,1431.467,0.6,30.0
79406,Motorcycle,1,Motorcycle / 3-wheel vehicle,opposite,86.2%,1430.917,1431.667,0.75,24.0
79433,Motorcycle,1,Motorcycle / 3-wheel vehicle,normal,63.4%,1434.516,1431.167,3.35,5.4
79162,Car / Sedan,2,Sedan / jeep / station wagon,normal,90.5%,1433.517,1431.367,2.15,8.4
79515,Motorcycle,1,Motorcycle / 3-wheel vehicle,normal,83.6%,1434.667,1433.067,1.6,11.3
79246,Car / Sedan,2,Sedan / jeep / station wagon,normal,92.7%,1441.116,1434.016,7.1,2.5
79731,Motorcycle,1,Motorcycle / 3-wheel vehicle,opposite,88.1%,1438.016,1439.466,1.45,12.4
79884,Motorcycle,1,Motorcycle / 3-wheel vehicle,opposite,87.1%,1438.016,1438.666,0.65,27.7
79526,Car / Sedan,2,Sedan / jeep / station wagon,normal,89.6%,1446.716,1438.316,8.399,2.1
79752,Motorcycle,1,Motorcycle / 3-wheel vehicle,opposite,70.3%,1438.716,1440.466,1.75,10.3
79852,Motorcycle,1,Motorcycle / 3-wheel vehicle,opposite,88.3%,1439.366,1441.066,1.7,10.6
80087,Motorcycle,1,Motorcycle / 3-wheel vehicle,opposite,88.9%,1441.266,1442.266,1.0,18.0
80237,Motorcycle,1,Motorcycle / 3-wheel vehicle,opposite,90.1%,1442.716,1443.566,0.85,21.2
80301,Motorcycle,1,Motorcycle / 3-wheel vehicle,opposite,87.4%,1443.466,1444.316,0.85,21.2
80253,Car / Sedan,2,Sedan / jeep / station wagon,opposite,93.7%,1443.516,1444.566,1.05,17.1
80359,Motorcycle,1,Motorcycle / 3-wheel vehicle,opposite,89.2%,1444.316,1445.316,1.0,18.0
80403,Motorcycle,1,Motorcycle / 3-wheel vehicle,opposite,52.6%,1444.666,1445.516,0.85,21.2
80383,Pickup / Micro Truck,4,Pickup / micro truck / delivery,opposite,91.4%,1445.266,1446.316,1.05,17.1
80436,Motorcycle,1,Motorcycle / 3-wheel vehicle,opposite,85.5%,1445.266,1446.066,0.8,22.5
80464,Motorcycle,1,Motorcycle / 3-wheel vehicle,opposite,90.4%,1445.766,1446.866,1.1,16.4
80534,Motorcycle,1,Motorcycle / 3-wheel vehicle,opposite,84.5%,1446.416,1447.366,0.95,18.9
79738,2-Axle Truck (Jumbo),6,2-Axle Truck,normal,88.2%,1449.966,1446.616,3.35,5.4
80541,Motorcycle,1,Motorcycle / 3-wheel vehicle,opposite,90.1%,1446.666,1447.566,0.9,20.0
80599,Motorcycle,1,Motorcycle / 3-wheel vehicle,normal,83.4%,1448.766,1447.266,1.5,12.0
80788,Pickup / Micro Truck,4,Pickup / micro truck / delivery,opposite,93.1%,1451.866,1453.265,1.4,12.9
80878,Motorcycle,1,Motorcycle / 3-wheel vehicle,opposite,84.3%,1453.065,1454.115,1.05,17.1
80893,Motorcycle,1,Motorcycle / 3-wheel vehicle,opposite,89.0%,1453.465,1454.465,1.0,18.0
81015,Motorcycle,1,Motorcycle / 3-wheel vehicle,opposite,89.5%,1455.065,1455.915,0.85,21.2
80957,Motorcycle,1,Motorcycle / 3-wheel vehicle,normal,76.8%,1457.465,1455.215,2.25,8.0
81095,Motorcycle,1,Motorcycle / 3-wheel vehicle,opposite,87.4%,1455.965,1456.915,0.95,18.9
81121,Motorcycle,1,Motorcycle / 3-wheel vehicle,opposite,89.4%,1456.515,1457.465,0.95,18.9
80958,Motorcycle,1,Motorcycle / 3-wheel vehicle,opposite,80.3%,1456.865,1458.715,1.85,9.7
81200,Motorcycle,1,Motorcycle / 3-wheel vehicle,opposite,81.8%,1457.515,1458.765,1.25,14.4
81251,Motorcycle,1,Motorcycle / 3-wheel vehicle,opposite,83.1%,1458.615,1459.565,0.95,18.9
81309,3-Axle Truck (Jumbo),7,3-Axle Truck,opposite,90.9%,1462.065,1463.715,1.65,10.9
81476,Motorcycle,1,Motorcycle / 3-wheel vehicle,opposite,88.8%,1463.015,1464.565,1.55,11.6
81497,Motorcycle,1,Motorcycle / 3-wheel vehicle,opposite,90.2%,1463.265,1464.615,1.35,13.3
81429,Motorcycle,1,Motorcycle / 3-wheel vehicle,opposite,91.8%,1463.965,1465.165,1.2,15.0
81613,Car / Sedan,2,Sedan / jeep / station wagon,opposite,93.8%,1465.615,1467.265,1.65,10.9
81741,Car / Sedan,2,Sedan / jeep / station wagon,opposite,93.2%,1467.015,1467.865,0.85,21.2
81775,Public Transportation (Angkot),3,Medium passenger vehicle,opposite,94.6%,1468.564,1470.264,1.7,10.6
81936,Motorcycle,1,Motorcycle / 3-wheel vehicle,opposite,89.6%,1469.614,1470.364,0.75,24.0
81940,Car / Sedan,2,Sedan / jeep / station wagon,normal,90.7%,1472.764,1470.464,2.3,7.8
81956,Car / Sedan,2,Sedan / jeep / station wagon,opposite,93.3%,1470.714,1472.214,1.5,12.0
82148,Motorcycle,1,Motorcycle / 3-wheel vehicle,normal,62.2%,1474.264,1472.364,1.9,9.5
82167,Public Transportation (Angkot),3,Medium passenger vehicle,opposite,93.2%,1473.114,1474.514,1.4,12.9
82102,Motorcycle,1,Motorcycle / 3-wheel vehicle,normal,69.3%,1476.614,1474.264,2.35,7.7
82382,Motorcycle,1,Motorcycle / 3-wheel vehicle,opposite,89.6%,1475.214,1476.264,1.05,17.1
82428,Motorcycle,1,Motorcycle / 3-wheel vehicle,opposite,90.9%,1475.664,1476.464,0.8,22.5
81675,Car / Sedan,2,Sedan / jeep / station wagon,normal,90.7%,1478.414,1476.014,2.4,7.5
82622,Motorcycle,1,Motorcycle / 3-wheel vehicle,opposite,81.8%,1478.264,1479.064,0.8,22.5
82626,Motorcycle,1,Motorcycle / 3-wheel vehicle,opposite,84.7%,1478.414,1479.414,1.0,18.0
82621,Car / Sedan,2,Sedan / jeep / station wagon,opposite,93.6%,1478.564,1479.464,0.9,20.0
82535,Motorcycle,1,Motorcycle / 3-wheel vehicle,normal,78.8%,1481.864,1478.714,3.15,5.7
82674,Motorcycle,1,Motorcycle / 3-wheel vehicle,opposite,88.2%,1479.114,1479.964,0.85,21.2
82438,Car / Sedan,2,Sedan / jeep / station wagon,normal,64.8%,1481.064,1479.164,1.9,9.5
82675,Motorcycle,1,Motorcycle / 3-wheel vehicle,opposite,89.1%,1479.264,1480.114,0.85,21.2
82803,Motorcycle,1,Motorcycle / 3-wheel vehicle,opposite,88.8%,1480.864,1481.614,0.75,24.0
82800,Car / Sedan,2,Sedan / jeep / station wagon,opposite,93.5%,1481.114,1482.014,0.9,20.0
82612,Car / Sedan,2,Sedan / jeep / station wagon,normal,66.6%,1482.814,1481.664,1.15,15.7
82722,Car / Sedan,2,Sedan / jeep / station wagon,normal,92.1%,1484.514,1482.864,1.65,10.9
82919,Motorcycle,1,Motorcycle / 3-wheel vehicle,normal,84.2%,1485.464,1484.064,1.4,12.9
82954,Car / Sedan,2,Sedan / jeep / station wagon,normal,90.7%,1486.964,1485.464,1.5,12.0
83098,Motorcycle,1,Motorcycle / 3-wheel vehicle,opposite,89.9%,1486.164,1487.163,1.0,18.0
83095,Car / Sedan,2,Sedan / jeep / station wagon,normal,72.7%,1488.413,1486.714,1.7,10.6
82983,Car / Sedan,2,Sedan / jeep / station wagon,normal,75.2%,1488.713,1487.213,1.5,12.0
83231,Motorcycle,1,Motorcycle / 3-wheel vehicle,normal,85.2%,1490.013,1488.563,1.45,12.4
83272,Car / Sedan,2,Sedan / jeep / station wagon,opposite,93.2%,1489.413,1490.713,1.3,13.8
83263,Motorcycle,1,Motorcycle / 3-wheel vehicle,normal,80.8%,1491.113,1489.813,1.3,13.8
83248,Pickup / Micro Truck,4,Pickup / micro truck / delivery,normal,65.2%,1492.663,1490.313,2.35,7.7
83334,Motorcycle,1,Motorcycle / 3-wheel vehicle,normal,82.8%,1491.963,1490.663,1.3,13.8
83347,Motorcycle,1,Motorcycle / 3-wheel vehicle,normal,83.4%,1492.663,1491.463,1.2,15.0
83434,Pickup / Micro Truck,4,Pickup / micro truck / delivery,opposite,92.1%,1492.413,1493.513,1.1,16.4
83481,Motorcycle,1,Motorcycle / 3-wheel vehicle,opposite,87.8%,1492.713,1493.663,0.95,18.9
83520,Motorcycle,1,Motorcycle / 3-wheel vehicle,normal,78.2%,1496.013,1493.263,2.75,6.5
83469,Motorcycle,1,Motorcycle / 3-wheel vehicle,normal,82.7%,1495.513,1493.613,1.9,9.5
83567,Motorcycle,1,Motorcycle / 3-wheel vehicle,normal,78.7%,1496.263,1494.263,2.0,9.0
83452,Motorcycle,1,Motorcycle / 3-wheel vehicle,normal,86.0%,1496.463,1494.463,2.0,9.0
83586,Car / Sedan,2,Sedan / jeep / station wagon,opposite,93.1%,1494.863,1495.813,0.95,18.9
83649,Motorcycle,1,Motorcycle / 3-wheel vehicle,opposite,86.6%,1495.363,1496.213,0.85,21.2
83585,Motorcycle,1,Motorcycle / 3-wheel vehicle,normal,77.5%,1498.313,1495.763,2.55,7.1
83682,Motorcycle,1,Motorcycle / 3-wheel vehicle,opposite,87.4%,1496.663,1497.613,0.95,18.9
83486,Public Transportation (Angkot),3,Medium passenger vehicle,normal,92.5%,1499.163,1497.063,2.1,8.6
83722,Motorcycle,1,Motorcycle / 3-wheel vehicle,opposite,90.5%,1497.213,1498.113,0.9,20.0
83765,Motorcycle,1,Motorcycle / 3-wheel vehicle,opposite,87.5%,1497.763,1498.713,0.95,18.9
83849,Motorcycle,1,Motorcycle / 3-wheel vehicle,opposite,87.2%,1498.263,1499.113,0.85,21.2
83845,Car / Sedan,2,Sedan / jeep / station wagon,opposite,92.3%,1498.913,1500.563,1.65,10.9
83856,Car / Sedan,2,Sedan / jeep / station wagon,opposite,92.2%,1499.113,1500.063,0.95,18.9
83885,Motorcycle,1,Motorcycle / 3-wheel vehicle,opposite,90.0%,1499.313,1500.313,1.0,18.0
83912,Motorcycle,1,Motorcycle / 3-wheel vehicle,opposite,89.0%,1499.813,1500.863,1.05,17.1
83944,Motorcycle,1,Motorcycle / 3-wheel vehicle,opposite,87.3%,1500.213,1501.263,1.05,17.1
83999,Motorcycle,1,Motorcycle / 3-wheel vehicle,opposite,90.0%,1500.963,1501.963,1.0,18.0
84051,Motorcycle,1,Motorcycle / 3-wheel vehicle,opposite,89.0%,1501.563,1502.513,0.95,18.9
84066,2-Axle Truck (Jumbo),6,2-Axle Truck,normal,88.7%,1504.062,1501.863,2.2,8.2
84050,Car / Sedan,2,Sedan / jeep / station wagon,opposite,93.2%,1502.013,1503.162,1.15,15.7
84118,Motorcycle,1,Motorcycle / 3-wheel vehicle,opposite,89.2%,1502.613,1503.713,1.1,16.4
84191,Motorcycle,1,Motorcycle / 3-wheel vehicle,normal,84.2%,1505.412,1503.513,1.9,9.5
84210,Motorcycle,1,Motorcycle / 3-wheel vehicle,normal,84.6%,1505.912,1504.112,1.8,10.0
84124,Car / Sedan,2,Sedan / jeep / station wagon,normal,81.8%,1507.962,1504.762,3.2,5.6
84218,Motorcycle,1,Motorcycle / 3-wheel vehicle,normal,84.3%,1506.462,1505.112,1.35,13.3
84243,Car / Sedan,2,Sedan / jeep / station wagon,opposite,93.4%,1505.612,1506.862,1.25,14.4
84289,Motorcycle,1,Motorcycle / 3-wheel vehicle,normal,83.9%,1507.462,1506.112,1.35,13.3
84173,Car / Sedan,2,Sedan / jeep / station wagon,normal,79.9%,1508.262,1506.512,1.75,10.3
84359,Motorcycle,1,Motorcycle / 3-wheel vehicle,opposite,89.1%,1507.262,1508.012,0.75,24.0
84426,Motorcycle,1,Motorcycle / 3-wheel vehicle,normal,74.8%,1509.712,1508.662,1.05,17.1
84280,Pickup / Micro Truck,4,Pickup / micro truck / delivery,normal,48.2%,1511.162,1509.562,1.6,11.3
84442,Car / Sedan,2,Sedan / jeep / station wagon,normal,84.8%,1512.562,1509.662,2.9,6.2
84592,Public Transportation (Angkot),3,Medium passenger vehicle,opposite,82.0%,1510.512,1511.412,0.9,20.0
84607,Motorcycle,1,Motorcycle / 3-wheel vehicle,opposite,83.4%,1511.012,1512.062,1.05,17.1
84478,Motorcycle,1,Motorcycle / 3-wheel vehicle,normal,83.4%,1513.612,1511.262,2.35,7.7
84684,Motorcycle,1,Motorcycle / 3-wheel vehicle,normal,86.0%,1517.562,1512.812,4.75,3.8
84735,Car / Sedan,2,Sedan / jeep / station wagon,opposite,93.6%,1513.362,1514.412,1.05,17.1
84827,Motorcycle,1,Motorcycle / 3-wheel vehicle,opposite,89.3%,1513.912,1514.512,0.6,30.0
84849,Motorcycle,1,Motorcycle / 3-wheel vehicle,opposite,88.1%,1514.662,1515.562,0.9,20.0
84878,Motorcycle,1,Motorcycle / 3-wheel vehicle,opposite,89.4%,1515.212,1516.112,0.9,20.0
84892,Motorcycle,1,Motorcycle / 3-wheel vehicle,opposite,88.8%,1515.562,1516.512,0.95,18.9
84925,Motorcycle,1,Motorcycle / 3-wheel vehicle,opposite,85.3%,1515.912,1516.862,0.95,18.9
84909,Car / Sedan,2,Sedan / jeep / station wagon,opposite,93.8%,1516.362,1517.562,1.2,15.0
84741,Motorcycle,1,Motorcycle / 3-wheel vehicle,opposite,86.2%,1517.562,1519.512,1.95,9.2
85073,Motorcycle,1,Motorcycle / 3-wheel vehicle,opposite,86.0%,1518.162,1519.312,1.15,15.7
85089,Motorcycle,1,Motorcycle / 3-wheel vehicle,opposite,90.5%,1519.512,1520.911,1.4,12.9
85189,Car / Sedan,2,Sedan / jeep / station wagon,opposite,93.0%,1521.411,1522.811,1.4,12.9
85283,Motorcycle,1,Motorcycle / 3-wheel vehicle,opposite,87.8%,1522.011,1523.211,1.2,15.0
85328,Motorcycle,1,Motorcycle / 3-wheel vehicle,opposite,88.0%,1522.661,1523.811,1.15,15.7
85134,Car / Sedan,2,Sedan / jeep / station wagon,opposite,92.3%,1523.511,1525.511,2.0,9.0
85400,Motorcycle,1,Motorcycle / 3-wheel vehicle,opposite,72.2%,1523.711,1524.911,1.2,15.0
85483,Motorcycle,1,Motorcycle / 3-wheel vehicle,opposite,66.8%,1524.561,1525.361,0.8,22.5
85485,Motorcycle,1,Motorcycle / 3-wheel vehicle,opposite,83.2%,1524.661,1525.911,1.25,14.4
85532,Motorcycle,1,Motorcycle / 3-wheel vehicle,opposite,81.8%,1525.311,1526.511,1.2,15.0
85368,Car / Sedan,2,Sedan / jeep / station wagon,opposite,64.6%,1527.561,1529.661,2.1,8.6
85680,Motorcycle,1,Motorcycle / 3-wheel vehicle,opposite,86.9%,1527.661,1528.711,1.05,17.1
85736,Motorcycle,1,Motorcycle / 3-wheel vehicle,opposite,88.3%,1528.661,1529.711,1.05,17.1
85794,Motorcycle,1,Motorcycle / 3-wheel vehicle,opposite,87.3%,1529.861,1530.661,0.8,22.5
85672,Car / Sedan,2,Sedan / jeep / station wagon,opposite,92.8%,1530.811,1532.611,1.8,10.0
85849,Motorcycle,1,Motorcycle / 3-wheel vehicle,opposite,86.7%,1531.061,1532.011,0.95,18.9
85810,Motorcycle,1,Motorcycle / 3-wheel vehicle,opposite,89.3%,1532.061,1533.561,1.5,12.0
85938,Motorcycle,1,Motorcycle / 3-wheel vehicle,opposite,86.7%,1532.461,1533.511,1.05,17.1
85994,Motorcycle,1,Motorcycle / 3-wheel vehicle,opposite,87.5%,1533.461,1534.411,0.95,18.9
86008,Motorcycle,1,Motorcycle / 3-wheel vehicle,opposite,88.5%,1533.911,1534.911,1.0,18.0
85872,Car / Sedan,2,Sedan / jeep / station wagon,opposite,93.9%,1534.211,1535.811,1.6,11.3
86042,Car / Sedan,2,Sedan / jeep / station wagon,opposite,93.2%,1536.161,1537.561,1.4,12.9
86212,Motorcycle,1,Motorcycle / 3-wheel vehicle,opposite,89.0%,1537.561,1539.36,1.8,10.0
86169,Public Transportation (Angkot),3,Medium passenger vehicle,opposite,93.2%,1537.66,1539.41,1.75,10.3
86180,Motorcycle,1,Motorcycle / 3-wheel vehicle,opposite,86.9%,1538.96,1541.01,2.05,8.8
86284,Motorcycle,1,Motorcycle / 3-wheel vehicle,opposite,88.2%,1539.01,1540.16,1.15,15.7
86335,Motorcycle,1,Motorcycle / 3-wheel vehicle,opposite,84.4%,1540.06,1541.21,1.15,15.7
86279,Motorcycle,1,Motorcycle / 3-wheel vehicle,opposite,83.0%,1540.86,1542.51,1.65,10.9
86403,Motorcycle,1,Motorcycle / 3-wheel vehicle,opposite,88.3%,1540.96,1542.06,1.1,16.4
86308,Car / Sedan,2,Sedan / jeep / station wagon,opposite,93.0%,1543.46,1546.01,2.55,7.1
86586,Motorcycle,1,Motorcycle / 3-wheel vehicle,opposite,86.2%,1544.31,1545.61,1.3,13.8
86516,Car / Sedan,2,Sedan / jeep / station wagon,opposite,93.4%,1545.51,1548.21,2.7,6.7
86756,Motorcycle,1,Motorcycle / 3-wheel vehicle,opposite,74.8%,1547.26,1549.46,2.2,8.2
86683,Pickup / Micro Truck,4,Pickup / micro truck / delivery,opposite,92.5%,1548.11,1551.36,3.25,5.5
86822,Motorcycle,1,Motorcycle / 3-wheel vehicle,opposite,84.2%,1548.91,1550.16,1.25,14.4
86907,Motorcycle,1,Motorcycle / 3-wheel vehicle,opposite,87.6%,1550.36,1551.56,1.2,15.0
86966,Motorcycle,1,Motorcycle / 3-wheel vehicle,opposite,84.7%,1551.41,1552.56,1.15,15.7
86881,Car / Sedan,2,Sedan / jeep / station wagon,opposite,92.8%,1552.11,1557.209,5.1,3.5
87056,Motorcycle,1,Motorcycle / 3-wheel vehicle,opposite,83.0%,1552.46,1553.91,1.45,12.4
87121,Motorcycle,1,Motorcycle / 3-wheel vehicle,opposite,83.9%,1554.06,1555.509,1.45,12.4
87076,Motorcycle,1,Motorcycle / 3-wheel vehicle,normal,74.5%,1555.86,1554.16,1.7,10.6
87077,Car / Sedan,2,Sedan / jeep / station wagon,normal,86.1%,1556.809,1554.56,2.25,8.0
87184,Motorcycle,1,Motorcycle / 3-wheel vehicle,opposite,88.2%,1554.759,1555.659,0.9,20.0
87276,Motorcycle,1,Motorcycle / 3-wheel vehicle,opposite,89.2%,1556.859,1558.459,1.6,11.3
87315,Motorcycle,1,Motorcycle / 3-wheel vehicle,normal,74.7%,1558.459,1556.909,1.55,11.6
87230,Car / Sedan,2,Sedan / jeep / station wagon,normal,84.3%,1559.209,1557.109,2.1,8.6
87357,Motorcycle,1,Motorcycle / 3-wheel vehicle,normal,85.6%,1558.659,1557.459,1.2,15.0
87441,Motorcycle,1,Motorcycle / 3-wheel vehicle,opposite,88.7%,1559.109,1560.209,1.1,16.4
87406,2-Axle Truck (Jumbo),6,2-Axle Truck,normal,92.3%,1561.259,1559.609,1.65,10.9
87508,Motorcycle,1,Motorcycle / 3-wheel vehicle,opposite,89.8%,1560.009,1561.059,1.05,17.1
87519,Motorcycle,1,Motorcycle / 3-wheel vehicle,opposite,83.7%,1560.109,1561.609,1.5,12.0
87585,Public Transportation (Angkot),3,Medium passenger vehicle,normal,91.9%,1564.059,1561.709,2.35,7.7
87640,Motorcycle,1,Motorcycle / 3-wheel vehicle,opposite,90.1%,1562.509,1563.509,1.0,18.0
87678,Motorcycle,1,Motorcycle / 3-wheel vehicle,opposite,88.8%,1563.359,1564.259,0.9,20.0
87608,Pickup / Micro Truck,4,Pickup / micro truck / delivery,normal,90.0%,1565.559,1563.859,1.7,10.6
87716,Motorcycle,1,Motorcycle / 3-wheel vehicle,opposite,86.6%,1564.009,1565.209,1.2,15.0
87831,Motorcycle,1,Motorcycle / 3-wheel vehicle,opposite,83.4%,1565.759,1566.509,0.75,24.0
87794,Car / Sedan,2,Sedan / jeep / station wagon,opposite,91.9%,1565.859,1567.009,1.15,15.7
87701,2-Axle Truck (Jumbo),6,2-Axle Truck,normal,91.2%,1568.059,1566.409,1.65,10.9
87826,Motorcycle,1,Motorcycle / 3-wheel vehicle,opposite,86.0%,1567.259,1568.309,1.05,17.1
87894,Motorcycle,1,Motorcycle / 3-wheel vehicle,normal,85.1%,1569.559,1568.309,1.25,14.4
87960,Motorcycle,1,Motorcycle / 3-wheel vehicle,opposite,89.8%,1568.359,1569.259,0.9,20.0
87997,Motorcycle,1,Motorcycle / 3-wheel vehicle,opposite,82.1%,1569.209,1570.359,1.15,15.7
88021,Car / Sedan,2,Sedan / jeep / station wagon,opposite,89.7%,1569.509,1570.559,1.05,17.1
87994,Motorcycle,1,Motorcycle / 3-wheel vehicle,normal,71.6%,1571.309,1570.059,1.25,14.4
88048,Motorcycle,1,Motorcycle / 3-wheel vehicle,opposite,83.5%,1570.109,1571.409,1.3,13.8
88125,Motorcycle,1,Motorcycle / 3-wheel vehicle,opposite,88.7%,1571.458,1572.359,0.9,20.0
88168,Motorcycle,1,Motorcycle / 3-wheel vehicle,normal,86.8%,1573.258,1572.609,0.65,27.7
88107,Car / Sedan,2,Sedan / jeep / station wagon,normal,90.5%,1574.658,1573.458,1.2,15.0
88267,Motorcycle,1,Motorcycle / 3-wheel vehicle,opposite,84.2%,1574.508,1575.258,0.75,24.0
88297,Motorcycle,1,Motorcycle / 3-wheel vehicle,opposite,89.1%,1575.408,1575.958,0.55,32.7
88213,Car / Sedan,2,Sedan / jeep / station wagon,normal,91.2%,1576.958,1575.658,1.3,13.8
88299,Car / Sedan,2,Sedan / jeep / station wagon,opposite,93.2%,1575.908,1576.658,0.75,24.0
88339,Motorcycle,1,Motorcycle / 3-wheel vehicle,opposite,88.7%,1576.758,1577.358,0.6,30.0
88331,Motorcycle,1,Motorcycle / 3-wheel vehicle,normal,84.9%,1578.008,1576.808,1.2,15.0
88355,Motorcycle,1,Motorcycle / 3-wheel vehicle,opposite,89.8%,1577.158,1577.808,0.65,27.7
88288,Car / Sedan,2,Sedan / jeep / station wagon,normal,90.7%,1578.608,1577.358,1.25,14.4
88438,Motorcycle,1,Motorcycle / 3-wheel vehicle,normal,82.7%,1580.508,1579.108,1.4,12.9
88496,Pickup / Micro Truck,4,Pickup / micro truck / delivery,opposite,92.2%,1580.308,1581.758,1.45,12.4
88697,Motorcycle,1,Motorcycle / 3-wheel vehicle,opposite,91.1%,1583.508,1584.958,1.45,12.4
88771,Motorcycle,1,Motorcycle / 3-wheel vehicle,normal,50.3%,1586.808,1592.057,5.25,3.4
88589,Car / Sedan,2,Sedan / jeep / station wagon,opposite,92.7%,1587.308,1589.957,2.65,6.8
88824,Motorcycle,1,Motorcycle / 3-wheel vehicle,opposite,88.8%,1588.458,1590.207,1.75,10.3
88970,Motorcycle,1,Motorcycle / 3-wheel vehicle,opposite,87.7%,1588.707,1589.557,0.85,21.2
88868,Motorcycle,1,Motorcycle / 3-wheel vehicle,opposite,86.4%,1589.158,1591.107,1.95,9.2
88609,2-Axle Truck (Jumbo),6,2-Axle Truck,normal,89.8%,1600.657,1590.158,10.499,1.7
89051,Car / Sedan,2,Sedan / jeep / station wagon,opposite,93.8%,1593.107,1594.957,1.85,9.7
89245,Motorcycle,1,Motorcycle / 3-wheel vehicle,opposite,84.8%,1594.407,1595.607,1.2,15.0
88982,Car / Sedan,2,Sedan / jeep / station wagon,opposite,93.7%,1595.107,1597.007,1.9,9.5
89310,Motorcycle,1,Motorcycle / 3-wheel vehicle,opposite,86.6%,1595.857,1596.957,1.1,16.4
89247,Motorcycle,1,Motorcycle / 3-wheel vehicle,opposite,89.1%,1596.507,1598.057,1.55,11.6
89368,Motorcycle,1,Motorcycle / 3-wheel vehicle,opposite,90.6%,1596.757,1599.057,2.3,7.8
89317,Motorcycle,1,Motorcycle / 3-wheel vehicle,opposite,90.6%,1597.607,1599.307,1.7,10.6
89395,Car / Sedan,2,Sedan / jeep / station wagon,opposite,93.8%,1599.507,1601.357,1.85,9.7
89100,Car / Sedan,2,Sedan / jeep / station wagon,normal,74.6%,1604.107,1600.757,3.35,5.4
89671,Motorcycle,1,Motorcycle / 3-wheel vehicle,opposite,81.4%,1602.307,1603.357,1.05,17.1
89718,Car / Sedan,2,Sedan / jeep / station wagon,opposite,92.4%,1604.357,1605.957,1.6,11.3
89773,2-Axle Truck (Jumbo),6,2-Axle Truck,opposite,93.5%,1606.006,1607.407,1.4,12.9
89962,Motorcycle,1,Motorcycle / 3-wheel vehicle,normal,81.9%,1610.456,1608.006,2.45,7.3
89991,Car / Sedan,2,Sedan / jeep / station wagon,normal,91.8%,1610.656,1609.006,1.65,10.9
90018,Public Transportation (Angkot),3,Medium passenger vehicle,opposite,92.4%,1609.556,1610.906,1.35,13.3
90035,Car / Sedan,2,Sedan / jeep / station wagon,normal,91.8%,1612.706,1611.106,1.6,11.3
90146,Car / Sedan,2,Sedan / jeep / station wagon,normal,90.4%,1615.356,1612.656,2.7,6.7
90264,Motorcycle,1,Motorcycle / 3-wheel vehicle,opposite,87.0%,1614.706,1615.456,0.75,24.0
90332,Motorcycle,1,Motorcycle / 3-wheel vehicle,opposite,88.3%,1615.706,1616.306,0.6,30.0
90281,Motorcycle,1,Motorcycle / 3-wheel vehicle,opposite,90.3%,1616.856,1618.456,1.6,11.3
90342,Motorcycle,1,Motorcycle / 3-wheel vehicle,opposite,89.6%,1617.406,1618.656,1.25,14.4
90338,Motorcycle,1,Motorcycle / 3-wheel vehicle,normal,84.1%,1618.556,1617.506,1.05,17.1
90391,Motorcycle,1,Motorcycle / 3-wheel vehicle,opposite,90.4%,1617.906,1619.556,1.65,10.9
90508,Motorcycle,1,Motorcycle / 3-wheel vehicle,normal,77.9%,1621.056,1619.256,1.8,10.0
90553,Motorcycle,1,Motorcycle / 3-wheel vehicle,opposite,87.6%,1619.656,1620.456,0.8,22.5
90580,Motorcycle,1,Motorcycle / 3-wheel vehicle,normal,80.7%,1621.106,1620.206,0.9,20.0
90583,Motorcycle,1,Motorcycle / 3-wheel vehicle,normal,58.9%,1622.656,1620.706,1.95,9.2
90569,Motorcycle,1,Motorcycle / 3-wheel vehicle,normal,81.5%,1621.806,1620.906,0.9,20.0
90652,Motorcycle,1,Motorcycle / 3-wheel vehicle,normal,77.8%,1623.355,1621.756,1.6,11.3
90677,Motorcycle,1,Motorcycle / 3-wheel vehicle,opposite,88.5%,1621.956,1622.806,0.85,21.2
90735,Motorcycle,1,Motorcycle / 3-wheel vehicle,normal,86.7%,1624.406,1623.505,0.9,20.0
90799,Car / Sedan,2,Sedan / jeep / station wagon,normal,90.6%,1625.655,1624.156,1.5,12.0
90854,Motorcycle,1,Motorcycle / 3-wheel vehicle,normal,83.7%,1627.255,1625.155,2.1,8.6
90891,Motorcycle,1,Motorcycle / 3-wheel vehicle,normal,84.0%,1628.205,1626.655,1.55,11.6
90963,Motorcycle,1,Motorcycle / 3-wheel vehicle,opposite,89.5%,1626.855,1627.455,0.6,30.0
91024,Car / Sedan,2,Sedan / jeep / station wagon,normal,92.8%,1629.655,1628.855,0.8,22.5
91116,Motorcycle,1,Motorcycle / 3-wheel vehicle,opposite,90.2%,1629.405,1629.855,0.45,40.0
91179,Motorcycle,1,Motorcycle / 3-wheel vehicle,opposite,90.6%,1630.205,1630.655,0.45,40.0
91114,Motorcycle,1,Motorcycle / 3-wheel vehicle,normal,83.5%,1631.605,1630.555,1.05,17.1
91111,Motorcycle,1,Motorcycle / 3-wheel vehicle,opposite,90.4%,1630.605,1631.055,0.45,40.0
91252,Motorcycle,1,Motorcycle / 3-wheel vehicle,normal,84.2%,1632.405,1631.555,0.85,21.2
91312,Motorcycle,1,Motorcycle / 3-wheel vehicle,opposite,90.3%,1632.055,1632.455,0.4,45.0
91291,Motorcycle,1,Motorcycle / 3-wheel vehicle,normal,83.0%,1634.205,1632.455,1.75,10.3
91276,Car / Sedan,2,Sedan / jeep / station wagon,normal,91.8%,1634.355,1633.355,1.0,18.0
91451,Motorcycle,1,Motorcycle / 3-wheel vehicle,opposite,90.4%,1634.105,1634.555,0.45,40.0
91479,Motorcycle,1,Motorcycle / 3-wheel vehicle,opposite,88.1%,1634.855,1635.555,0.7,25.7
91450,Motorcycle,1,Motorcycle / 3-wheel vehicle,normal,81.2%,1636.705,1635.055,1.65,10.9
91449,Motorcycle,1,Motorcycle / 3-wheel vehicle,normal,77.2%,1636.155,1635.305,0.85,21.2
91505,Motorcycle,1,Motorcycle / 3-wheel vehicle,opposite,88.9%,1635.355,1635.955,0.6,30.0
91566,Motorcycle,1,Motorcycle / 3-wheel vehicle,normal,82.3%,1637.905,1636.405,1.5,12.0
91730,Motorcycle,1,Motorcycle / 3-wheel vehicle,opposite,88.2%,1638.955,1639.555,0.6,30.0
91688,Motorcycle,1,Motorcycle / 3-wheel vehicle,normal,70.6%,1642.254,1639.655,2.6,6.9
91797,Motorcycle,1,Motorcycle / 3-wheel vehicle,opposite,89.8%,1639.905,1640.505,0.6,30.0
91824,Motorcycle,1,Motorcycle / 3-wheel vehicle,normal,58.2%,1643.254,1640.505,2.75,6.5
91868,Motorcycle,1,Motorcycle / 3-wheel vehicle,normal,75.3%,1645.504,1641.205,4.3,4.2
91885,Motorcycle,1,Motorcycle / 3-wheel vehicle,opposite,89.2%,1641.455,1642.104,0.65,27.7
91956,Motorcycle,1,Motorcycle / 3-wheel vehicle,opposite,90.4%,1642.704,1643.354,0.65,27.7
92079,Motorcycle,1,Motorcycle / 3-wheel vehicle,opposite,87.4%,1644.704,1645.354,0.65,27.7
92096,Motorcycle,1,Motorcycle / 3-wheel vehicle,opposite,88.7%,1645.054,1645.654,0.6,30.0
92110,Motorcycle,1,Motorcycle / 3-wheel vehicle,opposite,90.2%,1645.454,1646.154,0.7,25.7
92154,Motorcycle,1,Motorcycle / 3-wheel vehicle,opposite,90.1%,1646.004,1646.704,0.7,25.7
92202,Motorcycle,1,Motorcycle / 3-wheel vehicle,opposite,89.8%,1646.504,1647.154,0.65,27.7
92243,Motorcycle,1,Motorcycle / 3-wheel vehicle,opposite,82.9%,1647.054,1656.354,9.299,1.9
92249,Motorcycle,1,Motorcycle / 3-wheel vehicle,opposite,88.6%,1647.204,1647.904,0.7,25.7
92180,Motorcycle,1,Motorcycle / 3-wheel vehicle,opposite,89.7%,1648.254,1649.654,1.4,12.9
92040,Car / Sedan,2,Sedan / jeep / station wagon,opposite,90.9%,1648.654,1650.754,2.1,8.6
92275,Motorcycle,1,Motorcycle / 3-wheel vehicle,opposite,89.2%,1649.204,1650.454,1.25,14.4
92306,Motorcycle,1,Motorcycle / 3-wheel vehicle,opposite,90.4%,1649.704,1651.154,1.45,12.4
92427,Motorcycle,1,Motorcycle / 3-wheel vehicle,opposite,88.3%,1650.254,1651.454,1.2,15.0
92397,Motorcycle,1,Motorcycle / 3-wheel vehicle,opposite,91.2%,1650.954,1652.454,1.5,12.0
92537,Motorcycle,1,Motorcycle / 3-wheel vehicle,normal,83.0%,1652.654,1651.254,1.4,12.9
92544,Motorcycle,1,Motorcycle / 3-wheel vehicle,opposite,85.4%,1651.904,1652.754,0.85,21.2
92572,Motorcycle,1,Motorcycle / 3-wheel vehicle,opposite,90.2%,1651.954,1653.104,1.15,15.7
92565,Motorcycle,1,Motorcycle / 3-wheel vehicle,normal,70.5%,1653.454,1652.054,1.4,12.9
92571,Motorcycle,1,Motorcycle / 3-wheel vehicle,opposite,90.0%,1652.454,1653.654,1.2,15.0
92479,Car / Sedan,2,Sedan / jeep / station wagon,normal,91.0%,1654.904,1653.154,1.75,10.3
92698,Motorcycle,1,Motorcycle / 3-wheel vehicle,opposite,89.3%,1654.104,1655.054,0.95,18.9
92770,Motorcycle,1,Motorcycle / 3-wheel vehicle,opposite,88.1%,1654.704,1655.604,0.9,20.0
92738,Motorcycle,1,Motorcycle / 3-wheel vehicle,normal,81.3%,1655.854,1654.704,1.15,15.7
92754,Motorcycle,1,Motorcycle / 3-wheel vehicle,opposite,89.1%,1654.854,1655.754,0.9,20.0
92825,Motorcycle,1,Motorcycle / 3-wheel vehicle,normal,65.0%,1656.704,1655.254,1.45,12.4
92861,Car / Sedan,2,Sedan / jeep / station wagon,opposite,92.6%,1656.704,1657.853,1.15,15.7
92980,Motorcycle,1,Motorcycle / 3-wheel vehicle,opposite,86.6%,1657.353,1658.204,0.85,21.2
93026,Pickup / Micro Truck,4,Pickup / micro truck / delivery,opposite,92.8%,1658.653,1659.853,1.2,15.0
93068,Motorcycle,1,Motorcycle / 3-wheel vehicle,normal,67.6%,1661.253,1659.253,2.0,9.0
93207,Motorcycle,1,Motorcycle / 3-wheel vehicle,opposite,88.1%,1660.453,1661.053,0.6,30.0
93198,Motorcycle,1,Motorcycle / 3-wheel vehicle,opposite,71.0%,1660.903,1661.703,0.8,22.5
93242,Pickup / Micro Truck,4,Pickup / micro truck / delivery,opposite,93.6%,1661.603,1662.703,1.1,16.4
93281,Motorcycle,1,Motorcycle / 3-wheel vehicle,opposite,90.9%,1661.953,1662.803,0.85,21.2
93149,Car / Sedan,2,Sedan / jeep / station wagon,normal,70.7%,1664.703,1662.753,1.95,9.2
93414,Motorcycle,1,Motorcycle / 3-wheel vehicle,opposite,87.2%,1664.253,1665.103,0.85,21.2
93492,Motorcycle,1,Motorcycle / 3-wheel vehicle,normal,81.6%,1666.603,1665.653,0.95,18.9
93537,Motorcycle,1,Motorcycle / 3-wheel vehicle,normal,83.5%,1667.103,1666.103,1.0,18.0
93561,Motorcycle,1,Motorcycle / 3-wheel vehicle,normal,77.8%,1667.253,1666.303,0.95,18.9
93553,Car / Sedan,2,Sedan / jeep / station wagon,opposite,92.9%,1666.503,1667.353,0.85,21.2
93574,Motorcycle,1,Motorcycle / 3-wheel vehicle,opposite,77.5%,1666.703,1668.053,1.35,13.3
93548,Motorcycle,1,Motorcycle / 3-wheel vehicle,normal,83.9%,1668.353,1667.203,1.15,15.7
93687,Motorcycle,1,Motorcycle / 3-wheel vehicle,opposite,88.3%,1668.403,1669.353,0.95,18.9
93737,Motorcycle,1,Motorcycle / 3-wheel vehicle,opposite,87.9%,1669.253,1670.203,0.95,18.9
93728,Car / Sedan,2,Sedan / jeep / station wagon,opposite,93.9%,1669.403,1670.453,1.05,17.1
93606,Car / Sedan,2,Sedan / jeep / station wagon,normal,72.0%,1673.603,1669.553,4.05,4.4
93738,Motorcycle,1,Motorcycle / 3-wheel vehicle,normal,72.6%,1672.053,1669.703,2.35,7.7
93820,Motorcycle,1,Motorcycle / 3-wheel vehicle,normal,79.3%,1673.753,1670.353,3.4,5.3
93861,Motorcycle,1,Motorcycle / 3-wheel vehicle,opposite,90.2%,1671.403,1672.053,0.65,27.7
93849,Motorcycle,1,Motorcycle / 3-wheel vehicle,normal,85.9%,1674.353,1671.453,2.9,6.2
93676,Motorcycle,1,Motorcycle / 3-wheel vehicle,opposite,89.4%,1671.703,1673.303,1.6,11.3
93889,Motorcycle,1,Motorcycle / 3-wheel vehicle,opposite,86.4%,1671.853,1672.853,1.0,18.0
93863,Motorcycle,1,Motorcycle / 3-wheel vehicle,opposite,88.8%,1672.053,1674.003,1.95,9.2
93825,Motorcycle,1,Motorcycle / 3-wheel vehicle,opposite,87.8%,1673.103,1674.753,1.65,10.9
93917,Motorcycle,1,Motorcycle / 3-wheel vehicle,opposite,88.2%,1673.903,1675.203,1.3,13.8
93918,Motorcycle,1,Motorcycle / 3-wheel vehicle,normal,78.9%,1675.852,1673.903,1.95,9.2
93936,Motorcycle,1,Motorcycle / 3-wheel vehicle,normal,67.8%,1675.602,1674.253,1.35,13.3
94110,Motorcycle,1,Motorcycle / 3-wheel vehicle,normal,48.5%,1676.752,1675.203,1.55,11.6
94149,Motorcycle,1,Motorcycle / 3-wheel vehicle,normal,82.1%,1677.352,1675.753,1.6,11.3
94159,Motorcycle,1,Motorcycle / 3-wheel vehicle,opposite,80.5%,1675.852,1676.552,0.7,25.7
94128,Car / Sedan,2,Sedan / jeep / station wagon,opposite,93.5%,1676.102,1677.202,1.1,16.4
94217,Motorcycle,1,Motorcycle / 3-wheel vehicle,opposite,68.1%,1676.752,1677.652,0.9,20.0
94431,Motorcycle,1,Motorcycle / 3-wheel vehicle,opposite,86.5%,1679.652,1680.502,0.85,21.2
94370,Car / Sedan,2,Sedan / jeep / station wagon,normal,88.6%,1680.752,1679.952,0.8,22.5
94441,Motorcycle,1,Motorcycle / 3-wheel vehicle,opposite,89.6%,1680.002,1680.802,0.8,22.5
94492,Motorcycle,1,Motorcycle / 3-wheel vehicle,opposite,89.0%,1680.802,1681.552,0.75,24.0
94501,Car / Sedan,2,Sedan / jeep / station wagon,opposite,93.9%,1681.652,1682.652,1.0,18.0
94550,Motorcycle,1,Motorcycle / 3-wheel vehicle,normal,84.4%,1684.102,1682.652,1.45,12.4
94616,Motorcycle,1,Motorcycle / 3-wheel vehicle,opposite,85.5%,1682.702,1683.702,1.0,18.0
94629,Motorcycle,1,Motorcycle / 3-wheel vehicle,opposite,90.2%,1683.002,1683.752,0.75,24.0
94658,Motorcycle,1,Motorcycle / 3-wheel vehicle,normal,54.3%,1684.502,1683.452,1.05,17.1
94668,Motorcycle,1,Motorcycle / 3-wheel vehicle,normal,84.6%,1684.752,1683.702,1.05,17.1
94708,Motorcycle,1,Motorcycle / 3-wheel vehicle,normal,70.0%,1685.952,1684.752,1.2,15.0
94784,Motorcycle,1,Motorcycle / 3-wheel vehicle,normal,62.2%,1686.652,1685.452,1.2,15.0
94768,Car / Sedan,2,Sedan / jeep / station wagon,opposite,93.2%,1685.802,1686.752,0.95,18.9
94867,Motorcycle,1,Motorcycle / 3-wheel vehicle,opposite,84.5%,1687.052,1687.852,0.8,22.5
94886,Motorcycle,1,Motorcycle / 3-wheel vehicle,opposite,88.4%,1687.402,1688.202,0.8,22.5
94945,Motorcycle,1,Motorcycle / 3-wheel vehicle,normal,73.8%,1690.102,1688.552,1.55,11.6
94965,Pickup / Micro Truck,4,Pickup / micro truck / delivery,opposite,92.3%,1688.952,1690.202,1.25,14.4
95014,Car / Sedan,2,Sedan / jeep / station wagon,opposite,93.1%,1689.702,1690.502,0.8,22.5
95069,Motorcycle,1,Motorcycle / 3-wheel vehicle,opposite,84.6%,1690.502,1691.302,0.8,22.5
95054,Car / Sedan,2,Sedan / jeep / station wagon,opposite,93.1%,1690.752,1691.851,1.1,16.4
95103,Motorcycle,1,Motorcycle / 3-wheel vehicle,opposite,69.2%,1691.102,1691.951,0.85,21.2
95114,Car / Sedan,2,Sedan / jeep / station wagon,opposite,91.1%,1691.851,1692.951,1.1,16.4
95163,Motorcycle,1,Motorcycle / 3-wheel vehicle,opposite,67.2%,1692.151,1693.151,1.0,18.0
95093,Car / Sedan,2,Sedan / jeep / station wagon,normal,90.5%,1695.651,1692.701,2.95,6.1
95251,Car / Sedan,2,Sedan / jeep / station wagon,opposite,93.4%,1694.001,1695.051,1.05,17.1
95301,Motorcycle,1,Motorcycle / 3-wheel vehicle,opposite,90.4%,1694.051,1695.851,1.8,10.0
95231,Motorcycle,1,Motorcycle / 3-wheel vehicle,opposite,66.5%,1695.551,1697.101,1.55,11.6
95370,Car / Sedan,2,Sedan / jeep / station wagon,opposite,93.9%,1695.651,1696.701,1.05,17.1
95436,Motorcycle,1,Motorcycle / 3-wheel vehicle,opposite,89.3%,1696.301,1697.201,0.9,20.0
95393,Motorcycle,1,Motorcycle / 3-wheel vehicle,normal,55.2%,1699.851,1696.451,3.4,5.3
95485,Motorcycle,1,Motorcycle / 3-wheel vehicle,opposite,88.2%,1697.251,1698.051,0.8,22.5
95525,Motorcycle,1,Motorcycle / 3-wheel vehicle,opposite,86.2%,1697.701,1698.751,1.05,17.1
95336,Car / Sedan,2,Sedan / jeep / station wagon,normal,88.6%,1701.451,1697.701,3.75,4.8
95497,Car / Sedan,2,Sedan / jeep / station wagon,opposite,93.6%,1697.901,1699.101,1.2,15.0
95534,Motorcycle,1,Motorcycle / 3-wheel vehicle,opposite,89.8%,1698.551,1700.251,1.7,10.6
95561,Motorcycle,1,Motorcycle / 3-wheel vehicle,normal,76.2%,1700.801,1699.101,1.7,10.6
95697,Motorcycle,1,Motorcycle / 3-wheel vehicle,opposite,87.4%,1700.101,1701.201,1.1,16.4
95567,Car / Sedan,2,Sedan / jeep / station wagon,normal,91.3%,1701.851,1700.451,1.4,12.9
95769,Motorcycle,1,Motorcycle / 3-wheel vehicle,opposite,85.4%,1701.151,1702.151,1.0,18.0
95785,Motorcycle,1,Motorcycle / 3-wheel vehicle,normal,83.5%,1703.101,1701.501,1.6,11.3
95795,Motorcycle,1,Motorcycle / 3-wheel vehicle,opposite,89.4%,1701.851,1702.901,1.05,17.1
95828,Motorcycle,1,Motorcycle / 3-wheel vehicle,normal,62.0%,1703.551,1702.151,1.4,12.9
95835,Motorcycle,1,Motorcycle / 3-wheel vehicle,opposite,90.2%,1702.501,1703.551,1.05,17.1
95943,Motorcycle,1,Motorcycle / 3-wheel vehicle,opposite,89.4%,1704.801,1705.951,1.15,15.7
95886,Car / Sedan,2,Sedan / jeep / station wagon,normal,90.9%,1706.251,1705.051,1.2,15.0
95944,Car / Sedan,2,Sedan / jeep / station wagon,opposite,93.5%,1705.151,1706.351,1.2,15.0
95994,Motorcycle,1,Motorcycle / 3-wheel vehicle,normal,84.2%,1707.501,1706.501,1.0,18.0
96072,Motorcycle,1,Motorcycle / 3-wheel vehicle,opposite,89.1%,1706.751,1707.901,1.15,15.7
96135,Car / Sedan,2,Sedan / jeep / station wagon,opposite,83.3%,1708.301,1709.601,1.3,13.8
96266,Motorcycle,1,Motorcycle / 3-wheel vehicle,normal,82.1%,1711.85,1709.7,2.15,8.4
96352,2-Axle Truck (Jumbo),6,2-Axle Truck,opposite,79.9%,1711.45,1713.25,1.8,10.0
96492,Motorcycle,1,Motorcycle / 3-wheel vehicle,opposite,83.7%,1713.6,1714.85,1.25,14.4
96570,Motorcycle,1,Motorcycle / 3-wheel vehicle,normal,85.0%,1718.8,1715.15,3.65,4.9
96608,Motorcycle,1,Motorcycle / 3-wheel vehicle,normal,83.9%,1719.25,1716.5,2.75,6.5
96680,Motorcycle,1,Motorcycle / 3-wheel vehicle,opposite,87.0%,1717.1,1718.0,0.9,20.0
96730,Motorcycle,1,Motorcycle / 3-wheel vehicle,opposite,90.1%,1718.5,1719.35,0.85,21.2
96607,Car / Sedan,2,Sedan / jeep / station wagon,opposite,93.1%,1719.25,1721.0,1.75,10.3
96744,Motorcycle,1,Motorcycle / 3-wheel vehicle,opposite,90.0%,1720.3,1721.8,1.5,12.0
96935,Motorcycle,1,Motorcycle / 3-wheel vehicle,normal,74.4%,1723.2,1722.3,0.9,20.0
96967,Motorcycle,1,Motorcycle / 3-wheel vehicle,opposite,89.5%,1722.5,1723.65,1.15,15.7
97033,Motorcycle,1,Motorcycle / 3-wheel vehicle,normal,74.0%,1724.45,1722.9,1.55,11.6
97043,Motorcycle,1,Motorcycle / 3-wheel vehicle,opposite,87.1%,1723.3,1724.35,1.05,17.1
97130,Public Transportation (Angkot),3,Medium passenger vehicle,opposite,92.9%,1725.1,1726.499,1.4,12.9
97153,Motorcycle,1,Motorcycle / 3-wheel vehicle,opposite,88.5%,1725.4,1726.6,1.2,15.0
97138,Car / Sedan,2,Sedan / jeep / station wagon,normal,90.0%,1726.85,1725.45,1.4,12.9
97272,Motorcycle,1,Motorcycle / 3-wheel vehicle,normal,84.4%,1727.649,1726.649,1.0,18.0
97293,Motorcycle,1,Motorcycle / 3-wheel vehicle,opposite,88.6%,1727.449,1728.199,0.75,24.0
97313,Car / Sedan,2,Sedan / jeep / station wagon,normal,88.0%,1731.349,1727.449,3.9,4.6
97331,Motorcycle,1,Motorcycle / 3-wheel vehicle,normal,79.2%,1728.899,1727.999,0.9,20.0
97379,Motorcycle,1,Motorcycle / 3-wheel vehicle,opposite,89.6%,1728.699,1729.449,0.75,24.0
97407,Motorcycle,1,Motorcycle / 3-wheel vehicle,opposite,90.7%,1729.399,1730.299,0.9,20.0
97332,2-Axle Truck (Jumbo),6,2-Axle Truck,normal,72.9%,1730.699,1729.549,1.15,15.7
97450,Motorcycle,1,Motorcycle / 3-wheel vehicle,opposite,89.6%,1729.999,1730.849,0.85,21.2
97466,Motorcycle,1,Motorcycle / 3-wheel vehicle,opposite,89.9%,1730.199,1730.949,0.75,24.0
97537,Motorcycle,1,Motorcycle / 3-wheel vehicle,opposite,89.5%,1732.549,1733.799,1.25,14.4
97541,Car / Sedan,2,Sedan / jeep / station wagon,normal,72.1%,1733.899,1732.799,1.1,16.4
97554,Motorcycle,1,Motorcycle / 3-wheel vehicle,opposite,89.5%,1733.349,1734.749,1.4,12.9
97597,Motorcycle,1,Motorcycle / 3-wheel vehicle,opposite,89.6%,1734.149,1735.399,1.25,14.4
97650,Car / Sedan,2,Sedan / jeep / station wagon,opposite,93.1%,1735.599,1736.899,1.3,13.8
97691,Motorcycle,1,Motorcycle / 3-wheel vehicle,opposite,88.5%,1735.749,1736.599,0.85,21.2
97727,Motorcycle,1,Motorcycle / 3-wheel vehicle,opposite,90.5%,1736.649,1737.849,1.2,15.0
97996,Motorcycle,1,Motorcycle / 3-wheel vehicle,opposite,87.7%,1741.099,1742.449,1.35,13.3
97847,Bus,5,Bus,opposite,93.1%,1741.149,1742.999,1.85,9.7
98040,Motorcycle,1,Motorcycle / 3-wheel vehicle,opposite,89.5%,1741.949,1743.149,1.2,15.0
98056,Car / Sedan,2,Sedan / jeep / station wagon,opposite,88.9%,1742.899,1744.549,1.65,10.9
98083,Motorcycle,1,Motorcycle / 3-wheel vehicle,opposite,79.8%,1742.999,1744.149,1.15,15.7
98161,Motorcycle,1,Motorcycle / 3-wheel vehicle,opposite,86.1%,1744.698,1747.298,2.6,6.9
98262,Motorcycle,1,Motorcycle / 3-wheel vehicle,opposite,83.3%,1745.648,1746.598,0.95,18.9
98342,Motorcycle,1,Motorcycle / 3-wheel vehicle,normal,77.7%,1747.198,1746.448,0.75,24.0
98307,Motorcycle,1,Motorcycle / 3-wheel vehicle,opposite,89.0%,1746.548,1747.598,1.05,17.1
98327,Motorcycle,1,Motorcycle / 3-wheel vehicle,opposite,88.5%,1746.698,1747.648,0.95,18.9
98341,Motorcycle,1,Motorcycle / 3-wheel vehicle,opposite,87.2%,1746.998,1747.948,0.95,18.9
98227,Car / Sedan,2,Sedan / jeep / station wagon,normal,54.9%,1749.898,1747.198,2.7,6.7
98390,Motorcycle,1,Motorcycle / 3-wheel vehicle,opposite,89.9%,1747.798,1748.698,0.9,20.0
98364,Pickup / Micro Truck,4,Pickup / micro truck / delivery,normal,90.0%,1749.348,1748.248,1.1,16.4
98471,Motorcycle,1,Motorcycle / 3-wheel vehicle,normal,57.5%,1750.748,1749.148,1.6,11.3
98470,Motorcycle,1,Motorcycle / 3-wheel vehicle,opposite,89.1%,1749.298,1750.248,0.95,18.9
98523,Motorcycle,1,Motorcycle / 3-wheel vehicle,opposite,89.5%,1750.098,1750.998,0.9,20.0
98458,Public Transportation (Angkot),3,Medium passenger vehicle,normal,91.6%,1752.698,1750.498,2.2,8.2
98687,Motorcycle,1,Motorcycle / 3-wheel vehicle,normal,70.0%,1753.098,1751.998,1.1,16.4
98691,Motorcycle,1,Motorcycle / 3-wheel vehicle,normal,81.0%,1753.548,1752.598,0.95,18.9
98714,Motorcycle,1,Motorcycle / 3-wheel vehicle,normal,78.7%,1754.248,1753.098,1.15,15.7
98750,Motorcycle,1,Motorcycle / 3-wheel vehicle,normal,71.9%,1756.698,1754.698,2.0,9.0
98812,Public Transportation (Angkot),3,Medium passenger vehicle,opposite,93.5%,1755.798,1757.298,1.5,12.0
98903,Motorcycle,1,Motorcycle / 3-wheel vehicle,normal,65.7%,1757.248,1756.148,1.1,16.4
98921,Motorcycle,1,Motorcycle / 3-wheel vehicle,opposite,89.9%,1756.548,1757.548,1.0,18.0
98938,Motorcycle,1,Motorcycle / 3-wheel vehicle,opposite,85.8%,1756.598,1758.348,1.75,10.3
98752,Public Transportation (Angkot),3,Medium passenger vehicle,normal,90.1%,1758.098,1756.598,1.5,12.0
98972,Motorcycle,1,Motorcycle / 3-wheel vehicle,opposite,87.6%,1757.298,1758.798,1.5,12.0
99015,Motorcycle,1,Motorcycle / 3-wheel vehicle,opposite,89.8%,1757.648,1758.548,0.9,20.0
99111,Motorcycle,1,Motorcycle / 3-wheel vehicle,opposite,90.1%,1759.248,1760.098,0.85,21.2
99002,Car / Sedan,2,Sedan / jeep / station wagon,normal,91.6%,1760.997,1759.298,1.7,10.6
99126,Motorcycle,1,Motorcycle / 3-wheel vehicle,opposite,87.1%,1759.648,1760.747,1.1,16.4
99145,Motorcycle,1,Motorcycle / 3-wheel vehicle,opposite,89.1%,1760.048,1760.848,0.8,22.5
99116,Car / Sedan,2,Sedan / jeep / station wagon,normal,90.3%,1762.747,1761.148,1.6,11.3
99192,Car / Sedan,2,Sedan / jeep / station wagon,normal,89.9%,1764.497,1762.997,1.5,12.0
99319,Motorcycle,1,Motorcycle / 3-wheel vehicle,opposite,86.5%,1764.297,1765.297,1.0,18.0
99432,Motorcycle,1,Motorcycle / 3-wheel vehicle,opposite,90.7%,1766.397,1767.147,0.75,24.0
99349,Car / Sedan,2,Sedan / jeep / station wagon,normal,92.6%,1773.747,1768.547,5.2,3.5
99672,Motorcycle,1,Motorcycle / 3-wheel vehicle,normal,80.8%,1773.197,1771.697,1.5,12.0
99689,Car / Sedan,2,Sedan / jeep / station wagon,opposite,94.0%,1772.297,1773.247,0.95,18.9
99680,Motorcycle,1,Motorcycle / 3-wheel vehicle,normal,79.1%,1774.497,1772.447,2.05,8.8
99727,Public Transportation (Angkot),3,Medium passenger vehicle,normal,89.4%,1775.197,1772.647,2.55,7.1
99460,Car / Sedan,2,Sedan / jeep / station wagon,normal,92.8%,1780.596,1772.947,7.65,2.4
99754,Motorcycle,1,Motorcycle / 3-wheel vehicle,opposite,87.0%,1773.397,1774.197,0.8,22.5
99752,Motorcycle,1,Motorcycle / 3-wheel vehicle,opposite,90.5%,1774.897,1776.247,1.35,13.3
99886,Motorcycle,1,Motorcycle / 3-wheel vehicle,opposite,87.3%,1775.897,1777.047,1.15,15.7
99859,Car / Sedan,2,Sedan / jeep / station wagon,opposite,93.7%,1776.597,1778.147,1.55,11.6
99812,Motorcycle,1,Motorcycle / 3-wheel vehicle,opposite,91.0%,1777.597,1779.147,1.55,11.6
99649,Car / Sedan,2,Sedan / jeep / station wagon,normal,90.5%,1783.096,1780.046,3.05,5.9
100085,Car / Sedan,2,Sedan / jeep / station wagon,opposite,93.3%,1780.346,1781.596,1.25,14.4
100223,Public Transportation (Angkot),3,Medium passenger vehicle,opposite,93.4%,1782.296,1783.496,1.2,15.0
100305,Motorcycle,1,Motorcycle / 3-wheel vehicle,opposite,90.0%,1783.496,1784.496,1.0,18.0
100388,Motorcycle,1,Motorcycle / 3-wheel vehicle,normal,81.5%,1785.546,1784.446,1.1,16.4
100485,Motorcycle,1,Motorcycle / 3-wheel vehicle,normal,72.4%,1787.246,1786.246,1.0,18.0
100391,Car / Sedan,2,Sedan / jeep / station wagon,normal,56.9%,1790.146,1788.096,2.05,8.8
100552,Motorcycle,1,Motorcycle / 3-wheel vehicle,normal,66.9%,1789.246,1788.246,1.0,18.0
100658,Motorcycle,1,Motorcycle / 3-wheel vehicle,opposite,88.6%,1788.396,1789.146,0.75,24.0
100698,Motorcycle,1,Motorcycle / 3-wheel vehicle,opposite,88.9%,1789.246,1790.046,0.8,22.5
100618,Car / Sedan,2,Sedan / jeep / station wagon,normal,90.0%,1792.046,1790.596,1.45,12.4
100774,Car / Sedan,2,Sedan / jeep / station wagon,opposite,93.7%,1791.346,1792.446,1.1,16.4
100845,Motorcycle,1,Motorcycle / 3-wheel vehicle,opposite,88.0%,1792.546,1793.546,1.0,18.0
100762,Car / Sedan,2,Sedan / jeep / station wagon,normal,90.5%,1794.046,1792.696,1.35,13.3
100862,Motorcycle,1,Motorcycle / 3-wheel vehicle,opposite,91.1%,1792.796,1793.796,1.0,18.0
100903,Car / Sedan,2,Sedan / jeep / station wagon,normal,90.8%,1796.045,1794.745,1.3,13.8
100997,Public Transportation (Angkot),3,Medium passenger vehicle,opposite,93.6%,1796.095,1796.945,0.85,21.2
101003,Pickup / Micro Truck,4,Pickup / micro truck / delivery,normal,76.8%,1798.445,1797.245,1.2,15.0
101167,Motorcycle,1,Motorcycle / 3-wheel vehicle,normal,80.8%,1799.695,1798.745,0.95,18.9
101172,Car / Sedan,2,Sedan / jeep / station wagon,normal,90.7%,1803.595,1800.445,3.15,5.7
101264,Car / Sedan,2,Sedan / jeep / station wagon,opposite,87.9%,1801.545,1802.495,0.95,18.9
101319,Motorcycle,1,Motorcycle / 3-wheel vehicle,normal,61.4%,1807.845,1803.145,4.7,3.8
101267,2-Axle Truck (Jumbo),6,2-Axle Truck,normal,83.5%,1804.795,1803.645,1.15,15.7
101420,Car / Sedan,2,Sedan / jeep / station wagon,opposite,93.6%,1804.645,1805.545,0.9,20.0
101559,Motorcycle,1,Motorcycle / 3-wheel vehicle,opposite,89.2%,1808.995,1810.845,1.85,9.7
101621,Motorcycle,1,Motorcycle / 3-wheel vehicle,opposite,90.3%,1810.645,1812.195,1.55,11.6
101695,Motorcycle,1,Motorcycle / 3-wheel vehicle,opposite,89.9%,1811.845,1813.794,1.95,9.2
101777,Motorcycle,1,Motorcycle / 3-wheel vehicle,opposite,90.9%,1812.294,1814.244,1.95,9.2
101764,Motorcycle,1,Motorcycle / 3-wheel vehicle,opposite,91.2%,1812.745,1814.394,1.65,10.9
101901,Car / Sedan,2,Sedan / jeep / station wagon,opposite,39.6%,1815.194,1817.344,2.15,8.4
102013,Motorcycle,1,Motorcycle / 3-wheel vehicle,opposite,85.3%,1815.594,1816.794,1.2,15.0
101984,Motorcycle,1,Motorcycle / 3-wheel vehicle,opposite,89.5%,1816.144,1818.044,1.9,9.5
101974,Motorcycle,1,Motorcycle / 3-wheel vehicle,opposite,91.1%,1816.294,1817.644,1.35,13.3
102155,Motorcycle,1,Motorcycle / 3-wheel vehicle,opposite,45.8%,1821.394,1817.244,4.15,4.3
102232,Motorcycle,1,Motorcycle / 3-wheel vehicle,opposite,89.6%,1819.244,1820.194,0.95,18.9
102403,Motorcycle,1,Motorcycle / 3-wheel vehicle,normal,66.8%,1824.194,1822.644,1.55,11.6
102388,Motorcycle,1,Motorcycle / 3-wheel vehicle,normal,77.9%,1824.894,1823.444,1.45,12.4
102396,Car / Sedan,2,Sedan / jeep / station wagon,normal,92.1%,1825.494,1823.894,1.6,11.3
102533,Motorcycle,1,Motorcycle / 3-wheel vehicle,normal,77.8%,1826.694,1825.244,1.45,12.4
102558,Motorcycle,1,Motorcycle / 3-wheel vehicle,normal,85.5%,1827.344,1826.044,1.3,13.8
102556,Motorcycle,1,Motorcycle / 3-wheel vehicle,normal,85.5%,1828.044,1826.644,1.4,12.9
102632,Car / Sedan,2,Sedan / jeep / station wagon,normal,89.7%,1829.194,1827.694,1.5,12.0
102574,Motorcycle,1,Motorcycle / 3-wheel vehicle,normal,86.4%,1831.593,1828.394,3.2,5.6
102778,Motorcycle,1,Motorcycle / 3-wheel vehicle,normal,78.6%,1835.543,1832.093,3.45,5.2
102893,Motorcycle,1,Motorcycle / 3-wheel vehicle,opposite,89.8%,1832.543,1833.193,0.65,27.7
102836,Motorcycle,1,Motorcycle / 3-wheel vehicle,normal,85.2%,1837.393,1833.143,4.25,4.2
102987,Pickup / Micro Truck,4,Pickup / micro truck / delivery,opposite,74.0%,1834.193,1834.993,0.8,22.5
102871,Motorcycle,1,Motorcycle / 3-wheel vehicle,normal,53.4%,1838.643,1834.543,4.1,4.4
102998,Motorcycle,1,Motorcycle / 3-wheel vehicle,opposite,86.0%,1834.893,1836.093,1.2,15.0
103011,Motorcycle,1,Motorcycle / 3-wheel vehicle,opposite,61.9%,1836.493,1837.743,1.25,14.4
103072,Motorcycle,1,Motorcycle / 3-wheel vehicle,opposite,79.9%,1836.693,1838.393,1.7,10.6
103138,Motorcycle,1,Motorcycle / 3-wheel vehicle,normal,61.8%,1839.493,1837.443,2.05,8.8
103104,Motorcycle,1,Motorcycle / 3-wheel vehicle,opposite,88.8%,1837.493,1839.143,1.65,10.9
103157,Motorcycle,1,Motorcycle / 3-wheel vehicle,normal,44.0%,1840.643,1838.093,2.55,7.1
103252,Motorcycle,1,Motorcycle / 3-wheel vehicle,normal,83.1%,1841.393,1839.243,2.15,8.4
103282,Motorcycle,1,Motorcycle / 3-wheel vehicle,normal,71.9%,1841.943,1840.043,1.9,9.5
103042,Public Transportation (Angkot),3,Medium passenger vehicle,normal,79.3%,1843.043,1840.343,2.7,6.7
103365,Car / Sedan,2,Sedan / jeep / station wagon,normal,91.2%,1844.143,1841.193,2.95,6.1
103403,Motorcycle,1,Motorcycle / 3-wheel vehicle,normal,66.7%,1843.493,1841.993,1.5,12.0
103360,Motorcycle,1,Motorcycle / 3-wheel vehicle,normal,68.5%,1844.043,1842.493,1.55,11.6
103503,Motorcycle,1,Motorcycle / 3-wheel vehicle,normal,83.3%,1845.193,1843.443,1.75,10.3
103534,Pickup / Micro Truck,4,Pickup / micro truck / delivery,normal,78.5%,1847.193,1845.043,2.15,8.4
103729,Motorcycle,1,Motorcycle / 3-wheel vehicle,opposite,87.4%,1845.943,1846.543,0.6,30.0
103721,Motorcycle,1,Motorcycle / 3-wheel vehicle,opposite,89.9%,1846.493,1847.243,0.75,24.0
103765,Motorcycle,1,Motorcycle / 3-wheel vehicle,opposite,88.1%,1846.642,1847.243,0.6,30.0
103913,Motorcycle,1,Motorcycle / 3-wheel vehicle,opposite,87.0%,1849.042,1850.292,1.25,14.4
103944,Motorcycle,1,Motorcycle / 3-wheel vehicle,opposite,89.0%,1849.542,1850.142,0.6,30.0
103981,Motorcycle,1,Motorcycle / 3-wheel vehicle,opposite,89.0%,1850.142,1850.792,0.65,27.7
103998,Motorcycle,1,Motorcycle / 3-wheel vehicle,opposite,90.8%,1850.192,1850.792,0.6,30.0
103949,Motorcycle,1,Motorcycle / 3-wheel vehicle,normal,82.7%,1852.642,1850.692,1.95,9.2
103950,Motorcycle,1,Motorcycle / 3-wheel vehicle,opposite,90.9%,1851.192,1852.842,1.65,10.9
103902,Car / Sedan,2,Sedan / jeep / station wagon,normal,90.4%,1853.792,1851.842,1.95,9.2
103792,Motorcycle,1,Motorcycle / 3-wheel vehicle,opposite,79.7%,1852.092,1854.242,2.15,8.4
104097,Motorcycle,1,Motorcycle / 3-wheel vehicle,opposite,88.6%,1852.142,1852.892,0.75,24.0
104136,Motorcycle,1,Motorcycle / 3-wheel vehicle,normal,45.5%,1854.542,1853.242,1.3,13.8
104161,Motorcycle,1,Motorcycle / 3-wheel vehicle,opposite,89.0%,1853.692,1854.392,0.7,25.7
104187,Motorcycle,1,Motorcycle / 3-wheel vehicle,opposite,86.7%,1854.242,1854.992,0.75,24.0
104089,Car / Sedan,2,Sedan / jeep / station wagon,normal,83.7%,1855.942,1854.442,1.5,12.0
104183,Motorcycle,1,Motorcycle / 3-wheel vehicle,normal,70.0%,1856.692,1854.442,2.25,8.0
104272,Motorcycle,1,Motorcycle / 3-wheel vehicle,opposite,89.8%,1855.692,1856.392,0.7,25.7
104294,Motorcycle,1,Motorcycle / 3-wheel vehicle,normal,80.8%,1857.092,1855.842,1.25,14.4
104309,Motorcycle,1,Motorcycle / 3-wheel vehicle,opposite,89.4%,1856.342,1857.242,0.9,20.0
104142,Car / Sedan,2,Sedan / jeep / station wagon,normal,92.5%,1858.092,1856.442,1.65,10.9
104333,Motorcycle,1,Motorcycle / 3-wheel vehicle,opposite,89.7%,1856.942,1857.792,0.85,21.2
104331,Motorcycle,1,Motorcycle / 3-wheel vehicle,opposite,89.0%,1857.392,1858.092,0.7,25.7
104427,Motorcycle,1,Motorcycle / 3-wheel vehicle,opposite,89.6%,1857.892,1858.742,0.85,21.2
104428,Motorcycle,1,Motorcycle / 3-wheel vehicle,opposite,84.9%,1857.942,1858.842,0.9,20.0
104288,Car / Sedan,2,Sedan / jeep / station wagon,normal,88.6%,1860.842,1858.242,2.6,6.9
104468,Motorcycle,1,Motorcycle / 3-wheel vehicle,opposite,90.3%,1858.442,1859.192,0.75,24.0
104526,Motorcycle,1,Motorcycle / 3-wheel vehicle,opposite,89.3%,1859.592,1860.392,0.8,22.5
104575,Motorcycle,1,Motorcycle / 3-wheel vehicle,opposite,85.1%,1860.242,1861.092,0.85,21.2
104606,Motorcycle,1,Motorcycle / 3-wheel vehicle,normal,83.6%,1861.942,1860.292,1.65,10.9
104670,Motorcycle,1,Motorcycle / 3-wheel vehicle,opposite,89.3%,1861.392,1861.942,0.55,32.7
104681,Motorcycle,1,Motorcycle / 3-wheel vehicle,normal,73.1%,1862.792,1861.592,1.2,15.0
104745,Motorcycle,1,Motorcycle / 3-wheel vehicle,normal,67.8%,1863.691,1862.392,1.3,13.8
104723,Public Transportation (Angkot),3,Medium passenger vehicle,opposite,93.0%,1862.942,1864.591,1.65,10.9
104724,Car / Sedan,2,Sedan / jeep / station wagon,normal,90.1%,1864.691,1863.092,1.6,11.3
104836,Motorcycle,1,Motorcycle / 3-wheel vehicle,opposite,89.8%,1863.641,1864.441,0.8,22.5
104878,Motorcycle,1,Motorcycle / 3-wheel vehicle,opposite,90.2%,1864.441,1865.241,0.8,22.5
104760,Car / Sedan,2,Sedan / jeep / station wagon,normal,91.6%,1866.291,1864.641,1.65,10.9
104886,Car / Sedan,2,Sedan / jeep / station wagon,normal,91.0%,1867.641,1865.991,1.65,10.9
104951,Motorcycle,1,Motorcycle / 3-wheel vehicle,opposite,85.2%,1866.091,1866.891,0.8,22.5
104964,Motorcycle,1,Motorcycle / 3-wheel vehicle,opposite,86.9%,1866.391,1867.441,1.05,17.1
104966,Motorcycle,1,Motorcycle / 3-wheel vehicle,opposite,86.9%,1866.691,1867.591,0.9,20.0
104967,Motorcycle,1,Motorcycle / 3-wheel vehicle,normal,79.5%,1868.541,1866.991,1.55,11.6
105050,Motorcycle,1,Motorcycle / 3-wheel vehicle,normal,81.8%,1869.691,1868.291,1.4,12.9
105072,Motorcycle,1,Motorcycle / 3-wheel vehicle,opposite,89.2%,1868.591,1869.391,0.8,22.5
105125,Motorcycle,1,Motorcycle / 3-wheel vehicle,normal,77.5%,1870.441,1869.191,1.25,14.4
105115,Motorcycle,1,Motorcycle / 3-wheel vehicle,opposite,90.7%,1869.291,1870.091,0.8,22.5
105012,Car / Sedan,2,Sedan / jeep / station wagon,normal,89.6%,1871.091,1869.441,1.65,10.9
105154,2-Axle Truck (Jumbo),6,2-Axle Truck,opposite,71.1%,1870.441,1871.841,1.4,12.9
105212,Motorcycle,1,Motorcycle / 3-wheel vehicle,opposite,87.9%,1871.041,1872.041,1.0,18.0
105200,Car / Sedan,2,Sedan / jeep / station wagon,opposite,93.2%,1871.191,1872.241,1.05,17.1
105273,Motorcycle,1,Motorcycle / 3-wheel vehicle,opposite,78.6%,1872.041,1873.041,1.0,18.0
105290,Motorcycle,1,Motorcycle / 3-wheel vehicle,opposite,77.6%,1872.341,1873.241,0.9,20.0
105305,Motorcycle,1,Motorcycle / 3-wheel vehicle,opposite,88.4%,1872.691,1873.591,0.9,20.0
105303,Car / Sedan,2,Sedan / jeep / station wagon,opposite,92.9%,1873.091,1874.141,1.05,17.1
105343,Motorcycle,1,Motorcycle / 3-wheel vehicle,opposite,86.3%,1873.591,1874.491,0.9,20.0
105332,Motorcycle,1,Motorcycle / 3-wheel vehicle,normal,74.8%,1875.941,1873.791,2.15,8.4
105411,Motorcycle,1,Motorcycle / 3-wheel vehicle,opposite,66.7%,1874.891,1875.641,0.75,24.0
105497,Motorcycle,1,Motorcycle / 3-wheel vehicle,opposite,83.6%,1876.341,1877.391,1.05,17.1
105448,Motorcycle,1,Motorcycle / 3-wheel vehicle,opposite,89.1%,1876.491,1877.241,0.75,24.0
105511,Motorcycle,1,Motorcycle / 3-wheel vehicle,opposite,89.7%,1878.191,1879.841,1.65,10.9
105579,Motorcycle,1,Motorcycle / 3-wheel vehicle,opposite,85.2%,1878.191,1879.091,0.9,20.0
105584,Motorcycle,1,Motorcycle / 3-wheel vehicle,opposite,85.9%,1878.191,1879.241,1.05,17.1
105603,Motorcycle,1,Motorcycle / 3-wheel vehicle,opposite,86.3%,1878.641,1879.491,0.85,21.2
105487,Car / Sedan,2,Sedan / jeep / station wagon,normal,92.0%,1883.49,1880.241,3.25,5.5
105717,Motorcycle,1,Motorcycle / 3-wheel vehicle,opposite,87.0%,1880.391,1881.39,1.0,18.0
105554,Motorcycle,1,Motorcycle / 3-wheel vehicle,opposite,90.7%,1881.14,1882.89,1.75,10.3
105768,Motorcycle,1,Motorcycle / 3-wheel vehicle,opposite,89.4%,1881.241,1882.19,0.95,18.9
105777,Motorcycle,1,Motorcycle / 3-wheel vehicle,opposite,88.2%,1881.64,1882.44,0.8,22.5
105832,Car / Sedan,2,Sedan / jeep / station wagon,opposite,93.1%,1883.44,1884.99,1.55,11.6
105774,Car / Sedan,2,Sedan / jeep / station wagon,normal,89.4%,1886.49,1884.79,1.7,10.6
106029,Car / Sedan,2,Sedan / jeep / station wagon,opposite,93.5%,1885.84,1887.14,1.3,13.8
106158,Motorcycle,1,Motorcycle / 3-wheel vehicle,normal,44.4%,1888.89,1887.49,1.4,12.9
106157,Public Transportation (Angkot),3,Medium passenger vehicle,opposite,92.3%,1887.99,1889.24,1.25,14.4
106183,Motorcycle,1,Motorcycle / 3-wheel vehicle,normal,68.5%,1889.74,1888.49,1.25,14.4
106253,Motorcycle,1,Motorcycle / 3-wheel vehicle,opposite,90.6%,1889.74,1890.89,1.15,15.7
106262,Motorcycle,1,Motorcycle / 3-wheel vehicle,normal,67.8%,1893.44,1890.64,2.8,6.4
106399,Motorcycle,1,Motorcycle / 3-wheel vehicle,opposite,86.1%,1891.64,1892.49,0.85,21.2
106327,Car / Sedan,2,Sedan / jeep / station wagon,normal,92.7%,1892.79,1891.74,1.05,17.1
106446,Motorcycle,1,Motorcycle / 3-wheel vehicle,normal,76.4%,1893.54,1892.54,1.0,18.0
106465,Car / Sedan,2,Sedan / jeep / station wagon,normal,91.3%,1895.34,1894.09,1.25,14.4
106566,Motorcycle,1,Motorcycle / 3-wheel vehicle,opposite,88.8%,1894.49,1895.54,1.05,17.1
106603,Public Transportation (Angkot),3,Medium passenger vehicle,opposite,90.3%,1895.44,1896.59,1.15,15.7
106625,Motorcycle,1,Motorcycle / 3-wheel vehicle,opposite,80.4%,1896.04,1896.94,0.9,20.0
106663,Motorcycle,1,Motorcycle / 3-wheel vehicle,opposite,81.3%,1896.34,1897.29,0.95,18.9
106668,Motorcycle,1,Motorcycle / 3-wheel vehicle,opposite,90.0%,1896.84,1897.889,1.05,17.1
106686,Motorcycle,1,Motorcycle / 3-wheel vehicle,opposite,83.1%,1897.34,1898.59,1.25,14.4
106713,Motorcycle,1,Motorcycle / 3-wheel vehicle,opposite,75.6%,1897.69,1898.889,1.2,15.0
106841,Car / Sedan,2,Sedan / jeep / station wagon,opposite,93.2%,1899.639,1900.839,1.2,15.0
106872,Motorcycle,1,Motorcycle / 3-wheel vehicle,opposite,91.2%,1900.239,1901.389,1.15,15.7
106807,Motorcycle,1,Motorcycle / 3-wheel vehicle,opposite,90.7%,1900.489,1902.539,2.05,8.8
106861,Car / Sedan,2,Sedan / jeep / station wagon,normal,90.8%,1902.089,1900.589,1.5,12.0
107003,Pickup / Micro Truck,4,Pickup / micro truck / delivery,opposite,87.9%,1903.089,1904.339,1.25,14.4
107061,Motorcycle,1,Motorcycle / 3-wheel vehicle,opposite,87.3%,1903.639,1904.489,0.85,21.2
107122,Motorcycle,1,Motorcycle / 3-wheel vehicle,normal,52.9%,1905.989,1904.689,1.3,13.8
107163,Motorcycle,1,Motorcycle / 3-wheel vehicle,opposite,89.8%,1905.539,1906.439,0.9,20.0
107209,Motorcycle,1,Motorcycle / 3-wheel vehicle,normal,72.2%,1908.189,1906.689,1.5,12.0
107115,Car / Sedan,2,Sedan / jeep / station wagon,normal,91.6%,1908.489,1907.039,1.45,12.4
107257,Car / Sedan,2,Sedan / jeep / station wagon,opposite,93.4%,1907.539,1908.589,1.05,17.1
107286,Car / Sedan,2,Sedan / jeep / station wagon,normal,83.6%,1909.389,1908.039,1.35,13.3
107245,Motorcycle,1,Motorcycle / 3-wheel vehicle,normal,86.9%,1909.489,1908.439,1.05,17.1
107363,Motorcycle,1,Motorcycle / 3-wheel vehicle,opposite,73.8%,1909.289,1910.289,1.0,18.0
107357,Motorcycle,1,Motorcycle / 3-wheel vehicle,opposite,87.2%,1909.389,1910.439,1.05,17.1
107303,Car / Sedan,2,Sedan / jeep / station wagon,normal,89.2%,1912.339,1910.139,2.2,8.2
107364,Car / Sedan,2,Sedan / jeep / station wagon,opposite,93.2%,1910.289,1911.589,1.3,13.8
107400,Motorcycle,1,Motorcycle / 3-wheel vehicle,opposite,82.9%,1910.389,1911.439,1.05,17.1
107428,Motorcycle,1,Motorcycle / 3-wheel vehicle,opposite,84.9%,1911.039,1912.189,1.15,15.7
107470,Motorcycle,1,Motorcycle / 3-wheel vehicle,opposite,89.0%,1911.789,1912.889,1.1,16.4
107527,Motorcycle,1,Motorcycle / 3-wheel vehicle,opposite,86.8%,1913.089,1914.189,1.1,16.4
107519,Motorcycle,1,Motorcycle / 3-wheel vehicle,normal,49.9%,1916.089,1913.589,2.5,7.2
107566,Pickup / Micro Truck,4,Pickup / micro truck / delivery,opposite,91.2%,1914.489,1915.889,1.4,12.9
107496,Motorcycle,1,Motorcycle / 3-wheel vehicle,normal,73.6%,1916.938,1914.739,2.2,8.2
107640,Motorcycle,1,Motorcycle / 3-wheel vehicle,opposite,86.8%,1915.238,1917.188,1.95,9.2
107605,Motorcycle,1,Motorcycle / 3-wheel vehicle,opposite,88.8%,1915.389,1916.788,1.4,12.9
107576,2-Axle Truck (Jumbo),6,2-Axle Truck,normal,78.6%,1918.388,1915.789,2.6,6.9
107707,Motorcycle,1,Motorcycle / 3-wheel vehicle,opposite,85.0%,1916.888,1918.438,1.55,11.6
107676,Car / Sedan,2,Sedan / jeep / station wagon,opposite,93.0%,1917.188,1919.938,2.75,6.5
107757,Motorcycle,1,Motorcycle / 3-wheel vehicle,opposite,88.0%,1917.388,1918.588,1.2,15.0
107736,Motorcycle,1,Motorcycle / 3-wheel vehicle,normal,49.4%,1920.688,1918.088,2.6,6.9
107761,Car / Sedan,2,Sedan / jeep / station wagon,opposite,93.5%,1918.888,1925.638,6.75,2.7
107839,Motorcycle,1,Motorcycle / 3-wheel vehicle,normal,70.4%,1920.388,1919.438,0.95,18.9
108003,Motorcycle,1,Motorcycle / 3-wheel vehicle,opposite,83.4%,1922.138,1923.288,1.15,15.7
108062,Motorcycle,1,Motorcycle / 3-wheel vehicle,normal,74.1%,1925.988,1923.238,2.75,6.5
108161,Motorcycle,1,Motorcycle / 3-wheel vehicle,normal,81.8%,1929.288,1925.288,4.0,4.5
108141,Car / Sedan,2,Sedan / jeep / station wagon,opposite,89.5%,1927.338,1931.438,4.1,4.4
108259,Motorcycle,1,Motorcycle / 3-wheel vehicle,opposite,78.5%,1929.388,1933.138,3.75,4.8
108389,Motorcycle,1,Motorcycle / 3-wheel vehicle,opposite,89.0%,1929.838,1930.688,0.85,21.2
108412,Motorcycle,1,Motorcycle / 3-wheel vehicle,opposite,87.9%,1930.238,1931.088,0.85,21.2
108387,Pickup / Micro Truck,4,Pickup / micro truck / delivery,opposite,93.1%,1930.388,1931.538,1.15,15.7
108378,Motorcycle,1,Motorcycle / 3-wheel vehicle,normal,72.3%,1937.087,1931.288,5.8,3.1
108475,Motorcycle,1,Motorcycle / 3-wheel vehicle,opposite,89.5%,1931.388,1932.338,0.95,18.9
108527,Pickup / Micro Truck,4,Pickup / micro truck / delivery,opposite,92.0%,1932.188,1933.287,1.1,16.4
108550,Motorcycle,1,Motorcycle / 3-wheel vehicle,opposite,77.4%,1932.838,1933.888,1.05,17.1
108554,Motorcycle,1,Motorcycle / 3-wheel vehicle,opposite,86.5%,1933.138,1935.637,2.5,7.2
108544,Motorcycle,1,Motorcycle / 3-wheel vehicle,opposite,87.4%,1934.087,1935.237,1.15,15.7
108615,Motorcycle,1,Motorcycle / 3-wheel vehicle,opposite,88.1%,1934.237,1935.987,1.75,10.3
108640,Motorcycle,1,Motorcycle / 3-wheel vehicle,opposite,88.5%,1934.837,1936.187,1.35,13.3
108630,Motorcycle,1,Motorcycle / 3-wheel vehicle,normal,60.7%,1937.987,1935.337,2.65,6.8
108233,Car / Sedan,2,Sedan / jeep / station wagon,opposite,93.0%,1935.637,1937.837,2.2,8.2
108605,Motorcycle,1,Motorcycle / 3-wheel vehicle,opposite,89.6%,1935.687,1937.187,1.5,12.0
108643,Motorcycle,1,Motorcycle / 3-wheel vehicle,opposite,90.6%,1936.637,1938.287,1.65,10.9
108661,Motorcycle,1,Motorcycle / 3-wheel vehicle,opposite,91.1%,1937.087,1938.987,1.9,9.5
108780,Motorcycle,1,Motorcycle / 3-wheel vehicle,normal,76.7%,1940.087,1937.587,2.5,7.2
108759,Motorcycle,1,Motorcycle / 3-wheel vehicle,opposite,89.1%,1937.937,1939.237,1.3,13.8
108803,Motorcycle,1,Motorcycle / 3-wheel vehicle,opposite,79.7%,1938.137,1939.387,1.25,14.4
108807,Motorcycle,1,Motorcycle / 3-wheel vehicle,normal,39.1%,1941.387,1938.637,2.75,6.5
108832,Motorcycle,1,Motorcycle / 3-wheel vehicle,opposite,88.5%,1939.037,1940.387,1.35,13.3
108838,Motorcycle,1,Motorcycle / 3-wheel vehicle,opposite,55.1%,1939.037,1940.637,1.6,11.3
108846,Motorcycle,1,Motorcycle / 3-wheel vehicle,opposite,90.0%,1939.237,1940.137,0.9,20.0
108758,Car / Sedan,2,Sedan / jeep / station wagon,normal,89.8%,1940.687,1939.237,1.45,12.4
108874,Motorcycle,1,Motorcycle / 3-wheel vehicle,opposite,88.2%,1939.837,1940.987,1.15,15.7
108947,Motorcycle,1,Motorcycle / 3-wheel vehicle,normal,73.6%,1942.287,1941.037,1.25,14.4
108940,Car / Sedan,2,Sedan / jeep / station wagon,opposite,93.4%,1941.287,1942.687,1.4,12.9
109030,2-Axle Truck (Jumbo),6,2-Axle Truck,opposite,92.2%,1943.487,1944.787,1.3,13.8
109237,Public Transportation (Angkot),3,Medium passenger vehicle,opposite,93.2%,1946.187,1946.837,0.65,27.7
109323,Motorcycle,1,Motorcycle / 3-wheel vehicle,normal,66.7%,1950.736,1946.837,3.9,4.6
109400,Motorcycle,1,Motorcycle / 3-wheel vehicle,opposite,86.5%,1948.437,1949.586,1.15,15.7
109447,Motorcycle,1,Motorcycle / 3-wheel vehicle,opposite,62.3%,1948.987,1949.887,0.9,20.0
109430,Motorcycle,1,Motorcycle / 3-wheel vehicle,opposite,80.9%,1949.137,1950.137,1.0,18.0
109322,Motorcycle,1,Motorcycle / 3-wheel vehicle,opposite,70.5%,1949.586,1951.736,2.15,8.4
109399,Car / Sedan,2,Sedan / jeep / station wagon,opposite,91.6%,1949.637,1951.236,1.6,11.3
109479,Motorcycle,1,Motorcycle / 3-wheel vehicle,opposite,82.5%,1950.036,1952.636,2.6,6.9
109494,Motorcycle,1,Motorcycle / 3-wheel vehicle,opposite,84.4%,1950.286,1951.336,1.05,17.1
109451,Motorcycle,1,Motorcycle / 3-wheel vehicle,opposite,90.0%,1951.036,1952.136,1.1,16.4
109564,Motorcycle,1,Motorcycle / 3-wheel vehicle,opposite,80.9%,1951.836,1952.986,1.15,15.7
109520,Motorcycle,1,Motorcycle / 3-wheel vehicle,opposite,89.5%,1952.536,1953.836,1.3,13.8
109230,Car / Sedan,2,Sedan / jeep / station wagon,opposite,93.0%,1952.686,1954.736,2.05,8.8
109636,Motorcycle,1,Motorcycle / 3-wheel vehicle,opposite,83.0%,1953.436,1954.636,1.2,15.0
109661,Motorcycle,1,Motorcycle / 3-wheel vehicle,opposite,89.4%,1954.036,1955.236,1.2,15.0
109730,Motorcycle,1,Motorcycle / 3-wheel vehicle,opposite,88.3%,1954.886,1955.936,1.05,17.1
109814,Motorcycle,1,Motorcycle / 3-wheel vehicle,opposite,87.5%,1956.286,1957.186,0.9,20.0
109611,Car / Sedan,2,Sedan / jeep / station wagon,opposite,92.9%,1956.336,1958.436,2.1,8.6
109889,Motorcycle,1,Motorcycle / 3-wheel vehicle,opposite,44.3%,1957.536,1958.836,1.3,13.8
109972,Motorcycle,1,Motorcycle / 3-wheel vehicle,opposite,82.9%,1959.036,1960.036,1.0,18.0
109849,Car / Sedan,2,Sedan / jeep / station wagon,opposite,93.1%,1959.436,1961.336,1.9,9.5
110033,Motorcycle,1,Motorcycle / 3-wheel vehicle,opposite,88.0%,1960.136,1961.286,1.15,15.7
110019,Pickup / Micro Truck,4,Pickup / micro truck / delivery,opposite,93.4%,1961.036,1962.736,1.7,10.6
110175,Motorcycle,1,Motorcycle / 3-wheel vehicle,normal,78.6%,1964.136,1962.836,1.3,13.8
110001,Car / Sedan,2,Sedan / jeep / station wagon,normal,47.9%,1965.936,1963.236,2.7,6.7
110187,Car / Sedan,2,Sedan / jeep / station wagon,opposite,92.1%,1963.486,1964.586,1.1,16.4
110222,Car / Sedan,2,Sedan / jeep / station wagon,normal,89.5%,1966.136,1964.486,1.65,10.9
110334,Motorcycle,1,Motorcycle / 3-wheel vehicle,normal,67.7%,1969.235,1965.836,3.4,5.3
110271,Motorcycle,1,Motorcycle / 3-wheel vehicle,normal,85.7%,1967.285,1965.936,1.35,13.3
110348,Motorcycle,1,Motorcycle / 3-wheel vehicle,opposite,90.1%,1965.986,1966.835,0.85,21.2
110303,Motorcycle,1,Motorcycle / 3-wheel vehicle,normal,84.9%,1968.136,1966.886,1.25,14.4
110363,Motorcycle,1,Motorcycle / 3-wheel vehicle,normal,84.3%,1968.735,1967.535,1.2,15.0
110473,Motorcycle,1,Motorcycle / 3-wheel vehicle,normal,79.2%,1972.935,1968.236,4.7,3.8
110414,Motorcycle,1,Motorcycle / 3-wheel vehicle,normal,85.9%,1969.885,1968.685,1.2,15.0
110521,Motorcycle,1,Motorcycle / 3-wheel vehicle,opposite,86.6%,1969.335,1970.135,0.8,22.5
110559,Motorcycle,1,Motorcycle / 3-wheel vehicle,opposite,84.5%,1969.835,1970.685,0.85,21.2
110603,Motorcycle,1,Motorcycle / 3-wheel vehicle,opposite,78.3%,1970.585,1972.485,1.9,9.5
110588,Motorcycle,1,Motorcycle / 3-wheel vehicle,opposite,82.0%,1970.885,1971.735,0.85,21.2
110562,Motorcycle,1,Motorcycle / 3-wheel vehicle,normal,69.0%,1974.385,1971.485,2.9,6.2
110661,Motorcycle,1,Motorcycle / 3-wheel vehicle,normal,71.1%,1971.735,1974.585,2.85,6.3
110675,Motorcycle,1,Motorcycle / 3-wheel vehicle,opposite,87.0%,1971.785,1972.585,0.8,22.5
110526,Motorcycle,1,Motorcycle / 3-wheel vehicle,opposite,87.0%,1971.835,1973.785,1.95,9.2
110725,Motorcycle,1,Motorcycle / 3-wheel vehicle,opposite,61.6%,1973.235,1975.085,1.85,9.7
110765,Pickup / Micro Truck,4,Pickup / micro truck / delivery,opposite,92.8%,1973.435,1974.485,1.05,17.1
110378,Motorcycle,1,Motorcycle / 3-wheel vehicle,opposite,87.5%,1973.635,1975.635,2.0,9.0
110814,Motorcycle,1,Motorcycle / 3-wheel vehicle,opposite,89.7%,1975.335,1976.685,1.35,13.3
110848,Motorcycle,1,Motorcycle / 3-wheel vehicle,opposite,84.2%,1976.635,1978.535,1.9,9.5
110606,Public Transportation (Angkot),3,Medium passenger vehicle,normal,61.2%,1981.835,1977.035,4.8,3.8
111004,Motorcycle,1,Motorcycle / 3-wheel vehicle,opposite,82.6%,1977.435,1978.385,0.95,18.9
110905,Motorcycle,1,Motorcycle / 3-wheel vehicle,opposite,87.5%,1977.685,1979.585,1.9,9.5
110946,Motorcycle,1,Motorcycle / 3-wheel vehicle,opposite,90.5%,1978.535,1980.085,1.55,11.6
111115,Motorcycle,1,Motorcycle / 3-wheel vehicle,opposite,89.1%,1979.685,1981.035,1.35,13.3
111157,Motorcycle,1,Motorcycle / 3-wheel vehicle,opposite,90.5%,1980.735,1982.135,1.4,12.9
111087,Car / Sedan,2,Sedan / jeep / station wagon,normal,91.4%,1984.235,1981.935,2.3,7.8
111379,Motorcycle,1,Motorcycle / 3-wheel vehicle,opposite,88.4%,1983.635,1984.634,1.0,18.0
111409,Motorcycle,1,Motorcycle / 3-wheel vehicle,opposite,82.4%,1983.884,1984.784,0.9,20.0
111337,Motorcycle,1,Motorcycle / 3-wheel vehicle,normal,59.2%,1985.384,1984.034,1.35,13.3
111424,Car / Sedan,2,Sedan / jeep / station wagon,opposite,93.3%,1984.435,1985.435,1.0,18.0
111396,Motorcycle,1,Motorcycle / 3-wheel vehicle,normal,79.0%,1986.334,1984.485,1.85,9.7
111497,Motorcycle,1,Motorcycle / 3-wheel vehicle,opposite,67.9%,1985.484,1986.334,0.85,21.2
111453,Motorcycle,1,Motorcycle / 3-wheel vehicle,normal,81.6%,1986.684,1985.884,0.8,22.5
111587,Motorcycle,1,Motorcycle / 3-wheel vehicle,normal,71.4%,1989.184,1986.584,2.6,6.9
111583,Motorcycle,1,Motorcycle / 3-wheel vehicle,opposite,87.7%,1986.634,1987.684,1.05,17.1
111566,Motorcycle,1,Motorcycle / 3-wheel vehicle,normal,86.5%,1987.884,1987.084,0.8,22.5
111714,Motorcycle,1,Motorcycle / 3-wheel vehicle,opposite,89.0%,1988.684,1989.834,1.15,15.7
111793,Motorcycle,1,Motorcycle / 3-wheel vehicle,opposite,89.4%,1990.084,1991.484,1.4,12.9
111805,Motorcycle,1,Motorcycle / 3-wheel vehicle,normal,83.0%,1992.784,1990.684,2.1,8.6
111745,Motorcycle,1,Motorcycle / 3-wheel vehicle,normal,84.3%,1993.834,1990.934,2.9,6.2
111794,Motorcycle,1,Motorcycle / 3-wheel vehicle,opposite,91.0%,1991.784,1993.434,1.65,10.9
111921,Motorcycle,1,Motorcycle / 3-wheel vehicle,normal,78.7%,1995.884,1992.384,3.5,5.1
111799,Motorcycle,1,Motorcycle / 3-wheel vehicle,opposite,89.5%,1992.634,1994.584,1.95,9.2
111884,Motorcycle,1,Motorcycle / 3-wheel vehicle,opposite,90.3%,1993.184,1994.634,1.45,12.4
111888,Motorcycle,1,Motorcycle / 3-wheel vehicle,normal,85.0%,1995.234,1993.284,1.95,9.2
111928,Motorcycle,1,Motorcycle / 3-wheel vehicle,opposite,91.0%,1993.984,1995.484,1.5,12.0
111894,Motorcycle,1,Motorcycle / 3-wheel vehicle,normal,84.2%,1995.884,1994.184,1.7,10.6
112014,Pickup / Micro Truck,4,Pickup / micro truck / delivery,normal,88.3%,1999.284,1995.484,3.8,4.7
111981,Motorcycle,1,Motorcycle / 3-wheel vehicle,opposite,86.2%,1996.484,1999.234,2.75,6.5
112126,Motorcycle,1,Motorcycle / 3-wheel vehicle,opposite,81.2%,1996.734,1999.634,2.9,6.2
111929,Motorcycle,1,Motorcycle / 3-wheel vehicle,normal,81.1%,2001.583,1997.084,4.5,4.0
112105,Motorcycle,1,Motorcycle / 3-wheel vehicle,normal,84.0%,1998.534,1997.534,1.0,18.0
112152,Motorcycle,1,Motorcycle / 3-wheel vehicle,normal,87.0%,1999.784,1998.684,1.1,16.4
112310,Motorcycle,1,Motorcycle / 3-wheel vehicle,opposite,90.2%,2000.534,2001.434,0.9,20.0
112232,Motorcycle,1,Motorcycle / 3-wheel vehicle,normal,84.8%,2002.633,2000.784,1.85,9.7
112286,Motorcycle,1,Motorcycle / 3-wheel vehicle,normal,86.3%,2004.083,2001.684,2.4,7.5
112200,Motorcycle,1,Motorcycle / 3-wheel vehicle,opposite,84.0%,2001.984,2003.383,1.4,12.9
112344,Motorcycle,1,Motorcycle / 3-wheel vehicle,opposite,88.2%,2003.433,2005.083,1.65,10.9
112354,Motorcycle,1,Motorcycle / 3-wheel vehicle,normal,85.5%,2005.583,2003.833,1.75,10.3
112432,Motorcycle,1,Motorcycle / 3-wheel vehicle,opposite,90.9%,2004.783,2006.433,1.65,10.9
112461,Motorcycle,1,Motorcycle / 3-wheel vehicle,normal,84.9%,2006.283,2004.983,1.3,13.8
112470,Motorcycle,1,Motorcycle / 3-wheel vehicle,opposite,85.3%,2005.633,2007.083,1.45,12.4
112538,Motorcycle,1,Motorcycle / 3-wheel vehicle,normal,67.9%,2008.283,2006.183,2.1,8.6
112554,Motorcycle,1,Motorcycle / 3-wheel vehicle,normal,77.1%,2009.083,2006.783,2.3,7.8
112475,Car / Sedan,2,Sedan / jeep / station wagon,normal,90.7%,2008.333,2007.033,1.3,13.8
112682,Motorcycle,1,Motorcycle / 3-wheel vehicle,normal,86.1%,2009.083,2008.283,0.8,22.5
112551,Car / Sedan,2,Sedan / jeep / station wagon,normal,89.5%,2011.683,2009.983,1.7,10.6
112795,Motorcycle,1,Motorcycle / 3-wheel vehicle,normal,84.9%,2012.333,2011.433,0.9,20.0
112842,Motorcycle,1,Motorcycle / 3-wheel vehicle,normal,46.4%,2015.383,2011.483,3.9,4.6
113053,Pickup / Micro Truck,4,Pickup / micro truck / delivery,opposite,93.1%,2014.933,2015.733,0.8,22.5
113083,Motorcycle,1,Motorcycle / 3-wheel vehicle,opposite,87.2%,2015.233,2015.883,0.65,27.7
113144,Motorcycle,1,Motorcycle / 3-wheel vehicle,normal,60.0%,2018.182,2016.083,2.1,8.6
113150,Motorcycle,1,Motorcycle / 3-wheel vehicle,normal,64.3%,2018.632,2016.483,2.15,8.4
113109,Car / Sedan,2,Sedan / jeep / station wagon,normal,91.0%,2020.382,2018.932,1.45,12.4
113378,Motorcycle,1,Motorcycle / 3-wheel vehicle,normal,87.0%,2021.632,2020.382,1.25,14.4
113416,Motorcycle,1,Motorcycle / 3-wheel vehicle,normal,85.1%,2021.982,2020.682,1.3,13.8
113304,Car / Sedan,2,Sedan / jeep / station wagon,normal,90.8%,2022.382,2020.932,1.45,12.4
113483,Car / Sedan,2,Sedan / jeep / station wagon,opposite,92.9%,2022.832,2025.882,3.05,5.9
113458,Motorcycle,1,Motorcycle / 3-wheel vehicle,normal,73.8%,2024.082,2022.832,1.25,14.4
113523,Motorcycle,1,Motorcycle / 3-wheel vehicle,opposite,89.1%,2023.032,2023.482,0.45,40.0
113540,Motorcycle,1,Motorcycle / 3-wheel vehicle,normal,79.9%,2025.482,2023.782,1.7,10.6
113533,Motorcycle,1,Motorcycle / 3-wheel vehicle,normal,84.1%,2025.432,2024.632,0.8,22.5
113415,Car / Sedan,2,Sedan / jeep / station wagon,normal,90.6%,2027.832,2025.232,2.6,6.9
113650,Motorcycle,1,Motorcycle / 3-wheel vehicle,normal,58.7%,2029.632,2026.482,3.15,5.7
113733,Motorcycle,1,Motorcycle / 3-wheel vehicle,opposite,83.9%,2028.132,2029.932,1.8,10.0
113764,Car / Sedan,2,Sedan / jeep / station wagon,opposite,93.7%,2028.932,2029.832,0.9,20.0
113774,Motorcycle,1,Motorcycle / 3-wheel vehicle,normal,76.5%,2030.482,2029.482,1.0,18.0
113957,Motorcycle,1,Motorcycle / 3-wheel vehicle,normal,79.8%,2033.332,2032.032,1.3,13.8
113899,Car / Sedan,2,Sedan / jeep / station wagon,normal,91.4%,2033.632,2032.332,1.3,13.8
113977,Motorcycle,1,Motorcycle / 3-wheel vehicle,normal,81.1%,2035.132,2033.482,1.65,10.9
114014,Car / Sedan,2,Sedan / jeep / station wagon,opposite,93.3%,2033.532,2034.432,0.9,20.0
113867,Car / Sedan,2,Sedan / jeep / station wagon,normal,86.8%,2035.982,2034.732,1.25,14.4
114077,Motorcycle,1,Motorcycle / 3-wheel vehicle,opposite,87.8%,2034.782,2035.782,1.0,18.0
114098,Motorcycle,1,Motorcycle / 3-wheel vehicle,opposite,89.2%,2035.032,2035.732,0.7,25.7
114159,Motorcycle,1,Motorcycle / 3-wheel vehicle,normal,82.5%,2036.931,2035.732,1.2,15.0
114067,Motorcycle,1,Motorcycle / 3-wheel vehicle,normal,85.9%,2037.431,2036.381,1.05,17.1
114130,Motorcycle,1,Motorcycle / 3-wheel vehicle,normal,57.0%,2038.231,2036.631,1.6,11.3
114222,Motorcycle,1,Motorcycle / 3-wheel vehicle,opposite,86.8%,2037.031,2037.781,0.75,24.0
114229,Motorcycle,1,Motorcycle / 3-wheel vehicle,normal,71.3%,2039.081,2037.131,1.95,9.2
114163,Motorcycle,1,Motorcycle / 3-wheel vehicle,normal,86.0%,2038.781,2037.731,1.05,17.1
114337,Motorcycle,1,Motorcycle / 3-wheel vehicle,opposite,88.1%,2039.231,2040.031,0.8,22.5
114335,Motorcycle,1,Motorcycle / 3-wheel vehicle,normal,86.6%,2041.731,2040.681,1.05,17.1
114324,Motorcycle,1,Motorcycle / 3-wheel vehicle,opposite,90.7%,2043.031,2044.931,1.9,9.5
114549,Motorcycle,1,Motorcycle / 3-wheel vehicle,normal,68.1%,2045.381,2044.431,0.95,18.9
114560,Motorcycle,1,Motorcycle / 3-wheel vehicle,normal,81.2%,2047.131,2044.631,2.5,7.2
114550,Motorcycle,1,Motorcycle / 3-wheel vehicle,normal,83.9%,2046.481,2045.181,1.3,13.8
114678,Motorcycle,1,Motorcycle / 3-wheel vehicle,normal,86.5%,2049.681,2047.331,2.35,7.7
114764,Motorcycle,1,Motorcycle / 3-wheel vehicle,opposite,89.8%,2048.031,2048.881,0.85,21.2
114719,Motorcycle,1,Motorcycle / 3-wheel vehicle,normal,80.7%,2050.281,2048.331,1.95,9.2
114738,Motorcycle,1,Motorcycle / 3-wheel vehicle,normal,85.8%,2049.431,2048.631,0.8,22.5
114777,Motorcycle,1,Motorcycle / 3-wheel vehicle,normal,86.9%,2050.431,2049.631,0.8,22.5
114852,Motorcycle,1,Motorcycle / 3-wheel vehicle,normal,85.8%,2050.931,2050.131,0.8,22.5
114887,Motorcycle,1,Motorcycle / 3-wheel vehicle,normal,68.6%,2056.18,2054.28,1.9,9.5
115096,Motorcycle,1,Motorcycle / 3-wheel vehicle,opposite,87.9%,2055.08,2055.73,0.65,27.7
115084,Car / Sedan,2,Sedan / jeep / station wagon,opposite,93.4%,2056.28,2057.73,1.45,12.4
115154,Motorcycle,1,Motorcycle / 3-wheel vehicle,opposite,90.5%,2057.28,2058.78,1.5,12.0
115148,Motorcycle,1,Motorcycle / 3-wheel vehicle,opposite,90.3%,2057.43,2058.78,1.35,13.3
115101,Car / Sedan,2,Sedan / jeep / station wagon,normal,84.2%,2060.13,2057.78,2.35,7.7
115264,Motorcycle,1,Motorcycle / 3-wheel vehicle,opposite,86.0%,2058.13,2058.68,0.55,32.7
115223,Motorcycle,1,Motorcycle / 3-wheel vehicle,opposite,89.4%,2058.43,2060.13,1.7,10.6
115309,Motorcycle,1,Motorcycle / 3-wheel vehicle,opposite,89.4%,2058.63,2059.23,0.6,30.0
115245,Motorcycle,1,Motorcycle / 3-wheel vehicle,opposite,90.1%,2059.18,2061.08,1.9,9.5
115300,Motorcycle,1,Motorcycle / 3-wheel vehicle,opposite,71.0%,2059.88,2061.83,1.95,9.2
115214,Car / Sedan,2,Sedan / jeep / station wagon,normal,82.9%,2062.23,2060.73,1.5,12.0
115451,Motorcycle,1,Motorcycle / 3-wheel vehicle,opposite,73.5%,2061.13,2062.33,1.2,15.0
115461,Motorcycle,1,Motorcycle / 3-wheel vehicle,opposite,89.0%,2061.63,2062.78,1.15,15.7
115467,Motorcycle,1,Motorcycle / 3-wheel vehicle,normal,87.0%,2063.88,2062.68,1.2,15.0
115585,Motorcycle,1,Motorcycle / 3-wheel vehicle,opposite,88.7%,2063.63,2064.33,0.7,25.7
115611,Motorcycle,1,Motorcycle / 3-wheel vehicle,opposite,90.3%,2063.93,2064.58,0.65,27.7
115641,Motorcycle,1,Motorcycle / 3-wheel vehicle,opposite,87.4%,2064.38,2065.03,0.65,27.7
115642,Motorcycle,1,Motorcycle / 3-wheel vehicle,opposite,85.1%,2064.58,2065.43,0.85,21.2
115685,Motorcycle,1,Motorcycle / 3-wheel vehicle,normal,86.9%,2066.08,2065.08,1.0,18.0
115768,Motorcycle,1,Motorcycle / 3-wheel vehicle,opposite,88.0%,2066.48,2067.08,0.6,30.0
115453,Car / Sedan,2,Sedan / jeep / station wagon,normal,49.5%,2070.43,2066.83,3.6,5.0
115727,Motorcycle,1,Motorcycle / 3-wheel vehicle,normal,86.1%,2067.88,2066.83,1.05,17.1
115816,Motorcycle,1,Motorcycle / 3-wheel vehicle,opposite,88.7%,2067.73,2068.43,0.7,25.7
115909,Motorcycle,1,Motorcycle / 3-wheel vehicle,opposite,88.8%,2070.329,2071.229,0.9,20.0
115799,Car / Sedan,2,Sedan / jeep / station wagon,normal,89.6%,2072.679,2070.979,1.7,10.6
115956,Motorcycle,1,Motorcycle / 3-wheel vehicle,normal,85.4%,2074.029,2072.279,1.75,10.3
115790,Public Transportation (Angkot),3,Medium passenger vehicle,normal,91.2%,2077.779,2072.979,4.8,3.8
116065,Motorcycle,1,Motorcycle / 3-wheel vehicle,opposite,89.9%,2073.929,2075.079,1.15,15.7
115915,Car / Sedan,2,Sedan / jeep / station wagon,normal,91.6%,2083.229,2073.979,9.249,1.9
116118,Motorcycle,1,Motorcycle / 3-wheel vehicle,opposite,90.1%,2074.879,2075.779,0.9,20.0
116157,Motorcycle,1,Motorcycle / 3-wheel vehicle,opposite,89.6%,2075.729,2076.629,0.9,20.0
116169,Motorcycle,1,Motorcycle / 3-wheel vehicle,opposite,90.2%,2075.879,2076.829,0.95,18.9
116270,Motorcycle,1,Motorcycle / 3-wheel vehicle,opposite,89.2%,2077.979,2079.329,1.35,13.3
116324,Motorcycle,1,Motorcycle / 3-wheel vehicle,opposite,89.4%,2078.479,2079.879,1.4,12.9
116372,Motorcycle,1,Motorcycle / 3-wheel vehicle,opposite,86.4%,2078.479,2079.279,0.8,22.5
116420,Motorcycle,1,Motorcycle / 3-wheel vehicle,opposite,89.4%,2079.879,2081.029,1.15,15.7
116439,Motorcycle,1,Motorcycle / 3-wheel vehicle,opposite,89.6%,2080.129,2081.129,1.0,18.0
116213,Car / Sedan,2,Sedan / jeep / station wagon,opposite,89.6%,2081.179,2083.029,1.85,9.7
116400,Motorcycle,1,Motorcycle / 3-wheel vehicle,opposite,89.4%,2081.479,2083.179,1.7,10.6
116533,Motorcycle,1,Motorcycle / 3-wheel vehicle,opposite,87.3%,2081.779,2083.379,1.6,11.3
116507,Motorcycle,1,Motorcycle / 3-wheel vehicle,opposite,91.3%,2082.229,2083.929,1.7,10.6
116542,Motorcycle,1,Motorcycle / 3-wheel vehicle,opposite,90.4%,2083.129,2084.729,1.6,11.3
116668,Motorcycle,1,Motorcycle / 3-wheel vehicle,opposite,89.6%,2084.179,2085.429,1.25,14.4
116735,Motorcycle,1,Motorcycle / 3-wheel vehicle,opposite,90.0%,2085.429,2086.679,1.25,14.4
116783,Motorcycle,1,Motorcycle / 3-wheel vehicle,opposite,89.7%,2086.429,2087.378,0.95,18.9
116857,2-Axle Truck (Jumbo),6,2-Axle Truck,opposite,91.6%,2088.728,2089.878,1.15,15.7
116961,Motorcycle,1,Motorcycle / 3-wheel vehicle,opposite,88.7%,2090.228,2091.178,0.95,18.9
116981,2-Axle Truck (Jumbo),6,2-Axle Truck,opposite,94.0%,2091.228,2092.428,1.2,15.0
117082,Motorcycle,1,Motorcycle / 3-wheel vehicle,opposite,89.4%,2092.528,2093.378,0.85,21.2
116986,Public Transportation (Angkot),3,Medium passenger vehicle,normal,91.8%,2096.778,2092.828,3.95,4.6
117022,Car / Sedan,2,Sedan / jeep / station wagon,normal,91.4%,2095.428,2092.878,2.55,7.1
117121,Motorcycle,1,Motorcycle / 3-wheel vehicle,opposite,83.3%,2093.278,2094.278,1.0,18.0
117191,Motorcycle,1,Motorcycle / 3-wheel vehicle,normal,85.5%,2096.728,2094.228,2.5,7.2
117108,Car / Sedan,2,Sedan / jeep / station wagon,opposite,93.0%,2094.528,2095.628,1.1,16.4
117150,Car / Sedan,2,Sedan / jeep / station wagon,normal,62.3%,2098.178,2095.428,2.75,6.5
117336,Motorcycle,1,Motorcycle / 3-wheel vehicle,opposite,90.4%,2096.278,2097.078,0.8,22.5
117390,Motorcycle,1,Motorcycle / 3-wheel vehicle,opposite,88.6%,2097.078,2097.978,0.9,20.0
117365,Motorcycle,1,Motorcycle / 3-wheel vehicle,normal,58.9%,2099.228,2097.278,1.95,9.2
117445,Motorcycle,1,Motorcycle / 3-wheel vehicle,opposite,85.6%,2098.278,2099.828,1.55,11.6
117431,Motorcycle,1,Motorcycle / 3-wheel vehicle,normal,60.9%,2101.278,2098.478,2.8,6.4
117575,Car / Sedan,2,Sedan / jeep / station wagon,opposite,93.8%,2100.578,2102.428,1.85,9.7
117614,Motorcycle,1,Motorcycle / 3-wheel vehicle,opposite,90.1%,2101.028,2102.478,1.45,12.4
117717,Motorcycle,1,Motorcycle / 3-wheel vehicle,opposite,89.9%,2102.128,2103.478,1.35,13.3
117787,Motorcycle,1,Motorcycle / 3-wheel vehicle,opposite,90.0%,2103.478,2105.028,1.55,11.6
117844,Motorcycle,1,Motorcycle / 3-wheel vehicle,opposite,82.2%,2104.227,2105.727,1.5,12.0
117855,Motorcycle,1,Motorcycle / 3-wheel vehicle,opposite,89.0%,2104.577,2105.977,1.4,12.9
117914,Pickup / Micro Truck,4,Pickup / micro truck / delivery,opposite,91.2%,2105.427,2107.077,1.65,10.9
117918,Motorcycle,1,Motorcycle / 3-wheel vehicle,opposite,84.3%,2105.827,2107.177,1.35,13.3
117893,Motorcycle,1,Motorcycle / 3-wheel vehicle,opposite,89.4%,2106.877,2108.627,1.75,10.3
118006,Motorcycle,1,Motorcycle / 3-wheel vehicle,opposite,87.6%,2107.077,2108.377,1.3,13.8
117779,Motorcycle,1,Motorcycle / 3-wheel vehicle,opposite,87.2%,2107.227,2109.227,2.0,9.0
118057,Motorcycle,1,Motorcycle / 3-wheel vehicle,opposite,68.2%,2108.077,2109.227,1.15,15.7
118005,Motorcycle,1,Motorcycle / 3-wheel vehicle,opposite,89.3%,2108.527,2110.377,1.85,9.7
118186,Motorcycle,1,Motorcycle / 3-wheel vehicle,opposite,88.8%,2110.427,2111.727,1.3,13.8
118227,Motorcycle,1,Motorcycle / 3-wheel vehicle,opposite,88.1%,2111.277,2112.477,1.2,15.0
118266,Motorcycle,1,Motorcycle / 3-wheel vehicle,opposite,85.0%,2112.127,2113.477,1.35,13.3
118008,2-Axle Truck (Jumbo),6,2-Axle Truck,opposite,93.9%,2112.227,2115.027,2.8,6.4
118352,Car / Sedan,2,Sedan / jeep / station wagon,opposite,93.0%,2114.177,2116.127,1.95,9.2
118284,Car / Sedan,2,Sedan / jeep / station wagon,opposite,93.0%,2115.077,2118.427,3.35,5.4
118508,Motorcycle,1,Motorcycle / 3-wheel vehicle,opposite,88.4%,2116.527,2118.127,1.6,11.3
118564,Motorcycle,1,Motorcycle / 3-wheel vehicle,opposite,89.4%,2117.827,2119.327,1.5,12.0
118621,Motorcycle,1,Motorcycle / 3-wheel vehicle,normal,79.7%,2120.377,2118.677,1.7,10.6
118534,Car / Sedan,2,Sedan / jeep / station wagon,opposite,91.6%,2119.177,2121.827,2.65,6.8
118774,Motorcycle,1,Motorcycle / 3-wheel vehicle,opposite,81.7%,2120.827,2121.927,1.1,16.4
118698,Car / Sedan,2,Sedan / jeep / station wagon,opposite,92.8%,2121.376,2124.276,2.9,6.2
118795,Motorcycle,1,Motorcycle / 3-wheel vehicle,opposite,81.5%,2121.376,2122.526,1.15,15.7
118876,Motorcycle,1,Motorcycle / 3-wheel vehicle,opposite,86.9%,2122.577,2123.726,1.15,15.7
118848,Car / Sedan,2,Sedan / jeep / station wagon,opposite,93.6%,2123.626,2126.676,3.05,5.9
119009,Motorcycle,1,Motorcycle / 3-wheel vehicle,opposite,89.3%,2124.826,2125.926,1.1,16.4
119033,Motorcycle,1,Motorcycle / 3-wheel vehicle,opposite,88.3%,2125.276,2126.376,1.1,16.4
118986,Car / Sedan,2,Sedan / jeep / station wagon,opposite,93.9%,2126.076,2129.476,3.4,5.3
119085,Motorcycle,1,Motorcycle / 3-wheel vehicle,opposite,80.5%,2128.126,2130.826,2.7,6.7
119245,Car / Sedan,2,Sedan / jeep / station wagon,normal,58.0%,2132.626,2129.626,3.0,6.0
119273,Motorcycle,1,Motorcycle / 3-wheel vehicle,normal,78.5%,2131.526,2129.676,1.85,9.7
119337,Motorcycle,1,Motorcycle / 3-wheel vehicle,normal,86.7%,2132.976,2131.276,1.7,10.6
119356,Motorcycle,1,Motorcycle / 3-wheel vehicle,opposite,88.9%,2131.326,2132.676,1.35,13.3
119322,Car / Sedan,2,Sedan / jeep / station wagon,opposite,93.3%,2131.626,2135.076,3.45,5.2
119455,Pickup / Micro Truck,4,Pickup / micro truck / delivery,opposite,92.2%,2134.476,2137.876,3.4,5.3
119673,Motorcycle,1,Motorcycle / 3-wheel vehicle,opposite,85.9%,2137.226,2138.476,1.25,14.4
119702,Motorcycle,1,Motorcycle / 3-wheel vehicle,opposite,89.6%,2137.626,2138.876,1.25,14.4
119744,Car / Sedan,2,Sedan / jeep / station wagon,normal,86.7%,2139.726,2137.926,1.8,10.0
119793,Motorcycle,1,Motorcycle / 3-wheel vehicle,opposite,89.5%,2139.325,2140.225,0.9,20.0
119791,Car / Sedan,2,Sedan / jeep / station wagon,normal,90.6%,2141.475,2139.825,1.65,10.9
119873,Motorcycle,1,Motorcycle / 3-wheel vehicle,opposite,90.1%,2140.725,2141.825,1.1,16.4
119921,Motorcycle,1,Motorcycle / 3-wheel vehicle,normal,55.8%,2143.425,2141.375,2.05,8.8
119877,Motorcycle,1,Motorcycle / 3-wheel vehicle,normal,85.1%,2142.975,2141.525,1.45,12.4
119900,Motorcycle,1,Motorcycle / 3-wheel vehicle,normal,83.4%,2144.425,2142.525,1.9,9.5
120007,Motorcycle,1,Motorcycle / 3-wheel vehicle,normal,84.5%,2144.625,2142.975,1.65,10.9
119983,Car / Sedan,2,Sedan / jeep / station wagon,opposite,93.5%,2143.525,2144.925,1.4,12.9
120019,Motorcycle,1,Motorcycle / 3-wheel vehicle,opposite,88.1%,2143.525,2144.725,1.2,15.0
119951,Motorcycle,1,Motorcycle / 3-wheel vehicle,normal,84.2%,2145.725,2144.525,1.2,15.0
120140,Motorcycle,1,Motorcycle / 3-wheel vehicle,opposite,88.9%,2145.775,2146.825,1.05,17.1
120168,Pickup / Micro Truck,4,Pickup / micro truck / delivery,opposite,72.5%,2147.225,2149.325,2.1,8.6
120210,Motorcycle,1,Motorcycle / 3-wheel vehicle,opposite,80.3%,2147.225,2148.425,1.2,15.0
120201,Motorcycle,1,Motorcycle / 3-wheel vehicle,opposite,86.6%,2147.675,2148.725,1.05,17.1
120245,Motorcycle,1,Motorcycle / 3-wheel vehicle,opposite,87.3%,2148.525,2149.825,1.3,13.8
120257,Motorcycle,1,Motorcycle / 3-wheel vehicle,opposite,89.3%,2148.725,2150.125,1.4,12.9
120285,Motorcycle,1,Motorcycle / 3-wheel vehicle,opposite,89.6%,2149.325,2150.425,1.1,16.4
120365,Motorcycle,1,Motorcycle / 3-wheel vehicle,normal,43.4%,2153.175,2150.275,2.9,6.2
120338,Public Transportation (Angkot),3,Medium passenger vehicle,opposite,93.6%,2150.875,2152.525,1.65,10.9
120394,Motorcycle,1,Motorcycle / 3-wheel vehicle,opposite,91.0%,2150.925,2151.975,1.05,17.1
120467,Motorcycle,1,Motorcycle / 3-wheel vehicle,opposite,74.3%,2152.275,2153.375,1.1,16.4
120423,2-Axle Truck (Jumbo),6,2-Axle Truck,normal,90.9%,2156.024,2152.675,3.35,5.4
120496,Motorcycle,1,Motorcycle / 3-wheel vehicle,opposite,85.9%,2152.825,2154.375,1.55,11.6
120517,Motorcycle,1,Motorcycle / 3-wheel vehicle,opposite,89.2%,2153.475,2154.625,1.15,15.7
120492,Pickup / Micro Truck,4,Pickup / micro truck / delivery,opposite,51.3%,2153.525,2155.475,1.95,9.2
120524,Motorcycle,1,Motorcycle / 3-wheel vehicle,opposite,86.8%,2154.025,2155.275,1.25,14.4
120547,Motorcycle,1,Motorcycle / 3-wheel vehicle,normal,78.1%,2158.024,2154.875,3.15,5.7
120528,Motorcycle,1,Motorcycle / 3-wheel vehicle,opposite,88.5%,2155.225,2157.774,2.55,7.1
120633,Car / Sedan,2,Sedan / jeep / station wagon,opposite,92.9%,2155.874,2157.075,1.2,15.0
120570,Car / Sedan,2,Sedan / jeep / station wagon,normal,64.0%,2159.024,2156.075,2.95,6.1
120565,Car / Sedan,2,Sedan / jeep / station wagon,opposite,86.8%,2156.224,2159.224,3.0,6.0
120678,Motorcycle,1,Motorcycle / 3-wheel vehicle,opposite,85.3%,2156.274,2157.674,1.4,12.9
120639,Motorcycle,1,Motorcycle / 3-wheel vehicle,opposite,89.7%,2156.624,2157.824,1.2,15.0
120685,Motorcycle,1,Motorcycle / 3-wheel vehicle,normal,79.5%,2158.174,2156.675,1.5,12.0
120703,Motorcycle,1,Motorcycle / 3-wheel vehicle,normal,71.0%,2158.624,2157.124,1.5,12.0
120660,Motorcycle,1,Motorcycle / 3-wheel vehicle,opposite,89.4%,2158.024,2159.874,1.85,9.7
120792,Motorcycle,1,Motorcycle / 3-wheel vehicle,normal,39.5%,2160.374,2158.174,2.2,8.2
120718,Motorcycle,1,Motorcycle / 3-wheel vehicle,opposite,90.1%,2158.224,2159.574,1.35,13.3
120799,Motorcycle,1,Motorcycle / 3-wheel vehicle,normal,85.1%,2160.974,2159.024,1.95,9.2
120829,Motorcycle,1,Motorcycle / 3-wheel vehicle,opposite,86.4%,2159.174,2160.874,1.7,10.6
120912,Motorcycle,1,Motorcycle / 3-wheel vehicle,opposite,84.4%,2160.024,2161.324,1.3,13.8
120860,Car / Sedan,2,Sedan / jeep / station wagon,opposite,94.1%,2160.474,2162.274,1.8,10.0
120903,Motorcycle,1,Motorcycle / 3-wheel vehicle,normal,84.1%,2162.874,2161.724,1.15,15.7
121028,Motorcycle,1,Motorcycle / 3-wheel vehicle,opposite,90.3%,2161.774,2163.174,1.4,12.9
121068,Motorcycle,1,Motorcycle / 3-wheel vehicle,opposite,89.1%,2162.374,2163.574,1.2,15.0
121109,Motorcycle,1,Motorcycle / 3-wheel vehicle,normal,35.9%,2167.274,2162.974,4.3,4.2
121145,Motorcycle,1,Motorcycle / 3-wheel vehicle,normal,86.1%,2164.674,2163.524,1.15,15.7
121137,Motorcycle,1,Motorcycle / 3-wheel vehicle,opposite,89.7%,2163.574,2164.874,1.3,13.8
121358,Pickup / Micro Truck,4,Pickup / micro truck / delivery,opposite,89.6%,2166.524,2167.724,1.2,15.0
121319,Public Transportation (Angkot),3,Medium passenger vehicle,opposite,92.8%,2166.674,2168.224,1.55,11.6
121422,Motorcycle,1,Motorcycle / 3-wheel vehicle,opposite,89.8%,2167.474,2168.474,1.0,18.0
121462,Motorcycle,1,Motorcycle / 3-wheel vehicle,opposite,79.5%,2167.474,2168.624,1.15,15.7
121484,Motorcycle,1,Motorcycle / 3-wheel vehicle,opposite,89.2%,2168.324,2169.124,0.8,22.5
121494,Motorcycle,1,Motorcycle / 3-wheel vehicle,normal,45.1%,2169.524,2168.524,1.0,18.0
121499,Motorcycle,1,Motorcycle / 3-wheel vehicle,opposite,88.9%,2168.624,2169.624,1.0,18.0
121342,Car / Sedan,2,Sedan / jeep / station wagon,normal,90.8%,2174.923,2171.074,3.85,4.7
121770,Motorcycle,1,Motorcycle / 3-wheel vehicle,opposite,89.0%,2172.773,2173.573,0.8,22.5
121771,Motorcycle,1,Motorcycle / 3-wheel vehicle,opposite,87.7%,2172.823,2173.773,0.95,18.9
121642,Motorcycle,1,Motorcycle / 3-wheel vehicle,normal,82.8%,2174.224,2172.923,1.3,13.8
121704,Car / Sedan,2,Sedan / jeep / station wagon,normal,92.3%,2176.323,2174.623,1.7,10.6
121879,Motorcycle,1,Motorcycle / 3-wheel vehicle,opposite,88.0%,2174.773,2176.223,1.45,12.4
121778,Car / Sedan,2,Sedan / jeep / station wagon,normal,89.4%,2178.073,2176.523,1.55,11.6
122062,Motorcycle,1,Motorcycle / 3-wheel vehicle,opposite,89.4%,2178.623,2179.523,0.9,20.0
122069,Motorcycle,1,Motorcycle / 3-wheel vehicle,opposite,89.9%,2178.723,2179.773,1.05,17.1
122029,Motorcycle,1,Motorcycle / 3-wheel vehicle,normal,87.3%,2179.573,2178.823,0.75,24.0
121948,Car / Sedan,2,Sedan / jeep / station wagon,normal,91.5%,2181.223,2179.723,1.5,12.0
122169,Motorcycle,1,Motorcycle / 3-wheel vehicle,opposite,83.3%,2180.473,2181.673,1.2,15.0
122185,Motorcycle,1,Motorcycle / 3-wheel vehicle,opposite,87.8%,2180.673,2181.723,1.05,17.1
122155,Car / Sedan,2,Sedan / jeep / station wagon,opposite,92.8%,2180.873,2182.373,1.5,12.0
122245,Pickup / Micro Truck,4,Pickup / micro truck / delivery,opposite,93.1%,2182.623,2184.373,1.75,10.3
122070,Public Transportation (Angkot),3,Medium passenger vehicle,normal,79.7%,2184.873,2183.223,1.65,10.9
122349,Motorcycle,1,Motorcycle / 3-wheel vehicle,opposite,89.3%,2183.573,2184.523,0.95,18.9
122387,Motorcycle,1,Motorcycle / 3-wheel vehicle,normal,84.1%,2186.073,2184.423,1.65,10.9
122412,Motorcycle,1,Motorcycle / 3-wheel vehicle,opposite,91.1%,2185.023,2185.973,0.95,18.9
122423,Car / Sedan,2,Sedan / jeep / station wagon,normal,90.7%,2187.073,2185.023,2.05,8.8
122471,Public Transportation (Angkot),3,Medium passenger vehicle,opposite,93.5%,2186.373,2187.823,1.45,12.4
122511,Motorcycle,1,Motorcycle / 3-wheel vehicle,normal,48.6%,2189.473,2186.973,2.5,7.2
122509,Motorcycle,1,Motorcycle / 3-wheel vehicle,normal,82.6%,2190.673,2187.323,3.35,5.4
122564,Motorcycle,1,Motorcycle / 3-wheel vehicle,opposite,87.5%,2187.473,2188.623,1.15,15.7
122467,Motorcycle,1,Motorcycle / 3-wheel vehicle,normal,81.0%,2191.173,2188.023,3.15,5.7
122608,Motorcycle,1,Motorcycle / 3-wheel vehicle,opposite,85.4%,2188.223,2189.373,1.15,15.7
122629,Public Transportation (Angkot),3,Medium passenger vehicle,opposite,92.8%,2188.873,2189.972,1.1,16.4
122659,Motorcycle,1,Motorcycle / 3-wheel vehicle,opposite,88.6%,2189.173,2190.122,0.95,18.9
122698,Motorcycle,1,Motorcycle / 3-wheel vehicle,opposite,88.1%,2189.673,2190.872,1.2,15.0
122736,Motorcycle,1,Motorcycle / 3-wheel vehicle,normal,83.4%,2191.672,2190.073,1.6,11.3
122589,Motorcycle,1,Motorcycle / 3-wheel vehicle,normal,84.4%,2192.522,2190.823,1.7,10.6
122789,Motorcycle,1,Motorcycle / 3-wheel vehicle,normal,85.7%,2193.322,2191.423,1.9,9.5
122832,Motorcycle,1,Motorcycle / 3-wheel vehicle,opposite,87.2%,2191.772,2192.772,1.0,18.0
122851,Motorcycle,1,Motorcycle / 3-wheel vehicle,opposite,89.1%,2192.272,2193.272,1.0,18.0
122840,Motorcycle,1,Motorcycle / 3-wheel vehicle,normal,86.4%,2195.672,2192.422,3.25,5.5
122857,Motorcycle,1,Motorcycle / 3-wheel vehicle,opposite,90.6%,2192.472,2193.422,0.95,18.9
122858,Motorcycle,1,Motorcycle / 3-wheel vehicle,normal,84.3%,2196.372,2193.622,2.75,6.5
122955,Car / Sedan,2,Sedan / jeep / station wagon,opposite,93.5%,2194.222,2195.072,0.85,21.2
123023,Motorcycle,1,Motorcycle / 3-wheel vehicle,normal,84.7%,2199.722,2195.622,4.1,4.4
122954,Motorcycle,1,Motorcycle / 3-wheel vehicle,normal,84.0%,2200.422,2196.822,3.6,5.0
123096,Motorcycle,1,Motorcycle / 3-wheel vehicle,opposite,89.3%,2198.622,2200.522,1.9,9.5
123146,Motorcycle,1,Motorcycle / 3-wheel vehicle,opposite,86.0%,2199.122,2200.772,1.65,10.9
123180,Motorcycle,1,Motorcycle / 3-wheel vehicle,opposite,91.8%,2199.822,2201.372,1.55,11.6
123101,Car / Sedan,2,Sedan / jeep / station wagon,normal,54.6%,2202.822,2200.272,2.55,7.1
123212,Motorcycle,1,Motorcycle / 3-wheel vehicle,opposite,91.9%,2200.622,2201.922,1.3,13.8
123331,Motorcycle,1,Motorcycle / 3-wheel vehicle,normal,83.6%,2204.822,2202.822,2.0,9.0
123436,Motorcycle,1,Motorcycle / 3-wheel vehicle,opposite,87.9%,2202.922,2204.272,1.35,13.3
123341,Motorcycle,1,Motorcycle / 3-wheel vehicle,normal,85.3%,2205.722,2203.572,2.15,8.4
123264,Motorcycle,1,Motorcycle / 3-wheel vehicle,normal,85.5%,2205.272,2203.972,1.3,13.8
123494,Car / Sedan,2,Sedan / jeep / station wagon,normal,88.6%,2209.421,2206.022,3.4,5.3
123588,Motorcycle,1,Motorcycle / 3-wheel vehicle,normal,85.2%,2209.721,2207.421,2.3,7.8
123713,Car / Sedan,2,Sedan / jeep / station wagon,opposite,93.8%,2208.171,2209.071,0.9,20.0
123752,Car / Sedan,2,Sedan / jeep / station wagon,opposite,93.0%,2208.722,2209.621,0.9,20.0
123793,Motorcycle,1,Motorcycle / 3-wheel vehicle,opposite,88.9%,2209.921,2210.821,0.9,20.0
123820,Motorcycle,1,Motorcycle / 3-wheel vehicle,opposite,87.9%,2210.421,2211.271,0.85,21.2
123701,Motorcycle,1,Motorcycle / 3-wheel vehicle,opposite,88.1%,2211.171,2212.671,1.5,12.0
123712,Car / Sedan,2,Sedan / jeep / station wagon,normal,91.5%,2213.971,2211.371,2.6,6.9
123837,Motorcycle,1,Motorcycle / 3-wheel vehicle,opposite,89.9%,2212.871,2214.671,1.8,10.0
123864,Car / Sedan,2,Sedan / jeep / station wagon,normal,90.9%,2216.321,2214.071,2.25,8.0
123914,Car / Sedan,2,Sedan / jeep / station wagon,normal,84.2%,2217.571,2215.921,1.65,10.9
124133,Public Transportation (Angkot),3,Medium passenger vehicle,opposite,94.0%,2216.721,2217.771,1.05,17.1
124137,Motorcycle,1,Motorcycle / 3-wheel vehicle,normal,85.2%,2218.671,2217.121,1.55,11.6
124010,Car / Sedan,2,Sedan / jeep / station wagon,normal,91.4%,2219.621,2218.171,1.45,12.4
124340,Motorcycle,1,Motorcycle / 3-wheel vehicle,opposite,90.1%,2221.021,2221.671,0.65,27.7
124369,Motorcycle,1,Motorcycle / 3-wheel vehicle,opposite,87.7%,2221.971,2223.121,1.15,15.7
124349,Motorcycle,1,Motorcycle / 3-wheel vehicle,normal,85.8%,2223.671,2222.771,0.9,20.0
124446,Motorcycle,1,Motorcycle / 3-wheel vehicle,opposite,89.6%,2224.521,2225.07,0.55,32.7
124480,Motorcycle,1,Motorcycle / 3-wheel vehicle,opposite,89.6%,2225.171,2225.671,0.5,36.0
124433,Motorcycle,1,Motorcycle / 3-wheel vehicle,normal,85.0%,2227.32,2225.771,1.55,11.6
124500,Motorcycle,1,Motorcycle / 3-wheel vehicle,normal,87.3%,2230.02,2227.92,2.1,8.6
124543,Car / Sedan,2,Sedan / jeep / station wagon,opposite,93.3%,2232.02,2234.47,2.45,7.3
124762,Motorcycle,1,Motorcycle / 3-wheel vehicle,opposite,89.6%,2232.87,2234.27,1.4,12.9
124746,Motorcycle,1,Motorcycle / 3-wheel vehicle,opposite,89.1%,2233.87,2235.82,1.95,9.2
124673,Pickup / Micro Truck,4,Pickup / micro truck / delivery,normal,76.6%,2238.82,2234.62,4.2,4.3
124850,Motorcycle,1,Motorcycle / 3-wheel vehicle,normal,69.1%,2235.77,2234.87,0.9,20.0
124789,Car / Sedan,2,Sedan / jeep / station wagon,normal,91.1%,2237.32,2236.02,1.3,13.8
124925,Motorcycle,1,Motorcycle / 3-wheel vehicle,opposite,89.1%,2236.62,2237.32,0.7,25.7
124905,Motorcycle,1,Motorcycle / 3-wheel vehicle,normal,85.5%,2239.02,2237.47,1.55,11.6
124991,Motorcycle,1,Motorcycle / 3-wheel vehicle,opposite,87.0%,2238.42,2239.07,0.65,27.7
124880,Car / Sedan,2,Sedan / jeep / station wagon,normal,85.4%,2240.32,2238.92,1.4,12.9
125051,Public Transportation (Angkot),3,Medium passenger vehicle,normal,91.5%,2241.919,2239.92,2.0,9.0
125009,Motorcycle,1,Motorcycle / 3-wheel vehicle,normal,86.3%,2241.519,2240.27,1.25,14.4
125089,Motorcycle,1,Motorcycle / 3-wheel vehicle,normal,83.9%,2242.32,2240.82,1.5,12.0
125020,Motorcycle,1,Motorcycle / 3-wheel vehicle,normal,84.3%,2243.369,2241.57,1.8,10.0
125167,Motorcycle,1,Motorcycle / 3-wheel vehicle,opposite,54.8%,2243.169,2245.919,2.75,6.5
125202,Motorcycle,1,Motorcycle / 3-wheel vehicle,opposite,91.0%,2247.869,2249.269,1.4,12.9
125339,Public Transportation (Angkot),3,Medium passenger vehicle,opposite,92.8%,2251.819,2254.569,2.75,6.5
125505,Motorcycle,1,Motorcycle / 3-wheel vehicle,opposite,88.2%,2251.819,2252.669,0.85,21.2
125331,Public Transportation (Angkot),3,Medium passenger vehicle,normal,82.1%,2254.969,2253.219,1.75,10.3
125638,Motorcycle,1,Motorcycle / 3-wheel vehicle,normal,85.0%,2255.619,2254.419,1.2,15.0
125633,Motorcycle,1,Motorcycle / 3-wheel vehicle,opposite,86.5%,2254.619,2255.819,1.2,15.0
125618,Motorcycle,1,Motorcycle / 3-wheel vehicle,normal,50.6%,2257.569,2254.719,2.85,6.3
125664,Motorcycle,1,Motorcycle / 3-wheel vehicle,normal,84.0%,2257.869,2255.669,2.2,8.2
125702,Motorcycle,1,Motorcycle / 3-wheel vehicle,normal,86.4%,2257.069,2256.219,0.85,21.2
125701,Motorcycle,1,Motorcycle / 3-wheel vehicle,normal,77.3%,2259.968,2257.119,2.85,6.3
125759,Motorcycle,1,Motorcycle / 3-wheel vehicle,normal,86.9%,2259.218,2258.119,1.1,16.4
125778,Motorcycle,1,Motorcycle / 3-wheel vehicle,normal,85.1%,2260.918,2258.469,2.45,7.3
125795,Motorcycle,1,Motorcycle / 3-wheel vehicle,normal,85.8%,2259.669,2258.968,0.7,25.7
125792,Motorcycle,1,Motorcycle / 3-wheel vehicle,normal,54.5%,2261.318,2259.019,2.3,7.8
125869,Motorcycle,1,Motorcycle / 3-wheel vehicle,opposite,89.6%,2259.119,2259.919,0.8,22.5
125675,Public Transportation (Angkot),3,Medium passenger vehicle,normal,92.8%,2261.868,2260.019,1.85,9.7
125988,Motorcycle,1,Motorcycle / 3-wheel vehicle,normal,64.7%,2262.868,2261.268,1.6,11.3
125938,Motorcycle,1,Motorcycle / 3-wheel vehicle,normal,85.0%,2262.868,2261.668,1.2,15.0
126005,Motorcycle,1,Motorcycle / 3-wheel vehicle,normal,45.5%,2263.818,2262.368,1.45,12.4
126071,Motorcycle,1,Motorcycle / 3-wheel vehicle,normal,83.5%,2264.768,2263.868,0.9,20.0
126088,Motorcycle,1,Motorcycle / 3-wheel vehicle,normal,85.5%,2264.818,2263.968,0.85,21.2
126082,Motorcycle,1,Motorcycle / 3-wheel vehicle,normal,59.6%,2265.668,2264.768,0.9,20.0
126162,Motorcycle,1,Motorcycle / 3-wheel vehicle,opposite,90.6%,2265.068,2265.718,0.65,27.7
126156,Motorcycle,1,Motorcycle / 3-wheel vehicle,normal,68.9%,2267.068,2265.068,2.0,9.0
126137,Motorcycle,1,Motorcycle / 3-wheel vehicle,normal,83.6%,2266.118,2265.218,0.9,20.0
126157,Car / Sedan,2,Sedan / jeep / station wagon,normal,91.5%,2270.368,2267.968,2.4,7.5
126218,Motorcycle,1,Motorcycle / 3-wheel vehicle,normal,88.0%,2271.118,2268.418,2.7,6.7
126375,Motorcycle,1,Motorcycle / 3-wheel vehicle,opposite,89.0%,2269.718,2270.268,0.55,32.7
126195,Motorcycle,1,Motorcycle / 3-wheel vehicle,normal,86.7%,2272.618,2270.418,2.2,8.2
126341,Motorcycle,1,Motorcycle / 3-wheel vehicle,normal,84.7%,2273.718,2271.468,2.25,8.0
126445,Motorcycle,1,Motorcycle / 3-wheel vehicle,opposite,89.1%,2271.568,2272.068,0.5,36.0
126464,Motorcycle,1,Motorcycle / 3-wheel vehicle,opposite,89.8%,2272.368,2272.968,0.6,30.0
126465,Motorcycle,1,Motorcycle / 3-wheel vehicle,normal,48.7%,2275.468,2272.618,2.85,6.3
126461,Motorcycle,1,Motorcycle / 3-wheel vehicle,normal,84.9%,2276.318,2273.118,3.2,5.6
126420,Motorcycle,1,Motorcycle / 3-wheel vehicle,normal,85.8%,2275.318,2273.468,1.85,9.7
126437,Motorcycle,1,Motorcycle / 3-wheel vehicle,normal,87.0%,2275.568,2273.618,1.95,9.2
126531,Motorcycle,1,Motorcycle / 3-wheel vehicle,opposite,87.5%,2274.218,2274.868,0.65,27.7
126533,Motorcycle,1,Motorcycle / 3-wheel vehicle,opposite,89.6%,2274.418,2275.118,0.7,25.7
126491,Motorcycle,1,Motorcycle / 3-wheel vehicle,normal,85.3%,2276.418,2275.168,1.25,14.4
126548,Motorcycle,1,Motorcycle / 3-wheel vehicle,opposite,89.3%,2275.618,2276.918,1.3,13.8
126546,Motorcycle,1,Motorcycle / 3-wheel vehicle,normal,84.7%,2277.318,2276.267,1.05,17.1
126628,Motorcycle,1,Motorcycle / 3-wheel vehicle,opposite,90.2%,2276.968,2277.617,0.65,27.7
126584,Motorcycle,1,Motorcycle / 3-wheel vehicle,normal,85.2%,2278.767,2277.418,1.35,13.3
126651,Motorcycle,1,Motorcycle / 3-wheel vehicle,opposite,86.8%,2277.717,2278.417,0.7,25.7
126673,Motorcycle,1,Motorcycle / 3-wheel vehicle,opposite,85.8%,2278.017,2278.817,0.8,22.5
126636,Motorcycle,1,Motorcycle / 3-wheel vehicle,normal,85.1%,2279.117,2278.317,0.8,22.5
126678,Motorcycle,1,Motorcycle / 3-wheel vehicle,normal,85.1%,2279.817,2278.817,1.0,18.0
126856,Motorcycle,1,Motorcycle / 3-wheel vehicle,opposite,89.6%,2282.267,2282.867,0.6,30.0
126870,Motorcycle,1,Motorcycle / 3-wheel vehicle,opposite,89.7%,2282.567,2283.317,0.75,24.0
126754,Car / Sedan,2,Sedan / jeep / station wagon,normal,92.4%,2284.667,2283.017,1.65,10.9
126829,Motorcycle,1,Motorcycle / 3-wheel vehicle,opposite,89.7%,2283.167,2284.467,1.3,13.8
126934,Motorcycle,1,Motorcycle / 3-wheel vehicle,opposite,84.6%,2284.117,2284.817,0.7,25.7
126938,Motorcycle,1,Motorcycle / 3-wheel vehicle,opposite,89.8%,2284.317,2285.167,0.85,21.2
126930,Motorcycle,1,Motorcycle / 3-wheel vehicle,opposite,89.1%,2284.567,2285.267,0.7,25.7
126968,Motorcycle,1,Motorcycle / 3-wheel vehicle,opposite,90.8%,2285.017,2285.767,0.75,24.0
127018,Motorcycle,1,Motorcycle / 3-wheel vehicle,opposite,88.8%,2285.867,2286.517,0.65,27.7
127025,Motorcycle,1,Motorcycle / 3-wheel vehicle,normal,82.3%,2286.867,2286.217,0.65,27.7
127057,Motorcycle,1,Motorcycle / 3-wheel vehicle,opposite,87.1%,2286.767,2287.617,0.85,21.2
127055,Motorcycle,1,Motorcycle / 3-wheel vehicle,opposite,89.2%,2286.867,2287.617,0.75,24.0
127081,Motorcycle,1,Motorcycle / 3-wheel vehicle,opposite,89.3%,2287.217,2287.967,0.75,24.0
127050,Motorcycle,1,Motorcycle / 3-wheel vehicle,normal,86.1%,2288.317,2287.467,0.85,21.2
127105,Motorcycle,1,Motorcycle / 3-wheel vehicle,opposite,89.7%,2287.517,2288.217,0.7,25.7
127066,Motorcycle,1,Motorcycle / 3-wheel vehicle,normal,84.5%,2288.867,2288.017,0.85,21.2
127180,Motorcycle,1,Motorcycle / 3-wheel vehicle,opposite,87.3%,2289.417,2290.167,0.75,24.0
127215,Motorcycle,1,Motorcycle / 3-wheel vehicle,opposite,88.2%,2289.767,2290.417,0.65,27.7
127200,Motorcycle,1,Motorcycle / 3-wheel vehicle,opposite,86.6%,2289.817,2291.267,1.45,12.4
127212,Motorcycle,1,Motorcycle / 3-wheel vehicle,opposite,87.3%,2289.967,2290.667,0.7,25.7
126901,Motorcycle,1,Motorcycle / 3-wheel vehicle,normal,53.7%,2291.017,2290.167,0.85,21.2
127223,Motorcycle,1,Motorcycle / 3-wheel vehicle,opposite,88.5%,2290.317,2291.417,1.1,16.4
127232,Motorcycle,1,Motorcycle / 3-wheel vehicle,opposite,81.6%,2290.967,2291.967,1.0,18.0
127247,Motorcycle,1,Motorcycle / 3-wheel vehicle,opposite,89.4%,2291.117,2292.067,0.95,18.9
127253,Motorcycle,1,Motorcycle / 3-wheel vehicle,normal,82.8%,2293.666,2291.517,2.15,8.4
127275,Motorcycle,1,Motorcycle / 3-wheel vehicle,opposite,89.6%,2291.617,2292.517,0.9,20.0
127299,Motorcycle,1,Motorcycle / 3-wheel vehicle,normal,86.0%,2294.617,2292.467,2.15,8.4
127304,Motorcycle,1,Motorcycle / 3-wheel vehicle,normal,86.2%,2294.866,2292.917,1.95,9.2
127364,Motorcycle,1,Motorcycle / 3-wheel vehicle,opposite,90.0%,2294.416,2295.266,0.85,21.2
127370,Motorcycle,1,Motorcycle / 3-wheel vehicle,opposite,91.2%,2294.466,2295.316,0.85,21.2
127374,Motorcycle,1,Motorcycle / 3-wheel vehicle,opposite,89.7%,2294.816,2295.666,0.85,21.2
127416,Motorcycle,1,Motorcycle / 3-wheel vehicle,opposite,89.1%,2295.416,2296.216,0.8,22.5
127427,Motorcycle,1,Motorcycle / 3-wheel vehicle,opposite,89.2%,2295.616,2296.466,0.85,21.2
127353,Motorcycle,1,Motorcycle / 3-wheel vehicle,opposite,65.6%,2295.666,2297.516,1.85,9.7
127459,Motorcycle,1,Motorcycle / 3-wheel vehicle,opposite,89.4%,2296.266,2297.216,0.95,18.9
127497,Motorcycle,1,Motorcycle / 3-wheel vehicle,normal,85.3%,2298.516,2297.516,1.0,18.0
127528,Motorcycle,1,Motorcycle / 3-wheel vehicle,normal,85.8%,2298.866,2298.016,0.85,21.2
127573,Motorcycle,1,Motorcycle / 3-wheel vehicle,opposite,88.1%,2298.166,2299.116,0.95,18.9
127227,Motorcycle,1,Motorcycle / 3-wheel vehicle,opposite,86.8%,2299.216,2302.516,3.3,5.5
127696,Motorcycle,1,Motorcycle / 3-wheel vehicle,opposite,90.8%,2300.016,2300.616,0.6,30.0
127770,Motorcycle,1,Motorcycle / 3-wheel vehicle,opposite,89.1%,2301.566,2302.616,1.05,17.1
127873,Car / Sedan,2,Sedan / jeep / station wagon,opposite,91.4%,2303.466,2304.316,0.85,21.2
127908,Motorcycle,1,Motorcycle / 3-wheel vehicle,opposite,88.1%,2303.616,2304.666,1.05,17.1
127898,Motorcycle,1,Motorcycle / 3-wheel vehicle,opposite,89.9%,2303.766,2304.666,0.9,20.0
127931,Motorcycle,1,Motorcycle / 3-wheel vehicle,opposite,89.7%,2304.316,2305.216,0.9,20.0
127313,Car / Sedan,2,Sedan / jeep / station wagon,normal,75.1%,2306.966,2304.566,2.4,7.5
127983,Motorcycle,1,Motorcycle / 3-wheel vehicle,normal,85.5%,2306.616,2305.066,1.55,11.6
128015,Motorcycle,1,Motorcycle / 3-wheel vehicle,normal,86.0%,2307.266,2306.116,1.15,15.7
128064,Motorcycle,1,Motorcycle / 3-wheel vehicle,normal,85.3%,2308.066,2306.766,1.3,13.8
128083,Motorcycle,1,Motorcycle / 3-wheel vehicle,normal,56.6%,2309.766,2306.966,2.8,6.4
128107,Motorcycle,1,Motorcycle / 3-wheel vehicle,opposite,90.5%,2307.116,2307.816,0.7,25.7
128133,Motorcycle,1,Motorcycle / 3-wheel vehicle,normal,83.4%,2310.515,2307.466,3.05,5.9
128084,Motorcycle,1,Motorcycle / 3-wheel vehicle,normal,86.0%,2309.266,2308.266,1.0,18.0
128227,Motorcycle,1,Motorcycle / 3-wheel vehicle,normal,84.7%,2310.066,2308.916,1.15,15.7
128090,Car / Sedan,2,Sedan / jeep / station wagon,normal,92.5%,2310.765,2309.316,1.45,12.4
128311,Motorcycle,1,Motorcycle / 3-wheel vehicle,opposite,89.1%,2310.016,2310.865,0.85,21.2
128337,Motorcycle,1,Motorcycle / 3-wheel vehicle,opposite,89.3%,2310.416,2311.265,0.85,21.2
128183,Pickup / Micro Truck,4,Pickup / micro truck / delivery,normal,89.3%,2312.315,2310.816,1.5,12.0
128406,Motorcycle,1,Motorcycle / 3-wheel vehicle,opposite,88.9%,2311.316,2312.165,0.85,21.2
128424,Car / Sedan,2,Sedan / jeep / station wagon,opposite,93.4%,2311.916,2312.915,1.0,18.0
128468,Motorcycle,1,Motorcycle / 3-wheel vehicle,opposite,87.4%,2312.315,2313.065,0.75,24.0
128365,Public Transportation (Angkot),3,Medium passenger vehicle,normal,92.5%,2313.765,2312.465,1.3,13.8
128521,Motorcycle,1,Motorcycle / 3-wheel vehicle,opposite,89.3%,2313.315,2314.115,0.8,22.5
128428,Motorcycle,1,Motorcycle / 3-wheel vehicle,normal,76.4%,2314.865,2313.565,1.3,13.8
128593,Car / Sedan,2,Sedan / jeep / station wagon,opposite,93.3%,2314.715,2315.665,0.95,18.9
128645,Motorcycle,1,Motorcycle / 3-wheel vehicle,normal,80.0%,2317.065,2315.115,1.95,9.2
128701,Motorcycle,1,Motorcycle / 3-wheel vehicle,opposite,87.7%,2315.965,2317.065,1.1,16.4
128709,Motorcycle,1,Motorcycle / 3-wheel vehicle,opposite,90.4%,2316.065,2316.815,0.75,24.0
128633,Pickup / Micro Truck,4,Pickup / micro truck / delivery,normal,80.5%,2317.965,2316.465,1.5,12.0
128749,Car / Sedan,2,Sedan / jeep / station wagon,opposite,93.3%,2316.765,2317.715,0.95,18.9
128787,Motorcycle,1,Motorcycle / 3-wheel vehicle,opposite,77.0%,2317.065,2318.015,0.95,18.9
128710,Car / Sedan,2,Sedan / jeep / station wagon,normal,89.8%,2319.215,2317.765,1.45,12.4
128890,Motorcycle,1,Motorcycle / 3-wheel vehicle,normal,84.2%,2320.615,2319.115,1.5,12.0
128762,Car / Sedan,2,Sedan / jeep / station wagon,normal,91.6%,2321.265,2319.665,1.6,11.3
128920,Motorcycle,1,Motorcycle / 3-wheel vehicle,opposite,87.5%,2319.715,2320.465,0.75,24.0
128904,Car / Sedan,2,Sedan / jeep / station wagon,opposite,94.1%,2319.965,2321.015,1.05,17.1
128931,Motorcycle,1,Motorcycle / 3-wheel vehicle,normal,77.2%,2322.415,2320.815,1.6,11.3
128987,Motorcycle,1,Motorcycle / 3-wheel vehicle,opposite,86.5%,2321.665,2322.415,0.75,24.0
128985,Motorcycle,1,Motorcycle / 3-wheel vehicle,opposite,89.4%,2321.715,2322.365,0.65,27.7
128996,Car / Sedan,2,Sedan / jeep / station wagon,opposite,93.4%,2322.615,2323.565,0.95,18.9
129028,Motorcycle,1,Motorcycle / 3-wheel vehicle,opposite,83.7%,2322.665,2323.415,0.75,24.0
129061,Motorcycle,1,Motorcycle / 3-wheel vehicle,opposite,88.8%,2323.215,2324.065,0.85,21.2
129121,Motorcycle,1,Motorcycle / 3-wheel vehicle,opposite,90.8%,2324.465,2325.265,0.8,22.5
129218,Motorcycle,1,Motorcycle / 3-wheel vehicle,opposite,90.4%,2326.015,2327.015,1.0,18.0
129212,Motorcycle,1,Motorcycle / 3-wheel vehicle,opposite,87.7%,2326.265,2328.064,1.8,10.0
129262,2-Axle Truck (Jumbo),6,2-Axle Truck,normal,78.6%,2328.064,2326.315,1.75,10.3
129272,Motorcycle,1,Motorcycle / 3-wheel vehicle,opposite,89.4%,2326.915,2327.765,0.85,21.2
129325,Motorcycle,1,Motorcycle / 3-wheel vehicle,normal,85.6%,2329.314,2327.814,1.5,12.0
129351,Motorcycle,1,Motorcycle / 3-wheel vehicle,normal,85.0%,2335.114,2328.865,6.25,2.9
129393,Pickup / Micro Truck,4,Pickup / micro truck / delivery,opposite,91.9%,2329.364,2330.514,1.15,15.7
129543,Motorcycle,1,Motorcycle / 3-wheel vehicle,opposite,87.4%,2331.664,2332.614,0.95,18.9
129560,Motorcycle,1,Motorcycle / 3-wheel vehicle,opposite,88.8%,2332.164,2332.914,0.75,24.0
129512,Motorcycle,1,Motorcycle / 3-wheel vehicle,opposite,75.4%,2333.664,2335.464,1.8,10.0
129681,Motorcycle,1,Motorcycle / 3-wheel vehicle,opposite,87.5%,2333.814,2334.464,0.65,27.7
129376,Public Transportation (Angkot),3,Medium passenger vehicle,normal,90.5%,2342.614,2334.164,8.449,2.1
129563,Motorcycle,1,Motorcycle / 3-wheel vehicle,opposite,89.8%,2334.364,2336.314,1.95,9.2
129670,Motorcycle,1,Motorcycle / 3-wheel vehicle,opposite,88.8%,2334.764,2336.314,1.55,11.6
129676,Motorcycle,1,Motorcycle / 3-wheel vehicle,opposite,90.2%,2335.414,2337.364,1.95,9.2
129764,Motorcycle,1,Motorcycle / 3-wheel vehicle,opposite,87.1%,2335.564,2336.664,1.1,16.4
129824,Motorcycle,1,Motorcycle / 3-wheel vehicle,opposite,88.2%,2336.614,2338.314,1.7,10.6
129836,Motorcycle,1,Motorcycle / 3-wheel vehicle,opposite,59.3%,2337.064,2338.364,1.3,13.8
129737,Car / Sedan,2,Sedan / jeep / station wagon,opposite,93.6%,2338.164,2340.364,2.2,8.2
129906,Motorcycle,1,Motorcycle / 3-wheel vehicle,opposite,86.1%,2338.314,2339.764,1.45,12.4
129972,Motorcycle,1,Motorcycle / 3-wheel vehicle,normal,69.1%,2339.114,2341.464,2.35,7.7
129991,Motorcycle,1,Motorcycle / 3-wheel vehicle,opposite,88.0%,2339.614,2340.614,1.0,18.0
129987,Motorcycle,1,Motorcycle / 3-wheel vehicle,opposite,91.1%,2340.414,2342.464,2.05,8.8
130049,Motorcycle,1,Motorcycle / 3-wheel vehicle,opposite,82.4%,2340.914,2342.264,1.35,13.3
130081,Motorcycle,1,Motorcycle / 3-wheel vehicle,opposite,87.2%,2341.314,2342.564,1.25,14.4
130038,Car / Sedan,2,Sedan / jeep / station wagon,opposite,94.0%,2342.164,2344.014,1.85,9.7
129813,Car / Sedan,2,Sedan / jeep / station wagon,normal,70.0%,2345.613,2343.314,2.3,7.8
130203,Car / Sedan,2,Sedan / jeep / station wagon,opposite,93.1%,2344.713,2346.763,2.05,8.8
130282,Motorcycle,1,Motorcycle / 3-wheel vehicle,opposite,88.4%,2345.264,2346.064,0.8,22.5
130320,Motorcycle,1,Motorcycle / 3-wheel vehicle,opposite,82.8%,2345.814,2346.613,0.8,22.5
130141,Car / Sedan,2,Sedan / jeep / station wagon,normal,74.8%,2348.063,2345.963,2.1,8.6
130359,Motorcycle,1,Motorcycle / 3-wheel vehicle,opposite,89.5%,2346.513,2347.363,0.85,21.2
130403,Motorcycle,1,Motorcycle / 3-wheel vehicle,opposite,86.5%,2347.213,2348.163,0.95,18.9
130377,Car / Sedan,2,Sedan / jeep / station wagon,opposite,92.9%,2347.713,2349.363,1.65,10.9
130469,Motorcycle,1,Motorcycle / 3-wheel vehicle,opposite,89.1%,2348.263,2349.113,0.85,21.2
130510,Motorcycle,1,Motorcycle / 3-wheel vehicle,opposite,87.3%,2349.163,2349.863,0.7,25.7
130504,Motorcycle,1,Motorcycle / 3-wheel vehicle,opposite,89.2%,2349.213,2350.063,0.85,21.2
130546,Car / Sedan,2,Sedan / jeep / station wagon,normal,90.7%,2351.013,2349.663,1.35,13.3
130548,Motorcycle,1,Motorcycle / 3-wheel vehicle,opposite,89.4%,2350.063,2350.913,0.85,21.2
130507,Car / Sedan,2,Sedan / jeep / station wagon,opposite,93.7%,2350.163,2351.713,1.55,11.6
130511,Pickup / Micro Truck,4,Pickup / micro truck / delivery,normal,91.9%,2353.813,2352.263,1.55,11.6
130654,Car / Sedan,2,Sedan / jeep / station wagon,opposite,93.8%,2352.563,2353.863,1.3,13.8
130798,Motorcycle,1,Motorcycle / 3-wheel vehicle,opposite,83.5%,2353.663,2354.613,0.95,18.9
130799,Motorcycle,1,Motorcycle / 3-wheel vehicle,opposite,89.4%,2353.863,2354.813,0.95,18.9
130684,Public Transportation (Angkot),3,Medium passenger vehicle,normal,69.0%,2355.613,2354.213,1.4,12.9
130870,Motorcycle,1,Motorcycle / 3-wheel vehicle,normal,85.8%,2355.463,2354.313,1.15,15.7
130846,Motorcycle,1,Motorcycle / 3-wheel vehicle,opposite,89.6%,2354.413,2355.413,1.0,18.0
130868,Motorcycle,1,Motorcycle / 3-wheel vehicle,opposite,89.2%,2354.813,2355.863,1.05,17.1
130947,Motorcycle,1,Motorcycle / 3-wheel vehicle,normal,64.5%,2358.263,2355.463,2.8,6.4
130999,Car / Sedan,2,Sedan / jeep / station wagon,opposite,93.8%,2356.663,2357.813,1.15,15.7
131019,Motorcycle,1,Motorcycle / 3-wheel vehicle,normal,84.1%,2360.063,2357.313,2.75,6.5
131091,Motorcycle,1,Motorcycle / 3-wheel vehicle,normal,56.5%,2361.663,2358.713,2.95,6.1
131116,Public Transportation (Angkot),3,Medium passenger vehicle,opposite,93.2%,2359.413,2361.513,2.1,8.6
131131,Motorcycle,1,Motorcycle / 3-wheel vehicle,normal,51.4%,2362.412,2359.763,2.65,6.8
131084,3-Axle Truck (Jumbo),7,3-Axle Truck,normal,64.7%,2366.812,2361.363,5.45,3.3
131251,Motorcycle,1,Motorcycle / 3-wheel vehicle,opposite,89.9%,2361.663,2363.062,1.4,12.9
131318,Motorcycle,1,Motorcycle / 3-wheel vehicle,opposite,90.5%,2361.863,2363.612,1.75,10.3
131418,Motorcycle,1,Motorcycle / 3-wheel vehicle,opposite,87.2%,2363.612,2365.162,1.55,11.6
131613,Car / Sedan,2,Sedan / jeep / station wagon,opposite,85.8%,2366.862,2368.012,1.15,15.7
131675,Public Transportation (Angkot),3,Medium passenger vehicle,opposite,92.5%,2368.112,2369.562,1.45,12.4
131707,Motorcycle,1,Motorcycle / 3-wheel vehicle,opposite,88.1%,2368.512,2369.562,1.05,17.1
131753,Pickup / Micro Truck,4,Pickup / micro truck / delivery,opposite,93.3%,2369.812,2371.262,1.45,12.4
131793,Motorcycle,1,Motorcycle / 3-wheel vehicle,opposite,87.2%,2370.012,2371.362,1.35,13.3
131822,Motorcycle,1,Motorcycle / 3-wheel vehicle,opposite,85.8%,2370.462,2372.012,1.55,11.6
131797,Motorcycle,1,Motorcycle / 3-wheel vehicle,opposite,88.6%,2370.662,2372.062,1.4,12.9
131840,Motorcycle,1,Motorcycle / 3-wheel vehicle,opposite,88.3%,2370.712,2371.812,1.1,16.4
131371,2-Axle Truck (Jumbo),6,2-Axle Truck,normal,78.0%,2375.662,2371.862,3.8,4.7
131961,Motorcycle,1,Motorcycle / 3-wheel vehicle,opposite,85.8%,2372.812,2374.212,1.4,12.9
131976,Motorcycle,1,Motorcycle / 3-wheel vehicle,opposite,83.5%,2372.962,2373.812,0.85,21.2
131935,Car / Sedan,2,Sedan / jeep / station wagon,opposite,92.5%,2373.062,2374.412,1.35,13.3
132021,Motorcycle,1,Motorcycle / 3-wheel vehicle,opposite,88.9%,2373.862,2375.262,1.4,12.9
132091,Motorcycle,1,Motorcycle / 3-wheel vehicle,opposite,88.7%,2374.812,2375.762,0.95,18.9
132093,Car / Sedan,2,Sedan / jeep / station wagon,opposite,93.6%,2375.662,2377.062,1.4,12.9
132133,Motorcycle,1,Motorcycle / 3-wheel vehicle,opposite,87.0%,2375.662,2376.612,0.95,18.9
131985,3-Axle Truck (Jumbo),7,3-Axle Truck,normal,80.4%,2379.111,2376.262,2.85,6.3
132288,Motorcycle,1,Motorcycle / 3-wheel vehicle,opposite,74.5%,2378.512,2379.412,0.9,20.0
132384,Motorcycle,1,Motorcycle / 3-wheel vehicle,normal,83.3%,2381.461,2380.012,1.45,12.4
132274,Pickup / Micro Truck,4,Pickup / micro truck / delivery,normal,80.1%,2382.411,2380.412,2.0,9.0
132472,Pickup / Micro Truck,4,Pickup / micro truck / delivery,opposite,92.5%,2382.461,2383.661,1.2,15.0
132539,Car / Sedan,2,Sedan / jeep / station wagon,opposite,93.4%,2384.261,2385.361,1.1,16.4
132438,Car / Sedan,2,Sedan / jeep / station wagon,normal,81.0%,2386.311,2384.661,1.65,10.9
132595,Motorcycle,1,Motorcycle / 3-wheel vehicle,opposite,89.1%,2385.211,2386.061,0.85,21.2
132640,Motorcycle,1,Motorcycle / 3-wheel vehicle,opposite,90.3%,2386.011,2386.861,0.85,21.2
132625,2-Axle Truck (Jumbo),6,2-Axle Truck,opposite,94.0%,2386.311,2387.461,1.15,15.7
132596,Motorcycle,1,Motorcycle / 3-wheel vehicle,normal,85.4%,2390.311,2387.011,3.3,5.5
132727,Car / Sedan,2,Sedan / jeep / station wagon,normal,91.7%,2395.611,2387.961,7.65,2.4
132832,Motorcycle,1,Motorcycle / 3-wheel vehicle,opposite,90.2%,2390.111,2390.861,0.75,24.0
132861,Motorcycle,1,Motorcycle / 3-wheel vehicle,opposite,89.9%,2390.711,2391.411,0.7,25.7
132712,Motorcycle,1,Motorcycle / 3-wheel vehicle,opposite,86.0%,2391.211,2393.111,1.9,9.5
132900,Motorcycle,1,Motorcycle / 3-wheel vehicle,opposite,90.0%,2391.511,2392.261,0.75,24.0
132915,Motorcycle,1,Motorcycle / 3-wheel vehicle,opposite,88.5%,2391.861,2392.511,0.65,27.7
132821,Motorcycle,1,Motorcycle / 3-wheel vehicle,opposite,89.6%,2391.961,2393.811,1.85,9.7
132873,Motorcycle,1,Motorcycle / 3-wheel vehicle,opposite,87.6%,2392.511,2394.261,1.75,10.3
132949,Motorcycle,1,Motorcycle / 3-wheel vehicle,opposite,86.0%,2392.661,2393.811,1.15,15.7
132971,Motorcycle,1,Motorcycle / 3-wheel vehicle,opposite,88.8%,2393.061,2394.061,1.0,18.0
132901,Motorcycle,1,Motorcycle / 3-wheel vehicle,opposite,85.9%,2393.261,2395.211,1.95,9.2
132806,Car / Sedan,2,Sedan / jeep / station wagon,normal,84.7%,2398.76,2394.111,4.65,3.9
132908,Motorcycle,1,Motorcycle / 3-wheel vehicle,opposite,89.5%,2394.211,2396.26,2.05,8.8
132990,Motorcycle,1,Motorcycle / 3-wheel vehicle,opposite,89.4%,2394.461,2396.16,1.7,10.6
133039,Motorcycle,1,Motorcycle / 3-wheel vehicle,opposite,86.0%,2394.561,2396.211,1.65,10.9
133061,Motorcycle,1,Motorcycle / 3-wheel vehicle,opposite,89.2%,2395.611,2397.11,1.5,12.0
133163,Public Transportation (Angkot),3,Medium passenger vehicle,opposite,94.0%,2397.211,2398.66,1.45,12.4
133256,Motorcycle,1,Motorcycle / 3-wheel vehicle,opposite,88.6%,2398.31,2399.01,0.7,25.7
132921,Car / Sedan,2,Sedan / jeep / station wagon,normal,89.6%,2401.01,2398.46,2.55,7.1
133311,Motorcycle,1,Motorcycle / 3-wheel vehicle,opposite,89.8%,2399.21,2399.71,0.5,36.0
133332,Motorcycle,1,Motorcycle / 3-wheel vehicle,opposite,88.0%,2399.96,2401.16,1.2,15.0
133398,Motorcycle,1,Motorcycle / 3-wheel vehicle,opposite,88.8%,2401.06,2402.21,1.15,15.7
132963,2-Axle Truck (Jumbo),6,2-Axle Truck,normal,88.0%,2403.81,2401.16,2.65,6.8
133429,Motorcycle,1,Motorcycle / 3-wheel vehicle,opposite,89.8%,2401.76,2402.61,0.85,21.2
133510,Motorcycle,1,Motorcycle / 3-wheel vehicle,opposite,89.3%,2403.11,2403.81,0.7,25.7
133548,Car / Sedan,2,Sedan / jeep / station wagon,normal,48.8%,2405.61,2403.71,1.9,9.5
133562,Motorcycle,1,Motorcycle / 3-wheel vehicle,opposite,89.2%,2404.01,2404.81,0.8,22.5
133555,Motorcycle,1,Motorcycle / 3-wheel vehicle,normal,84.0%,2407.01,2404.91,2.1,8.6
133285,Public Transportation (Angkot),3,Medium passenger vehicle,normal,92.1%,2407.91,2406.21,1.7,10.6
133638,Motorcycle,1,Motorcycle / 3-wheel vehicle,normal,85.2%,2408.76,2407.01,1.75,10.3
133744,Motorcycle,1,Motorcycle / 3-wheel vehicle,normal,85.7%,2409.66,2408.16,1.5,12.0
133440,Car / Sedan,2,Sedan / jeep / station wagon,normal,91.7%,2410.91,2409.26,1.65,10.9
133908,Motorcycle,1,Motorcycle / 3-wheel vehicle,opposite,88.8%,2410.36,2411.11,0.75,24.0
133919,Motorcycle,1,Motorcycle / 3-wheel vehicle,opposite,90.3%,2410.76,2411.51,0.75,24.0
133969,Motorcycle,1,Motorcycle / 3-wheel vehicle,normal,84.1%,2412.11,2417.809,5.7,3.2
133803,Public Transportation (Angkot),3,Medium passenger vehicle,normal,91.3%,2416.759,2412.71,4.05,4.4
134037,Car / Sedan,2,Sedan / jeep / station wagon,opposite,93.7%,2413.26,2414.209,0.95,18.9
134008,Motorcycle,1,Motorcycle / 3-wheel vehicle,opposite,91.3%,2413.41,2415.309,1.9,9.5
134093,Motorcycle,1,Motorcycle / 3-wheel vehicle,opposite,90.4%,2414.11,2414.91,0.8,22.5
134026,Motorcycle,1,Motorcycle / 3-wheel vehicle,opposite,88.4%,2414.86,2416.359,1.5,12.0
134124,Motorcycle,1,Motorcycle / 3-wheel vehicle,opposite,88.4%,2415.01,2415.859,0.85,21.2
134104,Motorcycle,1,Motorcycle / 3-wheel vehicle,opposite,89.8%,2415.509,2416.959,1.45,12.4
134153,Motorcycle,1,Motorcycle / 3-wheel vehicle,opposite,86.9%,2415.509,2417.059,1.55,11.6
134208,Motorcycle,1,Motorcycle / 3-wheel vehicle,normal,86.0%,2420.259,2416.509,3.75,4.8
134276,Car / Sedan,2,Sedan / jeep / station wagon,opposite,91.8%,2418.009,2419.409,1.4,12.9
134144,Motorcycle,1,Motorcycle / 3-wheel vehicle,opposite,57.2%,2418.109,2419.909,1.8,10.0
134297,Motorcycle,1,Motorcycle / 3-wheel vehicle,opposite,87.3%,2418.909,2420.409,1.5,12.0
134362,Motorcycle,1,Motorcycle / 3-wheel vehicle,opposite,90.8%,2419.159,2421.159,2.0,9.0
134213,Motorcycle,1,Motorcycle / 3-wheel vehicle,opposite,65.6%,2419.309,2420.509,1.2,15.0
134335,Motorcycle,1,Motorcycle / 3-wheel vehicle,opposite,90.1%,2419.509,2421.709,2.2,8.2
134174,Motorcycle,1,Motorcycle / 3-wheel vehicle,normal,40.3%,2421.909,2419.509,2.4,7.5
134185,Public Transportation (Angkot),3,Medium passenger vehicle,normal,92.5%,2425.009,2421.559,3.45,5.2
134470,Motorcycle,1,Motorcycle / 3-wheel vehicle,normal,78.5%,2424.209,2422.459,1.75,10.3
134516,Car / Sedan,2,Sedan / jeep / station wagon,opposite,93.6%,2422.959,2424.059,1.1,16.4
134550,Car / Sedan,2,Sedan / jeep / station wagon,normal,53.1%,2426.959,2424.159,2.8,6.4
134621,Motorcycle,1,Motorcycle / 3-wheel vehicle,normal,84.0%,2425.859,2424.309,1.55,11.6
134549,Motorcycle,1,Motorcycle / 3-wheel vehicle,normal,83.0%,2426.659,2425.159,1.5,12.0
134675,Motorcycle,1,Motorcycle / 3-wheel vehicle,normal,84.3%,2427.709,2426.459,1.25,14.4
134689,Motorcycle,1,Motorcycle / 3-wheel vehicle,normal,62.9%,2428.659,2427.009,1.65,10.9
134696,Motorcycle,1,Motorcycle / 3-wheel vehicle,normal,83.4%,2428.309,2427.059,1.25,14.4
134702,Motorcycle,1,Motorcycle / 3-wheel vehicle,normal,84.1%,2429.109,2427.959,1.15,15.7
134820,Car / Sedan,2,Sedan / jeep / station wagon,opposite,86.0%,2429.059,2430.009,0.95,18.9
134804,Motorcycle,1,Motorcycle / 3-wheel vehicle,normal,75.6%,2430.059,2429.159,0.9,20.0
134924,Motorcycle,1,Motorcycle / 3-wheel vehicle,normal,87.0%,2431.659,2430.508,1.15,15.7
134944,Car / Sedan,2,Sedan / jeep / station wagon,opposite,91.7%,2431.059,2431.909,0.85,21.2
134923,Motorcycle,1,Motorcycle / 3-wheel vehicle,normal,83.8%,2433.258,2432.159,1.1,16.4
134928,Motorcycle,1,Motorcycle / 3-wheel vehicle,normal,85.6%,2433.708,2432.658,1.05,17.1
135057,Motorcycle,1,Motorcycle / 3-wheel vehicle,normal,74.2%,2434.108,2433.008,1.1,16.4
135053,Motorcycle,1,Motorcycle / 3-wheel vehicle,normal,87.6%,2435.208,2434.208,1.0,18.0
135092,Motorcycle,1,Motorcycle / 3-wheel vehicle,normal,85.9%,2436.308,2435.158,1.15,15.7
135164,Motorcycle,1,Motorcycle / 3-wheel vehicle,normal,85.1%,2437.008,2436.208,0.8,22.5
135101,Motorcycle,1,Motorcycle / 3-wheel vehicle,opposite,91.3%,2438.058,2439.958,1.9,9.5
135243,Motorcycle,1,Motorcycle / 3-wheel vehicle,opposite,89.4%,2438.208,2438.858,0.65,27.7
135129,Public Transportation (Angkot),3,Medium passenger vehicle,normal,91.3%,2440.058,2438.358,1.7,10.6
135176,Motorcycle,1,Motorcycle / 3-wheel vehicle,normal,86.3%,2440.508,2438.958,1.55,11.6
135146,Motorcycle,1,Motorcycle / 3-wheel vehicle,opposite,91.0%,2439.508,2441.258,1.75,10.3
135194,Motorcycle,1,Motorcycle / 3-wheel vehicle,normal,46.8%,2441.008,2439.608,1.4,12.9
135356,Motorcycle,1,Motorcycle / 3-wheel vehicle,normal,61.0%,2443.108,2440.708,2.4,7.5
135339,Motorcycle,1,Motorcycle / 3-wheel vehicle,normal,86.2%,2442.308,2441.558,0.75,24.0
135308,Motorcycle,1,Motorcycle / 3-wheel vehicle,normal,50.7%,2444.258,2441.858,2.4,7.5
135410,Motorcycle,1,Motorcycle / 3-wheel vehicle,normal,86.7%,2445.208,2442.858,2.35,7.7
135486,Motorcycle,1,Motorcycle / 3-wheel vehicle,normal,86.5%,2446.608,2444.558,2.05,8.8
135546,Car / Sedan,2,Sedan / jeep / station wagon,opposite,93.7%,2445.158,2446.108,0.95,18.9
135513,Car / Sedan,2,Sedan / jeep / station wagon,normal,48.0%,2448.157,2445.758,2.4,7.5
135623,Motorcycle,1,Motorcycle / 3-wheel vehicle,opposite,88.5%,2446.058,2446.908,0.85,21.2
135635,Motorcycle,1,Motorcycle / 3-wheel vehicle,opposite,90.1%,2446.408,2447.208,0.8,22.5
135544,Car / Sedan,2,Sedan / jeep / station wagon,normal,88.7%,2450.607,2447.408,3.2,5.6
135578,Car / Sedan,2,Sedan / jeep / station wagon,normal,91.8%,2448.907,2447.907,1.0,18.0
135744,Car / Sedan,2,Sedan / jeep / station wagon,normal,90.9%,2450.107,2449.057,1.05,17.1
135805,Motorcycle,1,Motorcycle / 3-wheel vehicle,normal,79.6%,2452.457,2450.007,2.45,7.3
135858,Motorcycle,1,Motorcycle / 3-wheel vehicle,normal,82.3%,2452.257,2450.407,1.85,9.7
135837,Motorcycle,1,Motorcycle / 3-wheel vehicle,normal,84.9%,2453.057,2451.007,2.05,8.8
135881,Motorcycle,1,Motorcycle / 3-wheel vehicle,normal,87.2%,2452.507,2451.357,1.15,15.7
135853,Motorcycle,1,Motorcycle / 3-wheel vehicle,normal,83.7%,2452.857,2451.957,0.9,20.0
135716,Car / Sedan,2,Sedan / jeep / station wagon,normal,91.3%,2456.807,2452.657,4.15,4.3
135917,Motorcycle,1,Motorcycle / 3-wheel vehicle,normal,84.1%,2454.007,2453.007,1.0,18.0
135931,Motorcycle,1,Motorcycle / 3-wheel vehicle,normal,86.4%,2454.357,2453.457,0.9,20.0
136009,Motorcycle,1,Motorcycle / 3-wheel vehicle,normal,85.6%,2455.257,2454.607,0.65,27.7
136027,Motorcycle,1,Motorcycle / 3-wheel vehicle,normal,85.7%,2457.207,2455.007,2.2,8.2
136068,Motorcycle,1,Motorcycle / 3-wheel vehicle,normal,85.0%,2459.507,2456.307,3.2,5.6
136101,Motorcycle,1,Motorcycle / 3-wheel vehicle,normal,86.3%,2461.007,2456.957,4.05,4.4
136155,Public Transportation (Angkot),3,Medium passenger vehicle,opposite,93.3%,2458.307,2459.507,1.2,15.0
136089,Motorcycle,1,Motorcycle / 3-wheel vehicle,normal,83.7%,2462.557,2458.457,4.1,4.4
136268,Car / Sedan,2,Sedan / jeep / station wagon,opposite,74.6%,2460.807,2461.907,1.1,16.4
136142,Motorcycle,1,Motorcycle / 3-wheel vehicle,opposite,90.4%,2461.507,2462.957,1.45,12.4
136334,Motorcycle,1,Motorcycle / 3-wheel vehicle,opposite,58.9%,2461.507,2463.357,1.85,9.7
136305,Motorcycle,1,Motorcycle / 3-wheel vehicle,normal,85.5%,2463.607,2461.957,1.65,10.9
136242,Car / Sedan,2,Sedan / jeep / station wagon,normal,86.0%,2466.157,2463.657,2.5,7.2
136391,Motorcycle,1,Motorcycle / 3-wheel vehicle,normal,52.4%,2464.757,2463.657,1.1,16.4
136291,Car / Sedan,2,Sedan / jeep / station wagon,normal,91.4%,2466.506,2465.006,1.5,12.0
136533,Motorcycle,1,Motorcycle / 3-wheel vehicle,normal,87.8%,2467.456,2466.256,1.2,15.0
136591,Motorcycle,1,Motorcycle / 3-wheel vehicle,opposite,89.8%,2466.356,2467.206,0.85,21.2
136516,Car / Sedan,2,Sedan / jeep / station wagon,normal,90.5%,2468.756,2467.106,1.65,10.9
136554,Car / Sedan,2,Sedan / jeep / station wagon,normal,90.3%,2471.706,2468.856,2.85,6.3
136703,Car / Sedan,2,Sedan / jeep / station wagon,opposite,93.2%,2469.006,2470.006,1.0,18.0
136560,2-Axle Truck (Jumbo),6,2-Axle Truck,normal,92.9%,2474.606,2471.256,3.35,5.4
136848,Motorcycle,1,Motorcycle / 3-wheel vehicle,normal,85.6%,2472.856,2471.906,0.95,18.9
136828,Motorcycle,1,Motorcycle / 3-wheel vehicle,normal,73.8%,2473.556,2472.256,1.3,13.8
136869,Motorcycle,1,Motorcycle / 3-wheel vehicle,normal,86.3%,2473.906,2472.806,1.1,16.4
136955,Motorcycle,1,Motorcycle / 3-wheel vehicle,opposite,89.1%,2473.606,2474.656,1.05,17.1
136925,Motorcycle,1,Motorcycle / 3-wheel vehicle,normal,85.6%,2475.106,2474.006,1.1,16.4
136914,Motorcycle,1,Motorcycle / 3-wheel vehicle,normal,86.5%,2475.556,2474.406,1.15,15.7
136961,Car / Sedan,2,Sedan / jeep / station wagon,normal,90.6%,2481.456,2477.406,4.05,4.4
137084,Motorcycle,1,Motorcycle / 3-wheel vehicle,normal,84.7%,2479.656,2477.656,2.0,9.0
137174,Motorcycle,1,Motorcycle / 3-wheel vehicle,normal,80.7%,2483.155,2479.356,3.8,4.7
137035,Motorcycle,1,Motorcycle / 3-wheel vehicle,opposite,84.7%,2479.456,2481.206,1.75,10.3
137272,Motorcycle,1,Motorcycle / 3-wheel vehicle,opposite,73.2%,2480.206,2481.606,1.4,12.9
137274,Motorcycle,1,Motorcycle / 3-wheel vehicle,opposite,89.2%,2480.756,2482.356,1.6,11.3
137183,Motorcycle,1,Motorcycle / 3-wheel vehicle,opposite,90.3%,2480.856,2482.606,1.75,10.3
137241,Pickup / Micro Truck,4,Pickup / micro truck / delivery,normal,91.6%,2483.456,2482.206,1.25,14.4
137360,Motorcycle,1,Motorcycle / 3-wheel vehicle,opposite,86.6%,2482.905,2483.755,0.85,21.2
137381,Motorcycle,1,Motorcycle / 3-wheel vehicle,normal,45.7%,2484.205,2483.206,1.0,18.0
137390,Motorcycle,1,Motorcycle / 3-wheel vehicle,opposite,89.3%,2483.356,2484.305,0.95,18.9
137364,Car / Sedan,2,Sedan / jeep / station wagon,normal,91.7%,2485.205,2483.955,1.25,14.4
137460,Motorcycle,1,Motorcycle / 3-wheel vehicle,normal,85.4%,2486.005,2484.855,1.15,15.7
137434,Motorcycle,1,Motorcycle / 3-wheel vehicle,normal,85.1%,2486.455,2485.355,1.1,16.4
137418,Motorcycle,1,Motorcycle / 3-wheel vehicle,normal,85.0%,2486.905,2485.755,1.15,15.7
137498,Motorcycle,1,Motorcycle / 3-wheel vehicle,opposite,90.8%,2485.805,2486.555,0.75,24.0
137527,Motorcycle,1,Motorcycle / 3-wheel vehicle,opposite,89.8%,2486.355,2487.005,0.65,27.7
137574,Motorcycle,1,Motorcycle / 3-wheel vehicle,opposite,89.8%,2487.055,2487.655,0.6,30.0
137500,Motorcycle,1,Motorcycle / 3-wheel vehicle,normal,78.7%,2488.255,2487.205,1.05,17.1
137504,Motorcycle,1,Motorcycle / 3-wheel vehicle,normal,83.6%,2488.305,2487.405,0.9,20.0
137621,Motorcycle,1,Motorcycle / 3-wheel vehicle,normal,76.5%,2488.705,2487.805,0.9,20.0
137601,Motorcycle,1,Motorcycle / 3-wheel vehicle,normal,87.2%,2489.005,2488.205,0.8,22.5
137637,Motorcycle,1,Motorcycle / 3-wheel vehicle,opposite,88.9%,2488.455,2489.205,0.75,24.0
137617,Motorcycle,1,Motorcycle / 3-wheel vehicle,normal,85.5%,2490.255,2489.255,1.0,18.0
137701,Motorcycle,1,Motorcycle / 3-wheel vehicle,opposite,92.2%,2490.005,2490.705,0.7,25.7
137702,Motorcycle,1,Motorcycle / 3-wheel vehicle,opposite,90.0%,2490.005,2490.905,0.9,20.0
137636,Public Transportation (Angkot),3,Medium passenger vehicle,normal,92.3%,2492.405,2490.955,1.45,12.4
137767,Motorcycle,1,Motorcycle / 3-wheel vehicle,normal,82.4%,2493.855,2491.805,2.05,8.8
137708,Car / Sedan,2,Sedan / jeep / station wagon,normal,91.6%,2493.155,2492.205,0.95,18.9
137792,Motorcycle,1,Motorcycle / 3-wheel vehicle,opposite,91.4%,2492.255,2492.905,0.65,27.7
137798,Motorcycle,1,Motorcycle / 3-wheel vehicle,opposite,88.7%,2492.655,2493.355,0.7,25.7
137803,Motorcycle,1,Motorcycle / 3-wheel vehicle,opposite,88.5%,2492.655,2493.305,0.65,27.7
137781,Motorcycle,1,Motorcycle / 3-wheel vehicle,normal,76.5%,2493.855,2493.105,0.75,24.0
137821,Motorcycle,1,Motorcycle / 3-wheel vehicle,opposite,89.6%,2493.255,2493.855,0.6,30.0
137837,Motorcycle,1,Motorcycle / 3-wheel vehicle,normal,84.4%,2495.505,2494.255,1.25,14.4
137866,Motorcycle,1,Motorcycle / 3-wheel vehicle,opposite,89.3%,2494.605,2495.205,0.6,30.0
137832,Motorcycle,1,Motorcycle / 3-wheel vehicle,normal,85.0%,2496.205,2495.005,1.2,15.0
137884,Motorcycle,1,Motorcycle / 3-wheel vehicle,opposite,88.5%,2495.105,2495.805,0.7,25.7
137908,Motorcycle,1,Motorcycle / 3-wheel vehicle,normal,85.5%,2496.455,2495.805,0.65,27.7
137921,Motorcycle,1,Motorcycle / 3-wheel vehicle,opposite,89.2%,2496.005,2496.605,0.6,30.0
137950,Motorcycle,1,Motorcycle / 3-wheel vehicle,normal,42.5%,2498.205,2496.355,1.85,9.7
137953,Motorcycle,1,Motorcycle / 3-wheel vehicle,opposite,90.4%,2496.705,2497.405,0.7,25.7
137885,Motorcycle,1,Motorcycle / 3-wheel vehicle,normal,85.4%,2497.705,2496.705,1.0,18.0
137991,Motorcycle,1,Motorcycle / 3-wheel vehicle,opposite,89.6%,2497.405,2498.055,0.65,27.7
137992,Motorcycle,1,Motorcycle / 3-wheel vehicle,opposite,89.9%,2497.505,2498.105,0.6,30.0
137904,Car / Sedan,2,Sedan / jeep / station wagon,normal,89.7%,2498.605,2497.605,1.0,18.0
138007,Motorcycle,1,Motorcycle / 3-wheel vehicle,opposite,89.3%,2497.805,2498.355,0.55,32.7
138035,Motorcycle,1,Motorcycle / 3-wheel vehicle,normal,84.8%,2499.155,2498.305,0.85,21.2
138040,Motorcycle,1,Motorcycle / 3-wheel vehicle,opposite,85.4%,2498.555,2499.454,0.9,20.0
138050,Motorcycle,1,Motorcycle / 3-wheel vehicle,opposite,87.4%,2498.755,2499.505,0.75,24.0
138090,Motorcycle,1,Motorcycle / 3-wheel vehicle,opposite,91.0%,2499.405,2500.204,0.8,22.5
138083,Motorcycle,1,Motorcycle / 3-wheel vehicle,normal,76.1%,2500.354,2499.454,0.9,20.0
138003,Motorcycle,1,Motorcycle / 3-wheel vehicle,opposite,90.1%,2499.655,2500.405,0.75,24.0
138122,Motorcycle,1,Motorcycle / 3-wheel vehicle,opposite,86.5%,2500.104,2500.704,0.6,30.0
138138,Motorcycle,1,Motorcycle / 3-wheel vehicle,opposite,85.5%,2500.555,2501.354,0.8,22.5
138167,Motorcycle,1,Motorcycle / 3-wheel vehicle,normal,76.2%,2505.204,2501.004,4.2,4.3
138197,Motorcycle,1,Motorcycle / 3-wheel vehicle,opposite,89.5%,2501.604,2502.304,0.7,25.7
138210,Motorcycle,1,Motorcycle / 3-wheel vehicle,opposite,80.7%,2501.604,2502.354,0.75,24.0
138244,Motorcycle,1,Motorcycle / 3-wheel vehicle,opposite,89.9%,2502.304,2503.004,0.7,25.7
138256,Motorcycle,1,Motorcycle / 3-wheel vehicle,opposite,84.8%,2502.554,2503.304,0.75,24.0
138261,Motorcycle,1,Motorcycle / 3-wheel vehicle,opposite,89.3%,2502.754,2503.504,0.75,24.0
138292,Motorcycle,1,Motorcycle / 3-wheel vehicle,opposite,89.9%,2503.454,2504.104,0.65,27.7
138319,Motorcycle,1,Motorcycle / 3-wheel vehicle,opposite,88.8%,2503.854,2504.654,0.8,22.5
138336,Motorcycle,1,Motorcycle / 3-wheel vehicle,opposite,89.6%,2504.254,2505.054,0.8,22.5
138059,Motorcycle,1,Motorcycle / 3-wheel vehicle,opposite,76.8%,2504.754,2506.454,1.7,10.6
138334,Motorcycle,1,Motorcycle / 3-wheel vehicle,normal,73.5%,2506.154,2504.904,1.25,14.4
138383,Motorcycle,1,Motorcycle / 3-wheel vehicle,opposite,89.3%,2505.004,2505.804,0.8,22.5
138137,Motorcycle,1,Motorcycle / 3-wheel vehicle,opposite,89.1%,2505.404,2507.254,1.85,9.7
138403,Motorcycle,1,Motorcycle / 3-wheel vehicle,opposite,88.6%,2505.454,2506.204,0.75,24.0
138402,Motorcycle,1,Motorcycle / 3-wheel vehicle,opposite,88.7%,2505.504,2506.404,0.9,20.0
138444,Motorcycle,1,Motorcycle / 3-wheel vehicle,opposite,88.6%,2506.304,2507.104,0.8,22.5
138394,Motorcycle,1,Motorcycle / 3-wheel vehicle,normal,58.1%,2507.854,2506.404,1.45,12.4
138476,Motorcycle,1,Motorcycle / 3-wheel vehicle,opposite,89.3%,2506.954,2507.804,0.85,21.2
138482,Motorcycle,1,Motorcycle / 3-wheel vehicle,opposite,86.9%,2507.204,2508.004,0.8,22.5
138512,Motorcycle,1,Motorcycle / 3-wheel vehicle,opposite,89.3%,2507.854,2508.754,0.9,20.0
138528,Motorcycle,1,Motorcycle / 3-wheel vehicle,normal,44.7%,2510.054,2508.104,1.95,9.2
138541,Motorcycle,1,Motorcycle / 3-wheel vehicle,opposite,90.3%,2508.504,2509.304,0.8,22.5
138585,Motorcycle,1,Motorcycle / 3-wheel vehicle,opposite,84.5%,2509.604,2510.604,1.0,18.0
138628,Motorcycle,1,Motorcycle / 3-wheel vehicle,opposite,89.5%,2510.854,2511.754,0.9,20.0
138603,Pickup / Micro Truck,4,Pickup / micro truck / delivery,normal,78.6%,2512.704,2511.504,1.2,15.0
138672,Motorcycle,1,Motorcycle / 3-wheel vehicle,opposite,90.5%,2512.204,2512.854,0.65,27.7
138669,Motorcycle,1,Motorcycle / 3-wheel vehicle,normal,75.6%,2513.604,2512.454,1.15,15.7
138690,Motorcycle,1,Motorcycle / 3-wheel vehicle,normal,86.0%,2514.054,2512.954,1.1,16.4
138643,Motorcycle,1,Motorcycle / 3-wheel vehicle,normal,83.6%,2514.804,2513.604,1.2,15.0
138718,Motorcycle,1,Motorcycle / 3-wheel vehicle,opposite,88.9%,2513.854,2514.504,0.65,27.7
138748,Motorcycle,1,Motorcycle / 3-wheel vehicle,opposite,90.2%,2514.854,2515.704,0.85,21.2
138703,Car / Sedan,2,Sedan / jeep / station wagon,normal,91.0%,2516.854,2515.704,1.15,15.7
138784,Motorcycle,1,Motorcycle / 3-wheel vehicle,opposite,89.7%,2516.154,2516.753,0.6,30.0
138793,Motorcycle,1,Motorcycle / 3-wheel vehicle,opposite,82.0%,2517.104,2518.003,0.9,20.0
138847,Car / Sedan,2,Sedan / jeep / station wagon,opposite,86.4%,2518.653,2519.453,0.8,22.5
138902,Motorcycle,1,Motorcycle / 3-wheel vehicle,opposite,90.0%,2520.303,2521.253,0.95,18.9
138810,Car / Sedan,2,Sedan / jeep / station wagon,normal,88.6%,2523.103,2520.303,2.8,6.4
138872,Pickup / Micro Truck,4,Pickup / micro truck / delivery,normal,77.0%,2522.253,2521.203,1.05,17.1
138983,Motorcycle,1,Motorcycle / 3-wheel vehicle,opposite,83.9%,2522.303,2523.753,1.45,12.4
138967,Pickup / Micro Truck,4,Pickup / micro truck / delivery,normal,90.2%,2524.603,2523.503,1.1,16.4
139051,Motorcycle,1,Motorcycle / 3-wheel vehicle,normal,85.0%,2525.653,2524.553,1.1,16.4
139063,Motorcycle,1,Motorcycle / 3-wheel vehicle,opposite,89.8%,2524.703,2525.603,0.9,20.0
139054,Motorcycle,1,Motorcycle / 3-wheel vehicle,normal,76.4%,2526.203,2525.303,0.9,20.0
139206,Motorcycle,1,Motorcycle / 3-wheel vehicle,opposite,87.7%,2528.003,2528.853,0.85,21.2
139216,Motorcycle,1,Motorcycle / 3-wheel vehicle,opposite,89.4%,2528.553,2529.453,0.9,20.0
139226,Motorcycle,1,Motorcycle / 3-wheel vehicle,opposite,89.8%,2529.253,2530.103,0.85,21.2
139200,2-Axle Truck (Jumbo),6,2-Axle Truck,normal,85.0%,2534.102,2530.303,3.8,4.7
139207,Motorcycle,1,Motorcycle / 3-wheel vehicle,opposite,91.5%,2530.403,2531.803,1.4,12.9
139261,Motorcycle,1,Motorcycle / 3-wheel vehicle,opposite,88.7%,2530.853,2531.753,0.9,20.0
139266,Motorcycle,1,Motorcycle / 3-wheel vehicle,opposite,83.8%,2530.853,2531.703,0.85,21.2
139287,Motorcycle,1,Motorcycle / 3-wheel vehicle,opposite,88.7%,2531.703,2532.603,0.9,20.0
139270,Motorcycle,1,Motorcycle / 3-wheel vehicle,normal,83.9%,2536.302,2532.153,4.15,4.3
139291,Car / Sedan,2,Sedan / jeep / station wagon,opposite,93.1%,2532.403,2533.553,1.15,15.7
139323,Motorcycle,1,Motorcycle / 3-wheel vehicle,opposite,90.1%,2532.953,2533.952,1.0,18.0
139345,Motorcycle,1,Motorcycle / 3-wheel vehicle,opposite,86.4%,2533.852,2534.702,0.85,21.2
139351,Motorcycle,1,Motorcycle / 3-wheel vehicle,opposite,62.3%,2533.852,2535.253,1.4,12.9
139362,Motorcycle,1,Motorcycle / 3-wheel vehicle,opposite,85.7%,2534.602,2535.952,1.35,13.3
139385,Car / Sedan,2,Sedan / jeep / station wagon,opposite,93.4%,2535.902,2537.452,1.55,11.6
139277,Car / Sedan,2,Sedan / jeep / station wagon,normal,53.2%,2538.602,2536.302,2.3,7.8
139460,Car / Sedan,2,Sedan / jeep / station wagon,opposite,93.5%,2538.052,2539.302,1.25,14.4
139490,Pickup / Micro Truck,4,Pickup / micro truck / delivery,normal,54.0%,2540.952,2539.002,1.95,9.2
139394,Car / Sedan,2,Sedan / jeep / station wagon,normal,91.5%,2541.502,2539.552,1.95,9.2
139519,Car / Sedan,2,Sedan / jeep / station wagon,opposite,93.0%,2540.602,2541.602,1.0,18.0
139544,Motorcycle,1,Motorcycle / 3-wheel vehicle,normal,76.3%,2543.002,2541.352,1.65,10.9
139405,2-Axle Truck (Jumbo),6,2-Axle Truck,normal,93.1%,2543.852,2542.102,1.75,10.3
139584,Motorcycle,1,Motorcycle / 3-wheel vehicle,opposite,88.3%,2542.552,2543.452,0.9,20.0
139633,Car / Sedan,2,Sedan / jeep / station wagon,opposite,93.6%,2544.902,2545.652,0.75,24.0
139537,Car / Sedan,2,Sedan / jeep / station wagon,normal,45.1%,2547.252,2545.302,1.95,9.2
139661,Motorcycle,1,Motorcycle / 3-wheel vehicle,opposite,88.7%,2545.952,2546.702,0.75,24.0
139674,Motorcycle,1,Motorcycle / 3-wheel vehicle,opposite,87.7%,2546.402,2547.452,1.05,17.1
139682,Motorcycle,1,Motorcycle / 3-wheel vehicle,opposite,87.6%,2546.802,2547.652,0.85,21.2
139705,Motorcycle,1,Motorcycle / 3-wheel vehicle,opposite,87.2%,2547.602,2548.802,1.2,15.0
139711,Motorcycle,1,Motorcycle / 3-wheel vehicle,opposite,89.4%,2547.802,2548.702,0.9,20.0
139712,Motorcycle,1,Motorcycle / 3-wheel vehicle,opposite,89.1%,2547.902,2548.652,0.75,24.0
139713,Motorcycle,1,Motorcycle / 3-wheel vehicle,normal,82.7%,2550.901,2549.152,1.75,10.3
139738,Car / Sedan,2,Sedan / jeep / station wagon,normal,46.1%,2552.801,2549.902,2.9,6.2
139769,Car / Sedan,2,Sedan / jeep / station wagon,opposite,92.8%,2551.501,2552.452,0.95,18.9
139773,Motorcycle,1,Motorcycle / 3-wheel vehicle,opposite,87.4%,2551.501,2552.452,0.95,18.9
139771,Motorcycle,1,Motorcycle / 3-wheel vehicle,normal,70.2%,2554.751,2552.302,2.45,7.3
139805,Motorcycle,1,Motorcycle / 3-wheel vehicle,opposite,88.9%,2552.751,2553.751,1.0,18.0
139756,Motorcycle,1,Motorcycle / 3-wheel vehicle,normal,84.7%,2555.501,2552.851,2.65,6.8
139830,Pickup / Micro Truck,4,Pickup / micro truck / delivery,opposite,93.1%,2553.701,2554.651,0.95,18.9
139832,Motorcycle,1,Motorcycle / 3-wheel vehicle,opposite,88.1%,2554.501,2555.751,1.25,14.4
139795,Car / Sedan,2,Sedan / jeep / station wagon,normal,88.3%,2557.951,2555.001,2.95,6.1
139852,Motorcycle,1,Motorcycle / 3-wheel vehicle,opposite,87.1%,2555.201,2555.901,0.7,25.7
139867,Car / Sedan,2,Sedan / jeep / station wagon,opposite,94.1%,2556.401,2557.351,0.95,18.9
139905,Motorcycle,1,Motorcycle / 3-wheel vehicle,opposite,87.1%,2557.201,2557.951,0.75,24.0
139900,2-Axle Truck (Jumbo),6,2-Axle Truck,opposite,93.0%,2557.651,2558.601,0.95,18.9
139945,Motorcycle,1,Motorcycle / 3-wheel vehicle,opposite,89.8%,2559.001,2559.801,0.8,22.5
139953,Motorcycle,1,Motorcycle / 3-wheel vehicle,opposite,88.2%,2559.301,2560.051,0.75,24.0
139943,Car / Sedan,2,Sedan / jeep / station wagon,opposite,93.5%,2559.451,2560.401,0.95,18.9
139948,Motorcycle,1,Motorcycle / 3-wheel vehicle,normal,75.8%,2561.001,2559.751,1.25,14.4
139976,Motorcycle,1,Motorcycle / 3-wheel vehicle,opposite,83.6%,2560.751,2561.651,0.9,20.0
139980,Car / Sedan,2,Sedan / jeep / station wagon,opposite,86.8%,2560.751,2561.701,0.95,18.9
139971,Motorcycle,1,Motorcycle / 3-wheel vehicle,opposite,88.8%,2560.851,2561.651,0.8,22.5
139969,Motorcycle,1,Motorcycle / 3-wheel vehicle,normal,67.9%,2562.801,2561.301,1.5,12.0
140005,Motorcycle,1,Motorcycle / 3-wheel vehicle,normal,66.2%,2564.151,2561.851,2.3,7.8
140019,Motorcycle,1,Motorcycle / 3-wheel vehicle,opposite,87.9%,2562.751,2563.501,0.75,24.0
140021,Motorcycle,1,Motorcycle / 3-wheel vehicle,normal,71.5%,2565.751,2563.451,2.3,7.8
140023,Car / Sedan,2,Sedan / jeep / station wagon,opposite,93.7%,2563.501,2564.501,1.0,18.0
140055,Motorcycle,1,Motorcycle / 3-wheel vehicle,opposite,87.8%,2564.351,2565.101,0.75,24.0
140028,Motorcycle,1,Motorcycle / 3-wheel vehicle,normal,84.1%,2567.351,2564.451,2.9,6.2
140051,Motorcycle,1,Motorcycle / 3-wheel vehicle,opposite,89.2%,2564.551,2565.451,0.9,20.0
140056,Motorcycle,1,Motorcycle / 3-wheel vehicle,opposite,89.6%,2564.651,2565.451,0.8,22.5
140037,Motorcycle,1,Motorcycle / 3-wheel vehicle,normal,82.0%,2565.501,2564.851,0.65,27.7
140113,Motorcycle,1,Motorcycle / 3-wheel vehicle,opposite,88.5%,2568.351,2569.251,0.9,20.0
140124,Motorcycle,1,Motorcycle / 3-wheel vehicle,opposite,89.7%,2569.351,2570.1,0.75,24.0
140142,Pickup / Micro Truck,4,Pickup / micro truck / delivery,opposite,93.5%,2570.4,2571.3,0.9,20.0
140134,Car / Sedan,2,Sedan / jeep / station wagon,opposite,93.4%,2573.05,2574.45,1.4,12.9
140203,Motorcycle,1,Motorcycle / 3-wheel vehicle,normal,89.1%,2573.5,2577.0,3.5,5.1
140210,Motorcycle,1,Motorcycle / 3-wheel vehicle,opposite,88.1%,2574.25,2575.4,1.15,15.7
140214,Motorcycle,1,Motorcycle / 3-wheel vehicle,opposite,89.7%,2574.65,2575.7,1.05,17.1
140226,Motorcycle,1,Motorcycle / 3-wheel vehicle,opposite,91.5%,2574.95,2576.95,2.0,9.0
140224,Motorcycle,1,Motorcycle / 3-wheel vehicle,opposite,89.2%,2575.05,2576.25,1.2,15.0
140234,Motorcycle,1,Motorcycle / 3-wheel vehicle,opposite,88.3%,2575.45,2576.45,1.0,18.0
140248,Motorcycle,1,Motorcycle / 3-wheel vehicle,opposite,89.0%,2576.1,2577.4,1.3,13.8
